case_id,case_group,field_name,expected_value,design_value,runtime_value,expected_design_exact_type,expected_runtime_exact_type,design_runtime_exact_type,three_way_parity_verified
TYPE_RESULT_WRONG,type,schema_version,"""covapie_bulk_download_stage_orchestration_action_permission_bridge_decision_v1""","""covapie_bulk_download_stage_orchestration_action_permission_bridge_decision_v1""","""covapie_bulk_download_stage_orchestration_action_permission_bridge_decision_v1""",true,true,true,true
TYPE_RESULT_WRONG,type,outcome,"""invalid""","""invalid""","""invalid""",true,true,true,true
TYPE_RESULT_WRONG,type,passed,false,false,false,true,true,true,true
TYPE_RESULT_WRONG,type,blocks_transition,true,true,true,true,true,true,true
TYPE_RESULT_WRONG,type,reason,"""ACTION_PERMISSION_BRIDGE_RESULT_TYPE_INVALID""","""ACTION_PERMISSION_BRIDGE_RESULT_TYPE_INVALID""","""ACTION_PERMISSION_BRIDGE_RESULT_TYPE_INVALID""",true,true,true,true
TYPE_RESULT_WRONG,type,source_scope_id,"""""","""""","""""",true,true,true,true
TYPE_RESULT_WRONG,type,candidate_count,0,0,0,true,true,true,true
TYPE_RESULT_WRONG,type,admit_014_outcome,"""""","""""","""""",true,true,true,true
TYPE_RESULT_WRONG,type,candidate_combined_outcomes,[],[],[],true,true,true,true
TYPE_RESULT_WRONG,type,call_site_decision_outcome,"""""","""""","""""",true,true,true,true
TYPE_RESULT_WRONG,type,call_site_decision_reason,"""""","""""","""""",true,true,true,true
TYPE_RESULT_WRONG,type,invalid_candidate_indexes,[],[],[],true,true,true,true
TYPE_RESULT_WRONG,type,blocked_candidate_indexes,[],[],[],true,true,true,true
TYPE_RESULT_WRONG,type,failing_candidate_indexes,[],[],[],true,true,true,true
TYPE_RESULT_WRONG,type,source_lineage_verified,false,false,false,true,true,true,true
TYPE_RESULT_WRONG,type,transition_eligible,false,false,false,true,true,true,true
TYPE_RESULT_WRONG,type,action_permission_granted,false,false,false,true,true,true,true
TYPE_RESULT_WRONG,type,download_action_invoked,false,false,false,true,true,true,true
TYPE_RESULT_WRONG,type,bridge_io_used,false,false,false,true,true,true,true
TYPE_RESULT_SUBCLASS,type,schema_version,"""covapie_bulk_download_stage_orchestration_action_permission_bridge_decision_v1""","""covapie_bulk_download_stage_orchestration_action_permission_bridge_decision_v1""","""covapie_bulk_download_stage_orchestration_action_permission_bridge_decision_v1""",true,true,true,true
TYPE_RESULT_SUBCLASS,type,outcome,"""invalid""","""invalid""","""invalid""",true,true,true,true
TYPE_RESULT_SUBCLASS,type,passed,false,false,false,true,true,true,true
TYPE_RESULT_SUBCLASS,type,blocks_transition,true,true,true,true,true,true,true
TYPE_RESULT_SUBCLASS,type,reason,"""ACTION_PERMISSION_BRIDGE_RESULT_TYPE_INVALID""","""ACTION_PERMISSION_BRIDGE_RESULT_TYPE_INVALID""","""ACTION_PERMISSION_BRIDGE_RESULT_TYPE_INVALID""",true,true,true,true
TYPE_RESULT_SUBCLASS,type,source_scope_id,"""""","""""","""""",true,true,true,true
TYPE_RESULT_SUBCLASS,type,candidate_count,0,0,0,true,true,true,true
TYPE_RESULT_SUBCLASS,type,admit_014_outcome,"""""","""""","""""",true,true,true,true
TYPE_RESULT_SUBCLASS,type,candidate_combined_outcomes,[],[],[],true,true,true,true
TYPE_RESULT_SUBCLASS,type,call_site_decision_outcome,"""""","""""","""""",true,true,true,true
TYPE_RESULT_SUBCLASS,type,call_site_decision_reason,"""""","""""","""""",true,true,true,true
TYPE_RESULT_SUBCLASS,type,invalid_candidate_indexes,[],[],[],true,true,true,true
TYPE_RESULT_SUBCLASS,type,blocked_candidate_indexes,[],[],[],true,true,true,true
TYPE_RESULT_SUBCLASS,type,failing_candidate_indexes,[],[],[],true,true,true,true
TYPE_RESULT_SUBCLASS,type,source_lineage_verified,false,false,false,true,true,true,true
TYPE_RESULT_SUBCLASS,type,transition_eligible,false,false,false,true,true,true,true
TYPE_RESULT_SUBCLASS,type,action_permission_granted,false,false,false,true,true,true,true
TYPE_RESULT_SUBCLASS,type,download_action_invoked,false,false,false,true,true,true,true
TYPE_RESULT_SUBCLASS,type,bridge_io_used,false,false,false,true,true,true,true
TYPE_DECISION_WRONG,type,schema_version,"""covapie_bulk_download_stage_orchestration_action_permission_bridge_decision_v1""","""covapie_bulk_download_stage_orchestration_action_permission_bridge_decision_v1""","""covapie_bulk_download_stage_orchestration_action_permission_bridge_decision_v1""",true,true,true,true
TYPE_DECISION_WRONG,type,outcome,"""invalid""","""invalid""","""invalid""",true,true,true,true
TYPE_DECISION_WRONG,type,passed,false,false,false,true,true,true,true
TYPE_DECISION_WRONG,type,blocks_transition,true,true,true,true,true,true,true
TYPE_DECISION_WRONG,type,reason,"""ACTION_PERMISSION_BRIDGE_CALL_SITE_DECISION_TYPE_INVALID""","""ACTION_PERMISSION_BRIDGE_CALL_SITE_DECISION_TYPE_INVALID""","""ACTION_PERMISSION_BRIDGE_CALL_SITE_DECISION_TYPE_INVALID""",true,true,true,true
TYPE_DECISION_WRONG,type,source_scope_id,"""""","""""","""""",true,true,true,true
TYPE_DECISION_WRONG,type,candidate_count,0,0,0,true,true,true,true
TYPE_DECISION_WRONG,type,admit_014_outcome,"""""","""""","""""",true,true,true,true
TYPE_DECISION_WRONG,type,candidate_combined_outcomes,[],[],[],true,true,true,true
TYPE_DECISION_WRONG,type,call_site_decision_outcome,"""""","""""","""""",true,true,true,true
TYPE_DECISION_WRONG,type,call_site_decision_reason,"""""","""""","""""",true,true,true,true
TYPE_DECISION_WRONG,type,invalid_candidate_indexes,[],[],[],true,true,true,true
TYPE_DECISION_WRONG,type,blocked_candidate_indexes,[],[],[],true,true,true,true
TYPE_DECISION_WRONG,type,failing_candidate_indexes,[],[],[],true,true,true,true
TYPE_DECISION_WRONG,type,source_lineage_verified,false,false,false,true,true,true,true
TYPE_DECISION_WRONG,type,transition_eligible,false,false,false,true,true,true,true
TYPE_DECISION_WRONG,type,action_permission_granted,false,false,false,true,true,true,true
TYPE_DECISION_WRONG,type,download_action_invoked,false,false,false,true,true,true,true
TYPE_DECISION_WRONG,type,bridge_io_used,false,false,false,true,true,true,true
TYPE_DECISION_SUBCLASS,type,schema_version,"""covapie_bulk_download_stage_orchestration_action_permission_bridge_decision_v1""","""covapie_bulk_download_stage_orchestration_action_permission_bridge_decision_v1""","""covapie_bulk_download_stage_orchestration_action_permission_bridge_decision_v1""",true,true,true,true
TYPE_DECISION_SUBCLASS,type,outcome,"""invalid""","""invalid""","""invalid""",true,true,true,true
TYPE_DECISION_SUBCLASS,type,passed,false,false,false,true,true,true,true
TYPE_DECISION_SUBCLASS,type,blocks_transition,true,true,true,true,true,true,true
TYPE_DECISION_SUBCLASS,type,reason,"""ACTION_PERMISSION_BRIDGE_CALL_SITE_DECISION_TYPE_INVALID""","""ACTION_PERMISSION_BRIDGE_CALL_SITE_DECISION_TYPE_INVALID""","""ACTION_PERMISSION_BRIDGE_CALL_SITE_DECISION_TYPE_INVALID""",true,true,true,true
TYPE_DECISION_SUBCLASS,type,source_scope_id,"""""","""""","""""",true,true,true,true
TYPE_DECISION_SUBCLASS,type,candidate_count,0,0,0,true,true,true,true
TYPE_DECISION_SUBCLASS,type,admit_014_outcome,"""""","""""","""""",true,true,true,true
TYPE_DECISION_SUBCLASS,type,candidate_combined_outcomes,[],[],[],true,true,true,true
TYPE_DECISION_SUBCLASS,type,call_site_decision_outcome,"""""","""""","""""",true,true,true,true
TYPE_DECISION_SUBCLASS,type,call_site_decision_reason,"""""","""""","""""",true,true,true,true
TYPE_DECISION_SUBCLASS,type,invalid_candidate_indexes,[],[],[],true,true,true,true
TYPE_DECISION_SUBCLASS,type,blocked_candidate_indexes,[],[],[],true,true,true,true
TYPE_DECISION_SUBCLASS,type,failing_candidate_indexes,[],[],[],true,true,true,true
TYPE_DECISION_SUBCLASS,type,source_lineage_verified,false,false,false,true,true,true,true
TYPE_DECISION_SUBCLASS,type,transition_eligible,false,false,false,true,true,true,true
TYPE_DECISION_SUBCLASS,type,action_permission_granted,false,false,false,true,true,true,true
TYPE_DECISION_SUBCLASS,type,download_action_invoked,false,false,false,true,true,true,true
TYPE_DECISION_SUBCLASS,type,bridge_io_used,false,false,false,true,true,true,true
STAGE_SCHEMA,stage_result_invariant,schema_version,"""covapie_bulk_download_stage_orchestration_action_permission_bridge_decision_v1""","""covapie_bulk_download_stage_orchestration_action_permission_bridge_decision_v1""","""covapie_bulk_download_stage_orchestration_action_permission_bridge_decision_v1""",true,true,true,true
STAGE_SCHEMA,stage_result_invariant,outcome,"""invalid""","""invalid""","""invalid""",true,true,true,true
STAGE_SCHEMA,stage_result_invariant,passed,false,false,false,true,true,true,true
STAGE_SCHEMA,stage_result_invariant,blocks_transition,true,true,true,true,true,true,true
STAGE_SCHEMA,stage_result_invariant,reason,"""ACTION_PERMISSION_BRIDGE_STAGE_RESULT_INVARIANT_INVALID""","""ACTION_PERMISSION_BRIDGE_STAGE_RESULT_INVARIANT_INVALID""","""ACTION_PERMISSION_BRIDGE_STAGE_RESULT_INVARIANT_INVALID""",true,true,true,true
STAGE_SCHEMA,stage_result_invariant,source_scope_id,"""""","""""","""""",true,true,true,true
STAGE_SCHEMA,stage_result_invariant,candidate_count,0,0,0,true,true,true,true
STAGE_SCHEMA,stage_result_invariant,admit_014_outcome,"""""","""""","""""",true,true,true,true
STAGE_SCHEMA,stage_result_invariant,candidate_combined_outcomes,[],[],[],true,true,true,true
STAGE_SCHEMA,stage_result_invariant,call_site_decision_outcome,"""""","""""","""""",true,true,true,true
STAGE_SCHEMA,stage_result_invariant,call_site_decision_reason,"""""","""""","""""",true,true,true,true
STAGE_SCHEMA,stage_result_invariant,invalid_candidate_indexes,[],[],[],true,true,true,true
STAGE_SCHEMA,stage_result_invariant,blocked_candidate_indexes,[],[],[],true,true,true,true
STAGE_SCHEMA,stage_result_invariant,failing_candidate_indexes,[],[],[],true,true,true,true
STAGE_SCHEMA,stage_result_invariant,source_lineage_verified,false,false,false,true,true,true,true
STAGE_SCHEMA,stage_result_invariant,transition_eligible,false,false,false,true,true,true,true
STAGE_SCHEMA,stage_result_invariant,action_permission_granted,false,false,false,true,true,true,true
STAGE_SCHEMA,stage_result_invariant,download_action_invoked,false,false,false,true,true,true,true
STAGE_SCHEMA,stage_result_invariant,bridge_io_used,false,false,false,true,true,true,true
STAGE_STORAGE,stage_result_invariant,schema_version,"""covapie_bulk_download_stage_orchestration_action_permission_bridge_decision_v1""","""covapie_bulk_download_stage_orchestration_action_permission_bridge_decision_v1""","""covapie_bulk_download_stage_orchestration_action_permission_bridge_decision_v1""",true,true,true,true
STAGE_STORAGE,stage_result_invariant,outcome,"""invalid""","""invalid""","""invalid""",true,true,true,true
STAGE_STORAGE,stage_result_invariant,passed,false,false,false,true,true,true,true
STAGE_STORAGE,stage_result_invariant,blocks_transition,true,true,true,true,true,true,true
STAGE_STORAGE,stage_result_invariant,reason,"""ACTION_PERMISSION_BRIDGE_STAGE_RESULT_INVARIANT_INVALID""","""ACTION_PERMISSION_BRIDGE_STAGE_RESULT_INVARIANT_INVALID""","""ACTION_PERMISSION_BRIDGE_STAGE_RESULT_INVARIANT_INVALID""",true,true,true,true
STAGE_STORAGE,stage_result_invariant,source_scope_id,"""""","""""","""""",true,true,true,true
STAGE_STORAGE,stage_result_invariant,candidate_count,0,0,0,true,true,true,true
STAGE_STORAGE,stage_result_invariant,admit_014_outcome,"""""","""""","""""",true,true,true,true
STAGE_STORAGE,stage_result_invariant,candidate_combined_outcomes,[],[],[],true,true,true,true
STAGE_STORAGE,stage_result_invariant,call_site_decision_outcome,"""""","""""","""""",true,true,true,true
STAGE_STORAGE,stage_result_invariant,call_site_decision_reason,"""""","""""","""""",true,true,true,true
STAGE_STORAGE,stage_result_invariant,invalid_candidate_indexes,[],[],[],true,true,true,true
STAGE_STORAGE,stage_result_invariant,blocked_candidate_indexes,[],[],[],true,true,true,true
STAGE_STORAGE,stage_result_invariant,failing_candidate_indexes,[],[],[],true,true,true,true
STAGE_STORAGE,stage_result_invariant,source_lineage_verified,false,false,false,true,true,true,true
STAGE_STORAGE,stage_result_invariant,transition_eligible,false,false,false,true,true,true,true
STAGE_STORAGE,stage_result_invariant,action_permission_granted,false,false,false,true,true,true,true
STAGE_STORAGE,stage_result_invariant,download_action_invoked,false,false,false,true,true,true,true
STAGE_STORAGE,stage_result_invariant,bridge_io_used,false,false,false,true,true,true,true
STAGE_TUPLE_SUBCLASS,stage_result_invariant,schema_version,"""covapie_bulk_download_stage_orchestration_action_permission_bridge_decision_v1""","""covapie_bulk_download_stage_orchestration_action_permission_bridge_decision_v1""","""covapie_bulk_download_stage_orchestration_action_permission_bridge_decision_v1""",true,true,true,true
STAGE_TUPLE_SUBCLASS,stage_result_invariant,outcome,"""invalid""","""invalid""","""invalid""",true,true,true,true
STAGE_TUPLE_SUBCLASS,stage_result_invariant,passed,false,false,false,true,true,true,true
STAGE_TUPLE_SUBCLASS,stage_result_invariant,blocks_transition,true,true,true,true,true,true,true
STAGE_TUPLE_SUBCLASS,stage_result_invariant,reason,"""ACTION_PERMISSION_BRIDGE_STAGE_RESULT_INVARIANT_INVALID""","""ACTION_PERMISSION_BRIDGE_STAGE_RESULT_INVARIANT_INVALID""","""ACTION_PERMISSION_BRIDGE_STAGE_RESULT_INVARIANT_INVALID""",true,true,true,true
STAGE_TUPLE_SUBCLASS,stage_result_invariant,source_scope_id,"""""","""""","""""",true,true,true,true
STAGE_TUPLE_SUBCLASS,stage_result_invariant,candidate_count,0,0,0,true,true,true,true
STAGE_TUPLE_SUBCLASS,stage_result_invariant,admit_014_outcome,"""""","""""","""""",true,true,true,true
STAGE_TUPLE_SUBCLASS,stage_result_invariant,candidate_combined_outcomes,[],[],[],true,true,true,true
STAGE_TUPLE_SUBCLASS,stage_result_invariant,call_site_decision_outcome,"""""","""""","""""",true,true,true,true
STAGE_TUPLE_SUBCLASS,stage_result_invariant,call_site_decision_reason,"""""","""""","""""",true,true,true,true
STAGE_TUPLE_SUBCLASS,stage_result_invariant,invalid_candidate_indexes,[],[],[],true,true,true,true
STAGE_TUPLE_SUBCLASS,stage_result_invariant,blocked_candidate_indexes,[],[],[],true,true,true,true
STAGE_TUPLE_SUBCLASS,stage_result_invariant,failing_candidate_indexes,[],[],[],true,true,true,true
STAGE_TUPLE_SUBCLASS,stage_result_invariant,source_lineage_verified,false,false,false,true,true,true,true
STAGE_TUPLE_SUBCLASS,stage_result_invariant,transition_eligible,false,false,false,true,true,true,true
STAGE_TUPLE_SUBCLASS,stage_result_invariant,action_permission_granted,false,false,false,true,true,true,true
STAGE_TUPLE_SUBCLASS,stage_result_invariant,download_action_invoked,false,false,false,true,true,true,true
STAGE_TUPLE_SUBCLASS,stage_result_invariant,bridge_io_used,false,false,false,true,true,true,true
STAGE_COUNT,stage_result_invariant,schema_version,"""covapie_bulk_download_stage_orchestration_action_permission_bridge_decision_v1""","""covapie_bulk_download_stage_orchestration_action_permission_bridge_decision_v1""","""covapie_bulk_download_stage_orchestration_action_permission_bridge_decision_v1""",true,true,true,true
STAGE_COUNT,stage_result_invariant,outcome,"""invalid""","""invalid""","""invalid""",true,true,true,true
STAGE_COUNT,stage_result_invariant,passed,false,false,false,true,true,true,true
STAGE_COUNT,stage_result_invariant,blocks_transition,true,true,true,true,true,true,true
STAGE_COUNT,stage_result_invariant,reason,"""ACTION_PERMISSION_BRIDGE_STAGE_RESULT_INVARIANT_INVALID""","""ACTION_PERMISSION_BRIDGE_STAGE_RESULT_INVARIANT_INVALID""","""ACTION_PERMISSION_BRIDGE_STAGE_RESULT_INVARIANT_INVALID""",true,true,true,true
STAGE_COUNT,stage_result_invariant,source_scope_id,"""""","""""","""""",true,true,true,true
STAGE_COUNT,stage_result_invariant,candidate_count,0,0,0,true,true,true,true
STAGE_COUNT,stage_result_invariant,admit_014_outcome,"""""","""""","""""",true,true,true,true
STAGE_COUNT,stage_result_invariant,candidate_combined_outcomes,[],[],[],true,true,true,true
STAGE_COUNT,stage_result_invariant,call_site_decision_outcome,"""""","""""","""""",true,true,true,true
STAGE_COUNT,stage_result_invariant,call_site_decision_reason,"""""","""""","""""",true,true,true,true
STAGE_COUNT,stage_result_invariant,invalid_candidate_indexes,[],[],[],true,true,true,true
STAGE_COUNT,stage_result_invariant,blocked_candidate_indexes,[],[],[],true,true,true,true
STAGE_COUNT,stage_result_invariant,failing_candidate_indexes,[],[],[],true,true,true,true
STAGE_COUNT,stage_result_invariant,source_lineage_verified,false,false,false,true,true,true,true
STAGE_COUNT,stage_result_invariant,transition_eligible,false,false,false,true,true,true,true
STAGE_COUNT,stage_result_invariant,action_permission_granted,false,false,false,true,true,true,true
STAGE_COUNT,stage_result_invariant,download_action_invoked,false,false,false,true,true,true,true
STAGE_COUNT,stage_result_invariant,bridge_io_used,false,false,false,true,true,true,true
STAGE_MEMBERSHIP,stage_result_invariant,schema_version,"""covapie_bulk_download_stage_orchestration_action_permission_bridge_decision_v1""","""covapie_bulk_download_stage_orchestration_action_permission_bridge_decision_v1""","""covapie_bulk_download_stage_orchestration_action_permission_bridge_decision_v1""",true,true,true,true
STAGE_MEMBERSHIP,stage_result_invariant,outcome,"""invalid""","""invalid""","""invalid""",true,true,true,true
STAGE_MEMBERSHIP,stage_result_invariant,passed,false,false,false,true,true,true,true
STAGE_MEMBERSHIP,stage_result_invariant,blocks_transition,true,true,true,true,true,true,true
STAGE_MEMBERSHIP,stage_result_invariant,reason,"""ACTION_PERMISSION_BRIDGE_STAGE_RESULT_INVARIANT_INVALID""","""ACTION_PERMISSION_BRIDGE_STAGE_RESULT_INVARIANT_INVALID""","""ACTION_PERMISSION_BRIDGE_STAGE_RESULT_INVARIANT_INVALID""",true,true,true,true
STAGE_MEMBERSHIP,stage_result_invariant,source_scope_id,"""""","""""","""""",true,true,true,true
STAGE_MEMBERSHIP,stage_result_invariant,candidate_count,0,0,0,true,true,true,true
STAGE_MEMBERSHIP,stage_result_invariant,admit_014_outcome,"""""","""""","""""",true,true,true,true
STAGE_MEMBERSHIP,stage_result_invariant,candidate_combined_outcomes,[],[],[],true,true,true,true
STAGE_MEMBERSHIP,stage_result_invariant,call_site_decision_outcome,"""""","""""","""""",true,true,true,true
STAGE_MEMBERSHIP,stage_result_invariant,call_site_decision_reason,"""""","""""","""""",true,true,true,true
STAGE_MEMBERSHIP,stage_result_invariant,invalid_candidate_indexes,[],[],[],true,true,true,true
STAGE_MEMBERSHIP,stage_result_invariant,blocked_candidate_indexes,[],[],[],true,true,true,true
STAGE_MEMBERSHIP,stage_result_invariant,failing_candidate_indexes,[],[],[],true,true,true,true
STAGE_MEMBERSHIP,stage_result_invariant,source_lineage_verified,false,false,false,true,true,true,true
STAGE_MEMBERSHIP,stage_result_invariant,transition_eligible,false,false,false,true,true,true,true
STAGE_MEMBERSHIP,stage_result_invariant,action_permission_granted,false,false,false,true,true,true,true
STAGE_MEMBERSHIP,stage_result_invariant,download_action_invoked,false,false,false,true,true,true,true
STAGE_MEMBERSHIP,stage_result_invariant,bridge_io_used,false,false,false,true,true,true,true
STAGE_CARDINALITY,stage_result_invariant,schema_version,"""covapie_bulk_download_stage_orchestration_action_permission_bridge_decision_v1""","""covapie_bulk_download_stage_orchestration_action_permission_bridge_decision_v1""","""covapie_bulk_download_stage_orchestration_action_permission_bridge_decision_v1""",true,true,true,true
STAGE_CARDINALITY,stage_result_invariant,outcome,"""invalid""","""invalid""","""invalid""",true,true,true,true
STAGE_CARDINALITY,stage_result_invariant,passed,false,false,false,true,true,true,true
STAGE_CARDINALITY,stage_result_invariant,blocks_transition,true,true,true,true,true,true,true
STAGE_CARDINALITY,stage_result_invariant,reason,"""ACTION_PERMISSION_BRIDGE_STAGE_RESULT_INVARIANT_INVALID""","""ACTION_PERMISSION_BRIDGE_STAGE_RESULT_INVARIANT_INVALID""","""ACTION_PERMISSION_BRIDGE_STAGE_RESULT_INVARIANT_INVALID""",true,true,true,true
STAGE_CARDINALITY,stage_result_invariant,source_scope_id,"""""","""""","""""",true,true,true,true
STAGE_CARDINALITY,stage_result_invariant,candidate_count,0,0,0,true,true,true,true
STAGE_CARDINALITY,stage_result_invariant,admit_014_outcome,"""""","""""","""""",true,true,true,true
STAGE_CARDINALITY,stage_result_invariant,candidate_combined_outcomes,[],[],[],true,true,true,true
STAGE_CARDINALITY,stage_result_invariant,call_site_decision_outcome,"""""","""""","""""",true,true,true,true
STAGE_CARDINALITY,stage_result_invariant,call_site_decision_reason,"""""","""""","""""",true,true,true,true
STAGE_CARDINALITY,stage_result_invariant,invalid_candidate_indexes,[],[],[],true,true,true,true
STAGE_CARDINALITY,stage_result_invariant,blocked_candidate_indexes,[],[],[],true,true,true,true
STAGE_CARDINALITY,stage_result_invariant,failing_candidate_indexes,[],[],[],true,true,true,true
STAGE_CARDINALITY,stage_result_invariant,source_lineage_verified,false,false,false,true,true,true,true
STAGE_CARDINALITY,stage_result_invariant,transition_eligible,false,false,false,true,true,true,true
STAGE_CARDINALITY,stage_result_invariant,action_permission_granted,false,false,false,true,true,true,true
STAGE_CARDINALITY,stage_result_invariant,download_action_invoked,false,false,false,true,true,true,true
STAGE_CARDINALITY,stage_result_invariant,bridge_io_used,false,false,false,true,true,true,true
STAGE_IDENTITY,stage_result_invariant,schema_version,"""covapie_bulk_download_stage_orchestration_action_permission_bridge_decision_v1""","""covapie_bulk_download_stage_orchestration_action_permission_bridge_decision_v1""","""covapie_bulk_download_stage_orchestration_action_permission_bridge_decision_v1""",true,true,true,true
STAGE_IDENTITY,stage_result_invariant,outcome,"""invalid""","""invalid""","""invalid""",true,true,true,true
STAGE_IDENTITY,stage_result_invariant,passed,false,false,false,true,true,true,true
STAGE_IDENTITY,stage_result_invariant,blocks_transition,true,true,true,true,true,true,true
STAGE_IDENTITY,stage_result_invariant,reason,"""ACTION_PERMISSION_BRIDGE_STAGE_RESULT_INVARIANT_INVALID""","""ACTION_PERMISSION_BRIDGE_STAGE_RESULT_INVARIANT_INVALID""","""ACTION_PERMISSION_BRIDGE_STAGE_RESULT_INVARIANT_INVALID""",true,true,true,true
STAGE_IDENTITY,stage_result_invariant,source_scope_id,"""""","""""","""""",true,true,true,true
STAGE_IDENTITY,stage_result_invariant,candidate_count,0,0,0,true,true,true,true
STAGE_IDENTITY,stage_result_invariant,admit_014_outcome,"""""","""""","""""",true,true,true,true
STAGE_IDENTITY,stage_result_invariant,candidate_combined_outcomes,[],[],[],true,true,true,true
STAGE_IDENTITY,stage_result_invariant,call_site_decision_outcome,"""""","""""","""""",true,true,true,true
STAGE_IDENTITY,stage_result_invariant,call_site_decision_reason,"""""","""""","""""",true,true,true,true
STAGE_IDENTITY,stage_result_invariant,invalid_candidate_indexes,[],[],[],true,true,true,true
STAGE_IDENTITY,stage_result_invariant,blocked_candidate_indexes,[],[],[],true,true,true,true
STAGE_IDENTITY,stage_result_invariant,failing_candidate_indexes,[],[],[],true,true,true,true
STAGE_IDENTITY,stage_result_invariant,source_lineage_verified,false,false,false,true,true,true,true
STAGE_IDENTITY,stage_result_invariant,transition_eligible,false,false,false,true,true,true,true
STAGE_IDENTITY,stage_result_invariant,action_permission_granted,false,false,false,true,true,true,true
STAGE_IDENTITY,stage_result_invariant,download_action_invoked,false,false,false,true,true,true,true
STAGE_IDENTITY,stage_result_invariant,bridge_io_used,false,false,false,true,true,true,true
RETAINED_IDENTITY,stage_result_invariant,schema_version,"""covapie_bulk_download_stage_orchestration_action_permission_bridge_decision_v1""","""covapie_bulk_download_stage_orchestration_action_permission_bridge_decision_v1""","""covapie_bulk_download_stage_orchestration_action_permission_bridge_decision_v1""",true,true,true,true
RETAINED_IDENTITY,stage_result_invariant,outcome,"""invalid""","""invalid""","""invalid""",true,true,true,true
RETAINED_IDENTITY,stage_result_invariant,passed,false,false,false,true,true,true,true
RETAINED_IDENTITY,stage_result_invariant,blocks_transition,true,true,true,true,true,true,true
RETAINED_IDENTITY,stage_result_invariant,reason,"""ACTION_PERMISSION_BRIDGE_STAGE_RESULT_INVARIANT_INVALID""","""ACTION_PERMISSION_BRIDGE_STAGE_RESULT_INVARIANT_INVALID""","""ACTION_PERMISSION_BRIDGE_STAGE_RESULT_INVARIANT_INVALID""",true,true,true,true
RETAINED_IDENTITY,stage_result_invariant,source_scope_id,"""""","""""","""""",true,true,true,true
RETAINED_IDENTITY,stage_result_invariant,candidate_count,0,0,0,true,true,true,true
RETAINED_IDENTITY,stage_result_invariant,admit_014_outcome,"""""","""""","""""",true,true,true,true
RETAINED_IDENTITY,stage_result_invariant,candidate_combined_outcomes,[],[],[],true,true,true,true
RETAINED_IDENTITY,stage_result_invariant,call_site_decision_outcome,"""""","""""","""""",true,true,true,true
RETAINED_IDENTITY,stage_result_invariant,call_site_decision_reason,"""""","""""","""""",true,true,true,true
RETAINED_IDENTITY,stage_result_invariant,invalid_candidate_indexes,[],[],[],true,true,true,true
RETAINED_IDENTITY,stage_result_invariant,blocked_candidate_indexes,[],[],[],true,true,true,true
RETAINED_IDENTITY,stage_result_invariant,failing_candidate_indexes,[],[],[],true,true,true,true
RETAINED_IDENTITY,stage_result_invariant,source_lineage_verified,false,false,false,true,true,true,true
RETAINED_IDENTITY,stage_result_invariant,transition_eligible,false,false,false,true,true,true,true
RETAINED_IDENTITY,stage_result_invariant,action_permission_granted,false,false,false,true,true,true,true
RETAINED_IDENTITY,stage_result_invariant,download_action_invoked,false,false,false,true,true,true,true
RETAINED_IDENTITY,stage_result_invariant,bridge_io_used,false,false,false,true,true,true,true
UNIFIED_CORRUPT,stage_result_invariant,schema_version,"""covapie_bulk_download_stage_orchestration_action_permission_bridge_decision_v1""","""covapie_bulk_download_stage_orchestration_action_permission_bridge_decision_v1""","""covapie_bulk_download_stage_orchestration_action_permission_bridge_decision_v1""",true,true,true,true
UNIFIED_CORRUPT,stage_result_invariant,outcome,"""invalid""","""invalid""","""invalid""",true,true,true,true
UNIFIED_CORRUPT,stage_result_invariant,passed,false,false,false,true,true,true,true
UNIFIED_CORRUPT,stage_result_invariant,blocks_transition,true,true,true,true,true,true,true
UNIFIED_CORRUPT,stage_result_invariant,reason,"""ACTION_PERMISSION_BRIDGE_STAGE_RESULT_INVARIANT_INVALID""","""ACTION_PERMISSION_BRIDGE_STAGE_RESULT_INVARIANT_INVALID""","""ACTION_PERMISSION_BRIDGE_STAGE_RESULT_INVARIANT_INVALID""",true,true,true,true
UNIFIED_CORRUPT,stage_result_invariant,source_scope_id,"""""","""""","""""",true,true,true,true
UNIFIED_CORRUPT,stage_result_invariant,candidate_count,0,0,0,true,true,true,true
UNIFIED_CORRUPT,stage_result_invariant,admit_014_outcome,"""""","""""","""""",true,true,true,true
UNIFIED_CORRUPT,stage_result_invariant,candidate_combined_outcomes,[],[],[],true,true,true,true
UNIFIED_CORRUPT,stage_result_invariant,call_site_decision_outcome,"""""","""""","""""",true,true,true,true
UNIFIED_CORRUPT,stage_result_invariant,call_site_decision_reason,"""""","""""","""""",true,true,true,true
UNIFIED_CORRUPT,stage_result_invariant,invalid_candidate_indexes,[],[],[],true,true,true,true
UNIFIED_CORRUPT,stage_result_invariant,blocked_candidate_indexes,[],[],[],true,true,true,true
UNIFIED_CORRUPT,stage_result_invariant,failing_candidate_indexes,[],[],[],true,true,true,true
UNIFIED_CORRUPT,stage_result_invariant,source_lineage_verified,false,false,false,true,true,true,true
UNIFIED_CORRUPT,stage_result_invariant,transition_eligible,false,false,false,true,true,true,true
UNIFIED_CORRUPT,stage_result_invariant,action_permission_granted,false,false,false,true,true,true,true
UNIFIED_CORRUPT,stage_result_invariant,download_action_invoked,false,false,false,true,true,true,true
UNIFIED_CORRUPT,stage_result_invariant,bridge_io_used,false,false,false,true,true,true,true
COMBINED_CORRUPT,stage_result_invariant,schema_version,"""covapie_bulk_download_stage_orchestration_action_permission_bridge_decision_v1""","""covapie_bulk_download_stage_orchestration_action_permission_bridge_decision_v1""","""covapie_bulk_download_stage_orchestration_action_permission_bridge_decision_v1""",true,true,true,true
COMBINED_CORRUPT,stage_result_invariant,outcome,"""invalid""","""invalid""","""invalid""",true,true,true,true
COMBINED_CORRUPT,stage_result_invariant,passed,false,false,false,true,true,true,true
COMBINED_CORRUPT,stage_result_invariant,blocks_transition,true,true,true,true,true,true,true
COMBINED_CORRUPT,stage_result_invariant,reason,"""ACTION_PERMISSION_BRIDGE_STAGE_RESULT_INVARIANT_INVALID""","""ACTION_PERMISSION_BRIDGE_STAGE_RESULT_INVARIANT_INVALID""","""ACTION_PERMISSION_BRIDGE_STAGE_RESULT_INVARIANT_INVALID""",true,true,true,true
COMBINED_CORRUPT,stage_result_invariant,source_scope_id,"""""","""""","""""",true,true,true,true
COMBINED_CORRUPT,stage_result_invariant,candidate_count,0,0,0,true,true,true,true
COMBINED_CORRUPT,stage_result_invariant,admit_014_outcome,"""""","""""","""""",true,true,true,true
COMBINED_CORRUPT,stage_result_invariant,candidate_combined_outcomes,[],[],[],true,true,true,true
COMBINED_CORRUPT,stage_result_invariant,call_site_decision_outcome,"""""","""""","""""",true,true,true,true
COMBINED_CORRUPT,stage_result_invariant,call_site_decision_reason,"""""","""""","""""",true,true,true,true
COMBINED_CORRUPT,stage_result_invariant,invalid_candidate_indexes,[],[],[],true,true,true,true
COMBINED_CORRUPT,stage_result_invariant,blocked_candidate_indexes,[],[],[],true,true,true,true
COMBINED_CORRUPT,stage_result_invariant,failing_candidate_indexes,[],[],[],true,true,true,true
COMBINED_CORRUPT,stage_result_invariant,source_lineage_verified,false,false,false,true,true,true,true
COMBINED_CORRUPT,stage_result_invariant,transition_eligible,false,false,false,true,true,true,true
COMBINED_CORRUPT,stage_result_invariant,action_permission_granted,false,false,false,true,true,true,true
COMBINED_CORRUPT,stage_result_invariant,download_action_invoked,false,false,false,true,true,true,true
COMBINED_CORRUPT,stage_result_invariant,bridge_io_used,false,false,false,true,true,true,true
DECISION_SCHEMA,decision_invariant,schema_version,"""covapie_bulk_download_stage_orchestration_action_permission_bridge_decision_v1""","""covapie_bulk_download_stage_orchestration_action_permission_bridge_decision_v1""","""covapie_bulk_download_stage_orchestration_action_permission_bridge_decision_v1""",true,true,true,true
DECISION_SCHEMA,decision_invariant,outcome,"""invalid""","""invalid""","""invalid""",true,true,true,true
DECISION_SCHEMA,decision_invariant,passed,false,false,false,true,true,true,true
DECISION_SCHEMA,decision_invariant,blocks_transition,true,true,true,true,true,true,true
DECISION_SCHEMA,decision_invariant,reason,"""ACTION_PERMISSION_BRIDGE_CALL_SITE_DECISION_INVARIANT_INVALID""","""ACTION_PERMISSION_BRIDGE_CALL_SITE_DECISION_INVARIANT_INVALID""","""ACTION_PERMISSION_BRIDGE_CALL_SITE_DECISION_INVARIANT_INVALID""",true,true,true,true
DECISION_SCHEMA,decision_invariant,source_scope_id,"""""","""""","""""",true,true,true,true
DECISION_SCHEMA,decision_invariant,candidate_count,0,0,0,true,true,true,true
DECISION_SCHEMA,decision_invariant,admit_014_outcome,"""""","""""","""""",true,true,true,true
DECISION_SCHEMA,decision_invariant,candidate_combined_outcomes,[],[],[],true,true,true,true
DECISION_SCHEMA,decision_invariant,call_site_decision_outcome,"""""","""""","""""",true,true,true,true
DECISION_SCHEMA,decision_invariant,call_site_decision_reason,"""""","""""","""""",true,true,true,true
DECISION_SCHEMA,decision_invariant,invalid_candidate_indexes,[],[],[],true,true,true,true
DECISION_SCHEMA,decision_invariant,blocked_candidate_indexes,[],[],[],true,true,true,true
DECISION_SCHEMA,decision_invariant,failing_candidate_indexes,[],[],[],true,true,true,true
DECISION_SCHEMA,decision_invariant,source_lineage_verified,false,false,false,true,true,true,true
DECISION_SCHEMA,decision_invariant,transition_eligible,false,false,false,true,true,true,true
DECISION_SCHEMA,decision_invariant,action_permission_granted,false,false,false,true,true,true,true
DECISION_SCHEMA,decision_invariant,download_action_invoked,false,false,false,true,true,true,true
DECISION_SCHEMA,decision_invariant,bridge_io_used,false,false,false,true,true,true,true
DECISION_STORAGE,decision_invariant,schema_version,"""covapie_bulk_download_stage_orchestration_action_permission_bridge_decision_v1""","""covapie_bulk_download_stage_orchestration_action_permission_bridge_decision_v1""","""covapie_bulk_download_stage_orchestration_action_permission_bridge_decision_v1""",true,true,true,true
DECISION_STORAGE,decision_invariant,outcome,"""invalid""","""invalid""","""invalid""",true,true,true,true
DECISION_STORAGE,decision_invariant,passed,false,false,false,true,true,true,true
DECISION_STORAGE,decision_invariant,blocks_transition,true,true,true,true,true,true,true
DECISION_STORAGE,decision_invariant,reason,"""ACTION_PERMISSION_BRIDGE_CALL_SITE_DECISION_INVARIANT_INVALID""","""ACTION_PERMISSION_BRIDGE_CALL_SITE_DECISION_INVARIANT_INVALID""","""ACTION_PERMISSION_BRIDGE_CALL_SITE_DECISION_INVARIANT_INVALID""",true,true,true,true
DECISION_STORAGE,decision_invariant,source_scope_id,"""""","""""","""""",true,true,true,true
DECISION_STORAGE,decision_invariant,candidate_count,0,0,0,true,true,true,true
DECISION_STORAGE,decision_invariant,admit_014_outcome,"""""","""""","""""",true,true,true,true
DECISION_STORAGE,decision_invariant,candidate_combined_outcomes,[],[],[],true,true,true,true
DECISION_STORAGE,decision_invariant,call_site_decision_outcome,"""""","""""","""""",true,true,true,true
DECISION_STORAGE,decision_invariant,call_site_decision_reason,"""""","""""","""""",true,true,true,true
DECISION_STORAGE,decision_invariant,invalid_candidate_indexes,[],[],[],true,true,true,true
DECISION_STORAGE,decision_invariant,blocked_candidate_indexes,[],[],[],true,true,true,true
DECISION_STORAGE,decision_invariant,failing_candidate_indexes,[],[],[],true,true,true,true
DECISION_STORAGE,decision_invariant,source_lineage_verified,false,false,false,true,true,true,true
DECISION_STORAGE,decision_invariant,transition_eligible,false,false,false,true,true,true,true
DECISION_STORAGE,decision_invariant,action_permission_granted,false,false,false,true,true,true,true
DECISION_STORAGE,decision_invariant,download_action_invoked,false,false,false,true,true,true,true
DECISION_STORAGE,decision_invariant,bridge_io_used,false,false,false,true,true,true,true
DECISION_SOURCE_KIND,decision_invariant,schema_version,"""covapie_bulk_download_stage_orchestration_action_permission_bridge_decision_v1""","""covapie_bulk_download_stage_orchestration_action_permission_bridge_decision_v1""","""covapie_bulk_download_stage_orchestration_action_permission_bridge_decision_v1""",true,true,true,true
DECISION_SOURCE_KIND,decision_invariant,outcome,"""invalid""","""invalid""","""invalid""",true,true,true,true
DECISION_SOURCE_KIND,decision_invariant,passed,false,false,false,true,true,true,true
DECISION_SOURCE_KIND,decision_invariant,blocks_transition,true,true,true,true,true,true,true
DECISION_SOURCE_KIND,decision_invariant,reason,"""ACTION_PERMISSION_BRIDGE_CALL_SITE_DECISION_INVARIANT_INVALID""","""ACTION_PERMISSION_BRIDGE_CALL_SITE_DECISION_INVARIANT_INVALID""","""ACTION_PERMISSION_BRIDGE_CALL_SITE_DECISION_INVARIANT_INVALID""",true,true,true,true
DECISION_SOURCE_KIND,decision_invariant,source_scope_id,"""""","""""","""""",true,true,true,true
DECISION_SOURCE_KIND,decision_invariant,candidate_count,0,0,0,true,true,true,true
DECISION_SOURCE_KIND,decision_invariant,admit_014_outcome,"""""","""""","""""",true,true,true,true
DECISION_SOURCE_KIND,decision_invariant,candidate_combined_outcomes,[],[],[],true,true,true,true
DECISION_SOURCE_KIND,decision_invariant,call_site_decision_outcome,"""""","""""","""""",true,true,true,true
DECISION_SOURCE_KIND,decision_invariant,call_site_decision_reason,"""""","""""","""""",true,true,true,true
DECISION_SOURCE_KIND,decision_invariant,invalid_candidate_indexes,[],[],[],true,true,true,true
DECISION_SOURCE_KIND,decision_invariant,blocked_candidate_indexes,[],[],[],true,true,true,true
DECISION_SOURCE_KIND,decision_invariant,failing_candidate_indexes,[],[],[],true,true,true,true
DECISION_SOURCE_KIND,decision_invariant,source_lineage_verified,false,false,false,true,true,true,true
DECISION_SOURCE_KIND,decision_invariant,transition_eligible,false,false,false,true,true,true,true
DECISION_SOURCE_KIND,decision_invariant,action_permission_granted,false,false,false,true,true,true,true
DECISION_SOURCE_KIND,decision_invariant,download_action_invoked,false,false,false,true,true,true,true
DECISION_SOURCE_KIND,decision_invariant,bridge_io_used,false,false,false,true,true,true,true
DECISION_SCOPE_UNKNOWN,decision_invariant,schema_version,"""covapie_bulk_download_stage_orchestration_action_permission_bridge_decision_v1""","""covapie_bulk_download_stage_orchestration_action_permission_bridge_decision_v1""","""covapie_bulk_download_stage_orchestration_action_permission_bridge_decision_v1""",true,true,true,true
DECISION_SCOPE_UNKNOWN,decision_invariant,outcome,"""invalid""","""invalid""","""invalid""",true,true,true,true
DECISION_SCOPE_UNKNOWN,decision_invariant,passed,false,false,false,true,true,true,true
DECISION_SCOPE_UNKNOWN,decision_invariant,blocks_transition,true,true,true,true,true,true,true
DECISION_SCOPE_UNKNOWN,decision_invariant,reason,"""ACTION_PERMISSION_BRIDGE_CALL_SITE_DECISION_INVARIANT_INVALID""","""ACTION_PERMISSION_BRIDGE_CALL_SITE_DECISION_INVARIANT_INVALID""","""ACTION_PERMISSION_BRIDGE_CALL_SITE_DECISION_INVARIANT_INVALID""",true,true,true,true
DECISION_SCOPE_UNKNOWN,decision_invariant,source_scope_id,"""""","""""","""""",true,true,true,true
DECISION_SCOPE_UNKNOWN,decision_invariant,candidate_count,0,0,0,true,true,true,true
DECISION_SCOPE_UNKNOWN,decision_invariant,admit_014_outcome,"""""","""""","""""",true,true,true,true
DECISION_SCOPE_UNKNOWN,decision_invariant,candidate_combined_outcomes,[],[],[],true,true,true,true
DECISION_SCOPE_UNKNOWN,decision_invariant,call_site_decision_outcome,"""""","""""","""""",true,true,true,true
DECISION_SCOPE_UNKNOWN,decision_invariant,call_site_decision_reason,"""""","""""","""""",true,true,true,true
DECISION_SCOPE_UNKNOWN,decision_invariant,invalid_candidate_indexes,[],[],[],true,true,true,true
DECISION_SCOPE_UNKNOWN,decision_invariant,blocked_candidate_indexes,[],[],[],true,true,true,true
DECISION_SCOPE_UNKNOWN,decision_invariant,failing_candidate_indexes,[],[],[],true,true,true,true
DECISION_SCOPE_UNKNOWN,decision_invariant,source_lineage_verified,false,false,false,true,true,true,true
DECISION_SCOPE_UNKNOWN,decision_invariant,transition_eligible,false,false,false,true,true,true,true
DECISION_SCOPE_UNKNOWN,decision_invariant,action_permission_granted,false,false,false,true,true,true,true
DECISION_SCOPE_UNKNOWN,decision_invariant,download_action_invoked,false,false,false,true,true,true,true
DECISION_SCOPE_UNKNOWN,decision_invariant,bridge_io_used,false,false,false,true,true,true,true
DECISION_DIAGNOSTICS,decision_invariant,schema_version,"""covapie_bulk_download_stage_orchestration_action_permission_bridge_decision_v1""","""covapie_bulk_download_stage_orchestration_action_permission_bridge_decision_v1""","""covapie_bulk_download_stage_orchestration_action_permission_bridge_decision_v1""",true,true,true,true
DECISION_DIAGNOSTICS,decision_invariant,outcome,"""invalid""","""invalid""","""invalid""",true,true,true,true
DECISION_DIAGNOSTICS,decision_invariant,passed,false,false,false,true,true,true,true
DECISION_DIAGNOSTICS,decision_invariant,blocks_transition,true,true,true,true,true,true,true
DECISION_DIAGNOSTICS,decision_invariant,reason,"""ACTION_PERMISSION_BRIDGE_CALL_SITE_DECISION_INVARIANT_INVALID""","""ACTION_PERMISSION_BRIDGE_CALL_SITE_DECISION_INVARIANT_INVALID""","""ACTION_PERMISSION_BRIDGE_CALL_SITE_DECISION_INVARIANT_INVALID""",true,true,true,true
DECISION_DIAGNOSTICS,decision_invariant,source_scope_id,"""""","""""","""""",true,true,true,true
DECISION_DIAGNOSTICS,decision_invariant,candidate_count,0,0,0,true,true,true,true
DECISION_DIAGNOSTICS,decision_invariant,admit_014_outcome,"""""","""""","""""",true,true,true,true
DECISION_DIAGNOSTICS,decision_invariant,candidate_combined_outcomes,[],[],[],true,true,true,true
DECISION_DIAGNOSTICS,decision_invariant,call_site_decision_outcome,"""""","""""","""""",true,true,true,true
DECISION_DIAGNOSTICS,decision_invariant,call_site_decision_reason,"""""","""""","""""",true,true,true,true
DECISION_DIAGNOSTICS,decision_invariant,invalid_candidate_indexes,[],[],[],true,true,true,true
DECISION_DIAGNOSTICS,decision_invariant,blocked_candidate_indexes,[],[],[],true,true,true,true
DECISION_DIAGNOSTICS,decision_invariant,failing_candidate_indexes,[],[],[],true,true,true,true
DECISION_DIAGNOSTICS,decision_invariant,source_lineage_verified,false,false,false,true,true,true,true
DECISION_DIAGNOSTICS,decision_invariant,transition_eligible,false,false,false,true,true,true,true
DECISION_DIAGNOSTICS,decision_invariant,action_permission_granted,false,false,false,true,true,true,true
DECISION_DIAGNOSTICS,decision_invariant,download_action_invoked,false,false,false,true,true,true,true
DECISION_DIAGNOSTICS,decision_invariant,bridge_io_used,false,false,false,true,true,true,true
DECISION_FAILING,decision_invariant,schema_version,"""covapie_bulk_download_stage_orchestration_action_permission_bridge_decision_v1""","""covapie_bulk_download_stage_orchestration_action_permission_bridge_decision_v1""","""covapie_bulk_download_stage_orchestration_action_permission_bridge_decision_v1""",true,true,true,true
DECISION_FAILING,decision_invariant,outcome,"""invalid""","""invalid""","""invalid""",true,true,true,true
DECISION_FAILING,decision_invariant,passed,false,false,false,true,true,true,true
DECISION_FAILING,decision_invariant,blocks_transition,true,true,true,true,true,true,true
DECISION_FAILING,decision_invariant,reason,"""ACTION_PERMISSION_BRIDGE_CALL_SITE_DECISION_INVARIANT_INVALID""","""ACTION_PERMISSION_BRIDGE_CALL_SITE_DECISION_INVARIANT_INVALID""","""ACTION_PERMISSION_BRIDGE_CALL_SITE_DECISION_INVARIANT_INVALID""",true,true,true,true
DECISION_FAILING,decision_invariant,source_scope_id,"""""","""""","""""",true,true,true,true
DECISION_FAILING,decision_invariant,candidate_count,0,0,0,true,true,true,true
DECISION_FAILING,decision_invariant,admit_014_outcome,"""""","""""","""""",true,true,true,true
DECISION_FAILING,decision_invariant,candidate_combined_outcomes,[],[],[],true,true,true,true
DECISION_FAILING,decision_invariant,call_site_decision_outcome,"""""","""""","""""",true,true,true,true
DECISION_FAILING,decision_invariant,call_site_decision_reason,"""""","""""","""""",true,true,true,true
DECISION_FAILING,decision_invariant,invalid_candidate_indexes,[],[],[],true,true,true,true
DECISION_FAILING,decision_invariant,blocked_candidate_indexes,[],[],[],true,true,true,true
DECISION_FAILING,decision_invariant,failing_candidate_indexes,[],[],[],true,true,true,true
DECISION_FAILING,decision_invariant,source_lineage_verified,false,false,false,true,true,true,true
DECISION_FAILING,decision_invariant,transition_eligible,false,false,false,true,true,true,true
DECISION_FAILING,decision_invariant,action_permission_granted,false,false,false,true,true,true,true
DECISION_FAILING,decision_invariant,download_action_invoked,false,false,false,true,true,true,true
DECISION_FAILING,decision_invariant,bridge_io_used,false,false,false,true,true,true,true
DECISION_PERMISSION_TYPE,decision_invariant,schema_version,"""covapie_bulk_download_stage_orchestration_action_permission_bridge_decision_v1""","""covapie_bulk_download_stage_orchestration_action_permission_bridge_decision_v1""","""covapie_bulk_download_stage_orchestration_action_permission_bridge_decision_v1""",true,true,true,true
DECISION_PERMISSION_TYPE,decision_invariant,outcome,"""invalid""","""invalid""","""invalid""",true,true,true,true
DECISION_PERMISSION_TYPE,decision_invariant,passed,false,false,false,true,true,true,true
DECISION_PERMISSION_TYPE,decision_invariant,blocks_transition,true,true,true,true,true,true,true
DECISION_PERMISSION_TYPE,decision_invariant,reason,"""ACTION_PERMISSION_BRIDGE_CALL_SITE_DECISION_INVARIANT_INVALID""","""ACTION_PERMISSION_BRIDGE_CALL_SITE_DECISION_INVARIANT_INVALID""","""ACTION_PERMISSION_BRIDGE_CALL_SITE_DECISION_INVARIANT_INVALID""",true,true,true,true
DECISION_PERMISSION_TYPE,decision_invariant,source_scope_id,"""""","""""","""""",true,true,true,true
DECISION_PERMISSION_TYPE,decision_invariant,candidate_count,0,0,0,true,true,true,true
DECISION_PERMISSION_TYPE,decision_invariant,admit_014_outcome,"""""","""""","""""",true,true,true,true
DECISION_PERMISSION_TYPE,decision_invariant,candidate_combined_outcomes,[],[],[],true,true,true,true
DECISION_PERMISSION_TYPE,decision_invariant,call_site_decision_outcome,"""""","""""","""""",true,true,true,true
DECISION_PERMISSION_TYPE,decision_invariant,call_site_decision_reason,"""""","""""","""""",true,true,true,true
DECISION_PERMISSION_TYPE,decision_invariant,invalid_candidate_indexes,[],[],[],true,true,true,true
DECISION_PERMISSION_TYPE,decision_invariant,blocked_candidate_indexes,[],[],[],true,true,true,true
DECISION_PERMISSION_TYPE,decision_invariant,failing_candidate_indexes,[],[],[],true,true,true,true
DECISION_PERMISSION_TYPE,decision_invariant,source_lineage_verified,false,false,false,true,true,true,true
DECISION_PERMISSION_TYPE,decision_invariant,transition_eligible,false,false,false,true,true,true,true
DECISION_PERMISSION_TYPE,decision_invariant,action_permission_granted,false,false,false,true,true,true,true
DECISION_PERMISSION_TYPE,decision_invariant,download_action_invoked,false,false,false,true,true,true,true
DECISION_PERMISSION_TYPE,decision_invariant,bridge_io_used,false,false,false,true,true,true,true
DECISION_DOWNLOAD_ACTION,decision_invariant,schema_version,"""covapie_bulk_download_stage_orchestration_action_permission_bridge_decision_v1""","""covapie_bulk_download_stage_orchestration_action_permission_bridge_decision_v1""","""covapie_bulk_download_stage_orchestration_action_permission_bridge_decision_v1""",true,true,true,true
DECISION_DOWNLOAD_ACTION,decision_invariant,outcome,"""invalid""","""invalid""","""invalid""",true,true,true,true
DECISION_DOWNLOAD_ACTION,decision_invariant,passed,false,false,false,true,true,true,true
DECISION_DOWNLOAD_ACTION,decision_invariant,blocks_transition,true,true,true,true,true,true,true
DECISION_DOWNLOAD_ACTION,decision_invariant,reason,"""ACTION_PERMISSION_BRIDGE_CALL_SITE_DECISION_INVARIANT_INVALID""","""ACTION_PERMISSION_BRIDGE_CALL_SITE_DECISION_INVARIANT_INVALID""","""ACTION_PERMISSION_BRIDGE_CALL_SITE_DECISION_INVARIANT_INVALID""",true,true,true,true
DECISION_DOWNLOAD_ACTION,decision_invariant,source_scope_id,"""""","""""","""""",true,true,true,true
DECISION_DOWNLOAD_ACTION,decision_invariant,candidate_count,0,0,0,true,true,true,true
DECISION_DOWNLOAD_ACTION,decision_invariant,admit_014_outcome,"""""","""""","""""",true,true,true,true
DECISION_DOWNLOAD_ACTION,decision_invariant,candidate_combined_outcomes,[],[],[],true,true,true,true
DECISION_DOWNLOAD_ACTION,decision_invariant,call_site_decision_outcome,"""""","""""","""""",true,true,true,true
DECISION_DOWNLOAD_ACTION,decision_invariant,call_site_decision_reason,"""""","""""","""""",true,true,true,true
DECISION_DOWNLOAD_ACTION,decision_invariant,invalid_candidate_indexes,[],[],[],true,true,true,true
DECISION_DOWNLOAD_ACTION,decision_invariant,blocked_candidate_indexes,[],[],[],true,true,true,true
DECISION_DOWNLOAD_ACTION,decision_invariant,failing_candidate_indexes,[],[],[],true,true,true,true
DECISION_DOWNLOAD_ACTION,decision_invariant,source_lineage_verified,false,false,false,true,true,true,true
DECISION_DOWNLOAD_ACTION,decision_invariant,transition_eligible,false,false,false,true,true,true,true
DECISION_DOWNLOAD_ACTION,decision_invariant,action_permission_granted,false,false,false,true,true,true,true
DECISION_DOWNLOAD_ACTION,decision_invariant,download_action_invoked,false,false,false,true,true,true,true
DECISION_DOWNLOAD_ACTION,decision_invariant,bridge_io_used,false,false,false,true,true,true,true
DECISION_IO,decision_invariant,schema_version,"""covapie_bulk_download_stage_orchestration_action_permission_bridge_decision_v1""","""covapie_bulk_download_stage_orchestration_action_permission_bridge_decision_v1""","""covapie_bulk_download_stage_orchestration_action_permission_bridge_decision_v1""",true,true,true,true
DECISION_IO,decision_invariant,outcome,"""invalid""","""invalid""","""invalid""",true,true,true,true
DECISION_IO,decision_invariant,passed,false,false,false,true,true,true,true
DECISION_IO,decision_invariant,blocks_transition,true,true,true,true,true,true,true
DECISION_IO,decision_invariant,reason,"""ACTION_PERMISSION_BRIDGE_CALL_SITE_DECISION_INVARIANT_INVALID""","""ACTION_PERMISSION_BRIDGE_CALL_SITE_DECISION_INVARIANT_INVALID""","""ACTION_PERMISSION_BRIDGE_CALL_SITE_DECISION_INVARIANT_INVALID""",true,true,true,true
DECISION_IO,decision_invariant,source_scope_id,"""""","""""","""""",true,true,true,true
DECISION_IO,decision_invariant,candidate_count,0,0,0,true,true,true,true
DECISION_IO,decision_invariant,admit_014_outcome,"""""","""""","""""",true,true,true,true
DECISION_IO,decision_invariant,candidate_combined_outcomes,[],[],[],true,true,true,true
DECISION_IO,decision_invariant,call_site_decision_outcome,"""""","""""","""""",true,true,true,true
DECISION_IO,decision_invariant,call_site_decision_reason,"""""","""""","""""",true,true,true,true
DECISION_IO,decision_invariant,invalid_candidate_indexes,[],[],[],true,true,true,true
DECISION_IO,decision_invariant,blocked_candidate_indexes,[],[],[],true,true,true,true
DECISION_IO,decision_invariant,failing_candidate_indexes,[],[],[],true,true,true,true
DECISION_IO,decision_invariant,source_lineage_verified,false,false,false,true,true,true,true
DECISION_IO,decision_invariant,transition_eligible,false,false,false,true,true,true,true
DECISION_IO,decision_invariant,action_permission_granted,false,false,false,true,true,true,true
DECISION_IO,decision_invariant,download_action_invoked,false,false,false,true,true,true,true
DECISION_IO,decision_invariant,bridge_io_used,false,false,false,true,true,true,true
WRONG_SCOPE,scope_io_transition,schema_version,"""covapie_bulk_download_stage_orchestration_action_permission_bridge_decision_v1""","""covapie_bulk_download_stage_orchestration_action_permission_bridge_decision_v1""","""covapie_bulk_download_stage_orchestration_action_permission_bridge_decision_v1""",true,true,true,true
WRONG_SCOPE,scope_io_transition,outcome,"""invalid""","""invalid""","""invalid""",true,true,true,true
WRONG_SCOPE,scope_io_transition,passed,false,false,false,true,true,true,true
WRONG_SCOPE,scope_io_transition,blocks_transition,true,true,true,true,true,true,true
WRONG_SCOPE,scope_io_transition,reason,"""ACTION_PERMISSION_BRIDGE_STAGE_SCOPE_INVALID""","""ACTION_PERMISSION_BRIDGE_STAGE_SCOPE_INVALID""","""ACTION_PERMISSION_BRIDGE_STAGE_SCOPE_INVALID""",true,true,true,true
WRONG_SCOPE,scope_io_transition,source_scope_id,"""post_download_acceptance_permission""","""post_download_acceptance_permission""","""post_download_acceptance_permission""",true,true,true,true
WRONG_SCOPE,scope_io_transition,candidate_count,1,1,1,true,true,true,true
WRONG_SCOPE,scope_io_transition,admit_014_outcome,"""blocked""","""blocked""","""blocked""",true,true,true,true
WRONG_SCOPE,scope_io_transition,candidate_combined_outcomes,"[""blocked""]","[""blocked""]","[""blocked""]",true,true,true,true
WRONG_SCOPE,scope_io_transition,call_site_decision_outcome,"""invalid""","""invalid""","""invalid""",true,true,true,true
WRONG_SCOPE,scope_io_transition,call_site_decision_reason,"""BULK_DOWNLOAD_STAGE_SCOPE_INVALID""","""BULK_DOWNLOAD_STAGE_SCOPE_INVALID""","""BULK_DOWNLOAD_STAGE_SCOPE_INVALID""",true,true,true,true
WRONG_SCOPE,scope_io_transition,invalid_candidate_indexes,[],[],[],true,true,true,true
WRONG_SCOPE,scope_io_transition,blocked_candidate_indexes,[],[],[],true,true,true,true
WRONG_SCOPE,scope_io_transition,failing_candidate_indexes,[],[],[],true,true,true,true
WRONG_SCOPE,scope_io_transition,source_lineage_verified,false,false,false,true,true,true,true
WRONG_SCOPE,scope_io_transition,transition_eligible,false,false,false,true,true,true,true
WRONG_SCOPE,scope_io_transition,action_permission_granted,false,false,false,true,true,true,true
WRONG_SCOPE,scope_io_transition,download_action_invoked,false,false,false,true,true,true,true
WRONG_SCOPE,scope_io_transition,bridge_io_used,false,false,false,true,true,true,true
ORCHESTRATION_IO,scope_io_transition,schema_version,"""covapie_bulk_download_stage_orchestration_action_permission_bridge_decision_v1""","""covapie_bulk_download_stage_orchestration_action_permission_bridge_decision_v1""","""covapie_bulk_download_stage_orchestration_action_permission_bridge_decision_v1""",true,true,true,true
ORCHESTRATION_IO,scope_io_transition,outcome,"""invalid""","""invalid""","""invalid""",true,true,true,true
ORCHESTRATION_IO,scope_io_transition,passed,false,false,false,true,true,true,true
ORCHESTRATION_IO,scope_io_transition,blocks_transition,true,true,true,true,true,true,true
ORCHESTRATION_IO,scope_io_transition,reason,"""ACTION_PERMISSION_BRIDGE_STAGE_IO_INVARIANT_INVALID""","""ACTION_PERMISSION_BRIDGE_STAGE_IO_INVARIANT_INVALID""","""ACTION_PERMISSION_BRIDGE_STAGE_IO_INVARIANT_INVALID""",true,true,true,true
ORCHESTRATION_IO,scope_io_transition,source_scope_id,"""download_execution_permission""","""download_execution_permission""","""download_execution_permission""",true,true,true,true
ORCHESTRATION_IO,scope_io_transition,candidate_count,1,1,1,true,true,true,true
ORCHESTRATION_IO,scope_io_transition,admit_014_outcome,"""passed""","""passed""","""passed""",true,true,true,true
ORCHESTRATION_IO,scope_io_transition,candidate_combined_outcomes,"[""passed""]","[""passed""]","[""passed""]",true,true,true,true
ORCHESTRATION_IO,scope_io_transition,call_site_decision_outcome,"""invalid""","""invalid""","""invalid""",true,true,true,true
ORCHESTRATION_IO,scope_io_transition,call_site_decision_reason,"""BULK_DOWNLOAD_STAGE_IO_INVARIANT_INVALID""","""BULK_DOWNLOAD_STAGE_IO_INVARIANT_INVALID""","""BULK_DOWNLOAD_STAGE_IO_INVARIANT_INVALID""",true,true,true,true
ORCHESTRATION_IO,scope_io_transition,invalid_candidate_indexes,[],[],[],true,true,true,true
ORCHESTRATION_IO,scope_io_transition,blocked_candidate_indexes,[],[],[],true,true,true,true
ORCHESTRATION_IO,scope_io_transition,failing_candidate_indexes,[],[],[],true,true,true,true
ORCHESTRATION_IO,scope_io_transition,source_lineage_verified,false,false,false,true,true,true,true
ORCHESTRATION_IO,scope_io_transition,transition_eligible,false,false,false,true,true,true,true
ORCHESTRATION_IO,scope_io_transition,action_permission_granted,false,false,false,true,true,true,true
ORCHESTRATION_IO,scope_io_transition,download_action_invoked,false,false,false,true,true,true,true
ORCHESTRATION_IO,scope_io_transition,bridge_io_used,false,false,false,true,true,true,true
SOURCE_TRANSITIONED,scope_io_transition,schema_version,"""covapie_bulk_download_stage_orchestration_action_permission_bridge_decision_v1""","""covapie_bulk_download_stage_orchestration_action_permission_bridge_decision_v1""","""covapie_bulk_download_stage_orchestration_action_permission_bridge_decision_v1""",true,true,true,true
SOURCE_TRANSITIONED,scope_io_transition,outcome,"""invalid""","""invalid""","""invalid""",true,true,true,true
SOURCE_TRANSITIONED,scope_io_transition,passed,false,false,false,true,true,true,true
SOURCE_TRANSITIONED,scope_io_transition,blocks_transition,true,true,true,true,true,true,true
SOURCE_TRANSITIONED,scope_io_transition,reason,"""ACTION_PERMISSION_BRIDGE_SOURCE_ALREADY_TRANSITIONED""","""ACTION_PERMISSION_BRIDGE_SOURCE_ALREADY_TRANSITIONED""","""ACTION_PERMISSION_BRIDGE_SOURCE_ALREADY_TRANSITIONED""",true,true,true,true
SOURCE_TRANSITIONED,scope_io_transition,source_scope_id,"""download_execution_permission""","""download_execution_permission""","""download_execution_permission""",true,true,true,true
SOURCE_TRANSITIONED,scope_io_transition,candidate_count,1,1,1,true,true,true,true
SOURCE_TRANSITIONED,scope_io_transition,admit_014_outcome,"""passed""","""passed""","""passed""",true,true,true,true
SOURCE_TRANSITIONED,scope_io_transition,candidate_combined_outcomes,"[""passed""]","[""passed""]","[""passed""]",true,true,true,true
SOURCE_TRANSITIONED,scope_io_transition,call_site_decision_outcome,"""invalid""","""invalid""","""invalid""",true,true,true,true
SOURCE_TRANSITIONED,scope_io_transition,call_site_decision_reason,"""BULK_DOWNLOAD_ACTION_PERMISSION_TRANSITION_UNAUTHORIZED""","""BULK_DOWNLOAD_ACTION_PERMISSION_TRANSITION_UNAUTHORIZED""","""BULK_DOWNLOAD_ACTION_PERMISSION_TRANSITION_UNAUTHORIZED""",true,true,true,true
SOURCE_TRANSITIONED,scope_io_transition,invalid_candidate_indexes,[],[],[],true,true,true,true
SOURCE_TRANSITIONED,scope_io_transition,blocked_candidate_indexes,[],[],[],true,true,true,true
SOURCE_TRANSITIONED,scope_io_transition,failing_candidate_indexes,[],[],[],true,true,true,true
SOURCE_TRANSITIONED,scope_io_transition,source_lineage_verified,false,false,false,true,true,true,true
SOURCE_TRANSITIONED,scope_io_transition,transition_eligible,false,false,false,true,true,true,true
SOURCE_TRANSITIONED,scope_io_transition,action_permission_granted,false,false,false,true,true,true,true
SOURCE_TRANSITIONED,scope_io_transition,download_action_invoked,false,false,false,true,true,true,true
SOURCE_TRANSITIONED,scope_io_transition,bridge_io_used,false,false,false,true,true,true,true
LINEAGE_CURRENT_VALID,lineage,schema_version,"""covapie_bulk_download_stage_orchestration_action_permission_bridge_decision_v1""","""covapie_bulk_download_stage_orchestration_action_permission_bridge_decision_v1""","""covapie_bulk_download_stage_orchestration_action_permission_bridge_decision_v1""",true,true,true,true
LINEAGE_CURRENT_VALID,lineage,outcome,"""blocked""","""blocked""","""blocked""",true,true,true,true
LINEAGE_CURRENT_VALID,lineage,passed,false,false,false,true,true,true,true
LINEAGE_CURRENT_VALID,lineage,blocks_transition,true,true,true,true,true,true,true
LINEAGE_CURRENT_VALID,lineage,reason,"""ACTION_PERMISSION_BRIDGE_ADMIT_014_NOT_PASSED""","""ACTION_PERMISSION_BRIDGE_ADMIT_014_NOT_PASSED""","""ACTION_PERMISSION_BRIDGE_ADMIT_014_NOT_PASSED""",true,true,true,true
LINEAGE_CURRENT_VALID,lineage,source_scope_id,"""download_execution_permission""","""download_execution_permission""","""download_execution_permission""",true,true,true,true
LINEAGE_CURRENT_VALID,lineage,candidate_count,1,1,1,true,true,true,true
LINEAGE_CURRENT_VALID,lineage,admit_014_outcome,"""blocked""","""blocked""","""blocked""",true,true,true,true
LINEAGE_CURRENT_VALID,lineage,candidate_combined_outcomes,"[""blocked""]","[""blocked""]","[""blocked""]",true,true,true,true
LINEAGE_CURRENT_VALID,lineage,call_site_decision_outcome,"""blocked""","""blocked""","""blocked""",true,true,true,true
LINEAGE_CURRENT_VALID,lineage,call_site_decision_reason,"""BULK_DOWNLOAD_CANDIDATE_VERDICT_BLOCKED""","""BULK_DOWNLOAD_CANDIDATE_VERDICT_BLOCKED""","""BULK_DOWNLOAD_CANDIDATE_VERDICT_BLOCKED""",true,true,true,true
LINEAGE_CURRENT_VALID,lineage,invalid_candidate_indexes,[],[],[],true,true,true,true
LINEAGE_CURRENT_VALID,lineage,blocked_candidate_indexes,[0],[0],[0],true,true,true,true
LINEAGE_CURRENT_VALID,lineage,failing_candidate_indexes,[0],[0],[0],true,true,true,true
LINEAGE_CURRENT_VALID,lineage,source_lineage_verified,true,true,true,true,true,true,true
LINEAGE_CURRENT_VALID,lineage,transition_eligible,false,false,false,true,true,true,true
LINEAGE_CURRENT_VALID,lineage,action_permission_granted,false,false,false,true,true,true,true
LINEAGE_CURRENT_VALID,lineage,download_action_invoked,false,false,false,true,true,true,true
LINEAGE_CURRENT_VALID,lineage,bridge_io_used,false,false,false,true,true,true,true
LINEAGE_ELIGIBLE_VALID,lineage,schema_version,"""covapie_bulk_download_stage_orchestration_action_permission_bridge_decision_v1""","""covapie_bulk_download_stage_orchestration_action_permission_bridge_decision_v1""","""covapie_bulk_download_stage_orchestration_action_permission_bridge_decision_v1""",true,true,true,true
LINEAGE_ELIGIBLE_VALID,lineage,outcome,"""eligible""","""eligible""","""eligible""",true,true,true,true
LINEAGE_ELIGIBLE_VALID,lineage,passed,true,true,true,true,true,true,true
LINEAGE_ELIGIBLE_VALID,lineage,blocks_transition,false,false,false,true,true,true,true
LINEAGE_ELIGIBLE_VALID,lineage,reason,"""ACTION_PERMISSION_BRIDGE_TRANSITION_ELIGIBLE""","""ACTION_PERMISSION_BRIDGE_TRANSITION_ELIGIBLE""","""ACTION_PERMISSION_BRIDGE_TRANSITION_ELIGIBLE""",true,true,true,true
LINEAGE_ELIGIBLE_VALID,lineage,source_scope_id,"""download_execution_permission""","""download_execution_permission""","""download_execution_permission""",true,true,true,true
LINEAGE_ELIGIBLE_VALID,lineage,candidate_count,1,1,1,true,true,true,true
LINEAGE_ELIGIBLE_VALID,lineage,admit_014_outcome,"""passed""","""passed""","""passed""",true,true,true,true
LINEAGE_ELIGIBLE_VALID,lineage,candidate_combined_outcomes,"[""passed""]","[""passed""]","[""passed""]",true,true,true,true
LINEAGE_ELIGIBLE_VALID,lineage,call_site_decision_outcome,"""blocked""","""blocked""","""blocked""",true,true,true,true
LINEAGE_ELIGIBLE_VALID,lineage,call_site_decision_reason,"""BULK_DOWNLOAD_ACTION_PERMISSION_NOT_GRANTED""","""BULK_DOWNLOAD_ACTION_PERMISSION_NOT_GRANTED""","""BULK_DOWNLOAD_ACTION_PERMISSION_NOT_GRANTED""",true,true,true,true
LINEAGE_ELIGIBLE_VALID,lineage,invalid_candidate_indexes,[],[],[],true,true,true,true
LINEAGE_ELIGIBLE_VALID,lineage,blocked_candidate_indexes,[],[],[],true,true,true,true
LINEAGE_ELIGIBLE_VALID,lineage,failing_candidate_indexes,[],[],[],true,true,true,true
LINEAGE_ELIGIBLE_VALID,lineage,source_lineage_verified,true,true,true,true,true,true,true
LINEAGE_ELIGIBLE_VALID,lineage,transition_eligible,true,true,true,true,true,true,true
LINEAGE_ELIGIBLE_VALID,lineage,action_permission_granted,false,false,false,true,true,true,true
LINEAGE_ELIGIBLE_VALID,lineage,download_action_invoked,false,false,false,true,true,true,true
LINEAGE_ELIGIBLE_VALID,lineage,bridge_io_used,false,false,false,true,true,true,true
LINEAGE_COUNT,lineage,schema_version,"""covapie_bulk_download_stage_orchestration_action_permission_bridge_decision_v1""","""covapie_bulk_download_stage_orchestration_action_permission_bridge_decision_v1""","""covapie_bulk_download_stage_orchestration_action_permission_bridge_decision_v1""",true,true,true,true
LINEAGE_COUNT,lineage,outcome,"""invalid""","""invalid""","""invalid""",true,true,true,true
LINEAGE_COUNT,lineage,passed,false,false,false,true,true,true,true
LINEAGE_COUNT,lineage,blocks_transition,true,true,true,true,true,true,true
LINEAGE_COUNT,lineage,reason,"""ACTION_PERMISSION_BRIDGE_SOURCE_LINEAGE_MISMATCH""","""ACTION_PERMISSION_BRIDGE_SOURCE_LINEAGE_MISMATCH""","""ACTION_PERMISSION_BRIDGE_SOURCE_LINEAGE_MISMATCH""",true,true,true,true
LINEAGE_COUNT,lineage,source_scope_id,"""download_execution_permission""","""download_execution_permission""","""download_execution_permission""",true,true,true,true
LINEAGE_COUNT,lineage,candidate_count,1,1,1,true,true,true,true
LINEAGE_COUNT,lineage,admit_014_outcome,"""blocked""","""blocked""","""blocked""",true,true,true,true
LINEAGE_COUNT,lineage,candidate_combined_outcomes,"[""blocked""]","[""blocked""]","[""blocked""]",true,true,true,true
LINEAGE_COUNT,lineage,call_site_decision_outcome,"""blocked""","""blocked""","""blocked""",true,true,true,true
LINEAGE_COUNT,lineage,call_site_decision_reason,"""BULK_DOWNLOAD_CANDIDATE_VERDICT_BLOCKED""","""BULK_DOWNLOAD_CANDIDATE_VERDICT_BLOCKED""","""BULK_DOWNLOAD_CANDIDATE_VERDICT_BLOCKED""",true,true,true,true
LINEAGE_COUNT,lineage,invalid_candidate_indexes,[],[],[],true,true,true,true
LINEAGE_COUNT,lineage,blocked_candidate_indexes,[0],[0],[0],true,true,true,true
LINEAGE_COUNT,lineage,failing_candidate_indexes,[0],[0],[0],true,true,true,true
LINEAGE_COUNT,lineage,source_lineage_verified,false,false,false,true,true,true,true
LINEAGE_COUNT,lineage,transition_eligible,false,false,false,true,true,true,true
LINEAGE_COUNT,lineage,action_permission_granted,false,false,false,true,true,true,true
LINEAGE_COUNT,lineage,download_action_invoked,false,false,false,true,true,true,true
LINEAGE_COUNT,lineage,bridge_io_used,false,false,false,true,true,true,true
LINEAGE_SCOPE,lineage,schema_version,"""covapie_bulk_download_stage_orchestration_action_permission_bridge_decision_v1""","""covapie_bulk_download_stage_orchestration_action_permission_bridge_decision_v1""","""covapie_bulk_download_stage_orchestration_action_permission_bridge_decision_v1""",true,true,true,true
LINEAGE_SCOPE,lineage,outcome,"""invalid""","""invalid""","""invalid""",true,true,true,true
LINEAGE_SCOPE,lineage,passed,false,false,false,true,true,true,true
LINEAGE_SCOPE,lineage,blocks_transition,true,true,true,true,true,true,true
LINEAGE_SCOPE,lineage,reason,"""ACTION_PERMISSION_BRIDGE_SOURCE_LINEAGE_MISMATCH""","""ACTION_PERMISSION_BRIDGE_SOURCE_LINEAGE_MISMATCH""","""ACTION_PERMISSION_BRIDGE_SOURCE_LINEAGE_MISMATCH""",true,true,true,true
LINEAGE_SCOPE,lineage,source_scope_id,"""download_execution_permission""","""download_execution_permission""","""download_execution_permission""",true,true,true,true
LINEAGE_SCOPE,lineage,candidate_count,1,1,1,true,true,true,true
LINEAGE_SCOPE,lineage,admit_014_outcome,"""blocked""","""blocked""","""blocked""",true,true,true,true
LINEAGE_SCOPE,lineage,candidate_combined_outcomes,"[""blocked""]","[""blocked""]","[""blocked""]",true,true,true,true
LINEAGE_SCOPE,lineage,call_site_decision_outcome,"""blocked""","""blocked""","""blocked""",true,true,true,true
LINEAGE_SCOPE,lineage,call_site_decision_reason,"""BULK_DOWNLOAD_CANDIDATE_VERDICT_BLOCKED""","""BULK_DOWNLOAD_CANDIDATE_VERDICT_BLOCKED""","""BULK_DOWNLOAD_CANDIDATE_VERDICT_BLOCKED""",true,true,true,true
LINEAGE_SCOPE,lineage,invalid_candidate_indexes,[],[],[],true,true,true,true
LINEAGE_SCOPE,lineage,blocked_candidate_indexes,[0],[0],[0],true,true,true,true
LINEAGE_SCOPE,lineage,failing_candidate_indexes,[0],[0],[0],true,true,true,true
LINEAGE_SCOPE,lineage,source_lineage_verified,false,false,false,true,true,true,true
LINEAGE_SCOPE,lineage,transition_eligible,false,false,false,true,true,true,true
LINEAGE_SCOPE,lineage,action_permission_granted,false,false,false,true,true,true,true
LINEAGE_SCOPE,lineage,download_action_invoked,false,false,false,true,true,true,true
LINEAGE_SCOPE,lineage,bridge_io_used,false,false,false,true,true,true,true
LINEAGE_DIAGNOSTIC,lineage,schema_version,"""covapie_bulk_download_stage_orchestration_action_permission_bridge_decision_v1""","""covapie_bulk_download_stage_orchestration_action_permission_bridge_decision_v1""","""covapie_bulk_download_stage_orchestration_action_permission_bridge_decision_v1""",true,true,true,true
LINEAGE_DIAGNOSTIC,lineage,outcome,"""invalid""","""invalid""","""invalid""",true,true,true,true
LINEAGE_DIAGNOSTIC,lineage,passed,false,false,false,true,true,true,true
LINEAGE_DIAGNOSTIC,lineage,blocks_transition,true,true,true,true,true,true,true
LINEAGE_DIAGNOSTIC,lineage,reason,"""ACTION_PERMISSION_BRIDGE_SOURCE_LINEAGE_MISMATCH""","""ACTION_PERMISSION_BRIDGE_SOURCE_LINEAGE_MISMATCH""","""ACTION_PERMISSION_BRIDGE_SOURCE_LINEAGE_MISMATCH""",true,true,true,true
LINEAGE_DIAGNOSTIC,lineage,source_scope_id,"""download_execution_permission""","""download_execution_permission""","""download_execution_permission""",true,true,true,true
LINEAGE_DIAGNOSTIC,lineage,candidate_count,1,1,1,true,true,true,true
LINEAGE_DIAGNOSTIC,lineage,admit_014_outcome,"""blocked""","""blocked""","""blocked""",true,true,true,true
LINEAGE_DIAGNOSTIC,lineage,candidate_combined_outcomes,"[""blocked""]","[""blocked""]","[""blocked""]",true,true,true,true
LINEAGE_DIAGNOSTIC,lineage,call_site_decision_outcome,"""blocked""","""blocked""","""blocked""",true,true,true,true
LINEAGE_DIAGNOSTIC,lineage,call_site_decision_reason,"""BULK_DOWNLOAD_CANDIDATE_VERDICT_BLOCKED""","""BULK_DOWNLOAD_CANDIDATE_VERDICT_BLOCKED""","""BULK_DOWNLOAD_CANDIDATE_VERDICT_BLOCKED""",true,true,true,true
LINEAGE_DIAGNOSTIC,lineage,invalid_candidate_indexes,[],[],[],true,true,true,true
LINEAGE_DIAGNOSTIC,lineage,blocked_candidate_indexes,[0],[0],[0],true,true,true,true
LINEAGE_DIAGNOSTIC,lineage,failing_candidate_indexes,[0],[0],[0],true,true,true,true
LINEAGE_DIAGNOSTIC,lineage,source_lineage_verified,false,false,false,true,true,true,true
LINEAGE_DIAGNOSTIC,lineage,transition_eligible,false,false,false,true,true,true,true
LINEAGE_DIAGNOSTIC,lineage,action_permission_granted,false,false,false,true,true,true,true
LINEAGE_DIAGNOSTIC,lineage,download_action_invoked,false,false,false,true,true,true,true
LINEAGE_DIAGNOSTIC,lineage,bridge_io_used,false,false,false,true,true,true,true
LINEAGE_OUTCOME,lineage,schema_version,"""covapie_bulk_download_stage_orchestration_action_permission_bridge_decision_v1""","""covapie_bulk_download_stage_orchestration_action_permission_bridge_decision_v1""","""covapie_bulk_download_stage_orchestration_action_permission_bridge_decision_v1""",true,true,true,true
LINEAGE_OUTCOME,lineage,outcome,"""invalid""","""invalid""","""invalid""",true,true,true,true
LINEAGE_OUTCOME,lineage,passed,false,false,false,true,true,true,true
LINEAGE_OUTCOME,lineage,blocks_transition,true,true,true,true,true,true,true
LINEAGE_OUTCOME,lineage,reason,"""ACTION_PERMISSION_BRIDGE_SOURCE_LINEAGE_MISMATCH""","""ACTION_PERMISSION_BRIDGE_SOURCE_LINEAGE_MISMATCH""","""ACTION_PERMISSION_BRIDGE_SOURCE_LINEAGE_MISMATCH""",true,true,true,true
LINEAGE_OUTCOME,lineage,source_scope_id,"""download_execution_permission""","""download_execution_permission""","""download_execution_permission""",true,true,true,true
LINEAGE_OUTCOME,lineage,candidate_count,1,1,1,true,true,true,true
LINEAGE_OUTCOME,lineage,admit_014_outcome,"""blocked""","""blocked""","""blocked""",true,true,true,true
LINEAGE_OUTCOME,lineage,candidate_combined_outcomes,"[""blocked""]","[""blocked""]","[""blocked""]",true,true,true,true
LINEAGE_OUTCOME,lineage,call_site_decision_outcome,"""invalid""","""invalid""","""invalid""",true,true,true,true
LINEAGE_OUTCOME,lineage,call_site_decision_reason,"""BULK_DOWNLOAD_CANDIDATE_VERDICT_INVALID""","""BULK_DOWNLOAD_CANDIDATE_VERDICT_INVALID""","""BULK_DOWNLOAD_CANDIDATE_VERDICT_INVALID""",true,true,true,true
LINEAGE_OUTCOME,lineage,invalid_candidate_indexes,[],[],[],true,true,true,true
LINEAGE_OUTCOME,lineage,blocked_candidate_indexes,[0],[0],[0],true,true,true,true
LINEAGE_OUTCOME,lineage,failing_candidate_indexes,[0],[0],[0],true,true,true,true
LINEAGE_OUTCOME,lineage,source_lineage_verified,false,false,false,true,true,true,true
LINEAGE_OUTCOME,lineage,transition_eligible,false,false,false,true,true,true,true
LINEAGE_OUTCOME,lineage,action_permission_granted,false,false,false,true,true,true,true
LINEAGE_OUTCOME,lineage,download_action_invoked,false,false,false,true,true,true,true
LINEAGE_OUTCOME,lineage,bridge_io_used,false,false,false,true,true,true,true
LINEAGE_REASON,lineage,schema_version,"""covapie_bulk_download_stage_orchestration_action_permission_bridge_decision_v1""","""covapie_bulk_download_stage_orchestration_action_permission_bridge_decision_v1""","""covapie_bulk_download_stage_orchestration_action_permission_bridge_decision_v1""",true,true,true,true
LINEAGE_REASON,lineage,outcome,"""invalid""","""invalid""","""invalid""",true,true,true,true
LINEAGE_REASON,lineage,passed,false,false,false,true,true,true,true
LINEAGE_REASON,lineage,blocks_transition,true,true,true,true,true,true,true
LINEAGE_REASON,lineage,reason,"""ACTION_PERMISSION_BRIDGE_SOURCE_LINEAGE_MISMATCH""","""ACTION_PERMISSION_BRIDGE_SOURCE_LINEAGE_MISMATCH""","""ACTION_PERMISSION_BRIDGE_SOURCE_LINEAGE_MISMATCH""",true,true,true,true
LINEAGE_REASON,lineage,source_scope_id,"""download_execution_permission""","""download_execution_permission""","""download_execution_permission""",true,true,true,true
LINEAGE_REASON,lineage,candidate_count,1,1,1,true,true,true,true
LINEAGE_REASON,lineage,admit_014_outcome,"""blocked""","""blocked""","""blocked""",true,true,true,true
LINEAGE_REASON,lineage,candidate_combined_outcomes,"[""blocked""]","[""blocked""]","[""blocked""]",true,true,true,true
LINEAGE_REASON,lineage,call_site_decision_outcome,"""blocked""","""blocked""","""blocked""",true,true,true,true
LINEAGE_REASON,lineage,call_site_decision_reason,"""BULK_DOWNLOAD_ACTION_PERMISSION_NOT_GRANTED""","""BULK_DOWNLOAD_ACTION_PERMISSION_NOT_GRANTED""","""BULK_DOWNLOAD_ACTION_PERMISSION_NOT_GRANTED""",true,true,true,true
LINEAGE_REASON,lineage,invalid_candidate_indexes,[],[],[],true,true,true,true
LINEAGE_REASON,lineage,blocked_candidate_indexes,[0],[0],[0],true,true,true,true
LINEAGE_REASON,lineage,failing_candidate_indexes,[0],[0],[0],true,true,true,true
LINEAGE_REASON,lineage,source_lineage_verified,false,false,false,true,true,true,true
LINEAGE_REASON,lineage,transition_eligible,false,false,false,true,true,true,true
LINEAGE_REASON,lineage,action_permission_granted,false,false,false,true,true,true,true
LINEAGE_REASON,lineage,download_action_invoked,false,false,false,true,true,true,true
LINEAGE_REASON,lineage,bridge_io_used,false,false,false,true,true,true,true
LINEAGE_UNRELATED,lineage,schema_version,"""covapie_bulk_download_stage_orchestration_action_permission_bridge_decision_v1""","""covapie_bulk_download_stage_orchestration_action_permission_bridge_decision_v1""","""covapie_bulk_download_stage_orchestration_action_permission_bridge_decision_v1""",true,true,true,true
LINEAGE_UNRELATED,lineage,outcome,"""invalid""","""invalid""","""invalid""",true,true,true,true
LINEAGE_UNRELATED,lineage,passed,false,false,false,true,true,true,true
LINEAGE_UNRELATED,lineage,blocks_transition,true,true,true,true,true,true,true
LINEAGE_UNRELATED,lineage,reason,"""ACTION_PERMISSION_BRIDGE_SOURCE_LINEAGE_MISMATCH""","""ACTION_PERMISSION_BRIDGE_SOURCE_LINEAGE_MISMATCH""","""ACTION_PERMISSION_BRIDGE_SOURCE_LINEAGE_MISMATCH""",true,true,true,true
LINEAGE_UNRELATED,lineage,source_scope_id,"""download_execution_permission""","""download_execution_permission""","""download_execution_permission""",true,true,true,true
LINEAGE_UNRELATED,lineage,candidate_count,1,1,1,true,true,true,true
LINEAGE_UNRELATED,lineage,admit_014_outcome,"""blocked""","""blocked""","""blocked""",true,true,true,true
LINEAGE_UNRELATED,lineage,candidate_combined_outcomes,"[""blocked""]","[""blocked""]","[""blocked""]",true,true,true,true
LINEAGE_UNRELATED,lineage,call_site_decision_outcome,"""invalid""","""invalid""","""invalid""",true,true,true,true
LINEAGE_UNRELATED,lineage,call_site_decision_reason,"""BULK_DOWNLOAD_STAGE_SCOPE_INVALID""","""BULK_DOWNLOAD_STAGE_SCOPE_INVALID""","""BULK_DOWNLOAD_STAGE_SCOPE_INVALID""",true,true,true,true
LINEAGE_UNRELATED,lineage,invalid_candidate_indexes,[],[],[],true,true,true,true
LINEAGE_UNRELATED,lineage,blocked_candidate_indexes,[0],[0],[0],true,true,true,true
LINEAGE_UNRELATED,lineage,failing_candidate_indexes,[0],[0],[0],true,true,true,true
LINEAGE_UNRELATED,lineage,source_lineage_verified,false,false,false,true,true,true,true
LINEAGE_UNRELATED,lineage,transition_eligible,false,false,false,true,true,true,true
LINEAGE_UNRELATED,lineage,action_permission_granted,false,false,false,true,true,true,true
LINEAGE_UNRELATED,lineage,download_action_invoked,false,false,false,true,true,true,true
LINEAGE_UNRELATED,lineage,bridge_io_used,false,false,false,true,true,true,true
CANDIDATE_INVALID,candidate_authority,schema_version,"""covapie_bulk_download_stage_orchestration_action_permission_bridge_decision_v1""","""covapie_bulk_download_stage_orchestration_action_permission_bridge_decision_v1""","""covapie_bulk_download_stage_orchestration_action_permission_bridge_decision_v1""",true,true,true,true
CANDIDATE_INVALID,candidate_authority,outcome,"""invalid""","""invalid""","""invalid""",true,true,true,true
CANDIDATE_INVALID,candidate_authority,passed,false,false,false,true,true,true,true
CANDIDATE_INVALID,candidate_authority,blocks_transition,true,true,true,true,true,true,true
CANDIDATE_INVALID,candidate_authority,reason,"""ACTION_PERMISSION_BRIDGE_CANDIDATE_VERDICT_INVALID""","""ACTION_PERMISSION_BRIDGE_CANDIDATE_VERDICT_INVALID""","""ACTION_PERMISSION_BRIDGE_CANDIDATE_VERDICT_INVALID""",true,true,true,true
CANDIDATE_INVALID,candidate_authority,source_scope_id,"""download_execution_permission""","""download_execution_permission""","""download_execution_permission""",true,true,true,true
CANDIDATE_INVALID,candidate_authority,candidate_count,1,1,1,true,true,true,true
CANDIDATE_INVALID,candidate_authority,admit_014_outcome,"""passed""","""passed""","""passed""",true,true,true,true
CANDIDATE_INVALID,candidate_authority,candidate_combined_outcomes,"[""invalid""]","[""invalid""]","[""invalid""]",true,true,true,true
CANDIDATE_INVALID,candidate_authority,call_site_decision_outcome,"""invalid""","""invalid""","""invalid""",true,true,true,true
CANDIDATE_INVALID,candidate_authority,call_site_decision_reason,"""BULK_DOWNLOAD_CANDIDATE_VERDICT_INVALID""","""BULK_DOWNLOAD_CANDIDATE_VERDICT_INVALID""","""BULK_DOWNLOAD_CANDIDATE_VERDICT_INVALID""",true,true,true,true
CANDIDATE_INVALID,candidate_authority,invalid_candidate_indexes,[0],[0],[0],true,true,true,true
CANDIDATE_INVALID,candidate_authority,blocked_candidate_indexes,[],[],[],true,true,true,true
CANDIDATE_INVALID,candidate_authority,failing_candidate_indexes,[0],[0],[0],true,true,true,true
CANDIDATE_INVALID,candidate_authority,source_lineage_verified,true,true,true,true,true,true,true
CANDIDATE_INVALID,candidate_authority,transition_eligible,false,false,false,true,true,true,true
CANDIDATE_INVALID,candidate_authority,action_permission_granted,false,false,false,true,true,true,true
CANDIDATE_INVALID,candidate_authority,download_action_invoked,false,false,false,true,true,true,true
CANDIDATE_INVALID,candidate_authority,bridge_io_used,false,false,false,true,true,true,true
ADMIT_014_BLOCKED,candidate_authority,schema_version,"""covapie_bulk_download_stage_orchestration_action_permission_bridge_decision_v1""","""covapie_bulk_download_stage_orchestration_action_permission_bridge_decision_v1""","""covapie_bulk_download_stage_orchestration_action_permission_bridge_decision_v1""",true,true,true,true
ADMIT_014_BLOCKED,candidate_authority,outcome,"""blocked""","""blocked""","""blocked""",true,true,true,true
ADMIT_014_BLOCKED,candidate_authority,passed,false,false,false,true,true,true,true
ADMIT_014_BLOCKED,candidate_authority,blocks_transition,true,true,true,true,true,true,true
ADMIT_014_BLOCKED,candidate_authority,reason,"""ACTION_PERMISSION_BRIDGE_ADMIT_014_NOT_PASSED""","""ACTION_PERMISSION_BRIDGE_ADMIT_014_NOT_PASSED""","""ACTION_PERMISSION_BRIDGE_ADMIT_014_NOT_PASSED""",true,true,true,true
ADMIT_014_BLOCKED,candidate_authority,source_scope_id,"""download_execution_permission""","""download_execution_permission""","""download_execution_permission""",true,true,true,true
ADMIT_014_BLOCKED,candidate_authority,candidate_count,1,1,1,true,true,true,true
ADMIT_014_BLOCKED,candidate_authority,admit_014_outcome,"""blocked""","""blocked""","""blocked""",true,true,true,true
ADMIT_014_BLOCKED,candidate_authority,candidate_combined_outcomes,"[""blocked""]","[""blocked""]","[""blocked""]",true,true,true,true
ADMIT_014_BLOCKED,candidate_authority,call_site_decision_outcome,"""blocked""","""blocked""","""blocked""",true,true,true,true
ADMIT_014_BLOCKED,candidate_authority,call_site_decision_reason,"""BULK_DOWNLOAD_CANDIDATE_VERDICT_BLOCKED""","""BULK_DOWNLOAD_CANDIDATE_VERDICT_BLOCKED""","""BULK_DOWNLOAD_CANDIDATE_VERDICT_BLOCKED""",true,true,true,true
ADMIT_014_BLOCKED,candidate_authority,invalid_candidate_indexes,[],[],[],true,true,true,true
ADMIT_014_BLOCKED,candidate_authority,blocked_candidate_indexes,[0],[0],[0],true,true,true,true
ADMIT_014_BLOCKED,candidate_authority,failing_candidate_indexes,[0],[0],[0],true,true,true,true
ADMIT_014_BLOCKED,candidate_authority,source_lineage_verified,true,true,true,true,true,true,true
ADMIT_014_BLOCKED,candidate_authority,transition_eligible,false,false,false,true,true,true,true
ADMIT_014_BLOCKED,candidate_authority,action_permission_granted,false,false,false,true,true,true,true
ADMIT_014_BLOCKED,candidate_authority,download_action_invoked,false,false,false,true,true,true,true
ADMIT_014_BLOCKED,candidate_authority,bridge_io_used,false,false,false,true,true,true,true
OTHER_CANDIDATE_BLOCKED,candidate_authority,schema_version,"""covapie_bulk_download_stage_orchestration_action_permission_bridge_decision_v1""","""covapie_bulk_download_stage_orchestration_action_permission_bridge_decision_v1""","""covapie_bulk_download_stage_orchestration_action_permission_bridge_decision_v1""",true,true,true,true
OTHER_CANDIDATE_BLOCKED,candidate_authority,outcome,"""blocked""","""blocked""","""blocked""",true,true,true,true
OTHER_CANDIDATE_BLOCKED,candidate_authority,passed,false,false,false,true,true,true,true
OTHER_CANDIDATE_BLOCKED,candidate_authority,blocks_transition,true,true,true,true,true,true,true
OTHER_CANDIDATE_BLOCKED,candidate_authority,reason,"""ACTION_PERMISSION_BRIDGE_CANDIDATE_VERDICT_BLOCKED""","""ACTION_PERMISSION_BRIDGE_CANDIDATE_VERDICT_BLOCKED""","""ACTION_PERMISSION_BRIDGE_CANDIDATE_VERDICT_BLOCKED""",true,true,true,true
OTHER_CANDIDATE_BLOCKED,candidate_authority,source_scope_id,"""download_execution_permission""","""download_execution_permission""","""download_execution_permission""",true,true,true,true
OTHER_CANDIDATE_BLOCKED,candidate_authority,candidate_count,1,1,1,true,true,true,true
OTHER_CANDIDATE_BLOCKED,candidate_authority,admit_014_outcome,"""passed""","""passed""","""passed""",true,true,true,true
OTHER_CANDIDATE_BLOCKED,candidate_authority,candidate_combined_outcomes,"[""blocked""]","[""blocked""]","[""blocked""]",true,true,true,true
OTHER_CANDIDATE_BLOCKED,candidate_authority,call_site_decision_outcome,"""blocked""","""blocked""","""blocked""",true,true,true,true
OTHER_CANDIDATE_BLOCKED,candidate_authority,call_site_decision_reason,"""BULK_DOWNLOAD_CANDIDATE_VERDICT_BLOCKED""","""BULK_DOWNLOAD_CANDIDATE_VERDICT_BLOCKED""","""BULK_DOWNLOAD_CANDIDATE_VERDICT_BLOCKED""",true,true,true,true
OTHER_CANDIDATE_BLOCKED,candidate_authority,invalid_candidate_indexes,[],[],[],true,true,true,true
OTHER_CANDIDATE_BLOCKED,candidate_authority,blocked_candidate_indexes,[0],[0],[0],true,true,true,true
OTHER_CANDIDATE_BLOCKED,candidate_authority,failing_candidate_indexes,[0],[0],[0],true,true,true,true
OTHER_CANDIDATE_BLOCKED,candidate_authority,source_lineage_verified,true,true,true,true,true,true,true
OTHER_CANDIDATE_BLOCKED,candidate_authority,transition_eligible,false,false,false,true,true,true,true
OTHER_CANDIDATE_BLOCKED,candidate_authority,action_permission_granted,false,false,false,true,true,true,true
OTHER_CANDIDATE_BLOCKED,candidate_authority,download_action_invoked,false,false,false,true,true,true,true
OTHER_CANDIDATE_BLOCKED,candidate_authority,bridge_io_used,false,false,false,true,true,true,true
DECISION_NOT_PENDING,candidate_authority,schema_version,"""covapie_bulk_download_stage_orchestration_action_permission_bridge_decision_v1""","""covapie_bulk_download_stage_orchestration_action_permission_bridge_decision_v1""","""covapie_bulk_download_stage_orchestration_action_permission_bridge_decision_v1""",true,true,true,true
DECISION_NOT_PENDING,candidate_authority,outcome,"""invalid""","""invalid""","""invalid""",true,true,true,true
DECISION_NOT_PENDING,candidate_authority,passed,false,false,false,true,true,true,true
DECISION_NOT_PENDING,candidate_authority,blocks_transition,true,true,true,true,true,true,true
DECISION_NOT_PENDING,candidate_authority,reason,"""ACTION_PERMISSION_BRIDGE_SOURCE_LINEAGE_MISMATCH""","""ACTION_PERMISSION_BRIDGE_SOURCE_LINEAGE_MISMATCH""","""ACTION_PERMISSION_BRIDGE_SOURCE_LINEAGE_MISMATCH""",true,true,true,true
DECISION_NOT_PENDING,candidate_authority,source_scope_id,"""download_execution_permission""","""download_execution_permission""","""download_execution_permission""",true,true,true,true
DECISION_NOT_PENDING,candidate_authority,candidate_count,1,1,1,true,true,true,true
DECISION_NOT_PENDING,candidate_authority,admit_014_outcome,"""passed""","""passed""","""passed""",true,true,true,true
DECISION_NOT_PENDING,candidate_authority,candidate_combined_outcomes,"[""passed""]","[""passed""]","[""passed""]",true,true,true,true
DECISION_NOT_PENDING,candidate_authority,call_site_decision_outcome,"""authorized""","""authorized""","""authorized""",true,true,true,true
DECISION_NOT_PENDING,candidate_authority,call_site_decision_reason,"""""","""""","""""",true,true,true,true
DECISION_NOT_PENDING,candidate_authority,invalid_candidate_indexes,[],[],[],true,true,true,true
DECISION_NOT_PENDING,candidate_authority,blocked_candidate_indexes,[],[],[],true,true,true,true
DECISION_NOT_PENDING,candidate_authority,failing_candidate_indexes,[],[],[],true,true,true,true
DECISION_NOT_PENDING,candidate_authority,source_lineage_verified,false,false,false,true,true,true,true
DECISION_NOT_PENDING,candidate_authority,transition_eligible,false,false,false,true,true,true,true
DECISION_NOT_PENDING,candidate_authority,action_permission_granted,false,false,false,true,true,true,true
DECISION_NOT_PENDING,candidate_authority,download_action_invoked,false,false,false,true,true,true,true
DECISION_NOT_PENDING,candidate_authority,bridge_io_used,false,false,false,true,true,true,true
FULLY_ELIGIBLE,candidate_authority,schema_version,"""covapie_bulk_download_stage_orchestration_action_permission_bridge_decision_v1""","""covapie_bulk_download_stage_orchestration_action_permission_bridge_decision_v1""","""covapie_bulk_download_stage_orchestration_action_permission_bridge_decision_v1""",true,true,true,true
FULLY_ELIGIBLE,candidate_authority,outcome,"""eligible""","""eligible""","""eligible""",true,true,true,true
FULLY_ELIGIBLE,candidate_authority,passed,true,true,true,true,true,true,true
FULLY_ELIGIBLE,candidate_authority,blocks_transition,false,false,false,true,true,true,true
FULLY_ELIGIBLE,candidate_authority,reason,"""ACTION_PERMISSION_BRIDGE_TRANSITION_ELIGIBLE""","""ACTION_PERMISSION_BRIDGE_TRANSITION_ELIGIBLE""","""ACTION_PERMISSION_BRIDGE_TRANSITION_ELIGIBLE""",true,true,true,true
FULLY_ELIGIBLE,candidate_authority,source_scope_id,"""download_execution_permission""","""download_execution_permission""","""download_execution_permission""",true,true,true,true
FULLY_ELIGIBLE,candidate_authority,candidate_count,1,1,1,true,true,true,true
FULLY_ELIGIBLE,candidate_authority,admit_014_outcome,"""passed""","""passed""","""passed""",true,true,true,true
FULLY_ELIGIBLE,candidate_authority,candidate_combined_outcomes,"[""passed""]","[""passed""]","[""passed""]",true,true,true,true
FULLY_ELIGIBLE,candidate_authority,call_site_decision_outcome,"""blocked""","""blocked""","""blocked""",true,true,true,true
FULLY_ELIGIBLE,candidate_authority,call_site_decision_reason,"""BULK_DOWNLOAD_ACTION_PERMISSION_NOT_GRANTED""","""BULK_DOWNLOAD_ACTION_PERMISSION_NOT_GRANTED""","""BULK_DOWNLOAD_ACTION_PERMISSION_NOT_GRANTED""",true,true,true,true
FULLY_ELIGIBLE,candidate_authority,invalid_candidate_indexes,[],[],[],true,true,true,true
FULLY_ELIGIBLE,candidate_authority,blocked_candidate_indexes,[],[],[],true,true,true,true
FULLY_ELIGIBLE,candidate_authority,failing_candidate_indexes,[],[],[],true,true,true,true
FULLY_ELIGIBLE,candidate_authority,source_lineage_verified,true,true,true,true,true,true,true
FULLY_ELIGIBLE,candidate_authority,transition_eligible,true,true,true,true,true,true,true
FULLY_ELIGIBLE,candidate_authority,action_permission_granted,false,false,false,true,true,true,true
FULLY_ELIGIBLE,candidate_authority,download_action_invoked,false,false,false,true,true,true,true
FULLY_ELIGIBLE,candidate_authority,bridge_io_used,false,false,false,true,true,true,true
PRECEDENCE_STAGE_OVER_SCOPE,precedence,schema_version,"""covapie_bulk_download_stage_orchestration_action_permission_bridge_decision_v1""","""covapie_bulk_download_stage_orchestration_action_permission_bridge_decision_v1""","""covapie_bulk_download_stage_orchestration_action_permission_bridge_decision_v1""",true,true,true,true
PRECEDENCE_STAGE_OVER_SCOPE,precedence,outcome,"""invalid""","""invalid""","""invalid""",true,true,true,true
PRECEDENCE_STAGE_OVER_SCOPE,precedence,passed,false,false,false,true,true,true,true
PRECEDENCE_STAGE_OVER_SCOPE,precedence,blocks_transition,true,true,true,true,true,true,true
PRECEDENCE_STAGE_OVER_SCOPE,precedence,reason,"""ACTION_PERMISSION_BRIDGE_STAGE_RESULT_INVARIANT_INVALID""","""ACTION_PERMISSION_BRIDGE_STAGE_RESULT_INVARIANT_INVALID""","""ACTION_PERMISSION_BRIDGE_STAGE_RESULT_INVARIANT_INVALID""",true,true,true,true
PRECEDENCE_STAGE_OVER_SCOPE,precedence,source_scope_id,"""""","""""","""""",true,true,true,true
PRECEDENCE_STAGE_OVER_SCOPE,precedence,candidate_count,0,0,0,true,true,true,true
PRECEDENCE_STAGE_OVER_SCOPE,precedence,admit_014_outcome,"""""","""""","""""",true,true,true,true
PRECEDENCE_STAGE_OVER_SCOPE,precedence,candidate_combined_outcomes,[],[],[],true,true,true,true
PRECEDENCE_STAGE_OVER_SCOPE,precedence,call_site_decision_outcome,"""""","""""","""""",true,true,true,true
PRECEDENCE_STAGE_OVER_SCOPE,precedence,call_site_decision_reason,"""""","""""","""""",true,true,true,true
PRECEDENCE_STAGE_OVER_SCOPE,precedence,invalid_candidate_indexes,[],[],[],true,true,true,true
PRECEDENCE_STAGE_OVER_SCOPE,precedence,blocked_candidate_indexes,[],[],[],true,true,true,true
PRECEDENCE_STAGE_OVER_SCOPE,precedence,failing_candidate_indexes,[],[],[],true,true,true,true
PRECEDENCE_STAGE_OVER_SCOPE,precedence,source_lineage_verified,false,false,false,true,true,true,true
PRECEDENCE_STAGE_OVER_SCOPE,precedence,transition_eligible,false,false,false,true,true,true,true
PRECEDENCE_STAGE_OVER_SCOPE,precedence,action_permission_granted,false,false,false,true,true,true,true
PRECEDENCE_STAGE_OVER_SCOPE,precedence,download_action_invoked,false,false,false,true,true,true,true
PRECEDENCE_STAGE_OVER_SCOPE,precedence,bridge_io_used,false,false,false,true,true,true,true
PRECEDENCE_DECISION_OVER_SCOPE,precedence,schema_version,"""covapie_bulk_download_stage_orchestration_action_permission_bridge_decision_v1""","""covapie_bulk_download_stage_orchestration_action_permission_bridge_decision_v1""","""covapie_bulk_download_stage_orchestration_action_permission_bridge_decision_v1""",true,true,true,true
PRECEDENCE_DECISION_OVER_SCOPE,precedence,outcome,"""invalid""","""invalid""","""invalid""",true,true,true,true
PRECEDENCE_DECISION_OVER_SCOPE,precedence,passed,false,false,false,true,true,true,true
PRECEDENCE_DECISION_OVER_SCOPE,precedence,blocks_transition,true,true,true,true,true,true,true
PRECEDENCE_DECISION_OVER_SCOPE,precedence,reason,"""ACTION_PERMISSION_BRIDGE_CALL_SITE_DECISION_INVARIANT_INVALID""","""ACTION_PERMISSION_BRIDGE_CALL_SITE_DECISION_INVARIANT_INVALID""","""ACTION_PERMISSION_BRIDGE_CALL_SITE_DECISION_INVARIANT_INVALID""",true,true,true,true
PRECEDENCE_DECISION_OVER_SCOPE,precedence,source_scope_id,"""""","""""","""""",true,true,true,true
PRECEDENCE_DECISION_OVER_SCOPE,precedence,candidate_count,0,0,0,true,true,true,true
PRECEDENCE_DECISION_OVER_SCOPE,precedence,admit_014_outcome,"""""","""""","""""",true,true,true,true
PRECEDENCE_DECISION_OVER_SCOPE,precedence,candidate_combined_outcomes,[],[],[],true,true,true,true
PRECEDENCE_DECISION_OVER_SCOPE,precedence,call_site_decision_outcome,"""""","""""","""""",true,true,true,true
PRECEDENCE_DECISION_OVER_SCOPE,precedence,call_site_decision_reason,"""""","""""","""""",true,true,true,true
PRECEDENCE_DECISION_OVER_SCOPE,precedence,invalid_candidate_indexes,[],[],[],true,true,true,true
PRECEDENCE_DECISION_OVER_SCOPE,precedence,blocked_candidate_indexes,[],[],[],true,true,true,true
PRECEDENCE_DECISION_OVER_SCOPE,precedence,failing_candidate_indexes,[],[],[],true,true,true,true
PRECEDENCE_DECISION_OVER_SCOPE,precedence,source_lineage_verified,false,false,false,true,true,true,true
PRECEDENCE_DECISION_OVER_SCOPE,precedence,transition_eligible,false,false,false,true,true,true,true
PRECEDENCE_DECISION_OVER_SCOPE,precedence,action_permission_granted,false,false,false,true,true,true,true
PRECEDENCE_DECISION_OVER_SCOPE,precedence,download_action_invoked,false,false,false,true,true,true,true
PRECEDENCE_DECISION_OVER_SCOPE,precedence,bridge_io_used,false,false,false,true,true,true,true
PRECEDENCE_SCOPE_OVER_IO,precedence,schema_version,"""covapie_bulk_download_stage_orchestration_action_permission_bridge_decision_v1""","""covapie_bulk_download_stage_orchestration_action_permission_bridge_decision_v1""","""covapie_bulk_download_stage_orchestration_action_permission_bridge_decision_v1""",true,true,true,true
PRECEDENCE_SCOPE_OVER_IO,precedence,outcome,"""invalid""","""invalid""","""invalid""",true,true,true,true
PRECEDENCE_SCOPE_OVER_IO,precedence,passed,false,false,false,true,true,true,true
PRECEDENCE_SCOPE_OVER_IO,precedence,blocks_transition,true,true,true,true,true,true,true
PRECEDENCE_SCOPE_OVER_IO,precedence,reason,"""ACTION_PERMISSION_BRIDGE_STAGE_SCOPE_INVALID""","""ACTION_PERMISSION_BRIDGE_STAGE_SCOPE_INVALID""","""ACTION_PERMISSION_BRIDGE_STAGE_SCOPE_INVALID""",true,true,true,true
PRECEDENCE_SCOPE_OVER_IO,precedence,source_scope_id,"""post_download_acceptance_permission""","""post_download_acceptance_permission""","""post_download_acceptance_permission""",true,true,true,true
PRECEDENCE_SCOPE_OVER_IO,precedence,candidate_count,1,1,1,true,true,true,true
PRECEDENCE_SCOPE_OVER_IO,precedence,admit_014_outcome,"""blocked""","""blocked""","""blocked""",true,true,true,true
PRECEDENCE_SCOPE_OVER_IO,precedence,candidate_combined_outcomes,"[""blocked""]","[""blocked""]","[""blocked""]",true,true,true,true
PRECEDENCE_SCOPE_OVER_IO,precedence,call_site_decision_outcome,"""invalid""","""invalid""","""invalid""",true,true,true,true
PRECEDENCE_SCOPE_OVER_IO,precedence,call_site_decision_reason,"""BULK_DOWNLOAD_STAGE_SCOPE_INVALID""","""BULK_DOWNLOAD_STAGE_SCOPE_INVALID""","""BULK_DOWNLOAD_STAGE_SCOPE_INVALID""",true,true,true,true
PRECEDENCE_SCOPE_OVER_IO,precedence,invalid_candidate_indexes,[],[],[],true,true,true,true
PRECEDENCE_SCOPE_OVER_IO,precedence,blocked_candidate_indexes,[],[],[],true,true,true,true
PRECEDENCE_SCOPE_OVER_IO,precedence,failing_candidate_indexes,[],[],[],true,true,true,true
PRECEDENCE_SCOPE_OVER_IO,precedence,source_lineage_verified,false,false,false,true,true,true,true
PRECEDENCE_SCOPE_OVER_IO,precedence,transition_eligible,false,false,false,true,true,true,true
PRECEDENCE_SCOPE_OVER_IO,precedence,action_permission_granted,false,false,false,true,true,true,true
PRECEDENCE_SCOPE_OVER_IO,precedence,download_action_invoked,false,false,false,true,true,true,true
PRECEDENCE_SCOPE_OVER_IO,precedence,bridge_io_used,false,false,false,true,true,true,true
PRECEDENCE_IO_OVER_TRANSITION,precedence,schema_version,"""covapie_bulk_download_stage_orchestration_action_permission_bridge_decision_v1""","""covapie_bulk_download_stage_orchestration_action_permission_bridge_decision_v1""","""covapie_bulk_download_stage_orchestration_action_permission_bridge_decision_v1""",true,true,true,true
PRECEDENCE_IO_OVER_TRANSITION,precedence,outcome,"""invalid""","""invalid""","""invalid""",true,true,true,true
PRECEDENCE_IO_OVER_TRANSITION,precedence,passed,false,false,false,true,true,true,true
PRECEDENCE_IO_OVER_TRANSITION,precedence,blocks_transition,true,true,true,true,true,true,true
PRECEDENCE_IO_OVER_TRANSITION,precedence,reason,"""ACTION_PERMISSION_BRIDGE_STAGE_IO_INVARIANT_INVALID""","""ACTION_PERMISSION_BRIDGE_STAGE_IO_INVARIANT_INVALID""","""ACTION_PERMISSION_BRIDGE_STAGE_IO_INVARIANT_INVALID""",true,true,true,true
PRECEDENCE_IO_OVER_TRANSITION,precedence,source_scope_id,"""download_execution_permission""","""download_execution_permission""","""download_execution_permission""",true,true,true,true
PRECEDENCE_IO_OVER_TRANSITION,precedence,candidate_count,1,1,1,true,true,true,true
PRECEDENCE_IO_OVER_TRANSITION,precedence,admit_014_outcome,"""passed""","""passed""","""passed""",true,true,true,true
PRECEDENCE_IO_OVER_TRANSITION,precedence,candidate_combined_outcomes,"[""passed""]","[""passed""]","[""passed""]",true,true,true,true
PRECEDENCE_IO_OVER_TRANSITION,precedence,call_site_decision_outcome,"""blocked""","""blocked""","""blocked""",true,true,true,true
PRECEDENCE_IO_OVER_TRANSITION,precedence,call_site_decision_reason,"""BULK_DOWNLOAD_ACTION_PERMISSION_NOT_GRANTED""","""BULK_DOWNLOAD_ACTION_PERMISSION_NOT_GRANTED""","""BULK_DOWNLOAD_ACTION_PERMISSION_NOT_GRANTED""",true,true,true,true
PRECEDENCE_IO_OVER_TRANSITION,precedence,invalid_candidate_indexes,[],[],[],true,true,true,true
PRECEDENCE_IO_OVER_TRANSITION,precedence,blocked_candidate_indexes,[],[],[],true,true,true,true
PRECEDENCE_IO_OVER_TRANSITION,precedence,failing_candidate_indexes,[],[],[],true,true,true,true
PRECEDENCE_IO_OVER_TRANSITION,precedence,source_lineage_verified,false,false,false,true,true,true,true
PRECEDENCE_IO_OVER_TRANSITION,precedence,transition_eligible,false,false,false,true,true,true,true
PRECEDENCE_IO_OVER_TRANSITION,precedence,action_permission_granted,false,false,false,true,true,true,true
PRECEDENCE_IO_OVER_TRANSITION,precedence,download_action_invoked,false,false,false,true,true,true,true
PRECEDENCE_IO_OVER_TRANSITION,precedence,bridge_io_used,false,false,false,true,true,true,true
PRECEDENCE_TRANSITION_OVER_LINEAGE,precedence,schema_version,"""covapie_bulk_download_stage_orchestration_action_permission_bridge_decision_v1""","""covapie_bulk_download_stage_orchestration_action_permission_bridge_decision_v1""","""covapie_bulk_download_stage_orchestration_action_permission_bridge_decision_v1""",true,true,true,true
PRECEDENCE_TRANSITION_OVER_LINEAGE,precedence,outcome,"""invalid""","""invalid""","""invalid""",true,true,true,true
PRECEDENCE_TRANSITION_OVER_LINEAGE,precedence,passed,false,false,false,true,true,true,true
PRECEDENCE_TRANSITION_OVER_LINEAGE,precedence,blocks_transition,true,true,true,true,true,true,true
PRECEDENCE_TRANSITION_OVER_LINEAGE,precedence,reason,"""ACTION_PERMISSION_BRIDGE_SOURCE_ALREADY_TRANSITIONED""","""ACTION_PERMISSION_BRIDGE_SOURCE_ALREADY_TRANSITIONED""","""ACTION_PERMISSION_BRIDGE_SOURCE_ALREADY_TRANSITIONED""",true,true,true,true
PRECEDENCE_TRANSITION_OVER_LINEAGE,precedence,source_scope_id,"""download_execution_permission""","""download_execution_permission""","""download_execution_permission""",true,true,true,true
PRECEDENCE_TRANSITION_OVER_LINEAGE,precedence,candidate_count,1,1,1,true,true,true,true
PRECEDENCE_TRANSITION_OVER_LINEAGE,precedence,admit_014_outcome,"""passed""","""passed""","""passed""",true,true,true,true
PRECEDENCE_TRANSITION_OVER_LINEAGE,precedence,candidate_combined_outcomes,"[""passed""]","[""passed""]","[""passed""]",true,true,true,true
PRECEDENCE_TRANSITION_OVER_LINEAGE,precedence,call_site_decision_outcome,"""invalid""","""invalid""","""invalid""",true,true,true,true
PRECEDENCE_TRANSITION_OVER_LINEAGE,precedence,call_site_decision_reason,"""BULK_DOWNLOAD_STAGE_SCOPE_INVALID""","""BULK_DOWNLOAD_STAGE_SCOPE_INVALID""","""BULK_DOWNLOAD_STAGE_SCOPE_INVALID""",true,true,true,true
PRECEDENCE_TRANSITION_OVER_LINEAGE,precedence,invalid_candidate_indexes,[],[],[],true,true,true,true
PRECEDENCE_TRANSITION_OVER_LINEAGE,precedence,blocked_candidate_indexes,[],[],[],true,true,true,true
PRECEDENCE_TRANSITION_OVER_LINEAGE,precedence,failing_candidate_indexes,[],[],[],true,true,true,true
PRECEDENCE_TRANSITION_OVER_LINEAGE,precedence,source_lineage_verified,false,false,false,true,true,true,true
PRECEDENCE_TRANSITION_OVER_LINEAGE,precedence,transition_eligible,false,false,false,true,true,true,true
PRECEDENCE_TRANSITION_OVER_LINEAGE,precedence,action_permission_granted,false,false,false,true,true,true,true
PRECEDENCE_TRANSITION_OVER_LINEAGE,precedence,download_action_invoked,false,false,false,true,true,true,true
PRECEDENCE_TRANSITION_OVER_LINEAGE,precedence,bridge_io_used,false,false,false,true,true,true,true
PRECEDENCE_LINEAGE_OVER_BUSINESS,precedence,schema_version,"""covapie_bulk_download_stage_orchestration_action_permission_bridge_decision_v1""","""covapie_bulk_download_stage_orchestration_action_permission_bridge_decision_v1""","""covapie_bulk_download_stage_orchestration_action_permission_bridge_decision_v1""",true,true,true,true
PRECEDENCE_LINEAGE_OVER_BUSINESS,precedence,outcome,"""invalid""","""invalid""","""invalid""",true,true,true,true
PRECEDENCE_LINEAGE_OVER_BUSINESS,precedence,passed,false,false,false,true,true,true,true
PRECEDENCE_LINEAGE_OVER_BUSINESS,precedence,blocks_transition,true,true,true,true,true,true,true
PRECEDENCE_LINEAGE_OVER_BUSINESS,precedence,reason,"""ACTION_PERMISSION_BRIDGE_SOURCE_LINEAGE_MISMATCH""","""ACTION_PERMISSION_BRIDGE_SOURCE_LINEAGE_MISMATCH""","""ACTION_PERMISSION_BRIDGE_SOURCE_LINEAGE_MISMATCH""",true,true,true,true
PRECEDENCE_LINEAGE_OVER_BUSINESS,precedence,source_scope_id,"""download_execution_permission""","""download_execution_permission""","""download_execution_permission""",true,true,true,true
PRECEDENCE_LINEAGE_OVER_BUSINESS,precedence,candidate_count,1,1,1,true,true,true,true
PRECEDENCE_LINEAGE_OVER_BUSINESS,precedence,admit_014_outcome,"""blocked""","""blocked""","""blocked""",true,true,true,true
PRECEDENCE_LINEAGE_OVER_BUSINESS,precedence,candidate_combined_outcomes,"[""blocked""]","[""blocked""]","[""blocked""]",true,true,true,true
PRECEDENCE_LINEAGE_OVER_BUSINESS,precedence,call_site_decision_outcome,"""blocked""","""blocked""","""blocked""",true,true,true,true
PRECEDENCE_LINEAGE_OVER_BUSINESS,precedence,call_site_decision_reason,"""BULK_DOWNLOAD_CANDIDATE_VERDICT_BLOCKED""","""BULK_DOWNLOAD_CANDIDATE_VERDICT_BLOCKED""","""BULK_DOWNLOAD_CANDIDATE_VERDICT_BLOCKED""",true,true,true,true
PRECEDENCE_LINEAGE_OVER_BUSINESS,precedence,invalid_candidate_indexes,[],[],[],true,true,true,true
PRECEDENCE_LINEAGE_OVER_BUSINESS,precedence,blocked_candidate_indexes,[0],[0],[0],true,true,true,true
PRECEDENCE_LINEAGE_OVER_BUSINESS,precedence,failing_candidate_indexes,[0],[0],[0],true,true,true,true
PRECEDENCE_LINEAGE_OVER_BUSINESS,precedence,source_lineage_verified,false,false,false,true,true,true,true
PRECEDENCE_LINEAGE_OVER_BUSINESS,precedence,transition_eligible,false,false,false,true,true,true,true
PRECEDENCE_LINEAGE_OVER_BUSINESS,precedence,action_permission_granted,false,false,false,true,true,true,true
PRECEDENCE_LINEAGE_OVER_BUSINESS,precedence,download_action_invoked,false,false,false,true,true,true,true
PRECEDENCE_LINEAGE_OVER_BUSINESS,precedence,bridge_io_used,false,false,false,true,true,true,true
PRECEDENCE_INVALID_OVER_ADMIT,precedence,schema_version,"""covapie_bulk_download_stage_orchestration_action_permission_bridge_decision_v1""","""covapie_bulk_download_stage_orchestration_action_permission_bridge_decision_v1""","""covapie_bulk_download_stage_orchestration_action_permission_bridge_decision_v1""",true,true,true,true
PRECEDENCE_INVALID_OVER_ADMIT,precedence,outcome,"""invalid""","""invalid""","""invalid""",true,true,true,true
PRECEDENCE_INVALID_OVER_ADMIT,precedence,passed,false,false,false,true,true,true,true
PRECEDENCE_INVALID_OVER_ADMIT,precedence,blocks_transition,true,true,true,true,true,true,true
PRECEDENCE_INVALID_OVER_ADMIT,precedence,reason,"""ACTION_PERMISSION_BRIDGE_CANDIDATE_VERDICT_INVALID""","""ACTION_PERMISSION_BRIDGE_CANDIDATE_VERDICT_INVALID""","""ACTION_PERMISSION_BRIDGE_CANDIDATE_VERDICT_INVALID""",true,true,true,true
PRECEDENCE_INVALID_OVER_ADMIT,precedence,source_scope_id,"""download_execution_permission""","""download_execution_permission""","""download_execution_permission""",true,true,true,true
PRECEDENCE_INVALID_OVER_ADMIT,precedence,candidate_count,1,1,1,true,true,true,true
PRECEDENCE_INVALID_OVER_ADMIT,precedence,admit_014_outcome,"""blocked""","""blocked""","""blocked""",true,true,true,true
PRECEDENCE_INVALID_OVER_ADMIT,precedence,candidate_combined_outcomes,"[""invalid""]","[""invalid""]","[""invalid""]",true,true,true,true
PRECEDENCE_INVALID_OVER_ADMIT,precedence,call_site_decision_outcome,"""invalid""","""invalid""","""invalid""",true,true,true,true
PRECEDENCE_INVALID_OVER_ADMIT,precedence,call_site_decision_reason,"""BULK_DOWNLOAD_CANDIDATE_VERDICT_INVALID""","""BULK_DOWNLOAD_CANDIDATE_VERDICT_INVALID""","""BULK_DOWNLOAD_CANDIDATE_VERDICT_INVALID""",true,true,true,true
PRECEDENCE_INVALID_OVER_ADMIT,precedence,invalid_candidate_indexes,[0],[0],[0],true,true,true,true
PRECEDENCE_INVALID_OVER_ADMIT,precedence,blocked_candidate_indexes,[],[],[],true,true,true,true
PRECEDENCE_INVALID_OVER_ADMIT,precedence,failing_candidate_indexes,[0],[0],[0],true,true,true,true
PRECEDENCE_INVALID_OVER_ADMIT,precedence,source_lineage_verified,true,true,true,true,true,true,true
PRECEDENCE_INVALID_OVER_ADMIT,precedence,transition_eligible,false,false,false,true,true,true,true
PRECEDENCE_INVALID_OVER_ADMIT,precedence,action_permission_granted,false,false,false,true,true,true,true
PRECEDENCE_INVALID_OVER_ADMIT,precedence,download_action_invoked,false,false,false,true,true,true,true
PRECEDENCE_INVALID_OVER_ADMIT,precedence,bridge_io_used,false,false,false,true,true,true,true
PRECEDENCE_ADMIT_OVER_BLOCKED,precedence,schema_version,"""covapie_bulk_download_stage_orchestration_action_permission_bridge_decision_v1""","""covapie_bulk_download_stage_orchestration_action_permission_bridge_decision_v1""","""covapie_bulk_download_stage_orchestration_action_permission_bridge_decision_v1""",true,true,true,true
PRECEDENCE_ADMIT_OVER_BLOCKED,precedence,outcome,"""blocked""","""blocked""","""blocked""",true,true,true,true
PRECEDENCE_ADMIT_OVER_BLOCKED,precedence,passed,false,false,false,true,true,true,true
PRECEDENCE_ADMIT_OVER_BLOCKED,precedence,blocks_transition,true,true,true,true,true,true,true
PRECEDENCE_ADMIT_OVER_BLOCKED,precedence,reason,"""ACTION_PERMISSION_BRIDGE_ADMIT_014_NOT_PASSED""","""ACTION_PERMISSION_BRIDGE_ADMIT_014_NOT_PASSED""","""ACTION_PERMISSION_BRIDGE_ADMIT_014_NOT_PASSED""",true,true,true,true
PRECEDENCE_ADMIT_OVER_BLOCKED,precedence,source_scope_id,"""download_execution_permission""","""download_execution_permission""","""download_execution_permission""",true,true,true,true
PRECEDENCE_ADMIT_OVER_BLOCKED,precedence,candidate_count,1,1,1,true,true,true,true
PRECEDENCE_ADMIT_OVER_BLOCKED,precedence,admit_014_outcome,"""blocked""","""blocked""","""blocked""",true,true,true,true
PRECEDENCE_ADMIT_OVER_BLOCKED,precedence,candidate_combined_outcomes,"[""blocked""]","[""blocked""]","[""blocked""]",true,true,true,true
PRECEDENCE_ADMIT_OVER_BLOCKED,precedence,call_site_decision_outcome,"""blocked""","""blocked""","""blocked""",true,true,true,true
PRECEDENCE_ADMIT_OVER_BLOCKED,precedence,call_site_decision_reason,"""BULK_DOWNLOAD_CANDIDATE_VERDICT_BLOCKED""","""BULK_DOWNLOAD_CANDIDATE_VERDICT_BLOCKED""","""BULK_DOWNLOAD_CANDIDATE_VERDICT_BLOCKED""",true,true,true,true
PRECEDENCE_ADMIT_OVER_BLOCKED,precedence,invalid_candidate_indexes,[],[],[],true,true,true,true
PRECEDENCE_ADMIT_OVER_BLOCKED,precedence,blocked_candidate_indexes,[0],[0],[0],true,true,true,true
PRECEDENCE_ADMIT_OVER_BLOCKED,precedence,failing_candidate_indexes,[0],[0],[0],true,true,true,true
PRECEDENCE_ADMIT_OVER_BLOCKED,precedence,source_lineage_verified,true,true,true,true,true,true,true
PRECEDENCE_ADMIT_OVER_BLOCKED,precedence,transition_eligible,false,false,false,true,true,true,true
PRECEDENCE_ADMIT_OVER_BLOCKED,precedence,action_permission_granted,false,false,false,true,true,true,true
PRECEDENCE_ADMIT_OVER_BLOCKED,precedence,download_action_invoked,false,false,false,true,true,true,true
PRECEDENCE_ADMIT_OVER_BLOCKED,precedence,bridge_io_used,false,false,false,true,true,true,true
PRECEDENCE_BLOCKED_OVER_ELIGIBLE,precedence,schema_version,"""covapie_bulk_download_stage_orchestration_action_permission_bridge_decision_v1""","""covapie_bulk_download_stage_orchestration_action_permission_bridge_decision_v1""","""covapie_bulk_download_stage_orchestration_action_permission_bridge_decision_v1""",true,true,true,true
PRECEDENCE_BLOCKED_OVER_ELIGIBLE,precedence,outcome,"""blocked""","""blocked""","""blocked""",true,true,true,true
PRECEDENCE_BLOCKED_OVER_ELIGIBLE,precedence,passed,false,false,false,true,true,true,true
PRECEDENCE_BLOCKED_OVER_ELIGIBLE,precedence,blocks_transition,true,true,true,true,true,true,true
PRECEDENCE_BLOCKED_OVER_ELIGIBLE,precedence,reason,"""ACTION_PERMISSION_BRIDGE_CANDIDATE_VERDICT_BLOCKED""","""ACTION_PERMISSION_BRIDGE_CANDIDATE_VERDICT_BLOCKED""","""ACTION_PERMISSION_BRIDGE_CANDIDATE_VERDICT_BLOCKED""",true,true,true,true
PRECEDENCE_BLOCKED_OVER_ELIGIBLE,precedence,source_scope_id,"""download_execution_permission""","""download_execution_permission""","""download_execution_permission""",true,true,true,true
PRECEDENCE_BLOCKED_OVER_ELIGIBLE,precedence,candidate_count,1,1,1,true,true,true,true
PRECEDENCE_BLOCKED_OVER_ELIGIBLE,precedence,admit_014_outcome,"""passed""","""passed""","""passed""",true,true,true,true
PRECEDENCE_BLOCKED_OVER_ELIGIBLE,precedence,candidate_combined_outcomes,"[""blocked""]","[""blocked""]","[""blocked""]",true,true,true,true
PRECEDENCE_BLOCKED_OVER_ELIGIBLE,precedence,call_site_decision_outcome,"""blocked""","""blocked""","""blocked""",true,true,true,true
PRECEDENCE_BLOCKED_OVER_ELIGIBLE,precedence,call_site_decision_reason,"""BULK_DOWNLOAD_CANDIDATE_VERDICT_BLOCKED""","""BULK_DOWNLOAD_CANDIDATE_VERDICT_BLOCKED""","""BULK_DOWNLOAD_CANDIDATE_VERDICT_BLOCKED""",true,true,true,true
PRECEDENCE_BLOCKED_OVER_ELIGIBLE,precedence,invalid_candidate_indexes,[],[],[],true,true,true,true
PRECEDENCE_BLOCKED_OVER_ELIGIBLE,precedence,blocked_candidate_indexes,[0],[0],[0],true,true,true,true
PRECEDENCE_BLOCKED_OVER_ELIGIBLE,precedence,failing_candidate_indexes,[0],[0],[0],true,true,true,true
PRECEDENCE_BLOCKED_OVER_ELIGIBLE,precedence,source_lineage_verified,true,true,true,true,true,true,true
PRECEDENCE_BLOCKED_OVER_ELIGIBLE,precedence,transition_eligible,false,false,false,true,true,true,true
PRECEDENCE_BLOCKED_OVER_ELIGIBLE,precedence,action_permission_granted,false,false,false,true,true,true,true
PRECEDENCE_BLOCKED_OVER_ELIGIBLE,precedence,download_action_invoked,false,false,false,true,true,true,true
PRECEDENCE_BLOCKED_OVER_ELIGIBLE,precedence,bridge_io_used,false,false,false,true,true,true,true
PRECEDENCE_NOT_PENDING_OVER_ELIGIBLE,precedence,schema_version,"""covapie_bulk_download_stage_orchestration_action_permission_bridge_decision_v1""","""covapie_bulk_download_stage_orchestration_action_permission_bridge_decision_v1""","""covapie_bulk_download_stage_orchestration_action_permission_bridge_decision_v1""",true,true,true,true
PRECEDENCE_NOT_PENDING_OVER_ELIGIBLE,precedence,outcome,"""invalid""","""invalid""","""invalid""",true,true,true,true
PRECEDENCE_NOT_PENDING_OVER_ELIGIBLE,precedence,passed,false,false,false,true,true,true,true
PRECEDENCE_NOT_PENDING_OVER_ELIGIBLE,precedence,blocks_transition,true,true,true,true,true,true,true
PRECEDENCE_NOT_PENDING_OVER_ELIGIBLE,precedence,reason,"""ACTION_PERMISSION_BRIDGE_SOURCE_LINEAGE_MISMATCH""","""ACTION_PERMISSION_BRIDGE_SOURCE_LINEAGE_MISMATCH""","""ACTION_PERMISSION_BRIDGE_SOURCE_LINEAGE_MISMATCH""",true,true,true,true
PRECEDENCE_NOT_PENDING_OVER_ELIGIBLE,precedence,source_scope_id,"""download_execution_permission""","""download_execution_permission""","""download_execution_permission""",true,true,true,true
PRECEDENCE_NOT_PENDING_OVER_ELIGIBLE,precedence,candidate_count,1,1,1,true,true,true,true
PRECEDENCE_NOT_PENDING_OVER_ELIGIBLE,precedence,admit_014_outcome,"""passed""","""passed""","""passed""",true,true,true,true
PRECEDENCE_NOT_PENDING_OVER_ELIGIBLE,precedence,candidate_combined_outcomes,"[""passed""]","[""passed""]","[""passed""]",true,true,true,true
PRECEDENCE_NOT_PENDING_OVER_ELIGIBLE,precedence,call_site_decision_outcome,"""authorized""","""authorized""","""authorized""",true,true,true,true
PRECEDENCE_NOT_PENDING_OVER_ELIGIBLE,precedence,call_site_decision_reason,"""""","""""","""""",true,true,true,true
PRECEDENCE_NOT_PENDING_OVER_ELIGIBLE,precedence,invalid_candidate_indexes,[],[],[],true,true,true,true
PRECEDENCE_NOT_PENDING_OVER_ELIGIBLE,precedence,blocked_candidate_indexes,[],[],[],true,true,true,true
PRECEDENCE_NOT_PENDING_OVER_ELIGIBLE,precedence,failing_candidate_indexes,[],[],[],true,true,true,true
PRECEDENCE_NOT_PENDING_OVER_ELIGIBLE,precedence,source_lineage_verified,false,false,false,true,true,true,true
PRECEDENCE_NOT_PENDING_OVER_ELIGIBLE,precedence,transition_eligible,false,false,false,true,true,true,true
PRECEDENCE_NOT_PENDING_OVER_ELIGIBLE,precedence,action_permission_granted,false,false,false,true,true,true,true
PRECEDENCE_NOT_PENDING_OVER_ELIGIBLE,precedence,download_action_invoked,false,false,false,true,true,true,true
PRECEDENCE_NOT_PENDING_OVER_ELIGIBLE,precedence,bridge_io_used,false,false,false,true,true,true,true
PRECEDENCE_ELIGIBLE,precedence,schema_version,"""covapie_bulk_download_stage_orchestration_action_permission_bridge_decision_v1""","""covapie_bulk_download_stage_orchestration_action_permission_bridge_decision_v1""","""covapie_bulk_download_stage_orchestration_action_permission_bridge_decision_v1""",true,true,true,true
PRECEDENCE_ELIGIBLE,precedence,outcome,"""eligible""","""eligible""","""eligible""",true,true,true,true
PRECEDENCE_ELIGIBLE,precedence,passed,true,true,true,true,true,true,true
PRECEDENCE_ELIGIBLE,precedence,blocks_transition,false,false,false,true,true,true,true
PRECEDENCE_ELIGIBLE,precedence,reason,"""ACTION_PERMISSION_BRIDGE_TRANSITION_ELIGIBLE""","""ACTION_PERMISSION_BRIDGE_TRANSITION_ELIGIBLE""","""ACTION_PERMISSION_BRIDGE_TRANSITION_ELIGIBLE""",true,true,true,true
PRECEDENCE_ELIGIBLE,precedence,source_scope_id,"""download_execution_permission""","""download_execution_permission""","""download_execution_permission""",true,true,true,true
PRECEDENCE_ELIGIBLE,precedence,candidate_count,1,1,1,true,true,true,true
PRECEDENCE_ELIGIBLE,precedence,admit_014_outcome,"""passed""","""passed""","""passed""",true,true,true,true
PRECEDENCE_ELIGIBLE,precedence,candidate_combined_outcomes,"[""passed""]","[""passed""]","[""passed""]",true,true,true,true
PRECEDENCE_ELIGIBLE,precedence,call_site_decision_outcome,"""blocked""","""blocked""","""blocked""",true,true,true,true
PRECEDENCE_ELIGIBLE,precedence,call_site_decision_reason,"""BULK_DOWNLOAD_ACTION_PERMISSION_NOT_GRANTED""","""BULK_DOWNLOAD_ACTION_PERMISSION_NOT_GRANTED""","""BULK_DOWNLOAD_ACTION_PERMISSION_NOT_GRANTED""",true,true,true,true
PRECEDENCE_ELIGIBLE,precedence,invalid_candidate_indexes,[],[],[],true,true,true,true
PRECEDENCE_ELIGIBLE,precedence,blocked_candidate_indexes,[],[],[],true,true,true,true
PRECEDENCE_ELIGIBLE,precedence,failing_candidate_indexes,[],[],[],true,true,true,true
PRECEDENCE_ELIGIBLE,precedence,source_lineage_verified,true,true,true,true,true,true,true
PRECEDENCE_ELIGIBLE,precedence,transition_eligible,true,true,true,true,true,true,true
PRECEDENCE_ELIGIBLE,precedence,action_permission_granted,false,false,false,true,true,true,true
PRECEDENCE_ELIGIBLE,precedence,download_action_invoked,false,false,false,true,true,true,true
PRECEDENCE_ELIGIBLE,precedence,bridge_io_used,false,false,false,true,true,true,true
