canonical_event_id,training_domain_relevance_status,human_review_required,source_dataset,source_record_id,evidence_field,evidence_value,evidence_used_for_machine_status,evidence_role,source_payload_sha256,event_source_payload_sha256s_json,binding_artifact_path,binding_artifact_sha256,source_annotation_is_production_authority,classification_rule
COVAPIE_CYS_SG_EVENT_V1:1BJG:A:CYS:146-:SG:B:UFP:C6,TASK_RELEVANCE_EVIDENCE_INSUFFICIENT,true,SOURCE_COVPDB,CovPDB_complexes/1bjg/1bjg.pdb#LINK00478,source_annotations.covalent_event,explicit PDB LINK CYS-SG to ligand endpoint,false,SUPPORTING_TRIAGE_EVIDENCE_ONLY,6d05249c83ad24589fd4280c2a8e5665d839cf8ee6c33b5ea0949b40fbe04220,"[""6b9c7853c1412c5375080806ae9bdf098de6524f395fe520dcba0a442f502d28"",""6d05249c83ad24589fd4280c2a8e5665d839cf8ee6c33b5ea0949b40fbe04220""]",data/derived/covalent_small/covapie_bulk_cys_sg_dataset_expansion_v1/bulk_pilot_v1/cross_source_canonical_event_manifest_v1.json,d3f35987af92fca669b85d62a86914c7a01bf35d867c4a779e7fc08e76445dae,false,NO_SPECIALIST_REACTION_FIELD; HUMAN REVIEW REQUIRED
COVAPIE_CYS_SG_EVENT_V1:1BJG:A:CYS:146-:SG:B:UFP:C6,TASK_RELEVANCE_EVIDENCE_INSUFFICIENT,true,SOURCE_RCSB_PDB_DIRECT,1BJG:covale2,source_annotations.covalent_event,covalent bond,false,SUPPORTING_TRIAGE_EVIDENCE_ONLY,,"[""6b9c7853c1412c5375080806ae9bdf098de6524f395fe520dcba0a442f502d28"",""6d05249c83ad24589fd4280c2a8e5665d839cf8ee6c33b5ea0949b40fbe04220""]",data/derived/covalent_small/covapie_bulk_cys_sg_dataset_expansion_v1/bulk_pilot_v1/cross_source_canonical_event_manifest_v1.json,d3f35987af92fca669b85d62a86914c7a01bf35d867c4a779e7fc08e76445dae,false,NO_SPECIALIST_REACTION_FIELD; HUMAN REVIEW REQUIRED
COVAPIE_CYS_SG_EVENT_V1:1BQ1:A:CYS:146-:SG:C:UMP:C6,LIKELY_BIOCHEMICAL_OR_NON_TARGET_GENERATION_EVENT,true,SOURCE_COVBINDERINPDB,CBR004306,source_annotations.covalent_event,curated residue-binder reaction record,false,SUPPORTING_TRIAGE_EVIDENCE_ONLY,c039f9d5010a5957f696533402948cbc010dccba13f62bfe0f38d1365332553a,"[""6b9c7853c1412c5375080806ae9bdf098de6524f395fe520dcba0a442f502d28"",""c039f9d5010a5957f696533402948cbc010dccba13f62bfe0f38d1365332553a""]",data/derived/covalent_small/covapie_bulk_cys_sg_dataset_expansion_v1/bulk_pilot_v1/cross_source_canonical_event_manifest_v1.json,d3f35987af92fca669b85d62a86914c7a01bf35d867c4a779e7fc08e76445dae,false,SPECIALIST_REACTION_FIELD_EQUALS_SUBSTRATE; LIKELY STATUS ONLY
COVAPIE_CYS_SG_EVENT_V1:1BQ1:A:CYS:146-:SG:C:UMP:C6,LIKELY_BIOCHEMICAL_OR_NON_TARGET_GENERATION_EVENT,true,SOURCE_COVBINDERINPDB,CBR004306,source_annotations.reaction,substrate,true,SUPPORTING_TRIAGE_EVIDENCE_ONLY,c039f9d5010a5957f696533402948cbc010dccba13f62bfe0f38d1365332553a,"[""6b9c7853c1412c5375080806ae9bdf098de6524f395fe520dcba0a442f502d28"",""c039f9d5010a5957f696533402948cbc010dccba13f62bfe0f38d1365332553a""]",data/derived/covalent_small/covapie_bulk_cys_sg_dataset_expansion_v1/bulk_pilot_v1/cross_source_canonical_event_manifest_v1.json,d3f35987af92fca669b85d62a86914c7a01bf35d867c4a779e7fc08e76445dae,false,SPECIALIST_REACTION_FIELD_EQUALS_SUBSTRATE; LIKELY STATUS ONLY
COVAPIE_CYS_SG_EVENT_V1:1BQ1:A:CYS:146-:SG:C:UMP:C6,LIKELY_BIOCHEMICAL_OR_NON_TARGET_GENERATION_EVENT,true,SOURCE_COVBINDERINPDB,CBR004306,source_annotations.warhead,Uridine,false,SUPPORTING_TRIAGE_EVIDENCE_ONLY,c039f9d5010a5957f696533402948cbc010dccba13f62bfe0f38d1365332553a,"[""6b9c7853c1412c5375080806ae9bdf098de6524f395fe520dcba0a442f502d28"",""c039f9d5010a5957f696533402948cbc010dccba13f62bfe0f38d1365332553a""]",data/derived/covalent_small/covapie_bulk_cys_sg_dataset_expansion_v1/bulk_pilot_v1/cross_source_canonical_event_manifest_v1.json,d3f35987af92fca669b85d62a86914c7a01bf35d867c4a779e7fc08e76445dae,false,SPECIALIST_REACTION_FIELD_EQUALS_SUBSTRATE; LIKELY STATUS ONLY
COVAPIE_CYS_SG_EVENT_V1:1BQ1:A:CYS:146-:SG:C:UMP:C6,LIKELY_BIOCHEMICAL_OR_NON_TARGET_GENERATION_EVENT,true,SOURCE_RCSB_PDB_DIRECT,1BQ1:covale2,source_annotations.covalent_event,covalent bond,false,SUPPORTING_TRIAGE_EVIDENCE_ONLY,,"[""6b9c7853c1412c5375080806ae9bdf098de6524f395fe520dcba0a442f502d28"",""c039f9d5010a5957f696533402948cbc010dccba13f62bfe0f38d1365332553a""]",data/derived/covalent_small/covapie_bulk_cys_sg_dataset_expansion_v1/bulk_pilot_v1/cross_source_canonical_event_manifest_v1.json,d3f35987af92fca669b85d62a86914c7a01bf35d867c4a779e7fc08e76445dae,false,SPECIALIST_REACTION_FIELD_EQUALS_SUBSTRATE; LIKELY STATUS ONLY
COVAPIE_CYS_SG_EVENT_V1:1BQ1:B:CYS:146-:SG:E:UMP:C6,LIKELY_BIOCHEMICAL_OR_NON_TARGET_GENERATION_EVENT,true,SOURCE_COVBINDERINPDB,CBR004307,source_annotations.covalent_event,curated residue-binder reaction record,false,SUPPORTING_TRIAGE_EVIDENCE_ONLY,c039f9d5010a5957f696533402948cbc010dccba13f62bfe0f38d1365332553a,"[""6b9c7853c1412c5375080806ae9bdf098de6524f395fe520dcba0a442f502d28"",""c039f9d5010a5957f696533402948cbc010dccba13f62bfe0f38d1365332553a""]",data/derived/covalent_small/covapie_bulk_cys_sg_dataset_expansion_v1/bulk_pilot_v1/cross_source_canonical_event_manifest_v1.json,d3f35987af92fca669b85d62a86914c7a01bf35d867c4a779e7fc08e76445dae,false,SPECIALIST_REACTION_FIELD_EQUALS_SUBSTRATE; LIKELY STATUS ONLY
COVAPIE_CYS_SG_EVENT_V1:1BQ1:B:CYS:146-:SG:E:UMP:C6,LIKELY_BIOCHEMICAL_OR_NON_TARGET_GENERATION_EVENT,true,SOURCE_COVBINDERINPDB,CBR004307,source_annotations.reaction,substrate,true,SUPPORTING_TRIAGE_EVIDENCE_ONLY,c039f9d5010a5957f696533402948cbc010dccba13f62bfe0f38d1365332553a,"[""6b9c7853c1412c5375080806ae9bdf098de6524f395fe520dcba0a442f502d28"",""c039f9d5010a5957f696533402948cbc010dccba13f62bfe0f38d1365332553a""]",data/derived/covalent_small/covapie_bulk_cys_sg_dataset_expansion_v1/bulk_pilot_v1/cross_source_canonical_event_manifest_v1.json,d3f35987af92fca669b85d62a86914c7a01bf35d867c4a779e7fc08e76445dae,false,SPECIALIST_REACTION_FIELD_EQUALS_SUBSTRATE; LIKELY STATUS ONLY
COVAPIE_CYS_SG_EVENT_V1:1BQ1:B:CYS:146-:SG:E:UMP:C6,LIKELY_BIOCHEMICAL_OR_NON_TARGET_GENERATION_EVENT,true,SOURCE_COVBINDERINPDB,CBR004307,source_annotations.warhead,Uridine,false,SUPPORTING_TRIAGE_EVIDENCE_ONLY,c039f9d5010a5957f696533402948cbc010dccba13f62bfe0f38d1365332553a,"[""6b9c7853c1412c5375080806ae9bdf098de6524f395fe520dcba0a442f502d28"",""c039f9d5010a5957f696533402948cbc010dccba13f62bfe0f38d1365332553a""]",data/derived/covalent_small/covapie_bulk_cys_sg_dataset_expansion_v1/bulk_pilot_v1/cross_source_canonical_event_manifest_v1.json,d3f35987af92fca669b85d62a86914c7a01bf35d867c4a779e7fc08e76445dae,false,SPECIALIST_REACTION_FIELD_EQUALS_SUBSTRATE; LIKELY STATUS ONLY
COVAPIE_CYS_SG_EVENT_V1:1BQ1:B:CYS:146-:SG:E:UMP:C6,LIKELY_BIOCHEMICAL_OR_NON_TARGET_GENERATION_EVENT,true,SOURCE_RCSB_PDB_DIRECT,1BQ1:covale4,source_annotations.covalent_event,covalent bond,false,SUPPORTING_TRIAGE_EVIDENCE_ONLY,,"[""6b9c7853c1412c5375080806ae9bdf098de6524f395fe520dcba0a442f502d28"",""c039f9d5010a5957f696533402948cbc010dccba13f62bfe0f38d1365332553a""]",data/derived/covalent_small/covapie_bulk_cys_sg_dataset_expansion_v1/bulk_pilot_v1/cross_source_canonical_event_manifest_v1.json,d3f35987af92fca669b85d62a86914c7a01bf35d867c4a779e7fc08e76445dae,false,SPECIALIST_REACTION_FIELD_EQUALS_SUBSTRATE; LIKELY STATUS ONLY
COVAPIE_CYS_SG_EVENT_V1:1BWC:A:CYS:58-:SG:D:AJ3:S5,COVALENT_SMALL_MOLECULE_TASK_RELEVANCE_SUPPORTED,true,SOURCE_COVBINDERINPDB,CBR001748,source_annotations.covalent_event,curated residue-binder reaction record,false,SUPPORTING_TRIAGE_EVIDENCE_ONLY,c039f9d5010a5957f696533402948cbc010dccba13f62bfe0f38d1365332553a,"[""6d05249c83ad24589fd4280c2a8e5665d839cf8ee6c33b5ea0949b40fbe04220"",""c039f9d5010a5957f696533402948cbc010dccba13f62bfe0f38d1365332553a"",""f4944f50d75717fa8b52967906890a91a67a91d3c4cb1e8f3e7295e7f7b80441""]",data/derived/covalent_small/covapie_bulk_cys_sg_dataset_expansion_v1/bulk_pilot_v1/cross_source_canonical_event_manifest_v1.json,d3f35987af92fca669b85d62a86914c7a01bf35d867c4a779e7fc08e76445dae,false,SPECIALIST_REACTION_FIELD_IN_EXACT_SUPPORTING_VOCABULARY
COVAPIE_CYS_SG_EVENT_V1:1BWC:A:CYS:58-:SG:D:AJ3:S5,COVALENT_SMALL_MOLECULE_TASK_RELEVANCE_SUPPORTED,true,SOURCE_COVBINDERINPDB,CBR001748,source_annotations.reaction,inhibitor,true,SUPPORTING_TRIAGE_EVIDENCE_ONLY,c039f9d5010a5957f696533402948cbc010dccba13f62bfe0f38d1365332553a,"[""6d05249c83ad24589fd4280c2a8e5665d839cf8ee6c33b5ea0949b40fbe04220"",""c039f9d5010a5957f696533402948cbc010dccba13f62bfe0f38d1365332553a"",""f4944f50d75717fa8b52967906890a91a67a91d3c4cb1e8f3e7295e7f7b80441""]",data/derived/covalent_small/covapie_bulk_cys_sg_dataset_expansion_v1/bulk_pilot_v1/cross_source_canonical_event_manifest_v1.json,d3f35987af92fca669b85d62a86914c7a01bf35d867c4a779e7fc08e76445dae,false,SPECIALIST_REACTION_FIELD_IN_EXACT_SUPPORTING_VOCABULARY
COVAPIE_CYS_SG_EVENT_V1:1BWC:A:CYS:58-:SG:D:AJ3:S5,COVALENT_SMALL_MOLECULE_TASK_RELEVANCE_SUPPORTED,true,SOURCE_COVBINDERINPDB,CBR001748,source_annotations.warhead,Disulfide,false,SUPPORTING_TRIAGE_EVIDENCE_ONLY,c039f9d5010a5957f696533402948cbc010dccba13f62bfe0f38d1365332553a,"[""6d05249c83ad24589fd4280c2a8e5665d839cf8ee6c33b5ea0949b40fbe04220"",""c039f9d5010a5957f696533402948cbc010dccba13f62bfe0f38d1365332553a"",""f4944f50d75717fa8b52967906890a91a67a91d3c4cb1e8f3e7295e7f7b80441""]",data/derived/covalent_small/covapie_bulk_cys_sg_dataset_expansion_v1/bulk_pilot_v1/cross_source_canonical_event_manifest_v1.json,d3f35987af92fca669b85d62a86914c7a01bf35d867c4a779e7fc08e76445dae,false,SPECIALIST_REACTION_FIELD_IN_EXACT_SUPPORTING_VOCABULARY
COVAPIE_CYS_SG_EVENT_V1:1BWC:A:CYS:58-:SG:D:AJ3:S5,COVALENT_SMALL_MOLECULE_TASK_RELEVANCE_SUPPORTED,true,SOURCE_COVPDB,CovPDB_complexes/1bwc/1bwc.pdb#LINK00484,source_annotations.covalent_event,explicit PDB LINK CYS-SG to ligand endpoint,false,SUPPORTING_TRIAGE_EVIDENCE_ONLY,6d05249c83ad24589fd4280c2a8e5665d839cf8ee6c33b5ea0949b40fbe04220,"[""6d05249c83ad24589fd4280c2a8e5665d839cf8ee6c33b5ea0949b40fbe04220"",""c039f9d5010a5957f696533402948cbc010dccba13f62bfe0f38d1365332553a"",""f4944f50d75717fa8b52967906890a91a67a91d3c4cb1e8f3e7295e7f7b80441""]",data/derived/covalent_small/covapie_bulk_cys_sg_dataset_expansion_v1/bulk_pilot_v1/cross_source_canonical_event_manifest_v1.json,d3f35987af92fca669b85d62a86914c7a01bf35d867c4a779e7fc08e76445dae,false,SPECIALIST_REACTION_FIELD_IN_EXACT_SUPPORTING_VOCABULARY
COVAPIE_CYS_SG_EVENT_V1:1BWC:A:CYS:58-:SG:D:AJ3:S5,COVALENT_SMALL_MOLECULE_TASK_RELEVANCE_SUPPORTED,true,SOURCE_RCSB_PDB_DIRECT,1BWC:covale1,source_annotations.covalent_event,covalent bond,false,SUPPORTING_TRIAGE_EVIDENCE_ONLY,,"[""6d05249c83ad24589fd4280c2a8e5665d839cf8ee6c33b5ea0949b40fbe04220"",""c039f9d5010a5957f696533402948cbc010dccba13f62bfe0f38d1365332553a"",""f4944f50d75717fa8b52967906890a91a67a91d3c4cb1e8f3e7295e7f7b80441""]",data/derived/covalent_small/covapie_bulk_cys_sg_dataset_expansion_v1/bulk_pilot_v1/cross_source_canonical_event_manifest_v1.json,d3f35987af92fca669b85d62a86914c7a01bf35d867c4a779e7fc08e76445dae,false,SPECIALIST_REACTION_FIELD_IN_EXACT_SUPPORTING_VOCABULARY
COVAPIE_CYS_SG_EVENT_V1:1CR5:A:CYS:146-:SG:E:NEN:C1,TASK_RELEVANCE_HUMAN_REVIEW_REQUIRED,true,SOURCE_COVBINDERINPDB,CBR000955,source_annotations.covalent_event,curated residue-binder reaction record,false,SUPPORTING_TRIAGE_EVIDENCE_ONLY,c039f9d5010a5957f696533402948cbc010dccba13f62bfe0f38d1365332553a,"[""529ad6303fb044ae85e2c5dc37845c722f2a65715a19a504426f3c03a44e2aaf"",""c039f9d5010a5957f696533402948cbc010dccba13f62bfe0f38d1365332553a""]",data/derived/covalent_small/covapie_bulk_cys_sg_dataset_expansion_v1/bulk_pilot_v1/cross_source_canonical_event_manifest_v1.json,d3f35987af92fca669b85d62a86914c7a01bf35d867c4a779e7fc08e76445dae,false,SPECIALIST_REACTION_FIELD_NOT_MACHINE_DISPOSITIVE; HUMAN REVIEW REQUIRED
COVAPIE_CYS_SG_EVENT_V1:1CR5:A:CYS:146-:SG:E:NEN:C1,TASK_RELEVANCE_HUMAN_REVIEW_REQUIRED,true,SOURCE_COVBINDERINPDB,CBR000955,source_annotations.reaction,modifier,true,SUPPORTING_TRIAGE_EVIDENCE_ONLY,c039f9d5010a5957f696533402948cbc010dccba13f62bfe0f38d1365332553a,"[""529ad6303fb044ae85e2c5dc37845c722f2a65715a19a504426f3c03a44e2aaf"",""c039f9d5010a5957f696533402948cbc010dccba13f62bfe0f38d1365332553a""]",data/derived/covalent_small/covapie_bulk_cys_sg_dataset_expansion_v1/bulk_pilot_v1/cross_source_canonical_event_manifest_v1.json,d3f35987af92fca669b85d62a86914c7a01bf35d867c4a779e7fc08e76445dae,false,SPECIALIST_REACTION_FIELD_NOT_MACHINE_DISPOSITIVE; HUMAN REVIEW REQUIRED
COVAPIE_CYS_SG_EVENT_V1:1CR5:A:CYS:146-:SG:E:NEN:C1,TASK_RELEVANCE_HUMAN_REVIEW_REQUIRED,true,SOURCE_COVBINDERINPDB,CBR000955,source_annotations.warhead,Acrylamide,false,SUPPORTING_TRIAGE_EVIDENCE_ONLY,c039f9d5010a5957f696533402948cbc010dccba13f62bfe0f38d1365332553a,"[""529ad6303fb044ae85e2c5dc37845c722f2a65715a19a504426f3c03a44e2aaf"",""c039f9d5010a5957f696533402948cbc010dccba13f62bfe0f38d1365332553a""]",data/derived/covalent_small/covapie_bulk_cys_sg_dataset_expansion_v1/bulk_pilot_v1/cross_source_canonical_event_manifest_v1.json,d3f35987af92fca669b85d62a86914c7a01bf35d867c4a779e7fc08e76445dae,false,SPECIALIST_REACTION_FIELD_NOT_MACHINE_DISPOSITIVE; HUMAN REVIEW REQUIRED
COVAPIE_CYS_SG_EVENT_V1:1CR5:A:CYS:146-:SG:E:NEN:C1,TASK_RELEVANCE_HUMAN_REVIEW_REQUIRED,true,SOURCE_RCSB_PDB_DIRECT,1CR5:covale2,source_annotations.covalent_event,covalent bond,false,SUPPORTING_TRIAGE_EVIDENCE_ONLY,,"[""529ad6303fb044ae85e2c5dc37845c722f2a65715a19a504426f3c03a44e2aaf"",""c039f9d5010a5957f696533402948cbc010dccba13f62bfe0f38d1365332553a""]",data/derived/covalent_small/covapie_bulk_cys_sg_dataset_expansion_v1/bulk_pilot_v1/cross_source_canonical_event_manifest_v1.json,d3f35987af92fca669b85d62a86914c7a01bf35d867c4a779e7fc08e76445dae,false,SPECIALIST_REACTION_FIELD_NOT_MACHINE_DISPOSITIVE; HUMAN REVIEW REQUIRED
COVAPIE_CYS_SG_EVENT_V1:1CR5:A:CYS:34-:SG:D:NEN:C1,TASK_RELEVANCE_HUMAN_REVIEW_REQUIRED,true,SOURCE_COVBINDERINPDB,CBR000954,source_annotations.covalent_event,curated residue-binder reaction record,false,SUPPORTING_TRIAGE_EVIDENCE_ONLY,c039f9d5010a5957f696533402948cbc010dccba13f62bfe0f38d1365332553a,"[""529ad6303fb044ae85e2c5dc37845c722f2a65715a19a504426f3c03a44e2aaf"",""c039f9d5010a5957f696533402948cbc010dccba13f62bfe0f38d1365332553a""]",data/derived/covalent_small/covapie_bulk_cys_sg_dataset_expansion_v1/bulk_pilot_v1/cross_source_canonical_event_manifest_v1.json,d3f35987af92fca669b85d62a86914c7a01bf35d867c4a779e7fc08e76445dae,false,SPECIALIST_REACTION_FIELD_NOT_MACHINE_DISPOSITIVE; HUMAN REVIEW REQUIRED
COVAPIE_CYS_SG_EVENT_V1:1CR5:A:CYS:34-:SG:D:NEN:C1,TASK_RELEVANCE_HUMAN_REVIEW_REQUIRED,true,SOURCE_COVBINDERINPDB,CBR000954,source_annotations.reaction,modifier,true,SUPPORTING_TRIAGE_EVIDENCE_ONLY,c039f9d5010a5957f696533402948cbc010dccba13f62bfe0f38d1365332553a,"[""529ad6303fb044ae85e2c5dc37845c722f2a65715a19a504426f3c03a44e2aaf"",""c039f9d5010a5957f696533402948cbc010dccba13f62bfe0f38d1365332553a""]",data/derived/covalent_small/covapie_bulk_cys_sg_dataset_expansion_v1/bulk_pilot_v1/cross_source_canonical_event_manifest_v1.json,d3f35987af92fca669b85d62a86914c7a01bf35d867c4a779e7fc08e76445dae,false,SPECIALIST_REACTION_FIELD_NOT_MACHINE_DISPOSITIVE; HUMAN REVIEW REQUIRED
COVAPIE_CYS_SG_EVENT_V1:1CR5:A:CYS:34-:SG:D:NEN:C1,TASK_RELEVANCE_HUMAN_REVIEW_REQUIRED,true,SOURCE_COVBINDERINPDB,CBR000954,source_annotations.warhead,Acrylamide,false,SUPPORTING_TRIAGE_EVIDENCE_ONLY,c039f9d5010a5957f696533402948cbc010dccba13f62bfe0f38d1365332553a,"[""529ad6303fb044ae85e2c5dc37845c722f2a65715a19a504426f3c03a44e2aaf"",""c039f9d5010a5957f696533402948cbc010dccba13f62bfe0f38d1365332553a""]",data/derived/covalent_small/covapie_bulk_cys_sg_dataset_expansion_v1/bulk_pilot_v1/cross_source_canonical_event_manifest_v1.json,d3f35987af92fca669b85d62a86914c7a01bf35d867c4a779e7fc08e76445dae,false,SPECIALIST_REACTION_FIELD_NOT_MACHINE_DISPOSITIVE; HUMAN REVIEW REQUIRED
COVAPIE_CYS_SG_EVENT_V1:1CR5:A:CYS:34-:SG:D:NEN:C1,TASK_RELEVANCE_HUMAN_REVIEW_REQUIRED,true,SOURCE_RCSB_PDB_DIRECT,1CR5:covale1,source_annotations.covalent_event,covalent bond,false,SUPPORTING_TRIAGE_EVIDENCE_ONLY,,"[""529ad6303fb044ae85e2c5dc37845c722f2a65715a19a504426f3c03a44e2aaf"",""c039f9d5010a5957f696533402948cbc010dccba13f62bfe0f38d1365332553a""]",data/derived/covalent_small/covapie_bulk_cys_sg_dataset_expansion_v1/bulk_pilot_v1/cross_source_canonical_event_manifest_v1.json,d3f35987af92fca669b85d62a86914c7a01bf35d867c4a779e7fc08e76445dae,false,SPECIALIST_REACTION_FIELD_NOT_MACHINE_DISPOSITIVE; HUMAN REVIEW REQUIRED
COVAPIE_CYS_SG_EVENT_V1:1CR5:B:CYS:146-:SG:G:NEN:C1,TASK_RELEVANCE_HUMAN_REVIEW_REQUIRED,true,SOURCE_COVBINDERINPDB,CBR000957,source_annotations.covalent_event,curated residue-binder reaction record,false,SUPPORTING_TRIAGE_EVIDENCE_ONLY,c039f9d5010a5957f696533402948cbc010dccba13f62bfe0f38d1365332553a,"[""529ad6303fb044ae85e2c5dc37845c722f2a65715a19a504426f3c03a44e2aaf"",""c039f9d5010a5957f696533402948cbc010dccba13f62bfe0f38d1365332553a""]",data/derived/covalent_small/covapie_bulk_cys_sg_dataset_expansion_v1/bulk_pilot_v1/cross_source_canonical_event_manifest_v1.json,d3f35987af92fca669b85d62a86914c7a01bf35d867c4a779e7fc08e76445dae,false,SPECIALIST_REACTION_FIELD_NOT_MACHINE_DISPOSITIVE; HUMAN REVIEW REQUIRED
COVAPIE_CYS_SG_EVENT_V1:1CR5:B:CYS:146-:SG:G:NEN:C1,TASK_RELEVANCE_HUMAN_REVIEW_REQUIRED,true,SOURCE_COVBINDERINPDB,CBR000957,source_annotations.reaction,modifier,true,SUPPORTING_TRIAGE_EVIDENCE_ONLY,c039f9d5010a5957f696533402948cbc010dccba13f62bfe0f38d1365332553a,"[""529ad6303fb044ae85e2c5dc37845c722f2a65715a19a504426f3c03a44e2aaf"",""c039f9d5010a5957f696533402948cbc010dccba13f62bfe0f38d1365332553a""]",data/derived/covalent_small/covapie_bulk_cys_sg_dataset_expansion_v1/bulk_pilot_v1/cross_source_canonical_event_manifest_v1.json,d3f35987af92fca669b85d62a86914c7a01bf35d867c4a779e7fc08e76445dae,false,SPECIALIST_REACTION_FIELD_NOT_MACHINE_DISPOSITIVE; HUMAN REVIEW REQUIRED
COVAPIE_CYS_SG_EVENT_V1:1CR5:B:CYS:146-:SG:G:NEN:C1,TASK_RELEVANCE_HUMAN_REVIEW_REQUIRED,true,SOURCE_COVBINDERINPDB,CBR000957,source_annotations.warhead,Acrylamide,false,SUPPORTING_TRIAGE_EVIDENCE_ONLY,c039f9d5010a5957f696533402948cbc010dccba13f62bfe0f38d1365332553a,"[""529ad6303fb044ae85e2c5dc37845c722f2a65715a19a504426f3c03a44e2aaf"",""c039f9d5010a5957f696533402948cbc010dccba13f62bfe0f38d1365332553a""]",data/derived/covalent_small/covapie_bulk_cys_sg_dataset_expansion_v1/bulk_pilot_v1/cross_source_canonical_event_manifest_v1.json,d3f35987af92fca669b85d62a86914c7a01bf35d867c4a779e7fc08e76445dae,false,SPECIALIST_REACTION_FIELD_NOT_MACHINE_DISPOSITIVE; HUMAN REVIEW REQUIRED
COVAPIE_CYS_SG_EVENT_V1:1CR5:B:CYS:146-:SG:G:NEN:C1,TASK_RELEVANCE_HUMAN_REVIEW_REQUIRED,true,SOURCE_RCSB_PDB_DIRECT,1CR5:covale4,source_annotations.covalent_event,covalent bond,false,SUPPORTING_TRIAGE_EVIDENCE_ONLY,,"[""529ad6303fb044ae85e2c5dc37845c722f2a65715a19a504426f3c03a44e2aaf"",""c039f9d5010a5957f696533402948cbc010dccba13f62bfe0f38d1365332553a""]",data/derived/covalent_small/covapie_bulk_cys_sg_dataset_expansion_v1/bulk_pilot_v1/cross_source_canonical_event_manifest_v1.json,d3f35987af92fca669b85d62a86914c7a01bf35d867c4a779e7fc08e76445dae,false,SPECIALIST_REACTION_FIELD_NOT_MACHINE_DISPOSITIVE; HUMAN REVIEW REQUIRED
COVAPIE_CYS_SG_EVENT_V1:1CR5:B:CYS:34-:SG:F:NEN:C1,TASK_RELEVANCE_HUMAN_REVIEW_REQUIRED,true,SOURCE_COVBINDERINPDB,CBR000956,source_annotations.covalent_event,curated residue-binder reaction record,false,SUPPORTING_TRIAGE_EVIDENCE_ONLY,c039f9d5010a5957f696533402948cbc010dccba13f62bfe0f38d1365332553a,"[""529ad6303fb044ae85e2c5dc37845c722f2a65715a19a504426f3c03a44e2aaf"",""c039f9d5010a5957f696533402948cbc010dccba13f62bfe0f38d1365332553a""]",data/derived/covalent_small/covapie_bulk_cys_sg_dataset_expansion_v1/bulk_pilot_v1/cross_source_canonical_event_manifest_v1.json,d3f35987af92fca669b85d62a86914c7a01bf35d867c4a779e7fc08e76445dae,false,SPECIALIST_REACTION_FIELD_NOT_MACHINE_DISPOSITIVE; HUMAN REVIEW REQUIRED
COVAPIE_CYS_SG_EVENT_V1:1CR5:B:CYS:34-:SG:F:NEN:C1,TASK_RELEVANCE_HUMAN_REVIEW_REQUIRED,true,SOURCE_COVBINDERINPDB,CBR000956,source_annotations.reaction,modifier,true,SUPPORTING_TRIAGE_EVIDENCE_ONLY,c039f9d5010a5957f696533402948cbc010dccba13f62bfe0f38d1365332553a,"[""529ad6303fb044ae85e2c5dc37845c722f2a65715a19a504426f3c03a44e2aaf"",""c039f9d5010a5957f696533402948cbc010dccba13f62bfe0f38d1365332553a""]",data/derived/covalent_small/covapie_bulk_cys_sg_dataset_expansion_v1/bulk_pilot_v1/cross_source_canonical_event_manifest_v1.json,d3f35987af92fca669b85d62a86914c7a01bf35d867c4a779e7fc08e76445dae,false,SPECIALIST_REACTION_FIELD_NOT_MACHINE_DISPOSITIVE; HUMAN REVIEW REQUIRED
COVAPIE_CYS_SG_EVENT_V1:1CR5:B:CYS:34-:SG:F:NEN:C1,TASK_RELEVANCE_HUMAN_REVIEW_REQUIRED,true,SOURCE_COVBINDERINPDB,CBR000956,source_annotations.warhead,Acrylamide,false,SUPPORTING_TRIAGE_EVIDENCE_ONLY,c039f9d5010a5957f696533402948cbc010dccba13f62bfe0f38d1365332553a,"[""529ad6303fb044ae85e2c5dc37845c722f2a65715a19a504426f3c03a44e2aaf"",""c039f9d5010a5957f696533402948cbc010dccba13f62bfe0f38d1365332553a""]",data/derived/covalent_small/covapie_bulk_cys_sg_dataset_expansion_v1/bulk_pilot_v1/cross_source_canonical_event_manifest_v1.json,d3f35987af92fca669b85d62a86914c7a01bf35d867c4a779e7fc08e76445dae,false,SPECIALIST_REACTION_FIELD_NOT_MACHINE_DISPOSITIVE; HUMAN REVIEW REQUIRED
COVAPIE_CYS_SG_EVENT_V1:1CR5:B:CYS:34-:SG:F:NEN:C1,TASK_RELEVANCE_HUMAN_REVIEW_REQUIRED,true,SOURCE_RCSB_PDB_DIRECT,1CR5:covale3,source_annotations.covalent_event,covalent bond,false,SUPPORTING_TRIAGE_EVIDENCE_ONLY,,"[""529ad6303fb044ae85e2c5dc37845c722f2a65715a19a504426f3c03a44e2aaf"",""c039f9d5010a5957f696533402948cbc010dccba13f62bfe0f38d1365332553a""]",data/derived/covalent_small/covapie_bulk_cys_sg_dataset_expansion_v1/bulk_pilot_v1/cross_source_canonical_event_manifest_v1.json,d3f35987af92fca669b85d62a86914c7a01bf35d867c4a779e7fc08e76445dae,false,SPECIALIST_REACTION_FIELD_NOT_MACHINE_DISPOSITIVE; HUMAN REVIEW REQUIRED
COVAPIE_CYS_SG_EVENT_V1:1CR5:C:CYS:146-:SG:I:NEN:C1,TASK_RELEVANCE_HUMAN_REVIEW_REQUIRED,true,SOURCE_COVBINDERINPDB,CBR000959,source_annotations.covalent_event,curated residue-binder reaction record,false,SUPPORTING_TRIAGE_EVIDENCE_ONLY,c039f9d5010a5957f696533402948cbc010dccba13f62bfe0f38d1365332553a,"[""529ad6303fb044ae85e2c5dc37845c722f2a65715a19a504426f3c03a44e2aaf"",""c039f9d5010a5957f696533402948cbc010dccba13f62bfe0f38d1365332553a""]",data/derived/covalent_small/covapie_bulk_cys_sg_dataset_expansion_v1/bulk_pilot_v1/cross_source_canonical_event_manifest_v1.json,d3f35987af92fca669b85d62a86914c7a01bf35d867c4a779e7fc08e76445dae,false,SPECIALIST_REACTION_FIELD_NOT_MACHINE_DISPOSITIVE; HUMAN REVIEW REQUIRED
COVAPIE_CYS_SG_EVENT_V1:1CR5:C:CYS:146-:SG:I:NEN:C1,TASK_RELEVANCE_HUMAN_REVIEW_REQUIRED,true,SOURCE_COVBINDERINPDB,CBR000959,source_annotations.reaction,modifier,true,SUPPORTING_TRIAGE_EVIDENCE_ONLY,c039f9d5010a5957f696533402948cbc010dccba13f62bfe0f38d1365332553a,"[""529ad6303fb044ae85e2c5dc37845c722f2a65715a19a504426f3c03a44e2aaf"",""c039f9d5010a5957f696533402948cbc010dccba13f62bfe0f38d1365332553a""]",data/derived/covalent_small/covapie_bulk_cys_sg_dataset_expansion_v1/bulk_pilot_v1/cross_source_canonical_event_manifest_v1.json,d3f35987af92fca669b85d62a86914c7a01bf35d867c4a779e7fc08e76445dae,false,SPECIALIST_REACTION_FIELD_NOT_MACHINE_DISPOSITIVE; HUMAN REVIEW REQUIRED
COVAPIE_CYS_SG_EVENT_V1:1CR5:C:CYS:146-:SG:I:NEN:C1,TASK_RELEVANCE_HUMAN_REVIEW_REQUIRED,true,SOURCE_COVBINDERINPDB,CBR000959,source_annotations.warhead,Acrylamide,false,SUPPORTING_TRIAGE_EVIDENCE_ONLY,c039f9d5010a5957f696533402948cbc010dccba13f62bfe0f38d1365332553a,"[""529ad6303fb044ae85e2c5dc37845c722f2a65715a19a504426f3c03a44e2aaf"",""c039f9d5010a5957f696533402948cbc010dccba13f62bfe0f38d1365332553a""]",data/derived/covalent_small/covapie_bulk_cys_sg_dataset_expansion_v1/bulk_pilot_v1/cross_source_canonical_event_manifest_v1.json,d3f35987af92fca669b85d62a86914c7a01bf35d867c4a779e7fc08e76445dae,false,SPECIALIST_REACTION_FIELD_NOT_MACHINE_DISPOSITIVE; HUMAN REVIEW REQUIRED
COVAPIE_CYS_SG_EVENT_V1:1CR5:C:CYS:146-:SG:I:NEN:C1,TASK_RELEVANCE_HUMAN_REVIEW_REQUIRED,true,SOURCE_RCSB_PDB_DIRECT,1CR5:covale6,source_annotations.covalent_event,covalent bond,false,SUPPORTING_TRIAGE_EVIDENCE_ONLY,,"[""529ad6303fb044ae85e2c5dc37845c722f2a65715a19a504426f3c03a44e2aaf"",""c039f9d5010a5957f696533402948cbc010dccba13f62bfe0f38d1365332553a""]",data/derived/covalent_small/covapie_bulk_cys_sg_dataset_expansion_v1/bulk_pilot_v1/cross_source_canonical_event_manifest_v1.json,d3f35987af92fca669b85d62a86914c7a01bf35d867c4a779e7fc08e76445dae,false,SPECIALIST_REACTION_FIELD_NOT_MACHINE_DISPOSITIVE; HUMAN REVIEW REQUIRED
COVAPIE_CYS_SG_EVENT_V1:1CR5:C:CYS:34-:SG:H:NEN:C1,TASK_RELEVANCE_HUMAN_REVIEW_REQUIRED,true,SOURCE_COVBINDERINPDB,CBR000958,source_annotations.covalent_event,curated residue-binder reaction record,false,SUPPORTING_TRIAGE_EVIDENCE_ONLY,c039f9d5010a5957f696533402948cbc010dccba13f62bfe0f38d1365332553a,"[""529ad6303fb044ae85e2c5dc37845c722f2a65715a19a504426f3c03a44e2aaf"",""c039f9d5010a5957f696533402948cbc010dccba13f62bfe0f38d1365332553a""]",data/derived/covalent_small/covapie_bulk_cys_sg_dataset_expansion_v1/bulk_pilot_v1/cross_source_canonical_event_manifest_v1.json,d3f35987af92fca669b85d62a86914c7a01bf35d867c4a779e7fc08e76445dae,false,SPECIALIST_REACTION_FIELD_NOT_MACHINE_DISPOSITIVE; HUMAN REVIEW REQUIRED
COVAPIE_CYS_SG_EVENT_V1:1CR5:C:CYS:34-:SG:H:NEN:C1,TASK_RELEVANCE_HUMAN_REVIEW_REQUIRED,true,SOURCE_COVBINDERINPDB,CBR000958,source_annotations.reaction,modifier,true,SUPPORTING_TRIAGE_EVIDENCE_ONLY,c039f9d5010a5957f696533402948cbc010dccba13f62bfe0f38d1365332553a,"[""529ad6303fb044ae85e2c5dc37845c722f2a65715a19a504426f3c03a44e2aaf"",""c039f9d5010a5957f696533402948cbc010dccba13f62bfe0f38d1365332553a""]",data/derived/covalent_small/covapie_bulk_cys_sg_dataset_expansion_v1/bulk_pilot_v1/cross_source_canonical_event_manifest_v1.json,d3f35987af92fca669b85d62a86914c7a01bf35d867c4a779e7fc08e76445dae,false,SPECIALIST_REACTION_FIELD_NOT_MACHINE_DISPOSITIVE; HUMAN REVIEW REQUIRED
COVAPIE_CYS_SG_EVENT_V1:1CR5:C:CYS:34-:SG:H:NEN:C1,TASK_RELEVANCE_HUMAN_REVIEW_REQUIRED,true,SOURCE_COVBINDERINPDB,CBR000958,source_annotations.warhead,Acrylamide,false,SUPPORTING_TRIAGE_EVIDENCE_ONLY,c039f9d5010a5957f696533402948cbc010dccba13f62bfe0f38d1365332553a,"[""529ad6303fb044ae85e2c5dc37845c722f2a65715a19a504426f3c03a44e2aaf"",""c039f9d5010a5957f696533402948cbc010dccba13f62bfe0f38d1365332553a""]",data/derived/covalent_small/covapie_bulk_cys_sg_dataset_expansion_v1/bulk_pilot_v1/cross_source_canonical_event_manifest_v1.json,d3f35987af92fca669b85d62a86914c7a01bf35d867c4a779e7fc08e76445dae,false,SPECIALIST_REACTION_FIELD_NOT_MACHINE_DISPOSITIVE; HUMAN REVIEW REQUIRED
COVAPIE_CYS_SG_EVENT_V1:1CR5:C:CYS:34-:SG:H:NEN:C1,TASK_RELEVANCE_HUMAN_REVIEW_REQUIRED,true,SOURCE_RCSB_PDB_DIRECT,1CR5:covale5,source_annotations.covalent_event,covalent bond,false,SUPPORTING_TRIAGE_EVIDENCE_ONLY,,"[""529ad6303fb044ae85e2c5dc37845c722f2a65715a19a504426f3c03a44e2aaf"",""c039f9d5010a5957f696533402948cbc010dccba13f62bfe0f38d1365332553a""]",data/derived/covalent_small/covapie_bulk_cys_sg_dataset_expansion_v1/bulk_pilot_v1/cross_source_canonical_event_manifest_v1.json,d3f35987af92fca669b85d62a86914c7a01bf35d867c4a779e7fc08e76445dae,false,SPECIALIST_REACTION_FIELD_NOT_MACHINE_DISPOSITIVE; HUMAN REVIEW REQUIRED
COVAPIE_CYS_SG_EVENT_V1:1DC4:A:CYS:149-:SG:C:G3P:C1,TASK_RELEVANCE_EVIDENCE_INSUFFICIENT,true,SOURCE_COVPDB,CovPDB_complexes/1dc4/1dc4.pdb#LINK00562,source_annotations.covalent_event,explicit PDB LINK CYS-SG to ligand endpoint,false,SUPPORTING_TRIAGE_EVIDENCE_ONLY,6d05249c83ad24589fd4280c2a8e5665d839cf8ee6c33b5ea0949b40fbe04220,"[""6d05249c83ad24589fd4280c2a8e5665d839cf8ee6c33b5ea0949b40fbe04220"",""dbe086497d6d592f9768a6e99951fb56f404dca37e93f3b35eca6741988ad876""]",data/derived/covalent_small/covapie_bulk_cys_sg_dataset_expansion_v1/bulk_pilot_v1/cross_source_canonical_event_manifest_v1.json,d3f35987af92fca669b85d62a86914c7a01bf35d867c4a779e7fc08e76445dae,false,NO_SPECIALIST_REACTION_FIELD; HUMAN REVIEW REQUIRED
COVAPIE_CYS_SG_EVENT_V1:1DC4:A:CYS:149-:SG:C:G3P:C1,TASK_RELEVANCE_EVIDENCE_INSUFFICIENT,true,SOURCE_RCSB_PDB_DIRECT,1DC4:covale9,source_annotations.covalent_event,covalent bond,false,SUPPORTING_TRIAGE_EVIDENCE_ONLY,,"[""6d05249c83ad24589fd4280c2a8e5665d839cf8ee6c33b5ea0949b40fbe04220"",""dbe086497d6d592f9768a6e99951fb56f404dca37e93f3b35eca6741988ad876""]",data/derived/covalent_small/covapie_bulk_cys_sg_dataset_expansion_v1/bulk_pilot_v1/cross_source_canonical_event_manifest_v1.json,d3f35987af92fca669b85d62a86914c7a01bf35d867c4a779e7fc08e76445dae,false,NO_SPECIALIST_REACTION_FIELD; HUMAN REVIEW REQUIRED
COVAPIE_CYS_SG_EVENT_V1:1DC4:B:CYS:149-:SG:D:G3P:C1,TASK_RELEVANCE_EVIDENCE_INSUFFICIENT,true,SOURCE_COVPDB,CovPDB_complexes/1dc4/1dc4.pdb#LINK00563,source_annotations.covalent_event,explicit PDB LINK CYS-SG to ligand endpoint,false,SUPPORTING_TRIAGE_EVIDENCE_ONLY,6d05249c83ad24589fd4280c2a8e5665d839cf8ee6c33b5ea0949b40fbe04220,"[""6d05249c83ad24589fd4280c2a8e5665d839cf8ee6c33b5ea0949b40fbe04220"",""dbe086497d6d592f9768a6e99951fb56f404dca37e93f3b35eca6741988ad876""]",data/derived/covalent_small/covapie_bulk_cys_sg_dataset_expansion_v1/bulk_pilot_v1/cross_source_canonical_event_manifest_v1.json,d3f35987af92fca669b85d62a86914c7a01bf35d867c4a779e7fc08e76445dae,false,NO_SPECIALIST_REACTION_FIELD; HUMAN REVIEW REQUIRED
COVAPIE_CYS_SG_EVENT_V1:1DC4:B:CYS:149-:SG:D:G3P:C1,TASK_RELEVANCE_EVIDENCE_INSUFFICIENT,true,SOURCE_RCSB_PDB_DIRECT,1DC4:covale24,source_annotations.covalent_event,covalent bond,false,SUPPORTING_TRIAGE_EVIDENCE_ONLY,,"[""6d05249c83ad24589fd4280c2a8e5665d839cf8ee6c33b5ea0949b40fbe04220"",""dbe086497d6d592f9768a6e99951fb56f404dca37e93f3b35eca6741988ad876""]",data/derived/covalent_small/covapie_bulk_cys_sg_dataset_expansion_v1/bulk_pilot_v1/cross_source_canonical_event_manifest_v1.json,d3f35987af92fca669b85d62a86914c7a01bf35d867c4a779e7fc08e76445dae,false,NO_SPECIALIST_REACTION_FIELD; HUMAN REVIEW REQUIRED
COVAPIE_CYS_SG_EVENT_V1:1ECC:A:CYS:1-:SG:E:ONL:CE,COVALENT_SMALL_MOLECULE_TASK_RELEVANCE_SUPPORTED,true,SOURCE_COVBINDERINPDB,CBR003690,source_annotations.covalent_event,curated residue-binder reaction record,false,SUPPORTING_TRIAGE_EVIDENCE_ONLY,c039f9d5010a5957f696533402948cbc010dccba13f62bfe0f38d1365332553a,"[""6d05249c83ad24589fd4280c2a8e5665d839cf8ee6c33b5ea0949b40fbe04220"",""82024a09e608af3198f770e932d9900dd8d185f4ccc5a37c6e9edfff91944742"",""c039f9d5010a5957f696533402948cbc010dccba13f62bfe0f38d1365332553a""]",data/derived/covalent_small/covapie_bulk_cys_sg_dataset_expansion_v1/bulk_pilot_v1/cross_source_canonical_event_manifest_v1.json,d3f35987af92fca669b85d62a86914c7a01bf35d867c4a779e7fc08e76445dae,false,SPECIALIST_REACTION_FIELD_IN_EXACT_SUPPORTING_VOCABULARY
COVAPIE_CYS_SG_EVENT_V1:1ECC:A:CYS:1-:SG:E:ONL:CE,COVALENT_SMALL_MOLECULE_TASK_RELEVANCE_SUPPORTED,true,SOURCE_COVBINDERINPDB,CBR003690,source_annotations.reaction,inhibitor,true,SUPPORTING_TRIAGE_EVIDENCE_ONLY,c039f9d5010a5957f696533402948cbc010dccba13f62bfe0f38d1365332553a,"[""6d05249c83ad24589fd4280c2a8e5665d839cf8ee6c33b5ea0949b40fbe04220"",""82024a09e608af3198f770e932d9900dd8d185f4ccc5a37c6e9edfff91944742"",""c039f9d5010a5957f696533402948cbc010dccba13f62bfe0f38d1365332553a""]",data/derived/covalent_small/covapie_bulk_cys_sg_dataset_expansion_v1/bulk_pilot_v1/cross_source_canonical_event_manifest_v1.json,d3f35987af92fca669b85d62a86914c7a01bf35d867c4a779e7fc08e76445dae,false,SPECIALIST_REACTION_FIELD_IN_EXACT_SUPPORTING_VOCABULARY
COVAPIE_CYS_SG_EVENT_V1:1ECC:A:CYS:1-:SG:E:ONL:CE,COVALENT_SMALL_MOLECULE_TASK_RELEVANCE_SUPPORTED,true,SOURCE_COVBINDERINPDB,CBR003690,source_annotations.warhead,α-diazomethyl_Ketone,false,SUPPORTING_TRIAGE_EVIDENCE_ONLY,c039f9d5010a5957f696533402948cbc010dccba13f62bfe0f38d1365332553a,"[""6d05249c83ad24589fd4280c2a8e5665d839cf8ee6c33b5ea0949b40fbe04220"",""82024a09e608af3198f770e932d9900dd8d185f4ccc5a37c6e9edfff91944742"",""c039f9d5010a5957f696533402948cbc010dccba13f62bfe0f38d1365332553a""]",data/derived/covalent_small/covapie_bulk_cys_sg_dataset_expansion_v1/bulk_pilot_v1/cross_source_canonical_event_manifest_v1.json,d3f35987af92fca669b85d62a86914c7a01bf35d867c4a779e7fc08e76445dae,false,SPECIALIST_REACTION_FIELD_IN_EXACT_SUPPORTING_VOCABULARY
COVAPIE_CYS_SG_EVENT_V1:1ECC:A:CYS:1-:SG:E:ONL:CE,COVALENT_SMALL_MOLECULE_TASK_RELEVANCE_SUPPORTED,true,SOURCE_COVPDB,CovPDB_complexes/1ecc/1ecc.pdb#LINK00656,source_annotations.covalent_event,explicit PDB LINK CYS-SG to ligand endpoint,false,SUPPORTING_TRIAGE_EVIDENCE_ONLY,6d05249c83ad24589fd4280c2a8e5665d839cf8ee6c33b5ea0949b40fbe04220,"[""6d05249c83ad24589fd4280c2a8e5665d839cf8ee6c33b5ea0949b40fbe04220"",""82024a09e608af3198f770e932d9900dd8d185f4ccc5a37c6e9edfff91944742"",""c039f9d5010a5957f696533402948cbc010dccba13f62bfe0f38d1365332553a""]",data/derived/covalent_small/covapie_bulk_cys_sg_dataset_expansion_v1/bulk_pilot_v1/cross_source_canonical_event_manifest_v1.json,d3f35987af92fca669b85d62a86914c7a01bf35d867c4a779e7fc08e76445dae,false,SPECIALIST_REACTION_FIELD_IN_EXACT_SUPPORTING_VOCABULARY
COVAPIE_CYS_SG_EVENT_V1:1ECC:A:CYS:1-:SG:E:ONL:CE,COVALENT_SMALL_MOLECULE_TASK_RELEVANCE_SUPPORTED,true,SOURCE_RCSB_PDB_DIRECT,1ECC:covale1,source_annotations.covalent_event,covalent bond,false,SUPPORTING_TRIAGE_EVIDENCE_ONLY,,"[""6d05249c83ad24589fd4280c2a8e5665d839cf8ee6c33b5ea0949b40fbe04220"",""82024a09e608af3198f770e932d9900dd8d185f4ccc5a37c6e9edfff91944742"",""c039f9d5010a5957f696533402948cbc010dccba13f62bfe0f38d1365332553a""]",data/derived/covalent_small/covapie_bulk_cys_sg_dataset_expansion_v1/bulk_pilot_v1/cross_source_canonical_event_manifest_v1.json,d3f35987af92fca669b85d62a86914c7a01bf35d867c4a779e7fc08e76445dae,false,SPECIALIST_REACTION_FIELD_IN_EXACT_SUPPORTING_VOCABULARY
COVAPIE_CYS_SG_EVENT_V1:1ECC:B:CYS:1-:SG:J:ONL:CE,COVALENT_SMALL_MOLECULE_TASK_RELEVANCE_SUPPORTED,true,SOURCE_COVBINDERINPDB,CBR003691,source_annotations.covalent_event,curated residue-binder reaction record,false,SUPPORTING_TRIAGE_EVIDENCE_ONLY,c039f9d5010a5957f696533402948cbc010dccba13f62bfe0f38d1365332553a,"[""6d05249c83ad24589fd4280c2a8e5665d839cf8ee6c33b5ea0949b40fbe04220"",""82024a09e608af3198f770e932d9900dd8d185f4ccc5a37c6e9edfff91944742"",""c039f9d5010a5957f696533402948cbc010dccba13f62bfe0f38d1365332553a""]",data/derived/covalent_small/covapie_bulk_cys_sg_dataset_expansion_v1/bulk_pilot_v1/cross_source_canonical_event_manifest_v1.json,d3f35987af92fca669b85d62a86914c7a01bf35d867c4a779e7fc08e76445dae,false,SPECIALIST_REACTION_FIELD_IN_EXACT_SUPPORTING_VOCABULARY
COVAPIE_CYS_SG_EVENT_V1:1ECC:B:CYS:1-:SG:J:ONL:CE,COVALENT_SMALL_MOLECULE_TASK_RELEVANCE_SUPPORTED,true,SOURCE_COVBINDERINPDB,CBR003691,source_annotations.reaction,inhibitor,true,SUPPORTING_TRIAGE_EVIDENCE_ONLY,c039f9d5010a5957f696533402948cbc010dccba13f62bfe0f38d1365332553a,"[""6d05249c83ad24589fd4280c2a8e5665d839cf8ee6c33b5ea0949b40fbe04220"",""82024a09e608af3198f770e932d9900dd8d185f4ccc5a37c6e9edfff91944742"",""c039f9d5010a5957f696533402948cbc010dccba13f62bfe0f38d1365332553a""]",data/derived/covalent_small/covapie_bulk_cys_sg_dataset_expansion_v1/bulk_pilot_v1/cross_source_canonical_event_manifest_v1.json,d3f35987af92fca669b85d62a86914c7a01bf35d867c4a779e7fc08e76445dae,false,SPECIALIST_REACTION_FIELD_IN_EXACT_SUPPORTING_VOCABULARY
COVAPIE_CYS_SG_EVENT_V1:1ECC:B:CYS:1-:SG:J:ONL:CE,COVALENT_SMALL_MOLECULE_TASK_RELEVANCE_SUPPORTED,true,SOURCE_COVBINDERINPDB,CBR003691,source_annotations.warhead,α-diazomethyl_Ketone,false,SUPPORTING_TRIAGE_EVIDENCE_ONLY,c039f9d5010a5957f696533402948cbc010dccba13f62bfe0f38d1365332553a,"[""6d05249c83ad24589fd4280c2a8e5665d839cf8ee6c33b5ea0949b40fbe04220"",""82024a09e608af3198f770e932d9900dd8d185f4ccc5a37c6e9edfff91944742"",""c039f9d5010a5957f696533402948cbc010dccba13f62bfe0f38d1365332553a""]",data/derived/covalent_small/covapie_bulk_cys_sg_dataset_expansion_v1/bulk_pilot_v1/cross_source_canonical_event_manifest_v1.json,d3f35987af92fca669b85d62a86914c7a01bf35d867c4a779e7fc08e76445dae,false,SPECIALIST_REACTION_FIELD_IN_EXACT_SUPPORTING_VOCABULARY
COVAPIE_CYS_SG_EVENT_V1:1ECC:B:CYS:1-:SG:J:ONL:CE,COVALENT_SMALL_MOLECULE_TASK_RELEVANCE_SUPPORTED,true,SOURCE_COVPDB,CovPDB_complexes/1ecc/1ecc.pdb#LINK00663,source_annotations.covalent_event,explicit PDB LINK CYS-SG to ligand endpoint,false,SUPPORTING_TRIAGE_EVIDENCE_ONLY,6d05249c83ad24589fd4280c2a8e5665d839cf8ee6c33b5ea0949b40fbe04220,"[""6d05249c83ad24589fd4280c2a8e5665d839cf8ee6c33b5ea0949b40fbe04220"",""82024a09e608af3198f770e932d9900dd8d185f4ccc5a37c6e9edfff91944742"",""c039f9d5010a5957f696533402948cbc010dccba13f62bfe0f38d1365332553a""]",data/derived/covalent_small/covapie_bulk_cys_sg_dataset_expansion_v1/bulk_pilot_v1/cross_source_canonical_event_manifest_v1.json,d3f35987af92fca669b85d62a86914c7a01bf35d867c4a779e7fc08e76445dae,false,SPECIALIST_REACTION_FIELD_IN_EXACT_SUPPORTING_VOCABULARY
COVAPIE_CYS_SG_EVENT_V1:1ECC:B:CYS:1-:SG:J:ONL:CE,COVALENT_SMALL_MOLECULE_TASK_RELEVANCE_SUPPORTED,true,SOURCE_RCSB_PDB_DIRECT,1ECC:covale2,source_annotations.covalent_event,covalent bond,false,SUPPORTING_TRIAGE_EVIDENCE_ONLY,,"[""6d05249c83ad24589fd4280c2a8e5665d839cf8ee6c33b5ea0949b40fbe04220"",""82024a09e608af3198f770e932d9900dd8d185f4ccc5a37c6e9edfff91944742"",""c039f9d5010a5957f696533402948cbc010dccba13f62bfe0f38d1365332553a""]",data/derived/covalent_small/covapie_bulk_cys_sg_dataset_expansion_v1/bulk_pilot_v1/cross_source_canonical_event_manifest_v1.json,d3f35987af92fca669b85d62a86914c7a01bf35d867c4a779e7fc08e76445dae,false,SPECIALIST_REACTION_FIELD_IN_EXACT_SUPPORTING_VOCABULARY
COVAPIE_CYS_SG_EVENT_V1:1ECG:A:CYS:1-:SG:C:ONL:CE,COVALENT_SMALL_MOLECULE_TASK_RELEVANCE_SUPPORTED,true,SOURCE_COVBINDERINPDB,CBR003692,source_annotations.covalent_event,curated residue-binder reaction record,false,SUPPORTING_TRIAGE_EVIDENCE_ONLY,c039f9d5010a5957f696533402948cbc010dccba13f62bfe0f38d1365332553a,"[""6d05249c83ad24589fd4280c2a8e5665d839cf8ee6c33b5ea0949b40fbe04220"",""82024a09e608af3198f770e932d9900dd8d185f4ccc5a37c6e9edfff91944742"",""c039f9d5010a5957f696533402948cbc010dccba13f62bfe0f38d1365332553a""]",data/derived/covalent_small/covapie_bulk_cys_sg_dataset_expansion_v1/bulk_pilot_v1/cross_source_canonical_event_manifest_v1.json,d3f35987af92fca669b85d62a86914c7a01bf35d867c4a779e7fc08e76445dae,false,SPECIALIST_REACTION_FIELD_IN_EXACT_SUPPORTING_VOCABULARY
COVAPIE_CYS_SG_EVENT_V1:1ECG:A:CYS:1-:SG:C:ONL:CE,COVALENT_SMALL_MOLECULE_TASK_RELEVANCE_SUPPORTED,true,SOURCE_COVBINDERINPDB,CBR003692,source_annotations.reaction,inhibitor,true,SUPPORTING_TRIAGE_EVIDENCE_ONLY,c039f9d5010a5957f696533402948cbc010dccba13f62bfe0f38d1365332553a,"[""6d05249c83ad24589fd4280c2a8e5665d839cf8ee6c33b5ea0949b40fbe04220"",""82024a09e608af3198f770e932d9900dd8d185f4ccc5a37c6e9edfff91944742"",""c039f9d5010a5957f696533402948cbc010dccba13f62bfe0f38d1365332553a""]",data/derived/covalent_small/covapie_bulk_cys_sg_dataset_expansion_v1/bulk_pilot_v1/cross_source_canonical_event_manifest_v1.json,d3f35987af92fca669b85d62a86914c7a01bf35d867c4a779e7fc08e76445dae,false,SPECIALIST_REACTION_FIELD_IN_EXACT_SUPPORTING_VOCABULARY
COVAPIE_CYS_SG_EVENT_V1:1ECG:A:CYS:1-:SG:C:ONL:CE,COVALENT_SMALL_MOLECULE_TASK_RELEVANCE_SUPPORTED,true,SOURCE_COVBINDERINPDB,CBR003692,source_annotations.warhead,α-diazomethyl_Ketone,false,SUPPORTING_TRIAGE_EVIDENCE_ONLY,c039f9d5010a5957f696533402948cbc010dccba13f62bfe0f38d1365332553a,"[""6d05249c83ad24589fd4280c2a8e5665d839cf8ee6c33b5ea0949b40fbe04220"",""82024a09e608af3198f770e932d9900dd8d185f4ccc5a37c6e9edfff91944742"",""c039f9d5010a5957f696533402948cbc010dccba13f62bfe0f38d1365332553a""]",data/derived/covalent_small/covapie_bulk_cys_sg_dataset_expansion_v1/bulk_pilot_v1/cross_source_canonical_event_manifest_v1.json,d3f35987af92fca669b85d62a86914c7a01bf35d867c4a779e7fc08e76445dae,false,SPECIALIST_REACTION_FIELD_IN_EXACT_SUPPORTING_VOCABULARY
COVAPIE_CYS_SG_EVENT_V1:1ECG:A:CYS:1-:SG:C:ONL:CE,COVALENT_SMALL_MOLECULE_TASK_RELEVANCE_SUPPORTED,true,SOURCE_COVPDB,CovPDB_complexes/1ecg/1ecg.pdb#LINK00684,source_annotations.covalent_event,explicit PDB LINK CYS-SG to ligand endpoint,false,SUPPORTING_TRIAGE_EVIDENCE_ONLY,6d05249c83ad24589fd4280c2a8e5665d839cf8ee6c33b5ea0949b40fbe04220,"[""6d05249c83ad24589fd4280c2a8e5665d839cf8ee6c33b5ea0949b40fbe04220"",""82024a09e608af3198f770e932d9900dd8d185f4ccc5a37c6e9edfff91944742"",""c039f9d5010a5957f696533402948cbc010dccba13f62bfe0f38d1365332553a""]",data/derived/covalent_small/covapie_bulk_cys_sg_dataset_expansion_v1/bulk_pilot_v1/cross_source_canonical_event_manifest_v1.json,d3f35987af92fca669b85d62a86914c7a01bf35d867c4a779e7fc08e76445dae,false,SPECIALIST_REACTION_FIELD_IN_EXACT_SUPPORTING_VOCABULARY
COVAPIE_CYS_SG_EVENT_V1:1ECG:A:CYS:1-:SG:C:ONL:CE,COVALENT_SMALL_MOLECULE_TASK_RELEVANCE_SUPPORTED,true,SOURCE_RCSB_PDB_DIRECT,1ECG:covale1,source_annotations.covalent_event,covalent bond,false,SUPPORTING_TRIAGE_EVIDENCE_ONLY,,"[""6d05249c83ad24589fd4280c2a8e5665d839cf8ee6c33b5ea0949b40fbe04220"",""82024a09e608af3198f770e932d9900dd8d185f4ccc5a37c6e9edfff91944742"",""c039f9d5010a5957f696533402948cbc010dccba13f62bfe0f38d1365332553a""]",data/derived/covalent_small/covapie_bulk_cys_sg_dataset_expansion_v1/bulk_pilot_v1/cross_source_canonical_event_manifest_v1.json,d3f35987af92fca669b85d62a86914c7a01bf35d867c4a779e7fc08e76445dae,false,SPECIALIST_REACTION_FIELD_IN_EXACT_SUPPORTING_VOCABULARY
COVAPIE_CYS_SG_EVENT_V1:1ECG:B:CYS:1-:SG:G:ONL:CE,COVALENT_SMALL_MOLECULE_TASK_RELEVANCE_SUPPORTED,true,SOURCE_COVBINDERINPDB,CBR003693,source_annotations.covalent_event,curated residue-binder reaction record,false,SUPPORTING_TRIAGE_EVIDENCE_ONLY,c039f9d5010a5957f696533402948cbc010dccba13f62bfe0f38d1365332553a,"[""6d05249c83ad24589fd4280c2a8e5665d839cf8ee6c33b5ea0949b40fbe04220"",""82024a09e608af3198f770e932d9900dd8d185f4ccc5a37c6e9edfff91944742"",""c039f9d5010a5957f696533402948cbc010dccba13f62bfe0f38d1365332553a""]",data/derived/covalent_small/covapie_bulk_cys_sg_dataset_expansion_v1/bulk_pilot_v1/cross_source_canonical_event_manifest_v1.json,d3f35987af92fca669b85d62a86914c7a01bf35d867c4a779e7fc08e76445dae,false,SPECIALIST_REACTION_FIELD_IN_EXACT_SUPPORTING_VOCABULARY
COVAPIE_CYS_SG_EVENT_V1:1ECG:B:CYS:1-:SG:G:ONL:CE,COVALENT_SMALL_MOLECULE_TASK_RELEVANCE_SUPPORTED,true,SOURCE_COVBINDERINPDB,CBR003693,source_annotations.reaction,inhibitor,true,SUPPORTING_TRIAGE_EVIDENCE_ONLY,c039f9d5010a5957f696533402948cbc010dccba13f62bfe0f38d1365332553a,"[""6d05249c83ad24589fd4280c2a8e5665d839cf8ee6c33b5ea0949b40fbe04220"",""82024a09e608af3198f770e932d9900dd8d185f4ccc5a37c6e9edfff91944742"",""c039f9d5010a5957f696533402948cbc010dccba13f62bfe0f38d1365332553a""]",data/derived/covalent_small/covapie_bulk_cys_sg_dataset_expansion_v1/bulk_pilot_v1/cross_source_canonical_event_manifest_v1.json,d3f35987af92fca669b85d62a86914c7a01bf35d867c4a779e7fc08e76445dae,false,SPECIALIST_REACTION_FIELD_IN_EXACT_SUPPORTING_VOCABULARY
COVAPIE_CYS_SG_EVENT_V1:1ECG:B:CYS:1-:SG:G:ONL:CE,COVALENT_SMALL_MOLECULE_TASK_RELEVANCE_SUPPORTED,true,SOURCE_COVBINDERINPDB,CBR003693,source_annotations.warhead,α-diazomethyl_Ketone,false,SUPPORTING_TRIAGE_EVIDENCE_ONLY,c039f9d5010a5957f696533402948cbc010dccba13f62bfe0f38d1365332553a,"[""6d05249c83ad24589fd4280c2a8e5665d839cf8ee6c33b5ea0949b40fbe04220"",""82024a09e608af3198f770e932d9900dd8d185f4ccc5a37c6e9edfff91944742"",""c039f9d5010a5957f696533402948cbc010dccba13f62bfe0f38d1365332553a""]",data/derived/covalent_small/covapie_bulk_cys_sg_dataset_expansion_v1/bulk_pilot_v1/cross_source_canonical_event_manifest_v1.json,d3f35987af92fca669b85d62a86914c7a01bf35d867c4a779e7fc08e76445dae,false,SPECIALIST_REACTION_FIELD_IN_EXACT_SUPPORTING_VOCABULARY
COVAPIE_CYS_SG_EVENT_V1:1ECG:B:CYS:1-:SG:G:ONL:CE,COVALENT_SMALL_MOLECULE_TASK_RELEVANCE_SUPPORTED,true,SOURCE_COVPDB,CovPDB_complexes/1ecg/1ecg.pdb#LINK00685,source_annotations.covalent_event,explicit PDB LINK CYS-SG to ligand endpoint,false,SUPPORTING_TRIAGE_EVIDENCE_ONLY,6d05249c83ad24589fd4280c2a8e5665d839cf8ee6c33b5ea0949b40fbe04220,"[""6d05249c83ad24589fd4280c2a8e5665d839cf8ee6c33b5ea0949b40fbe04220"",""82024a09e608af3198f770e932d9900dd8d185f4ccc5a37c6e9edfff91944742"",""c039f9d5010a5957f696533402948cbc010dccba13f62bfe0f38d1365332553a""]",data/derived/covalent_small/covapie_bulk_cys_sg_dataset_expansion_v1/bulk_pilot_v1/cross_source_canonical_event_manifest_v1.json,d3f35987af92fca669b85d62a86914c7a01bf35d867c4a779e7fc08e76445dae,false,SPECIALIST_REACTION_FIELD_IN_EXACT_SUPPORTING_VOCABULARY
COVAPIE_CYS_SG_EVENT_V1:1ECG:B:CYS:1-:SG:G:ONL:CE,COVALENT_SMALL_MOLECULE_TASK_RELEVANCE_SUPPORTED,true,SOURCE_RCSB_PDB_DIRECT,1ECG:covale2,source_annotations.covalent_event,covalent bond,false,SUPPORTING_TRIAGE_EVIDENCE_ONLY,,"[""6d05249c83ad24589fd4280c2a8e5665d839cf8ee6c33b5ea0949b40fbe04220"",""82024a09e608af3198f770e932d9900dd8d185f4ccc5a37c6e9edfff91944742"",""c039f9d5010a5957f696533402948cbc010dccba13f62bfe0f38d1365332553a""]",data/derived/covalent_small/covapie_bulk_cys_sg_dataset_expansion_v1/bulk_pilot_v1/cross_source_canonical_event_manifest_v1.json,d3f35987af92fca669b85d62a86914c7a01bf35d867c4a779e7fc08e76445dae,false,SPECIALIST_REACTION_FIELD_IN_EXACT_SUPPORTING_VOCABULARY
COVAPIE_CYS_SG_EVENT_V1:1F28:A:CYS:173-:SG:E:UMP:C6,LIKELY_BIOCHEMICAL_OR_NON_TARGET_GENERATION_EVENT,true,SOURCE_COVBINDERINPDB,CBR004625,source_annotations.covalent_event,curated residue-binder reaction record,false,SUPPORTING_TRIAGE_EVIDENCE_ONLY,c039f9d5010a5957f696533402948cbc010dccba13f62bfe0f38d1365332553a,"[""6d05249c83ad24589fd4280c2a8e5665d839cf8ee6c33b5ea0949b40fbe04220"",""82024a09e608af3198f770e932d9900dd8d185f4ccc5a37c6e9edfff91944742"",""c039f9d5010a5957f696533402948cbc010dccba13f62bfe0f38d1365332553a""]",data/derived/covalent_small/covapie_bulk_cys_sg_dataset_expansion_v1/bulk_pilot_v1/cross_source_canonical_event_manifest_v1.json,d3f35987af92fca669b85d62a86914c7a01bf35d867c4a779e7fc08e76445dae,false,SPECIALIST_REACTION_FIELD_EQUALS_SUBSTRATE; LIKELY STATUS ONLY
COVAPIE_CYS_SG_EVENT_V1:1F28:A:CYS:173-:SG:E:UMP:C6,LIKELY_BIOCHEMICAL_OR_NON_TARGET_GENERATION_EVENT,true,SOURCE_COVBINDERINPDB,CBR004625,source_annotations.reaction,substrate,true,SUPPORTING_TRIAGE_EVIDENCE_ONLY,c039f9d5010a5957f696533402948cbc010dccba13f62bfe0f38d1365332553a,"[""6d05249c83ad24589fd4280c2a8e5665d839cf8ee6c33b5ea0949b40fbe04220"",""82024a09e608af3198f770e932d9900dd8d185f4ccc5a37c6e9edfff91944742"",""c039f9d5010a5957f696533402948cbc010dccba13f62bfe0f38d1365332553a""]",data/derived/covalent_small/covapie_bulk_cys_sg_dataset_expansion_v1/bulk_pilot_v1/cross_source_canonical_event_manifest_v1.json,d3f35987af92fca669b85d62a86914c7a01bf35d867c4a779e7fc08e76445dae,false,SPECIALIST_REACTION_FIELD_EQUALS_SUBSTRATE; LIKELY STATUS ONLY
COVAPIE_CYS_SG_EVENT_V1:1F28:A:CYS:173-:SG:E:UMP:C6,LIKELY_BIOCHEMICAL_OR_NON_TARGET_GENERATION_EVENT,true,SOURCE_COVBINDERINPDB,CBR004625,source_annotations.warhead,Uridine,false,SUPPORTING_TRIAGE_EVIDENCE_ONLY,c039f9d5010a5957f696533402948cbc010dccba13f62bfe0f38d1365332553a,"[""6d05249c83ad24589fd4280c2a8e5665d839cf8ee6c33b5ea0949b40fbe04220"",""82024a09e608af3198f770e932d9900dd8d185f4ccc5a37c6e9edfff91944742"",""c039f9d5010a5957f696533402948cbc010dccba13f62bfe0f38d1365332553a""]",data/derived/covalent_small/covapie_bulk_cys_sg_dataset_expansion_v1/bulk_pilot_v1/cross_source_canonical_event_manifest_v1.json,d3f35987af92fca669b85d62a86914c7a01bf35d867c4a779e7fc08e76445dae,false,SPECIALIST_REACTION_FIELD_EQUALS_SUBSTRATE; LIKELY STATUS ONLY
COVAPIE_CYS_SG_EVENT_V1:1F28:A:CYS:173-:SG:E:UMP:C6,LIKELY_BIOCHEMICAL_OR_NON_TARGET_GENERATION_EVENT,true,SOURCE_COVPDB,CovPDB_complexes/1f28/1f28.pdb#LINK00626,source_annotations.covalent_event,explicit PDB LINK CYS-SG to ligand endpoint,false,SUPPORTING_TRIAGE_EVIDENCE_ONLY,6d05249c83ad24589fd4280c2a8e5665d839cf8ee6c33b5ea0949b40fbe04220,"[""6d05249c83ad24589fd4280c2a8e5665d839cf8ee6c33b5ea0949b40fbe04220"",""82024a09e608af3198f770e932d9900dd8d185f4ccc5a37c6e9edfff91944742"",""c039f9d5010a5957f696533402948cbc010dccba13f62bfe0f38d1365332553a""]",data/derived/covalent_small/covapie_bulk_cys_sg_dataset_expansion_v1/bulk_pilot_v1/cross_source_canonical_event_manifest_v1.json,d3f35987af92fca669b85d62a86914c7a01bf35d867c4a779e7fc08e76445dae,false,SPECIALIST_REACTION_FIELD_EQUALS_SUBSTRATE; LIKELY STATUS ONLY
COVAPIE_CYS_SG_EVENT_V1:1F28:A:CYS:173-:SG:E:UMP:C6,LIKELY_BIOCHEMICAL_OR_NON_TARGET_GENERATION_EVENT,true,SOURCE_RCSB_PDB_DIRECT,1F28:covale1,source_annotations.covalent_event,covalent bond,false,SUPPORTING_TRIAGE_EVIDENCE_ONLY,,"[""6d05249c83ad24589fd4280c2a8e5665d839cf8ee6c33b5ea0949b40fbe04220"",""82024a09e608af3198f770e932d9900dd8d185f4ccc5a37c6e9edfff91944742"",""c039f9d5010a5957f696533402948cbc010dccba13f62bfe0f38d1365332553a""]",data/derived/covalent_small/covapie_bulk_cys_sg_dataset_expansion_v1/bulk_pilot_v1/cross_source_canonical_event_manifest_v1.json,d3f35987af92fca669b85d62a86914c7a01bf35d867c4a779e7fc08e76445dae,false,SPECIALIST_REACTION_FIELD_EQUALS_SUBSTRATE; LIKELY STATUS ONLY
COVAPIE_CYS_SG_EVENT_V1:1F28:C:CYS:173-:SG:I:UMP:C6,LIKELY_BIOCHEMICAL_OR_NON_TARGET_GENERATION_EVENT,true,SOURCE_COVBINDERINPDB,CBR004626,source_annotations.covalent_event,curated residue-binder reaction record,false,SUPPORTING_TRIAGE_EVIDENCE_ONLY,c039f9d5010a5957f696533402948cbc010dccba13f62bfe0f38d1365332553a,"[""6d05249c83ad24589fd4280c2a8e5665d839cf8ee6c33b5ea0949b40fbe04220"",""82024a09e608af3198f770e932d9900dd8d185f4ccc5a37c6e9edfff91944742"",""c039f9d5010a5957f696533402948cbc010dccba13f62bfe0f38d1365332553a""]",data/derived/covalent_small/covapie_bulk_cys_sg_dataset_expansion_v1/bulk_pilot_v1/cross_source_canonical_event_manifest_v1.json,d3f35987af92fca669b85d62a86914c7a01bf35d867c4a779e7fc08e76445dae,false,SPECIALIST_REACTION_FIELD_EQUALS_SUBSTRATE; LIKELY STATUS ONLY
COVAPIE_CYS_SG_EVENT_V1:1F28:C:CYS:173-:SG:I:UMP:C6,LIKELY_BIOCHEMICAL_OR_NON_TARGET_GENERATION_EVENT,true,SOURCE_COVBINDERINPDB,CBR004626,source_annotations.reaction,substrate,true,SUPPORTING_TRIAGE_EVIDENCE_ONLY,c039f9d5010a5957f696533402948cbc010dccba13f62bfe0f38d1365332553a,"[""6d05249c83ad24589fd4280c2a8e5665d839cf8ee6c33b5ea0949b40fbe04220"",""82024a09e608af3198f770e932d9900dd8d185f4ccc5a37c6e9edfff91944742"",""c039f9d5010a5957f696533402948cbc010dccba13f62bfe0f38d1365332553a""]",data/derived/covalent_small/covapie_bulk_cys_sg_dataset_expansion_v1/bulk_pilot_v1/cross_source_canonical_event_manifest_v1.json,d3f35987af92fca669b85d62a86914c7a01bf35d867c4a779e7fc08e76445dae,false,SPECIALIST_REACTION_FIELD_EQUALS_SUBSTRATE; LIKELY STATUS ONLY
COVAPIE_CYS_SG_EVENT_V1:1F28:C:CYS:173-:SG:I:UMP:C6,LIKELY_BIOCHEMICAL_OR_NON_TARGET_GENERATION_EVENT,true,SOURCE_COVBINDERINPDB,CBR004626,source_annotations.warhead,Uridine,false,SUPPORTING_TRIAGE_EVIDENCE_ONLY,c039f9d5010a5957f696533402948cbc010dccba13f62bfe0f38d1365332553a,"[""6d05249c83ad24589fd4280c2a8e5665d839cf8ee6c33b5ea0949b40fbe04220"",""82024a09e608af3198f770e932d9900dd8d185f4ccc5a37c6e9edfff91944742"",""c039f9d5010a5957f696533402948cbc010dccba13f62bfe0f38d1365332553a""]",data/derived/covalent_small/covapie_bulk_cys_sg_dataset_expansion_v1/bulk_pilot_v1/cross_source_canonical_event_manifest_v1.json,d3f35987af92fca669b85d62a86914c7a01bf35d867c4a779e7fc08e76445dae,false,SPECIALIST_REACTION_FIELD_EQUALS_SUBSTRATE; LIKELY STATUS ONLY
COVAPIE_CYS_SG_EVENT_V1:1F28:C:CYS:173-:SG:I:UMP:C6,LIKELY_BIOCHEMICAL_OR_NON_TARGET_GENERATION_EVENT,true,SOURCE_COVPDB,CovPDB_complexes/1f28/1f28.pdb#LINK00627,source_annotations.covalent_event,explicit PDB LINK CYS-SG to ligand endpoint,false,SUPPORTING_TRIAGE_EVIDENCE_ONLY,6d05249c83ad24589fd4280c2a8e5665d839cf8ee6c33b5ea0949b40fbe04220,"[""6d05249c83ad24589fd4280c2a8e5665d839cf8ee6c33b5ea0949b40fbe04220"",""82024a09e608af3198f770e932d9900dd8d185f4ccc5a37c6e9edfff91944742"",""c039f9d5010a5957f696533402948cbc010dccba13f62bfe0f38d1365332553a""]",data/derived/covalent_small/covapie_bulk_cys_sg_dataset_expansion_v1/bulk_pilot_v1/cross_source_canonical_event_manifest_v1.json,d3f35987af92fca669b85d62a86914c7a01bf35d867c4a779e7fc08e76445dae,false,SPECIALIST_REACTION_FIELD_EQUALS_SUBSTRATE; LIKELY STATUS ONLY
COVAPIE_CYS_SG_EVENT_V1:1F28:C:CYS:173-:SG:I:UMP:C6,LIKELY_BIOCHEMICAL_OR_NON_TARGET_GENERATION_EVENT,true,SOURCE_RCSB_PDB_DIRECT,1F28:covale2,source_annotations.covalent_event,covalent bond,false,SUPPORTING_TRIAGE_EVIDENCE_ONLY,,"[""6d05249c83ad24589fd4280c2a8e5665d839cf8ee6c33b5ea0949b40fbe04220"",""82024a09e608af3198f770e932d9900dd8d185f4ccc5a37c6e9edfff91944742"",""c039f9d5010a5957f696533402948cbc010dccba13f62bfe0f38d1365332553a""]",data/derived/covalent_small/covapie_bulk_cys_sg_dataset_expansion_v1/bulk_pilot_v1/cross_source_canonical_event_manifest_v1.json,d3f35987af92fca669b85d62a86914c7a01bf35d867c4a779e7fc08e76445dae,false,SPECIALIST_REACTION_FIELD_EQUALS_SUBSTRATE; LIKELY STATUS ONLY
COVAPIE_CYS_SG_EVENT_V1:1F4C:A:CYS:146-:SG:F:TP2:S1,TASK_RELEVANCE_EVIDENCE_INSUFFICIENT,true,SOURCE_COVPDB,CovPDB_complexes/1f4c/1f4c.pdb#LINK00485,source_annotations.covalent_event,explicit PDB LINK CYS-SG to ligand endpoint,false,SUPPORTING_TRIAGE_EVIDENCE_ONLY,6d05249c83ad24589fd4280c2a8e5665d839cf8ee6c33b5ea0949b40fbe04220,"[""6d05249c83ad24589fd4280c2a8e5665d839cf8ee6c33b5ea0949b40fbe04220"",""dbe086497d6d592f9768a6e99951fb56f404dca37e93f3b35eca6741988ad876""]",data/derived/covalent_small/covapie_bulk_cys_sg_dataset_expansion_v1/bulk_pilot_v1/cross_source_canonical_event_manifest_v1.json,d3f35987af92fca669b85d62a86914c7a01bf35d867c4a779e7fc08e76445dae,false,NO_SPECIALIST_REACTION_FIELD; HUMAN REVIEW REQUIRED
COVAPIE_CYS_SG_EVENT_V1:1F4C:A:CYS:146-:SG:F:TP2:S1,TASK_RELEVANCE_EVIDENCE_INSUFFICIENT,true,SOURCE_RCSB_PDB_DIRECT,1F4C:covale2,source_annotations.covalent_event,covalent bond,false,SUPPORTING_TRIAGE_EVIDENCE_ONLY,,"[""6d05249c83ad24589fd4280c2a8e5665d839cf8ee6c33b5ea0949b40fbe04220"",""dbe086497d6d592f9768a6e99951fb56f404dca37e93f3b35eca6741988ad876""]",data/derived/covalent_small/covapie_bulk_cys_sg_dataset_expansion_v1/bulk_pilot_v1/cross_source_canonical_event_manifest_v1.json,d3f35987af92fca669b85d62a86914c7a01bf35d867c4a779e7fc08e76445dae,false,NO_SPECIALIST_REACTION_FIELD; HUMAN REVIEW REQUIRED
COVAPIE_CYS_SG_EVENT_V1:1F4C:B:CYS:146-:SG:I:TP2:S1,TASK_RELEVANCE_EVIDENCE_INSUFFICIENT,true,SOURCE_COVPDB,CovPDB_complexes/1f4c/1f4c.pdb#LINK00486,source_annotations.covalent_event,explicit PDB LINK CYS-SG to ligand endpoint,false,SUPPORTING_TRIAGE_EVIDENCE_ONLY,6d05249c83ad24589fd4280c2a8e5665d839cf8ee6c33b5ea0949b40fbe04220,"[""6d05249c83ad24589fd4280c2a8e5665d839cf8ee6c33b5ea0949b40fbe04220"",""dbe086497d6d592f9768a6e99951fb56f404dca37e93f3b35eca6741988ad876""]",data/derived/covalent_small/covapie_bulk_cys_sg_dataset_expansion_v1/bulk_pilot_v1/cross_source_canonical_event_manifest_v1.json,d3f35987af92fca669b85d62a86914c7a01bf35d867c4a779e7fc08e76445dae,false,NO_SPECIALIST_REACTION_FIELD; HUMAN REVIEW REQUIRED
COVAPIE_CYS_SG_EVENT_V1:1F4C:B:CYS:146-:SG:I:TP2:S1,TASK_RELEVANCE_EVIDENCE_INSUFFICIENT,true,SOURCE_RCSB_PDB_DIRECT,1F4C:covale4,source_annotations.covalent_event,covalent bond,false,SUPPORTING_TRIAGE_EVIDENCE_ONLY,,"[""6d05249c83ad24589fd4280c2a8e5665d839cf8ee6c33b5ea0949b40fbe04220"",""dbe086497d6d592f9768a6e99951fb56f404dca37e93f3b35eca6741988ad876""]",data/derived/covalent_small/covapie_bulk_cys_sg_dataset_expansion_v1/bulk_pilot_v1/cross_source_canonical_event_manifest_v1.json,d3f35987af92fca669b85d62a86914c7a01bf35d867c4a779e7fc08e76445dae,false,NO_SPECIALIST_REACTION_FIELD; HUMAN REVIEW REQUIRED
COVAPIE_CYS_SG_EVENT_V1:1F4D:A:CYS:143-:SG:E:TP2:S1,TASK_RELEVANCE_EVIDENCE_INSUFFICIENT,true,SOURCE_COVPDB,CovPDB_complexes/1f4d/1f4d.pdb#LINK00530,source_annotations.covalent_event,explicit PDB LINK CYS-SG to ligand endpoint,false,SUPPORTING_TRIAGE_EVIDENCE_ONLY,6d05249c83ad24589fd4280c2a8e5665d839cf8ee6c33b5ea0949b40fbe04220,"[""6d05249c83ad24589fd4280c2a8e5665d839cf8ee6c33b5ea0949b40fbe04220"",""dbe086497d6d592f9768a6e99951fb56f404dca37e93f3b35eca6741988ad876""]",data/derived/covalent_small/covapie_bulk_cys_sg_dataset_expansion_v1/bulk_pilot_v1/cross_source_canonical_event_manifest_v1.json,d3f35987af92fca669b85d62a86914c7a01bf35d867c4a779e7fc08e76445dae,false,NO_SPECIALIST_REACTION_FIELD; HUMAN REVIEW REQUIRED
COVAPIE_CYS_SG_EVENT_V1:1F4D:A:CYS:143-:SG:E:TP2:S1,TASK_RELEVANCE_EVIDENCE_INSUFFICIENT,true,SOURCE_RCSB_PDB_DIRECT,1F4D:covale2,source_annotations.covalent_event,covalent bond,false,SUPPORTING_TRIAGE_EVIDENCE_ONLY,,"[""6d05249c83ad24589fd4280c2a8e5665d839cf8ee6c33b5ea0949b40fbe04220"",""dbe086497d6d592f9768a6e99951fb56f404dca37e93f3b35eca6741988ad876""]",data/derived/covalent_small/covapie_bulk_cys_sg_dataset_expansion_v1/bulk_pilot_v1/cross_source_canonical_event_manifest_v1.json,d3f35987af92fca669b85d62a86914c7a01bf35d867c4a779e7fc08e76445dae,false,NO_SPECIALIST_REACTION_FIELD; HUMAN REVIEW REQUIRED
COVAPIE_CYS_SG_EVENT_V1:1F4D:B:CYS:143-:SG:I:TP2:S1,TASK_RELEVANCE_EVIDENCE_INSUFFICIENT,true,SOURCE_COVPDB,CovPDB_complexes/1f4d/1f4d.pdb#LINK00531,source_annotations.covalent_event,explicit PDB LINK CYS-SG to ligand endpoint,false,SUPPORTING_TRIAGE_EVIDENCE_ONLY,6d05249c83ad24589fd4280c2a8e5665d839cf8ee6c33b5ea0949b40fbe04220,"[""6d05249c83ad24589fd4280c2a8e5665d839cf8ee6c33b5ea0949b40fbe04220"",""dbe086497d6d592f9768a6e99951fb56f404dca37e93f3b35eca6741988ad876""]",data/derived/covalent_small/covapie_bulk_cys_sg_dataset_expansion_v1/bulk_pilot_v1/cross_source_canonical_event_manifest_v1.json,d3f35987af92fca669b85d62a86914c7a01bf35d867c4a779e7fc08e76445dae,false,NO_SPECIALIST_REACTION_FIELD; HUMAN REVIEW REQUIRED
COVAPIE_CYS_SG_EVENT_V1:1F4D:B:CYS:143-:SG:I:TP2:S1,TASK_RELEVANCE_EVIDENCE_INSUFFICIENT,true,SOURCE_RCSB_PDB_DIRECT,1F4D:covale4,source_annotations.covalent_event,covalent bond,false,SUPPORTING_TRIAGE_EVIDENCE_ONLY,,"[""6d05249c83ad24589fd4280c2a8e5665d839cf8ee6c33b5ea0949b40fbe04220"",""dbe086497d6d592f9768a6e99951fb56f404dca37e93f3b35eca6741988ad876""]",data/derived/covalent_small/covapie_bulk_cys_sg_dataset_expansion_v1/bulk_pilot_v1/cross_source_canonical_event_manifest_v1.json,d3f35987af92fca669b85d62a86914c7a01bf35d867c4a779e7fc08e76445dae,false,NO_SPECIALIST_REACTION_FIELD; HUMAN REVIEW REQUIRED
COVAPIE_CYS_SG_EVENT_V1:1F8M:A:CYS:191-:SG:F:PYR:CB,COVALENT_SMALL_MOLECULE_TASK_RELEVANCE_SUPPORTED,true,SOURCE_COVBINDERINPDB,CBR002054,source_annotations.covalent_event,curated residue-binder reaction record,false,SUPPORTING_TRIAGE_EVIDENCE_ONLY,c039f9d5010a5957f696533402948cbc010dccba13f62bfe0f38d1365332553a,"[""529ad6303fb044ae85e2c5dc37845c722f2a65715a19a504426f3c03a44e2aaf"",""c039f9d5010a5957f696533402948cbc010dccba13f62bfe0f38d1365332553a""]",data/derived/covalent_small/covapie_bulk_cys_sg_dataset_expansion_v1/bulk_pilot_v1/cross_source_canonical_event_manifest_v1.json,d3f35987af92fca669b85d62a86914c7a01bf35d867c4a779e7fc08e76445dae,false,SPECIALIST_REACTION_FIELD_IN_EXACT_SUPPORTING_VOCABULARY
COVAPIE_CYS_SG_EVENT_V1:1F8M:A:CYS:191-:SG:F:PYR:CB,COVALENT_SMALL_MOLECULE_TASK_RELEVANCE_SUPPORTED,true,SOURCE_COVBINDERINPDB,CBR002054,source_annotations.reaction,inhibitor,true,SUPPORTING_TRIAGE_EVIDENCE_ONLY,c039f9d5010a5957f696533402948cbc010dccba13f62bfe0f38d1365332553a,"[""529ad6303fb044ae85e2c5dc37845c722f2a65715a19a504426f3c03a44e2aaf"",""c039f9d5010a5957f696533402948cbc010dccba13f62bfe0f38d1365332553a""]",data/derived/covalent_small/covapie_bulk_cys_sg_dataset_expansion_v1/bulk_pilot_v1/cross_source_canonical_event_manifest_v1.json,d3f35987af92fca669b85d62a86914c7a01bf35d867c4a779e7fc08e76445dae,false,SPECIALIST_REACTION_FIELD_IN_EXACT_SUPPORTING_VOCABULARY
COVAPIE_CYS_SG_EVENT_V1:1F8M:A:CYS:191-:SG:F:PYR:CB,COVALENT_SMALL_MOLECULE_TASK_RELEVANCE_SUPPORTED,true,SOURCE_COVBINDERINPDB,CBR002054,source_annotations.warhead,α-halomethyl_Ketone,false,SUPPORTING_TRIAGE_EVIDENCE_ONLY,c039f9d5010a5957f696533402948cbc010dccba13f62bfe0f38d1365332553a,"[""529ad6303fb044ae85e2c5dc37845c722f2a65715a19a504426f3c03a44e2aaf"",""c039f9d5010a5957f696533402948cbc010dccba13f62bfe0f38d1365332553a""]",data/derived/covalent_small/covapie_bulk_cys_sg_dataset_expansion_v1/bulk_pilot_v1/cross_source_canonical_event_manifest_v1.json,d3f35987af92fca669b85d62a86914c7a01bf35d867c4a779e7fc08e76445dae,false,SPECIALIST_REACTION_FIELD_IN_EXACT_SUPPORTING_VOCABULARY
COVAPIE_CYS_SG_EVENT_V1:1F8M:A:CYS:191-:SG:F:PYR:CB,COVALENT_SMALL_MOLECULE_TASK_RELEVANCE_SUPPORTED,true,SOURCE_RCSB_PDB_DIRECT,1F8M:covale1,source_annotations.covalent_event,covalent bond,false,SUPPORTING_TRIAGE_EVIDENCE_ONLY,,"[""529ad6303fb044ae85e2c5dc37845c722f2a65715a19a504426f3c03a44e2aaf"",""c039f9d5010a5957f696533402948cbc010dccba13f62bfe0f38d1365332553a""]",data/derived/covalent_small/covapie_bulk_cys_sg_dataset_expansion_v1/bulk_pilot_v1/cross_source_canonical_event_manifest_v1.json,d3f35987af92fca669b85d62a86914c7a01bf35d867c4a779e7fc08e76445dae,false,SPECIALIST_REACTION_FIELD_IN_EXACT_SUPPORTING_VOCABULARY
COVAPIE_CYS_SG_EVENT_V1:1F8M:B:CYS:191-:SG:H:PYR:CB,COVALENT_SMALL_MOLECULE_TASK_RELEVANCE_SUPPORTED,true,SOURCE_COVBINDERINPDB,CBR002055,source_annotations.covalent_event,curated residue-binder reaction record,false,SUPPORTING_TRIAGE_EVIDENCE_ONLY,c039f9d5010a5957f696533402948cbc010dccba13f62bfe0f38d1365332553a,"[""529ad6303fb044ae85e2c5dc37845c722f2a65715a19a504426f3c03a44e2aaf"",""c039f9d5010a5957f696533402948cbc010dccba13f62bfe0f38d1365332553a""]",data/derived/covalent_small/covapie_bulk_cys_sg_dataset_expansion_v1/bulk_pilot_v1/cross_source_canonical_event_manifest_v1.json,d3f35987af92fca669b85d62a86914c7a01bf35d867c4a779e7fc08e76445dae,false,SPECIALIST_REACTION_FIELD_IN_EXACT_SUPPORTING_VOCABULARY
COVAPIE_CYS_SG_EVENT_V1:1F8M:B:CYS:191-:SG:H:PYR:CB,COVALENT_SMALL_MOLECULE_TASK_RELEVANCE_SUPPORTED,true,SOURCE_COVBINDERINPDB,CBR002055,source_annotations.reaction,inhibitor,true,SUPPORTING_TRIAGE_EVIDENCE_ONLY,c039f9d5010a5957f696533402948cbc010dccba13f62bfe0f38d1365332553a,"[""529ad6303fb044ae85e2c5dc37845c722f2a65715a19a504426f3c03a44e2aaf"",""c039f9d5010a5957f696533402948cbc010dccba13f62bfe0f38d1365332553a""]",data/derived/covalent_small/covapie_bulk_cys_sg_dataset_expansion_v1/bulk_pilot_v1/cross_source_canonical_event_manifest_v1.json,d3f35987af92fca669b85d62a86914c7a01bf35d867c4a779e7fc08e76445dae,false,SPECIALIST_REACTION_FIELD_IN_EXACT_SUPPORTING_VOCABULARY
COVAPIE_CYS_SG_EVENT_V1:1F8M:B:CYS:191-:SG:H:PYR:CB,COVALENT_SMALL_MOLECULE_TASK_RELEVANCE_SUPPORTED,true,SOURCE_COVBINDERINPDB,CBR002055,source_annotations.warhead,α-halomethyl_Ketone,false,SUPPORTING_TRIAGE_EVIDENCE_ONLY,c039f9d5010a5957f696533402948cbc010dccba13f62bfe0f38d1365332553a,"[""529ad6303fb044ae85e2c5dc37845c722f2a65715a19a504426f3c03a44e2aaf"",""c039f9d5010a5957f696533402948cbc010dccba13f62bfe0f38d1365332553a""]",data/derived/covalent_small/covapie_bulk_cys_sg_dataset_expansion_v1/bulk_pilot_v1/cross_source_canonical_event_manifest_v1.json,d3f35987af92fca669b85d62a86914c7a01bf35d867c4a779e7fc08e76445dae,false,SPECIALIST_REACTION_FIELD_IN_EXACT_SUPPORTING_VOCABULARY
COVAPIE_CYS_SG_EVENT_V1:1F8M:B:CYS:191-:SG:H:PYR:CB,COVALENT_SMALL_MOLECULE_TASK_RELEVANCE_SUPPORTED,true,SOURCE_RCSB_PDB_DIRECT,1F8M:covale2,source_annotations.covalent_event,covalent bond,false,SUPPORTING_TRIAGE_EVIDENCE_ONLY,,"[""529ad6303fb044ae85e2c5dc37845c722f2a65715a19a504426f3c03a44e2aaf"",""c039f9d5010a5957f696533402948cbc010dccba13f62bfe0f38d1365332553a""]",data/derived/covalent_small/covapie_bulk_cys_sg_dataset_expansion_v1/bulk_pilot_v1/cross_source_canonical_event_manifest_v1.json,d3f35987af92fca669b85d62a86914c7a01bf35d867c4a779e7fc08e76445dae,false,SPECIALIST_REACTION_FIELD_IN_EXACT_SUPPORTING_VOCABULARY
COVAPIE_CYS_SG_EVENT_V1:1F8M:C:CYS:191-:SG:J:PYR:CB,COVALENT_SMALL_MOLECULE_TASK_RELEVANCE_SUPPORTED,true,SOURCE_COVBINDERINPDB,CBR002056,source_annotations.covalent_event,curated residue-binder reaction record,false,SUPPORTING_TRIAGE_EVIDENCE_ONLY,c039f9d5010a5957f696533402948cbc010dccba13f62bfe0f38d1365332553a,"[""529ad6303fb044ae85e2c5dc37845c722f2a65715a19a504426f3c03a44e2aaf"",""c039f9d5010a5957f696533402948cbc010dccba13f62bfe0f38d1365332553a""]",data/derived/covalent_small/covapie_bulk_cys_sg_dataset_expansion_v1/bulk_pilot_v1/cross_source_canonical_event_manifest_v1.json,d3f35987af92fca669b85d62a86914c7a01bf35d867c4a779e7fc08e76445dae,false,SPECIALIST_REACTION_FIELD_IN_EXACT_SUPPORTING_VOCABULARY
COVAPIE_CYS_SG_EVENT_V1:1F8M:C:CYS:191-:SG:J:PYR:CB,COVALENT_SMALL_MOLECULE_TASK_RELEVANCE_SUPPORTED,true,SOURCE_COVBINDERINPDB,CBR002056,source_annotations.reaction,inhibitor,true,SUPPORTING_TRIAGE_EVIDENCE_ONLY,c039f9d5010a5957f696533402948cbc010dccba13f62bfe0f38d1365332553a,"[""529ad6303fb044ae85e2c5dc37845c722f2a65715a19a504426f3c03a44e2aaf"",""c039f9d5010a5957f696533402948cbc010dccba13f62bfe0f38d1365332553a""]",data/derived/covalent_small/covapie_bulk_cys_sg_dataset_expansion_v1/bulk_pilot_v1/cross_source_canonical_event_manifest_v1.json,d3f35987af92fca669b85d62a86914c7a01bf35d867c4a779e7fc08e76445dae,false,SPECIALIST_REACTION_FIELD_IN_EXACT_SUPPORTING_VOCABULARY
COVAPIE_CYS_SG_EVENT_V1:1F8M:C:CYS:191-:SG:J:PYR:CB,COVALENT_SMALL_MOLECULE_TASK_RELEVANCE_SUPPORTED,true,SOURCE_COVBINDERINPDB,CBR002056,source_annotations.warhead,α-halomethyl_Ketone,false,SUPPORTING_TRIAGE_EVIDENCE_ONLY,c039f9d5010a5957f696533402948cbc010dccba13f62bfe0f38d1365332553a,"[""529ad6303fb044ae85e2c5dc37845c722f2a65715a19a504426f3c03a44e2aaf"",""c039f9d5010a5957f696533402948cbc010dccba13f62bfe0f38d1365332553a""]",data/derived/covalent_small/covapie_bulk_cys_sg_dataset_expansion_v1/bulk_pilot_v1/cross_source_canonical_event_manifest_v1.json,d3f35987af92fca669b85d62a86914c7a01bf35d867c4a779e7fc08e76445dae,false,SPECIALIST_REACTION_FIELD_IN_EXACT_SUPPORTING_VOCABULARY
COVAPIE_CYS_SG_EVENT_V1:1F8M:C:CYS:191-:SG:J:PYR:CB,COVALENT_SMALL_MOLECULE_TASK_RELEVANCE_SUPPORTED,true,SOURCE_RCSB_PDB_DIRECT,1F8M:covale3,source_annotations.covalent_event,covalent bond,false,SUPPORTING_TRIAGE_EVIDENCE_ONLY,,"[""529ad6303fb044ae85e2c5dc37845c722f2a65715a19a504426f3c03a44e2aaf"",""c039f9d5010a5957f696533402948cbc010dccba13f62bfe0f38d1365332553a""]",data/derived/covalent_small/covapie_bulk_cys_sg_dataset_expansion_v1/bulk_pilot_v1/cross_source_canonical_event_manifest_v1.json,d3f35987af92fca669b85d62a86914c7a01bf35d867c4a779e7fc08e76445dae,false,SPECIALIST_REACTION_FIELD_IN_EXACT_SUPPORTING_VOCABULARY
COVAPIE_CYS_SG_EVENT_V1:1F8M:D:CYS:191-:SG:L:PYR:CB,COVALENT_SMALL_MOLECULE_TASK_RELEVANCE_SUPPORTED,true,SOURCE_COVBINDERINPDB,CBR002057,source_annotations.covalent_event,curated residue-binder reaction record,false,SUPPORTING_TRIAGE_EVIDENCE_ONLY,c039f9d5010a5957f696533402948cbc010dccba13f62bfe0f38d1365332553a,"[""529ad6303fb044ae85e2c5dc37845c722f2a65715a19a504426f3c03a44e2aaf"",""c039f9d5010a5957f696533402948cbc010dccba13f62bfe0f38d1365332553a""]",data/derived/covalent_small/covapie_bulk_cys_sg_dataset_expansion_v1/bulk_pilot_v1/cross_source_canonical_event_manifest_v1.json,d3f35987af92fca669b85d62a86914c7a01bf35d867c4a779e7fc08e76445dae,false,SPECIALIST_REACTION_FIELD_IN_EXACT_SUPPORTING_VOCABULARY
COVAPIE_CYS_SG_EVENT_V1:1F8M:D:CYS:191-:SG:L:PYR:CB,COVALENT_SMALL_MOLECULE_TASK_RELEVANCE_SUPPORTED,true,SOURCE_COVBINDERINPDB,CBR002057,source_annotations.reaction,inhibitor,true,SUPPORTING_TRIAGE_EVIDENCE_ONLY,c039f9d5010a5957f696533402948cbc010dccba13f62bfe0f38d1365332553a,"[""529ad6303fb044ae85e2c5dc37845c722f2a65715a19a504426f3c03a44e2aaf"",""c039f9d5010a5957f696533402948cbc010dccba13f62bfe0f38d1365332553a""]",data/derived/covalent_small/covapie_bulk_cys_sg_dataset_expansion_v1/bulk_pilot_v1/cross_source_canonical_event_manifest_v1.json,d3f35987af92fca669b85d62a86914c7a01bf35d867c4a779e7fc08e76445dae,false,SPECIALIST_REACTION_FIELD_IN_EXACT_SUPPORTING_VOCABULARY
COVAPIE_CYS_SG_EVENT_V1:1F8M:D:CYS:191-:SG:L:PYR:CB,COVALENT_SMALL_MOLECULE_TASK_RELEVANCE_SUPPORTED,true,SOURCE_COVBINDERINPDB,CBR002057,source_annotations.warhead,α-halomethyl_Ketone,false,SUPPORTING_TRIAGE_EVIDENCE_ONLY,c039f9d5010a5957f696533402948cbc010dccba13f62bfe0f38d1365332553a,"[""529ad6303fb044ae85e2c5dc37845c722f2a65715a19a504426f3c03a44e2aaf"",""c039f9d5010a5957f696533402948cbc010dccba13f62bfe0f38d1365332553a""]",data/derived/covalent_small/covapie_bulk_cys_sg_dataset_expansion_v1/bulk_pilot_v1/cross_source_canonical_event_manifest_v1.json,d3f35987af92fca669b85d62a86914c7a01bf35d867c4a779e7fc08e76445dae,false,SPECIALIST_REACTION_FIELD_IN_EXACT_SUPPORTING_VOCABULARY
COVAPIE_CYS_SG_EVENT_V1:1F8M:D:CYS:191-:SG:L:PYR:CB,COVALENT_SMALL_MOLECULE_TASK_RELEVANCE_SUPPORTED,true,SOURCE_RCSB_PDB_DIRECT,1F8M:covale4,source_annotations.covalent_event,covalent bond,false,SUPPORTING_TRIAGE_EVIDENCE_ONLY,,"[""529ad6303fb044ae85e2c5dc37845c722f2a65715a19a504426f3c03a44e2aaf"",""c039f9d5010a5957f696533402948cbc010dccba13f62bfe0f38d1365332553a""]",data/derived/covalent_small/covapie_bulk_cys_sg_dataset_expansion_v1/bulk_pilot_v1/cross_source_canonical_event_manifest_v1.json,d3f35987af92fca669b85d62a86914c7a01bf35d867c4a779e7fc08e76445dae,false,SPECIALIST_REACTION_FIELD_IN_EXACT_SUPPORTING_VOCABULARY
COVAPIE_CYS_SG_EVENT_V1:1FJ8:A:CYS:163-:SG:E:CER:C2,TASK_RELEVANCE_EVIDENCE_INSUFFICIENT,true,SOURCE_COVPDB,CovPDB_complexes/1fj8/1fj8.pdb#LINK00656,source_annotations.covalent_event,explicit PDB LINK CYS-SG to ligand endpoint,false,SUPPORTING_TRIAGE_EVIDENCE_ONLY,6d05249c83ad24589fd4280c2a8e5665d839cf8ee6c33b5ea0949b40fbe04220,"[""6d05249c83ad24589fd4280c2a8e5665d839cf8ee6c33b5ea0949b40fbe04220"",""dbe086497d6d592f9768a6e99951fb56f404dca37e93f3b35eca6741988ad876""]",data/derived/covalent_small/covapie_bulk_cys_sg_dataset_expansion_v1/bulk_pilot_v1/cross_source_canonical_event_manifest_v1.json,d3f35987af92fca669b85d62a86914c7a01bf35d867c4a779e7fc08e76445dae,false,NO_SPECIALIST_REACTION_FIELD; HUMAN REVIEW REQUIRED
COVAPIE_CYS_SG_EVENT_V1:1FJ8:A:CYS:163-:SG:E:CER:C2,TASK_RELEVANCE_EVIDENCE_INSUFFICIENT,true,SOURCE_RCSB_PDB_DIRECT,1FJ8:covale1,source_annotations.covalent_event,covalent bond,false,SUPPORTING_TRIAGE_EVIDENCE_ONLY,,"[""6d05249c83ad24589fd4280c2a8e5665d839cf8ee6c33b5ea0949b40fbe04220"",""dbe086497d6d592f9768a6e99951fb56f404dca37e93f3b35eca6741988ad876""]",data/derived/covalent_small/covapie_bulk_cys_sg_dataset_expansion_v1/bulk_pilot_v1/cross_source_canonical_event_manifest_v1.json,d3f35987af92fca669b85d62a86914c7a01bf35d867c4a779e7fc08e76445dae,false,NO_SPECIALIST_REACTION_FIELD; HUMAN REVIEW REQUIRED
COVAPIE_CYS_SG_EVENT_V1:1FJ8:B:CYS:163-:SG:F:CER:C2,TASK_RELEVANCE_EVIDENCE_INSUFFICIENT,true,SOURCE_COVPDB,CovPDB_complexes/1fj8/1fj8.pdb#LINK00657,source_annotations.covalent_event,explicit PDB LINK CYS-SG to ligand endpoint,false,SUPPORTING_TRIAGE_EVIDENCE_ONLY,6d05249c83ad24589fd4280c2a8e5665d839cf8ee6c33b5ea0949b40fbe04220,"[""6d05249c83ad24589fd4280c2a8e5665d839cf8ee6c33b5ea0949b40fbe04220"",""dbe086497d6d592f9768a6e99951fb56f404dca37e93f3b35eca6741988ad876""]",data/derived/covalent_small/covapie_bulk_cys_sg_dataset_expansion_v1/bulk_pilot_v1/cross_source_canonical_event_manifest_v1.json,d3f35987af92fca669b85d62a86914c7a01bf35d867c4a779e7fc08e76445dae,false,NO_SPECIALIST_REACTION_FIELD; HUMAN REVIEW REQUIRED
COVAPIE_CYS_SG_EVENT_V1:1FJ8:B:CYS:163-:SG:F:CER:C2,TASK_RELEVANCE_EVIDENCE_INSUFFICIENT,true,SOURCE_RCSB_PDB_DIRECT,1FJ8:covale2,source_annotations.covalent_event,covalent bond,false,SUPPORTING_TRIAGE_EVIDENCE_ONLY,,"[""6d05249c83ad24589fd4280c2a8e5665d839cf8ee6c33b5ea0949b40fbe04220"",""dbe086497d6d592f9768a6e99951fb56f404dca37e93f3b35eca6741988ad876""]",data/derived/covalent_small/covapie_bulk_cys_sg_dataset_expansion_v1/bulk_pilot_v1/cross_source_canonical_event_manifest_v1.json,d3f35987af92fca669b85d62a86914c7a01bf35d867c4a779e7fc08e76445dae,false,NO_SPECIALIST_REACTION_FIELD; HUMAN REVIEW REQUIRED
COVAPIE_CYS_SG_EVENT_V1:1FJ8:C:CYS:163-:SG:G:CER:C2,TASK_RELEVANCE_EVIDENCE_INSUFFICIENT,true,SOURCE_COVPDB,CovPDB_complexes/1fj8/1fj8.pdb#LINK00658,source_annotations.covalent_event,explicit PDB LINK CYS-SG to ligand endpoint,false,SUPPORTING_TRIAGE_EVIDENCE_ONLY,6d05249c83ad24589fd4280c2a8e5665d839cf8ee6c33b5ea0949b40fbe04220,"[""6d05249c83ad24589fd4280c2a8e5665d839cf8ee6c33b5ea0949b40fbe04220"",""dbe086497d6d592f9768a6e99951fb56f404dca37e93f3b35eca6741988ad876""]",data/derived/covalent_small/covapie_bulk_cys_sg_dataset_expansion_v1/bulk_pilot_v1/cross_source_canonical_event_manifest_v1.json,d3f35987af92fca669b85d62a86914c7a01bf35d867c4a779e7fc08e76445dae,false,NO_SPECIALIST_REACTION_FIELD; HUMAN REVIEW REQUIRED
COVAPIE_CYS_SG_EVENT_V1:1FJ8:C:CYS:163-:SG:G:CER:C2,TASK_RELEVANCE_EVIDENCE_INSUFFICIENT,true,SOURCE_RCSB_PDB_DIRECT,1FJ8:covale3,source_annotations.covalent_event,covalent bond,false,SUPPORTING_TRIAGE_EVIDENCE_ONLY,,"[""6d05249c83ad24589fd4280c2a8e5665d839cf8ee6c33b5ea0949b40fbe04220"",""dbe086497d6d592f9768a6e99951fb56f404dca37e93f3b35eca6741988ad876""]",data/derived/covalent_small/covapie_bulk_cys_sg_dataset_expansion_v1/bulk_pilot_v1/cross_source_canonical_event_manifest_v1.json,d3f35987af92fca669b85d62a86914c7a01bf35d867c4a779e7fc08e76445dae,false,NO_SPECIALIST_REACTION_FIELD; HUMAN REVIEW REQUIRED
COVAPIE_CYS_SG_EVENT_V1:1FJ8:D:CYS:163-:SG:H:CER:C2,TASK_RELEVANCE_EVIDENCE_INSUFFICIENT,true,SOURCE_COVPDB,CovPDB_complexes/1fj8/1fj8.pdb#LINK00659,source_annotations.covalent_event,explicit PDB LINK CYS-SG to ligand endpoint,false,SUPPORTING_TRIAGE_EVIDENCE_ONLY,6d05249c83ad24589fd4280c2a8e5665d839cf8ee6c33b5ea0949b40fbe04220,"[""6d05249c83ad24589fd4280c2a8e5665d839cf8ee6c33b5ea0949b40fbe04220"",""dbe086497d6d592f9768a6e99951fb56f404dca37e93f3b35eca6741988ad876""]",data/derived/covalent_small/covapie_bulk_cys_sg_dataset_expansion_v1/bulk_pilot_v1/cross_source_canonical_event_manifest_v1.json,d3f35987af92fca669b85d62a86914c7a01bf35d867c4a779e7fc08e76445dae,false,NO_SPECIALIST_REACTION_FIELD; HUMAN REVIEW REQUIRED
COVAPIE_CYS_SG_EVENT_V1:1FJ8:D:CYS:163-:SG:H:CER:C2,TASK_RELEVANCE_EVIDENCE_INSUFFICIENT,true,SOURCE_RCSB_PDB_DIRECT,1FJ8:covale4,source_annotations.covalent_event,covalent bond,false,SUPPORTING_TRIAGE_EVIDENCE_ONLY,,"[""6d05249c83ad24589fd4280c2a8e5665d839cf8ee6c33b5ea0949b40fbe04220"",""dbe086497d6d592f9768a6e99951fb56f404dca37e93f3b35eca6741988ad876""]",data/derived/covalent_small/covapie_bulk_cys_sg_dataset_expansion_v1/bulk_pilot_v1/cross_source_canonical_event_manifest_v1.json,d3f35987af92fca669b85d62a86914c7a01bf35d867c4a779e7fc08e76445dae,false,NO_SPECIALIST_REACTION_FIELD; HUMAN REVIEW REQUIRED
COVAPIE_CYS_SG_EVENT_V1:1FVG:A:CYS:218-:SG:B:DTT:S4,TASK_RELEVANCE_HUMAN_REVIEW_REQUIRED,true,SOURCE_COVBINDERINPDB,CBR003143,source_annotations.covalent_event,curated residue-binder reaction record,false,SUPPORTING_TRIAGE_EVIDENCE_ONLY,c039f9d5010a5957f696533402948cbc010dccba13f62bfe0f38d1365332553a,"[""529ad6303fb044ae85e2c5dc37845c722f2a65715a19a504426f3c03a44e2aaf"",""c039f9d5010a5957f696533402948cbc010dccba13f62bfe0f38d1365332553a""]",data/derived/covalent_small/covapie_bulk_cys_sg_dataset_expansion_v1/bulk_pilot_v1/cross_source_canonical_event_manifest_v1.json,d3f35987af92fca669b85d62a86914c7a01bf35d867c4a779e7fc08e76445dae,false,SPECIALIST_REACTION_FIELD_NOT_MACHINE_DISPOSITIVE; HUMAN REVIEW REQUIRED
COVAPIE_CYS_SG_EVENT_V1:1FVG:A:CYS:218-:SG:B:DTT:S4,TASK_RELEVANCE_HUMAN_REVIEW_REQUIRED,true,SOURCE_COVBINDERINPDB,CBR003143,source_annotations.reaction,linker,true,SUPPORTING_TRIAGE_EVIDENCE_ONLY,c039f9d5010a5957f696533402948cbc010dccba13f62bfe0f38d1365332553a,"[""529ad6303fb044ae85e2c5dc37845c722f2a65715a19a504426f3c03a44e2aaf"",""c039f9d5010a5957f696533402948cbc010dccba13f62bfe0f38d1365332553a""]",data/derived/covalent_small/covapie_bulk_cys_sg_dataset_expansion_v1/bulk_pilot_v1/cross_source_canonical_event_manifest_v1.json,d3f35987af92fca669b85d62a86914c7a01bf35d867c4a779e7fc08e76445dae,false,SPECIALIST_REACTION_FIELD_NOT_MACHINE_DISPOSITIVE; HUMAN REVIEW REQUIRED
COVAPIE_CYS_SG_EVENT_V1:1FVG:A:CYS:218-:SG:B:DTT:S4,TASK_RELEVANCE_HUMAN_REVIEW_REQUIRED,true,SOURCE_COVBINDERINPDB,CBR003143,source_annotations.warhead,Thiol,false,SUPPORTING_TRIAGE_EVIDENCE_ONLY,c039f9d5010a5957f696533402948cbc010dccba13f62bfe0f38d1365332553a,"[""529ad6303fb044ae85e2c5dc37845c722f2a65715a19a504426f3c03a44e2aaf"",""c039f9d5010a5957f696533402948cbc010dccba13f62bfe0f38d1365332553a""]",data/derived/covalent_small/covapie_bulk_cys_sg_dataset_expansion_v1/bulk_pilot_v1/cross_source_canonical_event_manifest_v1.json,d3f35987af92fca669b85d62a86914c7a01bf35d867c4a779e7fc08e76445dae,false,SPECIALIST_REACTION_FIELD_NOT_MACHINE_DISPOSITIVE; HUMAN REVIEW REQUIRED
COVAPIE_CYS_SG_EVENT_V1:1FVG:A:CYS:218-:SG:B:DTT:S4,TASK_RELEVANCE_HUMAN_REVIEW_REQUIRED,true,SOURCE_RCSB_PDB_DIRECT,1FVG:covale8,source_annotations.covalent_event,covalent bond,false,SUPPORTING_TRIAGE_EVIDENCE_ONLY,,"[""529ad6303fb044ae85e2c5dc37845c722f2a65715a19a504426f3c03a44e2aaf"",""c039f9d5010a5957f696533402948cbc010dccba13f62bfe0f38d1365332553a""]",data/derived/covalent_small/covapie_bulk_cys_sg_dataset_expansion_v1/bulk_pilot_v1/cross_source_canonical_event_manifest_v1.json,d3f35987af92fca669b85d62a86914c7a01bf35d867c4a779e7fc08e76445dae,false,SPECIALIST_REACTION_FIELD_NOT_MACHINE_DISPOSITIVE; HUMAN REVIEW REQUIRED
COVAPIE_CYS_SG_EVENT_V1:1FVG:A:CYS:72-:SG:B:DTT:S1,TASK_RELEVANCE_HUMAN_REVIEW_REQUIRED,true,SOURCE_COVBINDERINPDB,CBR003142,source_annotations.covalent_event,curated residue-binder reaction record,false,SUPPORTING_TRIAGE_EVIDENCE_ONLY,c039f9d5010a5957f696533402948cbc010dccba13f62bfe0f38d1365332553a,"[""529ad6303fb044ae85e2c5dc37845c722f2a65715a19a504426f3c03a44e2aaf"",""c039f9d5010a5957f696533402948cbc010dccba13f62bfe0f38d1365332553a""]",data/derived/covalent_small/covapie_bulk_cys_sg_dataset_expansion_v1/bulk_pilot_v1/cross_source_canonical_event_manifest_v1.json,d3f35987af92fca669b85d62a86914c7a01bf35d867c4a779e7fc08e76445dae,false,SPECIALIST_REACTION_FIELD_NOT_MACHINE_DISPOSITIVE; HUMAN REVIEW REQUIRED
COVAPIE_CYS_SG_EVENT_V1:1FVG:A:CYS:72-:SG:B:DTT:S1,TASK_RELEVANCE_HUMAN_REVIEW_REQUIRED,true,SOURCE_COVBINDERINPDB,CBR003142,source_annotations.reaction,linker,true,SUPPORTING_TRIAGE_EVIDENCE_ONLY,c039f9d5010a5957f696533402948cbc010dccba13f62bfe0f38d1365332553a,"[""529ad6303fb044ae85e2c5dc37845c722f2a65715a19a504426f3c03a44e2aaf"",""c039f9d5010a5957f696533402948cbc010dccba13f62bfe0f38d1365332553a""]",data/derived/covalent_small/covapie_bulk_cys_sg_dataset_expansion_v1/bulk_pilot_v1/cross_source_canonical_event_manifest_v1.json,d3f35987af92fca669b85d62a86914c7a01bf35d867c4a779e7fc08e76445dae,false,SPECIALIST_REACTION_FIELD_NOT_MACHINE_DISPOSITIVE; HUMAN REVIEW REQUIRED
COVAPIE_CYS_SG_EVENT_V1:1FVG:A:CYS:72-:SG:B:DTT:S1,TASK_RELEVANCE_HUMAN_REVIEW_REQUIRED,true,SOURCE_COVBINDERINPDB,CBR003142,source_annotations.warhead,Thiol,false,SUPPORTING_TRIAGE_EVIDENCE_ONLY,c039f9d5010a5957f696533402948cbc010dccba13f62bfe0f38d1365332553a,"[""529ad6303fb044ae85e2c5dc37845c722f2a65715a19a504426f3c03a44e2aaf"",""c039f9d5010a5957f696533402948cbc010dccba13f62bfe0f38d1365332553a""]",data/derived/covalent_small/covapie_bulk_cys_sg_dataset_expansion_v1/bulk_pilot_v1/cross_source_canonical_event_manifest_v1.json,d3f35987af92fca669b85d62a86914c7a01bf35d867c4a779e7fc08e76445dae,false,SPECIALIST_REACTION_FIELD_NOT_MACHINE_DISPOSITIVE; HUMAN REVIEW REQUIRED
COVAPIE_CYS_SG_EVENT_V1:1FVG:A:CYS:72-:SG:B:DTT:S1,TASK_RELEVANCE_HUMAN_REVIEW_REQUIRED,true,SOURCE_RCSB_PDB_DIRECT,1FVG:covale5,source_annotations.covalent_event,covalent bond,false,SUPPORTING_TRIAGE_EVIDENCE_ONLY,,"[""529ad6303fb044ae85e2c5dc37845c722f2a65715a19a504426f3c03a44e2aaf"",""c039f9d5010a5957f696533402948cbc010dccba13f62bfe0f38d1365332553a""]",data/derived/covalent_small/covapie_bulk_cys_sg_dataset_expansion_v1/bulk_pilot_v1/cross_source_canonical_event_manifest_v1.json,d3f35987af92fca669b85d62a86914c7a01bf35d867c4a779e7fc08e76445dae,false,SPECIALIST_REACTION_FIELD_NOT_MACHINE_DISPOSITIVE; HUMAN REVIEW REQUIRED
COVAPIE_CYS_SG_EVENT_V1:1GSN:A:CYS:58-:SG:D:GSH:SG2,COVALENT_SMALL_MOLECULE_TASK_RELEVANCE_SUPPORTED,true,SOURCE_COVBINDERINPDB,CBR002080,source_annotations.covalent_event,curated residue-binder reaction record,false,SUPPORTING_TRIAGE_EVIDENCE_ONLY,c039f9d5010a5957f696533402948cbc010dccba13f62bfe0f38d1365332553a,"[""529ad6303fb044ae85e2c5dc37845c722f2a65715a19a504426f3c03a44e2aaf"",""c039f9d5010a5957f696533402948cbc010dccba13f62bfe0f38d1365332553a""]",data/derived/covalent_small/covapie_bulk_cys_sg_dataset_expansion_v1/bulk_pilot_v1/cross_source_canonical_event_manifest_v1.json,d3f35987af92fca669b85d62a86914c7a01bf35d867c4a779e7fc08e76445dae,false,SPECIALIST_REACTION_FIELD_IN_EXACT_SUPPORTING_VOCABULARY
COVAPIE_CYS_SG_EVENT_V1:1GSN:A:CYS:58-:SG:D:GSH:SG2,COVALENT_SMALL_MOLECULE_TASK_RELEVANCE_SUPPORTED,true,SOURCE_COVBINDERINPDB,CBR002080,source_annotations.reaction,inhibitor,true,SUPPORTING_TRIAGE_EVIDENCE_ONLY,c039f9d5010a5957f696533402948cbc010dccba13f62bfe0f38d1365332553a,"[""529ad6303fb044ae85e2c5dc37845c722f2a65715a19a504426f3c03a44e2aaf"",""c039f9d5010a5957f696533402948cbc010dccba13f62bfe0f38d1365332553a""]",data/derived/covalent_small/covapie_bulk_cys_sg_dataset_expansion_v1/bulk_pilot_v1/cross_source_canonical_event_manifest_v1.json,d3f35987af92fca669b85d62a86914c7a01bf35d867c4a779e7fc08e76445dae,false,SPECIALIST_REACTION_FIELD_IN_EXACT_SUPPORTING_VOCABULARY
COVAPIE_CYS_SG_EVENT_V1:1GSN:A:CYS:58-:SG:D:GSH:SG2,COVALENT_SMALL_MOLECULE_TASK_RELEVANCE_SUPPORTED,true,SOURCE_COVBINDERINPDB,CBR002080,source_annotations.warhead,Unclassified,false,SUPPORTING_TRIAGE_EVIDENCE_ONLY,c039f9d5010a5957f696533402948cbc010dccba13f62bfe0f38d1365332553a,"[""529ad6303fb044ae85e2c5dc37845c722f2a65715a19a504426f3c03a44e2aaf"",""c039f9d5010a5957f696533402948cbc010dccba13f62bfe0f38d1365332553a""]",data/derived/covalent_small/covapie_bulk_cys_sg_dataset_expansion_v1/bulk_pilot_v1/cross_source_canonical_event_manifest_v1.json,d3f35987af92fca669b85d62a86914c7a01bf35d867c4a779e7fc08e76445dae,false,SPECIALIST_REACTION_FIELD_IN_EXACT_SUPPORTING_VOCABULARY
COVAPIE_CYS_SG_EVENT_V1:1GSN:A:CYS:58-:SG:D:GSH:SG2,COVALENT_SMALL_MOLECULE_TASK_RELEVANCE_SUPPORTED,true,SOURCE_RCSB_PDB_DIRECT,1GSN:covale1,source_annotations.covalent_event,covalent bond,false,SUPPORTING_TRIAGE_EVIDENCE_ONLY,,"[""529ad6303fb044ae85e2c5dc37845c722f2a65715a19a504426f3c03a44e2aaf"",""c039f9d5010a5957f696533402948cbc010dccba13f62bfe0f38d1365332553a""]",data/derived/covalent_small/covapie_bulk_cys_sg_dataset_expansion_v1/bulk_pilot_v1/cross_source_canonical_event_manifest_v1.json,d3f35987af92fca669b85d62a86914c7a01bf35d867c4a779e7fc08e76445dae,false,SPECIALIST_REACTION_FIELD_IN_EXACT_SUPPORTING_VOCABULARY
COVAPIE_CYS_SG_EVENT_V1:1HVY:A:CYS:195-:SG:F:UMP:C6,LIKELY_BIOCHEMICAL_OR_NON_TARGET_GENERATION_EVENT,true,SOURCE_COVBINDERINPDB,CBR001322,source_annotations.covalent_event,curated residue-binder reaction record,false,SUPPORTING_TRIAGE_EVIDENCE_ONLY,c039f9d5010a5957f696533402948cbc010dccba13f62bfe0f38d1365332553a,"[""6d05249c83ad24589fd4280c2a8e5665d839cf8ee6c33b5ea0949b40fbe04220"",""82024a09e608af3198f770e932d9900dd8d185f4ccc5a37c6e9edfff91944742"",""c039f9d5010a5957f696533402948cbc010dccba13f62bfe0f38d1365332553a""]",data/derived/covalent_small/covapie_bulk_cys_sg_dataset_expansion_v1/bulk_pilot_v1/cross_source_canonical_event_manifest_v1.json,d3f35987af92fca669b85d62a86914c7a01bf35d867c4a779e7fc08e76445dae,false,SPECIALIST_REACTION_FIELD_EQUALS_SUBSTRATE; LIKELY STATUS ONLY
COVAPIE_CYS_SG_EVENT_V1:1HVY:A:CYS:195-:SG:F:UMP:C6,LIKELY_BIOCHEMICAL_OR_NON_TARGET_GENERATION_EVENT,true,SOURCE_COVBINDERINPDB,CBR001322,source_annotations.reaction,substrate,true,SUPPORTING_TRIAGE_EVIDENCE_ONLY,c039f9d5010a5957f696533402948cbc010dccba13f62bfe0f38d1365332553a,"[""6d05249c83ad24589fd4280c2a8e5665d839cf8ee6c33b5ea0949b40fbe04220"",""82024a09e608af3198f770e932d9900dd8d185f4ccc5a37c6e9edfff91944742"",""c039f9d5010a5957f696533402948cbc010dccba13f62bfe0f38d1365332553a""]",data/derived/covalent_small/covapie_bulk_cys_sg_dataset_expansion_v1/bulk_pilot_v1/cross_source_canonical_event_manifest_v1.json,d3f35987af92fca669b85d62a86914c7a01bf35d867c4a779e7fc08e76445dae,false,SPECIALIST_REACTION_FIELD_EQUALS_SUBSTRATE; LIKELY STATUS ONLY
COVAPIE_CYS_SG_EVENT_V1:1HVY:A:CYS:195-:SG:F:UMP:C6,LIKELY_BIOCHEMICAL_OR_NON_TARGET_GENERATION_EVENT,true,SOURCE_COVBINDERINPDB,CBR001322,source_annotations.warhead,Uridine,false,SUPPORTING_TRIAGE_EVIDENCE_ONLY,c039f9d5010a5957f696533402948cbc010dccba13f62bfe0f38d1365332553a,"[""6d05249c83ad24589fd4280c2a8e5665d839cf8ee6c33b5ea0949b40fbe04220"",""82024a09e608af3198f770e932d9900dd8d185f4ccc5a37c6e9edfff91944742"",""c039f9d5010a5957f696533402948cbc010dccba13f62bfe0f38d1365332553a""]",data/derived/covalent_small/covapie_bulk_cys_sg_dataset_expansion_v1/bulk_pilot_v1/cross_source_canonical_event_manifest_v1.json,d3f35987af92fca669b85d62a86914c7a01bf35d867c4a779e7fc08e76445dae,false,SPECIALIST_REACTION_FIELD_EQUALS_SUBSTRATE; LIKELY STATUS ONLY
COVAPIE_CYS_SG_EVENT_V1:1HVY:A:CYS:195-:SG:F:UMP:C6,LIKELY_BIOCHEMICAL_OR_NON_TARGET_GENERATION_EVENT,true,SOURCE_COVPDB,CovPDB_complexes/1hvy/1hvy.pdb#LINK00583,source_annotations.covalent_event,explicit PDB LINK CYS-SG to ligand endpoint,false,SUPPORTING_TRIAGE_EVIDENCE_ONLY,6d05249c83ad24589fd4280c2a8e5665d839cf8ee6c33b5ea0949b40fbe04220,"[""6d05249c83ad24589fd4280c2a8e5665d839cf8ee6c33b5ea0949b40fbe04220"",""82024a09e608af3198f770e932d9900dd8d185f4ccc5a37c6e9edfff91944742"",""c039f9d5010a5957f696533402948cbc010dccba13f62bfe0f38d1365332553a""]",data/derived/covalent_small/covapie_bulk_cys_sg_dataset_expansion_v1/bulk_pilot_v1/cross_source_canonical_event_manifest_v1.json,d3f35987af92fca669b85d62a86914c7a01bf35d867c4a779e7fc08e76445dae,false,SPECIALIST_REACTION_FIELD_EQUALS_SUBSTRATE; LIKELY STATUS ONLY
COVAPIE_CYS_SG_EVENT_V1:1HVY:A:CYS:195-:SG:F:UMP:C6,LIKELY_BIOCHEMICAL_OR_NON_TARGET_GENERATION_EVENT,true,SOURCE_RCSB_PDB_DIRECT,1HVY:covale3,source_annotations.covalent_event,covalent bond,false,SUPPORTING_TRIAGE_EVIDENCE_ONLY,,"[""6d05249c83ad24589fd4280c2a8e5665d839cf8ee6c33b5ea0949b40fbe04220"",""82024a09e608af3198f770e932d9900dd8d185f4ccc5a37c6e9edfff91944742"",""c039f9d5010a5957f696533402948cbc010dccba13f62bfe0f38d1365332553a""]",data/derived/covalent_small/covapie_bulk_cys_sg_dataset_expansion_v1/bulk_pilot_v1/cross_source_canonical_event_manifest_v1.json,d3f35987af92fca669b85d62a86914c7a01bf35d867c4a779e7fc08e76445dae,false,SPECIALIST_REACTION_FIELD_EQUALS_SUBSTRATE; LIKELY STATUS ONLY
COVAPIE_CYS_SG_EVENT_V1:1HVY:B:CYS:195-:SG:I:UMP:C6,LIKELY_BIOCHEMICAL_OR_NON_TARGET_GENERATION_EVENT,true,SOURCE_COVBINDERINPDB,CBR001320,source_annotations.covalent_event,curated residue-binder reaction record,false,SUPPORTING_TRIAGE_EVIDENCE_ONLY,c039f9d5010a5957f696533402948cbc010dccba13f62bfe0f38d1365332553a,"[""6d05249c83ad24589fd4280c2a8e5665d839cf8ee6c33b5ea0949b40fbe04220"",""82024a09e608af3198f770e932d9900dd8d185f4ccc5a37c6e9edfff91944742"",""c039f9d5010a5957f696533402948cbc010dccba13f62bfe0f38d1365332553a""]",data/derived/covalent_small/covapie_bulk_cys_sg_dataset_expansion_v1/bulk_pilot_v1/cross_source_canonical_event_manifest_v1.json,d3f35987af92fca669b85d62a86914c7a01bf35d867c4a779e7fc08e76445dae,false,SPECIALIST_REACTION_FIELD_EQUALS_SUBSTRATE; LIKELY STATUS ONLY
COVAPIE_CYS_SG_EVENT_V1:1HVY:B:CYS:195-:SG:I:UMP:C6,LIKELY_BIOCHEMICAL_OR_NON_TARGET_GENERATION_EVENT,true,SOURCE_COVBINDERINPDB,CBR001320,source_annotations.reaction,substrate,true,SUPPORTING_TRIAGE_EVIDENCE_ONLY,c039f9d5010a5957f696533402948cbc010dccba13f62bfe0f38d1365332553a,"[""6d05249c83ad24589fd4280c2a8e5665d839cf8ee6c33b5ea0949b40fbe04220"",""82024a09e608af3198f770e932d9900dd8d185f4ccc5a37c6e9edfff91944742"",""c039f9d5010a5957f696533402948cbc010dccba13f62bfe0f38d1365332553a""]",data/derived/covalent_small/covapie_bulk_cys_sg_dataset_expansion_v1/bulk_pilot_v1/cross_source_canonical_event_manifest_v1.json,d3f35987af92fca669b85d62a86914c7a01bf35d867c4a779e7fc08e76445dae,false,SPECIALIST_REACTION_FIELD_EQUALS_SUBSTRATE; LIKELY STATUS ONLY
COVAPIE_CYS_SG_EVENT_V1:1HVY:B:CYS:195-:SG:I:UMP:C6,LIKELY_BIOCHEMICAL_OR_NON_TARGET_GENERATION_EVENT,true,SOURCE_COVBINDERINPDB,CBR001320,source_annotations.warhead,Uridine,false,SUPPORTING_TRIAGE_EVIDENCE_ONLY,c039f9d5010a5957f696533402948cbc010dccba13f62bfe0f38d1365332553a,"[""6d05249c83ad24589fd4280c2a8e5665d839cf8ee6c33b5ea0949b40fbe04220"",""82024a09e608af3198f770e932d9900dd8d185f4ccc5a37c6e9edfff91944742"",""c039f9d5010a5957f696533402948cbc010dccba13f62bfe0f38d1365332553a""]",data/derived/covalent_small/covapie_bulk_cys_sg_dataset_expansion_v1/bulk_pilot_v1/cross_source_canonical_event_manifest_v1.json,d3f35987af92fca669b85d62a86914c7a01bf35d867c4a779e7fc08e76445dae,false,SPECIALIST_REACTION_FIELD_EQUALS_SUBSTRATE; LIKELY STATUS ONLY
COVAPIE_CYS_SG_EVENT_V1:1HVY:B:CYS:195-:SG:I:UMP:C6,LIKELY_BIOCHEMICAL_OR_NON_TARGET_GENERATION_EVENT,true,SOURCE_COVPDB,CovPDB_complexes/1hvy/1hvy.pdb#LINK00581,source_annotations.covalent_event,explicit PDB LINK CYS-SG to ligand endpoint,false,SUPPORTING_TRIAGE_EVIDENCE_ONLY,6d05249c83ad24589fd4280c2a8e5665d839cf8ee6c33b5ea0949b40fbe04220,"[""6d05249c83ad24589fd4280c2a8e5665d839cf8ee6c33b5ea0949b40fbe04220"",""82024a09e608af3198f770e932d9900dd8d185f4ccc5a37c6e9edfff91944742"",""c039f9d5010a5957f696533402948cbc010dccba13f62bfe0f38d1365332553a""]",data/derived/covalent_small/covapie_bulk_cys_sg_dataset_expansion_v1/bulk_pilot_v1/cross_source_canonical_event_manifest_v1.json,d3f35987af92fca669b85d62a86914c7a01bf35d867c4a779e7fc08e76445dae,false,SPECIALIST_REACTION_FIELD_EQUALS_SUBSTRATE; LIKELY STATUS ONLY
COVAPIE_CYS_SG_EVENT_V1:1HVY:B:CYS:195-:SG:I:UMP:C6,LIKELY_BIOCHEMICAL_OR_NON_TARGET_GENERATION_EVENT,true,SOURCE_RCSB_PDB_DIRECT,1HVY:covale6,source_annotations.covalent_event,covalent bond,false,SUPPORTING_TRIAGE_EVIDENCE_ONLY,,"[""6d05249c83ad24589fd4280c2a8e5665d839cf8ee6c33b5ea0949b40fbe04220"",""82024a09e608af3198f770e932d9900dd8d185f4ccc5a37c6e9edfff91944742"",""c039f9d5010a5957f696533402948cbc010dccba13f62bfe0f38d1365332553a""]",data/derived/covalent_small/covapie_bulk_cys_sg_dataset_expansion_v1/bulk_pilot_v1/cross_source_canonical_event_manifest_v1.json,d3f35987af92fca669b85d62a86914c7a01bf35d867c4a779e7fc08e76445dae,false,SPECIALIST_REACTION_FIELD_EQUALS_SUBSTRATE; LIKELY STATUS ONLY
COVAPIE_CYS_SG_EVENT_V1:1HVY:C:CYS:195-:SG:L:UMP:C6,LIKELY_BIOCHEMICAL_OR_NON_TARGET_GENERATION_EVENT,true,SOURCE_COVBINDERINPDB,CBR001321,source_annotations.covalent_event,curated residue-binder reaction record,false,SUPPORTING_TRIAGE_EVIDENCE_ONLY,c039f9d5010a5957f696533402948cbc010dccba13f62bfe0f38d1365332553a,"[""6d05249c83ad24589fd4280c2a8e5665d839cf8ee6c33b5ea0949b40fbe04220"",""82024a09e608af3198f770e932d9900dd8d185f4ccc5a37c6e9edfff91944742"",""c039f9d5010a5957f696533402948cbc010dccba13f62bfe0f38d1365332553a""]",data/derived/covalent_small/covapie_bulk_cys_sg_dataset_expansion_v1/bulk_pilot_v1/cross_source_canonical_event_manifest_v1.json,d3f35987af92fca669b85d62a86914c7a01bf35d867c4a779e7fc08e76445dae,false,SPECIALIST_REACTION_FIELD_EQUALS_SUBSTRATE; LIKELY STATUS ONLY
COVAPIE_CYS_SG_EVENT_V1:1HVY:C:CYS:195-:SG:L:UMP:C6,LIKELY_BIOCHEMICAL_OR_NON_TARGET_GENERATION_EVENT,true,SOURCE_COVBINDERINPDB,CBR001321,source_annotations.reaction,substrate,true,SUPPORTING_TRIAGE_EVIDENCE_ONLY,c039f9d5010a5957f696533402948cbc010dccba13f62bfe0f38d1365332553a,"[""6d05249c83ad24589fd4280c2a8e5665d839cf8ee6c33b5ea0949b40fbe04220"",""82024a09e608af3198f770e932d9900dd8d185f4ccc5a37c6e9edfff91944742"",""c039f9d5010a5957f696533402948cbc010dccba13f62bfe0f38d1365332553a""]",data/derived/covalent_small/covapie_bulk_cys_sg_dataset_expansion_v1/bulk_pilot_v1/cross_source_canonical_event_manifest_v1.json,d3f35987af92fca669b85d62a86914c7a01bf35d867c4a779e7fc08e76445dae,false,SPECIALIST_REACTION_FIELD_EQUALS_SUBSTRATE; LIKELY STATUS ONLY
COVAPIE_CYS_SG_EVENT_V1:1HVY:C:CYS:195-:SG:L:UMP:C6,LIKELY_BIOCHEMICAL_OR_NON_TARGET_GENERATION_EVENT,true,SOURCE_COVBINDERINPDB,CBR001321,source_annotations.warhead,Uridine,false,SUPPORTING_TRIAGE_EVIDENCE_ONLY,c039f9d5010a5957f696533402948cbc010dccba13f62bfe0f38d1365332553a,"[""6d05249c83ad24589fd4280c2a8e5665d839cf8ee6c33b5ea0949b40fbe04220"",""82024a09e608af3198f770e932d9900dd8d185f4ccc5a37c6e9edfff91944742"",""c039f9d5010a5957f696533402948cbc010dccba13f62bfe0f38d1365332553a""]",data/derived/covalent_small/covapie_bulk_cys_sg_dataset_expansion_v1/bulk_pilot_v1/cross_source_canonical_event_manifest_v1.json,d3f35987af92fca669b85d62a86914c7a01bf35d867c4a779e7fc08e76445dae,false,SPECIALIST_REACTION_FIELD_EQUALS_SUBSTRATE; LIKELY STATUS ONLY
COVAPIE_CYS_SG_EVENT_V1:1HVY:C:CYS:195-:SG:L:UMP:C6,LIKELY_BIOCHEMICAL_OR_NON_TARGET_GENERATION_EVENT,true,SOURCE_COVPDB,CovPDB_complexes/1hvy/1hvy.pdb#LINK00582,source_annotations.covalent_event,explicit PDB LINK CYS-SG to ligand endpoint,false,SUPPORTING_TRIAGE_EVIDENCE_ONLY,6d05249c83ad24589fd4280c2a8e5665d839cf8ee6c33b5ea0949b40fbe04220,"[""6d05249c83ad24589fd4280c2a8e5665d839cf8ee6c33b5ea0949b40fbe04220"",""82024a09e608af3198f770e932d9900dd8d185f4ccc5a37c6e9edfff91944742"",""c039f9d5010a5957f696533402948cbc010dccba13f62bfe0f38d1365332553a""]",data/derived/covalent_small/covapie_bulk_cys_sg_dataset_expansion_v1/bulk_pilot_v1/cross_source_canonical_event_manifest_v1.json,d3f35987af92fca669b85d62a86914c7a01bf35d867c4a779e7fc08e76445dae,false,SPECIALIST_REACTION_FIELD_EQUALS_SUBSTRATE; LIKELY STATUS ONLY
COVAPIE_CYS_SG_EVENT_V1:1HVY:C:CYS:195-:SG:L:UMP:C6,LIKELY_BIOCHEMICAL_OR_NON_TARGET_GENERATION_EVENT,true,SOURCE_RCSB_PDB_DIRECT,1HVY:covale9,source_annotations.covalent_event,covalent bond,false,SUPPORTING_TRIAGE_EVIDENCE_ONLY,,"[""6d05249c83ad24589fd4280c2a8e5665d839cf8ee6c33b5ea0949b40fbe04220"",""82024a09e608af3198f770e932d9900dd8d185f4ccc5a37c6e9edfff91944742"",""c039f9d5010a5957f696533402948cbc010dccba13f62bfe0f38d1365332553a""]",data/derived/covalent_small/covapie_bulk_cys_sg_dataset_expansion_v1/bulk_pilot_v1/cross_source_canonical_event_manifest_v1.json,d3f35987af92fca669b85d62a86914c7a01bf35d867c4a779e7fc08e76445dae,false,SPECIALIST_REACTION_FIELD_EQUALS_SUBSTRATE; LIKELY STATUS ONLY
COVAPIE_CYS_SG_EVENT_V1:1HVY:D:CYS:195-:SG:O:UMP:C6,LIKELY_BIOCHEMICAL_OR_NON_TARGET_GENERATION_EVENT,true,SOURCE_COVBINDERINPDB,CBR001319,source_annotations.covalent_event,curated residue-binder reaction record,false,SUPPORTING_TRIAGE_EVIDENCE_ONLY,c039f9d5010a5957f696533402948cbc010dccba13f62bfe0f38d1365332553a,"[""6d05249c83ad24589fd4280c2a8e5665d839cf8ee6c33b5ea0949b40fbe04220"",""82024a09e608af3198f770e932d9900dd8d185f4ccc5a37c6e9edfff91944742"",""c039f9d5010a5957f696533402948cbc010dccba13f62bfe0f38d1365332553a""]",data/derived/covalent_small/covapie_bulk_cys_sg_dataset_expansion_v1/bulk_pilot_v1/cross_source_canonical_event_manifest_v1.json,d3f35987af92fca669b85d62a86914c7a01bf35d867c4a779e7fc08e76445dae,false,SPECIALIST_REACTION_FIELD_EQUALS_SUBSTRATE; LIKELY STATUS ONLY
COVAPIE_CYS_SG_EVENT_V1:1HVY:D:CYS:195-:SG:O:UMP:C6,LIKELY_BIOCHEMICAL_OR_NON_TARGET_GENERATION_EVENT,true,SOURCE_COVBINDERINPDB,CBR001319,source_annotations.reaction,substrate,true,SUPPORTING_TRIAGE_EVIDENCE_ONLY,c039f9d5010a5957f696533402948cbc010dccba13f62bfe0f38d1365332553a,"[""6d05249c83ad24589fd4280c2a8e5665d839cf8ee6c33b5ea0949b40fbe04220"",""82024a09e608af3198f770e932d9900dd8d185f4ccc5a37c6e9edfff91944742"",""c039f9d5010a5957f696533402948cbc010dccba13f62bfe0f38d1365332553a""]",data/derived/covalent_small/covapie_bulk_cys_sg_dataset_expansion_v1/bulk_pilot_v1/cross_source_canonical_event_manifest_v1.json,d3f35987af92fca669b85d62a86914c7a01bf35d867c4a779e7fc08e76445dae,false,SPECIALIST_REACTION_FIELD_EQUALS_SUBSTRATE; LIKELY STATUS ONLY
COVAPIE_CYS_SG_EVENT_V1:1HVY:D:CYS:195-:SG:O:UMP:C6,LIKELY_BIOCHEMICAL_OR_NON_TARGET_GENERATION_EVENT,true,SOURCE_COVBINDERINPDB,CBR001319,source_annotations.warhead,Uridine,false,SUPPORTING_TRIAGE_EVIDENCE_ONLY,c039f9d5010a5957f696533402948cbc010dccba13f62bfe0f38d1365332553a,"[""6d05249c83ad24589fd4280c2a8e5665d839cf8ee6c33b5ea0949b40fbe04220"",""82024a09e608af3198f770e932d9900dd8d185f4ccc5a37c6e9edfff91944742"",""c039f9d5010a5957f696533402948cbc010dccba13f62bfe0f38d1365332553a""]",data/derived/covalent_small/covapie_bulk_cys_sg_dataset_expansion_v1/bulk_pilot_v1/cross_source_canonical_event_manifest_v1.json,d3f35987af92fca669b85d62a86914c7a01bf35d867c4a779e7fc08e76445dae,false,SPECIALIST_REACTION_FIELD_EQUALS_SUBSTRATE; LIKELY STATUS ONLY
COVAPIE_CYS_SG_EVENT_V1:1HVY:D:CYS:195-:SG:O:UMP:C6,LIKELY_BIOCHEMICAL_OR_NON_TARGET_GENERATION_EVENT,true,SOURCE_COVPDB,CovPDB_complexes/1hvy/1hvy.pdb#LINK00580,source_annotations.covalent_event,explicit PDB LINK CYS-SG to ligand endpoint,false,SUPPORTING_TRIAGE_EVIDENCE_ONLY,6d05249c83ad24589fd4280c2a8e5665d839cf8ee6c33b5ea0949b40fbe04220,"[""6d05249c83ad24589fd4280c2a8e5665d839cf8ee6c33b5ea0949b40fbe04220"",""82024a09e608af3198f770e932d9900dd8d185f4ccc5a37c6e9edfff91944742"",""c039f9d5010a5957f696533402948cbc010dccba13f62bfe0f38d1365332553a""]",data/derived/covalent_small/covapie_bulk_cys_sg_dataset_expansion_v1/bulk_pilot_v1/cross_source_canonical_event_manifest_v1.json,d3f35987af92fca669b85d62a86914c7a01bf35d867c4a779e7fc08e76445dae,false,SPECIALIST_REACTION_FIELD_EQUALS_SUBSTRATE; LIKELY STATUS ONLY
COVAPIE_CYS_SG_EVENT_V1:1HVY:D:CYS:195-:SG:O:UMP:C6,LIKELY_BIOCHEMICAL_OR_NON_TARGET_GENERATION_EVENT,true,SOURCE_RCSB_PDB_DIRECT,1HVY:covale12,source_annotations.covalent_event,covalent bond,false,SUPPORTING_TRIAGE_EVIDENCE_ONLY,,"[""6d05249c83ad24589fd4280c2a8e5665d839cf8ee6c33b5ea0949b40fbe04220"",""82024a09e608af3198f770e932d9900dd8d185f4ccc5a37c6e9edfff91944742"",""c039f9d5010a5957f696533402948cbc010dccba13f62bfe0f38d1365332553a""]",data/derived/covalent_small/covapie_bulk_cys_sg_dataset_expansion_v1/bulk_pilot_v1/cross_source_canonical_event_manifest_v1.json,d3f35987af92fca669b85d62a86914c7a01bf35d867c4a779e7fc08e76445dae,false,SPECIALIST_REACTION_FIELD_EQUALS_SUBSTRATE; LIKELY STATUS ONLY
COVAPIE_CYS_SG_EVENT_V1:1JR1:A:CYS:331-:SG:D:IMP:C2,LIKELY_BIOCHEMICAL_OR_NON_TARGET_GENERATION_EVENT,true,SOURCE_COVBINDERINPDB,CBR004555,source_annotations.covalent_event,curated residue-binder reaction record,false,SUPPORTING_TRIAGE_EVIDENCE_ONLY,c039f9d5010a5957f696533402948cbc010dccba13f62bfe0f38d1365332553a,"[""529ad6303fb044ae85e2c5dc37845c722f2a65715a19a504426f3c03a44e2aaf"",""c039f9d5010a5957f696533402948cbc010dccba13f62bfe0f38d1365332553a""]",data/derived/covalent_small/covapie_bulk_cys_sg_dataset_expansion_v1/bulk_pilot_v1/cross_source_canonical_event_manifest_v1.json,d3f35987af92fca669b85d62a86914c7a01bf35d867c4a779e7fc08e76445dae,false,SPECIALIST_REACTION_FIELD_EQUALS_SUBSTRATE; LIKELY STATUS ONLY
COVAPIE_CYS_SG_EVENT_V1:1JR1:A:CYS:331-:SG:D:IMP:C2,LIKELY_BIOCHEMICAL_OR_NON_TARGET_GENERATION_EVENT,true,SOURCE_COVBINDERINPDB,CBR004555,source_annotations.reaction,substrate,true,SUPPORTING_TRIAGE_EVIDENCE_ONLY,c039f9d5010a5957f696533402948cbc010dccba13f62bfe0f38d1365332553a,"[""529ad6303fb044ae85e2c5dc37845c722f2a65715a19a504426f3c03a44e2aaf"",""c039f9d5010a5957f696533402948cbc010dccba13f62bfe0f38d1365332553a""]",data/derived/covalent_small/covapie_bulk_cys_sg_dataset_expansion_v1/bulk_pilot_v1/cross_source_canonical_event_manifest_v1.json,d3f35987af92fca669b85d62a86914c7a01bf35d867c4a779e7fc08e76445dae,false,SPECIALIST_REACTION_FIELD_EQUALS_SUBSTRATE; LIKELY STATUS ONLY
COVAPIE_CYS_SG_EVENT_V1:1JR1:A:CYS:331-:SG:D:IMP:C2,LIKELY_BIOCHEMICAL_OR_NON_TARGET_GENERATION_EVENT,true,SOURCE_COVBINDERINPDB,CBR004555,source_annotations.warhead,Purine,false,SUPPORTING_TRIAGE_EVIDENCE_ONLY,c039f9d5010a5957f696533402948cbc010dccba13f62bfe0f38d1365332553a,"[""529ad6303fb044ae85e2c5dc37845c722f2a65715a19a504426f3c03a44e2aaf"",""c039f9d5010a5957f696533402948cbc010dccba13f62bfe0f38d1365332553a""]",data/derived/covalent_small/covapie_bulk_cys_sg_dataset_expansion_v1/bulk_pilot_v1/cross_source_canonical_event_manifest_v1.json,d3f35987af92fca669b85d62a86914c7a01bf35d867c4a779e7fc08e76445dae,false,SPECIALIST_REACTION_FIELD_EQUALS_SUBSTRATE; LIKELY STATUS ONLY
COVAPIE_CYS_SG_EVENT_V1:1JR1:A:CYS:331-:SG:D:IMP:C2,LIKELY_BIOCHEMICAL_OR_NON_TARGET_GENERATION_EVENT,true,SOURCE_RCSB_PDB_DIRECT,1JR1:covale1,source_annotations.covalent_event,covalent bond,false,SUPPORTING_TRIAGE_EVIDENCE_ONLY,,"[""529ad6303fb044ae85e2c5dc37845c722f2a65715a19a504426f3c03a44e2aaf"",""c039f9d5010a5957f696533402948cbc010dccba13f62bfe0f38d1365332553a""]",data/derived/covalent_small/covapie_bulk_cys_sg_dataset_expansion_v1/bulk_pilot_v1/cross_source_canonical_event_manifest_v1.json,d3f35987af92fca669b85d62a86914c7a01bf35d867c4a779e7fc08e76445dae,false,SPECIALIST_REACTION_FIELD_EQUALS_SUBSTRATE; LIKELY STATUS ONLY
COVAPIE_CYS_SG_EVENT_V1:1JTQ:A:CYS:146-:SG:C:UMP:C6,LIKELY_BIOCHEMICAL_OR_NON_TARGET_GENERATION_EVENT,true,SOURCE_COVBINDERINPDB,CBR004200,source_annotations.covalent_event,curated residue-binder reaction record,false,SUPPORTING_TRIAGE_EVIDENCE_ONLY,c039f9d5010a5957f696533402948cbc010dccba13f62bfe0f38d1365332553a,"[""529ad6303fb044ae85e2c5dc37845c722f2a65715a19a504426f3c03a44e2aaf"",""c039f9d5010a5957f696533402948cbc010dccba13f62bfe0f38d1365332553a""]",data/derived/covalent_small/covapie_bulk_cys_sg_dataset_expansion_v1/bulk_pilot_v1/cross_source_canonical_event_manifest_v1.json,d3f35987af92fca669b85d62a86914c7a01bf35d867c4a779e7fc08e76445dae,false,SPECIALIST_REACTION_FIELD_EQUALS_SUBSTRATE; LIKELY STATUS ONLY
COVAPIE_CYS_SG_EVENT_V1:1JTQ:A:CYS:146-:SG:C:UMP:C6,LIKELY_BIOCHEMICAL_OR_NON_TARGET_GENERATION_EVENT,true,SOURCE_COVBINDERINPDB,CBR004200,source_annotations.reaction,substrate,true,SUPPORTING_TRIAGE_EVIDENCE_ONLY,c039f9d5010a5957f696533402948cbc010dccba13f62bfe0f38d1365332553a,"[""529ad6303fb044ae85e2c5dc37845c722f2a65715a19a504426f3c03a44e2aaf"",""c039f9d5010a5957f696533402948cbc010dccba13f62bfe0f38d1365332553a""]",data/derived/covalent_small/covapie_bulk_cys_sg_dataset_expansion_v1/bulk_pilot_v1/cross_source_canonical_event_manifest_v1.json,d3f35987af92fca669b85d62a86914c7a01bf35d867c4a779e7fc08e76445dae,false,SPECIALIST_REACTION_FIELD_EQUALS_SUBSTRATE; LIKELY STATUS ONLY
COVAPIE_CYS_SG_EVENT_V1:1JTQ:A:CYS:146-:SG:C:UMP:C6,LIKELY_BIOCHEMICAL_OR_NON_TARGET_GENERATION_EVENT,true,SOURCE_COVBINDERINPDB,CBR004200,source_annotations.warhead,Uridine,false,SUPPORTING_TRIAGE_EVIDENCE_ONLY,c039f9d5010a5957f696533402948cbc010dccba13f62bfe0f38d1365332553a,"[""529ad6303fb044ae85e2c5dc37845c722f2a65715a19a504426f3c03a44e2aaf"",""c039f9d5010a5957f696533402948cbc010dccba13f62bfe0f38d1365332553a""]",data/derived/covalent_small/covapie_bulk_cys_sg_dataset_expansion_v1/bulk_pilot_v1/cross_source_canonical_event_manifest_v1.json,d3f35987af92fca669b85d62a86914c7a01bf35d867c4a779e7fc08e76445dae,false,SPECIALIST_REACTION_FIELD_EQUALS_SUBSTRATE; LIKELY STATUS ONLY
COVAPIE_CYS_SG_EVENT_V1:1JTQ:A:CYS:146-:SG:C:UMP:C6,LIKELY_BIOCHEMICAL_OR_NON_TARGET_GENERATION_EVENT,true,SOURCE_RCSB_PDB_DIRECT,1JTQ:covale2,source_annotations.covalent_event,covalent bond,false,SUPPORTING_TRIAGE_EVIDENCE_ONLY,,"[""529ad6303fb044ae85e2c5dc37845c722f2a65715a19a504426f3c03a44e2aaf"",""c039f9d5010a5957f696533402948cbc010dccba13f62bfe0f38d1365332553a""]",data/derived/covalent_small/covapie_bulk_cys_sg_dataset_expansion_v1/bulk_pilot_v1/cross_source_canonical_event_manifest_v1.json,d3f35987af92fca669b85d62a86914c7a01bf35d867c4a779e7fc08e76445dae,false,SPECIALIST_REACTION_FIELD_EQUALS_SUBSTRATE; LIKELY STATUS ONLY
COVAPIE_CYS_SG_EVENT_V1:1JTQ:B:CYS:146-:SG:E:UMP:C6,LIKELY_BIOCHEMICAL_OR_NON_TARGET_GENERATION_EVENT,true,SOURCE_COVBINDERINPDB,CBR004201,source_annotations.covalent_event,curated residue-binder reaction record,false,SUPPORTING_TRIAGE_EVIDENCE_ONLY,c039f9d5010a5957f696533402948cbc010dccba13f62bfe0f38d1365332553a,"[""529ad6303fb044ae85e2c5dc37845c722f2a65715a19a504426f3c03a44e2aaf"",""c039f9d5010a5957f696533402948cbc010dccba13f62bfe0f38d1365332553a""]",data/derived/covalent_small/covapie_bulk_cys_sg_dataset_expansion_v1/bulk_pilot_v1/cross_source_canonical_event_manifest_v1.json,d3f35987af92fca669b85d62a86914c7a01bf35d867c4a779e7fc08e76445dae,false,SPECIALIST_REACTION_FIELD_EQUALS_SUBSTRATE; LIKELY STATUS ONLY
COVAPIE_CYS_SG_EVENT_V1:1JTQ:B:CYS:146-:SG:E:UMP:C6,LIKELY_BIOCHEMICAL_OR_NON_TARGET_GENERATION_EVENT,true,SOURCE_COVBINDERINPDB,CBR004201,source_annotations.reaction,substrate,true,SUPPORTING_TRIAGE_EVIDENCE_ONLY,c039f9d5010a5957f696533402948cbc010dccba13f62bfe0f38d1365332553a,"[""529ad6303fb044ae85e2c5dc37845c722f2a65715a19a504426f3c03a44e2aaf"",""c039f9d5010a5957f696533402948cbc010dccba13f62bfe0f38d1365332553a""]",data/derived/covalent_small/covapie_bulk_cys_sg_dataset_expansion_v1/bulk_pilot_v1/cross_source_canonical_event_manifest_v1.json,d3f35987af92fca669b85d62a86914c7a01bf35d867c4a779e7fc08e76445dae,false,SPECIALIST_REACTION_FIELD_EQUALS_SUBSTRATE; LIKELY STATUS ONLY
COVAPIE_CYS_SG_EVENT_V1:1JTQ:B:CYS:146-:SG:E:UMP:C6,LIKELY_BIOCHEMICAL_OR_NON_TARGET_GENERATION_EVENT,true,SOURCE_COVBINDERINPDB,CBR004201,source_annotations.warhead,Uridine,false,SUPPORTING_TRIAGE_EVIDENCE_ONLY,c039f9d5010a5957f696533402948cbc010dccba13f62bfe0f38d1365332553a,"[""529ad6303fb044ae85e2c5dc37845c722f2a65715a19a504426f3c03a44e2aaf"",""c039f9d5010a5957f696533402948cbc010dccba13f62bfe0f38d1365332553a""]",data/derived/covalent_small/covapie_bulk_cys_sg_dataset_expansion_v1/bulk_pilot_v1/cross_source_canonical_event_manifest_v1.json,d3f35987af92fca669b85d62a86914c7a01bf35d867c4a779e7fc08e76445dae,false,SPECIALIST_REACTION_FIELD_EQUALS_SUBSTRATE; LIKELY STATUS ONLY
COVAPIE_CYS_SG_EVENT_V1:1JTQ:B:CYS:146-:SG:E:UMP:C6,LIKELY_BIOCHEMICAL_OR_NON_TARGET_GENERATION_EVENT,true,SOURCE_RCSB_PDB_DIRECT,1JTQ:covale4,source_annotations.covalent_event,covalent bond,false,SUPPORTING_TRIAGE_EVIDENCE_ONLY,,"[""529ad6303fb044ae85e2c5dc37845c722f2a65715a19a504426f3c03a44e2aaf"",""c039f9d5010a5957f696533402948cbc010dccba13f62bfe0f38d1365332553a""]",data/derived/covalent_small/covapie_bulk_cys_sg_dataset_expansion_v1/bulk_pilot_v1/cross_source_canonical_event_manifest_v1.json,d3f35987af92fca669b85d62a86914c7a01bf35d867c4a779e7fc08e76445dae,false,SPECIALIST_REACTION_FIELD_EQUALS_SUBSTRATE; LIKELY STATUS ONLY
COVAPIE_CYS_SG_EVENT_V1:1JTU:A:CYS:146-:SG:C:UMP:C6,LIKELY_BIOCHEMICAL_OR_NON_TARGET_GENERATION_EVENT,true,SOURCE_COVBINDERINPDB,CBR004203,source_annotations.covalent_event,curated residue-binder reaction record,false,SUPPORTING_TRIAGE_EVIDENCE_ONLY,c039f9d5010a5957f696533402948cbc010dccba13f62bfe0f38d1365332553a,"[""529ad6303fb044ae85e2c5dc37845c722f2a65715a19a504426f3c03a44e2aaf"",""c039f9d5010a5957f696533402948cbc010dccba13f62bfe0f38d1365332553a""]",data/derived/covalent_small/covapie_bulk_cys_sg_dataset_expansion_v1/bulk_pilot_v1/cross_source_canonical_event_manifest_v1.json,d3f35987af92fca669b85d62a86914c7a01bf35d867c4a779e7fc08e76445dae,false,SPECIALIST_REACTION_FIELD_EQUALS_SUBSTRATE; LIKELY STATUS ONLY
COVAPIE_CYS_SG_EVENT_V1:1JTU:A:CYS:146-:SG:C:UMP:C6,LIKELY_BIOCHEMICAL_OR_NON_TARGET_GENERATION_EVENT,true,SOURCE_COVBINDERINPDB,CBR004203,source_annotations.reaction,substrate,true,SUPPORTING_TRIAGE_EVIDENCE_ONLY,c039f9d5010a5957f696533402948cbc010dccba13f62bfe0f38d1365332553a,"[""529ad6303fb044ae85e2c5dc37845c722f2a65715a19a504426f3c03a44e2aaf"",""c039f9d5010a5957f696533402948cbc010dccba13f62bfe0f38d1365332553a""]",data/derived/covalent_small/covapie_bulk_cys_sg_dataset_expansion_v1/bulk_pilot_v1/cross_source_canonical_event_manifest_v1.json,d3f35987af92fca669b85d62a86914c7a01bf35d867c4a779e7fc08e76445dae,false,SPECIALIST_REACTION_FIELD_EQUALS_SUBSTRATE; LIKELY STATUS ONLY
COVAPIE_CYS_SG_EVENT_V1:1JTU:A:CYS:146-:SG:C:UMP:C6,LIKELY_BIOCHEMICAL_OR_NON_TARGET_GENERATION_EVENT,true,SOURCE_COVBINDERINPDB,CBR004203,source_annotations.warhead,Uridine,false,SUPPORTING_TRIAGE_EVIDENCE_ONLY,c039f9d5010a5957f696533402948cbc010dccba13f62bfe0f38d1365332553a,"[""529ad6303fb044ae85e2c5dc37845c722f2a65715a19a504426f3c03a44e2aaf"",""c039f9d5010a5957f696533402948cbc010dccba13f62bfe0f38d1365332553a""]",data/derived/covalent_small/covapie_bulk_cys_sg_dataset_expansion_v1/bulk_pilot_v1/cross_source_canonical_event_manifest_v1.json,d3f35987af92fca669b85d62a86914c7a01bf35d867c4a779e7fc08e76445dae,false,SPECIALIST_REACTION_FIELD_EQUALS_SUBSTRATE; LIKELY STATUS ONLY
COVAPIE_CYS_SG_EVENT_V1:1JTU:A:CYS:146-:SG:C:UMP:C6,LIKELY_BIOCHEMICAL_OR_NON_TARGET_GENERATION_EVENT,true,SOURCE_RCSB_PDB_DIRECT,1JTU:covale2,source_annotations.covalent_event,covalent bond,false,SUPPORTING_TRIAGE_EVIDENCE_ONLY,,"[""529ad6303fb044ae85e2c5dc37845c722f2a65715a19a504426f3c03a44e2aaf"",""c039f9d5010a5957f696533402948cbc010dccba13f62bfe0f38d1365332553a""]",data/derived/covalent_small/covapie_bulk_cys_sg_dataset_expansion_v1/bulk_pilot_v1/cross_source_canonical_event_manifest_v1.json,d3f35987af92fca669b85d62a86914c7a01bf35d867c4a779e7fc08e76445dae,false,SPECIALIST_REACTION_FIELD_EQUALS_SUBSTRATE; LIKELY STATUS ONLY
COVAPIE_CYS_SG_EVENT_V1:1JTU:B:CYS:146-:SG:E:UMP:C6,LIKELY_BIOCHEMICAL_OR_NON_TARGET_GENERATION_EVENT,true,SOURCE_COVBINDERINPDB,CBR004204,source_annotations.covalent_event,curated residue-binder reaction record,false,SUPPORTING_TRIAGE_EVIDENCE_ONLY,c039f9d5010a5957f696533402948cbc010dccba13f62bfe0f38d1365332553a,"[""529ad6303fb044ae85e2c5dc37845c722f2a65715a19a504426f3c03a44e2aaf"",""c039f9d5010a5957f696533402948cbc010dccba13f62bfe0f38d1365332553a""]",data/derived/covalent_small/covapie_bulk_cys_sg_dataset_expansion_v1/bulk_pilot_v1/cross_source_canonical_event_manifest_v1.json,d3f35987af92fca669b85d62a86914c7a01bf35d867c4a779e7fc08e76445dae,false,SPECIALIST_REACTION_FIELD_EQUALS_SUBSTRATE; LIKELY STATUS ONLY
COVAPIE_CYS_SG_EVENT_V1:1JTU:B:CYS:146-:SG:E:UMP:C6,LIKELY_BIOCHEMICAL_OR_NON_TARGET_GENERATION_EVENT,true,SOURCE_COVBINDERINPDB,CBR004204,source_annotations.reaction,substrate,true,SUPPORTING_TRIAGE_EVIDENCE_ONLY,c039f9d5010a5957f696533402948cbc010dccba13f62bfe0f38d1365332553a,"[""529ad6303fb044ae85e2c5dc37845c722f2a65715a19a504426f3c03a44e2aaf"",""c039f9d5010a5957f696533402948cbc010dccba13f62bfe0f38d1365332553a""]",data/derived/covalent_small/covapie_bulk_cys_sg_dataset_expansion_v1/bulk_pilot_v1/cross_source_canonical_event_manifest_v1.json,d3f35987af92fca669b85d62a86914c7a01bf35d867c4a779e7fc08e76445dae,false,SPECIALIST_REACTION_FIELD_EQUALS_SUBSTRATE; LIKELY STATUS ONLY
COVAPIE_CYS_SG_EVENT_V1:1JTU:B:CYS:146-:SG:E:UMP:C6,LIKELY_BIOCHEMICAL_OR_NON_TARGET_GENERATION_EVENT,true,SOURCE_COVBINDERINPDB,CBR004204,source_annotations.warhead,Uridine,false,SUPPORTING_TRIAGE_EVIDENCE_ONLY,c039f9d5010a5957f696533402948cbc010dccba13f62bfe0f38d1365332553a,"[""529ad6303fb044ae85e2c5dc37845c722f2a65715a19a504426f3c03a44e2aaf"",""c039f9d5010a5957f696533402948cbc010dccba13f62bfe0f38d1365332553a""]",data/derived/covalent_small/covapie_bulk_cys_sg_dataset_expansion_v1/bulk_pilot_v1/cross_source_canonical_event_manifest_v1.json,d3f35987af92fca669b85d62a86914c7a01bf35d867c4a779e7fc08e76445dae,false,SPECIALIST_REACTION_FIELD_EQUALS_SUBSTRATE; LIKELY STATUS ONLY
COVAPIE_CYS_SG_EVENT_V1:1JTU:B:CYS:146-:SG:E:UMP:C6,LIKELY_BIOCHEMICAL_OR_NON_TARGET_GENERATION_EVENT,true,SOURCE_RCSB_PDB_DIRECT,1JTU:covale4,source_annotations.covalent_event,covalent bond,false,SUPPORTING_TRIAGE_EVIDENCE_ONLY,,"[""529ad6303fb044ae85e2c5dc37845c722f2a65715a19a504426f3c03a44e2aaf"",""c039f9d5010a5957f696533402948cbc010dccba13f62bfe0f38d1365332553a""]",data/derived/covalent_small/covapie_bulk_cys_sg_dataset_expansion_v1/bulk_pilot_v1/cross_source_canonical_event_manifest_v1.json,d3f35987af92fca669b85d62a86914c7a01bf35d867c4a779e7fc08e76445dae,false,SPECIALIST_REACTION_FIELD_EQUALS_SUBSTRATE; LIKELY STATUS ONLY
COVAPIE_CYS_SG_EVENT_V1:1JU6:A:CYS:195-:SG:F:UMP:C6,LIKELY_BIOCHEMICAL_OR_NON_TARGET_GENERATION_EVENT,true,SOURCE_COVBINDERINPDB,CBR001791,source_annotations.covalent_event,curated residue-binder reaction record,false,SUPPORTING_TRIAGE_EVIDENCE_ONLY,c039f9d5010a5957f696533402948cbc010dccba13f62bfe0f38d1365332553a,"[""529ad6303fb044ae85e2c5dc37845c722f2a65715a19a504426f3c03a44e2aaf"",""c039f9d5010a5957f696533402948cbc010dccba13f62bfe0f38d1365332553a""]",data/derived/covalent_small/covapie_bulk_cys_sg_dataset_expansion_v1/bulk_pilot_v1/cross_source_canonical_event_manifest_v1.json,d3f35987af92fca669b85d62a86914c7a01bf35d867c4a779e7fc08e76445dae,false,SPECIALIST_REACTION_FIELD_EQUALS_SUBSTRATE; LIKELY STATUS ONLY
COVAPIE_CYS_SG_EVENT_V1:1JU6:A:CYS:195-:SG:F:UMP:C6,LIKELY_BIOCHEMICAL_OR_NON_TARGET_GENERATION_EVENT,true,SOURCE_COVBINDERINPDB,CBR001791,source_annotations.reaction,substrate,true,SUPPORTING_TRIAGE_EVIDENCE_ONLY,c039f9d5010a5957f696533402948cbc010dccba13f62bfe0f38d1365332553a,"[""529ad6303fb044ae85e2c5dc37845c722f2a65715a19a504426f3c03a44e2aaf"",""c039f9d5010a5957f696533402948cbc010dccba13f62bfe0f38d1365332553a""]",data/derived/covalent_small/covapie_bulk_cys_sg_dataset_expansion_v1/bulk_pilot_v1/cross_source_canonical_event_manifest_v1.json,d3f35987af92fca669b85d62a86914c7a01bf35d867c4a779e7fc08e76445dae,false,SPECIALIST_REACTION_FIELD_EQUALS_SUBSTRATE; LIKELY STATUS ONLY
COVAPIE_CYS_SG_EVENT_V1:1JU6:A:CYS:195-:SG:F:UMP:C6,LIKELY_BIOCHEMICAL_OR_NON_TARGET_GENERATION_EVENT,true,SOURCE_COVBINDERINPDB,CBR001791,source_annotations.warhead,Uridine,false,SUPPORTING_TRIAGE_EVIDENCE_ONLY,c039f9d5010a5957f696533402948cbc010dccba13f62bfe0f38d1365332553a,"[""529ad6303fb044ae85e2c5dc37845c722f2a65715a19a504426f3c03a44e2aaf"",""c039f9d5010a5957f696533402948cbc010dccba13f62bfe0f38d1365332553a""]",data/derived/covalent_small/covapie_bulk_cys_sg_dataset_expansion_v1/bulk_pilot_v1/cross_source_canonical_event_manifest_v1.json,d3f35987af92fca669b85d62a86914c7a01bf35d867c4a779e7fc08e76445dae,false,SPECIALIST_REACTION_FIELD_EQUALS_SUBSTRATE; LIKELY STATUS ONLY
COVAPIE_CYS_SG_EVENT_V1:1JU6:A:CYS:195-:SG:F:UMP:C6,LIKELY_BIOCHEMICAL_OR_NON_TARGET_GENERATION_EVENT,true,SOURCE_RCSB_PDB_DIRECT,1JU6:covale1,source_annotations.covalent_event,covalent bond,false,SUPPORTING_TRIAGE_EVIDENCE_ONLY,,"[""529ad6303fb044ae85e2c5dc37845c722f2a65715a19a504426f3c03a44e2aaf"",""c039f9d5010a5957f696533402948cbc010dccba13f62bfe0f38d1365332553a""]",data/derived/covalent_small/covapie_bulk_cys_sg_dataset_expansion_v1/bulk_pilot_v1/cross_source_canonical_event_manifest_v1.json,d3f35987af92fca669b85d62a86914c7a01bf35d867c4a779e7fc08e76445dae,false,SPECIALIST_REACTION_FIELD_EQUALS_SUBSTRATE; LIKELY STATUS ONLY
COVAPIE_CYS_SG_EVENT_V1:1JU6:B:CYS:195-:SG:H:UMP:C6,LIKELY_BIOCHEMICAL_OR_NON_TARGET_GENERATION_EVENT,true,SOURCE_COVBINDERINPDB,CBR001792,source_annotations.covalent_event,curated residue-binder reaction record,false,SUPPORTING_TRIAGE_EVIDENCE_ONLY,c039f9d5010a5957f696533402948cbc010dccba13f62bfe0f38d1365332553a,"[""529ad6303fb044ae85e2c5dc37845c722f2a65715a19a504426f3c03a44e2aaf"",""c039f9d5010a5957f696533402948cbc010dccba13f62bfe0f38d1365332553a""]",data/derived/covalent_small/covapie_bulk_cys_sg_dataset_expansion_v1/bulk_pilot_v1/cross_source_canonical_event_manifest_v1.json,d3f35987af92fca669b85d62a86914c7a01bf35d867c4a779e7fc08e76445dae,false,SPECIALIST_REACTION_FIELD_EQUALS_SUBSTRATE; LIKELY STATUS ONLY
COVAPIE_CYS_SG_EVENT_V1:1JU6:B:CYS:195-:SG:H:UMP:C6,LIKELY_BIOCHEMICAL_OR_NON_TARGET_GENERATION_EVENT,true,SOURCE_COVBINDERINPDB,CBR001792,source_annotations.reaction,substrate,true,SUPPORTING_TRIAGE_EVIDENCE_ONLY,c039f9d5010a5957f696533402948cbc010dccba13f62bfe0f38d1365332553a,"[""529ad6303fb044ae85e2c5dc37845c722f2a65715a19a504426f3c03a44e2aaf"",""c039f9d5010a5957f696533402948cbc010dccba13f62bfe0f38d1365332553a""]",data/derived/covalent_small/covapie_bulk_cys_sg_dataset_expansion_v1/bulk_pilot_v1/cross_source_canonical_event_manifest_v1.json,d3f35987af92fca669b85d62a86914c7a01bf35d867c4a779e7fc08e76445dae,false,SPECIALIST_REACTION_FIELD_EQUALS_SUBSTRATE; LIKELY STATUS ONLY
COVAPIE_CYS_SG_EVENT_V1:1JU6:B:CYS:195-:SG:H:UMP:C6,LIKELY_BIOCHEMICAL_OR_NON_TARGET_GENERATION_EVENT,true,SOURCE_COVBINDERINPDB,CBR001792,source_annotations.warhead,Uridine,false,SUPPORTING_TRIAGE_EVIDENCE_ONLY,c039f9d5010a5957f696533402948cbc010dccba13f62bfe0f38d1365332553a,"[""529ad6303fb044ae85e2c5dc37845c722f2a65715a19a504426f3c03a44e2aaf"",""c039f9d5010a5957f696533402948cbc010dccba13f62bfe0f38d1365332553a""]",data/derived/covalent_small/covapie_bulk_cys_sg_dataset_expansion_v1/bulk_pilot_v1/cross_source_canonical_event_manifest_v1.json,d3f35987af92fca669b85d62a86914c7a01bf35d867c4a779e7fc08e76445dae,false,SPECIALIST_REACTION_FIELD_EQUALS_SUBSTRATE; LIKELY STATUS ONLY
COVAPIE_CYS_SG_EVENT_V1:1JU6:B:CYS:195-:SG:H:UMP:C6,LIKELY_BIOCHEMICAL_OR_NON_TARGET_GENERATION_EVENT,true,SOURCE_RCSB_PDB_DIRECT,1JU6:covale2,source_annotations.covalent_event,covalent bond,false,SUPPORTING_TRIAGE_EVIDENCE_ONLY,,"[""529ad6303fb044ae85e2c5dc37845c722f2a65715a19a504426f3c03a44e2aaf"",""c039f9d5010a5957f696533402948cbc010dccba13f62bfe0f38d1365332553a""]",data/derived/covalent_small/covapie_bulk_cys_sg_dataset_expansion_v1/bulk_pilot_v1/cross_source_canonical_event_manifest_v1.json,d3f35987af92fca669b85d62a86914c7a01bf35d867c4a779e7fc08e76445dae,false,SPECIALIST_REACTION_FIELD_EQUALS_SUBSTRATE; LIKELY STATUS ONLY
COVAPIE_CYS_SG_EVENT_V1:1JU6:C:CYS:195-:SG:J:UMP:C6,LIKELY_BIOCHEMICAL_OR_NON_TARGET_GENERATION_EVENT,true,SOURCE_COVBINDERINPDB,CBR001793,source_annotations.covalent_event,curated residue-binder reaction record,false,SUPPORTING_TRIAGE_EVIDENCE_ONLY,c039f9d5010a5957f696533402948cbc010dccba13f62bfe0f38d1365332553a,"[""529ad6303fb044ae85e2c5dc37845c722f2a65715a19a504426f3c03a44e2aaf"",""c039f9d5010a5957f696533402948cbc010dccba13f62bfe0f38d1365332553a""]",data/derived/covalent_small/covapie_bulk_cys_sg_dataset_expansion_v1/bulk_pilot_v1/cross_source_canonical_event_manifest_v1.json,d3f35987af92fca669b85d62a86914c7a01bf35d867c4a779e7fc08e76445dae,false,SPECIALIST_REACTION_FIELD_EQUALS_SUBSTRATE; LIKELY STATUS ONLY
COVAPIE_CYS_SG_EVENT_V1:1JU6:C:CYS:195-:SG:J:UMP:C6,LIKELY_BIOCHEMICAL_OR_NON_TARGET_GENERATION_EVENT,true,SOURCE_COVBINDERINPDB,CBR001793,source_annotations.reaction,substrate,true,SUPPORTING_TRIAGE_EVIDENCE_ONLY,c039f9d5010a5957f696533402948cbc010dccba13f62bfe0f38d1365332553a,"[""529ad6303fb044ae85e2c5dc37845c722f2a65715a19a504426f3c03a44e2aaf"",""c039f9d5010a5957f696533402948cbc010dccba13f62bfe0f38d1365332553a""]",data/derived/covalent_small/covapie_bulk_cys_sg_dataset_expansion_v1/bulk_pilot_v1/cross_source_canonical_event_manifest_v1.json,d3f35987af92fca669b85d62a86914c7a01bf35d867c4a779e7fc08e76445dae,false,SPECIALIST_REACTION_FIELD_EQUALS_SUBSTRATE; LIKELY STATUS ONLY
COVAPIE_CYS_SG_EVENT_V1:1JU6:C:CYS:195-:SG:J:UMP:C6,LIKELY_BIOCHEMICAL_OR_NON_TARGET_GENERATION_EVENT,true,SOURCE_COVBINDERINPDB,CBR001793,source_annotations.warhead,Uridine,false,SUPPORTING_TRIAGE_EVIDENCE_ONLY,c039f9d5010a5957f696533402948cbc010dccba13f62bfe0f38d1365332553a,"[""529ad6303fb044ae85e2c5dc37845c722f2a65715a19a504426f3c03a44e2aaf"",""c039f9d5010a5957f696533402948cbc010dccba13f62bfe0f38d1365332553a""]",data/derived/covalent_small/covapie_bulk_cys_sg_dataset_expansion_v1/bulk_pilot_v1/cross_source_canonical_event_manifest_v1.json,d3f35987af92fca669b85d62a86914c7a01bf35d867c4a779e7fc08e76445dae,false,SPECIALIST_REACTION_FIELD_EQUALS_SUBSTRATE; LIKELY STATUS ONLY
COVAPIE_CYS_SG_EVENT_V1:1JU6:C:CYS:195-:SG:J:UMP:C6,LIKELY_BIOCHEMICAL_OR_NON_TARGET_GENERATION_EVENT,true,SOURCE_RCSB_PDB_DIRECT,1JU6:covale3,source_annotations.covalent_event,covalent bond,false,SUPPORTING_TRIAGE_EVIDENCE_ONLY,,"[""529ad6303fb044ae85e2c5dc37845c722f2a65715a19a504426f3c03a44e2aaf"",""c039f9d5010a5957f696533402948cbc010dccba13f62bfe0f38d1365332553a""]",data/derived/covalent_small/covapie_bulk_cys_sg_dataset_expansion_v1/bulk_pilot_v1/cross_source_canonical_event_manifest_v1.json,d3f35987af92fca669b85d62a86914c7a01bf35d867c4a779e7fc08e76445dae,false,SPECIALIST_REACTION_FIELD_EQUALS_SUBSTRATE; LIKELY STATUS ONLY
COVAPIE_CYS_SG_EVENT_V1:1JU6:D:CYS:195-:SG:L:UMP:C6,LIKELY_BIOCHEMICAL_OR_NON_TARGET_GENERATION_EVENT,true,SOURCE_COVBINDERINPDB,CBR001794,source_annotations.covalent_event,curated residue-binder reaction record,false,SUPPORTING_TRIAGE_EVIDENCE_ONLY,c039f9d5010a5957f696533402948cbc010dccba13f62bfe0f38d1365332553a,"[""529ad6303fb044ae85e2c5dc37845c722f2a65715a19a504426f3c03a44e2aaf"",""c039f9d5010a5957f696533402948cbc010dccba13f62bfe0f38d1365332553a""]",data/derived/covalent_small/covapie_bulk_cys_sg_dataset_expansion_v1/bulk_pilot_v1/cross_source_canonical_event_manifest_v1.json,d3f35987af92fca669b85d62a86914c7a01bf35d867c4a779e7fc08e76445dae,false,SPECIALIST_REACTION_FIELD_EQUALS_SUBSTRATE; LIKELY STATUS ONLY
COVAPIE_CYS_SG_EVENT_V1:1JU6:D:CYS:195-:SG:L:UMP:C6,LIKELY_BIOCHEMICAL_OR_NON_TARGET_GENERATION_EVENT,true,SOURCE_COVBINDERINPDB,CBR001794,source_annotations.reaction,substrate,true,SUPPORTING_TRIAGE_EVIDENCE_ONLY,c039f9d5010a5957f696533402948cbc010dccba13f62bfe0f38d1365332553a,"[""529ad6303fb044ae85e2c5dc37845c722f2a65715a19a504426f3c03a44e2aaf"",""c039f9d5010a5957f696533402948cbc010dccba13f62bfe0f38d1365332553a""]",data/derived/covalent_small/covapie_bulk_cys_sg_dataset_expansion_v1/bulk_pilot_v1/cross_source_canonical_event_manifest_v1.json,d3f35987af92fca669b85d62a86914c7a01bf35d867c4a779e7fc08e76445dae,false,SPECIALIST_REACTION_FIELD_EQUALS_SUBSTRATE; LIKELY STATUS ONLY
COVAPIE_CYS_SG_EVENT_V1:1JU6:D:CYS:195-:SG:L:UMP:C6,LIKELY_BIOCHEMICAL_OR_NON_TARGET_GENERATION_EVENT,true,SOURCE_COVBINDERINPDB,CBR001794,source_annotations.warhead,Uridine,false,SUPPORTING_TRIAGE_EVIDENCE_ONLY,c039f9d5010a5957f696533402948cbc010dccba13f62bfe0f38d1365332553a,"[""529ad6303fb044ae85e2c5dc37845c722f2a65715a19a504426f3c03a44e2aaf"",""c039f9d5010a5957f696533402948cbc010dccba13f62bfe0f38d1365332553a""]",data/derived/covalent_small/covapie_bulk_cys_sg_dataset_expansion_v1/bulk_pilot_v1/cross_source_canonical_event_manifest_v1.json,d3f35987af92fca669b85d62a86914c7a01bf35d867c4a779e7fc08e76445dae,false,SPECIALIST_REACTION_FIELD_EQUALS_SUBSTRATE; LIKELY STATUS ONLY
COVAPIE_CYS_SG_EVENT_V1:1JU6:D:CYS:195-:SG:L:UMP:C6,LIKELY_BIOCHEMICAL_OR_NON_TARGET_GENERATION_EVENT,true,SOURCE_RCSB_PDB_DIRECT,1JU6:covale4,source_annotations.covalent_event,covalent bond,false,SUPPORTING_TRIAGE_EVIDENCE_ONLY,,"[""529ad6303fb044ae85e2c5dc37845c722f2a65715a19a504426f3c03a44e2aaf"",""c039f9d5010a5957f696533402948cbc010dccba13f62bfe0f38d1365332553a""]",data/derived/covalent_small/covapie_bulk_cys_sg_dataset_expansion_v1/bulk_pilot_v1/cross_source_canonical_event_manifest_v1.json,d3f35987af92fca669b85d62a86914c7a01bf35d867c4a779e7fc08e76445dae,false,SPECIALIST_REACTION_FIELD_EQUALS_SUBSTRATE; LIKELY STATUS ONLY
COVAPIE_CYS_SG_EVENT_V1:1JUJ:A:CYS:195-:SG:E:UMP:C6,LIKELY_BIOCHEMICAL_OR_NON_TARGET_GENERATION_EVENT,true,SOURCE_COVBINDERINPDB,CBR001787,source_annotations.covalent_event,curated residue-binder reaction record,false,SUPPORTING_TRIAGE_EVIDENCE_ONLY,c039f9d5010a5957f696533402948cbc010dccba13f62bfe0f38d1365332553a,"[""529ad6303fb044ae85e2c5dc37845c722f2a65715a19a504426f3c03a44e2aaf"",""c039f9d5010a5957f696533402948cbc010dccba13f62bfe0f38d1365332553a""]",data/derived/covalent_small/covapie_bulk_cys_sg_dataset_expansion_v1/bulk_pilot_v1/cross_source_canonical_event_manifest_v1.json,d3f35987af92fca669b85d62a86914c7a01bf35d867c4a779e7fc08e76445dae,false,SPECIALIST_REACTION_FIELD_EQUALS_SUBSTRATE; LIKELY STATUS ONLY
COVAPIE_CYS_SG_EVENT_V1:1JUJ:A:CYS:195-:SG:E:UMP:C6,LIKELY_BIOCHEMICAL_OR_NON_TARGET_GENERATION_EVENT,true,SOURCE_COVBINDERINPDB,CBR001787,source_annotations.reaction,substrate,true,SUPPORTING_TRIAGE_EVIDENCE_ONLY,c039f9d5010a5957f696533402948cbc010dccba13f62bfe0f38d1365332553a,"[""529ad6303fb044ae85e2c5dc37845c722f2a65715a19a504426f3c03a44e2aaf"",""c039f9d5010a5957f696533402948cbc010dccba13f62bfe0f38d1365332553a""]",data/derived/covalent_small/covapie_bulk_cys_sg_dataset_expansion_v1/bulk_pilot_v1/cross_source_canonical_event_manifest_v1.json,d3f35987af92fca669b85d62a86914c7a01bf35d867c4a779e7fc08e76445dae,false,SPECIALIST_REACTION_FIELD_EQUALS_SUBSTRATE; LIKELY STATUS ONLY
COVAPIE_CYS_SG_EVENT_V1:1JUJ:A:CYS:195-:SG:E:UMP:C6,LIKELY_BIOCHEMICAL_OR_NON_TARGET_GENERATION_EVENT,true,SOURCE_COVBINDERINPDB,CBR001787,source_annotations.warhead,Uridine,false,SUPPORTING_TRIAGE_EVIDENCE_ONLY,c039f9d5010a5957f696533402948cbc010dccba13f62bfe0f38d1365332553a,"[""529ad6303fb044ae85e2c5dc37845c722f2a65715a19a504426f3c03a44e2aaf"",""c039f9d5010a5957f696533402948cbc010dccba13f62bfe0f38d1365332553a""]",data/derived/covalent_small/covapie_bulk_cys_sg_dataset_expansion_v1/bulk_pilot_v1/cross_source_canonical_event_manifest_v1.json,d3f35987af92fca669b85d62a86914c7a01bf35d867c4a779e7fc08e76445dae,false,SPECIALIST_REACTION_FIELD_EQUALS_SUBSTRATE; LIKELY STATUS ONLY
COVAPIE_CYS_SG_EVENT_V1:1JUJ:A:CYS:195-:SG:E:UMP:C6,LIKELY_BIOCHEMICAL_OR_NON_TARGET_GENERATION_EVENT,true,SOURCE_RCSB_PDB_DIRECT,1JUJ:covale1,source_annotations.covalent_event,covalent bond,false,SUPPORTING_TRIAGE_EVIDENCE_ONLY,,"[""529ad6303fb044ae85e2c5dc37845c722f2a65715a19a504426f3c03a44e2aaf"",""c039f9d5010a5957f696533402948cbc010dccba13f62bfe0f38d1365332553a""]",data/derived/covalent_small/covapie_bulk_cys_sg_dataset_expansion_v1/bulk_pilot_v1/cross_source_canonical_event_manifest_v1.json,d3f35987af92fca669b85d62a86914c7a01bf35d867c4a779e7fc08e76445dae,false,SPECIALIST_REACTION_FIELD_EQUALS_SUBSTRATE; LIKELY STATUS ONLY
COVAPIE_CYS_SG_EVENT_V1:1JUJ:B:CYS:195-:SG:G:UMP:C6,LIKELY_BIOCHEMICAL_OR_NON_TARGET_GENERATION_EVENT,true,SOURCE_COVBINDERINPDB,CBR001788,source_annotations.covalent_event,curated residue-binder reaction record,false,SUPPORTING_TRIAGE_EVIDENCE_ONLY,c039f9d5010a5957f696533402948cbc010dccba13f62bfe0f38d1365332553a,"[""529ad6303fb044ae85e2c5dc37845c722f2a65715a19a504426f3c03a44e2aaf"",""c039f9d5010a5957f696533402948cbc010dccba13f62bfe0f38d1365332553a""]",data/derived/covalent_small/covapie_bulk_cys_sg_dataset_expansion_v1/bulk_pilot_v1/cross_source_canonical_event_manifest_v1.json,d3f35987af92fca669b85d62a86914c7a01bf35d867c4a779e7fc08e76445dae,false,SPECIALIST_REACTION_FIELD_EQUALS_SUBSTRATE; LIKELY STATUS ONLY
COVAPIE_CYS_SG_EVENT_V1:1JUJ:B:CYS:195-:SG:G:UMP:C6,LIKELY_BIOCHEMICAL_OR_NON_TARGET_GENERATION_EVENT,true,SOURCE_COVBINDERINPDB,CBR001788,source_annotations.reaction,substrate,true,SUPPORTING_TRIAGE_EVIDENCE_ONLY,c039f9d5010a5957f696533402948cbc010dccba13f62bfe0f38d1365332553a,"[""529ad6303fb044ae85e2c5dc37845c722f2a65715a19a504426f3c03a44e2aaf"",""c039f9d5010a5957f696533402948cbc010dccba13f62bfe0f38d1365332553a""]",data/derived/covalent_small/covapie_bulk_cys_sg_dataset_expansion_v1/bulk_pilot_v1/cross_source_canonical_event_manifest_v1.json,d3f35987af92fca669b85d62a86914c7a01bf35d867c4a779e7fc08e76445dae,false,SPECIALIST_REACTION_FIELD_EQUALS_SUBSTRATE; LIKELY STATUS ONLY
COVAPIE_CYS_SG_EVENT_V1:1JUJ:B:CYS:195-:SG:G:UMP:C6,LIKELY_BIOCHEMICAL_OR_NON_TARGET_GENERATION_EVENT,true,SOURCE_COVBINDERINPDB,CBR001788,source_annotations.warhead,Uridine,false,SUPPORTING_TRIAGE_EVIDENCE_ONLY,c039f9d5010a5957f696533402948cbc010dccba13f62bfe0f38d1365332553a,"[""529ad6303fb044ae85e2c5dc37845c722f2a65715a19a504426f3c03a44e2aaf"",""c039f9d5010a5957f696533402948cbc010dccba13f62bfe0f38d1365332553a""]",data/derived/covalent_small/covapie_bulk_cys_sg_dataset_expansion_v1/bulk_pilot_v1/cross_source_canonical_event_manifest_v1.json,d3f35987af92fca669b85d62a86914c7a01bf35d867c4a779e7fc08e76445dae,false,SPECIALIST_REACTION_FIELD_EQUALS_SUBSTRATE; LIKELY STATUS ONLY
COVAPIE_CYS_SG_EVENT_V1:1JUJ:B:CYS:195-:SG:G:UMP:C6,LIKELY_BIOCHEMICAL_OR_NON_TARGET_GENERATION_EVENT,true,SOURCE_RCSB_PDB_DIRECT,1JUJ:covale2,source_annotations.covalent_event,covalent bond,false,SUPPORTING_TRIAGE_EVIDENCE_ONLY,,"[""529ad6303fb044ae85e2c5dc37845c722f2a65715a19a504426f3c03a44e2aaf"",""c039f9d5010a5957f696533402948cbc010dccba13f62bfe0f38d1365332553a""]",data/derived/covalent_small/covapie_bulk_cys_sg_dataset_expansion_v1/bulk_pilot_v1/cross_source_canonical_event_manifest_v1.json,d3f35987af92fca669b85d62a86914c7a01bf35d867c4a779e7fc08e76445dae,false,SPECIALIST_REACTION_FIELD_EQUALS_SUBSTRATE; LIKELY STATUS ONLY
COVAPIE_CYS_SG_EVENT_V1:1JUJ:C:CYS:195-:SG:I:UMP:C6,LIKELY_BIOCHEMICAL_OR_NON_TARGET_GENERATION_EVENT,true,SOURCE_COVBINDERINPDB,CBR001789,source_annotations.covalent_event,curated residue-binder reaction record,false,SUPPORTING_TRIAGE_EVIDENCE_ONLY,c039f9d5010a5957f696533402948cbc010dccba13f62bfe0f38d1365332553a,"[""529ad6303fb044ae85e2c5dc37845c722f2a65715a19a504426f3c03a44e2aaf"",""c039f9d5010a5957f696533402948cbc010dccba13f62bfe0f38d1365332553a""]",data/derived/covalent_small/covapie_bulk_cys_sg_dataset_expansion_v1/bulk_pilot_v1/cross_source_canonical_event_manifest_v1.json,d3f35987af92fca669b85d62a86914c7a01bf35d867c4a779e7fc08e76445dae,false,SPECIALIST_REACTION_FIELD_EQUALS_SUBSTRATE; LIKELY STATUS ONLY
COVAPIE_CYS_SG_EVENT_V1:1JUJ:C:CYS:195-:SG:I:UMP:C6,LIKELY_BIOCHEMICAL_OR_NON_TARGET_GENERATION_EVENT,true,SOURCE_COVBINDERINPDB,CBR001789,source_annotations.reaction,substrate,true,SUPPORTING_TRIAGE_EVIDENCE_ONLY,c039f9d5010a5957f696533402948cbc010dccba13f62bfe0f38d1365332553a,"[""529ad6303fb044ae85e2c5dc37845c722f2a65715a19a504426f3c03a44e2aaf"",""c039f9d5010a5957f696533402948cbc010dccba13f62bfe0f38d1365332553a""]",data/derived/covalent_small/covapie_bulk_cys_sg_dataset_expansion_v1/bulk_pilot_v1/cross_source_canonical_event_manifest_v1.json,d3f35987af92fca669b85d62a86914c7a01bf35d867c4a779e7fc08e76445dae,false,SPECIALIST_REACTION_FIELD_EQUALS_SUBSTRATE; LIKELY STATUS ONLY
COVAPIE_CYS_SG_EVENT_V1:1JUJ:C:CYS:195-:SG:I:UMP:C6,LIKELY_BIOCHEMICAL_OR_NON_TARGET_GENERATION_EVENT,true,SOURCE_COVBINDERINPDB,CBR001789,source_annotations.warhead,Uridine,false,SUPPORTING_TRIAGE_EVIDENCE_ONLY,c039f9d5010a5957f696533402948cbc010dccba13f62bfe0f38d1365332553a,"[""529ad6303fb044ae85e2c5dc37845c722f2a65715a19a504426f3c03a44e2aaf"",""c039f9d5010a5957f696533402948cbc010dccba13f62bfe0f38d1365332553a""]",data/derived/covalent_small/covapie_bulk_cys_sg_dataset_expansion_v1/bulk_pilot_v1/cross_source_canonical_event_manifest_v1.json,d3f35987af92fca669b85d62a86914c7a01bf35d867c4a779e7fc08e76445dae,false,SPECIALIST_REACTION_FIELD_EQUALS_SUBSTRATE; LIKELY STATUS ONLY
COVAPIE_CYS_SG_EVENT_V1:1JUJ:C:CYS:195-:SG:I:UMP:C6,LIKELY_BIOCHEMICAL_OR_NON_TARGET_GENERATION_EVENT,true,SOURCE_RCSB_PDB_DIRECT,1JUJ:covale3,source_annotations.covalent_event,covalent bond,false,SUPPORTING_TRIAGE_EVIDENCE_ONLY,,"[""529ad6303fb044ae85e2c5dc37845c722f2a65715a19a504426f3c03a44e2aaf"",""c039f9d5010a5957f696533402948cbc010dccba13f62bfe0f38d1365332553a""]",data/derived/covalent_small/covapie_bulk_cys_sg_dataset_expansion_v1/bulk_pilot_v1/cross_source_canonical_event_manifest_v1.json,d3f35987af92fca669b85d62a86914c7a01bf35d867c4a779e7fc08e76445dae,false,SPECIALIST_REACTION_FIELD_EQUALS_SUBSTRATE; LIKELY STATUS ONLY
COVAPIE_CYS_SG_EVENT_V1:1JUJ:D:CYS:195-:SG:K:UMP:C6,LIKELY_BIOCHEMICAL_OR_NON_TARGET_GENERATION_EVENT,true,SOURCE_COVBINDERINPDB,CBR001790,source_annotations.covalent_event,curated residue-binder reaction record,false,SUPPORTING_TRIAGE_EVIDENCE_ONLY,c039f9d5010a5957f696533402948cbc010dccba13f62bfe0f38d1365332553a,"[""529ad6303fb044ae85e2c5dc37845c722f2a65715a19a504426f3c03a44e2aaf"",""c039f9d5010a5957f696533402948cbc010dccba13f62bfe0f38d1365332553a""]",data/derived/covalent_small/covapie_bulk_cys_sg_dataset_expansion_v1/bulk_pilot_v1/cross_source_canonical_event_manifest_v1.json,d3f35987af92fca669b85d62a86914c7a01bf35d867c4a779e7fc08e76445dae,false,SPECIALIST_REACTION_FIELD_EQUALS_SUBSTRATE; LIKELY STATUS ONLY
COVAPIE_CYS_SG_EVENT_V1:1JUJ:D:CYS:195-:SG:K:UMP:C6,LIKELY_BIOCHEMICAL_OR_NON_TARGET_GENERATION_EVENT,true,SOURCE_COVBINDERINPDB,CBR001790,source_annotations.reaction,substrate,true,SUPPORTING_TRIAGE_EVIDENCE_ONLY,c039f9d5010a5957f696533402948cbc010dccba13f62bfe0f38d1365332553a,"[""529ad6303fb044ae85e2c5dc37845c722f2a65715a19a504426f3c03a44e2aaf"",""c039f9d5010a5957f696533402948cbc010dccba13f62bfe0f38d1365332553a""]",data/derived/covalent_small/covapie_bulk_cys_sg_dataset_expansion_v1/bulk_pilot_v1/cross_source_canonical_event_manifest_v1.json,d3f35987af92fca669b85d62a86914c7a01bf35d867c4a779e7fc08e76445dae,false,SPECIALIST_REACTION_FIELD_EQUALS_SUBSTRATE; LIKELY STATUS ONLY
COVAPIE_CYS_SG_EVENT_V1:1JUJ:D:CYS:195-:SG:K:UMP:C6,LIKELY_BIOCHEMICAL_OR_NON_TARGET_GENERATION_EVENT,true,SOURCE_COVBINDERINPDB,CBR001790,source_annotations.warhead,Uridine,false,SUPPORTING_TRIAGE_EVIDENCE_ONLY,c039f9d5010a5957f696533402948cbc010dccba13f62bfe0f38d1365332553a,"[""529ad6303fb044ae85e2c5dc37845c722f2a65715a19a504426f3c03a44e2aaf"",""c039f9d5010a5957f696533402948cbc010dccba13f62bfe0f38d1365332553a""]",data/derived/covalent_small/covapie_bulk_cys_sg_dataset_expansion_v1/bulk_pilot_v1/cross_source_canonical_event_manifest_v1.json,d3f35987af92fca669b85d62a86914c7a01bf35d867c4a779e7fc08e76445dae,false,SPECIALIST_REACTION_FIELD_EQUALS_SUBSTRATE; LIKELY STATUS ONLY
COVAPIE_CYS_SG_EVENT_V1:1JUJ:D:CYS:195-:SG:K:UMP:C6,LIKELY_BIOCHEMICAL_OR_NON_TARGET_GENERATION_EVENT,true,SOURCE_RCSB_PDB_DIRECT,1JUJ:covale4,source_annotations.covalent_event,covalent bond,false,SUPPORTING_TRIAGE_EVIDENCE_ONLY,,"[""529ad6303fb044ae85e2c5dc37845c722f2a65715a19a504426f3c03a44e2aaf"",""c039f9d5010a5957f696533402948cbc010dccba13f62bfe0f38d1365332553a""]",data/derived/covalent_small/covapie_bulk_cys_sg_dataset_expansion_v1/bulk_pilot_v1/cross_source_canonical_event_manifest_v1.json,d3f35987af92fca669b85d62a86914c7a01bf35d867c4a779e7fc08e76445dae,false,SPECIALIST_REACTION_FIELD_EQUALS_SUBSTRATE; LIKELY STATUS ONLY
COVAPIE_CYS_SG_EVENT_V1:1JUT:A:CYS:146-:SG:C:UMP:C6,LIKELY_BIOCHEMICAL_OR_NON_TARGET_GENERATION_EVENT,true,SOURCE_COVBINDERINPDB,CBR001805,source_annotations.covalent_event,curated residue-binder reaction record,false,SUPPORTING_TRIAGE_EVIDENCE_ONLY,c039f9d5010a5957f696533402948cbc010dccba13f62bfe0f38d1365332553a,"[""529ad6303fb044ae85e2c5dc37845c722f2a65715a19a504426f3c03a44e2aaf"",""c039f9d5010a5957f696533402948cbc010dccba13f62bfe0f38d1365332553a""]",data/derived/covalent_small/covapie_bulk_cys_sg_dataset_expansion_v1/bulk_pilot_v1/cross_source_canonical_event_manifest_v1.json,d3f35987af92fca669b85d62a86914c7a01bf35d867c4a779e7fc08e76445dae,false,SPECIALIST_REACTION_FIELD_EQUALS_SUBSTRATE; LIKELY STATUS ONLY
COVAPIE_CYS_SG_EVENT_V1:1JUT:A:CYS:146-:SG:C:UMP:C6,LIKELY_BIOCHEMICAL_OR_NON_TARGET_GENERATION_EVENT,true,SOURCE_COVBINDERINPDB,CBR001805,source_annotations.reaction,substrate,true,SUPPORTING_TRIAGE_EVIDENCE_ONLY,c039f9d5010a5957f696533402948cbc010dccba13f62bfe0f38d1365332553a,"[""529ad6303fb044ae85e2c5dc37845c722f2a65715a19a504426f3c03a44e2aaf"",""c039f9d5010a5957f696533402948cbc010dccba13f62bfe0f38d1365332553a""]",data/derived/covalent_small/covapie_bulk_cys_sg_dataset_expansion_v1/bulk_pilot_v1/cross_source_canonical_event_manifest_v1.json,d3f35987af92fca669b85d62a86914c7a01bf35d867c4a779e7fc08e76445dae,false,SPECIALIST_REACTION_FIELD_EQUALS_SUBSTRATE; LIKELY STATUS ONLY
COVAPIE_CYS_SG_EVENT_V1:1JUT:A:CYS:146-:SG:C:UMP:C6,LIKELY_BIOCHEMICAL_OR_NON_TARGET_GENERATION_EVENT,true,SOURCE_COVBINDERINPDB,CBR001805,source_annotations.warhead,Uridine,false,SUPPORTING_TRIAGE_EVIDENCE_ONLY,c039f9d5010a5957f696533402948cbc010dccba13f62bfe0f38d1365332553a,"[""529ad6303fb044ae85e2c5dc37845c722f2a65715a19a504426f3c03a44e2aaf"",""c039f9d5010a5957f696533402948cbc010dccba13f62bfe0f38d1365332553a""]",data/derived/covalent_small/covapie_bulk_cys_sg_dataset_expansion_v1/bulk_pilot_v1/cross_source_canonical_event_manifest_v1.json,d3f35987af92fca669b85d62a86914c7a01bf35d867c4a779e7fc08e76445dae,false,SPECIALIST_REACTION_FIELD_EQUALS_SUBSTRATE; LIKELY STATUS ONLY
COVAPIE_CYS_SG_EVENT_V1:1JUT:A:CYS:146-:SG:C:UMP:C6,LIKELY_BIOCHEMICAL_OR_NON_TARGET_GENERATION_EVENT,true,SOURCE_RCSB_PDB_DIRECT,1JUT:covale2,source_annotations.covalent_event,covalent bond,false,SUPPORTING_TRIAGE_EVIDENCE_ONLY,,"[""529ad6303fb044ae85e2c5dc37845c722f2a65715a19a504426f3c03a44e2aaf"",""c039f9d5010a5957f696533402948cbc010dccba13f62bfe0f38d1365332553a""]",data/derived/covalent_small/covapie_bulk_cys_sg_dataset_expansion_v1/bulk_pilot_v1/cross_source_canonical_event_manifest_v1.json,d3f35987af92fca669b85d62a86914c7a01bf35d867c4a779e7fc08e76445dae,false,SPECIALIST_REACTION_FIELD_EQUALS_SUBSTRATE; LIKELY STATUS ONLY
COVAPIE_CYS_SG_EVENT_V1:1KEQ:A:CYS:131-:SG:E:4MZ:C4,TASK_RELEVANCE_EVIDENCE_INSUFFICIENT,true,SOURCE_COVPDB,CovPDB_complexes/1keq/1keq.pdb#LINK00554,source_annotations.covalent_event,explicit PDB LINK CYS-SG to ligand endpoint,false,SUPPORTING_TRIAGE_EVIDENCE_ONLY,6d05249c83ad24589fd4280c2a8e5665d839cf8ee6c33b5ea0949b40fbe04220,"[""6d05249c83ad24589fd4280c2a8e5665d839cf8ee6c33b5ea0949b40fbe04220"",""dbe086497d6d592f9768a6e99951fb56f404dca37e93f3b35eca6741988ad876""]",data/derived/covalent_small/covapie_bulk_cys_sg_dataset_expansion_v1/bulk_pilot_v1/cross_source_canonical_event_manifest_v1.json,d3f35987af92fca669b85d62a86914c7a01bf35d867c4a779e7fc08e76445dae,false,NO_SPECIALIST_REACTION_FIELD; HUMAN REVIEW REQUIRED
COVAPIE_CYS_SG_EVENT_V1:1KEQ:A:CYS:131-:SG:E:4MZ:C4,TASK_RELEVANCE_EVIDENCE_INSUFFICIENT,true,SOURCE_COVPDB,CovPDB_complexes/1keq/1keq.pdb#LINK00555,source_annotations.covalent_event,explicit PDB LINK CYS-SG to ligand endpoint,false,SUPPORTING_TRIAGE_EVIDENCE_ONLY,6d05249c83ad24589fd4280c2a8e5665d839cf8ee6c33b5ea0949b40fbe04220,"[""6d05249c83ad24589fd4280c2a8e5665d839cf8ee6c33b5ea0949b40fbe04220"",""dbe086497d6d592f9768a6e99951fb56f404dca37e93f3b35eca6741988ad876""]",data/derived/covalent_small/covapie_bulk_cys_sg_dataset_expansion_v1/bulk_pilot_v1/cross_source_canonical_event_manifest_v1.json,d3f35987af92fca669b85d62a86914c7a01bf35d867c4a779e7fc08e76445dae,false,NO_SPECIALIST_REACTION_FIELD; HUMAN REVIEW REQUIRED
COVAPIE_CYS_SG_EVENT_V1:1KEQ:A:CYS:131-:SG:E:4MZ:C4,TASK_RELEVANCE_EVIDENCE_INSUFFICIENT,true,SOURCE_RCSB_PDB_DIRECT,1KEQ:covale2,source_annotations.covalent_event,covalent bond,false,SUPPORTING_TRIAGE_EVIDENCE_ONLY,,"[""6d05249c83ad24589fd4280c2a8e5665d839cf8ee6c33b5ea0949b40fbe04220"",""dbe086497d6d592f9768a6e99951fb56f404dca37e93f3b35eca6741988ad876""]",data/derived/covalent_small/covapie_bulk_cys_sg_dataset_expansion_v1/bulk_pilot_v1/cross_source_canonical_event_manifest_v1.json,d3f35987af92fca669b85d62a86914c7a01bf35d867c4a779e7fc08e76445dae,false,NO_SPECIALIST_REACTION_FIELD; HUMAN REVIEW REQUIRED
COVAPIE_CYS_SG_EVENT_V1:1KEQ:A:CYS:188-:SG:G:4MZ:C4,TASK_RELEVANCE_EVIDENCE_INSUFFICIENT,true,SOURCE_COVPDB,CovPDB_complexes/1keq/1keq.pdb#LINK00552,source_annotations.covalent_event,explicit PDB LINK CYS-SG to ligand endpoint,false,SUPPORTING_TRIAGE_EVIDENCE_ONLY,6d05249c83ad24589fd4280c2a8e5665d839cf8ee6c33b5ea0949b40fbe04220,"[""6d05249c83ad24589fd4280c2a8e5665d839cf8ee6c33b5ea0949b40fbe04220"",""dbe086497d6d592f9768a6e99951fb56f404dca37e93f3b35eca6741988ad876""]",data/derived/covalent_small/covapie_bulk_cys_sg_dataset_expansion_v1/bulk_pilot_v1/cross_source_canonical_event_manifest_v1.json,d3f35987af92fca669b85d62a86914c7a01bf35d867c4a779e7fc08e76445dae,false,NO_SPECIALIST_REACTION_FIELD; HUMAN REVIEW REQUIRED
COVAPIE_CYS_SG_EVENT_V1:1KEQ:A:CYS:188-:SG:G:4MZ:C4,TASK_RELEVANCE_EVIDENCE_INSUFFICIENT,true,SOURCE_RCSB_PDB_DIRECT,1KEQ:covale4,source_annotations.covalent_event,covalent bond,false,SUPPORTING_TRIAGE_EVIDENCE_ONLY,,"[""6d05249c83ad24589fd4280c2a8e5665d839cf8ee6c33b5ea0949b40fbe04220"",""dbe086497d6d592f9768a6e99951fb56f404dca37e93f3b35eca6741988ad876""]",data/derived/covalent_small/covapie_bulk_cys_sg_dataset_expansion_v1/bulk_pilot_v1/cross_source_canonical_event_manifest_v1.json,d3f35987af92fca669b85d62a86914c7a01bf35d867c4a779e7fc08e76445dae,false,NO_SPECIALIST_REACTION_FIELD; HUMAN REVIEW REQUIRED
COVAPIE_CYS_SG_EVENT_V1:1KEQ:B:CYS:188-:SG:L:4MZ:C4,TASK_RELEVANCE_EVIDENCE_INSUFFICIENT,true,SOURCE_COVPDB,CovPDB_complexes/1keq/1keq.pdb#LINK00553,source_annotations.covalent_event,explicit PDB LINK CYS-SG to ligand endpoint,false,SUPPORTING_TRIAGE_EVIDENCE_ONLY,6d05249c83ad24589fd4280c2a8e5665d839cf8ee6c33b5ea0949b40fbe04220,"[""6d05249c83ad24589fd4280c2a8e5665d839cf8ee6c33b5ea0949b40fbe04220"",""dbe086497d6d592f9768a6e99951fb56f404dca37e93f3b35eca6741988ad876""]",data/derived/covalent_small/covapie_bulk_cys_sg_dataset_expansion_v1/bulk_pilot_v1/cross_source_canonical_event_manifest_v1.json,d3f35987af92fca669b85d62a86914c7a01bf35d867c4a779e7fc08e76445dae,false,NO_SPECIALIST_REACTION_FIELD; HUMAN REVIEW REQUIRED
COVAPIE_CYS_SG_EVENT_V1:1KEQ:B:CYS:188-:SG:L:4MZ:C4,TASK_RELEVANCE_EVIDENCE_INSUFFICIENT,true,SOURCE_RCSB_PDB_DIRECT,1KEQ:covale6,source_annotations.covalent_event,covalent bond,false,SUPPORTING_TRIAGE_EVIDENCE_ONLY,,"[""6d05249c83ad24589fd4280c2a8e5665d839cf8ee6c33b5ea0949b40fbe04220"",""dbe086497d6d592f9768a6e99951fb56f404dca37e93f3b35eca6741988ad876""]",data/derived/covalent_small/covapie_bulk_cys_sg_dataset_expansion_v1/bulk_pilot_v1/cross_source_canonical_event_manifest_v1.json,d3f35987af92fca669b85d62a86914c7a01bf35d867c4a779e7fc08e76445dae,false,NO_SPECIALIST_REACTION_FIELD; HUMAN REVIEW REQUIRED
COVAPIE_CYS_SG_EVENT_V1:1KWO:A:CYS:693-:SG:F:PDM:CP9,TASK_RELEVANCE_HUMAN_REVIEW_REQUIRED,true,SOURCE_COVBINDERINPDB,CBR003364,source_annotations.covalent_event,curated residue-binder reaction record,false,SUPPORTING_TRIAGE_EVIDENCE_ONLY,c039f9d5010a5957f696533402948cbc010dccba13f62bfe0f38d1365332553a,"[""529ad6303fb044ae85e2c5dc37845c722f2a65715a19a504426f3c03a44e2aaf"",""c039f9d5010a5957f696533402948cbc010dccba13f62bfe0f38d1365332553a""]",data/derived/covalent_small/covapie_bulk_cys_sg_dataset_expansion_v1/bulk_pilot_v1/cross_source_canonical_event_manifest_v1.json,d3f35987af92fca669b85d62a86914c7a01bf35d867c4a779e7fc08e76445dae,false,SPECIALIST_REACTION_FIELD_NOT_MACHINE_DISPOSITIVE; HUMAN REVIEW REQUIRED
COVAPIE_CYS_SG_EVENT_V1:1KWO:A:CYS:693-:SG:F:PDM:CP9,TASK_RELEVANCE_HUMAN_REVIEW_REQUIRED,true,SOURCE_COVBINDERINPDB,CBR003364,source_annotations.reaction,linker,true,SUPPORTING_TRIAGE_EVIDENCE_ONLY,c039f9d5010a5957f696533402948cbc010dccba13f62bfe0f38d1365332553a,"[""529ad6303fb044ae85e2c5dc37845c722f2a65715a19a504426f3c03a44e2aaf"",""c039f9d5010a5957f696533402948cbc010dccba13f62bfe0f38d1365332553a""]",data/derived/covalent_small/covapie_bulk_cys_sg_dataset_expansion_v1/bulk_pilot_v1/cross_source_canonical_event_manifest_v1.json,d3f35987af92fca669b85d62a86914c7a01bf35d867c4a779e7fc08e76445dae,false,SPECIALIST_REACTION_FIELD_NOT_MACHINE_DISPOSITIVE; HUMAN REVIEW REQUIRED
COVAPIE_CYS_SG_EVENT_V1:1KWO:A:CYS:693-:SG:F:PDM:CP9,TASK_RELEVANCE_HUMAN_REVIEW_REQUIRED,true,SOURCE_COVBINDERINPDB,CBR003364,source_annotations.warhead,Acrylamide,false,SUPPORTING_TRIAGE_EVIDENCE_ONLY,c039f9d5010a5957f696533402948cbc010dccba13f62bfe0f38d1365332553a,"[""529ad6303fb044ae85e2c5dc37845c722f2a65715a19a504426f3c03a44e2aaf"",""c039f9d5010a5957f696533402948cbc010dccba13f62bfe0f38d1365332553a""]",data/derived/covalent_small/covapie_bulk_cys_sg_dataset_expansion_v1/bulk_pilot_v1/cross_source_canonical_event_manifest_v1.json,d3f35987af92fca669b85d62a86914c7a01bf35d867c4a779e7fc08e76445dae,false,SPECIALIST_REACTION_FIELD_NOT_MACHINE_DISPOSITIVE; HUMAN REVIEW REQUIRED
COVAPIE_CYS_SG_EVENT_V1:1KWO:A:CYS:693-:SG:F:PDM:CP9,TASK_RELEVANCE_HUMAN_REVIEW_REQUIRED,true,SOURCE_RCSB_PDB_DIRECT,1KWO:covale1,source_annotations.covalent_event,covalent bond,false,SUPPORTING_TRIAGE_EVIDENCE_ONLY,,"[""529ad6303fb044ae85e2c5dc37845c722f2a65715a19a504426f3c03a44e2aaf"",""c039f9d5010a5957f696533402948cbc010dccba13f62bfe0f38d1365332553a""]",data/derived/covalent_small/covapie_bulk_cys_sg_dataset_expansion_v1/bulk_pilot_v1/cross_source_canonical_event_manifest_v1.json,d3f35987af92fca669b85d62a86914c7a01bf35d867c4a779e7fc08e76445dae,false,SPECIALIST_REACTION_FIELD_NOT_MACHINE_DISPOSITIVE; HUMAN REVIEW REQUIRED
COVAPIE_CYS_SG_EVENT_V1:1KZI:A:CYS:146-:SG:F:UMP:C6,LIKELY_BIOCHEMICAL_OR_NON_TARGET_GENERATION_EVENT,true,SOURCE_COVBINDERINPDB,CBR003572,source_annotations.covalent_event,curated residue-binder reaction record,false,SUPPORTING_TRIAGE_EVIDENCE_ONLY,c039f9d5010a5957f696533402948cbc010dccba13f62bfe0f38d1365332553a,"[""6d05249c83ad24589fd4280c2a8e5665d839cf8ee6c33b5ea0949b40fbe04220"",""82024a09e608af3198f770e932d9900dd8d185f4ccc5a37c6e9edfff91944742"",""c039f9d5010a5957f696533402948cbc010dccba13f62bfe0f38d1365332553a""]",data/derived/covalent_small/covapie_bulk_cys_sg_dataset_expansion_v1/bulk_pilot_v1/cross_source_canonical_event_manifest_v1.json,d3f35987af92fca669b85d62a86914c7a01bf35d867c4a779e7fc08e76445dae,false,SPECIALIST_REACTION_FIELD_EQUALS_SUBSTRATE; LIKELY STATUS ONLY
COVAPIE_CYS_SG_EVENT_V1:1KZI:A:CYS:146-:SG:F:UMP:C6,LIKELY_BIOCHEMICAL_OR_NON_TARGET_GENERATION_EVENT,true,SOURCE_COVBINDERINPDB,CBR003572,source_annotations.reaction,substrate,true,SUPPORTING_TRIAGE_EVIDENCE_ONLY,c039f9d5010a5957f696533402948cbc010dccba13f62bfe0f38d1365332553a,"[""6d05249c83ad24589fd4280c2a8e5665d839cf8ee6c33b5ea0949b40fbe04220"",""82024a09e608af3198f770e932d9900dd8d185f4ccc5a37c6e9edfff91944742"",""c039f9d5010a5957f696533402948cbc010dccba13f62bfe0f38d1365332553a""]",data/derived/covalent_small/covapie_bulk_cys_sg_dataset_expansion_v1/bulk_pilot_v1/cross_source_canonical_event_manifest_v1.json,d3f35987af92fca669b85d62a86914c7a01bf35d867c4a779e7fc08e76445dae,false,SPECIALIST_REACTION_FIELD_EQUALS_SUBSTRATE; LIKELY STATUS ONLY
COVAPIE_CYS_SG_EVENT_V1:1KZI:A:CYS:146-:SG:F:UMP:C6,LIKELY_BIOCHEMICAL_OR_NON_TARGET_GENERATION_EVENT,true,SOURCE_COVBINDERINPDB,CBR003572,source_annotations.warhead,Uridine,false,SUPPORTING_TRIAGE_EVIDENCE_ONLY,c039f9d5010a5957f696533402948cbc010dccba13f62bfe0f38d1365332553a,"[""6d05249c83ad24589fd4280c2a8e5665d839cf8ee6c33b5ea0949b40fbe04220"",""82024a09e608af3198f770e932d9900dd8d185f4ccc5a37c6e9edfff91944742"",""c039f9d5010a5957f696533402948cbc010dccba13f62bfe0f38d1365332553a""]",data/derived/covalent_small/covapie_bulk_cys_sg_dataset_expansion_v1/bulk_pilot_v1/cross_source_canonical_event_manifest_v1.json,d3f35987af92fca669b85d62a86914c7a01bf35d867c4a779e7fc08e76445dae,false,SPECIALIST_REACTION_FIELD_EQUALS_SUBSTRATE; LIKELY STATUS ONLY
COVAPIE_CYS_SG_EVENT_V1:1KZI:A:CYS:146-:SG:F:UMP:C6,LIKELY_BIOCHEMICAL_OR_NON_TARGET_GENERATION_EVENT,true,SOURCE_COVPDB,CovPDB_complexes/1kzi/1kzi.pdb#LINK00472,source_annotations.covalent_event,explicit PDB LINK CYS-SG to ligand endpoint,false,SUPPORTING_TRIAGE_EVIDENCE_ONLY,6d05249c83ad24589fd4280c2a8e5665d839cf8ee6c33b5ea0949b40fbe04220,"[""6d05249c83ad24589fd4280c2a8e5665d839cf8ee6c33b5ea0949b40fbe04220"",""82024a09e608af3198f770e932d9900dd8d185f4ccc5a37c6e9edfff91944742"",""c039f9d5010a5957f696533402948cbc010dccba13f62bfe0f38d1365332553a""]",data/derived/covalent_small/covapie_bulk_cys_sg_dataset_expansion_v1/bulk_pilot_v1/cross_source_canonical_event_manifest_v1.json,d3f35987af92fca669b85d62a86914c7a01bf35d867c4a779e7fc08e76445dae,false,SPECIALIST_REACTION_FIELD_EQUALS_SUBSTRATE; LIKELY STATUS ONLY
COVAPIE_CYS_SG_EVENT_V1:1KZI:A:CYS:146-:SG:F:UMP:C6,LIKELY_BIOCHEMICAL_OR_NON_TARGET_GENERATION_EVENT,true,SOURCE_RCSB_PDB_DIRECT,1KZI:covale2,source_annotations.covalent_event,covalent bond,false,SUPPORTING_TRIAGE_EVIDENCE_ONLY,,"[""6d05249c83ad24589fd4280c2a8e5665d839cf8ee6c33b5ea0949b40fbe04220"",""82024a09e608af3198f770e932d9900dd8d185f4ccc5a37c6e9edfff91944742"",""c039f9d5010a5957f696533402948cbc010dccba13f62bfe0f38d1365332553a""]",data/derived/covalent_small/covapie_bulk_cys_sg_dataset_expansion_v1/bulk_pilot_v1/cross_source_canonical_event_manifest_v1.json,d3f35987af92fca669b85d62a86914c7a01bf35d867c4a779e7fc08e76445dae,false,SPECIALIST_REACTION_FIELD_EQUALS_SUBSTRATE; LIKELY STATUS ONLY
COVAPIE_CYS_SG_EVENT_V1:1KZI:A:CYS:192-:SG:H:DTU:S4,TASK_RELEVANCE_EVIDENCE_INSUFFICIENT,true,SOURCE_COVPDB,CovPDB_complexes/1kzi/1kzi.pdb#LINK00474,source_annotations.covalent_event,explicit PDB LINK CYS-SG to ligand endpoint,false,SUPPORTING_TRIAGE_EVIDENCE_ONLY,6d05249c83ad24589fd4280c2a8e5665d839cf8ee6c33b5ea0949b40fbe04220,"[""6d05249c83ad24589fd4280c2a8e5665d839cf8ee6c33b5ea0949b40fbe04220"",""82024a09e608af3198f770e932d9900dd8d185f4ccc5a37c6e9edfff91944742""]",data/derived/covalent_small/covapie_bulk_cys_sg_dataset_expansion_v1/bulk_pilot_v1/cross_source_canonical_event_manifest_v1.json,d3f35987af92fca669b85d62a86914c7a01bf35d867c4a779e7fc08e76445dae,false,NO_SPECIALIST_REACTION_FIELD; HUMAN REVIEW REQUIRED
COVAPIE_CYS_SG_EVENT_V1:1KZI:A:CYS:192-:SG:H:DTU:S4,TASK_RELEVANCE_EVIDENCE_INSUFFICIENT,true,SOURCE_RCSB_PDB_DIRECT,1KZI:covale3,source_annotations.covalent_event,covalent bond,false,SUPPORTING_TRIAGE_EVIDENCE_ONLY,,"[""6d05249c83ad24589fd4280c2a8e5665d839cf8ee6c33b5ea0949b40fbe04220"",""82024a09e608af3198f770e932d9900dd8d185f4ccc5a37c6e9edfff91944742""]",data/derived/covalent_small/covapie_bulk_cys_sg_dataset_expansion_v1/bulk_pilot_v1/cross_source_canonical_event_manifest_v1.json,d3f35987af92fca669b85d62a86914c7a01bf35d867c4a779e7fc08e76445dae,false,NO_SPECIALIST_REACTION_FIELD; HUMAN REVIEW REQUIRED
COVAPIE_CYS_SG_EVENT_V1:1KZI:B:CYS:146-:SG:J:UMP:C6,LIKELY_BIOCHEMICAL_OR_NON_TARGET_GENERATION_EVENT,true,SOURCE_COVBINDERINPDB,CBR003573,source_annotations.covalent_event,curated residue-binder reaction record,false,SUPPORTING_TRIAGE_EVIDENCE_ONLY,c039f9d5010a5957f696533402948cbc010dccba13f62bfe0f38d1365332553a,"[""6d05249c83ad24589fd4280c2a8e5665d839cf8ee6c33b5ea0949b40fbe04220"",""82024a09e608af3198f770e932d9900dd8d185f4ccc5a37c6e9edfff91944742"",""c039f9d5010a5957f696533402948cbc010dccba13f62bfe0f38d1365332553a""]",data/derived/covalent_small/covapie_bulk_cys_sg_dataset_expansion_v1/bulk_pilot_v1/cross_source_canonical_event_manifest_v1.json,d3f35987af92fca669b85d62a86914c7a01bf35d867c4a779e7fc08e76445dae,false,SPECIALIST_REACTION_FIELD_EQUALS_SUBSTRATE; LIKELY STATUS ONLY
COVAPIE_CYS_SG_EVENT_V1:1KZI:B:CYS:146-:SG:J:UMP:C6,LIKELY_BIOCHEMICAL_OR_NON_TARGET_GENERATION_EVENT,true,SOURCE_COVBINDERINPDB,CBR003573,source_annotations.reaction,substrate,true,SUPPORTING_TRIAGE_EVIDENCE_ONLY,c039f9d5010a5957f696533402948cbc010dccba13f62bfe0f38d1365332553a,"[""6d05249c83ad24589fd4280c2a8e5665d839cf8ee6c33b5ea0949b40fbe04220"",""82024a09e608af3198f770e932d9900dd8d185f4ccc5a37c6e9edfff91944742"",""c039f9d5010a5957f696533402948cbc010dccba13f62bfe0f38d1365332553a""]",data/derived/covalent_small/covapie_bulk_cys_sg_dataset_expansion_v1/bulk_pilot_v1/cross_source_canonical_event_manifest_v1.json,d3f35987af92fca669b85d62a86914c7a01bf35d867c4a779e7fc08e76445dae,false,SPECIALIST_REACTION_FIELD_EQUALS_SUBSTRATE; LIKELY STATUS ONLY
COVAPIE_CYS_SG_EVENT_V1:1KZI:B:CYS:146-:SG:J:UMP:C6,LIKELY_BIOCHEMICAL_OR_NON_TARGET_GENERATION_EVENT,true,SOURCE_COVBINDERINPDB,CBR003573,source_annotations.warhead,Uridine,false,SUPPORTING_TRIAGE_EVIDENCE_ONLY,c039f9d5010a5957f696533402948cbc010dccba13f62bfe0f38d1365332553a,"[""6d05249c83ad24589fd4280c2a8e5665d839cf8ee6c33b5ea0949b40fbe04220"",""82024a09e608af3198f770e932d9900dd8d185f4ccc5a37c6e9edfff91944742"",""c039f9d5010a5957f696533402948cbc010dccba13f62bfe0f38d1365332553a""]",data/derived/covalent_small/covapie_bulk_cys_sg_dataset_expansion_v1/bulk_pilot_v1/cross_source_canonical_event_manifest_v1.json,d3f35987af92fca669b85d62a86914c7a01bf35d867c4a779e7fc08e76445dae,false,SPECIALIST_REACTION_FIELD_EQUALS_SUBSTRATE; LIKELY STATUS ONLY
COVAPIE_CYS_SG_EVENT_V1:1KZI:B:CYS:146-:SG:J:UMP:C6,LIKELY_BIOCHEMICAL_OR_NON_TARGET_GENERATION_EVENT,true,SOURCE_COVPDB,CovPDB_complexes/1kzi/1kzi.pdb#LINK00473,source_annotations.covalent_event,explicit PDB LINK CYS-SG to ligand endpoint,false,SUPPORTING_TRIAGE_EVIDENCE_ONLY,6d05249c83ad24589fd4280c2a8e5665d839cf8ee6c33b5ea0949b40fbe04220,"[""6d05249c83ad24589fd4280c2a8e5665d839cf8ee6c33b5ea0949b40fbe04220"",""82024a09e608af3198f770e932d9900dd8d185f4ccc5a37c6e9edfff91944742"",""c039f9d5010a5957f696533402948cbc010dccba13f62bfe0f38d1365332553a""]",data/derived/covalent_small/covapie_bulk_cys_sg_dataset_expansion_v1/bulk_pilot_v1/cross_source_canonical_event_manifest_v1.json,d3f35987af92fca669b85d62a86914c7a01bf35d867c4a779e7fc08e76445dae,false,SPECIALIST_REACTION_FIELD_EQUALS_SUBSTRATE; LIKELY STATUS ONLY
COVAPIE_CYS_SG_EVENT_V1:1KZI:B:CYS:146-:SG:J:UMP:C6,LIKELY_BIOCHEMICAL_OR_NON_TARGET_GENERATION_EVENT,true,SOURCE_RCSB_PDB_DIRECT,1KZI:covale5,source_annotations.covalent_event,covalent bond,false,SUPPORTING_TRIAGE_EVIDENCE_ONLY,,"[""6d05249c83ad24589fd4280c2a8e5665d839cf8ee6c33b5ea0949b40fbe04220"",""82024a09e608af3198f770e932d9900dd8d185f4ccc5a37c6e9edfff91944742"",""c039f9d5010a5957f696533402948cbc010dccba13f62bfe0f38d1365332553a""]",data/derived/covalent_small/covapie_bulk_cys_sg_dataset_expansion_v1/bulk_pilot_v1/cross_source_canonical_event_manifest_v1.json,d3f35987af92fca669b85d62a86914c7a01bf35d867c4a779e7fc08e76445dae,false,SPECIALIST_REACTION_FIELD_EQUALS_SUBSTRATE; LIKELY STATUS ONLY
COVAPIE_CYS_SG_EVENT_V1:1KZJ:A:CYS:146-:SG:G:UMP:C6,LIKELY_BIOCHEMICAL_OR_NON_TARGET_GENERATION_EVENT,true,SOURCE_COVBINDERINPDB,CBR003574,source_annotations.covalent_event,curated residue-binder reaction record,false,SUPPORTING_TRIAGE_EVIDENCE_ONLY,c039f9d5010a5957f696533402948cbc010dccba13f62bfe0f38d1365332553a,"[""529ad6303fb044ae85e2c5dc37845c722f2a65715a19a504426f3c03a44e2aaf"",""c039f9d5010a5957f696533402948cbc010dccba13f62bfe0f38d1365332553a""]",data/derived/covalent_small/covapie_bulk_cys_sg_dataset_expansion_v1/bulk_pilot_v1/cross_source_canonical_event_manifest_v1.json,d3f35987af92fca669b85d62a86914c7a01bf35d867c4a779e7fc08e76445dae,false,SPECIALIST_REACTION_FIELD_EQUALS_SUBSTRATE; LIKELY STATUS ONLY
COVAPIE_CYS_SG_EVENT_V1:1KZJ:A:CYS:146-:SG:G:UMP:C6,LIKELY_BIOCHEMICAL_OR_NON_TARGET_GENERATION_EVENT,true,SOURCE_COVBINDERINPDB,CBR003574,source_annotations.reaction,substrate,true,SUPPORTING_TRIAGE_EVIDENCE_ONLY,c039f9d5010a5957f696533402948cbc010dccba13f62bfe0f38d1365332553a,"[""529ad6303fb044ae85e2c5dc37845c722f2a65715a19a504426f3c03a44e2aaf"",""c039f9d5010a5957f696533402948cbc010dccba13f62bfe0f38d1365332553a""]",data/derived/covalent_small/covapie_bulk_cys_sg_dataset_expansion_v1/bulk_pilot_v1/cross_source_canonical_event_manifest_v1.json,d3f35987af92fca669b85d62a86914c7a01bf35d867c4a779e7fc08e76445dae,false,SPECIALIST_REACTION_FIELD_EQUALS_SUBSTRATE; LIKELY STATUS ONLY
COVAPIE_CYS_SG_EVENT_V1:1KZJ:A:CYS:146-:SG:G:UMP:C6,LIKELY_BIOCHEMICAL_OR_NON_TARGET_GENERATION_EVENT,true,SOURCE_COVBINDERINPDB,CBR003574,source_annotations.warhead,Uridine,false,SUPPORTING_TRIAGE_EVIDENCE_ONLY,c039f9d5010a5957f696533402948cbc010dccba13f62bfe0f38d1365332553a,"[""529ad6303fb044ae85e2c5dc37845c722f2a65715a19a504426f3c03a44e2aaf"",""c039f9d5010a5957f696533402948cbc010dccba13f62bfe0f38d1365332553a""]",data/derived/covalent_small/covapie_bulk_cys_sg_dataset_expansion_v1/bulk_pilot_v1/cross_source_canonical_event_manifest_v1.json,d3f35987af92fca669b85d62a86914c7a01bf35d867c4a779e7fc08e76445dae,false,SPECIALIST_REACTION_FIELD_EQUALS_SUBSTRATE; LIKELY STATUS ONLY
COVAPIE_CYS_SG_EVENT_V1:1KZJ:A:CYS:146-:SG:G:UMP:C6,LIKELY_BIOCHEMICAL_OR_NON_TARGET_GENERATION_EVENT,true,SOURCE_RCSB_PDB_DIRECT,1KZJ:covale2,source_annotations.covalent_event,covalent bond,false,SUPPORTING_TRIAGE_EVIDENCE_ONLY,,"[""529ad6303fb044ae85e2c5dc37845c722f2a65715a19a504426f3c03a44e2aaf"",""c039f9d5010a5957f696533402948cbc010dccba13f62bfe0f38d1365332553a""]",data/derived/covalent_small/covapie_bulk_cys_sg_dataset_expansion_v1/bulk_pilot_v1/cross_source_canonical_event_manifest_v1.json,d3f35987af92fca669b85d62a86914c7a01bf35d867c4a779e7fc08e76445dae,false,SPECIALIST_REACTION_FIELD_EQUALS_SUBSTRATE; LIKELY STATUS ONLY
COVAPIE_CYS_SG_EVENT_V1:1KZJ:B:CYS:146-:SG:I:UMP:C6,LIKELY_BIOCHEMICAL_OR_NON_TARGET_GENERATION_EVENT,true,SOURCE_COVBINDERINPDB,CBR003575,source_annotations.covalent_event,curated residue-binder reaction record,false,SUPPORTING_TRIAGE_EVIDENCE_ONLY,c039f9d5010a5957f696533402948cbc010dccba13f62bfe0f38d1365332553a,"[""529ad6303fb044ae85e2c5dc37845c722f2a65715a19a504426f3c03a44e2aaf"",""c039f9d5010a5957f696533402948cbc010dccba13f62bfe0f38d1365332553a""]",data/derived/covalent_small/covapie_bulk_cys_sg_dataset_expansion_v1/bulk_pilot_v1/cross_source_canonical_event_manifest_v1.json,d3f35987af92fca669b85d62a86914c7a01bf35d867c4a779e7fc08e76445dae,false,SPECIALIST_REACTION_FIELD_EQUALS_SUBSTRATE; LIKELY STATUS ONLY
COVAPIE_CYS_SG_EVENT_V1:1KZJ:B:CYS:146-:SG:I:UMP:C6,LIKELY_BIOCHEMICAL_OR_NON_TARGET_GENERATION_EVENT,true,SOURCE_COVBINDERINPDB,CBR003575,source_annotations.reaction,substrate,true,SUPPORTING_TRIAGE_EVIDENCE_ONLY,c039f9d5010a5957f696533402948cbc010dccba13f62bfe0f38d1365332553a,"[""529ad6303fb044ae85e2c5dc37845c722f2a65715a19a504426f3c03a44e2aaf"",""c039f9d5010a5957f696533402948cbc010dccba13f62bfe0f38d1365332553a""]",data/derived/covalent_small/covapie_bulk_cys_sg_dataset_expansion_v1/bulk_pilot_v1/cross_source_canonical_event_manifest_v1.json,d3f35987af92fca669b85d62a86914c7a01bf35d867c4a779e7fc08e76445dae,false,SPECIALIST_REACTION_FIELD_EQUALS_SUBSTRATE; LIKELY STATUS ONLY
COVAPIE_CYS_SG_EVENT_V1:1KZJ:B:CYS:146-:SG:I:UMP:C6,LIKELY_BIOCHEMICAL_OR_NON_TARGET_GENERATION_EVENT,true,SOURCE_COVBINDERINPDB,CBR003575,source_annotations.warhead,Uridine,false,SUPPORTING_TRIAGE_EVIDENCE_ONLY,c039f9d5010a5957f696533402948cbc010dccba13f62bfe0f38d1365332553a,"[""529ad6303fb044ae85e2c5dc37845c722f2a65715a19a504426f3c03a44e2aaf"",""c039f9d5010a5957f696533402948cbc010dccba13f62bfe0f38d1365332553a""]",data/derived/covalent_small/covapie_bulk_cys_sg_dataset_expansion_v1/bulk_pilot_v1/cross_source_canonical_event_manifest_v1.json,d3f35987af92fca669b85d62a86914c7a01bf35d867c4a779e7fc08e76445dae,false,SPECIALIST_REACTION_FIELD_EQUALS_SUBSTRATE; LIKELY STATUS ONLY
COVAPIE_CYS_SG_EVENT_V1:1KZJ:B:CYS:146-:SG:I:UMP:C6,LIKELY_BIOCHEMICAL_OR_NON_TARGET_GENERATION_EVENT,true,SOURCE_RCSB_PDB_DIRECT,1KZJ:covale4,source_annotations.covalent_event,covalent bond,false,SUPPORTING_TRIAGE_EVIDENCE_ONLY,,"[""529ad6303fb044ae85e2c5dc37845c722f2a65715a19a504426f3c03a44e2aaf"",""c039f9d5010a5957f696533402948cbc010dccba13f62bfe0f38d1365332553a""]",data/derived/covalent_small/covapie_bulk_cys_sg_dataset_expansion_v1/bulk_pilot_v1/cross_source_canonical_event_manifest_v1.json,d3f35987af92fca669b85d62a86914c7a01bf35d867c4a779e7fc08e76445dae,false,SPECIALIST_REACTION_FIELD_EQUALS_SUBSTRATE; LIKELY STATUS ONLY
COVAPIE_CYS_SG_EVENT_V1:1KZJ:C:CYS:146-:SG:K:UMP:C6,LIKELY_BIOCHEMICAL_OR_NON_TARGET_GENERATION_EVENT,true,SOURCE_COVBINDERINPDB,CBR003576,source_annotations.covalent_event,curated residue-binder reaction record,false,SUPPORTING_TRIAGE_EVIDENCE_ONLY,c039f9d5010a5957f696533402948cbc010dccba13f62bfe0f38d1365332553a,"[""529ad6303fb044ae85e2c5dc37845c722f2a65715a19a504426f3c03a44e2aaf"",""c039f9d5010a5957f696533402948cbc010dccba13f62bfe0f38d1365332553a""]",data/derived/covalent_small/covapie_bulk_cys_sg_dataset_expansion_v1/bulk_pilot_v1/cross_source_canonical_event_manifest_v1.json,d3f35987af92fca669b85d62a86914c7a01bf35d867c4a779e7fc08e76445dae,false,SPECIALIST_REACTION_FIELD_EQUALS_SUBSTRATE; LIKELY STATUS ONLY
COVAPIE_CYS_SG_EVENT_V1:1KZJ:C:CYS:146-:SG:K:UMP:C6,LIKELY_BIOCHEMICAL_OR_NON_TARGET_GENERATION_EVENT,true,SOURCE_COVBINDERINPDB,CBR003576,source_annotations.reaction,substrate,true,SUPPORTING_TRIAGE_EVIDENCE_ONLY,c039f9d5010a5957f696533402948cbc010dccba13f62bfe0f38d1365332553a,"[""529ad6303fb044ae85e2c5dc37845c722f2a65715a19a504426f3c03a44e2aaf"",""c039f9d5010a5957f696533402948cbc010dccba13f62bfe0f38d1365332553a""]",data/derived/covalent_small/covapie_bulk_cys_sg_dataset_expansion_v1/bulk_pilot_v1/cross_source_canonical_event_manifest_v1.json,d3f35987af92fca669b85d62a86914c7a01bf35d867c4a779e7fc08e76445dae,false,SPECIALIST_REACTION_FIELD_EQUALS_SUBSTRATE; LIKELY STATUS ONLY
COVAPIE_CYS_SG_EVENT_V1:1KZJ:C:CYS:146-:SG:K:UMP:C6,LIKELY_BIOCHEMICAL_OR_NON_TARGET_GENERATION_EVENT,true,SOURCE_COVBINDERINPDB,CBR003576,source_annotations.warhead,Uridine,false,SUPPORTING_TRIAGE_EVIDENCE_ONLY,c039f9d5010a5957f696533402948cbc010dccba13f62bfe0f38d1365332553a,"[""529ad6303fb044ae85e2c5dc37845c722f2a65715a19a504426f3c03a44e2aaf"",""c039f9d5010a5957f696533402948cbc010dccba13f62bfe0f38d1365332553a""]",data/derived/covalent_small/covapie_bulk_cys_sg_dataset_expansion_v1/bulk_pilot_v1/cross_source_canonical_event_manifest_v1.json,d3f35987af92fca669b85d62a86914c7a01bf35d867c4a779e7fc08e76445dae,false,SPECIALIST_REACTION_FIELD_EQUALS_SUBSTRATE; LIKELY STATUS ONLY
COVAPIE_CYS_SG_EVENT_V1:1KZJ:C:CYS:146-:SG:K:UMP:C6,LIKELY_BIOCHEMICAL_OR_NON_TARGET_GENERATION_EVENT,true,SOURCE_RCSB_PDB_DIRECT,1KZJ:covale6,source_annotations.covalent_event,covalent bond,false,SUPPORTING_TRIAGE_EVIDENCE_ONLY,,"[""529ad6303fb044ae85e2c5dc37845c722f2a65715a19a504426f3c03a44e2aaf"",""c039f9d5010a5957f696533402948cbc010dccba13f62bfe0f38d1365332553a""]",data/derived/covalent_small/covapie_bulk_cys_sg_dataset_expansion_v1/bulk_pilot_v1/cross_source_canonical_event_manifest_v1.json,d3f35987af92fca669b85d62a86914c7a01bf35d867c4a779e7fc08e76445dae,false,SPECIALIST_REACTION_FIELD_EQUALS_SUBSTRATE; LIKELY STATUS ONLY
COVAPIE_CYS_SG_EVENT_V1:1KZJ:F:CYS:146-:SG:Q:UMP:C6,LIKELY_BIOCHEMICAL_OR_NON_TARGET_GENERATION_EVENT,true,SOURCE_COVBINDERINPDB,CBR003577,source_annotations.covalent_event,curated residue-binder reaction record,false,SUPPORTING_TRIAGE_EVIDENCE_ONLY,c039f9d5010a5957f696533402948cbc010dccba13f62bfe0f38d1365332553a,"[""529ad6303fb044ae85e2c5dc37845c722f2a65715a19a504426f3c03a44e2aaf"",""c039f9d5010a5957f696533402948cbc010dccba13f62bfe0f38d1365332553a""]",data/derived/covalent_small/covapie_bulk_cys_sg_dataset_expansion_v1/bulk_pilot_v1/cross_source_canonical_event_manifest_v1.json,d3f35987af92fca669b85d62a86914c7a01bf35d867c4a779e7fc08e76445dae,false,SPECIALIST_REACTION_FIELD_EQUALS_SUBSTRATE; LIKELY STATUS ONLY
COVAPIE_CYS_SG_EVENT_V1:1KZJ:F:CYS:146-:SG:Q:UMP:C6,LIKELY_BIOCHEMICAL_OR_NON_TARGET_GENERATION_EVENT,true,SOURCE_COVBINDERINPDB,CBR003577,source_annotations.reaction,substrate,true,SUPPORTING_TRIAGE_EVIDENCE_ONLY,c039f9d5010a5957f696533402948cbc010dccba13f62bfe0f38d1365332553a,"[""529ad6303fb044ae85e2c5dc37845c722f2a65715a19a504426f3c03a44e2aaf"",""c039f9d5010a5957f696533402948cbc010dccba13f62bfe0f38d1365332553a""]",data/derived/covalent_small/covapie_bulk_cys_sg_dataset_expansion_v1/bulk_pilot_v1/cross_source_canonical_event_manifest_v1.json,d3f35987af92fca669b85d62a86914c7a01bf35d867c4a779e7fc08e76445dae,false,SPECIALIST_REACTION_FIELD_EQUALS_SUBSTRATE; LIKELY STATUS ONLY
COVAPIE_CYS_SG_EVENT_V1:1KZJ:F:CYS:146-:SG:Q:UMP:C6,LIKELY_BIOCHEMICAL_OR_NON_TARGET_GENERATION_EVENT,true,SOURCE_COVBINDERINPDB,CBR003577,source_annotations.warhead,Uridine,false,SUPPORTING_TRIAGE_EVIDENCE_ONLY,c039f9d5010a5957f696533402948cbc010dccba13f62bfe0f38d1365332553a,"[""529ad6303fb044ae85e2c5dc37845c722f2a65715a19a504426f3c03a44e2aaf"",""c039f9d5010a5957f696533402948cbc010dccba13f62bfe0f38d1365332553a""]",data/derived/covalent_small/covapie_bulk_cys_sg_dataset_expansion_v1/bulk_pilot_v1/cross_source_canonical_event_manifest_v1.json,d3f35987af92fca669b85d62a86914c7a01bf35d867c4a779e7fc08e76445dae,false,SPECIALIST_REACTION_FIELD_EQUALS_SUBSTRATE; LIKELY STATUS ONLY
COVAPIE_CYS_SG_EVENT_V1:1KZJ:F:CYS:146-:SG:Q:UMP:C6,LIKELY_BIOCHEMICAL_OR_NON_TARGET_GENERATION_EVENT,true,SOURCE_RCSB_PDB_DIRECT,1KZJ:covale10,source_annotations.covalent_event,covalent bond,false,SUPPORTING_TRIAGE_EVIDENCE_ONLY,,"[""529ad6303fb044ae85e2c5dc37845c722f2a65715a19a504426f3c03a44e2aaf"",""c039f9d5010a5957f696533402948cbc010dccba13f62bfe0f38d1365332553a""]",data/derived/covalent_small/covapie_bulk_cys_sg_dataset_expansion_v1/bulk_pilot_v1/cross_source_canonical_event_manifest_v1.json,d3f35987af92fca669b85d62a86914c7a01bf35d867c4a779e7fc08e76445dae,false,SPECIALIST_REACTION_FIELD_EQUALS_SUBSTRATE; LIKELY STATUS ONLY
COVAPIE_CYS_SG_EVENT_V1:1LXY:A:CYS:398-:SG:C:CIR:C7,LIKELY_BIOCHEMICAL_OR_NON_TARGET_GENERATION_EVENT,true,SOURCE_COVBINDERINPDB,CBR000199,source_annotations.covalent_event,curated residue-binder reaction record,false,SUPPORTING_TRIAGE_EVIDENCE_ONLY,c039f9d5010a5957f696533402948cbc010dccba13f62bfe0f38d1365332553a,"[""6d05249c83ad24589fd4280c2a8e5665d839cf8ee6c33b5ea0949b40fbe04220"",""82024a09e608af3198f770e932d9900dd8d185f4ccc5a37c6e9edfff91944742"",""c039f9d5010a5957f696533402948cbc010dccba13f62bfe0f38d1365332553a""]",data/derived/covalent_small/covapie_bulk_cys_sg_dataset_expansion_v1/bulk_pilot_v1/cross_source_canonical_event_manifest_v1.json,d3f35987af92fca669b85d62a86914c7a01bf35d867c4a779e7fc08e76445dae,false,SPECIALIST_REACTION_FIELD_EQUALS_SUBSTRATE; LIKELY STATUS ONLY
COVAPIE_CYS_SG_EVENT_V1:1LXY:A:CYS:398-:SG:C:CIR:C7,LIKELY_BIOCHEMICAL_OR_NON_TARGET_GENERATION_EVENT,true,SOURCE_COVBINDERINPDB,CBR000199,source_annotations.reaction,substrate,true,SUPPORTING_TRIAGE_EVIDENCE_ONLY,c039f9d5010a5957f696533402948cbc010dccba13f62bfe0f38d1365332553a,"[""6d05249c83ad24589fd4280c2a8e5665d839cf8ee6c33b5ea0949b40fbe04220"",""82024a09e608af3198f770e932d9900dd8d185f4ccc5a37c6e9edfff91944742"",""c039f9d5010a5957f696533402948cbc010dccba13f62bfe0f38d1365332553a""]",data/derived/covalent_small/covapie_bulk_cys_sg_dataset_expansion_v1/bulk_pilot_v1/cross_source_canonical_event_manifest_v1.json,d3f35987af92fca669b85d62a86914c7a01bf35d867c4a779e7fc08e76445dae,false,SPECIALIST_REACTION_FIELD_EQUALS_SUBSTRATE; LIKELY STATUS ONLY
COVAPIE_CYS_SG_EVENT_V1:1LXY:A:CYS:398-:SG:C:CIR:C7,LIKELY_BIOCHEMICAL_OR_NON_TARGET_GENERATION_EVENT,true,SOURCE_COVBINDERINPDB,CBR000199,source_annotations.warhead,Unclassified,false,SUPPORTING_TRIAGE_EVIDENCE_ONLY,c039f9d5010a5957f696533402948cbc010dccba13f62bfe0f38d1365332553a,"[""6d05249c83ad24589fd4280c2a8e5665d839cf8ee6c33b5ea0949b40fbe04220"",""82024a09e608af3198f770e932d9900dd8d185f4ccc5a37c6e9edfff91944742"",""c039f9d5010a5957f696533402948cbc010dccba13f62bfe0f38d1365332553a""]",data/derived/covalent_small/covapie_bulk_cys_sg_dataset_expansion_v1/bulk_pilot_v1/cross_source_canonical_event_manifest_v1.json,d3f35987af92fca669b85d62a86914c7a01bf35d867c4a779e7fc08e76445dae,false,SPECIALIST_REACTION_FIELD_EQUALS_SUBSTRATE; LIKELY STATUS ONLY
COVAPIE_CYS_SG_EVENT_V1:1LXY:A:CYS:398-:SG:C:CIR:C7,LIKELY_BIOCHEMICAL_OR_NON_TARGET_GENERATION_EVENT,true,SOURCE_COVPDB,CovPDB_complexes/1lxy/1lxy.pdb#LINK00445,source_annotations.covalent_event,explicit PDB LINK CYS-SG to ligand endpoint,false,SUPPORTING_TRIAGE_EVIDENCE_ONLY,6d05249c83ad24589fd4280c2a8e5665d839cf8ee6c33b5ea0949b40fbe04220,"[""6d05249c83ad24589fd4280c2a8e5665d839cf8ee6c33b5ea0949b40fbe04220"",""82024a09e608af3198f770e932d9900dd8d185f4ccc5a37c6e9edfff91944742"",""c039f9d5010a5957f696533402948cbc010dccba13f62bfe0f38d1365332553a""]",data/derived/covalent_small/covapie_bulk_cys_sg_dataset_expansion_v1/bulk_pilot_v1/cross_source_canonical_event_manifest_v1.json,d3f35987af92fca669b85d62a86914c7a01bf35d867c4a779e7fc08e76445dae,false,SPECIALIST_REACTION_FIELD_EQUALS_SUBSTRATE; LIKELY STATUS ONLY
COVAPIE_CYS_SG_EVENT_V1:1LXY:A:CYS:398-:SG:C:CIR:C7,LIKELY_BIOCHEMICAL_OR_NON_TARGET_GENERATION_EVENT,true,SOURCE_RCSB_PDB_DIRECT,1LXY:covale1,source_annotations.covalent_event,covalent bond,false,SUPPORTING_TRIAGE_EVIDENCE_ONLY,,"[""6d05249c83ad24589fd4280c2a8e5665d839cf8ee6c33b5ea0949b40fbe04220"",""82024a09e608af3198f770e932d9900dd8d185f4ccc5a37c6e9edfff91944742"",""c039f9d5010a5957f696533402948cbc010dccba13f62bfe0f38d1365332553a""]",data/derived/covalent_small/covapie_bulk_cys_sg_dataset_expansion_v1/bulk_pilot_v1/cross_source_canonical_event_manifest_v1.json,d3f35987af92fca669b85d62a86914c7a01bf35d867c4a779e7fc08e76445dae,false,SPECIALIST_REACTION_FIELD_EQUALS_SUBSTRATE; LIKELY STATUS ONLY
COVAPIE_CYS_SG_EVENT_V1:1LXY:B:CYS:398-:SG:E:CIR:C7,LIKELY_BIOCHEMICAL_OR_NON_TARGET_GENERATION_EVENT,true,SOURCE_COVBINDERINPDB,CBR000200,source_annotations.covalent_event,curated residue-binder reaction record,false,SUPPORTING_TRIAGE_EVIDENCE_ONLY,c039f9d5010a5957f696533402948cbc010dccba13f62bfe0f38d1365332553a,"[""6d05249c83ad24589fd4280c2a8e5665d839cf8ee6c33b5ea0949b40fbe04220"",""82024a09e608af3198f770e932d9900dd8d185f4ccc5a37c6e9edfff91944742"",""c039f9d5010a5957f696533402948cbc010dccba13f62bfe0f38d1365332553a""]",data/derived/covalent_small/covapie_bulk_cys_sg_dataset_expansion_v1/bulk_pilot_v1/cross_source_canonical_event_manifest_v1.json,d3f35987af92fca669b85d62a86914c7a01bf35d867c4a779e7fc08e76445dae,false,SPECIALIST_REACTION_FIELD_EQUALS_SUBSTRATE; LIKELY STATUS ONLY
COVAPIE_CYS_SG_EVENT_V1:1LXY:B:CYS:398-:SG:E:CIR:C7,LIKELY_BIOCHEMICAL_OR_NON_TARGET_GENERATION_EVENT,true,SOURCE_COVBINDERINPDB,CBR000200,source_annotations.reaction,substrate,true,SUPPORTING_TRIAGE_EVIDENCE_ONLY,c039f9d5010a5957f696533402948cbc010dccba13f62bfe0f38d1365332553a,"[""6d05249c83ad24589fd4280c2a8e5665d839cf8ee6c33b5ea0949b40fbe04220"",""82024a09e608af3198f770e932d9900dd8d185f4ccc5a37c6e9edfff91944742"",""c039f9d5010a5957f696533402948cbc010dccba13f62bfe0f38d1365332553a""]",data/derived/covalent_small/covapie_bulk_cys_sg_dataset_expansion_v1/bulk_pilot_v1/cross_source_canonical_event_manifest_v1.json,d3f35987af92fca669b85d62a86914c7a01bf35d867c4a779e7fc08e76445dae,false,SPECIALIST_REACTION_FIELD_EQUALS_SUBSTRATE; LIKELY STATUS ONLY
COVAPIE_CYS_SG_EVENT_V1:1LXY:B:CYS:398-:SG:E:CIR:C7,LIKELY_BIOCHEMICAL_OR_NON_TARGET_GENERATION_EVENT,true,SOURCE_COVBINDERINPDB,CBR000200,source_annotations.warhead,Unclassified,false,SUPPORTING_TRIAGE_EVIDENCE_ONLY,c039f9d5010a5957f696533402948cbc010dccba13f62bfe0f38d1365332553a,"[""6d05249c83ad24589fd4280c2a8e5665d839cf8ee6c33b5ea0949b40fbe04220"",""82024a09e608af3198f770e932d9900dd8d185f4ccc5a37c6e9edfff91944742"",""c039f9d5010a5957f696533402948cbc010dccba13f62bfe0f38d1365332553a""]",data/derived/covalent_small/covapie_bulk_cys_sg_dataset_expansion_v1/bulk_pilot_v1/cross_source_canonical_event_manifest_v1.json,d3f35987af92fca669b85d62a86914c7a01bf35d867c4a779e7fc08e76445dae,false,SPECIALIST_REACTION_FIELD_EQUALS_SUBSTRATE; LIKELY STATUS ONLY
COVAPIE_CYS_SG_EVENT_V1:1LXY:B:CYS:398-:SG:E:CIR:C7,LIKELY_BIOCHEMICAL_OR_NON_TARGET_GENERATION_EVENT,true,SOURCE_COVPDB,CovPDB_complexes/1lxy/1lxy.pdb#LINK00446,source_annotations.covalent_event,explicit PDB LINK CYS-SG to ligand endpoint,false,SUPPORTING_TRIAGE_EVIDENCE_ONLY,6d05249c83ad24589fd4280c2a8e5665d839cf8ee6c33b5ea0949b40fbe04220,"[""6d05249c83ad24589fd4280c2a8e5665d839cf8ee6c33b5ea0949b40fbe04220"",""82024a09e608af3198f770e932d9900dd8d185f4ccc5a37c6e9edfff91944742"",""c039f9d5010a5957f696533402948cbc010dccba13f62bfe0f38d1365332553a""]",data/derived/covalent_small/covapie_bulk_cys_sg_dataset_expansion_v1/bulk_pilot_v1/cross_source_canonical_event_manifest_v1.json,d3f35987af92fca669b85d62a86914c7a01bf35d867c4a779e7fc08e76445dae,false,SPECIALIST_REACTION_FIELD_EQUALS_SUBSTRATE; LIKELY STATUS ONLY
COVAPIE_CYS_SG_EVENT_V1:1LXY:B:CYS:398-:SG:E:CIR:C7,LIKELY_BIOCHEMICAL_OR_NON_TARGET_GENERATION_EVENT,true,SOURCE_RCSB_PDB_DIRECT,1LXY:covale2,source_annotations.covalent_event,covalent bond,false,SUPPORTING_TRIAGE_EVIDENCE_ONLY,,"[""6d05249c83ad24589fd4280c2a8e5665d839cf8ee6c33b5ea0949b40fbe04220"",""82024a09e608af3198f770e932d9900dd8d185f4ccc5a37c6e9edfff91944742"",""c039f9d5010a5957f696533402948cbc010dccba13f62bfe0f38d1365332553a""]",data/derived/covalent_small/covapie_bulk_cys_sg_dataset_expansion_v1/bulk_pilot_v1/cross_source_canonical_event_manifest_v1.json,d3f35987af92fca669b85d62a86914c7a01bf35d867c4a779e7fc08e76445dae,false,SPECIALIST_REACTION_FIELD_EQUALS_SUBSTRATE; LIKELY STATUS ONLY
COVAPIE_CYS_SG_EVENT_V1:1ML3:B:CYS:166-:SG:F:CYX:C1,COVALENT_SMALL_MOLECULE_TASK_RELEVANCE_SUPPORTED,true,SOURCE_COVBINDERINPDB,CBR004018,source_annotations.covalent_event,curated residue-binder reaction record,false,SUPPORTING_TRIAGE_EVIDENCE_ONLY,c039f9d5010a5957f696533402948cbc010dccba13f62bfe0f38d1365332553a,"[""6d05249c83ad24589fd4280c2a8e5665d839cf8ee6c33b5ea0949b40fbe04220"",""82024a09e608af3198f770e932d9900dd8d185f4ccc5a37c6e9edfff91944742"",""c039f9d5010a5957f696533402948cbc010dccba13f62bfe0f38d1365332553a""]",data/derived/covalent_small/covapie_bulk_cys_sg_dataset_expansion_v1/bulk_pilot_v1/cross_source_canonical_event_manifest_v1.json,d3f35987af92fca669b85d62a86914c7a01bf35d867c4a779e7fc08e76445dae,false,SPECIALIST_REACTION_FIELD_IN_EXACT_SUPPORTING_VOCABULARY
COVAPIE_CYS_SG_EVENT_V1:1ML3:B:CYS:166-:SG:F:CYX:C1,COVALENT_SMALL_MOLECULE_TASK_RELEVANCE_SUPPORTED,true,SOURCE_COVBINDERINPDB,CBR004018,source_annotations.reaction,inhibitor,true,SUPPORTING_TRIAGE_EVIDENCE_ONLY,c039f9d5010a5957f696533402948cbc010dccba13f62bfe0f38d1365332553a,"[""6d05249c83ad24589fd4280c2a8e5665d839cf8ee6c33b5ea0949b40fbe04220"",""82024a09e608af3198f770e932d9900dd8d185f4ccc5a37c6e9edfff91944742"",""c039f9d5010a5957f696533402948cbc010dccba13f62bfe0f38d1365332553a""]",data/derived/covalent_small/covapie_bulk_cys_sg_dataset_expansion_v1/bulk_pilot_v1/cross_source_canonical_event_manifest_v1.json,d3f35987af92fca669b85d62a86914c7a01bf35d867c4a779e7fc08e76445dae,false,SPECIALIST_REACTION_FIELD_IN_EXACT_SUPPORTING_VOCABULARY
COVAPIE_CYS_SG_EVENT_V1:1ML3:B:CYS:166-:SG:F:CYX:C1,COVALENT_SMALL_MOLECULE_TASK_RELEVANCE_SUPPORTED,true,SOURCE_COVBINDERINPDB,CBR004018,source_annotations.warhead,Ester,false,SUPPORTING_TRIAGE_EVIDENCE_ONLY,c039f9d5010a5957f696533402948cbc010dccba13f62bfe0f38d1365332553a,"[""6d05249c83ad24589fd4280c2a8e5665d839cf8ee6c33b5ea0949b40fbe04220"",""82024a09e608af3198f770e932d9900dd8d185f4ccc5a37c6e9edfff91944742"",""c039f9d5010a5957f696533402948cbc010dccba13f62bfe0f38d1365332553a""]",data/derived/covalent_small/covapie_bulk_cys_sg_dataset_expansion_v1/bulk_pilot_v1/cross_source_canonical_event_manifest_v1.json,d3f35987af92fca669b85d62a86914c7a01bf35d867c4a779e7fc08e76445dae,false,SPECIALIST_REACTION_FIELD_IN_EXACT_SUPPORTING_VOCABULARY
COVAPIE_CYS_SG_EVENT_V1:1ML3:B:CYS:166-:SG:F:CYX:C1,COVALENT_SMALL_MOLECULE_TASK_RELEVANCE_SUPPORTED,true,SOURCE_COVPDB,CovPDB_complexes/1ml3/1ml3.pdb#LINK00726,source_annotations.covalent_event,explicit PDB LINK CYS-SG to ligand endpoint,false,SUPPORTING_TRIAGE_EVIDENCE_ONLY,6d05249c83ad24589fd4280c2a8e5665d839cf8ee6c33b5ea0949b40fbe04220,"[""6d05249c83ad24589fd4280c2a8e5665d839cf8ee6c33b5ea0949b40fbe04220"",""82024a09e608af3198f770e932d9900dd8d185f4ccc5a37c6e9edfff91944742"",""c039f9d5010a5957f696533402948cbc010dccba13f62bfe0f38d1365332553a""]",data/derived/covalent_small/covapie_bulk_cys_sg_dataset_expansion_v1/bulk_pilot_v1/cross_source_canonical_event_manifest_v1.json,d3f35987af92fca669b85d62a86914c7a01bf35d867c4a779e7fc08e76445dae,false,SPECIALIST_REACTION_FIELD_IN_EXACT_SUPPORTING_VOCABULARY
COVAPIE_CYS_SG_EVENT_V1:1ML3:B:CYS:166-:SG:F:CYX:C1,COVALENT_SMALL_MOLECULE_TASK_RELEVANCE_SUPPORTED,true,SOURCE_COVPDB,CovPDB_complexes/1ml3/1ml3.pdb#LINK00727,source_annotations.covalent_event,explicit PDB LINK CYS-SG to ligand endpoint,false,SUPPORTING_TRIAGE_EVIDENCE_ONLY,6d05249c83ad24589fd4280c2a8e5665d839cf8ee6c33b5ea0949b40fbe04220,"[""6d05249c83ad24589fd4280c2a8e5665d839cf8ee6c33b5ea0949b40fbe04220"",""82024a09e608af3198f770e932d9900dd8d185f4ccc5a37c6e9edfff91944742"",""c039f9d5010a5957f696533402948cbc010dccba13f62bfe0f38d1365332553a""]",data/derived/covalent_small/covapie_bulk_cys_sg_dataset_expansion_v1/bulk_pilot_v1/cross_source_canonical_event_manifest_v1.json,d3f35987af92fca669b85d62a86914c7a01bf35d867c4a779e7fc08e76445dae,false,SPECIALIST_REACTION_FIELD_IN_EXACT_SUPPORTING_VOCABULARY
COVAPIE_CYS_SG_EVENT_V1:1ML3:B:CYS:166-:SG:F:CYX:C1,COVALENT_SMALL_MOLECULE_TASK_RELEVANCE_SUPPORTED,true,SOURCE_RCSB_PDB_DIRECT,1ML3:covale2,source_annotations.covalent_event,covalent bond,false,SUPPORTING_TRIAGE_EVIDENCE_ONLY,,"[""6d05249c83ad24589fd4280c2a8e5665d839cf8ee6c33b5ea0949b40fbe04220"",""82024a09e608af3198f770e932d9900dd8d185f4ccc5a37c6e9edfff91944742"",""c039f9d5010a5957f696533402948cbc010dccba13f62bfe0f38d1365332553a""]",data/derived/covalent_small/covapie_bulk_cys_sg_dataset_expansion_v1/bulk_pilot_v1/cross_source_canonical_event_manifest_v1.json,d3f35987af92fca669b85d62a86914c7a01bf35d867c4a779e7fc08e76445dae,false,SPECIALIST_REACTION_FIELD_IN_EXACT_SUPPORTING_VOCABULARY
COVAPIE_CYS_SG_EVENT_V1:1ML3:C:CYS:166-:SG:H:CYX:C1,COVALENT_SMALL_MOLECULE_TASK_RELEVANCE_SUPPORTED,true,SOURCE_COVBINDERINPDB,CBR004020,source_annotations.covalent_event,curated residue-binder reaction record,false,SUPPORTING_TRIAGE_EVIDENCE_ONLY,c039f9d5010a5957f696533402948cbc010dccba13f62bfe0f38d1365332553a,"[""6d05249c83ad24589fd4280c2a8e5665d839cf8ee6c33b5ea0949b40fbe04220"",""82024a09e608af3198f770e932d9900dd8d185f4ccc5a37c6e9edfff91944742"",""c039f9d5010a5957f696533402948cbc010dccba13f62bfe0f38d1365332553a""]",data/derived/covalent_small/covapie_bulk_cys_sg_dataset_expansion_v1/bulk_pilot_v1/cross_source_canonical_event_manifest_v1.json,d3f35987af92fca669b85d62a86914c7a01bf35d867c4a779e7fc08e76445dae,false,SPECIALIST_REACTION_FIELD_IN_EXACT_SUPPORTING_VOCABULARY
COVAPIE_CYS_SG_EVENT_V1:1ML3:C:CYS:166-:SG:H:CYX:C1,COVALENT_SMALL_MOLECULE_TASK_RELEVANCE_SUPPORTED,true,SOURCE_COVBINDERINPDB,CBR004020,source_annotations.reaction,inhibitor,true,SUPPORTING_TRIAGE_EVIDENCE_ONLY,c039f9d5010a5957f696533402948cbc010dccba13f62bfe0f38d1365332553a,"[""6d05249c83ad24589fd4280c2a8e5665d839cf8ee6c33b5ea0949b40fbe04220"",""82024a09e608af3198f770e932d9900dd8d185f4ccc5a37c6e9edfff91944742"",""c039f9d5010a5957f696533402948cbc010dccba13f62bfe0f38d1365332553a""]",data/derived/covalent_small/covapie_bulk_cys_sg_dataset_expansion_v1/bulk_pilot_v1/cross_source_canonical_event_manifest_v1.json,d3f35987af92fca669b85d62a86914c7a01bf35d867c4a779e7fc08e76445dae,false,SPECIALIST_REACTION_FIELD_IN_EXACT_SUPPORTING_VOCABULARY
COVAPIE_CYS_SG_EVENT_V1:1ML3:C:CYS:166-:SG:H:CYX:C1,COVALENT_SMALL_MOLECULE_TASK_RELEVANCE_SUPPORTED,true,SOURCE_COVBINDERINPDB,CBR004020,source_annotations.warhead,Ester,false,SUPPORTING_TRIAGE_EVIDENCE_ONLY,c039f9d5010a5957f696533402948cbc010dccba13f62bfe0f38d1365332553a,"[""6d05249c83ad24589fd4280c2a8e5665d839cf8ee6c33b5ea0949b40fbe04220"",""82024a09e608af3198f770e932d9900dd8d185f4ccc5a37c6e9edfff91944742"",""c039f9d5010a5957f696533402948cbc010dccba13f62bfe0f38d1365332553a""]",data/derived/covalent_small/covapie_bulk_cys_sg_dataset_expansion_v1/bulk_pilot_v1/cross_source_canonical_event_manifest_v1.json,d3f35987af92fca669b85d62a86914c7a01bf35d867c4a779e7fc08e76445dae,false,SPECIALIST_REACTION_FIELD_IN_EXACT_SUPPORTING_VOCABULARY
COVAPIE_CYS_SG_EVENT_V1:1ML3:C:CYS:166-:SG:H:CYX:C1,COVALENT_SMALL_MOLECULE_TASK_RELEVANCE_SUPPORTED,true,SOURCE_COVPDB,CovPDB_complexes/1ml3/1ml3.pdb#LINK00728,source_annotations.covalent_event,explicit PDB LINK CYS-SG to ligand endpoint,false,SUPPORTING_TRIAGE_EVIDENCE_ONLY,6d05249c83ad24589fd4280c2a8e5665d839cf8ee6c33b5ea0949b40fbe04220,"[""6d05249c83ad24589fd4280c2a8e5665d839cf8ee6c33b5ea0949b40fbe04220"",""82024a09e608af3198f770e932d9900dd8d185f4ccc5a37c6e9edfff91944742"",""c039f9d5010a5957f696533402948cbc010dccba13f62bfe0f38d1365332553a""]",data/derived/covalent_small/covapie_bulk_cys_sg_dataset_expansion_v1/bulk_pilot_v1/cross_source_canonical_event_manifest_v1.json,d3f35987af92fca669b85d62a86914c7a01bf35d867c4a779e7fc08e76445dae,false,SPECIALIST_REACTION_FIELD_IN_EXACT_SUPPORTING_VOCABULARY
COVAPIE_CYS_SG_EVENT_V1:1ML3:C:CYS:166-:SG:H:CYX:C1,COVALENT_SMALL_MOLECULE_TASK_RELEVANCE_SUPPORTED,true,SOURCE_COVPDB,CovPDB_complexes/1ml3/1ml3.pdb#LINK00729,source_annotations.covalent_event,explicit PDB LINK CYS-SG to ligand endpoint,false,SUPPORTING_TRIAGE_EVIDENCE_ONLY,6d05249c83ad24589fd4280c2a8e5665d839cf8ee6c33b5ea0949b40fbe04220,"[""6d05249c83ad24589fd4280c2a8e5665d839cf8ee6c33b5ea0949b40fbe04220"",""82024a09e608af3198f770e932d9900dd8d185f4ccc5a37c6e9edfff91944742"",""c039f9d5010a5957f696533402948cbc010dccba13f62bfe0f38d1365332553a""]",data/derived/covalent_small/covapie_bulk_cys_sg_dataset_expansion_v1/bulk_pilot_v1/cross_source_canonical_event_manifest_v1.json,d3f35987af92fca669b85d62a86914c7a01bf35d867c4a779e7fc08e76445dae,false,SPECIALIST_REACTION_FIELD_IN_EXACT_SUPPORTING_VOCABULARY
COVAPIE_CYS_SG_EVENT_V1:1ML3:C:CYS:166-:SG:H:CYX:C1,COVALENT_SMALL_MOLECULE_TASK_RELEVANCE_SUPPORTED,true,SOURCE_RCSB_PDB_DIRECT,1ML3:covale4,source_annotations.covalent_event,covalent bond,false,SUPPORTING_TRIAGE_EVIDENCE_ONLY,,"[""6d05249c83ad24589fd4280c2a8e5665d839cf8ee6c33b5ea0949b40fbe04220"",""82024a09e608af3198f770e932d9900dd8d185f4ccc5a37c6e9edfff91944742"",""c039f9d5010a5957f696533402948cbc010dccba13f62bfe0f38d1365332553a""]",data/derived/covalent_small/covapie_bulk_cys_sg_dataset_expansion_v1/bulk_pilot_v1/cross_source_canonical_event_manifest_v1.json,d3f35987af92fca669b85d62a86914c7a01bf35d867c4a779e7fc08e76445dae,false,SPECIALIST_REACTION_FIELD_IN_EXACT_SUPPORTING_VOCABULARY
COVAPIE_CYS_SG_EVENT_V1:1ML3:D:CYS:166-:SG:J:CYX:C1,COVALENT_SMALL_MOLECULE_TASK_RELEVANCE_SUPPORTED,true,SOURCE_COVBINDERINPDB,CBR004022,source_annotations.covalent_event,curated residue-binder reaction record,false,SUPPORTING_TRIAGE_EVIDENCE_ONLY,c039f9d5010a5957f696533402948cbc010dccba13f62bfe0f38d1365332553a,"[""6d05249c83ad24589fd4280c2a8e5665d839cf8ee6c33b5ea0949b40fbe04220"",""82024a09e608af3198f770e932d9900dd8d185f4ccc5a37c6e9edfff91944742"",""c039f9d5010a5957f696533402948cbc010dccba13f62bfe0f38d1365332553a""]",data/derived/covalent_small/covapie_bulk_cys_sg_dataset_expansion_v1/bulk_pilot_v1/cross_source_canonical_event_manifest_v1.json,d3f35987af92fca669b85d62a86914c7a01bf35d867c4a779e7fc08e76445dae,false,SPECIALIST_REACTION_FIELD_IN_EXACT_SUPPORTING_VOCABULARY
COVAPIE_CYS_SG_EVENT_V1:1ML3:D:CYS:166-:SG:J:CYX:C1,COVALENT_SMALL_MOLECULE_TASK_RELEVANCE_SUPPORTED,true,SOURCE_COVBINDERINPDB,CBR004022,source_annotations.reaction,inhibitor,true,SUPPORTING_TRIAGE_EVIDENCE_ONLY,c039f9d5010a5957f696533402948cbc010dccba13f62bfe0f38d1365332553a,"[""6d05249c83ad24589fd4280c2a8e5665d839cf8ee6c33b5ea0949b40fbe04220"",""82024a09e608af3198f770e932d9900dd8d185f4ccc5a37c6e9edfff91944742"",""c039f9d5010a5957f696533402948cbc010dccba13f62bfe0f38d1365332553a""]",data/derived/covalent_small/covapie_bulk_cys_sg_dataset_expansion_v1/bulk_pilot_v1/cross_source_canonical_event_manifest_v1.json,d3f35987af92fca669b85d62a86914c7a01bf35d867c4a779e7fc08e76445dae,false,SPECIALIST_REACTION_FIELD_IN_EXACT_SUPPORTING_VOCABULARY
COVAPIE_CYS_SG_EVENT_V1:1ML3:D:CYS:166-:SG:J:CYX:C1,COVALENT_SMALL_MOLECULE_TASK_RELEVANCE_SUPPORTED,true,SOURCE_COVBINDERINPDB,CBR004022,source_annotations.warhead,Ester,false,SUPPORTING_TRIAGE_EVIDENCE_ONLY,c039f9d5010a5957f696533402948cbc010dccba13f62bfe0f38d1365332553a,"[""6d05249c83ad24589fd4280c2a8e5665d839cf8ee6c33b5ea0949b40fbe04220"",""82024a09e608af3198f770e932d9900dd8d185f4ccc5a37c6e9edfff91944742"",""c039f9d5010a5957f696533402948cbc010dccba13f62bfe0f38d1365332553a""]",data/derived/covalent_small/covapie_bulk_cys_sg_dataset_expansion_v1/bulk_pilot_v1/cross_source_canonical_event_manifest_v1.json,d3f35987af92fca669b85d62a86914c7a01bf35d867c4a779e7fc08e76445dae,false,SPECIALIST_REACTION_FIELD_IN_EXACT_SUPPORTING_VOCABULARY
COVAPIE_CYS_SG_EVENT_V1:1ML3:D:CYS:166-:SG:J:CYX:C1,COVALENT_SMALL_MOLECULE_TASK_RELEVANCE_SUPPORTED,true,SOURCE_COVPDB,CovPDB_complexes/1ml3/1ml3.pdb#LINK00730,source_annotations.covalent_event,explicit PDB LINK CYS-SG to ligand endpoint,false,SUPPORTING_TRIAGE_EVIDENCE_ONLY,6d05249c83ad24589fd4280c2a8e5665d839cf8ee6c33b5ea0949b40fbe04220,"[""6d05249c83ad24589fd4280c2a8e5665d839cf8ee6c33b5ea0949b40fbe04220"",""82024a09e608af3198f770e932d9900dd8d185f4ccc5a37c6e9edfff91944742"",""c039f9d5010a5957f696533402948cbc010dccba13f62bfe0f38d1365332553a""]",data/derived/covalent_small/covapie_bulk_cys_sg_dataset_expansion_v1/bulk_pilot_v1/cross_source_canonical_event_manifest_v1.json,d3f35987af92fca669b85d62a86914c7a01bf35d867c4a779e7fc08e76445dae,false,SPECIALIST_REACTION_FIELD_IN_EXACT_SUPPORTING_VOCABULARY
COVAPIE_CYS_SG_EVENT_V1:1ML3:D:CYS:166-:SG:J:CYX:C1,COVALENT_SMALL_MOLECULE_TASK_RELEVANCE_SUPPORTED,true,SOURCE_RCSB_PDB_DIRECT,1ML3:covale5,source_annotations.covalent_event,covalent bond,false,SUPPORTING_TRIAGE_EVIDENCE_ONLY,,"[""6d05249c83ad24589fd4280c2a8e5665d839cf8ee6c33b5ea0949b40fbe04220"",""82024a09e608af3198f770e932d9900dd8d185f4ccc5a37c6e9edfff91944742"",""c039f9d5010a5957f696533402948cbc010dccba13f62bfe0f38d1365332553a""]",data/derived/covalent_small/covapie_bulk_cys_sg_dataset_expansion_v1/bulk_pilot_v1/cross_source_canonical_event_manifest_v1.json,d3f35987af92fca669b85d62a86914c7a01bf35d867c4a779e7fc08e76445dae,false,SPECIALIST_REACTION_FIELD_IN_EXACT_SUPPORTING_VOCABULARY
COVAPIE_CYS_SG_EVENT_V1:1NBP:A:CYS:31-:SG:C:MHC:S1,COVALENT_SMALL_MOLECULE_TASK_RELEVANCE_SUPPORTED,true,SOURCE_COVBINDERINPDB,CBR000523,source_annotations.covalent_event,curated residue-binder reaction record,false,SUPPORTING_TRIAGE_EVIDENCE_ONLY,c039f9d5010a5957f696533402948cbc010dccba13f62bfe0f38d1365332553a,"[""6d05249c83ad24589fd4280c2a8e5665d839cf8ee6c33b5ea0949b40fbe04220"",""82024a09e608af3198f770e932d9900dd8d185f4ccc5a37c6e9edfff91944742"",""c039f9d5010a5957f696533402948cbc010dccba13f62bfe0f38d1365332553a""]",data/derived/covalent_small/covapie_bulk_cys_sg_dataset_expansion_v1/bulk_pilot_v1/cross_source_canonical_event_manifest_v1.json,d3f35987af92fca669b85d62a86914c7a01bf35d867c4a779e7fc08e76445dae,false,SPECIALIST_REACTION_FIELD_IN_EXACT_SUPPORTING_VOCABULARY
COVAPIE_CYS_SG_EVENT_V1:1NBP:A:CYS:31-:SG:C:MHC:S1,COVALENT_SMALL_MOLECULE_TASK_RELEVANCE_SUPPORTED,true,SOURCE_COVBINDERINPDB,CBR000523,source_annotations.reaction,probe,true,SUPPORTING_TRIAGE_EVIDENCE_ONLY,c039f9d5010a5957f696533402948cbc010dccba13f62bfe0f38d1365332553a,"[""6d05249c83ad24589fd4280c2a8e5665d839cf8ee6c33b5ea0949b40fbe04220"",""82024a09e608af3198f770e932d9900dd8d185f4ccc5a37c6e9edfff91944742"",""c039f9d5010a5957f696533402948cbc010dccba13f62bfe0f38d1365332553a""]",data/derived/covalent_small/covapie_bulk_cys_sg_dataset_expansion_v1/bulk_pilot_v1/cross_source_canonical_event_manifest_v1.json,d3f35987af92fca669b85d62a86914c7a01bf35d867c4a779e7fc08e76445dae,false,SPECIALIST_REACTION_FIELD_IN_EXACT_SUPPORTING_VOCABULARY
COVAPIE_CYS_SG_EVENT_V1:1NBP:A:CYS:31-:SG:C:MHC:S1,COVALENT_SMALL_MOLECULE_TASK_RELEVANCE_SUPPORTED,true,SOURCE_COVBINDERINPDB,CBR000523,source_annotations.warhead,Disulfide,false,SUPPORTING_TRIAGE_EVIDENCE_ONLY,c039f9d5010a5957f696533402948cbc010dccba13f62bfe0f38d1365332553a,"[""6d05249c83ad24589fd4280c2a8e5665d839cf8ee6c33b5ea0949b40fbe04220"",""82024a09e608af3198f770e932d9900dd8d185f4ccc5a37c6e9edfff91944742"",""c039f9d5010a5957f696533402948cbc010dccba13f62bfe0f38d1365332553a""]",data/derived/covalent_small/covapie_bulk_cys_sg_dataset_expansion_v1/bulk_pilot_v1/cross_source_canonical_event_manifest_v1.json,d3f35987af92fca669b85d62a86914c7a01bf35d867c4a779e7fc08e76445dae,false,SPECIALIST_REACTION_FIELD_IN_EXACT_SUPPORTING_VOCABULARY
COVAPIE_CYS_SG_EVENT_V1:1NBP:A:CYS:31-:SG:C:MHC:S1,COVALENT_SMALL_MOLECULE_TASK_RELEVANCE_SUPPORTED,true,SOURCE_COVPDB,CovPDB_complexes/1nbp/1nbp.pdb#LINK00338,source_annotations.covalent_event,explicit PDB LINK CYS-SG to ligand endpoint,false,SUPPORTING_TRIAGE_EVIDENCE_ONLY,6d05249c83ad24589fd4280c2a8e5665d839cf8ee6c33b5ea0949b40fbe04220,"[""6d05249c83ad24589fd4280c2a8e5665d839cf8ee6c33b5ea0949b40fbe04220"",""82024a09e608af3198f770e932d9900dd8d185f4ccc5a37c6e9edfff91944742"",""c039f9d5010a5957f696533402948cbc010dccba13f62bfe0f38d1365332553a""]",data/derived/covalent_small/covapie_bulk_cys_sg_dataset_expansion_v1/bulk_pilot_v1/cross_source_canonical_event_manifest_v1.json,d3f35987af92fca669b85d62a86914c7a01bf35d867c4a779e7fc08e76445dae,false,SPECIALIST_REACTION_FIELD_IN_EXACT_SUPPORTING_VOCABULARY
COVAPIE_CYS_SG_EVENT_V1:1NBP:A:CYS:31-:SG:C:MHC:S1,COVALENT_SMALL_MOLECULE_TASK_RELEVANCE_SUPPORTED,true,SOURCE_RCSB_PDB_DIRECT,1NBP:covale1,source_annotations.covalent_event,covalent bond,false,SUPPORTING_TRIAGE_EVIDENCE_ONLY,,"[""6d05249c83ad24589fd4280c2a8e5665d839cf8ee6c33b5ea0949b40fbe04220"",""82024a09e608af3198f770e932d9900dd8d185f4ccc5a37c6e9edfff91944742"",""c039f9d5010a5957f696533402948cbc010dccba13f62bfe0f38d1365332553a""]",data/derived/covalent_small/covapie_bulk_cys_sg_dataset_expansion_v1/bulk_pilot_v1/cross_source_canonical_event_manifest_v1.json,d3f35987af92fca669b85d62a86914c7a01bf35d867c4a779e7fc08e76445dae,false,SPECIALIST_REACTION_FIELD_IN_EXACT_SUPPORTING_VOCABULARY
COVAPIE_CYS_SG_EVENT_V1:1NFZ:A:CYS:67-:SG:E:EIP:C12,COVALENT_SMALL_MOLECULE_TASK_RELEVANCE_SUPPORTED,true,SOURCE_COVBINDERINPDB,CBR002681,source_annotations.covalent_event,curated residue-binder reaction record,false,SUPPORTING_TRIAGE_EVIDENCE_ONLY,c039f9d5010a5957f696533402948cbc010dccba13f62bfe0f38d1365332553a,"[""529ad6303fb044ae85e2c5dc37845c722f2a65715a19a504426f3c03a44e2aaf"",""c039f9d5010a5957f696533402948cbc010dccba13f62bfe0f38d1365332553a""]",data/derived/covalent_small/covapie_bulk_cys_sg_dataset_expansion_v1/bulk_pilot_v1/cross_source_canonical_event_manifest_v1.json,d3f35987af92fca669b85d62a86914c7a01bf35d867c4a779e7fc08e76445dae,false,SPECIALIST_REACTION_FIELD_IN_EXACT_SUPPORTING_VOCABULARY
COVAPIE_CYS_SG_EVENT_V1:1NFZ:A:CYS:67-:SG:E:EIP:C12,COVALENT_SMALL_MOLECULE_TASK_RELEVANCE_SUPPORTED,true,SOURCE_COVBINDERINPDB,CBR002681,source_annotations.reaction,inhibitor,true,SUPPORTING_TRIAGE_EVIDENCE_ONLY,c039f9d5010a5957f696533402948cbc010dccba13f62bfe0f38d1365332553a,"[""529ad6303fb044ae85e2c5dc37845c722f2a65715a19a504426f3c03a44e2aaf"",""c039f9d5010a5957f696533402948cbc010dccba13f62bfe0f38d1365332553a""]",data/derived/covalent_small/covapie_bulk_cys_sg_dataset_expansion_v1/bulk_pilot_v1/cross_source_canonical_event_manifest_v1.json,d3f35987af92fca669b85d62a86914c7a01bf35d867c4a779e7fc08e76445dae,false,SPECIALIST_REACTION_FIELD_IN_EXACT_SUPPORTING_VOCABULARY
COVAPIE_CYS_SG_EVENT_V1:1NFZ:A:CYS:67-:SG:E:EIP:C12,COVALENT_SMALL_MOLECULE_TASK_RELEVANCE_SUPPORTED,true,SOURCE_COVBINDERINPDB,CBR002681,source_annotations.warhead,Epoxide,false,SUPPORTING_TRIAGE_EVIDENCE_ONLY,c039f9d5010a5957f696533402948cbc010dccba13f62bfe0f38d1365332553a,"[""529ad6303fb044ae85e2c5dc37845c722f2a65715a19a504426f3c03a44e2aaf"",""c039f9d5010a5957f696533402948cbc010dccba13f62bfe0f38d1365332553a""]",data/derived/covalent_small/covapie_bulk_cys_sg_dataset_expansion_v1/bulk_pilot_v1/cross_source_canonical_event_manifest_v1.json,d3f35987af92fca669b85d62a86914c7a01bf35d867c4a779e7fc08e76445dae,false,SPECIALIST_REACTION_FIELD_IN_EXACT_SUPPORTING_VOCABULARY
COVAPIE_CYS_SG_EVENT_V1:1NFZ:A:CYS:67-:SG:E:EIP:C12,COVALENT_SMALL_MOLECULE_TASK_RELEVANCE_SUPPORTED,true,SOURCE_RCSB_PDB_DIRECT,1NFZ:covale1,source_annotations.covalent_event,covalent bond,false,SUPPORTING_TRIAGE_EVIDENCE_ONLY,,"[""529ad6303fb044ae85e2c5dc37845c722f2a65715a19a504426f3c03a44e2aaf"",""c039f9d5010a5957f696533402948cbc010dccba13f62bfe0f38d1365332553a""]",data/derived/covalent_small/covapie_bulk_cys_sg_dataset_expansion_v1/bulk_pilot_v1/cross_source_canonical_event_manifest_v1.json,d3f35987af92fca669b85d62a86914c7a01bf35d867c4a779e7fc08e76445dae,false,SPECIALIST_REACTION_FIELD_IN_EXACT_SUPPORTING_VOCABULARY
COVAPIE_CYS_SG_EVENT_V1:1NFZ:B:CYS:67-:SG:H:EIP:C12,COVALENT_SMALL_MOLECULE_TASK_RELEVANCE_SUPPORTED,true,SOURCE_COVBINDERINPDB,CBR002682,source_annotations.covalent_event,curated residue-binder reaction record,false,SUPPORTING_TRIAGE_EVIDENCE_ONLY,c039f9d5010a5957f696533402948cbc010dccba13f62bfe0f38d1365332553a,"[""529ad6303fb044ae85e2c5dc37845c722f2a65715a19a504426f3c03a44e2aaf"",""c039f9d5010a5957f696533402948cbc010dccba13f62bfe0f38d1365332553a""]",data/derived/covalent_small/covapie_bulk_cys_sg_dataset_expansion_v1/bulk_pilot_v1/cross_source_canonical_event_manifest_v1.json,d3f35987af92fca669b85d62a86914c7a01bf35d867c4a779e7fc08e76445dae,false,SPECIALIST_REACTION_FIELD_IN_EXACT_SUPPORTING_VOCABULARY
COVAPIE_CYS_SG_EVENT_V1:1NFZ:B:CYS:67-:SG:H:EIP:C12,COVALENT_SMALL_MOLECULE_TASK_RELEVANCE_SUPPORTED,true,SOURCE_COVBINDERINPDB,CBR002682,source_annotations.reaction,inhibitor,true,SUPPORTING_TRIAGE_EVIDENCE_ONLY,c039f9d5010a5957f696533402948cbc010dccba13f62bfe0f38d1365332553a,"[""529ad6303fb044ae85e2c5dc37845c722f2a65715a19a504426f3c03a44e2aaf"",""c039f9d5010a5957f696533402948cbc010dccba13f62bfe0f38d1365332553a""]",data/derived/covalent_small/covapie_bulk_cys_sg_dataset_expansion_v1/bulk_pilot_v1/cross_source_canonical_event_manifest_v1.json,d3f35987af92fca669b85d62a86914c7a01bf35d867c4a779e7fc08e76445dae,false,SPECIALIST_REACTION_FIELD_IN_EXACT_SUPPORTING_VOCABULARY
COVAPIE_CYS_SG_EVENT_V1:1NFZ:B:CYS:67-:SG:H:EIP:C12,COVALENT_SMALL_MOLECULE_TASK_RELEVANCE_SUPPORTED,true,SOURCE_COVBINDERINPDB,CBR002682,source_annotations.warhead,Epoxide,false,SUPPORTING_TRIAGE_EVIDENCE_ONLY,c039f9d5010a5957f696533402948cbc010dccba13f62bfe0f38d1365332553a,"[""529ad6303fb044ae85e2c5dc37845c722f2a65715a19a504426f3c03a44e2aaf"",""c039f9d5010a5957f696533402948cbc010dccba13f62bfe0f38d1365332553a""]",data/derived/covalent_small/covapie_bulk_cys_sg_dataset_expansion_v1/bulk_pilot_v1/cross_source_canonical_event_manifest_v1.json,d3f35987af92fca669b85d62a86914c7a01bf35d867c4a779e7fc08e76445dae,false,SPECIALIST_REACTION_FIELD_IN_EXACT_SUPPORTING_VOCABULARY
COVAPIE_CYS_SG_EVENT_V1:1NFZ:B:CYS:67-:SG:H:EIP:C12,COVALENT_SMALL_MOLECULE_TASK_RELEVANCE_SUPPORTED,true,SOURCE_RCSB_PDB_DIRECT,1NFZ:covale2,source_annotations.covalent_event,covalent bond,false,SUPPORTING_TRIAGE_EVIDENCE_ONLY,,"[""529ad6303fb044ae85e2c5dc37845c722f2a65715a19a504426f3c03a44e2aaf"",""c039f9d5010a5957f696533402948cbc010dccba13f62bfe0f38d1365332553a""]",data/derived/covalent_small/covapie_bulk_cys_sg_dataset_expansion_v1/bulk_pilot_v1/cross_source_canonical_event_manifest_v1.json,d3f35987af92fca669b85d62a86914c7a01bf35d867c4a779e7fc08e76445dae,false,SPECIALIST_REACTION_FIELD_IN_EXACT_SUPPORTING_VOCABULARY
COVAPIE_CYS_SG_EVENT_V1:1OFE:A:CYS:1-:SG:F:ONL:CE,COVALENT_SMALL_MOLECULE_TASK_RELEVANCE_SUPPORTED,true,SOURCE_COVBINDERINPDB,CBR001756,source_annotations.covalent_event,curated residue-binder reaction record,false,SUPPORTING_TRIAGE_EVIDENCE_ONLY,c039f9d5010a5957f696533402948cbc010dccba13f62bfe0f38d1365332553a,"[""6d05249c83ad24589fd4280c2a8e5665d839cf8ee6c33b5ea0949b40fbe04220"",""82024a09e608af3198f770e932d9900dd8d185f4ccc5a37c6e9edfff91944742"",""c039f9d5010a5957f696533402948cbc010dccba13f62bfe0f38d1365332553a""]",data/derived/covalent_small/covapie_bulk_cys_sg_dataset_expansion_v1/bulk_pilot_v1/cross_source_canonical_event_manifest_v1.json,d3f35987af92fca669b85d62a86914c7a01bf35d867c4a779e7fc08e76445dae,false,SPECIALIST_REACTION_FIELD_IN_EXACT_SUPPORTING_VOCABULARY
COVAPIE_CYS_SG_EVENT_V1:1OFE:A:CYS:1-:SG:F:ONL:CE,COVALENT_SMALL_MOLECULE_TASK_RELEVANCE_SUPPORTED,true,SOURCE_COVBINDERINPDB,CBR001756,source_annotations.reaction,inhibitor,true,SUPPORTING_TRIAGE_EVIDENCE_ONLY,c039f9d5010a5957f696533402948cbc010dccba13f62bfe0f38d1365332553a,"[""6d05249c83ad24589fd4280c2a8e5665d839cf8ee6c33b5ea0949b40fbe04220"",""82024a09e608af3198f770e932d9900dd8d185f4ccc5a37c6e9edfff91944742"",""c039f9d5010a5957f696533402948cbc010dccba13f62bfe0f38d1365332553a""]",data/derived/covalent_small/covapie_bulk_cys_sg_dataset_expansion_v1/bulk_pilot_v1/cross_source_canonical_event_manifest_v1.json,d3f35987af92fca669b85d62a86914c7a01bf35d867c4a779e7fc08e76445dae,false,SPECIALIST_REACTION_FIELD_IN_EXACT_SUPPORTING_VOCABULARY
COVAPIE_CYS_SG_EVENT_V1:1OFE:A:CYS:1-:SG:F:ONL:CE,COVALENT_SMALL_MOLECULE_TASK_RELEVANCE_SUPPORTED,true,SOURCE_COVBINDERINPDB,CBR001756,source_annotations.warhead,α-diazomethyl_Ketone,false,SUPPORTING_TRIAGE_EVIDENCE_ONLY,c039f9d5010a5957f696533402948cbc010dccba13f62bfe0f38d1365332553a,"[""6d05249c83ad24589fd4280c2a8e5665d839cf8ee6c33b5ea0949b40fbe04220"",""82024a09e608af3198f770e932d9900dd8d185f4ccc5a37c6e9edfff91944742"",""c039f9d5010a5957f696533402948cbc010dccba13f62bfe0f38d1365332553a""]",data/derived/covalent_small/covapie_bulk_cys_sg_dataset_expansion_v1/bulk_pilot_v1/cross_source_canonical_event_manifest_v1.json,d3f35987af92fca669b85d62a86914c7a01bf35d867c4a779e7fc08e76445dae,false,SPECIALIST_REACTION_FIELD_IN_EXACT_SUPPORTING_VOCABULARY
COVAPIE_CYS_SG_EVENT_V1:1OFE:A:CYS:1-:SG:F:ONL:CE,COVALENT_SMALL_MOLECULE_TASK_RELEVANCE_SUPPORTED,true,SOURCE_COVPDB,CovPDB_complexes/1ofe/1ofe.pdb#LINK01350,source_annotations.covalent_event,explicit PDB LINK CYS-SG to ligand endpoint,false,SUPPORTING_TRIAGE_EVIDENCE_ONLY,6d05249c83ad24589fd4280c2a8e5665d839cf8ee6c33b5ea0949b40fbe04220,"[""6d05249c83ad24589fd4280c2a8e5665d839cf8ee6c33b5ea0949b40fbe04220"",""82024a09e608af3198f770e932d9900dd8d185f4ccc5a37c6e9edfff91944742"",""c039f9d5010a5957f696533402948cbc010dccba13f62bfe0f38d1365332553a""]",data/derived/covalent_small/covapie_bulk_cys_sg_dataset_expansion_v1/bulk_pilot_v1/cross_source_canonical_event_manifest_v1.json,d3f35987af92fca669b85d62a86914c7a01bf35d867c4a779e7fc08e76445dae,false,SPECIALIST_REACTION_FIELD_IN_EXACT_SUPPORTING_VOCABULARY
COVAPIE_CYS_SG_EVENT_V1:1OFE:A:CYS:1-:SG:F:ONL:CE,COVALENT_SMALL_MOLECULE_TASK_RELEVANCE_SUPPORTED,true,SOURCE_RCSB_PDB_DIRECT,1OFE:covale1,source_annotations.covalent_event,covalent bond,false,SUPPORTING_TRIAGE_EVIDENCE_ONLY,,"[""6d05249c83ad24589fd4280c2a8e5665d839cf8ee6c33b5ea0949b40fbe04220"",""82024a09e608af3198f770e932d9900dd8d185f4ccc5a37c6e9edfff91944742"",""c039f9d5010a5957f696533402948cbc010dccba13f62bfe0f38d1365332553a""]",data/derived/covalent_small/covapie_bulk_cys_sg_dataset_expansion_v1/bulk_pilot_v1/cross_source_canonical_event_manifest_v1.json,d3f35987af92fca669b85d62a86914c7a01bf35d867c4a779e7fc08e76445dae,false,SPECIALIST_REACTION_FIELD_IN_EXACT_SUPPORTING_VOCABULARY
COVAPIE_CYS_SG_EVENT_V1:1PY0:A:CYS:51-:SG:E:YMA:S1,COVALENT_SMALL_MOLECULE_TASK_RELEVANCE_SUPPORTED,true,SOURCE_COVBINDERINPDB,CBR001259,source_annotations.covalent_event,curated residue-binder reaction record,false,SUPPORTING_TRIAGE_EVIDENCE_ONLY,c039f9d5010a5957f696533402948cbc010dccba13f62bfe0f38d1365332553a,"[""529ad6303fb044ae85e2c5dc37845c722f2a65715a19a504426f3c03a44e2aaf"",""c039f9d5010a5957f696533402948cbc010dccba13f62bfe0f38d1365332553a""]",data/derived/covalent_small/covapie_bulk_cys_sg_dataset_expansion_v1/bulk_pilot_v1/cross_source_canonical_event_manifest_v1.json,d3f35987af92fca669b85d62a86914c7a01bf35d867c4a779e7fc08e76445dae,false,SPECIALIST_REACTION_FIELD_IN_EXACT_SUPPORTING_VOCABULARY
COVAPIE_CYS_SG_EVENT_V1:1PY0:A:CYS:51-:SG:E:YMA:S1,COVALENT_SMALL_MOLECULE_TASK_RELEVANCE_SUPPORTED,true,SOURCE_COVBINDERINPDB,CBR001259,source_annotations.reaction,probe,true,SUPPORTING_TRIAGE_EVIDENCE_ONLY,c039f9d5010a5957f696533402948cbc010dccba13f62bfe0f38d1365332553a,"[""529ad6303fb044ae85e2c5dc37845c722f2a65715a19a504426f3c03a44e2aaf"",""c039f9d5010a5957f696533402948cbc010dccba13f62bfe0f38d1365332553a""]",data/derived/covalent_small/covapie_bulk_cys_sg_dataset_expansion_v1/bulk_pilot_v1/cross_source_canonical_event_manifest_v1.json,d3f35987af92fca669b85d62a86914c7a01bf35d867c4a779e7fc08e76445dae,false,SPECIALIST_REACTION_FIELD_IN_EXACT_SUPPORTING_VOCABULARY
COVAPIE_CYS_SG_EVENT_V1:1PY0:A:CYS:51-:SG:E:YMA:S1,COVALENT_SMALL_MOLECULE_TASK_RELEVANCE_SUPPORTED,true,SOURCE_COVBINDERINPDB,CBR001259,source_annotations.warhead,Thiosulfonate,false,SUPPORTING_TRIAGE_EVIDENCE_ONLY,c039f9d5010a5957f696533402948cbc010dccba13f62bfe0f38d1365332553a,"[""529ad6303fb044ae85e2c5dc37845c722f2a65715a19a504426f3c03a44e2aaf"",""c039f9d5010a5957f696533402948cbc010dccba13f62bfe0f38d1365332553a""]",data/derived/covalent_small/covapie_bulk_cys_sg_dataset_expansion_v1/bulk_pilot_v1/cross_source_canonical_event_manifest_v1.json,d3f35987af92fca669b85d62a86914c7a01bf35d867c4a779e7fc08e76445dae,false,SPECIALIST_REACTION_FIELD_IN_EXACT_SUPPORTING_VOCABULARY
COVAPIE_CYS_SG_EVENT_V1:1PY0:A:CYS:51-:SG:E:YMA:S1,COVALENT_SMALL_MOLECULE_TASK_RELEVANCE_SUPPORTED,true,SOURCE_RCSB_PDB_DIRECT,1PY0:covale1,source_annotations.covalent_event,covalent bond,false,SUPPORTING_TRIAGE_EVIDENCE_ONLY,,"[""529ad6303fb044ae85e2c5dc37845c722f2a65715a19a504426f3c03a44e2aaf"",""c039f9d5010a5957f696533402948cbc010dccba13f62bfe0f38d1365332553a""]",data/derived/covalent_small/covapie_bulk_cys_sg_dataset_expansion_v1/bulk_pilot_v1/cross_source_canonical_event_manifest_v1.json,d3f35987af92fca669b85d62a86914c7a01bf35d867c4a779e7fc08e76445dae,false,SPECIALIST_REACTION_FIELD_IN_EXACT_SUPPORTING_VOCABULARY
COVAPIE_CYS_SG_EVENT_V1:1PY0:A:CYS:54-:SG:E:YMA:S2,COVALENT_SMALL_MOLECULE_TASK_RELEVANCE_SUPPORTED,true,SOURCE_COVBINDERINPDB,CBR001260,source_annotations.covalent_event,curated residue-binder reaction record,false,SUPPORTING_TRIAGE_EVIDENCE_ONLY,c039f9d5010a5957f696533402948cbc010dccba13f62bfe0f38d1365332553a,"[""529ad6303fb044ae85e2c5dc37845c722f2a65715a19a504426f3c03a44e2aaf"",""c039f9d5010a5957f696533402948cbc010dccba13f62bfe0f38d1365332553a""]",data/derived/covalent_small/covapie_bulk_cys_sg_dataset_expansion_v1/bulk_pilot_v1/cross_source_canonical_event_manifest_v1.json,d3f35987af92fca669b85d62a86914c7a01bf35d867c4a779e7fc08e76445dae,false,SPECIALIST_REACTION_FIELD_IN_EXACT_SUPPORTING_VOCABULARY
COVAPIE_CYS_SG_EVENT_V1:1PY0:A:CYS:54-:SG:E:YMA:S2,COVALENT_SMALL_MOLECULE_TASK_RELEVANCE_SUPPORTED,true,SOURCE_COVBINDERINPDB,CBR001260,source_annotations.reaction,probe,true,SUPPORTING_TRIAGE_EVIDENCE_ONLY,c039f9d5010a5957f696533402948cbc010dccba13f62bfe0f38d1365332553a,"[""529ad6303fb044ae85e2c5dc37845c722f2a65715a19a504426f3c03a44e2aaf"",""c039f9d5010a5957f696533402948cbc010dccba13f62bfe0f38d1365332553a""]",data/derived/covalent_small/covapie_bulk_cys_sg_dataset_expansion_v1/bulk_pilot_v1/cross_source_canonical_event_manifest_v1.json,d3f35987af92fca669b85d62a86914c7a01bf35d867c4a779e7fc08e76445dae,false,SPECIALIST_REACTION_FIELD_IN_EXACT_SUPPORTING_VOCABULARY
COVAPIE_CYS_SG_EVENT_V1:1PY0:A:CYS:54-:SG:E:YMA:S2,COVALENT_SMALL_MOLECULE_TASK_RELEVANCE_SUPPORTED,true,SOURCE_COVBINDERINPDB,CBR001260,source_annotations.warhead,Thiosulfonate,false,SUPPORTING_TRIAGE_EVIDENCE_ONLY,c039f9d5010a5957f696533402948cbc010dccba13f62bfe0f38d1365332553a,"[""529ad6303fb044ae85e2c5dc37845c722f2a65715a19a504426f3c03a44e2aaf"",""c039f9d5010a5957f696533402948cbc010dccba13f62bfe0f38d1365332553a""]",data/derived/covalent_small/covapie_bulk_cys_sg_dataset_expansion_v1/bulk_pilot_v1/cross_source_canonical_event_manifest_v1.json,d3f35987af92fca669b85d62a86914c7a01bf35d867c4a779e7fc08e76445dae,false,SPECIALIST_REACTION_FIELD_IN_EXACT_SUPPORTING_VOCABULARY
COVAPIE_CYS_SG_EVENT_V1:1PY0:A:CYS:54-:SG:E:YMA:S2,COVALENT_SMALL_MOLECULE_TASK_RELEVANCE_SUPPORTED,true,SOURCE_RCSB_PDB_DIRECT,1PY0:covale2,source_annotations.covalent_event,covalent bond,false,SUPPORTING_TRIAGE_EVIDENCE_ONLY,,"[""529ad6303fb044ae85e2c5dc37845c722f2a65715a19a504426f3c03a44e2aaf"",""c039f9d5010a5957f696533402948cbc010dccba13f62bfe0f38d1365332553a""]",data/derived/covalent_small/covapie_bulk_cys_sg_dataset_expansion_v1/bulk_pilot_v1/cross_source_canonical_event_manifest_v1.json,d3f35987af92fca669b85d62a86914c7a01bf35d867c4a779e7fc08e76445dae,false,SPECIALIST_REACTION_FIELD_IN_EXACT_SUPPORTING_VOCABULARY
COVAPIE_CYS_SG_EVENT_V1:1QFM:A:CYS:532-:SG:E:SGM:S1,TASK_RELEVANCE_EVIDENCE_INSUFFICIENT,true,SOURCE_COVPDB,CovPDB_complexes/1qfm/1qfm.pdb#LINK00482,source_annotations.covalent_event,explicit PDB LINK CYS-SG to ligand endpoint,false,SUPPORTING_TRIAGE_EVIDENCE_ONLY,6d05249c83ad24589fd4280c2a8e5665d839cf8ee6c33b5ea0949b40fbe04220,"[""6d05249c83ad24589fd4280c2a8e5665d839cf8ee6c33b5ea0949b40fbe04220"",""c192394533ea90cf0c74af99782b105bbb4694dd2c299c6337f74baf50acbf09""]",data/derived/covalent_small/covapie_bulk_cys_sg_dataset_expansion_v1/bulk_pilot_v1/cross_source_canonical_event_manifest_v1.json,d3f35987af92fca669b85d62a86914c7a01bf35d867c4a779e7fc08e76445dae,false,NO_SPECIALIST_REACTION_FIELD; HUMAN REVIEW REQUIRED
COVAPIE_CYS_SG_EVENT_V1:1QFM:A:CYS:532-:SG:E:SGM:S1,TASK_RELEVANCE_EVIDENCE_INSUFFICIENT,true,SOURCE_RCSB_PDB_DIRECT,1QFM:covale10,source_annotations.covalent_event,covalent bond,false,SUPPORTING_TRIAGE_EVIDENCE_ONLY,,"[""6d05249c83ad24589fd4280c2a8e5665d839cf8ee6c33b5ea0949b40fbe04220"",""c192394533ea90cf0c74af99782b105bbb4694dd2c299c6337f74baf50acbf09""]",data/derived/covalent_small/covapie_bulk_cys_sg_dataset_expansion_v1/bulk_pilot_v1/cross_source_canonical_event_manifest_v1.json,d3f35987af92fca669b85d62a86914c7a01bf35d867c4a779e7fc08e76445dae,false,NO_SPECIALIST_REACTION_FIELD; HUMAN REVIEW REQUIRED
COVAPIE_CYS_SG_EVENT_V1:1QFM:A:CYS:78-:SG:D:SGM:S1,TASK_RELEVANCE_EVIDENCE_INSUFFICIENT,true,SOURCE_COVPDB,CovPDB_complexes/1qfm/1qfm.pdb#LINK00481,source_annotations.covalent_event,explicit PDB LINK CYS-SG to ligand endpoint,false,SUPPORTING_TRIAGE_EVIDENCE_ONLY,6d05249c83ad24589fd4280c2a8e5665d839cf8ee6c33b5ea0949b40fbe04220,"[""6d05249c83ad24589fd4280c2a8e5665d839cf8ee6c33b5ea0949b40fbe04220"",""c192394533ea90cf0c74af99782b105bbb4694dd2c299c6337f74baf50acbf09""]",data/derived/covalent_small/covapie_bulk_cys_sg_dataset_expansion_v1/bulk_pilot_v1/cross_source_canonical_event_manifest_v1.json,d3f35987af92fca669b85d62a86914c7a01bf35d867c4a779e7fc08e76445dae,false,NO_SPECIALIST_REACTION_FIELD; HUMAN REVIEW REQUIRED
COVAPIE_CYS_SG_EVENT_V1:1QFM:A:CYS:78-:SG:D:SGM:S1,TASK_RELEVANCE_EVIDENCE_INSUFFICIENT,true,SOURCE_RCSB_PDB_DIRECT,1QFM:covale5,source_annotations.covalent_event,covalent bond,false,SUPPORTING_TRIAGE_EVIDENCE_ONLY,,"[""6d05249c83ad24589fd4280c2a8e5665d839cf8ee6c33b5ea0949b40fbe04220"",""c192394533ea90cf0c74af99782b105bbb4694dd2c299c6337f74baf50acbf09""]",data/derived/covalent_small/covapie_bulk_cys_sg_dataset_expansion_v1/bulk_pilot_v1/cross_source_canonical_event_manifest_v1.json,d3f35987af92fca669b85d62a86914c7a01bf35d867c4a779e7fc08e76445dae,false,NO_SPECIALIST_REACTION_FIELD; HUMAN REVIEW REQUIRED
COVAPIE_CYS_SG_EVENT_V1:1RP4:A:CYS:208-:SG:D:NEN:C1,TASK_RELEVANCE_HUMAN_REVIEW_REQUIRED,true,SOURCE_COVBINDERINPDB,CBR001561,source_annotations.covalent_event,curated residue-binder reaction record,false,SUPPORTING_TRIAGE_EVIDENCE_ONLY,c039f9d5010a5957f696533402948cbc010dccba13f62bfe0f38d1365332553a,"[""c039f9d5010a5957f696533402948cbc010dccba13f62bfe0f38d1365332553a"",""cf410ecbecc65a9cb6f67ee12539350fa1b7a148c2fc307af31e424e06a24fd1""]",data/derived/covalent_small/covapie_bulk_cys_sg_dataset_expansion_v1/bulk_pilot_v1/cross_source_canonical_event_manifest_v1.json,d3f35987af92fca669b85d62a86914c7a01bf35d867c4a779e7fc08e76445dae,false,SPECIALIST_REACTION_FIELD_NOT_MACHINE_DISPOSITIVE; HUMAN REVIEW REQUIRED
COVAPIE_CYS_SG_EVENT_V1:1RP4:A:CYS:208-:SG:D:NEN:C1,TASK_RELEVANCE_HUMAN_REVIEW_REQUIRED,true,SOURCE_COVBINDERINPDB,CBR001561,source_annotations.reaction,modifier,true,SUPPORTING_TRIAGE_EVIDENCE_ONLY,c039f9d5010a5957f696533402948cbc010dccba13f62bfe0f38d1365332553a,"[""c039f9d5010a5957f696533402948cbc010dccba13f62bfe0f38d1365332553a"",""cf410ecbecc65a9cb6f67ee12539350fa1b7a148c2fc307af31e424e06a24fd1""]",data/derived/covalent_small/covapie_bulk_cys_sg_dataset_expansion_v1/bulk_pilot_v1/cross_source_canonical_event_manifest_v1.json,d3f35987af92fca669b85d62a86914c7a01bf35d867c4a779e7fc08e76445dae,false,SPECIALIST_REACTION_FIELD_NOT_MACHINE_DISPOSITIVE; HUMAN REVIEW REQUIRED
COVAPIE_CYS_SG_EVENT_V1:1RP4:A:CYS:208-:SG:D:NEN:C1,TASK_RELEVANCE_HUMAN_REVIEW_REQUIRED,true,SOURCE_COVBINDERINPDB,CBR001561,source_annotations.warhead,Acrylamide,false,SUPPORTING_TRIAGE_EVIDENCE_ONLY,c039f9d5010a5957f696533402948cbc010dccba13f62bfe0f38d1365332553a,"[""c039f9d5010a5957f696533402948cbc010dccba13f62bfe0f38d1365332553a"",""cf410ecbecc65a9cb6f67ee12539350fa1b7a148c2fc307af31e424e06a24fd1""]",data/derived/covalent_small/covapie_bulk_cys_sg_dataset_expansion_v1/bulk_pilot_v1/cross_source_canonical_event_manifest_v1.json,d3f35987af92fca669b85d62a86914c7a01bf35d867c4a779e7fc08e76445dae,false,SPECIALIST_REACTION_FIELD_NOT_MACHINE_DISPOSITIVE; HUMAN REVIEW REQUIRED
COVAPIE_CYS_SG_EVENT_V1:1RP4:A:CYS:208-:SG:D:NEN:C1,TASK_RELEVANCE_HUMAN_REVIEW_REQUIRED,true,SOURCE_RCSB_PDB_DIRECT,1RP4:covale3,source_annotations.covalent_event,covalent bond,false,SUPPORTING_TRIAGE_EVIDENCE_ONLY,,"[""c039f9d5010a5957f696533402948cbc010dccba13f62bfe0f38d1365332553a"",""cf410ecbecc65a9cb6f67ee12539350fa1b7a148c2fc307af31e424e06a24fd1""]",data/derived/covalent_small/covapie_bulk_cys_sg_dataset_expansion_v1/bulk_pilot_v1/cross_source_canonical_event_manifest_v1.json,d3f35987af92fca669b85d62a86914c7a01bf35d867c4a779e7fc08e76445dae,false,SPECIALIST_REACTION_FIELD_NOT_MACHINE_DISPOSITIVE; HUMAN REVIEW REQUIRED
COVAPIE_CYS_SG_EVENT_V1:1SHL:A:CYS:290-:SG:C:FXN:S19,COVALENT_SMALL_MOLECULE_TASK_RELEVANCE_SUPPORTED,true,SOURCE_COVBINDERINPDB,CBR000682,source_annotations.covalent_event,curated residue-binder reaction record,false,SUPPORTING_TRIAGE_EVIDENCE_ONLY,c039f9d5010a5957f696533402948cbc010dccba13f62bfe0f38d1365332553a,"[""c039f9d5010a5957f696533402948cbc010dccba13f62bfe0f38d1365332553a"",""cf410ecbecc65a9cb6f67ee12539350fa1b7a148c2fc307af31e424e06a24fd1""]",data/derived/covalent_small/covapie_bulk_cys_sg_dataset_expansion_v1/bulk_pilot_v1/cross_source_canonical_event_manifest_v1.json,d3f35987af92fca669b85d62a86914c7a01bf35d867c4a779e7fc08e76445dae,false,SPECIALIST_REACTION_FIELD_IN_EXACT_SUPPORTING_VOCABULARY
COVAPIE_CYS_SG_EVENT_V1:1SHL:A:CYS:290-:SG:C:FXN:S19,COVALENT_SMALL_MOLECULE_TASK_RELEVANCE_SUPPORTED,true,SOURCE_COVBINDERINPDB,CBR000682,source_annotations.reaction,inhibitor,true,SUPPORTING_TRIAGE_EVIDENCE_ONLY,c039f9d5010a5957f696533402948cbc010dccba13f62bfe0f38d1365332553a,"[""c039f9d5010a5957f696533402948cbc010dccba13f62bfe0f38d1365332553a"",""cf410ecbecc65a9cb6f67ee12539350fa1b7a148c2fc307af31e424e06a24fd1""]",data/derived/covalent_small/covapie_bulk_cys_sg_dataset_expansion_v1/bulk_pilot_v1/cross_source_canonical_event_manifest_v1.json,d3f35987af92fca669b85d62a86914c7a01bf35d867c4a779e7fc08e76445dae,false,SPECIALIST_REACTION_FIELD_IN_EXACT_SUPPORTING_VOCABULARY
COVAPIE_CYS_SG_EVENT_V1:1SHL:A:CYS:290-:SG:C:FXN:S19,COVALENT_SMALL_MOLECULE_TASK_RELEVANCE_SUPPORTED,true,SOURCE_COVBINDERINPDB,CBR000682,source_annotations.warhead,Thiol,false,SUPPORTING_TRIAGE_EVIDENCE_ONLY,c039f9d5010a5957f696533402948cbc010dccba13f62bfe0f38d1365332553a,"[""c039f9d5010a5957f696533402948cbc010dccba13f62bfe0f38d1365332553a"",""cf410ecbecc65a9cb6f67ee12539350fa1b7a148c2fc307af31e424e06a24fd1""]",data/derived/covalent_small/covapie_bulk_cys_sg_dataset_expansion_v1/bulk_pilot_v1/cross_source_canonical_event_manifest_v1.json,d3f35987af92fca669b85d62a86914c7a01bf35d867c4a779e7fc08e76445dae,false,SPECIALIST_REACTION_FIELD_IN_EXACT_SUPPORTING_VOCABULARY
COVAPIE_CYS_SG_EVENT_V1:1SHL:A:CYS:290-:SG:C:FXN:S19,COVALENT_SMALL_MOLECULE_TASK_RELEVANCE_SUPPORTED,true,SOURCE_RCSB_PDB_DIRECT,1SHL:covale1,source_annotations.covalent_event,covalent bond,false,SUPPORTING_TRIAGE_EVIDENCE_ONLY,,"[""c039f9d5010a5957f696533402948cbc010dccba13f62bfe0f38d1365332553a"",""cf410ecbecc65a9cb6f67ee12539350fa1b7a148c2fc307af31e424e06a24fd1""]",data/derived/covalent_small/covapie_bulk_cys_sg_dataset_expansion_v1/bulk_pilot_v1/cross_source_canonical_event_manifest_v1.json,d3f35987af92fca669b85d62a86914c7a01bf35d867c4a779e7fc08e76445dae,false,SPECIALIST_REACTION_FIELD_IN_EXACT_SUPPORTING_VOCABULARY
COVAPIE_CYS_SG_EVENT_V1:1SHL:B:CYS:290-:SG:D:FXN:S19,COVALENT_SMALL_MOLECULE_TASK_RELEVANCE_SUPPORTED,true,SOURCE_COVBINDERINPDB,CBR000683,source_annotations.covalent_event,curated residue-binder reaction record,false,SUPPORTING_TRIAGE_EVIDENCE_ONLY,c039f9d5010a5957f696533402948cbc010dccba13f62bfe0f38d1365332553a,"[""c039f9d5010a5957f696533402948cbc010dccba13f62bfe0f38d1365332553a"",""cf410ecbecc65a9cb6f67ee12539350fa1b7a148c2fc307af31e424e06a24fd1""]",data/derived/covalent_small/covapie_bulk_cys_sg_dataset_expansion_v1/bulk_pilot_v1/cross_source_canonical_event_manifest_v1.json,d3f35987af92fca669b85d62a86914c7a01bf35d867c4a779e7fc08e76445dae,false,SPECIALIST_REACTION_FIELD_IN_EXACT_SUPPORTING_VOCABULARY
COVAPIE_CYS_SG_EVENT_V1:1SHL:B:CYS:290-:SG:D:FXN:S19,COVALENT_SMALL_MOLECULE_TASK_RELEVANCE_SUPPORTED,true,SOURCE_COVBINDERINPDB,CBR000683,source_annotations.reaction,inhibitor,true,SUPPORTING_TRIAGE_EVIDENCE_ONLY,c039f9d5010a5957f696533402948cbc010dccba13f62bfe0f38d1365332553a,"[""c039f9d5010a5957f696533402948cbc010dccba13f62bfe0f38d1365332553a"",""cf410ecbecc65a9cb6f67ee12539350fa1b7a148c2fc307af31e424e06a24fd1""]",data/derived/covalent_small/covapie_bulk_cys_sg_dataset_expansion_v1/bulk_pilot_v1/cross_source_canonical_event_manifest_v1.json,d3f35987af92fca669b85d62a86914c7a01bf35d867c4a779e7fc08e76445dae,false,SPECIALIST_REACTION_FIELD_IN_EXACT_SUPPORTING_VOCABULARY
COVAPIE_CYS_SG_EVENT_V1:1SHL:B:CYS:290-:SG:D:FXN:S19,COVALENT_SMALL_MOLECULE_TASK_RELEVANCE_SUPPORTED,true,SOURCE_COVBINDERINPDB,CBR000683,source_annotations.warhead,Thiol,false,SUPPORTING_TRIAGE_EVIDENCE_ONLY,c039f9d5010a5957f696533402948cbc010dccba13f62bfe0f38d1365332553a,"[""c039f9d5010a5957f696533402948cbc010dccba13f62bfe0f38d1365332553a"",""cf410ecbecc65a9cb6f67ee12539350fa1b7a148c2fc307af31e424e06a24fd1""]",data/derived/covalent_small/covapie_bulk_cys_sg_dataset_expansion_v1/bulk_pilot_v1/cross_source_canonical_event_manifest_v1.json,d3f35987af92fca669b85d62a86914c7a01bf35d867c4a779e7fc08e76445dae,false,SPECIALIST_REACTION_FIELD_IN_EXACT_SUPPORTING_VOCABULARY
COVAPIE_CYS_SG_EVENT_V1:1SHL:B:CYS:290-:SG:D:FXN:S19,COVALENT_SMALL_MOLECULE_TASK_RELEVANCE_SUPPORTED,true,SOURCE_RCSB_PDB_DIRECT,1SHL:covale2,source_annotations.covalent_event,covalent bond,false,SUPPORTING_TRIAGE_EVIDENCE_ONLY,,"[""c039f9d5010a5957f696533402948cbc010dccba13f62bfe0f38d1365332553a"",""cf410ecbecc65a9cb6f67ee12539350fa1b7a148c2fc307af31e424e06a24fd1""]",data/derived/covalent_small/covapie_bulk_cys_sg_dataset_expansion_v1/bulk_pilot_v1/cross_source_canonical_event_manifest_v1.json,d3f35987af92fca669b85d62a86914c7a01bf35d867c4a779e7fc08e76445dae,false,SPECIALIST_REACTION_FIELD_IN_EXACT_SUPPORTING_VOCABULARY
COVAPIE_CYS_SG_EVENT_V1:1TLS:A:CYS:146-:SG:C:UFP:C6,LIKELY_BIOCHEMICAL_OR_NON_TARGET_GENERATION_EVENT,true,SOURCE_COVBINDERINPDB,CBR004969,source_annotations.covalent_event,curated residue-binder reaction record,false,SUPPORTING_TRIAGE_EVIDENCE_ONLY,c039f9d5010a5957f696533402948cbc010dccba13f62bfe0f38d1365332553a,"[""c039f9d5010a5957f696533402948cbc010dccba13f62bfe0f38d1365332553a"",""cf410ecbecc65a9cb6f67ee12539350fa1b7a148c2fc307af31e424e06a24fd1""]",data/derived/covalent_small/covapie_bulk_cys_sg_dataset_expansion_v1/bulk_pilot_v1/cross_source_canonical_event_manifest_v1.json,d3f35987af92fca669b85d62a86914c7a01bf35d867c4a779e7fc08e76445dae,false,SPECIALIST_REACTION_FIELD_EQUALS_SUBSTRATE; LIKELY STATUS ONLY
COVAPIE_CYS_SG_EVENT_V1:1TLS:A:CYS:146-:SG:C:UFP:C6,LIKELY_BIOCHEMICAL_OR_NON_TARGET_GENERATION_EVENT,true,SOURCE_COVBINDERINPDB,CBR004969,source_annotations.reaction,substrate,true,SUPPORTING_TRIAGE_EVIDENCE_ONLY,c039f9d5010a5957f696533402948cbc010dccba13f62bfe0f38d1365332553a,"[""c039f9d5010a5957f696533402948cbc010dccba13f62bfe0f38d1365332553a"",""cf410ecbecc65a9cb6f67ee12539350fa1b7a148c2fc307af31e424e06a24fd1""]",data/derived/covalent_small/covapie_bulk_cys_sg_dataset_expansion_v1/bulk_pilot_v1/cross_source_canonical_event_manifest_v1.json,d3f35987af92fca669b85d62a86914c7a01bf35d867c4a779e7fc08e76445dae,false,SPECIALIST_REACTION_FIELD_EQUALS_SUBSTRATE; LIKELY STATUS ONLY
COVAPIE_CYS_SG_EVENT_V1:1TLS:A:CYS:146-:SG:C:UFP:C6,LIKELY_BIOCHEMICAL_OR_NON_TARGET_GENERATION_EVENT,true,SOURCE_COVBINDERINPDB,CBR004969,source_annotations.warhead,Uridine,false,SUPPORTING_TRIAGE_EVIDENCE_ONLY,c039f9d5010a5957f696533402948cbc010dccba13f62bfe0f38d1365332553a,"[""c039f9d5010a5957f696533402948cbc010dccba13f62bfe0f38d1365332553a"",""cf410ecbecc65a9cb6f67ee12539350fa1b7a148c2fc307af31e424e06a24fd1""]",data/derived/covalent_small/covapie_bulk_cys_sg_dataset_expansion_v1/bulk_pilot_v1/cross_source_canonical_event_manifest_v1.json,d3f35987af92fca669b85d62a86914c7a01bf35d867c4a779e7fc08e76445dae,false,SPECIALIST_REACTION_FIELD_EQUALS_SUBSTRATE; LIKELY STATUS ONLY
COVAPIE_CYS_SG_EVENT_V1:1TLS:A:CYS:146-:SG:C:UFP:C6,LIKELY_BIOCHEMICAL_OR_NON_TARGET_GENERATION_EVENT,true,SOURCE_RCSB_PDB_DIRECT,1TLS:covale2,source_annotations.covalent_event,covalent bond,false,SUPPORTING_TRIAGE_EVIDENCE_ONLY,,"[""c039f9d5010a5957f696533402948cbc010dccba13f62bfe0f38d1365332553a"",""cf410ecbecc65a9cb6f67ee12539350fa1b7a148c2fc307af31e424e06a24fd1""]",data/derived/covalent_small/covapie_bulk_cys_sg_dataset_expansion_v1/bulk_pilot_v1/cross_source_canonical_event_manifest_v1.json,d3f35987af92fca669b85d62a86914c7a01bf35d867c4a779e7fc08e76445dae,false,SPECIALIST_REACTION_FIELD_EQUALS_SUBSTRATE; LIKELY STATUS ONLY
COVAPIE_CYS_SG_EVENT_V1:1TLS:B:CYS:146-:SG:E:UFP:C6,LIKELY_BIOCHEMICAL_OR_NON_TARGET_GENERATION_EVENT,true,SOURCE_COVBINDERINPDB,CBR004970,source_annotations.covalent_event,curated residue-binder reaction record,false,SUPPORTING_TRIAGE_EVIDENCE_ONLY,c039f9d5010a5957f696533402948cbc010dccba13f62bfe0f38d1365332553a,"[""c039f9d5010a5957f696533402948cbc010dccba13f62bfe0f38d1365332553a"",""cf410ecbecc65a9cb6f67ee12539350fa1b7a148c2fc307af31e424e06a24fd1""]",data/derived/covalent_small/covapie_bulk_cys_sg_dataset_expansion_v1/bulk_pilot_v1/cross_source_canonical_event_manifest_v1.json,d3f35987af92fca669b85d62a86914c7a01bf35d867c4a779e7fc08e76445dae,false,SPECIALIST_REACTION_FIELD_EQUALS_SUBSTRATE; LIKELY STATUS ONLY
COVAPIE_CYS_SG_EVENT_V1:1TLS:B:CYS:146-:SG:E:UFP:C6,LIKELY_BIOCHEMICAL_OR_NON_TARGET_GENERATION_EVENT,true,SOURCE_COVBINDERINPDB,CBR004970,source_annotations.reaction,substrate,true,SUPPORTING_TRIAGE_EVIDENCE_ONLY,c039f9d5010a5957f696533402948cbc010dccba13f62bfe0f38d1365332553a,"[""c039f9d5010a5957f696533402948cbc010dccba13f62bfe0f38d1365332553a"",""cf410ecbecc65a9cb6f67ee12539350fa1b7a148c2fc307af31e424e06a24fd1""]",data/derived/covalent_small/covapie_bulk_cys_sg_dataset_expansion_v1/bulk_pilot_v1/cross_source_canonical_event_manifest_v1.json,d3f35987af92fca669b85d62a86914c7a01bf35d867c4a779e7fc08e76445dae,false,SPECIALIST_REACTION_FIELD_EQUALS_SUBSTRATE; LIKELY STATUS ONLY
COVAPIE_CYS_SG_EVENT_V1:1TLS:B:CYS:146-:SG:E:UFP:C6,LIKELY_BIOCHEMICAL_OR_NON_TARGET_GENERATION_EVENT,true,SOURCE_COVBINDERINPDB,CBR004970,source_annotations.warhead,Uridine,false,SUPPORTING_TRIAGE_EVIDENCE_ONLY,c039f9d5010a5957f696533402948cbc010dccba13f62bfe0f38d1365332553a,"[""c039f9d5010a5957f696533402948cbc010dccba13f62bfe0f38d1365332553a"",""cf410ecbecc65a9cb6f67ee12539350fa1b7a148c2fc307af31e424e06a24fd1""]",data/derived/covalent_small/covapie_bulk_cys_sg_dataset_expansion_v1/bulk_pilot_v1/cross_source_canonical_event_manifest_v1.json,d3f35987af92fca669b85d62a86914c7a01bf35d867c4a779e7fc08e76445dae,false,SPECIALIST_REACTION_FIELD_EQUALS_SUBSTRATE; LIKELY STATUS ONLY
COVAPIE_CYS_SG_EVENT_V1:1TLS:B:CYS:146-:SG:E:UFP:C6,LIKELY_BIOCHEMICAL_OR_NON_TARGET_GENERATION_EVENT,true,SOURCE_RCSB_PDB_DIRECT,1TLS:covale6,source_annotations.covalent_event,covalent bond,false,SUPPORTING_TRIAGE_EVIDENCE_ONLY,,"[""c039f9d5010a5957f696533402948cbc010dccba13f62bfe0f38d1365332553a"",""cf410ecbecc65a9cb6f67ee12539350fa1b7a148c2fc307af31e424e06a24fd1""]",data/derived/covalent_small/covapie_bulk_cys_sg_dataset_expansion_v1/bulk_pilot_v1/cross_source_canonical_event_manifest_v1.json,d3f35987af92fca669b85d62a86914c7a01bf35d867c4a779e7fc08e76445dae,false,SPECIALIST_REACTION_FIELD_EQUALS_SUBSTRATE; LIKELY STATUS ONLY
COVAPIE_CYS_SG_EVENT_V1:1TRG:A:CYS:146-:SG:B:UMP:C6,LIKELY_BIOCHEMICAL_OR_NON_TARGET_GENERATION_EVENT,true,SOURCE_COVBINDERINPDB,CBR002246,source_annotations.covalent_event,curated residue-binder reaction record,false,SUPPORTING_TRIAGE_EVIDENCE_ONLY,c039f9d5010a5957f696533402948cbc010dccba13f62bfe0f38d1365332553a,"[""6d05249c83ad24589fd4280c2a8e5665d839cf8ee6c33b5ea0949b40fbe04220"",""82024a09e608af3198f770e932d9900dd8d185f4ccc5a37c6e9edfff91944742"",""c039f9d5010a5957f696533402948cbc010dccba13f62bfe0f38d1365332553a""]",data/derived/covalent_small/covapie_bulk_cys_sg_dataset_expansion_v1/bulk_pilot_v1/cross_source_canonical_event_manifest_v1.json,d3f35987af92fca669b85d62a86914c7a01bf35d867c4a779e7fc08e76445dae,false,SPECIALIST_REACTION_FIELD_EQUALS_SUBSTRATE; LIKELY STATUS ONLY
COVAPIE_CYS_SG_EVENT_V1:1TRG:A:CYS:146-:SG:B:UMP:C6,LIKELY_BIOCHEMICAL_OR_NON_TARGET_GENERATION_EVENT,true,SOURCE_COVBINDERINPDB,CBR002246,source_annotations.reaction,substrate,true,SUPPORTING_TRIAGE_EVIDENCE_ONLY,c039f9d5010a5957f696533402948cbc010dccba13f62bfe0f38d1365332553a,"[""6d05249c83ad24589fd4280c2a8e5665d839cf8ee6c33b5ea0949b40fbe04220"",""82024a09e608af3198f770e932d9900dd8d185f4ccc5a37c6e9edfff91944742"",""c039f9d5010a5957f696533402948cbc010dccba13f62bfe0f38d1365332553a""]",data/derived/covalent_small/covapie_bulk_cys_sg_dataset_expansion_v1/bulk_pilot_v1/cross_source_canonical_event_manifest_v1.json,d3f35987af92fca669b85d62a86914c7a01bf35d867c4a779e7fc08e76445dae,false,SPECIALIST_REACTION_FIELD_EQUALS_SUBSTRATE; LIKELY STATUS ONLY
COVAPIE_CYS_SG_EVENT_V1:1TRG:A:CYS:146-:SG:B:UMP:C6,LIKELY_BIOCHEMICAL_OR_NON_TARGET_GENERATION_EVENT,true,SOURCE_COVBINDERINPDB,CBR002246,source_annotations.warhead,Uridine,false,SUPPORTING_TRIAGE_EVIDENCE_ONLY,c039f9d5010a5957f696533402948cbc010dccba13f62bfe0f38d1365332553a,"[""6d05249c83ad24589fd4280c2a8e5665d839cf8ee6c33b5ea0949b40fbe04220"",""82024a09e608af3198f770e932d9900dd8d185f4ccc5a37c6e9edfff91944742"",""c039f9d5010a5957f696533402948cbc010dccba13f62bfe0f38d1365332553a""]",data/derived/covalent_small/covapie_bulk_cys_sg_dataset_expansion_v1/bulk_pilot_v1/cross_source_canonical_event_manifest_v1.json,d3f35987af92fca669b85d62a86914c7a01bf35d867c4a779e7fc08e76445dae,false,SPECIALIST_REACTION_FIELD_EQUALS_SUBSTRATE; LIKELY STATUS ONLY
COVAPIE_CYS_SG_EVENT_V1:1TRG:A:CYS:146-:SG:B:UMP:C6,LIKELY_BIOCHEMICAL_OR_NON_TARGET_GENERATION_EVENT,true,SOURCE_COVPDB,CovPDB_complexes/1trg/1trg.pdb#LINK00367,source_annotations.covalent_event,explicit PDB LINK CYS-SG to ligand endpoint,false,SUPPORTING_TRIAGE_EVIDENCE_ONLY,6d05249c83ad24589fd4280c2a8e5665d839cf8ee6c33b5ea0949b40fbe04220,"[""6d05249c83ad24589fd4280c2a8e5665d839cf8ee6c33b5ea0949b40fbe04220"",""82024a09e608af3198f770e932d9900dd8d185f4ccc5a37c6e9edfff91944742"",""c039f9d5010a5957f696533402948cbc010dccba13f62bfe0f38d1365332553a""]",data/derived/covalent_small/covapie_bulk_cys_sg_dataset_expansion_v1/bulk_pilot_v1/cross_source_canonical_event_manifest_v1.json,d3f35987af92fca669b85d62a86914c7a01bf35d867c4a779e7fc08e76445dae,false,SPECIALIST_REACTION_FIELD_EQUALS_SUBSTRATE; LIKELY STATUS ONLY
COVAPIE_CYS_SG_EVENT_V1:1TRG:A:CYS:146-:SG:B:UMP:C6,LIKELY_BIOCHEMICAL_OR_NON_TARGET_GENERATION_EVENT,true,SOURCE_RCSB_PDB_DIRECT,1TRG:covale3,source_annotations.covalent_event,covalent bond,false,SUPPORTING_TRIAGE_EVIDENCE_ONLY,,"[""6d05249c83ad24589fd4280c2a8e5665d839cf8ee6c33b5ea0949b40fbe04220"",""82024a09e608af3198f770e932d9900dd8d185f4ccc5a37c6e9edfff91944742"",""c039f9d5010a5957f696533402948cbc010dccba13f62bfe0f38d1365332553a""]",data/derived/covalent_small/covapie_bulk_cys_sg_dataset_expansion_v1/bulk_pilot_v1/cross_source_canonical_event_manifest_v1.json,d3f35987af92fca669b85d62a86914c7a01bf35d867c4a779e7fc08e76445dae,false,SPECIALIST_REACTION_FIELD_EQUALS_SUBSTRATE; LIKELY STATUS ONLY
COVAPIE_CYS_SG_EVENT_V1:1TU6:A:CYS:139-:SG:E:FSP:C23,COVALENT_SMALL_MOLECULE_TASK_RELEVANCE_SUPPORTED,true,SOURCE_COVBINDERINPDB,CBR002423,source_annotations.covalent_event,curated residue-binder reaction record,false,SUPPORTING_TRIAGE_EVIDENCE_ONLY,c039f9d5010a5957f696533402948cbc010dccba13f62bfe0f38d1365332553a,"[""6d05249c83ad24589fd4280c2a8e5665d839cf8ee6c33b5ea0949b40fbe04220"",""82024a09e608af3198f770e932d9900dd8d185f4ccc5a37c6e9edfff91944742"",""c039f9d5010a5957f696533402948cbc010dccba13f62bfe0f38d1365332553a""]",data/derived/covalent_small/covapie_bulk_cys_sg_dataset_expansion_v1/bulk_pilot_v1/cross_source_canonical_event_manifest_v1.json,d3f35987af92fca669b85d62a86914c7a01bf35d867c4a779e7fc08e76445dae,false,SPECIALIST_REACTION_FIELD_IN_EXACT_SUPPORTING_VOCABULARY
COVAPIE_CYS_SG_EVENT_V1:1TU6:A:CYS:139-:SG:E:FSP:C23,COVALENT_SMALL_MOLECULE_TASK_RELEVANCE_SUPPORTED,true,SOURCE_COVBINDERINPDB,CBR002423,source_annotations.reaction,inhibitor,true,SUPPORTING_TRIAGE_EVIDENCE_ONLY,c039f9d5010a5957f696533402948cbc010dccba13f62bfe0f38d1365332553a,"[""6d05249c83ad24589fd4280c2a8e5665d839cf8ee6c33b5ea0949b40fbe04220"",""82024a09e608af3198f770e932d9900dd8d185f4ccc5a37c6e9edfff91944742"",""c039f9d5010a5957f696533402948cbc010dccba13f62bfe0f38d1365332553a""]",data/derived/covalent_small/covapie_bulk_cys_sg_dataset_expansion_v1/bulk_pilot_v1/cross_source_canonical_event_manifest_v1.json,d3f35987af92fca669b85d62a86914c7a01bf35d867c4a779e7fc08e76445dae,false,SPECIALIST_REACTION_FIELD_IN_EXACT_SUPPORTING_VOCABULARY
COVAPIE_CYS_SG_EVENT_V1:1TU6:A:CYS:139-:SG:E:FSP:C23,COVALENT_SMALL_MOLECULE_TASK_RELEVANCE_SUPPORTED,true,SOURCE_COVBINDERINPDB,CBR002423,source_annotations.warhead,α-ketoamide,false,SUPPORTING_TRIAGE_EVIDENCE_ONLY,c039f9d5010a5957f696533402948cbc010dccba13f62bfe0f38d1365332553a,"[""6d05249c83ad24589fd4280c2a8e5665d839cf8ee6c33b5ea0949b40fbe04220"",""82024a09e608af3198f770e932d9900dd8d185f4ccc5a37c6e9edfff91944742"",""c039f9d5010a5957f696533402948cbc010dccba13f62bfe0f38d1365332553a""]",data/derived/covalent_small/covapie_bulk_cys_sg_dataset_expansion_v1/bulk_pilot_v1/cross_source_canonical_event_manifest_v1.json,d3f35987af92fca669b85d62a86914c7a01bf35d867c4a779e7fc08e76445dae,false,SPECIALIST_REACTION_FIELD_IN_EXACT_SUPPORTING_VOCABULARY
COVAPIE_CYS_SG_EVENT_V1:1TU6:A:CYS:139-:SG:E:FSP:C23,COVALENT_SMALL_MOLECULE_TASK_RELEVANCE_SUPPORTED,true,SOURCE_COVPDB,CovPDB_complexes/1tu6/1tu6.pdb#LINK00382,source_annotations.covalent_event,explicit PDB LINK CYS-SG to ligand endpoint,false,SUPPORTING_TRIAGE_EVIDENCE_ONLY,6d05249c83ad24589fd4280c2a8e5665d839cf8ee6c33b5ea0949b40fbe04220,"[""6d05249c83ad24589fd4280c2a8e5665d839cf8ee6c33b5ea0949b40fbe04220"",""82024a09e608af3198f770e932d9900dd8d185f4ccc5a37c6e9edfff91944742"",""c039f9d5010a5957f696533402948cbc010dccba13f62bfe0f38d1365332553a""]",data/derived/covalent_small/covapie_bulk_cys_sg_dataset_expansion_v1/bulk_pilot_v1/cross_source_canonical_event_manifest_v1.json,d3f35987af92fca669b85d62a86914c7a01bf35d867c4a779e7fc08e76445dae,false,SPECIALIST_REACTION_FIELD_IN_EXACT_SUPPORTING_VOCABULARY
COVAPIE_CYS_SG_EVENT_V1:1TU6:A:CYS:139-:SG:E:FSP:C23,COVALENT_SMALL_MOLECULE_TASK_RELEVANCE_SUPPORTED,true,SOURCE_RCSB_PDB_DIRECT,1TU6:covale1,source_annotations.covalent_event,covalent bond,false,SUPPORTING_TRIAGE_EVIDENCE_ONLY,,"[""6d05249c83ad24589fd4280c2a8e5665d839cf8ee6c33b5ea0949b40fbe04220"",""82024a09e608af3198f770e932d9900dd8d185f4ccc5a37c6e9edfff91944742"",""c039f9d5010a5957f696533402948cbc010dccba13f62bfe0f38d1365332553a""]",data/derived/covalent_small/covapie_bulk_cys_sg_dataset_expansion_v1/bulk_pilot_v1/cross_source_canonical_event_manifest_v1.json,d3f35987af92fca669b85d62a86914c7a01bf35d867c4a779e7fc08e76445dae,false,SPECIALIST_REACTION_FIELD_IN_EXACT_SUPPORTING_VOCABULARY
COVAPIE_CYS_SG_EVENT_V1:1TU6:B:CYS:139-:SG:G:FSP:C23,COVALENT_SMALL_MOLECULE_TASK_RELEVANCE_SUPPORTED,true,SOURCE_COVBINDERINPDB,CBR002424,source_annotations.covalent_event,curated residue-binder reaction record,false,SUPPORTING_TRIAGE_EVIDENCE_ONLY,c039f9d5010a5957f696533402948cbc010dccba13f62bfe0f38d1365332553a,"[""6d05249c83ad24589fd4280c2a8e5665d839cf8ee6c33b5ea0949b40fbe04220"",""82024a09e608af3198f770e932d9900dd8d185f4ccc5a37c6e9edfff91944742"",""c039f9d5010a5957f696533402948cbc010dccba13f62bfe0f38d1365332553a""]",data/derived/covalent_small/covapie_bulk_cys_sg_dataset_expansion_v1/bulk_pilot_v1/cross_source_canonical_event_manifest_v1.json,d3f35987af92fca669b85d62a86914c7a01bf35d867c4a779e7fc08e76445dae,false,SPECIALIST_REACTION_FIELD_IN_EXACT_SUPPORTING_VOCABULARY
COVAPIE_CYS_SG_EVENT_V1:1TU6:B:CYS:139-:SG:G:FSP:C23,COVALENT_SMALL_MOLECULE_TASK_RELEVANCE_SUPPORTED,true,SOURCE_COVBINDERINPDB,CBR002424,source_annotations.reaction,inhibitor,true,SUPPORTING_TRIAGE_EVIDENCE_ONLY,c039f9d5010a5957f696533402948cbc010dccba13f62bfe0f38d1365332553a,"[""6d05249c83ad24589fd4280c2a8e5665d839cf8ee6c33b5ea0949b40fbe04220"",""82024a09e608af3198f770e932d9900dd8d185f4ccc5a37c6e9edfff91944742"",""c039f9d5010a5957f696533402948cbc010dccba13f62bfe0f38d1365332553a""]",data/derived/covalent_small/covapie_bulk_cys_sg_dataset_expansion_v1/bulk_pilot_v1/cross_source_canonical_event_manifest_v1.json,d3f35987af92fca669b85d62a86914c7a01bf35d867c4a779e7fc08e76445dae,false,SPECIALIST_REACTION_FIELD_IN_EXACT_SUPPORTING_VOCABULARY
COVAPIE_CYS_SG_EVENT_V1:1TU6:B:CYS:139-:SG:G:FSP:C23,COVALENT_SMALL_MOLECULE_TASK_RELEVANCE_SUPPORTED,true,SOURCE_COVBINDERINPDB,CBR002424,source_annotations.warhead,α-ketoamide,false,SUPPORTING_TRIAGE_EVIDENCE_ONLY,c039f9d5010a5957f696533402948cbc010dccba13f62bfe0f38d1365332553a,"[""6d05249c83ad24589fd4280c2a8e5665d839cf8ee6c33b5ea0949b40fbe04220"",""82024a09e608af3198f770e932d9900dd8d185f4ccc5a37c6e9edfff91944742"",""c039f9d5010a5957f696533402948cbc010dccba13f62bfe0f38d1365332553a""]",data/derived/covalent_small/covapie_bulk_cys_sg_dataset_expansion_v1/bulk_pilot_v1/cross_source_canonical_event_manifest_v1.json,d3f35987af92fca669b85d62a86914c7a01bf35d867c4a779e7fc08e76445dae,false,SPECIALIST_REACTION_FIELD_IN_EXACT_SUPPORTING_VOCABULARY
COVAPIE_CYS_SG_EVENT_V1:1TU6:B:CYS:139-:SG:G:FSP:C23,COVALENT_SMALL_MOLECULE_TASK_RELEVANCE_SUPPORTED,true,SOURCE_COVPDB,CovPDB_complexes/1tu6/1tu6.pdb#LINK00383,source_annotations.covalent_event,explicit PDB LINK CYS-SG to ligand endpoint,false,SUPPORTING_TRIAGE_EVIDENCE_ONLY,6d05249c83ad24589fd4280c2a8e5665d839cf8ee6c33b5ea0949b40fbe04220,"[""6d05249c83ad24589fd4280c2a8e5665d839cf8ee6c33b5ea0949b40fbe04220"",""82024a09e608af3198f770e932d9900dd8d185f4ccc5a37c6e9edfff91944742"",""c039f9d5010a5957f696533402948cbc010dccba13f62bfe0f38d1365332553a""]",data/derived/covalent_small/covapie_bulk_cys_sg_dataset_expansion_v1/bulk_pilot_v1/cross_source_canonical_event_manifest_v1.json,d3f35987af92fca669b85d62a86914c7a01bf35d867c4a779e7fc08e76445dae,false,SPECIALIST_REACTION_FIELD_IN_EXACT_SUPPORTING_VOCABULARY
COVAPIE_CYS_SG_EVENT_V1:1TU6:B:CYS:139-:SG:G:FSP:C23,COVALENT_SMALL_MOLECULE_TASK_RELEVANCE_SUPPORTED,true,SOURCE_RCSB_PDB_DIRECT,1TU6:covale2,source_annotations.covalent_event,covalent bond,false,SUPPORTING_TRIAGE_EVIDENCE_ONLY,,"[""6d05249c83ad24589fd4280c2a8e5665d839cf8ee6c33b5ea0949b40fbe04220"",""82024a09e608af3198f770e932d9900dd8d185f4ccc5a37c6e9edfff91944742"",""c039f9d5010a5957f696533402948cbc010dccba13f62bfe0f38d1365332553a""]",data/derived/covalent_small/covapie_bulk_cys_sg_dataset_expansion_v1/bulk_pilot_v1/cross_source_canonical_event_manifest_v1.json,d3f35987af92fca669b85d62a86914c7a01bf35d867c4a779e7fc08e76445dae,false,SPECIALIST_REACTION_FIELD_IN_EXACT_SUPPORTING_VOCABULARY
COVAPIE_CYS_SG_EVENT_V1:1WOF:A:CYS:145-:SG:C:I12:C21,COVALENT_SMALL_MOLECULE_TASK_RELEVANCE_SUPPORTED,true,SOURCE_COVBINDERINPDB,CBR002098,source_annotations.covalent_event,curated residue-binder reaction record,false,SUPPORTING_TRIAGE_EVIDENCE_ONLY,c039f9d5010a5957f696533402948cbc010dccba13f62bfe0f38d1365332553a,"[""6d05249c83ad24589fd4280c2a8e5665d839cf8ee6c33b5ea0949b40fbe04220"",""82024a09e608af3198f770e932d9900dd8d185f4ccc5a37c6e9edfff91944742"",""c039f9d5010a5957f696533402948cbc010dccba13f62bfe0f38d1365332553a""]",data/derived/covalent_small/covapie_bulk_cys_sg_dataset_expansion_v1/bulk_pilot_v1/cross_source_canonical_event_manifest_v1.json,d3f35987af92fca669b85d62a86914c7a01bf35d867c4a779e7fc08e76445dae,false,SPECIALIST_REACTION_FIELD_IN_EXACT_SUPPORTING_VOCABULARY
COVAPIE_CYS_SG_EVENT_V1:1WOF:A:CYS:145-:SG:C:I12:C21,COVALENT_SMALL_MOLECULE_TASK_RELEVANCE_SUPPORTED,true,SOURCE_COVBINDERINPDB,CBR002098,source_annotations.reaction,inhibitor,true,SUPPORTING_TRIAGE_EVIDENCE_ONLY,c039f9d5010a5957f696533402948cbc010dccba13f62bfe0f38d1365332553a,"[""6d05249c83ad24589fd4280c2a8e5665d839cf8ee6c33b5ea0949b40fbe04220"",""82024a09e608af3198f770e932d9900dd8d185f4ccc5a37c6e9edfff91944742"",""c039f9d5010a5957f696533402948cbc010dccba13f62bfe0f38d1365332553a""]",data/derived/covalent_small/covapie_bulk_cys_sg_dataset_expansion_v1/bulk_pilot_v1/cross_source_canonical_event_manifest_v1.json,d3f35987af92fca669b85d62a86914c7a01bf35d867c4a779e7fc08e76445dae,false,SPECIALIST_REACTION_FIELD_IN_EXACT_SUPPORTING_VOCABULARY
COVAPIE_CYS_SG_EVENT_V1:1WOF:A:CYS:145-:SG:C:I12:C21,COVALENT_SMALL_MOLECULE_TASK_RELEVANCE_SUPPORTED,true,SOURCE_COVBINDERINPDB,CBR002098,source_annotations.warhead,Acrylate,false,SUPPORTING_TRIAGE_EVIDENCE_ONLY,c039f9d5010a5957f696533402948cbc010dccba13f62bfe0f38d1365332553a,"[""6d05249c83ad24589fd4280c2a8e5665d839cf8ee6c33b5ea0949b40fbe04220"",""82024a09e608af3198f770e932d9900dd8d185f4ccc5a37c6e9edfff91944742"",""c039f9d5010a5957f696533402948cbc010dccba13f62bfe0f38d1365332553a""]",data/derived/covalent_small/covapie_bulk_cys_sg_dataset_expansion_v1/bulk_pilot_v1/cross_source_canonical_event_manifest_v1.json,d3f35987af92fca669b85d62a86914c7a01bf35d867c4a779e7fc08e76445dae,false,SPECIALIST_REACTION_FIELD_IN_EXACT_SUPPORTING_VOCABULARY
COVAPIE_CYS_SG_EVENT_V1:1WOF:A:CYS:145-:SG:C:I12:C21,COVALENT_SMALL_MOLECULE_TASK_RELEVANCE_SUPPORTED,true,SOURCE_COVPDB,CovPDB_complexes/1wof/1wof.pdb#LINK00420,source_annotations.covalent_event,explicit PDB LINK CYS-SG to ligand endpoint,false,SUPPORTING_TRIAGE_EVIDENCE_ONLY,6d05249c83ad24589fd4280c2a8e5665d839cf8ee6c33b5ea0949b40fbe04220,"[""6d05249c83ad24589fd4280c2a8e5665d839cf8ee6c33b5ea0949b40fbe04220"",""82024a09e608af3198f770e932d9900dd8d185f4ccc5a37c6e9edfff91944742"",""c039f9d5010a5957f696533402948cbc010dccba13f62bfe0f38d1365332553a""]",data/derived/covalent_small/covapie_bulk_cys_sg_dataset_expansion_v1/bulk_pilot_v1/cross_source_canonical_event_manifest_v1.json,d3f35987af92fca669b85d62a86914c7a01bf35d867c4a779e7fc08e76445dae,false,SPECIALIST_REACTION_FIELD_IN_EXACT_SUPPORTING_VOCABULARY
COVAPIE_CYS_SG_EVENT_V1:1WOF:A:CYS:145-:SG:C:I12:C21,COVALENT_SMALL_MOLECULE_TASK_RELEVANCE_SUPPORTED,true,SOURCE_RCSB_PDB_DIRECT,1WOF:covale1,source_annotations.covalent_event,covalent bond,false,SUPPORTING_TRIAGE_EVIDENCE_ONLY,,"[""6d05249c83ad24589fd4280c2a8e5665d839cf8ee6c33b5ea0949b40fbe04220"",""82024a09e608af3198f770e932d9900dd8d185f4ccc5a37c6e9edfff91944742"",""c039f9d5010a5957f696533402948cbc010dccba13f62bfe0f38d1365332553a""]",data/derived/covalent_small/covapie_bulk_cys_sg_dataset_expansion_v1/bulk_pilot_v1/cross_source_canonical_event_manifest_v1.json,d3f35987af92fca669b85d62a86914c7a01bf35d867c4a779e7fc08e76445dae,false,SPECIALIST_REACTION_FIELD_IN_EXACT_SUPPORTING_VOCABULARY
COVAPIE_CYS_SG_EVENT_V1:1WOF:B:CYS:145-:SG:D:I12:C21,COVALENT_SMALL_MOLECULE_TASK_RELEVANCE_SUPPORTED,true,SOURCE_COVBINDERINPDB,CBR002099,source_annotations.covalent_event,curated residue-binder reaction record,false,SUPPORTING_TRIAGE_EVIDENCE_ONLY,c039f9d5010a5957f696533402948cbc010dccba13f62bfe0f38d1365332553a,"[""6d05249c83ad24589fd4280c2a8e5665d839cf8ee6c33b5ea0949b40fbe04220"",""82024a09e608af3198f770e932d9900dd8d185f4ccc5a37c6e9edfff91944742"",""c039f9d5010a5957f696533402948cbc010dccba13f62bfe0f38d1365332553a""]",data/derived/covalent_small/covapie_bulk_cys_sg_dataset_expansion_v1/bulk_pilot_v1/cross_source_canonical_event_manifest_v1.json,d3f35987af92fca669b85d62a86914c7a01bf35d867c4a779e7fc08e76445dae,false,SPECIALIST_REACTION_FIELD_IN_EXACT_SUPPORTING_VOCABULARY
COVAPIE_CYS_SG_EVENT_V1:1WOF:B:CYS:145-:SG:D:I12:C21,COVALENT_SMALL_MOLECULE_TASK_RELEVANCE_SUPPORTED,true,SOURCE_COVBINDERINPDB,CBR002099,source_annotations.reaction,inhibitor,true,SUPPORTING_TRIAGE_EVIDENCE_ONLY,c039f9d5010a5957f696533402948cbc010dccba13f62bfe0f38d1365332553a,"[""6d05249c83ad24589fd4280c2a8e5665d839cf8ee6c33b5ea0949b40fbe04220"",""82024a09e608af3198f770e932d9900dd8d185f4ccc5a37c6e9edfff91944742"",""c039f9d5010a5957f696533402948cbc010dccba13f62bfe0f38d1365332553a""]",data/derived/covalent_small/covapie_bulk_cys_sg_dataset_expansion_v1/bulk_pilot_v1/cross_source_canonical_event_manifest_v1.json,d3f35987af92fca669b85d62a86914c7a01bf35d867c4a779e7fc08e76445dae,false,SPECIALIST_REACTION_FIELD_IN_EXACT_SUPPORTING_VOCABULARY
COVAPIE_CYS_SG_EVENT_V1:1WOF:B:CYS:145-:SG:D:I12:C21,COVALENT_SMALL_MOLECULE_TASK_RELEVANCE_SUPPORTED,true,SOURCE_COVBINDERINPDB,CBR002099,source_annotations.warhead,Acrylate,false,SUPPORTING_TRIAGE_EVIDENCE_ONLY,c039f9d5010a5957f696533402948cbc010dccba13f62bfe0f38d1365332553a,"[""6d05249c83ad24589fd4280c2a8e5665d839cf8ee6c33b5ea0949b40fbe04220"",""82024a09e608af3198f770e932d9900dd8d185f4ccc5a37c6e9edfff91944742"",""c039f9d5010a5957f696533402948cbc010dccba13f62bfe0f38d1365332553a""]",data/derived/covalent_small/covapie_bulk_cys_sg_dataset_expansion_v1/bulk_pilot_v1/cross_source_canonical_event_manifest_v1.json,d3f35987af92fca669b85d62a86914c7a01bf35d867c4a779e7fc08e76445dae,false,SPECIALIST_REACTION_FIELD_IN_EXACT_SUPPORTING_VOCABULARY
COVAPIE_CYS_SG_EVENT_V1:1WOF:B:CYS:145-:SG:D:I12:C21,COVALENT_SMALL_MOLECULE_TASK_RELEVANCE_SUPPORTED,true,SOURCE_COVPDB,CovPDB_complexes/1wof/1wof.pdb#LINK00421,source_annotations.covalent_event,explicit PDB LINK CYS-SG to ligand endpoint,false,SUPPORTING_TRIAGE_EVIDENCE_ONLY,6d05249c83ad24589fd4280c2a8e5665d839cf8ee6c33b5ea0949b40fbe04220,"[""6d05249c83ad24589fd4280c2a8e5665d839cf8ee6c33b5ea0949b40fbe04220"",""82024a09e608af3198f770e932d9900dd8d185f4ccc5a37c6e9edfff91944742"",""c039f9d5010a5957f696533402948cbc010dccba13f62bfe0f38d1365332553a""]",data/derived/covalent_small/covapie_bulk_cys_sg_dataset_expansion_v1/bulk_pilot_v1/cross_source_canonical_event_manifest_v1.json,d3f35987af92fca669b85d62a86914c7a01bf35d867c4a779e7fc08e76445dae,false,SPECIALIST_REACTION_FIELD_IN_EXACT_SUPPORTING_VOCABULARY
COVAPIE_CYS_SG_EVENT_V1:1WOF:B:CYS:145-:SG:D:I12:C21,COVALENT_SMALL_MOLECULE_TASK_RELEVANCE_SUPPORTED,true,SOURCE_RCSB_PDB_DIRECT,1WOF:covale2,source_annotations.covalent_event,covalent bond,false,SUPPORTING_TRIAGE_EVIDENCE_ONLY,,"[""6d05249c83ad24589fd4280c2a8e5665d839cf8ee6c33b5ea0949b40fbe04220"",""82024a09e608af3198f770e932d9900dd8d185f4ccc5a37c6e9edfff91944742"",""c039f9d5010a5957f696533402948cbc010dccba13f62bfe0f38d1365332553a""]",data/derived/covalent_small/covapie_bulk_cys_sg_dataset_expansion_v1/bulk_pilot_v1/cross_source_canonical_event_manifest_v1.json,d3f35987af92fca669b85d62a86914c7a01bf35d867c4a779e7fc08e76445dae,false,SPECIALIST_REACTION_FIELD_IN_EXACT_SUPPORTING_VOCABULARY
COVAPIE_CYS_SG_EVENT_V1:1XD3:A:CYS:95-:SG:H:GVE:CB,COVALENT_SMALL_MOLECULE_TASK_RELEVANCE_SUPPORTED,true,SOURCE_COVBINDERINPDB,CBR000930,source_annotations.covalent_event,curated residue-binder reaction record,false,SUPPORTING_TRIAGE_EVIDENCE_ONLY,c039f9d5010a5957f696533402948cbc010dccba13f62bfe0f38d1365332553a,"[""c039f9d5010a5957f696533402948cbc010dccba13f62bfe0f38d1365332553a"",""cf410ecbecc65a9cb6f67ee12539350fa1b7a148c2fc307af31e424e06a24fd1""]",data/derived/covalent_small/covapie_bulk_cys_sg_dataset_expansion_v1/bulk_pilot_v1/cross_source_canonical_event_manifest_v1.json,d3f35987af92fca669b85d62a86914c7a01bf35d867c4a779e7fc08e76445dae,false,SPECIALIST_REACTION_FIELD_IN_EXACT_SUPPORTING_VOCABULARY
COVAPIE_CYS_SG_EVENT_V1:1XD3:A:CYS:95-:SG:H:GVE:CB,COVALENT_SMALL_MOLECULE_TASK_RELEVANCE_SUPPORTED,true,SOURCE_COVBINDERINPDB,CBR000930,source_annotations.reaction,inhibitor,true,SUPPORTING_TRIAGE_EVIDENCE_ONLY,c039f9d5010a5957f696533402948cbc010dccba13f62bfe0f38d1365332553a,"[""c039f9d5010a5957f696533402948cbc010dccba13f62bfe0f38d1365332553a"",""cf410ecbecc65a9cb6f67ee12539350fa1b7a148c2fc307af31e424e06a24fd1""]",data/derived/covalent_small/covapie_bulk_cys_sg_dataset_expansion_v1/bulk_pilot_v1/cross_source_canonical_event_manifest_v1.json,d3f35987af92fca669b85d62a86914c7a01bf35d867c4a779e7fc08e76445dae,false,SPECIALIST_REACTION_FIELD_IN_EXACT_SUPPORTING_VOCABULARY
COVAPIE_CYS_SG_EVENT_V1:1XD3:A:CYS:95-:SG:H:GVE:CB,COVALENT_SMALL_MOLECULE_TASK_RELEVANCE_SUPPORTED,true,SOURCE_COVBINDERINPDB,CBR000930,source_annotations.warhead,Acrylate,false,SUPPORTING_TRIAGE_EVIDENCE_ONLY,c039f9d5010a5957f696533402948cbc010dccba13f62bfe0f38d1365332553a,"[""c039f9d5010a5957f696533402948cbc010dccba13f62bfe0f38d1365332553a"",""cf410ecbecc65a9cb6f67ee12539350fa1b7a148c2fc307af31e424e06a24fd1""]",data/derived/covalent_small/covapie_bulk_cys_sg_dataset_expansion_v1/bulk_pilot_v1/cross_source_canonical_event_manifest_v1.json,d3f35987af92fca669b85d62a86914c7a01bf35d867c4a779e7fc08e76445dae,false,SPECIALIST_REACTION_FIELD_IN_EXACT_SUPPORTING_VOCABULARY
COVAPIE_CYS_SG_EVENT_V1:1XD3:A:CYS:95-:SG:H:GVE:CB,COVALENT_SMALL_MOLECULE_TASK_RELEVANCE_SUPPORTED,true,SOURCE_RCSB_PDB_DIRECT,1XD3:covale2,source_annotations.covalent_event,covalent bond,false,SUPPORTING_TRIAGE_EVIDENCE_ONLY,,"[""c039f9d5010a5957f696533402948cbc010dccba13f62bfe0f38d1365332553a"",""cf410ecbecc65a9cb6f67ee12539350fa1b7a148c2fc307af31e424e06a24fd1""]",data/derived/covalent_small/covapie_bulk_cys_sg_dataset_expansion_v1/bulk_pilot_v1/cross_source_canonical_event_manifest_v1.json,d3f35987af92fca669b85d62a86914c7a01bf35d867c4a779e7fc08e76445dae,false,SPECIALIST_REACTION_FIELD_IN_EXACT_SUPPORTING_VOCABULARY
COVAPIE_CYS_SG_EVENT_V1:1XD3:C:CYS:95-:SG:P:GVE:CB,COVALENT_SMALL_MOLECULE_TASK_RELEVANCE_SUPPORTED,true,SOURCE_COVBINDERINPDB,CBR000929,source_annotations.covalent_event,curated residue-binder reaction record,false,SUPPORTING_TRIAGE_EVIDENCE_ONLY,c039f9d5010a5957f696533402948cbc010dccba13f62bfe0f38d1365332553a,"[""c039f9d5010a5957f696533402948cbc010dccba13f62bfe0f38d1365332553a"",""cf410ecbecc65a9cb6f67ee12539350fa1b7a148c2fc307af31e424e06a24fd1""]",data/derived/covalent_small/covapie_bulk_cys_sg_dataset_expansion_v1/bulk_pilot_v1/cross_source_canonical_event_manifest_v1.json,d3f35987af92fca669b85d62a86914c7a01bf35d867c4a779e7fc08e76445dae,false,SPECIALIST_REACTION_FIELD_IN_EXACT_SUPPORTING_VOCABULARY
COVAPIE_CYS_SG_EVENT_V1:1XD3:C:CYS:95-:SG:P:GVE:CB,COVALENT_SMALL_MOLECULE_TASK_RELEVANCE_SUPPORTED,true,SOURCE_COVBINDERINPDB,CBR000929,source_annotations.reaction,inhibitor,true,SUPPORTING_TRIAGE_EVIDENCE_ONLY,c039f9d5010a5957f696533402948cbc010dccba13f62bfe0f38d1365332553a,"[""c039f9d5010a5957f696533402948cbc010dccba13f62bfe0f38d1365332553a"",""cf410ecbecc65a9cb6f67ee12539350fa1b7a148c2fc307af31e424e06a24fd1""]",data/derived/covalent_small/covapie_bulk_cys_sg_dataset_expansion_v1/bulk_pilot_v1/cross_source_canonical_event_manifest_v1.json,d3f35987af92fca669b85d62a86914c7a01bf35d867c4a779e7fc08e76445dae,false,SPECIALIST_REACTION_FIELD_IN_EXACT_SUPPORTING_VOCABULARY
COVAPIE_CYS_SG_EVENT_V1:1XD3:C:CYS:95-:SG:P:GVE:CB,COVALENT_SMALL_MOLECULE_TASK_RELEVANCE_SUPPORTED,true,SOURCE_COVBINDERINPDB,CBR000929,source_annotations.warhead,Acrylate,false,SUPPORTING_TRIAGE_EVIDENCE_ONLY,c039f9d5010a5957f696533402948cbc010dccba13f62bfe0f38d1365332553a,"[""c039f9d5010a5957f696533402948cbc010dccba13f62bfe0f38d1365332553a"",""cf410ecbecc65a9cb6f67ee12539350fa1b7a148c2fc307af31e424e06a24fd1""]",data/derived/covalent_small/covapie_bulk_cys_sg_dataset_expansion_v1/bulk_pilot_v1/cross_source_canonical_event_manifest_v1.json,d3f35987af92fca669b85d62a86914c7a01bf35d867c4a779e7fc08e76445dae,false,SPECIALIST_REACTION_FIELD_IN_EXACT_SUPPORTING_VOCABULARY
COVAPIE_CYS_SG_EVENT_V1:1XD3:C:CYS:95-:SG:P:GVE:CB,COVALENT_SMALL_MOLECULE_TASK_RELEVANCE_SUPPORTED,true,SOURCE_RCSB_PDB_DIRECT,1XD3:covale6,source_annotations.covalent_event,covalent bond,false,SUPPORTING_TRIAGE_EVIDENCE_ONLY,,"[""c039f9d5010a5957f696533402948cbc010dccba13f62bfe0f38d1365332553a"",""cf410ecbecc65a9cb6f67ee12539350fa1b7a148c2fc307af31e424e06a24fd1""]",data/derived/covalent_small/covapie_bulk_cys_sg_dataset_expansion_v1/bulk_pilot_v1/cross_source_canonical_event_manifest_v1.json,d3f35987af92fca669b85d62a86914c7a01bf35d867c4a779e7fc08e76445dae,false,SPECIALIST_REACTION_FIELD_IN_EXACT_SUPPORTING_VOCABULARY
COVAPIE_CYS_SG_EVENT_V1:1ZPR:A:CYS:146-:SG:C:UMP:C6,LIKELY_BIOCHEMICAL_OR_NON_TARGET_GENERATION_EVENT,true,SOURCE_COVBINDERINPDB,CBR004230,source_annotations.covalent_event,curated residue-binder reaction record,false,SUPPORTING_TRIAGE_EVIDENCE_ONLY,c039f9d5010a5957f696533402948cbc010dccba13f62bfe0f38d1365332553a,"[""c039f9d5010a5957f696533402948cbc010dccba13f62bfe0f38d1365332553a"",""cf410ecbecc65a9cb6f67ee12539350fa1b7a148c2fc307af31e424e06a24fd1""]",data/derived/covalent_small/covapie_bulk_cys_sg_dataset_expansion_v1/bulk_pilot_v1/cross_source_canonical_event_manifest_v1.json,d3f35987af92fca669b85d62a86914c7a01bf35d867c4a779e7fc08e76445dae,false,SPECIALIST_REACTION_FIELD_EQUALS_SUBSTRATE; LIKELY STATUS ONLY
COVAPIE_CYS_SG_EVENT_V1:1ZPR:A:CYS:146-:SG:C:UMP:C6,LIKELY_BIOCHEMICAL_OR_NON_TARGET_GENERATION_EVENT,true,SOURCE_COVBINDERINPDB,CBR004230,source_annotations.reaction,substrate,true,SUPPORTING_TRIAGE_EVIDENCE_ONLY,c039f9d5010a5957f696533402948cbc010dccba13f62bfe0f38d1365332553a,"[""c039f9d5010a5957f696533402948cbc010dccba13f62bfe0f38d1365332553a"",""cf410ecbecc65a9cb6f67ee12539350fa1b7a148c2fc307af31e424e06a24fd1""]",data/derived/covalent_small/covapie_bulk_cys_sg_dataset_expansion_v1/bulk_pilot_v1/cross_source_canonical_event_manifest_v1.json,d3f35987af92fca669b85d62a86914c7a01bf35d867c4a779e7fc08e76445dae,false,SPECIALIST_REACTION_FIELD_EQUALS_SUBSTRATE; LIKELY STATUS ONLY
COVAPIE_CYS_SG_EVENT_V1:1ZPR:A:CYS:146-:SG:C:UMP:C6,LIKELY_BIOCHEMICAL_OR_NON_TARGET_GENERATION_EVENT,true,SOURCE_COVBINDERINPDB,CBR004230,source_annotations.warhead,Uridine,false,SUPPORTING_TRIAGE_EVIDENCE_ONLY,c039f9d5010a5957f696533402948cbc010dccba13f62bfe0f38d1365332553a,"[""c039f9d5010a5957f696533402948cbc010dccba13f62bfe0f38d1365332553a"",""cf410ecbecc65a9cb6f67ee12539350fa1b7a148c2fc307af31e424e06a24fd1""]",data/derived/covalent_small/covapie_bulk_cys_sg_dataset_expansion_v1/bulk_pilot_v1/cross_source_canonical_event_manifest_v1.json,d3f35987af92fca669b85d62a86914c7a01bf35d867c4a779e7fc08e76445dae,false,SPECIALIST_REACTION_FIELD_EQUALS_SUBSTRATE; LIKELY STATUS ONLY
COVAPIE_CYS_SG_EVENT_V1:1ZPR:A:CYS:146-:SG:C:UMP:C6,LIKELY_BIOCHEMICAL_OR_NON_TARGET_GENERATION_EVENT,true,SOURCE_RCSB_PDB_DIRECT,1ZPR:covale2,source_annotations.covalent_event,covalent bond,false,SUPPORTING_TRIAGE_EVIDENCE_ONLY,,"[""c039f9d5010a5957f696533402948cbc010dccba13f62bfe0f38d1365332553a"",""cf410ecbecc65a9cb6f67ee12539350fa1b7a148c2fc307af31e424e06a24fd1""]",data/derived/covalent_small/covapie_bulk_cys_sg_dataset_expansion_v1/bulk_pilot_v1/cross_source_canonical_event_manifest_v1.json,d3f35987af92fca669b85d62a86914c7a01bf35d867c4a779e7fc08e76445dae,false,SPECIALIST_REACTION_FIELD_EQUALS_SUBSTRATE; LIKELY STATUS ONLY
COVAPIE_CYS_SG_EVENT_V1:207L:A:CYS:95-:SG:B:SC2:SG,TASK_RELEVANCE_EVIDENCE_INSUFFICIENT,true,SOURCE_COVPDB,CovPDB_complexes/207l/207l.pdb#LINK00333,source_annotations.covalent_event,explicit PDB LINK CYS-SG to ligand endpoint,false,SUPPORTING_TRIAGE_EVIDENCE_ONLY,6d05249c83ad24589fd4280c2a8e5665d839cf8ee6c33b5ea0949b40fbe04220,"[""6d05249c83ad24589fd4280c2a8e5665d839cf8ee6c33b5ea0949b40fbe04220"",""c192394533ea90cf0c74af99782b105bbb4694dd2c299c6337f74baf50acbf09""]",data/derived/covalent_small/covapie_bulk_cys_sg_dataset_expansion_v1/bulk_pilot_v1/cross_source_canonical_event_manifest_v1.json,d3f35987af92fca669b85d62a86914c7a01bf35d867c4a779e7fc08e76445dae,false,NO_SPECIALIST_REACTION_FIELD; HUMAN REVIEW REQUIRED
COVAPIE_CYS_SG_EVENT_V1:207L:A:CYS:95-:SG:B:SC2:SG,TASK_RELEVANCE_EVIDENCE_INSUFFICIENT,true,SOURCE_RCSB_PDB_DIRECT,207L:covale1,source_annotations.covalent_event,covalent bond,false,SUPPORTING_TRIAGE_EVIDENCE_ONLY,,"[""6d05249c83ad24589fd4280c2a8e5665d839cf8ee6c33b5ea0949b40fbe04220"",""c192394533ea90cf0c74af99782b105bbb4694dd2c299c6337f74baf50acbf09""]",data/derived/covalent_small/covapie_bulk_cys_sg_dataset_expansion_v1/bulk_pilot_v1/cross_source_canonical_event_manifest_v1.json,d3f35987af92fca669b85d62a86914c7a01bf35d867c4a779e7fc08e76445dae,false,NO_SPECIALIST_REACTION_FIELD; HUMAN REVIEW REQUIRED
COVAPIE_CYS_SG_EVENT_V1:2A5I:A:CYS:145-:SG:B:AZP:CBM,TASK_RELEVANCE_EVIDENCE_INSUFFICIENT,true,SOURCE_COVPDB,CovPDB_complexes/2a5i/2a5i.pdb#LINK00516,source_annotations.covalent_event,explicit PDB LINK CYS-SG to ligand endpoint,false,SUPPORTING_TRIAGE_EVIDENCE_ONLY,6d05249c83ad24589fd4280c2a8e5665d839cf8ee6c33b5ea0949b40fbe04220,"[""6d05249c83ad24589fd4280c2a8e5665d839cf8ee6c33b5ea0949b40fbe04220"",""c192394533ea90cf0c74af99782b105bbb4694dd2c299c6337f74baf50acbf09""]",data/derived/covalent_small/covapie_bulk_cys_sg_dataset_expansion_v1/bulk_pilot_v1/cross_source_canonical_event_manifest_v1.json,d3f35987af92fca669b85d62a86914c7a01bf35d867c4a779e7fc08e76445dae,false,NO_SPECIALIST_REACTION_FIELD; HUMAN REVIEW REQUIRED
COVAPIE_CYS_SG_EVENT_V1:2A5I:A:CYS:145-:SG:B:AZP:CBM,TASK_RELEVANCE_EVIDENCE_INSUFFICIENT,true,SOURCE_RCSB_PDB_DIRECT,2A5I:covale1,source_annotations.covalent_event,covalent bond,false,SUPPORTING_TRIAGE_EVIDENCE_ONLY,,"[""6d05249c83ad24589fd4280c2a8e5665d839cf8ee6c33b5ea0949b40fbe04220"",""c192394533ea90cf0c74af99782b105bbb4694dd2c299c6337f74baf50acbf09""]",data/derived/covalent_small/covapie_bulk_cys_sg_dataset_expansion_v1/bulk_pilot_v1/cross_source_canonical_event_manifest_v1.json,d3f35987af92fca669b85d62a86914c7a01bf35d867c4a779e7fc08e76445dae,false,NO_SPECIALIST_REACTION_FIELD; HUMAN REVIEW REQUIRED
COVAPIE_CYS_SG_EVENT_V1:2A5K:A:CYS:145-:SG:C:AZP:CBM,TASK_RELEVANCE_EVIDENCE_INSUFFICIENT,true,SOURCE_COVPDB,CovPDB_complexes/2a5k/2a5k.pdb#LINK00519,source_annotations.covalent_event,explicit PDB LINK CYS-SG to ligand endpoint,false,SUPPORTING_TRIAGE_EVIDENCE_ONLY,6d05249c83ad24589fd4280c2a8e5665d839cf8ee6c33b5ea0949b40fbe04220,"[""6d05249c83ad24589fd4280c2a8e5665d839cf8ee6c33b5ea0949b40fbe04220"",""c192394533ea90cf0c74af99782b105bbb4694dd2c299c6337f74baf50acbf09""]",data/derived/covalent_small/covapie_bulk_cys_sg_dataset_expansion_v1/bulk_pilot_v1/cross_source_canonical_event_manifest_v1.json,d3f35987af92fca669b85d62a86914c7a01bf35d867c4a779e7fc08e76445dae,false,NO_SPECIALIST_REACTION_FIELD; HUMAN REVIEW REQUIRED
COVAPIE_CYS_SG_EVENT_V1:2A5K:A:CYS:145-:SG:C:AZP:CBM,TASK_RELEVANCE_EVIDENCE_INSUFFICIENT,true,SOURCE_RCSB_PDB_DIRECT,2A5K:covale1,source_annotations.covalent_event,covalent bond,false,SUPPORTING_TRIAGE_EVIDENCE_ONLY,,"[""6d05249c83ad24589fd4280c2a8e5665d839cf8ee6c33b5ea0949b40fbe04220"",""c192394533ea90cf0c74af99782b105bbb4694dd2c299c6337f74baf50acbf09""]",data/derived/covalent_small/covapie_bulk_cys_sg_dataset_expansion_v1/bulk_pilot_v1/cross_source_canonical_event_manifest_v1.json,d3f35987af92fca669b85d62a86914c7a01bf35d867c4a779e7fc08e76445dae,false,NO_SPECIALIST_REACTION_FIELD; HUMAN REVIEW REQUIRED
COVAPIE_CYS_SG_EVENT_V1:2A5K:B:CYS:145-:SG:D:AZP:CBM,TASK_RELEVANCE_EVIDENCE_INSUFFICIENT,true,SOURCE_COVPDB,CovPDB_complexes/2a5k/2a5k.pdb#LINK00520,source_annotations.covalent_event,explicit PDB LINK CYS-SG to ligand endpoint,false,SUPPORTING_TRIAGE_EVIDENCE_ONLY,6d05249c83ad24589fd4280c2a8e5665d839cf8ee6c33b5ea0949b40fbe04220,"[""6d05249c83ad24589fd4280c2a8e5665d839cf8ee6c33b5ea0949b40fbe04220"",""c192394533ea90cf0c74af99782b105bbb4694dd2c299c6337f74baf50acbf09""]",data/derived/covalent_small/covapie_bulk_cys_sg_dataset_expansion_v1/bulk_pilot_v1/cross_source_canonical_event_manifest_v1.json,d3f35987af92fca669b85d62a86914c7a01bf35d867c4a779e7fc08e76445dae,false,NO_SPECIALIST_REACTION_FIELD; HUMAN REVIEW REQUIRED
COVAPIE_CYS_SG_EVENT_V1:2A5K:B:CYS:145-:SG:D:AZP:CBM,TASK_RELEVANCE_EVIDENCE_INSUFFICIENT,true,SOURCE_RCSB_PDB_DIRECT,2A5K:covale2,source_annotations.covalent_event,covalent bond,false,SUPPORTING_TRIAGE_EVIDENCE_ONLY,,"[""6d05249c83ad24589fd4280c2a8e5665d839cf8ee6c33b5ea0949b40fbe04220"",""c192394533ea90cf0c74af99782b105bbb4694dd2c299c6337f74baf50acbf09""]",data/derived/covalent_small/covapie_bulk_cys_sg_dataset_expansion_v1/bulk_pilot_v1/cross_source_canonical_event_manifest_v1.json,d3f35987af92fca669b85d62a86914c7a01bf35d867c4a779e7fc08e76445dae,false,NO_SPECIALIST_REACTION_FIELD; HUMAN REVIEW REQUIRED
COVAPIE_CYS_SG_EVENT_V1:2AAZ:A:CYS:187-:SG:Q:UMP:C6,TASK_RELEVANCE_EVIDENCE_INSUFFICIENT,true,SOURCE_COVPDB,CovPDB_complexes/2aaz/2aaz.pdb#LINK02392,source_annotations.covalent_event,explicit PDB LINK CYS-SG to ligand endpoint,false,SUPPORTING_TRIAGE_EVIDENCE_ONLY,6d05249c83ad24589fd4280c2a8e5665d839cf8ee6c33b5ea0949b40fbe04220,"[""6d05249c83ad24589fd4280c2a8e5665d839cf8ee6c33b5ea0949b40fbe04220"",""c192394533ea90cf0c74af99782b105bbb4694dd2c299c6337f74baf50acbf09""]",data/derived/covalent_small/covapie_bulk_cys_sg_dataset_expansion_v1/bulk_pilot_v1/cross_source_canonical_event_manifest_v1.json,d3f35987af92fca669b85d62a86914c7a01bf35d867c4a779e7fc08e76445dae,false,NO_SPECIALIST_REACTION_FIELD; HUMAN REVIEW REQUIRED
COVAPIE_CYS_SG_EVENT_V1:2AAZ:A:CYS:187-:SG:Q:UMP:C6,TASK_RELEVANCE_EVIDENCE_INSUFFICIENT,true,SOURCE_RCSB_PDB_DIRECT,2AAZ:covale1,source_annotations.covalent_event,covalent bond,false,SUPPORTING_TRIAGE_EVIDENCE_ONLY,,"[""6d05249c83ad24589fd4280c2a8e5665d839cf8ee6c33b5ea0949b40fbe04220"",""c192394533ea90cf0c74af99782b105bbb4694dd2c299c6337f74baf50acbf09""]",data/derived/covalent_small/covapie_bulk_cys_sg_dataset_expansion_v1/bulk_pilot_v1/cross_source_canonical_event_manifest_v1.json,d3f35987af92fca669b85d62a86914c7a01bf35d867c4a779e7fc08e76445dae,false,NO_SPECIALIST_REACTION_FIELD; HUMAN REVIEW REQUIRED
COVAPIE_CYS_SG_EVENT_V1:2AAZ:B:CYS:187-:SG:S:UMP:C6,TASK_RELEVANCE_EVIDENCE_INSUFFICIENT,true,SOURCE_COVPDB,CovPDB_complexes/2aaz/2aaz.pdb#LINK02393,source_annotations.covalent_event,explicit PDB LINK CYS-SG to ligand endpoint,false,SUPPORTING_TRIAGE_EVIDENCE_ONLY,6d05249c83ad24589fd4280c2a8e5665d839cf8ee6c33b5ea0949b40fbe04220,"[""6d05249c83ad24589fd4280c2a8e5665d839cf8ee6c33b5ea0949b40fbe04220"",""c192394533ea90cf0c74af99782b105bbb4694dd2c299c6337f74baf50acbf09""]",data/derived/covalent_small/covapie_bulk_cys_sg_dataset_expansion_v1/bulk_pilot_v1/cross_source_canonical_event_manifest_v1.json,d3f35987af92fca669b85d62a86914c7a01bf35d867c4a779e7fc08e76445dae,false,NO_SPECIALIST_REACTION_FIELD; HUMAN REVIEW REQUIRED
COVAPIE_CYS_SG_EVENT_V1:2AAZ:B:CYS:187-:SG:S:UMP:C6,TASK_RELEVANCE_EVIDENCE_INSUFFICIENT,true,SOURCE_RCSB_PDB_DIRECT,2AAZ:covale2,source_annotations.covalent_event,covalent bond,false,SUPPORTING_TRIAGE_EVIDENCE_ONLY,,"[""6d05249c83ad24589fd4280c2a8e5665d839cf8ee6c33b5ea0949b40fbe04220"",""c192394533ea90cf0c74af99782b105bbb4694dd2c299c6337f74baf50acbf09""]",data/derived/covalent_small/covapie_bulk_cys_sg_dataset_expansion_v1/bulk_pilot_v1/cross_source_canonical_event_manifest_v1.json,d3f35987af92fca669b85d62a86914c7a01bf35d867c4a779e7fc08e76445dae,false,NO_SPECIALIST_REACTION_FIELD; HUMAN REVIEW REQUIRED
COVAPIE_CYS_SG_EVENT_V1:2AAZ:C:CYS:187-:SG:U:UMP:C6,TASK_RELEVANCE_EVIDENCE_INSUFFICIENT,true,SOURCE_COVPDB,CovPDB_complexes/2aaz/2aaz.pdb#LINK02394,source_annotations.covalent_event,explicit PDB LINK CYS-SG to ligand endpoint,false,SUPPORTING_TRIAGE_EVIDENCE_ONLY,6d05249c83ad24589fd4280c2a8e5665d839cf8ee6c33b5ea0949b40fbe04220,"[""6d05249c83ad24589fd4280c2a8e5665d839cf8ee6c33b5ea0949b40fbe04220"",""c192394533ea90cf0c74af99782b105bbb4694dd2c299c6337f74baf50acbf09""]",data/derived/covalent_small/covapie_bulk_cys_sg_dataset_expansion_v1/bulk_pilot_v1/cross_source_canonical_event_manifest_v1.json,d3f35987af92fca669b85d62a86914c7a01bf35d867c4a779e7fc08e76445dae,false,NO_SPECIALIST_REACTION_FIELD; HUMAN REVIEW REQUIRED
COVAPIE_CYS_SG_EVENT_V1:2AAZ:C:CYS:187-:SG:U:UMP:C6,TASK_RELEVANCE_EVIDENCE_INSUFFICIENT,true,SOURCE_RCSB_PDB_DIRECT,2AAZ:covale3,source_annotations.covalent_event,covalent bond,false,SUPPORTING_TRIAGE_EVIDENCE_ONLY,,"[""6d05249c83ad24589fd4280c2a8e5665d839cf8ee6c33b5ea0949b40fbe04220"",""c192394533ea90cf0c74af99782b105bbb4694dd2c299c6337f74baf50acbf09""]",data/derived/covalent_small/covapie_bulk_cys_sg_dataset_expansion_v1/bulk_pilot_v1/cross_source_canonical_event_manifest_v1.json,d3f35987af92fca669b85d62a86914c7a01bf35d867c4a779e7fc08e76445dae,false,NO_SPECIALIST_REACTION_FIELD; HUMAN REVIEW REQUIRED
COVAPIE_CYS_SG_EVENT_V1:2AAZ:D:CYS:187-:SG:W:UMP:C6,TASK_RELEVANCE_EVIDENCE_INSUFFICIENT,true,SOURCE_COVPDB,CovPDB_complexes/2aaz/2aaz.pdb#LINK02395,source_annotations.covalent_event,explicit PDB LINK CYS-SG to ligand endpoint,false,SUPPORTING_TRIAGE_EVIDENCE_ONLY,6d05249c83ad24589fd4280c2a8e5665d839cf8ee6c33b5ea0949b40fbe04220,"[""6d05249c83ad24589fd4280c2a8e5665d839cf8ee6c33b5ea0949b40fbe04220"",""c192394533ea90cf0c74af99782b105bbb4694dd2c299c6337f74baf50acbf09""]",data/derived/covalent_small/covapie_bulk_cys_sg_dataset_expansion_v1/bulk_pilot_v1/cross_source_canonical_event_manifest_v1.json,d3f35987af92fca669b85d62a86914c7a01bf35d867c4a779e7fc08e76445dae,false,NO_SPECIALIST_REACTION_FIELD; HUMAN REVIEW REQUIRED
COVAPIE_CYS_SG_EVENT_V1:2AAZ:D:CYS:187-:SG:W:UMP:C6,TASK_RELEVANCE_EVIDENCE_INSUFFICIENT,true,SOURCE_RCSB_PDB_DIRECT,2AAZ:covale4,source_annotations.covalent_event,covalent bond,false,SUPPORTING_TRIAGE_EVIDENCE_ONLY,,"[""6d05249c83ad24589fd4280c2a8e5665d839cf8ee6c33b5ea0949b40fbe04220"",""c192394533ea90cf0c74af99782b105bbb4694dd2c299c6337f74baf50acbf09""]",data/derived/covalent_small/covapie_bulk_cys_sg_dataset_expansion_v1/bulk_pilot_v1/cross_source_canonical_event_manifest_v1.json,d3f35987af92fca669b85d62a86914c7a01bf35d867c4a779e7fc08e76445dae,false,NO_SPECIALIST_REACTION_FIELD; HUMAN REVIEW REQUIRED
COVAPIE_CYS_SG_EVENT_V1:2AAZ:E:CYS:187-:SG:Y:UMP:C6,TASK_RELEVANCE_EVIDENCE_INSUFFICIENT,true,SOURCE_COVPDB,CovPDB_complexes/2aaz/2aaz.pdb#LINK02396,source_annotations.covalent_event,explicit PDB LINK CYS-SG to ligand endpoint,false,SUPPORTING_TRIAGE_EVIDENCE_ONLY,6d05249c83ad24589fd4280c2a8e5665d839cf8ee6c33b5ea0949b40fbe04220,"[""6d05249c83ad24589fd4280c2a8e5665d839cf8ee6c33b5ea0949b40fbe04220"",""c192394533ea90cf0c74af99782b105bbb4694dd2c299c6337f74baf50acbf09""]",data/derived/covalent_small/covapie_bulk_cys_sg_dataset_expansion_v1/bulk_pilot_v1/cross_source_canonical_event_manifest_v1.json,d3f35987af92fca669b85d62a86914c7a01bf35d867c4a779e7fc08e76445dae,false,NO_SPECIALIST_REACTION_FIELD; HUMAN REVIEW REQUIRED
COVAPIE_CYS_SG_EVENT_V1:2AAZ:E:CYS:187-:SG:Y:UMP:C6,TASK_RELEVANCE_EVIDENCE_INSUFFICIENT,true,SOURCE_RCSB_PDB_DIRECT,2AAZ:covale5,source_annotations.covalent_event,covalent bond,false,SUPPORTING_TRIAGE_EVIDENCE_ONLY,,"[""6d05249c83ad24589fd4280c2a8e5665d839cf8ee6c33b5ea0949b40fbe04220"",""c192394533ea90cf0c74af99782b105bbb4694dd2c299c6337f74baf50acbf09""]",data/derived/covalent_small/covapie_bulk_cys_sg_dataset_expansion_v1/bulk_pilot_v1/cross_source_canonical_event_manifest_v1.json,d3f35987af92fca669b85d62a86914c7a01bf35d867c4a779e7fc08e76445dae,false,NO_SPECIALIST_REACTION_FIELD; HUMAN REVIEW REQUIRED
COVAPIE_CYS_SG_EVENT_V1:2AAZ:F:CYS:187-:SG:AA:UMP:C6,TASK_RELEVANCE_EVIDENCE_INSUFFICIENT,true,SOURCE_COVPDB,CovPDB_complexes/2aaz/2aaz.pdb#LINK02397,source_annotations.covalent_event,explicit PDB LINK CYS-SG to ligand endpoint,false,SUPPORTING_TRIAGE_EVIDENCE_ONLY,6d05249c83ad24589fd4280c2a8e5665d839cf8ee6c33b5ea0949b40fbe04220,"[""6d05249c83ad24589fd4280c2a8e5665d839cf8ee6c33b5ea0949b40fbe04220"",""c192394533ea90cf0c74af99782b105bbb4694dd2c299c6337f74baf50acbf09""]",data/derived/covalent_small/covapie_bulk_cys_sg_dataset_expansion_v1/bulk_pilot_v1/cross_source_canonical_event_manifest_v1.json,d3f35987af92fca669b85d62a86914c7a01bf35d867c4a779e7fc08e76445dae,false,NO_SPECIALIST_REACTION_FIELD; HUMAN REVIEW REQUIRED
COVAPIE_CYS_SG_EVENT_V1:2AAZ:F:CYS:187-:SG:AA:UMP:C6,TASK_RELEVANCE_EVIDENCE_INSUFFICIENT,true,SOURCE_RCSB_PDB_DIRECT,2AAZ:covale6,source_annotations.covalent_event,covalent bond,false,SUPPORTING_TRIAGE_EVIDENCE_ONLY,,"[""6d05249c83ad24589fd4280c2a8e5665d839cf8ee6c33b5ea0949b40fbe04220"",""c192394533ea90cf0c74af99782b105bbb4694dd2c299c6337f74baf50acbf09""]",data/derived/covalent_small/covapie_bulk_cys_sg_dataset_expansion_v1/bulk_pilot_v1/cross_source_canonical_event_manifest_v1.json,d3f35987af92fca669b85d62a86914c7a01bf35d867c4a779e7fc08e76445dae,false,NO_SPECIALIST_REACTION_FIELD; HUMAN REVIEW REQUIRED
COVAPIE_CYS_SG_EVENT_V1:2AAZ:G:CYS:187-:SG:CA:UMP:C6,TASK_RELEVANCE_EVIDENCE_INSUFFICIENT,true,SOURCE_COVPDB,CovPDB_complexes/2aaz/2aaz.pdb#LINK02398,source_annotations.covalent_event,explicit PDB LINK CYS-SG to ligand endpoint,false,SUPPORTING_TRIAGE_EVIDENCE_ONLY,6d05249c83ad24589fd4280c2a8e5665d839cf8ee6c33b5ea0949b40fbe04220,"[""6d05249c83ad24589fd4280c2a8e5665d839cf8ee6c33b5ea0949b40fbe04220"",""c192394533ea90cf0c74af99782b105bbb4694dd2c299c6337f74baf50acbf09""]",data/derived/covalent_small/covapie_bulk_cys_sg_dataset_expansion_v1/bulk_pilot_v1/cross_source_canonical_event_manifest_v1.json,d3f35987af92fca669b85d62a86914c7a01bf35d867c4a779e7fc08e76445dae,false,NO_SPECIALIST_REACTION_FIELD; HUMAN REVIEW REQUIRED
COVAPIE_CYS_SG_EVENT_V1:2AAZ:G:CYS:187-:SG:CA:UMP:C6,TASK_RELEVANCE_EVIDENCE_INSUFFICIENT,true,SOURCE_RCSB_PDB_DIRECT,2AAZ:covale7,source_annotations.covalent_event,covalent bond,false,SUPPORTING_TRIAGE_EVIDENCE_ONLY,,"[""6d05249c83ad24589fd4280c2a8e5665d839cf8ee6c33b5ea0949b40fbe04220"",""c192394533ea90cf0c74af99782b105bbb4694dd2c299c6337f74baf50acbf09""]",data/derived/covalent_small/covapie_bulk_cys_sg_dataset_expansion_v1/bulk_pilot_v1/cross_source_canonical_event_manifest_v1.json,d3f35987af92fca669b85d62a86914c7a01bf35d867c4a779e7fc08e76445dae,false,NO_SPECIALIST_REACTION_FIELD; HUMAN REVIEW REQUIRED
COVAPIE_CYS_SG_EVENT_V1:2AAZ:H:CYS:187-:SG:EA:UMP:C6,TASK_RELEVANCE_EVIDENCE_INSUFFICIENT,true,SOURCE_COVPDB,CovPDB_complexes/2aaz/2aaz.pdb#LINK02399,source_annotations.covalent_event,explicit PDB LINK CYS-SG to ligand endpoint,false,SUPPORTING_TRIAGE_EVIDENCE_ONLY,6d05249c83ad24589fd4280c2a8e5665d839cf8ee6c33b5ea0949b40fbe04220,"[""6d05249c83ad24589fd4280c2a8e5665d839cf8ee6c33b5ea0949b40fbe04220"",""c192394533ea90cf0c74af99782b105bbb4694dd2c299c6337f74baf50acbf09""]",data/derived/covalent_small/covapie_bulk_cys_sg_dataset_expansion_v1/bulk_pilot_v1/cross_source_canonical_event_manifest_v1.json,d3f35987af92fca669b85d62a86914c7a01bf35d867c4a779e7fc08e76445dae,false,NO_SPECIALIST_REACTION_FIELD; HUMAN REVIEW REQUIRED
COVAPIE_CYS_SG_EVENT_V1:2AAZ:H:CYS:187-:SG:EA:UMP:C6,TASK_RELEVANCE_EVIDENCE_INSUFFICIENT,true,SOURCE_RCSB_PDB_DIRECT,2AAZ:covale8,source_annotations.covalent_event,covalent bond,false,SUPPORTING_TRIAGE_EVIDENCE_ONLY,,"[""6d05249c83ad24589fd4280c2a8e5665d839cf8ee6c33b5ea0949b40fbe04220"",""c192394533ea90cf0c74af99782b105bbb4694dd2c299c6337f74baf50acbf09""]",data/derived/covalent_small/covapie_bulk_cys_sg_dataset_expansion_v1/bulk_pilot_v1/cross_source_canonical_event_manifest_v1.json,d3f35987af92fca669b85d62a86914c7a01bf35d867c4a779e7fc08e76445dae,false,NO_SPECIALIST_REACTION_FIELD; HUMAN REVIEW REQUIRED
COVAPIE_CYS_SG_EVENT_V1:2AAZ:I:CYS:187-:SG:GA:UMP:C6,TASK_RELEVANCE_EVIDENCE_INSUFFICIENT,true,SOURCE_COVPDB,CovPDB_complexes/2aaz/2aaz.pdb#LINK02400,source_annotations.covalent_event,explicit PDB LINK CYS-SG to ligand endpoint,false,SUPPORTING_TRIAGE_EVIDENCE_ONLY,6d05249c83ad24589fd4280c2a8e5665d839cf8ee6c33b5ea0949b40fbe04220,"[""6d05249c83ad24589fd4280c2a8e5665d839cf8ee6c33b5ea0949b40fbe04220"",""c192394533ea90cf0c74af99782b105bbb4694dd2c299c6337f74baf50acbf09""]",data/derived/covalent_small/covapie_bulk_cys_sg_dataset_expansion_v1/bulk_pilot_v1/cross_source_canonical_event_manifest_v1.json,d3f35987af92fca669b85d62a86914c7a01bf35d867c4a779e7fc08e76445dae,false,NO_SPECIALIST_REACTION_FIELD; HUMAN REVIEW REQUIRED
COVAPIE_CYS_SG_EVENT_V1:2AAZ:I:CYS:187-:SG:GA:UMP:C6,TASK_RELEVANCE_EVIDENCE_INSUFFICIENT,true,SOURCE_RCSB_PDB_DIRECT,2AAZ:covale9,source_annotations.covalent_event,covalent bond,false,SUPPORTING_TRIAGE_EVIDENCE_ONLY,,"[""6d05249c83ad24589fd4280c2a8e5665d839cf8ee6c33b5ea0949b40fbe04220"",""c192394533ea90cf0c74af99782b105bbb4694dd2c299c6337f74baf50acbf09""]",data/derived/covalent_small/covapie_bulk_cys_sg_dataset_expansion_v1/bulk_pilot_v1/cross_source_canonical_event_manifest_v1.json,d3f35987af92fca669b85d62a86914c7a01bf35d867c4a779e7fc08e76445dae,false,NO_SPECIALIST_REACTION_FIELD; HUMAN REVIEW REQUIRED
COVAPIE_CYS_SG_EVENT_V1:2AAZ:J:CYS:187-:SG:HA:UMP:C6,TASK_RELEVANCE_EVIDENCE_INSUFFICIENT,true,SOURCE_COVPDB,CovPDB_complexes/2aaz/2aaz.pdb#LINK02401,source_annotations.covalent_event,explicit PDB LINK CYS-SG to ligand endpoint,false,SUPPORTING_TRIAGE_EVIDENCE_ONLY,6d05249c83ad24589fd4280c2a8e5665d839cf8ee6c33b5ea0949b40fbe04220,"[""6d05249c83ad24589fd4280c2a8e5665d839cf8ee6c33b5ea0949b40fbe04220"",""c192394533ea90cf0c74af99782b105bbb4694dd2c299c6337f74baf50acbf09""]",data/derived/covalent_small/covapie_bulk_cys_sg_dataset_expansion_v1/bulk_pilot_v1/cross_source_canonical_event_manifest_v1.json,d3f35987af92fca669b85d62a86914c7a01bf35d867c4a779e7fc08e76445dae,false,NO_SPECIALIST_REACTION_FIELD; HUMAN REVIEW REQUIRED
COVAPIE_CYS_SG_EVENT_V1:2AAZ:J:CYS:187-:SG:HA:UMP:C6,TASK_RELEVANCE_EVIDENCE_INSUFFICIENT,true,SOURCE_RCSB_PDB_DIRECT,2AAZ:covale10,source_annotations.covalent_event,covalent bond,false,SUPPORTING_TRIAGE_EVIDENCE_ONLY,,"[""6d05249c83ad24589fd4280c2a8e5665d839cf8ee6c33b5ea0949b40fbe04220"",""c192394533ea90cf0c74af99782b105bbb4694dd2c299c6337f74baf50acbf09""]",data/derived/covalent_small/covapie_bulk_cys_sg_dataset_expansion_v1/bulk_pilot_v1/cross_source_canonical_event_manifest_v1.json,d3f35987af92fca669b85d62a86914c7a01bf35d867c4a779e7fc08e76445dae,false,NO_SPECIALIST_REACTION_FIELD; HUMAN REVIEW REQUIRED
COVAPIE_CYS_SG_EVENT_V1:2AAZ:K:CYS:187-:SG:IA:UMP:C6,TASK_RELEVANCE_EVIDENCE_INSUFFICIENT,true,SOURCE_COVPDB,CovPDB_complexes/2aaz/2aaz.pdb#LINK02402,source_annotations.covalent_event,explicit PDB LINK CYS-SG to ligand endpoint,false,SUPPORTING_TRIAGE_EVIDENCE_ONLY,6d05249c83ad24589fd4280c2a8e5665d839cf8ee6c33b5ea0949b40fbe04220,"[""6d05249c83ad24589fd4280c2a8e5665d839cf8ee6c33b5ea0949b40fbe04220"",""c192394533ea90cf0c74af99782b105bbb4694dd2c299c6337f74baf50acbf09""]",data/derived/covalent_small/covapie_bulk_cys_sg_dataset_expansion_v1/bulk_pilot_v1/cross_source_canonical_event_manifest_v1.json,d3f35987af92fca669b85d62a86914c7a01bf35d867c4a779e7fc08e76445dae,false,NO_SPECIALIST_REACTION_FIELD; HUMAN REVIEW REQUIRED
COVAPIE_CYS_SG_EVENT_V1:2AAZ:K:CYS:187-:SG:IA:UMP:C6,TASK_RELEVANCE_EVIDENCE_INSUFFICIENT,true,SOURCE_RCSB_PDB_DIRECT,2AAZ:covale11,source_annotations.covalent_event,covalent bond,false,SUPPORTING_TRIAGE_EVIDENCE_ONLY,,"[""6d05249c83ad24589fd4280c2a8e5665d839cf8ee6c33b5ea0949b40fbe04220"",""c192394533ea90cf0c74af99782b105bbb4694dd2c299c6337f74baf50acbf09""]",data/derived/covalent_small/covapie_bulk_cys_sg_dataset_expansion_v1/bulk_pilot_v1/cross_source_canonical_event_manifest_v1.json,d3f35987af92fca669b85d62a86914c7a01bf35d867c4a779e7fc08e76445dae,false,NO_SPECIALIST_REACTION_FIELD; HUMAN REVIEW REQUIRED
COVAPIE_CYS_SG_EVENT_V1:2AAZ:L:CYS:187-:SG:JA:UMP:C6,TASK_RELEVANCE_EVIDENCE_INSUFFICIENT,true,SOURCE_COVPDB,CovPDB_complexes/2aaz/2aaz.pdb#LINK02403,source_annotations.covalent_event,explicit PDB LINK CYS-SG to ligand endpoint,false,SUPPORTING_TRIAGE_EVIDENCE_ONLY,6d05249c83ad24589fd4280c2a8e5665d839cf8ee6c33b5ea0949b40fbe04220,"[""6d05249c83ad24589fd4280c2a8e5665d839cf8ee6c33b5ea0949b40fbe04220"",""c192394533ea90cf0c74af99782b105bbb4694dd2c299c6337f74baf50acbf09""]",data/derived/covalent_small/covapie_bulk_cys_sg_dataset_expansion_v1/bulk_pilot_v1/cross_source_canonical_event_manifest_v1.json,d3f35987af92fca669b85d62a86914c7a01bf35d867c4a779e7fc08e76445dae,false,NO_SPECIALIST_REACTION_FIELD; HUMAN REVIEW REQUIRED
COVAPIE_CYS_SG_EVENT_V1:2AAZ:L:CYS:187-:SG:JA:UMP:C6,TASK_RELEVANCE_EVIDENCE_INSUFFICIENT,true,SOURCE_RCSB_PDB_DIRECT,2AAZ:covale12,source_annotations.covalent_event,covalent bond,false,SUPPORTING_TRIAGE_EVIDENCE_ONLY,,"[""6d05249c83ad24589fd4280c2a8e5665d839cf8ee6c33b5ea0949b40fbe04220"",""c192394533ea90cf0c74af99782b105bbb4694dd2c299c6337f74baf50acbf09""]",data/derived/covalent_small/covapie_bulk_cys_sg_dataset_expansion_v1/bulk_pilot_v1/cross_source_canonical_event_manifest_v1.json,d3f35987af92fca669b85d62a86914c7a01bf35d867c4a779e7fc08e76445dae,false,NO_SPECIALIST_REACTION_FIELD; HUMAN REVIEW REQUIRED
COVAPIE_CYS_SG_EVENT_V1:2AAZ:M:CYS:187-:SG:KA:UMP:C6,TASK_RELEVANCE_EVIDENCE_INSUFFICIENT,true,SOURCE_COVPDB,CovPDB_complexes/2aaz/2aaz.pdb#LINK02404,source_annotations.covalent_event,explicit PDB LINK CYS-SG to ligand endpoint,false,SUPPORTING_TRIAGE_EVIDENCE_ONLY,6d05249c83ad24589fd4280c2a8e5665d839cf8ee6c33b5ea0949b40fbe04220,"[""6d05249c83ad24589fd4280c2a8e5665d839cf8ee6c33b5ea0949b40fbe04220"",""c192394533ea90cf0c74af99782b105bbb4694dd2c299c6337f74baf50acbf09""]",data/derived/covalent_small/covapie_bulk_cys_sg_dataset_expansion_v1/bulk_pilot_v1/cross_source_canonical_event_manifest_v1.json,d3f35987af92fca669b85d62a86914c7a01bf35d867c4a779e7fc08e76445dae,false,NO_SPECIALIST_REACTION_FIELD; HUMAN REVIEW REQUIRED
COVAPIE_CYS_SG_EVENT_V1:2AAZ:M:CYS:187-:SG:KA:UMP:C6,TASK_RELEVANCE_EVIDENCE_INSUFFICIENT,true,SOURCE_RCSB_PDB_DIRECT,2AAZ:covale13,source_annotations.covalent_event,covalent bond,false,SUPPORTING_TRIAGE_EVIDENCE_ONLY,,"[""6d05249c83ad24589fd4280c2a8e5665d839cf8ee6c33b5ea0949b40fbe04220"",""c192394533ea90cf0c74af99782b105bbb4694dd2c299c6337f74baf50acbf09""]",data/derived/covalent_small/covapie_bulk_cys_sg_dataset_expansion_v1/bulk_pilot_v1/cross_source_canonical_event_manifest_v1.json,d3f35987af92fca669b85d62a86914c7a01bf35d867c4a779e7fc08e76445dae,false,NO_SPECIALIST_REACTION_FIELD; HUMAN REVIEW REQUIRED
COVAPIE_CYS_SG_EVENT_V1:2AAZ:N:CYS:187-:SG:LA:UMP:C6,TASK_RELEVANCE_EVIDENCE_INSUFFICIENT,true,SOURCE_COVPDB,CovPDB_complexes/2aaz/2aaz.pdb#LINK02405,source_annotations.covalent_event,explicit PDB LINK CYS-SG to ligand endpoint,false,SUPPORTING_TRIAGE_EVIDENCE_ONLY,6d05249c83ad24589fd4280c2a8e5665d839cf8ee6c33b5ea0949b40fbe04220,"[""6d05249c83ad24589fd4280c2a8e5665d839cf8ee6c33b5ea0949b40fbe04220"",""c192394533ea90cf0c74af99782b105bbb4694dd2c299c6337f74baf50acbf09""]",data/derived/covalent_small/covapie_bulk_cys_sg_dataset_expansion_v1/bulk_pilot_v1/cross_source_canonical_event_manifest_v1.json,d3f35987af92fca669b85d62a86914c7a01bf35d867c4a779e7fc08e76445dae,false,NO_SPECIALIST_REACTION_FIELD; HUMAN REVIEW REQUIRED
COVAPIE_CYS_SG_EVENT_V1:2AAZ:N:CYS:187-:SG:LA:UMP:C6,TASK_RELEVANCE_EVIDENCE_INSUFFICIENT,true,SOURCE_RCSB_PDB_DIRECT,2AAZ:covale14,source_annotations.covalent_event,covalent bond,false,SUPPORTING_TRIAGE_EVIDENCE_ONLY,,"[""6d05249c83ad24589fd4280c2a8e5665d839cf8ee6c33b5ea0949b40fbe04220"",""c192394533ea90cf0c74af99782b105bbb4694dd2c299c6337f74baf50acbf09""]",data/derived/covalent_small/covapie_bulk_cys_sg_dataset_expansion_v1/bulk_pilot_v1/cross_source_canonical_event_manifest_v1.json,d3f35987af92fca669b85d62a86914c7a01bf35d867c4a779e7fc08e76445dae,false,NO_SPECIALIST_REACTION_FIELD; HUMAN REVIEW REQUIRED
COVAPIE_CYS_SG_EVENT_V1:2AAZ:O:CYS:187-:SG:MA:UMP:C6,TASK_RELEVANCE_EVIDENCE_INSUFFICIENT,true,SOURCE_COVPDB,CovPDB_complexes/2aaz/2aaz.pdb#LINK02406,source_annotations.covalent_event,explicit PDB LINK CYS-SG to ligand endpoint,false,SUPPORTING_TRIAGE_EVIDENCE_ONLY,6d05249c83ad24589fd4280c2a8e5665d839cf8ee6c33b5ea0949b40fbe04220,"[""6d05249c83ad24589fd4280c2a8e5665d839cf8ee6c33b5ea0949b40fbe04220"",""c192394533ea90cf0c74af99782b105bbb4694dd2c299c6337f74baf50acbf09""]",data/derived/covalent_small/covapie_bulk_cys_sg_dataset_expansion_v1/bulk_pilot_v1/cross_source_canonical_event_manifest_v1.json,d3f35987af92fca669b85d62a86914c7a01bf35d867c4a779e7fc08e76445dae,false,NO_SPECIALIST_REACTION_FIELD; HUMAN REVIEW REQUIRED
COVAPIE_CYS_SG_EVENT_V1:2AAZ:O:CYS:187-:SG:MA:UMP:C6,TASK_RELEVANCE_EVIDENCE_INSUFFICIENT,true,SOURCE_RCSB_PDB_DIRECT,2AAZ:covale15,source_annotations.covalent_event,covalent bond,false,SUPPORTING_TRIAGE_EVIDENCE_ONLY,,"[""6d05249c83ad24589fd4280c2a8e5665d839cf8ee6c33b5ea0949b40fbe04220"",""c192394533ea90cf0c74af99782b105bbb4694dd2c299c6337f74baf50acbf09""]",data/derived/covalent_small/covapie_bulk_cys_sg_dataset_expansion_v1/bulk_pilot_v1/cross_source_canonical_event_manifest_v1.json,d3f35987af92fca669b85d62a86914c7a01bf35d867c4a779e7fc08e76445dae,false,NO_SPECIALIST_REACTION_FIELD; HUMAN REVIEW REQUIRED
COVAPIE_CYS_SG_EVENT_V1:2AAZ:P:CYS:187-:SG:NA:UMP:C6,TASK_RELEVANCE_EVIDENCE_INSUFFICIENT,true,SOURCE_COVPDB,CovPDB_complexes/2aaz/2aaz.pdb#LINK02407,source_annotations.covalent_event,explicit PDB LINK CYS-SG to ligand endpoint,false,SUPPORTING_TRIAGE_EVIDENCE_ONLY,6d05249c83ad24589fd4280c2a8e5665d839cf8ee6c33b5ea0949b40fbe04220,"[""6d05249c83ad24589fd4280c2a8e5665d839cf8ee6c33b5ea0949b40fbe04220"",""c192394533ea90cf0c74af99782b105bbb4694dd2c299c6337f74baf50acbf09""]",data/derived/covalent_small/covapie_bulk_cys_sg_dataset_expansion_v1/bulk_pilot_v1/cross_source_canonical_event_manifest_v1.json,d3f35987af92fca669b85d62a86914c7a01bf35d867c4a779e7fc08e76445dae,false,NO_SPECIALIST_REACTION_FIELD; HUMAN REVIEW REQUIRED
COVAPIE_CYS_SG_EVENT_V1:2AAZ:P:CYS:187-:SG:NA:UMP:C6,TASK_RELEVANCE_EVIDENCE_INSUFFICIENT,true,SOURCE_RCSB_PDB_DIRECT,2AAZ:covale16,source_annotations.covalent_event,covalent bond,false,SUPPORTING_TRIAGE_EVIDENCE_ONLY,,"[""6d05249c83ad24589fd4280c2a8e5665d839cf8ee6c33b5ea0949b40fbe04220"",""c192394533ea90cf0c74af99782b105bbb4694dd2c299c6337f74baf50acbf09""]",data/derived/covalent_small/covapie_bulk_cys_sg_dataset_expansion_v1/bulk_pilot_v1/cross_source_canonical_event_manifest_v1.json,d3f35987af92fca669b85d62a86914c7a01bf35d867c4a779e7fc08e76445dae,false,NO_SPECIALIST_REACTION_FIELD; HUMAN REVIEW REQUIRED
COVAPIE_CYS_SG_EVENT_V1:2AMD:A:CYS:145-:SG:C:9IN:C23,COVALENT_SMALL_MOLECULE_TASK_RELEVANCE_SUPPORTED,true,SOURCE_COVBINDERINPDB,CBR002799,source_annotations.covalent_event,curated residue-binder reaction record,false,SUPPORTING_TRIAGE_EVIDENCE_ONLY,c039f9d5010a5957f696533402948cbc010dccba13f62bfe0f38d1365332553a,"[""6d05249c83ad24589fd4280c2a8e5665d839cf8ee6c33b5ea0949b40fbe04220"",""82024a09e608af3198f770e932d9900dd8d185f4ccc5a37c6e9edfff91944742"",""c039f9d5010a5957f696533402948cbc010dccba13f62bfe0f38d1365332553a""]",data/derived/covalent_small/covapie_bulk_cys_sg_dataset_expansion_v1/bulk_pilot_v1/cross_source_canonical_event_manifest_v1.json,d3f35987af92fca669b85d62a86914c7a01bf35d867c4a779e7fc08e76445dae,false,SPECIALIST_REACTION_FIELD_IN_EXACT_SUPPORTING_VOCABULARY
COVAPIE_CYS_SG_EVENT_V1:2AMD:A:CYS:145-:SG:C:9IN:C23,COVALENT_SMALL_MOLECULE_TASK_RELEVANCE_SUPPORTED,true,SOURCE_COVBINDERINPDB,CBR002799,source_annotations.reaction,inhibitor,true,SUPPORTING_TRIAGE_EVIDENCE_ONLY,c039f9d5010a5957f696533402948cbc010dccba13f62bfe0f38d1365332553a,"[""6d05249c83ad24589fd4280c2a8e5665d839cf8ee6c33b5ea0949b40fbe04220"",""82024a09e608af3198f770e932d9900dd8d185f4ccc5a37c6e9edfff91944742"",""c039f9d5010a5957f696533402948cbc010dccba13f62bfe0f38d1365332553a""]",data/derived/covalent_small/covapie_bulk_cys_sg_dataset_expansion_v1/bulk_pilot_v1/cross_source_canonical_event_manifest_v1.json,d3f35987af92fca669b85d62a86914c7a01bf35d867c4a779e7fc08e76445dae,false,SPECIALIST_REACTION_FIELD_IN_EXACT_SUPPORTING_VOCABULARY
COVAPIE_CYS_SG_EVENT_V1:2AMD:A:CYS:145-:SG:C:9IN:C23,COVALENT_SMALL_MOLECULE_TASK_RELEVANCE_SUPPORTED,true,SOURCE_COVBINDERINPDB,CBR002799,source_annotations.warhead,Acrylate,false,SUPPORTING_TRIAGE_EVIDENCE_ONLY,c039f9d5010a5957f696533402948cbc010dccba13f62bfe0f38d1365332553a,"[""6d05249c83ad24589fd4280c2a8e5665d839cf8ee6c33b5ea0949b40fbe04220"",""82024a09e608af3198f770e932d9900dd8d185f4ccc5a37c6e9edfff91944742"",""c039f9d5010a5957f696533402948cbc010dccba13f62bfe0f38d1365332553a""]",data/derived/covalent_small/covapie_bulk_cys_sg_dataset_expansion_v1/bulk_pilot_v1/cross_source_canonical_event_manifest_v1.json,d3f35987af92fca669b85d62a86914c7a01bf35d867c4a779e7fc08e76445dae,false,SPECIALIST_REACTION_FIELD_IN_EXACT_SUPPORTING_VOCABULARY
COVAPIE_CYS_SG_EVENT_V1:2AMD:A:CYS:145-:SG:C:9IN:C23,COVALENT_SMALL_MOLECULE_TASK_RELEVANCE_SUPPORTED,true,SOURCE_COVPDB,CovPDB_complexes/2amd/2amd.pdb#LINK00424,source_annotations.covalent_event,explicit PDB LINK CYS-SG to ligand endpoint,false,SUPPORTING_TRIAGE_EVIDENCE_ONLY,6d05249c83ad24589fd4280c2a8e5665d839cf8ee6c33b5ea0949b40fbe04220,"[""6d05249c83ad24589fd4280c2a8e5665d839cf8ee6c33b5ea0949b40fbe04220"",""82024a09e608af3198f770e932d9900dd8d185f4ccc5a37c6e9edfff91944742"",""c039f9d5010a5957f696533402948cbc010dccba13f62bfe0f38d1365332553a""]",data/derived/covalent_small/covapie_bulk_cys_sg_dataset_expansion_v1/bulk_pilot_v1/cross_source_canonical_event_manifest_v1.json,d3f35987af92fca669b85d62a86914c7a01bf35d867c4a779e7fc08e76445dae,false,SPECIALIST_REACTION_FIELD_IN_EXACT_SUPPORTING_VOCABULARY
COVAPIE_CYS_SG_EVENT_V1:2AMD:A:CYS:145-:SG:C:9IN:C23,COVALENT_SMALL_MOLECULE_TASK_RELEVANCE_SUPPORTED,true,SOURCE_RCSB_PDB_DIRECT,2AMD:covale1,source_annotations.covalent_event,covalent bond,false,SUPPORTING_TRIAGE_EVIDENCE_ONLY,,"[""6d05249c83ad24589fd4280c2a8e5665d839cf8ee6c33b5ea0949b40fbe04220"",""82024a09e608af3198f770e932d9900dd8d185f4ccc5a37c6e9edfff91944742"",""c039f9d5010a5957f696533402948cbc010dccba13f62bfe0f38d1365332553a""]",data/derived/covalent_small/covapie_bulk_cys_sg_dataset_expansion_v1/bulk_pilot_v1/cross_source_canonical_event_manifest_v1.json,d3f35987af92fca669b85d62a86914c7a01bf35d867c4a779e7fc08e76445dae,false,SPECIALIST_REACTION_FIELD_IN_EXACT_SUPPORTING_VOCABULARY
COVAPIE_CYS_SG_EVENT_V1:2AMD:B:CYS:145-:SG:D:9IN:C23,COVALENT_SMALL_MOLECULE_TASK_RELEVANCE_SUPPORTED,true,SOURCE_COVBINDERINPDB,CBR002800,source_annotations.covalent_event,curated residue-binder reaction record,false,SUPPORTING_TRIAGE_EVIDENCE_ONLY,c039f9d5010a5957f696533402948cbc010dccba13f62bfe0f38d1365332553a,"[""6d05249c83ad24589fd4280c2a8e5665d839cf8ee6c33b5ea0949b40fbe04220"",""82024a09e608af3198f770e932d9900dd8d185f4ccc5a37c6e9edfff91944742"",""c039f9d5010a5957f696533402948cbc010dccba13f62bfe0f38d1365332553a""]",data/derived/covalent_small/covapie_bulk_cys_sg_dataset_expansion_v1/bulk_pilot_v1/cross_source_canonical_event_manifest_v1.json,d3f35987af92fca669b85d62a86914c7a01bf35d867c4a779e7fc08e76445dae,false,SPECIALIST_REACTION_FIELD_IN_EXACT_SUPPORTING_VOCABULARY
COVAPIE_CYS_SG_EVENT_V1:2AMD:B:CYS:145-:SG:D:9IN:C23,COVALENT_SMALL_MOLECULE_TASK_RELEVANCE_SUPPORTED,true,SOURCE_COVBINDERINPDB,CBR002800,source_annotations.reaction,inhibitor,true,SUPPORTING_TRIAGE_EVIDENCE_ONLY,c039f9d5010a5957f696533402948cbc010dccba13f62bfe0f38d1365332553a,"[""6d05249c83ad24589fd4280c2a8e5665d839cf8ee6c33b5ea0949b40fbe04220"",""82024a09e608af3198f770e932d9900dd8d185f4ccc5a37c6e9edfff91944742"",""c039f9d5010a5957f696533402948cbc010dccba13f62bfe0f38d1365332553a""]",data/derived/covalent_small/covapie_bulk_cys_sg_dataset_expansion_v1/bulk_pilot_v1/cross_source_canonical_event_manifest_v1.json,d3f35987af92fca669b85d62a86914c7a01bf35d867c4a779e7fc08e76445dae,false,SPECIALIST_REACTION_FIELD_IN_EXACT_SUPPORTING_VOCABULARY
COVAPIE_CYS_SG_EVENT_V1:2AMD:B:CYS:145-:SG:D:9IN:C23,COVALENT_SMALL_MOLECULE_TASK_RELEVANCE_SUPPORTED,true,SOURCE_COVBINDERINPDB,CBR002800,source_annotations.warhead,Acrylate,false,SUPPORTING_TRIAGE_EVIDENCE_ONLY,c039f9d5010a5957f696533402948cbc010dccba13f62bfe0f38d1365332553a,"[""6d05249c83ad24589fd4280c2a8e5665d839cf8ee6c33b5ea0949b40fbe04220"",""82024a09e608af3198f770e932d9900dd8d185f4ccc5a37c6e9edfff91944742"",""c039f9d5010a5957f696533402948cbc010dccba13f62bfe0f38d1365332553a""]",data/derived/covalent_small/covapie_bulk_cys_sg_dataset_expansion_v1/bulk_pilot_v1/cross_source_canonical_event_manifest_v1.json,d3f35987af92fca669b85d62a86914c7a01bf35d867c4a779e7fc08e76445dae,false,SPECIALIST_REACTION_FIELD_IN_EXACT_SUPPORTING_VOCABULARY
COVAPIE_CYS_SG_EVENT_V1:2AMD:B:CYS:145-:SG:D:9IN:C23,COVALENT_SMALL_MOLECULE_TASK_RELEVANCE_SUPPORTED,true,SOURCE_COVPDB,CovPDB_complexes/2amd/2amd.pdb#LINK00425,source_annotations.covalent_event,explicit PDB LINK CYS-SG to ligand endpoint,false,SUPPORTING_TRIAGE_EVIDENCE_ONLY,6d05249c83ad24589fd4280c2a8e5665d839cf8ee6c33b5ea0949b40fbe04220,"[""6d05249c83ad24589fd4280c2a8e5665d839cf8ee6c33b5ea0949b40fbe04220"",""82024a09e608af3198f770e932d9900dd8d185f4ccc5a37c6e9edfff91944742"",""c039f9d5010a5957f696533402948cbc010dccba13f62bfe0f38d1365332553a""]",data/derived/covalent_small/covapie_bulk_cys_sg_dataset_expansion_v1/bulk_pilot_v1/cross_source_canonical_event_manifest_v1.json,d3f35987af92fca669b85d62a86914c7a01bf35d867c4a779e7fc08e76445dae,false,SPECIALIST_REACTION_FIELD_IN_EXACT_SUPPORTING_VOCABULARY
COVAPIE_CYS_SG_EVENT_V1:2AMD:B:CYS:145-:SG:D:9IN:C23,COVALENT_SMALL_MOLECULE_TASK_RELEVANCE_SUPPORTED,true,SOURCE_RCSB_PDB_DIRECT,2AMD:covale2,source_annotations.covalent_event,covalent bond,false,SUPPORTING_TRIAGE_EVIDENCE_ONLY,,"[""6d05249c83ad24589fd4280c2a8e5665d839cf8ee6c33b5ea0949b40fbe04220"",""82024a09e608af3198f770e932d9900dd8d185f4ccc5a37c6e9edfff91944742"",""c039f9d5010a5957f696533402948cbc010dccba13f62bfe0f38d1365332553a""]",data/derived/covalent_small/covapie_bulk_cys_sg_dataset_expansion_v1/bulk_pilot_v1/cross_source_canonical_event_manifest_v1.json,d3f35987af92fca669b85d62a86914c7a01bf35d867c4a779e7fc08e76445dae,false,SPECIALIST_REACTION_FIELD_IN_EXACT_SUPPORTING_VOCABULARY
COVAPIE_CYS_SG_EVENT_V1:2AMP:A:CYS:144-:SG:C:I12:C21,COVALENT_SMALL_MOLECULE_TASK_RELEVANCE_SUPPORTED,true,SOURCE_COVBINDERINPDB,CBR002794,source_annotations.covalent_event,curated residue-binder reaction record,false,SUPPORTING_TRIAGE_EVIDENCE_ONLY,c039f9d5010a5957f696533402948cbc010dccba13f62bfe0f38d1365332553a,"[""c039f9d5010a5957f696533402948cbc010dccba13f62bfe0f38d1365332553a"",""cf410ecbecc65a9cb6f67ee12539350fa1b7a148c2fc307af31e424e06a24fd1""]",data/derived/covalent_small/covapie_bulk_cys_sg_dataset_expansion_v1/bulk_pilot_v1/cross_source_canonical_event_manifest_v1.json,d3f35987af92fca669b85d62a86914c7a01bf35d867c4a779e7fc08e76445dae,false,SPECIALIST_REACTION_FIELD_IN_EXACT_SUPPORTING_VOCABULARY
COVAPIE_CYS_SG_EVENT_V1:2AMP:A:CYS:144-:SG:C:I12:C21,COVALENT_SMALL_MOLECULE_TASK_RELEVANCE_SUPPORTED,true,SOURCE_COVBINDERINPDB,CBR002794,source_annotations.reaction,inhibitor,true,SUPPORTING_TRIAGE_EVIDENCE_ONLY,c039f9d5010a5957f696533402948cbc010dccba13f62bfe0f38d1365332553a,"[""c039f9d5010a5957f696533402948cbc010dccba13f62bfe0f38d1365332553a"",""cf410ecbecc65a9cb6f67ee12539350fa1b7a148c2fc307af31e424e06a24fd1""]",data/derived/covalent_small/covapie_bulk_cys_sg_dataset_expansion_v1/bulk_pilot_v1/cross_source_canonical_event_manifest_v1.json,d3f35987af92fca669b85d62a86914c7a01bf35d867c4a779e7fc08e76445dae,false,SPECIALIST_REACTION_FIELD_IN_EXACT_SUPPORTING_VOCABULARY
COVAPIE_CYS_SG_EVENT_V1:2AMP:A:CYS:144-:SG:C:I12:C21,COVALENT_SMALL_MOLECULE_TASK_RELEVANCE_SUPPORTED,true,SOURCE_COVBINDERINPDB,CBR002794,source_annotations.warhead,Acrylate,false,SUPPORTING_TRIAGE_EVIDENCE_ONLY,c039f9d5010a5957f696533402948cbc010dccba13f62bfe0f38d1365332553a,"[""c039f9d5010a5957f696533402948cbc010dccba13f62bfe0f38d1365332553a"",""cf410ecbecc65a9cb6f67ee12539350fa1b7a148c2fc307af31e424e06a24fd1""]",data/derived/covalent_small/covapie_bulk_cys_sg_dataset_expansion_v1/bulk_pilot_v1/cross_source_canonical_event_manifest_v1.json,d3f35987af92fca669b85d62a86914c7a01bf35d867c4a779e7fc08e76445dae,false,SPECIALIST_REACTION_FIELD_IN_EXACT_SUPPORTING_VOCABULARY
COVAPIE_CYS_SG_EVENT_V1:2AMP:A:CYS:144-:SG:C:I12:C21,COVALENT_SMALL_MOLECULE_TASK_RELEVANCE_SUPPORTED,true,SOURCE_RCSB_PDB_DIRECT,2AMP:covale1,source_annotations.covalent_event,covalent bond,false,SUPPORTING_TRIAGE_EVIDENCE_ONLY,,"[""c039f9d5010a5957f696533402948cbc010dccba13f62bfe0f38d1365332553a"",""cf410ecbecc65a9cb6f67ee12539350fa1b7a148c2fc307af31e424e06a24fd1""]",data/derived/covalent_small/covapie_bulk_cys_sg_dataset_expansion_v1/bulk_pilot_v1/cross_source_canonical_event_manifest_v1.json,d3f35987af92fca669b85d62a86914c7a01bf35d867c4a779e7fc08e76445dae,false,SPECIALIST_REACTION_FIELD_IN_EXACT_SUPPORTING_VOCABULARY
COVAPIE_CYS_SG_EVENT_V1:2AMP:B:CYS:144-:SG:D:I12:C21,COVALENT_SMALL_MOLECULE_TASK_RELEVANCE_SUPPORTED,true,SOURCE_COVBINDERINPDB,CBR002795,source_annotations.covalent_event,curated residue-binder reaction record,false,SUPPORTING_TRIAGE_EVIDENCE_ONLY,c039f9d5010a5957f696533402948cbc010dccba13f62bfe0f38d1365332553a,"[""c039f9d5010a5957f696533402948cbc010dccba13f62bfe0f38d1365332553a"",""cf410ecbecc65a9cb6f67ee12539350fa1b7a148c2fc307af31e424e06a24fd1""]",data/derived/covalent_small/covapie_bulk_cys_sg_dataset_expansion_v1/bulk_pilot_v1/cross_source_canonical_event_manifest_v1.json,d3f35987af92fca669b85d62a86914c7a01bf35d867c4a779e7fc08e76445dae,false,SPECIALIST_REACTION_FIELD_IN_EXACT_SUPPORTING_VOCABULARY
COVAPIE_CYS_SG_EVENT_V1:2AMP:B:CYS:144-:SG:D:I12:C21,COVALENT_SMALL_MOLECULE_TASK_RELEVANCE_SUPPORTED,true,SOURCE_COVBINDERINPDB,CBR002795,source_annotations.reaction,inhibitor,true,SUPPORTING_TRIAGE_EVIDENCE_ONLY,c039f9d5010a5957f696533402948cbc010dccba13f62bfe0f38d1365332553a,"[""c039f9d5010a5957f696533402948cbc010dccba13f62bfe0f38d1365332553a"",""cf410ecbecc65a9cb6f67ee12539350fa1b7a148c2fc307af31e424e06a24fd1""]",data/derived/covalent_small/covapie_bulk_cys_sg_dataset_expansion_v1/bulk_pilot_v1/cross_source_canonical_event_manifest_v1.json,d3f35987af92fca669b85d62a86914c7a01bf35d867c4a779e7fc08e76445dae,false,SPECIALIST_REACTION_FIELD_IN_EXACT_SUPPORTING_VOCABULARY
COVAPIE_CYS_SG_EVENT_V1:2AMP:B:CYS:144-:SG:D:I12:C21,COVALENT_SMALL_MOLECULE_TASK_RELEVANCE_SUPPORTED,true,SOURCE_COVBINDERINPDB,CBR002795,source_annotations.warhead,Acrylate,false,SUPPORTING_TRIAGE_EVIDENCE_ONLY,c039f9d5010a5957f696533402948cbc010dccba13f62bfe0f38d1365332553a,"[""c039f9d5010a5957f696533402948cbc010dccba13f62bfe0f38d1365332553a"",""cf410ecbecc65a9cb6f67ee12539350fa1b7a148c2fc307af31e424e06a24fd1""]",data/derived/covalent_small/covapie_bulk_cys_sg_dataset_expansion_v1/bulk_pilot_v1/cross_source_canonical_event_manifest_v1.json,d3f35987af92fca669b85d62a86914c7a01bf35d867c4a779e7fc08e76445dae,false,SPECIALIST_REACTION_FIELD_IN_EXACT_SUPPORTING_VOCABULARY
COVAPIE_CYS_SG_EVENT_V1:2AMP:B:CYS:144-:SG:D:I12:C21,COVALENT_SMALL_MOLECULE_TASK_RELEVANCE_SUPPORTED,true,SOURCE_RCSB_PDB_DIRECT,2AMP:covale2,source_annotations.covalent_event,covalent bond,false,SUPPORTING_TRIAGE_EVIDENCE_ONLY,,"[""c039f9d5010a5957f696533402948cbc010dccba13f62bfe0f38d1365332553a"",""cf410ecbecc65a9cb6f67ee12539350fa1b7a148c2fc307af31e424e06a24fd1""]",data/derived/covalent_small/covapie_bulk_cys_sg_dataset_expansion_v1/bulk_pilot_v1/cross_source_canonical_event_manifest_v1.json,d3f35987af92fca669b85d62a86914c7a01bf35d867c4a779e7fc08e76445dae,false,SPECIALIST_REACTION_FIELD_IN_EXACT_SUPPORTING_VOCABULARY
COVAPIE_CYS_SG_EVENT_V1:2AWZ:A:CYS:366-:SG:G:5H:C1,COVALENT_SMALL_MOLECULE_TASK_RELEVANCE_SUPPORTED,true,SOURCE_COVBINDERINPDB,CBR002671,source_annotations.covalent_event,curated residue-binder reaction record,false,SUPPORTING_TRIAGE_EVIDENCE_ONLY,c039f9d5010a5957f696533402948cbc010dccba13f62bfe0f38d1365332553a,"[""6d05249c83ad24589fd4280c2a8e5665d839cf8ee6c33b5ea0949b40fbe04220"",""82024a09e608af3198f770e932d9900dd8d185f4ccc5a37c6e9edfff91944742"",""c039f9d5010a5957f696533402948cbc010dccba13f62bfe0f38d1365332553a""]",data/derived/covalent_small/covapie_bulk_cys_sg_dataset_expansion_v1/bulk_pilot_v1/cross_source_canonical_event_manifest_v1.json,d3f35987af92fca669b85d62a86914c7a01bf35d867c4a779e7fc08e76445dae,false,SPECIALIST_REACTION_FIELD_IN_EXACT_SUPPORTING_VOCABULARY
COVAPIE_CYS_SG_EVENT_V1:2AWZ:A:CYS:366-:SG:G:5H:C1,COVALENT_SMALL_MOLECULE_TASK_RELEVANCE_SUPPORTED,true,SOURCE_COVBINDERINPDB,CBR002671,source_annotations.reaction,inhibitor,true,SUPPORTING_TRIAGE_EVIDENCE_ONLY,c039f9d5010a5957f696533402948cbc010dccba13f62bfe0f38d1365332553a,"[""6d05249c83ad24589fd4280c2a8e5665d839cf8ee6c33b5ea0949b40fbe04220"",""82024a09e608af3198f770e932d9900dd8d185f4ccc5a37c6e9edfff91944742"",""c039f9d5010a5957f696533402948cbc010dccba13f62bfe0f38d1365332553a""]",data/derived/covalent_small/covapie_bulk_cys_sg_dataset_expansion_v1/bulk_pilot_v1/cross_source_canonical_event_manifest_v1.json,d3f35987af92fca669b85d62a86914c7a01bf35d867c4a779e7fc08e76445dae,false,SPECIALIST_REACTION_FIELD_IN_EXACT_SUPPORTING_VOCABULARY
COVAPIE_CYS_SG_EVENT_V1:2AWZ:A:CYS:366-:SG:G:5H:C1,COVALENT_SMALL_MOLECULE_TASK_RELEVANCE_SUPPORTED,true,SOURCE_COVBINDERINPDB,CBR002671,source_annotations.warhead,Acrylamide,false,SUPPORTING_TRIAGE_EVIDENCE_ONLY,c039f9d5010a5957f696533402948cbc010dccba13f62bfe0f38d1365332553a,"[""6d05249c83ad24589fd4280c2a8e5665d839cf8ee6c33b5ea0949b40fbe04220"",""82024a09e608af3198f770e932d9900dd8d185f4ccc5a37c6e9edfff91944742"",""c039f9d5010a5957f696533402948cbc010dccba13f62bfe0f38d1365332553a""]",data/derived/covalent_small/covapie_bulk_cys_sg_dataset_expansion_v1/bulk_pilot_v1/cross_source_canonical_event_manifest_v1.json,d3f35987af92fca669b85d62a86914c7a01bf35d867c4a779e7fc08e76445dae,false,SPECIALIST_REACTION_FIELD_IN_EXACT_SUPPORTING_VOCABULARY
COVAPIE_CYS_SG_EVENT_V1:2AWZ:A:CYS:366-:SG:G:5H:C1,COVALENT_SMALL_MOLECULE_TASK_RELEVANCE_SUPPORTED,true,SOURCE_COVPDB,CovPDB_complexes/2awz/2awz.pdb#LINK00613,source_annotations.covalent_event,explicit PDB LINK CYS-SG to ligand endpoint,false,SUPPORTING_TRIAGE_EVIDENCE_ONLY,6d05249c83ad24589fd4280c2a8e5665d839cf8ee6c33b5ea0949b40fbe04220,"[""6d05249c83ad24589fd4280c2a8e5665d839cf8ee6c33b5ea0949b40fbe04220"",""82024a09e608af3198f770e932d9900dd8d185f4ccc5a37c6e9edfff91944742"",""c039f9d5010a5957f696533402948cbc010dccba13f62bfe0f38d1365332553a""]",data/derived/covalent_small/covapie_bulk_cys_sg_dataset_expansion_v1/bulk_pilot_v1/cross_source_canonical_event_manifest_v1.json,d3f35987af92fca669b85d62a86914c7a01bf35d867c4a779e7fc08e76445dae,false,SPECIALIST_REACTION_FIELD_IN_EXACT_SUPPORTING_VOCABULARY
COVAPIE_CYS_SG_EVENT_V1:2AWZ:A:CYS:366-:SG:G:5H:C1,COVALENT_SMALL_MOLECULE_TASK_RELEVANCE_SUPPORTED,true,SOURCE_RCSB_PDB_DIRECT,2AWZ:covale1,source_annotations.covalent_event,covalent bond,false,SUPPORTING_TRIAGE_EVIDENCE_ONLY,,"[""6d05249c83ad24589fd4280c2a8e5665d839cf8ee6c33b5ea0949b40fbe04220"",""82024a09e608af3198f770e932d9900dd8d185f4ccc5a37c6e9edfff91944742"",""c039f9d5010a5957f696533402948cbc010dccba13f62bfe0f38d1365332553a""]",data/derived/covalent_small/covapie_bulk_cys_sg_dataset_expansion_v1/bulk_pilot_v1/cross_source_canonical_event_manifest_v1.json,d3f35987af92fca669b85d62a86914c7a01bf35d867c4a779e7fc08e76445dae,false,SPECIALIST_REACTION_FIELD_IN_EXACT_SUPPORTING_VOCABULARY
COVAPIE_CYS_SG_EVENT_V1:2AWZ:B:CYS:366-:SG:J:5H:C1,COVALENT_SMALL_MOLECULE_TASK_RELEVANCE_SUPPORTED,true,SOURCE_COVBINDERINPDB,CBR002672,source_annotations.covalent_event,curated residue-binder reaction record,false,SUPPORTING_TRIAGE_EVIDENCE_ONLY,c039f9d5010a5957f696533402948cbc010dccba13f62bfe0f38d1365332553a,"[""6d05249c83ad24589fd4280c2a8e5665d839cf8ee6c33b5ea0949b40fbe04220"",""82024a09e608af3198f770e932d9900dd8d185f4ccc5a37c6e9edfff91944742"",""c039f9d5010a5957f696533402948cbc010dccba13f62bfe0f38d1365332553a""]",data/derived/covalent_small/covapie_bulk_cys_sg_dataset_expansion_v1/bulk_pilot_v1/cross_source_canonical_event_manifest_v1.json,d3f35987af92fca669b85d62a86914c7a01bf35d867c4a779e7fc08e76445dae,false,SPECIALIST_REACTION_FIELD_IN_EXACT_SUPPORTING_VOCABULARY
COVAPIE_CYS_SG_EVENT_V1:2AWZ:B:CYS:366-:SG:J:5H:C1,COVALENT_SMALL_MOLECULE_TASK_RELEVANCE_SUPPORTED,true,SOURCE_COVBINDERINPDB,CBR002672,source_annotations.reaction,inhibitor,true,SUPPORTING_TRIAGE_EVIDENCE_ONLY,c039f9d5010a5957f696533402948cbc010dccba13f62bfe0f38d1365332553a,"[""6d05249c83ad24589fd4280c2a8e5665d839cf8ee6c33b5ea0949b40fbe04220"",""82024a09e608af3198f770e932d9900dd8d185f4ccc5a37c6e9edfff91944742"",""c039f9d5010a5957f696533402948cbc010dccba13f62bfe0f38d1365332553a""]",data/derived/covalent_small/covapie_bulk_cys_sg_dataset_expansion_v1/bulk_pilot_v1/cross_source_canonical_event_manifest_v1.json,d3f35987af92fca669b85d62a86914c7a01bf35d867c4a779e7fc08e76445dae,false,SPECIALIST_REACTION_FIELD_IN_EXACT_SUPPORTING_VOCABULARY
COVAPIE_CYS_SG_EVENT_V1:2AWZ:B:CYS:366-:SG:J:5H:C1,COVALENT_SMALL_MOLECULE_TASK_RELEVANCE_SUPPORTED,true,SOURCE_COVBINDERINPDB,CBR002672,source_annotations.warhead,Acrylamide,false,SUPPORTING_TRIAGE_EVIDENCE_ONLY,c039f9d5010a5957f696533402948cbc010dccba13f62bfe0f38d1365332553a,"[""6d05249c83ad24589fd4280c2a8e5665d839cf8ee6c33b5ea0949b40fbe04220"",""82024a09e608af3198f770e932d9900dd8d185f4ccc5a37c6e9edfff91944742"",""c039f9d5010a5957f696533402948cbc010dccba13f62bfe0f38d1365332553a""]",data/derived/covalent_small/covapie_bulk_cys_sg_dataset_expansion_v1/bulk_pilot_v1/cross_source_canonical_event_manifest_v1.json,d3f35987af92fca669b85d62a86914c7a01bf35d867c4a779e7fc08e76445dae,false,SPECIALIST_REACTION_FIELD_IN_EXACT_SUPPORTING_VOCABULARY
COVAPIE_CYS_SG_EVENT_V1:2AWZ:B:CYS:366-:SG:J:5H:C1,COVALENT_SMALL_MOLECULE_TASK_RELEVANCE_SUPPORTED,true,SOURCE_COVPDB,CovPDB_complexes/2awz/2awz.pdb#LINK00614,source_annotations.covalent_event,explicit PDB LINK CYS-SG to ligand endpoint,false,SUPPORTING_TRIAGE_EVIDENCE_ONLY,6d05249c83ad24589fd4280c2a8e5665d839cf8ee6c33b5ea0949b40fbe04220,"[""6d05249c83ad24589fd4280c2a8e5665d839cf8ee6c33b5ea0949b40fbe04220"",""82024a09e608af3198f770e932d9900dd8d185f4ccc5a37c6e9edfff91944742"",""c039f9d5010a5957f696533402948cbc010dccba13f62bfe0f38d1365332553a""]",data/derived/covalent_small/covapie_bulk_cys_sg_dataset_expansion_v1/bulk_pilot_v1/cross_source_canonical_event_manifest_v1.json,d3f35987af92fca669b85d62a86914c7a01bf35d867c4a779e7fc08e76445dae,false,SPECIALIST_REACTION_FIELD_IN_EXACT_SUPPORTING_VOCABULARY
COVAPIE_CYS_SG_EVENT_V1:2AWZ:B:CYS:366-:SG:J:5H:C1,COVALENT_SMALL_MOLECULE_TASK_RELEVANCE_SUPPORTED,true,SOURCE_RCSB_PDB_DIRECT,2AWZ:covale2,source_annotations.covalent_event,covalent bond,false,SUPPORTING_TRIAGE_EVIDENCE_ONLY,,"[""6d05249c83ad24589fd4280c2a8e5665d839cf8ee6c33b5ea0949b40fbe04220"",""82024a09e608af3198f770e932d9900dd8d185f4ccc5a37c6e9edfff91944742"",""c039f9d5010a5957f696533402948cbc010dccba13f62bfe0f38d1365332553a""]",data/derived/covalent_small/covapie_bulk_cys_sg_dataset_expansion_v1/bulk_pilot_v1/cross_source_canonical_event_manifest_v1.json,d3f35987af92fca669b85d62a86914c7a01bf35d867c4a779e7fc08e76445dae,false,SPECIALIST_REACTION_FIELD_IN_EXACT_SUPPORTING_VOCABULARY
COVAPIE_CYS_SG_EVENT_V1:2AX0:A:CYS:366-:SG:F:5X:C1,COVALENT_SMALL_MOLECULE_TASK_RELEVANCE_SUPPORTED,true,SOURCE_COVBINDERINPDB,CBR000465,source_annotations.covalent_event,curated residue-binder reaction record,false,SUPPORTING_TRIAGE_EVIDENCE_ONLY,c039f9d5010a5957f696533402948cbc010dccba13f62bfe0f38d1365332553a,"[""6d05249c83ad24589fd4280c2a8e5665d839cf8ee6c33b5ea0949b40fbe04220"",""82024a09e608af3198f770e932d9900dd8d185f4ccc5a37c6e9edfff91944742"",""c039f9d5010a5957f696533402948cbc010dccba13f62bfe0f38d1365332553a""]",data/derived/covalent_small/covapie_bulk_cys_sg_dataset_expansion_v1/bulk_pilot_v1/cross_source_canonical_event_manifest_v1.json,d3f35987af92fca669b85d62a86914c7a01bf35d867c4a779e7fc08e76445dae,false,SPECIALIST_REACTION_FIELD_IN_EXACT_SUPPORTING_VOCABULARY
COVAPIE_CYS_SG_EVENT_V1:2AX0:A:CYS:366-:SG:F:5X:C1,COVALENT_SMALL_MOLECULE_TASK_RELEVANCE_SUPPORTED,true,SOURCE_COVBINDERINPDB,CBR000465,source_annotations.reaction,inhibitor,true,SUPPORTING_TRIAGE_EVIDENCE_ONLY,c039f9d5010a5957f696533402948cbc010dccba13f62bfe0f38d1365332553a,"[""6d05249c83ad24589fd4280c2a8e5665d839cf8ee6c33b5ea0949b40fbe04220"",""82024a09e608af3198f770e932d9900dd8d185f4ccc5a37c6e9edfff91944742"",""c039f9d5010a5957f696533402948cbc010dccba13f62bfe0f38d1365332553a""]",data/derived/covalent_small/covapie_bulk_cys_sg_dataset_expansion_v1/bulk_pilot_v1/cross_source_canonical_event_manifest_v1.json,d3f35987af92fca669b85d62a86914c7a01bf35d867c4a779e7fc08e76445dae,false,SPECIALIST_REACTION_FIELD_IN_EXACT_SUPPORTING_VOCABULARY
COVAPIE_CYS_SG_EVENT_V1:2AX0:A:CYS:366-:SG:F:5X:C1,COVALENT_SMALL_MOLECULE_TASK_RELEVANCE_SUPPORTED,true,SOURCE_COVBINDERINPDB,CBR000465,source_annotations.warhead,Acrylamide,false,SUPPORTING_TRIAGE_EVIDENCE_ONLY,c039f9d5010a5957f696533402948cbc010dccba13f62bfe0f38d1365332553a,"[""6d05249c83ad24589fd4280c2a8e5665d839cf8ee6c33b5ea0949b40fbe04220"",""82024a09e608af3198f770e932d9900dd8d185f4ccc5a37c6e9edfff91944742"",""c039f9d5010a5957f696533402948cbc010dccba13f62bfe0f38d1365332553a""]",data/derived/covalent_small/covapie_bulk_cys_sg_dataset_expansion_v1/bulk_pilot_v1/cross_source_canonical_event_manifest_v1.json,d3f35987af92fca669b85d62a86914c7a01bf35d867c4a779e7fc08e76445dae,false,SPECIALIST_REACTION_FIELD_IN_EXACT_SUPPORTING_VOCABULARY
COVAPIE_CYS_SG_EVENT_V1:2AX0:A:CYS:366-:SG:F:5X:C1,COVALENT_SMALL_MOLECULE_TASK_RELEVANCE_SUPPORTED,true,SOURCE_COVPDB,CovPDB_complexes/2ax0/2ax0.pdb#LINK00612,source_annotations.covalent_event,explicit PDB LINK CYS-SG to ligand endpoint,false,SUPPORTING_TRIAGE_EVIDENCE_ONLY,6d05249c83ad24589fd4280c2a8e5665d839cf8ee6c33b5ea0949b40fbe04220,"[""6d05249c83ad24589fd4280c2a8e5665d839cf8ee6c33b5ea0949b40fbe04220"",""82024a09e608af3198f770e932d9900dd8d185f4ccc5a37c6e9edfff91944742"",""c039f9d5010a5957f696533402948cbc010dccba13f62bfe0f38d1365332553a""]",data/derived/covalent_small/covapie_bulk_cys_sg_dataset_expansion_v1/bulk_pilot_v1/cross_source_canonical_event_manifest_v1.json,d3f35987af92fca669b85d62a86914c7a01bf35d867c4a779e7fc08e76445dae,false,SPECIALIST_REACTION_FIELD_IN_EXACT_SUPPORTING_VOCABULARY
COVAPIE_CYS_SG_EVENT_V1:2AX0:A:CYS:366-:SG:F:5X:C1,COVALENT_SMALL_MOLECULE_TASK_RELEVANCE_SUPPORTED,true,SOURCE_RCSB_PDB_DIRECT,2AX0:covale1,source_annotations.covalent_event,covalent bond,false,SUPPORTING_TRIAGE_EVIDENCE_ONLY,,"[""6d05249c83ad24589fd4280c2a8e5665d839cf8ee6c33b5ea0949b40fbe04220"",""82024a09e608af3198f770e932d9900dd8d185f4ccc5a37c6e9edfff91944742"",""c039f9d5010a5957f696533402948cbc010dccba13f62bfe0f38d1365332553a""]",data/derived/covalent_small/covapie_bulk_cys_sg_dataset_expansion_v1/bulk_pilot_v1/cross_source_canonical_event_manifest_v1.json,d3f35987af92fca669b85d62a86914c7a01bf35d867c4a779e7fc08e76445dae,false,SPECIALIST_REACTION_FIELD_IN_EXACT_SUPPORTING_VOCABULARY
COVAPIE_CYS_SG_EVENT_V1:2AX0:B:CYS:366-:SG:K:5X:C1,COVALENT_SMALL_MOLECULE_TASK_RELEVANCE_SUPPORTED,true,SOURCE_COVBINDERINPDB,CBR000466,source_annotations.covalent_event,curated residue-binder reaction record,false,SUPPORTING_TRIAGE_EVIDENCE_ONLY,c039f9d5010a5957f696533402948cbc010dccba13f62bfe0f38d1365332553a,"[""6d05249c83ad24589fd4280c2a8e5665d839cf8ee6c33b5ea0949b40fbe04220"",""82024a09e608af3198f770e932d9900dd8d185f4ccc5a37c6e9edfff91944742"",""c039f9d5010a5957f696533402948cbc010dccba13f62bfe0f38d1365332553a""]",data/derived/covalent_small/covapie_bulk_cys_sg_dataset_expansion_v1/bulk_pilot_v1/cross_source_canonical_event_manifest_v1.json,d3f35987af92fca669b85d62a86914c7a01bf35d867c4a779e7fc08e76445dae,false,SPECIALIST_REACTION_FIELD_IN_EXACT_SUPPORTING_VOCABULARY
COVAPIE_CYS_SG_EVENT_V1:2AX0:B:CYS:366-:SG:K:5X:C1,COVALENT_SMALL_MOLECULE_TASK_RELEVANCE_SUPPORTED,true,SOURCE_COVBINDERINPDB,CBR000466,source_annotations.reaction,inhibitor,true,SUPPORTING_TRIAGE_EVIDENCE_ONLY,c039f9d5010a5957f696533402948cbc010dccba13f62bfe0f38d1365332553a,"[""6d05249c83ad24589fd4280c2a8e5665d839cf8ee6c33b5ea0949b40fbe04220"",""82024a09e608af3198f770e932d9900dd8d185f4ccc5a37c6e9edfff91944742"",""c039f9d5010a5957f696533402948cbc010dccba13f62bfe0f38d1365332553a""]",data/derived/covalent_small/covapie_bulk_cys_sg_dataset_expansion_v1/bulk_pilot_v1/cross_source_canonical_event_manifest_v1.json,d3f35987af92fca669b85d62a86914c7a01bf35d867c4a779e7fc08e76445dae,false,SPECIALIST_REACTION_FIELD_IN_EXACT_SUPPORTING_VOCABULARY
COVAPIE_CYS_SG_EVENT_V1:2AX0:B:CYS:366-:SG:K:5X:C1,COVALENT_SMALL_MOLECULE_TASK_RELEVANCE_SUPPORTED,true,SOURCE_COVBINDERINPDB,CBR000466,source_annotations.warhead,Acrylamide,false,SUPPORTING_TRIAGE_EVIDENCE_ONLY,c039f9d5010a5957f696533402948cbc010dccba13f62bfe0f38d1365332553a,"[""6d05249c83ad24589fd4280c2a8e5665d839cf8ee6c33b5ea0949b40fbe04220"",""82024a09e608af3198f770e932d9900dd8d185f4ccc5a37c6e9edfff91944742"",""c039f9d5010a5957f696533402948cbc010dccba13f62bfe0f38d1365332553a""]",data/derived/covalent_small/covapie_bulk_cys_sg_dataset_expansion_v1/bulk_pilot_v1/cross_source_canonical_event_manifest_v1.json,d3f35987af92fca669b85d62a86914c7a01bf35d867c4a779e7fc08e76445dae,false,SPECIALIST_REACTION_FIELD_IN_EXACT_SUPPORTING_VOCABULARY
COVAPIE_CYS_SG_EVENT_V1:2AX0:B:CYS:366-:SG:K:5X:C1,COVALENT_SMALL_MOLECULE_TASK_RELEVANCE_SUPPORTED,true,SOURCE_COVPDB,CovPDB_complexes/2ax0/2ax0.pdb#LINK00613,source_annotations.covalent_event,explicit PDB LINK CYS-SG to ligand endpoint,false,SUPPORTING_TRIAGE_EVIDENCE_ONLY,6d05249c83ad24589fd4280c2a8e5665d839cf8ee6c33b5ea0949b40fbe04220,"[""6d05249c83ad24589fd4280c2a8e5665d839cf8ee6c33b5ea0949b40fbe04220"",""82024a09e608af3198f770e932d9900dd8d185f4ccc5a37c6e9edfff91944742"",""c039f9d5010a5957f696533402948cbc010dccba13f62bfe0f38d1365332553a""]",data/derived/covalent_small/covapie_bulk_cys_sg_dataset_expansion_v1/bulk_pilot_v1/cross_source_canonical_event_manifest_v1.json,d3f35987af92fca669b85d62a86914c7a01bf35d867c4a779e7fc08e76445dae,false,SPECIALIST_REACTION_FIELD_IN_EXACT_SUPPORTING_VOCABULARY
COVAPIE_CYS_SG_EVENT_V1:2AX0:B:CYS:366-:SG:K:5X:C1,COVALENT_SMALL_MOLECULE_TASK_RELEVANCE_SUPPORTED,true,SOURCE_RCSB_PDB_DIRECT,2AX0:covale2,source_annotations.covalent_event,covalent bond,false,SUPPORTING_TRIAGE_EVIDENCE_ONLY,,"[""6d05249c83ad24589fd4280c2a8e5665d839cf8ee6c33b5ea0949b40fbe04220"",""82024a09e608af3198f770e932d9900dd8d185f4ccc5a37c6e9edfff91944742"",""c039f9d5010a5957f696533402948cbc010dccba13f62bfe0f38d1365332553a""]",data/derived/covalent_small/covapie_bulk_cys_sg_dataset_expansion_v1/bulk_pilot_v1/cross_source_canonical_event_manifest_v1.json,d3f35987af92fca669b85d62a86914c7a01bf35d867c4a779e7fc08e76445dae,false,SPECIALIST_REACTION_FIELD_IN_EXACT_SUPPORTING_VOCABULARY
COVAPIE_CYS_SG_EVENT_V1:2AX1:A:CYS:366-:SG:G:5EE:C1,COVALENT_SMALL_MOLECULE_TASK_RELEVANCE_SUPPORTED,true,SOURCE_COVBINDERINPDB,CBR000462,source_annotations.covalent_event,curated residue-binder reaction record,false,SUPPORTING_TRIAGE_EVIDENCE_ONLY,c039f9d5010a5957f696533402948cbc010dccba13f62bfe0f38d1365332553a,"[""6d05249c83ad24589fd4280c2a8e5665d839cf8ee6c33b5ea0949b40fbe04220"",""82024a09e608af3198f770e932d9900dd8d185f4ccc5a37c6e9edfff91944742"",""c039f9d5010a5957f696533402948cbc010dccba13f62bfe0f38d1365332553a""]",data/derived/covalent_small/covapie_bulk_cys_sg_dataset_expansion_v1/bulk_pilot_v1/cross_source_canonical_event_manifest_v1.json,d3f35987af92fca669b85d62a86914c7a01bf35d867c4a779e7fc08e76445dae,false,SPECIALIST_REACTION_FIELD_IN_EXACT_SUPPORTING_VOCABULARY
COVAPIE_CYS_SG_EVENT_V1:2AX1:A:CYS:366-:SG:G:5EE:C1,COVALENT_SMALL_MOLECULE_TASK_RELEVANCE_SUPPORTED,true,SOURCE_COVBINDERINPDB,CBR000462,source_annotations.reaction,inhibitor,true,SUPPORTING_TRIAGE_EVIDENCE_ONLY,c039f9d5010a5957f696533402948cbc010dccba13f62bfe0f38d1365332553a,"[""6d05249c83ad24589fd4280c2a8e5665d839cf8ee6c33b5ea0949b40fbe04220"",""82024a09e608af3198f770e932d9900dd8d185f4ccc5a37c6e9edfff91944742"",""c039f9d5010a5957f696533402948cbc010dccba13f62bfe0f38d1365332553a""]",data/derived/covalent_small/covapie_bulk_cys_sg_dataset_expansion_v1/bulk_pilot_v1/cross_source_canonical_event_manifest_v1.json,d3f35987af92fca669b85d62a86914c7a01bf35d867c4a779e7fc08e76445dae,false,SPECIALIST_REACTION_FIELD_IN_EXACT_SUPPORTING_VOCABULARY
COVAPIE_CYS_SG_EVENT_V1:2AX1:A:CYS:366-:SG:G:5EE:C1,COVALENT_SMALL_MOLECULE_TASK_RELEVANCE_SUPPORTED,true,SOURCE_COVBINDERINPDB,CBR000462,source_annotations.warhead,Acrylamide,false,SUPPORTING_TRIAGE_EVIDENCE_ONLY,c039f9d5010a5957f696533402948cbc010dccba13f62bfe0f38d1365332553a,"[""6d05249c83ad24589fd4280c2a8e5665d839cf8ee6c33b5ea0949b40fbe04220"",""82024a09e608af3198f770e932d9900dd8d185f4ccc5a37c6e9edfff91944742"",""c039f9d5010a5957f696533402948cbc010dccba13f62bfe0f38d1365332553a""]",data/derived/covalent_small/covapie_bulk_cys_sg_dataset_expansion_v1/bulk_pilot_v1/cross_source_canonical_event_manifest_v1.json,d3f35987af92fca669b85d62a86914c7a01bf35d867c4a779e7fc08e76445dae,false,SPECIALIST_REACTION_FIELD_IN_EXACT_SUPPORTING_VOCABULARY
COVAPIE_CYS_SG_EVENT_V1:2AX1:A:CYS:366-:SG:G:5EE:C1,COVALENT_SMALL_MOLECULE_TASK_RELEVANCE_SUPPORTED,true,SOURCE_COVPDB,CovPDB_complexes/2ax1/2ax1.pdb#LINK00613,source_annotations.covalent_event,explicit PDB LINK CYS-SG to ligand endpoint,false,SUPPORTING_TRIAGE_EVIDENCE_ONLY,6d05249c83ad24589fd4280c2a8e5665d839cf8ee6c33b5ea0949b40fbe04220,"[""6d05249c83ad24589fd4280c2a8e5665d839cf8ee6c33b5ea0949b40fbe04220"",""82024a09e608af3198f770e932d9900dd8d185f4ccc5a37c6e9edfff91944742"",""c039f9d5010a5957f696533402948cbc010dccba13f62bfe0f38d1365332553a""]",data/derived/covalent_small/covapie_bulk_cys_sg_dataset_expansion_v1/bulk_pilot_v1/cross_source_canonical_event_manifest_v1.json,d3f35987af92fca669b85d62a86914c7a01bf35d867c4a779e7fc08e76445dae,false,SPECIALIST_REACTION_FIELD_IN_EXACT_SUPPORTING_VOCABULARY
COVAPIE_CYS_SG_EVENT_V1:2AX1:A:CYS:366-:SG:G:5EE:C1,COVALENT_SMALL_MOLECULE_TASK_RELEVANCE_SUPPORTED,true,SOURCE_RCSB_PDB_DIRECT,2AX1:covale1,source_annotations.covalent_event,covalent bond,false,SUPPORTING_TRIAGE_EVIDENCE_ONLY,,"[""6d05249c83ad24589fd4280c2a8e5665d839cf8ee6c33b5ea0949b40fbe04220"",""82024a09e608af3198f770e932d9900dd8d185f4ccc5a37c6e9edfff91944742"",""c039f9d5010a5957f696533402948cbc010dccba13f62bfe0f38d1365332553a""]",data/derived/covalent_small/covapie_bulk_cys_sg_dataset_expansion_v1/bulk_pilot_v1/cross_source_canonical_event_manifest_v1.json,d3f35987af92fca669b85d62a86914c7a01bf35d867c4a779e7fc08e76445dae,false,SPECIALIST_REACTION_FIELD_IN_EXACT_SUPPORTING_VOCABULARY
COVAPIE_CYS_SG_EVENT_V1:2AX1:B:CYS:366-:SG:L:5EE:C1,COVALENT_SMALL_MOLECULE_TASK_RELEVANCE_SUPPORTED,true,SOURCE_COVBINDERINPDB,CBR000463,source_annotations.covalent_event,curated residue-binder reaction record,false,SUPPORTING_TRIAGE_EVIDENCE_ONLY,c039f9d5010a5957f696533402948cbc010dccba13f62bfe0f38d1365332553a,"[""6d05249c83ad24589fd4280c2a8e5665d839cf8ee6c33b5ea0949b40fbe04220"",""82024a09e608af3198f770e932d9900dd8d185f4ccc5a37c6e9edfff91944742"",""c039f9d5010a5957f696533402948cbc010dccba13f62bfe0f38d1365332553a""]",data/derived/covalent_small/covapie_bulk_cys_sg_dataset_expansion_v1/bulk_pilot_v1/cross_source_canonical_event_manifest_v1.json,d3f35987af92fca669b85d62a86914c7a01bf35d867c4a779e7fc08e76445dae,false,SPECIALIST_REACTION_FIELD_IN_EXACT_SUPPORTING_VOCABULARY
COVAPIE_CYS_SG_EVENT_V1:2AX1:B:CYS:366-:SG:L:5EE:C1,COVALENT_SMALL_MOLECULE_TASK_RELEVANCE_SUPPORTED,true,SOURCE_COVBINDERINPDB,CBR000463,source_annotations.reaction,inhibitor,true,SUPPORTING_TRIAGE_EVIDENCE_ONLY,c039f9d5010a5957f696533402948cbc010dccba13f62bfe0f38d1365332553a,"[""6d05249c83ad24589fd4280c2a8e5665d839cf8ee6c33b5ea0949b40fbe04220"",""82024a09e608af3198f770e932d9900dd8d185f4ccc5a37c6e9edfff91944742"",""c039f9d5010a5957f696533402948cbc010dccba13f62bfe0f38d1365332553a""]",data/derived/covalent_small/covapie_bulk_cys_sg_dataset_expansion_v1/bulk_pilot_v1/cross_source_canonical_event_manifest_v1.json,d3f35987af92fca669b85d62a86914c7a01bf35d867c4a779e7fc08e76445dae,false,SPECIALIST_REACTION_FIELD_IN_EXACT_SUPPORTING_VOCABULARY
COVAPIE_CYS_SG_EVENT_V1:2AX1:B:CYS:366-:SG:L:5EE:C1,COVALENT_SMALL_MOLECULE_TASK_RELEVANCE_SUPPORTED,true,SOURCE_COVBINDERINPDB,CBR000463,source_annotations.warhead,Acrylamide,false,SUPPORTING_TRIAGE_EVIDENCE_ONLY,c039f9d5010a5957f696533402948cbc010dccba13f62bfe0f38d1365332553a,"[""6d05249c83ad24589fd4280c2a8e5665d839cf8ee6c33b5ea0949b40fbe04220"",""82024a09e608af3198f770e932d9900dd8d185f4ccc5a37c6e9edfff91944742"",""c039f9d5010a5957f696533402948cbc010dccba13f62bfe0f38d1365332553a""]",data/derived/covalent_small/covapie_bulk_cys_sg_dataset_expansion_v1/bulk_pilot_v1/cross_source_canonical_event_manifest_v1.json,d3f35987af92fca669b85d62a86914c7a01bf35d867c4a779e7fc08e76445dae,false,SPECIALIST_REACTION_FIELD_IN_EXACT_SUPPORTING_VOCABULARY
COVAPIE_CYS_SG_EVENT_V1:2AX1:B:CYS:366-:SG:L:5EE:C1,COVALENT_SMALL_MOLECULE_TASK_RELEVANCE_SUPPORTED,true,SOURCE_COVPDB,CovPDB_complexes/2ax1/2ax1.pdb#LINK00614,source_annotations.covalent_event,explicit PDB LINK CYS-SG to ligand endpoint,false,SUPPORTING_TRIAGE_EVIDENCE_ONLY,6d05249c83ad24589fd4280c2a8e5665d839cf8ee6c33b5ea0949b40fbe04220,"[""6d05249c83ad24589fd4280c2a8e5665d839cf8ee6c33b5ea0949b40fbe04220"",""82024a09e608af3198f770e932d9900dd8d185f4ccc5a37c6e9edfff91944742"",""c039f9d5010a5957f696533402948cbc010dccba13f62bfe0f38d1365332553a""]",data/derived/covalent_small/covapie_bulk_cys_sg_dataset_expansion_v1/bulk_pilot_v1/cross_source_canonical_event_manifest_v1.json,d3f35987af92fca669b85d62a86914c7a01bf35d867c4a779e7fc08e76445dae,false,SPECIALIST_REACTION_FIELD_IN_EXACT_SUPPORTING_VOCABULARY
COVAPIE_CYS_SG_EVENT_V1:2AX1:B:CYS:366-:SG:L:5EE:C1,COVALENT_SMALL_MOLECULE_TASK_RELEVANCE_SUPPORTED,true,SOURCE_RCSB_PDB_DIRECT,2AX1:covale2,source_annotations.covalent_event,covalent bond,false,SUPPORTING_TRIAGE_EVIDENCE_ONLY,,"[""6d05249c83ad24589fd4280c2a8e5665d839cf8ee6c33b5ea0949b40fbe04220"",""82024a09e608af3198f770e932d9900dd8d185f4ccc5a37c6e9edfff91944742"",""c039f9d5010a5957f696533402948cbc010dccba13f62bfe0f38d1365332553a""]",data/derived/covalent_small/covapie_bulk_cys_sg_dataset_expansion_v1/bulk_pilot_v1/cross_source_canonical_event_manifest_v1.json,d3f35987af92fca669b85d62a86914c7a01bf35d867c4a779e7fc08e76445dae,false,SPECIALIST_REACTION_FIELD_IN_EXACT_SUPPORTING_VOCABULARY
COVAPIE_CYS_SG_EVENT_V1:2BBQ:A:CYS:146-:SG:C:UMP:C6,LIKELY_BIOCHEMICAL_OR_NON_TARGET_GENERATION_EVENT,true,SOURCE_COVBINDERINPDB,CBR001563,source_annotations.covalent_event,curated residue-binder reaction record,false,SUPPORTING_TRIAGE_EVIDENCE_ONLY,c039f9d5010a5957f696533402948cbc010dccba13f62bfe0f38d1365332553a,"[""c039f9d5010a5957f696533402948cbc010dccba13f62bfe0f38d1365332553a"",""cf410ecbecc65a9cb6f67ee12539350fa1b7a148c2fc307af31e424e06a24fd1""]",data/derived/covalent_small/covapie_bulk_cys_sg_dataset_expansion_v1/bulk_pilot_v1/cross_source_canonical_event_manifest_v1.json,d3f35987af92fca669b85d62a86914c7a01bf35d867c4a779e7fc08e76445dae,false,SPECIALIST_REACTION_FIELD_EQUALS_SUBSTRATE; LIKELY STATUS ONLY
COVAPIE_CYS_SG_EVENT_V1:2BBQ:A:CYS:146-:SG:C:UMP:C6,LIKELY_BIOCHEMICAL_OR_NON_TARGET_GENERATION_EVENT,true,SOURCE_COVBINDERINPDB,CBR001563,source_annotations.reaction,substrate,true,SUPPORTING_TRIAGE_EVIDENCE_ONLY,c039f9d5010a5957f696533402948cbc010dccba13f62bfe0f38d1365332553a,"[""c039f9d5010a5957f696533402948cbc010dccba13f62bfe0f38d1365332553a"",""cf410ecbecc65a9cb6f67ee12539350fa1b7a148c2fc307af31e424e06a24fd1""]",data/derived/covalent_small/covapie_bulk_cys_sg_dataset_expansion_v1/bulk_pilot_v1/cross_source_canonical_event_manifest_v1.json,d3f35987af92fca669b85d62a86914c7a01bf35d867c4a779e7fc08e76445dae,false,SPECIALIST_REACTION_FIELD_EQUALS_SUBSTRATE; LIKELY STATUS ONLY
COVAPIE_CYS_SG_EVENT_V1:2BBQ:A:CYS:146-:SG:C:UMP:C6,LIKELY_BIOCHEMICAL_OR_NON_TARGET_GENERATION_EVENT,true,SOURCE_COVBINDERINPDB,CBR001563,source_annotations.warhead,Uridine,false,SUPPORTING_TRIAGE_EVIDENCE_ONLY,c039f9d5010a5957f696533402948cbc010dccba13f62bfe0f38d1365332553a,"[""c039f9d5010a5957f696533402948cbc010dccba13f62bfe0f38d1365332553a"",""cf410ecbecc65a9cb6f67ee12539350fa1b7a148c2fc307af31e424e06a24fd1""]",data/derived/covalent_small/covapie_bulk_cys_sg_dataset_expansion_v1/bulk_pilot_v1/cross_source_canonical_event_manifest_v1.json,d3f35987af92fca669b85d62a86914c7a01bf35d867c4a779e7fc08e76445dae,false,SPECIALIST_REACTION_FIELD_EQUALS_SUBSTRATE; LIKELY STATUS ONLY
COVAPIE_CYS_SG_EVENT_V1:2BBQ:A:CYS:146-:SG:C:UMP:C6,LIKELY_BIOCHEMICAL_OR_NON_TARGET_GENERATION_EVENT,true,SOURCE_RCSB_PDB_DIRECT,2BBQ:covale1,source_annotations.covalent_event,covalent bond,false,SUPPORTING_TRIAGE_EVIDENCE_ONLY,,"[""c039f9d5010a5957f696533402948cbc010dccba13f62bfe0f38d1365332553a"",""cf410ecbecc65a9cb6f67ee12539350fa1b7a148c2fc307af31e424e06a24fd1""]",data/derived/covalent_small/covapie_bulk_cys_sg_dataset_expansion_v1/bulk_pilot_v1/cross_source_canonical_event_manifest_v1.json,d3f35987af92fca669b85d62a86914c7a01bf35d867c4a779e7fc08e76445dae,false,SPECIALIST_REACTION_FIELD_EQUALS_SUBSTRATE; LIKELY STATUS ONLY
COVAPIE_CYS_SG_EVENT_V1:2BBQ:B:CYS:146-:SG:E:UMP:C6,LIKELY_BIOCHEMICAL_OR_NON_TARGET_GENERATION_EVENT,true,SOURCE_COVBINDERINPDB,CBR001564,source_annotations.covalent_event,curated residue-binder reaction record,false,SUPPORTING_TRIAGE_EVIDENCE_ONLY,c039f9d5010a5957f696533402948cbc010dccba13f62bfe0f38d1365332553a,"[""c039f9d5010a5957f696533402948cbc010dccba13f62bfe0f38d1365332553a"",""cf410ecbecc65a9cb6f67ee12539350fa1b7a148c2fc307af31e424e06a24fd1""]",data/derived/covalent_small/covapie_bulk_cys_sg_dataset_expansion_v1/bulk_pilot_v1/cross_source_canonical_event_manifest_v1.json,d3f35987af92fca669b85d62a86914c7a01bf35d867c4a779e7fc08e76445dae,false,SPECIALIST_REACTION_FIELD_EQUALS_SUBSTRATE; LIKELY STATUS ONLY
COVAPIE_CYS_SG_EVENT_V1:2BBQ:B:CYS:146-:SG:E:UMP:C6,LIKELY_BIOCHEMICAL_OR_NON_TARGET_GENERATION_EVENT,true,SOURCE_COVBINDERINPDB,CBR001564,source_annotations.reaction,substrate,true,SUPPORTING_TRIAGE_EVIDENCE_ONLY,c039f9d5010a5957f696533402948cbc010dccba13f62bfe0f38d1365332553a,"[""c039f9d5010a5957f696533402948cbc010dccba13f62bfe0f38d1365332553a"",""cf410ecbecc65a9cb6f67ee12539350fa1b7a148c2fc307af31e424e06a24fd1""]",data/derived/covalent_small/covapie_bulk_cys_sg_dataset_expansion_v1/bulk_pilot_v1/cross_source_canonical_event_manifest_v1.json,d3f35987af92fca669b85d62a86914c7a01bf35d867c4a779e7fc08e76445dae,false,SPECIALIST_REACTION_FIELD_EQUALS_SUBSTRATE; LIKELY STATUS ONLY
COVAPIE_CYS_SG_EVENT_V1:2BBQ:B:CYS:146-:SG:E:UMP:C6,LIKELY_BIOCHEMICAL_OR_NON_TARGET_GENERATION_EVENT,true,SOURCE_COVBINDERINPDB,CBR001564,source_annotations.warhead,Uridine,false,SUPPORTING_TRIAGE_EVIDENCE_ONLY,c039f9d5010a5957f696533402948cbc010dccba13f62bfe0f38d1365332553a,"[""c039f9d5010a5957f696533402948cbc010dccba13f62bfe0f38d1365332553a"",""cf410ecbecc65a9cb6f67ee12539350fa1b7a148c2fc307af31e424e06a24fd1""]",data/derived/covalent_small/covapie_bulk_cys_sg_dataset_expansion_v1/bulk_pilot_v1/cross_source_canonical_event_manifest_v1.json,d3f35987af92fca669b85d62a86914c7a01bf35d867c4a779e7fc08e76445dae,false,SPECIALIST_REACTION_FIELD_EQUALS_SUBSTRATE; LIKELY STATUS ONLY
COVAPIE_CYS_SG_EVENT_V1:2BBQ:B:CYS:146-:SG:E:UMP:C6,LIKELY_BIOCHEMICAL_OR_NON_TARGET_GENERATION_EVENT,true,SOURCE_RCSB_PDB_DIRECT,2BBQ:covale2,source_annotations.covalent_event,covalent bond,false,SUPPORTING_TRIAGE_EVIDENCE_ONLY,,"[""c039f9d5010a5957f696533402948cbc010dccba13f62bfe0f38d1365332553a"",""cf410ecbecc65a9cb6f67ee12539350fa1b7a148c2fc307af31e424e06a24fd1""]",data/derived/covalent_small/covapie_bulk_cys_sg_dataset_expansion_v1/bulk_pilot_v1/cross_source_canonical_event_manifest_v1.json,d3f35987af92fca669b85d62a86914c7a01bf35d867c4a779e7fc08e76445dae,false,SPECIALIST_REACTION_FIELD_EQUALS_SUBSTRATE; LIKELY STATUS ONLY
COVAPIE_CYS_SG_EVENT_V1:2C6Q:D:CYS:186-:SG:O:IMP:C2,LIKELY_BIOCHEMICAL_OR_NON_TARGET_GENERATION_EVENT,true,SOURCE_COVBINDERINPDB,CBR002274,source_annotations.covalent_event,curated residue-binder reaction record,false,SUPPORTING_TRIAGE_EVIDENCE_ONLY,c039f9d5010a5957f696533402948cbc010dccba13f62bfe0f38d1365332553a,"[""c039f9d5010a5957f696533402948cbc010dccba13f62bfe0f38d1365332553a"",""cf410ecbecc65a9cb6f67ee12539350fa1b7a148c2fc307af31e424e06a24fd1""]",data/derived/covalent_small/covapie_bulk_cys_sg_dataset_expansion_v1/bulk_pilot_v1/cross_source_canonical_event_manifest_v1.json,d3f35987af92fca669b85d62a86914c7a01bf35d867c4a779e7fc08e76445dae,false,SPECIALIST_REACTION_FIELD_EQUALS_SUBSTRATE; LIKELY STATUS ONLY
COVAPIE_CYS_SG_EVENT_V1:2C6Q:D:CYS:186-:SG:O:IMP:C2,LIKELY_BIOCHEMICAL_OR_NON_TARGET_GENERATION_EVENT,true,SOURCE_COVBINDERINPDB,CBR002274,source_annotations.reaction,substrate,true,SUPPORTING_TRIAGE_EVIDENCE_ONLY,c039f9d5010a5957f696533402948cbc010dccba13f62bfe0f38d1365332553a,"[""c039f9d5010a5957f696533402948cbc010dccba13f62bfe0f38d1365332553a"",""cf410ecbecc65a9cb6f67ee12539350fa1b7a148c2fc307af31e424e06a24fd1""]",data/derived/covalent_small/covapie_bulk_cys_sg_dataset_expansion_v1/bulk_pilot_v1/cross_source_canonical_event_manifest_v1.json,d3f35987af92fca669b85d62a86914c7a01bf35d867c4a779e7fc08e76445dae,false,SPECIALIST_REACTION_FIELD_EQUALS_SUBSTRATE; LIKELY STATUS ONLY
COVAPIE_CYS_SG_EVENT_V1:2C6Q:D:CYS:186-:SG:O:IMP:C2,LIKELY_BIOCHEMICAL_OR_NON_TARGET_GENERATION_EVENT,true,SOURCE_COVBINDERINPDB,CBR002274,source_annotations.warhead,Purine,false,SUPPORTING_TRIAGE_EVIDENCE_ONLY,c039f9d5010a5957f696533402948cbc010dccba13f62bfe0f38d1365332553a,"[""c039f9d5010a5957f696533402948cbc010dccba13f62bfe0f38d1365332553a"",""cf410ecbecc65a9cb6f67ee12539350fa1b7a148c2fc307af31e424e06a24fd1""]",data/derived/covalent_small/covapie_bulk_cys_sg_dataset_expansion_v1/bulk_pilot_v1/cross_source_canonical_event_manifest_v1.json,d3f35987af92fca669b85d62a86914c7a01bf35d867c4a779e7fc08e76445dae,false,SPECIALIST_REACTION_FIELD_EQUALS_SUBSTRATE; LIKELY STATUS ONLY
COVAPIE_CYS_SG_EVENT_V1:2C6Q:D:CYS:186-:SG:O:IMP:C2,LIKELY_BIOCHEMICAL_OR_NON_TARGET_GENERATION_EVENT,true,SOURCE_RCSB_PDB_DIRECT,2C6Q:covale1,source_annotations.covalent_event,covalent bond,false,SUPPORTING_TRIAGE_EVIDENCE_ONLY,,"[""c039f9d5010a5957f696533402948cbc010dccba13f62bfe0f38d1365332553a"",""cf410ecbecc65a9cb6f67ee12539350fa1b7a148c2fc307af31e424e06a24fd1""]",data/derived/covalent_small/covapie_bulk_cys_sg_dataset_expansion_v1/bulk_pilot_v1/cross_source_canonical_event_manifest_v1.json,d3f35987af92fca669b85d62a86914c7a01bf35d867c4a779e7fc08e76445dae,false,SPECIALIST_REACTION_FIELD_EQUALS_SUBSTRATE; LIKELY STATUS ONLY
COVAPIE_CYS_SG_EVENT_V1:2EFT:A:CYS:112-:SG:E:MEE:S,COVALENT_SMALL_MOLECULE_TASK_RELEVANCE_SUPPORTED,true,SOURCE_COVBINDERINPDB,CBR003862,source_annotations.covalent_event,curated residue-binder reaction record,false,SUPPORTING_TRIAGE_EVIDENCE_ONLY,c039f9d5010a5957f696533402948cbc010dccba13f62bfe0f38d1365332553a,"[""c039f9d5010a5957f696533402948cbc010dccba13f62bfe0f38d1365332553a"",""cf410ecbecc65a9cb6f67ee12539350fa1b7a148c2fc307af31e424e06a24fd1""]",data/derived/covalent_small/covapie_bulk_cys_sg_dataset_expansion_v1/bulk_pilot_v1/cross_source_canonical_event_manifest_v1.json,d3f35987af92fca669b85d62a86914c7a01bf35d867c4a779e7fc08e76445dae,false,SPECIALIST_REACTION_FIELD_IN_EXACT_SUPPORTING_VOCABULARY
COVAPIE_CYS_SG_EVENT_V1:2EFT:A:CYS:112-:SG:E:MEE:S,COVALENT_SMALL_MOLECULE_TASK_RELEVANCE_SUPPORTED,true,SOURCE_COVBINDERINPDB,CBR003862,source_annotations.reaction,inhibitor,true,SUPPORTING_TRIAGE_EVIDENCE_ONLY,c039f9d5010a5957f696533402948cbc010dccba13f62bfe0f38d1365332553a,"[""c039f9d5010a5957f696533402948cbc010dccba13f62bfe0f38d1365332553a"",""cf410ecbecc65a9cb6f67ee12539350fa1b7a148c2fc307af31e424e06a24fd1""]",data/derived/covalent_small/covapie_bulk_cys_sg_dataset_expansion_v1/bulk_pilot_v1/cross_source_canonical_event_manifest_v1.json,d3f35987af92fca669b85d62a86914c7a01bf35d867c4a779e7fc08e76445dae,false,SPECIALIST_REACTION_FIELD_IN_EXACT_SUPPORTING_VOCABULARY
COVAPIE_CYS_SG_EVENT_V1:2EFT:A:CYS:112-:SG:E:MEE:S,COVALENT_SMALL_MOLECULE_TASK_RELEVANCE_SUPPORTED,true,SOURCE_COVBINDERINPDB,CBR003862,source_annotations.warhead,Disulfide,false,SUPPORTING_TRIAGE_EVIDENCE_ONLY,c039f9d5010a5957f696533402948cbc010dccba13f62bfe0f38d1365332553a,"[""c039f9d5010a5957f696533402948cbc010dccba13f62bfe0f38d1365332553a"",""cf410ecbecc65a9cb6f67ee12539350fa1b7a148c2fc307af31e424e06a24fd1""]",data/derived/covalent_small/covapie_bulk_cys_sg_dataset_expansion_v1/bulk_pilot_v1/cross_source_canonical_event_manifest_v1.json,d3f35987af92fca669b85d62a86914c7a01bf35d867c4a779e7fc08e76445dae,false,SPECIALIST_REACTION_FIELD_IN_EXACT_SUPPORTING_VOCABULARY
COVAPIE_CYS_SG_EVENT_V1:2EFT:A:CYS:112-:SG:E:MEE:S,COVALENT_SMALL_MOLECULE_TASK_RELEVANCE_SUPPORTED,true,SOURCE_RCSB_PDB_DIRECT,2EFT:covale1,source_annotations.covalent_event,covalent bond,false,SUPPORTING_TRIAGE_EVIDENCE_ONLY,,"[""c039f9d5010a5957f696533402948cbc010dccba13f62bfe0f38d1365332553a"",""cf410ecbecc65a9cb6f67ee12539350fa1b7a148c2fc307af31e424e06a24fd1""]",data/derived/covalent_small/covapie_bulk_cys_sg_dataset_expansion_v1/bulk_pilot_v1/cross_source_canonical_event_manifest_v1.json,d3f35987af92fca669b85d62a86914c7a01bf35d867c4a779e7fc08e76445dae,false,SPECIALIST_REACTION_FIELD_IN_EXACT_SUPPORTING_VOCABULARY
COVAPIE_CYS_SG_EVENT_V1:2EFT:B:CYS:103-:SG:G:MEE:S,COVALENT_SMALL_MOLECULE_TASK_RELEVANCE_SUPPORTED,true,SOURCE_COVBINDERINPDB,CBR003863,source_annotations.covalent_event,curated residue-binder reaction record,false,SUPPORTING_TRIAGE_EVIDENCE_ONLY,c039f9d5010a5957f696533402948cbc010dccba13f62bfe0f38d1365332553a,"[""c039f9d5010a5957f696533402948cbc010dccba13f62bfe0f38d1365332553a"",""cf410ecbecc65a9cb6f67ee12539350fa1b7a148c2fc307af31e424e06a24fd1""]",data/derived/covalent_small/covapie_bulk_cys_sg_dataset_expansion_v1/bulk_pilot_v1/cross_source_canonical_event_manifest_v1.json,d3f35987af92fca669b85d62a86914c7a01bf35d867c4a779e7fc08e76445dae,false,SPECIALIST_REACTION_FIELD_IN_EXACT_SUPPORTING_VOCABULARY
COVAPIE_CYS_SG_EVENT_V1:2EFT:B:CYS:103-:SG:G:MEE:S,COVALENT_SMALL_MOLECULE_TASK_RELEVANCE_SUPPORTED,true,SOURCE_COVBINDERINPDB,CBR003863,source_annotations.reaction,inhibitor,true,SUPPORTING_TRIAGE_EVIDENCE_ONLY,c039f9d5010a5957f696533402948cbc010dccba13f62bfe0f38d1365332553a,"[""c039f9d5010a5957f696533402948cbc010dccba13f62bfe0f38d1365332553a"",""cf410ecbecc65a9cb6f67ee12539350fa1b7a148c2fc307af31e424e06a24fd1""]",data/derived/covalent_small/covapie_bulk_cys_sg_dataset_expansion_v1/bulk_pilot_v1/cross_source_canonical_event_manifest_v1.json,d3f35987af92fca669b85d62a86914c7a01bf35d867c4a779e7fc08e76445dae,false,SPECIALIST_REACTION_FIELD_IN_EXACT_SUPPORTING_VOCABULARY
COVAPIE_CYS_SG_EVENT_V1:2EFT:B:CYS:103-:SG:G:MEE:S,COVALENT_SMALL_MOLECULE_TASK_RELEVANCE_SUPPORTED,true,SOURCE_COVBINDERINPDB,CBR003863,source_annotations.warhead,Disulfide,false,SUPPORTING_TRIAGE_EVIDENCE_ONLY,c039f9d5010a5957f696533402948cbc010dccba13f62bfe0f38d1365332553a,"[""c039f9d5010a5957f696533402948cbc010dccba13f62bfe0f38d1365332553a"",""cf410ecbecc65a9cb6f67ee12539350fa1b7a148c2fc307af31e424e06a24fd1""]",data/derived/covalent_small/covapie_bulk_cys_sg_dataset_expansion_v1/bulk_pilot_v1/cross_source_canonical_event_manifest_v1.json,d3f35987af92fca669b85d62a86914c7a01bf35d867c4a779e7fc08e76445dae,false,SPECIALIST_REACTION_FIELD_IN_EXACT_SUPPORTING_VOCABULARY
COVAPIE_CYS_SG_EVENT_V1:2EFT:B:CYS:103-:SG:G:MEE:S,COVALENT_SMALL_MOLECULE_TASK_RELEVANCE_SUPPORTED,true,SOURCE_RCSB_PDB_DIRECT,2EFT:covale2,source_annotations.covalent_event,covalent bond,false,SUPPORTING_TRIAGE_EVIDENCE_ONLY,,"[""c039f9d5010a5957f696533402948cbc010dccba13f62bfe0f38d1365332553a"",""cf410ecbecc65a9cb6f67ee12539350fa1b7a148c2fc307af31e424e06a24fd1""]",data/derived/covalent_small/covapie_bulk_cys_sg_dataset_expansion_v1/bulk_pilot_v1/cross_source_canonical_event_manifest_v1.json,d3f35987af92fca669b85d62a86914c7a01bf35d867c4a779e7fc08e76445dae,false,SPECIALIST_REACTION_FIELD_IN_EXACT_SUPPORTING_VOCABULARY
