enumeration_version,sample_index_row_id,pdb_id,ligand_comp_id,warhead_type_candidate_class_index_0based,warhead_type_candidate_class_id,reaction_family_id,warhead_rule_id,component_parent_graph_sha256,bridge_candidate_index_0based,boundary_bond_id,warhead_side_atom_ids,warhead_side_atom_count,nonwarhead_side_atom_count,contains_local_reaction_center,contains_required_leaving_groups,warhead_side_connected,exact_one_boundary_verified,proper_subset,candidate_admitted,blocking_reasons,bridge_candidate_record_sha256
covapie_current11_exact_one_boundary_bridge_candidate_enumeration_v1,CYS_SG_SAMPLE_INDEX_000001,6BV6,JUG,3,COVAPIE_CYS_SG_WARHEAD_TYPE_CLASS_8B640E1A031138F0,COVAPIE_CYS_SG_REACTION_FAMILY_6A5C7B2B614B5F52,COVAPIE_CYS_SG_WARHEAD_RULE_8B640E1A031138F0,96aad302f8a2d416f4e8165465ffdf5326715c26e96e61a2773644ff0df22d6a,0,CAI|OAC|single,"[""CAD"",""CAE"",""CAF"",""CAG"",""CAH"",""CAI"",""CAJ"",""CAK"",""CAL"",""CAM"",""OAA"",""OAB""]",12,1,true,true,true,true,true,true,,5374c4e9b6368ba70b272050cdde5167f8a11eff8a9c5d999cdc29adcb7f6231
covapie_current11_exact_one_boundary_bridge_candidate_enumeration_v1,CYS_SG_SAMPLE_INDEX_000001,6BV6,JUG,3,COVAPIE_CYS_SG_WARHEAD_TYPE_CLASS_8B640E1A031138F0,COVAPIE_CYS_SG_REACTION_FAMILY_6A5C7B2B614B5F52,COVAPIE_CYS_SG_WARHEAD_RULE_8B640E1A031138F0,96aad302f8a2d416f4e8165465ffdf5326715c26e96e61a2773644ff0df22d6a,1,CAJ|OAA|double,"[""CAD"",""CAE"",""CAF"",""CAG"",""CAH"",""CAI"",""CAJ"",""CAK"",""CAL"",""CAM"",""OAB"",""OAC""]",12,1,true,true,true,true,true,true,,453aca6d5e4d90be1fdc0e7aa48e94fe9b73b25cc245df781ef6d31ba25f7918
covapie_current11_exact_one_boundary_bridge_candidate_enumeration_v1,CYS_SG_SAMPLE_INDEX_000001,6BV6,JUG,3,COVAPIE_CYS_SG_WARHEAD_TYPE_CLASS_8B640E1A031138F0,COVAPIE_CYS_SG_REACTION_FAMILY_6A5C7B2B614B5F52,COVAPIE_CYS_SG_WARHEAD_RULE_8B640E1A031138F0,96aad302f8a2d416f4e8165465ffdf5326715c26e96e61a2773644ff0df22d6a,2,CAK|OAB|double,"[""CAD"",""CAE"",""CAF"",""CAG"",""CAH"",""CAI"",""CAJ"",""CAK"",""CAL"",""CAM"",""OAA"",""OAC""]",12,1,true,true,true,true,true,true,,b6d13b001c608cbb5a44351f5a3911e6f75b2ef55294a91cfc54f7a6b1576f83
covapie_current11_exact_one_boundary_bridge_candidate_enumeration_v1,CYS_SG_SAMPLE_INDEX_000002,6BV8,JUG,3,COVAPIE_CYS_SG_WARHEAD_TYPE_CLASS_8B640E1A031138F0,COVAPIE_CYS_SG_REACTION_FAMILY_6A5C7B2B614B5F52,COVAPIE_CYS_SG_WARHEAD_RULE_8B640E1A031138F0,96aad302f8a2d416f4e8165465ffdf5326715c26e96e61a2773644ff0df22d6a,0,CAI|OAC|single,"[""CAD"",""CAE"",""CAF"",""CAG"",""CAH"",""CAI"",""CAJ"",""CAK"",""CAL"",""CAM"",""OAA"",""OAB""]",12,1,true,true,true,true,true,true,,5fb586642820cc324c082408245f6ba1f63bd06181e4d5a09dd1eca871c331ce
covapie_current11_exact_one_boundary_bridge_candidate_enumeration_v1,CYS_SG_SAMPLE_INDEX_000002,6BV8,JUG,3,COVAPIE_CYS_SG_WARHEAD_TYPE_CLASS_8B640E1A031138F0,COVAPIE_CYS_SG_REACTION_FAMILY_6A5C7B2B614B5F52,COVAPIE_CYS_SG_WARHEAD_RULE_8B640E1A031138F0,96aad302f8a2d416f4e8165465ffdf5326715c26e96e61a2773644ff0df22d6a,1,CAJ|OAA|double,"[""CAD"",""CAE"",""CAF"",""CAG"",""CAH"",""CAI"",""CAJ"",""CAK"",""CAL"",""CAM"",""OAB"",""OAC""]",12,1,true,true,true,true,true,true,,6184bcbe71b7825344349f5541a5f79475d1adee36b1fe3bd416b93b3927cebb
covapie_current11_exact_one_boundary_bridge_candidate_enumeration_v1,CYS_SG_SAMPLE_INDEX_000002,6BV8,JUG,3,COVAPIE_CYS_SG_WARHEAD_TYPE_CLASS_8B640E1A031138F0,COVAPIE_CYS_SG_REACTION_FAMILY_6A5C7B2B614B5F52,COVAPIE_CYS_SG_WARHEAD_RULE_8B640E1A031138F0,96aad302f8a2d416f4e8165465ffdf5326715c26e96e61a2773644ff0df22d6a,2,CAK|OAB|double,"[""CAD"",""CAE"",""CAF"",""CAG"",""CAH"",""CAI"",""CAJ"",""CAK"",""CAL"",""CAM"",""OAA"",""OAC""]",12,1,true,true,true,true,true,true,,e1404c579badf2dfa7bbbb944d115f24eb5374d5dcd1687925288dc14180cfee
covapie_current11_exact_one_boundary_bridge_candidate_enumeration_v1,CYS_SG_SAMPLE_INDEX_000003,6BV5,JUG,3,COVAPIE_CYS_SG_WARHEAD_TYPE_CLASS_8B640E1A031138F0,COVAPIE_CYS_SG_REACTION_FAMILY_6A5C7B2B614B5F52,COVAPIE_CYS_SG_WARHEAD_RULE_8B640E1A031138F0,96aad302f8a2d416f4e8165465ffdf5326715c26e96e61a2773644ff0df22d6a,0,CAI|OAC|single,"[""CAD"",""CAE"",""CAF"",""CAG"",""CAH"",""CAI"",""CAJ"",""CAK"",""CAL"",""CAM"",""OAA"",""OAB""]",12,1,true,true,true,true,true,true,,73d8e74d321e4f5d37ed609b8b345e944e5f6a6fa6323f90e1648af064d37aeb
covapie_current11_exact_one_boundary_bridge_candidate_enumeration_v1,CYS_SG_SAMPLE_INDEX_000003,6BV5,JUG,3,COVAPIE_CYS_SG_WARHEAD_TYPE_CLASS_8B640E1A031138F0,COVAPIE_CYS_SG_REACTION_FAMILY_6A5C7B2B614B5F52,COVAPIE_CYS_SG_WARHEAD_RULE_8B640E1A031138F0,96aad302f8a2d416f4e8165465ffdf5326715c26e96e61a2773644ff0df22d6a,1,CAJ|OAA|double,"[""CAD"",""CAE"",""CAF"",""CAG"",""CAH"",""CAI"",""CAJ"",""CAK"",""CAL"",""CAM"",""OAB"",""OAC""]",12,1,true,true,true,true,true,true,,81eddb6bb0f9721d7daa210fdd9ad3097eb1fd648cf80d6d88db05797c86a674
covapie_current11_exact_one_boundary_bridge_candidate_enumeration_v1,CYS_SG_SAMPLE_INDEX_000003,6BV5,JUG,3,COVAPIE_CYS_SG_WARHEAD_TYPE_CLASS_8B640E1A031138F0,COVAPIE_CYS_SG_REACTION_FAMILY_6A5C7B2B614B5F52,COVAPIE_CYS_SG_WARHEAD_RULE_8B640E1A031138F0,96aad302f8a2d416f4e8165465ffdf5326715c26e96e61a2773644ff0df22d6a,2,CAK|OAB|double,"[""CAD"",""CAE"",""CAF"",""CAG"",""CAH"",""CAI"",""CAJ"",""CAK"",""CAL"",""CAM"",""OAA"",""OAC""]",12,1,true,true,true,true,true,true,,03b350cca5cefa8c11966138a54d8410c54fc4468b15ed9e3acdc3a95b4ed726
covapie_current11_exact_one_boundary_bridge_candidate_enumeration_v1,CYS_SG_SAMPLE_INDEX_000004,1AEC,E64,2,COVAPIE_CYS_SG_WARHEAD_TYPE_CLASS_3B7FB1395768B690,COVAPIE_CYS_SG_REACTION_FAMILY_4C9251579704AD85,COVAPIE_CYS_SG_WARHEAD_RULE_3B7FB1395768B690,1f220cbfcc2f98d0b6f2ca7d9779c67cfd6f0b622c789fc6fe3e9d81ea218e31,0,C10|C8|single,"[""C1"",""C11"",""C12"",""C13"",""C14"",""C15"",""C16"",""C2"",""C3"",""C4"",""C6"",""C7"",""C8"",""C9"",""N1"",""N2"",""N3"",""N4"",""N5"",""O1"",""O2"",""O3"",""O4"",""O5""]",24,1,true,true,true,true,true,true,,8b04d7bb1935ce8c82a1ba49653451afe08dcf7d5c7c94905bffabb4b8df0b03
covapie_current11_exact_one_boundary_bridge_candidate_enumeration_v1,CYS_SG_SAMPLE_INDEX_000004,1AEC,E64,2,COVAPIE_CYS_SG_WARHEAD_TYPE_CLASS_3B7FB1395768B690,COVAPIE_CYS_SG_REACTION_FAMILY_4C9251579704AD85,COVAPIE_CYS_SG_WARHEAD_RULE_3B7FB1395768B690,1f220cbfcc2f98d0b6f2ca7d9779c67cfd6f0b622c789fc6fe3e9d81ea218e31,1,C11|C6|single,"[""C1"",""C10"",""C2"",""C3"",""C4"",""C6"",""C7"",""C8"",""C9"",""N1"",""O1"",""O2"",""O3"",""O4""]",14,11,true,true,true,true,true,true,,e5e2d5417c3faba9ebd9b88d945478058b64c1afc50c23ea8eb8c9db5af5202a
covapie_current11_exact_one_boundary_bridge_candidate_enumeration_v1,CYS_SG_SAMPLE_INDEX_000004,1AEC,E64,2,COVAPIE_CYS_SG_WARHEAD_TYPE_CLASS_3B7FB1395768B690,COVAPIE_CYS_SG_REACTION_FAMILY_4C9251579704AD85,COVAPIE_CYS_SG_WARHEAD_RULE_3B7FB1395768B690,1f220cbfcc2f98d0b6f2ca7d9779c67cfd6f0b622c789fc6fe3e9d81ea218e31,2,C11|N2|single,"[""C1"",""C10"",""C11"",""C2"",""C3"",""C4"",""C6"",""C7"",""C8"",""C9"",""N1"",""O1"",""O2"",""O3"",""O4"",""O5""]",16,9,true,true,true,true,true,true,,38e5f793c21803e2488f6a6af7ed0fde12c0d8c5ff4d1b4acafe75e1728a8e8c
covapie_current11_exact_one_boundary_bridge_candidate_enumeration_v1,CYS_SG_SAMPLE_INDEX_000004,1AEC,E64,2,COVAPIE_CYS_SG_WARHEAD_TYPE_CLASS_3B7FB1395768B690,COVAPIE_CYS_SG_REACTION_FAMILY_4C9251579704AD85,COVAPIE_CYS_SG_WARHEAD_RULE_3B7FB1395768B690,1f220cbfcc2f98d0b6f2ca7d9779c67cfd6f0b622c789fc6fe3e9d81ea218e31,3,C11|O5|double,"[""C1"",""C10"",""C11"",""C12"",""C13"",""C14"",""C15"",""C16"",""C2"",""C3"",""C4"",""C6"",""C7"",""C8"",""C9"",""N1"",""N2"",""N3"",""N4"",""N5"",""O1"",""O2"",""O3"",""O4""]",24,1,true,true,true,true,true,true,,3dbaa53ddb61387d200534417950682fd182bfe04ea97a42fe1fde7f107256a8
covapie_current11_exact_one_boundary_bridge_candidate_enumeration_v1,CYS_SG_SAMPLE_INDEX_000004,1AEC,E64,2,COVAPIE_CYS_SG_WARHEAD_TYPE_CLASS_3B7FB1395768B690,COVAPIE_CYS_SG_REACTION_FAMILY_4C9251579704AD85,COVAPIE_CYS_SG_WARHEAD_RULE_3B7FB1395768B690,1f220cbfcc2f98d0b6f2ca7d9779c67cfd6f0b622c789fc6fe3e9d81ea218e31,4,C12|C13|single,"[""C1"",""C10"",""C11"",""C12"",""C2"",""C3"",""C4"",""C6"",""C7"",""C8"",""C9"",""N1"",""N2"",""O1"",""O2"",""O3"",""O4"",""O5""]",18,7,true,true,true,true,true,true,,3cb1d486772fb9693c1f7b6c20051d5daa38d9e8cfb877c846a84e3867d3af30
covapie_current11_exact_one_boundary_bridge_candidate_enumeration_v1,CYS_SG_SAMPLE_INDEX_000004,1AEC,E64,2,COVAPIE_CYS_SG_WARHEAD_TYPE_CLASS_3B7FB1395768B690,COVAPIE_CYS_SG_REACTION_FAMILY_4C9251579704AD85,COVAPIE_CYS_SG_WARHEAD_RULE_3B7FB1395768B690,1f220cbfcc2f98d0b6f2ca7d9779c67cfd6f0b622c789fc6fe3e9d81ea218e31,5,C12|N2|single,"[""C1"",""C10"",""C11"",""C2"",""C3"",""C4"",""C6"",""C7"",""C8"",""C9"",""N1"",""N2"",""O1"",""O2"",""O3"",""O4"",""O5""]",17,8,true,true,true,true,true,true,,15319f6bc844dce7f7b84df2270ee6090bb8163b1278f12716e43465f6701220
covapie_current11_exact_one_boundary_bridge_candidate_enumeration_v1,CYS_SG_SAMPLE_INDEX_000004,1AEC,E64,2,COVAPIE_CYS_SG_WARHEAD_TYPE_CLASS_3B7FB1395768B690,COVAPIE_CYS_SG_REACTION_FAMILY_4C9251579704AD85,COVAPIE_CYS_SG_WARHEAD_RULE_3B7FB1395768B690,1f220cbfcc2f98d0b6f2ca7d9779c67cfd6f0b622c789fc6fe3e9d81ea218e31,6,C13|C14|single,"[""C1"",""C10"",""C11"",""C12"",""C13"",""C2"",""C3"",""C4"",""C6"",""C7"",""C8"",""C9"",""N1"",""N2"",""O1"",""O2"",""O3"",""O4"",""O5""]",19,6,true,true,true,true,true,true,,deadef3090d23c12e90986397a497f5dd91e17a04f4c955bc56a20562943a31e
covapie_current11_exact_one_boundary_bridge_candidate_enumeration_v1,CYS_SG_SAMPLE_INDEX_000004,1AEC,E64,2,COVAPIE_CYS_SG_WARHEAD_TYPE_CLASS_3B7FB1395768B690,COVAPIE_CYS_SG_REACTION_FAMILY_4C9251579704AD85,COVAPIE_CYS_SG_WARHEAD_RULE_3B7FB1395768B690,1f220cbfcc2f98d0b6f2ca7d9779c67cfd6f0b622c789fc6fe3e9d81ea218e31,7,C14|C15|single,"[""C1"",""C10"",""C11"",""C12"",""C13"",""C14"",""C2"",""C3"",""C4"",""C6"",""C7"",""C8"",""C9"",""N1"",""N2"",""O1"",""O2"",""O3"",""O4"",""O5""]",20,5,true,true,true,true,true,true,,24892941b19112778b440788db3a36acc8f861236ec18dc58e73cfb2d72e29df
covapie_current11_exact_one_boundary_bridge_candidate_enumeration_v1,CYS_SG_SAMPLE_INDEX_000004,1AEC,E64,2,COVAPIE_CYS_SG_WARHEAD_TYPE_CLASS_3B7FB1395768B690,COVAPIE_CYS_SG_REACTION_FAMILY_4C9251579704AD85,COVAPIE_CYS_SG_WARHEAD_RULE_3B7FB1395768B690,1f220cbfcc2f98d0b6f2ca7d9779c67cfd6f0b622c789fc6fe3e9d81ea218e31,8,C15|N3|single,"[""C1"",""C10"",""C11"",""C12"",""C13"",""C14"",""C15"",""C2"",""C3"",""C4"",""C6"",""C7"",""C8"",""C9"",""N1"",""N2"",""O1"",""O2"",""O3"",""O4"",""O5""]",21,4,true,true,true,true,true,true,,318fd52798735ad2834646c590352fe6fbbfb022d39ea769bec59a5f675ed320
covapie_current11_exact_one_boundary_bridge_candidate_enumeration_v1,CYS_SG_SAMPLE_INDEX_000004,1AEC,E64,2,COVAPIE_CYS_SG_WARHEAD_TYPE_CLASS_3B7FB1395768B690,COVAPIE_CYS_SG_REACTION_FAMILY_4C9251579704AD85,COVAPIE_CYS_SG_WARHEAD_RULE_3B7FB1395768B690,1f220cbfcc2f98d0b6f2ca7d9779c67cfd6f0b622c789fc6fe3e9d81ea218e31,9,C16|N3|single,"[""C1"",""C10"",""C11"",""C12"",""C13"",""C14"",""C15"",""C2"",""C3"",""C4"",""C6"",""C7"",""C8"",""C9"",""N1"",""N2"",""N3"",""O1"",""O2"",""O3"",""O4"",""O5""]",22,3,true,true,true,true,true,true,,01a784674e05d7b03a85813dad8b224ba31b40eeda235d5b481f5074b9096e09
covapie_current11_exact_one_boundary_bridge_candidate_enumeration_v1,CYS_SG_SAMPLE_INDEX_000004,1AEC,E64,2,COVAPIE_CYS_SG_WARHEAD_TYPE_CLASS_3B7FB1395768B690,COVAPIE_CYS_SG_REACTION_FAMILY_4C9251579704AD85,COVAPIE_CYS_SG_WARHEAD_RULE_3B7FB1395768B690,1f220cbfcc2f98d0b6f2ca7d9779c67cfd6f0b622c789fc6fe3e9d81ea218e31,10,C16|N4|single,"[""C1"",""C10"",""C11"",""C12"",""C13"",""C14"",""C15"",""C16"",""C2"",""C3"",""C4"",""C6"",""C7"",""C8"",""C9"",""N1"",""N2"",""N3"",""N5"",""O1"",""O2"",""O3"",""O4"",""O5""]",24,1,true,true,true,true,true,true,,e33a9e66436ba0dbb82d231863f93fe28ee2d9843590ed21f5c0e350f7acb14a
covapie_current11_exact_one_boundary_bridge_candidate_enumeration_v1,CYS_SG_SAMPLE_INDEX_000004,1AEC,E64,2,COVAPIE_CYS_SG_WARHEAD_TYPE_CLASS_3B7FB1395768B690,COVAPIE_CYS_SG_REACTION_FAMILY_4C9251579704AD85,COVAPIE_CYS_SG_WARHEAD_RULE_3B7FB1395768B690,1f220cbfcc2f98d0b6f2ca7d9779c67cfd6f0b622c789fc6fe3e9d81ea218e31,11,C16|N5|double,"[""C1"",""C10"",""C11"",""C12"",""C13"",""C14"",""C15"",""C16"",""C2"",""C3"",""C4"",""C6"",""C7"",""C8"",""C9"",""N1"",""N2"",""N3"",""N4"",""O1"",""O2"",""O3"",""O4"",""O5""]",24,1,true,true,true,true,true,true,,a14bd0009dfc385fcacbf7d024bfc5ec2b0dcf4ae9eacf7941c4e4172d540789
covapie_current11_exact_one_boundary_bridge_candidate_enumeration_v1,CYS_SG_SAMPLE_INDEX_000004,1AEC,E64,2,COVAPIE_CYS_SG_WARHEAD_TYPE_CLASS_3B7FB1395768B690,COVAPIE_CYS_SG_REACTION_FAMILY_4C9251579704AD85,COVAPIE_CYS_SG_WARHEAD_RULE_3B7FB1395768B690,1f220cbfcc2f98d0b6f2ca7d9779c67cfd6f0b622c789fc6fe3e9d81ea218e31,12,C1|C2|single,"[""C10"",""C11"",""C12"",""C13"",""C14"",""C15"",""C16"",""C2"",""C3"",""C4"",""C6"",""C7"",""C8"",""C9"",""N1"",""N2"",""N3"",""N4"",""N5"",""O3"",""O4"",""O5""]",22,3,false,true,true,true,true,false,candidate_missing_local_reaction_center,40032608d601dcb127a4cca2e69d40df3c962951a72554061253589ee58ad7c1
covapie_current11_exact_one_boundary_bridge_candidate_enumeration_v1,CYS_SG_SAMPLE_INDEX_000004,1AEC,E64,2,COVAPIE_CYS_SG_WARHEAD_TYPE_CLASS_3B7FB1395768B690,COVAPIE_CYS_SG_REACTION_FAMILY_4C9251579704AD85,COVAPIE_CYS_SG_WARHEAD_RULE_3B7FB1395768B690,1f220cbfcc2f98d0b6f2ca7d9779c67cfd6f0b622c789fc6fe3e9d81ea218e31,13,C1|O1|double,"[""C1"",""C10"",""C11"",""C12"",""C13"",""C14"",""C15"",""C16"",""C2"",""C3"",""C4"",""C6"",""C7"",""C8"",""C9"",""N1"",""N2"",""N3"",""N4"",""N5"",""O2"",""O3"",""O4"",""O5""]",24,1,true,true,true,true,true,true,,bcb4c005db925404aa01e601f15f4be01b225a8ac3a9c08b60cb82bfbaa304b5
covapie_current11_exact_one_boundary_bridge_candidate_enumeration_v1,CYS_SG_SAMPLE_INDEX_000004,1AEC,E64,2,COVAPIE_CYS_SG_WARHEAD_TYPE_CLASS_3B7FB1395768B690,COVAPIE_CYS_SG_REACTION_FAMILY_4C9251579704AD85,COVAPIE_CYS_SG_WARHEAD_RULE_3B7FB1395768B690,1f220cbfcc2f98d0b6f2ca7d9779c67cfd6f0b622c789fc6fe3e9d81ea218e31,14,C1|O2|single,"[""C1"",""C10"",""C11"",""C12"",""C13"",""C14"",""C15"",""C16"",""C2"",""C3"",""C4"",""C6"",""C7"",""C8"",""C9"",""N1"",""N2"",""N3"",""N4"",""N5"",""O1"",""O3"",""O4"",""O5""]",24,1,true,true,true,true,true,true,,cdc6dbe15779750ede2be1599330a572bf42bf3a15c256a9783c618057a593f8
covapie_current11_exact_one_boundary_bridge_candidate_enumeration_v1,CYS_SG_SAMPLE_INDEX_000004,1AEC,E64,2,COVAPIE_CYS_SG_WARHEAD_TYPE_CLASS_3B7FB1395768B690,COVAPIE_CYS_SG_REACTION_FAMILY_4C9251579704AD85,COVAPIE_CYS_SG_WARHEAD_RULE_3B7FB1395768B690,1f220cbfcc2f98d0b6f2ca7d9779c67cfd6f0b622c789fc6fe3e9d81ea218e31,15,C2|C3|single,"[""C1"",""C2"",""O1"",""O2""]",4,21,false,true,true,true,true,false,candidate_missing_local_reaction_center,f63f06033866eda50efe85e5e0161e050061768a1447d1d630a8f4b2cc3dbdb6
covapie_current11_exact_one_boundary_bridge_candidate_enumeration_v1,CYS_SG_SAMPLE_INDEX_000004,1AEC,E64,2,COVAPIE_CYS_SG_WARHEAD_TYPE_CLASS_3B7FB1395768B690,COVAPIE_CYS_SG_REACTION_FAMILY_4C9251579704AD85,COVAPIE_CYS_SG_WARHEAD_RULE_3B7FB1395768B690,1f220cbfcc2f98d0b6f2ca7d9779c67cfd6f0b622c789fc6fe3e9d81ea218e31,16,C3|C4|single,"[""C1"",""C2"",""C3"",""O1"",""O2"",""O3""]",6,19,true,true,true,true,true,true,,406260dccf52e91965cf3c2f7b7f2108ca1cf462530f7cec374449df57f16211
covapie_current11_exact_one_boundary_bridge_candidate_enumeration_v1,CYS_SG_SAMPLE_INDEX_000004,1AEC,E64,2,COVAPIE_CYS_SG_WARHEAD_TYPE_CLASS_3B7FB1395768B690,COVAPIE_CYS_SG_REACTION_FAMILY_4C9251579704AD85,COVAPIE_CYS_SG_WARHEAD_RULE_3B7FB1395768B690,1f220cbfcc2f98d0b6f2ca7d9779c67cfd6f0b622c789fc6fe3e9d81ea218e31,17,C3|O3|single,"[""C1"",""C10"",""C11"",""C12"",""C13"",""C14"",""C15"",""C16"",""C2"",""C3"",""C4"",""C6"",""C7"",""C8"",""C9"",""N1"",""N2"",""N3"",""N4"",""N5"",""O1"",""O2"",""O4"",""O5""]",24,1,true,true,true,true,true,true,,09a87aa8b76f23f2af13e20779adcb5c57e06a4af4ec89b4e2262a5f371abe13
covapie_current11_exact_one_boundary_bridge_candidate_enumeration_v1,CYS_SG_SAMPLE_INDEX_000004,1AEC,E64,2,COVAPIE_CYS_SG_WARHEAD_TYPE_CLASS_3B7FB1395768B690,COVAPIE_CYS_SG_REACTION_FAMILY_4C9251579704AD85,COVAPIE_CYS_SG_WARHEAD_RULE_3B7FB1395768B690,1f220cbfcc2f98d0b6f2ca7d9779c67cfd6f0b622c789fc6fe3e9d81ea218e31,18,C4|N1|single,"[""C1"",""C2"",""C3"",""C4"",""O1"",""O2"",""O3"",""O4""]",8,17,true,true,true,true,true,true,,83da9492062e5e0487cf85df04f69974ead0d6f134e71d1b22375ea68b0ad197
covapie_current11_exact_one_boundary_bridge_candidate_enumeration_v1,CYS_SG_SAMPLE_INDEX_000004,1AEC,E64,2,COVAPIE_CYS_SG_WARHEAD_TYPE_CLASS_3B7FB1395768B690,COVAPIE_CYS_SG_REACTION_FAMILY_4C9251579704AD85,COVAPIE_CYS_SG_WARHEAD_RULE_3B7FB1395768B690,1f220cbfcc2f98d0b6f2ca7d9779c67cfd6f0b622c789fc6fe3e9d81ea218e31,19,C4|O4|double,"[""C1"",""C10"",""C11"",""C12"",""C13"",""C14"",""C15"",""C16"",""C2"",""C3"",""C4"",""C6"",""C7"",""C8"",""C9"",""N1"",""N2"",""N3"",""N4"",""N5"",""O1"",""O2"",""O3"",""O5""]",24,1,true,true,true,true,true,true,,a1b2d6825ab6a3f24a632abe8bc603d9eff393bc26c2282e802d219dc7373eff
covapie_current11_exact_one_boundary_bridge_candidate_enumeration_v1,CYS_SG_SAMPLE_INDEX_000004,1AEC,E64,2,COVAPIE_CYS_SG_WARHEAD_TYPE_CLASS_3B7FB1395768B690,COVAPIE_CYS_SG_REACTION_FAMILY_4C9251579704AD85,COVAPIE_CYS_SG_WARHEAD_RULE_3B7FB1395768B690,1f220cbfcc2f98d0b6f2ca7d9779c67cfd6f0b622c789fc6fe3e9d81ea218e31,20,C6|C7|single,"[""C1"",""C11"",""C12"",""C13"",""C14"",""C15"",""C16"",""C2"",""C3"",""C4"",""C6"",""N1"",""N2"",""N3"",""N4"",""N5"",""O1"",""O2"",""O3"",""O4"",""O5""]",21,4,true,true,true,true,true,true,,1b98548a7197a495e958660026dec20e5f8db98fc2c2bb64c45ba9bb63775a99
covapie_current11_exact_one_boundary_bridge_candidate_enumeration_v1,CYS_SG_SAMPLE_INDEX_000004,1AEC,E64,2,COVAPIE_CYS_SG_WARHEAD_TYPE_CLASS_3B7FB1395768B690,COVAPIE_CYS_SG_REACTION_FAMILY_4C9251579704AD85,COVAPIE_CYS_SG_WARHEAD_RULE_3B7FB1395768B690,1f220cbfcc2f98d0b6f2ca7d9779c67cfd6f0b622c789fc6fe3e9d81ea218e31,21,C6|N1|single,"[""C1"",""C2"",""C3"",""C4"",""N1"",""O1"",""O2"",""O3"",""O4""]",9,16,true,true,true,true,true,true,,eae63f84c60a745aa8f61dad7107bfe22cf4067ff4a05c3513ca435e113165b4
covapie_current11_exact_one_boundary_bridge_candidate_enumeration_v1,CYS_SG_SAMPLE_INDEX_000004,1AEC,E64,2,COVAPIE_CYS_SG_WARHEAD_TYPE_CLASS_3B7FB1395768B690,COVAPIE_CYS_SG_REACTION_FAMILY_4C9251579704AD85,COVAPIE_CYS_SG_WARHEAD_RULE_3B7FB1395768B690,1f220cbfcc2f98d0b6f2ca7d9779c67cfd6f0b622c789fc6fe3e9d81ea218e31,22,C7|C8|single,"[""C1"",""C11"",""C12"",""C13"",""C14"",""C15"",""C16"",""C2"",""C3"",""C4"",""C6"",""C7"",""N1"",""N2"",""N3"",""N4"",""N5"",""O1"",""O2"",""O3"",""O4"",""O5""]",22,3,true,true,true,true,true,true,,ce3f11f09b3d84770a7ae8d1aed8dd01038c6876c86888609ee33b9dc09e3783
covapie_current11_exact_one_boundary_bridge_candidate_enumeration_v1,CYS_SG_SAMPLE_INDEX_000004,1AEC,E64,2,COVAPIE_CYS_SG_WARHEAD_TYPE_CLASS_3B7FB1395768B690,COVAPIE_CYS_SG_REACTION_FAMILY_4C9251579704AD85,COVAPIE_CYS_SG_WARHEAD_RULE_3B7FB1395768B690,1f220cbfcc2f98d0b6f2ca7d9779c67cfd6f0b622c789fc6fe3e9d81ea218e31,23,C8|C9|single,"[""C1"",""C10"",""C11"",""C12"",""C13"",""C14"",""C15"",""C16"",""C2"",""C3"",""C4"",""C6"",""C7"",""C8"",""N1"",""N2"",""N3"",""N4"",""N5"",""O1"",""O2"",""O3"",""O4"",""O5""]",24,1,true,true,true,true,true,true,,fe0d553219b4997fd2315ed3bb2924d6e2d18d37a7b69958a2ae338eca50f1e4
covapie_current11_exact_one_boundary_bridge_candidate_enumeration_v1,CYS_SG_SAMPLE_INDEX_000005,1AIM,ZYA,6,COVAPIE_CYS_SG_WARHEAD_TYPE_CLASS_EE022EB419200D14,COVAPIE_CYS_SG_REACTION_FAMILY_DC230CD72B1283D2,COVAPIE_CYS_SG_WARHEAD_RULE_EE022EB419200D14,3aeb30f23baca71d3bc2be918814015ebc55ad159a2f2a00751f3d757fee23f9,0,C1|N1|single,"[""C"",""CA1"",""CA2"",""CB1"",""CB2"",""CD1"",""CD2"",""CE1"",""CE2"",""CG"",""CM"",""CT"",""CZ"",""F1"",""N1"",""N2"",""O"",""OH"",""OT""]",19,10,true,true,true,true,true,true,,31f92debb97d43d09999b6ce7111816f81d042029018f45329bee6e05573dfff
covapie_current11_exact_one_boundary_bridge_candidate_enumeration_v1,CYS_SG_SAMPLE_INDEX_000005,1AIM,ZYA,6,COVAPIE_CYS_SG_WARHEAD_TYPE_CLASS_EE022EB419200D14,COVAPIE_CYS_SG_REACTION_FAMILY_DC230CD72B1283D2,COVAPIE_CYS_SG_WARHEAD_RULE_EE022EB419200D14,3aeb30f23baca71d3bc2be918814015ebc55ad159a2f2a00751f3d757fee23f9,1,C1|O1|double,"[""C"",""C1"",""C2"",""C3"",""C4"",""C5"",""C6"",""C7"",""C8"",""CA1"",""CA2"",""CB1"",""CB2"",""CD1"",""CD2"",""CE1"",""CE2"",""CG"",""CM"",""CT"",""CZ"",""F1"",""N1"",""N2"",""O"",""O2"",""OH"",""OT""]",28,1,true,true,true,true,true,true,,ba8ba3b2560ac770ffb6b7e05f7efc695b8f02661ee946bd6d3a91f98e7fd6a1
covapie_current11_exact_one_boundary_bridge_candidate_enumeration_v1,CYS_SG_SAMPLE_INDEX_000005,1AIM,ZYA,6,COVAPIE_CYS_SG_WARHEAD_TYPE_CLASS_EE022EB419200D14,COVAPIE_CYS_SG_REACTION_FAMILY_DC230CD72B1283D2,COVAPIE_CYS_SG_WARHEAD_RULE_EE022EB419200D14,3aeb30f23baca71d3bc2be918814015ebc55ad159a2f2a00751f3d757fee23f9,2,C1|O2|single,"[""C"",""C1"",""CA1"",""CA2"",""CB1"",""CB2"",""CD1"",""CD2"",""CE1"",""CE2"",""CG"",""CM"",""CT"",""CZ"",""F1"",""N1"",""N2"",""O"",""O1"",""OH"",""OT""]",21,8,true,true,true,true,true,true,,29df0240fa65273c8b8e622bffc6aee1c55e2ce69c2c0db7aee8cdf51555ac1e
covapie_current11_exact_one_boundary_bridge_candidate_enumeration_v1,CYS_SG_SAMPLE_INDEX_000005,1AIM,ZYA,6,COVAPIE_CYS_SG_WARHEAD_TYPE_CLASS_EE022EB419200D14,COVAPIE_CYS_SG_REACTION_FAMILY_DC230CD72B1283D2,COVAPIE_CYS_SG_WARHEAD_RULE_EE022EB419200D14,3aeb30f23baca71d3bc2be918814015ebc55ad159a2f2a00751f3d757fee23f9,3,C2|C3|single,"[""C"",""C1"",""C2"",""CA1"",""CA2"",""CB1"",""CB2"",""CD1"",""CD2"",""CE1"",""CE2"",""CG"",""CM"",""CT"",""CZ"",""F1"",""N1"",""N2"",""O"",""O1"",""O2"",""OH"",""OT""]",23,6,true,true,true,true,true,true,,ba2cf1095b9a897cd9393ab15748cde36b0bd5149f878491a905ac409ca4e200
covapie_current11_exact_one_boundary_bridge_candidate_enumeration_v1,CYS_SG_SAMPLE_INDEX_000005,1AIM,ZYA,6,COVAPIE_CYS_SG_WARHEAD_TYPE_CLASS_EE022EB419200D14,COVAPIE_CYS_SG_REACTION_FAMILY_DC230CD72B1283D2,COVAPIE_CYS_SG_WARHEAD_RULE_EE022EB419200D14,3aeb30f23baca71d3bc2be918814015ebc55ad159a2f2a00751f3d757fee23f9,4,C2|O2|single,"[""C"",""C1"",""CA1"",""CA2"",""CB1"",""CB2"",""CD1"",""CD2"",""CE1"",""CE2"",""CG"",""CM"",""CT"",""CZ"",""F1"",""N1"",""N2"",""O"",""O1"",""O2"",""OH"",""OT""]",22,7,true,true,true,true,true,true,,b3c3f9e134093e1982b30be901233cb5b0c82a0bd9c297ef26a02f72f1698ac0
covapie_current11_exact_one_boundary_bridge_candidate_enumeration_v1,CYS_SG_SAMPLE_INDEX_000005,1AIM,ZYA,6,COVAPIE_CYS_SG_WARHEAD_TYPE_CLASS_EE022EB419200D14,COVAPIE_CYS_SG_REACTION_FAMILY_DC230CD72B1283D2,COVAPIE_CYS_SG_WARHEAD_RULE_EE022EB419200D14,3aeb30f23baca71d3bc2be918814015ebc55ad159a2f2a00751f3d757fee23f9,5,CA1|CB1|single,"[""C"",""C1"",""C2"",""C3"",""C4"",""C5"",""C6"",""C7"",""C8"",""CA1"",""CA2"",""CB2"",""CM"",""CT"",""F1"",""N1"",""N2"",""O"",""O1"",""O2"",""OT""]",21,8,true,true,true,true,true,true,,0af2f13395bcea291750e008f6152fc3f5be6e1f72cbbf94567bacf071df1329
covapie_current11_exact_one_boundary_bridge_candidate_enumeration_v1,CYS_SG_SAMPLE_INDEX_000005,1AIM,ZYA,6,COVAPIE_CYS_SG_WARHEAD_TYPE_CLASS_EE022EB419200D14,COVAPIE_CYS_SG_REACTION_FAMILY_DC230CD72B1283D2,COVAPIE_CYS_SG_WARHEAD_RULE_EE022EB419200D14,3aeb30f23baca71d3bc2be918814015ebc55ad159a2f2a00751f3d757fee23f9,6,CA1|N1|single,"[""C"",""CA1"",""CA2"",""CB1"",""CB2"",""CD1"",""CD2"",""CE1"",""CE2"",""CG"",""CM"",""CT"",""CZ"",""F1"",""N2"",""O"",""OH"",""OT""]",18,11,true,true,true,true,true,true,,100faf51eedf55e0bc77c52067262ffaa3b6a0bf947cff86a2c9d424262e9e50
covapie_current11_exact_one_boundary_bridge_candidate_enumeration_v1,CYS_SG_SAMPLE_INDEX_000005,1AIM,ZYA,6,COVAPIE_CYS_SG_WARHEAD_TYPE_CLASS_EE022EB419200D14,COVAPIE_CYS_SG_REACTION_FAMILY_DC230CD72B1283D2,COVAPIE_CYS_SG_WARHEAD_RULE_EE022EB419200D14,3aeb30f23baca71d3bc2be918814015ebc55ad159a2f2a00751f3d757fee23f9,7,CA2|CB2|single,"[""C"",""C1"",""C2"",""C3"",""C4"",""C5"",""C6"",""C7"",""C8"",""CA1"",""CA2"",""CB1"",""CD1"",""CD2"",""CE1"",""CE2"",""CG"",""CM"",""CT"",""CZ"",""F1"",""N1"",""N2"",""O"",""O1"",""O2"",""OH"",""OT""]",28,1,true,true,true,true,true,true,,d01abdb7bfaac8025cee60e3d6a7f98e00ed4fd8b0a5bfb903ee7ce4bce2fee8
covapie_current11_exact_one_boundary_bridge_candidate_enumeration_v1,CYS_SG_SAMPLE_INDEX_000005,1AIM,ZYA,6,COVAPIE_CYS_SG_WARHEAD_TYPE_CLASS_EE022EB419200D14,COVAPIE_CYS_SG_REACTION_FAMILY_DC230CD72B1283D2,COVAPIE_CYS_SG_WARHEAD_RULE_EE022EB419200D14,3aeb30f23baca71d3bc2be918814015ebc55ad159a2f2a00751f3d757fee23f9,8,CA2|CT|single,"[""CM"",""CT"",""F1"",""OT""]",4,25,true,true,true,true,true,true,,eeee79c67d87e473e8ac3faf4f1475d04f41f1c5261d35adbbe27718f5c2e707
covapie_current11_exact_one_boundary_bridge_candidate_enumeration_v1,CYS_SG_SAMPLE_INDEX_000005,1AIM,ZYA,6,COVAPIE_CYS_SG_WARHEAD_TYPE_CLASS_EE022EB419200D14,COVAPIE_CYS_SG_REACTION_FAMILY_DC230CD72B1283D2,COVAPIE_CYS_SG_WARHEAD_RULE_EE022EB419200D14,3aeb30f23baca71d3bc2be918814015ebc55ad159a2f2a00751f3d757fee23f9,9,CA2|N2|single,"[""CA2"",""CB2"",""CM"",""CT"",""F1"",""OT""]",6,23,true,true,true,true,true,true,,51084ccfb1e93cd9dbe573d79c854a06fbee60ee092b236cae55aed4cb10d3bb
covapie_current11_exact_one_boundary_bridge_candidate_enumeration_v1,CYS_SG_SAMPLE_INDEX_000005,1AIM,ZYA,6,COVAPIE_CYS_SG_WARHEAD_TYPE_CLASS_EE022EB419200D14,COVAPIE_CYS_SG_REACTION_FAMILY_DC230CD72B1283D2,COVAPIE_CYS_SG_WARHEAD_RULE_EE022EB419200D14,3aeb30f23baca71d3bc2be918814015ebc55ad159a2f2a00751f3d757fee23f9,10,CB1|CG|single,"[""C"",""C1"",""C2"",""C3"",""C4"",""C5"",""C6"",""C7"",""C8"",""CA1"",""CA2"",""CB1"",""CB2"",""CM"",""CT"",""F1"",""N1"",""N2"",""O"",""O1"",""O2"",""OT""]",22,7,true,true,true,true,true,true,,47e98b4071b0a6f5d979afd65d72126fee0abbc2f6cb561bc3e4710845ebd4a7
covapie_current11_exact_one_boundary_bridge_candidate_enumeration_v1,CYS_SG_SAMPLE_INDEX_000005,1AIM,ZYA,6,COVAPIE_CYS_SG_WARHEAD_TYPE_CLASS_EE022EB419200D14,COVAPIE_CYS_SG_REACTION_FAMILY_DC230CD72B1283D2,COVAPIE_CYS_SG_WARHEAD_RULE_EE022EB419200D14,3aeb30f23baca71d3bc2be918814015ebc55ad159a2f2a00751f3d757fee23f9,11,CM|CT|single,"[""CM"",""F1""]",2,27,false,true,true,true,true,false,candidate_missing_local_reaction_center,f9773e6f9c27a0519c72a897c1da81bbee2b9e9355afbc83277578835f043240
covapie_current11_exact_one_boundary_bridge_candidate_enumeration_v1,CYS_SG_SAMPLE_INDEX_000005,1AIM,ZYA,6,COVAPIE_CYS_SG_WARHEAD_TYPE_CLASS_EE022EB419200D14,COVAPIE_CYS_SG_REACTION_FAMILY_DC230CD72B1283D2,COVAPIE_CYS_SG_WARHEAD_RULE_EE022EB419200D14,3aeb30f23baca71d3bc2be918814015ebc55ad159a2f2a00751f3d757fee23f9,12,CM|F1|single,"[""C"",""C1"",""C2"",""C3"",""C4"",""C5"",""C6"",""C7"",""C8"",""CA1"",""CA2"",""CB1"",""CB2"",""CD1"",""CD2"",""CE1"",""CE2"",""CG"",""CM"",""CT"",""CZ"",""N1"",""N2"",""O"",""O1"",""O2"",""OH"",""OT""]",28,1,false,false,true,true,true,false,candidate_missing_local_reaction_center;candidate_missing_required_leaving_group,cbf13bad6bdd3165ab0a188e0546263dbb6952beb2e833c4c6c6598ffcb23201
covapie_current11_exact_one_boundary_bridge_candidate_enumeration_v1,CYS_SG_SAMPLE_INDEX_000005,1AIM,ZYA,6,COVAPIE_CYS_SG_WARHEAD_TYPE_CLASS_EE022EB419200D14,COVAPIE_CYS_SG_REACTION_FAMILY_DC230CD72B1283D2,COVAPIE_CYS_SG_WARHEAD_RULE_EE022EB419200D14,3aeb30f23baca71d3bc2be918814015ebc55ad159a2f2a00751f3d757fee23f9,13,CT|OT|double,"[""C"",""C1"",""C2"",""C3"",""C4"",""C5"",""C6"",""C7"",""C8"",""CA1"",""CA2"",""CB1"",""CB2"",""CD1"",""CD2"",""CE1"",""CE2"",""CG"",""CM"",""CT"",""CZ"",""F1"",""N1"",""N2"",""O"",""O1"",""O2"",""OH""]",28,1,true,true,true,true,true,true,,fbf643dfd252ee65dacf0a2df886ed85f4520a96e7330f83707b99fdba255b05
covapie_current11_exact_one_boundary_bridge_candidate_enumeration_v1,CYS_SG_SAMPLE_INDEX_000005,1AIM,ZYA,6,COVAPIE_CYS_SG_WARHEAD_TYPE_CLASS_EE022EB419200D14,COVAPIE_CYS_SG_REACTION_FAMILY_DC230CD72B1283D2,COVAPIE_CYS_SG_WARHEAD_RULE_EE022EB419200D14,3aeb30f23baca71d3bc2be918814015ebc55ad159a2f2a00751f3d757fee23f9,14,CZ|OH|single,"[""C"",""C1"",""C2"",""C3"",""C4"",""C5"",""C6"",""C7"",""C8"",""CA1"",""CA2"",""CB1"",""CB2"",""CD1"",""CD2"",""CE1"",""CE2"",""CG"",""CM"",""CT"",""CZ"",""F1"",""N1"",""N2"",""O"",""O1"",""O2"",""OT""]",28,1,true,true,true,true,true,true,,555090898f6096855b9890a703c3643e225b9948512e91e431d2319b6a02e673
covapie_current11_exact_one_boundary_bridge_candidate_enumeration_v1,CYS_SG_SAMPLE_INDEX_000005,1AIM,ZYA,6,COVAPIE_CYS_SG_WARHEAD_TYPE_CLASS_EE022EB419200D14,COVAPIE_CYS_SG_REACTION_FAMILY_DC230CD72B1283D2,COVAPIE_CYS_SG_WARHEAD_RULE_EE022EB419200D14,3aeb30f23baca71d3bc2be918814015ebc55ad159a2f2a00751f3d757fee23f9,15,C|CA1|single,"[""C"",""CA2"",""CB2"",""CM"",""CT"",""F1"",""N2"",""O"",""OT""]",9,20,true,true,true,true,true,true,,b28d436554f13b22bc5db4bf42aac39850469b913854c9fb14f8cf2154951e72
covapie_current11_exact_one_boundary_bridge_candidate_enumeration_v1,CYS_SG_SAMPLE_INDEX_000005,1AIM,ZYA,6,COVAPIE_CYS_SG_WARHEAD_TYPE_CLASS_EE022EB419200D14,COVAPIE_CYS_SG_REACTION_FAMILY_DC230CD72B1283D2,COVAPIE_CYS_SG_WARHEAD_RULE_EE022EB419200D14,3aeb30f23baca71d3bc2be918814015ebc55ad159a2f2a00751f3d757fee23f9,16,C|N2|single,"[""CA2"",""CB2"",""CM"",""CT"",""F1"",""N2"",""OT""]",7,22,true,true,true,true,true,true,,5c0410a91ed87e0bca4270726f24a53e11650d446a5bc023b7bffdbde2635648
covapie_current11_exact_one_boundary_bridge_candidate_enumeration_v1,CYS_SG_SAMPLE_INDEX_000005,1AIM,ZYA,6,COVAPIE_CYS_SG_WARHEAD_TYPE_CLASS_EE022EB419200D14,COVAPIE_CYS_SG_REACTION_FAMILY_DC230CD72B1283D2,COVAPIE_CYS_SG_WARHEAD_RULE_EE022EB419200D14,3aeb30f23baca71d3bc2be918814015ebc55ad159a2f2a00751f3d757fee23f9,17,C|O|double,"[""C"",""C1"",""C2"",""C3"",""C4"",""C5"",""C6"",""C7"",""C8"",""CA1"",""CA2"",""CB1"",""CB2"",""CD1"",""CD2"",""CE1"",""CE2"",""CG"",""CM"",""CT"",""CZ"",""F1"",""N1"",""N2"",""O1"",""O2"",""OH"",""OT""]",28,1,true,true,true,true,true,true,,3e13840109db447abe0bb13d67c653c4a268e61e2ee220200561675477c24cc9
covapie_current11_exact_one_boundary_bridge_candidate_enumeration_v1,CYS_SG_SAMPLE_INDEX_000006,1AU3,PCM,1,COVAPIE_CYS_SG_WARHEAD_TYPE_CLASS_1D1D9C797859191F,COVAPIE_CYS_SG_REACTION_FAMILY_E02CDE030B1009B1,COVAPIE_CYS_SG_WARHEAD_RULE_1D1D9C797859191F,242ed3f61168a2e8f38b179bc1e90b4131d75fba516aad185cd8a9c0010a91eb,0,C11|C12|single,"[""C1"",""C11"",""C16"",""C19"",""C2"",""C21"",""C22"",""C24"",""C25"",""C26"",""C27"",""C28"",""C29"",""C3"",""C30"",""C32"",""C34"",""C35"",""C36"",""C37"",""C38"",""C39"",""C4"",""C42"",""C5"",""C6"",""C7"",""C9"",""N18"",""N20"",""N41"",""N43"",""O10"",""O17"",""O23"",""O31"",""O33"",""O40"",""O8""]",39,4,true,true,true,true,true,true,,79761acd6512ed7baae8c5213f2b35f3aa0d0d266464eadefb21b57e467920ae
covapie_current11_exact_one_boundary_bridge_candidate_enumeration_v1,CYS_SG_SAMPLE_INDEX_000006,1AU3,PCM,1,COVAPIE_CYS_SG_WARHEAD_TYPE_CLASS_1D1D9C797859191F,COVAPIE_CYS_SG_REACTION_FAMILY_E02CDE030B1009B1,COVAPIE_CYS_SG_WARHEAD_RULE_1D1D9C797859191F,242ed3f61168a2e8f38b179bc1e90b4131d75fba516aad185cd8a9c0010a91eb,1,C11|C16|single,"[""C16"",""C19"",""C21"",""C22"",""C24"",""C25"",""C26"",""C27"",""C28"",""C29"",""C30"",""C32"",""C34"",""C35"",""C36"",""C37"",""C38"",""C39"",""C42"",""N18"",""N41"",""N43"",""O17"",""O23"",""O31"",""O33"",""O40""]",27,16,true,true,true,true,true,true,,ab30ee76d37ec5c0868ffded86ee625403fd275a423bc2461d01ce7c099e210b
covapie_current11_exact_one_boundary_bridge_candidate_enumeration_v1,CYS_SG_SAMPLE_INDEX_000006,1AU3,PCM,1,COVAPIE_CYS_SG_WARHEAD_TYPE_CLASS_1D1D9C797859191F,COVAPIE_CYS_SG_REACTION_FAMILY_E02CDE030B1009B1,COVAPIE_CYS_SG_WARHEAD_RULE_1D1D9C797859191F,242ed3f61168a2e8f38b179bc1e90b4131d75fba516aad185cd8a9c0010a91eb,2,C11|N20|single,"[""C11"",""C12"",""C13"",""C14"",""C15"",""C16"",""C19"",""C21"",""C22"",""C24"",""C25"",""C26"",""C27"",""C28"",""C29"",""C30"",""C32"",""C34"",""C35"",""C36"",""C37"",""C38"",""C39"",""C42"",""N18"",""N41"",""N43"",""O17"",""O23"",""O31"",""O33"",""O40""]",32,11,true,true,true,true,true,true,,6967f19953bfcb5273470aaffe12c4a0c5c191706f86f05cb463b68b6a9623cc
covapie_current11_exact_one_boundary_bridge_candidate_enumeration_v1,CYS_SG_SAMPLE_INDEX_000006,1AU3,PCM,1,COVAPIE_CYS_SG_WARHEAD_TYPE_CLASS_1D1D9C797859191F,COVAPIE_CYS_SG_REACTION_FAMILY_E02CDE030B1009B1,COVAPIE_CYS_SG_WARHEAD_RULE_1D1D9C797859191F,242ed3f61168a2e8f38b179bc1e90b4131d75fba516aad185cd8a9c0010a91eb,3,C12|C13|single,"[""C1"",""C11"",""C12"",""C16"",""C19"",""C2"",""C21"",""C22"",""C24"",""C25"",""C26"",""C27"",""C28"",""C29"",""C3"",""C30"",""C32"",""C34"",""C35"",""C36"",""C37"",""C38"",""C39"",""C4"",""C42"",""C5"",""C6"",""C7"",""C9"",""N18"",""N20"",""N41"",""N43"",""O10"",""O17"",""O23"",""O31"",""O33"",""O40"",""O8""]",40,3,true,true,true,true,true,true,,4c24e6786b8805abff897d4f8e33e03c9d517eb18cb9249e27fc470a835ab73c
covapie_current11_exact_one_boundary_bridge_candidate_enumeration_v1,CYS_SG_SAMPLE_INDEX_000006,1AU3,PCM,1,COVAPIE_CYS_SG_WARHEAD_TYPE_CLASS_1D1D9C797859191F,COVAPIE_CYS_SG_REACTION_FAMILY_E02CDE030B1009B1,COVAPIE_CYS_SG_WARHEAD_RULE_1D1D9C797859191F,242ed3f61168a2e8f38b179bc1e90b4131d75fba516aad185cd8a9c0010a91eb,4,C13|C14|single,"[""C1"",""C11"",""C12"",""C13"",""C15"",""C16"",""C19"",""C2"",""C21"",""C22"",""C24"",""C25"",""C26"",""C27"",""C28"",""C29"",""C3"",""C30"",""C32"",""C34"",""C35"",""C36"",""C37"",""C38"",""C39"",""C4"",""C42"",""C5"",""C6"",""C7"",""C9"",""N18"",""N20"",""N41"",""N43"",""O10"",""O17"",""O23"",""O31"",""O33"",""O40"",""O8""]",42,1,true,true,true,true,true,true,,26e1df6725fdf4054c644279f26ccd961744376afb7b503018f32c9d84a5b811
covapie_current11_exact_one_boundary_bridge_candidate_enumeration_v1,CYS_SG_SAMPLE_INDEX_000006,1AU3,PCM,1,COVAPIE_CYS_SG_WARHEAD_TYPE_CLASS_1D1D9C797859191F,COVAPIE_CYS_SG_REACTION_FAMILY_E02CDE030B1009B1,COVAPIE_CYS_SG_WARHEAD_RULE_1D1D9C797859191F,242ed3f61168a2e8f38b179bc1e90b4131d75fba516aad185cd8a9c0010a91eb,5,C13|C15|single,"[""C1"",""C11"",""C12"",""C13"",""C14"",""C16"",""C19"",""C2"",""C21"",""C22"",""C24"",""C25"",""C26"",""C27"",""C28"",""C29"",""C3"",""C30"",""C32"",""C34"",""C35"",""C36"",""C37"",""C38"",""C39"",""C4"",""C42"",""C5"",""C6"",""C7"",""C9"",""N18"",""N20"",""N41"",""N43"",""O10"",""O17"",""O23"",""O31"",""O33"",""O40"",""O8""]",42,1,true,true,true,true,true,true,,c3f62fd244a1570d0d14026492bb69211997d5dd021a21903a227eb401b90ace
covapie_current11_exact_one_boundary_bridge_candidate_enumeration_v1,CYS_SG_SAMPLE_INDEX_000006,1AU3,PCM,1,COVAPIE_CYS_SG_WARHEAD_TYPE_CLASS_1D1D9C797859191F,COVAPIE_CYS_SG_REACTION_FAMILY_E02CDE030B1009B1,COVAPIE_CYS_SG_WARHEAD_RULE_1D1D9C797859191F,242ed3f61168a2e8f38b179bc1e90b4131d75fba516aad185cd8a9c0010a91eb,6,C16|N18|single,"[""C19"",""C21"",""C22"",""C24"",""C25"",""C26"",""C27"",""C28"",""C29"",""C30"",""C32"",""C34"",""C35"",""C36"",""C37"",""C38"",""C39"",""C42"",""N18"",""N41"",""N43"",""O23"",""O31"",""O33"",""O40""]",25,18,true,true,true,true,true,true,,d03dafcbc7f0ee3537cd7a9367ff896e3ac2aa441f85c9da02ef57dfb670baec
covapie_current11_exact_one_boundary_bridge_candidate_enumeration_v1,CYS_SG_SAMPLE_INDEX_000006,1AU3,PCM,1,COVAPIE_CYS_SG_WARHEAD_TYPE_CLASS_1D1D9C797859191F,COVAPIE_CYS_SG_REACTION_FAMILY_E02CDE030B1009B1,COVAPIE_CYS_SG_WARHEAD_RULE_1D1D9C797859191F,242ed3f61168a2e8f38b179bc1e90b4131d75fba516aad185cd8a9c0010a91eb,7,C16|O17|double,"[""C1"",""C11"",""C12"",""C13"",""C14"",""C15"",""C16"",""C19"",""C2"",""C21"",""C22"",""C24"",""C25"",""C26"",""C27"",""C28"",""C29"",""C3"",""C30"",""C32"",""C34"",""C35"",""C36"",""C37"",""C38"",""C39"",""C4"",""C42"",""C5"",""C6"",""C7"",""C9"",""N18"",""N20"",""N41"",""N43"",""O10"",""O23"",""O31"",""O33"",""O40"",""O8""]",42,1,true,true,true,true,true,true,,20f907b7d5591990446ad4fcf017815b889bd451478d4b688f75a545c4c1c803
covapie_current11_exact_one_boundary_bridge_candidate_enumeration_v1,CYS_SG_SAMPLE_INDEX_000006,1AU3,PCM,1,COVAPIE_CYS_SG_WARHEAD_TYPE_CLASS_1D1D9C797859191F,COVAPIE_CYS_SG_REACTION_FAMILY_E02CDE030B1009B1,COVAPIE_CYS_SG_WARHEAD_RULE_1D1D9C797859191F,242ed3f61168a2e8f38b179bc1e90b4131d75fba516aad185cd8a9c0010a91eb,8,C19|N18|single,"[""C19"",""C21"",""C22"",""C24"",""C25"",""C26"",""C27"",""C28"",""C29"",""C30"",""C32"",""C34"",""C35"",""C36"",""C37"",""C38"",""C39"",""C42"",""N41"",""N43"",""O23"",""O31"",""O33"",""O40""]",24,19,true,true,true,true,true,true,,0b7a2bd51473fce95113da6f1e25ee262d137e323a4301b6991ad43e3500f561
covapie_current11_exact_one_boundary_bridge_candidate_enumeration_v1,CYS_SG_SAMPLE_INDEX_000006,1AU3,PCM,1,COVAPIE_CYS_SG_WARHEAD_TYPE_CLASS_1D1D9C797859191F,COVAPIE_CYS_SG_REACTION_FAMILY_E02CDE030B1009B1,COVAPIE_CYS_SG_WARHEAD_RULE_1D1D9C797859191F,242ed3f61168a2e8f38b179bc1e90b4131d75fba516aad185cd8a9c0010a91eb,9,C22|O23|double,"[""C1"",""C11"",""C12"",""C13"",""C14"",""C15"",""C16"",""C19"",""C2"",""C21"",""C22"",""C24"",""C25"",""C26"",""C27"",""C28"",""C29"",""C3"",""C30"",""C32"",""C34"",""C35"",""C36"",""C37"",""C38"",""C39"",""C4"",""C42"",""C5"",""C6"",""C7"",""C9"",""N18"",""N20"",""N41"",""N43"",""O10"",""O17"",""O31"",""O33"",""O40"",""O8""]",42,1,false,true,true,true,true,false,candidate_missing_local_reaction_center,a790450ec9daf0906c9fa87026d25c5df3278f059d944c433c016af3ee8c52f7
covapie_current11_exact_one_boundary_bridge_candidate_enumeration_v1,CYS_SG_SAMPLE_INDEX_000006,1AU3,PCM,1,COVAPIE_CYS_SG_WARHEAD_TYPE_CLASS_1D1D9C797859191F,COVAPIE_CYS_SG_REACTION_FAMILY_E02CDE030B1009B1,COVAPIE_CYS_SG_WARHEAD_RULE_1D1D9C797859191F,242ed3f61168a2e8f38b179bc1e90b4131d75fba516aad185cd8a9c0010a91eb,10,C27|C30|single,"[""C1"",""C11"",""C12"",""C13"",""C14"",""C15"",""C16"",""C19"",""C2"",""C21"",""C22"",""C3"",""C30"",""C32"",""C34"",""C35"",""C36"",""C37"",""C38"",""C39"",""C4"",""C42"",""C5"",""C6"",""C7"",""C9"",""N18"",""N20"",""N41"",""N43"",""O10"",""O17"",""O23"",""O31"",""O33"",""O40"",""O8""]",37,6,true,true,true,true,true,true,,971bbaaa03d73e2c4553e9176c827087616b15f96cc950b6516d28f9412d6739
covapie_current11_exact_one_boundary_bridge_candidate_enumeration_v1,CYS_SG_SAMPLE_INDEX_000006,1AU3,PCM,1,COVAPIE_CYS_SG_WARHEAD_TYPE_CLASS_1D1D9C797859191F,COVAPIE_CYS_SG_REACTION_FAMILY_E02CDE030B1009B1,COVAPIE_CYS_SG_WARHEAD_RULE_1D1D9C797859191F,242ed3f61168a2e8f38b179bc1e90b4131d75fba516aad185cd8a9c0010a91eb,11,C30|O31|single,"[""C1"",""C11"",""C12"",""C13"",""C14"",""C15"",""C16"",""C19"",""C2"",""C21"",""C22"",""C3"",""C32"",""C34"",""C35"",""C36"",""C37"",""C38"",""C39"",""C4"",""C42"",""C5"",""C6"",""C7"",""C9"",""N18"",""N20"",""N41"",""N43"",""O10"",""O17"",""O23"",""O31"",""O33"",""O40"",""O8""]",36,7,true,true,true,true,true,true,,5c518f5b62c68eedf5a4b5ad0fc52d52abdc83ce85789668a2aa4c029620f3ee
covapie_current11_exact_one_boundary_bridge_candidate_enumeration_v1,CYS_SG_SAMPLE_INDEX_000006,1AU3,PCM,1,COVAPIE_CYS_SG_WARHEAD_TYPE_CLASS_1D1D9C797859191F,COVAPIE_CYS_SG_REACTION_FAMILY_E02CDE030B1009B1,COVAPIE_CYS_SG_WARHEAD_RULE_1D1D9C797859191F,242ed3f61168a2e8f38b179bc1e90b4131d75fba516aad185cd8a9c0010a91eb,12,C32|N43|single,"[""C1"",""C11"",""C12"",""C13"",""C14"",""C15"",""C16"",""C19"",""C2"",""C21"",""C22"",""C3"",""C34"",""C35"",""C36"",""C37"",""C38"",""C39"",""C4"",""C42"",""C5"",""C6"",""C7"",""C9"",""N18"",""N20"",""N41"",""N43"",""O10"",""O17"",""O23"",""O40"",""O8""]",33,10,true,true,true,true,true,true,,b928596ea45eb7b32a671c4e8cb31da9dd5e594bcf87d7d306fe9a714b4b4647
covapie_current11_exact_one_boundary_bridge_candidate_enumeration_v1,CYS_SG_SAMPLE_INDEX_000006,1AU3,PCM,1,COVAPIE_CYS_SG_WARHEAD_TYPE_CLASS_1D1D9C797859191F,COVAPIE_CYS_SG_REACTION_FAMILY_E02CDE030B1009B1,COVAPIE_CYS_SG_WARHEAD_RULE_1D1D9C797859191F,242ed3f61168a2e8f38b179bc1e90b4131d75fba516aad185cd8a9c0010a91eb,13,C32|O31|single,"[""C1"",""C11"",""C12"",""C13"",""C14"",""C15"",""C16"",""C19"",""C2"",""C21"",""C22"",""C3"",""C32"",""C34"",""C35"",""C36"",""C37"",""C38"",""C39"",""C4"",""C42"",""C5"",""C6"",""C7"",""C9"",""N18"",""N20"",""N41"",""N43"",""O10"",""O17"",""O23"",""O33"",""O40"",""O8""]",35,8,true,true,true,true,true,true,,6b51b2e83bd7b30166816982e2ddc74ea3d418c583fa81b0f6e966d0e8d950cf
covapie_current11_exact_one_boundary_bridge_candidate_enumeration_v1,CYS_SG_SAMPLE_INDEX_000006,1AU3,PCM,1,COVAPIE_CYS_SG_WARHEAD_TYPE_CLASS_1D1D9C797859191F,COVAPIE_CYS_SG_REACTION_FAMILY_E02CDE030B1009B1,COVAPIE_CYS_SG_WARHEAD_RULE_1D1D9C797859191F,242ed3f61168a2e8f38b179bc1e90b4131d75fba516aad185cd8a9c0010a91eb,14,C32|O33|double,"[""C1"",""C11"",""C12"",""C13"",""C14"",""C15"",""C16"",""C19"",""C2"",""C21"",""C22"",""C24"",""C25"",""C26"",""C27"",""C28"",""C29"",""C3"",""C30"",""C32"",""C34"",""C35"",""C36"",""C37"",""C38"",""C39"",""C4"",""C42"",""C5"",""C6"",""C7"",""C9"",""N18"",""N20"",""N41"",""N43"",""O10"",""O17"",""O23"",""O31"",""O40"",""O8""]",42,1,true,true,true,true,true,true,,99e15645bc3d69dc72022164a692e34315f31150e6799a4e18189119b4531f2b
covapie_current11_exact_one_boundary_bridge_candidate_enumeration_v1,CYS_SG_SAMPLE_INDEX_000006,1AU3,PCM,1,COVAPIE_CYS_SG_WARHEAD_TYPE_CLASS_1D1D9C797859191F,COVAPIE_CYS_SG_REACTION_FAMILY_E02CDE030B1009B1,COVAPIE_CYS_SG_WARHEAD_RULE_1D1D9C797859191F,242ed3f61168a2e8f38b179bc1e90b4131d75fba516aad185cd8a9c0010a91eb,15,C34|C35|single,"[""C1"",""C11"",""C12"",""C13"",""C14"",""C15"",""C16"",""C19"",""C2"",""C21"",""C22"",""C24"",""C25"",""C26"",""C27"",""C28"",""C29"",""C3"",""C30"",""C32"",""C34"",""C39"",""C4"",""C42"",""C5"",""C6"",""C7"",""C9"",""N18"",""N20"",""N41"",""N43"",""O10"",""O17"",""O23"",""O31"",""O33"",""O40"",""O8""]",39,4,true,true,true,true,true,true,,05b77327a3a4c05909b00df20aef9cb3cb6bb963ffe854817e306829bad745f8
covapie_current11_exact_one_boundary_bridge_candidate_enumeration_v1,CYS_SG_SAMPLE_INDEX_000006,1AU3,PCM,1,COVAPIE_CYS_SG_WARHEAD_TYPE_CLASS_1D1D9C797859191F,COVAPIE_CYS_SG_REACTION_FAMILY_E02CDE030B1009B1,COVAPIE_CYS_SG_WARHEAD_RULE_1D1D9C797859191F,242ed3f61168a2e8f38b179bc1e90b4131d75fba516aad185cd8a9c0010a91eb,16,C34|C39|single,"[""C1"",""C11"",""C12"",""C13"",""C14"",""C15"",""C16"",""C19"",""C2"",""C21"",""C22"",""C3"",""C39"",""C4"",""C42"",""C5"",""C6"",""C7"",""C9"",""N18"",""N20"",""N41"",""O10"",""O17"",""O23"",""O40"",""O8""]",27,16,true,true,true,true,true,true,,8c125f524d0022b67894b5e034c2f10c8770786752409b1c120eab2b13cb4ef7
covapie_current11_exact_one_boundary_bridge_candidate_enumeration_v1,CYS_SG_SAMPLE_INDEX_000006,1AU3,PCM,1,COVAPIE_CYS_SG_WARHEAD_TYPE_CLASS_1D1D9C797859191F,COVAPIE_CYS_SG_REACTION_FAMILY_E02CDE030B1009B1,COVAPIE_CYS_SG_WARHEAD_RULE_1D1D9C797859191F,242ed3f61168a2e8f38b179bc1e90b4131d75fba516aad185cd8a9c0010a91eb,17,C34|N43|single,"[""C1"",""C11"",""C12"",""C13"",""C14"",""C15"",""C16"",""C19"",""C2"",""C21"",""C22"",""C3"",""C34"",""C35"",""C36"",""C37"",""C38"",""C39"",""C4"",""C42"",""C5"",""C6"",""C7"",""C9"",""N18"",""N20"",""N41"",""O10"",""O17"",""O23"",""O40"",""O8""]",32,11,true,true,true,true,true,true,,0eceb146ca538c22acbb18809d9a7bf975a8ae48e03de8d9dd8efb4fad7f66e4
covapie_current11_exact_one_boundary_bridge_candidate_enumeration_v1,CYS_SG_SAMPLE_INDEX_000006,1AU3,PCM,1,COVAPIE_CYS_SG_WARHEAD_TYPE_CLASS_1D1D9C797859191F,COVAPIE_CYS_SG_REACTION_FAMILY_E02CDE030B1009B1,COVAPIE_CYS_SG_WARHEAD_RULE_1D1D9C797859191F,242ed3f61168a2e8f38b179bc1e90b4131d75fba516aad185cd8a9c0010a91eb,18,C35|C36|single,"[""C1"",""C11"",""C12"",""C13"",""C14"",""C15"",""C16"",""C19"",""C2"",""C21"",""C22"",""C24"",""C25"",""C26"",""C27"",""C28"",""C29"",""C3"",""C30"",""C32"",""C34"",""C35"",""C39"",""C4"",""C42"",""C5"",""C6"",""C7"",""C9"",""N18"",""N20"",""N41"",""N43"",""O10"",""O17"",""O23"",""O31"",""O33"",""O40"",""O8""]",40,3,true,true,true,true,true,true,,fe398196dc1bcfec755b6d0e77d01b80c136a3ef0b623a4a690f750ac2090f85
covapie_current11_exact_one_boundary_bridge_candidate_enumeration_v1,CYS_SG_SAMPLE_INDEX_000006,1AU3,PCM,1,COVAPIE_CYS_SG_WARHEAD_TYPE_CLASS_1D1D9C797859191F,COVAPIE_CYS_SG_REACTION_FAMILY_E02CDE030B1009B1,COVAPIE_CYS_SG_WARHEAD_RULE_1D1D9C797859191F,242ed3f61168a2e8f38b179bc1e90b4131d75fba516aad185cd8a9c0010a91eb,19,C36|C37|single,"[""C1"",""C11"",""C12"",""C13"",""C14"",""C15"",""C16"",""C19"",""C2"",""C21"",""C22"",""C24"",""C25"",""C26"",""C27"",""C28"",""C29"",""C3"",""C30"",""C32"",""C34"",""C35"",""C36"",""C38"",""C39"",""C4"",""C42"",""C5"",""C6"",""C7"",""C9"",""N18"",""N20"",""N41"",""N43"",""O10"",""O17"",""O23"",""O31"",""O33"",""O40"",""O8""]",42,1,true,true,true,true,true,true,,fbd8cf677066eb5f95827ee0d5a2de5a3ffc62648eb21a1eae9ace0399433f2c
covapie_current11_exact_one_boundary_bridge_candidate_enumeration_v1,CYS_SG_SAMPLE_INDEX_000006,1AU3,PCM,1,COVAPIE_CYS_SG_WARHEAD_TYPE_CLASS_1D1D9C797859191F,COVAPIE_CYS_SG_REACTION_FAMILY_E02CDE030B1009B1,COVAPIE_CYS_SG_WARHEAD_RULE_1D1D9C797859191F,242ed3f61168a2e8f38b179bc1e90b4131d75fba516aad185cd8a9c0010a91eb,20,C36|C38|single,"[""C1"",""C11"",""C12"",""C13"",""C14"",""C15"",""C16"",""C19"",""C2"",""C21"",""C22"",""C24"",""C25"",""C26"",""C27"",""C28"",""C29"",""C3"",""C30"",""C32"",""C34"",""C35"",""C36"",""C37"",""C39"",""C4"",""C42"",""C5"",""C6"",""C7"",""C9"",""N18"",""N20"",""N41"",""N43"",""O10"",""O17"",""O23"",""O31"",""O33"",""O40"",""O8""]",42,1,true,true,true,true,true,true,,f329f1aa1a1863eaf71d3e5cece6d3d3bc82ef80d3db4ddb07a5e6de04aeae0e
covapie_current11_exact_one_boundary_bridge_candidate_enumeration_v1,CYS_SG_SAMPLE_INDEX_000006,1AU3,PCM,1,COVAPIE_CYS_SG_WARHEAD_TYPE_CLASS_1D1D9C797859191F,COVAPIE_CYS_SG_REACTION_FAMILY_E02CDE030B1009B1,COVAPIE_CYS_SG_WARHEAD_RULE_1D1D9C797859191F,242ed3f61168a2e8f38b179bc1e90b4131d75fba516aad185cd8a9c0010a91eb,21,C39|N41|single,"[""C1"",""C11"",""C12"",""C13"",""C14"",""C15"",""C16"",""C19"",""C2"",""C21"",""C22"",""C3"",""C4"",""C42"",""C5"",""C6"",""C7"",""C9"",""N18"",""N20"",""N41"",""O10"",""O17"",""O23"",""O8""]",25,18,true,true,true,true,true,true,,d096eaf3d3831b09689316a89e68549f0ced671fb76a0b031333944eac6b106c
covapie_current11_exact_one_boundary_bridge_candidate_enumeration_v1,CYS_SG_SAMPLE_INDEX_000006,1AU3,PCM,1,COVAPIE_CYS_SG_WARHEAD_TYPE_CLASS_1D1D9C797859191F,COVAPIE_CYS_SG_REACTION_FAMILY_E02CDE030B1009B1,COVAPIE_CYS_SG_WARHEAD_RULE_1D1D9C797859191F,242ed3f61168a2e8f38b179bc1e90b4131d75fba516aad185cd8a9c0010a91eb,22,C39|O40|double,"[""C1"",""C11"",""C12"",""C13"",""C14"",""C15"",""C16"",""C19"",""C2"",""C21"",""C22"",""C24"",""C25"",""C26"",""C27"",""C28"",""C29"",""C3"",""C30"",""C32"",""C34"",""C35"",""C36"",""C37"",""C38"",""C39"",""C4"",""C42"",""C5"",""C6"",""C7"",""C9"",""N18"",""N20"",""N41"",""N43"",""O10"",""O17"",""O23"",""O31"",""O33"",""O8""]",42,1,true,true,true,true,true,true,,af73e2795f2dc060916bef5ffc0a0d15571139d5b026871061dd4e8db2e08d67
covapie_current11_exact_one_boundary_bridge_candidate_enumeration_v1,CYS_SG_SAMPLE_INDEX_000006,1AU3,PCM,1,COVAPIE_CYS_SG_WARHEAD_TYPE_CLASS_1D1D9C797859191F,COVAPIE_CYS_SG_REACTION_FAMILY_E02CDE030B1009B1,COVAPIE_CYS_SG_WARHEAD_RULE_1D1D9C797859191F,242ed3f61168a2e8f38b179bc1e90b4131d75fba516aad185cd8a9c0010a91eb,23,C4|C7|single,"[""C11"",""C12"",""C13"",""C14"",""C15"",""C16"",""C19"",""C21"",""C22"",""C24"",""C25"",""C26"",""C27"",""C28"",""C29"",""C30"",""C32"",""C34"",""C35"",""C36"",""C37"",""C38"",""C39"",""C42"",""C7"",""C9"",""N18"",""N20"",""N41"",""N43"",""O10"",""O17"",""O23"",""O31"",""O33"",""O40"",""O8""]",37,6,true,true,true,true,true,true,,4dc821213be836317937c568b4c5aba88bea43fa476cb4de0cc234314ee9e4cb
covapie_current11_exact_one_boundary_bridge_candidate_enumeration_v1,CYS_SG_SAMPLE_INDEX_000006,1AU3,PCM,1,COVAPIE_CYS_SG_WARHEAD_TYPE_CLASS_1D1D9C797859191F,COVAPIE_CYS_SG_REACTION_FAMILY_E02CDE030B1009B1,COVAPIE_CYS_SG_WARHEAD_RULE_1D1D9C797859191F,242ed3f61168a2e8f38b179bc1e90b4131d75fba516aad185cd8a9c0010a91eb,24,C7|O8|single,"[""C11"",""C12"",""C13"",""C14"",""C15"",""C16"",""C19"",""C21"",""C22"",""C24"",""C25"",""C26"",""C27"",""C28"",""C29"",""C30"",""C32"",""C34"",""C35"",""C36"",""C37"",""C38"",""C39"",""C42"",""C9"",""N18"",""N20"",""N41"",""N43"",""O10"",""O17"",""O23"",""O31"",""O33"",""O40"",""O8""]",36,7,true,true,true,true,true,true,,7ee26fb12bdf1ff312ea707588e71e638277bf1bb46a96fdb47d23a516eb0885
covapie_current11_exact_one_boundary_bridge_candidate_enumeration_v1,CYS_SG_SAMPLE_INDEX_000006,1AU3,PCM,1,COVAPIE_CYS_SG_WARHEAD_TYPE_CLASS_1D1D9C797859191F,COVAPIE_CYS_SG_REACTION_FAMILY_E02CDE030B1009B1,COVAPIE_CYS_SG_WARHEAD_RULE_1D1D9C797859191F,242ed3f61168a2e8f38b179bc1e90b4131d75fba516aad185cd8a9c0010a91eb,25,C9|N20|single,"[""C11"",""C12"",""C13"",""C14"",""C15"",""C16"",""C19"",""C21"",""C22"",""C24"",""C25"",""C26"",""C27"",""C28"",""C29"",""C30"",""C32"",""C34"",""C35"",""C36"",""C37"",""C38"",""C39"",""C42"",""N18"",""N20"",""N41"",""N43"",""O17"",""O23"",""O31"",""O33"",""O40""]",33,10,true,true,true,true,true,true,,92060804ac21a6c340403fd82d53d60d18e2f9e780151508be487c50fb4c4dae
covapie_current11_exact_one_boundary_bridge_candidate_enumeration_v1,CYS_SG_SAMPLE_INDEX_000006,1AU3,PCM,1,COVAPIE_CYS_SG_WARHEAD_TYPE_CLASS_1D1D9C797859191F,COVAPIE_CYS_SG_REACTION_FAMILY_E02CDE030B1009B1,COVAPIE_CYS_SG_WARHEAD_RULE_1D1D9C797859191F,242ed3f61168a2e8f38b179bc1e90b4131d75fba516aad185cd8a9c0010a91eb,26,C9|O10|double,"[""C1"",""C11"",""C12"",""C13"",""C14"",""C15"",""C16"",""C19"",""C2"",""C21"",""C22"",""C24"",""C25"",""C26"",""C27"",""C28"",""C29"",""C3"",""C30"",""C32"",""C34"",""C35"",""C36"",""C37"",""C38"",""C39"",""C4"",""C42"",""C5"",""C6"",""C7"",""C9"",""N18"",""N20"",""N41"",""N43"",""O17"",""O23"",""O31"",""O33"",""O40"",""O8""]",42,1,true,true,true,true,true,true,,4c02cb110a692f8e95fbf3bf3f9c50ab40787d3a652205c22cee62129523d18e
covapie_current11_exact_one_boundary_bridge_candidate_enumeration_v1,CYS_SG_SAMPLE_INDEX_000006,1AU3,PCM,1,COVAPIE_CYS_SG_WARHEAD_TYPE_CLASS_1D1D9C797859191F,COVAPIE_CYS_SG_REACTION_FAMILY_E02CDE030B1009B1,COVAPIE_CYS_SG_WARHEAD_RULE_1D1D9C797859191F,242ed3f61168a2e8f38b179bc1e90b4131d75fba516aad185cd8a9c0010a91eb,27,C9|O8|single,"[""C11"",""C12"",""C13"",""C14"",""C15"",""C16"",""C19"",""C21"",""C22"",""C24"",""C25"",""C26"",""C27"",""C28"",""C29"",""C30"",""C32"",""C34"",""C35"",""C36"",""C37"",""C38"",""C39"",""C42"",""C9"",""N18"",""N20"",""N41"",""N43"",""O10"",""O17"",""O23"",""O31"",""O33"",""O40""]",35,8,true,true,true,true,true,true,,97b5dd2e96f090bd4ee893dd964f8948bab13548fb417652ef9c57d4e92b3555
covapie_current11_exact_one_boundary_bridge_candidate_enumeration_v1,CYS_SG_SAMPLE_INDEX_000007,1AU4,INP,1,COVAPIE_CYS_SG_WARHEAD_TYPE_CLASS_1D1D9C797859191F,COVAPIE_CYS_SG_REACTION_FAMILY_E02CDE030B1009B1,COVAPIE_CYS_SG_WARHEAD_RULE_1D1D9C797859191F,e3c89c1988101e5064c905158b2332adfcf833424957769fa36750d9e5bfdbb8,0,C12|C13|single,"[""C13"",""C15"",""C16"",""C17"",""C18"",""C24"",""C26"",""C27"",""C28"",""C29"",""C30"",""C32"",""C35"",""C36"",""C37"",""C38"",""C40"",""C41"",""N14"",""N23"",""N31"",""N39"",""O25"",""O33"",""O34"",""O42""]",26,16,true,true,true,true,true,true,,e2ee415ee570e3a40f957971e528d9caecd7aebcb7c79474ed29fb473c10c382
covapie_current11_exact_one_boundary_bridge_candidate_enumeration_v1,CYS_SG_SAMPLE_INDEX_000007,1AU4,INP,1,COVAPIE_CYS_SG_WARHEAD_TYPE_CLASS_1D1D9C797859191F,COVAPIE_CYS_SG_REACTION_FAMILY_E02CDE030B1009B1,COVAPIE_CYS_SG_WARHEAD_RULE_1D1D9C797859191F,e3c89c1988101e5064c905158b2332adfcf833424957769fa36750d9e5bfdbb8,1,C12|C19|single,"[""C1"",""C12"",""C13"",""C15"",""C16"",""C17"",""C18"",""C2"",""C24"",""C26"",""C27"",""C28"",""C29"",""C3"",""C30"",""C32"",""C35"",""C36"",""C37"",""C38"",""C4"",""C40"",""C41"",""C5"",""C6"",""C7"",""C9"",""N11"",""N14"",""N23"",""N31"",""N39"",""O10"",""O25"",""O33"",""O34"",""O42"",""O8""]",38,4,true,true,true,true,true,true,,8875fe3f6ec6f0b096f0d4a9086007e30a6a1c734abd786194c4d5253b5d37a1
covapie_current11_exact_one_boundary_bridge_candidate_enumeration_v1,CYS_SG_SAMPLE_INDEX_000007,1AU4,INP,1,COVAPIE_CYS_SG_WARHEAD_TYPE_CLASS_1D1D9C797859191F,COVAPIE_CYS_SG_REACTION_FAMILY_E02CDE030B1009B1,COVAPIE_CYS_SG_WARHEAD_RULE_1D1D9C797859191F,e3c89c1988101e5064c905158b2332adfcf833424957769fa36750d9e5bfdbb8,2,C12|N11|single,"[""C12"",""C13"",""C15"",""C16"",""C17"",""C18"",""C19"",""C20"",""C21"",""C22"",""C24"",""C26"",""C27"",""C28"",""C29"",""C30"",""C32"",""C35"",""C36"",""C37"",""C38"",""C40"",""C41"",""N14"",""N23"",""N31"",""N39"",""O25"",""O33"",""O34"",""O42""]",31,11,true,true,true,true,true,true,,f1afa51fce7622ad1e3d37dd21c7497a3b8db768728317045c43261562e32eca
covapie_current11_exact_one_boundary_bridge_candidate_enumeration_v1,CYS_SG_SAMPLE_INDEX_000007,1AU4,INP,1,COVAPIE_CYS_SG_WARHEAD_TYPE_CLASS_1D1D9C797859191F,COVAPIE_CYS_SG_REACTION_FAMILY_E02CDE030B1009B1,COVAPIE_CYS_SG_WARHEAD_RULE_1D1D9C797859191F,e3c89c1988101e5064c905158b2332adfcf833424957769fa36750d9e5bfdbb8,3,C13|N14|single,"[""C15"",""C16"",""C17"",""C18"",""C24"",""C26"",""C27"",""C28"",""C29"",""C30"",""C32"",""C35"",""C36"",""C37"",""C38"",""C40"",""C41"",""N14"",""N23"",""N31"",""N39"",""O25"",""O33"",""O34"",""O42""]",25,17,true,true,true,true,true,true,,cbf47b4f80fd8412959c253d618e9c684cf5fcabde4d240c6d2b0e2cd5b6b9d3
covapie_current11_exact_one_boundary_bridge_candidate_enumeration_v1,CYS_SG_SAMPLE_INDEX_000007,1AU4,INP,1,COVAPIE_CYS_SG_WARHEAD_TYPE_CLASS_1D1D9C797859191F,COVAPIE_CYS_SG_REACTION_FAMILY_E02CDE030B1009B1,COVAPIE_CYS_SG_WARHEAD_RULE_1D1D9C797859191F,e3c89c1988101e5064c905158b2332adfcf833424957769fa36750d9e5bfdbb8,4,C17|O42|double,"[""C1"",""C12"",""C13"",""C15"",""C16"",""C17"",""C18"",""C19"",""C2"",""C20"",""C21"",""C22"",""C24"",""C26"",""C27"",""C28"",""C29"",""C3"",""C30"",""C32"",""C35"",""C36"",""C37"",""C38"",""C4"",""C40"",""C41"",""C5"",""C6"",""C7"",""C9"",""N11"",""N14"",""N23"",""N31"",""N39"",""O10"",""O25"",""O33"",""O34"",""O8""]",41,1,false,true,true,true,true,false,candidate_missing_local_reaction_center,411e8fd643adbb13e0726ab9e35b4199656e70211bf629684fbe7a645004ebc8
covapie_current11_exact_one_boundary_bridge_candidate_enumeration_v1,CYS_SG_SAMPLE_INDEX_000007,1AU4,INP,1,COVAPIE_CYS_SG_WARHEAD_TYPE_CLASS_1D1D9C797859191F,COVAPIE_CYS_SG_REACTION_FAMILY_E02CDE030B1009B1,COVAPIE_CYS_SG_WARHEAD_RULE_1D1D9C797859191F,e3c89c1988101e5064c905158b2332adfcf833424957769fa36750d9e5bfdbb8,5,C18|N23|single,"[""C1"",""C12"",""C13"",""C15"",""C16"",""C17"",""C18"",""C19"",""C2"",""C20"",""C21"",""C22"",""C3"",""C4"",""C5"",""C6"",""C7"",""C9"",""N11"",""N14"",""O10"",""O42"",""O8""]",23,19,true,true,true,true,true,true,,59e4974fdc195fb039a999f5e4046d22d9403e29b02a2ce50bf020728ef4e2c1
covapie_current11_exact_one_boundary_bridge_candidate_enumeration_v1,CYS_SG_SAMPLE_INDEX_000007,1AU4,INP,1,COVAPIE_CYS_SG_WARHEAD_TYPE_CLASS_1D1D9C797859191F,COVAPIE_CYS_SG_REACTION_FAMILY_E02CDE030B1009B1,COVAPIE_CYS_SG_WARHEAD_RULE_1D1D9C797859191F,e3c89c1988101e5064c905158b2332adfcf833424957769fa36750d9e5bfdbb8,6,C19|C20|single,"[""C1"",""C12"",""C13"",""C15"",""C16"",""C17"",""C18"",""C19"",""C2"",""C24"",""C26"",""C27"",""C28"",""C29"",""C3"",""C30"",""C32"",""C35"",""C36"",""C37"",""C38"",""C4"",""C40"",""C41"",""C5"",""C6"",""C7"",""C9"",""N11"",""N14"",""N23"",""N31"",""N39"",""O10"",""O25"",""O33"",""O34"",""O42"",""O8""]",39,3,true,true,true,true,true,true,,7d8dda8e3f71726b6432586257d9ea0c10ae7093a262e6c06cd90d180cc7dc40
covapie_current11_exact_one_boundary_bridge_candidate_enumeration_v1,CYS_SG_SAMPLE_INDEX_000007,1AU4,INP,1,COVAPIE_CYS_SG_WARHEAD_TYPE_CLASS_1D1D9C797859191F,COVAPIE_CYS_SG_REACTION_FAMILY_E02CDE030B1009B1,COVAPIE_CYS_SG_WARHEAD_RULE_1D1D9C797859191F,e3c89c1988101e5064c905158b2332adfcf833424957769fa36750d9e5bfdbb8,7,C20|C21|single,"[""C1"",""C12"",""C13"",""C15"",""C16"",""C17"",""C18"",""C19"",""C2"",""C20"",""C22"",""C24"",""C26"",""C27"",""C28"",""C29"",""C3"",""C30"",""C32"",""C35"",""C36"",""C37"",""C38"",""C4"",""C40"",""C41"",""C5"",""C6"",""C7"",""C9"",""N11"",""N14"",""N23"",""N31"",""N39"",""O10"",""O25"",""O33"",""O34"",""O42"",""O8""]",41,1,true,true,true,true,true,true,,9a8c5f4e75b0fbd6b7e5e2ad56a8138a50d5ec73672bb73b829143c0e26446e4
covapie_current11_exact_one_boundary_bridge_candidate_enumeration_v1,CYS_SG_SAMPLE_INDEX_000007,1AU4,INP,1,COVAPIE_CYS_SG_WARHEAD_TYPE_CLASS_1D1D9C797859191F,COVAPIE_CYS_SG_REACTION_FAMILY_E02CDE030B1009B1,COVAPIE_CYS_SG_WARHEAD_RULE_1D1D9C797859191F,e3c89c1988101e5064c905158b2332adfcf833424957769fa36750d9e5bfdbb8,8,C20|C22|single,"[""C1"",""C12"",""C13"",""C15"",""C16"",""C17"",""C18"",""C19"",""C2"",""C20"",""C21"",""C24"",""C26"",""C27"",""C28"",""C29"",""C3"",""C30"",""C32"",""C35"",""C36"",""C37"",""C38"",""C4"",""C40"",""C41"",""C5"",""C6"",""C7"",""C9"",""N11"",""N14"",""N23"",""N31"",""N39"",""O10"",""O25"",""O33"",""O34"",""O42"",""O8""]",41,1,true,true,true,true,true,true,,8e2fa0c01742d68a8e5aa11d496ca542694ab6d05d77d10fe18ceafadf4e457c
covapie_current11_exact_one_boundary_bridge_candidate_enumeration_v1,CYS_SG_SAMPLE_INDEX_000007,1AU4,INP,1,COVAPIE_CYS_SG_WARHEAD_TYPE_CLASS_1D1D9C797859191F,COVAPIE_CYS_SG_REACTION_FAMILY_E02CDE030B1009B1,COVAPIE_CYS_SG_WARHEAD_RULE_1D1D9C797859191F,e3c89c1988101e5064c905158b2332adfcf833424957769fa36750d9e5bfdbb8,9,C24|C26|single,"[""C1"",""C12"",""C13"",""C15"",""C16"",""C17"",""C18"",""C19"",""C2"",""C20"",""C21"",""C22"",""C24"",""C3"",""C4"",""C5"",""C6"",""C7"",""C9"",""N11"",""N14"",""N23"",""O10"",""O25"",""O42"",""O8""]",26,16,true,true,true,true,true,true,,54ae5a68a351c2cdd2fb73e382ae0f16f34f57ce908ceb89adf72cb1fbad4fa3
covapie_current11_exact_one_boundary_bridge_candidate_enumeration_v1,CYS_SG_SAMPLE_INDEX_000007,1AU4,INP,1,COVAPIE_CYS_SG_WARHEAD_TYPE_CLASS_1D1D9C797859191F,COVAPIE_CYS_SG_REACTION_FAMILY_E02CDE030B1009B1,COVAPIE_CYS_SG_WARHEAD_RULE_1D1D9C797859191F,e3c89c1988101e5064c905158b2332adfcf833424957769fa36750d9e5bfdbb8,10,C24|N23|single,"[""C1"",""C12"",""C13"",""C15"",""C16"",""C17"",""C18"",""C19"",""C2"",""C20"",""C21"",""C22"",""C3"",""C4"",""C5"",""C6"",""C7"",""C9"",""N11"",""N14"",""N23"",""O10"",""O42"",""O8""]",24,18,true,true,true,true,true,true,,668523c808e9f47cd8869afeb4981f41590a7949d3a30cc00620115cfa3b1c34
covapie_current11_exact_one_boundary_bridge_candidate_enumeration_v1,CYS_SG_SAMPLE_INDEX_000007,1AU4,INP,1,COVAPIE_CYS_SG_WARHEAD_TYPE_CLASS_1D1D9C797859191F,COVAPIE_CYS_SG_REACTION_FAMILY_E02CDE030B1009B1,COVAPIE_CYS_SG_WARHEAD_RULE_1D1D9C797859191F,e3c89c1988101e5064c905158b2332adfcf833424957769fa36750d9e5bfdbb8,11,C24|O25|double,"[""C1"",""C12"",""C13"",""C15"",""C16"",""C17"",""C18"",""C19"",""C2"",""C20"",""C21"",""C22"",""C24"",""C26"",""C27"",""C28"",""C29"",""C3"",""C30"",""C32"",""C35"",""C36"",""C37"",""C38"",""C4"",""C40"",""C41"",""C5"",""C6"",""C7"",""C9"",""N11"",""N14"",""N23"",""N31"",""N39"",""O10"",""O33"",""O34"",""O42"",""O8""]",41,1,true,true,true,true,true,true,,812325224dcf09c596f10ef27586223bccd51d221dc857a5382ba15d869ba3ea
covapie_current11_exact_one_boundary_bridge_candidate_enumeration_v1,CYS_SG_SAMPLE_INDEX_000007,1AU4,INP,1,COVAPIE_CYS_SG_WARHEAD_TYPE_CLASS_1D1D9C797859191F,COVAPIE_CYS_SG_REACTION_FAMILY_E02CDE030B1009B1,COVAPIE_CYS_SG_WARHEAD_RULE_1D1D9C797859191F,e3c89c1988101e5064c905158b2332adfcf833424957769fa36750d9e5bfdbb8,12,C26|C27|single,"[""C1"",""C12"",""C13"",""C15"",""C16"",""C17"",""C18"",""C19"",""C2"",""C20"",""C21"",""C22"",""C24"",""C26"",""C3"",""C32"",""C35"",""C36"",""C37"",""C38"",""C4"",""C40"",""C41"",""C5"",""C6"",""C7"",""C9"",""N11"",""N14"",""N23"",""N31"",""N39"",""O10"",""O25"",""O33"",""O34"",""O42"",""O8""]",38,4,true,true,true,true,true,true,,c95f15d746da5a37e904ff1709251622874ff78317b18e4ddca23982575ed2af
covapie_current11_exact_one_boundary_bridge_candidate_enumeration_v1,CYS_SG_SAMPLE_INDEX_000007,1AU4,INP,1,COVAPIE_CYS_SG_WARHEAD_TYPE_CLASS_1D1D9C797859191F,COVAPIE_CYS_SG_REACTION_FAMILY_E02CDE030B1009B1,COVAPIE_CYS_SG_WARHEAD_RULE_1D1D9C797859191F,e3c89c1988101e5064c905158b2332adfcf833424957769fa36750d9e5bfdbb8,13,C26|N31|single,"[""C1"",""C12"",""C13"",""C15"",""C16"",""C17"",""C18"",""C19"",""C2"",""C20"",""C21"",""C22"",""C24"",""C26"",""C27"",""C28"",""C29"",""C3"",""C30"",""C4"",""C5"",""C6"",""C7"",""C9"",""N11"",""N14"",""N23"",""O10"",""O25"",""O42"",""O8""]",31,11,true,true,true,true,true,true,,4e2d74cf8113339697c7dbd1cd5b22703de17794710f20a2af512af43d162a01
covapie_current11_exact_one_boundary_bridge_candidate_enumeration_v1,CYS_SG_SAMPLE_INDEX_000007,1AU4,INP,1,COVAPIE_CYS_SG_WARHEAD_TYPE_CLASS_1D1D9C797859191F,COVAPIE_CYS_SG_REACTION_FAMILY_E02CDE030B1009B1,COVAPIE_CYS_SG_WARHEAD_RULE_1D1D9C797859191F,e3c89c1988101e5064c905158b2332adfcf833424957769fa36750d9e5bfdbb8,14,C27|C28|single,"[""C1"",""C12"",""C13"",""C15"",""C16"",""C17"",""C18"",""C19"",""C2"",""C20"",""C21"",""C22"",""C24"",""C26"",""C27"",""C3"",""C32"",""C35"",""C36"",""C37"",""C38"",""C4"",""C40"",""C41"",""C5"",""C6"",""C7"",""C9"",""N11"",""N14"",""N23"",""N31"",""N39"",""O10"",""O25"",""O33"",""O34"",""O42"",""O8""]",39,3,true,true,true,true,true,true,,02574645896c0b439facf426364f33baf57ffe212397401b3eb8f806c32103f6
covapie_current11_exact_one_boundary_bridge_candidate_enumeration_v1,CYS_SG_SAMPLE_INDEX_000007,1AU4,INP,1,COVAPIE_CYS_SG_WARHEAD_TYPE_CLASS_1D1D9C797859191F,COVAPIE_CYS_SG_REACTION_FAMILY_E02CDE030B1009B1,COVAPIE_CYS_SG_WARHEAD_RULE_1D1D9C797859191F,e3c89c1988101e5064c905158b2332adfcf833424957769fa36750d9e5bfdbb8,15,C28|C29|single,"[""C1"",""C12"",""C13"",""C15"",""C16"",""C17"",""C18"",""C19"",""C2"",""C20"",""C21"",""C22"",""C24"",""C26"",""C27"",""C28"",""C3"",""C30"",""C32"",""C35"",""C36"",""C37"",""C38"",""C4"",""C40"",""C41"",""C5"",""C6"",""C7"",""C9"",""N11"",""N14"",""N23"",""N31"",""N39"",""O10"",""O25"",""O33"",""O34"",""O42"",""O8""]",41,1,true,true,true,true,true,true,,4aea3a2c6d70032b78a74bc3003ac6ca06248a0131d7ac14be0741056c3dd3e0
covapie_current11_exact_one_boundary_bridge_candidate_enumeration_v1,CYS_SG_SAMPLE_INDEX_000007,1AU4,INP,1,COVAPIE_CYS_SG_WARHEAD_TYPE_CLASS_1D1D9C797859191F,COVAPIE_CYS_SG_REACTION_FAMILY_E02CDE030B1009B1,COVAPIE_CYS_SG_WARHEAD_RULE_1D1D9C797859191F,e3c89c1988101e5064c905158b2332adfcf833424957769fa36750d9e5bfdbb8,16,C28|C30|single,"[""C1"",""C12"",""C13"",""C15"",""C16"",""C17"",""C18"",""C19"",""C2"",""C20"",""C21"",""C22"",""C24"",""C26"",""C27"",""C28"",""C29"",""C3"",""C32"",""C35"",""C36"",""C37"",""C38"",""C4"",""C40"",""C41"",""C5"",""C6"",""C7"",""C9"",""N11"",""N14"",""N23"",""N31"",""N39"",""O10"",""O25"",""O33"",""O34"",""O42"",""O8""]",41,1,true,true,true,true,true,true,,0a710b3e2234691db6be2f1234cb98a7a023da60d3731376fcf68152de6641c3
covapie_current11_exact_one_boundary_bridge_candidate_enumeration_v1,CYS_SG_SAMPLE_INDEX_000007,1AU4,INP,1,COVAPIE_CYS_SG_WARHEAD_TYPE_CLASS_1D1D9C797859191F,COVAPIE_CYS_SG_REACTION_FAMILY_E02CDE030B1009B1,COVAPIE_CYS_SG_WARHEAD_RULE_1D1D9C797859191F,e3c89c1988101e5064c905158b2332adfcf833424957769fa36750d9e5bfdbb8,17,C32|N31|single,"[""C1"",""C12"",""C13"",""C15"",""C16"",""C17"",""C18"",""C19"",""C2"",""C20"",""C21"",""C22"",""C24"",""C26"",""C27"",""C28"",""C29"",""C3"",""C30"",""C4"",""C5"",""C6"",""C7"",""C9"",""N11"",""N14"",""N23"",""N31"",""O10"",""O25"",""O42"",""O8""]",32,10,true,true,true,true,true,true,,e3c372535b7e002380cee25e0e0afc4de3e80fd61fc12ea220e13a08cd91733d
covapie_current11_exact_one_boundary_bridge_candidate_enumeration_v1,CYS_SG_SAMPLE_INDEX_000007,1AU4,INP,1,COVAPIE_CYS_SG_WARHEAD_TYPE_CLASS_1D1D9C797859191F,COVAPIE_CYS_SG_REACTION_FAMILY_E02CDE030B1009B1,COVAPIE_CYS_SG_WARHEAD_RULE_1D1D9C797859191F,e3c89c1988101e5064c905158b2332adfcf833424957769fa36750d9e5bfdbb8,18,C32|O33|double,"[""C1"",""C12"",""C13"",""C15"",""C16"",""C17"",""C18"",""C19"",""C2"",""C20"",""C21"",""C22"",""C24"",""C26"",""C27"",""C28"",""C29"",""C3"",""C30"",""C32"",""C35"",""C36"",""C37"",""C38"",""C4"",""C40"",""C41"",""C5"",""C6"",""C7"",""C9"",""N11"",""N14"",""N23"",""N31"",""N39"",""O10"",""O25"",""O34"",""O42"",""O8""]",41,1,true,true,true,true,true,true,,d77d9a2ac858f9eecc825718fde01842a2043334e533d4d1628432cb782de0a7
covapie_current11_exact_one_boundary_bridge_candidate_enumeration_v1,CYS_SG_SAMPLE_INDEX_000007,1AU4,INP,1,COVAPIE_CYS_SG_WARHEAD_TYPE_CLASS_1D1D9C797859191F,COVAPIE_CYS_SG_REACTION_FAMILY_E02CDE030B1009B1,COVAPIE_CYS_SG_WARHEAD_RULE_1D1D9C797859191F,e3c89c1988101e5064c905158b2332adfcf833424957769fa36750d9e5bfdbb8,19,C32|O34|single,"[""C1"",""C12"",""C13"",""C15"",""C16"",""C17"",""C18"",""C19"",""C2"",""C20"",""C21"",""C22"",""C24"",""C26"",""C27"",""C28"",""C29"",""C3"",""C30"",""C32"",""C4"",""C5"",""C6"",""C7"",""C9"",""N11"",""N14"",""N23"",""N31"",""O10"",""O25"",""O33"",""O42"",""O8""]",34,8,true,true,true,true,true,true,,3f0e4a99a93defe645f40ac984a21c4c0fa5234469b8963e9efe6c8eb2d33426
covapie_current11_exact_one_boundary_bridge_candidate_enumeration_v1,CYS_SG_SAMPLE_INDEX_000007,1AU4,INP,1,COVAPIE_CYS_SG_WARHEAD_TYPE_CLASS_1D1D9C797859191F,COVAPIE_CYS_SG_REACTION_FAMILY_E02CDE030B1009B1,COVAPIE_CYS_SG_WARHEAD_RULE_1D1D9C797859191F,e3c89c1988101e5064c905158b2332adfcf833424957769fa36750d9e5bfdbb8,20,C35|C36|single,"[""C1"",""C12"",""C13"",""C15"",""C16"",""C17"",""C18"",""C19"",""C2"",""C20"",""C21"",""C22"",""C24"",""C26"",""C27"",""C28"",""C29"",""C3"",""C30"",""C32"",""C35"",""C4"",""C5"",""C6"",""C7"",""C9"",""N11"",""N14"",""N23"",""N31"",""O10"",""O25"",""O33"",""O34"",""O42"",""O8""]",36,6,true,true,true,true,true,true,,4380bf2b1b5e004bb1f6706a1838fa2124e978322975762d4e1d4b9daf569319
covapie_current11_exact_one_boundary_bridge_candidate_enumeration_v1,CYS_SG_SAMPLE_INDEX_000007,1AU4,INP,1,COVAPIE_CYS_SG_WARHEAD_TYPE_CLASS_1D1D9C797859191F,COVAPIE_CYS_SG_REACTION_FAMILY_E02CDE030B1009B1,COVAPIE_CYS_SG_WARHEAD_RULE_1D1D9C797859191F,e3c89c1988101e5064c905158b2332adfcf833424957769fa36750d9e5bfdbb8,21,C35|O34|single,"[""C1"",""C12"",""C13"",""C15"",""C16"",""C17"",""C18"",""C19"",""C2"",""C20"",""C21"",""C22"",""C24"",""C26"",""C27"",""C28"",""C29"",""C3"",""C30"",""C32"",""C4"",""C5"",""C6"",""C7"",""C9"",""N11"",""N14"",""N23"",""N31"",""O10"",""O25"",""O33"",""O34"",""O42"",""O8""]",35,7,true,true,true,true,true,true,,77916a5bcb47e7601e7f55aedc9f3477db9e62b48b53fae52451fdc7772e306a
covapie_current11_exact_one_boundary_bridge_candidate_enumeration_v1,CYS_SG_SAMPLE_INDEX_000007,1AU4,INP,1,COVAPIE_CYS_SG_WARHEAD_TYPE_CLASS_1D1D9C797859191F,COVAPIE_CYS_SG_REACTION_FAMILY_E02CDE030B1009B1,COVAPIE_CYS_SG_WARHEAD_RULE_1D1D9C797859191F,e3c89c1988101e5064c905158b2332adfcf833424957769fa36750d9e5bfdbb8,22,C3|C7|single,"[""C12"",""C13"",""C15"",""C16"",""C17"",""C18"",""C19"",""C20"",""C21"",""C22"",""C24"",""C26"",""C27"",""C28"",""C29"",""C30"",""C32"",""C35"",""C36"",""C37"",""C38"",""C40"",""C41"",""C7"",""C9"",""N11"",""N14"",""N23"",""N31"",""N39"",""O10"",""O25"",""O33"",""O34"",""O42"",""O8""]",36,6,true,true,true,true,true,true,,a9864d39c08dbbd0ff0d702900b40c2c863f23931e5613e2399e0e79fe3c1bae
covapie_current11_exact_one_boundary_bridge_candidate_enumeration_v1,CYS_SG_SAMPLE_INDEX_000007,1AU4,INP,1,COVAPIE_CYS_SG_WARHEAD_TYPE_CLASS_1D1D9C797859191F,COVAPIE_CYS_SG_REACTION_FAMILY_E02CDE030B1009B1,COVAPIE_CYS_SG_WARHEAD_RULE_1D1D9C797859191F,e3c89c1988101e5064c905158b2332adfcf833424957769fa36750d9e5bfdbb8,23,C7|O8|single,"[""C12"",""C13"",""C15"",""C16"",""C17"",""C18"",""C19"",""C20"",""C21"",""C22"",""C24"",""C26"",""C27"",""C28"",""C29"",""C30"",""C32"",""C35"",""C36"",""C37"",""C38"",""C40"",""C41"",""C9"",""N11"",""N14"",""N23"",""N31"",""N39"",""O10"",""O25"",""O33"",""O34"",""O42"",""O8""]",35,7,true,true,true,true,true,true,,72bdee0a46b648309e9d25b99bc699b6bb513a946813b6b3b03df6c06d763770
covapie_current11_exact_one_boundary_bridge_candidate_enumeration_v1,CYS_SG_SAMPLE_INDEX_000007,1AU4,INP,1,COVAPIE_CYS_SG_WARHEAD_TYPE_CLASS_1D1D9C797859191F,COVAPIE_CYS_SG_REACTION_FAMILY_E02CDE030B1009B1,COVAPIE_CYS_SG_WARHEAD_RULE_1D1D9C797859191F,e3c89c1988101e5064c905158b2332adfcf833424957769fa36750d9e5bfdbb8,24,C9|N11|single,"[""C12"",""C13"",""C15"",""C16"",""C17"",""C18"",""C19"",""C20"",""C21"",""C22"",""C24"",""C26"",""C27"",""C28"",""C29"",""C30"",""C32"",""C35"",""C36"",""C37"",""C38"",""C40"",""C41"",""N11"",""N14"",""N23"",""N31"",""N39"",""O25"",""O33"",""O34"",""O42""]",32,10,true,true,true,true,true,true,,5f01df192b755b0f4d9de4a63df8d2fbe000db98316ff8ac3be261bf1763e765
covapie_current11_exact_one_boundary_bridge_candidate_enumeration_v1,CYS_SG_SAMPLE_INDEX_000007,1AU4,INP,1,COVAPIE_CYS_SG_WARHEAD_TYPE_CLASS_1D1D9C797859191F,COVAPIE_CYS_SG_REACTION_FAMILY_E02CDE030B1009B1,COVAPIE_CYS_SG_WARHEAD_RULE_1D1D9C797859191F,e3c89c1988101e5064c905158b2332adfcf833424957769fa36750d9e5bfdbb8,25,C9|O10|double,"[""C1"",""C12"",""C13"",""C15"",""C16"",""C17"",""C18"",""C19"",""C2"",""C20"",""C21"",""C22"",""C24"",""C26"",""C27"",""C28"",""C29"",""C3"",""C30"",""C32"",""C35"",""C36"",""C37"",""C38"",""C4"",""C40"",""C41"",""C5"",""C6"",""C7"",""C9"",""N11"",""N14"",""N23"",""N31"",""N39"",""O25"",""O33"",""O34"",""O42"",""O8""]",41,1,true,true,true,true,true,true,,10955798cce66f6bd14083e88eefb325daf9a5244f5e1a13e8e8f0efd1ba926d
covapie_current11_exact_one_boundary_bridge_candidate_enumeration_v1,CYS_SG_SAMPLE_INDEX_000007,1AU4,INP,1,COVAPIE_CYS_SG_WARHEAD_TYPE_CLASS_1D1D9C797859191F,COVAPIE_CYS_SG_REACTION_FAMILY_E02CDE030B1009B1,COVAPIE_CYS_SG_WARHEAD_RULE_1D1D9C797859191F,e3c89c1988101e5064c905158b2332adfcf833424957769fa36750d9e5bfdbb8,26,C9|O8|single,"[""C12"",""C13"",""C15"",""C16"",""C17"",""C18"",""C19"",""C20"",""C21"",""C22"",""C24"",""C26"",""C27"",""C28"",""C29"",""C30"",""C32"",""C35"",""C36"",""C37"",""C38"",""C40"",""C41"",""C9"",""N11"",""N14"",""N23"",""N31"",""N39"",""O10"",""O25"",""O33"",""O34"",""O42""]",34,8,true,true,true,true,true,true,,3432d1a0d49a2c606cb781533fdcb9648ea4ca7d907f9d12f0fe472888a10aa2
covapie_current11_exact_one_boundary_bridge_candidate_enumeration_v1,CYS_SG_SAMPLE_INDEX_000008,1AYU,INA,0,COVAPIE_CYS_SG_WARHEAD_TYPE_CLASS_106441A31FA4F951,COVAPIE_CYS_SG_REACTION_FAMILY_11AA213C661B48E3,COVAPIE_CYS_SG_WARHEAD_RULE_106441A31FA4F951,9301ce1298133a5f1c3b22bee503288fd3f3b2492a048049d4e5419ef4a23788,0,C11|C12|single,"[""C1"",""C11"",""C16"",""C2"",""C21"",""C23"",""C24"",""C25"",""C26"",""C27"",""C28"",""C29"",""C3"",""C31"",""C33"",""C34"",""C35"",""C36"",""C37"",""C38"",""C4"",""C5"",""C6"",""C7"",""C9"",""N18"",""N19"",""N20"",""N40"",""N41"",""N42"",""O10"",""O17"",""O22"",""O30"",""O32"",""O39"",""O8""]",38,4,true,true,true,true,true,true,,b167d6c3fbfba5070765f0dfc3124ba57d629667779dbf370eb1b858d0f21de2
covapie_current11_exact_one_boundary_bridge_candidate_enumeration_v1,CYS_SG_SAMPLE_INDEX_000008,1AYU,INA,0,COVAPIE_CYS_SG_WARHEAD_TYPE_CLASS_106441A31FA4F951,COVAPIE_CYS_SG_REACTION_FAMILY_11AA213C661B48E3,COVAPIE_CYS_SG_WARHEAD_RULE_106441A31FA4F951,9301ce1298133a5f1c3b22bee503288fd3f3b2492a048049d4e5419ef4a23788,1,C11|C16|single,"[""C16"",""C21"",""C23"",""C24"",""C25"",""C26"",""C27"",""C28"",""C29"",""C31"",""C33"",""C34"",""C35"",""C36"",""C37"",""C38"",""N18"",""N19"",""N40"",""N41"",""N42"",""O17"",""O22"",""O30"",""O32"",""O39""]",26,16,true,true,true,true,true,true,,8df9ccea2822b28378e86d0239c9961bfb5948ae1150a21797f5d4413ef64922
covapie_current11_exact_one_boundary_bridge_candidate_enumeration_v1,CYS_SG_SAMPLE_INDEX_000008,1AYU,INA,0,COVAPIE_CYS_SG_WARHEAD_TYPE_CLASS_106441A31FA4F951,COVAPIE_CYS_SG_REACTION_FAMILY_11AA213C661B48E3,COVAPIE_CYS_SG_WARHEAD_RULE_106441A31FA4F951,9301ce1298133a5f1c3b22bee503288fd3f3b2492a048049d4e5419ef4a23788,2,C11|N20|single,"[""C11"",""C12"",""C13"",""C14"",""C15"",""C16"",""C21"",""C23"",""C24"",""C25"",""C26"",""C27"",""C28"",""C29"",""C31"",""C33"",""C34"",""C35"",""C36"",""C37"",""C38"",""N18"",""N19"",""N40"",""N41"",""N42"",""O17"",""O22"",""O30"",""O32"",""O39""]",31,11,true,true,true,true,true,true,,8f618bfba96e5526800e6362b21272169171890dfcf1711732647df8490f8596
covapie_current11_exact_one_boundary_bridge_candidate_enumeration_v1,CYS_SG_SAMPLE_INDEX_000008,1AYU,INA,0,COVAPIE_CYS_SG_WARHEAD_TYPE_CLASS_106441A31FA4F951,COVAPIE_CYS_SG_REACTION_FAMILY_11AA213C661B48E3,COVAPIE_CYS_SG_WARHEAD_RULE_106441A31FA4F951,9301ce1298133a5f1c3b22bee503288fd3f3b2492a048049d4e5419ef4a23788,3,C12|C13|single,"[""C1"",""C11"",""C12"",""C16"",""C2"",""C21"",""C23"",""C24"",""C25"",""C26"",""C27"",""C28"",""C29"",""C3"",""C31"",""C33"",""C34"",""C35"",""C36"",""C37"",""C38"",""C4"",""C5"",""C6"",""C7"",""C9"",""N18"",""N19"",""N20"",""N40"",""N41"",""N42"",""O10"",""O17"",""O22"",""O30"",""O32"",""O39"",""O8""]",39,3,true,true,true,true,true,true,,41921f8f84cbfb2d6ced7dcc87364bec927dca4e3e5b975a011f97726e3c05b7
covapie_current11_exact_one_boundary_bridge_candidate_enumeration_v1,CYS_SG_SAMPLE_INDEX_000008,1AYU,INA,0,COVAPIE_CYS_SG_WARHEAD_TYPE_CLASS_106441A31FA4F951,COVAPIE_CYS_SG_REACTION_FAMILY_11AA213C661B48E3,COVAPIE_CYS_SG_WARHEAD_RULE_106441A31FA4F951,9301ce1298133a5f1c3b22bee503288fd3f3b2492a048049d4e5419ef4a23788,4,C13|C14|single,"[""C1"",""C11"",""C12"",""C13"",""C15"",""C16"",""C2"",""C21"",""C23"",""C24"",""C25"",""C26"",""C27"",""C28"",""C29"",""C3"",""C31"",""C33"",""C34"",""C35"",""C36"",""C37"",""C38"",""C4"",""C5"",""C6"",""C7"",""C9"",""N18"",""N19"",""N20"",""N40"",""N41"",""N42"",""O10"",""O17"",""O22"",""O30"",""O32"",""O39"",""O8""]",41,1,true,true,true,true,true,true,,304235c8824f62aed7489e05a92aff1269564b0640c0a301d7b09a5fa49e54f7
covapie_current11_exact_one_boundary_bridge_candidate_enumeration_v1,CYS_SG_SAMPLE_INDEX_000008,1AYU,INA,0,COVAPIE_CYS_SG_WARHEAD_TYPE_CLASS_106441A31FA4F951,COVAPIE_CYS_SG_REACTION_FAMILY_11AA213C661B48E3,COVAPIE_CYS_SG_WARHEAD_RULE_106441A31FA4F951,9301ce1298133a5f1c3b22bee503288fd3f3b2492a048049d4e5419ef4a23788,5,C13|C15|single,"[""C1"",""C11"",""C12"",""C13"",""C14"",""C16"",""C2"",""C21"",""C23"",""C24"",""C25"",""C26"",""C27"",""C28"",""C29"",""C3"",""C31"",""C33"",""C34"",""C35"",""C36"",""C37"",""C38"",""C4"",""C5"",""C6"",""C7"",""C9"",""N18"",""N19"",""N20"",""N40"",""N41"",""N42"",""O10"",""O17"",""O22"",""O30"",""O32"",""O39"",""O8""]",41,1,true,true,true,true,true,true,,86bc4be2694fdd4753555e2b8b2d999ca9c10ca4b370d97dc80fc47f32039085
covapie_current11_exact_one_boundary_bridge_candidate_enumeration_v1,CYS_SG_SAMPLE_INDEX_000008,1AYU,INA,0,COVAPIE_CYS_SG_WARHEAD_TYPE_CLASS_106441A31FA4F951,COVAPIE_CYS_SG_REACTION_FAMILY_11AA213C661B48E3,COVAPIE_CYS_SG_WARHEAD_RULE_106441A31FA4F951,9301ce1298133a5f1c3b22bee503288fd3f3b2492a048049d4e5419ef4a23788,6,C16|N18|single,"[""C21"",""C23"",""C24"",""C25"",""C26"",""C27"",""C28"",""C29"",""C31"",""C33"",""C34"",""C35"",""C36"",""C37"",""C38"",""N18"",""N19"",""N40"",""N41"",""N42"",""O22"",""O30"",""O32"",""O39""]",24,18,true,true,true,true,true,true,,1f8477f1add72053b175a71a069fba0983523237ffa121804553bd7a8cd0a36c
covapie_current11_exact_one_boundary_bridge_candidate_enumeration_v1,CYS_SG_SAMPLE_INDEX_000008,1AYU,INA,0,COVAPIE_CYS_SG_WARHEAD_TYPE_CLASS_106441A31FA4F951,COVAPIE_CYS_SG_REACTION_FAMILY_11AA213C661B48E3,COVAPIE_CYS_SG_WARHEAD_RULE_106441A31FA4F951,9301ce1298133a5f1c3b22bee503288fd3f3b2492a048049d4e5419ef4a23788,7,C16|O17|double,"[""C1"",""C11"",""C12"",""C13"",""C14"",""C15"",""C16"",""C2"",""C21"",""C23"",""C24"",""C25"",""C26"",""C27"",""C28"",""C29"",""C3"",""C31"",""C33"",""C34"",""C35"",""C36"",""C37"",""C38"",""C4"",""C5"",""C6"",""C7"",""C9"",""N18"",""N19"",""N20"",""N40"",""N41"",""N42"",""O10"",""O22"",""O30"",""O32"",""O39"",""O8""]",41,1,true,true,true,true,true,true,,13b0118514567fab4e72a4bdf01df1716209be744b3d4676eb8ca472d9ba20cf
covapie_current11_exact_one_boundary_bridge_candidate_enumeration_v1,CYS_SG_SAMPLE_INDEX_000008,1AYU,INA,0,COVAPIE_CYS_SG_WARHEAD_TYPE_CLASS_106441A31FA4F951,COVAPIE_CYS_SG_REACTION_FAMILY_11AA213C661B48E3,COVAPIE_CYS_SG_WARHEAD_RULE_106441A31FA4F951,9301ce1298133a5f1c3b22bee503288fd3f3b2492a048049d4e5419ef4a23788,8,C21|N19|single,"[""C21"",""C23"",""C24"",""C25"",""C26"",""C27"",""C28"",""C29"",""C31"",""C33"",""C34"",""C35"",""C36"",""C37"",""C38"",""N40"",""N41"",""N42"",""O22"",""O30"",""O32"",""O39""]",22,20,false,true,true,true,true,false,candidate_missing_local_reaction_center,0dac8a21ccd3fbb8c0a13ccff283f14c9e10e614092c0e45106f753934dcc055
covapie_current11_exact_one_boundary_bridge_candidate_enumeration_v1,CYS_SG_SAMPLE_INDEX_000008,1AYU,INA,0,COVAPIE_CYS_SG_WARHEAD_TYPE_CLASS_106441A31FA4F951,COVAPIE_CYS_SG_REACTION_FAMILY_11AA213C661B48E3,COVAPIE_CYS_SG_WARHEAD_RULE_106441A31FA4F951,9301ce1298133a5f1c3b22bee503288fd3f3b2492a048049d4e5419ef4a23788,9,C21|N41|single,"[""C1"",""C11"",""C12"",""C13"",""C14"",""C15"",""C16"",""C2"",""C21"",""C3"",""C4"",""C5"",""C6"",""C7"",""C9"",""N18"",""N19"",""N20"",""O10"",""O17"",""O22"",""O8""]",22,20,false,true,true,true,true,false,candidate_missing_local_reaction_center,4251770c50012e50090d6499c9b6039b0e290a7eb8c82b92dd49e5465f35b6e9
covapie_current11_exact_one_boundary_bridge_candidate_enumeration_v1,CYS_SG_SAMPLE_INDEX_000008,1AYU,INA,0,COVAPIE_CYS_SG_WARHEAD_TYPE_CLASS_106441A31FA4F951,COVAPIE_CYS_SG_REACTION_FAMILY_11AA213C661B48E3,COVAPIE_CYS_SG_WARHEAD_RULE_106441A31FA4F951,9301ce1298133a5f1c3b22bee503288fd3f3b2492a048049d4e5419ef4a23788,10,C21|O22|double,"[""C1"",""C11"",""C12"",""C13"",""C14"",""C15"",""C16"",""C2"",""C21"",""C23"",""C24"",""C25"",""C26"",""C27"",""C28"",""C29"",""C3"",""C31"",""C33"",""C34"",""C35"",""C36"",""C37"",""C38"",""C4"",""C5"",""C6"",""C7"",""C9"",""N18"",""N19"",""N20"",""N40"",""N41"",""N42"",""O10"",""O17"",""O30"",""O32"",""O39"",""O8""]",41,1,false,true,true,true,true,false,candidate_missing_local_reaction_center,02c337cd00bbdace7093be74caeeacab0470a76ed83e0694d183bb53ec277499
covapie_current11_exact_one_boundary_bridge_candidate_enumeration_v1,CYS_SG_SAMPLE_INDEX_000008,1AYU,INA,0,COVAPIE_CYS_SG_WARHEAD_TYPE_CLASS_106441A31FA4F951,COVAPIE_CYS_SG_REACTION_FAMILY_11AA213C661B48E3,COVAPIE_CYS_SG_WARHEAD_RULE_106441A31FA4F951,9301ce1298133a5f1c3b22bee503288fd3f3b2492a048049d4e5419ef4a23788,11,C26|C29|single,"[""C1"",""C11"",""C12"",""C13"",""C14"",""C15"",""C16"",""C2"",""C21"",""C29"",""C3"",""C31"",""C33"",""C34"",""C35"",""C36"",""C37"",""C38"",""C4"",""C5"",""C6"",""C7"",""C9"",""N18"",""N19"",""N20"",""N40"",""N41"",""N42"",""O10"",""O17"",""O22"",""O30"",""O32"",""O39"",""O8""]",36,6,true,true,true,true,true,true,,c0de115448dc439a59869101b6d540d5e505e5eb915dbb047db0395b67e8fc6d
covapie_current11_exact_one_boundary_bridge_candidate_enumeration_v1,CYS_SG_SAMPLE_INDEX_000008,1AYU,INA,0,COVAPIE_CYS_SG_WARHEAD_TYPE_CLASS_106441A31FA4F951,COVAPIE_CYS_SG_REACTION_FAMILY_11AA213C661B48E3,COVAPIE_CYS_SG_WARHEAD_RULE_106441A31FA4F951,9301ce1298133a5f1c3b22bee503288fd3f3b2492a048049d4e5419ef4a23788,12,C29|O30|single,"[""C1"",""C11"",""C12"",""C13"",""C14"",""C15"",""C16"",""C2"",""C21"",""C3"",""C31"",""C33"",""C34"",""C35"",""C36"",""C37"",""C38"",""C4"",""C5"",""C6"",""C7"",""C9"",""N18"",""N19"",""N20"",""N40"",""N41"",""N42"",""O10"",""O17"",""O22"",""O30"",""O32"",""O39"",""O8""]",35,7,true,true,true,true,true,true,,24cf5ed490885138226a4ee417464ef1b0d57a9ed05a56125dbc09dbfc69b6d1
covapie_current11_exact_one_boundary_bridge_candidate_enumeration_v1,CYS_SG_SAMPLE_INDEX_000008,1AYU,INA,0,COVAPIE_CYS_SG_WARHEAD_TYPE_CLASS_106441A31FA4F951,COVAPIE_CYS_SG_REACTION_FAMILY_11AA213C661B48E3,COVAPIE_CYS_SG_WARHEAD_RULE_106441A31FA4F951,9301ce1298133a5f1c3b22bee503288fd3f3b2492a048049d4e5419ef4a23788,13,C31|N42|single,"[""C1"",""C11"",""C12"",""C13"",""C14"",""C15"",""C16"",""C2"",""C21"",""C3"",""C33"",""C34"",""C35"",""C36"",""C37"",""C38"",""C4"",""C5"",""C6"",""C7"",""C9"",""N18"",""N19"",""N20"",""N40"",""N41"",""N42"",""O10"",""O17"",""O22"",""O39"",""O8""]",32,10,true,true,true,true,true,true,,f389e5afaa197d57015544e8f80695162d270405af18464a46df7534f0991f6d
covapie_current11_exact_one_boundary_bridge_candidate_enumeration_v1,CYS_SG_SAMPLE_INDEX_000008,1AYU,INA,0,COVAPIE_CYS_SG_WARHEAD_TYPE_CLASS_106441A31FA4F951,COVAPIE_CYS_SG_REACTION_FAMILY_11AA213C661B48E3,COVAPIE_CYS_SG_WARHEAD_RULE_106441A31FA4F951,9301ce1298133a5f1c3b22bee503288fd3f3b2492a048049d4e5419ef4a23788,14,C31|O30|single,"[""C1"",""C11"",""C12"",""C13"",""C14"",""C15"",""C16"",""C2"",""C21"",""C3"",""C31"",""C33"",""C34"",""C35"",""C36"",""C37"",""C38"",""C4"",""C5"",""C6"",""C7"",""C9"",""N18"",""N19"",""N20"",""N40"",""N41"",""N42"",""O10"",""O17"",""O22"",""O32"",""O39"",""O8""]",34,8,true,true,true,true,true,true,,9026f568feb932848cac121382dfcc060c37e40bfe58b46c46742686dbc5fe85
covapie_current11_exact_one_boundary_bridge_candidate_enumeration_v1,CYS_SG_SAMPLE_INDEX_000008,1AYU,INA,0,COVAPIE_CYS_SG_WARHEAD_TYPE_CLASS_106441A31FA4F951,COVAPIE_CYS_SG_REACTION_FAMILY_11AA213C661B48E3,COVAPIE_CYS_SG_WARHEAD_RULE_106441A31FA4F951,9301ce1298133a5f1c3b22bee503288fd3f3b2492a048049d4e5419ef4a23788,15,C31|O32|double,"[""C1"",""C11"",""C12"",""C13"",""C14"",""C15"",""C16"",""C2"",""C21"",""C23"",""C24"",""C25"",""C26"",""C27"",""C28"",""C29"",""C3"",""C31"",""C33"",""C34"",""C35"",""C36"",""C37"",""C38"",""C4"",""C5"",""C6"",""C7"",""C9"",""N18"",""N19"",""N20"",""N40"",""N41"",""N42"",""O10"",""O17"",""O22"",""O30"",""O39"",""O8""]",41,1,true,true,true,true,true,true,,9fb7f0f2f6d521def48683a751da0b10f537407a8b0718b1292f28f4941d80ed
covapie_current11_exact_one_boundary_bridge_candidate_enumeration_v1,CYS_SG_SAMPLE_INDEX_000008,1AYU,INA,0,COVAPIE_CYS_SG_WARHEAD_TYPE_CLASS_106441A31FA4F951,COVAPIE_CYS_SG_REACTION_FAMILY_11AA213C661B48E3,COVAPIE_CYS_SG_WARHEAD_RULE_106441A31FA4F951,9301ce1298133a5f1c3b22bee503288fd3f3b2492a048049d4e5419ef4a23788,16,C33|C34|single,"[""C1"",""C11"",""C12"",""C13"",""C14"",""C15"",""C16"",""C2"",""C21"",""C23"",""C24"",""C25"",""C26"",""C27"",""C28"",""C29"",""C3"",""C31"",""C33"",""C38"",""C4"",""C5"",""C6"",""C7"",""C9"",""N18"",""N19"",""N20"",""N40"",""N41"",""N42"",""O10"",""O17"",""O22"",""O30"",""O32"",""O39"",""O8""]",38,4,true,true,true,true,true,true,,77c03fbe9d7427ff740adedfd83c5a3123354d403219a7cae75f6f8574b727fa
covapie_current11_exact_one_boundary_bridge_candidate_enumeration_v1,CYS_SG_SAMPLE_INDEX_000008,1AYU,INA,0,COVAPIE_CYS_SG_WARHEAD_TYPE_CLASS_106441A31FA4F951,COVAPIE_CYS_SG_REACTION_FAMILY_11AA213C661B48E3,COVAPIE_CYS_SG_WARHEAD_RULE_106441A31FA4F951,9301ce1298133a5f1c3b22bee503288fd3f3b2492a048049d4e5419ef4a23788,17,C33|C38|single,"[""C1"",""C11"",""C12"",""C13"",""C14"",""C15"",""C16"",""C2"",""C21"",""C3"",""C38"",""C4"",""C5"",""C6"",""C7"",""C9"",""N18"",""N19"",""N20"",""N40"",""N41"",""O10"",""O17"",""O22"",""O39"",""O8""]",26,16,true,true,true,true,true,true,,bc6d6c764e3fa5f27f9407b93f4a9b21cfe246c49bfafe0a0a1796a61837a684
covapie_current11_exact_one_boundary_bridge_candidate_enumeration_v1,CYS_SG_SAMPLE_INDEX_000008,1AYU,INA,0,COVAPIE_CYS_SG_WARHEAD_TYPE_CLASS_106441A31FA4F951,COVAPIE_CYS_SG_REACTION_FAMILY_11AA213C661B48E3,COVAPIE_CYS_SG_WARHEAD_RULE_106441A31FA4F951,9301ce1298133a5f1c3b22bee503288fd3f3b2492a048049d4e5419ef4a23788,18,C33|N42|single,"[""C1"",""C11"",""C12"",""C13"",""C14"",""C15"",""C16"",""C2"",""C21"",""C3"",""C33"",""C34"",""C35"",""C36"",""C37"",""C38"",""C4"",""C5"",""C6"",""C7"",""C9"",""N18"",""N19"",""N20"",""N40"",""N41"",""O10"",""O17"",""O22"",""O39"",""O8""]",31,11,true,true,true,true,true,true,,57db8a85acbf32deeda131897feb301b94ea00de82e9967233e3e2efa46a6376
covapie_current11_exact_one_boundary_bridge_candidate_enumeration_v1,CYS_SG_SAMPLE_INDEX_000008,1AYU,INA,0,COVAPIE_CYS_SG_WARHEAD_TYPE_CLASS_106441A31FA4F951,COVAPIE_CYS_SG_REACTION_FAMILY_11AA213C661B48E3,COVAPIE_CYS_SG_WARHEAD_RULE_106441A31FA4F951,9301ce1298133a5f1c3b22bee503288fd3f3b2492a048049d4e5419ef4a23788,19,C34|C35|single,"[""C1"",""C11"",""C12"",""C13"",""C14"",""C15"",""C16"",""C2"",""C21"",""C23"",""C24"",""C25"",""C26"",""C27"",""C28"",""C29"",""C3"",""C31"",""C33"",""C34"",""C38"",""C4"",""C5"",""C6"",""C7"",""C9"",""N18"",""N19"",""N20"",""N40"",""N41"",""N42"",""O10"",""O17"",""O22"",""O30"",""O32"",""O39"",""O8""]",39,3,true,true,true,true,true,true,,90626254fc519e9c7dcf8a64da56ed4a696bbe162a366d2c0753d15a3e451891
covapie_current11_exact_one_boundary_bridge_candidate_enumeration_v1,CYS_SG_SAMPLE_INDEX_000008,1AYU,INA,0,COVAPIE_CYS_SG_WARHEAD_TYPE_CLASS_106441A31FA4F951,COVAPIE_CYS_SG_REACTION_FAMILY_11AA213C661B48E3,COVAPIE_CYS_SG_WARHEAD_RULE_106441A31FA4F951,9301ce1298133a5f1c3b22bee503288fd3f3b2492a048049d4e5419ef4a23788,20,C35|C36|single,"[""C1"",""C11"",""C12"",""C13"",""C14"",""C15"",""C16"",""C2"",""C21"",""C23"",""C24"",""C25"",""C26"",""C27"",""C28"",""C29"",""C3"",""C31"",""C33"",""C34"",""C35"",""C37"",""C38"",""C4"",""C5"",""C6"",""C7"",""C9"",""N18"",""N19"",""N20"",""N40"",""N41"",""N42"",""O10"",""O17"",""O22"",""O30"",""O32"",""O39"",""O8""]",41,1,true,true,true,true,true,true,,a8dbe1da70a40d2d29fa8e2e8e188c22b2ba54cd23066d14d3ff7538d259cd86
covapie_current11_exact_one_boundary_bridge_candidate_enumeration_v1,CYS_SG_SAMPLE_INDEX_000008,1AYU,INA,0,COVAPIE_CYS_SG_WARHEAD_TYPE_CLASS_106441A31FA4F951,COVAPIE_CYS_SG_REACTION_FAMILY_11AA213C661B48E3,COVAPIE_CYS_SG_WARHEAD_RULE_106441A31FA4F951,9301ce1298133a5f1c3b22bee503288fd3f3b2492a048049d4e5419ef4a23788,21,C35|C37|single,"[""C1"",""C11"",""C12"",""C13"",""C14"",""C15"",""C16"",""C2"",""C21"",""C23"",""C24"",""C25"",""C26"",""C27"",""C28"",""C29"",""C3"",""C31"",""C33"",""C34"",""C35"",""C36"",""C38"",""C4"",""C5"",""C6"",""C7"",""C9"",""N18"",""N19"",""N20"",""N40"",""N41"",""N42"",""O10"",""O17"",""O22"",""O30"",""O32"",""O39"",""O8""]",41,1,true,true,true,true,true,true,,683da391e375bae6116c7c6a12719f94f4dedc8d3b13712872c612477a91f86b
covapie_current11_exact_one_boundary_bridge_candidate_enumeration_v1,CYS_SG_SAMPLE_INDEX_000008,1AYU,INA,0,COVAPIE_CYS_SG_WARHEAD_TYPE_CLASS_106441A31FA4F951,COVAPIE_CYS_SG_REACTION_FAMILY_11AA213C661B48E3,COVAPIE_CYS_SG_WARHEAD_RULE_106441A31FA4F951,9301ce1298133a5f1c3b22bee503288fd3f3b2492a048049d4e5419ef4a23788,22,C38|N40|single,"[""C1"",""C11"",""C12"",""C13"",""C14"",""C15"",""C16"",""C2"",""C21"",""C3"",""C4"",""C5"",""C6"",""C7"",""C9"",""N18"",""N19"",""N20"",""N40"",""N41"",""O10"",""O17"",""O22"",""O8""]",24,18,true,true,true,true,true,true,,aa48a6752238eb63d11a653b407ba3a4d58003ec3c6d6d9ea8dbd23866865532
covapie_current11_exact_one_boundary_bridge_candidate_enumeration_v1,CYS_SG_SAMPLE_INDEX_000008,1AYU,INA,0,COVAPIE_CYS_SG_WARHEAD_TYPE_CLASS_106441A31FA4F951,COVAPIE_CYS_SG_REACTION_FAMILY_11AA213C661B48E3,COVAPIE_CYS_SG_WARHEAD_RULE_106441A31FA4F951,9301ce1298133a5f1c3b22bee503288fd3f3b2492a048049d4e5419ef4a23788,23,C38|O39|double,"[""C1"",""C11"",""C12"",""C13"",""C14"",""C15"",""C16"",""C2"",""C21"",""C23"",""C24"",""C25"",""C26"",""C27"",""C28"",""C29"",""C3"",""C31"",""C33"",""C34"",""C35"",""C36"",""C37"",""C38"",""C4"",""C5"",""C6"",""C7"",""C9"",""N18"",""N19"",""N20"",""N40"",""N41"",""N42"",""O10"",""O17"",""O22"",""O30"",""O32"",""O8""]",41,1,true,true,true,true,true,true,,c1946b258b60cc9150c8ad8dd8ea50782f35a8d8da8a1cffe6019573b07d0df4
covapie_current11_exact_one_boundary_bridge_candidate_enumeration_v1,CYS_SG_SAMPLE_INDEX_000008,1AYU,INA,0,COVAPIE_CYS_SG_WARHEAD_TYPE_CLASS_106441A31FA4F951,COVAPIE_CYS_SG_REACTION_FAMILY_11AA213C661B48E3,COVAPIE_CYS_SG_WARHEAD_RULE_106441A31FA4F951,9301ce1298133a5f1c3b22bee503288fd3f3b2492a048049d4e5419ef4a23788,24,C4|C7|single,"[""C11"",""C12"",""C13"",""C14"",""C15"",""C16"",""C21"",""C23"",""C24"",""C25"",""C26"",""C27"",""C28"",""C29"",""C31"",""C33"",""C34"",""C35"",""C36"",""C37"",""C38"",""C7"",""C9"",""N18"",""N19"",""N20"",""N40"",""N41"",""N42"",""O10"",""O17"",""O22"",""O30"",""O32"",""O39"",""O8""]",36,6,true,true,true,true,true,true,,071996f04dd2842292559d2291149fbee5617083c20645e4669e7d8fa9889e23
covapie_current11_exact_one_boundary_bridge_candidate_enumeration_v1,CYS_SG_SAMPLE_INDEX_000008,1AYU,INA,0,COVAPIE_CYS_SG_WARHEAD_TYPE_CLASS_106441A31FA4F951,COVAPIE_CYS_SG_REACTION_FAMILY_11AA213C661B48E3,COVAPIE_CYS_SG_WARHEAD_RULE_106441A31FA4F951,9301ce1298133a5f1c3b22bee503288fd3f3b2492a048049d4e5419ef4a23788,25,C7|O8|single,"[""C11"",""C12"",""C13"",""C14"",""C15"",""C16"",""C21"",""C23"",""C24"",""C25"",""C26"",""C27"",""C28"",""C29"",""C31"",""C33"",""C34"",""C35"",""C36"",""C37"",""C38"",""C9"",""N18"",""N19"",""N20"",""N40"",""N41"",""N42"",""O10"",""O17"",""O22"",""O30"",""O32"",""O39"",""O8""]",35,7,true,true,true,true,true,true,,db6d666085ae61c54fc89254f032dc43ef21da41ecd700877cd719d238685f03
covapie_current11_exact_one_boundary_bridge_candidate_enumeration_v1,CYS_SG_SAMPLE_INDEX_000008,1AYU,INA,0,COVAPIE_CYS_SG_WARHEAD_TYPE_CLASS_106441A31FA4F951,COVAPIE_CYS_SG_REACTION_FAMILY_11AA213C661B48E3,COVAPIE_CYS_SG_WARHEAD_RULE_106441A31FA4F951,9301ce1298133a5f1c3b22bee503288fd3f3b2492a048049d4e5419ef4a23788,26,C9|N20|single,"[""C11"",""C12"",""C13"",""C14"",""C15"",""C16"",""C21"",""C23"",""C24"",""C25"",""C26"",""C27"",""C28"",""C29"",""C31"",""C33"",""C34"",""C35"",""C36"",""C37"",""C38"",""N18"",""N19"",""N20"",""N40"",""N41"",""N42"",""O17"",""O22"",""O30"",""O32"",""O39""]",32,10,true,true,true,true,true,true,,90b8eb1dd6a74fa06e0e5ca37966d3be275c09c82e46fd06e0329b7c61b099f5
covapie_current11_exact_one_boundary_bridge_candidate_enumeration_v1,CYS_SG_SAMPLE_INDEX_000008,1AYU,INA,0,COVAPIE_CYS_SG_WARHEAD_TYPE_CLASS_106441A31FA4F951,COVAPIE_CYS_SG_REACTION_FAMILY_11AA213C661B48E3,COVAPIE_CYS_SG_WARHEAD_RULE_106441A31FA4F951,9301ce1298133a5f1c3b22bee503288fd3f3b2492a048049d4e5419ef4a23788,27,C9|O10|double,"[""C1"",""C11"",""C12"",""C13"",""C14"",""C15"",""C16"",""C2"",""C21"",""C23"",""C24"",""C25"",""C26"",""C27"",""C28"",""C29"",""C3"",""C31"",""C33"",""C34"",""C35"",""C36"",""C37"",""C38"",""C4"",""C5"",""C6"",""C7"",""C9"",""N18"",""N19"",""N20"",""N40"",""N41"",""N42"",""O17"",""O22"",""O30"",""O32"",""O39"",""O8""]",41,1,true,true,true,true,true,true,,5da330b9c0e74ebc80ec3c6729fdaec767f91a69ea6cf30bce5edb863e919404
covapie_current11_exact_one_boundary_bridge_candidate_enumeration_v1,CYS_SG_SAMPLE_INDEX_000008,1AYU,INA,0,COVAPIE_CYS_SG_WARHEAD_TYPE_CLASS_106441A31FA4F951,COVAPIE_CYS_SG_REACTION_FAMILY_11AA213C661B48E3,COVAPIE_CYS_SG_WARHEAD_RULE_106441A31FA4F951,9301ce1298133a5f1c3b22bee503288fd3f3b2492a048049d4e5419ef4a23788,28,C9|O8|single,"[""C11"",""C12"",""C13"",""C14"",""C15"",""C16"",""C21"",""C23"",""C24"",""C25"",""C26"",""C27"",""C28"",""C29"",""C31"",""C33"",""C34"",""C35"",""C36"",""C37"",""C38"",""C9"",""N18"",""N19"",""N20"",""N40"",""N41"",""N42"",""O10"",""O17"",""O22"",""O30"",""O32"",""O39""]",34,8,true,true,true,true,true,true,,057aba4fbd4e2748e33c849bc5082601c148cf9c230c0cfde921580a281c1e7d
covapie_current11_exact_one_boundary_bridge_candidate_enumeration_v1,CYS_SG_SAMPLE_INDEX_000008,1AYU,INA,0,COVAPIE_CYS_SG_WARHEAD_TYPE_CLASS_106441A31FA4F951,COVAPIE_CYS_SG_REACTION_FAMILY_11AA213C661B48E3,COVAPIE_CYS_SG_WARHEAD_RULE_106441A31FA4F951,9301ce1298133a5f1c3b22bee503288fd3f3b2492a048049d4e5419ef4a23788,29,N18|N19|single,"[""C21"",""C23"",""C24"",""C25"",""C26"",""C27"",""C28"",""C29"",""C31"",""C33"",""C34"",""C35"",""C36"",""C37"",""C38"",""N19"",""N40"",""N41"",""N42"",""O22"",""O30"",""O32"",""O39""]",23,19,true,true,true,true,true,true,,a0e2c459f6868a233d249e6ad74faacc45a9075c3c177320c01294533e66387e
covapie_current11_exact_one_boundary_bridge_candidate_enumeration_v1,CYS_SG_SAMPLE_INDEX_000008,1AYU,INA,0,COVAPIE_CYS_SG_WARHEAD_TYPE_CLASS_106441A31FA4F951,COVAPIE_CYS_SG_REACTION_FAMILY_11AA213C661B48E3,COVAPIE_CYS_SG_WARHEAD_RULE_106441A31FA4F951,9301ce1298133a5f1c3b22bee503288fd3f3b2492a048049d4e5419ef4a23788,30,N40|N41|single,"[""C1"",""C11"",""C12"",""C13"",""C14"",""C15"",""C16"",""C2"",""C21"",""C3"",""C4"",""C5"",""C6"",""C7"",""C9"",""N18"",""N19"",""N20"",""N41"",""O10"",""O17"",""O22"",""O8""]",23,19,true,true,true,true,true,true,,66d7e502abf2ab2b2f9faf5375a4a5feb2fc0e44b66ecdc0ef3153f543d3db06
covapie_current11_exact_one_boundary_bridge_candidate_enumeration_v1,CYS_SG_SAMPLE_INDEX_000009,1AYV,IN6,5,COVAPIE_CYS_SG_WARHEAD_TYPE_CLASS_DF48FCEE8872B92A,COVAPIE_CYS_SG_REACTION_FAMILY_888A8E40AB92B0F8,COVAPIE_CYS_SG_WARHEAD_RULE_DF48FCEE8872B92A,5051c93e26f89216eeceffcc7d7fbf600cf26343910a46daca9f5a9453aab8d6,0,C11|C12|single,"[""C1"",""C1'"",""C11"",""C17"",""C2"",""C2'"",""C20"",""C21"",""C3"",""C3'"",""C4"",""C4'"",""C42"",""C5"",""C5'"",""C6"",""C6'"",""C7"",""C7'"",""C9"",""C9'"",""CB'"",""CC'"",""CE'"",""CF'"",""CG'"",""CH'"",""N19"",""N24"",""NJ'"",""NK'"",""NO'"",""O10"",""O22"",""O8"",""O8'"",""OA'"",""OI'"",""S18""]",39,4,true,true,true,true,true,true,,727b9c473ffd66f5bea6a65b8640fbf9194d369a39a96eacce7c5f4cc0753f0e
covapie_current11_exact_one_boundary_bridge_candidate_enumeration_v1,CYS_SG_SAMPLE_INDEX_000009,1AYV,IN6,5,COVAPIE_CYS_SG_WARHEAD_TYPE_CLASS_DF48FCEE8872B92A,COVAPIE_CYS_SG_REACTION_FAMILY_888A8E40AB92B0F8,COVAPIE_CYS_SG_WARHEAD_RULE_DF48FCEE8872B92A,5051c93e26f89216eeceffcc7d7fbf600cf26343910a46daca9f5a9453aab8d6,1,C11|C17|single,"[""C1'"",""C17"",""C2'"",""C20"",""C21"",""C3'"",""C4'"",""C42"",""C5'"",""C6'"",""C7'"",""C9'"",""CB'"",""CC'"",""CE'"",""CF'"",""CG'"",""CH'"",""N19"",""NJ'"",""NK'"",""NO'"",""O22"",""O8'"",""OA'"",""OI'"",""S18""]",27,16,true,true,true,true,true,true,,eea56d0ea00bf13c5c894a2ccdf85008073cab5f73eb973e47487700a085febf
covapie_current11_exact_one_boundary_bridge_candidate_enumeration_v1,CYS_SG_SAMPLE_INDEX_000009,1AYV,IN6,5,COVAPIE_CYS_SG_WARHEAD_TYPE_CLASS_DF48FCEE8872B92A,COVAPIE_CYS_SG_REACTION_FAMILY_888A8E40AB92B0F8,COVAPIE_CYS_SG_WARHEAD_RULE_DF48FCEE8872B92A,5051c93e26f89216eeceffcc7d7fbf600cf26343910a46daca9f5a9453aab8d6,2,C11|N24|single,"[""C1'"",""C11"",""C12"",""C14"",""C15"",""C16"",""C17"",""C2'"",""C20"",""C21"",""C3'"",""C4'"",""C42"",""C5'"",""C6'"",""C7'"",""C9'"",""CB'"",""CC'"",""CE'"",""CF'"",""CG'"",""CH'"",""N19"",""NJ'"",""NK'"",""NO'"",""O22"",""O8'"",""OA'"",""OI'"",""S18""]",32,11,true,true,true,true,true,true,,7ef5ad5276a8584b9f982dbc41270c8b868a9f861c628b26447f85813ea4faab
covapie_current11_exact_one_boundary_bridge_candidate_enumeration_v1,CYS_SG_SAMPLE_INDEX_000009,1AYV,IN6,5,COVAPIE_CYS_SG_WARHEAD_TYPE_CLASS_DF48FCEE8872B92A,COVAPIE_CYS_SG_REACTION_FAMILY_888A8E40AB92B0F8,COVAPIE_CYS_SG_WARHEAD_RULE_DF48FCEE8872B92A,5051c93e26f89216eeceffcc7d7fbf600cf26343910a46daca9f5a9453aab8d6,3,C12|C14|single,"[""C1"",""C1'"",""C11"",""C12"",""C17"",""C2"",""C2'"",""C20"",""C21"",""C3"",""C3'"",""C4"",""C4'"",""C42"",""C5"",""C5'"",""C6"",""C6'"",""C7"",""C7'"",""C9"",""C9'"",""CB'"",""CC'"",""CE'"",""CF'"",""CG'"",""CH'"",""N19"",""N24"",""NJ'"",""NK'"",""NO'"",""O10"",""O22"",""O8"",""O8'"",""OA'"",""OI'"",""S18""]",40,3,true,true,true,true,true,true,,4946b4371fd9f2a8e7cb79946d12964df7da354e3baedcc27d1a629729502d6d
covapie_current11_exact_one_boundary_bridge_candidate_enumeration_v1,CYS_SG_SAMPLE_INDEX_000009,1AYV,IN6,5,COVAPIE_CYS_SG_WARHEAD_TYPE_CLASS_DF48FCEE8872B92A,COVAPIE_CYS_SG_REACTION_FAMILY_888A8E40AB92B0F8,COVAPIE_CYS_SG_WARHEAD_RULE_DF48FCEE8872B92A,5051c93e26f89216eeceffcc7d7fbf600cf26343910a46daca9f5a9453aab8d6,4,C14|C15|single,"[""C1"",""C1'"",""C11"",""C12"",""C14"",""C16"",""C17"",""C2"",""C2'"",""C20"",""C21"",""C3"",""C3'"",""C4"",""C4'"",""C42"",""C5"",""C5'"",""C6"",""C6'"",""C7"",""C7'"",""C9"",""C9'"",""CB'"",""CC'"",""CE'"",""CF'"",""CG'"",""CH'"",""N19"",""N24"",""NJ'"",""NK'"",""NO'"",""O10"",""O22"",""O8"",""O8'"",""OA'"",""OI'"",""S18""]",42,1,true,true,true,true,true,true,,f4a07ca6933549758df7d3aa70cf6f725838aba1a20adcb9b79f58076f94aa14
covapie_current11_exact_one_boundary_bridge_candidate_enumeration_v1,CYS_SG_SAMPLE_INDEX_000009,1AYV,IN6,5,COVAPIE_CYS_SG_WARHEAD_TYPE_CLASS_DF48FCEE8872B92A,COVAPIE_CYS_SG_REACTION_FAMILY_888A8E40AB92B0F8,COVAPIE_CYS_SG_WARHEAD_RULE_DF48FCEE8872B92A,5051c93e26f89216eeceffcc7d7fbf600cf26343910a46daca9f5a9453aab8d6,5,C14|C16|single,"[""C1"",""C1'"",""C11"",""C12"",""C14"",""C15"",""C17"",""C2"",""C2'"",""C20"",""C21"",""C3"",""C3'"",""C4"",""C4'"",""C42"",""C5"",""C5'"",""C6"",""C6'"",""C7"",""C7'"",""C9"",""C9'"",""CB'"",""CC'"",""CE'"",""CF'"",""CG'"",""CH'"",""N19"",""N24"",""NJ'"",""NK'"",""NO'"",""O10"",""O22"",""O8"",""O8'"",""OA'"",""OI'"",""S18""]",42,1,true,true,true,true,true,true,,ff57fd90ad8a69979139e7d4b252ab096db8f8beede3dcdd3a68006991753679
covapie_current11_exact_one_boundary_bridge_candidate_enumeration_v1,CYS_SG_SAMPLE_INDEX_000009,1AYV,IN6,5,COVAPIE_CYS_SG_WARHEAD_TYPE_CLASS_DF48FCEE8872B92A,COVAPIE_CYS_SG_REACTION_FAMILY_888A8E40AB92B0F8,COVAPIE_CYS_SG_WARHEAD_RULE_DF48FCEE8872B92A,5051c93e26f89216eeceffcc7d7fbf600cf26343910a46daca9f5a9453aab8d6,6,C20|C21|single,"[""C1'"",""C2'"",""C21"",""C3'"",""C4'"",""C5'"",""C6'"",""C7'"",""C9'"",""CB'"",""CC'"",""CE'"",""CF'"",""CG'"",""CH'"",""NJ'"",""NK'"",""NO'"",""O22"",""O8'"",""OA'"",""OI'""]",22,21,false,true,true,true,true,false,candidate_missing_local_reaction_center,4826f3e5df74b3a663543437545a07cf415650d92a503bfabbae99bb1712ec2b
covapie_current11_exact_one_boundary_bridge_candidate_enumeration_v1,CYS_SG_SAMPLE_INDEX_000009,1AYV,IN6,5,COVAPIE_CYS_SG_WARHEAD_TYPE_CLASS_DF48FCEE8872B92A,COVAPIE_CYS_SG_REACTION_FAMILY_888A8E40AB92B0F8,COVAPIE_CYS_SG_WARHEAD_RULE_DF48FCEE8872B92A,5051c93e26f89216eeceffcc7d7fbf600cf26343910a46daca9f5a9453aab8d6,7,C21|NK'|single,"[""C1"",""C11"",""C12"",""C14"",""C15"",""C16"",""C17"",""C2"",""C20"",""C21"",""C3"",""C4"",""C42"",""C5"",""C6"",""C7"",""C9"",""N19"",""N24"",""O10"",""O22"",""O8"",""S18""]",23,20,false,true,true,true,true,false,candidate_missing_local_reaction_center,1bc8ccd40130ecc326caa9949adae219e8b19422188d0a0d2973ba34e2177b73
covapie_current11_exact_one_boundary_bridge_candidate_enumeration_v1,CYS_SG_SAMPLE_INDEX_000009,1AYV,IN6,5,COVAPIE_CYS_SG_WARHEAD_TYPE_CLASS_DF48FCEE8872B92A,COVAPIE_CYS_SG_REACTION_FAMILY_888A8E40AB92B0F8,COVAPIE_CYS_SG_WARHEAD_RULE_DF48FCEE8872B92A,5051c93e26f89216eeceffcc7d7fbf600cf26343910a46daca9f5a9453aab8d6,8,C21|O22|double,"[""C1"",""C1'"",""C11"",""C12"",""C14"",""C15"",""C16"",""C17"",""C2"",""C2'"",""C20"",""C21"",""C3"",""C3'"",""C4"",""C4'"",""C42"",""C5"",""C5'"",""C6"",""C6'"",""C7"",""C7'"",""C9"",""C9'"",""CB'"",""CC'"",""CE'"",""CF'"",""CG'"",""CH'"",""N19"",""N24"",""NJ'"",""NK'"",""NO'"",""O10"",""O8"",""O8'"",""OA'"",""OI'"",""S18""]",42,1,false,true,true,true,true,false,candidate_missing_local_reaction_center,0e7e5a5cb3dc6cbd4d5d38726c1e03df5369dd3857d5c167e25ef4f80e410099
covapie_current11_exact_one_boundary_bridge_candidate_enumeration_v1,CYS_SG_SAMPLE_INDEX_000009,1AYV,IN6,5,COVAPIE_CYS_SG_WARHEAD_TYPE_CLASS_DF48FCEE8872B92A,COVAPIE_CYS_SG_REACTION_FAMILY_888A8E40AB92B0F8,COVAPIE_CYS_SG_WARHEAD_RULE_DF48FCEE8872B92A,5051c93e26f89216eeceffcc7d7fbf600cf26343910a46daca9f5a9453aab8d6,9,C4'|C7'|single,"[""C1"",""C11"",""C12"",""C14"",""C15"",""C16"",""C17"",""C2"",""C20"",""C21"",""C3"",""C4"",""C42"",""C5"",""C6"",""C7"",""C7'"",""C9"",""C9'"",""CB'"",""CC'"",""CE'"",""CF'"",""CG'"",""CH'"",""N19"",""N24"",""NJ'"",""NK'"",""NO'"",""O10"",""O22"",""O8"",""O8'"",""OA'"",""OI'"",""S18""]",37,6,true,true,true,true,true,true,,8cf27fc7a303a2ee39b958a4825c38bca11c35a040e2d30af8824c24c43f49d8
covapie_current11_exact_one_boundary_bridge_candidate_enumeration_v1,CYS_SG_SAMPLE_INDEX_000009,1AYV,IN6,5,COVAPIE_CYS_SG_WARHEAD_TYPE_CLASS_DF48FCEE8872B92A,COVAPIE_CYS_SG_REACTION_FAMILY_888A8E40AB92B0F8,COVAPIE_CYS_SG_WARHEAD_RULE_DF48FCEE8872B92A,5051c93e26f89216eeceffcc7d7fbf600cf26343910a46daca9f5a9453aab8d6,10,C4|C7|single,"[""C1'"",""C11"",""C12"",""C14"",""C15"",""C16"",""C17"",""C2'"",""C20"",""C21"",""C3'"",""C4'"",""C42"",""C5'"",""C6'"",""C7"",""C7'"",""C9"",""C9'"",""CB'"",""CC'"",""CE'"",""CF'"",""CG'"",""CH'"",""N19"",""N24"",""NJ'"",""NK'"",""NO'"",""O10"",""O22"",""O8"",""O8'"",""OA'"",""OI'"",""S18""]",37,6,true,true,true,true,true,true,,d41a276a911c7aa619588c4456087bc6be25fe41368d60bd8ead7be7af9207ae
covapie_current11_exact_one_boundary_bridge_candidate_enumeration_v1,CYS_SG_SAMPLE_INDEX_000009,1AYV,IN6,5,COVAPIE_CYS_SG_WARHEAD_TYPE_CLASS_DF48FCEE8872B92A,COVAPIE_CYS_SG_REACTION_FAMILY_888A8E40AB92B0F8,COVAPIE_CYS_SG_WARHEAD_RULE_DF48FCEE8872B92A,5051c93e26f89216eeceffcc7d7fbf600cf26343910a46daca9f5a9453aab8d6,11,C7'|O8'|single,"[""C1"",""C11"",""C12"",""C14"",""C15"",""C16"",""C17"",""C2"",""C20"",""C21"",""C3"",""C4"",""C42"",""C5"",""C6"",""C7"",""C9"",""C9'"",""CB'"",""CC'"",""CE'"",""CF'"",""CG'"",""CH'"",""N19"",""N24"",""NJ'"",""NK'"",""NO'"",""O10"",""O22"",""O8"",""O8'"",""OA'"",""OI'"",""S18""]",36,7,true,true,true,true,true,true,,3387c7b7cde1d47f07ca12aff46237ceacf36cf8ed8ecfcdbeaed9dd168bb693
covapie_current11_exact_one_boundary_bridge_candidate_enumeration_v1,CYS_SG_SAMPLE_INDEX_000009,1AYV,IN6,5,COVAPIE_CYS_SG_WARHEAD_TYPE_CLASS_DF48FCEE8872B92A,COVAPIE_CYS_SG_REACTION_FAMILY_888A8E40AB92B0F8,COVAPIE_CYS_SG_WARHEAD_RULE_DF48FCEE8872B92A,5051c93e26f89216eeceffcc7d7fbf600cf26343910a46daca9f5a9453aab8d6,12,C7|O8|single,"[""C1'"",""C11"",""C12"",""C14"",""C15"",""C16"",""C17"",""C2'"",""C20"",""C21"",""C3'"",""C4'"",""C42"",""C5'"",""C6'"",""C7'"",""C9"",""C9'"",""CB'"",""CC'"",""CE'"",""CF'"",""CG'"",""CH'"",""N19"",""N24"",""NJ'"",""NK'"",""NO'"",""O10"",""O22"",""O8"",""O8'"",""OA'"",""OI'"",""S18""]",36,7,true,true,true,true,true,true,,500027b1d5d2b5d253bfea155dc2af5b1595682dd39e6f4533c4de7389f2c260
covapie_current11_exact_one_boundary_bridge_candidate_enumeration_v1,CYS_SG_SAMPLE_INDEX_000009,1AYV,IN6,5,COVAPIE_CYS_SG_WARHEAD_TYPE_CLASS_DF48FCEE8872B92A,COVAPIE_CYS_SG_REACTION_FAMILY_888A8E40AB92B0F8,COVAPIE_CYS_SG_WARHEAD_RULE_DF48FCEE8872B92A,5051c93e26f89216eeceffcc7d7fbf600cf26343910a46daca9f5a9453aab8d6,13,C9'|NO'|single,"[""C1"",""C11"",""C12"",""C14"",""C15"",""C16"",""C17"",""C2"",""C20"",""C21"",""C3"",""C4"",""C42"",""C5"",""C6"",""C7"",""C9"",""CB'"",""CC'"",""CE'"",""CF'"",""CG'"",""CH'"",""N19"",""N24"",""NJ'"",""NK'"",""NO'"",""O10"",""O22"",""O8"",""OI'"",""S18""]",33,10,true,true,true,true,true,true,,6bf0e952c5520113ff4e5d81a694f724b56ca37de1ea23de7d764bda2b743797
covapie_current11_exact_one_boundary_bridge_candidate_enumeration_v1,CYS_SG_SAMPLE_INDEX_000009,1AYV,IN6,5,COVAPIE_CYS_SG_WARHEAD_TYPE_CLASS_DF48FCEE8872B92A,COVAPIE_CYS_SG_REACTION_FAMILY_888A8E40AB92B0F8,COVAPIE_CYS_SG_WARHEAD_RULE_DF48FCEE8872B92A,5051c93e26f89216eeceffcc7d7fbf600cf26343910a46daca9f5a9453aab8d6,14,C9'|O8'|single,"[""C1"",""C11"",""C12"",""C14"",""C15"",""C16"",""C17"",""C2"",""C20"",""C21"",""C3"",""C4"",""C42"",""C5"",""C6"",""C7"",""C9"",""C9'"",""CB'"",""CC'"",""CE'"",""CF'"",""CG'"",""CH'"",""N19"",""N24"",""NJ'"",""NK'"",""NO'"",""O10"",""O22"",""O8"",""OA'"",""OI'"",""S18""]",35,8,true,true,true,true,true,true,,717c5274cac6134df2e3a405409e900b3be524b99c0dc9f68142166f9a829cb2
covapie_current11_exact_one_boundary_bridge_candidate_enumeration_v1,CYS_SG_SAMPLE_INDEX_000009,1AYV,IN6,5,COVAPIE_CYS_SG_WARHEAD_TYPE_CLASS_DF48FCEE8872B92A,COVAPIE_CYS_SG_REACTION_FAMILY_888A8E40AB92B0F8,COVAPIE_CYS_SG_WARHEAD_RULE_DF48FCEE8872B92A,5051c93e26f89216eeceffcc7d7fbf600cf26343910a46daca9f5a9453aab8d6,15,C9'|OA'|double,"[""C1"",""C1'"",""C11"",""C12"",""C14"",""C15"",""C16"",""C17"",""C2"",""C2'"",""C20"",""C21"",""C3"",""C3'"",""C4"",""C4'"",""C42"",""C5"",""C5'"",""C6"",""C6'"",""C7"",""C7'"",""C9"",""C9'"",""CB'"",""CC'"",""CE'"",""CF'"",""CG'"",""CH'"",""N19"",""N24"",""NJ'"",""NK'"",""NO'"",""O10"",""O22"",""O8"",""O8'"",""OI'"",""S18""]",42,1,true,true,true,true,true,true,,5473b1fc9df2c9f0e91972eb297ed842b6093cd13e622917151d47e3cbd84974
covapie_current11_exact_one_boundary_bridge_candidate_enumeration_v1,CYS_SG_SAMPLE_INDEX_000009,1AYV,IN6,5,COVAPIE_CYS_SG_WARHEAD_TYPE_CLASS_DF48FCEE8872B92A,COVAPIE_CYS_SG_REACTION_FAMILY_888A8E40AB92B0F8,COVAPIE_CYS_SG_WARHEAD_RULE_DF48FCEE8872B92A,5051c93e26f89216eeceffcc7d7fbf600cf26343910a46daca9f5a9453aab8d6,16,C9|N24|single,"[""C1'"",""C11"",""C12"",""C14"",""C15"",""C16"",""C17"",""C2'"",""C20"",""C21"",""C3'"",""C4'"",""C42"",""C5'"",""C6'"",""C7'"",""C9'"",""CB'"",""CC'"",""CE'"",""CF'"",""CG'"",""CH'"",""N19"",""N24"",""NJ'"",""NK'"",""NO'"",""O22"",""O8'"",""OA'"",""OI'"",""S18""]",33,10,true,true,true,true,true,true,,2b276c47b6b61b9730da16488b6a6b96df6663259c34b1ce10eb045c23718b53
covapie_current11_exact_one_boundary_bridge_candidate_enumeration_v1,CYS_SG_SAMPLE_INDEX_000009,1AYV,IN6,5,COVAPIE_CYS_SG_WARHEAD_TYPE_CLASS_DF48FCEE8872B92A,COVAPIE_CYS_SG_REACTION_FAMILY_888A8E40AB92B0F8,COVAPIE_CYS_SG_WARHEAD_RULE_DF48FCEE8872B92A,5051c93e26f89216eeceffcc7d7fbf600cf26343910a46daca9f5a9453aab8d6,17,C9|O10|double,"[""C1"",""C1'"",""C11"",""C12"",""C14"",""C15"",""C16"",""C17"",""C2"",""C2'"",""C20"",""C21"",""C3"",""C3'"",""C4"",""C4'"",""C42"",""C5"",""C5'"",""C6"",""C6'"",""C7"",""C7'"",""C9"",""C9'"",""CB'"",""CC'"",""CE'"",""CF'"",""CG'"",""CH'"",""N19"",""N24"",""NJ'"",""NK'"",""NO'"",""O22"",""O8"",""O8'"",""OA'"",""OI'"",""S18""]",42,1,true,true,true,true,true,true,,02a727c9fe3b2caa9cfe63dd530ad5ef18b0e98dfd3fd4789c11581aa4f1fef4
covapie_current11_exact_one_boundary_bridge_candidate_enumeration_v1,CYS_SG_SAMPLE_INDEX_000009,1AYV,IN6,5,COVAPIE_CYS_SG_WARHEAD_TYPE_CLASS_DF48FCEE8872B92A,COVAPIE_CYS_SG_REACTION_FAMILY_888A8E40AB92B0F8,COVAPIE_CYS_SG_WARHEAD_RULE_DF48FCEE8872B92A,5051c93e26f89216eeceffcc7d7fbf600cf26343910a46daca9f5a9453aab8d6,18,C9|O8|single,"[""C1'"",""C11"",""C12"",""C14"",""C15"",""C16"",""C17"",""C2'"",""C20"",""C21"",""C3'"",""C4'"",""C42"",""C5'"",""C6'"",""C7'"",""C9"",""C9'"",""CB'"",""CC'"",""CE'"",""CF'"",""CG'"",""CH'"",""N19"",""N24"",""NJ'"",""NK'"",""NO'"",""O10"",""O22"",""O8'"",""OA'"",""OI'"",""S18""]",35,8,true,true,true,true,true,true,,e2d50dcd43eed2c16b6c6543395b9c46c67438f9f433ed5efa18d3d90325aee7
covapie_current11_exact_one_boundary_bridge_candidate_enumeration_v1,CYS_SG_SAMPLE_INDEX_000009,1AYV,IN6,5,COVAPIE_CYS_SG_WARHEAD_TYPE_CLASS_DF48FCEE8872B92A,COVAPIE_CYS_SG_REACTION_FAMILY_888A8E40AB92B0F8,COVAPIE_CYS_SG_WARHEAD_RULE_DF48FCEE8872B92A,5051c93e26f89216eeceffcc7d7fbf600cf26343910a46daca9f5a9453aab8d6,19,CB'|CC'|single,"[""C1"",""C1'"",""C11"",""C12"",""C14"",""C15"",""C16"",""C17"",""C2"",""C2'"",""C20"",""C21"",""C3"",""C3'"",""C4"",""C4'"",""C42"",""C5"",""C5'"",""C6"",""C6'"",""C7"",""C7'"",""C9"",""C9'"",""CB'"",""CH'"",""N19"",""N24"",""NJ'"",""NK'"",""NO'"",""O10"",""O22"",""O8"",""O8'"",""OA'"",""OI'"",""S18""]",39,4,true,true,true,true,true,true,,389d576ed80ef8c2c8cf3feff55ac5b545ea3e5388a4299c6569a84bf7ed1b65
covapie_current11_exact_one_boundary_bridge_candidate_enumeration_v1,CYS_SG_SAMPLE_INDEX_000009,1AYV,IN6,5,COVAPIE_CYS_SG_WARHEAD_TYPE_CLASS_DF48FCEE8872B92A,COVAPIE_CYS_SG_REACTION_FAMILY_888A8E40AB92B0F8,COVAPIE_CYS_SG_WARHEAD_RULE_DF48FCEE8872B92A,5051c93e26f89216eeceffcc7d7fbf600cf26343910a46daca9f5a9453aab8d6,20,CB'|CH'|single,"[""C1"",""C11"",""C12"",""C14"",""C15"",""C16"",""C17"",""C2"",""C20"",""C21"",""C3"",""C4"",""C42"",""C5"",""C6"",""C7"",""C9"",""CH'"",""N19"",""N24"",""NJ'"",""NK'"",""O10"",""O22"",""O8"",""OI'"",""S18""]",27,16,true,true,true,true,true,true,,afd5caa21550b1877af794df3afd69d9b406cf16e9fe2c8a31194f7c73405c94
covapie_current11_exact_one_boundary_bridge_candidate_enumeration_v1,CYS_SG_SAMPLE_INDEX_000009,1AYV,IN6,5,COVAPIE_CYS_SG_WARHEAD_TYPE_CLASS_DF48FCEE8872B92A,COVAPIE_CYS_SG_REACTION_FAMILY_888A8E40AB92B0F8,COVAPIE_CYS_SG_WARHEAD_RULE_DF48FCEE8872B92A,5051c93e26f89216eeceffcc7d7fbf600cf26343910a46daca9f5a9453aab8d6,21,CB'|NO'|single,"[""C1"",""C11"",""C12"",""C14"",""C15"",""C16"",""C17"",""C2"",""C20"",""C21"",""C3"",""C4"",""C42"",""C5"",""C6"",""C7"",""C9"",""CB'"",""CC'"",""CE'"",""CF'"",""CG'"",""CH'"",""N19"",""N24"",""NJ'"",""NK'"",""O10"",""O22"",""O8"",""OI'"",""S18""]",32,11,true,true,true,true,true,true,,6f39de7530403a8207fcf2c19166b1a45d4c647fe73e5c7fb5dac513161eaf64
covapie_current11_exact_one_boundary_bridge_candidate_enumeration_v1,CYS_SG_SAMPLE_INDEX_000009,1AYV,IN6,5,COVAPIE_CYS_SG_WARHEAD_TYPE_CLASS_DF48FCEE8872B92A,COVAPIE_CYS_SG_REACTION_FAMILY_888A8E40AB92B0F8,COVAPIE_CYS_SG_WARHEAD_RULE_DF48FCEE8872B92A,5051c93e26f89216eeceffcc7d7fbf600cf26343910a46daca9f5a9453aab8d6,22,CC'|CE'|single,"[""C1"",""C1'"",""C11"",""C12"",""C14"",""C15"",""C16"",""C17"",""C2"",""C2'"",""C20"",""C21"",""C3"",""C3'"",""C4"",""C4'"",""C42"",""C5"",""C5'"",""C6"",""C6'"",""C7"",""C7'"",""C9"",""C9'"",""CB'"",""CC'"",""CH'"",""N19"",""N24"",""NJ'"",""NK'"",""NO'"",""O10"",""O22"",""O8"",""O8'"",""OA'"",""OI'"",""S18""]",40,3,true,true,true,true,true,true,,1a0a02696a36cfbe368c7b33fa515147f6790d9b1fda572d3cbee441128f0688
covapie_current11_exact_one_boundary_bridge_candidate_enumeration_v1,CYS_SG_SAMPLE_INDEX_000009,1AYV,IN6,5,COVAPIE_CYS_SG_WARHEAD_TYPE_CLASS_DF48FCEE8872B92A,COVAPIE_CYS_SG_REACTION_FAMILY_888A8E40AB92B0F8,COVAPIE_CYS_SG_WARHEAD_RULE_DF48FCEE8872B92A,5051c93e26f89216eeceffcc7d7fbf600cf26343910a46daca9f5a9453aab8d6,23,CE'|CF'|single,"[""C1"",""C1'"",""C11"",""C12"",""C14"",""C15"",""C16"",""C17"",""C2"",""C2'"",""C20"",""C21"",""C3"",""C3'"",""C4"",""C4'"",""C42"",""C5"",""C5'"",""C6"",""C6'"",""C7"",""C7'"",""C9"",""C9'"",""CB'"",""CC'"",""CE'"",""CG'"",""CH'"",""N19"",""N24"",""NJ'"",""NK'"",""NO'"",""O10"",""O22"",""O8"",""O8'"",""OA'"",""OI'"",""S18""]",42,1,true,true,true,true,true,true,,5e9c8e083bbbb2ce44529329e672c06ceaf13d6bfe5370d01bac60375909078e
covapie_current11_exact_one_boundary_bridge_candidate_enumeration_v1,CYS_SG_SAMPLE_INDEX_000009,1AYV,IN6,5,COVAPIE_CYS_SG_WARHEAD_TYPE_CLASS_DF48FCEE8872B92A,COVAPIE_CYS_SG_REACTION_FAMILY_888A8E40AB92B0F8,COVAPIE_CYS_SG_WARHEAD_RULE_DF48FCEE8872B92A,5051c93e26f89216eeceffcc7d7fbf600cf26343910a46daca9f5a9453aab8d6,24,CE'|CG'|single,"[""C1"",""C1'"",""C11"",""C12"",""C14"",""C15"",""C16"",""C17"",""C2"",""C2'"",""C20"",""C21"",""C3"",""C3'"",""C4"",""C4'"",""C42"",""C5"",""C5'"",""C6"",""C6'"",""C7"",""C7'"",""C9"",""C9'"",""CB'"",""CC'"",""CE'"",""CF'"",""CH'"",""N19"",""N24"",""NJ'"",""NK'"",""NO'"",""O10"",""O22"",""O8"",""O8'"",""OA'"",""OI'"",""S18""]",42,1,true,true,true,true,true,true,,799f3737927ea3c3c4fa38143257bfee81e94dfd61ca5aea847e275cf5a537d6
covapie_current11_exact_one_boundary_bridge_candidate_enumeration_v1,CYS_SG_SAMPLE_INDEX_000009,1AYV,IN6,5,COVAPIE_CYS_SG_WARHEAD_TYPE_CLASS_DF48FCEE8872B92A,COVAPIE_CYS_SG_REACTION_FAMILY_888A8E40AB92B0F8,COVAPIE_CYS_SG_WARHEAD_RULE_DF48FCEE8872B92A,5051c93e26f89216eeceffcc7d7fbf600cf26343910a46daca9f5a9453aab8d6,25,CH'|NJ'|single,"[""C1"",""C11"",""C12"",""C14"",""C15"",""C16"",""C17"",""C2"",""C20"",""C21"",""C3"",""C4"",""C42"",""C5"",""C6"",""C7"",""C9"",""N19"",""N24"",""NJ'"",""NK'"",""O10"",""O22"",""O8"",""S18""]",25,18,true,true,true,true,true,true,,1da5735be71e6d842ae4fd72ad544a67e8d19d476e9f3889f69ebc8540f2b801
covapie_current11_exact_one_boundary_bridge_candidate_enumeration_v1,CYS_SG_SAMPLE_INDEX_000009,1AYV,IN6,5,COVAPIE_CYS_SG_WARHEAD_TYPE_CLASS_DF48FCEE8872B92A,COVAPIE_CYS_SG_REACTION_FAMILY_888A8E40AB92B0F8,COVAPIE_CYS_SG_WARHEAD_RULE_DF48FCEE8872B92A,5051c93e26f89216eeceffcc7d7fbf600cf26343910a46daca9f5a9453aab8d6,26,CH'|OI'|double,"[""C1"",""C1'"",""C11"",""C12"",""C14"",""C15"",""C16"",""C17"",""C2"",""C2'"",""C20"",""C21"",""C3"",""C3'"",""C4"",""C4'"",""C42"",""C5"",""C5'"",""C6"",""C6'"",""C7"",""C7'"",""C9"",""C9'"",""CB'"",""CC'"",""CE'"",""CF'"",""CG'"",""CH'"",""N19"",""N24"",""NJ'"",""NK'"",""NO'"",""O10"",""O22"",""O8"",""O8'"",""OA'"",""S18""]",42,1,true,true,true,true,true,true,,e80ac66e65f59d76073f28170fd7d3d10db7f0dc9bc1419f2724c33d669a9902
covapie_current11_exact_one_boundary_bridge_candidate_enumeration_v1,CYS_SG_SAMPLE_INDEX_000009,1AYV,IN6,5,COVAPIE_CYS_SG_WARHEAD_TYPE_CLASS_DF48FCEE8872B92A,COVAPIE_CYS_SG_REACTION_FAMILY_888A8E40AB92B0F8,COVAPIE_CYS_SG_WARHEAD_RULE_DF48FCEE8872B92A,5051c93e26f89216eeceffcc7d7fbf600cf26343910a46daca9f5a9453aab8d6,27,NJ'|NK'|single,"[""C1"",""C11"",""C12"",""C14"",""C15"",""C16"",""C17"",""C2"",""C20"",""C21"",""C3"",""C4"",""C42"",""C5"",""C6"",""C7"",""C9"",""N19"",""N24"",""NK'"",""O10"",""O22"",""O8"",""S18""]",24,19,true,true,true,true,true,true,,5d8d3bcf48faa3a7f8978aa8e2bff08e0f81fbac545f29883c08b8aebef0a24a
covapie_current11_exact_one_boundary_bridge_candidate_enumeration_v1,CYS_SG_SAMPLE_INDEX_000010,1AYW,IN3,0,COVAPIE_CYS_SG_WARHEAD_TYPE_CLASS_106441A31FA4F951,COVAPIE_CYS_SG_REACTION_FAMILY_11AA213C661B48E3,COVAPIE_CYS_SG_WARHEAD_RULE_106441A31FA4F951,764e7b55f9a4fdb731d1417afbe4bea3908976fc4d075d017e535798dfa1b995,0,C11|C17|single,"[""C1'"",""C17"",""C2'"",""C21"",""C3'"",""C4'"",""C5'"",""C6'"",""C7'"",""C9'"",""CB'"",""CC'"",""CE'"",""CF'"",""CG'"",""CH'"",""N19"",""N20"",""NJ'"",""NK'"",""NO'"",""O18"",""O22"",""O8'"",""OA'"",""OI'""]",26,14,true,true,true,true,true,true,,5f76cf35d0785bfcad39e1b81baf8b7fcc8691ba50b680e20a6f6263a625f04c
covapie_current11_exact_one_boundary_bridge_candidate_enumeration_v1,CYS_SG_SAMPLE_INDEX_000010,1AYW,IN3,0,COVAPIE_CYS_SG_WARHEAD_TYPE_CLASS_106441A31FA4F951,COVAPIE_CYS_SG_REACTION_FAMILY_11AA213C661B48E3,COVAPIE_CYS_SG_WARHEAD_RULE_106441A31FA4F951,764e7b55f9a4fdb731d1417afbe4bea3908976fc4d075d017e535798dfa1b995,1,C17|N19|single,"[""C1'"",""C2'"",""C21"",""C3'"",""C4'"",""C5'"",""C6'"",""C7'"",""C9'"",""CB'"",""CC'"",""CE'"",""CF'"",""CG'"",""CH'"",""N19"",""N20"",""NJ'"",""NK'"",""NO'"",""O22"",""O8'"",""OA'"",""OI'""]",24,16,true,true,true,true,true,true,,689a5b39f98e69656a91ced08b7790099078efcc3aad0a82ea81c8fe90ebc76a
covapie_current11_exact_one_boundary_bridge_candidate_enumeration_v1,CYS_SG_SAMPLE_INDEX_000010,1AYW,IN3,0,COVAPIE_CYS_SG_WARHEAD_TYPE_CLASS_106441A31FA4F951,COVAPIE_CYS_SG_REACTION_FAMILY_11AA213C661B48E3,COVAPIE_CYS_SG_WARHEAD_RULE_106441A31FA4F951,764e7b55f9a4fdb731d1417afbe4bea3908976fc4d075d017e535798dfa1b995,2,C17|O18|double,"[""C1"",""C1'"",""C10"",""C11"",""C12"",""C14"",""C17"",""C2"",""C2'"",""C21"",""C24"",""C3"",""C3'"",""C4"",""C4'"",""C5"",""C5'"",""C6"",""C6'"",""C7"",""C7'"",""C9"",""C9'"",""CB'"",""CC'"",""CE'"",""CF'"",""CG'"",""CH'"",""N19"",""N20"",""NJ'"",""NK'"",""NO'"",""O22"",""O8"",""O8'"",""OA'"",""OI'""]",39,1,true,true,true,true,true,true,,2ed4cfc6b24b7450557e48b6b0031755ad5c3553cc7739631cc1c4a31d27465c
covapie_current11_exact_one_boundary_bridge_candidate_enumeration_v1,CYS_SG_SAMPLE_INDEX_000010,1AYW,IN3,0,COVAPIE_CYS_SG_WARHEAD_TYPE_CLASS_106441A31FA4F951,COVAPIE_CYS_SG_REACTION_FAMILY_11AA213C661B48E3,COVAPIE_CYS_SG_WARHEAD_RULE_106441A31FA4F951,764e7b55f9a4fdb731d1417afbe4bea3908976fc4d075d017e535798dfa1b995,3,C21|N20|single,"[""C1'"",""C2'"",""C21"",""C3'"",""C4'"",""C5'"",""C6'"",""C7'"",""C9'"",""CB'"",""CC'"",""CE'"",""CF'"",""CG'"",""CH'"",""NJ'"",""NK'"",""NO'"",""O22"",""O8'"",""OA'"",""OI'""]",22,18,false,true,true,true,true,false,candidate_missing_local_reaction_center,507ccd021914b456116b4367e589009d924d4531524181d010188aca95a04e02
covapie_current11_exact_one_boundary_bridge_candidate_enumeration_v1,CYS_SG_SAMPLE_INDEX_000010,1AYW,IN3,0,COVAPIE_CYS_SG_WARHEAD_TYPE_CLASS_106441A31FA4F951,COVAPIE_CYS_SG_REACTION_FAMILY_11AA213C661B48E3,COVAPIE_CYS_SG_WARHEAD_RULE_106441A31FA4F951,764e7b55f9a4fdb731d1417afbe4bea3908976fc4d075d017e535798dfa1b995,4,C21|NK'|single,"[""C1"",""C10"",""C11"",""C12"",""C14"",""C17"",""C2"",""C21"",""C24"",""C3"",""C4"",""C5"",""C6"",""C7"",""C9"",""N19"",""N20"",""O18"",""O22"",""O8""]",20,20,false,true,true,true,true,false,candidate_missing_local_reaction_center,fa41dc793810061e70727a6f06b0e27007a60825124fe65cf002ab0b522b6b50
covapie_current11_exact_one_boundary_bridge_candidate_enumeration_v1,CYS_SG_SAMPLE_INDEX_000010,1AYW,IN3,0,COVAPIE_CYS_SG_WARHEAD_TYPE_CLASS_106441A31FA4F951,COVAPIE_CYS_SG_REACTION_FAMILY_11AA213C661B48E3,COVAPIE_CYS_SG_WARHEAD_RULE_106441A31FA4F951,764e7b55f9a4fdb731d1417afbe4bea3908976fc4d075d017e535798dfa1b995,5,C21|O22|double,"[""C1"",""C1'"",""C10"",""C11"",""C12"",""C14"",""C17"",""C2"",""C2'"",""C21"",""C24"",""C3"",""C3'"",""C4"",""C4'"",""C5"",""C5'"",""C6"",""C6'"",""C7"",""C7'"",""C9"",""C9'"",""CB'"",""CC'"",""CE'"",""CF'"",""CG'"",""CH'"",""N19"",""N20"",""NJ'"",""NK'"",""NO'"",""O18"",""O8"",""O8'"",""OA'"",""OI'""]",39,1,false,true,true,true,true,false,candidate_missing_local_reaction_center,3971c380485a9d43b03d51b2175d0f7806317981628df58b83cdbe2a6e7ab3a8
covapie_current11_exact_one_boundary_bridge_candidate_enumeration_v1,CYS_SG_SAMPLE_INDEX_000010,1AYW,IN3,0,COVAPIE_CYS_SG_WARHEAD_TYPE_CLASS_106441A31FA4F951,COVAPIE_CYS_SG_REACTION_FAMILY_11AA213C661B48E3,COVAPIE_CYS_SG_WARHEAD_RULE_106441A31FA4F951,764e7b55f9a4fdb731d1417afbe4bea3908976fc4d075d017e535798dfa1b995,6,C4'|C7'|single,"[""C1"",""C10"",""C11"",""C12"",""C14"",""C17"",""C2"",""C21"",""C24"",""C3"",""C4"",""C5"",""C6"",""C7"",""C7'"",""C9"",""C9'"",""CB'"",""CC'"",""CE'"",""CF'"",""CG'"",""CH'"",""N19"",""N20"",""NJ'"",""NK'"",""NO'"",""O18"",""O22"",""O8"",""O8'"",""OA'"",""OI'""]",34,6,true,true,true,true,true,true,,56eefc69b0bc1bdb08ec01c6eb363d9e8114d2b4cde2da0221d6df08742da635
covapie_current11_exact_one_boundary_bridge_candidate_enumeration_v1,CYS_SG_SAMPLE_INDEX_000010,1AYW,IN3,0,COVAPIE_CYS_SG_WARHEAD_TYPE_CLASS_106441A31FA4F951,COVAPIE_CYS_SG_REACTION_FAMILY_11AA213C661B48E3,COVAPIE_CYS_SG_WARHEAD_RULE_106441A31FA4F951,764e7b55f9a4fdb731d1417afbe4bea3908976fc4d075d017e535798dfa1b995,7,C4|C7|single,"[""C1'"",""C10"",""C11"",""C12"",""C14"",""C17"",""C2'"",""C21"",""C24"",""C3'"",""C4'"",""C5'"",""C6'"",""C7"",""C7'"",""C9"",""C9'"",""CB'"",""CC'"",""CE'"",""CF'"",""CG'"",""CH'"",""N19"",""N20"",""NJ'"",""NK'"",""NO'"",""O18"",""O22"",""O8"",""O8'"",""OA'"",""OI'""]",34,6,true,true,true,true,true,true,,804105827beef09b0980779f9e20af180d2499041fe14a85a373811b5a07a8a3
covapie_current11_exact_one_boundary_bridge_candidate_enumeration_v1,CYS_SG_SAMPLE_INDEX_000010,1AYW,IN3,0,COVAPIE_CYS_SG_WARHEAD_TYPE_CLASS_106441A31FA4F951,COVAPIE_CYS_SG_REACTION_FAMILY_11AA213C661B48E3,COVAPIE_CYS_SG_WARHEAD_RULE_106441A31FA4F951,764e7b55f9a4fdb731d1417afbe4bea3908976fc4d075d017e535798dfa1b995,8,C7'|O8'|single,"[""C1"",""C10"",""C11"",""C12"",""C14"",""C17"",""C2"",""C21"",""C24"",""C3"",""C4"",""C5"",""C6"",""C7"",""C9"",""C9'"",""CB'"",""CC'"",""CE'"",""CF'"",""CG'"",""CH'"",""N19"",""N20"",""NJ'"",""NK'"",""NO'"",""O18"",""O22"",""O8"",""O8'"",""OA'"",""OI'""]",33,7,true,true,true,true,true,true,,f8568b703f7328ef1e3a94d89a23d8c3edc49d5f9a5915794ac955bd505b2928
covapie_current11_exact_one_boundary_bridge_candidate_enumeration_v1,CYS_SG_SAMPLE_INDEX_000010,1AYW,IN3,0,COVAPIE_CYS_SG_WARHEAD_TYPE_CLASS_106441A31FA4F951,COVAPIE_CYS_SG_REACTION_FAMILY_11AA213C661B48E3,COVAPIE_CYS_SG_WARHEAD_RULE_106441A31FA4F951,764e7b55f9a4fdb731d1417afbe4bea3908976fc4d075d017e535798dfa1b995,9,C7|O8|single,"[""C1'"",""C10"",""C11"",""C12"",""C14"",""C17"",""C2'"",""C21"",""C24"",""C3'"",""C4'"",""C5'"",""C6'"",""C7'"",""C9"",""C9'"",""CB'"",""CC'"",""CE'"",""CF'"",""CG'"",""CH'"",""N19"",""N20"",""NJ'"",""NK'"",""NO'"",""O18"",""O22"",""O8"",""O8'"",""OA'"",""OI'""]",33,7,true,true,true,true,true,true,,8da88ee6441760386ff28a5d71d433545873c2ca4b2a3b9c5f68e54d5e4d4954
covapie_current11_exact_one_boundary_bridge_candidate_enumeration_v1,CYS_SG_SAMPLE_INDEX_000010,1AYW,IN3,0,COVAPIE_CYS_SG_WARHEAD_TYPE_CLASS_106441A31FA4F951,COVAPIE_CYS_SG_REACTION_FAMILY_11AA213C661B48E3,COVAPIE_CYS_SG_WARHEAD_RULE_106441A31FA4F951,764e7b55f9a4fdb731d1417afbe4bea3908976fc4d075d017e535798dfa1b995,10,C9'|NO'|single,"[""C1"",""C10"",""C11"",""C12"",""C14"",""C17"",""C2"",""C21"",""C24"",""C3"",""C4"",""C5"",""C6"",""C7"",""C9"",""CB'"",""CC'"",""CE'"",""CF'"",""CG'"",""CH'"",""N19"",""N20"",""NJ'"",""NK'"",""NO'"",""O18"",""O22"",""O8"",""OI'""]",30,10,true,true,true,true,true,true,,0ee1bff1aa37eb6392a4f3fb9f930a68a9bd4efb9e96e13bb0c473d454f3c8c2
covapie_current11_exact_one_boundary_bridge_candidate_enumeration_v1,CYS_SG_SAMPLE_INDEX_000010,1AYW,IN3,0,COVAPIE_CYS_SG_WARHEAD_TYPE_CLASS_106441A31FA4F951,COVAPIE_CYS_SG_REACTION_FAMILY_11AA213C661B48E3,COVAPIE_CYS_SG_WARHEAD_RULE_106441A31FA4F951,764e7b55f9a4fdb731d1417afbe4bea3908976fc4d075d017e535798dfa1b995,11,C9'|O8'|single,"[""C1"",""C10"",""C11"",""C12"",""C14"",""C17"",""C2"",""C21"",""C24"",""C3"",""C4"",""C5"",""C6"",""C7"",""C9"",""C9'"",""CB'"",""CC'"",""CE'"",""CF'"",""CG'"",""CH'"",""N19"",""N20"",""NJ'"",""NK'"",""NO'"",""O18"",""O22"",""O8"",""OA'"",""OI'""]",32,8,true,true,true,true,true,true,,760be9f74583de0ba18d3ab8656670df4ce7d5564b5cce179112c1d8c6fc9c9e
covapie_current11_exact_one_boundary_bridge_candidate_enumeration_v1,CYS_SG_SAMPLE_INDEX_000010,1AYW,IN3,0,COVAPIE_CYS_SG_WARHEAD_TYPE_CLASS_106441A31FA4F951,COVAPIE_CYS_SG_REACTION_FAMILY_11AA213C661B48E3,COVAPIE_CYS_SG_WARHEAD_RULE_106441A31FA4F951,764e7b55f9a4fdb731d1417afbe4bea3908976fc4d075d017e535798dfa1b995,12,C9'|OA'|double,"[""C1"",""C1'"",""C10"",""C11"",""C12"",""C14"",""C17"",""C2"",""C2'"",""C21"",""C24"",""C3"",""C3'"",""C4"",""C4'"",""C5"",""C5'"",""C6"",""C6'"",""C7"",""C7'"",""C9"",""C9'"",""CB'"",""CC'"",""CE'"",""CF'"",""CG'"",""CH'"",""N19"",""N20"",""NJ'"",""NK'"",""NO'"",""O18"",""O22"",""O8"",""O8'"",""OI'""]",39,1,true,true,true,true,true,true,,aab3a249f816e30046441e9fb726e2cb48342dcee9a87a64c9b863b042667474
covapie_current11_exact_one_boundary_bridge_candidate_enumeration_v1,CYS_SG_SAMPLE_INDEX_000010,1AYW,IN3,0,COVAPIE_CYS_SG_WARHEAD_TYPE_CLASS_106441A31FA4F951,COVAPIE_CYS_SG_REACTION_FAMILY_11AA213C661B48E3,COVAPIE_CYS_SG_WARHEAD_RULE_106441A31FA4F951,764e7b55f9a4fdb731d1417afbe4bea3908976fc4d075d017e535798dfa1b995,13,C9|O8|single,"[""C1'"",""C10"",""C11"",""C12"",""C14"",""C17"",""C2'"",""C21"",""C24"",""C3'"",""C4'"",""C5'"",""C6'"",""C7'"",""C9"",""C9'"",""CB'"",""CC'"",""CE'"",""CF'"",""CG'"",""CH'"",""N19"",""N20"",""NJ'"",""NK'"",""NO'"",""O18"",""O22"",""O8'"",""OA'"",""OI'""]",32,8,true,true,true,true,true,true,,2e5c3dbe6742e0408416dd370ef8e835c4033a8719d82746b559b71a3e77919d
covapie_current11_exact_one_boundary_bridge_candidate_enumeration_v1,CYS_SG_SAMPLE_INDEX_000010,1AYW,IN3,0,COVAPIE_CYS_SG_WARHEAD_TYPE_CLASS_106441A31FA4F951,COVAPIE_CYS_SG_REACTION_FAMILY_11AA213C661B48E3,COVAPIE_CYS_SG_WARHEAD_RULE_106441A31FA4F951,764e7b55f9a4fdb731d1417afbe4bea3908976fc4d075d017e535798dfa1b995,14,CB'|CC'|single,"[""C1"",""C1'"",""C10"",""C11"",""C12"",""C14"",""C17"",""C2"",""C2'"",""C21"",""C24"",""C3"",""C3'"",""C4"",""C4'"",""C5"",""C5'"",""C6"",""C6'"",""C7"",""C7'"",""C9"",""C9'"",""CB'"",""CH'"",""N19"",""N20"",""NJ'"",""NK'"",""NO'"",""O18"",""O22"",""O8"",""O8'"",""OA'"",""OI'""]",36,4,true,true,true,true,true,true,,b1b04ad43e9e20b6a118b4de56e27765fde1ea10ccc86763a059442971af21b0
covapie_current11_exact_one_boundary_bridge_candidate_enumeration_v1,CYS_SG_SAMPLE_INDEX_000010,1AYW,IN3,0,COVAPIE_CYS_SG_WARHEAD_TYPE_CLASS_106441A31FA4F951,COVAPIE_CYS_SG_REACTION_FAMILY_11AA213C661B48E3,COVAPIE_CYS_SG_WARHEAD_RULE_106441A31FA4F951,764e7b55f9a4fdb731d1417afbe4bea3908976fc4d075d017e535798dfa1b995,15,CB'|CH'|single,"[""C1"",""C10"",""C11"",""C12"",""C14"",""C17"",""C2"",""C21"",""C24"",""C3"",""C4"",""C5"",""C6"",""C7"",""C9"",""CH'"",""N19"",""N20"",""NJ'"",""NK'"",""O18"",""O22"",""O8"",""OI'""]",24,16,true,true,true,true,true,true,,e9c6e9388cf27e1acd49518f29d344dc97c0933c1de0c081d951e68b0e6b5cd4
covapie_current11_exact_one_boundary_bridge_candidate_enumeration_v1,CYS_SG_SAMPLE_INDEX_000010,1AYW,IN3,0,COVAPIE_CYS_SG_WARHEAD_TYPE_CLASS_106441A31FA4F951,COVAPIE_CYS_SG_REACTION_FAMILY_11AA213C661B48E3,COVAPIE_CYS_SG_WARHEAD_RULE_106441A31FA4F951,764e7b55f9a4fdb731d1417afbe4bea3908976fc4d075d017e535798dfa1b995,16,CB'|NO'|single,"[""C1"",""C10"",""C11"",""C12"",""C14"",""C17"",""C2"",""C21"",""C24"",""C3"",""C4"",""C5"",""C6"",""C7"",""C9"",""CB'"",""CC'"",""CE'"",""CF'"",""CG'"",""CH'"",""N19"",""N20"",""NJ'"",""NK'"",""O18"",""O22"",""O8"",""OI'""]",29,11,true,true,true,true,true,true,,14e047c48f85be8ab0bb4c2da794cb2ea844a3f072e38ae830222190f7ec3196
covapie_current11_exact_one_boundary_bridge_candidate_enumeration_v1,CYS_SG_SAMPLE_INDEX_000010,1AYW,IN3,0,COVAPIE_CYS_SG_WARHEAD_TYPE_CLASS_106441A31FA4F951,COVAPIE_CYS_SG_REACTION_FAMILY_11AA213C661B48E3,COVAPIE_CYS_SG_WARHEAD_RULE_106441A31FA4F951,764e7b55f9a4fdb731d1417afbe4bea3908976fc4d075d017e535798dfa1b995,17,CC'|CE'|single,"[""C1"",""C1'"",""C10"",""C11"",""C12"",""C14"",""C17"",""C2"",""C2'"",""C21"",""C24"",""C3"",""C3'"",""C4"",""C4'"",""C5"",""C5'"",""C6"",""C6'"",""C7"",""C7'"",""C9"",""C9'"",""CB'"",""CC'"",""CH'"",""N19"",""N20"",""NJ'"",""NK'"",""NO'"",""O18"",""O22"",""O8"",""O8'"",""OA'"",""OI'""]",37,3,true,true,true,true,true,true,,8f7654522eb09b776574add4030defbfa4b52fef4218a671a53a8f6128e69bb9
covapie_current11_exact_one_boundary_bridge_candidate_enumeration_v1,CYS_SG_SAMPLE_INDEX_000010,1AYW,IN3,0,COVAPIE_CYS_SG_WARHEAD_TYPE_CLASS_106441A31FA4F951,COVAPIE_CYS_SG_REACTION_FAMILY_11AA213C661B48E3,COVAPIE_CYS_SG_WARHEAD_RULE_106441A31FA4F951,764e7b55f9a4fdb731d1417afbe4bea3908976fc4d075d017e535798dfa1b995,18,CE'|CF'|single,"[""C1"",""C1'"",""C10"",""C11"",""C12"",""C14"",""C17"",""C2"",""C2'"",""C21"",""C24"",""C3"",""C3'"",""C4"",""C4'"",""C5"",""C5'"",""C6"",""C6'"",""C7"",""C7'"",""C9"",""C9'"",""CB'"",""CC'"",""CE'"",""CG'"",""CH'"",""N19"",""N20"",""NJ'"",""NK'"",""NO'"",""O18"",""O22"",""O8"",""O8'"",""OA'"",""OI'""]",39,1,true,true,true,true,true,true,,8e2789105208f71f86b34411deb14cda31cbd4c2e355617550afa7171cf9d988
covapie_current11_exact_one_boundary_bridge_candidate_enumeration_v1,CYS_SG_SAMPLE_INDEX_000010,1AYW,IN3,0,COVAPIE_CYS_SG_WARHEAD_TYPE_CLASS_106441A31FA4F951,COVAPIE_CYS_SG_REACTION_FAMILY_11AA213C661B48E3,COVAPIE_CYS_SG_WARHEAD_RULE_106441A31FA4F951,764e7b55f9a4fdb731d1417afbe4bea3908976fc4d075d017e535798dfa1b995,19,CE'|CG'|single,"[""C1"",""C1'"",""C10"",""C11"",""C12"",""C14"",""C17"",""C2"",""C2'"",""C21"",""C24"",""C3"",""C3'"",""C4"",""C4'"",""C5"",""C5'"",""C6"",""C6'"",""C7"",""C7'"",""C9"",""C9'"",""CB'"",""CC'"",""CE'"",""CF'"",""CH'"",""N19"",""N20"",""NJ'"",""NK'"",""NO'"",""O18"",""O22"",""O8"",""O8'"",""OA'"",""OI'""]",39,1,true,true,true,true,true,true,,1ac2ce2586342118ac7611e6a4834dd8df66a83a262a1f6b863222bbfbf42f7b
covapie_current11_exact_one_boundary_bridge_candidate_enumeration_v1,CYS_SG_SAMPLE_INDEX_000010,1AYW,IN3,0,COVAPIE_CYS_SG_WARHEAD_TYPE_CLASS_106441A31FA4F951,COVAPIE_CYS_SG_REACTION_FAMILY_11AA213C661B48E3,COVAPIE_CYS_SG_WARHEAD_RULE_106441A31FA4F951,764e7b55f9a4fdb731d1417afbe4bea3908976fc4d075d017e535798dfa1b995,20,CH'|NJ'|single,"[""C1"",""C10"",""C11"",""C12"",""C14"",""C17"",""C2"",""C21"",""C24"",""C3"",""C4"",""C5"",""C6"",""C7"",""C9"",""N19"",""N20"",""NJ'"",""NK'"",""O18"",""O22"",""O8""]",22,18,true,true,true,true,true,true,,626c20a8ccb2c10c45638230ea5cd434368a5520842b2dbfb75493b0b2949061
covapie_current11_exact_one_boundary_bridge_candidate_enumeration_v1,CYS_SG_SAMPLE_INDEX_000010,1AYW,IN3,0,COVAPIE_CYS_SG_WARHEAD_TYPE_CLASS_106441A31FA4F951,COVAPIE_CYS_SG_REACTION_FAMILY_11AA213C661B48E3,COVAPIE_CYS_SG_WARHEAD_RULE_106441A31FA4F951,764e7b55f9a4fdb731d1417afbe4bea3908976fc4d075d017e535798dfa1b995,21,CH'|OI'|double,"[""C1"",""C1'"",""C10"",""C11"",""C12"",""C14"",""C17"",""C2"",""C2'"",""C21"",""C24"",""C3"",""C3'"",""C4"",""C4'"",""C5"",""C5'"",""C6"",""C6'"",""C7"",""C7'"",""C9"",""C9'"",""CB'"",""CC'"",""CE'"",""CF'"",""CG'"",""CH'"",""N19"",""N20"",""NJ'"",""NK'"",""NO'"",""O18"",""O22"",""O8"",""O8'"",""OA'""]",39,1,true,true,true,true,true,true,,aabf57fbffb59d57bebd9dcf85ff741c597fc524844062e13146aa3e1df3cd5b
covapie_current11_exact_one_boundary_bridge_candidate_enumeration_v1,CYS_SG_SAMPLE_INDEX_000010,1AYW,IN3,0,COVAPIE_CYS_SG_WARHEAD_TYPE_CLASS_106441A31FA4F951,COVAPIE_CYS_SG_REACTION_FAMILY_11AA213C661B48E3,COVAPIE_CYS_SG_WARHEAD_RULE_106441A31FA4F951,764e7b55f9a4fdb731d1417afbe4bea3908976fc4d075d017e535798dfa1b995,22,N19|N20|single,"[""C1'"",""C2'"",""C21"",""C3'"",""C4'"",""C5'"",""C6'"",""C7'"",""C9'"",""CB'"",""CC'"",""CE'"",""CF'"",""CG'"",""CH'"",""N20"",""NJ'"",""NK'"",""NO'"",""O22"",""O8'"",""OA'"",""OI'""]",23,17,true,true,true,true,true,true,,4a80e1195a63e8d6d6bf6d9402bf31a3d4ffe4b0f8b4345b1000c42b950d7ffa
covapie_current11_exact_one_boundary_bridge_candidate_enumeration_v1,CYS_SG_SAMPLE_INDEX_000010,1AYW,IN3,0,COVAPIE_CYS_SG_WARHEAD_TYPE_CLASS_106441A31FA4F951,COVAPIE_CYS_SG_REACTION_FAMILY_11AA213C661B48E3,COVAPIE_CYS_SG_WARHEAD_RULE_106441A31FA4F951,764e7b55f9a4fdb731d1417afbe4bea3908976fc4d075d017e535798dfa1b995,23,NJ'|NK'|single,"[""C1"",""C10"",""C11"",""C12"",""C14"",""C17"",""C2"",""C21"",""C24"",""C3"",""C4"",""C5"",""C6"",""C7"",""C9"",""N19"",""N20"",""NK'"",""O18"",""O22"",""O8""]",21,19,true,true,true,true,true,true,,1fbf1d992e064fd1034e86dcc9afbf3ede6cdb195927b55522edce5bcedc41d5
covapie_current11_exact_one_boundary_bridge_candidate_enumeration_v1,CYS_SG_SAMPLE_INDEX_000011,1B02,UFP,4,COVAPIE_CYS_SG_WARHEAD_TYPE_CLASS_CEAC766EEE61D251,COVAPIE_CYS_SG_REACTION_FAMILY_9869A5B1C585A27C,COVAPIE_CYS_SG_WARHEAD_RULE_CEAC766EEE61D251,0bbb2714019233cd9b1b5bb6b2090ba91604048b1c2141e45fd481601edf1b43,0,C1'|N1|single,"[""C2"",""C4"",""C5"",""C6"",""F5"",""N1"",""N3"",""O2"",""O4""]",9,12,true,true,true,true,true,true,,f416a01f6e927bc74d61bdecfa29875c52917fb5657771baa302b2cea35054af
covapie_current11_exact_one_boundary_bridge_candidate_enumeration_v1,CYS_SG_SAMPLE_INDEX_000011,1B02,UFP,4,COVAPIE_CYS_SG_WARHEAD_TYPE_CLASS_CEAC766EEE61D251,COVAPIE_CYS_SG_REACTION_FAMILY_9869A5B1C585A27C,COVAPIE_CYS_SG_WARHEAD_RULE_CEAC766EEE61D251,0bbb2714019233cd9b1b5bb6b2090ba91604048b1c2141e45fd481601edf1b43,1,C2|O2|double,"[""C1'"",""C2"",""C2'"",""C3'"",""C4"",""C4'"",""C5"",""C5'"",""C6"",""F5"",""N1"",""N3"",""O1P"",""O2P"",""O3'"",""O3P"",""O4"",""O4'"",""O5'"",""P""]",20,1,true,true,true,true,true,true,,0bd26446d27c64c45b8fdb737c49547b05801d86f6205cc3907c4faf9338dffe
covapie_current11_exact_one_boundary_bridge_candidate_enumeration_v1,CYS_SG_SAMPLE_INDEX_000011,1B02,UFP,4,COVAPIE_CYS_SG_WARHEAD_TYPE_CLASS_CEAC766EEE61D251,COVAPIE_CYS_SG_REACTION_FAMILY_9869A5B1C585A27C,COVAPIE_CYS_SG_WARHEAD_RULE_CEAC766EEE61D251,0bbb2714019233cd9b1b5bb6b2090ba91604048b1c2141e45fd481601edf1b43,2,C3'|O3'|single,"[""C1'"",""C2"",""C2'"",""C3'"",""C4"",""C4'"",""C5"",""C5'"",""C6"",""F5"",""N1"",""N3"",""O1P"",""O2"",""O2P"",""O3P"",""O4"",""O4'"",""O5'"",""P""]",20,1,true,true,true,true,true,true,,bcb77934685ebbd588db8f37c253a729f84ee348b5569dcac8570bda208848e1
covapie_current11_exact_one_boundary_bridge_candidate_enumeration_v1,CYS_SG_SAMPLE_INDEX_000011,1B02,UFP,4,COVAPIE_CYS_SG_WARHEAD_TYPE_CLASS_CEAC766EEE61D251,COVAPIE_CYS_SG_REACTION_FAMILY_9869A5B1C585A27C,COVAPIE_CYS_SG_WARHEAD_RULE_CEAC766EEE61D251,0bbb2714019233cd9b1b5bb6b2090ba91604048b1c2141e45fd481601edf1b43,3,C4'|C5'|single,"[""C1'"",""C2"",""C2'"",""C3'"",""C4"",""C4'"",""C5"",""C6"",""F5"",""N1"",""N3"",""O2"",""O3'"",""O4"",""O4'""]",15,6,true,true,true,true,true,true,,277bc4b92de9180ddfa6c155a9d3c2df2f3c6bc1b3862cc6c045f1d7e7253bc6
covapie_current11_exact_one_boundary_bridge_candidate_enumeration_v1,CYS_SG_SAMPLE_INDEX_000011,1B02,UFP,4,COVAPIE_CYS_SG_WARHEAD_TYPE_CLASS_CEAC766EEE61D251,COVAPIE_CYS_SG_REACTION_FAMILY_9869A5B1C585A27C,COVAPIE_CYS_SG_WARHEAD_RULE_CEAC766EEE61D251,0bbb2714019233cd9b1b5bb6b2090ba91604048b1c2141e45fd481601edf1b43,4,C4|O4|double,"[""C1'"",""C2"",""C2'"",""C3'"",""C4"",""C4'"",""C5"",""C5'"",""C6"",""F5"",""N1"",""N3"",""O1P"",""O2"",""O2P"",""O3'"",""O3P"",""O4'"",""O5'"",""P""]",20,1,true,true,true,true,true,true,,16837b65d21804359dc48824c5a24a668fb3f4a7e33c93e56e3f1193dffeab37
covapie_current11_exact_one_boundary_bridge_candidate_enumeration_v1,CYS_SG_SAMPLE_INDEX_000011,1B02,UFP,4,COVAPIE_CYS_SG_WARHEAD_TYPE_CLASS_CEAC766EEE61D251,COVAPIE_CYS_SG_REACTION_FAMILY_9869A5B1C585A27C,COVAPIE_CYS_SG_WARHEAD_RULE_CEAC766EEE61D251,0bbb2714019233cd9b1b5bb6b2090ba91604048b1c2141e45fd481601edf1b43,5,C5'|O5'|single,"[""C1'"",""C2"",""C2'"",""C3'"",""C4"",""C4'"",""C5"",""C5'"",""C6"",""F5"",""N1"",""N3"",""O2"",""O3'"",""O4"",""O4'""]",16,5,true,true,true,true,true,true,,5236c75248cfa088e4844a6b9f1f5d0e077a52386b7604334236a202ab78f678
covapie_current11_exact_one_boundary_bridge_candidate_enumeration_v1,CYS_SG_SAMPLE_INDEX_000011,1B02,UFP,4,COVAPIE_CYS_SG_WARHEAD_TYPE_CLASS_CEAC766EEE61D251,COVAPIE_CYS_SG_REACTION_FAMILY_9869A5B1C585A27C,COVAPIE_CYS_SG_WARHEAD_RULE_CEAC766EEE61D251,0bbb2714019233cd9b1b5bb6b2090ba91604048b1c2141e45fd481601edf1b43,6,C5|F5|single,"[""C1'"",""C2"",""C2'"",""C3'"",""C4"",""C4'"",""C5"",""C5'"",""C6"",""N1"",""N3"",""O1P"",""O2"",""O2P"",""O3'"",""O3P"",""O4"",""O4'"",""O5'"",""P""]",20,1,true,true,true,true,true,true,,ef02a65abcdcccd9d2a06deacb89bb6a6e5585f174168a299632750a820d3938
covapie_current11_exact_one_boundary_bridge_candidate_enumeration_v1,CYS_SG_SAMPLE_INDEX_000011,1B02,UFP,4,COVAPIE_CYS_SG_WARHEAD_TYPE_CLASS_CEAC766EEE61D251,COVAPIE_CYS_SG_REACTION_FAMILY_9869A5B1C585A27C,COVAPIE_CYS_SG_WARHEAD_RULE_CEAC766EEE61D251,0bbb2714019233cd9b1b5bb6b2090ba91604048b1c2141e45fd481601edf1b43,7,O1P|P|double,"[""C1'"",""C2"",""C2'"",""C3'"",""C4"",""C4'"",""C5"",""C5'"",""C6"",""F5"",""N1"",""N3"",""O2"",""O2P"",""O3'"",""O3P"",""O4"",""O4'"",""O5'"",""P""]",20,1,true,true,true,true,true,true,,09c9de7382903c70ec2a05f180b8e01ef5bad95813070b077f03e88a495141d5
covapie_current11_exact_one_boundary_bridge_candidate_enumeration_v1,CYS_SG_SAMPLE_INDEX_000011,1B02,UFP,4,COVAPIE_CYS_SG_WARHEAD_TYPE_CLASS_CEAC766EEE61D251,COVAPIE_CYS_SG_REACTION_FAMILY_9869A5B1C585A27C,COVAPIE_CYS_SG_WARHEAD_RULE_CEAC766EEE61D251,0bbb2714019233cd9b1b5bb6b2090ba91604048b1c2141e45fd481601edf1b43,8,O2P|P|single,"[""C1'"",""C2"",""C2'"",""C3'"",""C4"",""C4'"",""C5"",""C5'"",""C6"",""F5"",""N1"",""N3"",""O1P"",""O2"",""O3'"",""O3P"",""O4"",""O4'"",""O5'"",""P""]",20,1,true,true,true,true,true,true,,8255e7dfeb765b7a921f2e803e517257652ba49772f51981c49b0e6a0e72c146
covapie_current11_exact_one_boundary_bridge_candidate_enumeration_v1,CYS_SG_SAMPLE_INDEX_000011,1B02,UFP,4,COVAPIE_CYS_SG_WARHEAD_TYPE_CLASS_CEAC766EEE61D251,COVAPIE_CYS_SG_REACTION_FAMILY_9869A5B1C585A27C,COVAPIE_CYS_SG_WARHEAD_RULE_CEAC766EEE61D251,0bbb2714019233cd9b1b5bb6b2090ba91604048b1c2141e45fd481601edf1b43,9,O3P|P|single,"[""C1'"",""C2"",""C2'"",""C3'"",""C4"",""C4'"",""C5"",""C5'"",""C6"",""F5"",""N1"",""N3"",""O1P"",""O2"",""O2P"",""O3'"",""O4"",""O4'"",""O5'"",""P""]",20,1,true,true,true,true,true,true,,314a03f3d692e9ed571887eabbdf7c67c45f297680e5b0ae5d92308d1bbe7e1a
covapie_current11_exact_one_boundary_bridge_candidate_enumeration_v1,CYS_SG_SAMPLE_INDEX_000011,1B02,UFP,4,COVAPIE_CYS_SG_WARHEAD_TYPE_CLASS_CEAC766EEE61D251,COVAPIE_CYS_SG_REACTION_FAMILY_9869A5B1C585A27C,COVAPIE_CYS_SG_WARHEAD_RULE_CEAC766EEE61D251,0bbb2714019233cd9b1b5bb6b2090ba91604048b1c2141e45fd481601edf1b43,10,O5'|P|single,"[""C1'"",""C2"",""C2'"",""C3'"",""C4"",""C4'"",""C5"",""C5'"",""C6"",""F5"",""N1"",""N3"",""O2"",""O3'"",""O4"",""O4'"",""O5'""]",17,4,true,true,true,true,true,true,,173784d2e049945abc1e5af1ca40eb32742feab088a26db643cb73c6315d161c
