scaleup_rank,canonical_event_id,pdb_id,ligand_component_id,raw_structure_available,exact_cys_sg_event_recovered,explicit_covalent_evidence,distance_only_event_inference_used,full_coordinate_post_evidence_available,ccd_graph_complete,feature_compatible,structural_processing_success,post_geometry_source_evidence_available,representation_gap,feature_incompatible,current_global_status,priority_review_in_scope,review_unit_id,current_review_status,human_review_completed,human_review_authority_source,chemistry_disposition,chemistry_authority_source,task_relevance_disposition,task_relevance_authority_source,training_use_disposition,human_training_excluded,reactive_pair_raw_structural_evidence,reactive_pair_sample_authoritative,reactive_pair_training_target_available,role_partition_sample_authoritative,role_profile,canonical_mask_structural_labels_available,structurally_applicable_task_ids_json,post_geometry_sample_authoritative,post_geometry_training_target_available,pre_geometry_authoritative,pre_geometry_training_target_available,training_use_include,future_training_admission_candidate,formal_split_authoritative,formal_split,formal_training_admitted,current_runtime_model_usable,training_materialization_allowed_current_source,positive_authority_source,feature_semantics_status
1,COVAPIE_CYS_SG_EVENT_V1:1ATK:A:CYS:25-:SG:B:E64:C2,1ATK,E64,true,true,true,false,true,true,true,true,true,false,false,LEAKAGE_EXISTING_GROUP_CONFLICT,false,,NOT_IN_HUMAN_REVIEW_POPULATION,false,,UNRESOLVED,,UNRESOLVED,,UNRESOLVED,false,true,false,false,false,NOT_ESTABLISHED,false,null,false,false,false,false,false,false,false,,false,false,,,FEATURE_SEMANTICS_AUDIT_REQUIRED_LATER
2,COVAPIE_CYS_SG_EVENT_V1:1AU0:A:CYS:25-:SG:B:SDK:C21,1AU0,SDK,true,true,true,false,true,true,true,true,true,false,false,LEAKAGE_EXISTING_GROUP_CONFLICT,false,,NOT_IN_HUMAN_REVIEW_POPULATION,false,,UNRESOLVED,,UNRESOLVED,,UNRESOLVED,false,true,false,false,false,NOT_ESTABLISHED,false,null,false,false,false,false,false,false,false,,false,false,,,FEATURE_SEMANTICS_AUDIT_REQUIRED_LATER
3,COVAPIE_CYS_SG_EVENT_V1:1AU2:A:CYS:25-:SG:B:POS:C19,1AU2,POS,true,true,true,false,true,true,true,true,true,false,false,LEAKAGE_EXISTING_GROUP_CONFLICT,false,,NOT_IN_HUMAN_REVIEW_POPULATION,false,,UNRESOLVED,,UNRESOLVED,,UNRESOLVED,false,true,false,false,false,NOT_ESTABLISHED,false,null,false,false,false,false,false,false,false,,false,false,,,FEATURE_SEMANTICS_AUDIT_REQUIRED_LATER
4,COVAPIE_CYS_SG_EVENT_V1:1BGO:A:CYS:25-:SG:B:I10:C31,1BGO,I10,true,true,true,false,true,true,true,true,true,false,false,LEAKAGE_EXISTING_GROUP_CONFLICT,false,,NOT_IN_HUMAN_REVIEW_POPULATION,false,,UNRESOLVED,,UNRESOLVED,,UNRESOLVED,false,true,false,false,false,NOT_ESTABLISHED,false,null,false,false,false,false,false,false,false,,false,false,,,FEATURE_SEMANTICS_AUDIT_REQUIRED_LATER
5,COVAPIE_CYS_SG_EVENT_V1:1BJG:A:CYS:146-:SG:B:UFP:C6,1BJG,UFP,true,true,true,false,true,true,true,true,true,false,false,CURRENTLY_UNREVIEWED,true,COVAPIE_BULK_REVIEW_UNIT_1E58101A3E611294,CURRENTLY_UNREVIEWED,false,data/derived/covalent_small/covapie_bulk_cys_sg_model_usable_auto_admission_scaleup_v1/covapie_bulk_cys_sg_priority_human_review_queue_v1.csv,UNRESOLVED,,UNRESOLVED,,UNRESOLVED,false,true,false,false,false,NOT_ESTABLISHED,false,null,false,false,false,false,false,false,false,,false,false,,,FEATURE_SEMANTICS_AUDIT_REQUIRED_LATER
6,COVAPIE_CYS_SG_EVENT_V1:1BMQ:A:CYS:285-:SG:C:MNO:C27,1BMQ,MNO,true,false,false,false,false,false,false,false,false,false,false,STRUCTURAL_EVIDENCE_INCOMPLETE,false,,NOT_IN_HUMAN_REVIEW_POPULATION,false,,UNRESOLVED,,UNRESOLVED,,UNRESOLVED,false,false,false,false,false,NOT_ESTABLISHED,false,null,false,false,false,false,false,false,false,,false,false,,,FEATURE_SEMANTICS_AUDIT_REQUIRED_LATER
7,COVAPIE_CYS_SG_EVENT_V1:1BQ1:A:CYS:146-:SG:C:UMP:C6,1BQ1,UMP,true,true,true,false,true,true,true,true,true,false,false,PUBLISHED_EXACT_AUTO_NEGATIVE,false,,NOT_IN_HUMAN_REVIEW_POPULATION,false,,NOT_ESTABLISHED,data/derived/covalent_small/covapie_bulk_cys_sg_model_usable_auto_admission_scaleup_v1/covapie_bulk_cys_sg_cumulative_1000_model_usable_census_v1.csv,NOT_RELEVANT,data/derived/covalent_small/covapie_bulk_cys_sg_model_usable_auto_admission_scaleup_v1/covapie_bulk_cys_sg_cumulative_1000_model_usable_census_v1.csv,NOT_APPLICABLE,false,true,false,false,false,NOT_ESTABLISHED,false,null,false,false,false,false,false,false,false,,false,false,,,FEATURE_SEMANTICS_AUDIT_REQUIRED_LATER
8,COVAPIE_CYS_SG_EVENT_V1:1BQ1:B:CYS:146-:SG:E:UMP:C6,1BQ1,UMP,true,true,true,false,true,true,true,true,true,false,false,PUBLISHED_EXACT_AUTO_NEGATIVE,false,,NOT_IN_HUMAN_REVIEW_POPULATION,false,,NOT_ESTABLISHED,data/derived/covalent_small/covapie_bulk_cys_sg_model_usable_auto_admission_scaleup_v1/covapie_bulk_cys_sg_cumulative_1000_model_usable_census_v1.csv,NOT_RELEVANT,data/derived/covalent_small/covapie_bulk_cys_sg_model_usable_auto_admission_scaleup_v1/covapie_bulk_cys_sg_cumulative_1000_model_usable_census_v1.csv,NOT_APPLICABLE,false,true,false,false,false,NOT_ESTABLISHED,false,null,false,false,false,false,false,false,false,,false,false,,,FEATURE_SEMANTICS_AUDIT_REQUIRED_LATER
9,COVAPIE_CYS_SG_EVENT_V1:1BWC:A:CYS:58-:SG:D:AJ3:S5,1BWC,AJ3,true,true,true,false,true,true,true,true,true,false,false,COMPLETED_PARTIAL_AUTHORITY,false,COVAPIE_BULK_REVIEW_UNIT_5662273FCD38234C,CURRENTLY_IN_PROGRESS,false,data/derived/covalent_small/covapie_bulk_post_only_cys_sg_human_review_v1/covapie_post_only_human_review_decisions_v1.json,UNRESOLVED,,RELEVANT,data/derived/covalent_small/covapie_bulk_post_only_cys_sg_human_review_v1/covapie_post_only_human_review_decisions_v1.json,UNRESOLVED,false,true,false,false,false,NOT_ESTABLISHED,false,null,false,false,false,false,false,false,false,,false,false,,,FEATURE_SEMANTICS_AUDIT_REQUIRED_LATER
10,COVAPIE_CYS_SG_EVENT_V1:1CQQ:A:CYS:147-:SG:B:AG7:C19,1CQQ,AG7,true,false,false,false,false,false,false,false,false,false,false,STRUCTURAL_EVIDENCE_INCOMPLETE,false,,NOT_IN_HUMAN_REVIEW_POPULATION,false,,UNRESOLVED,,UNRESOLVED,,UNRESOLVED,false,false,false,false,false,NOT_ESTABLISHED,false,null,false,false,false,false,false,false,false,,false,false,,,FEATURE_SEMANTICS_AUDIT_REQUIRED_LATER
11,COVAPIE_CYS_SG_EVENT_V1:1CR5:A:CYS:146-:SG:E:NEN:C1,1CR5,NEN,true,true,true,false,true,true,true,true,true,false,false,COMPLETED_HUMAN_NEGATIVE,false,COVAPIE_BULK_REVIEW_UNIT_D88548D5B5FCAA3C,COMPLETED_HUMAN_NEGATIVE,true,data/derived/covalent_small/covapie_bulk_post_only_cys_sg_human_review_v1/covapie_post_only_human_review_decisions_v1.json,NOT_ESTABLISHED,data/derived/covalent_small/covapie_bulk_post_only_cys_sg_human_review_v1/covapie_post_only_human_review_decisions_v1.json,NOT_RELEVANT,data/derived/covalent_small/covapie_bulk_post_only_cys_sg_human_review_v1/covapie_post_only_human_review_decisions_v1.json,NOT_APPLICABLE,false,true,false,false,false,NOT_ESTABLISHED,false,null,false,false,false,false,false,false,false,,false,false,,,FEATURE_SEMANTICS_AUDIT_REQUIRED_LATER
12,COVAPIE_CYS_SG_EVENT_V1:1CR5:A:CYS:34-:SG:D:NEN:C1,1CR5,NEN,true,true,true,false,true,true,true,true,true,false,false,COMPLETED_HUMAN_NEGATIVE,false,COVAPIE_BULK_REVIEW_UNIT_D88548D5B5FCAA3C,COMPLETED_HUMAN_NEGATIVE,true,data/derived/covalent_small/covapie_bulk_post_only_cys_sg_human_review_v1/covapie_post_only_human_review_decisions_v1.json,NOT_ESTABLISHED,data/derived/covalent_small/covapie_bulk_post_only_cys_sg_human_review_v1/covapie_post_only_human_review_decisions_v1.json,NOT_RELEVANT,data/derived/covalent_small/covapie_bulk_post_only_cys_sg_human_review_v1/covapie_post_only_human_review_decisions_v1.json,NOT_APPLICABLE,false,true,false,false,false,NOT_ESTABLISHED,false,null,false,false,false,false,false,false,false,,false,false,,,FEATURE_SEMANTICS_AUDIT_REQUIRED_LATER
13,COVAPIE_CYS_SG_EVENT_V1:1CR5:B:CYS:146-:SG:G:NEN:C1,1CR5,NEN,true,true,true,false,true,true,true,true,true,false,false,COMPLETED_HUMAN_NEGATIVE,false,COVAPIE_BULK_REVIEW_UNIT_D88548D5B5FCAA3C,COMPLETED_HUMAN_NEGATIVE,true,data/derived/covalent_small/covapie_bulk_post_only_cys_sg_human_review_v1/covapie_post_only_human_review_decisions_v1.json,NOT_ESTABLISHED,data/derived/covalent_small/covapie_bulk_post_only_cys_sg_human_review_v1/covapie_post_only_human_review_decisions_v1.json,NOT_RELEVANT,data/derived/covalent_small/covapie_bulk_post_only_cys_sg_human_review_v1/covapie_post_only_human_review_decisions_v1.json,NOT_APPLICABLE,false,true,false,false,false,NOT_ESTABLISHED,false,null,false,false,false,false,false,false,false,,false,false,,,FEATURE_SEMANTICS_AUDIT_REQUIRED_LATER
14,COVAPIE_CYS_SG_EVENT_V1:1CR5:B:CYS:34-:SG:F:NEN:C1,1CR5,NEN,true,true,true,false,true,true,true,true,true,false,false,COMPLETED_HUMAN_NEGATIVE,false,COVAPIE_BULK_REVIEW_UNIT_D88548D5B5FCAA3C,COMPLETED_HUMAN_NEGATIVE,true,data/derived/covalent_small/covapie_bulk_post_only_cys_sg_human_review_v1/covapie_post_only_human_review_decisions_v1.json,NOT_ESTABLISHED,data/derived/covalent_small/covapie_bulk_post_only_cys_sg_human_review_v1/covapie_post_only_human_review_decisions_v1.json,NOT_RELEVANT,data/derived/covalent_small/covapie_bulk_post_only_cys_sg_human_review_v1/covapie_post_only_human_review_decisions_v1.json,NOT_APPLICABLE,false,true,false,false,false,NOT_ESTABLISHED,false,null,false,false,false,false,false,false,false,,false,false,,,FEATURE_SEMANTICS_AUDIT_REQUIRED_LATER
15,COVAPIE_CYS_SG_EVENT_V1:1CR5:C:CYS:146-:SG:I:NEN:C1,1CR5,NEN,true,true,true,false,true,true,true,true,true,false,false,COMPLETED_HUMAN_NEGATIVE,false,COVAPIE_BULK_REVIEW_UNIT_D88548D5B5FCAA3C,COMPLETED_HUMAN_NEGATIVE,true,data/derived/covalent_small/covapie_bulk_post_only_cys_sg_human_review_v1/covapie_post_only_human_review_decisions_v1.json,NOT_ESTABLISHED,data/derived/covalent_small/covapie_bulk_post_only_cys_sg_human_review_v1/covapie_post_only_human_review_decisions_v1.json,NOT_RELEVANT,data/derived/covalent_small/covapie_bulk_post_only_cys_sg_human_review_v1/covapie_post_only_human_review_decisions_v1.json,NOT_APPLICABLE,false,true,false,false,false,NOT_ESTABLISHED,false,null,false,false,false,false,false,false,false,,false,false,,,FEATURE_SEMANTICS_AUDIT_REQUIRED_LATER
16,COVAPIE_CYS_SG_EVENT_V1:1CR5:C:CYS:34-:SG:H:NEN:C1,1CR5,NEN,true,true,true,false,true,true,true,true,true,false,false,COMPLETED_HUMAN_NEGATIVE,false,COVAPIE_BULK_REVIEW_UNIT_D88548D5B5FCAA3C,COMPLETED_HUMAN_NEGATIVE,true,data/derived/covalent_small/covapie_bulk_post_only_cys_sg_human_review_v1/covapie_post_only_human_review_decisions_v1.json,NOT_ESTABLISHED,data/derived/covalent_small/covapie_bulk_post_only_cys_sg_human_review_v1/covapie_post_only_human_review_decisions_v1.json,NOT_RELEVANT,data/derived/covalent_small/covapie_bulk_post_only_cys_sg_human_review_v1/covapie_post_only_human_review_decisions_v1.json,NOT_APPLICABLE,false,true,false,false,false,NOT_ESTABLISHED,false,null,false,false,false,false,false,false,false,,false,false,,,FEATURE_SEMANTICS_AUDIT_REQUIRED_LATER
17,COVAPIE_CYS_SG_EVENT_V1:1CTE:A:CYS:29-:SG:C:PYS:S2,1CTE,PYS,true,true,true,false,true,true,true,true,true,false,false,LEAKAGE_EXISTING_GROUP_CONFLICT,false,,NOT_IN_HUMAN_REVIEW_POPULATION,false,,UNRESOLVED,,UNRESOLVED,,UNRESOLVED,false,true,false,false,false,NOT_ESTABLISHED,false,null,false,false,false,false,false,false,false,,false,false,,,FEATURE_SEMANTICS_AUDIT_REQUIRED_LATER
18,COVAPIE_CYS_SG_EVENT_V1:1CTE:B:CYS:29-:SG:D:PYS:S2,1CTE,PYS,true,true,true,false,true,true,true,true,true,false,false,LEAKAGE_EXISTING_GROUP_CONFLICT,false,,NOT_IN_HUMAN_REVIEW_POPULATION,false,,UNRESOLVED,,UNRESOLVED,,UNRESOLVED,false,true,false,false,false,NOT_ESTABLISHED,false,null,false,false,false,false,false,false,false,,false,false,,,FEATURE_SEMANTICS_AUDIT_REQUIRED_LATER
19,COVAPIE_CYS_SG_EVENT_V1:1CV8:A:CYS:24-:SG:C:E64:C2,1CV8,E64,true,false,false,false,false,false,false,false,false,false,false,STRUCTURAL_EVIDENCE_INCOMPLETE,false,,NOT_IN_HUMAN_REVIEW_POPULATION,false,,UNRESOLVED,,UNRESOLVED,,UNRESOLVED,false,false,false,false,false,NOT_ESTABLISHED,false,null,false,false,false,false,false,false,false,,false,false,,,FEATURE_SEMANTICS_AUDIT_REQUIRED_LATER
20,COVAPIE_CYS_SG_EVENT_V1:1CVR:A:CYS:244-:SG:B:H37:C3,1CVR,H37,true,true,true,false,true,true,true,true,true,true,false,QUARANTINE_REPRESENTATION_GAP,false,,NOT_IN_HUMAN_REVIEW_POPULATION,false,,UNRESOLVED,,UNRESOLVED,,UNRESOLVED,false,true,false,false,false,NOT_ESTABLISHED,false,null,false,false,false,false,false,false,false,,false,false,,,FEATURE_SEMANTICS_AUDIT_REQUIRED_LATER
21,COVAPIE_CYS_SG_EVENT_V1:1CVZ:A:CYS:25-:SG:B:C48:C10,1CVZ,C48,true,true,true,false,true,true,true,true,true,false,false,LEAKAGE_EXISTING_GROUP_CONFLICT,false,,NOT_IN_HUMAN_REVIEW_POPULATION,false,,UNRESOLVED,,UNRESOLVED,,UNRESOLVED,false,true,false,false,false,NOT_ESTABLISHED,false,null,false,false,false,false,false,false,false,,false,false,,,FEATURE_SEMANTICS_AUDIT_REQUIRED_LATER
22,COVAPIE_CYS_SG_EVENT_V1:1DC4:A:CYS:149-:SG:C:G3P:C1,1DC4,G3P,true,true,true,false,true,true,true,true,true,false,false,CURRENTLY_UNREVIEWED,true,COVAPIE_BULK_REVIEW_UNIT_7ECA4E38FFF9D55A,CURRENTLY_UNREVIEWED,false,data/derived/covalent_small/covapie_bulk_cys_sg_model_usable_auto_admission_scaleup_v1/covapie_bulk_cys_sg_priority_human_review_queue_v1.csv,UNRESOLVED,,UNRESOLVED,,UNRESOLVED,false,true,false,false,false,NOT_ESTABLISHED,false,null,false,false,false,false,false,false,false,,false,false,,,FEATURE_SEMANTICS_AUDIT_REQUIRED_LATER
23,COVAPIE_CYS_SG_EVENT_V1:1DC4:B:CYS:149-:SG:D:G3P:C1,1DC4,G3P,true,true,true,false,true,true,true,true,true,false,false,CURRENTLY_UNREVIEWED,true,COVAPIE_BULK_REVIEW_UNIT_7ECA4E38FFF9D55A,CURRENTLY_UNREVIEWED,false,data/derived/covalent_small/covapie_bulk_cys_sg_model_usable_auto_admission_scaleup_v1/covapie_bulk_cys_sg_priority_human_review_queue_v1.csv,UNRESOLVED,,UNRESOLVED,,UNRESOLVED,false,true,false,false,false,NOT_ESTABLISHED,false,null,false,false,false,false,false,false,false,,false,false,,,FEATURE_SEMANTICS_AUDIT_REQUIRED_LATER
24,COVAPIE_CYS_SG_EVENT_V1:1ECC:A:CYS:1-:SG:E:ONL:CE,1ECC,ONL,true,true,true,false,true,true,true,true,true,false,false,COMPLETED_HUMAN_POSITIVE,true,COVAPIE_BULK_REVIEW_UNIT_FC5A3060FADCBA74,COMPLETED_HUMAN_POSITIVE,true,covapie-state/manual-review-aids/cumulative1000-high-yield-calibration-v1/ONL_COVAPIE_BULK_REVIEW_UNIT_FC5A3060FADCBA74/formal-human-decision-v1/onl_formal_human_decision_v1.json,POSITIVE,data/derived/covalent_small/covapie_onl_completed_decision_ingestion_and_task_label_availability_v1/covapie_onl_event_task_label_availability_v1.csv,RELEVANT,data/derived/covalent_small/covapie_onl_completed_decision_ingestion_and_task_label_availability_v1/covapie_onl_event_task_label_availability_v1.csv,EXCLUDE_FROM_TRAINING_ONLY,true,true,true,false,true,DIRECT_ATTACHMENT_OPTIONAL_LINKER_V1,true,"[0,3,4]",false,false,false,false,false,false,false,,false,false,false,data/derived/covalent_small/covapie_onl_completed_decision_ingestion_and_task_label_availability_v1/covapie_onl_event_task_label_availability_v1.csv,FEATURE_SEMANTICS_AUDIT_REQUIRED_LATER
25,COVAPIE_CYS_SG_EVENT_V1:1ECC:B:CYS:1-:SG:J:ONL:CE,1ECC,ONL,true,true,true,false,true,true,true,true,true,false,false,COMPLETED_HUMAN_POSITIVE,true,COVAPIE_BULK_REVIEW_UNIT_FC5A3060FADCBA74,COMPLETED_HUMAN_POSITIVE,true,covapie-state/manual-review-aids/cumulative1000-high-yield-calibration-v1/ONL_COVAPIE_BULK_REVIEW_UNIT_FC5A3060FADCBA74/formal-human-decision-v1/onl_formal_human_decision_v1.json,POSITIVE,data/derived/covalent_small/covapie_onl_completed_decision_ingestion_and_task_label_availability_v1/covapie_onl_event_task_label_availability_v1.csv,RELEVANT,data/derived/covalent_small/covapie_onl_completed_decision_ingestion_and_task_label_availability_v1/covapie_onl_event_task_label_availability_v1.csv,EXCLUDE_FROM_TRAINING_ONLY,true,true,true,false,true,DIRECT_ATTACHMENT_OPTIONAL_LINKER_V1,true,"[0,3,4]",false,false,false,false,false,false,false,,false,false,false,data/derived/covalent_small/covapie_onl_completed_decision_ingestion_and_task_label_availability_v1/covapie_onl_event_task_label_availability_v1.csv,FEATURE_SEMANTICS_AUDIT_REQUIRED_LATER
26,COVAPIE_CYS_SG_EVENT_V1:1ECG:A:CYS:1-:SG:C:ONL:CE,1ECG,ONL,true,true,true,false,true,true,true,true,true,false,false,COMPLETED_HUMAN_POSITIVE,true,COVAPIE_BULK_REVIEW_UNIT_FC5A3060FADCBA74,COMPLETED_HUMAN_POSITIVE,true,covapie-state/manual-review-aids/cumulative1000-high-yield-calibration-v1/ONL_COVAPIE_BULK_REVIEW_UNIT_FC5A3060FADCBA74/formal-human-decision-v1/onl_formal_human_decision_v1.json,POSITIVE,data/derived/covalent_small/covapie_onl_completed_decision_ingestion_and_task_label_availability_v1/covapie_onl_event_task_label_availability_v1.csv,RELEVANT,data/derived/covalent_small/covapie_onl_completed_decision_ingestion_and_task_label_availability_v1/covapie_onl_event_task_label_availability_v1.csv,EXCLUDE_FROM_TRAINING_ONLY,true,true,true,false,true,DIRECT_ATTACHMENT_OPTIONAL_LINKER_V1,true,"[0,3,4]",false,false,false,false,false,false,false,,false,false,false,data/derived/covalent_small/covapie_onl_completed_decision_ingestion_and_task_label_availability_v1/covapie_onl_event_task_label_availability_v1.csv,FEATURE_SEMANTICS_AUDIT_REQUIRED_LATER
27,COVAPIE_CYS_SG_EVENT_V1:1ECG:B:CYS:1-:SG:G:ONL:CE,1ECG,ONL,true,true,true,false,true,true,true,true,true,false,false,COMPLETED_HUMAN_POSITIVE,true,COVAPIE_BULK_REVIEW_UNIT_FC5A3060FADCBA74,COMPLETED_HUMAN_POSITIVE,true,covapie-state/manual-review-aids/cumulative1000-high-yield-calibration-v1/ONL_COVAPIE_BULK_REVIEW_UNIT_FC5A3060FADCBA74/formal-human-decision-v1/onl_formal_human_decision_v1.json,POSITIVE,data/derived/covalent_small/covapie_onl_completed_decision_ingestion_and_task_label_availability_v1/covapie_onl_event_task_label_availability_v1.csv,RELEVANT,data/derived/covalent_small/covapie_onl_completed_decision_ingestion_and_task_label_availability_v1/covapie_onl_event_task_label_availability_v1.csv,EXCLUDE_FROM_TRAINING_ONLY,true,true,true,false,true,DIRECT_ATTACHMENT_OPTIONAL_LINKER_V1,true,"[0,3,4]",false,false,false,false,false,false,false,,false,false,false,data/derived/covalent_small/covapie_onl_completed_decision_ingestion_and_task_label_availability_v1/covapie_onl_event_task_label_availability_v1.csv,FEATURE_SEMANTICS_AUDIT_REQUIRED_LATER
28,COVAPIE_CYS_SG_EVENT_V1:1EWL:A:CYS:25-:SG:B:R99:C2,1EWL,R99,true,true,true,false,true,true,true,true,true,false,false,LEAKAGE_EXISTING_GROUP_CONFLICT,false,,NOT_IN_HUMAN_REVIEW_POPULATION,false,,UNRESOLVED,,UNRESOLVED,,UNRESOLVED,false,true,false,false,false,NOT_ESTABLISHED,false,null,false,false,false,false,false,false,false,,false,false,,,FEATURE_SEMANTICS_AUDIT_REQUIRED_LATER
29,COVAPIE_CYS_SG_EVENT_V1:1EWM:A:CYS:25-:SG:B:RL2:C2,1EWM,RL2,true,true,true,false,true,true,true,true,true,false,false,LEAKAGE_EXISTING_GROUP_CONFLICT,false,,NOT_IN_HUMAN_REVIEW_POPULATION,false,,UNRESOLVED,,UNRESOLVED,,UNRESOLVED,false,true,false,false,false,NOT_ESTABLISHED,false,null,false,false,false,false,false,false,false,,false,false,,,FEATURE_SEMANTICS_AUDIT_REQUIRED_LATER
30,COVAPIE_CYS_SG_EVENT_V1:1EWO:A:CYS:25-:SG:B:VSC:C32,1EWO,VSC,true,true,true,false,true,true,true,true,true,false,false,LEAKAGE_EXISTING_GROUP_CONFLICT,false,,NOT_IN_HUMAN_REVIEW_POPULATION,false,,UNRESOLVED,,UNRESOLVED,,UNRESOLVED,false,true,false,false,false,NOT_ESTABLISHED,false,null,false,false,false,false,false,false,false,,false,false,,,FEATURE_SEMANTICS_AUDIT_REQUIRED_LATER
31,COVAPIE_CYS_SG_EVENT_V1:1EWP:A:CYS:25-:SG:B:0I5:CM,1EWP,0I5,true,true,true,false,true,true,true,true,true,false,false,LEAKAGE_EXISTING_GROUP_CONFLICT,false,,NOT_IN_HUMAN_REVIEW_POPULATION,false,,UNRESOLVED,,UNRESOLVED,,UNRESOLVED,false,true,false,false,false,NOT_ESTABLISHED,false,null,false,false,false,false,false,false,false,,false,false,,,FEATURE_SEMANTICS_AUDIT_REQUIRED_LATER
32,COVAPIE_CYS_SG_EVENT_V1:1F28:A:CYS:173-:SG:E:UMP:C6,1F28,UMP,true,true,true,false,true,true,true,true,true,false,false,PUBLISHED_EXACT_AUTO_NEGATIVE,false,,NOT_IN_HUMAN_REVIEW_POPULATION,false,,NOT_ESTABLISHED,data/derived/covalent_small/covapie_bulk_cys_sg_model_usable_auto_admission_scaleup_v1/covapie_bulk_cys_sg_cumulative_1000_model_usable_census_v1.csv,NOT_RELEVANT,data/derived/covalent_small/covapie_bulk_cys_sg_model_usable_auto_admission_scaleup_v1/covapie_bulk_cys_sg_cumulative_1000_model_usable_census_v1.csv,NOT_APPLICABLE,false,true,false,false,false,NOT_ESTABLISHED,false,null,false,false,false,false,false,false,false,,false,false,,,FEATURE_SEMANTICS_AUDIT_REQUIRED_LATER
33,COVAPIE_CYS_SG_EVENT_V1:1F28:C:CYS:173-:SG:I:UMP:C6,1F28,UMP,true,true,true,false,true,true,true,true,true,false,false,PUBLISHED_EXACT_AUTO_NEGATIVE,false,,NOT_IN_HUMAN_REVIEW_POPULATION,false,,NOT_ESTABLISHED,data/derived/covalent_small/covapie_bulk_cys_sg_model_usable_auto_admission_scaleup_v1/covapie_bulk_cys_sg_cumulative_1000_model_usable_census_v1.csv,NOT_RELEVANT,data/derived/covalent_small/covapie_bulk_cys_sg_model_usable_auto_admission_scaleup_v1/covapie_bulk_cys_sg_cumulative_1000_model_usable_census_v1.csv,NOT_APPLICABLE,false,true,false,false,false,NOT_ESTABLISHED,false,null,false,false,false,false,false,false,false,,false,false,,,FEATURE_SEMANTICS_AUDIT_REQUIRED_LATER
34,COVAPIE_CYS_SG_EVENT_V1:1F29:A:CYS:25-:SG:D:VS1:C22,1F29,VS1,true,true,true,false,true,true,true,true,true,false,false,LEAKAGE_EXISTING_GROUP_CONFLICT,false,,NOT_IN_HUMAN_REVIEW_POPULATION,false,,UNRESOLVED,,UNRESOLVED,,UNRESOLVED,false,true,false,false,false,NOT_ESTABLISHED,false,null,false,false,false,false,false,false,false,,false,false,,,FEATURE_SEMANTICS_AUDIT_REQUIRED_LATER
35,COVAPIE_CYS_SG_EVENT_V1:1F29:B:CYS:25-:SG:E:VS1:C22,1F29,VS1,true,true,true,false,true,true,true,true,true,false,false,LEAKAGE_EXISTING_GROUP_CONFLICT,false,,NOT_IN_HUMAN_REVIEW_POPULATION,false,,UNRESOLVED,,UNRESOLVED,,UNRESOLVED,false,true,false,false,false,NOT_ESTABLISHED,false,null,false,false,false,false,false,false,false,,false,false,,,FEATURE_SEMANTICS_AUDIT_REQUIRED_LATER
36,COVAPIE_CYS_SG_EVENT_V1:1F29:C:CYS:25-:SG:F:VS1:C22,1F29,VS1,true,true,true,false,true,true,true,true,true,false,false,LEAKAGE_EXISTING_GROUP_CONFLICT,false,,NOT_IN_HUMAN_REVIEW_POPULATION,false,,UNRESOLVED,,UNRESOLVED,,UNRESOLVED,false,true,false,false,false,NOT_ESTABLISHED,false,null,false,false,false,false,false,false,false,,false,false,,,FEATURE_SEMANTICS_AUDIT_REQUIRED_LATER
37,COVAPIE_CYS_SG_EVENT_V1:1F2A:A:CYS:25-:SG:B:VS2:C27,1F2A,VS2,true,true,true,false,true,true,true,true,true,false,false,LEAKAGE_EXISTING_GROUP_CONFLICT,false,,NOT_IN_HUMAN_REVIEW_POPULATION,false,,UNRESOLVED,,UNRESOLVED,,UNRESOLVED,false,true,false,false,false,NOT_ESTABLISHED,false,null,false,false,false,false,false,false,false,,false,false,,,FEATURE_SEMANTICS_AUDIT_REQUIRED_LATER
38,COVAPIE_CYS_SG_EVENT_V1:1F2B:A:CYS:25-:SG:B:VS3:C27,1F2B,VS3,true,true,true,false,true,true,true,true,true,false,false,LEAKAGE_EXISTING_GROUP_CONFLICT,false,,NOT_IN_HUMAN_REVIEW_POPULATION,false,,UNRESOLVED,,UNRESOLVED,,UNRESOLVED,false,true,false,false,false,NOT_ESTABLISHED,false,null,false,false,false,false,false,false,false,,false,false,,,FEATURE_SEMANTICS_AUDIT_REQUIRED_LATER
39,COVAPIE_CYS_SG_EVENT_V1:1F2C:A:CYS:25-:SG:B:VS4:C27,1F2C,VS4,true,true,true,false,true,true,true,true,true,false,false,LEAKAGE_EXISTING_GROUP_CONFLICT,false,,NOT_IN_HUMAN_REVIEW_POPULATION,false,,UNRESOLVED,,UNRESOLVED,,UNRESOLVED,false,true,false,false,false,NOT_ESTABLISHED,false,null,false,false,false,false,false,false,false,,false,false,,,FEATURE_SEMANTICS_AUDIT_REQUIRED_LATER
40,COVAPIE_CYS_SG_EVENT_V1:1F42:A:CYS:177-:SG:C:MNB:S5,1F42,MNB,true,true,true,false,true,true,true,true,true,false,false,LEAKAGE_EXISTING_GROUP_CONFLICT,false,,NOT_IN_HUMAN_REVIEW_POPULATION,false,,UNRESOLVED,,UNRESOLVED,,UNRESOLVED,false,true,false,false,false,NOT_ESTABLISHED,false,null,false,false,false,false,false,false,false,,false,false,,,FEATURE_SEMANTICS_AUDIT_REQUIRED_LATER
41,COVAPIE_CYS_SG_EVENT_V1:1F42:A:CYS:252-:SG:D:MNB:S5,1F42,MNB,true,true,true,false,true,true,true,true,true,false,false,LEAKAGE_EXISTING_GROUP_CONFLICT,false,,NOT_IN_HUMAN_REVIEW_POPULATION,false,,UNRESOLVED,,UNRESOLVED,,UNRESOLVED,false,true,false,false,false,NOT_ESTABLISHED,false,null,false,false,false,false,false,false,false,,false,false,,,FEATURE_SEMANTICS_AUDIT_REQUIRED_LATER
42,COVAPIE_CYS_SG_EVENT_V1:1F4C:A:CYS:146-:SG:F:TP2:S1,1F4C,TP2,true,true,true,false,true,true,true,true,true,false,false,CURRENTLY_UNREVIEWED,true,COVAPIE_BULK_REVIEW_UNIT_C750E9F706F9E0AF,CURRENTLY_UNREVIEWED,false,data/derived/covalent_small/covapie_bulk_cys_sg_model_usable_auto_admission_scaleup_v1/covapie_bulk_cys_sg_priority_human_review_queue_v1.csv,UNRESOLVED,,UNRESOLVED,,UNRESOLVED,false,true,false,false,false,NOT_ESTABLISHED,false,null,false,false,false,false,false,false,false,,false,false,,,FEATURE_SEMANTICS_AUDIT_REQUIRED_LATER
43,COVAPIE_CYS_SG_EVENT_V1:1F4C:B:CYS:146-:SG:I:TP2:S1,1F4C,TP2,true,true,true,false,true,true,true,true,true,false,false,CURRENTLY_UNREVIEWED,true,COVAPIE_BULK_REVIEW_UNIT_C750E9F706F9E0AF,CURRENTLY_UNREVIEWED,false,data/derived/covalent_small/covapie_bulk_cys_sg_model_usable_auto_admission_scaleup_v1/covapie_bulk_cys_sg_priority_human_review_queue_v1.csv,UNRESOLVED,,UNRESOLVED,,UNRESOLVED,false,true,false,false,false,NOT_ESTABLISHED,false,null,false,false,false,false,false,false,false,,false,false,,,FEATURE_SEMANTICS_AUDIT_REQUIRED_LATER
44,COVAPIE_CYS_SG_EVENT_V1:1F4D:A:CYS:143-:SG:E:TP2:S1,1F4D,TP2,true,true,true,false,true,true,true,true,true,false,false,CURRENTLY_UNREVIEWED,true,COVAPIE_BULK_REVIEW_UNIT_C750E9F706F9E0AF,CURRENTLY_UNREVIEWED,false,data/derived/covalent_small/covapie_bulk_cys_sg_model_usable_auto_admission_scaleup_v1/covapie_bulk_cys_sg_priority_human_review_queue_v1.csv,UNRESOLVED,,UNRESOLVED,,UNRESOLVED,false,true,false,false,false,NOT_ESTABLISHED,false,null,false,false,false,false,false,false,false,,false,false,,,FEATURE_SEMANTICS_AUDIT_REQUIRED_LATER
45,COVAPIE_CYS_SG_EVENT_V1:1F4D:B:CYS:143-:SG:I:TP2:S1,1F4D,TP2,true,true,true,false,true,true,true,true,true,false,false,CURRENTLY_UNREVIEWED,true,COVAPIE_BULK_REVIEW_UNIT_C750E9F706F9E0AF,CURRENTLY_UNREVIEWED,false,data/derived/covalent_small/covapie_bulk_cys_sg_model_usable_auto_admission_scaleup_v1/covapie_bulk_cys_sg_priority_human_review_queue_v1.csv,UNRESOLVED,,UNRESOLVED,,UNRESOLVED,false,true,false,false,false,NOT_ESTABLISHED,false,null,false,false,false,false,false,false,false,,false,false,,,FEATURE_SEMANTICS_AUDIT_REQUIRED_LATER
46,COVAPIE_CYS_SG_EVENT_V1:1F8M:A:CYS:191-:SG:F:PYR:CB,1F8M,PYR,true,true,true,false,true,true,true,true,true,false,false,CURRENTLY_UNREVIEWED,true,COVAPIE_BULK_REVIEW_UNIT_EB7468B0711B37A4,CURRENTLY_UNREVIEWED,false,data/derived/covalent_small/covapie_bulk_cys_sg_model_usable_auto_admission_scaleup_v1/covapie_bulk_cys_sg_priority_human_review_queue_v1.csv,UNRESOLVED,,UNRESOLVED,,UNRESOLVED,false,true,false,false,false,NOT_ESTABLISHED,false,null,false,false,false,false,false,false,false,,false,false,,,FEATURE_SEMANTICS_AUDIT_REQUIRED_LATER
47,COVAPIE_CYS_SG_EVENT_V1:1F8M:B:CYS:191-:SG:H:PYR:CB,1F8M,PYR,true,true,true,false,true,true,true,true,true,false,false,CURRENTLY_UNREVIEWED,true,COVAPIE_BULK_REVIEW_UNIT_EB7468B0711B37A4,CURRENTLY_UNREVIEWED,false,data/derived/covalent_small/covapie_bulk_cys_sg_model_usable_auto_admission_scaleup_v1/covapie_bulk_cys_sg_priority_human_review_queue_v1.csv,UNRESOLVED,,UNRESOLVED,,UNRESOLVED,false,true,false,false,false,NOT_ESTABLISHED,false,null,false,false,false,false,false,false,false,,false,false,,,FEATURE_SEMANTICS_AUDIT_REQUIRED_LATER
48,COVAPIE_CYS_SG_EVENT_V1:1F8M:C:CYS:191-:SG:J:PYR:CB,1F8M,PYR,true,true,true,false,true,true,true,true,true,false,false,CURRENTLY_UNREVIEWED,true,COVAPIE_BULK_REVIEW_UNIT_EB7468B0711B37A4,CURRENTLY_UNREVIEWED,false,data/derived/covalent_small/covapie_bulk_cys_sg_model_usable_auto_admission_scaleup_v1/covapie_bulk_cys_sg_priority_human_review_queue_v1.csv,UNRESOLVED,,UNRESOLVED,,UNRESOLVED,false,true,false,false,false,NOT_ESTABLISHED,false,null,false,false,false,false,false,false,false,,false,false,,,FEATURE_SEMANTICS_AUDIT_REQUIRED_LATER
49,COVAPIE_CYS_SG_EVENT_V1:1F8M:D:CYS:191-:SG:L:PYR:CB,1F8M,PYR,true,true,true,false,true,true,true,true,true,false,false,CURRENTLY_UNREVIEWED,true,COVAPIE_BULK_REVIEW_UNIT_EB7468B0711B37A4,CURRENTLY_UNREVIEWED,false,data/derived/covalent_small/covapie_bulk_cys_sg_model_usable_auto_admission_scaleup_v1/covapie_bulk_cys_sg_priority_human_review_queue_v1.csv,UNRESOLVED,,UNRESOLVED,,UNRESOLVED,false,true,false,false,false,NOT_ESTABLISHED,false,null,false,false,false,false,false,false,false,,false,false,,,FEATURE_SEMANTICS_AUDIT_REQUIRED_LATER
50,COVAPIE_CYS_SG_EVENT_V1:1FH0:A:CYS:25-:SG:C:0IW:C21,1FH0,0IW,true,true,true,false,true,true,true,true,true,false,false,LEAKAGE_EXISTING_GROUP_CONFLICT,false,,NOT_IN_HUMAN_REVIEW_POPULATION,false,,UNRESOLVED,,UNRESOLVED,,UNRESOLVED,false,true,false,false,false,NOT_ESTABLISHED,false,null,false,false,false,false,false,false,false,,false,false,,,FEATURE_SEMANTICS_AUDIT_REQUIRED_LATER
51,COVAPIE_CYS_SG_EVENT_V1:1FH0:B:CYS:2025-:SG:E:0IW:C21,1FH0,0IW,true,true,true,false,true,true,true,true,true,false,false,LEAKAGE_EXISTING_GROUP_CONFLICT,false,,NOT_IN_HUMAN_REVIEW_POPULATION,false,,UNRESOLVED,,UNRESOLVED,,UNRESOLVED,false,true,false,false,false,NOT_ESTABLISHED,false,null,false,false,false,false,false,false,false,,false,false,,,FEATURE_SEMANTICS_AUDIT_REQUIRED_LATER
52,COVAPIE_CYS_SG_EVENT_V1:1FJ8:A:CYS:163-:SG:E:CER:C2,1FJ8,CER,true,true,true,false,true,true,true,true,true,false,false,CURRENTLY_UNREVIEWED,true,COVAPIE_BULK_REVIEW_UNIT_946339D19F961B4A,CURRENTLY_UNREVIEWED,false,data/derived/covalent_small/covapie_bulk_cys_sg_model_usable_auto_admission_scaleup_v1/covapie_bulk_cys_sg_priority_human_review_queue_v1.csv,UNRESOLVED,,UNRESOLVED,,UNRESOLVED,false,true,false,false,false,NOT_ESTABLISHED,false,null,false,false,false,false,false,false,false,,false,false,,,FEATURE_SEMANTICS_AUDIT_REQUIRED_LATER
53,COVAPIE_CYS_SG_EVENT_V1:1FJ8:B:CYS:163-:SG:F:CER:C2,1FJ8,CER,true,true,true,false,true,true,true,true,true,false,false,CURRENTLY_UNREVIEWED,true,COVAPIE_BULK_REVIEW_UNIT_946339D19F961B4A,CURRENTLY_UNREVIEWED,false,data/derived/covalent_small/covapie_bulk_cys_sg_model_usable_auto_admission_scaleup_v1/covapie_bulk_cys_sg_priority_human_review_queue_v1.csv,UNRESOLVED,,UNRESOLVED,,UNRESOLVED,false,true,false,false,false,NOT_ESTABLISHED,false,null,false,false,false,false,false,false,false,,false,false,,,FEATURE_SEMANTICS_AUDIT_REQUIRED_LATER
54,COVAPIE_CYS_SG_EVENT_V1:1FJ8:C:CYS:163-:SG:G:CER:C2,1FJ8,CER,true,true,true,false,true,true,true,true,true,false,false,CURRENTLY_UNREVIEWED,true,COVAPIE_BULK_REVIEW_UNIT_946339D19F961B4A,CURRENTLY_UNREVIEWED,false,data/derived/covalent_small/covapie_bulk_cys_sg_model_usable_auto_admission_scaleup_v1/covapie_bulk_cys_sg_priority_human_review_queue_v1.csv,UNRESOLVED,,UNRESOLVED,,UNRESOLVED,false,true,false,false,false,NOT_ESTABLISHED,false,null,false,false,false,false,false,false,false,,false,false,,,FEATURE_SEMANTICS_AUDIT_REQUIRED_LATER
55,COVAPIE_CYS_SG_EVENT_V1:1FJ8:D:CYS:163-:SG:H:CER:C2,1FJ8,CER,true,true,true,false,true,true,true,true,true,false,false,CURRENTLY_UNREVIEWED,true,COVAPIE_BULK_REVIEW_UNIT_946339D19F961B4A,CURRENTLY_UNREVIEWED,false,data/derived/covalent_small/covapie_bulk_cys_sg_model_usable_auto_admission_scaleup_v1/covapie_bulk_cys_sg_priority_human_review_queue_v1.csv,UNRESOLVED,,UNRESOLVED,,UNRESOLVED,false,true,false,false,false,NOT_ESTABLISHED,false,null,false,false,false,false,false,false,false,,false,false,,,FEATURE_SEMANTICS_AUDIT_REQUIRED_LATER
56,COVAPIE_CYS_SG_EVENT_V1:1FVG:A:CYS:218-:SG:B:DTT:S4,1FVG,DTT,true,true,true,false,true,true,true,true,true,false,false,COMPLETED_HUMAN_NEGATIVE,false,COVAPIE_BULK_REVIEW_UNIT_2EBCD325E1CD2081,COMPLETED_HUMAN_NEGATIVE,true,data/derived/covalent_small/covapie_bulk_post_only_cys_sg_human_review_v1/covapie_post_only_human_review_decisions_v1.json,NOT_ESTABLISHED,data/derived/covalent_small/covapie_bulk_post_only_cys_sg_human_review_v1/covapie_post_only_human_review_decisions_v1.json,NOT_RELEVANT,data/derived/covalent_small/covapie_bulk_post_only_cys_sg_human_review_v1/covapie_post_only_human_review_decisions_v1.json,NOT_APPLICABLE,false,true,false,false,false,NOT_ESTABLISHED,false,null,false,false,false,false,false,false,false,,false,false,,,FEATURE_SEMANTICS_AUDIT_REQUIRED_LATER
57,COVAPIE_CYS_SG_EVENT_V1:1FVG:A:CYS:72-:SG:B:DTT:S1,1FVG,DTT,true,true,true,false,true,true,true,true,true,false,false,PUBLISHED_EXACT_AUTO_NEGATIVE,false,,NOT_IN_HUMAN_REVIEW_POPULATION,false,,NOT_ESTABLISHED,data/derived/covalent_small/covapie_bulk_cys_sg_model_usable_auto_admission_scaleup_v1/covapie_bulk_cys_sg_cumulative_1000_model_usable_census_v1.csv,NOT_RELEVANT,data/derived/covalent_small/covapie_bulk_cys_sg_model_usable_auto_admission_scaleup_v1/covapie_bulk_cys_sg_cumulative_1000_model_usable_census_v1.csv,NOT_APPLICABLE,false,true,false,false,false,NOT_ESTABLISHED,false,null,false,false,false,false,false,false,false,,false,false,,,FEATURE_SEMANTICS_AUDIT_REQUIRED_LATER
58,COVAPIE_CYS_SG_EVENT_V1:1GFW:A:CYS:163-:SG:C:MSI:C3,1GFW,MSI,true,false,false,false,false,false,false,false,false,false,false,STRUCTURAL_EVIDENCE_INCOMPLETE,false,,NOT_IN_HUMAN_REVIEW_POPULATION,false,,UNRESOLVED,,UNRESOLVED,,UNRESOLVED,false,false,false,false,false,NOT_ESTABLISHED,false,null,false,false,false,false,false,false,false,,false,false,,,FEATURE_SEMANTICS_AUDIT_REQUIRED_LATER
59,COVAPIE_CYS_SG_EVENT_V1:1GMY:A:CYS:29-:SG:D:AEM:C1,1GMY,AEM,true,true,true,false,true,true,true,true,true,false,false,LEAKAGE_EXISTING_GROUP_CONFLICT,false,,NOT_IN_HUMAN_REVIEW_POPULATION,false,,UNRESOLVED,,UNRESOLVED,,UNRESOLVED,false,true,false,false,false,NOT_ESTABLISHED,false,null,false,false,false,false,false,false,false,,false,false,,,FEATURE_SEMANTICS_AUDIT_REQUIRED_LATER
60,COVAPIE_CYS_SG_EVENT_V1:1GMY:B:CYS:29-:SG:G:AEM:C1,1GMY,AEM,true,true,true,false,true,true,true,true,true,false,false,LEAKAGE_EXISTING_GROUP_CONFLICT,false,,NOT_IN_HUMAN_REVIEW_POPULATION,false,,UNRESOLVED,,UNRESOLVED,,UNRESOLVED,false,true,false,false,false,NOT_ESTABLISHED,false,null,false,false,false,false,false,false,false,,false,false,,,FEATURE_SEMANTICS_AUDIT_REQUIRED_LATER
61,COVAPIE_CYS_SG_EVENT_V1:1GMY:C:CYS:29-:SG:J:AEM:C1,1GMY,AEM,true,true,true,false,true,true,true,true,true,false,false,LEAKAGE_EXISTING_GROUP_CONFLICT,false,,NOT_IN_HUMAN_REVIEW_POPULATION,false,,UNRESOLVED,,UNRESOLVED,,UNRESOLVED,false,true,false,false,false,NOT_ESTABLISHED,false,null,false,false,false,false,false,false,false,,false,false,,,FEATURE_SEMANTICS_AUDIT_REQUIRED_LATER
62,COVAPIE_CYS_SG_EVENT_V1:1GRH:A:CYS:58-:SG:D:EOH:C2,1GRH,EOH,true,false,false,false,false,false,false,false,false,false,false,STRUCTURAL_EVIDENCE_INCOMPLETE,false,,NOT_IN_HUMAN_REVIEW_POPULATION,false,,UNRESOLVED,,UNRESOLVED,,UNRESOLVED,false,false,false,false,false,NOT_ESTABLISHED,false,null,false,false,false,false,false,false,false,,false,false,,,FEATURE_SEMANTICS_AUDIT_REQUIRED_LATER
63,COVAPIE_CYS_SG_EVENT_V1:1GSN:A:CYS:58-:SG:D:GSH:SG2,1GSN,GSH,true,true,true,false,true,true,true,true,true,false,false,COMPLETED_HUMAN_NEGATIVE,false,COVAPIE_BULK_REVIEW_UNIT_53F40FB515D7D1DF,COMPLETED_HUMAN_NEGATIVE,true,data/derived/covalent_small/covapie_bulk_post_only_cys_sg_human_review_v1/covapie_post_only_human_review_decisions_v1.json,NOT_ESTABLISHED,data/derived/covalent_small/covapie_bulk_post_only_cys_sg_human_review_v1/covapie_post_only_human_review_decisions_v1.json,NOT_RELEVANT,data/derived/covalent_small/covapie_bulk_post_only_cys_sg_human_review_v1/covapie_post_only_human_review_decisions_v1.json,NOT_APPLICABLE,false,true,false,false,false,NOT_ESTABLISHED,false,null,false,false,false,false,false,false,false,,false,false,,,FEATURE_SEMANTICS_AUDIT_REQUIRED_LATER
64,COVAPIE_CYS_SG_EVENT_V1:1GXF:A:CYS:53-:SG:F:QUM:C26,1GXF,QUM,true,true,true,false,true,true,true,true,true,true,false,QUARANTINE_REPRESENTATION_GAP,false,,NOT_IN_HUMAN_REVIEW_POPULATION,false,,UNRESOLVED,,UNRESOLVED,,UNRESOLVED,false,true,false,false,false,NOT_ESTABLISHED,false,null,false,false,false,false,false,false,false,,false,false,,,FEATURE_SEMANTICS_AUDIT_REQUIRED_LATER
65,COVAPIE_CYS_SG_EVENT_V1:1GXF:B:CYS:53-:SG:I:QUM:C26,1GXF,QUM,true,true,true,false,true,true,true,true,true,true,false,QUARANTINE_REPRESENTATION_GAP,false,,NOT_IN_HUMAN_REVIEW_POPULATION,false,,UNRESOLVED,,UNRESOLVED,,UNRESOLVED,false,true,false,false,false,NOT_ESTABLISHED,false,null,false,false,false,false,false,false,false,,false,false,,,FEATURE_SEMANTICS_AUDIT_REQUIRED_LATER
66,COVAPIE_CYS_SG_EVENT_V1:1HVY:A:CYS:195-:SG:F:UMP:C6,1HVY,UMP,true,true,true,false,true,true,true,true,true,false,false,PUBLISHED_EXACT_AUTO_NEGATIVE,false,,NOT_IN_HUMAN_REVIEW_POPULATION,false,,NOT_ESTABLISHED,data/derived/covalent_small/covapie_bulk_cys_sg_model_usable_auto_admission_scaleup_v1/covapie_bulk_cys_sg_cumulative_1000_model_usable_census_v1.csv,NOT_RELEVANT,data/derived/covalent_small/covapie_bulk_cys_sg_model_usable_auto_admission_scaleup_v1/covapie_bulk_cys_sg_cumulative_1000_model_usable_census_v1.csv,NOT_APPLICABLE,false,true,false,false,false,NOT_ESTABLISHED,false,null,false,false,false,false,false,false,false,,false,false,,,FEATURE_SEMANTICS_AUDIT_REQUIRED_LATER
67,COVAPIE_CYS_SG_EVENT_V1:1HVY:B:CYS:195-:SG:I:UMP:C6,1HVY,UMP,true,true,true,false,true,true,true,true,true,false,false,PUBLISHED_EXACT_AUTO_NEGATIVE,false,,NOT_IN_HUMAN_REVIEW_POPULATION,false,,NOT_ESTABLISHED,data/derived/covalent_small/covapie_bulk_cys_sg_model_usable_auto_admission_scaleup_v1/covapie_bulk_cys_sg_cumulative_1000_model_usable_census_v1.csv,NOT_RELEVANT,data/derived/covalent_small/covapie_bulk_cys_sg_model_usable_auto_admission_scaleup_v1/covapie_bulk_cys_sg_cumulative_1000_model_usable_census_v1.csv,NOT_APPLICABLE,false,true,false,false,false,NOT_ESTABLISHED,false,null,false,false,false,false,false,false,false,,false,false,,,FEATURE_SEMANTICS_AUDIT_REQUIRED_LATER
68,COVAPIE_CYS_SG_EVENT_V1:1HVY:C:CYS:195-:SG:L:UMP:C6,1HVY,UMP,true,true,true,false,true,true,true,true,true,false,false,PUBLISHED_EXACT_AUTO_NEGATIVE,false,,NOT_IN_HUMAN_REVIEW_POPULATION,false,,NOT_ESTABLISHED,data/derived/covalent_small/covapie_bulk_cys_sg_model_usable_auto_admission_scaleup_v1/covapie_bulk_cys_sg_cumulative_1000_model_usable_census_v1.csv,NOT_RELEVANT,data/derived/covalent_small/covapie_bulk_cys_sg_model_usable_auto_admission_scaleup_v1/covapie_bulk_cys_sg_cumulative_1000_model_usable_census_v1.csv,NOT_APPLICABLE,false,true,false,false,false,NOT_ESTABLISHED,false,null,false,false,false,false,false,false,false,,false,false,,,FEATURE_SEMANTICS_AUDIT_REQUIRED_LATER
69,COVAPIE_CYS_SG_EVENT_V1:1HVY:D:CYS:195-:SG:O:UMP:C6,1HVY,UMP,true,true,true,false,true,true,true,true,true,false,false,PUBLISHED_EXACT_AUTO_NEGATIVE,false,,NOT_IN_HUMAN_REVIEW_POPULATION,false,,NOT_ESTABLISHED,data/derived/covalent_small/covapie_bulk_cys_sg_model_usable_auto_admission_scaleup_v1/covapie_bulk_cys_sg_cumulative_1000_model_usable_census_v1.csv,NOT_RELEVANT,data/derived/covalent_small/covapie_bulk_cys_sg_model_usable_auto_admission_scaleup_v1/covapie_bulk_cys_sg_cumulative_1000_model_usable_census_v1.csv,NOT_APPLICABLE,false,true,false,false,false,NOT_ESTABLISHED,false,null,false,false,false,false,false,false,false,,false,false,,,FEATURE_SEMANTICS_AUDIT_REQUIRED_LATER
70,COVAPIE_CYS_SG_EVENT_V1:1I5G:A:CYS:41-:SG:C:TS5:SG2,1I5G,TS5,true,false,false,false,false,false,false,false,false,false,false,STRUCTURAL_EVIDENCE_INCOMPLETE,false,,NOT_IN_HUMAN_REVIEW_POPULATION,false,,UNRESOLVED,,UNRESOLVED,,UNRESOLVED,false,false,false,false,false,NOT_ESTABLISHED,false,null,false,false,false,false,false,false,false,,false,false,,,FEATURE_SEMANTICS_AUDIT_REQUIRED_LATER
71,COVAPIE_CYS_SG_EVENT_V1:1ITO:A:CYS:29-:SG:B:E6C:C2,1ITO,E6C,true,true,true,false,true,true,true,true,true,false,false,LEAKAGE_EXISTING_GROUP_CONFLICT,false,,NOT_IN_HUMAN_REVIEW_POPULATION,false,,UNRESOLVED,,UNRESOLVED,,UNRESOLVED,false,true,false,false,false,NOT_ESTABLISHED,false,null,false,false,false,false,false,false,false,,false,false,,,FEATURE_SEMANTICS_AUDIT_REQUIRED_LATER
72,COVAPIE_CYS_SG_EVENT_V1:1JR1:A:CYS:331-:SG:D:IMP:C2,1JR1,IMP,true,true,true,false,true,true,true,true,true,false,false,CURRENTLY_UNREVIEWED,true,COVAPIE_BULK_REVIEW_UNIT_AAFC22DB88292B60,CURRENTLY_UNREVIEWED,false,data/derived/covalent_small/covapie_bulk_cys_sg_model_usable_auto_admission_scaleup_v1/covapie_bulk_cys_sg_priority_human_review_queue_v1.csv,UNRESOLVED,,UNRESOLVED,,UNRESOLVED,false,true,false,false,false,NOT_ESTABLISHED,false,null,false,false,false,false,false,false,false,,false,false,,,FEATURE_SEMANTICS_AUDIT_REQUIRED_LATER
73,COVAPIE_CYS_SG_EVENT_V1:1JTQ:A:CYS:146-:SG:C:UMP:C6,1JTQ,UMP,true,true,true,false,true,true,true,true,true,false,false,PUBLISHED_EXACT_AUTO_NEGATIVE,false,,NOT_IN_HUMAN_REVIEW_POPULATION,false,,NOT_ESTABLISHED,data/derived/covalent_small/covapie_bulk_cys_sg_model_usable_auto_admission_scaleup_v1/covapie_bulk_cys_sg_cumulative_1000_model_usable_census_v1.csv,NOT_RELEVANT,data/derived/covalent_small/covapie_bulk_cys_sg_model_usable_auto_admission_scaleup_v1/covapie_bulk_cys_sg_cumulative_1000_model_usable_census_v1.csv,NOT_APPLICABLE,false,true,false,false,false,NOT_ESTABLISHED,false,null,false,false,false,false,false,false,false,,false,false,,,FEATURE_SEMANTICS_AUDIT_REQUIRED_LATER
74,COVAPIE_CYS_SG_EVENT_V1:1JTQ:B:CYS:146-:SG:E:UMP:C6,1JTQ,UMP,true,true,true,false,true,true,true,true,true,false,false,PUBLISHED_EXACT_AUTO_NEGATIVE,false,,NOT_IN_HUMAN_REVIEW_POPULATION,false,,NOT_ESTABLISHED,data/derived/covalent_small/covapie_bulk_cys_sg_model_usable_auto_admission_scaleup_v1/covapie_bulk_cys_sg_cumulative_1000_model_usable_census_v1.csv,NOT_RELEVANT,data/derived/covalent_small/covapie_bulk_cys_sg_model_usable_auto_admission_scaleup_v1/covapie_bulk_cys_sg_cumulative_1000_model_usable_census_v1.csv,NOT_APPLICABLE,false,true,false,false,false,NOT_ESTABLISHED,false,null,false,false,false,false,false,false,false,,false,false,,,FEATURE_SEMANTICS_AUDIT_REQUIRED_LATER
75,COVAPIE_CYS_SG_EVENT_V1:1JTU:A:CYS:146-:SG:C:UMP:C6,1JTU,UMP,true,true,true,false,true,true,true,true,true,false,false,PUBLISHED_EXACT_AUTO_NEGATIVE,false,,NOT_IN_HUMAN_REVIEW_POPULATION,false,,NOT_ESTABLISHED,data/derived/covalent_small/covapie_bulk_cys_sg_model_usable_auto_admission_scaleup_v1/covapie_bulk_cys_sg_cumulative_1000_model_usable_census_v1.csv,NOT_RELEVANT,data/derived/covalent_small/covapie_bulk_cys_sg_model_usable_auto_admission_scaleup_v1/covapie_bulk_cys_sg_cumulative_1000_model_usable_census_v1.csv,NOT_APPLICABLE,false,true,false,false,false,NOT_ESTABLISHED,false,null,false,false,false,false,false,false,false,,false,false,,,FEATURE_SEMANTICS_AUDIT_REQUIRED_LATER
76,COVAPIE_CYS_SG_EVENT_V1:1JTU:B:CYS:146-:SG:E:UMP:C6,1JTU,UMP,true,true,true,false,true,true,true,true,true,false,false,PUBLISHED_EXACT_AUTO_NEGATIVE,false,,NOT_IN_HUMAN_REVIEW_POPULATION,false,,NOT_ESTABLISHED,data/derived/covalent_small/covapie_bulk_cys_sg_model_usable_auto_admission_scaleup_v1/covapie_bulk_cys_sg_cumulative_1000_model_usable_census_v1.csv,NOT_RELEVANT,data/derived/covalent_small/covapie_bulk_cys_sg_model_usable_auto_admission_scaleup_v1/covapie_bulk_cys_sg_cumulative_1000_model_usable_census_v1.csv,NOT_APPLICABLE,false,true,false,false,false,NOT_ESTABLISHED,false,null,false,false,false,false,false,false,false,,false,false,,,FEATURE_SEMANTICS_AUDIT_REQUIRED_LATER
77,COVAPIE_CYS_SG_EVENT_V1:1JU6:A:CYS:195-:SG:F:UMP:C6,1JU6,UMP,true,true,true,false,true,true,true,true,true,false,false,PUBLISHED_EXACT_AUTO_NEGATIVE,false,,NOT_IN_HUMAN_REVIEW_POPULATION,false,,NOT_ESTABLISHED,data/derived/covalent_small/covapie_bulk_cys_sg_model_usable_auto_admission_scaleup_v1/covapie_bulk_cys_sg_cumulative_1000_model_usable_census_v1.csv,NOT_RELEVANT,data/derived/covalent_small/covapie_bulk_cys_sg_model_usable_auto_admission_scaleup_v1/covapie_bulk_cys_sg_cumulative_1000_model_usable_census_v1.csv,NOT_APPLICABLE,false,true,false,false,false,NOT_ESTABLISHED,false,null,false,false,false,false,false,false,false,,false,false,,,FEATURE_SEMANTICS_AUDIT_REQUIRED_LATER
78,COVAPIE_CYS_SG_EVENT_V1:1JU6:B:CYS:195-:SG:H:UMP:C6,1JU6,UMP,true,true,true,false,true,true,true,true,true,false,false,PUBLISHED_EXACT_AUTO_NEGATIVE,false,,NOT_IN_HUMAN_REVIEW_POPULATION,false,,NOT_ESTABLISHED,data/derived/covalent_small/covapie_bulk_cys_sg_model_usable_auto_admission_scaleup_v1/covapie_bulk_cys_sg_cumulative_1000_model_usable_census_v1.csv,NOT_RELEVANT,data/derived/covalent_small/covapie_bulk_cys_sg_model_usable_auto_admission_scaleup_v1/covapie_bulk_cys_sg_cumulative_1000_model_usable_census_v1.csv,NOT_APPLICABLE,false,true,false,false,false,NOT_ESTABLISHED,false,null,false,false,false,false,false,false,false,,false,false,,,FEATURE_SEMANTICS_AUDIT_REQUIRED_LATER
79,COVAPIE_CYS_SG_EVENT_V1:1JU6:C:CYS:195-:SG:J:UMP:C6,1JU6,UMP,true,true,true,false,true,true,true,true,true,false,false,PUBLISHED_EXACT_AUTO_NEGATIVE,false,,NOT_IN_HUMAN_REVIEW_POPULATION,false,,NOT_ESTABLISHED,data/derived/covalent_small/covapie_bulk_cys_sg_model_usable_auto_admission_scaleup_v1/covapie_bulk_cys_sg_cumulative_1000_model_usable_census_v1.csv,NOT_RELEVANT,data/derived/covalent_small/covapie_bulk_cys_sg_model_usable_auto_admission_scaleup_v1/covapie_bulk_cys_sg_cumulative_1000_model_usable_census_v1.csv,NOT_APPLICABLE,false,true,false,false,false,NOT_ESTABLISHED,false,null,false,false,false,false,false,false,false,,false,false,,,FEATURE_SEMANTICS_AUDIT_REQUIRED_LATER
80,COVAPIE_CYS_SG_EVENT_V1:1JU6:D:CYS:195-:SG:L:UMP:C6,1JU6,UMP,true,true,true,false,true,true,true,true,true,false,false,PUBLISHED_EXACT_AUTO_NEGATIVE,false,,NOT_IN_HUMAN_REVIEW_POPULATION,false,,NOT_ESTABLISHED,data/derived/covalent_small/covapie_bulk_cys_sg_model_usable_auto_admission_scaleup_v1/covapie_bulk_cys_sg_cumulative_1000_model_usable_census_v1.csv,NOT_RELEVANT,data/derived/covalent_small/covapie_bulk_cys_sg_model_usable_auto_admission_scaleup_v1/covapie_bulk_cys_sg_cumulative_1000_model_usable_census_v1.csv,NOT_APPLICABLE,false,true,false,false,false,NOT_ESTABLISHED,false,null,false,false,false,false,false,false,false,,false,false,,,FEATURE_SEMANTICS_AUDIT_REQUIRED_LATER
81,COVAPIE_CYS_SG_EVENT_V1:1JUJ:A:CYS:195-:SG:E:UMP:C6,1JUJ,UMP,true,true,true,false,true,true,true,true,true,false,false,PUBLISHED_EXACT_AUTO_NEGATIVE,false,,NOT_IN_HUMAN_REVIEW_POPULATION,false,,NOT_ESTABLISHED,data/derived/covalent_small/covapie_bulk_cys_sg_model_usable_auto_admission_scaleup_v1/covapie_bulk_cys_sg_cumulative_1000_model_usable_census_v1.csv,NOT_RELEVANT,data/derived/covalent_small/covapie_bulk_cys_sg_model_usable_auto_admission_scaleup_v1/covapie_bulk_cys_sg_cumulative_1000_model_usable_census_v1.csv,NOT_APPLICABLE,false,true,false,false,false,NOT_ESTABLISHED,false,null,false,false,false,false,false,false,false,,false,false,,,FEATURE_SEMANTICS_AUDIT_REQUIRED_LATER
82,COVAPIE_CYS_SG_EVENT_V1:1JUJ:B:CYS:195-:SG:G:UMP:C6,1JUJ,UMP,true,true,true,false,true,true,true,true,true,false,false,PUBLISHED_EXACT_AUTO_NEGATIVE,false,,NOT_IN_HUMAN_REVIEW_POPULATION,false,,NOT_ESTABLISHED,data/derived/covalent_small/covapie_bulk_cys_sg_model_usable_auto_admission_scaleup_v1/covapie_bulk_cys_sg_cumulative_1000_model_usable_census_v1.csv,NOT_RELEVANT,data/derived/covalent_small/covapie_bulk_cys_sg_model_usable_auto_admission_scaleup_v1/covapie_bulk_cys_sg_cumulative_1000_model_usable_census_v1.csv,NOT_APPLICABLE,false,true,false,false,false,NOT_ESTABLISHED,false,null,false,false,false,false,false,false,false,,false,false,,,FEATURE_SEMANTICS_AUDIT_REQUIRED_LATER
83,COVAPIE_CYS_SG_EVENT_V1:1JUJ:C:CYS:195-:SG:I:UMP:C6,1JUJ,UMP,true,true,true,false,true,true,true,true,true,false,false,PUBLISHED_EXACT_AUTO_NEGATIVE,false,,NOT_IN_HUMAN_REVIEW_POPULATION,false,,NOT_ESTABLISHED,data/derived/covalent_small/covapie_bulk_cys_sg_model_usable_auto_admission_scaleup_v1/covapie_bulk_cys_sg_cumulative_1000_model_usable_census_v1.csv,NOT_RELEVANT,data/derived/covalent_small/covapie_bulk_cys_sg_model_usable_auto_admission_scaleup_v1/covapie_bulk_cys_sg_cumulative_1000_model_usable_census_v1.csv,NOT_APPLICABLE,false,true,false,false,false,NOT_ESTABLISHED,false,null,false,false,false,false,false,false,false,,false,false,,,FEATURE_SEMANTICS_AUDIT_REQUIRED_LATER
84,COVAPIE_CYS_SG_EVENT_V1:1JUJ:D:CYS:195-:SG:K:UMP:C6,1JUJ,UMP,true,true,true,false,true,true,true,true,true,false,false,PUBLISHED_EXACT_AUTO_NEGATIVE,false,,NOT_IN_HUMAN_REVIEW_POPULATION,false,,NOT_ESTABLISHED,data/derived/covalent_small/covapie_bulk_cys_sg_model_usable_auto_admission_scaleup_v1/covapie_bulk_cys_sg_cumulative_1000_model_usable_census_v1.csv,NOT_RELEVANT,data/derived/covalent_small/covapie_bulk_cys_sg_model_usable_auto_admission_scaleup_v1/covapie_bulk_cys_sg_cumulative_1000_model_usable_census_v1.csv,NOT_APPLICABLE,false,true,false,false,false,NOT_ESTABLISHED,false,null,false,false,false,false,false,false,false,,false,false,,,FEATURE_SEMANTICS_AUDIT_REQUIRED_LATER
85,COVAPIE_CYS_SG_EVENT_V1:1JUT:A:CYS:146-:SG:C:UMP:C6,1JUT,UMP,true,true,true,false,true,true,true,true,true,false,false,PUBLISHED_EXACT_AUTO_NEGATIVE,false,,NOT_IN_HUMAN_REVIEW_POPULATION,false,,NOT_ESTABLISHED,data/derived/covalent_small/covapie_bulk_cys_sg_model_usable_auto_admission_scaleup_v1/covapie_bulk_cys_sg_cumulative_1000_model_usable_census_v1.csv,NOT_RELEVANT,data/derived/covalent_small/covapie_bulk_cys_sg_model_usable_auto_admission_scaleup_v1/covapie_bulk_cys_sg_cumulative_1000_model_usable_census_v1.csv,NOT_APPLICABLE,false,true,false,false,false,NOT_ESTABLISHED,false,null,false,false,false,false,false,false,false,,false,false,,,FEATURE_SEMANTICS_AUDIT_REQUIRED_LATER
86,COVAPIE_CYS_SG_EVENT_V1:1KEQ:A:CYS:131-:SG:E:4MZ:C4,1KEQ,4MZ,true,true,true,false,true,true,true,true,true,false,false,CURRENTLY_UNREVIEWED,true,COVAPIE_BULK_REVIEW_UNIT_90EE047F15B414B4,CURRENTLY_UNREVIEWED,false,data/derived/covalent_small/covapie_bulk_cys_sg_model_usable_auto_admission_scaleup_v1/covapie_bulk_cys_sg_priority_human_review_queue_v1.csv,UNRESOLVED,,UNRESOLVED,,UNRESOLVED,false,true,false,false,false,NOT_ESTABLISHED,false,null,false,false,false,false,false,false,false,,false,false,,,FEATURE_SEMANTICS_AUDIT_REQUIRED_LATER
87,COVAPIE_CYS_SG_EVENT_V1:1KEQ:A:CYS:183-:SG:F:4MZ:C4,1KEQ,4MZ,true,true,true,false,true,true,true,true,true,true,false,QUARANTINE_REPRESENTATION_GAP,false,,NOT_IN_HUMAN_REVIEW_POPULATION,false,,UNRESOLVED,,UNRESOLVED,,UNRESOLVED,false,true,false,false,false,NOT_ESTABLISHED,false,null,false,false,false,false,false,false,false,,false,false,,,FEATURE_SEMANTICS_AUDIT_REQUIRED_LATER
88,COVAPIE_CYS_SG_EVENT_V1:1KEQ:A:CYS:188-:SG:G:4MZ:C4,1KEQ,4MZ,true,true,true,false,true,true,true,true,true,false,false,CURRENTLY_UNREVIEWED,true,COVAPIE_BULK_REVIEW_UNIT_90EE047F15B414B4,CURRENTLY_UNREVIEWED,false,data/derived/covalent_small/covapie_bulk_cys_sg_model_usable_auto_admission_scaleup_v1/covapie_bulk_cys_sg_priority_human_review_queue_v1.csv,UNRESOLVED,,UNRESOLVED,,UNRESOLVED,false,true,false,false,false,NOT_ESTABLISHED,false,null,false,false,false,false,false,false,false,,false,false,,,FEATURE_SEMANTICS_AUDIT_REQUIRED_LATER
89,COVAPIE_CYS_SG_EVENT_V1:1KEQ:B:CYS:183-:SG:K:4MZ:C4,1KEQ,4MZ,true,true,true,false,true,true,true,true,true,true,false,QUARANTINE_REPRESENTATION_GAP,false,,NOT_IN_HUMAN_REVIEW_POPULATION,false,,UNRESOLVED,,UNRESOLVED,,UNRESOLVED,false,true,false,false,false,NOT_ESTABLISHED,false,null,false,false,false,false,false,false,false,,false,false,,,FEATURE_SEMANTICS_AUDIT_REQUIRED_LATER
90,COVAPIE_CYS_SG_EVENT_V1:1KEQ:B:CYS:188-:SG:L:4MZ:C4,1KEQ,4MZ,true,true,true,false,true,true,true,true,true,false,false,CURRENTLY_UNREVIEWED,true,COVAPIE_BULK_REVIEW_UNIT_90EE047F15B414B4,CURRENTLY_UNREVIEWED,false,data/derived/covalent_small/covapie_bulk_cys_sg_model_usable_auto_admission_scaleup_v1/covapie_bulk_cys_sg_priority_human_review_queue_v1.csv,UNRESOLVED,,UNRESOLVED,,UNRESOLVED,false,true,false,false,false,NOT_ESTABLISHED,false,null,false,false,false,false,false,false,false,,false,false,,,FEATURE_SEMANTICS_AUDIT_REQUIRED_LATER
91,COVAPIE_CYS_SG_EVENT_V1:1KOU:A:CYS:69-:SG:B:DHC:C1,1KOU,DHC,true,false,false,false,false,false,false,false,false,false,false,STRUCTURAL_EVIDENCE_INCOMPLETE,false,,NOT_IN_HUMAN_REVIEW_POPULATION,false,,UNRESOLVED,,UNRESOLVED,,UNRESOLVED,false,false,false,false,false,NOT_ESTABLISHED,false,null,false,false,false,false,false,false,false,,false,false,,,FEATURE_SEMANTICS_AUDIT_REQUIRED_LATER
92,COVAPIE_CYS_SG_EVENT_V1:1KWO:A:CYS:693-:SG:F:PDM:CP9,1KWO,PDM,true,true,true,false,true,true,true,true,true,false,false,CURRENTLY_UNREVIEWED,true,COVAPIE_BULK_REVIEW_UNIT_29BE63EC8EF2392B,CURRENTLY_UNREVIEWED,false,data/derived/covalent_small/covapie_bulk_cys_sg_model_usable_auto_admission_scaleup_v1/covapie_bulk_cys_sg_priority_human_review_queue_v1.csv,UNRESOLVED,,UNRESOLVED,,UNRESOLVED,false,true,false,false,false,NOT_ESTABLISHED,false,null,false,false,false,false,false,false,false,,false,false,,,FEATURE_SEMANTICS_AUDIT_REQUIRED_LATER
93,COVAPIE_CYS_SG_EVENT_V1:1KZI:A:CYS:146-:SG:F:UMP:C6,1KZI,UMP,true,true,true,false,true,true,true,true,true,false,false,PUBLISHED_EXACT_AUTO_NEGATIVE,false,,NOT_IN_HUMAN_REVIEW_POPULATION,false,,NOT_ESTABLISHED,data/derived/covalent_small/covapie_bulk_cys_sg_model_usable_auto_admission_scaleup_v1/covapie_bulk_cys_sg_cumulative_1000_model_usable_census_v1.csv,NOT_RELEVANT,data/derived/covalent_small/covapie_bulk_cys_sg_model_usable_auto_admission_scaleup_v1/covapie_bulk_cys_sg_cumulative_1000_model_usable_census_v1.csv,NOT_APPLICABLE,false,true,false,false,false,NOT_ESTABLISHED,false,null,false,false,false,false,false,false,false,,false,false,,,FEATURE_SEMANTICS_AUDIT_REQUIRED_LATER
94,COVAPIE_CYS_SG_EVENT_V1:1KZI:A:CYS:192-:SG:H:DTU:S4,1KZI,DTU,true,true,true,false,true,true,true,true,true,false,false,CURRENTLY_UNREVIEWED,true,COVAPIE_BULK_REVIEW_UNIT_024EEB356034F83D,CURRENTLY_UNREVIEWED,false,data/derived/covalent_small/covapie_bulk_cys_sg_model_usable_auto_admission_scaleup_v1/covapie_bulk_cys_sg_priority_human_review_queue_v1.csv,UNRESOLVED,,UNRESOLVED,,UNRESOLVED,false,true,false,false,false,NOT_ESTABLISHED,false,null,false,false,false,false,false,false,false,,false,false,,,FEATURE_SEMANTICS_AUDIT_REQUIRED_LATER
95,COVAPIE_CYS_SG_EVENT_V1:1KZI:B:CYS:146-:SG:J:UMP:C6,1KZI,UMP,true,true,true,false,true,true,true,true,true,false,false,PUBLISHED_EXACT_AUTO_NEGATIVE,false,,NOT_IN_HUMAN_REVIEW_POPULATION,false,,NOT_ESTABLISHED,data/derived/covalent_small/covapie_bulk_cys_sg_model_usable_auto_admission_scaleup_v1/covapie_bulk_cys_sg_cumulative_1000_model_usable_census_v1.csv,NOT_RELEVANT,data/derived/covalent_small/covapie_bulk_cys_sg_model_usable_auto_admission_scaleup_v1/covapie_bulk_cys_sg_cumulative_1000_model_usable_census_v1.csv,NOT_APPLICABLE,false,true,false,false,false,NOT_ESTABLISHED,false,null,false,false,false,false,false,false,false,,false,false,,,FEATURE_SEMANTICS_AUDIT_REQUIRED_LATER
96,COVAPIE_CYS_SG_EVENT_V1:1KZJ:A:CYS:146-:SG:G:UMP:C6,1KZJ,UMP,true,true,true,false,true,true,true,true,true,false,false,PUBLISHED_EXACT_AUTO_NEGATIVE,false,,NOT_IN_HUMAN_REVIEW_POPULATION,false,,NOT_ESTABLISHED,data/derived/covalent_small/covapie_bulk_cys_sg_model_usable_auto_admission_scaleup_v1/covapie_bulk_cys_sg_cumulative_1000_model_usable_census_v1.csv,NOT_RELEVANT,data/derived/covalent_small/covapie_bulk_cys_sg_model_usable_auto_admission_scaleup_v1/covapie_bulk_cys_sg_cumulative_1000_model_usable_census_v1.csv,NOT_APPLICABLE,false,true,false,false,false,NOT_ESTABLISHED,false,null,false,false,false,false,false,false,false,,false,false,,,FEATURE_SEMANTICS_AUDIT_REQUIRED_LATER
97,COVAPIE_CYS_SG_EVENT_V1:1KZJ:B:CYS:146-:SG:I:UMP:C6,1KZJ,UMP,true,true,true,false,true,true,true,true,true,false,false,PUBLISHED_EXACT_AUTO_NEGATIVE,false,,NOT_IN_HUMAN_REVIEW_POPULATION,false,,NOT_ESTABLISHED,data/derived/covalent_small/covapie_bulk_cys_sg_model_usable_auto_admission_scaleup_v1/covapie_bulk_cys_sg_cumulative_1000_model_usable_census_v1.csv,NOT_RELEVANT,data/derived/covalent_small/covapie_bulk_cys_sg_model_usable_auto_admission_scaleup_v1/covapie_bulk_cys_sg_cumulative_1000_model_usable_census_v1.csv,NOT_APPLICABLE,false,true,false,false,false,NOT_ESTABLISHED,false,null,false,false,false,false,false,false,false,,false,false,,,FEATURE_SEMANTICS_AUDIT_REQUIRED_LATER
98,COVAPIE_CYS_SG_EVENT_V1:1KZJ:C:CYS:146-:SG:K:UMP:C6,1KZJ,UMP,true,true,true,false,true,true,true,true,true,false,false,PUBLISHED_EXACT_AUTO_NEGATIVE,false,,NOT_IN_HUMAN_REVIEW_POPULATION,false,,NOT_ESTABLISHED,data/derived/covalent_small/covapie_bulk_cys_sg_model_usable_auto_admission_scaleup_v1/covapie_bulk_cys_sg_cumulative_1000_model_usable_census_v1.csv,NOT_RELEVANT,data/derived/covalent_small/covapie_bulk_cys_sg_model_usable_auto_admission_scaleup_v1/covapie_bulk_cys_sg_cumulative_1000_model_usable_census_v1.csv,NOT_APPLICABLE,false,true,false,false,false,NOT_ESTABLISHED,false,null,false,false,false,false,false,false,false,,false,false,,,FEATURE_SEMANTICS_AUDIT_REQUIRED_LATER
99,COVAPIE_CYS_SG_EVENT_V1:1KZJ:F:CYS:146-:SG:Q:UMP:C6,1KZJ,UMP,true,true,true,false,true,true,true,true,true,false,false,PUBLISHED_EXACT_AUTO_NEGATIVE,false,,NOT_IN_HUMAN_REVIEW_POPULATION,false,,NOT_ESTABLISHED,data/derived/covalent_small/covapie_bulk_cys_sg_model_usable_auto_admission_scaleup_v1/covapie_bulk_cys_sg_cumulative_1000_model_usable_census_v1.csv,NOT_RELEVANT,data/derived/covalent_small/covapie_bulk_cys_sg_model_usable_auto_admission_scaleup_v1/covapie_bulk_cys_sg_cumulative_1000_model_usable_census_v1.csv,NOT_APPLICABLE,false,true,false,false,false,NOT_ESTABLISHED,false,null,false,false,false,false,false,false,false,,false,false,,,FEATURE_SEMANTICS_AUDIT_REQUIRED_LATER
100,COVAPIE_CYS_SG_EVENT_V1:1LXY:A:CYS:398-:SG:C:CIR:C7,1LXY,CIR,true,true,true,false,true,true,true,true,true,false,false,CURRENTLY_UNREVIEWED,true,COVAPIE_BULK_REVIEW_UNIT_47AC17EBC8C3AFD6,CURRENTLY_UNREVIEWED,false,data/derived/covalent_small/covapie_bulk_cys_sg_model_usable_auto_admission_scaleup_v1/covapie_bulk_cys_sg_priority_human_review_queue_v1.csv,UNRESOLVED,,UNRESOLVED,,UNRESOLVED,false,true,false,false,false,NOT_ESTABLISHED,false,null,false,false,false,false,false,false,false,,false,false,,,FEATURE_SEMANTICS_AUDIT_REQUIRED_LATER
101,COVAPIE_CYS_SG_EVENT_V1:1LXY:B:CYS:398-:SG:E:CIR:C7,1LXY,CIR,true,true,true,false,true,true,true,true,true,false,false,CURRENTLY_UNREVIEWED,true,COVAPIE_BULK_REVIEW_UNIT_47AC17EBC8C3AFD6,CURRENTLY_UNREVIEWED,false,data/derived/covalent_small/covapie_bulk_cys_sg_model_usable_auto_admission_scaleup_v1/covapie_bulk_cys_sg_priority_human_review_queue_v1.csv,UNRESOLVED,,UNRESOLVED,,UNRESOLVED,false,true,false,false,false,NOT_ESTABLISHED,false,null,false,false,false,false,false,false,false,,false,false,,,FEATURE_SEMANTICS_AUDIT_REQUIRED_LATER
102,COVAPIE_CYS_SG_EVENT_V1:1M4A:A:CYS:31-:SG:B:MPE:S1,1M4A,MPE,true,false,false,false,false,false,false,false,false,false,false,STRUCTURAL_EVIDENCE_INCOMPLETE,false,,NOT_IN_HUMAN_REVIEW_POPULATION,false,,UNRESOLVED,,UNRESOLVED,,UNRESOLVED,false,false,false,false,false,NOT_ESTABLISHED,false,null,false,false,false,false,false,false,false,,false,false,,,FEATURE_SEMANTICS_AUDIT_REQUIRED_LATER
103,COVAPIE_CYS_SG_EVENT_V1:1M4B:A:CYS:43-:SG:B:NMP:S27,1M4B,NMP,true,true,true,false,true,true,true,true,true,false,false,LEAKAGE_EXISTING_GROUP_CONFLICT,false,,NOT_IN_HUMAN_REVIEW_POPULATION,false,,UNRESOLVED,,UNRESOLVED,,UNRESOLVED,false,true,false,false,false,NOT_ESTABLISHED,false,null,false,false,false,false,false,false,false,,false,false,,,FEATURE_SEMANTICS_AUDIT_REQUIRED_LATER
104,COVAPIE_CYS_SG_EVENT_V1:1MEG:A:CYS:25-:SG:B:E64:C2,1MEG,E64,true,true,true,false,true,true,true,true,true,false,false,LEAKAGE_EXISTING_GROUP_CONFLICT,false,,NOT_IN_HUMAN_REVIEW_POPULATION,false,,UNRESOLVED,,UNRESOLVED,,UNRESOLVED,false,true,false,false,false,NOT_ESTABLISHED,false,null,false,false,false,false,false,false,false,,false,false,,,FEATURE_SEMANTICS_AUDIT_REQUIRED_LATER
105,COVAPIE_CYS_SG_EVENT_V1:1MEM:A:CYS:25-:SG:B:0D6:C21,1MEM,0D6,true,true,true,false,true,true,true,true,true,false,false,LEAKAGE_EXISTING_GROUP_CONFLICT,false,,NOT_IN_HUMAN_REVIEW_POPULATION,false,,UNRESOLVED,,UNRESOLVED,,UNRESOLVED,false,true,false,false,false,NOT_ESTABLISHED,false,null,false,false,false,false,false,false,false,,false,false,,,FEATURE_SEMANTICS_AUDIT_REQUIRED_LATER
106,COVAPIE_CYS_SG_EVENT_V1:1ML3:B:CYS:166-:SG:F:CYX:C1,1ML3,CYX,true,true,true,false,true,true,true,true,true,false,false,CURRENTLY_UNREVIEWED,true,COVAPIE_BULK_REVIEW_UNIT_F405B411FF44DFF3,CURRENTLY_UNREVIEWED,false,data/derived/covalent_small/covapie_bulk_cys_sg_model_usable_auto_admission_scaleup_v1/covapie_bulk_cys_sg_priority_human_review_queue_v1.csv,UNRESOLVED,,UNRESOLVED,,UNRESOLVED,false,true,false,false,false,NOT_ESTABLISHED,false,null,false,false,false,false,false,false,false,,false,false,,,FEATURE_SEMANTICS_AUDIT_REQUIRED_LATER
107,COVAPIE_CYS_SG_EVENT_V1:1ML3:C:CYS:166-:SG:H:CYX:C1,1ML3,CYX,true,true,true,false,true,true,true,true,true,false,false,CURRENTLY_UNREVIEWED,true,COVAPIE_BULK_REVIEW_UNIT_F405B411FF44DFF3,CURRENTLY_UNREVIEWED,false,data/derived/covalent_small/covapie_bulk_cys_sg_model_usable_auto_admission_scaleup_v1/covapie_bulk_cys_sg_priority_human_review_queue_v1.csv,UNRESOLVED,,UNRESOLVED,,UNRESOLVED,false,true,false,false,false,NOT_ESTABLISHED,false,null,false,false,false,false,false,false,false,,false,false,,,FEATURE_SEMANTICS_AUDIT_REQUIRED_LATER
108,COVAPIE_CYS_SG_EVENT_V1:1ML3:D:CYS:166-:SG:J:CYX:C1,1ML3,CYX,true,true,true,false,true,true,true,true,true,false,false,CURRENTLY_UNREVIEWED,true,COVAPIE_BULK_REVIEW_UNIT_F405B411FF44DFF3,CURRENTLY_UNREVIEWED,false,data/derived/covalent_small/covapie_bulk_cys_sg_model_usable_auto_admission_scaleup_v1/covapie_bulk_cys_sg_priority_human_review_queue_v1.csv,UNRESOLVED,,UNRESOLVED,,UNRESOLVED,false,true,false,false,false,NOT_ESTABLISHED,false,null,false,false,false,false,false,false,false,,false,false,,,FEATURE_SEMANTICS_AUDIT_REQUIRED_LATER
109,COVAPIE_CYS_SG_EVENT_V1:1MS6:A:CYS:25-:SG:B:BLN:C',1MS6,BLN,true,true,true,false,true,true,true,true,true,false,false,LEAKAGE_EXISTING_GROUP_CONFLICT,false,,NOT_IN_HUMAN_REVIEW_POPULATION,false,,UNRESOLVED,,UNRESOLVED,,UNRESOLVED,false,true,false,false,false,NOT_ESTABLISHED,false,null,false,false,false,false,false,false,false,,false,false,,,FEATURE_SEMANTICS_AUDIT_REQUIRED_LATER
110,COVAPIE_CYS_SG_EVENT_V1:1NBP:A:CYS:31-:SG:C:MHC:S1,1NBP,MHC,true,true,true,false,true,true,true,true,true,false,false,CURRENTLY_UNREVIEWED,true,COVAPIE_BULK_REVIEW_UNIT_6F93A0730570186F,CURRENTLY_UNREVIEWED,false,data/derived/covalent_small/covapie_bulk_cys_sg_model_usable_auto_admission_scaleup_v1/covapie_bulk_cys_sg_priority_human_review_queue_v1.csv,UNRESOLVED,,UNRESOLVED,,UNRESOLVED,false,true,false,false,false,NOT_ESTABLISHED,false,null,false,false,false,false,false,false,false,,false,false,,,FEATURE_SEMANTICS_AUDIT_REQUIRED_LATER
111,COVAPIE_CYS_SG_EVENT_V1:1NFZ:A:CYS:67-:SG:E:EIP:C12,1NFZ,EIP,true,true,true,false,true,true,true,true,true,false,false,CURRENT_RUNTIME_MODEL_USABLE,false,COVAPIE_BULK_REVIEW_UNIT_07BD3B72031BD7CC,COMPLETED_HUMAN_POSITIVE,true,data/derived/covalent_small/covapie_bulk_post_only_cys_sg_human_review_v1/covapie_post_only_human_review_decisions_v1.json,POSITIVE,data/derived/covalent_small/covapie_existing_positive_runtime_and_split_closure_v1/covapie_current_runtime_model_usable_positive_index_v1.csv,RELEVANT,data/derived/covalent_small/covapie_existing_positive_runtime_and_split_closure_v1/covapie_current_runtime_model_usable_positive_index_v1.csv,INCLUDE,false,true,true,true,true,STRICT_LINKER_PRESENT_V1,true,"[0,1,2,3,4]",true,true,false,false,true,false,true,test,false,true,,data/derived/covalent_small/covapie_existing_positive_runtime_and_split_closure_v1/covapie_current_runtime_model_usable_positive_index_v1.csv,FEATURE_SEMANTICS_AUDIT_REQUIRED_LATER
112,COVAPIE_CYS_SG_EVENT_V1:1NFZ:B:CYS:67-:SG:H:EIP:C12,1NFZ,EIP,true,true,true,false,true,true,true,true,true,false,false,CURRENT_RUNTIME_MODEL_USABLE,false,COVAPIE_BULK_REVIEW_UNIT_07BD3B72031BD7CC,COMPLETED_HUMAN_POSITIVE,true,data/derived/covalent_small/covapie_bulk_post_only_cys_sg_human_review_v1/covapie_post_only_human_review_decisions_v1.json,POSITIVE,data/derived/covalent_small/covapie_existing_positive_runtime_and_split_closure_v1/covapie_current_runtime_model_usable_positive_index_v1.csv,RELEVANT,data/derived/covalent_small/covapie_existing_positive_runtime_and_split_closure_v1/covapie_current_runtime_model_usable_positive_index_v1.csv,INCLUDE,false,true,true,true,true,STRICT_LINKER_PRESENT_V1,true,"[0,1,2,3,4]",true,true,false,false,true,false,true,test,false,true,,data/derived/covalent_small/covapie_existing_positive_runtime_and_split_closure_v1/covapie_current_runtime_model_usable_positive_index_v1.csv,FEATURE_SEMANTICS_AUDIT_REQUIRED_LATER
113,COVAPIE_CYS_SG_EVENT_V1:1NL6:A:CYS:25-:SG:C:750:C31,1NL6,750,true,true,true,false,true,true,true,true,true,false,false,LEAKAGE_EXISTING_GROUP_CONFLICT,false,,NOT_IN_HUMAN_REVIEW_POPULATION,false,,UNRESOLVED,,UNRESOLVED,,UNRESOLVED,false,true,false,false,false,NOT_ESTABLISHED,false,null,false,false,false,false,false,false,false,,false,false,,,FEATURE_SEMANTICS_AUDIT_REQUIRED_LATER
114,COVAPIE_CYS_SG_EVENT_V1:1NL6:B:CYS:25-:SG:D:750:C31,1NL6,750,true,true,true,false,true,true,true,true,true,false,false,LEAKAGE_EXISTING_GROUP_CONFLICT,false,,NOT_IN_HUMAN_REVIEW_POPULATION,false,,UNRESOLVED,,UNRESOLVED,,UNRESOLVED,false,true,false,false,false,NOT_ESTABLISHED,false,null,false,false,false,false,false,false,false,,false,false,,,FEATURE_SEMANTICS_AUDIT_REQUIRED_LATER
115,COVAPIE_CYS_SG_EVENT_V1:1NLJ:A:CYS:25-:SG:C:2CA:C07,1NLJ,2CA,true,true,true,false,true,true,true,true,true,false,false,LEAKAGE_EXISTING_GROUP_CONFLICT,false,,NOT_IN_HUMAN_REVIEW_POPULATION,false,,UNRESOLVED,,UNRESOLVED,,UNRESOLVED,false,true,false,false,false,NOT_ESTABLISHED,false,null,false,false,false,false,false,false,false,,false,false,,,FEATURE_SEMANTICS_AUDIT_REQUIRED_LATER
116,COVAPIE_CYS_SG_EVENT_V1:1NLJ:B:CYS:25-:SG:D:2CA:C07,1NLJ,2CA,true,true,true,false,true,true,true,true,true,false,false,LEAKAGE_EXISTING_GROUP_CONFLICT,false,,NOT_IN_HUMAN_REVIEW_POPULATION,false,,UNRESOLVED,,UNRESOLVED,,UNRESOLVED,false,true,false,false,false,NOT_ESTABLISHED,false,null,false,false,false,false,false,false,false,,false,false,,,FEATURE_SEMANTICS_AUDIT_REQUIRED_LATER
117,COVAPIE_CYS_SG_EVENT_V1:1NME:A:CYS:163-:SG:C:158:C1,1NME,158,true,false,false,false,false,false,false,false,false,false,false,STRUCTURAL_EVIDENCE_INCOMPLETE,false,,NOT_IN_HUMAN_REVIEW_POPULATION,false,,UNRESOLVED,,UNRESOLVED,,UNRESOLVED,false,false,false,false,false,NOT_ESTABLISHED,false,null,false,false,false,false,false,false,false,,false,false,,,FEATURE_SEMANTICS_AUDIT_REQUIRED_LATER
118,COVAPIE_CYS_SG_EVENT_V1:1NMQ:A:CYS:163-:SG:C:160:C1,1NMQ,160,true,true,true,false,true,true,true,true,true,false,false,LEAKAGE_EXISTING_GROUP_CONFLICT,false,,NOT_IN_HUMAN_REVIEW_POPULATION,false,,UNRESOLVED,,UNRESOLVED,,UNRESOLVED,false,true,false,false,false,NOT_ESTABLISHED,false,null,false,false,false,false,false,false,false,,false,false,,,FEATURE_SEMANTICS_AUDIT_REQUIRED_LATER
119,COVAPIE_CYS_SG_EVENT_V1:1NMQ:B:CYS:163-:SG:D:160:C1,1NMQ,160,true,true,true,false,true,true,true,true,true,false,false,LEAKAGE_EXISTING_GROUP_CONFLICT,false,,NOT_IN_HUMAN_REVIEW_POPULATION,false,,UNRESOLVED,,UNRESOLVED,,UNRESOLVED,false,true,false,false,false,NOT_ESTABLISHED,false,null,false,false,false,false,false,false,false,,false,false,,,FEATURE_SEMANTICS_AUDIT_REQUIRED_LATER
120,COVAPIE_CYS_SG_EVENT_V1:1NMS:A:CYS:163-:SG:C:161:C1,1NMS,161,true,true,true,false,true,true,true,true,true,false,false,LEAKAGE_EXISTING_GROUP_CONFLICT,false,,NOT_IN_HUMAN_REVIEW_POPULATION,false,,UNRESOLVED,,UNRESOLVED,,UNRESOLVED,false,true,false,false,false,NOT_ESTABLISHED,false,null,false,false,false,false,false,false,false,,false,false,,,FEATURE_SEMANTICS_AUDIT_REQUIRED_LATER
121,COVAPIE_CYS_SG_EVENT_V1:1NMS:B:CYS:163-:SG:D:161:C1,1NMS,161,true,true,true,false,true,true,true,true,true,false,false,LEAKAGE_EXISTING_GROUP_CONFLICT,false,,NOT_IN_HUMAN_REVIEW_POPULATION,false,,UNRESOLVED,,UNRESOLVED,,UNRESOLVED,false,true,false,false,false,NOT_ESTABLISHED,false,null,false,false,false,false,false,false,false,,false,false,,,FEATURE_SEMANTICS_AUDIT_REQUIRED_LATER
122,COVAPIE_CYS_SG_EVENT_V1:1NPZ:A:CYS:25-:SG:C:C1P:C18,1NPZ,C1P,true,true,true,false,true,true,true,true,true,false,false,LEAKAGE_EXISTING_GROUP_CONFLICT,false,,NOT_IN_HUMAN_REVIEW_POPULATION,false,,UNRESOLVED,,UNRESOLVED,,UNRESOLVED,false,true,false,false,false,NOT_ESTABLISHED,false,null,false,false,false,false,false,false,false,,false,false,,,FEATURE_SEMANTICS_AUDIT_REQUIRED_LATER
123,COVAPIE_CYS_SG_EVENT_V1:1NPZ:B:CYS:275-:SG:D:C1P:C18,1NPZ,C1P,true,true,true,false,true,true,true,true,true,false,false,LEAKAGE_EXISTING_GROUP_CONFLICT,false,,NOT_IN_HUMAN_REVIEW_POPULATION,false,,UNRESOLVED,,UNRESOLVED,,UNRESOLVED,false,true,false,false,false,NOT_ESTABLISHED,false,null,false,false,false,false,false,false,false,,false,false,,,FEATURE_SEMANTICS_AUDIT_REQUIRED_LATER
124,COVAPIE_CYS_SG_EVENT_V1:1NQC:A:CYS:25-:SG:B:C4P:C56,1NQC,C4P,true,true,true,false,true,true,true,true,true,false,false,LEAKAGE_EXISTING_GROUP_CONFLICT,false,,NOT_IN_HUMAN_REVIEW_POPULATION,false,,UNRESOLVED,,UNRESOLVED,,UNRESOLVED,false,true,false,false,false,NOT_ESTABLISHED,false,null,false,false,false,false,false,false,false,,false,false,,,FEATURE_SEMANTICS_AUDIT_REQUIRED_LATER
125,COVAPIE_CYS_SG_EVENT_V1:1NWE:A:CYS:47-:SG:B:FG1:C2,1NWE,FG1,true,false,false,false,false,false,false,false,false,false,false,STRUCTURAL_EVIDENCE_INCOMPLETE,false,,NOT_IN_HUMAN_REVIEW_POPULATION,false,,UNRESOLVED,,UNRESOLVED,,UNRESOLVED,false,false,false,false,false,NOT_ESTABLISHED,false,null,false,false,false,false,false,false,false,,false,false,,,FEATURE_SEMANTICS_AUDIT_REQUIRED_LATER
126,COVAPIE_CYS_SG_EVENT_V1:1O41:A:CYS:44-:SG:B:300:C10,1O41,300,true,false,false,false,false,false,false,false,false,false,false,STRUCTURAL_EVIDENCE_INCOMPLETE,false,,NOT_IN_HUMAN_REVIEW_POPULATION,false,,UNRESOLVED,,UNRESOLVED,,UNRESOLVED,false,false,false,false,false,NOT_ESTABLISHED,false,null,false,false,false,false,false,false,false,,false,false,,,FEATURE_SEMANTICS_AUDIT_REQUIRED_LATER
127,COVAPIE_CYS_SG_EVENT_V1:1O43:A:CYS:44-:SG:B:821:C71,1O43,821,true,false,false,false,false,false,false,false,false,false,false,STRUCTURAL_EVIDENCE_INCOMPLETE,false,,NOT_IN_HUMAN_REVIEW_POPULATION,false,,UNRESOLVED,,UNRESOLVED,,UNRESOLVED,false,false,false,false,false,NOT_ESTABLISHED,false,null,false,false,false,false,false,false,false,,false,false,,,FEATURE_SEMANTICS_AUDIT_REQUIRED_LATER
128,COVAPIE_CYS_SG_EVENT_V1:1O45:A:CYS:44-:SG:B:687:C75,1O45,687,true,false,false,false,false,false,false,false,false,false,false,STRUCTURAL_EVIDENCE_INCOMPLETE,false,,NOT_IN_HUMAN_REVIEW_POPULATION,false,,UNRESOLVED,,UNRESOLVED,,UNRESOLVED,false,false,false,false,false,NOT_ESTABLISHED,false,null,false,false,false,false,false,false,false,,false,false,,,FEATURE_SEMANTICS_AUDIT_REQUIRED_LATER
129,COVAPIE_CYS_SG_EVENT_V1:1O4A:A:CYS:44-:SG:B:197:C71,1O4A,197,true,false,false,false,false,false,false,false,false,false,false,STRUCTURAL_EVIDENCE_INCOMPLETE,false,,NOT_IN_HUMAN_REVIEW_POPULATION,false,,UNRESOLVED,,UNRESOLVED,,UNRESOLVED,false,false,false,false,false,NOT_ESTABLISHED,false,null,false,false,false,false,false,false,false,,false,false,,,FEATURE_SEMANTICS_AUDIT_REQUIRED_LATER
130,COVAPIE_CYS_SG_EVENT_V1:1O4D:A:CYS:44-:SG:B:262:C7,1O4D,262,true,false,false,false,false,false,false,false,false,false,false,STRUCTURAL_EVIDENCE_INCOMPLETE,false,,NOT_IN_HUMAN_REVIEW_POPULATION,false,,UNRESOLVED,,UNRESOLVED,,UNRESOLVED,false,false,false,false,false,NOT_ESTABLISHED,false,null,false,false,false,false,false,false,false,,false,false,,,FEATURE_SEMANTICS_AUDIT_REQUIRED_LATER
131,COVAPIE_CYS_SG_EVENT_V1:1O4E:A:CYS:44-:SG:B:299:C11,1O4E,299,true,false,false,false,false,false,false,false,false,false,false,STRUCTURAL_EVIDENCE_INCOMPLETE,false,,NOT_IN_HUMAN_REVIEW_POPULATION,false,,UNRESOLVED,,UNRESOLVED,,UNRESOLVED,false,false,false,false,false,NOT_ESTABLISHED,false,null,false,false,false,false,false,false,false,,false,false,,,FEATURE_SEMANTICS_AUDIT_REQUIRED_LATER
132,COVAPIE_CYS_SG_EVENT_V1:1O4I:A:CYS:44-:SG:B:219:C7,1O4I,219,true,false,false,false,false,false,false,false,false,false,false,STRUCTURAL_EVIDENCE_INCOMPLETE,false,,NOT_IN_HUMAN_REVIEW_POPULATION,false,,UNRESOLVED,,UNRESOLVED,,UNRESOLVED,false,false,false,false,false,NOT_ESTABLISHED,false,null,false,false,false,false,false,false,false,,false,false,,,FEATURE_SEMANTICS_AUDIT_REQUIRED_LATER
133,COVAPIE_CYS_SG_EVENT_V1:1O4K:A:CYS:44-:SG:B:PSN:C7,1O4K,PSN,true,false,false,false,false,false,false,false,false,false,false,STRUCTURAL_EVIDENCE_INCOMPLETE,false,,NOT_IN_HUMAN_REVIEW_POPULATION,false,,UNRESOLVED,,UNRESOLVED,,UNRESOLVED,false,false,false,false,false,NOT_ESTABLISHED,false,null,false,false,false,false,false,false,false,,false,false,,,FEATURE_SEMANTICS_AUDIT_REQUIRED_LATER
134,COVAPIE_CYS_SG_EVENT_V1:1OFE:A:CYS:1-:SG:F:ONL:CE,1OFE,ONL,true,true,true,false,true,true,true,true,true,false,false,COMPLETED_HUMAN_POSITIVE,true,COVAPIE_BULK_REVIEW_UNIT_FC5A3060FADCBA74,COMPLETED_HUMAN_POSITIVE,true,covapie-state/manual-review-aids/cumulative1000-high-yield-calibration-v1/ONL_COVAPIE_BULK_REVIEW_UNIT_FC5A3060FADCBA74/formal-human-decision-v1/onl_formal_human_decision_v1.json,POSITIVE,data/derived/covalent_small/covapie_onl_completed_decision_ingestion_and_task_label_availability_v1/covapie_onl_event_task_label_availability_v1.csv,RELEVANT,data/derived/covalent_small/covapie_onl_completed_decision_ingestion_and_task_label_availability_v1/covapie_onl_event_task_label_availability_v1.csv,EXCLUDE_FROM_TRAINING_ONLY,true,true,true,false,true,DIRECT_ATTACHMENT_OPTIONAL_LINKER_V1,true,"[0,3,4]",false,false,false,false,false,false,false,,false,false,false,data/derived/covalent_small/covapie_onl_completed_decision_ingestion_and_task_label_availability_v1/covapie_onl_event_task_label_availability_v1.csv,FEATURE_SEMANTICS_AUDIT_REQUIRED_LATER
135,COVAPIE_CYS_SG_EVENT_V1:1PE6:A:CYS:25-:SG:B:E6C:C2,1PE6,E6C,true,true,true,false,true,true,true,true,true,false,false,LEAKAGE_EXISTING_GROUP_CONFLICT,false,,NOT_IN_HUMAN_REVIEW_POPULATION,false,,UNRESOLVED,,UNRESOLVED,,UNRESOLVED,false,true,false,false,false,NOT_ESTABLISHED,false,null,false,false,false,false,false,false,false,,false,false,,,FEATURE_SEMANTICS_AUDIT_REQUIRED_LATER
136,COVAPIE_CYS_SG_EVENT_V1:1PPP:A:CYS:25-:SG:B:E6C:C2,1PPP,E6C,true,true,true,false,true,true,true,true,true,false,false,LEAKAGE_EXISTING_GROUP_CONFLICT,false,,NOT_IN_HUMAN_REVIEW_POPULATION,false,,UNRESOLVED,,UNRESOLVED,,UNRESOLVED,false,true,false,false,false,NOT_ESTABLISHED,false,null,false,false,false,false,false,false,false,,false,false,,,FEATURE_SEMANTICS_AUDIT_REQUIRED_LATER
137,COVAPIE_CYS_SG_EVENT_V1:1PPV:B:CYS:67-:SG:H:BHI:C10,1PPV,BHI,true,true,true,false,true,true,true,true,true,true,false,QUARANTINE_REPRESENTATION_GAP,false,,NOT_IN_HUMAN_REVIEW_POPULATION,false,,UNRESOLVED,,UNRESOLVED,,UNRESOLVED,false,true,false,false,false,NOT_ESTABLISHED,false,null,false,false,false,false,false,false,false,,false,false,,,FEATURE_SEMANTICS_AUDIT_REQUIRED_LATER
138,COVAPIE_CYS_SG_EVENT_V1:1PY0:A:CYS:51-:SG:E:YMA:S1,1PY0,YMA,true,true,true,false,true,true,true,true,true,false,false,COMPLETED_HUMAN_NEGATIVE,false,COVAPIE_BULK_REVIEW_UNIT_5FFACB7F4984AD92,COMPLETED_HUMAN_NEGATIVE,true,data/derived/covalent_small/covapie_bulk_post_only_cys_sg_human_review_v1/covapie_post_only_human_review_decisions_v1.json,NOT_ESTABLISHED,data/derived/covalent_small/covapie_bulk_post_only_cys_sg_human_review_v1/covapie_post_only_human_review_decisions_v1.json,NOT_RELEVANT,data/derived/covalent_small/covapie_bulk_post_only_cys_sg_human_review_v1/covapie_post_only_human_review_decisions_v1.json,NOT_APPLICABLE,false,true,false,false,false,NOT_ESTABLISHED,false,null,false,false,false,false,false,false,false,,false,false,,,FEATURE_SEMANTICS_AUDIT_REQUIRED_LATER
139,COVAPIE_CYS_SG_EVENT_V1:1PY0:A:CYS:54-:SG:E:YMA:S2,1PY0,YMA,true,true,true,false,true,true,true,true,true,false,false,CURRENTLY_UNREVIEWED,true,COVAPIE_BULK_REVIEW_UNIT_FDB85D5F243B76AA,CURRENTLY_UNREVIEWED,false,data/derived/covalent_small/covapie_bulk_cys_sg_model_usable_auto_admission_scaleup_v1/covapie_bulk_cys_sg_priority_human_review_queue_v1.csv,UNRESOLVED,,UNRESOLVED,,UNRESOLVED,false,true,false,false,false,NOT_ESTABLISHED,false,null,false,false,false,false,false,false,false,,false,false,,,FEATURE_SEMANTICS_AUDIT_REQUIRED_LATER
140,COVAPIE_CYS_SG_EVENT_V1:1Q6K:A:CYS:25-:SG:C:TCO:C,1Q6K,TCO,true,true,true,false,true,true,true,true,true,false,false,LEAKAGE_EXISTING_GROUP_CONFLICT,false,,NOT_IN_HUMAN_REVIEW_POPULATION,false,,UNRESOLVED,,UNRESOLVED,,UNRESOLVED,false,true,false,false,false,NOT_ESTABLISHED,false,null,false,false,false,false,false,false,false,,false,false,,,FEATURE_SEMANTICS_AUDIT_REQUIRED_LATER
141,COVAPIE_CYS_SG_EVENT_V1:1QA7:A:CYS:172-:SG:E:IVF:CH3,1QA7,IVF,true,true,true,false,true,true,true,true,true,false,false,LEAKAGE_EXISTING_GROUP_CONFLICT,false,,NOT_IN_HUMAN_REVIEW_POPULATION,false,,UNRESOLVED,,UNRESOLVED,,UNRESOLVED,false,true,false,false,false,NOT_ESTABLISHED,false,null,false,false,false,false,false,false,false,,false,false,,,FEATURE_SEMANTICS_AUDIT_REQUIRED_LATER
142,COVAPIE_CYS_SG_EVENT_V1:1QA7:B:CYS:172-:SG:F:IVF:CH3,1QA7,IVF,true,true,true,false,true,true,true,true,true,false,false,LEAKAGE_EXISTING_GROUP_CONFLICT,false,,NOT_IN_HUMAN_REVIEW_POPULATION,false,,UNRESOLVED,,UNRESOLVED,,UNRESOLVED,false,true,false,false,false,NOT_ESTABLISHED,false,null,false,false,false,false,false,false,false,,false,false,,,FEATURE_SEMANTICS_AUDIT_REQUIRED_LATER
143,COVAPIE_CYS_SG_EVENT_V1:1QA7:C:CYS:172-:SG:G:IVF:CH3,1QA7,IVF,true,true,true,false,true,true,true,true,true,false,false,LEAKAGE_EXISTING_GROUP_CONFLICT,false,,NOT_IN_HUMAN_REVIEW_POPULATION,false,,UNRESOLVED,,UNRESOLVED,,UNRESOLVED,false,true,false,false,false,NOT_ESTABLISHED,false,null,false,false,false,false,false,false,false,,false,false,,,FEATURE_SEMANTICS_AUDIT_REQUIRED_LATER
144,COVAPIE_CYS_SG_EVENT_V1:1QA7:D:CYS:172-:SG:H:IVF:CH3,1QA7,IVF,true,true,true,false,true,true,true,true,true,false,false,LEAKAGE_EXISTING_GROUP_CONFLICT,false,,NOT_IN_HUMAN_REVIEW_POPULATION,false,,UNRESOLVED,,UNRESOLVED,,UNRESOLVED,false,true,false,false,false,NOT_ESTABLISHED,false,null,false,false,false,false,false,false,false,,false,false,,,FEATURE_SEMANTICS_AUDIT_REQUIRED_LATER
145,COVAPIE_CYS_SG_EVENT_V1:1QDQ:A:CYS:29-:SG:B:074:C6,1QDQ,074,true,true,true,false,true,true,true,true,true,false,false,LEAKAGE_EXISTING_GROUP_CONFLICT,false,,NOT_IN_HUMAN_REVIEW_POPULATION,false,,UNRESOLVED,,UNRESOLVED,,UNRESOLVED,false,true,false,false,false,NOT_ESTABLISHED,false,null,false,false,false,false,false,false,false,,false,false,,,FEATURE_SEMANTICS_AUDIT_REQUIRED_LATER
146,COVAPIE_CYS_SG_EVENT_V1:1QFM:A:CYS:532-:SG:E:SGM:S1,1QFM,SGM,true,true,true,false,true,true,true,true,true,false,false,CURRENTLY_UNREVIEWED,true,COVAPIE_BULK_REVIEW_UNIT_D01A4DF5C78EE065,CURRENTLY_UNREVIEWED,false,data/derived/covalent_small/covapie_bulk_cys_sg_model_usable_auto_admission_scaleup_v1/covapie_bulk_cys_sg_priority_human_review_queue_v1.csv,UNRESOLVED,,UNRESOLVED,,UNRESOLVED,false,true,false,false,false,NOT_ESTABLISHED,false,null,false,false,false,false,false,false,false,,false,false,,,FEATURE_SEMANTICS_AUDIT_REQUIRED_LATER
147,COVAPIE_CYS_SG_EVENT_V1:1QFM:A:CYS:78-:SG:D:SGM:S1,1QFM,SGM,true,true,true,false,true,true,true,true,true,false,false,CURRENTLY_UNREVIEWED,true,COVAPIE_BULK_REVIEW_UNIT_D01A4DF5C78EE065,CURRENTLY_UNREVIEWED,false,data/derived/covalent_small/covapie_bulk_cys_sg_model_usable_auto_admission_scaleup_v1/covapie_bulk_cys_sg_priority_human_review_queue_v1.csv,UNRESOLVED,,UNRESOLVED,,UNRESOLVED,false,true,false,false,false,NOT_ESTABLISHED,false,null,false,false,false,false,false,false,false,,false,false,,,FEATURE_SEMANTICS_AUDIT_REQUIRED_LATER
148,COVAPIE_CYS_SG_EVENT_V1:1QWZ:A:CYS:223-:SG:G:ETM:SD,1QWZ,ETM,true,true,true,false,true,true,true,true,true,false,false,LEAKAGE_EXISTING_GROUP_CONFLICT,false,,NOT_IN_HUMAN_REVIEW_POPULATION,false,,UNRESOLVED,,UNRESOLVED,,UNRESOLVED,false,true,false,false,false,NOT_ESTABLISHED,false,null,false,false,false,false,false,false,false,,false,false,,,FEATURE_SEMANTICS_AUDIT_REQUIRED_LATER
149,COVAPIE_CYS_SG_EVENT_V1:1QX6:A:CYS:223-:SG:B:E64:C2,1QX6,E64,true,true,true,false,true,true,true,true,true,false,false,LEAKAGE_EXISTING_GROUP_CONFLICT,false,,NOT_IN_HUMAN_REVIEW_POPULATION,false,,UNRESOLVED,,UNRESOLVED,,UNRESOLVED,false,true,false,false,false,NOT_ESTABLISHED,false,null,false,false,false,false,false,false,false,,false,false,,,FEATURE_SEMANTICS_AUDIT_REQUIRED_LATER
150,COVAPIE_CYS_SG_EVENT_V1:1QXA:A:CYS:223-:SG:C:ETM:SD,1QXA,ETM,true,false,false,false,false,false,false,false,false,false,false,STRUCTURAL_EVIDENCE_INCOMPLETE,false,,NOT_IN_HUMAN_REVIEW_POPULATION,false,,UNRESOLVED,,UNRESOLVED,,UNRESOLVED,false,false,false,false,false,NOT_ESTABLISHED,false,null,false,false,false,false,false,false,false,,false,false,,,FEATURE_SEMANTICS_AUDIT_REQUIRED_LATER
151,COVAPIE_CYS_SG_EVENT_V1:1RE1:A:CYS:285-:SG:C:NA3:C4,1RE1,NA3,true,false,false,false,false,false,false,false,false,false,false,STRUCTURAL_EVIDENCE_INCOMPLETE,false,,NOT_IN_HUMAN_REVIEW_POPULATION,false,,UNRESOLVED,,UNRESOLVED,,UNRESOLVED,false,false,false,false,false,NOT_ESTABLISHED,false,null,false,false,false,false,false,false,false,,false,false,,,FEATURE_SEMANTICS_AUDIT_REQUIRED_LATER
152,COVAPIE_CYS_SG_EVENT_V1:1RHJ:A:CYS:285-:SG:E:PZN:C9,1RHJ,PZN,true,true,true,false,true,true,true,true,true,false,false,LEAKAGE_EXISTING_GROUP_CONFLICT,false,,NOT_IN_HUMAN_REVIEW_POPULATION,false,,UNRESOLVED,,UNRESOLVED,,UNRESOLVED,false,true,false,false,false,NOT_ESTABLISHED,false,null,false,false,false,false,false,false,false,,false,false,,,FEATURE_SEMANTICS_AUDIT_REQUIRED_LATER
153,COVAPIE_CYS_SG_EVENT_V1:1RHJ:C:CYS:785-:SG:F:PZN:C9,1RHJ,PZN,true,true,true,false,true,true,true,true,true,false,false,LEAKAGE_EXISTING_GROUP_CONFLICT,false,,NOT_IN_HUMAN_REVIEW_POPULATION,false,,UNRESOLVED,,UNRESOLVED,,UNRESOLVED,false,true,false,false,false,NOT_ESTABLISHED,false,null,false,false,false,false,false,false,false,,false,false,,,FEATURE_SEMANTICS_AUDIT_REQUIRED_LATER
154,COVAPIE_CYS_SG_EVENT_V1:1RHM:A:CYS:285-:SG:E:NA4:C4,1RHM,NA4,true,true,true,false,true,true,true,true,true,false,false,LEAKAGE_EXISTING_GROUP_CONFLICT,false,,NOT_IN_HUMAN_REVIEW_POPULATION,false,,UNRESOLVED,,UNRESOLVED,,UNRESOLVED,false,true,false,false,false,NOT_ESTABLISHED,false,null,false,false,false,false,false,false,false,,false,false,,,FEATURE_SEMANTICS_AUDIT_REQUIRED_LATER
155,COVAPIE_CYS_SG_EVENT_V1:1RHM:C:CYS:785-:SG:F:NA4:C4,1RHM,NA4,true,true,true,false,true,true,true,true,true,false,false,LEAKAGE_EXISTING_GROUP_CONFLICT,false,,NOT_IN_HUMAN_REVIEW_POPULATION,false,,UNRESOLVED,,UNRESOLVED,,UNRESOLVED,false,true,false,false,false,NOT_ESTABLISHED,false,null,false,false,false,false,false,false,false,,false,false,,,FEATURE_SEMANTICS_AUDIT_REQUIRED_LATER
156,COVAPIE_CYS_SG_EVENT_V1:1RHQ:A:CYS:285-:SG:E:0ZZ:C9,1RHQ,0ZZ,true,true,true,false,true,true,true,true,true,false,false,LEAKAGE_EXISTING_GROUP_CONFLICT,false,,NOT_IN_HUMAN_REVIEW_POPULATION,false,,UNRESOLVED,,UNRESOLVED,,UNRESOLVED,false,true,false,false,false,NOT_ESTABLISHED,false,null,false,false,false,false,false,false,false,,false,false,,,FEATURE_SEMANTICS_AUDIT_REQUIRED_LATER
157,COVAPIE_CYS_SG_EVENT_V1:1RHR:A:CYS:285-:SG:C:CNE:C9,1RHR,CNE,true,false,false,false,false,false,false,false,false,false,false,STRUCTURAL_EVIDENCE_INCOMPLETE,false,,NOT_IN_HUMAN_REVIEW_POPULATION,false,,UNRESOLVED,,UNRESOLVED,,UNRESOLVED,false,false,false,false,false,NOT_ESTABLISHED,false,null,false,false,false,false,false,false,false,,false,false,,,FEATURE_SEMANTICS_AUDIT_REQUIRED_LATER
158,COVAPIE_CYS_SG_EVENT_V1:1RHU:A:CYS:285-:SG:C:3CY:C9,1RHU,3CY,true,false,false,false,false,false,false,false,false,false,false,STRUCTURAL_EVIDENCE_INCOMPLETE,false,,NOT_IN_HUMAN_REVIEW_POPULATION,false,,UNRESOLVED,,UNRESOLVED,,UNRESOLVED,false,false,false,false,false,NOT_ESTABLISHED,false,null,false,false,false,false,false,false,false,,false,false,,,FEATURE_SEMANTICS_AUDIT_REQUIRED_LATER
159,COVAPIE_CYS_SG_EVENT_V1:1RP4:A:CYS:208-:SG:D:NEN:C1,1RP4,NEN,true,true,true,false,true,true,true,true,true,false,false,COMPLETED_HUMAN_NEGATIVE,false,COVAPIE_BULK_REVIEW_UNIT_D88548D5B5FCAA3C,COMPLETED_HUMAN_NEGATIVE,true,data/derived/covalent_small/covapie_bulk_post_only_cys_sg_human_review_v1/covapie_post_only_human_review_decisions_v1.json,NOT_ESTABLISHED,data/derived/covalent_small/covapie_bulk_post_only_cys_sg_human_review_v1/covapie_post_only_human_review_decisions_v1.json,NOT_RELEVANT,data/derived/covalent_small/covapie_bulk_post_only_cys_sg_human_review_v1/covapie_post_only_human_review_decisions_v1.json,NOT_APPLICABLE,false,true,false,false,false,NOT_ESTABLISHED,false,null,false,false,false,false,false,false,false,,false,false,,,FEATURE_SEMANTICS_AUDIT_REQUIRED_LATER
160,COVAPIE_CYS_SG_EVENT_V1:1RWK:A:CYS:285-:SG:C:158:C1,1RWK,158,true,false,false,false,false,false,false,false,false,false,false,STRUCTURAL_EVIDENCE_INCOMPLETE,false,,NOT_IN_HUMAN_REVIEW_POPULATION,false,,UNRESOLVED,,UNRESOLVED,,UNRESOLVED,false,false,false,false,false,NOT_ESTABLISHED,false,null,false,false,false,false,false,false,false,,false,false,,,FEATURE_SEMANTICS_AUDIT_REQUIRED_LATER
161,COVAPIE_CYS_SG_EVENT_V1:1RWN:A:CYS:285-:SG:C:4QB:C18,1RWN,4QB,true,false,false,false,false,false,false,false,false,false,false,STRUCTURAL_EVIDENCE_INCOMPLETE,false,,NOT_IN_HUMAN_REVIEW_POPULATION,false,,UNRESOLVED,,UNRESOLVED,,UNRESOLVED,false,false,false,false,false,NOT_ESTABLISHED,false,null,false,false,false,false,false,false,false,,false,false,,,FEATURE_SEMANTICS_AUDIT_REQUIRED_LATER
162,COVAPIE_CYS_SG_EVENT_V1:1RWO:A:CYS:285-:SG:C:BTH:C31,1RWO,BTH,true,false,false,false,false,false,false,false,false,false,false,STRUCTURAL_EVIDENCE_INCOMPLETE,false,,NOT_IN_HUMAN_REVIEW_POPULATION,false,,UNRESOLVED,,UNRESOLVED,,UNRESOLVED,false,false,false,false,false,NOT_ESTABLISHED,false,null,false,false,false,false,false,false,false,,false,false,,,FEATURE_SEMANTICS_AUDIT_REQUIRED_LATER
163,COVAPIE_CYS_SG_EVENT_V1:1RWP:A:CYS:285-:SG:C:HQC:C20,1RWP,HQC,true,false,false,false,false,false,false,false,false,false,false,STRUCTURAL_EVIDENCE_INCOMPLETE,false,,NOT_IN_HUMAN_REVIEW_POPULATION,false,,UNRESOLVED,,UNRESOLVED,,UNRESOLVED,false,false,false,false,false,NOT_ESTABLISHED,false,null,false,false,false,false,false,false,false,,false,false,,,FEATURE_SEMANTICS_AUDIT_REQUIRED_LATER
164,COVAPIE_CYS_SG_EVENT_V1:1RWV:A:CYS:285-:SG:C:5PH:C36,1RWV,5PH,true,false,false,false,false,false,false,false,false,false,false,STRUCTURAL_EVIDENCE_INCOMPLETE,false,,NOT_IN_HUMAN_REVIEW_POPULATION,false,,UNRESOLVED,,UNRESOLVED,,UNRESOLVED,false,false,false,false,false,NOT_ESTABLISHED,false,null,false,false,false,false,false,false,false,,false,false,,,FEATURE_SEMANTICS_AUDIT_REQUIRED_LATER
165,COVAPIE_CYS_SG_EVENT_V1:1RWX:A:CYS:285-:SG:C:YBH:C31,1RWX,YBH,true,false,false,false,false,false,false,false,false,false,false,STRUCTURAL_EVIDENCE_INCOMPLETE,false,,NOT_IN_HUMAN_REVIEW_POPULATION,false,,UNRESOLVED,,UNRESOLVED,,UNRESOLVED,false,false,false,false,false,NOT_ESTABLISHED,false,null,false,false,false,false,false,false,false,,false,false,,,FEATURE_SEMANTICS_AUDIT_REQUIRED_LATER
166,COVAPIE_CYS_SG_EVENT_V1:1RXE:A:CYS:89-:SG:D:MNB:S5,1RXE,MNB,true,true,true,false,true,true,true,true,true,false,false,LEAKAGE_EXISTING_GROUP_CONFLICT,false,,NOT_IN_HUMAN_REVIEW_POPULATION,false,,UNRESOLVED,,UNRESOLVED,,UNRESOLVED,false,true,false,false,false,NOT_ESTABLISHED,false,null,false,false,false,false,false,false,false,,false,false,,,FEATURE_SEMANTICS_AUDIT_REQUIRED_LATER
167,COVAPIE_CYS_SG_EVENT_V1:1SHJ:A:CYS:290-:SG:D:NXN:S19,1SHJ,NXN,true,true,true,false,true,true,true,true,true,false,false,LEAKAGE_EXISTING_GROUP_CONFLICT,false,,NOT_IN_HUMAN_REVIEW_POPULATION,false,,UNRESOLVED,,UNRESOLVED,,UNRESOLVED,false,true,false,false,false,NOT_ESTABLISHED,false,null,false,false,false,false,false,false,false,,false,false,,,FEATURE_SEMANTICS_AUDIT_REQUIRED_LATER
168,COVAPIE_CYS_SG_EVENT_V1:1SHJ:B:CYS:290-:SG:G:NXN:S19,1SHJ,NXN,true,true,true,false,true,true,true,true,true,false,false,LEAKAGE_EXISTING_GROUP_CONFLICT,false,,NOT_IN_HUMAN_REVIEW_POPULATION,false,,UNRESOLVED,,UNRESOLVED,,UNRESOLVED,false,true,false,false,false,NOT_ESTABLISHED,false,null,false,false,false,false,false,false,false,,false,false,,,FEATURE_SEMANTICS_AUDIT_REQUIRED_LATER
169,COVAPIE_CYS_SG_EVENT_V1:1SHL:A:CYS:290-:SG:C:FXN:S19,1SHL,FXN,true,true,true,false,true,true,true,true,true,false,false,CURRENTLY_UNREVIEWED,true,COVAPIE_BULK_REVIEW_UNIT_EE27EA1094097660,CURRENTLY_UNREVIEWED,false,data/derived/covalent_small/covapie_bulk_cys_sg_model_usable_auto_admission_scaleup_v1/covapie_bulk_cys_sg_priority_human_review_queue_v1.csv,UNRESOLVED,,UNRESOLVED,,UNRESOLVED,false,true,false,false,false,NOT_ESTABLISHED,false,null,false,false,false,false,false,false,false,,false,false,,,FEATURE_SEMANTICS_AUDIT_REQUIRED_LATER
170,COVAPIE_CYS_SG_EVENT_V1:1SHL:B:CYS:290-:SG:D:FXN:S19,1SHL,FXN,true,true,true,false,true,true,true,true,true,false,false,CURRENTLY_UNREVIEWED,true,COVAPIE_BULK_REVIEW_UNIT_EE27EA1094097660,CURRENTLY_UNREVIEWED,false,data/derived/covalent_small/covapie_bulk_cys_sg_model_usable_auto_admission_scaleup_v1/covapie_bulk_cys_sg_priority_human_review_queue_v1.csv,UNRESOLVED,,UNRESOLVED,,UNRESOLVED,false,true,false,false,false,NOT_ESTABLISHED,false,null,false,false,false,false,false,false,false,,false,false,,,FEATURE_SEMANTICS_AUDIT_REQUIRED_LATER
171,COVAPIE_CYS_SG_EVENT_V1:1SNK:A:CYS:25-:SG:E:MYE:C26,1SNK,MYE,true,true,true,false,true,true,true,true,true,false,false,LEAKAGE_EXISTING_GROUP_CONFLICT,false,,NOT_IN_HUMAN_REVIEW_POPULATION,false,,UNRESOLVED,,UNRESOLVED,,UNRESOLVED,false,true,false,false,false,NOT_ESTABLISHED,false,null,false,false,false,false,false,false,false,,false,false,,,FEATURE_SEMANTICS_AUDIT_REQUIRED_LATER
172,COVAPIE_CYS_SG_EVENT_V1:1TD2:A:CYS:122-:SG:C:PXL:C4A,1TD2,PXL,true,false,false,false,false,false,false,false,false,false,false,STRUCTURAL_EVIDENCE_INCOMPLETE,false,,NOT_IN_HUMAN_REVIEW_POPULATION,false,,UNRESOLVED,,UNRESOLVED,,UNRESOLVED,false,false,false,false,false,NOT_ESTABLISHED,false,null,false,false,false,false,false,false,false,,false,false,,,FEATURE_SEMANTICS_AUDIT_REQUIRED_LATER
173,COVAPIE_CYS_SG_EVENT_V1:1THE:A:CYS:29-:SG:C:0E6:C11,1THE,0E6,true,true,true,false,true,true,true,true,true,false,false,LEAKAGE_EXISTING_GROUP_CONFLICT,false,,NOT_IN_HUMAN_REVIEW_POPULATION,false,,UNRESOLVED,,UNRESOLVED,,UNRESOLVED,false,true,false,false,false,NOT_ESTABLISHED,false,null,false,false,false,false,false,false,false,,false,false,,,FEATURE_SEMANTICS_AUDIT_REQUIRED_LATER
174,COVAPIE_CYS_SG_EVENT_V1:1THE:B:CYS:29-:SG:D:0E6:C11,1THE,0E6,true,true,true,false,true,true,true,true,true,false,false,LEAKAGE_EXISTING_GROUP_CONFLICT,false,,NOT_IN_HUMAN_REVIEW_POPULATION,false,,UNRESOLVED,,UNRESOLVED,,UNRESOLVED,false,true,false,false,false,NOT_ESTABLISHED,false,null,false,false,false,false,false,false,false,,false,false,,,FEATURE_SEMANTICS_AUDIT_REQUIRED_LATER
175,COVAPIE_CYS_SG_EVENT_V1:1TLO:A:CYS:115-:SG:D:E64:C2,1TLO,E64,true,true,true,false,true,true,true,true,true,false,false,LEAKAGE_EXISTING_GROUP_CONFLICT,false,,NOT_IN_HUMAN_REVIEW_POPULATION,false,,UNRESOLVED,,UNRESOLVED,,UNRESOLVED,false,true,false,false,false,NOT_ESTABLISHED,false,null,false,false,false,false,false,false,false,,false,false,,,FEATURE_SEMANTICS_AUDIT_REQUIRED_LATER
176,COVAPIE_CYS_SG_EVENT_V1:1TLS:A:CYS:146-:SG:C:UFP:C6,1TLS,UFP,true,true,true,false,true,true,true,true,true,false,false,CURRENTLY_UNREVIEWED,true,COVAPIE_BULK_REVIEW_UNIT_CF6D3ADC970757BA,CURRENTLY_UNREVIEWED,false,data/derived/covalent_small/covapie_bulk_cys_sg_model_usable_auto_admission_scaleup_v1/covapie_bulk_cys_sg_priority_human_review_queue_v1.csv,UNRESOLVED,,UNRESOLVED,,UNRESOLVED,false,true,false,false,false,NOT_ESTABLISHED,false,null,false,false,false,false,false,false,false,,false,false,,,FEATURE_SEMANTICS_AUDIT_REQUIRED_LATER
177,COVAPIE_CYS_SG_EVENT_V1:1TLS:B:CYS:146-:SG:E:UFP:C6,1TLS,UFP,true,true,true,false,true,true,true,true,true,false,false,CURRENTLY_UNREVIEWED,true,COVAPIE_BULK_REVIEW_UNIT_CF6D3ADC970757BA,CURRENTLY_UNREVIEWED,false,data/derived/covalent_small/covapie_bulk_cys_sg_model_usable_auto_admission_scaleup_v1/covapie_bulk_cys_sg_priority_human_review_queue_v1.csv,UNRESOLVED,,UNRESOLVED,,UNRESOLVED,false,true,false,false,false,NOT_ESTABLISHED,false,null,false,false,false,false,false,false,false,,false,false,,,FEATURE_SEMANTICS_AUDIT_REQUIRED_LATER
178,COVAPIE_CYS_SG_EVENT_V1:1TRG:A:CYS:146-:SG:B:UMP:C6,1TRG,UMP,true,true,true,false,true,true,true,true,true,false,false,PUBLISHED_EXACT_AUTO_NEGATIVE,false,,NOT_IN_HUMAN_REVIEW_POPULATION,false,,NOT_ESTABLISHED,data/derived/covalent_small/covapie_bulk_cys_sg_model_usable_auto_admission_scaleup_v1/covapie_bulk_cys_sg_cumulative_1000_model_usable_census_v1.csv,NOT_RELEVANT,data/derived/covalent_small/covapie_bulk_cys_sg_model_usable_auto_admission_scaleup_v1/covapie_bulk_cys_sg_cumulative_1000_model_usable_census_v1.csv,NOT_APPLICABLE,false,true,false,false,false,NOT_ESTABLISHED,false,null,false,false,false,false,false,false,false,,false,false,,,FEATURE_SEMANTICS_AUDIT_REQUIRED_LATER
179,COVAPIE_CYS_SG_EVENT_V1:1TU6:A:CYS:139-:SG:E:FSP:C23,1TU6,FSP,true,true,true,false,true,true,true,true,true,false,false,CURRENTLY_UNREVIEWED,true,COVAPIE_BULK_REVIEW_UNIT_E589158559EC7B15,CURRENTLY_UNREVIEWED,false,data/derived/covalent_small/covapie_bulk_cys_sg_model_usable_auto_admission_scaleup_v1/covapie_bulk_cys_sg_priority_human_review_queue_v1.csv,UNRESOLVED,,UNRESOLVED,,UNRESOLVED,false,true,false,false,false,NOT_ESTABLISHED,false,null,false,false,false,false,false,false,false,,false,false,,,FEATURE_SEMANTICS_AUDIT_REQUIRED_LATER
180,COVAPIE_CYS_SG_EVENT_V1:1TU6:B:CYS:139-:SG:G:FSP:C23,1TU6,FSP,true,true,true,false,true,true,true,true,true,false,false,CURRENTLY_UNREVIEWED,true,COVAPIE_BULK_REVIEW_UNIT_E589158559EC7B15,CURRENTLY_UNREVIEWED,false,data/derived/covalent_small/covapie_bulk_cys_sg_model_usable_auto_admission_scaleup_v1/covapie_bulk_cys_sg_priority_human_review_queue_v1.csv,UNRESOLVED,,UNRESOLVED,,UNRESOLVED,false,true,false,false,false,NOT_ESTABLISHED,false,null,false,false,false,false,false,false,false,,false,false,,,FEATURE_SEMANTICS_AUDIT_REQUIRED_LATER
181,COVAPIE_CYS_SG_EVENT_V1:1U9V:A:CYS:25-:SG:B:IHE:C27,1U9V,IHE,true,true,true,false,true,true,true,true,true,false,false,LEAKAGE_EXISTING_GROUP_CONFLICT,false,,NOT_IN_HUMAN_REVIEW_POPULATION,false,,UNRESOLVED,,UNRESOLVED,,UNRESOLVED,false,true,false,false,false,NOT_ESTABLISHED,false,null,false,false,false,false,false,false,false,,false,false,,,FEATURE_SEMANTICS_AUDIT_REQUIRED_LATER
182,COVAPIE_CYS_SG_EVENT_V1:1U9W:A:CYS:25-:SG:B:IHI:C26,1U9W,IHI,true,true,true,false,true,true,true,true,true,false,false,LEAKAGE_EXISTING_GROUP_CONFLICT,false,,NOT_IN_HUMAN_REVIEW_POPULATION,false,,UNRESOLVED,,UNRESOLVED,,UNRESOLVED,false,true,false,false,false,NOT_ESTABLISHED,false,null,false,false,false,false,false,false,false,,false,false,,,FEATURE_SEMANTICS_AUDIT_REQUIRED_LATER
183,COVAPIE_CYS_SG_EVENT_V1:1U9X:A:CYS:25-:SG:B:IHJ:C12,1U9X,IHJ,true,true,true,false,true,true,true,true,true,false,false,LEAKAGE_EXISTING_GROUP_CONFLICT,false,,NOT_IN_HUMAN_REVIEW_POPULATION,false,,UNRESOLVED,,UNRESOLVED,,UNRESOLVED,false,true,false,false,false,NOT_ESTABLISHED,false,null,false,false,false,false,false,false,false,,false,false,,,FEATURE_SEMANTICS_AUDIT_REQUIRED_LATER
184,COVAPIE_CYS_SG_EVENT_V1:1VSN:A:CYS:25-:SG:B:NFT:C44,1VSN,NFT,true,true,true,false,true,true,true,true,true,false,false,LEAKAGE_EXISTING_GROUP_CONFLICT,false,,NOT_IN_HUMAN_REVIEW_POPULATION,false,,UNRESOLVED,,UNRESOLVED,,UNRESOLVED,false,true,false,false,false,NOT_ESTABLISHED,false,null,false,false,false,false,false,false,false,,false,false,,,FEATURE_SEMANTICS_AUDIT_REQUIRED_LATER
185,COVAPIE_CYS_SG_EVENT_V1:1VZE:A:CYS:198-:SG:B:UMP:C6,1VZE,UMP,true,false,false,false,false,false,false,false,false,false,false,STRUCTURAL_EVIDENCE_INCOMPLETE,false,,NOT_IN_HUMAN_REVIEW_POPULATION,false,,UNRESOLVED,,UNRESOLVED,,UNRESOLVED,false,false,false,false,false,NOT_ESTABLISHED,false,null,false,false,false,false,false,false,false,,false,false,,,FEATURE_SEMANTICS_AUDIT_REQUIRED_LATER
186,COVAPIE_CYS_SG_EVENT_V1:1W66:A:CYS:176-:SG:B:DKA:C3,1W66,DKA,true,false,false,false,false,false,false,false,false,false,false,STRUCTURAL_EVIDENCE_INCOMPLETE,false,,NOT_IN_HUMAN_REVIEW_POPULATION,false,,UNRESOLVED,,UNRESOLVED,,UNRESOLVED,false,false,false,false,false,NOT_ESTABLISHED,false,null,false,false,false,false,false,false,false,,false,false,,,FEATURE_SEMANTICS_AUDIT_REQUIRED_LATER
187,COVAPIE_CYS_SG_EVENT_V1:1WOF:A:CYS:145-:SG:C:I12:C21,1WOF,I12,true,true,true,false,true,true,true,true,true,false,false,CURRENTLY_UNREVIEWED,true,COVAPIE_BULK_REVIEW_UNIT_7D83F048AF8A2295,CURRENTLY_UNREVIEWED,false,data/derived/covalent_small/covapie_bulk_cys_sg_model_usable_auto_admission_scaleup_v1/covapie_bulk_cys_sg_priority_human_review_queue_v1.csv,UNRESOLVED,,UNRESOLVED,,UNRESOLVED,false,true,false,false,false,NOT_ESTABLISHED,false,null,false,false,false,false,false,false,false,,false,false,,,FEATURE_SEMANTICS_AUDIT_REQUIRED_LATER
188,COVAPIE_CYS_SG_EVENT_V1:1WOF:B:CYS:145-:SG:D:I12:C21,1WOF,I12,true,true,true,false,true,true,true,true,true,false,false,CURRENTLY_UNREVIEWED,true,COVAPIE_BULK_REVIEW_UNIT_7D83F048AF8A2295,CURRENTLY_UNREVIEWED,false,data/derived/covalent_small/covapie_bulk_cys_sg_model_usable_auto_admission_scaleup_v1/covapie_bulk_cys_sg_priority_human_review_queue_v1.csv,UNRESOLVED,,UNRESOLVED,,UNRESOLVED,false,true,false,false,false,NOT_ESTABLISHED,false,null,false,false,false,false,false,false,false,,false,false,,,FEATURE_SEMANTICS_AUDIT_REQUIRED_LATER
189,COVAPIE_CYS_SG_EVENT_V1:1XD3:A:CYS:95-:SG:H:GVE:CB,1XD3,GVE,true,true,true,false,true,true,true,true,true,false,false,COMPLETED_HUMAN_NEGATIVE,false,COVAPIE_BULK_REVIEW_UNIT_AAB4DCC7D3073222,COMPLETED_HUMAN_NEGATIVE,true,data/derived/covalent_small/covapie_bulk_post_only_cys_sg_human_review_v1/covapie_post_only_human_review_decisions_v1.json,NOT_ESTABLISHED,data/derived/covalent_small/covapie_bulk_post_only_cys_sg_human_review_v1/covapie_post_only_human_review_decisions_v1.json,NOT_RELEVANT,data/derived/covalent_small/covapie_bulk_post_only_cys_sg_human_review_v1/covapie_post_only_human_review_decisions_v1.json,NOT_APPLICABLE,false,true,false,false,false,NOT_ESTABLISHED,false,null,false,false,false,false,false,false,false,,false,false,,,FEATURE_SEMANTICS_AUDIT_REQUIRED_LATER
190,COVAPIE_CYS_SG_EVENT_V1:1XD3:C:CYS:95-:SG:P:GVE:CB,1XD3,GVE,true,true,true,false,true,true,true,true,true,false,false,COMPLETED_HUMAN_NEGATIVE,false,COVAPIE_BULK_REVIEW_UNIT_AAB4DCC7D3073222,COMPLETED_HUMAN_NEGATIVE,true,data/derived/covalent_small/covapie_bulk_post_only_cys_sg_human_review_v1/covapie_post_only_human_review_decisions_v1.json,NOT_ESTABLISHED,data/derived/covalent_small/covapie_bulk_post_only_cys_sg_human_review_v1/covapie_post_only_human_review_decisions_v1.json,NOT_RELEVANT,data/derived/covalent_small/covapie_bulk_post_only_cys_sg_human_review_v1/covapie_post_only_human_review_decisions_v1.json,NOT_APPLICABLE,false,true,false,false,false,NOT_ESTABLISHED,false,null,false,false,false,false,false,false,false,,false,false,,,FEATURE_SEMANTICS_AUDIT_REQUIRED_LATER
191,COVAPIE_CYS_SG_EVENT_V1:1YK7:A:CYS:25-:SG:B:NBL:C25,1YK7,NBL,true,true,true,false,true,true,true,true,true,false,false,LEAKAGE_EXISTING_GROUP_CONFLICT,false,,NOT_IN_HUMAN_REVIEW_POPULATION,false,,UNRESOLVED,,UNRESOLVED,,UNRESOLVED,false,true,false,false,false,NOT_ESTABLISHED,false,null,false,false,false,false,false,false,false,,false,false,,,FEATURE_SEMANTICS_AUDIT_REQUIRED_LATER
192,COVAPIE_CYS_SG_EVENT_V1:1YK8:A:CYS:139-:SG:B:T2M:C11,1YK8,T2M,true,true,true,false,true,true,true,true,true,false,false,LEAKAGE_EXISTING_GROUP_CONFLICT,false,,NOT_IN_HUMAN_REVIEW_POPULATION,false,,UNRESOLVED,,UNRESOLVED,,UNRESOLVED,false,true,false,false,false,NOT_ESTABLISHED,false,null,false,false,false,false,false,false,false,,false,false,,,FEATURE_SEMANTICS_AUDIT_REQUIRED_LATER
193,COVAPIE_CYS_SG_EVENT_V1:1YT7:A:CYS:25-:SG:D:3FC:C31,1YT7,3FC,true,true,true,false,true,true,true,true,true,false,false,LEAKAGE_EXISTING_GROUP_CONFLICT,false,,NOT_IN_HUMAN_REVIEW_POPULATION,false,,UNRESOLVED,,UNRESOLVED,,UNRESOLVED,false,true,false,false,false,NOT_ESTABLISHED,false,null,false,false,false,false,false,false,false,,false,false,,,FEATURE_SEMANTICS_AUDIT_REQUIRED_LATER
194,COVAPIE_CYS_SG_EVENT_V1:1ZCM:A:CYS:115-:SG:D:C1N:C32,1ZCM,C1N,true,true,true,false,true,true,true,true,true,false,false,LEAKAGE_EXISTING_GROUP_CONFLICT,false,,NOT_IN_HUMAN_REVIEW_POPULATION,false,,UNRESOLVED,,UNRESOLVED,,UNRESOLVED,false,true,false,false,false,NOT_ESTABLISHED,false,null,false,false,false,false,false,false,false,,false,false,,,FEATURE_SEMANTICS_AUDIT_REQUIRED_LATER
195,COVAPIE_CYS_SG_EVENT_V1:1ZPR:A:CYS:146-:SG:C:UMP:C6,1ZPR,UMP,true,true,true,false,true,true,true,true,true,false,false,PUBLISHED_EXACT_AUTO_NEGATIVE,false,,NOT_IN_HUMAN_REVIEW_POPULATION,false,,NOT_ESTABLISHED,data/derived/covalent_small/covapie_bulk_cys_sg_model_usable_auto_admission_scaleup_v1/covapie_bulk_cys_sg_cumulative_1000_model_usable_census_v1.csv,NOT_RELEVANT,data/derived/covalent_small/covapie_bulk_cys_sg_model_usable_auto_admission_scaleup_v1/covapie_bulk_cys_sg_cumulative_1000_model_usable_census_v1.csv,NOT_APPLICABLE,false,true,false,false,false,NOT_ESTABLISHED,false,null,false,false,false,false,false,false,false,,false,false,,,FEATURE_SEMANTICS_AUDIT_REQUIRED_LATER
196,COVAPIE_CYS_SG_EVENT_V1:207L:A:CYS:95-:SG:B:SC2:SG,207L,SC2,true,true,true,false,true,true,true,true,true,false,false,CURRENTLY_UNREVIEWED,true,COVAPIE_BULK_REVIEW_UNIT_971451AE7B5617B9,CURRENTLY_UNREVIEWED,false,data/derived/covalent_small/covapie_bulk_cys_sg_model_usable_auto_admission_scaleup_v1/covapie_bulk_cys_sg_priority_human_review_queue_v1.csv,UNRESOLVED,,UNRESOLVED,,UNRESOLVED,false,true,false,false,false,NOT_ESTABLISHED,false,null,false,false,false,false,false,false,false,,false,false,,,FEATURE_SEMANTICS_AUDIT_REQUIRED_LATER
197,COVAPIE_CYS_SG_EVENT_V1:2A4O:A:CYS:172-:SG:C:ACE:CH3,2A4O,ACE,true,true,true,false,true,true,true,true,true,false,false,LEAKAGE_EXISTING_GROUP_CONFLICT,false,,NOT_IN_HUMAN_REVIEW_POPULATION,false,,UNRESOLVED,,UNRESOLVED,,UNRESOLVED,false,true,false,false,false,NOT_ESTABLISHED,false,null,false,false,false,false,false,false,false,,false,false,,,FEATURE_SEMANTICS_AUDIT_REQUIRED_LATER
198,COVAPIE_CYS_SG_EVENT_V1:2A4T:A:CYS:131-:SG:B:R7A:SD,2A4T,R7A,true,true,true,false,true,true,true,true,true,true,false,QUARANTINE_REPRESENTATION_GAP,false,,NOT_IN_HUMAN_REVIEW_POPULATION,false,,UNRESOLVED,,UNRESOLVED,,UNRESOLVED,false,true,false,false,false,NOT_ESTABLISHED,false,null,false,false,false,false,false,false,false,,false,false,,,FEATURE_SEMANTICS_AUDIT_REQUIRED_LATER
199,COVAPIE_CYS_SG_EVENT_V1:2A5I:A:CYS:145-:SG:B:AZP:CBM,2A5I,AZP,true,true,true,false,true,true,true,true,true,false,false,CURRENTLY_UNREVIEWED,true,COVAPIE_BULK_REVIEW_UNIT_7FB64BA2D198B24F,CURRENTLY_UNREVIEWED,false,data/derived/covalent_small/covapie_bulk_cys_sg_model_usable_auto_admission_scaleup_v1/covapie_bulk_cys_sg_priority_human_review_queue_v1.csv,UNRESOLVED,,UNRESOLVED,,UNRESOLVED,false,true,false,false,false,NOT_ESTABLISHED,false,null,false,false,false,false,false,false,false,,false,false,,,FEATURE_SEMANTICS_AUDIT_REQUIRED_LATER
200,COVAPIE_CYS_SG_EVENT_V1:2A5K:A:CYS:145-:SG:C:AZP:CBM,2A5K,AZP,true,true,true,false,true,true,true,true,true,false,false,CURRENTLY_UNREVIEWED,true,COVAPIE_BULK_REVIEW_UNIT_7FB64BA2D198B24F,CURRENTLY_UNREVIEWED,false,data/derived/covalent_small/covapie_bulk_cys_sg_model_usable_auto_admission_scaleup_v1/covapie_bulk_cys_sg_priority_human_review_queue_v1.csv,UNRESOLVED,,UNRESOLVED,,UNRESOLVED,false,true,false,false,false,NOT_ESTABLISHED,false,null,false,false,false,false,false,false,false,,false,false,,,FEATURE_SEMANTICS_AUDIT_REQUIRED_LATER
201,COVAPIE_CYS_SG_EVENT_V1:2A5K:B:CYS:145-:SG:D:AZP:CBM,2A5K,AZP,true,true,true,false,true,true,true,true,true,false,false,CURRENTLY_UNREVIEWED,true,COVAPIE_BULK_REVIEW_UNIT_7FB64BA2D198B24F,CURRENTLY_UNREVIEWED,false,data/derived/covalent_small/covapie_bulk_cys_sg_model_usable_auto_admission_scaleup_v1/covapie_bulk_cys_sg_priority_human_review_queue_v1.csv,UNRESOLVED,,UNRESOLVED,,UNRESOLVED,false,true,false,false,false,NOT_ESTABLISHED,false,null,false,false,false,false,false,false,false,,false,false,,,FEATURE_SEMANTICS_AUDIT_REQUIRED_LATER
202,COVAPIE_CYS_SG_EVENT_V1:2AAZ:A:CYS:187-:SG:Q:UMP:C6,2AAZ,UMP,true,true,true,false,true,true,true,true,true,false,false,COMPLETED_HUMAN_NEGATIVE,false,COVAPIE_BULK_REVIEW_UNIT_5184266C4D495D18,COMPLETED_HUMAN_NEGATIVE,true,data/derived/covalent_small/covapie_bulk_post_only_cys_sg_human_review_v1/covapie_post_only_human_review_decisions_v1.json,NOT_ESTABLISHED,data/derived/covalent_small/covapie_bulk_post_only_cys_sg_human_review_v1/covapie_post_only_human_review_decisions_v1.json,NOT_RELEVANT,data/derived/covalent_small/covapie_bulk_post_only_cys_sg_human_review_v1/covapie_post_only_human_review_decisions_v1.json,NOT_APPLICABLE,false,true,false,false,false,NOT_ESTABLISHED,false,null,false,false,false,false,false,false,false,,false,false,,,FEATURE_SEMANTICS_AUDIT_REQUIRED_LATER
203,COVAPIE_CYS_SG_EVENT_V1:2AAZ:B:CYS:187-:SG:S:UMP:C6,2AAZ,UMP,true,true,true,false,true,true,true,true,true,false,false,COMPLETED_HUMAN_NEGATIVE,false,COVAPIE_BULK_REVIEW_UNIT_5184266C4D495D18,COMPLETED_HUMAN_NEGATIVE,true,data/derived/covalent_small/covapie_bulk_post_only_cys_sg_human_review_v1/covapie_post_only_human_review_decisions_v1.json,NOT_ESTABLISHED,data/derived/covalent_small/covapie_bulk_post_only_cys_sg_human_review_v1/covapie_post_only_human_review_decisions_v1.json,NOT_RELEVANT,data/derived/covalent_small/covapie_bulk_post_only_cys_sg_human_review_v1/covapie_post_only_human_review_decisions_v1.json,NOT_APPLICABLE,false,true,false,false,false,NOT_ESTABLISHED,false,null,false,false,false,false,false,false,false,,false,false,,,FEATURE_SEMANTICS_AUDIT_REQUIRED_LATER
204,COVAPIE_CYS_SG_EVENT_V1:2AAZ:C:CYS:187-:SG:U:UMP:C6,2AAZ,UMP,true,true,true,false,true,true,true,true,true,false,false,COMPLETED_HUMAN_NEGATIVE,false,COVAPIE_BULK_REVIEW_UNIT_5184266C4D495D18,COMPLETED_HUMAN_NEGATIVE,true,data/derived/covalent_small/covapie_bulk_post_only_cys_sg_human_review_v1/covapie_post_only_human_review_decisions_v1.json,NOT_ESTABLISHED,data/derived/covalent_small/covapie_bulk_post_only_cys_sg_human_review_v1/covapie_post_only_human_review_decisions_v1.json,NOT_RELEVANT,data/derived/covalent_small/covapie_bulk_post_only_cys_sg_human_review_v1/covapie_post_only_human_review_decisions_v1.json,NOT_APPLICABLE,false,true,false,false,false,NOT_ESTABLISHED,false,null,false,false,false,false,false,false,false,,false,false,,,FEATURE_SEMANTICS_AUDIT_REQUIRED_LATER
205,COVAPIE_CYS_SG_EVENT_V1:2AAZ:D:CYS:187-:SG:W:UMP:C6,2AAZ,UMP,true,true,true,false,true,true,true,true,true,false,false,COMPLETED_HUMAN_NEGATIVE,false,COVAPIE_BULK_REVIEW_UNIT_5184266C4D495D18,COMPLETED_HUMAN_NEGATIVE,true,data/derived/covalent_small/covapie_bulk_post_only_cys_sg_human_review_v1/covapie_post_only_human_review_decisions_v1.json,NOT_ESTABLISHED,data/derived/covalent_small/covapie_bulk_post_only_cys_sg_human_review_v1/covapie_post_only_human_review_decisions_v1.json,NOT_RELEVANT,data/derived/covalent_small/covapie_bulk_post_only_cys_sg_human_review_v1/covapie_post_only_human_review_decisions_v1.json,NOT_APPLICABLE,false,true,false,false,false,NOT_ESTABLISHED,false,null,false,false,false,false,false,false,false,,false,false,,,FEATURE_SEMANTICS_AUDIT_REQUIRED_LATER
206,COVAPIE_CYS_SG_EVENT_V1:2AAZ:E:CYS:187-:SG:Y:UMP:C6,2AAZ,UMP,true,true,true,false,true,true,true,true,true,false,false,COMPLETED_HUMAN_NEGATIVE,false,COVAPIE_BULK_REVIEW_UNIT_5184266C4D495D18,COMPLETED_HUMAN_NEGATIVE,true,data/derived/covalent_small/covapie_bulk_post_only_cys_sg_human_review_v1/covapie_post_only_human_review_decisions_v1.json,NOT_ESTABLISHED,data/derived/covalent_small/covapie_bulk_post_only_cys_sg_human_review_v1/covapie_post_only_human_review_decisions_v1.json,NOT_RELEVANT,data/derived/covalent_small/covapie_bulk_post_only_cys_sg_human_review_v1/covapie_post_only_human_review_decisions_v1.json,NOT_APPLICABLE,false,true,false,false,false,NOT_ESTABLISHED,false,null,false,false,false,false,false,false,false,,false,false,,,FEATURE_SEMANTICS_AUDIT_REQUIRED_LATER
207,COVAPIE_CYS_SG_EVENT_V1:2AAZ:F:CYS:187-:SG:AA:UMP:C6,2AAZ,UMP,true,true,true,false,true,true,true,true,true,false,false,COMPLETED_HUMAN_NEGATIVE,false,COVAPIE_BULK_REVIEW_UNIT_5184266C4D495D18,COMPLETED_HUMAN_NEGATIVE,true,data/derived/covalent_small/covapie_bulk_post_only_cys_sg_human_review_v1/covapie_post_only_human_review_decisions_v1.json,NOT_ESTABLISHED,data/derived/covalent_small/covapie_bulk_post_only_cys_sg_human_review_v1/covapie_post_only_human_review_decisions_v1.json,NOT_RELEVANT,data/derived/covalent_small/covapie_bulk_post_only_cys_sg_human_review_v1/covapie_post_only_human_review_decisions_v1.json,NOT_APPLICABLE,false,true,false,false,false,NOT_ESTABLISHED,false,null,false,false,false,false,false,false,false,,false,false,,,FEATURE_SEMANTICS_AUDIT_REQUIRED_LATER
208,COVAPIE_CYS_SG_EVENT_V1:2AAZ:G:CYS:187-:SG:CA:UMP:C6,2AAZ,UMP,true,true,true,false,true,true,true,true,true,false,false,COMPLETED_HUMAN_NEGATIVE,false,COVAPIE_BULK_REVIEW_UNIT_5184266C4D495D18,COMPLETED_HUMAN_NEGATIVE,true,data/derived/covalent_small/covapie_bulk_post_only_cys_sg_human_review_v1/covapie_post_only_human_review_decisions_v1.json,NOT_ESTABLISHED,data/derived/covalent_small/covapie_bulk_post_only_cys_sg_human_review_v1/covapie_post_only_human_review_decisions_v1.json,NOT_RELEVANT,data/derived/covalent_small/covapie_bulk_post_only_cys_sg_human_review_v1/covapie_post_only_human_review_decisions_v1.json,NOT_APPLICABLE,false,true,false,false,false,NOT_ESTABLISHED,false,null,false,false,false,false,false,false,false,,false,false,,,FEATURE_SEMANTICS_AUDIT_REQUIRED_LATER
209,COVAPIE_CYS_SG_EVENT_V1:2AAZ:H:CYS:187-:SG:EA:UMP:C6,2AAZ,UMP,true,true,true,false,true,true,true,true,true,false,false,COMPLETED_HUMAN_NEGATIVE,false,COVAPIE_BULK_REVIEW_UNIT_5184266C4D495D18,COMPLETED_HUMAN_NEGATIVE,true,data/derived/covalent_small/covapie_bulk_post_only_cys_sg_human_review_v1/covapie_post_only_human_review_decisions_v1.json,NOT_ESTABLISHED,data/derived/covalent_small/covapie_bulk_post_only_cys_sg_human_review_v1/covapie_post_only_human_review_decisions_v1.json,NOT_RELEVANT,data/derived/covalent_small/covapie_bulk_post_only_cys_sg_human_review_v1/covapie_post_only_human_review_decisions_v1.json,NOT_APPLICABLE,false,true,false,false,false,NOT_ESTABLISHED,false,null,false,false,false,false,false,false,false,,false,false,,,FEATURE_SEMANTICS_AUDIT_REQUIRED_LATER
210,COVAPIE_CYS_SG_EVENT_V1:2AAZ:I:CYS:187-:SG:GA:UMP:C6,2AAZ,UMP,true,true,true,false,true,true,true,true,true,false,false,COMPLETED_HUMAN_NEGATIVE,false,COVAPIE_BULK_REVIEW_UNIT_5184266C4D495D18,COMPLETED_HUMAN_NEGATIVE,true,data/derived/covalent_small/covapie_bulk_post_only_cys_sg_human_review_v1/covapie_post_only_human_review_decisions_v1.json,NOT_ESTABLISHED,data/derived/covalent_small/covapie_bulk_post_only_cys_sg_human_review_v1/covapie_post_only_human_review_decisions_v1.json,NOT_RELEVANT,data/derived/covalent_small/covapie_bulk_post_only_cys_sg_human_review_v1/covapie_post_only_human_review_decisions_v1.json,NOT_APPLICABLE,false,true,false,false,false,NOT_ESTABLISHED,false,null,false,false,false,false,false,false,false,,false,false,,,FEATURE_SEMANTICS_AUDIT_REQUIRED_LATER
211,COVAPIE_CYS_SG_EVENT_V1:2AAZ:J:CYS:187-:SG:HA:UMP:C6,2AAZ,UMP,true,true,true,false,true,true,true,true,true,false,false,COMPLETED_HUMAN_NEGATIVE,false,COVAPIE_BULK_REVIEW_UNIT_5184266C4D495D18,COMPLETED_HUMAN_NEGATIVE,true,data/derived/covalent_small/covapie_bulk_post_only_cys_sg_human_review_v1/covapie_post_only_human_review_decisions_v1.json,NOT_ESTABLISHED,data/derived/covalent_small/covapie_bulk_post_only_cys_sg_human_review_v1/covapie_post_only_human_review_decisions_v1.json,NOT_RELEVANT,data/derived/covalent_small/covapie_bulk_post_only_cys_sg_human_review_v1/covapie_post_only_human_review_decisions_v1.json,NOT_APPLICABLE,false,true,false,false,false,NOT_ESTABLISHED,false,null,false,false,false,false,false,false,false,,false,false,,,FEATURE_SEMANTICS_AUDIT_REQUIRED_LATER
212,COVAPIE_CYS_SG_EVENT_V1:2AAZ:K:CYS:187-:SG:IA:UMP:C6,2AAZ,UMP,true,true,true,false,true,true,true,true,true,false,false,COMPLETED_HUMAN_NEGATIVE,false,COVAPIE_BULK_REVIEW_UNIT_5184266C4D495D18,COMPLETED_HUMAN_NEGATIVE,true,data/derived/covalent_small/covapie_bulk_post_only_cys_sg_human_review_v1/covapie_post_only_human_review_decisions_v1.json,NOT_ESTABLISHED,data/derived/covalent_small/covapie_bulk_post_only_cys_sg_human_review_v1/covapie_post_only_human_review_decisions_v1.json,NOT_RELEVANT,data/derived/covalent_small/covapie_bulk_post_only_cys_sg_human_review_v1/covapie_post_only_human_review_decisions_v1.json,NOT_APPLICABLE,false,true,false,false,false,NOT_ESTABLISHED,false,null,false,false,false,false,false,false,false,,false,false,,,FEATURE_SEMANTICS_AUDIT_REQUIRED_LATER
213,COVAPIE_CYS_SG_EVENT_V1:2AAZ:L:CYS:187-:SG:JA:UMP:C6,2AAZ,UMP,true,true,true,false,true,true,true,true,true,false,false,COMPLETED_HUMAN_NEGATIVE,false,COVAPIE_BULK_REVIEW_UNIT_5184266C4D495D18,COMPLETED_HUMAN_NEGATIVE,true,data/derived/covalent_small/covapie_bulk_post_only_cys_sg_human_review_v1/covapie_post_only_human_review_decisions_v1.json,NOT_ESTABLISHED,data/derived/covalent_small/covapie_bulk_post_only_cys_sg_human_review_v1/covapie_post_only_human_review_decisions_v1.json,NOT_RELEVANT,data/derived/covalent_small/covapie_bulk_post_only_cys_sg_human_review_v1/covapie_post_only_human_review_decisions_v1.json,NOT_APPLICABLE,false,true,false,false,false,NOT_ESTABLISHED,false,null,false,false,false,false,false,false,false,,false,false,,,FEATURE_SEMANTICS_AUDIT_REQUIRED_LATER
214,COVAPIE_CYS_SG_EVENT_V1:2AAZ:M:CYS:187-:SG:KA:UMP:C6,2AAZ,UMP,true,true,true,false,true,true,true,true,true,false,false,COMPLETED_HUMAN_NEGATIVE,false,COVAPIE_BULK_REVIEW_UNIT_5184266C4D495D18,COMPLETED_HUMAN_NEGATIVE,true,data/derived/covalent_small/covapie_bulk_post_only_cys_sg_human_review_v1/covapie_post_only_human_review_decisions_v1.json,NOT_ESTABLISHED,data/derived/covalent_small/covapie_bulk_post_only_cys_sg_human_review_v1/covapie_post_only_human_review_decisions_v1.json,NOT_RELEVANT,data/derived/covalent_small/covapie_bulk_post_only_cys_sg_human_review_v1/covapie_post_only_human_review_decisions_v1.json,NOT_APPLICABLE,false,true,false,false,false,NOT_ESTABLISHED,false,null,false,false,false,false,false,false,false,,false,false,,,FEATURE_SEMANTICS_AUDIT_REQUIRED_LATER
215,COVAPIE_CYS_SG_EVENT_V1:2AAZ:N:CYS:187-:SG:LA:UMP:C6,2AAZ,UMP,true,true,true,false,true,true,true,true,true,false,false,COMPLETED_HUMAN_NEGATIVE,false,COVAPIE_BULK_REVIEW_UNIT_5184266C4D495D18,COMPLETED_HUMAN_NEGATIVE,true,data/derived/covalent_small/covapie_bulk_post_only_cys_sg_human_review_v1/covapie_post_only_human_review_decisions_v1.json,NOT_ESTABLISHED,data/derived/covalent_small/covapie_bulk_post_only_cys_sg_human_review_v1/covapie_post_only_human_review_decisions_v1.json,NOT_RELEVANT,data/derived/covalent_small/covapie_bulk_post_only_cys_sg_human_review_v1/covapie_post_only_human_review_decisions_v1.json,NOT_APPLICABLE,false,true,false,false,false,NOT_ESTABLISHED,false,null,false,false,false,false,false,false,false,,false,false,,,FEATURE_SEMANTICS_AUDIT_REQUIRED_LATER
216,COVAPIE_CYS_SG_EVENT_V1:2AAZ:O:CYS:187-:SG:MA:UMP:C6,2AAZ,UMP,true,true,true,false,true,true,true,true,true,false,false,COMPLETED_HUMAN_NEGATIVE,false,COVAPIE_BULK_REVIEW_UNIT_5184266C4D495D18,COMPLETED_HUMAN_NEGATIVE,true,data/derived/covalent_small/covapie_bulk_post_only_cys_sg_human_review_v1/covapie_post_only_human_review_decisions_v1.json,NOT_ESTABLISHED,data/derived/covalent_small/covapie_bulk_post_only_cys_sg_human_review_v1/covapie_post_only_human_review_decisions_v1.json,NOT_RELEVANT,data/derived/covalent_small/covapie_bulk_post_only_cys_sg_human_review_v1/covapie_post_only_human_review_decisions_v1.json,NOT_APPLICABLE,false,true,false,false,false,NOT_ESTABLISHED,false,null,false,false,false,false,false,false,false,,false,false,,,FEATURE_SEMANTICS_AUDIT_REQUIRED_LATER
217,COVAPIE_CYS_SG_EVENT_V1:2AAZ:P:CYS:187-:SG:NA:UMP:C6,2AAZ,UMP,true,true,true,false,true,true,true,true,true,false,false,COMPLETED_HUMAN_NEGATIVE,false,COVAPIE_BULK_REVIEW_UNIT_5184266C4D495D18,COMPLETED_HUMAN_NEGATIVE,true,data/derived/covalent_small/covapie_bulk_post_only_cys_sg_human_review_v1/covapie_post_only_human_review_decisions_v1.json,NOT_ESTABLISHED,data/derived/covalent_small/covapie_bulk_post_only_cys_sg_human_review_v1/covapie_post_only_human_review_decisions_v1.json,NOT_RELEVANT,data/derived/covalent_small/covapie_bulk_post_only_cys_sg_human_review_v1/covapie_post_only_human_review_decisions_v1.json,NOT_APPLICABLE,false,true,false,false,false,NOT_ESTABLISHED,false,null,false,false,false,false,false,false,false,,false,false,,,FEATURE_SEMANTICS_AUDIT_REQUIRED_LATER
218,COVAPIE_CYS_SG_EVENT_V1:2AIM:A:CYS:25-:SG:B:ZRA:CM,2AIM,ZRA,true,true,true,false,true,true,true,true,true,false,false,LEAKAGE_EXISTING_GROUP_CONFLICT,false,,NOT_IN_HUMAN_REVIEW_POPULATION,false,,UNRESOLVED,,UNRESOLVED,,UNRESOLVED,false,true,false,false,false,NOT_ESTABLISHED,false,null,false,false,false,false,false,false,false,,false,false,,,FEATURE_SEMANTICS_AUDIT_REQUIRED_LATER
219,COVAPIE_CYS_SG_EVENT_V1:2ALV:A:CYS:145-:SG:B:CY6:C33,2ALV,CY6,true,false,false,false,false,false,false,false,false,false,false,STRUCTURAL_EVIDENCE_INCOMPLETE,false,,NOT_IN_HUMAN_REVIEW_POPULATION,false,,UNRESOLVED,,UNRESOLVED,,UNRESOLVED,false,false,false,false,false,NOT_ESTABLISHED,false,null,false,false,false,false,false,false,false,,false,false,,,FEATURE_SEMANTICS_AUDIT_REQUIRED_LATER
220,COVAPIE_CYS_SG_EVENT_V1:2AMD:A:CYS:145-:SG:C:9IN:C23,2AMD,9IN,true,true,true,false,true,true,true,true,true,false,false,CURRENTLY_UNREVIEWED,true,COVAPIE_BULK_REVIEW_UNIT_B4F514DC9BD2350E,CURRENTLY_UNREVIEWED,false,data/derived/covalent_small/covapie_bulk_cys_sg_model_usable_auto_admission_scaleup_v1/covapie_bulk_cys_sg_priority_human_review_queue_v1.csv,UNRESOLVED,,UNRESOLVED,,UNRESOLVED,false,true,false,false,false,NOT_ESTABLISHED,false,null,false,false,false,false,false,false,false,,false,false,,,FEATURE_SEMANTICS_AUDIT_REQUIRED_LATER
221,COVAPIE_CYS_SG_EVENT_V1:2AMD:B:CYS:145-:SG:D:9IN:C23,2AMD,9IN,true,true,true,false,true,true,true,true,true,false,false,CURRENTLY_UNREVIEWED,true,COVAPIE_BULK_REVIEW_UNIT_B4F514DC9BD2350E,CURRENTLY_UNREVIEWED,false,data/derived/covalent_small/covapie_bulk_cys_sg_model_usable_auto_admission_scaleup_v1/covapie_bulk_cys_sg_priority_human_review_queue_v1.csv,UNRESOLVED,,UNRESOLVED,,UNRESOLVED,false,true,false,false,false,NOT_ESTABLISHED,false,null,false,false,false,false,false,false,false,,false,false,,,FEATURE_SEMANTICS_AUDIT_REQUIRED_LATER
222,COVAPIE_CYS_SG_EVENT_V1:2AMP:A:CYS:144-:SG:C:I12:C21,2AMP,I12,true,true,true,false,true,true,true,true,true,false,false,CURRENTLY_UNREVIEWED,true,COVAPIE_BULK_REVIEW_UNIT_7D83F048AF8A2295,CURRENTLY_UNREVIEWED,false,data/derived/covalent_small/covapie_bulk_cys_sg_model_usable_auto_admission_scaleup_v1/covapie_bulk_cys_sg_priority_human_review_queue_v1.csv,UNRESOLVED,,UNRESOLVED,,UNRESOLVED,false,true,false,false,false,NOT_ESTABLISHED,false,null,false,false,false,false,false,false,false,,false,false,,,FEATURE_SEMANTICS_AUDIT_REQUIRED_LATER
223,COVAPIE_CYS_SG_EVENT_V1:2AMP:B:CYS:144-:SG:D:I12:C21,2AMP,I12,true,true,true,false,true,true,true,true,true,false,false,CURRENTLY_UNREVIEWED,true,COVAPIE_BULK_REVIEW_UNIT_7D83F048AF8A2295,CURRENTLY_UNREVIEWED,false,data/derived/covalent_small/covapie_bulk_cys_sg_model_usable_auto_admission_scaleup_v1/covapie_bulk_cys_sg_priority_human_review_queue_v1.csv,UNRESOLVED,,UNRESOLVED,,UNRESOLVED,false,true,false,false,false,NOT_ESTABLISHED,false,null,false,false,false,false,false,false,false,,false,false,,,FEATURE_SEMANTICS_AUDIT_REQUIRED_LATER
224,COVAPIE_CYS_SG_EVENT_V1:2AUX:A:CYS:25-:SG:B:CT1:C6,2AUX,CT1,true,true,true,false,true,true,true,true,true,false,false,LEAKAGE_EXISTING_GROUP_CONFLICT,false,,NOT_IN_HUMAN_REVIEW_POPULATION,false,,UNRESOLVED,,UNRESOLVED,,UNRESOLVED,false,true,false,false,false,NOT_ESTABLISHED,false,null,false,false,false,false,false,false,false,,false,false,,,FEATURE_SEMANTICS_AUDIT_REQUIRED_LATER
225,COVAPIE_CYS_SG_EVENT_V1:2AUZ:A:CYS:25-:SG:E:CT2:C6,2AUZ,CT2,true,true,true,false,true,true,true,true,true,false,false,LEAKAGE_EXISTING_GROUP_CONFLICT,false,,NOT_IN_HUMAN_REVIEW_POPULATION,false,,UNRESOLVED,,UNRESOLVED,,UNRESOLVED,false,true,false,false,false,NOT_ESTABLISHED,false,null,false,false,false,false,false,false,false,,false,false,,,FEATURE_SEMANTICS_AUDIT_REQUIRED_LATER
226,COVAPIE_CYS_SG_EVENT_V1:2AWZ:A:CYS:366-:SG:G:5H:C1,2AWZ,5H,true,true,true,false,true,true,true,true,true,false,false,CURRENTLY_UNREVIEWED,true,COVAPIE_BULK_REVIEW_UNIT_C7881E5B728B2D19,CURRENTLY_UNREVIEWED,false,data/derived/covalent_small/covapie_bulk_cys_sg_model_usable_auto_admission_scaleup_v1/covapie_bulk_cys_sg_priority_human_review_queue_v1.csv,UNRESOLVED,,UNRESOLVED,,UNRESOLVED,false,true,false,false,false,NOT_ESTABLISHED,false,null,false,false,false,false,false,false,false,,false,false,,,FEATURE_SEMANTICS_AUDIT_REQUIRED_LATER
227,COVAPIE_CYS_SG_EVENT_V1:2AWZ:B:CYS:366-:SG:J:5H:C1,2AWZ,5H,true,true,true,false,true,true,true,true,true,false,false,CURRENTLY_UNREVIEWED,true,COVAPIE_BULK_REVIEW_UNIT_C7881E5B728B2D19,CURRENTLY_UNREVIEWED,false,data/derived/covalent_small/covapie_bulk_cys_sg_model_usable_auto_admission_scaleup_v1/covapie_bulk_cys_sg_priority_human_review_queue_v1.csv,UNRESOLVED,,UNRESOLVED,,UNRESOLVED,false,true,false,false,false,NOT_ESTABLISHED,false,null,false,false,false,false,false,false,false,,false,false,,,FEATURE_SEMANTICS_AUDIT_REQUIRED_LATER
228,COVAPIE_CYS_SG_EVENT_V1:2AX0:A:CYS:366-:SG:F:5X:C1,2AX0,5X,true,true,true,false,true,true,true,true,true,false,false,CURRENT_RUNTIME_MODEL_USABLE,false,COVAPIE_BULK_REVIEW_UNIT_59100AAB78E957D9,COMPLETED_HUMAN_POSITIVE,true,data/derived/covalent_small/covapie_bulk_post_only_cys_sg_human_review_v1/covapie_post_only_human_review_decisions_v1.json,POSITIVE,data/derived/covalent_small/covapie_existing_positive_runtime_and_split_closure_v1/covapie_current_runtime_model_usable_positive_index_v1.csv,RELEVANT,data/derived/covalent_small/covapie_existing_positive_runtime_and_split_closure_v1/covapie_current_runtime_model_usable_positive_index_v1.csv,INCLUDE,false,true,true,true,true,STRICT_LINKER_PRESENT_V1,true,"[0,1,2,3,4]",true,true,false,false,true,false,true,validation,false,true,,data/derived/covalent_small/covapie_existing_positive_runtime_and_split_closure_v1/covapie_current_runtime_model_usable_positive_index_v1.csv,FEATURE_SEMANTICS_AUDIT_REQUIRED_LATER
229,COVAPIE_CYS_SG_EVENT_V1:2AX0:B:CYS:366-:SG:K:5X:C1,2AX0,5X,true,true,true,false,true,true,true,true,true,false,false,CURRENT_RUNTIME_MODEL_USABLE,false,COVAPIE_BULK_REVIEW_UNIT_59100AAB78E957D9,COMPLETED_HUMAN_POSITIVE,true,data/derived/covalent_small/covapie_bulk_post_only_cys_sg_human_review_v1/covapie_post_only_human_review_decisions_v1.json,POSITIVE,data/derived/covalent_small/covapie_existing_positive_runtime_and_split_closure_v1/covapie_current_runtime_model_usable_positive_index_v1.csv,RELEVANT,data/derived/covalent_small/covapie_existing_positive_runtime_and_split_closure_v1/covapie_current_runtime_model_usable_positive_index_v1.csv,INCLUDE,false,true,true,true,true,STRICT_LINKER_PRESENT_V1,true,"[0,1,2,3,4]",true,true,false,false,true,false,true,validation,false,true,,data/derived/covalent_small/covapie_existing_positive_runtime_and_split_closure_v1/covapie_current_runtime_model_usable_positive_index_v1.csv,FEATURE_SEMANTICS_AUDIT_REQUIRED_LATER
230,COVAPIE_CYS_SG_EVENT_V1:2AX1:A:CYS:366-:SG:G:5EE:C1,2AX1,5EE,true,true,true,false,true,true,true,true,true,false,false,CURRENTLY_UNREVIEWED,true,COVAPIE_BULK_REVIEW_UNIT_CB81A8FAB5EEF2F7,CURRENTLY_UNREVIEWED,false,data/derived/covalent_small/covapie_bulk_cys_sg_model_usable_auto_admission_scaleup_v1/covapie_bulk_cys_sg_priority_human_review_queue_v1.csv,UNRESOLVED,,UNRESOLVED,,UNRESOLVED,false,true,false,false,false,NOT_ESTABLISHED,false,null,false,false,false,false,false,false,false,,false,false,,,FEATURE_SEMANTICS_AUDIT_REQUIRED_LATER
231,COVAPIE_CYS_SG_EVENT_V1:2AX1:B:CYS:366-:SG:L:5EE:C1,2AX1,5EE,true,true,true,false,true,true,true,true,true,false,false,CURRENTLY_UNREVIEWED,true,COVAPIE_BULK_REVIEW_UNIT_CB81A8FAB5EEF2F7,CURRENTLY_UNREVIEWED,false,data/derived/covalent_small/covapie_bulk_cys_sg_model_usable_auto_admission_scaleup_v1/covapie_bulk_cys_sg_priority_human_review_queue_v1.csv,UNRESOLVED,,UNRESOLVED,,UNRESOLVED,false,true,false,false,false,NOT_ESTABLISHED,false,null,false,false,false,false,false,false,false,,false,false,,,FEATURE_SEMANTICS_AUDIT_REQUIRED_LATER
232,COVAPIE_CYS_SG_EVENT_V1:2BBQ:A:CYS:146-:SG:C:UMP:C6,2BBQ,UMP,true,true,true,false,true,true,true,true,true,false,false,PUBLISHED_EXACT_AUTO_NEGATIVE,false,,NOT_IN_HUMAN_REVIEW_POPULATION,false,,NOT_ESTABLISHED,data/derived/covalent_small/covapie_bulk_cys_sg_model_usable_auto_admission_scaleup_v1/covapie_bulk_cys_sg_cumulative_1000_model_usable_census_v1.csv,NOT_RELEVANT,data/derived/covalent_small/covapie_bulk_cys_sg_model_usable_auto_admission_scaleup_v1/covapie_bulk_cys_sg_cumulative_1000_model_usable_census_v1.csv,NOT_APPLICABLE,false,true,false,false,false,NOT_ESTABLISHED,false,null,false,false,false,false,false,false,false,,false,false,,,FEATURE_SEMANTICS_AUDIT_REQUIRED_LATER
233,COVAPIE_CYS_SG_EVENT_V1:2BBQ:B:CYS:146-:SG:E:UMP:C6,2BBQ,UMP,true,true,true,false,true,true,true,true,true,false,false,PUBLISHED_EXACT_AUTO_NEGATIVE,false,,NOT_IN_HUMAN_REVIEW_POPULATION,false,,NOT_ESTABLISHED,data/derived/covalent_small/covapie_bulk_cys_sg_model_usable_auto_admission_scaleup_v1/covapie_bulk_cys_sg_cumulative_1000_model_usable_census_v1.csv,NOT_RELEVANT,data/derived/covalent_small/covapie_bulk_cys_sg_model_usable_auto_admission_scaleup_v1/covapie_bulk_cys_sg_cumulative_1000_model_usable_census_v1.csv,NOT_APPLICABLE,false,true,false,false,false,NOT_ESTABLISHED,false,null,false,false,false,false,false,false,false,,false,false,,,FEATURE_SEMANTICS_AUDIT_REQUIRED_LATER
234,COVAPIE_CYS_SG_EVENT_V1:2BDL:A:CYS:25-:SG:B:4PR:C19,2BDL,4PR,true,true,true,false,true,true,true,true,true,false,false,LEAKAGE_EXISTING_GROUP_CONFLICT,false,,NOT_IN_HUMAN_REVIEW_POPULATION,false,,UNRESOLVED,,UNRESOLVED,,UNRESOLVED,false,true,false,false,false,NOT_ESTABLISHED,false,null,false,false,false,false,false,false,false,,false,false,,,FEATURE_SEMANTICS_AUDIT_REQUIRED_LATER
235,COVAPIE_CYS_SG_EVENT_V1:2BDZ:A:CYS:25-:SG:E:E64:C2,2BDZ,E64,true,true,true,false,true,true,true,true,true,false,false,LEAKAGE_EXISTING_GROUP_CONFLICT,false,,NOT_IN_HUMAN_REVIEW_POPULATION,false,,UNRESOLVED,,UNRESOLVED,,UNRESOLVED,false,true,false,false,false,NOT_ESTABLISHED,false,null,false,false,false,false,false,false,false,,false,false,,,FEATURE_SEMANTICS_AUDIT_REQUIRED_LATER
236,COVAPIE_CYS_SG_EVENT_V1:2BDZ:B:CYS:25-:SG:F:E64:C2,2BDZ,E64,true,true,true,false,true,true,true,true,true,false,false,LEAKAGE_EXISTING_GROUP_CONFLICT,false,,NOT_IN_HUMAN_REVIEW_POPULATION,false,,UNRESOLVED,,UNRESOLVED,,UNRESOLVED,false,true,false,false,false,NOT_ESTABLISHED,false,null,false,false,false,false,false,false,false,,false,false,,,FEATURE_SEMANTICS_AUDIT_REQUIRED_LATER
237,COVAPIE_CYS_SG_EVENT_V1:2BDZ:C:CYS:25-:SG:G:E64:C2,2BDZ,E64,true,true,true,false,true,true,true,true,true,false,false,LEAKAGE_EXISTING_GROUP_CONFLICT,false,,NOT_IN_HUMAN_REVIEW_POPULATION,false,,UNRESOLVED,,UNRESOLVED,,UNRESOLVED,false,true,false,false,false,NOT_ESTABLISHED,false,null,false,false,false,false,false,false,false,,false,false,,,FEATURE_SEMANTICS_AUDIT_REQUIRED_LATER
238,COVAPIE_CYS_SG_EVENT_V1:2BDZ:D:CYS:25-:SG:H:E64:C2,2BDZ,E64,true,true,true,false,true,true,true,true,true,false,false,LEAKAGE_EXISTING_GROUP_CONFLICT,false,,NOT_IN_HUMAN_REVIEW_POPULATION,false,,UNRESOLVED,,UNRESOLVED,,UNRESOLVED,false,true,false,false,false,NOT_ESTABLISHED,false,null,false,false,false,false,false,false,false,,false,false,,,FEATURE_SEMANTICS_AUDIT_REQUIRED_LATER
239,COVAPIE_CYS_SG_EVENT_V1:2C6Q:D:CYS:186-:SG:O:IMP:C2,2C6Q,IMP,true,true,true,false,true,true,true,true,true,false,false,CURRENTLY_UNREVIEWED,true,COVAPIE_BULK_REVIEW_UNIT_AAFC22DB88292B60,CURRENTLY_UNREVIEWED,false,data/derived/covalent_small/covapie_bulk_cys_sg_model_usable_auto_admission_scaleup_v1/covapie_bulk_cys_sg_priority_human_review_queue_v1.csv,UNRESOLVED,,UNRESOLVED,,UNRESOLVED,false,true,false,false,false,NOT_ESTABLISHED,false,null,false,false,false,false,false,false,false,,false,false,,,FEATURE_SEMANTICS_AUDIT_REQUIRED_LATER
240,COVAPIE_CYS_SG_EVENT_V1:2DC6:A:CYS:29-:SG:C:73V:C2,2DC6,73V,true,true,true,false,true,true,true,true,true,false,false,LEAKAGE_EXISTING_GROUP_CONFLICT,false,,NOT_IN_HUMAN_REVIEW_POPULATION,false,,UNRESOLVED,,UNRESOLVED,,UNRESOLVED,false,true,false,false,false,NOT_ESTABLISHED,false,null,false,false,false,false,false,false,false,,false,false,,,FEATURE_SEMANTICS_AUDIT_REQUIRED_LATER
241,COVAPIE_CYS_SG_EVENT_V1:2DC7:A:CYS:29-:SG:C:042:C3,2DC7,042,true,true,true,false,true,true,true,true,true,false,false,LEAKAGE_EXISTING_GROUP_CONFLICT,false,,NOT_IN_HUMAN_REVIEW_POPULATION,false,,UNRESOLVED,,UNRESOLVED,,UNRESOLVED,false,true,false,false,false,NOT_ESTABLISHED,false,null,false,false,false,false,false,false,false,,false,false,,,FEATURE_SEMANTICS_AUDIT_REQUIRED_LATER
242,COVAPIE_CYS_SG_EVENT_V1:2DC8:A:CYS:29-:SG:C:59A:C3,2DC8,59A,true,true,true,false,true,true,true,true,true,false,false,LEAKAGE_EXISTING_GROUP_CONFLICT,false,,NOT_IN_HUMAN_REVIEW_POPULATION,false,,UNRESOLVED,,UNRESOLVED,,UNRESOLVED,false,true,false,false,false,NOT_ESTABLISHED,false,null,false,false,false,false,false,false,false,,false,false,,,FEATURE_SEMANTICS_AUDIT_REQUIRED_LATER
243,COVAPIE_CYS_SG_EVENT_V1:2DC9:A:CYS:29-:SG:C:74M:C3,2DC9,74M,true,true,true,false,true,true,true,true,true,false,false,LEAKAGE_EXISTING_GROUP_CONFLICT,false,,NOT_IN_HUMAN_REVIEW_POPULATION,false,,UNRESOLVED,,UNRESOLVED,,UNRESOLVED,false,true,false,false,false,NOT_ESTABLISHED,false,null,false,false,false,false,false,false,false,,false,false,,,FEATURE_SEMANTICS_AUDIT_REQUIRED_LATER
244,COVAPIE_CYS_SG_EVENT_V1:2DCA:A:CYS:29-:SG:C:75V:C3,2DCA,75V,true,true,true,false,true,true,true,true,true,false,false,LEAKAGE_EXISTING_GROUP_CONFLICT,false,,NOT_IN_HUMAN_REVIEW_POPULATION,false,,UNRESOLVED,,UNRESOLVED,,UNRESOLVED,false,true,false,false,false,NOT_ESTABLISHED,false,null,false,false,false,false,false,false,false,,false,false,,,FEATURE_SEMANTICS_AUDIT_REQUIRED_LATER
245,COVAPIE_CYS_SG_EVENT_V1:2DCB:A:CYS:29-:SG:C:76V:C3,2DCB,76V,true,true,true,false,true,true,true,true,true,false,false,LEAKAGE_EXISTING_GROUP_CONFLICT,false,,NOT_IN_HUMAN_REVIEW_POPULATION,false,,UNRESOLVED,,UNRESOLVED,,UNRESOLVED,false,true,false,false,false,NOT_ESTABLISHED,false,null,false,false,false,false,false,false,false,,false,false,,,FEATURE_SEMANTICS_AUDIT_REQUIRED_LATER
246,COVAPIE_CYS_SG_EVENT_V1:2DCC:A:CYS:29-:SG:C:77B:C2,2DCC,77B,true,true,true,false,true,true,true,true,true,false,false,LEAKAGE_EXISTING_GROUP_CONFLICT,false,,NOT_IN_HUMAN_REVIEW_POPULATION,false,,UNRESOLVED,,UNRESOLVED,,UNRESOLVED,false,true,false,false,false,NOT_ESTABLISHED,false,null,false,false,false,false,false,false,false,,false,false,,,FEATURE_SEMANTICS_AUDIT_REQUIRED_LATER
247,COVAPIE_CYS_SG_EVENT_V1:2DCD:A:CYS:29-:SG:C:78A:C3,2DCD,78A,true,true,true,false,true,true,true,true,true,false,false,LEAKAGE_EXISTING_GROUP_CONFLICT,false,,NOT_IN_HUMAN_REVIEW_POPULATION,false,,UNRESOLVED,,UNRESOLVED,,UNRESOLVED,false,true,false,false,false,NOT_ESTABLISHED,false,null,false,false,false,false,false,false,false,,false,false,,,FEATURE_SEMANTICS_AUDIT_REQUIRED_LATER
248,COVAPIE_CYS_SG_EVENT_V1:2DW5:A:CYS:645-:SG:J:BFB:CAP,2DW5,BFB,true,true,true,false,true,true,true,true,true,false,false,LEAKAGE_EXISTING_GROUP_CONFLICT,false,,NOT_IN_HUMAN_REVIEW_POPULATION,false,,UNRESOLVED,,UNRESOLVED,,UNRESOLVED,false,true,false,false,false,NOT_ESTABLISHED,false,null,false,false,false,false,false,false,false,,false,false,,,FEATURE_SEMANTICS_AUDIT_REQUIRED_LATER
249,COVAPIE_CYS_SG_EVENT_V1:2EFT:A:CYS:112-:SG:E:MEE:S,2EFT,MEE,true,true,true,false,true,true,true,true,true,false,false,COMPLETED_HUMAN_NEGATIVE,false,COVAPIE_BULK_REVIEW_UNIT_164B59C21643F70A,COMPLETED_HUMAN_NEGATIVE,true,data/derived/covalent_small/covapie_bulk_post_only_cys_sg_human_review_v1/covapie_post_only_human_review_decisions_v1.json,NOT_ESTABLISHED,data/derived/covalent_small/covapie_bulk_post_only_cys_sg_human_review_v1/covapie_post_only_human_review_decisions_v1.json,NOT_RELEVANT,data/derived/covalent_small/covapie_bulk_post_only_cys_sg_human_review_v1/covapie_post_only_human_review_decisions_v1.json,NOT_APPLICABLE,false,true,false,false,false,NOT_ESTABLISHED,false,null,false,false,false,false,false,false,false,,false,false,,,FEATURE_SEMANTICS_AUDIT_REQUIRED_LATER
250,COVAPIE_CYS_SG_EVENT_V1:2EFT:B:CYS:103-:SG:G:MEE:S,2EFT,MEE,true,true,true,false,true,true,true,true,true,false,false,COMPLETED_HUMAN_NEGATIVE,false,COVAPIE_BULK_REVIEW_UNIT_164B59C21643F70A,COMPLETED_HUMAN_NEGATIVE,true,data/derived/covalent_small/covapie_bulk_post_only_cys_sg_human_review_v1/covapie_post_only_human_review_decisions_v1.json,NOT_ESTABLISHED,data/derived/covalent_small/covapie_bulk_post_only_cys_sg_human_review_v1/covapie_post_only_human_review_decisions_v1.json,NOT_RELEVANT,data/derived/covalent_small/covapie_bulk_post_only_cys_sg_human_review_v1/covapie_post_only_human_review_decisions_v1.json,NOT_APPLICABLE,false,true,false,false,false,NOT_ESTABLISHED,false,null,false,false,false,false,false,false,false,,false,false,,,FEATURE_SEMANTICS_AUDIT_REQUIRED_LATER
251,COVAPIE_CYS_SG_EVENT_V1:2F7D:A:CYS:25-:SG:B:NOQ:C20,2F7D,NOQ,true,true,true,false,true,true,true,true,true,false,false,LEAKAGE_EXISTING_GROUP_CONFLICT,false,,NOT_IN_HUMAN_REVIEW_POPULATION,false,,UNRESOLVED,,UNRESOLVED,,UNRESOLVED,false,true,false,false,false,NOT_ESTABLISHED,false,null,false,false,false,false,false,false,false,,false,false,,,FEATURE_SEMANTICS_AUDIT_REQUIRED_LATER
252,COVAPIE_CYS_SG_EVENT_V1:2FQ9:A:CYS:25-:SG:C:CRJ:C32,2FQ9,CRJ,true,true,true,false,true,true,true,true,true,false,false,CURRENTLY_UNREVIEWED,true,COVAPIE_BULK_REVIEW_UNIT_57FF17B34C94F78F,CURRENTLY_UNREVIEWED,false,data/derived/covalent_small/covapie_bulk_cys_sg_model_usable_auto_admission_scaleup_v1/covapie_bulk_cys_sg_priority_human_review_queue_v1.csv,UNRESOLVED,,UNRESOLVED,,UNRESOLVED,false,true,false,false,false,NOT_ESTABLISHED,false,null,false,false,false,false,false,false,false,,false,false,,,FEATURE_SEMANTICS_AUDIT_REQUIRED_LATER
253,COVAPIE_CYS_SG_EVENT_V1:2FQ9:B:CYS:25-:SG:D:CRJ:C32,2FQ9,CRJ,true,true,true,false,true,true,true,true,true,false,false,CURRENTLY_UNREVIEWED,true,COVAPIE_BULK_REVIEW_UNIT_57FF17B34C94F78F,CURRENTLY_UNREVIEWED,false,data/derived/covalent_small/covapie_bulk_cys_sg_model_usable_auto_admission_scaleup_v1/covapie_bulk_cys_sg_priority_human_review_queue_v1.csv,UNRESOLVED,,UNRESOLVED,,UNRESOLVED,false,true,false,false,false,NOT_ESTABLISHED,false,null,false,false,false,false,false,false,false,,false,false,,,FEATURE_SEMANTICS_AUDIT_REQUIRED_LATER
254,COVAPIE_CYS_SG_EVENT_V1:2FQQ:B:CYS:331-:SG:C:F1G:S1,2FQQ,F1G,true,false,false,false,false,false,false,false,false,false,false,STRUCTURAL_EVIDENCE_INCOMPLETE,false,,NOT_IN_HUMAN_REVIEW_POPULATION,false,,UNRESOLVED,,UNRESOLVED,,UNRESOLVED,false,false,false,false,false,NOT_ESTABLISHED,false,null,false,false,false,false,false,false,false,,false,false,,,FEATURE_SEMANTICS_AUDIT_REQUIRED_LATER
255,COVAPIE_CYS_SG_EVENT_V1:2FRA:A:CYS:25-:SG:C:CRV:C16,2FRA,CRV,true,true,true,false,true,true,true,true,true,false,false,LEAKAGE_EXISTING_GROUP_CONFLICT,false,,NOT_IN_HUMAN_REVIEW_POPULATION,false,,UNRESOLVED,,UNRESOLVED,,UNRESOLVED,false,true,false,false,false,NOT_ESTABLISHED,false,null,false,false,false,false,false,false,false,,false,false,,,FEATURE_SEMANTICS_AUDIT_REQUIRED_LATER
256,COVAPIE_CYS_SG_EVENT_V1:2FRA:B:CYS:25-:SG:D:CRV:C16,2FRA,CRV,true,true,true,false,true,true,true,true,true,false,false,LEAKAGE_EXISTING_GROUP_CONFLICT,false,,NOT_IN_HUMAN_REVIEW_POPULATION,false,,UNRESOLVED,,UNRESOLVED,,UNRESOLVED,false,true,false,false,false,NOT_ESTABLISHED,false,null,false,false,false,false,false,false,false,,false,false,,,FEATURE_SEMANTICS_AUDIT_REQUIRED_LATER
257,COVAPIE_CYS_SG_EVENT_V1:2FRQ:A:CYS:25-:SG:C:C71:C16,2FRQ,C71,true,true,true,false,true,true,true,true,true,false,false,LEAKAGE_EXISTING_GROUP_CONFLICT,false,,NOT_IN_HUMAN_REVIEW_POPULATION,false,,UNRESOLVED,,UNRESOLVED,,UNRESOLVED,false,true,false,false,false,NOT_ESTABLISHED,false,null,false,false,false,false,false,false,false,,false,false,,,FEATURE_SEMANTICS_AUDIT_REQUIRED_LATER
258,COVAPIE_CYS_SG_EVENT_V1:2FRQ:B:CYS:25-:SG:D:C71:C16,2FRQ,C71,true,true,true,false,true,true,true,true,true,false,false,LEAKAGE_EXISTING_GROUP_CONFLICT,false,,NOT_IN_HUMAN_REVIEW_POPULATION,false,,UNRESOLVED,,UNRESOLVED,,UNRESOLVED,false,true,false,false,false,NOT_ESTABLISHED,false,null,false,false,false,false,false,false,false,,false,false,,,FEATURE_SEMANTICS_AUDIT_REQUIRED_LATER
259,COVAPIE_CYS_SG_EVENT_V1:2FT2:A:CYS:25-:SG:C:C28:C31,2FT2,C28,true,true,true,false,true,true,true,true,true,false,false,LEAKAGE_EXISTING_GROUP_CONFLICT,false,,NOT_IN_HUMAN_REVIEW_POPULATION,false,,UNRESOLVED,,UNRESOLVED,,UNRESOLVED,false,true,false,false,false,NOT_ESTABLISHED,false,null,false,false,false,false,false,false,false,,false,false,,,FEATURE_SEMANTICS_AUDIT_REQUIRED_LATER
260,COVAPIE_CYS_SG_EVENT_V1:2FT2:B:CYS:25-:SG:D:C28:C31,2FT2,C28,true,true,true,false,true,true,true,true,true,false,false,LEAKAGE_EXISTING_GROUP_CONFLICT,false,,NOT_IN_HUMAN_REVIEW_POPULATION,false,,UNRESOLVED,,UNRESOLVED,,UNRESOLVED,false,true,false,false,false,NOT_ESTABLISHED,false,null,false,false,false,false,false,false,false,,false,false,,,FEATURE_SEMANTICS_AUDIT_REQUIRED_LATER
261,COVAPIE_CYS_SG_EVENT_V1:2FTD:A:CYS:25-:SG:C:ILI:C12,2FTD,ILI,true,true,true,false,true,true,true,true,true,false,false,LEAKAGE_EXISTING_GROUP_CONFLICT,false,,NOT_IN_HUMAN_REVIEW_POPULATION,false,,UNRESOLVED,,UNRESOLVED,,UNRESOLVED,false,true,false,false,false,NOT_ESTABLISHED,false,null,false,false,false,false,false,false,false,,false,false,,,FEATURE_SEMANTICS_AUDIT_REQUIRED_LATER
262,COVAPIE_CYS_SG_EVENT_V1:2FTD:B:CYS:25-:SG:D:ILI:C12,2FTD,ILI,true,true,true,false,true,true,true,true,true,false,false,LEAKAGE_EXISTING_GROUP_CONFLICT,false,,NOT_IN_HUMAN_REVIEW_POPULATION,false,,UNRESOLVED,,UNRESOLVED,,UNRESOLVED,false,true,false,false,false,NOT_ESTABLISHED,false,null,false,false,false,false,false,false,false,,false,false,,,FEATURE_SEMANTICS_AUDIT_REQUIRED_LATER
263,COVAPIE_CYS_SG_EVENT_V1:2FUD:A:CYS:25-:SG:C:CRL:C9,2FUD,CRL,true,true,true,false,true,false,false,false,true,false,true,REJECTED_FEATURE_INCOMPATIBLE,false,,NOT_IN_HUMAN_REVIEW_POPULATION,false,,UNRESOLVED,,UNRESOLVED,,UNRESOLVED,false,false,false,false,false,NOT_ESTABLISHED,false,null,false,false,false,false,false,false,false,,false,false,,,FEATURE_SEMANTICS_AUDIT_REQUIRED_LATER
264,COVAPIE_CYS_SG_EVENT_V1:2FUD:B:CYS:25-:SG:D:CRL:C9,2FUD,CRL,true,true,true,false,true,false,false,false,true,false,true,REJECTED_FEATURE_INCOMPATIBLE,false,,NOT_IN_HUMAN_REVIEW_POPULATION,false,,UNRESOLVED,,UNRESOLVED,,UNRESOLVED,false,false,false,false,false,NOT_ESTABLISHED,false,null,false,false,false,false,false,false,false,,false,false,,,FEATURE_SEMANTICS_AUDIT_REQUIRED_LATER
265,COVAPIE_CYS_SG_EVENT_V1:2FYE:A:CYS:25-:SG:B:BCQ:CT,2FYE,BCQ,true,true,true,false,true,true,true,true,true,false,false,LEAKAGE_EXISTING_GROUP_CONFLICT,false,,NOT_IN_HUMAN_REVIEW_POPULATION,false,,UNRESOLVED,,UNRESOLVED,,UNRESOLVED,false,true,false,false,false,NOT_ESTABLISHED,false,null,false,false,false,false,false,false,false,,false,false,,,FEATURE_SEMANTICS_AUDIT_REQUIRED_LATER
266,COVAPIE_CYS_SG_EVENT_V1:2G6D:A:CYS:25-:SG:B:MQQ:CT,2G6D,MQQ,true,true,true,false,true,true,true,true,true,false,false,LEAKAGE_EXISTING_GROUP_CONFLICT,false,,NOT_IN_HUMAN_REVIEW_POPULATION,false,,UNRESOLVED,,UNRESOLVED,,UNRESOLVED,false,true,false,false,false,NOT_ESTABLISHED,false,null,false,false,false,false,false,false,false,,false,false,,,FEATURE_SEMANTICS_AUDIT_REQUIRED_LATER
267,COVAPIE_CYS_SG_EVENT_V1:2G8E:A:CYS:115-:SG:D:0M6:CAX,2G8E,0M6,true,true,true,false,true,true,true,true,true,false,false,LEAKAGE_EXISTING_GROUP_CONFLICT,false,,NOT_IN_HUMAN_REVIEW_POPULATION,false,,UNRESOLVED,,UNRESOLVED,,UNRESOLVED,false,true,false,false,false,NOT_ESTABLISHED,false,null,false,false,false,false,false,false,false,,false,false,,,FEATURE_SEMANTICS_AUDIT_REQUIRED_LATER
268,COVAPIE_CYS_SG_EVENT_V1:2G8J:A:CYS:115-:SG:D:D7G:C1,2G8J,D7G,true,true,true,false,true,true,true,true,true,false,false,LEAKAGE_EXISTING_GROUP_CONFLICT,false,,NOT_IN_HUMAN_REVIEW_POPULATION,false,,UNRESOLVED,,UNRESOLVED,,UNRESOLVED,false,true,false,false,false,NOT_ESTABLISHED,false,null,false,false,false,false,false,false,false,,false,false,,,FEATURE_SEMANTICS_AUDIT_REQUIRED_LATER
269,COVAPIE_CYS_SG_EVENT_V1:2GH5:A:CYS:58-:SG:E:ELI:C17,2GH5,ELI,true,true,true,false,true,true,true,true,true,false,false,CURRENTLY_UNREVIEWED,true,COVAPIE_BULK_REVIEW_UNIT_A3B1026F5FBAFB4A,CURRENTLY_UNREVIEWED,false,data/derived/covalent_small/covapie_bulk_cys_sg_model_usable_auto_admission_scaleup_v1/covapie_bulk_cys_sg_priority_human_review_queue_v1.csv,UNRESOLVED,,UNRESOLVED,,UNRESOLVED,false,true,false,false,false,NOT_ESTABLISHED,false,null,false,false,false,false,false,false,false,,false,false,,,FEATURE_SEMANTICS_AUDIT_REQUIRED_LATER
270,COVAPIE_CYS_SG_EVENT_V1:2GH5:B:CYS:58-:SG:N:ELI:C17,2GH5,ELI,true,true,true,false,true,true,true,true,true,false,false,CURRENTLY_UNREVIEWED,true,COVAPIE_BULK_REVIEW_UNIT_A3B1026F5FBAFB4A,CURRENTLY_UNREVIEWED,false,data/derived/covalent_small/covapie_bulk_cys_sg_model_usable_auto_admission_scaleup_v1/covapie_bulk_cys_sg_priority_human_review_queue_v1.csv,UNRESOLVED,,UNRESOLVED,,UNRESOLVED,false,true,false,false,false,NOT_ESTABLISHED,false,null,false,false,false,false,false,false,false,,false,false,,,FEATURE_SEMANTICS_AUDIT_REQUIRED_LATER
271,COVAPIE_CYS_SG_EVENT_V1:2GKE:A:CYS:73-:SG:B:ZDP:CAN,2GKE,ZDP,true,false,false,false,false,false,false,false,false,false,false,STRUCTURAL_EVIDENCE_INCOMPLETE,false,,NOT_IN_HUMAN_REVIEW_POPULATION,false,,UNRESOLVED,,UNRESOLVED,,UNRESOLVED,false,false,false,false,false,NOT_ESTABLISHED,false,null,false,false,false,false,false,false,false,,false,false,,,FEATURE_SEMANTICS_AUDIT_REQUIRED_LATER
272,COVAPIE_CYS_SG_EVENT_V1:2GKJ:A:CYS:217-:SG:B:ZDR:CAN,2GKJ,ZDR,true,false,false,false,false,false,false,false,false,false,false,STRUCTURAL_EVIDENCE_INCOMPLETE,false,,NOT_IN_HUMAN_REVIEW_POPULATION,false,,UNRESOLVED,,UNRESOLVED,,UNRESOLVED,false,false,false,false,false,NOT_ESTABLISHED,false,null,false,false,false,false,false,false,false,,false,false,,,FEATURE_SEMANTICS_AUDIT_REQUIRED_LATER
273,COVAPIE_CYS_SG_EVENT_V1:2GTB:A:CYS:145-:SG:B:AZP:CBM,2GTB,AZP,true,false,false,false,false,false,false,false,false,false,false,STRUCTURAL_EVIDENCE_INCOMPLETE,false,,NOT_IN_HUMAN_REVIEW_POPULATION,false,,UNRESOLVED,,UNRESOLVED,,UNRESOLVED,false,false,false,false,false,NOT_ESTABLISHED,false,null,false,false,false,false,false,false,false,,false,false,,,FEATURE_SEMANTICS_AUDIT_REQUIRED_LATER
274,COVAPIE_CYS_SG_EVENT_V1:2GX4:A:CYS:145-:SG:B:NOL:C35,2GX4,NOL,true,false,false,false,false,false,false,false,false,false,false,STRUCTURAL_EVIDENCE_INCOMPLETE,false,,NOT_IN_HUMAN_REVIEW_POPULATION,false,,UNRESOLVED,,UNRESOLVED,,UNRESOLVED,false,false,false,false,false,NOT_ESTABLISHED,false,null,false,false,false,false,false,false,false,,false,false,,,FEATURE_SEMANTICS_AUDIT_REQUIRED_LATER
275,COVAPIE_CYS_SG_EVENT_V1:2GYO:A:CYS:112-:SG:D:MEE:S,2GYO,MEE,true,false,false,false,false,false,false,false,false,false,false,STRUCTURAL_EVIDENCE_INCOMPLETE,false,,NOT_IN_HUMAN_REVIEW_POPULATION,false,,UNRESOLVED,,UNRESOLVED,,UNRESOLVED,false,false,false,false,false,NOT_ESTABLISHED,false,null,false,false,false,false,false,false,false,,false,false,,,FEATURE_SEMANTICS_AUDIT_REQUIRED_LATER
276,COVAPIE_CYS_SG_EVENT_V1:2GZ3:A:CYS:128-:SG:F:AS2:CG,2GZ3,AS2,true,true,true,false,true,true,true,true,true,false,false,COMPLETED_HUMAN_NEGATIVE,true,COVAPIE_BULK_REVIEW_UNIT_ECD4EA720B433528,COMPLETED_HUMAN_NEGATIVE,true,data/derived/covalent_small/covapie_batch001_completed_decision_ingestion_and_task_label_availability_v1/covapie_batch001_completed_human_decision_snapshot_v1.json,NOT_ESTABLISHED,data/derived/covalent_small/covapie_batch001_completed_decision_ingestion_and_task_label_availability_v1/covapie_batch001_completed_human_decision_snapshot_v1.json,NOT_RELEVANT,data/derived/covalent_small/covapie_batch001_completed_decision_ingestion_and_task_label_availability_v1/covapie_batch001_completed_human_decision_snapshot_v1.json,NOT_APPLICABLE,false,true,false,false,false,NOT_ESTABLISHED,false,null,false,false,false,false,false,false,false,,false,false,,,FEATURE_SEMANTICS_AUDIT_REQUIRED_LATER
277,COVAPIE_CYS_SG_EVENT_V1:2GZ3:B:CYS:128-:SG:H:AS2:CG,2GZ3,AS2,true,true,true,false,true,true,true,true,true,false,false,COMPLETED_HUMAN_NEGATIVE,true,COVAPIE_BULK_REVIEW_UNIT_ECD4EA720B433528,COMPLETED_HUMAN_NEGATIVE,true,data/derived/covalent_small/covapie_batch001_completed_decision_ingestion_and_task_label_availability_v1/covapie_batch001_completed_human_decision_snapshot_v1.json,NOT_ESTABLISHED,data/derived/covalent_small/covapie_batch001_completed_decision_ingestion_and_task_label_availability_v1/covapie_batch001_completed_human_decision_snapshot_v1.json,NOT_RELEVANT,data/derived/covalent_small/covapie_batch001_completed_decision_ingestion_and_task_label_availability_v1/covapie_batch001_completed_human_decision_snapshot_v1.json,NOT_APPLICABLE,false,true,false,false,false,NOT_ESTABLISHED,false,null,false,false,false,false,false,false,false,,false,false,,,FEATURE_SEMANTICS_AUDIT_REQUIRED_LATER
278,COVAPIE_CYS_SG_EVENT_V1:2GZ3:C:CYS:128-:SG:J:AS2:CG,2GZ3,AS2,true,true,true,false,true,true,true,true,true,false,false,COMPLETED_HUMAN_NEGATIVE,true,COVAPIE_BULK_REVIEW_UNIT_ECD4EA720B433528,COMPLETED_HUMAN_NEGATIVE,true,data/derived/covalent_small/covapie_batch001_completed_decision_ingestion_and_task_label_availability_v1/covapie_batch001_completed_human_decision_snapshot_v1.json,NOT_ESTABLISHED,data/derived/covalent_small/covapie_batch001_completed_decision_ingestion_and_task_label_availability_v1/covapie_batch001_completed_human_decision_snapshot_v1.json,NOT_RELEVANT,data/derived/covalent_small/covapie_batch001_completed_decision_ingestion_and_task_label_availability_v1/covapie_batch001_completed_human_decision_snapshot_v1.json,NOT_APPLICABLE,false,true,false,false,false,NOT_ESTABLISHED,false,null,false,false,false,false,false,false,false,,false,false,,,FEATURE_SEMANTICS_AUDIT_REQUIRED_LATER
279,COVAPIE_CYS_SG_EVENT_V1:2GZ3:D:CYS:128-:SG:L:AS2:CG,2GZ3,AS2,true,true,true,false,true,true,true,true,true,false,false,COMPLETED_HUMAN_NEGATIVE,true,COVAPIE_BULK_REVIEW_UNIT_ECD4EA720B433528,COMPLETED_HUMAN_NEGATIVE,true,data/derived/covalent_small/covapie_batch001_completed_decision_ingestion_and_task_label_availability_v1/covapie_batch001_completed_human_decision_snapshot_v1.json,NOT_ESTABLISHED,data/derived/covalent_small/covapie_batch001_completed_decision_ingestion_and_task_label_availability_v1/covapie_batch001_completed_human_decision_snapshot_v1.json,NOT_RELEVANT,data/derived/covalent_small/covapie_batch001_completed_decision_ingestion_and_task_label_availability_v1/covapie_batch001_completed_human_decision_snapshot_v1.json,NOT_APPLICABLE,false,true,false,false,false,NOT_ESTABLISHED,false,null,false,false,false,false,false,false,false,,false,false,,,FEATURE_SEMANTICS_AUDIT_REQUIRED_LATER
280,COVAPIE_CYS_SG_EVENT_V1:2HWO:A:CYS:345-:SG:C:RBS:C51,2HWO,RBS,true,true,true,false,true,true,true,true,true,false,false,CURRENTLY_UNREVIEWED,true,COVAPIE_BULK_REVIEW_UNIT_F9447F8F5D8C3AE5,CURRENTLY_UNREVIEWED,false,data/derived/covalent_small/covapie_bulk_cys_sg_model_usable_auto_admission_scaleup_v1/covapie_bulk_cys_sg_priority_human_review_queue_v1.csv,UNRESOLVED,,UNRESOLVED,,UNRESOLVED,false,true,false,false,false,NOT_ESTABLISHED,false,null,false,false,false,false,false,false,false,,false,false,,,FEATURE_SEMANTICS_AUDIT_REQUIRED_LATER
281,COVAPIE_CYS_SG_EVENT_V1:2HWO:B:CYS:345-:SG:D:RBS:C51,2HWO,RBS,true,true,true,false,true,true,true,true,true,false,false,CURRENTLY_UNREVIEWED,true,COVAPIE_BULK_REVIEW_UNIT_F9447F8F5D8C3AE5,CURRENTLY_UNREVIEWED,false,data/derived/covalent_small/covapie_bulk_cys_sg_model_usable_auto_admission_scaleup_v1/covapie_bulk_cys_sg_priority_human_review_queue_v1.csv,UNRESOLVED,,UNRESOLVED,,UNRESOLVED,false,true,false,false,false,NOT_ESTABLISHED,false,null,false,false,false,false,false,false,false,,false,false,,,FEATURE_SEMANTICS_AUDIT_REQUIRED_LATER
282,COVAPIE_CYS_SG_EVENT_V1:2HWP:A:CYS:345-:SG:C:DJK:C51,2HWP,DJK,true,true,true,false,true,true,true,true,true,false,false,CURRENTLY_UNREVIEWED,true,COVAPIE_BULK_REVIEW_UNIT_0E25EAA0EAED92E1,CURRENTLY_UNREVIEWED,false,data/derived/covalent_small/covapie_bulk_cys_sg_model_usable_auto_admission_scaleup_v1/covapie_bulk_cys_sg_priority_human_review_queue_v1.csv,UNRESOLVED,,UNRESOLVED,,UNRESOLVED,false,true,false,false,false,NOT_ESTABLISHED,false,null,false,false,false,false,false,false,false,,false,false,,,FEATURE_SEMANTICS_AUDIT_REQUIRED_LATER
283,COVAPIE_CYS_SG_EVENT_V1:2HWP:B:CYS:345-:SG:D:DJK:C51,2HWP,DJK,true,true,true,false,true,true,true,true,true,false,false,CURRENTLY_UNREVIEWED,true,COVAPIE_BULK_REVIEW_UNIT_0E25EAA0EAED92E1,CURRENTLY_UNREVIEWED,false,data/derived/covalent_small/covapie_bulk_cys_sg_model_usable_auto_admission_scaleup_v1/covapie_bulk_cys_sg_priority_human_review_queue_v1.csv,UNRESOLVED,,UNRESOLVED,,UNRESOLVED,false,true,false,false,false,NOT_ESTABLISHED,false,null,false,false,false,false,false,false,false,,false,false,,,FEATURE_SEMANTICS_AUDIT_REQUIRED_LATER
284,COVAPIE_CYS_SG_EVENT_V1:2HXZ:A:CYS:25-:SG:E:H7J:C,2HXZ,H7J,true,true,true,false,true,true,true,true,true,false,false,LEAKAGE_EXISTING_GROUP_CONFLICT,false,,NOT_IN_HUMAN_REVIEW_POPULATION,false,,UNRESOLVED,,UNRESOLVED,,UNRESOLVED,false,true,false,false,false,NOT_ESTABLISHED,false,null,false,false,false,false,false,false,false,,false,false,,,FEATURE_SEMANTICS_AUDIT_REQUIRED_LATER
285,COVAPIE_CYS_SG_EVENT_V1:2HXZ:B:CYS:25-:SG:F:H7J:C,2HXZ,H7J,true,true,true,false,true,true,true,true,true,false,false,LEAKAGE_EXISTING_GROUP_CONFLICT,false,,NOT_IN_HUMAN_REVIEW_POPULATION,false,,UNRESOLVED,,UNRESOLVED,,UNRESOLVED,false,true,false,false,false,NOT_ESTABLISHED,false,null,false,false,false,false,false,false,false,,false,false,,,FEATURE_SEMANTICS_AUDIT_REQUIRED_LATER
286,COVAPIE_CYS_SG_EVENT_V1:2HXZ:C:CYS:25-:SG:G:H7J:C,2HXZ,H7J,true,true,true,false,true,true,true,true,true,false,false,LEAKAGE_EXISTING_GROUP_CONFLICT,false,,NOT_IN_HUMAN_REVIEW_POPULATION,false,,UNRESOLVED,,UNRESOLVED,,UNRESOLVED,false,true,false,false,false,NOT_ESTABLISHED,false,null,false,false,false,false,false,false,false,,false,false,,,FEATURE_SEMANTICS_AUDIT_REQUIRED_LATER
287,COVAPIE_CYS_SG_EVENT_V1:2IJN:A:CYS:366-:SG:C:221:S14,2IJN,221,true,true,true,false,true,true,true,true,true,false,false,LEAKAGE_EXISTING_GROUP_CONFLICT,false,,NOT_IN_HUMAN_REVIEW_POPULATION,false,,UNRESOLVED,,UNRESOLVED,,UNRESOLVED,false,true,false,false,false,NOT_ESTABLISHED,false,null,false,false,false,false,false,false,false,,false,false,,,FEATURE_SEMANTICS_AUDIT_REQUIRED_LATER
288,COVAPIE_CYS_SG_EVENT_V1:2IJN:B:CYS:366-:SG:D:221:S14,2IJN,221,true,true,true,false,true,true,true,true,true,false,false,LEAKAGE_EXISTING_GROUP_CONFLICT,false,,NOT_IN_HUMAN_REVIEW_POPULATION,false,,UNRESOLVED,,UNRESOLVED,,UNRESOLVED,false,true,false,false,false,NOT_ESTABLISHED,false,null,false,false,false,false,false,false,false,,false,false,,,FEATURE_SEMANTICS_AUDIT_REQUIRED_LATER
289,COVAPIE_CYS_SG_EVENT_V1:2IPH:A:CYS:1139-:SG:C:LGG:C30,2IPH,LGG,true,true,true,false,true,true,true,true,true,false,false,LEAKAGE_EXISTING_GROUP_CONFLICT,false,,NOT_IN_HUMAN_REVIEW_POPULATION,false,,UNRESOLVED,,UNRESOLVED,,UNRESOLVED,false,true,false,false,false,NOT_ESTABLISHED,false,null,false,false,false,false,false,false,false,,false,false,,,FEATURE_SEMANTICS_AUDIT_REQUIRED_LATER
290,COVAPIE_CYS_SG_EVENT_V1:2IPH:B:CYS:2139-:SG:D:LGG:C30,2IPH,LGG,true,true,true,false,true,true,true,true,true,false,false,LEAKAGE_EXISTING_GROUP_CONFLICT,false,,NOT_IN_HUMAN_REVIEW_POPULATION,false,,UNRESOLVED,,UNRESOLVED,,UNRESOLVED,false,true,false,false,false,NOT_ESTABLISHED,false,null,false,false,false,false,false,false,false,,false,false,,,FEATURE_SEMANTICS_AUDIT_REQUIRED_LATER
291,COVAPIE_CYS_SG_EVENT_V1:2IPP:A:CYS:29-:SG:C:PYS:S2,2IPP,PYS,true,true,true,false,true,true,true,true,true,false,false,LEAKAGE_EXISTING_GROUP_CONFLICT,false,,NOT_IN_HUMAN_REVIEW_POPULATION,false,,UNRESOLVED,,UNRESOLVED,,UNRESOLVED,false,true,false,false,false,NOT_ESTABLISHED,false,null,false,false,false,false,false,false,false,,false,false,,,FEATURE_SEMANTICS_AUDIT_REQUIRED_LATER
292,COVAPIE_CYS_SG_EVENT_V1:2J5F:A:CYS:797-:SG:B:DJK:C51,2J5F,DJK,true,false,false,false,false,false,false,false,false,false,false,STRUCTURAL_EVIDENCE_INCOMPLETE,false,,NOT_IN_HUMAN_REVIEW_POPULATION,false,,UNRESOLVED,,UNRESOLVED,,UNRESOLVED,false,false,false,false,false,NOT_ESTABLISHED,false,null,false,false,false,false,false,false,false,,false,false,,,FEATURE_SEMANTICS_AUDIT_REQUIRED_LATER
293,COVAPIE_CYS_SG_EVENT_V1:2J6H:A:CYS:1-:SG:C:ONL:CE,2J6H,ONL,true,true,true,false,true,true,true,true,true,false,false,CURRENTLY_UNREVIEWED,true,COVAPIE_BULK_REVIEW_UNIT_237F3C222E15BEB8,CURRENTLY_UNREVIEWED,false,data/derived/covalent_small/covapie_bulk_cys_sg_model_usable_auto_admission_scaleup_v1/covapie_bulk_cys_sg_priority_human_review_queue_v1.csv,UNRESOLVED,,UNRESOLVED,,UNRESOLVED,false,true,false,false,false,NOT_ESTABLISHED,false,null,false,false,false,false,false,false,false,,false,false,,,FEATURE_SEMANTICS_AUDIT_REQUIRED_LATER
294,COVAPIE_CYS_SG_EVENT_V1:2J6H:B:CYS:1-:SG:E:ONL:CE,2J6H,ONL,true,true,true,false,true,true,true,true,true,false,false,CURRENTLY_UNREVIEWED,true,COVAPIE_BULK_REVIEW_UNIT_237F3C222E15BEB8,CURRENTLY_UNREVIEWED,false,data/derived/covalent_small/covapie_bulk_cys_sg_model_usable_auto_admission_scaleup_v1/covapie_bulk_cys_sg_priority_human_review_queue_v1.csv,UNRESOLVED,,UNRESOLVED,,UNRESOLVED,false,true,false,false,false,NOT_ESTABLISHED,false,null,false,false,false,false,false,false,false,,false,false,,,FEATURE_SEMANTICS_AUDIT_REQUIRED_LATER
295,COVAPIE_CYS_SG_EVENT_V1:2J7Q:A:CYS:23-:SG:F:GVE:CB,2J7Q,GVE,true,true,true,false,true,true,true,true,true,false,false,CURRENTLY_UNREVIEWED,true,COVAPIE_BULK_REVIEW_UNIT_AAB4DCC7D3073222,CURRENTLY_UNREVIEWED,false,data/derived/covalent_small/covapie_bulk_cys_sg_model_usable_auto_admission_scaleup_v1/covapie_bulk_cys_sg_priority_human_review_queue_v1.csv,UNRESOLVED,,UNRESOLVED,,UNRESOLVED,false,true,false,false,false,NOT_ESTABLISHED,false,null,false,false,false,false,false,false,false,,false,false,,,FEATURE_SEMANTICS_AUDIT_REQUIRED_LATER
296,COVAPIE_CYS_SG_EVENT_V1:2J7Q:C:CYS:23-:SG:J:GVE:CB,2J7Q,GVE,true,true,true,false,true,true,true,true,true,false,false,CURRENTLY_UNREVIEWED,true,COVAPIE_BULK_REVIEW_UNIT_AAB4DCC7D3073222,CURRENTLY_UNREVIEWED,false,data/derived/covalent_small/covapie_bulk_cys_sg_model_usable_auto_admission_scaleup_v1/covapie_bulk_cys_sg_priority_human_review_queue_v1.csv,UNRESOLVED,,UNRESOLVED,,UNRESOLVED,false,true,false,false,false,NOT_ESTABLISHED,false,null,false,false,false,false,false,false,false,,false,false,,,FEATURE_SEMANTICS_AUDIT_REQUIRED_LATER
297,COVAPIE_CYS_SG_EVENT_V1:2JU4:A:CYS:10-:SG:B:RCY:C1S,2JU4,RCY,true,true,true,false,true,true,true,true,true,false,false,COMPLETED_HUMAN_NEGATIVE,true,COVAPIE_BULK_REVIEW_UNIT_BE9EC76A77B78516,COMPLETED_HUMAN_NEGATIVE,true,data/derived/covalent_small/covapie_batch001_completed_decision_ingestion_and_task_label_availability_v1/covapie_batch001_completed_human_decision_snapshot_v1.json,NOT_ESTABLISHED,data/derived/covalent_small/covapie_batch001_completed_decision_ingestion_and_task_label_availability_v1/covapie_batch001_completed_human_decision_snapshot_v1.json,NOT_RELEVANT,data/derived/covalent_small/covapie_batch001_completed_decision_ingestion_and_task_label_availability_v1/covapie_batch001_completed_human_decision_snapshot_v1.json,NOT_APPLICABLE,false,true,false,false,false,NOT_ESTABLISHED,false,null,false,false,false,false,false,false,false,,false,false,,,FEATURE_SEMANTICS_AUDIT_REQUIRED_LATER
298,COVAPIE_CYS_SG_EVENT_V1:2JU4:A:CYS:21-:SG:C:RCY:C1S,2JU4,RCY,true,true,true,false,true,true,true,true,true,false,false,COMPLETED_HUMAN_NEGATIVE,true,COVAPIE_BULK_REVIEW_UNIT_BE9EC76A77B78516,COMPLETED_HUMAN_NEGATIVE,true,data/derived/covalent_small/covapie_batch001_completed_decision_ingestion_and_task_label_availability_v1/covapie_batch001_completed_human_decision_snapshot_v1.json,NOT_ESTABLISHED,data/derived/covalent_small/covapie_batch001_completed_decision_ingestion_and_task_label_availability_v1/covapie_batch001_completed_human_decision_snapshot_v1.json,NOT_RELEVANT,data/derived/covalent_small/covapie_batch001_completed_decision_ingestion_and_task_label_availability_v1/covapie_batch001_completed_human_decision_snapshot_v1.json,NOT_APPLICABLE,false,true,false,false,false,NOT_ESTABLISHED,false,null,false,false,false,false,false,false,false,,false,false,,,FEATURE_SEMANTICS_AUDIT_REQUIRED_LATER
299,COVAPIE_CYS_SG_EVENT_V1:2JU4:A:CYS:30-:SG:D:RCY:C1S,2JU4,RCY,true,true,true,false,true,true,true,true,true,false,false,COMPLETED_HUMAN_NEGATIVE,true,COVAPIE_BULK_REVIEW_UNIT_BE9EC76A77B78516,COMPLETED_HUMAN_NEGATIVE,true,data/derived/covalent_small/covapie_batch001_completed_decision_ingestion_and_task_label_availability_v1/covapie_batch001_completed_human_decision_snapshot_v1.json,NOT_ESTABLISHED,data/derived/covalent_small/covapie_batch001_completed_decision_ingestion_and_task_label_availability_v1/covapie_batch001_completed_human_decision_snapshot_v1.json,NOT_RELEVANT,data/derived/covalent_small/covapie_batch001_completed_decision_ingestion_and_task_label_availability_v1/covapie_batch001_completed_human_decision_snapshot_v1.json,NOT_APPLICABLE,false,true,false,false,false,NOT_ESTABLISHED,false,null,false,false,false,false,false,false,false,,false,false,,,FEATURE_SEMANTICS_AUDIT_REQUIRED_LATER
300,COVAPIE_CYS_SG_EVENT_V1:2JU4:A:CYS:38-:SG:E:RCY:C1S,2JU4,RCY,true,true,true,false,true,true,true,true,true,false,false,COMPLETED_HUMAN_NEGATIVE,true,COVAPIE_BULK_REVIEW_UNIT_BE9EC76A77B78516,COMPLETED_HUMAN_NEGATIVE,true,data/derived/covalent_small/covapie_batch001_completed_decision_ingestion_and_task_label_availability_v1/covapie_batch001_completed_human_decision_snapshot_v1.json,NOT_ESTABLISHED,data/derived/covalent_small/covapie_batch001_completed_decision_ingestion_and_task_label_availability_v1/covapie_batch001_completed_human_decision_snapshot_v1.json,NOT_RELEVANT,data/derived/covalent_small/covapie_batch001_completed_decision_ingestion_and_task_label_availability_v1/covapie_batch001_completed_human_decision_snapshot_v1.json,NOT_APPLICABLE,false,true,false,false,false,NOT_ESTABLISHED,false,null,false,false,false,false,false,false,false,,false,false,,,FEATURE_SEMANTICS_AUDIT_REQUIRED_LATER
301,COVAPIE_CYS_SG_EVENT_V1:2JU4:A:CYS:50-:SG:F:RCY:C1S,2JU4,RCY,true,true,true,false,true,true,true,true,true,false,false,COMPLETED_HUMAN_NEGATIVE,true,COVAPIE_BULK_REVIEW_UNIT_BE9EC76A77B78516,COMPLETED_HUMAN_NEGATIVE,true,data/derived/covalent_small/covapie_batch001_completed_decision_ingestion_and_task_label_availability_v1/covapie_batch001_completed_human_decision_snapshot_v1.json,NOT_ESTABLISHED,data/derived/covalent_small/covapie_batch001_completed_decision_ingestion_and_task_label_availability_v1/covapie_batch001_completed_human_decision_snapshot_v1.json,NOT_RELEVANT,data/derived/covalent_small/covapie_batch001_completed_decision_ingestion_and_task_label_availability_v1/covapie_batch001_completed_human_decision_snapshot_v1.json,NOT_APPLICABLE,false,true,false,false,false,NOT_ESTABLISHED,false,null,false,false,false,false,false,false,false,,false,false,,,FEATURE_SEMANTICS_AUDIT_REQUIRED_LATER
302,COVAPIE_CYS_SG_EVENT_V1:2JU4:A:CYS:60-:SG:G:RCY:C1S,2JU4,RCY,true,true,true,false,true,true,true,true,true,false,false,COMPLETED_HUMAN_NEGATIVE,true,COVAPIE_BULK_REVIEW_UNIT_BE9EC76A77B78516,COMPLETED_HUMAN_NEGATIVE,true,data/derived/covalent_small/covapie_batch001_completed_decision_ingestion_and_task_label_availability_v1/covapie_batch001_completed_human_decision_snapshot_v1.json,NOT_ESTABLISHED,data/derived/covalent_small/covapie_batch001_completed_decision_ingestion_and_task_label_availability_v1/covapie_batch001_completed_human_decision_snapshot_v1.json,NOT_RELEVANT,data/derived/covalent_small/covapie_batch001_completed_decision_ingestion_and_task_label_availability_v1/covapie_batch001_completed_human_decision_snapshot_v1.json,NOT_APPLICABLE,false,true,false,false,false,NOT_ESTABLISHED,false,null,false,false,false,false,false,false,false,,false,false,,,FEATURE_SEMANTICS_AUDIT_REQUIRED_LATER
303,COVAPIE_CYS_SG_EVENT_V1:2JU4:A:CYS:68-:SG:H:RCY:C1S,2JU4,RCY,true,true,true,false,true,true,true,true,true,false,false,COMPLETED_HUMAN_NEGATIVE,true,COVAPIE_BULK_REVIEW_UNIT_BE9EC76A77B78516,COMPLETED_HUMAN_NEGATIVE,true,data/derived/covalent_small/covapie_batch001_completed_decision_ingestion_and_task_label_availability_v1/covapie_batch001_completed_human_decision_snapshot_v1.json,NOT_ESTABLISHED,data/derived/covalent_small/covapie_batch001_completed_decision_ingestion_and_task_label_availability_v1/covapie_batch001_completed_human_decision_snapshot_v1.json,NOT_RELEVANT,data/derived/covalent_small/covapie_batch001_completed_decision_ingestion_and_task_label_availability_v1/covapie_batch001_completed_human_decision_snapshot_v1.json,NOT_APPLICABLE,false,true,false,false,false,NOT_ESTABLISHED,false,null,false,false,false,false,false,false,false,,false,false,,,FEATURE_SEMANTICS_AUDIT_REQUIRED_LATER
304,COVAPIE_CYS_SG_EVENT_V1:2JU4:A:CYS:73-:SG:I:RCY:C1S,2JU4,RCY,true,true,true,false,true,true,true,true,true,false,false,COMPLETED_HUMAN_NEGATIVE,true,COVAPIE_BULK_REVIEW_UNIT_BE9EC76A77B78516,COMPLETED_HUMAN_NEGATIVE,true,data/derived/covalent_small/covapie_batch001_completed_decision_ingestion_and_task_label_availability_v1/covapie_batch001_completed_human_decision_snapshot_v1.json,NOT_ESTABLISHED,data/derived/covalent_small/covapie_batch001_completed_decision_ingestion_and_task_label_availability_v1/covapie_batch001_completed_human_decision_snapshot_v1.json,NOT_RELEVANT,data/derived/covalent_small/covapie_batch001_completed_decision_ingestion_and_task_label_availability_v1/covapie_batch001_completed_human_decision_snapshot_v1.json,NOT_APPLICABLE,false,true,false,false,false,NOT_ESTABLISHED,false,null,false,false,false,false,false,false,false,,false,false,,,FEATURE_SEMANTICS_AUDIT_REQUIRED_LATER
305,COVAPIE_CYS_SG_EVENT_V1:2JU4:A:CYS:76-:SG:J:RCY:C1S,2JU4,RCY,true,true,true,false,true,true,true,true,true,false,false,COMPLETED_HUMAN_NEGATIVE,true,COVAPIE_BULK_REVIEW_UNIT_BE9EC76A77B78516,COMPLETED_HUMAN_NEGATIVE,true,data/derived/covalent_small/covapie_batch001_completed_decision_ingestion_and_task_label_availability_v1/covapie_batch001_completed_human_decision_snapshot_v1.json,NOT_ESTABLISHED,data/derived/covalent_small/covapie_batch001_completed_decision_ingestion_and_task_label_availability_v1/covapie_batch001_completed_human_decision_snapshot_v1.json,NOT_RELEVANT,data/derived/covalent_small/covapie_batch001_completed_decision_ingestion_and_task_label_availability_v1/covapie_batch001_completed_human_decision_snapshot_v1.json,NOT_APPLICABLE,false,true,false,false,false,NOT_ESTABLISHED,false,null,false,false,false,false,false,false,false,,false,false,,,FEATURE_SEMANTICS_AUDIT_REQUIRED_LATER
306,COVAPIE_CYS_SG_EVENT_V1:2JU4:A:CYS:87-:SG:K:RCY:C1S,2JU4,RCY,true,true,true,false,true,true,true,true,true,false,false,COMPLETED_HUMAN_NEGATIVE,true,COVAPIE_BULK_REVIEW_UNIT_BE9EC76A77B78516,COMPLETED_HUMAN_NEGATIVE,true,data/derived/covalent_small/covapie_batch001_completed_decision_ingestion_and_task_label_availability_v1/covapie_batch001_completed_human_decision_snapshot_v1.json,NOT_ESTABLISHED,data/derived/covalent_small/covapie_batch001_completed_decision_ingestion_and_task_label_availability_v1/covapie_batch001_completed_human_decision_snapshot_v1.json,NOT_RELEVANT,data/derived/covalent_small/covapie_batch001_completed_decision_ingestion_and_task_label_availability_v1/covapie_batch001_completed_human_decision_snapshot_v1.json,NOT_APPLICABLE,false,true,false,false,false,NOT_ESTABLISHED,false,null,false,false,false,false,false,false,false,,false,false,,,FEATURE_SEMANTICS_AUDIT_REQUIRED_LATER
307,COVAPIE_CYS_SG_EVENT_V1:2LP8:B:CYS:1003-:SG:C:33B:C1,2LP8,33B,true,true,true,false,true,true,true,true,true,true,false,QUARANTINE_REPRESENTATION_GAP,false,,NOT_IN_HUMAN_REVIEW_POPULATION,false,,UNRESOLVED,,UNRESOLVED,,UNRESOLVED,false,true,false,false,false,NOT_ESTABLISHED,false,null,false,false,false,false,false,false,false,,false,false,,,FEATURE_SEMANTICS_AUDIT_REQUIRED_LATER
308,COVAPIE_CYS_SG_EVENT_V1:2LP8:B:CYS:1014-:SG:C:33B:C20,2LP8,33B,true,true,true,false,true,true,true,true,true,true,false,QUARANTINE_REPRESENTATION_GAP,false,,NOT_IN_HUMAN_REVIEW_POPULATION,false,,UNRESOLVED,,UNRESOLVED,,UNRESOLVED,false,true,false,false,false,NOT_ESTABLISHED,false,null,false,false,false,false,false,false,false,,false,false,,,FEATURE_SEMANTICS_AUDIT_REQUIRED_LATER
309,COVAPIE_CYS_SG_EVENT_V1:2LXY:A:CYS:34-:SG:B:HTS:S1,2LXY,HTS,true,false,false,false,false,false,false,false,false,false,false,STRUCTURAL_EVIDENCE_INCOMPLETE,false,,NOT_IN_HUMAN_REVIEW_POPULATION,false,,UNRESOLVED,,UNRESOLVED,,UNRESOLVED,false,false,false,false,false,NOT_ESTABLISHED,false,null,false,false,false,false,false,false,false,,false,false,,,FEATURE_SEMANTICS_AUDIT_REQUIRED_LATER
310,COVAPIE_CYS_SG_EVENT_V1:2M0Z:A:CYS:22-:SG:B:33B:C1,2M0Z,33B,true,true,true,false,true,true,true,true,true,true,false,QUARANTINE_REPRESENTATION_GAP,false,,NOT_IN_HUMAN_REVIEW_POPULATION,false,,UNRESOLVED,,UNRESOLVED,,UNRESOLVED,false,true,false,false,false,NOT_ESTABLISHED,false,null,false,false,false,false,false,false,false,,false,false,,,FEATURE_SEMANTICS_AUDIT_REQUIRED_LATER
311,COVAPIE_CYS_SG_EVENT_V1:2M0Z:A:CYS:77-:SG:B:33B:C20,2M0Z,33B,true,true,true,false,true,true,true,true,true,true,false,QUARANTINE_REPRESENTATION_GAP,false,,NOT_IN_HUMAN_REVIEW_POPULATION,false,,UNRESOLVED,,UNRESOLVED,,UNRESOLVED,false,true,false,false,false,NOT_ESTABLISHED,false,null,false,false,false,false,false,false,false,,false,false,,,FEATURE_SEMANTICS_AUDIT_REQUIRED_LATER
312,COVAPIE_CYS_SG_EVENT_V1:2M10:A:CYS:22-:SG:B:33B:C1,2M10,33B,true,true,true,false,true,true,true,true,true,true,false,QUARANTINE_REPRESENTATION_GAP,false,,NOT_IN_HUMAN_REVIEW_POPULATION,false,,UNRESOLVED,,UNRESOLVED,,UNRESOLVED,false,true,false,false,false,NOT_ESTABLISHED,false,null,false,false,false,false,false,false,false,,false,false,,,FEATURE_SEMANTICS_AUDIT_REQUIRED_LATER
313,COVAPIE_CYS_SG_EVENT_V1:2M10:A:CYS:77-:SG:B:33B:C20,2M10,33B,true,true,true,false,true,true,true,true,true,true,false,QUARANTINE_REPRESENTATION_GAP,false,,NOT_IN_HUMAN_REVIEW_POPULATION,false,,UNRESOLVED,,UNRESOLVED,,UNRESOLVED,false,true,false,false,false,NOT_ESTABLISHED,false,null,false,false,false,false,false,false,false,,false,false,,,FEATURE_SEMANTICS_AUDIT_REQUIRED_LATER
314,COVAPIE_CYS_SG_EVENT_V1:2MLM:A:CYS:126-:SG:B:2W7:S2,2MLM,2W7,true,false,false,false,false,false,false,false,false,false,false,STRUCTURAL_EVIDENCE_INCOMPLETE,false,,NOT_IN_HUMAN_REVIEW_POPULATION,false,,UNRESOLVED,,UNRESOLVED,,UNRESOLVED,false,false,false,false,false,NOT_ESTABLISHED,false,null,false,false,false,false,false,false,false,,false,false,,,FEATURE_SEMANTICS_AUDIT_REQUIRED_LATER
315,COVAPIE_CYS_SG_EVENT_V1:2NQG:A:CYS:115-:SG:D:NQG:CBT,2NQG,NQG,true,true,true,false,true,true,true,true,true,false,false,CURRENTLY_UNREVIEWED,true,COVAPIE_BULK_REVIEW_UNIT_23C6195A794CF380,CURRENTLY_UNREVIEWED,false,data/derived/covalent_small/covapie_bulk_cys_sg_model_usable_auto_admission_scaleup_v1/covapie_bulk_cys_sg_priority_human_review_queue_v1.csv,UNRESOLVED,,UNRESOLVED,,UNRESOLVED,false,true,false,false,false,NOT_ESTABLISHED,false,null,false,false,false,false,false,false,false,,false,false,,,FEATURE_SEMANTICS_AUDIT_REQUIRED_LATER
316,COVAPIE_CYS_SG_EVENT_V1:2NQI:A:CYS:115-:SG:D:NQI:CBS,2NQI,NQI,true,true,true,false,true,true,true,true,true,false,false,CURRENTLY_UNREVIEWED,true,COVAPIE_BULK_REVIEW_UNIT_89C5A5B714124981,CURRENTLY_UNREVIEWED,false,data/derived/covalent_small/covapie_bulk_cys_sg_model_usable_auto_admission_scaleup_v1/covapie_bulk_cys_sg_priority_human_review_queue_v1.csv,UNRESOLVED,,UNRESOLVED,,UNRESOLVED,false,true,false,false,false,NOT_ESTABLISHED,false,null,false,false,false,false,false,false,false,,false,false,,,FEATURE_SEMANTICS_AUDIT_REQUIRED_LATER
317,COVAPIE_CYS_SG_EVENT_V1:2NTG:A:CYS:115-:SG:B:R7A:SD,2NTG,R7A,true,false,false,false,false,false,false,false,false,false,false,STRUCTURAL_EVIDENCE_INCOMPLETE,false,,NOT_IN_HUMAN_REVIEW_POPULATION,false,,UNRESOLVED,,UNRESOLVED,,UNRESOLVED,false,false,false,false,false,NOT_ESTABLISHED,false,null,false,false,false,false,false,false,false,,false,false,,,FEATURE_SEMANTICS_AUDIT_REQUIRED_LATER
318,COVAPIE_CYS_SG_EVENT_V1:2OZ2:A:CYS:25-:SG:F:D1R:C27,2OZ2,D1R,true,true,true,false,true,true,true,true,true,false,false,LEAKAGE_EXISTING_GROUP_CONFLICT,false,,NOT_IN_HUMAN_REVIEW_POPULATION,false,,UNRESOLVED,,UNRESOLVED,,UNRESOLVED,false,true,false,false,false,NOT_ESTABLISHED,false,null,false,false,false,false,false,false,false,,false,false,,,FEATURE_SEMANTICS_AUDIT_REQUIRED_LATER
319,COVAPIE_CYS_SG_EVENT_V1:2P7U:A:CYS:25-:SG:B:D1R:C27,2P7U,D1R,true,true,true,false,true,true,true,true,true,false,false,LEAKAGE_EXISTING_GROUP_CONFLICT,false,,NOT_IN_HUMAN_REVIEW_POPULATION,false,,UNRESOLVED,,UNRESOLVED,,UNRESOLVED,false,true,false,false,false,NOT_ESTABLISHED,false,null,false,false,false,false,false,false,false,,false,false,,,FEATURE_SEMANTICS_AUDIT_REQUIRED_LATER
320,COVAPIE_CYS_SG_EVENT_V1:2P86:A:CYS:25-:SG:B:VS1:C22,2P86,VS1,true,true,true,false,true,true,true,true,true,false,false,LEAKAGE_EXISTING_GROUP_CONFLICT,false,,NOT_IN_HUMAN_REVIEW_POPULATION,false,,UNRESOLVED,,UNRESOLVED,,UNRESOLVED,false,true,false,false,false,NOT_ESTABLISHED,false,null,false,false,false,false,false,false,false,,false,false,,,FEATURE_SEMANTICS_AUDIT_REQUIRED_LATER
321,COVAPIE_CYS_SG_EVENT_V1:2QLQ:A:CYS:345-:SG:C:SR2:C51,2QLQ,SR2,true,true,true,false,true,true,true,true,true,false,false,CURRENTLY_UNREVIEWED,true,COVAPIE_BULK_REVIEW_UNIT_A9BBD5309D7A5C08,CURRENTLY_UNREVIEWED,false,data/derived/covalent_small/covapie_bulk_cys_sg_model_usable_auto_admission_scaleup_v1/covapie_bulk_cys_sg_priority_human_review_queue_v1.csv,UNRESOLVED,,UNRESOLVED,,UNRESOLVED,false,true,false,false,false,NOT_ESTABLISHED,false,null,false,false,false,false,false,false,false,,false,false,,,FEATURE_SEMANTICS_AUDIT_REQUIRED_LATER
322,COVAPIE_CYS_SG_EVENT_V1:2QLQ:A:CYS:483-:SG:D:SR2:C51,2QLQ,SR2,true,true,true,false,true,true,true,true,true,true,false,QUARANTINE_REPRESENTATION_GAP,false,,NOT_IN_HUMAN_REVIEW_POPULATION,false,,UNRESOLVED,,UNRESOLVED,,UNRESOLVED,false,true,false,false,false,NOT_ESTABLISHED,false,null,false,false,false,false,false,false,false,,false,false,,,FEATURE_SEMANTICS_AUDIT_REQUIRED_LATER
323,COVAPIE_CYS_SG_EVENT_V1:2QLQ:B:CYS:345-:SG:E:SR2:C51,2QLQ,SR2,true,true,true,false,true,true,true,true,true,false,false,CURRENTLY_UNREVIEWED,true,COVAPIE_BULK_REVIEW_UNIT_A9BBD5309D7A5C08,CURRENTLY_UNREVIEWED,false,data/derived/covalent_small/covapie_bulk_cys_sg_model_usable_auto_admission_scaleup_v1/covapie_bulk_cys_sg_priority_human_review_queue_v1.csv,UNRESOLVED,,UNRESOLVED,,UNRESOLVED,false,true,false,false,false,NOT_ESTABLISHED,false,null,false,false,false,false,false,false,false,,false,false,,,FEATURE_SEMANTICS_AUDIT_REQUIRED_LATER
324,COVAPIE_CYS_SG_EVENT_V1:2QNX:A:CYS:112-:SG:D:MDX:S1,2QNX,MDX,true,true,true,false,true,true,true,true,true,false,false,LEAKAGE_EXISTING_GROUP_CONFLICT,false,,NOT_IN_HUMAN_REVIEW_POPULATION,false,,UNRESOLVED,,UNRESOLVED,,UNRESOLVED,false,true,false,false,false,NOT_ESTABLISHED,false,null,false,false,false,false,false,false,false,,false,false,,,FEATURE_SEMANTICS_AUDIT_REQUIRED_LATER
325,COVAPIE_CYS_SG_EVENT_V1:2QNX:B:CYS:112-:SG:F:MDX:S1,2QNX,MDX,true,true,true,false,true,true,true,true,true,false,false,LEAKAGE_EXISTING_GROUP_CONFLICT,false,,NOT_IN_HUMAN_REVIEW_POPULATION,false,,UNRESOLVED,,UNRESOLVED,,UNRESOLVED,false,true,false,false,false,NOT_ESTABLISHED,false,null,false,false,false,false,false,false,false,,false,false,,,FEATURE_SEMANTICS_AUDIT_REQUIRED_LATER
326,COVAPIE_CYS_SG_EVENT_V1:2QNY:A:CYS:112-:SG:C:DFD:C1,2QNY,DFD,true,true,true,false,true,true,true,true,true,false,false,LEAKAGE_EXISTING_GROUP_CONFLICT,false,,NOT_IN_HUMAN_REVIEW_POPULATION,false,,UNRESOLVED,,UNRESOLVED,,UNRESOLVED,false,true,false,false,false,NOT_ESTABLISHED,false,null,false,false,false,false,false,false,false,,false,false,,,FEATURE_SEMANTICS_AUDIT_REQUIRED_LATER
327,COVAPIE_CYS_SG_EVENT_V1:2QNY:A:CYS:154-:SG:E:BME:S2,2QNY,BME,true,true,true,false,true,true,true,true,true,false,false,LEAKAGE_EXISTING_GROUP_CONFLICT,false,,NOT_IN_HUMAN_REVIEW_POPULATION,false,,UNRESOLVED,,UNRESOLVED,,UNRESOLVED,false,true,false,false,false,NOT_ESTABLISHED,false,null,false,false,false,false,false,false,false,,false,false,,,FEATURE_SEMANTICS_AUDIT_REQUIRED_LATER
328,COVAPIE_CYS_SG_EVENT_V1:2QNY:A:CYS:23-:SG:D:BME:S2,2QNY,BME,true,true,true,false,true,true,true,true,true,false,false,LEAKAGE_EXISTING_GROUP_CONFLICT,false,,NOT_IN_HUMAN_REVIEW_POPULATION,false,,UNRESOLVED,,UNRESOLVED,,UNRESOLVED,false,true,false,false,false,NOT_ESTABLISHED,false,null,false,false,false,false,false,false,false,,false,false,,,FEATURE_SEMANTICS_AUDIT_REQUIRED_LATER
329,COVAPIE_CYS_SG_EVENT_V1:2QNY:B:CYS:112-:SG:F:DFD:C1,2QNY,DFD,true,true,true,false,true,true,true,true,true,false,false,LEAKAGE_EXISTING_GROUP_CONFLICT,false,,NOT_IN_HUMAN_REVIEW_POPULATION,false,,UNRESOLVED,,UNRESOLVED,,UNRESOLVED,false,true,false,false,false,NOT_ESTABLISHED,false,null,false,false,false,false,false,false,false,,false,false,,,FEATURE_SEMANTICS_AUDIT_REQUIRED_LATER
330,COVAPIE_CYS_SG_EVENT_V1:2QNY:B:CYS:23-:SG:G:BME:S2,2QNY,BME,true,true,true,false,true,true,true,true,true,false,false,LEAKAGE_EXISTING_GROUP_CONFLICT,false,,NOT_IN_HUMAN_REVIEW_POPULATION,false,,UNRESOLVED,,UNRESOLVED,,UNRESOLVED,false,true,false,false,false,NOT_ESTABLISHED,false,null,false,false,false,false,false,false,false,,false,false,,,FEATURE_SEMANTICS_AUDIT_REQUIRED_LATER
331,COVAPIE_CYS_SG_EVENT_V1:2QNZ:A:CYS:112-:SG:C:DFD:C1,2QNZ,DFD,true,true,true,false,true,true,true,true,true,false,false,LEAKAGE_EXISTING_GROUP_CONFLICT,false,,NOT_IN_HUMAN_REVIEW_POPULATION,false,,UNRESOLVED,,UNRESOLVED,,UNRESOLVED,false,true,false,false,false,NOT_ESTABLISHED,false,null,false,false,false,false,false,false,false,,false,false,,,FEATURE_SEMANTICS_AUDIT_REQUIRED_LATER
332,COVAPIE_CYS_SG_EVENT_V1:2QNZ:A:CYS:154-:SG:D:BME:S2,2QNZ,BME,true,true,true,false,true,true,true,true,true,false,false,LEAKAGE_EXISTING_GROUP_CONFLICT,false,,NOT_IN_HUMAN_REVIEW_POPULATION,false,,UNRESOLVED,,UNRESOLVED,,UNRESOLVED,false,true,false,false,false,NOT_ESTABLISHED,false,null,false,false,false,false,false,false,false,,false,false,,,FEATURE_SEMANTICS_AUDIT_REQUIRED_LATER
333,COVAPIE_CYS_SG_EVENT_V1:2QNZ:B:CYS:112-:SG:E:DFD:C1,2QNZ,DFD,true,true,true,false,true,true,true,true,true,false,false,LEAKAGE_EXISTING_GROUP_CONFLICT,false,,NOT_IN_HUMAN_REVIEW_POPULATION,false,,UNRESOLVED,,UNRESOLVED,,UNRESOLVED,false,true,false,false,false,NOT_ESTABLISHED,false,null,false,false,false,false,false,false,false,,false,false,,,FEATURE_SEMANTICS_AUDIT_REQUIRED_LATER
334,COVAPIE_CYS_SG_EVENT_V1:2QNZ:B:CYS:154-:SG:F:BME:S2,2QNZ,BME,true,true,true,false,true,true,true,true,true,false,false,LEAKAGE_EXISTING_GROUP_CONFLICT,false,,NOT_IN_HUMAN_REVIEW_POPULATION,false,,UNRESOLVED,,UNRESOLVED,,UNRESOLVED,false,true,false,false,false,NOT_ESTABLISHED,false,null,false,false,false,false,false,false,false,,false,false,,,FEATURE_SEMANTICS_AUDIT_REQUIRED_LATER
335,COVAPIE_CYS_SG_EVENT_V1:2QO0:A:CYS:112-:SG:C:D1T:S1,2QO0,D1T,true,true,true,false,true,true,true,true,true,false,false,LEAKAGE_EXISTING_GROUP_CONFLICT,false,,NOT_IN_HUMAN_REVIEW_POPULATION,false,,UNRESOLVED,,UNRESOLVED,,UNRESOLVED,false,true,false,false,false,NOT_ESTABLISHED,false,null,false,false,false,false,false,false,false,,false,false,,,FEATURE_SEMANTICS_AUDIT_REQUIRED_LATER
336,COVAPIE_CYS_SG_EVENT_V1:2QO0:B:CYS:112-:SG:D:D1T:S1,2QO0,D1T,true,true,true,false,true,true,true,true,true,false,false,LEAKAGE_EXISTING_GROUP_CONFLICT,false,,NOT_IN_HUMAN_REVIEW_POPULATION,false,,UNRESOLVED,,UNRESOLVED,,UNRESOLVED,false,true,false,false,false,NOT_ESTABLISHED,false,null,false,false,false,false,false,false,false,,false,false,,,FEATURE_SEMANTICS_AUDIT_REQUIRED_LATER
337,COVAPIE_CYS_SG_EVENT_V1:2QQ7:A:CYS:345-:SG:C:SR2:C51,2QQ7,SR2,true,true,true,false,true,true,true,true,true,false,false,CURRENTLY_UNREVIEWED,true,COVAPIE_BULK_REVIEW_UNIT_A9BBD5309D7A5C08,CURRENTLY_UNREVIEWED,false,data/derived/covalent_small/covapie_bulk_cys_sg_model_usable_auto_admission_scaleup_v1/covapie_bulk_cys_sg_priority_human_review_queue_v1.csv,UNRESOLVED,,UNRESOLVED,,UNRESOLVED,false,true,false,false,false,NOT_ESTABLISHED,false,null,false,false,false,false,false,false,false,,false,false,,,FEATURE_SEMANTICS_AUDIT_REQUIRED_LATER
338,COVAPIE_CYS_SG_EVENT_V1:2QQ7:B:CYS:345-:SG:D:SR2:C51,2QQ7,SR2,true,true,true,false,true,true,true,true,true,false,false,CURRENTLY_UNREVIEWED,true,COVAPIE_BULK_REVIEW_UNIT_A9BBD5309D7A5C08,CURRENTLY_UNREVIEWED,false,data/derived/covalent_small/covapie_bulk_cys_sg_model_usable_auto_admission_scaleup_v1/covapie_bulk_cys_sg_priority_human_review_queue_v1.csv,UNRESOLVED,,UNRESOLVED,,UNRESOLVED,false,true,false,false,false,NOT_ESTABLISHED,false,null,false,false,false,false,false,false,false,,false,false,,,FEATURE_SEMANTICS_AUDIT_REQUIRED_LATER
339,COVAPIE_CYS_SG_EVENT_V1:2QX1:A:CYS:112-:SG:D:D1T:S1,2QX1,D1T,true,true,true,false,true,true,true,true,true,false,false,LEAKAGE_EXISTING_GROUP_CONFLICT,false,,NOT_IN_HUMAN_REVIEW_POPULATION,false,,UNRESOLVED,,UNRESOLVED,,UNRESOLVED,false,true,false,false,false,NOT_ESTABLISHED,false,null,false,false,false,false,false,false,false,,false,false,,,FEATURE_SEMANTICS_AUDIT_REQUIRED_LATER
340,COVAPIE_CYS_SG_EVENT_V1:2QX1:B:CYS:112-:SG:E:D1T:S1,2QX1,D1T,true,true,true,false,true,true,true,true,true,false,false,LEAKAGE_EXISTING_GROUP_CONFLICT,false,,NOT_IN_HUMAN_REVIEW_POPULATION,false,,UNRESOLVED,,UNRESOLVED,,UNRESOLVED,false,true,false,false,false,NOT_ESTABLISHED,false,null,false,false,false,false,false,false,false,,false,false,,,FEATURE_SEMANTICS_AUDIT_REQUIRED_LATER
341,COVAPIE_CYS_SG_EVENT_V1:2R6N:A:CYS:25-:SG:B:CKE:C09,2R6N,CKE,true,true,true,false,true,true,true,true,true,false,false,LEAKAGE_EXISTING_GROUP_CONFLICT,false,,NOT_IN_HUMAN_REVIEW_POPULATION,false,,UNRESOLVED,,UNRESOLVED,,UNRESOLVED,false,true,false,false,false,NOT_ESTABLISHED,false,null,false,false,false,false,false,false,false,,false,false,,,FEATURE_SEMANTICS_AUDIT_REQUIRED_LATER
342,COVAPIE_CYS_SG_EVENT_V1:2RL2:A:CYS:117-:SG:E:GG6:C2,2RL2,GG6,true,false,false,false,false,false,false,false,false,false,false,STRUCTURAL_EVIDENCE_INCOMPLETE,false,,NOT_IN_HUMAN_REVIEW_POPULATION,false,,UNRESOLVED,,UNRESOLVED,,UNRESOLVED,false,false,false,false,false,NOT_ESTABLISHED,false,null,false,false,false,false,false,false,false,,false,false,,,FEATURE_SEMANTICS_AUDIT_REQUIRED_LATER
343,COVAPIE_CYS_SG_EVENT_V1:2TOD:A:CYS:360-:SG:E:DMO:CO,2TOD,DMO,true,true,true,false,true,true,true,true,true,true,false,QUARANTINE_REPRESENTATION_GAP,false,,NOT_IN_HUMAN_REVIEW_POPULATION,false,,UNRESOLVED,,UNRESOLVED,,UNRESOLVED,false,true,false,false,false,NOT_ESTABLISHED,false,null,false,false,false,false,false,false,false,,false,false,,,FEATURE_SEMANTICS_AUDIT_REQUIRED_LATER
344,COVAPIE_CYS_SG_EVENT_V1:2TOD:B:CYS:360-:SG:H:DMO:CO,2TOD,DMO,true,true,true,false,true,true,true,true,true,true,false,QUARANTINE_REPRESENTATION_GAP,false,,NOT_IN_HUMAN_REVIEW_POPULATION,false,,UNRESOLVED,,UNRESOLVED,,UNRESOLVED,false,true,false,false,false,NOT_ESTABLISHED,false,null,false,false,false,false,false,false,false,,false,false,,,FEATURE_SEMANTICS_AUDIT_REQUIRED_LATER
345,COVAPIE_CYS_SG_EVENT_V1:2TOD:C:CYS:360-:SG:I:DMO:CO,2TOD,DMO,true,true,true,false,true,true,true,true,true,true,false,QUARANTINE_REPRESENTATION_GAP,false,,NOT_IN_HUMAN_REVIEW_POPULATION,false,,UNRESOLVED,,UNRESOLVED,,UNRESOLVED,false,true,false,false,false,NOT_ESTABLISHED,false,null,false,false,false,false,false,false,false,,false,false,,,FEATURE_SEMANTICS_AUDIT_REQUIRED_LATER
346,COVAPIE_CYS_SG_EVENT_V1:2TOD:D:CYS:360-:SG:L:DMO:CO,2TOD,DMO,true,true,true,false,true,true,true,true,true,true,false,QUARANTINE_REPRESENTATION_GAP,false,,NOT_IN_HUMAN_REVIEW_POPULATION,false,,UNRESOLVED,,UNRESOLVED,,UNRESOLVED,false,true,false,false,false,NOT_ESTABLISHED,false,null,false,false,false,false,false,false,false,,false,false,,,FEATURE_SEMANTICS_AUDIT_REQUIRED_LATER
347,COVAPIE_CYS_SG_EVENT_V1:2UZJ:A:CYS:47-:SG:C:E64:C2,2UZJ,E64,true,true,true,false,true,true,true,true,true,false,false,LEAKAGE_EXISTING_GROUP_CONFLICT,false,,NOT_IN_HUMAN_REVIEW_POPULATION,false,,UNRESOLVED,,UNRESOLVED,,UNRESOLVED,false,true,false,false,false,NOT_ESTABLISHED,false,null,false,false,false,false,false,false,false,,false,false,,,FEATURE_SEMANTICS_AUDIT_REQUIRED_LATER
348,COVAPIE_CYS_SG_EVENT_V1:2UZJ:B:CYS:47-:SG:D:E64:C2,2UZJ,E64,true,true,true,false,true,true,true,true,true,false,false,LEAKAGE_EXISTING_GROUP_CONFLICT,false,,NOT_IN_HUMAN_REVIEW_POPULATION,false,,UNRESOLVED,,UNRESOLVED,,UNRESOLVED,false,true,false,false,false,NOT_ESTABLISHED,false,null,false,false,false,false,false,false,false,,false,false,,,FEATURE_SEMANTICS_AUDIT_REQUIRED_LATER
349,COVAPIE_CYS_SG_EVENT_V1:2V6N:A:CYS:145-:SG:B:XP1:CAC,2V6N,XP1,true,false,false,false,false,false,false,false,false,false,false,STRUCTURAL_EVIDENCE_INCOMPLETE,false,,NOT_IN_HUMAN_REVIEW_POPULATION,false,,UNRESOLVED,,UNRESOLVED,,UNRESOLVED,false,false,false,false,false,NOT_ESTABLISHED,false,null,false,false,false,false,false,false,false,,false,false,,,FEATURE_SEMANTICS_AUDIT_REQUIRED_LATER
350,COVAPIE_CYS_SG_EVENT_V1:2VJY:A:CYS:221-:SG:H:ALK:C2,2VJY,ALK,true,true,true,false,true,true,true,true,true,false,false,COMPLETED_HUMAN_NEGATIVE,true,COVAPIE_BULK_REVIEW_UNIT_5A97818B52C80D18,COMPLETED_HUMAN_NEGATIVE,true,data/derived/covalent_small/covapie_batch001_completed_decision_ingestion_and_task_label_availability_v1/covapie_batch001_completed_human_decision_snapshot_v1.json,NOT_ESTABLISHED,data/derived/covalent_small/covapie_batch001_completed_decision_ingestion_and_task_label_availability_v1/covapie_batch001_completed_human_decision_snapshot_v1.json,NOT_RELEVANT,data/derived/covalent_small/covapie_batch001_completed_decision_ingestion_and_task_label_availability_v1/covapie_batch001_completed_human_decision_snapshot_v1.json,NOT_APPLICABLE,false,true,false,false,false,NOT_ESTABLISHED,false,null,false,false,false,false,false,false,false,,false,false,,,FEATURE_SEMANTICS_AUDIT_REQUIRED_LATER
351,COVAPIE_CYS_SG_EVENT_V1:2VJY:B:CYS:221-:SG:M:ALK:C2,2VJY,ALK,true,true,true,false,true,true,true,true,true,false,false,COMPLETED_HUMAN_NEGATIVE,true,COVAPIE_BULK_REVIEW_UNIT_5A97818B52C80D18,COMPLETED_HUMAN_NEGATIVE,true,data/derived/covalent_small/covapie_batch001_completed_decision_ingestion_and_task_label_availability_v1/covapie_batch001_completed_human_decision_snapshot_v1.json,NOT_ESTABLISHED,data/derived/covalent_small/covapie_batch001_completed_decision_ingestion_and_task_label_availability_v1/covapie_batch001_completed_human_decision_snapshot_v1.json,NOT_RELEVANT,data/derived/covalent_small/covapie_batch001_completed_decision_ingestion_and_task_label_availability_v1/covapie_batch001_completed_human_decision_snapshot_v1.json,NOT_APPLICABLE,false,true,false,false,false,NOT_ESTABLISHED,false,null,false,false,false,false,false,false,false,,false,false,,,FEATURE_SEMANTICS_AUDIT_REQUIRED_LATER
352,COVAPIE_CYS_SG_EVENT_V1:2VJY:C:CYS:221-:SG:R:ALK:C2,2VJY,ALK,true,true,true,false,true,true,true,true,true,false,false,COMPLETED_HUMAN_NEGATIVE,true,COVAPIE_BULK_REVIEW_UNIT_5A97818B52C80D18,COMPLETED_HUMAN_NEGATIVE,true,data/derived/covalent_small/covapie_batch001_completed_decision_ingestion_and_task_label_availability_v1/covapie_batch001_completed_human_decision_snapshot_v1.json,NOT_ESTABLISHED,data/derived/covalent_small/covapie_batch001_completed_decision_ingestion_and_task_label_availability_v1/covapie_batch001_completed_human_decision_snapshot_v1.json,NOT_RELEVANT,data/derived/covalent_small/covapie_batch001_completed_decision_ingestion_and_task_label_availability_v1/covapie_batch001_completed_human_decision_snapshot_v1.json,NOT_APPLICABLE,false,true,false,false,false,NOT_ESTABLISHED,false,null,false,false,false,false,false,false,false,,false,false,,,FEATURE_SEMANTICS_AUDIT_REQUIRED_LATER
353,COVAPIE_CYS_SG_EVENT_V1:2VJY:D:CYS:221-:SG:W:ALK:C2,2VJY,ALK,true,true,true,false,true,true,true,true,true,false,false,COMPLETED_HUMAN_NEGATIVE,true,COVAPIE_BULK_REVIEW_UNIT_5A97818B52C80D18,COMPLETED_HUMAN_NEGATIVE,true,data/derived/covalent_small/covapie_batch001_completed_decision_ingestion_and_task_label_availability_v1/covapie_batch001_completed_human_decision_snapshot_v1.json,NOT_ESTABLISHED,data/derived/covalent_small/covapie_batch001_completed_decision_ingestion_and_task_label_availability_v1/covapie_batch001_completed_human_decision_snapshot_v1.json,NOT_RELEVANT,data/derived/covalent_small/covapie_batch001_completed_decision_ingestion_and_task_label_availability_v1/covapie_batch001_completed_human_decision_snapshot_v1.json,NOT_APPLICABLE,false,true,false,false,false,NOT_ESTABLISHED,false,null,false,false,false,false,false,false,false,,false,false,,,FEATURE_SEMANTICS_AUDIT_REQUIRED_LATER
354,COVAPIE_CYS_SG_EVENT_V1:2VV4:A:CYS:285-:SG:C:6OC:C8,2VV4,6OC,true,true,true,false,true,true,true,true,true,true,false,QUARANTINE_REPRESENTATION_GAP,false,,NOT_IN_HUMAN_REVIEW_POPULATION,false,,UNRESOLVED,,UNRESOLVED,,UNRESOLVED,false,true,false,false,false,NOT_ESTABLISHED,false,null,false,false,false,false,false,false,false,,false,false,,,FEATURE_SEMANTICS_AUDIT_REQUIRED_LATER
355,COVAPIE_CYS_SG_EVENT_V1:2VV4:B:CYS:285-:SG:D:6OB:C10,2VV4,6OB,true,true,true,false,true,true,true,true,true,true,false,QUARANTINE_REPRESENTATION_GAP,false,,NOT_IN_HUMAN_REVIEW_POPULATION,false,,UNRESOLVED,,UNRESOLVED,,UNRESOLVED,false,true,false,false,false,NOT_ESTABLISHED,false,null,false,false,false,false,false,false,false,,false,false,,,FEATURE_SEMANTICS_AUDIT_REQUIRED_LATER
356,COVAPIE_CYS_SG_EVENT_V1:2W93:B:CYS:221-:SG:L:PY0:C2,2W93,PY0,true,true,true,false,true,true,true,true,true,false,false,CURRENTLY_UNREVIEWED,true,COVAPIE_BULK_REVIEW_UNIT_EA929B6D5C86E86B,CURRENTLY_UNREVIEWED,false,data/derived/covalent_small/covapie_bulk_cys_sg_model_usable_auto_admission_scaleup_v1/covapie_bulk_cys_sg_priority_human_review_queue_v1.csv,UNRESOLVED,,UNRESOLVED,,UNRESOLVED,false,true,false,false,false,NOT_ESTABLISHED,false,null,false,false,false,false,false,false,false,,false,false,,,FEATURE_SEMANTICS_AUDIT_REQUIRED_LATER
357,COVAPIE_CYS_SG_EVENT_V1:2W93:C:CYS:221-:SG:P:PY0:C2,2W93,PY0,true,true,true,false,true,true,true,true,true,false,false,CURRENTLY_UNREVIEWED,true,COVAPIE_BULK_REVIEW_UNIT_EA929B6D5C86E86B,CURRENTLY_UNREVIEWED,false,data/derived/covalent_small/covapie_bulk_cys_sg_model_usable_auto_admission_scaleup_v1/covapie_bulk_cys_sg_priority_human_review_queue_v1.csv,UNRESOLVED,,UNRESOLVED,,UNRESOLVED,false,true,false,false,false,NOT_ESTABLISHED,false,null,false,false,false,false,false,false,false,,false,false,,,FEATURE_SEMANTICS_AUDIT_REQUIRED_LATER
358,COVAPIE_CYS_SG_EVENT_V1:2W93:D:CYS:221-:SG:T:PY0:C2,2W93,PY0,true,true,true,false,true,true,true,true,true,false,false,CURRENTLY_UNREVIEWED,true,COVAPIE_BULK_REVIEW_UNIT_EA929B6D5C86E86B,CURRENTLY_UNREVIEWED,false,data/derived/covalent_small/covapie_bulk_cys_sg_model_usable_auto_admission_scaleup_v1/covapie_bulk_cys_sg_priority_human_review_queue_v1.csv,UNRESOLVED,,UNRESOLVED,,UNRESOLVED,false,true,false,false,false,NOT_ESTABLISHED,false,null,false,false,false,false,false,false,false,,false,false,,,FEATURE_SEMANTICS_AUDIT_REQUIRED_LATER
359,COVAPIE_CYS_SG_EVENT_V1:2WVP:A:CYS:209-:SG:B:420:C1,2WVP,420,true,true,true,false,true,true,true,true,true,true,false,QUARANTINE_REPRESENTATION_GAP,false,,NOT_IN_HUMAN_REVIEW_POPULATION,false,,UNRESOLVED,,UNRESOLVED,,UNRESOLVED,false,true,false,false,false,NOT_ESTABLISHED,false,null,false,false,false,false,false,false,false,,false,false,,,FEATURE_SEMANTICS_AUDIT_REQUIRED_LATER
360,COVAPIE_CYS_SG_EVENT_V1:2XLQ:A:CYS:215-:SG:E:34H:C2,2XLQ,34H,true,false,false,false,false,false,false,false,false,false,false,STRUCTURAL_EVIDENCE_INCOMPLETE,false,,NOT_IN_HUMAN_REVIEW_POPULATION,false,,UNRESOLVED,,UNRESOLVED,,UNRESOLVED,false,false,false,false,false,NOT_ESTABLISHED,false,null,false,false,false,false,false,false,false,,false,false,,,FEATURE_SEMANTICS_AUDIT_REQUIRED_LATER
361,COVAPIE_CYS_SG_EVENT_V1:2XM7:A:CYS:215-:SG:B:34H:C2,2XM7,34H,true,false,false,false,false,false,false,false,false,false,false,STRUCTURAL_EVIDENCE_INCOMPLETE,false,,NOT_IN_HUMAN_REVIEW_POPULATION,false,,UNRESOLVED,,UNRESOLVED,,UNRESOLVED,false,false,false,false,false,NOT_ESTABLISHED,false,null,false,false,false,false,false,false,false,,false,false,,,FEATURE_SEMANTICS_AUDIT_REQUIRED_LATER
362,COVAPIE_CYS_SG_EVENT_V1:2XU1:A:CYS:25-:SG:E:424:C15,2XU1,424,true,true,true,false,true,true,true,true,true,false,false,LEAKAGE_EXISTING_GROUP_CONFLICT,false,,NOT_IN_HUMAN_REVIEW_POPULATION,false,,UNRESOLVED,,UNRESOLVED,,UNRESOLVED,false,true,false,false,false,NOT_ESTABLISHED,false,null,false,false,false,false,false,false,false,,false,false,,,FEATURE_SEMANTICS_AUDIT_REQUIRED_LATER
363,COVAPIE_CYS_SG_EVENT_V1:2XU1:B:CYS:25-:SG:F:424:C15,2XU1,424,true,true,true,false,true,true,true,true,true,false,false,LEAKAGE_EXISTING_GROUP_CONFLICT,false,,NOT_IN_HUMAN_REVIEW_POPULATION,false,,UNRESOLVED,,UNRESOLVED,,UNRESOLVED,false,true,false,false,false,NOT_ESTABLISHED,false,null,false,false,false,false,false,false,false,,false,false,,,FEATURE_SEMANTICS_AUDIT_REQUIRED_LATER
364,COVAPIE_CYS_SG_EVENT_V1:2XU1:C:CYS:25-:SG:G:424:C15,2XU1,424,true,true,true,false,true,true,true,true,true,false,false,LEAKAGE_EXISTING_GROUP_CONFLICT,false,,NOT_IN_HUMAN_REVIEW_POPULATION,false,,UNRESOLVED,,UNRESOLVED,,UNRESOLVED,false,true,false,false,false,NOT_ESTABLISHED,false,null,false,false,false,false,false,false,false,,false,false,,,FEATURE_SEMANTICS_AUDIT_REQUIRED_LATER
365,COVAPIE_CYS_SG_EVENT_V1:2XU1:D:CYS:25-:SG:H:424:C15,2XU1,424,true,true,true,false,true,true,true,true,true,false,false,LEAKAGE_EXISTING_GROUP_CONFLICT,false,,NOT_IN_HUMAN_REVIEW_POPULATION,false,,UNRESOLVED,,UNRESOLVED,,UNRESOLVED,false,true,false,false,false,NOT_ESTABLISHED,false,null,false,false,false,false,false,false,false,,false,false,,,FEATURE_SEMANTICS_AUDIT_REQUIRED_LATER
366,COVAPIE_CYS_SG_EVENT_V1:2XU3:A:CYS:25-:SG:B:XU3:C19,2XU3,XU3,true,true,true,false,true,true,true,true,true,false,false,LEAKAGE_EXISTING_GROUP_CONFLICT,false,,NOT_IN_HUMAN_REVIEW_POPULATION,false,,UNRESOLVED,,UNRESOLVED,,UNRESOLVED,false,true,false,false,false,NOT_ESTABLISHED,false,null,false,false,false,false,false,false,false,,false,false,,,FEATURE_SEMANTICS_AUDIT_REQUIRED_LATER
367,COVAPIE_CYS_SG_EVENT_V1:2XU4:A:CYS:25-:SG:B:DJT:C5,2XU4,DJT,true,true,true,false,true,true,true,true,true,false,false,LEAKAGE_EXISTING_GROUP_CONFLICT,false,,NOT_IN_HUMAN_REVIEW_POPULATION,false,,UNRESOLVED,,UNRESOLVED,,UNRESOLVED,false,true,false,false,false,NOT_ESTABLISHED,false,null,false,false,false,false,false,false,false,,false,false,,,FEATURE_SEMANTICS_AUDIT_REQUIRED_LATER
368,COVAPIE_CYS_SG_EVENT_V1:2XU5:A:CYS:25-:SG:B:XU5:C5,2XU5,XU5,true,true,true,false,true,true,true,true,true,false,false,LEAKAGE_EXISTING_GROUP_CONFLICT,false,,NOT_IN_HUMAN_REVIEW_POPULATION,false,,UNRESOLVED,,UNRESOLVED,,UNRESOLVED,false,true,false,false,false,NOT_ESTABLISHED,false,null,false,false,false,false,false,false,false,,false,false,,,FEATURE_SEMANTICS_AUDIT_REQUIRED_LATER
369,COVAPIE_CYS_SG_EVENT_V1:2XYG:A:CYS:163-:SG:C:TQ8:C22,2XYG,TQ8,true,false,false,false,false,false,false,false,false,false,false,STRUCTURAL_EVIDENCE_INCOMPLETE,false,,NOT_IN_HUMAN_REVIEW_POPULATION,false,,UNRESOLVED,,UNRESOLVED,,UNRESOLVED,false,false,false,false,false,NOT_ESTABLISHED,false,null,false,false,false,false,false,false,false,,false,false,,,FEATURE_SEMANTICS_AUDIT_REQUIRED_LATER
370,COVAPIE_CYS_SG_EVENT_V1:2XYH:A:CYS:163-:SG:C:TQ9:C91,2XYH,TQ9,true,false,false,false,false,false,false,false,false,false,false,STRUCTURAL_EVIDENCE_INCOMPLETE,false,,NOT_IN_HUMAN_REVIEW_POPULATION,false,,UNRESOLVED,,UNRESOLVED,,UNRESOLVED,false,false,false,false,false,NOT_ESTABLISHED,false,null,false,false,false,false,false,false,false,,false,false,,,FEATURE_SEMANTICS_AUDIT_REQUIRED_LATER
371,COVAPIE_CYS_SG_EVENT_V1:2XZ6:A:CYS:53-:SG:K:ETM:SD,2XZ6,ETM,true,true,true,false,true,true,true,true,true,false,false,LEAKAGE_EXISTING_GROUP_CONFLICT,false,,NOT_IN_HUMAN_REVIEW_POPULATION,false,,UNRESOLVED,,UNRESOLVED,,UNRESOLVED,false,true,false,false,false,NOT_ESTABLISHED,false,null,false,false,false,false,false,false,false,,false,false,,,FEATURE_SEMANTICS_AUDIT_REQUIRED_LATER
372,COVAPIE_CYS_SG_EVENT_V1:2XZ6:B:CYS:53-:SG:L:ETM:SD,2XZ6,ETM,true,true,true,false,true,true,true,true,true,false,false,LEAKAGE_EXISTING_GROUP_CONFLICT,false,,NOT_IN_HUMAN_REVIEW_POPULATION,false,,UNRESOLVED,,UNRESOLVED,,UNRESOLVED,false,true,false,false,false,NOT_ESTABLISHED,false,null,false,false,false,false,false,false,false,,false,false,,,FEATURE_SEMANTICS_AUDIT_REQUIRED_LATER
373,COVAPIE_CYS_SG_EVENT_V1:2XZ6:C:CYS:53-:SG:M:ETM:SD,2XZ6,ETM,true,true,true,false,true,true,true,true,true,false,false,LEAKAGE_EXISTING_GROUP_CONFLICT,false,,NOT_IN_HUMAN_REVIEW_POPULATION,false,,UNRESOLVED,,UNRESOLVED,,UNRESOLVED,false,true,false,false,false,NOT_ESTABLISHED,false,null,false,false,false,false,false,false,false,,false,false,,,FEATURE_SEMANTICS_AUDIT_REQUIRED_LATER
374,COVAPIE_CYS_SG_EVENT_V1:2XZ6:D:CYS:53-:SG:N:ETM:SD,2XZ6,ETM,true,true,true,false,true,true,true,true,true,false,false,LEAKAGE_EXISTING_GROUP_CONFLICT,false,,NOT_IN_HUMAN_REVIEW_POPULATION,false,,UNRESOLVED,,UNRESOLVED,,UNRESOLVED,false,true,false,false,false,NOT_ESTABLISHED,false,null,false,false,false,false,false,false,false,,false,false,,,FEATURE_SEMANTICS_AUDIT_REQUIRED_LATER
375,COVAPIE_CYS_SG_EVENT_V1:2XZ6:E:CYS:53-:SG:O:ETM:SD,2XZ6,ETM,true,true,true,false,true,true,true,true,true,false,false,LEAKAGE_EXISTING_GROUP_CONFLICT,false,,NOT_IN_HUMAN_REVIEW_POPULATION,false,,UNRESOLVED,,UNRESOLVED,,UNRESOLVED,false,true,false,false,false,NOT_ESTABLISHED,false,null,false,false,false,false,false,false,false,,false,false,,,FEATURE_SEMANTICS_AUDIT_REQUIRED_LATER
376,COVAPIE_CYS_SG_EVENT_V1:2XZ6:F:CYS:53-:SG:P:ETM:SD,2XZ6,ETM,true,true,true,false,true,true,true,true,true,false,false,LEAKAGE_EXISTING_GROUP_CONFLICT,false,,NOT_IN_HUMAN_REVIEW_POPULATION,false,,UNRESOLVED,,UNRESOLVED,,UNRESOLVED,false,true,false,false,false,NOT_ESTABLISHED,false,null,false,false,false,false,false,false,false,,false,false,,,FEATURE_SEMANTICS_AUDIT_REQUIRED_LATER
377,COVAPIE_CYS_SG_EVENT_V1:2XZ6:G:CYS:53-:SG:Q:ETM:SD,2XZ6,ETM,true,true,true,false,true,true,true,true,true,false,false,LEAKAGE_EXISTING_GROUP_CONFLICT,false,,NOT_IN_HUMAN_REVIEW_POPULATION,false,,UNRESOLVED,,UNRESOLVED,,UNRESOLVED,false,true,false,false,false,NOT_ESTABLISHED,false,null,false,false,false,false,false,false,false,,false,false,,,FEATURE_SEMANTICS_AUDIT_REQUIRED_LATER
378,COVAPIE_CYS_SG_EVENT_V1:2XZ6:H:CYS:53-:SG:R:ETM:SD,2XZ6,ETM,true,true,true,false,true,true,true,true,true,false,false,LEAKAGE_EXISTING_GROUP_CONFLICT,false,,NOT_IN_HUMAN_REVIEW_POPULATION,false,,UNRESOLVED,,UNRESOLVED,,UNRESOLVED,false,true,false,false,false,NOT_ESTABLISHED,false,null,false,false,false,false,false,false,false,,false,false,,,FEATURE_SEMANTICS_AUDIT_REQUIRED_LATER
379,COVAPIE_CYS_SG_EVENT_V1:2XZ6:I:CYS:53-:SG:S:ETM:SD,2XZ6,ETM,true,true,true,false,true,true,true,true,true,false,false,LEAKAGE_EXISTING_GROUP_CONFLICT,false,,NOT_IN_HUMAN_REVIEW_POPULATION,false,,UNRESOLVED,,UNRESOLVED,,UNRESOLVED,false,true,false,false,false,NOT_ESTABLISHED,false,null,false,false,false,false,false,false,false,,false,false,,,FEATURE_SEMANTICS_AUDIT_REQUIRED_LATER
380,COVAPIE_CYS_SG_EVENT_V1:2XZ6:J:CYS:53-:SG:T:ETM:SD,2XZ6,ETM,true,true,true,false,true,true,true,true,true,false,false,LEAKAGE_EXISTING_GROUP_CONFLICT,false,,NOT_IN_HUMAN_REVIEW_POPULATION,false,,UNRESOLVED,,UNRESOLVED,,UNRESOLVED,false,true,false,false,false,NOT_ESTABLISHED,false,null,false,false,false,false,false,false,false,,false,false,,,FEATURE_SEMANTICS_AUDIT_REQUIRED_LATER
381,COVAPIE_CYS_SG_EVENT_V1:2Y5Y:A:CYS:122-:SG:D:TGA:S15,2Y5Y,TGA,true,true,true,false,true,true,true,true,true,false,false,CURRENTLY_UNREVIEWED,true,COVAPIE_BULK_REVIEW_UNIT_849C00809BE09F89,CURRENTLY_UNREVIEWED,false,data/derived/covalent_small/covapie_bulk_cys_sg_model_usable_auto_admission_scaleup_v1/covapie_bulk_cys_sg_priority_human_review_queue_v1.csv,UNRESOLVED,,UNRESOLVED,,UNRESOLVED,false,true,false,false,false,NOT_ESTABLISHED,false,null,false,false,false,false,false,false,false,,false,false,,,FEATURE_SEMANTICS_AUDIT_REQUIRED_LATER
382,COVAPIE_CYS_SG_EVENT_V1:2Y5Y:B:CYS:122-:SG:F:TGA:S15,2Y5Y,TGA,true,true,true,false,true,true,true,true,true,false,false,CURRENTLY_UNREVIEWED,true,COVAPIE_BULK_REVIEW_UNIT_849C00809BE09F89,CURRENTLY_UNREVIEWED,false,data/derived/covalent_small/covapie_bulk_cys_sg_model_usable_auto_admission_scaleup_v1/covapie_bulk_cys_sg_priority_human_review_queue_v1.csv,UNRESOLVED,,UNRESOLVED,,UNRESOLVED,false,true,false,false,false,NOT_ESTABLISHED,false,null,false,false,false,false,false,false,false,,false,false,,,FEATURE_SEMANTICS_AUDIT_REQUIRED_LATER
383,COVAPIE_CYS_SG_EVENT_V1:2Y92:A:CYS:157-:SG:B:DTT:S1,2Y92,DTT,true,true,true,false,true,true,true,true,true,false,false,CURRENTLY_UNREVIEWED,true,COVAPIE_BULK_REVIEW_UNIT_A3782D89BDEF47C1,CURRENTLY_UNREVIEWED,false,data/derived/covalent_small/covapie_bulk_cys_sg_model_usable_auto_admission_scaleup_v1/covapie_bulk_cys_sg_priority_human_review_queue_v1.csv,UNRESOLVED,,UNRESOLVED,,UNRESOLVED,false,true,false,false,false,NOT_ESTABLISHED,false,null,false,false,false,false,false,false,false,,false,false,,,FEATURE_SEMANTICS_AUDIT_REQUIRED_LATER
384,COVAPIE_CYS_SG_EVENT_V1:2Y92:A:CYS:91-:SG:B:DTT:S4,2Y92,DTT,true,true,true,false,true,true,true,true,true,false,false,CURRENTLY_UNREVIEWED,true,COVAPIE_BULK_REVIEW_UNIT_2EBCD325E1CD2081,CURRENTLY_UNREVIEWED,false,data/derived/covalent_small/covapie_bulk_cys_sg_model_usable_auto_admission_scaleup_v1/covapie_bulk_cys_sg_priority_human_review_queue_v1.csv,UNRESOLVED,,UNRESOLVED,,UNRESOLVED,false,true,false,false,false,NOT_ESTABLISHED,false,null,false,false,false,false,false,false,false,,false,false,,,FEATURE_SEMANTICS_AUDIT_REQUIRED_LATER
385,COVAPIE_CYS_SG_EVENT_V1:2YJ0:A:CYS:59-:SG:G:420:C1,2YJ0,420,true,true,true,false,true,true,true,true,true,true,false,QUARANTINE_REPRESENTATION_GAP,false,,NOT_IN_HUMAN_REVIEW_POPULATION,false,,UNRESOLVED,,UNRESOLVED,,UNRESOLVED,false,true,false,false,false,NOT_ESTABLISHED,false,null,false,false,false,false,false,false,false,,false,false,,,FEATURE_SEMANTICS_AUDIT_REQUIRED_LATER
386,COVAPIE_CYS_SG_EVENT_V1:2YJ0:B:CYS:59-:SG:K:420:C1,2YJ0,420,true,true,true,false,true,true,true,true,true,true,false,QUARANTINE_REPRESENTATION_GAP,false,,NOT_IN_HUMAN_REVIEW_POPULATION,false,,UNRESOLVED,,UNRESOLVED,,UNRESOLVED,false,true,false,false,false,NOT_ESTABLISHED,false,null,false,false,false,false,false,false,false,,false,false,,,FEATURE_SEMANTICS_AUDIT_REQUIRED_LATER
387,COVAPIE_CYS_SG_EVENT_V1:2YJ0:C:CYS:59-:SG:P:420:C1,2YJ0,420,true,true,true,false,true,true,true,true,true,true,false,QUARANTINE_REPRESENTATION_GAP,false,,NOT_IN_HUMAN_REVIEW_POPULATION,false,,UNRESOLVED,,UNRESOLVED,,UNRESOLVED,false,true,false,false,false,NOT_ESTABLISHED,false,null,false,false,false,false,false,false,false,,false,false,,,FEATURE_SEMANTICS_AUDIT_REQUIRED_LATER
388,COVAPIE_CYS_SG_EVENT_V1:2YJ0:D:CYS:59-:SG:S:420:C1,2YJ0,420,true,true,true,false,true,true,true,true,true,true,false,QUARANTINE_REPRESENTATION_GAP,false,,NOT_IN_HUMAN_REVIEW_POPULATION,false,,UNRESOLVED,,UNRESOLVED,,UNRESOLVED,false,true,false,false,false,NOT_ESTABLISHED,false,null,false,false,false,false,false,false,false,,false,false,,,FEATURE_SEMANTICS_AUDIT_REQUIRED_LATER
389,COVAPIE_CYS_SG_EVENT_V1:2YJ0:E:CYS:59-:SG:W:420:C1,2YJ0,420,true,true,true,false,true,true,true,true,true,true,false,QUARANTINE_REPRESENTATION_GAP,false,,NOT_IN_HUMAN_REVIEW_POPULATION,false,,UNRESOLVED,,UNRESOLVED,,UNRESOLVED,false,true,false,false,false,NOT_ESTABLISHED,false,null,false,false,false,false,false,false,false,,false,false,,,FEATURE_SEMANTICS_AUDIT_REQUIRED_LATER
390,COVAPIE_CYS_SG_EVENT_V1:2YJ0:F:CYS:59-:SG:AA:420:C1,2YJ0,420,true,true,true,false,true,true,true,true,true,true,false,QUARANTINE_REPRESENTATION_GAP,false,,NOT_IN_HUMAN_REVIEW_POPULATION,false,,UNRESOLVED,,UNRESOLVED,,UNRESOLVED,false,true,false,false,false,NOT_ESTABLISHED,false,null,false,false,false,false,false,false,false,,false,false,,,FEATURE_SEMANTICS_AUDIT_REQUIRED_LATER
391,COVAPIE_CYS_SG_EVENT_V1:2YJ2:A:CYS:25-:SG:B:YJ2:C18,2YJ2,YJ2,true,true,true,false,true,true,true,true,true,false,false,LEAKAGE_EXISTING_GROUP_CONFLICT,false,,NOT_IN_HUMAN_REVIEW_POPULATION,false,,UNRESOLVED,,UNRESOLVED,,UNRESOLVED,false,true,false,false,false,NOT_ESTABLISHED,false,null,false,false,false,false,false,false,false,,false,false,,,FEATURE_SEMANTICS_AUDIT_REQUIRED_LATER
392,COVAPIE_CYS_SG_EVENT_V1:2YJ8:A:CYS:25-:SG:B:YJ8:C18,2YJ8,YJ8,true,true,true,false,true,true,true,true,true,false,false,LEAKAGE_EXISTING_GROUP_CONFLICT,false,,NOT_IN_HUMAN_REVIEW_POPULATION,false,,UNRESOLVED,,UNRESOLVED,,UNRESOLVED,false,true,false,false,false,NOT_ESTABLISHED,false,null,false,false,false,false,false,false,false,,false,false,,,FEATURE_SEMANTICS_AUDIT_REQUIRED_LATER
393,COVAPIE_CYS_SG_EVENT_V1:2YJ9:A:CYS:25-:SG:B:YJ9:C5,2YJ9,YJ9,true,true,true,false,true,true,true,true,true,false,false,LEAKAGE_EXISTING_GROUP_CONFLICT,false,,NOT_IN_HUMAN_REVIEW_POPULATION,false,,UNRESOLVED,,UNRESOLVED,,UNRESOLVED,false,true,false,false,false,NOT_ESTABLISHED,false,null,false,false,false,false,false,false,false,,false,false,,,FEATURE_SEMANTICS_AUDIT_REQUIRED_LATER
394,COVAPIE_CYS_SG_EVENT_V1:2YJB:A:CYS:25-:SG:B:YJ9:C5,2YJB,YJ9,true,true,true,false,true,true,true,true,true,false,false,LEAKAGE_EXISTING_GROUP_CONFLICT,false,,NOT_IN_HUMAN_REVIEW_POPULATION,false,,UNRESOLVED,,UNRESOLVED,,UNRESOLVED,false,true,false,false,false,NOT_ESTABLISHED,false,null,false,false,false,false,false,false,false,,false,false,,,FEATURE_SEMANTICS_AUDIT_REQUIRED_LATER
395,COVAPIE_CYS_SG_EVENT_V1:2YJC:A:CYS:25-:SG:B:424:C15,2YJC,424,true,true,true,false,true,true,true,true,true,false,false,LEAKAGE_EXISTING_GROUP_CONFLICT,false,,NOT_IN_HUMAN_REVIEW_POPULATION,false,,UNRESOLVED,,UNRESOLVED,,UNRESOLVED,false,true,false,false,false,NOT_ESTABLISHED,false,null,false,false,false,false,false,false,false,,false,false,,,FEATURE_SEMANTICS_AUDIT_REQUIRED_LATER
396,COVAPIE_CYS_SG_EVENT_V1:2YNB:B:CYS:148-:SG:E:G85:C63,2YNB,G85,true,true,true,false,true,true,true,true,true,false,false,CURRENTLY_UNREVIEWED,true,COVAPIE_BULK_REVIEW_UNIT_A49155DC51E78D3B,CURRENTLY_UNREVIEWED,false,data/derived/covalent_small/covapie_bulk_cys_sg_model_usable_auto_admission_scaleup_v1/covapie_bulk_cys_sg_priority_human_review_queue_v1.csv,UNRESOLVED,,UNRESOLVED,,UNRESOLVED,false,true,false,false,false,NOT_ESTABLISHED,false,null,false,false,false,false,false,false,false,,false,false,,,FEATURE_SEMANTICS_AUDIT_REQUIRED_LATER
397,COVAPIE_CYS_SG_EVENT_V1:2ZK1:A:CYS:285-:SG:C:PTG:C8,2ZK1,PTG,true,true,true,false,true,true,true,true,true,false,false,CURRENT_RUNTIME_MODEL_USABLE,false,COVAPIE_BULK_REVIEW_UNIT_E29582A478EC4247,COMPLETED_HUMAN_POSITIVE,true,data/derived/covalent_small/covapie_batch001_completed_decision_ingestion_and_task_label_availability_v1/covapie_batch001_completed_human_decision_snapshot_v1.json,POSITIVE,data/derived/covalent_small/covapie_existing_positive_runtime_and_split_closure_v1/covapie_current_runtime_model_usable_positive_index_v1.csv,RELEVANT,data/derived/covalent_small/covapie_existing_positive_runtime_and_split_closure_v1/covapie_current_runtime_model_usable_positive_index_v1.csv,INCLUDE,false,true,true,true,true,STRICT_LINKER_PRESENT_V1,true,"[0,1,2,3,4]",true,true,false,false,true,false,true,train,true,true,,data/derived/covalent_small/covapie_existing_positive_runtime_and_split_closure_v1/covapie_current_runtime_model_usable_positive_index_v1.csv,FEATURE_SEMANTICS_AUDIT_REQUIRED_LATER
398,COVAPIE_CYS_SG_EVENT_V1:2ZK1:B:CYS:285-:SG:D:PTG:C8,2ZK1,PTG,true,true,true,false,true,true,true,true,true,false,false,CURRENT_RUNTIME_MODEL_USABLE,false,COVAPIE_BULK_REVIEW_UNIT_E29582A478EC4247,COMPLETED_HUMAN_POSITIVE,true,data/derived/covalent_small/covapie_batch001_completed_decision_ingestion_and_task_label_availability_v1/covapie_batch001_completed_human_decision_snapshot_v1.json,POSITIVE,data/derived/covalent_small/covapie_existing_positive_runtime_and_split_closure_v1/covapie_current_runtime_model_usable_positive_index_v1.csv,RELEVANT,data/derived/covalent_small/covapie_existing_positive_runtime_and_split_closure_v1/covapie_current_runtime_model_usable_positive_index_v1.csv,INCLUDE,false,true,true,true,true,STRICT_LINKER_PRESENT_V1,true,"[0,1,2,3,4]",true,true,false,false,true,false,true,train,true,true,,data/derived/covalent_small/covapie_existing_positive_runtime_and_split_closure_v1/covapie_current_runtime_model_usable_positive_index_v1.csv,FEATURE_SEMANTICS_AUDIT_REQUIRED_LATER
399,COVAPIE_CYS_SG_EVENT_V1:2ZK2:A:CYS:285-:SG:D:PTG:C8,2ZK2,PTG,true,true,true,false,true,true,true,true,true,false,false,CURRENT_RUNTIME_MODEL_USABLE,false,COVAPIE_BULK_REVIEW_UNIT_E29582A478EC4247,COMPLETED_HUMAN_POSITIVE,true,data/derived/covalent_small/covapie_batch001_completed_decision_ingestion_and_task_label_availability_v1/covapie_batch001_completed_human_decision_snapshot_v1.json,POSITIVE,data/derived/covalent_small/covapie_existing_positive_runtime_and_split_closure_v1/covapie_current_runtime_model_usable_positive_index_v1.csv,RELEVANT,data/derived/covalent_small/covapie_existing_positive_runtime_and_split_closure_v1/covapie_current_runtime_model_usable_positive_index_v1.csv,INCLUDE,false,true,true,true,true,STRICT_LINKER_PRESENT_V1,true,"[0,1,2,3,4]",true,true,false,false,true,false,true,train,true,true,,data/derived/covalent_small/covapie_existing_positive_runtime_and_split_closure_v1/covapie_current_runtime_model_usable_positive_index_v1.csv,FEATURE_SEMANTICS_AUDIT_REQUIRED_LATER
400,COVAPIE_CYS_SG_EVENT_V1:2ZK3:A:CYS:285-:SG:C:OCX:C11,2ZK3,OCX,true,true,true,false,true,true,true,true,true,false,false,CURRENTLY_UNREVIEWED,true,COVAPIE_BULK_REVIEW_UNIT_672DEEDD20BA4AE3,CURRENTLY_UNREVIEWED,false,data/derived/covalent_small/covapie_bulk_cys_sg_model_usable_auto_admission_scaleup_v1/covapie_bulk_cys_sg_priority_human_review_queue_v1.csv,UNRESOLVED,,UNRESOLVED,,UNRESOLVED,false,true,false,false,false,NOT_ESTABLISHED,false,null,false,false,false,false,false,false,false,,false,false,,,FEATURE_SEMANTICS_AUDIT_REQUIRED_LATER
401,COVAPIE_CYS_SG_EVENT_V1:2ZK3:B:CYS:285-:SG:D:OCX:C11,2ZK3,OCX,true,true,true,false,true,true,true,true,true,false,false,CURRENTLY_UNREVIEWED,true,COVAPIE_BULK_REVIEW_UNIT_672DEEDD20BA4AE3,CURRENTLY_UNREVIEWED,false,data/derived/covalent_small/covapie_bulk_cys_sg_model_usable_auto_admission_scaleup_v1/covapie_bulk_cys_sg_priority_human_review_queue_v1.csv,UNRESOLVED,,UNRESOLVED,,UNRESOLVED,false,true,false,false,false,NOT_ESTABLISHED,false,null,false,false,false,false,false,false,false,,false,false,,,FEATURE_SEMANTICS_AUDIT_REQUIRED_LATER
402,COVAPIE_CYS_SG_EVENT_V1:2ZK4:A:CYS:285-:SG:C:OCR:C9,2ZK4,OCR,true,true,true,false,true,true,true,true,true,false,false,CURRENTLY_UNREVIEWED,true,COVAPIE_BULK_REVIEW_UNIT_013E84BB94630904,CURRENTLY_UNREVIEWED,false,data/derived/covalent_small/covapie_bulk_cys_sg_model_usable_auto_admission_scaleup_v1/covapie_bulk_cys_sg_priority_human_review_queue_v1.csv,UNRESOLVED,,UNRESOLVED,,UNRESOLVED,false,true,false,false,false,NOT_ESTABLISHED,false,null,false,false,false,false,false,false,false,,false,false,,,FEATURE_SEMANTICS_AUDIT_REQUIRED_LATER
403,COVAPIE_CYS_SG_EVENT_V1:2ZK4:B:CYS:285-:SG:D:OCR:C9,2ZK4,OCR,true,true,true,false,true,true,true,true,true,false,false,CURRENTLY_UNREVIEWED,true,COVAPIE_BULK_REVIEW_UNIT_013E84BB94630904,CURRENTLY_UNREVIEWED,false,data/derived/covalent_small/covapie_bulk_cys_sg_model_usable_auto_admission_scaleup_v1/covapie_bulk_cys_sg_priority_human_review_queue_v1.csv,UNRESOLVED,,UNRESOLVED,,UNRESOLVED,false,true,false,false,false,NOT_ESTABLISHED,false,null,false,false,false,false,false,false,false,,false,false,,,FEATURE_SEMANTICS_AUDIT_REQUIRED_LATER
404,COVAPIE_CYS_SG_EVENT_V1:2ZK5:A:CYS:285-:SG:C:NRO:C8,2ZK5,NRO,true,true,true,false,true,true,true,true,true,false,false,CURRENTLY_UNREVIEWED,true,COVAPIE_BULK_REVIEW_UNIT_20296232043E53A1,CURRENTLY_UNREVIEWED,false,data/derived/covalent_small/covapie_bulk_cys_sg_model_usable_auto_admission_scaleup_v1/covapie_bulk_cys_sg_priority_human_review_queue_v1.csv,UNRESOLVED,,UNRESOLVED,,UNRESOLVED,false,true,false,false,false,NOT_ESTABLISHED,false,null,false,false,false,false,false,false,false,,false,false,,,FEATURE_SEMANTICS_AUDIT_REQUIRED_LATER
405,COVAPIE_CYS_SG_EVENT_V1:2ZK5:B:CYS:285-:SG:D:NRO:C8,2ZK5,NRO,true,true,true,false,true,true,true,true,true,false,false,CURRENTLY_UNREVIEWED,true,COVAPIE_BULK_REVIEW_UNIT_20296232043E53A1,CURRENTLY_UNREVIEWED,false,data/derived/covalent_small/covapie_bulk_cys_sg_model_usable_auto_admission_scaleup_v1/covapie_bulk_cys_sg_priority_human_review_queue_v1.csv,UNRESOLVED,,UNRESOLVED,,UNRESOLVED,false,true,false,false,false,NOT_ESTABLISHED,false,null,false,false,false,false,false,false,false,,false,false,,,FEATURE_SEMANTICS_AUDIT_REQUIRED_LATER
406,COVAPIE_CYS_SG_EVENT_V1:2ZU3:A:CYS:147-:SG:B:ZU3:C63,2ZU3,ZU3,true,false,false,false,false,false,false,false,false,false,false,STRUCTURAL_EVIDENCE_INCOMPLETE,false,,NOT_IN_HUMAN_REVIEW_POPULATION,false,,UNRESOLVED,,UNRESOLVED,,UNRESOLVED,false,false,false,false,false,NOT_ESTABLISHED,false,null,false,false,false,false,false,false,false,,false,false,,,FEATURE_SEMANTICS_AUDIT_REQUIRED_LATER
407,COVAPIE_CYS_SG_EVENT_V1:2ZU4:A:CYS:145-:SG:B:ZU3:C63,2ZU4,ZU3,true,false,false,false,false,false,false,false,false,false,false,STRUCTURAL_EVIDENCE_INCOMPLETE,false,,NOT_IN_HUMAN_REVIEW_POPULATION,false,,UNRESOLVED,,UNRESOLVED,,UNRESOLVED,false,false,false,false,false,NOT_ESTABLISHED,false,null,false,false,false,false,false,false,false,,false,false,,,FEATURE_SEMANTICS_AUDIT_REQUIRED_LATER
408,COVAPIE_CYS_SG_EVENT_V1:2ZU5:A:CYS:145-:SG:B:ZU5:C11,2ZU5,ZU5,true,false,false,false,false,false,false,false,false,false,false,STRUCTURAL_EVIDENCE_INCOMPLETE,false,,NOT_IN_HUMAN_REVIEW_POPULATION,false,,UNRESOLVED,,UNRESOLVED,,UNRESOLVED,false,false,false,false,false,NOT_ESTABLISHED,false,null,false,false,false,false,false,false,false,,false,false,,,FEATURE_SEMANTICS_AUDIT_REQUIRED_LATER
409,COVAPIE_CYS_SG_EVENT_V1:3A2G:A:CYS:102-:SG:G:LCY:C1,3A2G,LCY,true,true,true,false,true,true,true,true,true,false,false,CURRENTLY_UNREVIEWED,true,COVAPIE_BULK_REVIEW_UNIT_51445761536A7C56,CURRENTLY_UNREVIEWED,false,data/derived/covalent_small/covapie_bulk_cys_sg_model_usable_auto_admission_scaleup_v1/covapie_bulk_cys_sg_priority_human_review_queue_v1.csv,UNRESOLVED,,UNRESOLVED,,UNRESOLVED,false,true,false,false,false,NOT_ESTABLISHED,false,null,false,false,false,false,false,false,false,,false,false,,,FEATURE_SEMANTICS_AUDIT_REQUIRED_LATER
410,COVAPIE_CYS_SG_EVENT_V1:3ADW:A:CYS:285-:SG:D:OCR:C9,3ADW,OCR,true,true,true,false,true,true,true,true,true,false,false,CURRENTLY_UNREVIEWED,true,COVAPIE_BULK_REVIEW_UNIT_051699CAC7019ABA,CURRENTLY_UNREVIEWED,false,data/derived/covalent_small/covapie_bulk_cys_sg_model_usable_auto_admission_scaleup_v1/covapie_bulk_cys_sg_priority_human_review_queue_v1.csv,UNRESOLVED,,UNRESOLVED,,UNRESOLVED,false,true,false,false,false,NOT_ESTABLISHED,false,null,false,false,false,false,false,false,false,,false,false,,,FEATURE_SEMANTICS_AUDIT_REQUIRED_LATER
411,COVAPIE_CYS_SG_EVENT_V1:3ADW:B:CYS:285-:SG:E:OCR:C9,3ADW,OCR,true,true,true,false,true,true,true,true,true,false,false,CURRENTLY_UNREVIEWED,true,COVAPIE_BULK_REVIEW_UNIT_051699CAC7019ABA,CURRENTLY_UNREVIEWED,false,data/derived/covalent_small/covapie_bulk_cys_sg_model_usable_auto_admission_scaleup_v1/covapie_bulk_cys_sg_priority_human_review_queue_v1.csv,UNRESOLVED,,UNRESOLVED,,UNRESOLVED,false,true,false,false,false,NOT_ESTABLISHED,false,null,false,false,false,false,false,false,false,,false,false,,,FEATURE_SEMANTICS_AUDIT_REQUIRED_LATER
412,COVAPIE_CYS_SG_EVENT_V1:3ADX:A:CYS:285-:SG:C:NRO:C8,3ADX,NRO,true,false,false,false,false,false,false,false,false,false,false,STRUCTURAL_EVIDENCE_INCOMPLETE,false,,NOT_IN_HUMAN_REVIEW_POPULATION,false,,UNRESOLVED,,UNRESOLVED,,UNRESOLVED,false,false,false,false,false,NOT_ESTABLISHED,false,null,false,false,false,false,false,false,false,,false,false,,,FEATURE_SEMANTICS_AUDIT_REQUIRED_LATER
413,COVAPIE_CYS_SG_EVENT_V1:3B0R:A:CYS:285-:SG:C:GW9:C9,3B0R,GW9,true,true,true,false,true,true,true,true,true,true,false,QUARANTINE_REPRESENTATION_GAP,false,,NOT_IN_HUMAN_REVIEW_POPULATION,false,,UNRESOLVED,,UNRESOLVED,,UNRESOLVED,false,true,false,false,false,NOT_ESTABLISHED,false,null,false,false,false,false,false,false,false,,false,false,,,FEATURE_SEMANTICS_AUDIT_REQUIRED_LATER
414,COVAPIE_CYS_SG_EVENT_V1:3B0R:B:CYS:285-:SG:D:GW9:C9,3B0R,GW9,true,true,true,false,true,true,true,true,true,true,false,QUARANTINE_REPRESENTATION_GAP,false,,NOT_IN_HUMAN_REVIEW_POPULATION,false,,UNRESOLVED,,UNRESOLVED,,UNRESOLVED,false,true,false,false,false,NOT_ESTABLISHED,false,null,false,false,false,false,false,false,false,,false,false,,,FEATURE_SEMANTICS_AUDIT_REQUIRED_LATER
415,COVAPIE_CYS_SG_EVENT_V1:3B1T:A:CYS:645-:SG:B:YCL:CAP,3B1T,YCL,true,true,true,false,true,true,true,true,true,false,false,LEAKAGE_EXISTING_GROUP_CONFLICT,false,,NOT_IN_HUMAN_REVIEW_POPULATION,false,,UNRESOLVED,,UNRESOLVED,,UNRESOLVED,false,true,false,false,false,NOT_ESTABLISHED,false,null,false,false,false,false,false,false,false,,false,false,,,FEATURE_SEMANTICS_AUDIT_REQUIRED_LATER
416,COVAPIE_CYS_SG_EVENT_V1:3B1U:A:CYS:645-:SG:B:YFF:CAP,3B1U,YFF,true,true,true,false,true,true,true,true,true,false,false,LEAKAGE_EXISTING_GROUP_CONFLICT,false,,NOT_IN_HUMAN_REVIEW_POPULATION,false,,UNRESOLVED,,UNRESOLVED,,UNRESOLVED,false,true,false,false,false,NOT_ESTABLISHED,false,null,false,false,false,false,false,false,false,,false,false,,,FEATURE_SEMANTICS_AUDIT_REQUIRED_LATER
417,COVAPIE_CYS_SG_EVENT_V1:3B9H:A:CYS:146-:SG:D:NDU:C6,3B9H,NDU,true,true,true,false,true,true,true,true,true,false,false,CURRENT_RUNTIME_MODEL_USABLE,false,COVAPIE_BULK_REVIEW_UNIT_3F001AD5FD754F45,COMPLETED_HUMAN_POSITIVE,true,data/derived/covalent_small/covapie_batch001_completed_decision_ingestion_and_task_label_availability_v1/covapie_batch001_completed_human_decision_snapshot_v1.json,POSITIVE,data/derived/covalent_small/covapie_existing_positive_runtime_and_split_closure_v1/covapie_current_runtime_model_usable_positive_index_v1.csv,RELEVANT,data/derived/covalent_small/covapie_existing_positive_runtime_and_split_closure_v1/covapie_current_runtime_model_usable_positive_index_v1.csv,INCLUDE,false,true,true,true,true,STRICT_LINKER_PRESENT_V1,true,"[0,1,2,3,4]",true,true,false,false,true,false,true,test,false,true,,data/derived/covalent_small/covapie_existing_positive_runtime_and_split_closure_v1/covapie_current_runtime_model_usable_positive_index_v1.csv,FEATURE_SEMANTICS_AUDIT_REQUIRED_LATER
418,COVAPIE_CYS_SG_EVENT_V1:3BHL:A:CYS:146-:SG:C:NDU:C6,3BHL,NDU,true,true,true,false,true,true,true,true,true,false,false,CURRENT_RUNTIME_MODEL_USABLE,false,COVAPIE_BULK_REVIEW_UNIT_3F001AD5FD754F45,COMPLETED_HUMAN_POSITIVE,true,data/derived/covalent_small/covapie_batch001_completed_decision_ingestion_and_task_label_availability_v1/covapie_batch001_completed_human_decision_snapshot_v1.json,POSITIVE,data/derived/covalent_small/covapie_existing_positive_runtime_and_split_closure_v1/covapie_current_runtime_model_usable_positive_index_v1.csv,RELEVANT,data/derived/covalent_small/covapie_existing_positive_runtime_and_split_closure_v1/covapie_current_runtime_model_usable_positive_index_v1.csv,INCLUDE,false,true,true,true,true,STRICT_LINKER_PRESENT_V1,true,"[0,1,2,3,4]",true,true,false,false,true,false,true,test,false,true,,data/derived/covalent_small/covapie_existing_positive_runtime_and_split_closure_v1/covapie_current_runtime_model_usable_positive_index_v1.csv,FEATURE_SEMANTICS_AUDIT_REQUIRED_LATER
419,COVAPIE_CYS_SG_EVENT_V1:3BHL:B:CYS:146-:SG:G:NDU:C6,3BHL,NDU,true,true,true,false,true,true,true,true,true,false,false,CURRENT_RUNTIME_MODEL_USABLE,false,COVAPIE_BULK_REVIEW_UNIT_3F001AD5FD754F45,COMPLETED_HUMAN_POSITIVE,true,data/derived/covalent_small/covapie_batch001_completed_decision_ingestion_and_task_label_availability_v1/covapie_batch001_completed_human_decision_snapshot_v1.json,POSITIVE,data/derived/covalent_small/covapie_existing_positive_runtime_and_split_closure_v1/covapie_current_runtime_model_usable_positive_index_v1.csv,RELEVANT,data/derived/covalent_small/covapie_existing_positive_runtime_and_split_closure_v1/covapie_current_runtime_model_usable_positive_index_v1.csv,INCLUDE,false,true,true,true,true,STRICT_LINKER_PRESENT_V1,true,"[0,1,2,3,4]",true,true,false,false,true,false,true,test,false,true,,data/derived/covalent_small/covapie_existing_positive_runtime_and_split_closure_v1/covapie_current_runtime_model_usable_positive_index_v1.csv,FEATURE_SEMANTICS_AUDIT_REQUIRED_LATER
420,COVAPIE_CYS_SG_EVENT_V1:3BHR:A:CYS:146-:SG:E:NDU:C6,3BHR,NDU,true,true,true,false,true,true,true,true,true,false,false,CURRENT_RUNTIME_MODEL_USABLE,false,COVAPIE_BULK_REVIEW_UNIT_3F001AD5FD754F45,COMPLETED_HUMAN_POSITIVE,true,data/derived/covalent_small/covapie_batch001_completed_decision_ingestion_and_task_label_availability_v1/covapie_batch001_completed_human_decision_snapshot_v1.json,POSITIVE,data/derived/covalent_small/covapie_existing_positive_runtime_and_split_closure_v1/covapie_current_runtime_model_usable_positive_index_v1.csv,RELEVANT,data/derived/covalent_small/covapie_existing_positive_runtime_and_split_closure_v1/covapie_current_runtime_model_usable_positive_index_v1.csv,INCLUDE,false,true,true,true,true,STRICT_LINKER_PRESENT_V1,true,"[0,1,2,3,4]",true,true,false,false,true,false,true,test,false,true,,data/derived/covalent_small/covapie_existing_positive_runtime_and_split_closure_v1/covapie_current_runtime_model_usable_positive_index_v1.csv,FEATURE_SEMANTICS_AUDIT_REQUIRED_LATER
421,COVAPIE_CYS_SG_EVENT_V1:3BLT:A:CYS:403-:SG:B:PSY:C8,3BLT,PSY,true,false,false,false,false,false,false,false,false,false,false,STRUCTURAL_EVIDENCE_INCOMPLETE,false,,NOT_IN_HUMAN_REVIEW_POPULATION,false,,UNRESOLVED,,UNRESOLVED,,UNRESOLVED,false,false,false,false,false,NOT_ESTABLISHED,false,null,false,false,false,false,false,false,false,,false,false,,,FEATURE_SEMANTICS_AUDIT_REQUIRED_LATER
422,COVAPIE_CYS_SG_EVENT_V1:3BLU:A:CYS:403-:SG:B:PVS:C8,3BLU,PVS,true,false,false,false,false,false,false,false,false,false,false,STRUCTURAL_EVIDENCE_INCOMPLETE,false,,NOT_IN_HUMAN_REVIEW_POPULATION,false,,UNRESOLVED,,UNRESOLVED,,UNRESOLVED,false,false,false,false,false,NOT_ESTABLISHED,false,null,false,false,false,false,false,false,false,,false,false,,,FEATURE_SEMANTICS_AUDIT_REQUIRED_LATER
423,COVAPIE_CYS_SG_EVENT_V1:3BM8:A:CYS:403-:SG:B:PSY:C8,3BM8,PSY,true,false,false,false,false,false,false,false,false,false,false,STRUCTURAL_EVIDENCE_INCOMPLETE,false,,NOT_IN_HUMAN_REVIEW_POPULATION,false,,UNRESOLVED,,UNRESOLVED,,UNRESOLVED,false,false,false,false,false,NOT_ESTABLISHED,false,null,false,false,false,false,false,false,false,,false,false,,,FEATURE_SEMANTICS_AUDIT_REQUIRED_LATER
424,COVAPIE_CYS_SG_EVENT_V1:3BWK:A:CYS:51-:SG:E:C1P:C18,3BWK,C1P,true,true,true,false,true,true,true,true,true,false,false,LEAKAGE_EXISTING_GROUP_CONFLICT,false,,NOT_IN_HUMAN_REVIEW_POPULATION,false,,UNRESOLVED,,UNRESOLVED,,UNRESOLVED,false,true,false,false,false,NOT_ESTABLISHED,false,null,false,false,false,false,false,false,false,,false,false,,,FEATURE_SEMANTICS_AUDIT_REQUIRED_LATER
425,COVAPIE_CYS_SG_EVENT_V1:3BWK:B:CYS:51-:SG:G:C1P:C18,3BWK,C1P,true,true,true,false,true,true,true,true,true,false,false,LEAKAGE_EXISTING_GROUP_CONFLICT,false,,NOT_IN_HUMAN_REVIEW_POPULATION,false,,UNRESOLVED,,UNRESOLVED,,UNRESOLVED,false,true,false,false,false,NOT_ESTABLISHED,false,null,false,false,false,false,false,false,false,,false,false,,,FEATURE_SEMANTICS_AUDIT_REQUIRED_LATER
426,COVAPIE_CYS_SG_EVENT_V1:3BWK:C:CYS:51-:SG:J:C1P:C18,3BWK,C1P,true,true,true,false,true,true,true,true,true,false,false,LEAKAGE_EXISTING_GROUP_CONFLICT,false,,NOT_IN_HUMAN_REVIEW_POPULATION,false,,UNRESOLVED,,UNRESOLVED,,UNRESOLVED,false,true,false,false,false,NOT_ESTABLISHED,false,null,false,false,false,false,false,false,false,,false,false,,,FEATURE_SEMANTICS_AUDIT_REQUIRED_LATER
427,COVAPIE_CYS_SG_EVENT_V1:3BWK:D:CYS:51-:SG:L:C1P:C18,3BWK,C1P,true,true,true,false,true,true,true,true,true,false,false,LEAKAGE_EXISTING_GROUP_CONFLICT,false,,NOT_IN_HUMAN_REVIEW_POPULATION,false,,UNRESOLVED,,UNRESOLVED,,UNRESOLVED,false,true,false,false,false,NOT_ESTABLISHED,false,null,false,false,false,false,false,false,false,,false,false,,,FEATURE_SEMANTICS_AUDIT_REQUIRED_LATER
428,COVAPIE_CYS_SG_EVENT_V1:3C9E:A:CYS:25-:SG:D:E64:C2,3C9E,E64,true,true,true,false,true,true,true,true,true,false,false,LEAKAGE_EXISTING_GROUP_CONFLICT,false,,NOT_IN_HUMAN_REVIEW_POPULATION,false,,UNRESOLVED,,UNRESOLVED,,UNRESOLVED,false,true,false,false,false,NOT_ESTABLISHED,false,null,false,false,false,false,false,false,false,,false,false,,,FEATURE_SEMANTICS_AUDIT_REQUIRED_LATER
429,COVAPIE_CYS_SG_EVENT_V1:3C9W:A:CYS:164-:SG:C:HMY:C11,3C9W,HMY,true,true,true,false,true,true,true,true,true,false,false,CURRENTLY_UNREVIEWED,true,COVAPIE_BULK_REVIEW_UNIT_0E4BBC981ADBD5F5,CURRENTLY_UNREVIEWED,false,data/derived/covalent_small/covapie_bulk_cys_sg_model_usable_auto_admission_scaleup_v1/covapie_bulk_cys_sg_priority_human_review_queue_v1.csv,UNRESOLVED,,UNRESOLVED,,UNRESOLVED,false,true,false,false,false,NOT_ESTABLISHED,false,null,false,false,false,false,false,false,false,,false,false,,,FEATURE_SEMANTICS_AUDIT_REQUIRED_LATER
430,COVAPIE_CYS_SG_EVENT_V1:3C9W:B:CYS:164-:SG:D:HMY:C11,3C9W,HMY,true,true,true,false,true,true,true,true,true,false,false,CURRENTLY_UNREVIEWED,true,COVAPIE_BULK_REVIEW_UNIT_0E4BBC981ADBD5F5,CURRENTLY_UNREVIEWED,false,data/derived/covalent_small/covapie_bulk_cys_sg_model_usable_auto_admission_scaleup_v1/covapie_bulk_cys_sg_priority_human_review_queue_v1.csv,UNRESOLVED,,UNRESOLVED,,UNRESOLVED,false,true,false,false,false,NOT_ESTABLISHED,false,null,false,false,false,false,false,false,false,,false,false,,,FEATURE_SEMANTICS_AUDIT_REQUIRED_LATER
431,COVAPIE_CYS_SG_EVENT_V1:3D1L:A:CYS:179-:SG:C:MPR:S3,3D1L,MPR,true,true,true,false,true,true,true,true,true,false,false,CURRENTLY_UNREVIEWED,true,COVAPIE_BULK_REVIEW_UNIT_ED9881931B330C2B,CURRENTLY_UNREVIEWED,false,data/derived/covalent_small/covapie_bulk_cys_sg_model_usable_auto_admission_scaleup_v1/covapie_bulk_cys_sg_priority_human_review_queue_v1.csv,UNRESOLVED,,UNRESOLVED,,UNRESOLVED,false,true,false,false,false,NOT_ESTABLISHED,false,null,false,false,false,false,false,false,false,,false,false,,,FEATURE_SEMANTICS_AUDIT_REQUIRED_LATER
432,COVAPIE_CYS_SG_EVENT_V1:3D1L:B:CYS:179-:SG:E:MPR:S3,3D1L,MPR,true,true,true,false,true,true,true,true,true,false,false,CURRENTLY_UNREVIEWED,true,COVAPIE_BULK_REVIEW_UNIT_ED9881931B330C2B,CURRENTLY_UNREVIEWED,false,data/derived/covalent_small/covapie_bulk_cys_sg_model_usable_auto_admission_scaleup_v1/covapie_bulk_cys_sg_priority_human_review_queue_v1.csv,UNRESOLVED,,UNRESOLVED,,UNRESOLVED,false,true,false,false,false,NOT_ESTABLISHED,false,null,false,false,false,false,false,false,false,,false,false,,,FEATURE_SEMANTICS_AUDIT_REQUIRED_LATER
433,COVAPIE_CYS_SG_EVENT_V1:3D62:A:CYS:145-:SG:B:959:C16,3D62,959,true,false,false,false,false,false,false,false,false,false,false,STRUCTURAL_EVIDENCE_INCOMPLETE,false,,NOT_IN_HUMAN_REVIEW_POPULATION,false,,UNRESOLVED,,UNRESOLVED,,UNRESOLVED,false,false,false,false,false,NOT_ESTABLISHED,false,null,false,false,false,false,false,false,false,,false,false,,,FEATURE_SEMANTICS_AUDIT_REQUIRED_LATER
434,COVAPIE_CYS_SG_EVENT_V1:3DLA:A:CYS:176-:SG:I:ONL:CE,3DLA,ONL,true,true,true,false,true,true,true,true,true,false,false,COMPLETED_HUMAN_POSITIVE,true,COVAPIE_BULK_REVIEW_UNIT_FC5A3060FADCBA74,COMPLETED_HUMAN_POSITIVE,true,covapie-state/manual-review-aids/cumulative1000-high-yield-calibration-v1/ONL_COVAPIE_BULK_REVIEW_UNIT_FC5A3060FADCBA74/formal-human-decision-v1/onl_formal_human_decision_v1.json,POSITIVE,data/derived/covalent_small/covapie_onl_completed_decision_ingestion_and_task_label_availability_v1/covapie_onl_event_task_label_availability_v1.csv,RELEVANT,data/derived/covalent_small/covapie_onl_completed_decision_ingestion_and_task_label_availability_v1/covapie_onl_event_task_label_availability_v1.csv,EXCLUDE_FROM_TRAINING_ONLY,true,true,true,false,true,DIRECT_ATTACHMENT_OPTIONAL_LINKER_V1,true,"[0,3,4]",false,false,false,false,false,false,false,,false,false,false,data/derived/covalent_small/covapie_onl_completed_decision_ingestion_and_task_label_availability_v1/covapie_onl_event_task_label_availability_v1.csv,FEATURE_SEMANTICS_AUDIT_REQUIRED_LATER
435,COVAPIE_CYS_SG_EVENT_V1:3DLA:B:CYS:176-:SG:F:ONL:CE,3DLA,ONL,true,true,true,false,true,true,true,true,true,false,false,COMPLETED_HUMAN_POSITIVE,true,COVAPIE_BULK_REVIEW_UNIT_FC5A3060FADCBA74,COMPLETED_HUMAN_POSITIVE,true,covapie-state/manual-review-aids/cumulative1000-high-yield-calibration-v1/ONL_COVAPIE_BULK_REVIEW_UNIT_FC5A3060FADCBA74/formal-human-decision-v1/onl_formal_human_decision_v1.json,POSITIVE,data/derived/covalent_small/covapie_onl_completed_decision_ingestion_and_task_label_availability_v1/covapie_onl_event_task_label_availability_v1.csv,RELEVANT,data/derived/covalent_small/covapie_onl_completed_decision_ingestion_and_task_label_availability_v1/covapie_onl_event_task_label_availability_v1.csv,EXCLUDE_FROM_TRAINING_ONLY,true,true,true,false,true,DIRECT_ATTACHMENT_OPTIONAL_LINKER_V1,true,"[0,3,4]",false,false,false,false,false,false,false,,false,false,false,data/derived/covalent_small/covapie_onl_completed_decision_ingestion_and_task_label_availability_v1/covapie_onl_event_task_label_availability_v1.csv,FEATURE_SEMANTICS_AUDIT_REQUIRED_LATER
436,COVAPIE_CYS_SG_EVENT_V1:3DLA:C:CYS:176-:SG:G:ONL:CE,3DLA,ONL,true,true,true,false,true,true,true,true,true,false,false,COMPLETED_HUMAN_POSITIVE,true,COVAPIE_BULK_REVIEW_UNIT_FC5A3060FADCBA74,COMPLETED_HUMAN_POSITIVE,true,covapie-state/manual-review-aids/cumulative1000-high-yield-calibration-v1/ONL_COVAPIE_BULK_REVIEW_UNIT_FC5A3060FADCBA74/formal-human-decision-v1/onl_formal_human_decision_v1.json,POSITIVE,data/derived/covalent_small/covapie_onl_completed_decision_ingestion_and_task_label_availability_v1/covapie_onl_event_task_label_availability_v1.csv,RELEVANT,data/derived/covalent_small/covapie_onl_completed_decision_ingestion_and_task_label_availability_v1/covapie_onl_event_task_label_availability_v1.csv,EXCLUDE_FROM_TRAINING_ONLY,true,true,true,false,true,DIRECT_ATTACHMENT_OPTIONAL_LINKER_V1,true,"[0,3,4]",false,false,false,false,false,false,false,,false,false,false,data/derived/covalent_small/covapie_onl_completed_decision_ingestion_and_task_label_availability_v1/covapie_onl_event_task_label_availability_v1.csv,FEATURE_SEMANTICS_AUDIT_REQUIRED_LATER
437,COVAPIE_CYS_SG_EVENT_V1:3DLA:D:CYS:176-:SG:H:ONL:CE,3DLA,ONL,true,true,true,false,true,true,true,true,true,false,false,COMPLETED_HUMAN_POSITIVE,true,COVAPIE_BULK_REVIEW_UNIT_FC5A3060FADCBA74,COMPLETED_HUMAN_POSITIVE,true,covapie-state/manual-review-aids/cumulative1000-high-yield-calibration-v1/ONL_COVAPIE_BULK_REVIEW_UNIT_FC5A3060FADCBA74/formal-human-decision-v1/onl_formal_human_decision_v1.json,POSITIVE,data/derived/covalent_small/covapie_onl_completed_decision_ingestion_and_task_label_availability_v1/covapie_onl_event_task_label_availability_v1.csv,RELEVANT,data/derived/covalent_small/covapie_onl_completed_decision_ingestion_and_task_label_availability_v1/covapie_onl_event_task_label_availability_v1.csv,EXCLUDE_FROM_TRAINING_ONLY,true,true,true,false,true,DIRECT_ATTACHMENT_OPTIONAL_LINKER_V1,true,"[0,3,4]",false,false,false,false,false,false,false,,false,false,false,data/derived/covalent_small/covapie_onl_completed_decision_ingestion_and_task_label_availability_v1/covapie_onl_event_task_label_availability_v1.csv,FEATURE_SEMANTICS_AUDIT_REQUIRED_LATER
438,COVAPIE_CYS_SG_EVENT_V1:3FRZ:A:CYS:14-:SG:C:AG6:C15,3FRZ,AG6,true,true,true,false,true,true,true,true,true,false,false,LEAKAGE_EXISTING_GROUP_CONFLICT,false,,NOT_IN_HUMAN_REVIEW_POPULATION,false,,UNRESOLVED,,UNRESOLVED,,UNRESOLVED,false,true,false,false,false,NOT_ESTABLISHED,false,null,false,false,false,false,false,false,false,,false,false,,,FEATURE_SEMANTICS_AUDIT_REQUIRED_LATER
439,COVAPIE_CYS_SG_EVENT_V1:3FRZ:A:CYS:223-:SG:D:BME:S2,3FRZ,BME,true,true,true,false,true,true,true,true,true,false,false,LEAKAGE_EXISTING_GROUP_CONFLICT,false,,NOT_IN_HUMAN_REVIEW_POPULATION,false,,UNRESOLVED,,UNRESOLVED,,UNRESOLVED,false,true,false,false,false,NOT_ESTABLISHED,false,null,false,false,false,false,false,false,false,,false,false,,,FEATURE_SEMANTICS_AUDIT_REQUIRED_LATER
440,COVAPIE_CYS_SG_EVENT_V1:3GCD:A:CYS:140-:SG:E:AZ0:CAG,3GCD,AZ0,true,true,true,false,true,true,true,true,true,false,false,LEAKAGE_EXISTING_GROUP_CONFLICT,false,,NOT_IN_HUMAN_REVIEW_POPULATION,false,,UNRESOLVED,,UNRESOLVED,,UNRESOLVED,false,true,false,false,false,NOT_ESTABLISHED,false,null,false,false,false,false,false,false,false,,false,false,,,FEATURE_SEMANTICS_AUDIT_REQUIRED_LATER
441,COVAPIE_CYS_SG_EVENT_V1:3GCD:B:CYS:140-:SG:H:AZ0:CAG,3GCD,AZ0,true,true,true,false,true,true,true,true,true,false,false,LEAKAGE_EXISTING_GROUP_CONFLICT,false,,NOT_IN_HUMAN_REVIEW_POPULATION,false,,UNRESOLVED,,UNRESOLVED,,UNRESOLVED,false,true,false,false,false,NOT_ESTABLISHED,false,null,false,false,false,false,false,false,false,,false,false,,,FEATURE_SEMANTICS_AUDIT_REQUIRED_LATER
442,COVAPIE_CYS_SG_EVENT_V1:3GCD:C:CYS:140-:SG:K:AZ0:CAG,3GCD,AZ0,true,true,true,false,true,true,true,true,true,false,false,LEAKAGE_EXISTING_GROUP_CONFLICT,false,,NOT_IN_HUMAN_REVIEW_POPULATION,false,,UNRESOLVED,,UNRESOLVED,,UNRESOLVED,false,true,false,false,false,NOT_ESTABLISHED,false,null,false,false,false,false,false,false,false,,false,false,,,FEATURE_SEMANTICS_AUDIT_REQUIRED_LATER
443,COVAPIE_CYS_SG_EVENT_V1:3GCD:D:CYS:140-:SG:N:AZ0:CAG,3GCD,AZ0,true,true,true,false,true,true,true,true,true,false,false,LEAKAGE_EXISTING_GROUP_CONFLICT,false,,NOT_IN_HUMAN_REVIEW_POPULATION,false,,UNRESOLVED,,UNRESOLVED,,UNRESOLVED,false,true,false,false,false,NOT_ESTABLISHED,false,null,false,false,false,false,false,false,false,,false,false,,,FEATURE_SEMANTICS_AUDIT_REQUIRED_LATER
444,COVAPIE_CYS_SG_EVENT_V1:3H0E:A:CYS:163-:SG:C:H0E:C5,3H0E,H0E,true,true,true,false,true,true,true,true,true,false,false,LEAKAGE_EXISTING_GROUP_CONFLICT,false,,NOT_IN_HUMAN_REVIEW_POPULATION,false,,UNRESOLVED,,UNRESOLVED,,UNRESOLVED,false,true,false,false,false,NOT_ESTABLISHED,false,null,false,false,false,false,false,false,false,,false,false,,,FEATURE_SEMANTICS_AUDIT_REQUIRED_LATER
445,COVAPIE_CYS_SG_EVENT_V1:3H0E:B:CYS:163-:SG:D:H0E:C5,3H0E,H0E,true,true,true,false,true,true,true,true,true,false,false,LEAKAGE_EXISTING_GROUP_CONFLICT,false,,NOT_IN_HUMAN_REVIEW_POPULATION,false,,UNRESOLVED,,UNRESOLVED,,UNRESOLVED,false,true,false,false,false,NOT_ESTABLISHED,false,null,false,false,false,false,false,false,false,,false,false,,,FEATURE_SEMANTICS_AUDIT_REQUIRED_LATER
446,COVAPIE_CYS_SG_EVENT_V1:3HD3:A:CYS:25-:SG:C:25B:C10,3HD3,25B,true,true,true,false,true,true,true,true,true,false,false,LEAKAGE_EXISTING_GROUP_CONFLICT,false,,NOT_IN_HUMAN_REVIEW_POPULATION,false,,UNRESOLVED,,UNRESOLVED,,UNRESOLVED,false,true,false,false,false,NOT_ESTABLISHED,false,null,false,false,false,false,false,false,false,,false,false,,,FEATURE_SEMANTICS_AUDIT_REQUIRED_LATER
447,COVAPIE_CYS_SG_EVENT_V1:3HD3:B:CYS:25-:SG:H:25B:C10,3HD3,25B,true,true,true,false,true,true,true,true,true,false,false,LEAKAGE_EXISTING_GROUP_CONFLICT,false,,NOT_IN_HUMAN_REVIEW_POPULATION,false,,UNRESOLVED,,UNRESOLVED,,UNRESOLVED,false,true,false,false,false,NOT_ESTABLISHED,false,null,false,false,false,false,false,false,false,,false,false,,,FEATURE_SEMANTICS_AUDIT_REQUIRED_LATER
448,COVAPIE_CYS_SG_EVENT_V1:3HHA:A:CYS:25-:SG:E:NOW:C14,3HHA,NOW,true,true,true,false,true,true,true,true,true,false,false,LEAKAGE_EXISTING_GROUP_CONFLICT,false,,NOT_IN_HUMAN_REVIEW_POPULATION,false,,UNRESOLVED,,UNRESOLVED,,UNRESOLVED,false,true,false,false,false,NOT_ESTABLISHED,false,null,false,false,false,false,false,false,false,,false,false,,,FEATURE_SEMANTICS_AUDIT_REQUIRED_LATER
449,COVAPIE_CYS_SG_EVENT_V1:3HHA:B:CYS:25-:SG:H:NOW:C14,3HHA,NOW,true,true,true,false,true,true,true,true,true,false,false,LEAKAGE_EXISTING_GROUP_CONFLICT,false,,NOT_IN_HUMAN_REVIEW_POPULATION,false,,UNRESOLVED,,UNRESOLVED,,UNRESOLVED,false,true,false,false,false,NOT_ESTABLISHED,false,null,false,false,false,false,false,false,false,,false,false,,,FEATURE_SEMANTICS_AUDIT_REQUIRED_LATER
450,COVAPIE_CYS_SG_EVENT_V1:3HHA:C:CYS:25-:SG:J:NOW:C14,3HHA,NOW,true,true,true,false,true,true,true,true,true,false,false,LEAKAGE_EXISTING_GROUP_CONFLICT,false,,NOT_IN_HUMAN_REVIEW_POPULATION,false,,UNRESOLVED,,UNRESOLVED,,UNRESOLVED,false,true,false,false,false,NOT_ESTABLISHED,false,null,false,false,false,false,false,false,false,,false,false,,,FEATURE_SEMANTICS_AUDIT_REQUIRED_LATER
451,COVAPIE_CYS_SG_EVENT_V1:3HHA:D:CYS:25-:SG:K:NOW:C14,3HHA,NOW,true,true,true,false,true,true,true,true,true,false,false,LEAKAGE_EXISTING_GROUP_CONFLICT,false,,NOT_IN_HUMAN_REVIEW_POPULATION,false,,UNRESOLVED,,UNRESOLVED,,UNRESOLVED,false,true,false,false,false,NOT_ESTABLISHED,false,null,false,false,false,false,false,false,false,,false,false,,,FEATURE_SEMANTICS_AUDIT_REQUIRED_LATER
452,COVAPIE_CYS_SG_EVENT_V1:3HHI:A:CYS:122-:SG:C:074:C6,3HHI,074,true,true,true,false,true,true,true,true,true,false,false,LEAKAGE_EXISTING_GROUP_CONFLICT,false,,NOT_IN_HUMAN_REVIEW_POPULATION,false,,UNRESOLVED,,UNRESOLVED,,UNRESOLVED,false,true,false,false,false,NOT_ESTABLISHED,false,null,false,false,false,false,false,false,false,,false,false,,,FEATURE_SEMANTICS_AUDIT_REQUIRED_LATER
453,COVAPIE_CYS_SG_EVENT_V1:3HHI:B:CYS:122-:SG:H:074:C6,3HHI,074,true,true,true,false,true,true,true,true,true,false,false,LEAKAGE_EXISTING_GROUP_CONFLICT,false,,NOT_IN_HUMAN_REVIEW_POPULATION,false,,UNRESOLVED,,UNRESOLVED,,UNRESOLVED,false,true,false,false,false,NOT_ESTABLISHED,false,null,false,false,false,false,false,false,false,,false,false,,,FEATURE_SEMANTICS_AUDIT_REQUIRED_LATER
454,COVAPIE_CYS_SG_EVENT_V1:3HKE:B:CYS:241-:SG:H:T13:CAQ,3HKE,T13,true,true,true,false,true,true,true,true,true,true,false,QUARANTINE_REPRESENTATION_GAP,false,,NOT_IN_HUMAN_REVIEW_POPULATION,false,,UNRESOLVED,,UNRESOLVED,,UNRESOLVED,false,true,false,false,false,NOT_ESTABLISHED,false,null,false,false,false,false,false,false,false,,false,false,,,FEATURE_SEMANTICS_AUDIT_REQUIRED_LATER
455,COVAPIE_CYS_SG_EVENT_V1:3HKE:D:CYS:241-:SG:N:T13:CAQ,3HKE,T13,true,true,true,false,true,true,true,true,true,true,false,QUARANTINE_REPRESENTATION_GAP,false,,NOT_IN_HUMAN_REVIEW_POPULATION,false,,UNRESOLVED,,UNRESOLVED,,UNRESOLVED,false,true,false,false,false,NOT_ESTABLISHED,false,null,false,false,false,false,false,false,false,,false,false,,,FEATURE_SEMANTICS_AUDIT_REQUIRED_LATER
456,COVAPIE_CYS_SG_EVENT_V1:3HSR:B:CYS:13-:SG:E:BT6:S1,3HSR,BT6,true,true,true,false,true,true,true,true,true,false,false,LEAKAGE_EXISTING_GROUP_CONFLICT,false,,NOT_IN_HUMAN_REVIEW_POPULATION,false,,UNRESOLVED,,UNRESOLVED,,UNRESOLVED,false,true,false,false,false,NOT_ESTABLISHED,false,null,false,false,false,false,false,false,false,,false,false,,,FEATURE_SEMANTICS_AUDIT_REQUIRED_LATER
457,COVAPIE_CYS_SG_EVENT_V1:3HSR:C:CYS:13-:SG:K:BT6:S1,3HSR,BT6,true,true,true,false,true,true,true,true,true,false,false,LEAKAGE_EXISTING_GROUP_CONFLICT,false,,NOT_IN_HUMAN_REVIEW_POPULATION,false,,UNRESOLVED,,UNRESOLVED,,UNRESOLVED,false,true,false,false,false,NOT_ESTABLISHED,false,null,false,false,false,false,false,false,false,,false,false,,,FEATURE_SEMANTICS_AUDIT_REQUIRED_LATER
458,COVAPIE_CYS_SG_EVENT_V1:3HSR:D:CYS:13-:SG:N:BT6:S1,3HSR,BT6,true,true,true,false,true,true,true,true,true,false,false,LEAKAGE_EXISTING_GROUP_CONFLICT,false,,NOT_IN_HUMAN_REVIEW_POPULATION,false,,UNRESOLVED,,UNRESOLVED,,UNRESOLVED,false,true,false,false,false,NOT_ESTABLISHED,false,null,false,false,false,false,false,false,false,,false,false,,,FEATURE_SEMANTICS_AUDIT_REQUIRED_LATER
459,COVAPIE_CYS_SG_EVENT_V1:3HWN:A:CYS:25-:SG:E:BD3:C24,3HWN,BD3,true,true,true,false,true,true,true,true,true,false,false,LEAKAGE_EXISTING_GROUP_CONFLICT,false,,NOT_IN_HUMAN_REVIEW_POPULATION,false,,UNRESOLVED,,UNRESOLVED,,UNRESOLVED,false,true,false,false,false,NOT_ESTABLISHED,false,null,false,false,false,false,false,false,false,,false,false,,,FEATURE_SEMANTICS_AUDIT_REQUIRED_LATER
460,COVAPIE_CYS_SG_EVENT_V1:3HWN:B:CYS:25-:SG:F:BD3:C24,3HWN,BD3,true,true,true,false,true,true,true,true,true,false,false,LEAKAGE_EXISTING_GROUP_CONFLICT,false,,NOT_IN_HUMAN_REVIEW_POPULATION,false,,UNRESOLVED,,UNRESOLVED,,UNRESOLVED,false,true,false,false,false,NOT_ESTABLISHED,false,null,false,false,false,false,false,false,false,,false,false,,,FEATURE_SEMANTICS_AUDIT_REQUIRED_LATER
461,COVAPIE_CYS_SG_EVENT_V1:3HWN:C:CYS:25-:SG:G:BD3:C24,3HWN,BD3,true,true,true,false,true,true,true,true,true,false,false,LEAKAGE_EXISTING_GROUP_CONFLICT,false,,NOT_IN_HUMAN_REVIEW_POPULATION,false,,UNRESOLVED,,UNRESOLVED,,UNRESOLVED,false,true,false,false,false,NOT_ESTABLISHED,false,null,false,false,false,false,false,false,false,,false,false,,,FEATURE_SEMANTICS_AUDIT_REQUIRED_LATER
462,COVAPIE_CYS_SG_EVENT_V1:3HWN:D:CYS:25-:SG:H:BD3:C24,3HWN,BD3,true,true,true,false,true,true,true,true,true,false,false,LEAKAGE_EXISTING_GROUP_CONFLICT,false,,NOT_IN_HUMAN_REVIEW_POPULATION,false,,UNRESOLVED,,UNRESOLVED,,UNRESOLVED,false,true,false,false,false,NOT_ESTABLISHED,false,null,false,false,false,false,false,false,false,,false,false,,,FEATURE_SEMANTICS_AUDIT_REQUIRED_LATER
463,COVAPIE_CYS_SG_EVENT_V1:3I06:A:CYS:25-:SG:B:QL2:CAS,3I06,QL2,true,true,true,false,true,true,true,true,true,false,false,LEAKAGE_EXISTING_GROUP_CONFLICT,false,,NOT_IN_HUMAN_REVIEW_POPULATION,false,,UNRESOLVED,,UNRESOLVED,,UNRESOLVED,false,true,false,false,false,NOT_ESTABLISHED,false,null,false,false,false,false,false,false,false,,false,false,,,FEATURE_SEMANTICS_AUDIT_REQUIRED_LATER
464,COVAPIE_CYS_SG_EVENT_V1:3I4A:A:CYS:274-:SG:C:LN5:CZ,3I4A,LN5,true,true,true,false,true,true,true,true,true,false,false,CURRENT_RUNTIME_MODEL_USABLE,false,COVAPIE_BULK_REVIEW_UNIT_EBAE6C684690C8C9,COMPLETED_HUMAN_POSITIVE,true,data/derived/covalent_small/covapie_batch001_completed_decision_ingestion_and_task_label_availability_v1/covapie_batch001_completed_human_decision_snapshot_v1.json,POSITIVE,data/derived/covalent_small/covapie_existing_positive_runtime_and_split_closure_v1/covapie_current_runtime_model_usable_positive_index_v1.csv,RELEVANT,data/derived/covalent_small/covapie_existing_positive_runtime_and_split_closure_v1/covapie_current_runtime_model_usable_positive_index_v1.csv,INCLUDE,false,true,true,true,true,STRICT_LINKER_PRESENT_V1,true,"[0,1,2,3,4]",true,true,false,false,true,false,true,validation,false,true,,data/derived/covalent_small/covapie_existing_positive_runtime_and_split_closure_v1/covapie_current_runtime_model_usable_positive_index_v1.csv,FEATURE_SEMANTICS_AUDIT_REQUIRED_LATER
465,COVAPIE_CYS_SG_EVENT_V1:3I4A:B:CYS:274-:SG:D:LN5:CZ,3I4A,LN5,true,true,true,false,true,true,true,true,true,false,false,CURRENT_RUNTIME_MODEL_USABLE,false,COVAPIE_BULK_REVIEW_UNIT_EBAE6C684690C8C9,COMPLETED_HUMAN_POSITIVE,true,data/derived/covalent_small/covapie_batch001_completed_decision_ingestion_and_task_label_availability_v1/covapie_batch001_completed_human_decision_snapshot_v1.json,POSITIVE,data/derived/covalent_small/covapie_existing_positive_runtime_and_split_closure_v1/covapie_current_runtime_model_usable_positive_index_v1.csv,RELEVANT,data/derived/covalent_small/covapie_existing_positive_runtime_and_split_closure_v1/covapie_current_runtime_model_usable_positive_index_v1.csv,INCLUDE,false,true,true,true,true,STRICT_LINKER_PRESENT_V1,true,"[0,1,2,3,4]",true,true,false,false,true,false,true,validation,false,true,,data/derived/covalent_small/covapie_existing_positive_runtime_and_split_closure_v1/covapie_current_runtime_model_usable_positive_index_v1.csv,FEATURE_SEMANTICS_AUDIT_REQUIRED_LATER
466,COVAPIE_CYS_SG_EVENT_V1:3IKA:A:CYS:797-:SG:C:0UN:CAP,3IKA,0UN,true,false,false,false,false,false,false,false,false,false,false,STRUCTURAL_EVIDENCE_INCOMPLETE,false,,NOT_IN_HUMAN_REVIEW_POPULATION,false,,UNRESOLVED,,UNRESOLVED,,UNRESOLVED,false,false,false,false,false,NOT_ESTABLISHED,false,null,false,false,false,false,false,false,false,,false,false,,,FEATURE_SEMANTICS_AUDIT_REQUIRED_LATER
467,COVAPIE_CYS_SG_EVENT_V1:3IOQ:A:CYS:25-:SG:B:E64:C2,3IOQ,E64,true,true,true,false,true,true,true,true,true,false,false,LEAKAGE_EXISTING_GROUP_CONFLICT,false,,NOT_IN_HUMAN_REVIEW_POPULATION,false,,UNRESOLVED,,UNRESOLVED,,UNRESOLVED,false,true,false,false,false,NOT_ESTABLISHED,false,null,false,false,false,false,false,false,false,,false,false,,,FEATURE_SEMANTICS_AUDIT_REQUIRED_LATER
468,COVAPIE_CYS_SG_EVENT_V1:3IUT:A:CYS:25-:SG:B:KB2:C22,3IUT,KB2,true,true,true,false,true,true,true,true,true,false,false,LEAKAGE_EXISTING_GROUP_CONFLICT,false,,NOT_IN_HUMAN_REVIEW_POPULATION,false,,UNRESOLVED,,UNRESOLVED,,UNRESOLVED,false,true,false,false,false,NOT_ESTABLISHED,false,null,false,false,false,false,false,false,false,,false,false,,,FEATURE_SEMANTICS_AUDIT_REQUIRED_LATER
469,COVAPIE_CYS_SG_EVENT_V1:3KHU:A:CYS:276-:SG:G:UPG:C6',3KHU,UPG,true,true,true,false,true,true,true,true,true,false,false,COMPLETED_HUMAN_NEGATIVE,true,COVAPIE_BULK_REVIEW_UNIT_FF0D6AE54C3F23F4,COMPLETED_HUMAN_NEGATIVE,true,data/derived/covalent_small/covapie_batch001_completed_decision_ingestion_and_task_label_availability_v1/covapie_batch001_completed_human_decision_snapshot_v1.json,NOT_ESTABLISHED,data/derived/covalent_small/covapie_batch001_completed_decision_ingestion_and_task_label_availability_v1/covapie_batch001_completed_human_decision_snapshot_v1.json,NOT_RELEVANT,data/derived/covalent_small/covapie_batch001_completed_decision_ingestion_and_task_label_availability_v1/covapie_batch001_completed_human_decision_snapshot_v1.json,NOT_APPLICABLE,false,true,false,false,false,NOT_ESTABLISHED,false,null,false,false,false,false,false,false,false,,false,false,,,FEATURE_SEMANTICS_AUDIT_REQUIRED_LATER
470,COVAPIE_CYS_SG_EVENT_V1:3KHU:B:CYS:276-:SG:L:UPG:C6',3KHU,UPG,true,true,true,false,true,true,true,true,true,false,false,COMPLETED_HUMAN_NEGATIVE,true,COVAPIE_BULK_REVIEW_UNIT_FF0D6AE54C3F23F4,COMPLETED_HUMAN_NEGATIVE,true,data/derived/covalent_small/covapie_batch001_completed_decision_ingestion_and_task_label_availability_v1/covapie_batch001_completed_human_decision_snapshot_v1.json,NOT_ESTABLISHED,data/derived/covalent_small/covapie_batch001_completed_decision_ingestion_and_task_label_availability_v1/covapie_batch001_completed_human_decision_snapshot_v1.json,NOT_RELEVANT,data/derived/covalent_small/covapie_batch001_completed_decision_ingestion_and_task_label_availability_v1/covapie_batch001_completed_human_decision_snapshot_v1.json,NOT_APPLICABLE,false,true,false,false,false,NOT_ESTABLISHED,false,null,false,false,false,false,false,false,false,,false,false,,,FEATURE_SEMANTICS_AUDIT_REQUIRED_LATER
471,COVAPIE_CYS_SG_EVENT_V1:3KHU:C:CYS:276-:SG:S:UPG:C6',3KHU,UPG,true,true,true,false,true,true,true,true,true,false,false,COMPLETED_HUMAN_NEGATIVE,true,COVAPIE_BULK_REVIEW_UNIT_FF0D6AE54C3F23F4,COMPLETED_HUMAN_NEGATIVE,true,data/derived/covalent_small/covapie_batch001_completed_decision_ingestion_and_task_label_availability_v1/covapie_batch001_completed_human_decision_snapshot_v1.json,NOT_ESTABLISHED,data/derived/covalent_small/covapie_batch001_completed_decision_ingestion_and_task_label_availability_v1/covapie_batch001_completed_human_decision_snapshot_v1.json,NOT_RELEVANT,data/derived/covalent_small/covapie_batch001_completed_decision_ingestion_and_task_label_availability_v1/covapie_batch001_completed_human_decision_snapshot_v1.json,NOT_APPLICABLE,false,true,false,false,false,NOT_ESTABLISHED,false,null,false,false,false,false,false,false,false,,false,false,,,FEATURE_SEMANTICS_AUDIT_REQUIRED_LATER
472,COVAPIE_CYS_SG_EVENT_V1:3KHU:D:CYS:276-:SG:X:UPG:C6',3KHU,UPG,true,true,true,false,true,true,true,true,true,false,false,COMPLETED_HUMAN_NEGATIVE,true,COVAPIE_BULK_REVIEW_UNIT_FF0D6AE54C3F23F4,COMPLETED_HUMAN_NEGATIVE,true,data/derived/covalent_small/covapie_batch001_completed_decision_ingestion_and_task_label_availability_v1/covapie_batch001_completed_human_decision_snapshot_v1.json,NOT_ESTABLISHED,data/derived/covalent_small/covapie_batch001_completed_decision_ingestion_and_task_label_availability_v1/covapie_batch001_completed_human_decision_snapshot_v1.json,NOT_RELEVANT,data/derived/covalent_small/covapie_batch001_completed_decision_ingestion_and_task_label_availability_v1/covapie_batch001_completed_human_decision_snapshot_v1.json,NOT_APPLICABLE,false,true,false,false,false,NOT_ESTABLISHED,false,null,false,false,false,false,false,false,false,,false,false,,,FEATURE_SEMANTICS_AUDIT_REQUIRED_LATER
473,COVAPIE_CYS_SG_EVENT_V1:3KHU:E:CYS:276-:SG:AA:UPG:C6',3KHU,UPG,true,true,true,false,true,true,true,true,true,false,false,COMPLETED_HUMAN_NEGATIVE,true,COVAPIE_BULK_REVIEW_UNIT_FF0D6AE54C3F23F4,COMPLETED_HUMAN_NEGATIVE,true,data/derived/covalent_small/covapie_batch001_completed_decision_ingestion_and_task_label_availability_v1/covapie_batch001_completed_human_decision_snapshot_v1.json,NOT_ESTABLISHED,data/derived/covalent_small/covapie_batch001_completed_decision_ingestion_and_task_label_availability_v1/covapie_batch001_completed_human_decision_snapshot_v1.json,NOT_RELEVANT,data/derived/covalent_small/covapie_batch001_completed_decision_ingestion_and_task_label_availability_v1/covapie_batch001_completed_human_decision_snapshot_v1.json,NOT_APPLICABLE,false,true,false,false,false,NOT_ESTABLISHED,false,null,false,false,false,false,false,false,false,,false,false,,,FEATURE_SEMANTICS_AUDIT_REQUIRED_LATER
474,COVAPIE_CYS_SG_EVENT_V1:3KHU:F:CYS:276-:SG:IA:UPG:C6',3KHU,UPG,true,true,true,false,true,true,true,true,true,false,false,COMPLETED_HUMAN_NEGATIVE,true,COVAPIE_BULK_REVIEW_UNIT_FF0D6AE54C3F23F4,COMPLETED_HUMAN_NEGATIVE,true,data/derived/covalent_small/covapie_batch001_completed_decision_ingestion_and_task_label_availability_v1/covapie_batch001_completed_human_decision_snapshot_v1.json,NOT_ESTABLISHED,data/derived/covalent_small/covapie_batch001_completed_decision_ingestion_and_task_label_availability_v1/covapie_batch001_completed_human_decision_snapshot_v1.json,NOT_RELEVANT,data/derived/covalent_small/covapie_batch001_completed_decision_ingestion_and_task_label_availability_v1/covapie_batch001_completed_human_decision_snapshot_v1.json,NOT_APPLICABLE,false,true,false,false,false,NOT_ESTABLISHED,false,null,false,false,false,false,false,false,false,,false,false,,,FEATURE_SEMANTICS_AUDIT_REQUIRED_LATER
475,COVAPIE_CYS_SG_EVENT_V1:3KJF:A:CYS:163-:SG:C:B92:C1,3KJF,B92,true,false,false,false,false,false,false,false,false,false,false,STRUCTURAL_EVIDENCE_INCOMPLETE,false,,NOT_IN_HUMAN_REVIEW_POPULATION,false,,UNRESOLVED,,UNRESOLVED,,UNRESOLVED,false,false,false,false,false,NOT_ESTABLISHED,false,null,false,false,false,false,false,false,false,,false,false,,,FEATURE_SEMANTICS_AUDIT_REQUIRED_LATER
476,COVAPIE_CYS_SG_EVENT_V1:3KJN:A:CYS:360-:SG:D:B93:C1,3KJN,B93,true,false,false,false,false,false,false,false,false,false,false,STRUCTURAL_EVIDENCE_INCOMPLETE,false,,NOT_IN_HUMAN_REVIEW_POPULATION,false,,UNRESOLVED,,UNRESOLVED,,UNRESOLVED,false,false,false,false,false,NOT_ESTABLISHED,false,null,false,false,false,false,false,false,false,,false,false,,,FEATURE_SEMANTICS_AUDIT_REQUIRED_LATER
477,COVAPIE_CYS_SG_EVENT_V1:3KJQ:A:CYS:360-:SG:C:B94:C1,3KJQ,B94,true,false,false,false,false,false,false,false,false,false,false,STRUCTURAL_EVIDENCE_INCOMPLETE,false,,NOT_IN_HUMAN_REVIEW_POPULATION,false,,UNRESOLVED,,UNRESOLVED,,UNRESOLVED,false,false,false,false,false,NOT_ESTABLISHED,false,null,false,false,false,false,false,false,false,,false,false,,,FEATURE_SEMANTICS_AUDIT_REQUIRED_LATER
478,COVAPIE_CYS_SG_EVENT_V1:3KNE:A:CYS:64-:SG:D:DAW:S2,3KNE,DAW,true,true,true,false,true,true,true,true,true,false,false,LEAKAGE_EXISTING_GROUP_CONFLICT,false,,NOT_IN_HUMAN_REVIEW_POPULATION,false,,UNRESOLVED,,UNRESOLVED,,UNRESOLVED,false,true,false,false,false,NOT_ESTABLISHED,false,null,false,false,false,false,false,false,false,,false,false,,,FEATURE_SEMANTICS_AUDIT_REQUIRED_LATER
479,COVAPIE_CYS_SG_EVENT_V1:3KR6:A:CYS:115-:SG:B:FFQ:C1,3KR6,FFQ,true,true,true,false,true,true,true,true,true,false,false,CURRENTLY_UNREVIEWED,true,COVAPIE_BULK_REVIEW_UNIT_5D533E4A6A44172C,CURRENTLY_UNREVIEWED,false,data/derived/covalent_small/covapie_bulk_cys_sg_model_usable_auto_admission_scaleup_v1/covapie_bulk_cys_sg_priority_human_review_queue_v1.csv,UNRESOLVED,,UNRESOLVED,,UNRESOLVED,false,true,false,false,false,NOT_ESTABLISHED,false,null,false,false,false,false,false,false,false,,false,false,,,FEATURE_SEMANTICS_AUDIT_REQUIRED_LATER
480,COVAPIE_CYS_SG_EVENT_V1:3KW5:A:CYS:90-:SG:C:GVE:CB,3KW5,GVE,true,true,true,false,true,true,true,true,true,false,false,CURRENTLY_UNREVIEWED,true,COVAPIE_BULK_REVIEW_UNIT_AAB4DCC7D3073222,CURRENTLY_UNREVIEWED,false,data/derived/covalent_small/covapie_bulk_cys_sg_model_usable_auto_admission_scaleup_v1/covapie_bulk_cys_sg_priority_human_review_queue_v1.csv,UNRESOLVED,,UNRESOLVED,,UNRESOLVED,false,true,false,false,false,NOT_ESTABLISHED,false,null,false,false,false,false,false,false,false,,false,false,,,FEATURE_SEMANTICS_AUDIT_REQUIRED_LATER
481,COVAPIE_CYS_SG_EVENT_V1:3KW9:A:CYS:25-:SG:B:ORG:C9,3KW9,ORG,true,true,true,false,true,true,true,true,true,false,false,LEAKAGE_EXISTING_GROUP_CONFLICT,false,,NOT_IN_HUMAN_REVIEW_POPULATION,false,,UNRESOLVED,,UNRESOLVED,,UNRESOLVED,false,true,false,false,false,NOT_ESTABLISHED,false,null,false,false,false,false,false,false,false,,false,false,,,FEATURE_SEMANTICS_AUDIT_REQUIRED_LATER
482,COVAPIE_CYS_SG_EVENT_V1:3KWZ:A:CYS:25-:SG:H:KWZ:C26,3KWZ,KWZ,true,true,true,false,true,true,true,true,true,false,false,LEAKAGE_EXISTING_GROUP_CONFLICT,false,,NOT_IN_HUMAN_REVIEW_POPULATION,false,,UNRESOLVED,,UNRESOLVED,,UNRESOLVED,false,true,false,false,false,NOT_ESTABLISHED,false,null,false,false,false,false,false,false,false,,false,false,,,FEATURE_SEMANTICS_AUDIT_REQUIRED_LATER
483,COVAPIE_CYS_SG_EVENT_V1:3LLE:A:CYS:84-:SG:E:SGE:CAG,3LLE,SGE,true,true,true,false,true,true,true,true,true,false,false,CURRENTLY_UNREVIEWED,true,COVAPIE_BULK_REVIEW_UNIT_7C664723B3892EDE,CURRENTLY_UNREVIEWED,false,data/derived/covalent_small/covapie_bulk_cys_sg_model_usable_auto_admission_scaleup_v1/covapie_bulk_cys_sg_priority_human_review_queue_v1.csv,UNRESOLVED,,UNRESOLVED,,UNRESOLVED,false,true,false,false,false,NOT_ESTABLISHED,false,null,false,false,false,false,false,false,false,,false,false,,,FEATURE_SEMANTICS_AUDIT_REQUIRED_LATER
484,COVAPIE_CYS_SG_EVENT_V1:3LLE:B:CYS:84-:SG:H:SGE:CAG,3LLE,SGE,true,true,true,false,true,true,true,true,true,false,false,CURRENTLY_UNREVIEWED,true,COVAPIE_BULK_REVIEW_UNIT_7C664723B3892EDE,CURRENTLY_UNREVIEWED,false,data/derived/covalent_small/covapie_bulk_cys_sg_model_usable_auto_admission_scaleup_v1/covapie_bulk_cys_sg_priority_human_review_queue_v1.csv,UNRESOLVED,,UNRESOLVED,,UNRESOLVED,false,true,false,false,false,NOT_ESTABLISHED,false,null,false,false,false,false,false,false,false,,false,false,,,FEATURE_SEMANTICS_AUDIT_REQUIRED_LATER
485,COVAPIE_CYS_SG_EVENT_V1:3LOK:A:CYS:345-:SG:C:DJK:C51,3LOK,DJK,true,true,true,false,true,true,true,true,true,false,false,CURRENT_RUNTIME_MODEL_USABLE,false,COVAPIE_BULK_REVIEW_UNIT_5720D0B933DA07F1,COMPLETED_HUMAN_POSITIVE,true,data/derived/covalent_small/covapie_batch001_completed_decision_ingestion_and_task_label_availability_v1/covapie_batch001_completed_human_decision_snapshot_v1.json,POSITIVE,data/derived/covalent_small/covapie_existing_positive_runtime_and_split_closure_v1/covapie_current_runtime_model_usable_positive_index_v1.csv,RELEVANT,data/derived/covalent_small/covapie_existing_positive_runtime_and_split_closure_v1/covapie_current_runtime_model_usable_positive_index_v1.csv,INCLUDE,false,true,true,true,true,STRICT_LINKER_PRESENT_V1,true,"[0,1,2,3,4]",true,true,false,false,true,false,true,train,true,true,,data/derived/covalent_small/covapie_existing_positive_runtime_and_split_closure_v1/covapie_current_runtime_model_usable_positive_index_v1.csv,FEATURE_SEMANTICS_AUDIT_REQUIRED_LATER
486,COVAPIE_CYS_SG_EVENT_V1:3LOK:B:CYS:345-:SG:D:DJK:C51,3LOK,DJK,true,true,true,false,true,true,true,true,true,false,false,CURRENT_RUNTIME_MODEL_USABLE,false,COVAPIE_BULK_REVIEW_UNIT_5720D0B933DA07F1,COMPLETED_HUMAN_POSITIVE,true,data/derived/covalent_small/covapie_batch001_completed_decision_ingestion_and_task_label_availability_v1/covapie_batch001_completed_human_decision_snapshot_v1.json,POSITIVE,data/derived/covalent_small/covapie_existing_positive_runtime_and_split_closure_v1/covapie_current_runtime_model_usable_positive_index_v1.csv,RELEVANT,data/derived/covalent_small/covapie_existing_positive_runtime_and_split_closure_v1/covapie_current_runtime_model_usable_positive_index_v1.csv,INCLUDE,false,true,true,true,true,STRICT_LINKER_PRESENT_V1,true,"[0,1,2,3,4]",true,true,false,false,true,false,true,train,true,true,,data/derived/covalent_small/covapie_existing_positive_runtime_and_split_closure_v1/covapie_current_runtime_model_usable_positive_index_v1.csv,FEATURE_SEMANTICS_AUDIT_REQUIRED_LATER
487,COVAPIE_CYS_SG_EVENT_V1:3LTH:A:CYS:115-:SG:B:FFQ:C1,3LTH,FFQ,true,true,true,false,true,true,true,true,true,false,false,CURRENTLY_UNREVIEWED,true,COVAPIE_BULK_REVIEW_UNIT_5D533E4A6A44172C,CURRENTLY_UNREVIEWED,false,data/derived/covalent_small/covapie_bulk_cys_sg_model_usable_auto_admission_scaleup_v1/covapie_bulk_cys_sg_priority_human_review_queue_v1.csv,UNRESOLVED,,UNRESOLVED,,UNRESOLVED,false,true,false,false,false,NOT_ESTABLISHED,false,null,false,false,false,false,false,false,false,,false,false,,,FEATURE_SEMANTICS_AUDIT_REQUIRED_LATER
488,COVAPIE_CYS_SG_EVENT_V1:3LXS:A:CYS:25-:SG:C:4MC:C27,3LXS,4MC,true,true,true,false,true,true,true,true,true,false,false,LEAKAGE_EXISTING_GROUP_CONFLICT,false,,NOT_IN_HUMAN_REVIEW_POPULATION,false,,UNRESOLVED,,UNRESOLVED,,UNRESOLVED,false,true,false,false,false,NOT_ESTABLISHED,false,null,false,false,false,false,false,false,false,,false,false,,,FEATURE_SEMANTICS_AUDIT_REQUIRED_LATER
489,COVAPIE_CYS_SG_EVENT_V1:3M2Z:A:CYS:64-:SG:C:BFE:S12,3M2Z,BFE,true,true,true,false,true,true,true,true,true,false,false,LEAKAGE_EXISTING_GROUP_CONFLICT,false,,NOT_IN_HUMAN_REVIEW_POPULATION,false,,UNRESOLVED,,UNRESOLVED,,UNRESOLVED,false,true,false,false,false,NOT_ESTABLISHED,false,null,false,false,false,false,false,false,false,,false,false,,,FEATURE_SEMANTICS_AUDIT_REQUIRED_LATER
490,COVAPIE_CYS_SG_EVENT_V1:3M5T:A:CYS:64-:SG:C:BFG:S20,3M5T,BFG,true,true,true,false,true,true,true,true,true,false,false,LEAKAGE_EXISTING_GROUP_CONFLICT,false,,NOT_IN_HUMAN_REVIEW_POPULATION,false,,UNRESOLVED,,UNRESOLVED,,UNRESOLVED,false,true,false,false,false,NOT_ESTABLISHED,false,null,false,false,false,false,false,false,false,,false,false,,,FEATURE_SEMANTICS_AUDIT_REQUIRED_LATER
491,COVAPIE_CYS_SG_EVENT_V1:3N4C:A:CYS:25-:SG:C:EF3:C26,3N4C,EF3,true,true,true,false,true,true,true,true,true,false,false,LEAKAGE_EXISTING_GROUP_CONFLICT,false,,NOT_IN_HUMAN_REVIEW_POPULATION,false,,UNRESOLVED,,UNRESOLVED,,UNRESOLVED,false,true,false,false,false,NOT_ESTABLISHED,false,null,false,false,false,false,false,false,false,,false,false,,,FEATURE_SEMANTICS_AUDIT_REQUIRED_LATER
492,COVAPIE_CYS_SG_EVENT_V1:3N4C:B:CYS:25-:SG:E:EF3:C26,3N4C,EF3,true,true,true,false,true,true,true,true,true,false,false,LEAKAGE_EXISTING_GROUP_CONFLICT,false,,NOT_IN_HUMAN_REVIEW_POPULATION,false,,UNRESOLVED,,UNRESOLVED,,UNRESOLVED,false,true,false,false,false,NOT_ESTABLISHED,false,null,false,false,false,false,false,false,false,,false,false,,,FEATURE_SEMANTICS_AUDIT_REQUIRED_LATER
493,COVAPIE_CYS_SG_EVENT_V1:3NPL:B:CYS:97-:SG:F:RU8:C49,3NPL,RU8,false,false,false,false,false,false,false,false,false,false,false,STRUCTURAL_EVIDENCE_INCOMPLETE,false,,NOT_IN_HUMAN_REVIEW_POPULATION,false,,UNRESOLVED,,UNRESOLVED,,UNRESOLVED,false,false,false,false,false,NOT_ESTABLISHED,false,null,false,false,false,false,false,false,false,,false,false,,,FEATURE_SEMANTICS_AUDIT_REQUIRED_LATER
494,COVAPIE_CYS_SG_EVENT_V1:3O1G:A:CYS:25-:SG:D:O75:C7,3O1G,O75,true,true,true,false,true,true,true,true,true,false,false,LEAKAGE_EXISTING_GROUP_CONFLICT,false,,NOT_IN_HUMAN_REVIEW_POPULATION,false,,UNRESOLVED,,UNRESOLVED,,UNRESOLVED,false,true,false,false,false,NOT_ESTABLISHED,false,null,false,false,false,false,false,false,false,,false,false,,,FEATURE_SEMANTICS_AUDIT_REQUIRED_LATER
495,COVAPIE_CYS_SG_EVENT_V1:3O6T:A:CYS:37-:SG:E:PX5:C15,3O6T,PX5,true,true,true,false,true,true,true,true,true,false,false,CURRENT_RUNTIME_MODEL_USABLE,false,COVAPIE_BULK_REVIEW_UNIT_F02164FD5061B6D5,COMPLETED_HUMAN_POSITIVE,true,data/derived/covalent_small/covapie_batch001_completed_decision_ingestion_and_task_label_availability_v1/covapie_batch001_completed_human_decision_snapshot_v1.json,POSITIVE,data/derived/covalent_small/covapie_existing_positive_runtime_and_split_closure_v1/covapie_current_runtime_model_usable_positive_index_v1.csv,RELEVANT,data/derived/covalent_small/covapie_existing_positive_runtime_and_split_closure_v1/covapie_current_runtime_model_usable_positive_index_v1.csv,INCLUDE,false,true,true,true,true,DIRECT_ATTACHMENT_OPTIONAL_LINKER_V1,true,"[0,3,4]",true,true,false,false,true,false,true,validation,false,true,,data/derived/covalent_small/covapie_existing_positive_runtime_and_split_closure_v1/covapie_current_runtime_model_usable_positive_index_v1.csv,FEATURE_SEMANTICS_AUDIT_REQUIRED_LATER
496,COVAPIE_CYS_SG_EVENT_V1:3O6T:C:CYS:37-:SG:G:PX5:C15,3O6T,PX5,true,true,true,false,true,true,true,true,true,false,false,CURRENT_RUNTIME_MODEL_USABLE,false,COVAPIE_BULK_REVIEW_UNIT_F02164FD5061B6D5,COMPLETED_HUMAN_POSITIVE,true,data/derived/covalent_small/covapie_batch001_completed_decision_ingestion_and_task_label_availability_v1/covapie_batch001_completed_human_decision_snapshot_v1.json,POSITIVE,data/derived/covalent_small/covapie_existing_positive_runtime_and_split_closure_v1/covapie_current_runtime_model_usable_positive_index_v1.csv,RELEVANT,data/derived/covalent_small/covapie_existing_positive_runtime_and_split_closure_v1/covapie_current_runtime_model_usable_positive_index_v1.csv,INCLUDE,false,true,true,true,true,DIRECT_ATTACHMENT_OPTIONAL_LINKER_V1,true,"[0,3,4]",true,true,false,false,true,false,true,validation,false,true,,data/derived/covalent_small/covapie_existing_positive_runtime_and_split_closure_v1/covapie_current_runtime_model_usable_positive_index_v1.csv,FEATURE_SEMANTICS_AUDIT_REQUIRED_LATER
497,COVAPIE_CYS_SG_EVENT_V1:3OF8:A:CYS:26-:SG:B:I0Y:C21,3OF8,I0Y,true,true,true,false,true,true,true,true,true,false,false,LEAKAGE_EXISTING_GROUP_CONFLICT,false,,NOT_IN_HUMAN_REVIEW_POPULATION,false,,UNRESOLVED,,UNRESOLVED,,UNRESOLVED,false,true,false,false,false,NOT_ESTABLISHED,false,null,false,false,false,false,false,false,false,,false,false,,,FEATURE_SEMANTICS_AUDIT_REQUIRED_LATER
498,COVAPIE_CYS_SG_EVENT_V1:3OF9:A:CYS:26-:SG:B:I0X:C31,3OF9,I0X,true,true,true,false,true,true,true,true,true,false,false,LEAKAGE_EXISTING_GROUP_CONFLICT,false,,NOT_IN_HUMAN_REVIEW_POPULATION,false,,UNRESOLVED,,UNRESOLVED,,UNRESOLVED,false,true,false,false,false,NOT_ESTABLISHED,false,null,false,false,false,false,false,false,false,,false,false,,,FEATURE_SEMANTICS_AUDIT_REQUIRED_LATER
499,COVAPIE_CYS_SG_EVENT_V1:3ORX:A:CYS:148-:SG:I:1F8:SD,3ORX,1F8,true,true,true,false,true,true,true,true,true,false,false,COMPLETED_HUMAN_POSITIVE,true,COVAPIE_BULK_REVIEW_UNIT_9723B0F9EC07CC81,COMPLETED_HUMAN_POSITIVE,true,covapie-state/manual-review-aids/cumulative1000-high-yield-calibration-v1/1F8_COVAPIE_BULK_REVIEW_UNIT_9723B0F9EC07CC81/formal-human-decision-v1/1f8_formal_human_decision_v1.json,POSITIVE,data/derived/covalent_small/covapie_1f8_completed_decision_ingestion_and_task_label_availability_v1/covapie_1f8_event_task_label_availability_v1.csv,RELEVANT,data/derived/covalent_small/covapie_1f8_completed_decision_ingestion_and_task_label_availability_v1/covapie_1f8_event_task_label_availability_v1.csv,EXCLUDE_FROM_TRAINING_ONLY,true,true,true,false,true,STRICT_LINKER_PRESENT_V1,true,"[0,1,2,3,4]",false,false,false,false,false,false,false,,false,false,false,data/derived/covalent_small/covapie_1f8_completed_decision_ingestion_and_task_label_availability_v1/covapie_1f8_event_task_label_availability_v1.csv,FEATURE_SEMANTICS_AUDIT_REQUIRED_LATER
500,COVAPIE_CYS_SG_EVENT_V1:3ORX:B:CYS:148-:SG:K:1F8:SD,3ORX,1F8,true,true,true,false,true,true,true,true,true,false,false,COMPLETED_HUMAN_POSITIVE,true,COVAPIE_BULK_REVIEW_UNIT_9723B0F9EC07CC81,COMPLETED_HUMAN_POSITIVE,true,covapie-state/manual-review-aids/cumulative1000-high-yield-calibration-v1/1F8_COVAPIE_BULK_REVIEW_UNIT_9723B0F9EC07CC81/formal-human-decision-v1/1f8_formal_human_decision_v1.json,POSITIVE,data/derived/covalent_small/covapie_1f8_completed_decision_ingestion_and_task_label_availability_v1/covapie_1f8_event_task_label_availability_v1.csv,RELEVANT,data/derived/covalent_small/covapie_1f8_completed_decision_ingestion_and_task_label_availability_v1/covapie_1f8_event_task_label_availability_v1.csv,EXCLUDE_FROM_TRAINING_ONLY,true,true,true,false,true,STRICT_LINKER_PRESENT_V1,true,"[0,1,2,3,4]",false,false,false,false,false,false,false,,false,false,false,data/derived/covalent_small/covapie_1f8_completed_decision_ingestion_and_task_label_availability_v1/covapie_1f8_event_task_label_availability_v1.csv,FEATURE_SEMANTICS_AUDIT_REQUIRED_LATER
501,COVAPIE_CYS_SG_EVENT_V1:3ORX:C:CYS:148-:SG:M:1F8:SD,3ORX,1F8,true,true,true,false,true,true,true,true,true,false,false,COMPLETED_HUMAN_POSITIVE,true,COVAPIE_BULK_REVIEW_UNIT_9723B0F9EC07CC81,COMPLETED_HUMAN_POSITIVE,true,covapie-state/manual-review-aids/cumulative1000-high-yield-calibration-v1/1F8_COVAPIE_BULK_REVIEW_UNIT_9723B0F9EC07CC81/formal-human-decision-v1/1f8_formal_human_decision_v1.json,POSITIVE,data/derived/covalent_small/covapie_1f8_completed_decision_ingestion_and_task_label_availability_v1/covapie_1f8_event_task_label_availability_v1.csv,RELEVANT,data/derived/covalent_small/covapie_1f8_completed_decision_ingestion_and_task_label_availability_v1/covapie_1f8_event_task_label_availability_v1.csv,EXCLUDE_FROM_TRAINING_ONLY,true,true,true,false,true,STRICT_LINKER_PRESENT_V1,true,"[0,1,2,3,4]",false,false,false,false,false,false,false,,false,false,false,data/derived/covalent_small/covapie_1f8_completed_decision_ingestion_and_task_label_availability_v1/covapie_1f8_event_task_label_availability_v1.csv,FEATURE_SEMANTICS_AUDIT_REQUIRED_LATER
502,COVAPIE_CYS_SG_EVENT_V1:3ORX:D:CYS:148-:SG:O:1F8:SD,3ORX,1F8,true,true,true,false,true,true,true,true,true,false,false,COMPLETED_HUMAN_POSITIVE,true,COVAPIE_BULK_REVIEW_UNIT_9723B0F9EC07CC81,COMPLETED_HUMAN_POSITIVE,true,covapie-state/manual-review-aids/cumulative1000-high-yield-calibration-v1/1F8_COVAPIE_BULK_REVIEW_UNIT_9723B0F9EC07CC81/formal-human-decision-v1/1f8_formal_human_decision_v1.json,POSITIVE,data/derived/covalent_small/covapie_1f8_completed_decision_ingestion_and_task_label_availability_v1/covapie_1f8_event_task_label_availability_v1.csv,RELEVANT,data/derived/covalent_small/covapie_1f8_completed_decision_ingestion_and_task_label_availability_v1/covapie_1f8_event_task_label_availability_v1.csv,EXCLUDE_FROM_TRAINING_ONLY,true,true,true,false,true,STRICT_LINKER_PRESENT_V1,true,"[0,1,2,3,4]",false,false,false,false,false,false,false,,false,false,false,data/derived/covalent_small/covapie_1f8_completed_decision_ingestion_and_task_label_availability_v1/covapie_1f8_event_task_label_availability_v1.csv,FEATURE_SEMANTICS_AUDIT_REQUIRED_LATER
503,COVAPIE_CYS_SG_EVENT_V1:3ORX:E:CYS:148-:SG:Q:1F8:SD,3ORX,1F8,true,true,true,false,true,true,true,true,true,false,false,COMPLETED_HUMAN_POSITIVE,true,COVAPIE_BULK_REVIEW_UNIT_9723B0F9EC07CC81,COMPLETED_HUMAN_POSITIVE,true,covapie-state/manual-review-aids/cumulative1000-high-yield-calibration-v1/1F8_COVAPIE_BULK_REVIEW_UNIT_9723B0F9EC07CC81/formal-human-decision-v1/1f8_formal_human_decision_v1.json,POSITIVE,data/derived/covalent_small/covapie_1f8_completed_decision_ingestion_and_task_label_availability_v1/covapie_1f8_event_task_label_availability_v1.csv,RELEVANT,data/derived/covalent_small/covapie_1f8_completed_decision_ingestion_and_task_label_availability_v1/covapie_1f8_event_task_label_availability_v1.csv,EXCLUDE_FROM_TRAINING_ONLY,true,true,true,false,true,STRICT_LINKER_PRESENT_V1,true,"[0,1,2,3,4]",false,false,false,false,false,false,false,,false,false,false,data/derived/covalent_small/covapie_1f8_completed_decision_ingestion_and_task_label_availability_v1/covapie_1f8_event_task_label_availability_v1.csv,FEATURE_SEMANTICS_AUDIT_REQUIRED_LATER
504,COVAPIE_CYS_SG_EVENT_V1:3ORX:F:CYS:148-:SG:R:1F8:SD,3ORX,1F8,true,true,true,false,true,true,true,true,true,false,false,COMPLETED_HUMAN_POSITIVE,true,COVAPIE_BULK_REVIEW_UNIT_9723B0F9EC07CC81,COMPLETED_HUMAN_POSITIVE,true,covapie-state/manual-review-aids/cumulative1000-high-yield-calibration-v1/1F8_COVAPIE_BULK_REVIEW_UNIT_9723B0F9EC07CC81/formal-human-decision-v1/1f8_formal_human_decision_v1.json,POSITIVE,data/derived/covalent_small/covapie_1f8_completed_decision_ingestion_and_task_label_availability_v1/covapie_1f8_event_task_label_availability_v1.csv,RELEVANT,data/derived/covalent_small/covapie_1f8_completed_decision_ingestion_and_task_label_availability_v1/covapie_1f8_event_task_label_availability_v1.csv,EXCLUDE_FROM_TRAINING_ONLY,true,true,true,false,true,STRICT_LINKER_PRESENT_V1,true,"[0,1,2,3,4]",false,false,false,false,false,false,false,,false,false,false,data/derived/covalent_small/covapie_1f8_completed_decision_ingestion_and_task_label_availability_v1/covapie_1f8_event_task_label_availability_v1.csv,FEATURE_SEMANTICS_AUDIT_REQUIRED_LATER
505,COVAPIE_CYS_SG_EVENT_V1:3ORX:G:CYS:148-:SG:S:1F8:SD,3ORX,1F8,true,true,true,false,true,true,true,true,true,false,false,COMPLETED_HUMAN_POSITIVE,true,COVAPIE_BULK_REVIEW_UNIT_9723B0F9EC07CC81,COMPLETED_HUMAN_POSITIVE,true,covapie-state/manual-review-aids/cumulative1000-high-yield-calibration-v1/1F8_COVAPIE_BULK_REVIEW_UNIT_9723B0F9EC07CC81/formal-human-decision-v1/1f8_formal_human_decision_v1.json,POSITIVE,data/derived/covalent_small/covapie_1f8_completed_decision_ingestion_and_task_label_availability_v1/covapie_1f8_event_task_label_availability_v1.csv,RELEVANT,data/derived/covalent_small/covapie_1f8_completed_decision_ingestion_and_task_label_availability_v1/covapie_1f8_event_task_label_availability_v1.csv,EXCLUDE_FROM_TRAINING_ONLY,true,true,true,false,true,STRICT_LINKER_PRESENT_V1,true,"[0,1,2,3,4]",false,false,false,false,false,false,false,,false,false,false,data/derived/covalent_small/covapie_1f8_completed_decision_ingestion_and_task_label_availability_v1/covapie_1f8_event_task_label_availability_v1.csv,FEATURE_SEMANTICS_AUDIT_REQUIRED_LATER
506,COVAPIE_CYS_SG_EVENT_V1:3ORX:H:CYS:148-:SG:T:1F8:SD,3ORX,1F8,true,true,true,false,true,true,true,true,true,false,false,COMPLETED_HUMAN_POSITIVE,true,COVAPIE_BULK_REVIEW_UNIT_9723B0F9EC07CC81,COMPLETED_HUMAN_POSITIVE,true,covapie-state/manual-review-aids/cumulative1000-high-yield-calibration-v1/1F8_COVAPIE_BULK_REVIEW_UNIT_9723B0F9EC07CC81/formal-human-decision-v1/1f8_formal_human_decision_v1.json,POSITIVE,data/derived/covalent_small/covapie_1f8_completed_decision_ingestion_and_task_label_availability_v1/covapie_1f8_event_task_label_availability_v1.csv,RELEVANT,data/derived/covalent_small/covapie_1f8_completed_decision_ingestion_and_task_label_availability_v1/covapie_1f8_event_task_label_availability_v1.csv,EXCLUDE_FROM_TRAINING_ONLY,true,true,true,false,true,STRICT_LINKER_PRESENT_V1,true,"[0,1,2,3,4]",false,false,false,false,false,false,false,,false,false,false,data/derived/covalent_small/covapie_1f8_completed_decision_ingestion_and_task_label_availability_v1/covapie_1f8_event_task_label_availability_v1.csv,FEATURE_SEMANTICS_AUDIT_REQUIRED_LATER
507,COVAPIE_CYS_SG_EVENT_V1:3ORZ:A:CYS:148-:SG:E:2A2:SD,3ORZ,2A2,true,true,true,false,true,true,true,true,true,false,false,COMPLETED_HUMAN_POSITIVE,true,COVAPIE_BULK_REVIEW_UNIT_6B422BBF7FAD44F6,COMPLETED_HUMAN_POSITIVE,true,covapie-state/manual-review-aids/cumulative1000-high-yield-calibration-v1/2A2_COVAPIE_BULK_REVIEW_UNIT_6B422BBF7FAD44F6/formal-human-decision-v1/2a2_formal_human_decision_v1.json,POSITIVE,data/derived/covalent_small/covapie_2a2_completed_decision_ingestion_and_task_label_availability_v1/covapie_2a2_event_task_label_availability_v1.csv,RELEVANT,data/derived/covalent_small/covapie_2a2_completed_decision_ingestion_and_task_label_availability_v1/covapie_2a2_event_task_label_availability_v1.csv,EXCLUDE_FROM_TRAINING_ONLY,true,true,true,false,true,STRICT_LINKER_PRESENT_V1,true,"[0,1,2,3,4]",false,false,false,false,false,false,false,,false,false,false,data/derived/covalent_small/covapie_2a2_completed_decision_ingestion_and_task_label_availability_v1/covapie_2a2_event_task_label_availability_v1.csv,FEATURE_SEMANTICS_AUDIT_REQUIRED_LATER
508,COVAPIE_CYS_SG_EVENT_V1:3ORZ:B:CYS:148-:SG:G:2A2:SD,3ORZ,2A2,true,true,true,false,true,true,true,true,true,false,false,COMPLETED_HUMAN_POSITIVE,true,COVAPIE_BULK_REVIEW_UNIT_6B422BBF7FAD44F6,COMPLETED_HUMAN_POSITIVE,true,covapie-state/manual-review-aids/cumulative1000-high-yield-calibration-v1/2A2_COVAPIE_BULK_REVIEW_UNIT_6B422BBF7FAD44F6/formal-human-decision-v1/2a2_formal_human_decision_v1.json,POSITIVE,data/derived/covalent_small/covapie_2a2_completed_decision_ingestion_and_task_label_availability_v1/covapie_2a2_event_task_label_availability_v1.csv,RELEVANT,data/derived/covalent_small/covapie_2a2_completed_decision_ingestion_and_task_label_availability_v1/covapie_2a2_event_task_label_availability_v1.csv,EXCLUDE_FROM_TRAINING_ONLY,true,true,true,false,true,STRICT_LINKER_PRESENT_V1,true,"[0,1,2,3,4]",false,false,false,false,false,false,false,,false,false,false,data/derived/covalent_small/covapie_2a2_completed_decision_ingestion_and_task_label_availability_v1/covapie_2a2_event_task_label_availability_v1.csv,FEATURE_SEMANTICS_AUDIT_REQUIRED_LATER
509,COVAPIE_CYS_SG_EVENT_V1:3ORZ:C:CYS:148-:SG:I:2A2:SD,3ORZ,2A2,true,true,true,false,true,true,true,true,true,false,false,COMPLETED_HUMAN_POSITIVE,true,COVAPIE_BULK_REVIEW_UNIT_6B422BBF7FAD44F6,COMPLETED_HUMAN_POSITIVE,true,covapie-state/manual-review-aids/cumulative1000-high-yield-calibration-v1/2A2_COVAPIE_BULK_REVIEW_UNIT_6B422BBF7FAD44F6/formal-human-decision-v1/2a2_formal_human_decision_v1.json,POSITIVE,data/derived/covalent_small/covapie_2a2_completed_decision_ingestion_and_task_label_availability_v1/covapie_2a2_event_task_label_availability_v1.csv,RELEVANT,data/derived/covalent_small/covapie_2a2_completed_decision_ingestion_and_task_label_availability_v1/covapie_2a2_event_task_label_availability_v1.csv,EXCLUDE_FROM_TRAINING_ONLY,true,true,true,false,true,STRICT_LINKER_PRESENT_V1,true,"[0,1,2,3,4]",false,false,false,false,false,false,false,,false,false,false,data/derived/covalent_small/covapie_2a2_completed_decision_ingestion_and_task_label_availability_v1/covapie_2a2_event_task_label_availability_v1.csv,FEATURE_SEMANTICS_AUDIT_REQUIRED_LATER
510,COVAPIE_CYS_SG_EVENT_V1:3ORZ:D:CYS:148-:SG:K:2A2:SD,3ORZ,2A2,true,true,true,false,true,true,true,true,true,false,false,COMPLETED_HUMAN_POSITIVE,true,COVAPIE_BULK_REVIEW_UNIT_6B422BBF7FAD44F6,COMPLETED_HUMAN_POSITIVE,true,covapie-state/manual-review-aids/cumulative1000-high-yield-calibration-v1/2A2_COVAPIE_BULK_REVIEW_UNIT_6B422BBF7FAD44F6/formal-human-decision-v1/2a2_formal_human_decision_v1.json,POSITIVE,data/derived/covalent_small/covapie_2a2_completed_decision_ingestion_and_task_label_availability_v1/covapie_2a2_event_task_label_availability_v1.csv,RELEVANT,data/derived/covalent_small/covapie_2a2_completed_decision_ingestion_and_task_label_availability_v1/covapie_2a2_event_task_label_availability_v1.csv,EXCLUDE_FROM_TRAINING_ONLY,true,true,true,false,true,STRICT_LINKER_PRESENT_V1,true,"[0,1,2,3,4]",false,false,false,false,false,false,false,,false,false,false,data/derived/covalent_small/covapie_2a2_completed_decision_ingestion_and_task_label_availability_v1/covapie_2a2_event_task_label_availability_v1.csv,FEATURE_SEMANTICS_AUDIT_REQUIRED_LATER
511,COVAPIE_CYS_SG_EVENT_V1:3OTU:A:CYS:148-:SG:B:J30:SD,3OTU,J30,true,true,true,false,true,true,true,true,true,false,false,CURRENTLY_UNREVIEWED,true,COVAPIE_BULK_REVIEW_UNIT_B93FBAAE3AAE0054,CURRENTLY_UNREVIEWED,false,data/derived/covalent_small/covapie_bulk_cys_sg_model_usable_auto_admission_scaleup_v1/covapie_bulk_cys_sg_priority_human_review_queue_v1.csv,UNRESOLVED,,UNRESOLVED,,UNRESOLVED,false,true,false,false,false,NOT_ESTABLISHED,false,null,false,false,false,false,false,false,false,,false,false,,,FEATURE_SEMANTICS_AUDIT_REQUIRED_LATER
512,COVAPIE_CYS_SG_EVENT_V1:3OVX:A:CYS:25-:SG:C:O64:C12,3OVX,O64,true,true,true,false,true,true,true,true,true,false,false,LEAKAGE_EXISTING_GROUP_CONFLICT,false,,NOT_IN_HUMAN_REVIEW_POPULATION,false,,UNRESOLVED,,UNRESOLVED,,UNRESOLVED,false,true,false,false,false,NOT_ESTABLISHED,false,null,false,false,false,false,false,false,false,,false,false,,,FEATURE_SEMANTICS_AUDIT_REQUIRED_LATER
513,COVAPIE_CYS_SG_EVENT_V1:3OVX:B:CYS:25-:SG:E:O64:C12,3OVX,O64,true,true,true,false,true,true,true,true,true,false,false,LEAKAGE_EXISTING_GROUP_CONFLICT,false,,NOT_IN_HUMAN_REVIEW_POPULATION,false,,UNRESOLVED,,UNRESOLVED,,UNRESOLVED,false,true,false,false,false,NOT_ESTABLISHED,false,null,false,false,false,false,false,false,false,,false,false,,,FEATURE_SEMANTICS_AUDIT_REQUIRED_LATER
514,COVAPIE_CYS_SG_EVENT_V1:3P8E:A:CYS:274-:SG:C:LN7:CZ,3P8E,LN7,true,true,true,false,true,true,true,true,true,false,false,CURRENTLY_UNREVIEWED,true,COVAPIE_BULK_REVIEW_UNIT_761DF2EA30908AC8,CURRENTLY_UNREVIEWED,false,data/derived/covalent_small/covapie_bulk_cys_sg_model_usable_auto_admission_scaleup_v1/covapie_bulk_cys_sg_priority_human_review_queue_v1.csv,UNRESOLVED,,UNRESOLVED,,UNRESOLVED,false,true,false,false,false,NOT_ESTABLISHED,false,null,false,false,false,false,false,false,false,,false,false,,,FEATURE_SEMANTICS_AUDIT_REQUIRED_LATER
515,COVAPIE_CYS_SG_EVENT_V1:3P8E:B:CYS:274-:SG:D:LN7:CZ,3P8E,LN7,true,true,true,false,true,true,true,true,true,false,false,CURRENTLY_UNREVIEWED,true,COVAPIE_BULK_REVIEW_UNIT_761DF2EA30908AC8,CURRENTLY_UNREVIEWED,false,data/derived/covalent_small/covapie_bulk_cys_sg_model_usable_auto_admission_scaleup_v1/covapie_bulk_cys_sg_priority_human_review_queue_v1.csv,UNRESOLVED,,UNRESOLVED,,UNRESOLVED,false,true,false,false,false,NOT_ESTABLISHED,false,null,false,false,false,false,false,false,false,,false,false,,,FEATURE_SEMANTICS_AUDIT_REQUIRED_LATER
516,COVAPIE_CYS_SG_EVENT_V1:3PA8:A:CYS:155-:SG:C:621:CAC,3PA8,621,true,true,true,false,true,true,true,true,true,true,false,QUARANTINE_REPRESENTATION_GAP,false,,NOT_IN_HUMAN_REVIEW_POPULATION,false,,UNRESOLVED,,UNRESOLVED,,UNRESOLVED,false,true,false,false,false,NOT_ESTABLISHED,false,null,false,false,false,false,false,false,false,,false,false,,,FEATURE_SEMANTICS_AUDIT_REQUIRED_LATER
517,COVAPIE_CYS_SG_EVENT_V1:3PA8:B:CYS:155-:SG:G:621:CAC,3PA8,621,true,true,true,false,true,true,true,true,true,true,false,QUARANTINE_REPRESENTATION_GAP,false,,NOT_IN_HUMAN_REVIEW_POPULATION,false,,UNRESOLVED,,UNRESOLVED,,UNRESOLVED,false,true,false,false,false,NOT_ESTABLISHED,false,null,false,false,false,false,false,false,false,,false,false,,,FEATURE_SEMANTICS_AUDIT_REQUIRED_LATER
518,COVAPIE_CYS_SG_EVENT_V1:3PDF:A:CYS:234-:SG:C:LXV:C18,3PDF,LXV,true,true,true,false,true,true,true,true,true,false,false,LEAKAGE_EXISTING_GROUP_CONFLICT,false,,NOT_IN_HUMAN_REVIEW_POPULATION,false,,UNRESOLVED,,UNRESOLVED,,UNRESOLVED,false,true,false,false,false,NOT_ESTABLISHED,false,null,false,false,false,false,false,false,false,,false,false,,,FEATURE_SEMANTICS_AUDIT_REQUIRED_LATER
519,COVAPIE_CYS_SG_EVENT_V1:3PDS:A:CYS:93-:SG:B:ERC:S1,3PDS,ERC,true,true,true,false,true,true,true,true,true,false,false,CURRENTLY_UNREVIEWED,true,COVAPIE_BULK_REVIEW_UNIT_0A51B56B451AA067,CURRENTLY_UNREVIEWED,false,data/derived/covalent_small/covapie_bulk_cys_sg_model_usable_auto_admission_scaleup_v1/covapie_bulk_cys_sg_priority_human_review_queue_v1.csv,UNRESOLVED,,UNRESOLVED,,UNRESOLVED,false,true,false,false,false,NOT_ESTABLISHED,false,null,false,false,false,false,false,false,false,,false,false,,,FEATURE_SEMANTICS_AUDIT_REQUIRED_LATER
520,COVAPIE_CYS_SG_EVENT_V1:3Q3Y:A:CYS:147-:SG:C:XNV:C06,3Q3Y,XNV,true,true,true,false,true,true,true,true,true,false,false,LEAKAGE_EXISTING_GROUP_CONFLICT,false,,NOT_IN_HUMAN_REVIEW_POPULATION,false,,UNRESOLVED,,UNRESOLVED,,UNRESOLVED,false,true,false,false,false,NOT_ESTABLISHED,false,null,false,false,false,false,false,false,false,,false,false,,,FEATURE_SEMANTICS_AUDIT_REQUIRED_LATER
521,COVAPIE_CYS_SG_EVENT_V1:3Q3Y:B:CYS:147-:SG:L:XNV:C06,3Q3Y,XNV,true,true,true,false,true,true,true,true,true,false,false,LEAKAGE_EXISTING_GROUP_CONFLICT,false,,NOT_IN_HUMAN_REVIEW_POPULATION,false,,UNRESOLVED,,UNRESOLVED,,UNRESOLVED,false,true,false,false,false,NOT_ESTABLISHED,false,null,false,false,false,false,false,false,false,,false,false,,,FEATURE_SEMANTICS_AUDIT_REQUIRED_LATER
522,COVAPIE_CYS_SG_EVENT_V1:3QN7:B:CYS:16-:SG:C:ZBR:C8,3QN7,ZBR,true,true,true,false,true,true,true,true,true,true,false,QUARANTINE_REPRESENTATION_GAP,false,,NOT_IN_HUMAN_REVIEW_POPULATION,false,,UNRESOLVED,,UNRESOLVED,,UNRESOLVED,false,true,false,false,false,NOT_ESTABLISHED,false,null,false,false,false,false,false,false,false,,false,false,,,FEATURE_SEMANTICS_AUDIT_REQUIRED_LATER
523,COVAPIE_CYS_SG_EVENT_V1:3QN7:B:CYS:2-:SG:C:ZBR:C9,3QN7,ZBR,true,true,true,false,true,true,true,true,true,true,false,QUARANTINE_REPRESENTATION_GAP,false,,NOT_IN_HUMAN_REVIEW_POPULATION,false,,UNRESOLVED,,UNRESOLVED,,UNRESOLVED,false,true,false,false,false,NOT_ESTABLISHED,false,null,false,false,false,false,false,false,false,,false,false,,,FEATURE_SEMANTICS_AUDIT_REQUIRED_LATER
524,COVAPIE_CYS_SG_EVENT_V1:3QN7:B:CYS:9-:SG:C:ZBR:C7,3QN7,ZBR,true,true,true,false,true,true,true,true,true,true,false,QUARANTINE_REPRESENTATION_GAP,false,,NOT_IN_HUMAN_REVIEW_POPULATION,false,,UNRESOLVED,,UNRESOLVED,,UNRESOLVED,false,true,false,false,false,NOT_ESTABLISHED,false,null,false,false,false,false,false,false,false,,false,false,,,FEATURE_SEMANTICS_AUDIT_REQUIRED_LATER
525,COVAPIE_CYS_SG_EVENT_V1:3QSD:A:CYS:100-:SG:B:074:C6,3QSD,074,true,true,true,false,true,true,true,true,true,false,false,LEAKAGE_EXISTING_GROUP_CONFLICT,false,,NOT_IN_HUMAN_REVIEW_POPULATION,false,,UNRESOLVED,,UNRESOLVED,,UNRESOLVED,false,true,false,false,false,NOT_ESTABLISHED,false,null,false,false,false,false,false,false,false,,false,false,,,FEATURE_SEMANTICS_AUDIT_REQUIRED_LATER
526,COVAPIE_CYS_SG_EVENT_V1:3QVO:A:CYS:93-:SG:B:MNB:S5,3QVO,MNB,true,true,true,false,true,true,true,true,true,false,false,LEAKAGE_EXISTING_GROUP_CONFLICT,false,,NOT_IN_HUMAN_REVIEW_POPULATION,false,,UNRESOLVED,,UNRESOLVED,,UNRESOLVED,false,true,false,false,false,NOT_ESTABLISHED,false,null,false,false,false,false,false,false,false,,false,false,,,FEATURE_SEMANTICS_AUDIT_REQUIRED_LATER
527,COVAPIE_CYS_SG_EVENT_V1:3QVY:A:CYS:82-:SG:O:ME7:CAG,3QVY,ME7,true,true,true,false,true,true,true,true,true,false,false,CURRENTLY_UNREVIEWED,true,COVAPIE_BULK_REVIEW_UNIT_8C17238B54AACE80,CURRENTLY_UNREVIEWED,false,data/derived/covalent_small/covapie_bulk_cys_sg_model_usable_auto_admission_scaleup_v1/covapie_bulk_cys_sg_priority_human_review_queue_v1.csv,UNRESOLVED,,UNRESOLVED,,UNRESOLVED,false,true,false,false,false,NOT_ESTABLISHED,false,null,false,false,false,false,false,false,false,,false,false,,,FEATURE_SEMANTICS_AUDIT_REQUIRED_LATER
528,COVAPIE_CYS_SG_EVENT_V1:3QVY:B:CYS:82-:SG:U:ME7:CAE,3QVY,ME7,true,true,true,false,true,true,true,true,true,false,false,CURRENTLY_UNREVIEWED,true,COVAPIE_BULK_REVIEW_UNIT_3CF0AB1696EEA129,CURRENTLY_UNREVIEWED,false,data/derived/covalent_small/covapie_bulk_cys_sg_model_usable_auto_admission_scaleup_v1/covapie_bulk_cys_sg_priority_human_review_queue_v1.csv,UNRESOLVED,,UNRESOLVED,,UNRESOLVED,false,true,false,false,false,NOT_ESTABLISHED,false,null,false,false,false,false,false,false,false,,false,false,,,FEATURE_SEMANTICS_AUDIT_REQUIRED_LATER
529,COVAPIE_CYS_SG_EVENT_V1:3QVY:C:CYS:82-:SG:O:ME7:CAE,3QVY,ME7,true,true,true,false,true,true,true,true,true,false,false,CURRENTLY_UNREVIEWED,true,COVAPIE_BULK_REVIEW_UNIT_3CF0AB1696EEA129,CURRENTLY_UNREVIEWED,false,data/derived/covalent_small/covapie_bulk_cys_sg_model_usable_auto_admission_scaleup_v1/covapie_bulk_cys_sg_priority_human_review_queue_v1.csv,UNRESOLVED,,UNRESOLVED,,UNRESOLVED,false,true,false,false,false,NOT_ESTABLISHED,false,null,false,false,false,false,false,false,false,,false,false,,,FEATURE_SEMANTICS_AUDIT_REQUIRED_LATER
530,COVAPIE_CYS_SG_EVENT_V1:3QVY:D:CYS:82-:SG:U:ME7:CAH,3QVY,ME7,true,true,true,false,true,true,true,true,true,false,false,CURRENTLY_UNREVIEWED,true,COVAPIE_BULK_REVIEW_UNIT_06A012CB91AC4F3B,CURRENTLY_UNREVIEWED,false,data/derived/covalent_small/covapie_bulk_cys_sg_model_usable_auto_admission_scaleup_v1/covapie_bulk_cys_sg_priority_human_review_queue_v1.csv,UNRESOLVED,,UNRESOLVED,,UNRESOLVED,false,true,false,false,false,NOT_ESTABLISHED,false,null,false,false,false,false,false,false,false,,false,false,,,FEATURE_SEMANTICS_AUDIT_REQUIRED_LATER
531,COVAPIE_CYS_SG_EVENT_V1:3QVZ:A:CYS:82-:SG:F:ME7:CAE,3QVZ,ME7,true,true,true,false,true,true,true,true,true,false,false,CURRENTLY_UNREVIEWED,true,COVAPIE_BULK_REVIEW_UNIT_3CF0AB1696EEA129,CURRENTLY_UNREVIEWED,false,data/derived/covalent_small/covapie_bulk_cys_sg_model_usable_auto_admission_scaleup_v1/covapie_bulk_cys_sg_priority_human_review_queue_v1.csv,UNRESOLVED,,UNRESOLVED,,UNRESOLVED,false,true,false,false,false,NOT_ESTABLISHED,false,null,false,false,false,false,false,false,false,,false,false,,,FEATURE_SEMANTICS_AUDIT_REQUIRED_LATER
532,COVAPIE_CYS_SG_EVENT_V1:3QVZ:B:CYS:82-:SG:N:ME7:CAG,3QVZ,ME7,true,true,true,false,true,true,true,true,true,false,false,CURRENTLY_UNREVIEWED,true,COVAPIE_BULK_REVIEW_UNIT_8C17238B54AACE80,CURRENTLY_UNREVIEWED,false,data/derived/covalent_small/covapie_bulk_cys_sg_model_usable_auto_admission_scaleup_v1/covapie_bulk_cys_sg_priority_human_review_queue_v1.csv,UNRESOLVED,,UNRESOLVED,,UNRESOLVED,false,true,false,false,false,NOT_ESTABLISHED,false,null,false,false,false,false,false,false,false,,false,false,,,FEATURE_SEMANTICS_AUDIT_REQUIRED_LATER
533,COVAPIE_CYS_SG_EVENT_V1:3QVZ:C:CYS:82-:SG:F:ME7:CAH,3QVZ,ME7,true,true,true,false,true,true,true,true,true,false,false,CURRENTLY_UNREVIEWED,true,COVAPIE_BULK_REVIEW_UNIT_06A012CB91AC4F3B,CURRENTLY_UNREVIEWED,false,data/derived/covalent_small/covapie_bulk_cys_sg_model_usable_auto_admission_scaleup_v1/covapie_bulk_cys_sg_priority_human_review_queue_v1.csv,UNRESOLVED,,UNRESOLVED,,UNRESOLVED,false,true,false,false,false,NOT_ESTABLISHED,false,null,false,false,false,false,false,false,false,,false,false,,,FEATURE_SEMANTICS_AUDIT_REQUIRED_LATER
534,COVAPIE_CYS_SG_EVENT_V1:3QVZ:D:CYS:82-:SG:N:ME7:CAF,3QVZ,ME7,true,true,true,false,true,true,true,true,true,false,false,CURRENTLY_UNREVIEWED,true,COVAPIE_BULK_REVIEW_UNIT_C3B618BB049D3C11,CURRENTLY_UNREVIEWED,false,data/derived/covalent_small/covapie_bulk_cys_sg_model_usable_auto_admission_scaleup_v1/covapie_bulk_cys_sg_priority_human_review_queue_v1.csv,UNRESOLVED,,UNRESOLVED,,UNRESOLVED,false,true,false,false,false,NOT_ESTABLISHED,false,null,false,false,false,false,false,false,false,,false,false,,,FEATURE_SEMANTICS_AUDIT_REQUIRED_LATER
535,COVAPIE_CYS_SG_EVENT_V1:3RHY:A:CYS:249-:SG:C:HM3:C4,3RHY,HM3,true,true,true,false,true,true,true,true,true,false,false,LEAKAGE_EXISTING_GROUP_CONFLICT,false,,NOT_IN_HUMAN_REVIEW_POPULATION,false,,UNRESOLVED,,UNRESOLVED,,UNRESOLVED,false,true,false,false,false,NOT_ESTABLISHED,false,null,false,false,false,false,false,false,false,,false,false,,,FEATURE_SEMANTICS_AUDIT_REQUIRED_LATER
536,COVAPIE_CYS_SG_EVENT_V1:3RHY:B:CYS:249-:SG:D:HM3:C4,3RHY,HM3,true,true,true,false,true,true,true,true,true,false,false,LEAKAGE_EXISTING_GROUP_CONFLICT,false,,NOT_IN_HUMAN_REVIEW_POPULATION,false,,UNRESOLVED,,UNRESOLVED,,UNRESOLVED,false,true,false,false,false,NOT_ESTABLISHED,false,null,false,false,false,false,false,false,false,,false,false,,,FEATURE_SEMANTICS_AUDIT_REQUIRED_LATER
537,COVAPIE_CYS_SG_EVENT_V1:3RUO:A:CYS:147-:SG:C:AG7:C19,3RUO,AG7,true,true,true,false,true,true,true,true,true,false,false,LEAKAGE_EXISTING_GROUP_CONFLICT,false,,NOT_IN_HUMAN_REVIEW_POPULATION,false,,UNRESOLVED,,UNRESOLVED,,UNRESOLVED,false,true,false,false,false,NOT_ESTABLISHED,false,null,false,false,false,false,false,false,false,,false,false,,,FEATURE_SEMANTICS_AUDIT_REQUIRED_LATER
538,COVAPIE_CYS_SG_EVENT_V1:3RUO:B:CYS:147-:SG:E:AG7:C19,3RUO,AG7,true,true,true,false,true,true,true,true,true,false,false,LEAKAGE_EXISTING_GROUP_CONFLICT,false,,NOT_IN_HUMAN_REVIEW_POPULATION,false,,UNRESOLVED,,UNRESOLVED,,UNRESOLVED,false,true,false,false,false,NOT_ESTABLISHED,false,null,false,false,false,false,false,false,false,,false,false,,,FEATURE_SEMANTICS_AUDIT_REQUIRED_LATER
539,COVAPIE_CYS_SG_EVENT_V1:3S19:A:CYS:194-:SG:E:PRF:C10,3S19,PRF,true,true,true,false,true,true,true,true,true,false,false,COMPLETED_HUMAN_POSITIVE,true,COVAPIE_BULK_REVIEW_UNIT_1569D77F66026B58,COMPLETED_HUMAN_POSITIVE,true,covapie-state/manual-review-aids/cumulative1000-high-yield-calibration-v1/PRF_COVAPIE_BULK_REVIEW_UNIT_1569D77F66026B58/formal-human-decision-v1/prf_formal_human_decision_v1.json,POSITIVE,data/derived/covalent_small/covapie_prf_completed_decision_ingestion_and_task_label_availability_v1/covapie_prf_event_task_label_availability_v1.csv,RELEVANT,data/derived/covalent_small/covapie_prf_completed_decision_ingestion_and_task_label_availability_v1/covapie_prf_event_task_label_availability_v1.csv,EXCLUDE_FROM_TRAINING_ONLY,true,true,true,false,true,DIRECT_ATTACHMENT_OPTIONAL_LINKER_V1,true,"[0,3,4]",false,false,false,false,false,false,false,,false,false,false,data/derived/covalent_small/covapie_prf_completed_decision_ingestion_and_task_label_availability_v1/covapie_prf_event_task_label_availability_v1.csv,FEATURE_SEMANTICS_AUDIT_REQUIRED_LATER
540,COVAPIE_CYS_SG_EVENT_V1:3S19:B:CYS:194-:SG:G:PRF:C10,3S19,PRF,true,true,true,false,true,true,true,true,true,false,false,COMPLETED_HUMAN_POSITIVE,true,COVAPIE_BULK_REVIEW_UNIT_1569D77F66026B58,COMPLETED_HUMAN_POSITIVE,true,covapie-state/manual-review-aids/cumulative1000-high-yield-calibration-v1/PRF_COVAPIE_BULK_REVIEW_UNIT_1569D77F66026B58/formal-human-decision-v1/prf_formal_human_decision_v1.json,POSITIVE,data/derived/covalent_small/covapie_prf_completed_decision_ingestion_and_task_label_availability_v1/covapie_prf_event_task_label_availability_v1.csv,RELEVANT,data/derived/covalent_small/covapie_prf_completed_decision_ingestion_and_task_label_availability_v1/covapie_prf_event_task_label_availability_v1.csv,EXCLUDE_FROM_TRAINING_ONLY,true,true,true,false,true,DIRECT_ATTACHMENT_OPTIONAL_LINKER_V1,true,"[0,3,4]",false,false,false,false,false,false,false,,false,false,false,data/derived/covalent_small/covapie_prf_completed_decision_ingestion_and_task_label_availability_v1/covapie_prf_event_task_label_availability_v1.csv,FEATURE_SEMANTICS_AUDIT_REQUIRED_LATER
541,COVAPIE_CYS_SG_EVENT_V1:3S19:C:CYS:194-:SG:I:PRF:C10,3S19,PRF,true,true,true,false,true,true,true,true,true,false,false,COMPLETED_HUMAN_POSITIVE,true,COVAPIE_BULK_REVIEW_UNIT_1569D77F66026B58,COMPLETED_HUMAN_POSITIVE,true,covapie-state/manual-review-aids/cumulative1000-high-yield-calibration-v1/PRF_COVAPIE_BULK_REVIEW_UNIT_1569D77F66026B58/formal-human-decision-v1/prf_formal_human_decision_v1.json,POSITIVE,data/derived/covalent_small/covapie_prf_completed_decision_ingestion_and_task_label_availability_v1/covapie_prf_event_task_label_availability_v1.csv,RELEVANT,data/derived/covalent_small/covapie_prf_completed_decision_ingestion_and_task_label_availability_v1/covapie_prf_event_task_label_availability_v1.csv,EXCLUDE_FROM_TRAINING_ONLY,true,true,true,false,true,DIRECT_ATTACHMENT_OPTIONAL_LINKER_V1,true,"[0,3,4]",false,false,false,false,false,false,false,,false,false,false,data/derived/covalent_small/covapie_prf_completed_decision_ingestion_and_task_label_availability_v1/covapie_prf_event_task_label_availability_v1.csv,FEATURE_SEMANTICS_AUDIT_REQUIRED_LATER
542,COVAPIE_CYS_SG_EVENT_V1:3S19:D:CYS:194-:SG:K:PRF:C10,3S19,PRF,true,true,true,false,true,true,true,true,true,false,false,COMPLETED_HUMAN_POSITIVE,true,COVAPIE_BULK_REVIEW_UNIT_1569D77F66026B58,COMPLETED_HUMAN_POSITIVE,true,covapie-state/manual-review-aids/cumulative1000-high-yield-calibration-v1/PRF_COVAPIE_BULK_REVIEW_UNIT_1569D77F66026B58/formal-human-decision-v1/prf_formal_human_decision_v1.json,POSITIVE,data/derived/covalent_small/covapie_prf_completed_decision_ingestion_and_task_label_availability_v1/covapie_prf_event_task_label_availability_v1.csv,RELEVANT,data/derived/covalent_small/covapie_prf_completed_decision_ingestion_and_task_label_availability_v1/covapie_prf_event_task_label_availability_v1.csv,EXCLUDE_FROM_TRAINING_ONLY,true,true,true,false,true,DIRECT_ATTACHMENT_OPTIONAL_LINKER_V1,true,"[0,3,4]",false,false,false,false,false,false,false,,false,false,false,data/derived/covalent_small/covapie_prf_completed_decision_ingestion_and_task_label_availability_v1/covapie_prf_event_task_label_availability_v1.csv,FEATURE_SEMANTICS_AUDIT_REQUIRED_LATER
543,COVAPIE_CYS_SG_EVENT_V1:3S3Q:A:CYS:100-:SG:B:C1P:C18,3S3Q,C1P,true,true,true,false,true,true,true,true,true,false,false,LEAKAGE_EXISTING_GROUP_CONFLICT,false,,NOT_IN_HUMAN_REVIEW_POPULATION,false,,UNRESOLVED,,UNRESOLVED,,UNRESOLVED,false,true,false,false,false,NOT_ESTABLISHED,false,null,false,false,false,false,false,false,false,,false,false,,,FEATURE_SEMANTICS_AUDIT_REQUIRED_LATER
544,COVAPIE_CYS_SG_EVENT_V1:3S3R:A:CYS:100-:SG:D:0IW:C21,3S3R,0IW,true,true,true,false,true,true,true,true,true,false,false,LEAKAGE_EXISTING_GROUP_CONFLICT,false,,NOT_IN_HUMAN_REVIEW_POPULATION,false,,UNRESOLVED,,UNRESOLVED,,UNRESOLVED,false,true,false,false,false,NOT_ESTABLISHED,false,null,false,false,false,false,false,false,false,,false,false,,,FEATURE_SEMANTICS_AUDIT_REQUIRED_LATER
545,COVAPIE_CYS_SG_EVENT_V1:3S3R:B:CYS:100-:SG:E:0IW:C21,3S3R,0IW,true,true,true,false,true,true,true,true,true,false,false,LEAKAGE_EXISTING_GROUP_CONFLICT,false,,NOT_IN_HUMAN_REVIEW_POPULATION,false,,UNRESOLVED,,UNRESOLVED,,UNRESOLVED,false,true,false,false,false,NOT_ESTABLISHED,false,null,false,false,false,false,false,false,false,,false,false,,,FEATURE_SEMANTICS_AUDIT_REQUIRED_LATER
546,COVAPIE_CYS_SG_EVENT_V1:3S3R:C:CYS:100-:SG:F:0IW:C21,3S3R,0IW,true,true,true,false,true,true,true,true,true,false,false,LEAKAGE_EXISTING_GROUP_CONFLICT,false,,NOT_IN_HUMAN_REVIEW_POPULATION,false,,UNRESOLVED,,UNRESOLVED,,UNRESOLVED,false,true,false,false,false,NOT_ESTABLISHED,false,null,false,false,false,false,false,false,false,,false,false,,,FEATURE_SEMANTICS_AUDIT_REQUIRED_LATER
547,COVAPIE_CYS_SG_EVENT_V1:3SJI:A:CYS:147-:SG:B:AG7:C19,3SJI,AG7,true,true,true,false,true,true,true,true,true,false,false,LEAKAGE_EXISTING_GROUP_CONFLICT,false,,NOT_IN_HUMAN_REVIEW_POPULATION,false,,UNRESOLVED,,UNRESOLVED,,UNRESOLVED,false,true,false,false,false,NOT_ESTABLISHED,false,null,false,false,false,false,false,false,false,,false,false,,,FEATURE_SEMANTICS_AUDIT_REQUIRED_LATER
548,COVAPIE_CYS_SG_EVENT_V1:3SJO:A:CYS:147-:SG:I:AG7:C19,3SJO,AG7,true,true,true,false,true,true,true,true,true,false,false,LEAKAGE_EXISTING_GROUP_CONFLICT,false,,NOT_IN_HUMAN_REVIEW_POPULATION,false,,UNRESOLVED,,UNRESOLVED,,UNRESOLVED,false,true,false,false,false,NOT_ESTABLISHED,false,null,false,false,false,false,false,false,false,,false,false,,,FEATURE_SEMANTICS_AUDIT_REQUIRED_LATER
549,COVAPIE_CYS_SG_EVENT_V1:3SJO:B:CYS:147-:SG:J:AG7:C19,3SJO,AG7,true,true,true,false,true,true,true,true,true,false,false,LEAKAGE_EXISTING_GROUP_CONFLICT,false,,NOT_IN_HUMAN_REVIEW_POPULATION,false,,UNRESOLVED,,UNRESOLVED,,UNRESOLVED,false,true,false,false,false,NOT_ESTABLISHED,false,null,false,false,false,false,false,false,false,,false,false,,,FEATURE_SEMANTICS_AUDIT_REQUIRED_LATER
550,COVAPIE_CYS_SG_EVENT_V1:3SJO:C:CYS:147-:SG:K:AG7:C19,3SJO,AG7,true,true,true,false,true,true,true,true,true,false,false,LEAKAGE_EXISTING_GROUP_CONFLICT,false,,NOT_IN_HUMAN_REVIEW_POPULATION,false,,UNRESOLVED,,UNRESOLVED,,UNRESOLVED,false,true,false,false,false,NOT_ESTABLISHED,false,null,false,false,false,false,false,false,false,,false,false,,,FEATURE_SEMANTICS_AUDIT_REQUIRED_LATER
551,COVAPIE_CYS_SG_EVENT_V1:3SJO:D:CYS:147-:SG:L:AG7:C19,3SJO,AG7,true,true,true,false,true,true,true,true,true,false,false,LEAKAGE_EXISTING_GROUP_CONFLICT,false,,NOT_IN_HUMAN_REVIEW_POPULATION,false,,UNRESOLVED,,UNRESOLVED,,UNRESOLVED,false,true,false,false,false,NOT_ESTABLISHED,false,null,false,false,false,false,false,false,false,,false,false,,,FEATURE_SEMANTICS_AUDIT_REQUIRED_LATER
552,COVAPIE_CYS_SG_EVENT_V1:3SJO:E:CYS:147-:SG:M:AG7:C19,3SJO,AG7,true,true,true,false,true,true,true,true,true,false,false,LEAKAGE_EXISTING_GROUP_CONFLICT,false,,NOT_IN_HUMAN_REVIEW_POPULATION,false,,UNRESOLVED,,UNRESOLVED,,UNRESOLVED,false,true,false,false,false,NOT_ESTABLISHED,false,null,false,false,false,false,false,false,false,,false,false,,,FEATURE_SEMANTICS_AUDIT_REQUIRED_LATER
553,COVAPIE_CYS_SG_EVENT_V1:3SJO:F:CYS:147-:SG:N:AG7:C19,3SJO,AG7,true,true,true,false,true,true,true,true,true,false,false,LEAKAGE_EXISTING_GROUP_CONFLICT,false,,NOT_IN_HUMAN_REVIEW_POPULATION,false,,UNRESOLVED,,UNRESOLVED,,UNRESOLVED,false,true,false,false,false,NOT_ESTABLISHED,false,null,false,false,false,false,false,false,false,,false,false,,,FEATURE_SEMANTICS_AUDIT_REQUIRED_LATER
554,COVAPIE_CYS_SG_EVENT_V1:3SJO:G:CYS:147-:SG:O:AG7:C19,3SJO,AG7,true,true,true,false,true,true,true,true,true,false,false,LEAKAGE_EXISTING_GROUP_CONFLICT,false,,NOT_IN_HUMAN_REVIEW_POPULATION,false,,UNRESOLVED,,UNRESOLVED,,UNRESOLVED,false,true,false,false,false,NOT_ESTABLISHED,false,null,false,false,false,false,false,false,false,,false,false,,,FEATURE_SEMANTICS_AUDIT_REQUIRED_LATER
555,COVAPIE_CYS_SG_EVENT_V1:3SJO:H:CYS:147-:SG:P:AG7:C19,3SJO,AG7,true,true,true,false,true,true,true,true,true,false,false,LEAKAGE_EXISTING_GROUP_CONFLICT,false,,NOT_IN_HUMAN_REVIEW_POPULATION,false,,UNRESOLVED,,UNRESOLVED,,UNRESOLVED,false,true,false,false,false,NOT_ESTABLISHED,false,null,false,false,false,false,false,false,false,,false,false,,,FEATURE_SEMANTICS_AUDIT_REQUIRED_LATER
556,COVAPIE_CYS_SG_EVENT_V1:3SN8:A:CYS:145-:SG:B:S89:C,3SN8,S89,true,false,false,false,false,false,false,false,false,false,false,STRUCTURAL_EVIDENCE_INCOMPLETE,false,,NOT_IN_HUMAN_REVIEW_POPULATION,false,,UNRESOLVED,,UNRESOLVED,,UNRESOLVED,false,false,false,false,false,NOT_ESTABLISHED,false,null,false,false,false,false,false,false,false,,false,false,,,FEATURE_SEMANTICS_AUDIT_REQUIRED_LATER
557,COVAPIE_CYS_SG_EVENT_V1:3SVV:A:CYS:338-:SG:C:VSP:C18,3SVV,VSP,true,true,true,false,true,true,true,true,true,false,false,CURRENTLY_UNREVIEWED,true,COVAPIE_BULK_REVIEW_UNIT_54A1A932F9F22EBE,CURRENTLY_UNREVIEWED,false,data/derived/covalent_small/covapie_bulk_cys_sg_model_usable_auto_admission_scaleup_v1/covapie_bulk_cys_sg_priority_human_review_queue_v1.csv,UNRESOLVED,,UNRESOLVED,,UNRESOLVED,false,true,false,false,false,NOT_ESTABLISHED,false,null,false,false,false,false,false,false,false,,false,false,,,FEATURE_SEMANTICS_AUDIT_REQUIRED_LATER
558,COVAPIE_CYS_SG_EVENT_V1:3SVV:B:CYS:338-:SG:D:VSP:C18,3SVV,VSP,true,true,true,false,true,true,true,true,true,false,false,CURRENTLY_UNREVIEWED,true,COVAPIE_BULK_REVIEW_UNIT_54A1A932F9F22EBE,CURRENTLY_UNREVIEWED,false,data/derived/covalent_small/covapie_bulk_cys_sg_model_usable_auto_admission_scaleup_v1/covapie_bulk_cys_sg_priority_human_review_queue_v1.csv,UNRESOLVED,,UNRESOLVED,,UNRESOLVED,false,true,false,false,false,NOT_ESTABLISHED,false,null,false,false,false,false,false,false,false,,false,false,,,FEATURE_SEMANTICS_AUDIT_REQUIRED_LATER
559,COVAPIE_CYS_SG_EVENT_V1:3SZ9:A:CYS:302-:SG:N:I3E:C11,3SZ9,I3E,true,true,true,false,true,true,true,true,true,false,false,LEAKAGE_EXISTING_GROUP_CONFLICT,false,,NOT_IN_HUMAN_REVIEW_POPULATION,false,,UNRESOLVED,,UNRESOLVED,,UNRESOLVED,false,true,false,false,false,NOT_ESTABLISHED,false,null,false,false,false,false,false,false,false,,false,false,,,FEATURE_SEMANTICS_AUDIT_REQUIRED_LATER
560,COVAPIE_CYS_SG_EVENT_V1:3SZ9:B:CYS:302-:SG:S:I3E:C11,3SZ9,I3E,true,true,true,false,true,true,true,true,true,false,false,LEAKAGE_EXISTING_GROUP_CONFLICT,false,,NOT_IN_HUMAN_REVIEW_POPULATION,false,,UNRESOLVED,,UNRESOLVED,,UNRESOLVED,false,true,false,false,false,NOT_ESTABLISHED,false,null,false,false,false,false,false,false,false,,false,false,,,FEATURE_SEMANTICS_AUDIT_REQUIRED_LATER
561,COVAPIE_CYS_SG_EVENT_V1:3SZ9:C:CYS:302-:SG:CA:I3E:C11,3SZ9,I3E,true,true,true,false,true,true,true,true,true,false,false,LEAKAGE_EXISTING_GROUP_CONFLICT,false,,NOT_IN_HUMAN_REVIEW_POPULATION,false,,UNRESOLVED,,UNRESOLVED,,UNRESOLVED,false,true,false,false,false,NOT_ESTABLISHED,false,null,false,false,false,false,false,false,false,,false,false,,,FEATURE_SEMANTICS_AUDIT_REQUIRED_LATER
562,COVAPIE_CYS_SG_EVENT_V1:3SZ9:D:CYS:302-:SG:HA:I3E:C11,3SZ9,I3E,true,true,true,false,true,true,true,true,true,false,false,LEAKAGE_EXISTING_GROUP_CONFLICT,false,,NOT_IN_HUMAN_REVIEW_POPULATION,false,,UNRESOLVED,,UNRESOLVED,,UNRESOLVED,false,true,false,false,false,NOT_ESTABLISHED,false,null,false,false,false,false,false,false,false,,false,false,,,FEATURE_SEMANTICS_AUDIT_REQUIRED_LATER
563,COVAPIE_CYS_SG_EVENT_V1:3SZ9:E:CYS:302-:SG:MA:I3E:C11,3SZ9,I3E,true,true,true,false,true,true,true,true,true,false,false,LEAKAGE_EXISTING_GROUP_CONFLICT,false,,NOT_IN_HUMAN_REVIEW_POPULATION,false,,UNRESOLVED,,UNRESOLVED,,UNRESOLVED,false,true,false,false,false,NOT_ESTABLISHED,false,null,false,false,false,false,false,false,false,,false,false,,,FEATURE_SEMANTICS_AUDIT_REQUIRED_LATER
564,COVAPIE_CYS_SG_EVENT_V1:3SZ9:F:CYS:302-:SG:XA:I3E:C11,3SZ9,I3E,true,true,true,false,true,true,true,true,true,false,false,LEAKAGE_EXISTING_GROUP_CONFLICT,false,,NOT_IN_HUMAN_REVIEW_POPULATION,false,,UNRESOLVED,,UNRESOLVED,,UNRESOLVED,false,true,false,false,false,NOT_ESTABLISHED,false,null,false,false,false,false,false,false,false,,false,false,,,FEATURE_SEMANTICS_AUDIT_REQUIRED_LATER
565,COVAPIE_CYS_SG_EVENT_V1:3SZ9:G:CYS:302-:SG:DB:I3E:C11,3SZ9,I3E,true,true,true,false,true,true,true,true,true,false,false,LEAKAGE_EXISTING_GROUP_CONFLICT,false,,NOT_IN_HUMAN_REVIEW_POPULATION,false,,UNRESOLVED,,UNRESOLVED,,UNRESOLVED,false,true,false,false,false,NOT_ESTABLISHED,false,null,false,false,false,false,false,false,false,,false,false,,,FEATURE_SEMANTICS_AUDIT_REQUIRED_LATER
566,COVAPIE_CYS_SG_EVENT_V1:3SZ9:H:CYS:302-:SG:KB:I3E:C11,3SZ9,I3E,true,true,true,false,true,true,true,true,true,false,false,LEAKAGE_EXISTING_GROUP_CONFLICT,false,,NOT_IN_HUMAN_REVIEW_POPULATION,false,,UNRESOLVED,,UNRESOLVED,,UNRESOLVED,false,true,false,false,false,NOT_ESTABLISHED,false,null,false,false,false,false,false,false,false,,false,false,,,FEATURE_SEMANTICS_AUDIT_REQUIRED_LATER
567,COVAPIE_CYS_SG_EVENT_V1:3SZB:A:CYS:243-:SG:F:I1E:C9,3SZB,I1E,true,true,true,false,true,true,true,true,true,false,false,LEAKAGE_EXISTING_GROUP_CONFLICT,false,,NOT_IN_HUMAN_REVIEW_POPULATION,false,,UNRESOLVED,,UNRESOLVED,,UNRESOLVED,false,true,false,false,false,NOT_ESTABLISHED,false,null,false,false,false,false,false,false,false,,false,false,,,FEATURE_SEMANTICS_AUDIT_REQUIRED_LATER
568,COVAPIE_CYS_SG_EVENT_V1:3SZB:B:CYS:243-:SG:J:I1E:C9,3SZB,I1E,true,true,true,false,true,true,true,true,true,false,false,LEAKAGE_EXISTING_GROUP_CONFLICT,false,,NOT_IN_HUMAN_REVIEW_POPULATION,false,,UNRESOLVED,,UNRESOLVED,,UNRESOLVED,false,true,false,false,false,NOT_ESTABLISHED,false,null,false,false,false,false,false,false,false,,false,false,,,FEATURE_SEMANTICS_AUDIT_REQUIRED_LATER
569,COVAPIE_CYS_SG_EVENT_V1:3SZN:A:CYS:145-:SG:B:G75:C63,3SZN,G75,true,false,false,false,false,false,false,false,false,false,false,STRUCTURAL_EVIDENCE_INCOMPLETE,false,,NOT_IN_HUMAN_REVIEW_POPULATION,false,,UNRESOLVED,,UNRESOLVED,,UNRESOLVED,false,false,false,false,false,NOT_ESTABLISHED,false,null,false,false,false,false,false,false,false,,false,false,,,FEATURE_SEMANTICS_AUDIT_REQUIRED_LATER
570,COVAPIE_CYS_SG_EVENT_V1:3T9T:A:CYS:442-:SG:B:IAQ:C28,3T9T,IAQ,true,false,false,false,false,false,false,false,false,false,false,STRUCTURAL_EVIDENCE_INCOMPLETE,false,,NOT_IN_HUMAN_REVIEW_POPULATION,false,,UNRESOLVED,,UNRESOLVED,,UNRESOLVED,false,false,false,false,false,NOT_ESTABLISHED,false,null,false,false,false,false,false,false,false,,false,false,,,FEATURE_SEMANTICS_AUDIT_REQUIRED_LATER
571,COVAPIE_CYS_SG_EVENT_V1:3TAX:A:CYS:917-:SG:F:FOR:C,3TAX,FOR,true,true,true,false,true,true,true,true,true,false,false,CURRENTLY_UNREVIEWED,true,COVAPIE_BULK_REVIEW_UNIT_49424694FFEB1398,CURRENTLY_UNREVIEWED,false,data/derived/covalent_small/covapie_bulk_cys_sg_model_usable_auto_admission_scaleup_v1/covapie_bulk_cys_sg_priority_human_review_queue_v1.csv,UNRESOLVED,,UNRESOLVED,,UNRESOLVED,false,true,false,false,false,NOT_ESTABLISHED,false,null,false,false,false,false,false,false,false,,false,false,,,FEATURE_SEMANTICS_AUDIT_REQUIRED_LATER
572,COVAPIE_CYS_SG_EVENT_V1:3TAX:C:CYS:917-:SG:K:FOR:C,3TAX,FOR,true,true,true,false,true,true,true,true,true,false,false,CURRENTLY_UNREVIEWED,true,COVAPIE_BULK_REVIEW_UNIT_49424694FFEB1398,CURRENTLY_UNREVIEWED,false,data/derived/covalent_small/covapie_bulk_cys_sg_model_usable_auto_admission_scaleup_v1/covapie_bulk_cys_sg_priority_human_review_queue_v1.csv,UNRESOLVED,,UNRESOLVED,,UNRESOLVED,false,true,false,false,false,NOT_ESTABLISHED,false,null,false,false,false,false,false,false,false,,false,false,,,FEATURE_SEMANTICS_AUDIT_REQUIRED_LATER
573,COVAPIE_CYS_SG_EVENT_V1:3TBE:A:CYS:184-:SG:G:ETM:SD,3TBE,ETM,true,true,true,false,true,true,true,true,true,false,false,LEAKAGE_EXISTING_GROUP_CONFLICT,false,,NOT_IN_HUMAN_REVIEW_POPULATION,false,,UNRESOLVED,,UNRESOLVED,,UNRESOLVED,false,true,false,false,false,NOT_ESTABLISHED,false,null,false,false,false,false,false,false,false,,false,false,,,FEATURE_SEMANTICS_AUDIT_REQUIRED_LATER
574,COVAPIE_CYS_SG_EVENT_V1:3TBE:B:CYS:184-:SG:H:ETM:SD,3TBE,ETM,true,true,true,false,true,true,true,true,true,false,false,LEAKAGE_EXISTING_GROUP_CONFLICT,false,,NOT_IN_HUMAN_REVIEW_POPULATION,false,,UNRESOLVED,,UNRESOLVED,,UNRESOLVED,false,true,false,false,false,NOT_ESTABLISHED,false,null,false,false,false,false,false,false,false,,false,false,,,FEATURE_SEMANTICS_AUDIT_REQUIRED_LATER
575,COVAPIE_CYS_SG_EVENT_V1:3TBE:C:CYS:184-:SG:L:ETM:SD,3TBE,ETM,true,true,true,false,true,true,true,true,true,false,false,LEAKAGE_EXISTING_GROUP_CONFLICT,false,,NOT_IN_HUMAN_REVIEW_POPULATION,false,,UNRESOLVED,,UNRESOLVED,,UNRESOLVED,false,true,false,false,false,NOT_ESTABLISHED,false,null,false,false,false,false,false,false,false,,false,false,,,FEATURE_SEMANTICS_AUDIT_REQUIRED_LATER
576,COVAPIE_CYS_SG_EVENT_V1:3TBE:D:CYS:184-:SG:N:ETM:SD,3TBE,ETM,true,true,true,false,true,true,true,true,true,false,false,LEAKAGE_EXISTING_GROUP_CONFLICT,false,,NOT_IN_HUMAN_REVIEW_POPULATION,false,,UNRESOLVED,,UNRESOLVED,,UNRESOLVED,false,true,false,false,false,NOT_ESTABLISHED,false,null,false,false,false,false,false,false,false,,false,false,,,FEATURE_SEMANTICS_AUDIT_REQUIRED_LATER
577,COVAPIE_CYS_SG_EVENT_V1:3TBE:E:CYS:184-:SG:P:ETM:SD,3TBE,ETM,true,true,true,false,true,true,true,true,true,false,false,LEAKAGE_EXISTING_GROUP_CONFLICT,false,,NOT_IN_HUMAN_REVIEW_POPULATION,false,,UNRESOLVED,,UNRESOLVED,,UNRESOLVED,false,true,false,false,false,NOT_ESTABLISHED,false,null,false,false,false,false,false,false,false,,false,false,,,FEATURE_SEMANTICS_AUDIT_REQUIRED_LATER
578,COVAPIE_CYS_SG_EVENT_V1:3TBE:F:CYS:184-:SG:Q:ETM:SD,3TBE,ETM,true,true,true,false,true,true,true,true,true,false,false,LEAKAGE_EXISTING_GROUP_CONFLICT,false,,NOT_IN_HUMAN_REVIEW_POPULATION,false,,UNRESOLVED,,UNRESOLVED,,UNRESOLVED,false,true,false,false,false,NOT_ESTABLISHED,false,null,false,false,false,false,false,false,false,,false,false,,,FEATURE_SEMANTICS_AUDIT_REQUIRED_LATER
579,COVAPIE_CYS_SG_EVENT_V1:3TEZ:A:CYS:337-:SG:F:ACN:C2,3TEZ,ACN,true,true,true,false,true,true,true,true,true,false,false,CURRENTLY_UNREVIEWED,true,COVAPIE_BULK_REVIEW_UNIT_8E64FA42AC125327,CURRENTLY_UNREVIEWED,false,data/derived/covalent_small/covapie_bulk_cys_sg_model_usable_auto_admission_scaleup_v1/covapie_bulk_cys_sg_priority_human_review_queue_v1.csv,UNRESOLVED,,UNRESOLVED,,UNRESOLVED,false,true,false,false,false,NOT_ESTABLISHED,false,null,false,false,false,false,false,false,false,,false,false,,,FEATURE_SEMANTICS_AUDIT_REQUIRED_LATER
580,COVAPIE_CYS_SG_EVENT_V1:3TEZ:A:CYS:664-:SG:F:ACN:C1,3TEZ,ACN,true,true,true,false,true,true,true,true,true,false,false,CURRENTLY_UNREVIEWED,true,COVAPIE_BULK_REVIEW_UNIT_6CAB1BD6030468CD,CURRENTLY_UNREVIEWED,false,data/derived/covalent_small/covapie_bulk_cys_sg_model_usable_auto_admission_scaleup_v1/covapie_bulk_cys_sg_priority_human_review_queue_v1.csv,UNRESOLVED,,UNRESOLVED,,UNRESOLVED,false,true,false,false,false,NOT_ESTABLISHED,false,null,false,false,false,false,false,false,false,,false,false,,,FEATURE_SEMANTICS_AUDIT_REQUIRED_LATER
581,COVAPIE_CYS_SG_EVENT_V1:3TIT:A:CYS:145-:SG:B:G81:C63,3TIT,G81,true,false,false,false,false,false,false,false,false,false,false,STRUCTURAL_EVIDENCE_INCOMPLETE,false,,NOT_IN_HUMAN_REVIEW_POPULATION,false,,UNRESOLVED,,UNRESOLVED,,UNRESOLVED,false,false,false,false,false,NOT_ESTABLISHED,false,null,false,false,false,false,false,false,false,,false,false,,,FEATURE_SEMANTICS_AUDIT_REQUIRED_LATER
582,COVAPIE_CYS_SG_EVENT_V1:3TIU:A:CYS:145-:SG:C:G82:C63,3TIU,G82,true,false,false,false,false,false,false,false,false,false,false,STRUCTURAL_EVIDENCE_INCOMPLETE,false,,NOT_IN_HUMAN_REVIEW_POPULATION,false,,UNRESOLVED,,UNRESOLVED,,UNRESOLVED,false,false,false,false,false,NOT_ESTABLISHED,false,null,false,false,false,false,false,false,false,,false,false,,,FEATURE_SEMANTICS_AUDIT_REQUIRED_LATER
583,COVAPIE_CYS_SG_EVENT_V1:3TNS:A:CYS:145-:SG:B:G83:C63,3TNS,G83,true,false,false,false,false,false,false,false,false,false,false,STRUCTURAL_EVIDENCE_INCOMPLETE,false,,NOT_IN_HUMAN_REVIEW_POPULATION,false,,UNRESOLVED,,UNRESOLVED,,UNRESOLVED,false,false,false,false,false,NOT_ESTABLISHED,false,null,false,false,false,false,false,false,false,,false,false,,,FEATURE_SEMANTICS_AUDIT_REQUIRED_LATER
584,COVAPIE_CYS_SG_EVENT_V1:3TNT:A:CYS:145-:SG:B:G85:C63,3TNT,G85,true,false,false,false,false,false,false,false,false,false,false,STRUCTURAL_EVIDENCE_INCOMPLETE,false,,NOT_IN_HUMAN_REVIEW_POPULATION,false,,UNRESOLVED,,UNRESOLVED,,UNRESOLVED,false,false,false,false,false,NOT_ESTABLISHED,false,null,false,false,false,false,false,false,false,,false,false,,,FEATURE_SEMANTICS_AUDIT_REQUIRED_LATER
585,COVAPIE_CYS_SG_EVENT_V1:3UR9:A:CYS:139-:SG:E:K36:C21,3UR9,K36,true,true,true,false,true,true,true,true,true,false,false,LEAKAGE_EXISTING_GROUP_CONFLICT,false,,NOT_IN_HUMAN_REVIEW_POPULATION,false,,UNRESOLVED,,UNRESOLVED,,UNRESOLVED,false,true,false,false,false,NOT_ESTABLISHED,false,null,false,false,false,false,false,false,false,,false,false,,,FEATURE_SEMANTICS_AUDIT_REQUIRED_LATER
586,COVAPIE_CYS_SG_EVENT_V1:3UR9:B:CYS:139-:SG:H:K36:C21,3UR9,K36,true,true,true,false,true,true,true,true,true,false,false,LEAKAGE_EXISTING_GROUP_CONFLICT,false,,NOT_IN_HUMAN_REVIEW_POPULATION,false,,UNRESOLVED,,UNRESOLVED,,UNRESOLVED,false,true,false,false,false,NOT_ESTABLISHED,false,null,false,false,false,false,false,false,false,,false,false,,,FEATURE_SEMANTICS_AUDIT_REQUIRED_LATER
587,COVAPIE_CYS_SG_EVENT_V1:3UXJ:A:CYS:194-:SG:E:PRF:C10,3UXJ,PRF,true,true,true,false,true,true,true,true,true,false,false,COMPLETED_HUMAN_POSITIVE,true,COVAPIE_BULK_REVIEW_UNIT_1569D77F66026B58,COMPLETED_HUMAN_POSITIVE,true,covapie-state/manual-review-aids/cumulative1000-high-yield-calibration-v1/PRF_COVAPIE_BULK_REVIEW_UNIT_1569D77F66026B58/formal-human-decision-v1/prf_formal_human_decision_v1.json,POSITIVE,data/derived/covalent_small/covapie_prf_completed_decision_ingestion_and_task_label_availability_v1/covapie_prf_event_task_label_availability_v1.csv,RELEVANT,data/derived/covalent_small/covapie_prf_completed_decision_ingestion_and_task_label_availability_v1/covapie_prf_event_task_label_availability_v1.csv,EXCLUDE_FROM_TRAINING_ONLY,true,true,true,false,true,DIRECT_ATTACHMENT_OPTIONAL_LINKER_V1,true,"[0,3,4]",false,false,false,false,false,false,false,,false,false,false,data/derived/covalent_small/covapie_prf_completed_decision_ingestion_and_task_label_availability_v1/covapie_prf_event_task_label_availability_v1.csv,FEATURE_SEMANTICS_AUDIT_REQUIRED_LATER
588,COVAPIE_CYS_SG_EVENT_V1:3UXJ:B:CYS:194-:SG:I:PRF:C10,3UXJ,PRF,true,true,true,false,true,true,true,true,true,false,false,COMPLETED_HUMAN_POSITIVE,true,COVAPIE_BULK_REVIEW_UNIT_1569D77F66026B58,COMPLETED_HUMAN_POSITIVE,true,covapie-state/manual-review-aids/cumulative1000-high-yield-calibration-v1/PRF_COVAPIE_BULK_REVIEW_UNIT_1569D77F66026B58/formal-human-decision-v1/prf_formal_human_decision_v1.json,POSITIVE,data/derived/covalent_small/covapie_prf_completed_decision_ingestion_and_task_label_availability_v1/covapie_prf_event_task_label_availability_v1.csv,RELEVANT,data/derived/covalent_small/covapie_prf_completed_decision_ingestion_and_task_label_availability_v1/covapie_prf_event_task_label_availability_v1.csv,EXCLUDE_FROM_TRAINING_ONLY,true,true,true,false,true,DIRECT_ATTACHMENT_OPTIONAL_LINKER_V1,true,"[0,3,4]",false,false,false,false,false,false,false,,false,false,false,data/derived/covalent_small/covapie_prf_completed_decision_ingestion_and_task_label_availability_v1/covapie_prf_event_task_label_availability_v1.csv,FEATURE_SEMANTICS_AUDIT_REQUIRED_LATER
589,COVAPIE_CYS_SG_EVENT_V1:3UXJ:C:CYS:194-:SG:O:PRF:C10,3UXJ,PRF,true,true,true,false,true,true,true,true,true,false,false,COMPLETED_HUMAN_POSITIVE,true,COVAPIE_BULK_REVIEW_UNIT_1569D77F66026B58,COMPLETED_HUMAN_POSITIVE,true,covapie-state/manual-review-aids/cumulative1000-high-yield-calibration-v1/PRF_COVAPIE_BULK_REVIEW_UNIT_1569D77F66026B58/formal-human-decision-v1/prf_formal_human_decision_v1.json,POSITIVE,data/derived/covalent_small/covapie_prf_completed_decision_ingestion_and_task_label_availability_v1/covapie_prf_event_task_label_availability_v1.csv,RELEVANT,data/derived/covalent_small/covapie_prf_completed_decision_ingestion_and_task_label_availability_v1/covapie_prf_event_task_label_availability_v1.csv,EXCLUDE_FROM_TRAINING_ONLY,true,true,true,false,true,DIRECT_ATTACHMENT_OPTIONAL_LINKER_V1,true,"[0,3,4]",false,false,false,false,false,false,false,,false,false,false,data/derived/covalent_small/covapie_prf_completed_decision_ingestion_and_task_label_availability_v1/covapie_prf_event_task_label_availability_v1.csv,FEATURE_SEMANTICS_AUDIT_REQUIRED_LATER
590,COVAPIE_CYS_SG_EVENT_V1:3UXJ:D:CYS:194-:SG:S:PRF:C10,3UXJ,PRF,true,true,true,false,true,true,true,true,true,false,false,COMPLETED_HUMAN_POSITIVE,true,COVAPIE_BULK_REVIEW_UNIT_1569D77F66026B58,COMPLETED_HUMAN_POSITIVE,true,covapie-state/manual-review-aids/cumulative1000-high-yield-calibration-v1/PRF_COVAPIE_BULK_REVIEW_UNIT_1569D77F66026B58/formal-human-decision-v1/prf_formal_human_decision_v1.json,POSITIVE,data/derived/covalent_small/covapie_prf_completed_decision_ingestion_and_task_label_availability_v1/covapie_prf_event_task_label_availability_v1.csv,RELEVANT,data/derived/covalent_small/covapie_prf_completed_decision_ingestion_and_task_label_availability_v1/covapie_prf_event_task_label_availability_v1.csv,EXCLUDE_FROM_TRAINING_ONLY,true,true,true,false,true,DIRECT_ATTACHMENT_OPTIONAL_LINKER_V1,true,"[0,3,4]",false,false,false,false,false,false,false,,false,false,false,data/derived/covalent_small/covapie_prf_completed_decision_ingestion_and_task_label_availability_v1/covapie_prf_event_task_label_availability_v1.csv,FEATURE_SEMANTICS_AUDIT_REQUIRED_LATER
591,COVAPIE_CYS_SG_EVENT_V1:3V4J:A:CYS:308-:SG:E:PQR:C4,3V4J,PQR,true,true,true,false,true,true,true,true,true,false,false,LEAKAGE_EXISTING_GROUP_CONFLICT,false,,NOT_IN_HUMAN_REVIEW_POPULATION,false,,UNRESOLVED,,UNRESOLVED,,UNRESOLVED,false,true,false,false,false,NOT_ESTABLISHED,false,null,false,false,false,false,false,false,false,,false,false,,,FEATURE_SEMANTICS_AUDIT_REQUIRED_LATER
592,COVAPIE_CYS_SG_EVENT_V1:3V4J:B:CYS:308-:SG:H:PQR:C4,3V4J,PQR,true,true,true,false,true,true,true,true,true,false,false,LEAKAGE_EXISTING_GROUP_CONFLICT,false,,NOT_IN_HUMAN_REVIEW_POPULATION,false,,UNRESOLVED,,UNRESOLVED,,UNRESOLVED,false,true,false,false,false,NOT_ESTABLISHED,false,null,false,false,false,false,false,false,false,,false,false,,,FEATURE_SEMANTICS_AUDIT_REQUIRED_LATER
593,COVAPIE_CYS_SG_EVENT_V1:3V4X:A:CYS:111-:SG:E:F24:C8,3V4X,F24,true,true,true,false,true,true,true,true,true,false,false,COMPLETED_HUMAN_POSITIVE,true,COVAPIE_BULK_REVIEW_UNIT_2557BFE1E3B5C4C5,COMPLETED_HUMAN_POSITIVE,true,covapie-state/manual-review-aids/cumulative1000-high-yield-calibration-v1/F24_COVAPIE_BULK_REVIEW_UNIT_2557BFE1E3B5C4C5/formal-human-decision-v1/f24_formal_human_decision_v1.json,POSITIVE,data/derived/covalent_small/covapie_f24_completed_decision_ingestion_and_task_label_availability_v1/covapie_f24_event_task_label_availability_v1.csv,RELEVANT,data/derived/covalent_small/covapie_f24_completed_decision_ingestion_and_task_label_availability_v1/covapie_f24_event_task_label_availability_v1.csv,INCLUDE,false,true,true,false,true,DIRECT_ATTACHMENT_OPTIONAL_LINKER_V1,true,"[0,3,4]",false,false,false,false,true,true,false,,false,false,false,data/derived/covalent_small/covapie_f24_completed_decision_ingestion_and_task_label_availability_v1/covapie_f24_event_task_label_availability_v1.csv,FEATURE_SEMANTICS_AUDIT_REQUIRED_LATER
594,COVAPIE_CYS_SG_EVENT_V1:3V4X:B:CYS:111-:SG:F:F24:C8,3V4X,F24,true,true,true,false,true,true,true,true,true,false,false,COMPLETED_HUMAN_POSITIVE,true,COVAPIE_BULK_REVIEW_UNIT_2557BFE1E3B5C4C5,COMPLETED_HUMAN_POSITIVE,true,covapie-state/manual-review-aids/cumulative1000-high-yield-calibration-v1/F24_COVAPIE_BULK_REVIEW_UNIT_2557BFE1E3B5C4C5/formal-human-decision-v1/f24_formal_human_decision_v1.json,POSITIVE,data/derived/covalent_small/covapie_f24_completed_decision_ingestion_and_task_label_availability_v1/covapie_f24_event_task_label_availability_v1.csv,RELEVANT,data/derived/covalent_small/covapie_f24_completed_decision_ingestion_and_task_label_availability_v1/covapie_f24_event_task_label_availability_v1.csv,INCLUDE,false,true,true,false,true,DIRECT_ATTACHMENT_OPTIONAL_LINKER_V1,true,"[0,3,4]",false,false,false,false,true,true,false,,false,false,false,data/derived/covalent_small/covapie_f24_completed_decision_ingestion_and_task_label_availability_v1/covapie_f24_event_task_label_availability_v1.csv,FEATURE_SEMANTICS_AUDIT_REQUIRED_LATER
595,COVAPIE_CYS_SG_EVENT_V1:3V4X:C:CYS:111-:SG:G:F24:C8,3V4X,F24,true,true,true,false,true,true,true,true,true,false,false,COMPLETED_HUMAN_POSITIVE,true,COVAPIE_BULK_REVIEW_UNIT_2557BFE1E3B5C4C5,COMPLETED_HUMAN_POSITIVE,true,covapie-state/manual-review-aids/cumulative1000-high-yield-calibration-v1/F24_COVAPIE_BULK_REVIEW_UNIT_2557BFE1E3B5C4C5/formal-human-decision-v1/f24_formal_human_decision_v1.json,POSITIVE,data/derived/covalent_small/covapie_f24_completed_decision_ingestion_and_task_label_availability_v1/covapie_f24_event_task_label_availability_v1.csv,RELEVANT,data/derived/covalent_small/covapie_f24_completed_decision_ingestion_and_task_label_availability_v1/covapie_f24_event_task_label_availability_v1.csv,INCLUDE,false,true,true,false,true,DIRECT_ATTACHMENT_OPTIONAL_LINKER_V1,true,"[0,3,4]",false,false,false,false,true,true,false,,false,false,false,data/derived/covalent_small/covapie_f24_completed_decision_ingestion_and_task_label_availability_v1/covapie_f24_event_task_label_availability_v1.csv,FEATURE_SEMANTICS_AUDIT_REQUIRED_LATER
596,COVAPIE_CYS_SG_EVENT_V1:3V4X:D:CYS:111-:SG:H:F24:C8,3V4X,F24,true,true,true,false,true,true,true,true,true,false,false,COMPLETED_HUMAN_POSITIVE,true,COVAPIE_BULK_REVIEW_UNIT_2557BFE1E3B5C4C5,COMPLETED_HUMAN_POSITIVE,true,covapie-state/manual-review-aids/cumulative1000-high-yield-calibration-v1/F24_COVAPIE_BULK_REVIEW_UNIT_2557BFE1E3B5C4C5/formal-human-decision-v1/f24_formal_human_decision_v1.json,POSITIVE,data/derived/covalent_small/covapie_f24_completed_decision_ingestion_and_task_label_availability_v1/covapie_f24_event_task_label_availability_v1.csv,RELEVANT,data/derived/covalent_small/covapie_f24_completed_decision_ingestion_and_task_label_availability_v1/covapie_f24_event_task_label_availability_v1.csv,INCLUDE,false,true,true,false,true,DIRECT_ATTACHMENT_OPTIONAL_LINKER_V1,true,"[0,3,4]",false,false,false,false,true,true,false,,false,false,false,data/derived/covalent_small/covapie_f24_completed_decision_ingestion_and_task_label_availability_v1/covapie_f24_event_task_label_availability_v1.csv,FEATURE_SEMANTICS_AUDIT_REQUIRED_LATER
597,COVAPIE_CYS_SG_EVENT_V1:3V61:B:CYS:22-:SG:P:NEQ:C3,3V61,NEQ,true,true,true,false,true,true,true,true,true,false,false,COMPLETED_HUMAN_POSITIVE,true,COVAPIE_BULK_REVIEW_UNIT_0E0F340A9F98DA62,COMPLETED_HUMAN_POSITIVE,true,covapie-state/manual-review-aids/cumulative1000-high-yield-calibration-v1/NEQ_COVAPIE_BULK_REVIEW_UNIT_0E0F340A9F98DA62/formal-human-decision-v1/neq_formal_human_decision_v1.json,POSITIVE,data/derived/covalent_small/covapie_neq_completed_decision_ingestion_and_task_label_availability_v1/covapie_neq_event_task_label_availability_v1.csv,RELEVANT,data/derived/covalent_small/covapie_neq_completed_decision_ingestion_and_task_label_availability_v1/covapie_neq_event_task_label_availability_v1.csv,EXCLUDE_FROM_TRAINING_ONLY,true,true,true,false,true,DIRECT_ATTACHMENT_OPTIONAL_LINKER_V1,true,"[0,3,4]",false,false,false,false,false,false,false,,false,false,false,data/derived/covalent_small/covapie_neq_completed_decision_ingestion_and_task_label_availability_v1/covapie_neq_event_task_label_availability_v1.csv,FEATURE_SEMANTICS_AUDIT_REQUIRED_LATER
598,COVAPIE_CYS_SG_EVENT_V1:3V61:B:CYS:81-:SG:Q:NEQ:C3,3V61,NEQ,true,true,true,false,true,true,true,true,true,false,false,COMPLETED_HUMAN_POSITIVE,true,COVAPIE_BULK_REVIEW_UNIT_0E0F340A9F98DA62,COMPLETED_HUMAN_POSITIVE,true,covapie-state/manual-review-aids/cumulative1000-high-yield-calibration-v1/NEQ_COVAPIE_BULK_REVIEW_UNIT_0E0F340A9F98DA62/formal-human-decision-v1/neq_formal_human_decision_v1.json,POSITIVE,data/derived/covalent_small/covapie_neq_completed_decision_ingestion_and_task_label_availability_v1/covapie_neq_event_task_label_availability_v1.csv,RELEVANT,data/derived/covalent_small/covapie_neq_completed_decision_ingestion_and_task_label_availability_v1/covapie_neq_event_task_label_availability_v1.csv,EXCLUDE_FROM_TRAINING_ONLY,true,true,true,false,true,DIRECT_ATTACHMENT_OPTIONAL_LINKER_V1,true,"[0,3,4]",false,false,false,false,false,false,false,,false,false,false,data/derived/covalent_small/covapie_neq_completed_decision_ingestion_and_task_label_availability_v1/covapie_neq_event_task_label_availability_v1.csv,FEATURE_SEMANTICS_AUDIT_REQUIRED_LATER
599,COVAPIE_CYS_SG_EVENT_V1:3V62:B:CYS:22-:SG:G:NEQ:C3,3V62,NEQ,true,true,true,false,true,true,true,true,true,false,false,COMPLETED_HUMAN_POSITIVE,true,COVAPIE_BULK_REVIEW_UNIT_0E0F340A9F98DA62,COMPLETED_HUMAN_POSITIVE,true,covapie-state/manual-review-aids/cumulative1000-high-yield-calibration-v1/NEQ_COVAPIE_BULK_REVIEW_UNIT_0E0F340A9F98DA62/formal-human-decision-v1/neq_formal_human_decision_v1.json,POSITIVE,data/derived/covalent_small/covapie_neq_completed_decision_ingestion_and_task_label_availability_v1/covapie_neq_event_task_label_availability_v1.csv,RELEVANT,data/derived/covalent_small/covapie_neq_completed_decision_ingestion_and_task_label_availability_v1/covapie_neq_event_task_label_availability_v1.csv,EXCLUDE_FROM_TRAINING_ONLY,true,true,true,false,true,DIRECT_ATTACHMENT_OPTIONAL_LINKER_V1,true,"[0,3,4]",false,false,false,false,false,false,false,,false,false,false,data/derived/covalent_small/covapie_neq_completed_decision_ingestion_and_task_label_availability_v1/covapie_neq_event_task_label_availability_v1.csv,FEATURE_SEMANTICS_AUDIT_REQUIRED_LATER
600,COVAPIE_CYS_SG_EVENT_V1:3V62:B:CYS:81-:SG:H:NEQ:C3,3V62,NEQ,true,true,true,false,true,true,true,true,true,false,false,COMPLETED_HUMAN_POSITIVE,true,COVAPIE_BULK_REVIEW_UNIT_0E0F340A9F98DA62,COMPLETED_HUMAN_POSITIVE,true,covapie-state/manual-review-aids/cumulative1000-high-yield-calibration-v1/NEQ_COVAPIE_BULK_REVIEW_UNIT_0E0F340A9F98DA62/formal-human-decision-v1/neq_formal_human_decision_v1.json,POSITIVE,data/derived/covalent_small/covapie_neq_completed_decision_ingestion_and_task_label_availability_v1/covapie_neq_event_task_label_availability_v1.csv,RELEVANT,data/derived/covalent_small/covapie_neq_completed_decision_ingestion_and_task_label_availability_v1/covapie_neq_event_task_label_availability_v1.csv,EXCLUDE_FROM_TRAINING_ONLY,true,true,true,false,true,DIRECT_ATTACHMENT_OPTIONAL_LINKER_V1,true,"[0,3,4]",false,false,false,false,false,false,false,,false,false,false,data/derived/covalent_small/covapie_neq_completed_decision_ingestion_and_task_label_availability_v1/covapie_neq_event_task_label_availability_v1.csv,FEATURE_SEMANTICS_AUDIT_REQUIRED_LATER
601,COVAPIE_CYS_SG_EVENT_V1:3V62:E:CYS:22-:SG:K:NEQ:C3,3V62,NEQ,true,true,true,false,true,true,true,true,true,false,false,COMPLETED_HUMAN_POSITIVE,true,COVAPIE_BULK_REVIEW_UNIT_0E0F340A9F98DA62,COMPLETED_HUMAN_POSITIVE,true,covapie-state/manual-review-aids/cumulative1000-high-yield-calibration-v1/NEQ_COVAPIE_BULK_REVIEW_UNIT_0E0F340A9F98DA62/formal-human-decision-v1/neq_formal_human_decision_v1.json,POSITIVE,data/derived/covalent_small/covapie_neq_completed_decision_ingestion_and_task_label_availability_v1/covapie_neq_event_task_label_availability_v1.csv,RELEVANT,data/derived/covalent_small/covapie_neq_completed_decision_ingestion_and_task_label_availability_v1/covapie_neq_event_task_label_availability_v1.csv,EXCLUDE_FROM_TRAINING_ONLY,true,true,true,false,true,DIRECT_ATTACHMENT_OPTIONAL_LINKER_V1,true,"[0,3,4]",false,false,false,false,false,false,false,,false,false,false,data/derived/covalent_small/covapie_neq_completed_decision_ingestion_and_task_label_availability_v1/covapie_neq_event_task_label_availability_v1.csv,FEATURE_SEMANTICS_AUDIT_REQUIRED_LATER
602,COVAPIE_CYS_SG_EVENT_V1:3V62:E:CYS:81-:SG:L:NEQ:C3,3V62,NEQ,true,true,true,false,true,true,true,true,true,false,false,COMPLETED_HUMAN_POSITIVE,true,COVAPIE_BULK_REVIEW_UNIT_0E0F340A9F98DA62,COMPLETED_HUMAN_POSITIVE,true,covapie-state/manual-review-aids/cumulative1000-high-yield-calibration-v1/NEQ_COVAPIE_BULK_REVIEW_UNIT_0E0F340A9F98DA62/formal-human-decision-v1/neq_formal_human_decision_v1.json,POSITIVE,data/derived/covalent_small/covapie_neq_completed_decision_ingestion_and_task_label_availability_v1/covapie_neq_event_task_label_availability_v1.csv,RELEVANT,data/derived/covalent_small/covapie_neq_completed_decision_ingestion_and_task_label_availability_v1/covapie_neq_event_task_label_availability_v1.csv,EXCLUDE_FROM_TRAINING_ONLY,true,true,true,false,true,DIRECT_ATTACHMENT_OPTIONAL_LINKER_V1,true,"[0,3,4]",false,false,false,false,false,false,false,,false,false,false,data/derived/covalent_small/covapie_neq_completed_decision_ingestion_and_task_label_availability_v1/covapie_neq_event_task_label_availability_v1.csv,FEATURE_SEMANTICS_AUDIT_REQUIRED_LATER
603,COVAPIE_CYS_SG_EVENT_V1:3V6R:A:CYS:154-:SG:C:CQQ:C33,3V6R,CQQ,true,true,true,false,true,true,true,true,true,false,false,CURRENTLY_UNREVIEWED,true,COVAPIE_BULK_REVIEW_UNIT_CAD7598717A400DC,CURRENTLY_UNREVIEWED,false,data/derived/covalent_small/covapie_bulk_cys_sg_model_usable_auto_admission_scaleup_v1/covapie_bulk_cys_sg_priority_human_review_queue_v1.csv,UNRESOLVED,,UNRESOLVED,,UNRESOLVED,false,true,false,false,false,NOT_ESTABLISHED,false,null,false,false,false,false,false,false,false,,false,false,,,FEATURE_SEMANTICS_AUDIT_REQUIRED_LATER
604,COVAPIE_CYS_SG_EVENT_V1:3V6R:B:CYS:154-:SG:D:CQQ:C33,3V6R,CQQ,true,true,true,false,true,true,true,true,true,false,false,CURRENTLY_UNREVIEWED,true,COVAPIE_BULK_REVIEW_UNIT_CAD7598717A400DC,CURRENTLY_UNREVIEWED,false,data/derived/covalent_small/covapie_bulk_cys_sg_model_usable_auto_admission_scaleup_v1/covapie_bulk_cys_sg_priority_human_review_queue_v1.csv,UNRESOLVED,,UNRESOLVED,,UNRESOLVED,false,true,false,false,false,NOT_ESTABLISHED,false,null,false,false,false,false,false,false,false,,false,false,,,FEATURE_SEMANTICS_AUDIT_REQUIRED_LATER
605,COVAPIE_CYS_SG_EVENT_V1:3V6S:A:CYS:154-:SG:C:0F0:C33,3V6S,0F0,true,true,true,false,true,true,true,true,true,false,false,CURRENTLY_UNREVIEWED,true,COVAPIE_BULK_REVIEW_UNIT_F3876B7F0EFC774D,CURRENTLY_UNREVIEWED,false,data/derived/covalent_small/covapie_bulk_cys_sg_model_usable_auto_admission_scaleup_v1/covapie_bulk_cys_sg_priority_human_review_queue_v1.csv,UNRESOLVED,,UNRESOLVED,,UNRESOLVED,false,true,false,false,false,NOT_ESTABLISHED,false,null,false,false,false,false,false,false,false,,false,false,,,FEATURE_SEMANTICS_AUDIT_REQUIRED_LATER
606,COVAPIE_CYS_SG_EVENT_V1:3V6S:B:CYS:154-:SG:D:0F0:C33,3V6S,0F0,true,true,true,false,true,true,true,true,true,false,false,CURRENTLY_UNREVIEWED,true,COVAPIE_BULK_REVIEW_UNIT_F3876B7F0EFC774D,CURRENTLY_UNREVIEWED,false,data/derived/covalent_small/covapie_bulk_cys_sg_model_usable_auto_admission_scaleup_v1/covapie_bulk_cys_sg_priority_human_review_queue_v1.csv,UNRESOLVED,,UNRESOLVED,,UNRESOLVED,false,true,false,false,false,NOT_ESTABLISHED,false,null,false,false,false,false,false,false,false,,false,false,,,FEATURE_SEMANTICS_AUDIT_REQUIRED_LATER
607,COVAPIE_CYS_SG_EVENT_V1:3VCY:A:CYS:116-:SG:E:FFQ:C1,3VCY,FFQ,true,true,true,false,true,true,true,true,true,false,false,COMPLETED_HUMAN_POSITIVE,true,COVAPIE_BULK_REVIEW_UNIT_431D2725ADFC9E9D,COMPLETED_HUMAN_POSITIVE,true,covapie-state/manual-review-aids/cumulative1000-high-yield-calibration-v1/FFQ_COVAPIE_BULK_REVIEW_UNIT_431D2725ADFC9E9D/formal-human-decision-v1/ffq_formal_human_decision_v1.json,POSITIVE,data/derived/covalent_small/covapie_ffq_completed_decision_ingestion_and_task_label_availability_v1/covapie_ffq_event_task_label_availability_v1.csv,RELEVANT,data/derived/covalent_small/covapie_ffq_completed_decision_ingestion_and_task_label_availability_v1/covapie_ffq_event_task_label_availability_v1.csv,INCLUDE,false,true,true,true,true,DIRECT_ATTACHMENT_OPTIONAL_LINKER_V1,true,"[0,3,4]",false,false,false,false,true,true,false,,false,false,false,data/derived/covalent_small/covapie_ffq_completed_decision_ingestion_and_task_label_availability_v1/covapie_ffq_event_task_label_availability_v1.csv,FEATURE_SEMANTICS_AUDIT_REQUIRED_LATER
608,COVAPIE_CYS_SG_EVENT_V1:3VCY:B:CYS:116-:SG:J:FFQ:C1,3VCY,FFQ,true,true,true,false,true,true,true,true,true,false,false,COMPLETED_HUMAN_POSITIVE,true,COVAPIE_BULK_REVIEW_UNIT_431D2725ADFC9E9D,COMPLETED_HUMAN_POSITIVE,true,covapie-state/manual-review-aids/cumulative1000-high-yield-calibration-v1/FFQ_COVAPIE_BULK_REVIEW_UNIT_431D2725ADFC9E9D/formal-human-decision-v1/ffq_formal_human_decision_v1.json,POSITIVE,data/derived/covalent_small/covapie_ffq_completed_decision_ingestion_and_task_label_availability_v1/covapie_ffq_event_task_label_availability_v1.csv,RELEVANT,data/derived/covalent_small/covapie_ffq_completed_decision_ingestion_and_task_label_availability_v1/covapie_ffq_event_task_label_availability_v1.csv,INCLUDE,false,true,true,true,true,DIRECT_ATTACHMENT_OPTIONAL_LINKER_V1,true,"[0,3,4]",false,false,false,false,true,true,false,,false,false,false,data/derived/covalent_small/covapie_ffq_completed_decision_ingestion_and_task_label_availability_v1/covapie_ffq_event_task_label_availability_v1.csv,FEATURE_SEMANTICS_AUDIT_REQUIRED_LATER
609,COVAPIE_CYS_SG_EVENT_V1:3VCY:C:CYS:116-:SG:O:FFQ:C1,3VCY,FFQ,true,true,true,false,true,true,true,true,true,false,false,COMPLETED_HUMAN_POSITIVE,true,COVAPIE_BULK_REVIEW_UNIT_431D2725ADFC9E9D,COMPLETED_HUMAN_POSITIVE,true,covapie-state/manual-review-aids/cumulative1000-high-yield-calibration-v1/FFQ_COVAPIE_BULK_REVIEW_UNIT_431D2725ADFC9E9D/formal-human-decision-v1/ffq_formal_human_decision_v1.json,POSITIVE,data/derived/covalent_small/covapie_ffq_completed_decision_ingestion_and_task_label_availability_v1/covapie_ffq_event_task_label_availability_v1.csv,RELEVANT,data/derived/covalent_small/covapie_ffq_completed_decision_ingestion_and_task_label_availability_v1/covapie_ffq_event_task_label_availability_v1.csv,INCLUDE,false,true,true,true,true,DIRECT_ATTACHMENT_OPTIONAL_LINKER_V1,true,"[0,3,4]",false,false,false,false,true,true,false,,false,false,false,data/derived/covalent_small/covapie_ffq_completed_decision_ingestion_and_task_label_availability_v1/covapie_ffq_event_task_label_availability_v1.csv,FEATURE_SEMANTICS_AUDIT_REQUIRED_LATER
610,COVAPIE_CYS_SG_EVENT_V1:3VCY:D:CYS:116-:SG:T:FFQ:C1,3VCY,FFQ,true,true,true,false,true,true,true,true,true,false,false,COMPLETED_HUMAN_POSITIVE,true,COVAPIE_BULK_REVIEW_UNIT_431D2725ADFC9E9D,COMPLETED_HUMAN_POSITIVE,true,covapie-state/manual-review-aids/cumulative1000-high-yield-calibration-v1/FFQ_COVAPIE_BULK_REVIEW_UNIT_431D2725ADFC9E9D/formal-human-decision-v1/ffq_formal_human_decision_v1.json,POSITIVE,data/derived/covalent_small/covapie_ffq_completed_decision_ingestion_and_task_label_availability_v1/covapie_ffq_event_task_label_availability_v1.csv,RELEVANT,data/derived/covalent_small/covapie_ffq_completed_decision_ingestion_and_task_label_availability_v1/covapie_ffq_event_task_label_availability_v1.csv,INCLUDE,false,true,true,true,true,DIRECT_ATTACHMENT_OPTIONAL_LINKER_V1,true,"[0,3,4]",false,false,false,false,true,true,false,,false,false,false,data/derived/covalent_small/covapie_ffq_completed_decision_ingestion_and_task_label_availability_v1/covapie_ffq_event_task_label_availability_v1.csv,FEATURE_SEMANTICS_AUDIT_REQUIRED_LATER
611,COVAPIE_CYS_SG_EVENT_V1:3VYP:A:CYS:354-:SG:D:MXR:C1,3VYP,MXR,true,true,true,false,true,true,true,true,true,false,false,CURRENTLY_UNREVIEWED,true,COVAPIE_BULK_REVIEW_UNIT_58CECA1BDCAD42A4,CURRENTLY_UNREVIEWED,false,data/derived/covalent_small/covapie_bulk_cys_sg_model_usable_auto_admission_scaleup_v1/covapie_bulk_cys_sg_priority_human_review_queue_v1.csv,UNRESOLVED,,UNRESOLVED,,UNRESOLVED,false,true,false,false,false,NOT_ESTABLISHED,false,null,false,false,false,false,false,false,false,,false,false,,,FEATURE_SEMANTICS_AUDIT_REQUIRED_LATER
612,COVAPIE_CYS_SG_EVENT_V1:3VYP:B:CYS:354-:SG:F:MXR:C1,3VYP,MXR,true,true,true,false,true,true,true,true,true,false,false,CURRENTLY_UNREVIEWED,true,COVAPIE_BULK_REVIEW_UNIT_58CECA1BDCAD42A4,CURRENTLY_UNREVIEWED,false,data/derived/covalent_small/covapie_bulk_cys_sg_model_usable_auto_admission_scaleup_v1/covapie_bulk_cys_sg_priority_human_review_queue_v1.csv,UNRESOLVED,,UNRESOLVED,,UNRESOLVED,false,true,false,false,false,NOT_ESTABLISHED,false,null,false,false,false,false,false,false,false,,false,false,,,FEATURE_SEMANTICS_AUDIT_REQUIRED_LATER
613,COVAPIE_CYS_SG_EVENT_V1:3W2P:A:CYS:797-:SG:B:W2P:C35,3W2P,W2P,true,false,false,false,false,false,false,false,false,false,false,STRUCTURAL_EVIDENCE_INCOMPLETE,false,,NOT_IN_HUMAN_REVIEW_POPULATION,false,,UNRESOLVED,,UNRESOLVED,,UNRESOLVED,false,false,false,false,false,NOT_ESTABLISHED,false,null,false,false,false,false,false,false,false,,false,false,,,FEATURE_SEMANTICS_AUDIT_REQUIRED_LATER
614,COVAPIE_CYS_SG_EVENT_V1:3W2Q:A:CYS:797-:SG:B:HKI:CBT,3W2Q,HKI,true,false,false,false,false,false,false,false,false,false,false,STRUCTURAL_EVIDENCE_INCOMPLETE,false,,NOT_IN_HUMAN_REVIEW_POPULATION,false,,UNRESOLVED,,UNRESOLVED,,UNRESOLVED,false,false,false,false,false,NOT_ESTABLISHED,false,null,false,false,false,false,false,false,false,,false,false,,,FEATURE_SEMANTICS_AUDIT_REQUIRED_LATER
615,COVAPIE_CYS_SG_EVENT_V1:3WJC:A:CYS:96-:SG:C:RMD:C2A,3WJC,RMD,false,false,false,false,false,false,false,false,false,false,false,STRUCTURAL_EVIDENCE_INCOMPLETE,false,,NOT_IN_HUMAN_REVIEW_POPULATION,false,,UNRESOLVED,,UNRESOLVED,,UNRESOLVED,false,false,false,false,false,NOT_ESTABLISHED,false,null,false,false,false,false,false,false,false,,false,false,,,FEATURE_SEMANTICS_AUDIT_REQUIRED_LATER
616,COVAPIE_CYS_SG_EVENT_V1:3WJC:B:CYS:96-:SG:F:RMD:C2A,3WJC,RMD,false,false,false,false,false,false,false,false,false,false,false,STRUCTURAL_EVIDENCE_INCOMPLETE,false,,NOT_IN_HUMAN_REVIEW_POPULATION,false,,UNRESOLVED,,UNRESOLVED,,UNRESOLVED,false,false,false,false,false,NOT_ESTABLISHED,false,null,false,false,false,false,false,false,false,,false,false,,,FEATURE_SEMANTICS_AUDIT_REQUIRED_LATER
617,COVAPIE_CYS_SG_EVENT_V1:3X1H:A:CYS:285-:SG:C:5OX:C15,3X1H,5OX,true,true,true,false,true,true,true,true,true,false,false,CURRENTLY_UNREVIEWED,true,COVAPIE_BULK_REVIEW_UNIT_845FED011149B693,CURRENTLY_UNREVIEWED,false,data/derived/covalent_small/covapie_bulk_cys_sg_model_usable_auto_admission_scaleup_v1/covapie_bulk_cys_sg_priority_human_review_queue_v1.csv,UNRESOLVED,,UNRESOLVED,,UNRESOLVED,false,true,false,false,false,NOT_ESTABLISHED,false,null,false,false,false,false,false,false,false,,false,false,,,FEATURE_SEMANTICS_AUDIT_REQUIRED_LATER
618,COVAPIE_CYS_SG_EVENT_V1:3X1H:B:CYS:285-:SG:D:5OX:C15,3X1H,5OX,true,true,true,false,true,true,true,true,true,false,false,CURRENTLY_UNREVIEWED,true,COVAPIE_BULK_REVIEW_UNIT_845FED011149B693,CURRENTLY_UNREVIEWED,false,data/derived/covalent_small/covapie_bulk_cys_sg_model_usable_auto_admission_scaleup_v1/covapie_bulk_cys_sg_priority_human_review_queue_v1.csv,UNRESOLVED,,UNRESOLVED,,UNRESOLVED,false,true,false,false,false,NOT_ESTABLISHED,false,null,false,false,false,false,false,false,false,,false,false,,,FEATURE_SEMANTICS_AUDIT_REQUIRED_LATER
619,COVAPIE_CYS_SG_EVENT_V1:3X1I:A:CYS:285-:SG:C:66B:C15,3X1I,66B,true,true,true,false,true,true,true,true,true,false,false,CURRENTLY_UNREVIEWED,true,COVAPIE_BULK_REVIEW_UNIT_BDF8A958BEDF5181,CURRENTLY_UNREVIEWED,false,data/derived/covalent_small/covapie_bulk_cys_sg_model_usable_auto_admission_scaleup_v1/covapie_bulk_cys_sg_priority_human_review_queue_v1.csv,UNRESOLVED,,UNRESOLVED,,UNRESOLVED,false,true,false,false,false,NOT_ESTABLISHED,false,null,false,false,false,false,false,false,false,,false,false,,,FEATURE_SEMANTICS_AUDIT_REQUIRED_LATER
620,COVAPIE_CYS_SG_EVENT_V1:3X1I:B:CYS:285-:SG:D:66B:C15,3X1I,66B,true,true,true,false,true,true,true,true,true,false,false,CURRENTLY_UNREVIEWED,true,COVAPIE_BULK_REVIEW_UNIT_BDF8A958BEDF5181,CURRENTLY_UNREVIEWED,false,data/derived/covalent_small/covapie_bulk_cys_sg_model_usable_auto_admission_scaleup_v1/covapie_bulk_cys_sg_priority_human_review_queue_v1.csv,UNRESOLVED,,UNRESOLVED,,UNRESOLVED,false,true,false,false,false,NOT_ESTABLISHED,false,null,false,false,false,false,false,false,false,,false,false,,,FEATURE_SEMANTICS_AUDIT_REQUIRED_LATER
621,COVAPIE_CYS_SG_EVENT_V1:3ZGP:A:CYS:442-:SG:B:1RG:CAA,3ZGP,1RG,true,false,false,false,false,false,false,false,false,false,false,STRUCTURAL_EVIDENCE_INCOMPLETE,false,,NOT_IN_HUMAN_REVIEW_POPULATION,false,,UNRESOLVED,,UNRESOLVED,,UNRESOLVED,false,false,false,false,false,NOT_ESTABLISHED,false,null,false,false,false,false,false,false,false,,false,false,,,FEATURE_SEMANTICS_AUDIT_REQUIRED_LATER
622,COVAPIE_CYS_SG_EVENT_V1:3ZIM:A:CYS:862-:SG:B:KKR:C2,3ZIM,KKR,true,false,false,false,false,false,false,false,false,false,false,STRUCTURAL_EVIDENCE_INCOMPLETE,false,,NOT_IN_HUMAN_REVIEW_POPULATION,false,,UNRESOLVED,,UNRESOLVED,,UNRESOLVED,false,false,false,false,false,NOT_ESTABLISHED,false,null,false,false,false,false,false,false,false,,false,false,,,FEATURE_SEMANTICS_AUDIT_REQUIRED_LATER
623,COVAPIE_CYS_SG_EVENT_V1:3ZV9:A:CYS:147-:SG:B:G74:C63,3ZV9,G74,true,false,false,false,false,false,false,false,false,false,false,STRUCTURAL_EVIDENCE_INCOMPLETE,false,,NOT_IN_HUMAN_REVIEW_POPULATION,false,,UNRESOLVED,,UNRESOLVED,,UNRESOLVED,false,false,false,false,false,NOT_ESTABLISHED,false,null,false,false,false,false,false,false,false,,false,false,,,FEATURE_SEMANTICS_AUDIT_REQUIRED_LATER
624,COVAPIE_CYS_SG_EVENT_V1:3ZVA:A:CYS:147-:SG:B:G75:C63,3ZVA,G75,true,false,false,false,false,false,false,false,false,false,false,STRUCTURAL_EVIDENCE_INCOMPLETE,false,,NOT_IN_HUMAN_REVIEW_POPULATION,false,,UNRESOLVED,,UNRESOLVED,,UNRESOLVED,false,false,false,false,false,NOT_ESTABLISHED,false,null,false,false,false,false,false,false,false,,false,false,,,FEATURE_SEMANTICS_AUDIT_REQUIRED_LATER
625,COVAPIE_CYS_SG_EVENT_V1:3ZVB:A:CYS:147-:SG:B:G81:C63,3ZVB,G81,true,false,false,false,false,false,false,false,false,false,false,STRUCTURAL_EVIDENCE_INCOMPLETE,false,,NOT_IN_HUMAN_REVIEW_POPULATION,false,,UNRESOLVED,,UNRESOLVED,,UNRESOLVED,false,false,false,false,false,NOT_ESTABLISHED,false,null,false,false,false,false,false,false,false,,false,false,,,FEATURE_SEMANTICS_AUDIT_REQUIRED_LATER
626,COVAPIE_CYS_SG_EVENT_V1:3ZVC:A:CYS:147-:SG:B:G82:C63,3ZVC,G82,true,false,false,false,false,false,false,false,false,false,false,STRUCTURAL_EVIDENCE_INCOMPLETE,false,,NOT_IN_HUMAN_REVIEW_POPULATION,false,,UNRESOLVED,,UNRESOLVED,,UNRESOLVED,false,false,false,false,false,NOT_ESTABLISHED,false,null,false,false,false,false,false,false,false,,false,false,,,FEATURE_SEMANTICS_AUDIT_REQUIRED_LATER
627,COVAPIE_CYS_SG_EVENT_V1:3ZVD:A:CYS:147-:SG:B:G83:C63,3ZVD,G83,true,false,false,false,false,false,false,false,false,false,false,STRUCTURAL_EVIDENCE_INCOMPLETE,false,,NOT_IN_HUMAN_REVIEW_POPULATION,false,,UNRESOLVED,,UNRESOLVED,,UNRESOLVED,false,false,false,false,false,NOT_ESTABLISHED,false,null,false,false,false,false,false,false,false,,false,false,,,FEATURE_SEMANTICS_AUDIT_REQUIRED_LATER
628,COVAPIE_CYS_SG_EVENT_V1:3ZVE:A:CYS:147-:SG:B:G84:C63,3ZVE,G84,true,false,false,false,false,false,false,false,false,false,false,STRUCTURAL_EVIDENCE_INCOMPLETE,false,,NOT_IN_HUMAN_REVIEW_POPULATION,false,,UNRESOLVED,,UNRESOLVED,,UNRESOLVED,false,false,false,false,false,NOT_ESTABLISHED,false,null,false,false,false,false,false,false,false,,false,false,,,FEATURE_SEMANTICS_AUDIT_REQUIRED_LATER
629,COVAPIE_CYS_SG_EVENT_V1:3ZVF:A:CYS:147-:SG:B:G85:C63,3ZVF,G85,true,false,false,false,false,false,false,false,false,false,false,STRUCTURAL_EVIDENCE_INCOMPLETE,false,,NOT_IN_HUMAN_REVIEW_POPULATION,false,,UNRESOLVED,,UNRESOLVED,,UNRESOLVED,false,false,false,false,false,NOT_ESTABLISHED,false,null,false,false,false,false,false,false,false,,false,false,,,FEATURE_SEMANTICS_AUDIT_REQUIRED_LATER
630,COVAPIE_CYS_SG_EVENT_V1:3ZVG:A:CYS:147-:SG:B:G86:C63,3ZVG,G86,true,false,false,false,false,false,false,false,false,false,false,STRUCTURAL_EVIDENCE_INCOMPLETE,false,,NOT_IN_HUMAN_REVIEW_POPULATION,false,,UNRESOLVED,,UNRESOLVED,,UNRESOLVED,false,false,false,false,false,NOT_ESTABLISHED,false,null,false,false,false,false,false,false,false,,false,false,,,FEATURE_SEMANTICS_AUDIT_REQUIRED_LATER
631,COVAPIE_CYS_SG_EVENT_V1:3ZZ5:A:CYS:147-:SG:B:G74:C63,3ZZ5,G74,true,false,false,false,false,false,false,false,false,false,false,STRUCTURAL_EVIDENCE_INCOMPLETE,false,,NOT_IN_HUMAN_REVIEW_POPULATION,false,,UNRESOLVED,,UNRESOLVED,,UNRESOLVED,false,false,false,false,false,NOT_ESTABLISHED,false,null,false,false,false,false,false,false,false,,false,false,,,FEATURE_SEMANTICS_AUDIT_REQUIRED_LATER
632,COVAPIE_CYS_SG_EVENT_V1:3ZZ6:A:CYS:147-:SG:B:G75:C63,3ZZ6,G75,true,false,false,false,false,false,false,false,false,false,false,STRUCTURAL_EVIDENCE_INCOMPLETE,false,,NOT_IN_HUMAN_REVIEW_POPULATION,false,,UNRESOLVED,,UNRESOLVED,,UNRESOLVED,false,false,false,false,false,NOT_ESTABLISHED,false,null,false,false,false,false,false,false,false,,false,false,,,FEATURE_SEMANTICS_AUDIT_REQUIRED_LATER
633,COVAPIE_CYS_SG_EVENT_V1:3ZZ7:A:CYS:147-:SG:B:G81:C63,3ZZ7,G81,true,false,false,false,false,false,false,false,false,false,false,STRUCTURAL_EVIDENCE_INCOMPLETE,false,,NOT_IN_HUMAN_REVIEW_POPULATION,false,,UNRESOLVED,,UNRESOLVED,,UNRESOLVED,false,false,false,false,false,NOT_ESTABLISHED,false,null,false,false,false,false,false,false,false,,false,false,,,FEATURE_SEMANTICS_AUDIT_REQUIRED_LATER
634,COVAPIE_CYS_SG_EVENT_V1:3ZZ8:A:CYS:147-:SG:B:G82:C63,3ZZ8,G82,true,false,false,false,false,false,false,false,false,false,false,STRUCTURAL_EVIDENCE_INCOMPLETE,false,,NOT_IN_HUMAN_REVIEW_POPULATION,false,,UNRESOLVED,,UNRESOLVED,,UNRESOLVED,false,false,false,false,false,NOT_ESTABLISHED,false,null,false,false,false,false,false,false,false,,false,false,,,FEATURE_SEMANTICS_AUDIT_REQUIRED_LATER
635,COVAPIE_CYS_SG_EVENT_V1:3ZZ9:A:CYS:147-:SG:B:G83:C63,3ZZ9,G83,true,false,false,false,false,false,false,false,false,false,false,STRUCTURAL_EVIDENCE_INCOMPLETE,false,,NOT_IN_HUMAN_REVIEW_POPULATION,false,,UNRESOLVED,,UNRESOLVED,,UNRESOLVED,false,false,false,false,false,NOT_ESTABLISHED,false,null,false,false,false,false,false,false,false,,false,false,,,FEATURE_SEMANTICS_AUDIT_REQUIRED_LATER
636,COVAPIE_CYS_SG_EVENT_V1:3ZZA:A:CYS:147-:SG:B:G84:C63,3ZZA,G84,true,false,false,false,false,false,false,false,false,false,false,STRUCTURAL_EVIDENCE_INCOMPLETE,false,,NOT_IN_HUMAN_REVIEW_POPULATION,false,,UNRESOLVED,,UNRESOLVED,,UNRESOLVED,false,false,false,false,false,NOT_ESTABLISHED,false,null,false,false,false,false,false,false,false,,false,false,,,FEATURE_SEMANTICS_AUDIT_REQUIRED_LATER
637,COVAPIE_CYS_SG_EVENT_V1:3ZZB:A:CYS:147-:SG:B:G85:C63,3ZZB,G85,true,false,false,false,false,false,false,false,false,false,false,STRUCTURAL_EVIDENCE_INCOMPLETE,false,,NOT_IN_HUMAN_REVIEW_POPULATION,false,,UNRESOLVED,,UNRESOLVED,,UNRESOLVED,false,false,false,false,false,NOT_ESTABLISHED,false,null,false,false,false,false,false,false,false,,false,false,,,FEATURE_SEMANTICS_AUDIT_REQUIRED_LATER
638,COVAPIE_CYS_SG_EVENT_V1:3ZZC:A:CYS:147-:SG:B:G83:C63,3ZZC,G83,true,false,false,false,false,false,false,false,false,false,false,STRUCTURAL_EVIDENCE_INCOMPLETE,false,,NOT_IN_HUMAN_REVIEW_POPULATION,false,,UNRESOLVED,,UNRESOLVED,,UNRESOLVED,false,false,false,false,false,NOT_ESTABLISHED,false,null,false,false,false,false,false,false,false,,false,false,,,FEATURE_SEMANTICS_AUDIT_REQUIRED_LATER
639,COVAPIE_CYS_SG_EVENT_V1:3ZZD:A:CYS:147-:SG:B:G85:C63,3ZZD,G85,true,false,false,false,false,false,false,false,false,false,false,STRUCTURAL_EVIDENCE_INCOMPLETE,false,,NOT_IN_HUMAN_REVIEW_POPULATION,false,,UNRESOLVED,,UNRESOLVED,,UNRESOLVED,false,false,false,false,false,NOT_ESTABLISHED,false,null,false,false,false,false,false,false,false,,false,false,,,FEATURE_SEMANTICS_AUDIT_REQUIRED_LATER
640,COVAPIE_CYS_SG_EVENT_V1:4A52:A:CYS:142-:SG:B:IM2:C7,4A52,IM2,true,false,false,false,false,false,false,false,false,false,false,STRUCTURAL_EVIDENCE_INCOMPLETE,false,,NOT_IN_HUMAN_REVIEW_POPULATION,false,,UNRESOLVED,,UNRESOLVED,,UNRESOLVED,false,false,false,false,false,NOT_ESTABLISHED,false,null,false,false,false,false,false,false,false,,false,false,,,FEATURE_SEMANTICS_AUDIT_REQUIRED_LATER
641,COVAPIE_CYS_SG_EVENT_V1:4AXM:A:CYS:25-:SG:H:V65:C1,4AXM,V65,true,true,true,false,true,true,true,true,true,false,false,LEAKAGE_EXISTING_GROUP_CONFLICT,false,,NOT_IN_HUMAN_REVIEW_POPULATION,false,,UNRESOLVED,,UNRESOLVED,,UNRESOLVED,false,true,false,false,false,NOT_ESTABLISHED,false,null,false,false,false,false,false,false,false,,false,false,,,FEATURE_SEMANTICS_AUDIT_REQUIRED_LATER
642,COVAPIE_CYS_SG_EVENT_V1:4AXM:B:CYS:25-:SG:J:V65:C1,4AXM,V65,true,true,true,false,true,true,true,true,true,false,false,LEAKAGE_EXISTING_GROUP_CONFLICT,false,,NOT_IN_HUMAN_REVIEW_POPULATION,false,,UNRESOLVED,,UNRESOLVED,,UNRESOLVED,false,true,false,false,false,NOT_ESTABLISHED,false,null,false,false,false,false,false,false,false,,false,false,,,FEATURE_SEMANTICS_AUDIT_REQUIRED_LATER
643,COVAPIE_CYS_SG_EVENT_V1:4AXM:F:CYS:25-:SG:R:V65:C1,4AXM,V65,true,true,true,false,true,true,true,true,true,false,false,LEAKAGE_EXISTING_GROUP_CONFLICT,false,,NOT_IN_HUMAN_REVIEW_POPULATION,false,,UNRESOLVED,,UNRESOLVED,,UNRESOLVED,false,true,false,false,false,NOT_ESTABLISHED,false,null,false,false,false,false,false,false,false,,false,false,,,FEATURE_SEMANTICS_AUDIT_REQUIRED_LATER
644,COVAPIE_CYS_SG_EVENT_V1:4BQV:A:CYS:147-:SG:I:8PW:C18,4BQV,8PW,true,true,true,false,true,true,true,true,true,false,false,LEAKAGE_EXISTING_GROUP_CONFLICT,false,,NOT_IN_HUMAN_REVIEW_POPULATION,false,,UNRESOLVED,,UNRESOLVED,,UNRESOLVED,false,true,false,false,false,NOT_ESTABLISHED,false,null,false,false,false,false,false,false,false,,false,false,,,FEATURE_SEMANTICS_AUDIT_REQUIRED_LATER
645,COVAPIE_CYS_SG_EVENT_V1:4BQV:B:CYS:147-:SG:J:8PW:C18,4BQV,8PW,true,true,true,false,true,true,true,true,true,false,false,LEAKAGE_EXISTING_GROUP_CONFLICT,false,,NOT_IN_HUMAN_REVIEW_POPULATION,false,,UNRESOLVED,,UNRESOLVED,,UNRESOLVED,false,true,false,false,false,NOT_ESTABLISHED,false,null,false,false,false,false,false,false,false,,false,false,,,FEATURE_SEMANTICS_AUDIT_REQUIRED_LATER
646,COVAPIE_CYS_SG_EVENT_V1:4BQV:C:CYS:147-:SG:K:8PW:C18,4BQV,8PW,true,true,true,false,true,true,true,true,true,false,false,LEAKAGE_EXISTING_GROUP_CONFLICT,false,,NOT_IN_HUMAN_REVIEW_POPULATION,false,,UNRESOLVED,,UNRESOLVED,,UNRESOLVED,false,true,false,false,false,NOT_ESTABLISHED,false,null,false,false,false,false,false,false,false,,false,false,,,FEATURE_SEMANTICS_AUDIT_REQUIRED_LATER
647,COVAPIE_CYS_SG_EVENT_V1:4BQV:D:CYS:147-:SG:L:8PW:C18,4BQV,8PW,true,true,true,false,true,true,true,true,true,false,false,LEAKAGE_EXISTING_GROUP_CONFLICT,false,,NOT_IN_HUMAN_REVIEW_POPULATION,false,,UNRESOLVED,,UNRESOLVED,,UNRESOLVED,false,true,false,false,false,NOT_ESTABLISHED,false,null,false,false,false,false,false,false,false,,false,false,,,FEATURE_SEMANTICS_AUDIT_REQUIRED_LATER
648,COVAPIE_CYS_SG_EVENT_V1:4BQV:E:CYS:147-:SG:M:8PW:C18,4BQV,8PW,true,true,true,false,true,true,true,true,true,false,false,LEAKAGE_EXISTING_GROUP_CONFLICT,false,,NOT_IN_HUMAN_REVIEW_POPULATION,false,,UNRESOLVED,,UNRESOLVED,,UNRESOLVED,false,true,false,false,false,NOT_ESTABLISHED,false,null,false,false,false,false,false,false,false,,false,false,,,FEATURE_SEMANTICS_AUDIT_REQUIRED_LATER
649,COVAPIE_CYS_SG_EVENT_V1:4BQV:F:CYS:147-:SG:N:8PW:C18,4BQV,8PW,true,true,true,false,true,true,true,true,true,false,false,LEAKAGE_EXISTING_GROUP_CONFLICT,false,,NOT_IN_HUMAN_REVIEW_POPULATION,false,,UNRESOLVED,,UNRESOLVED,,UNRESOLVED,false,true,false,false,false,NOT_ESTABLISHED,false,null,false,false,false,false,false,false,false,,false,false,,,FEATURE_SEMANTICS_AUDIT_REQUIRED_LATER
650,COVAPIE_CYS_SG_EVENT_V1:4BQV:G:CYS:147-:SG:O:8PW:C18,4BQV,8PW,true,true,true,false,true,true,true,true,true,false,false,LEAKAGE_EXISTING_GROUP_CONFLICT,false,,NOT_IN_HUMAN_REVIEW_POPULATION,false,,UNRESOLVED,,UNRESOLVED,,UNRESOLVED,false,true,false,false,false,NOT_ESTABLISHED,false,null,false,false,false,false,false,false,false,,false,false,,,FEATURE_SEMANTICS_AUDIT_REQUIRED_LATER
651,COVAPIE_CYS_SG_EVENT_V1:4BQV:H:CYS:147-:SG:P:8PW:C18,4BQV,8PW,true,true,true,false,true,true,true,true,true,false,false,LEAKAGE_EXISTING_GROUP_CONFLICT,false,,NOT_IN_HUMAN_REVIEW_POPULATION,false,,UNRESOLVED,,UNRESOLVED,,UNRESOLVED,false,true,false,false,false,NOT_ESTABLISHED,false,null,false,false,false,false,false,false,false,,false,false,,,FEATURE_SEMANTICS_AUDIT_REQUIRED_LATER
652,COVAPIE_CYS_SG_EVENT_V1:4BS5:A:CYS:147-:SG:B:MG2:C12,4BS5,MG2,true,true,true,false,true,true,true,true,true,false,false,LEAKAGE_EXISTING_GROUP_CONFLICT,false,,NOT_IN_HUMAN_REVIEW_POPULATION,false,,UNRESOLVED,,UNRESOLVED,,UNRESOLVED,false,true,false,false,false,NOT_ESTABLISHED,false,null,false,false,false,false,false,false,false,,false,false,,,FEATURE_SEMANTICS_AUDIT_REQUIRED_LATER
653,COVAPIE_CYS_SG_EVENT_V1:4BS6:A:CYS:147-:SG:D:JG7:C20,4BS6,JG7,true,true,true,false,true,true,true,true,true,false,false,LEAKAGE_EXISTING_GROUP_CONFLICT,false,,NOT_IN_HUMAN_REVIEW_POPULATION,false,,UNRESOLVED,,UNRESOLVED,,UNRESOLVED,false,true,false,false,false,NOT_ESTABLISHED,false,null,false,false,false,false,false,false,false,,false,false,,,FEATURE_SEMANTICS_AUDIT_REQUIRED_LATER
654,COVAPIE_CYS_SG_EVENT_V1:4BS6:B:CYS:147-:SG:E:JG7:C20,4BS6,JG7,true,true,true,false,true,true,true,true,true,false,false,LEAKAGE_EXISTING_GROUP_CONFLICT,false,,NOT_IN_HUMAN_REVIEW_POPULATION,false,,UNRESOLVED,,UNRESOLVED,,UNRESOLVED,false,true,false,false,false,NOT_ESTABLISHED,false,null,false,false,false,false,false,false,false,,false,false,,,FEATURE_SEMANTICS_AUDIT_REQUIRED_LATER
655,COVAPIE_CYS_SG_EVENT_V1:4BSQ:A:CYS:147-:SG:B:QQV:C14,4BSQ,QQV,true,true,true,false,true,true,true,true,true,false,false,LEAKAGE_EXISTING_GROUP_CONFLICT,false,,NOT_IN_HUMAN_REVIEW_POPULATION,false,,UNRESOLVED,,UNRESOLVED,,UNRESOLVED,false,true,false,false,false,NOT_ESTABLISHED,false,null,false,false,false,false,false,false,false,,false,false,,,FEATURE_SEMANTICS_AUDIT_REQUIRED_LATER
656,COVAPIE_CYS_SG_EVENT_V1:4C5L:A:CYS:110-:SG:E:UEG:C4A,4C5L,UEG,true,true,true,false,true,true,true,true,true,false,false,LEAKAGE_EXISTING_GROUP_CONFLICT,false,,NOT_IN_HUMAN_REVIEW_POPULATION,false,,UNRESOLVED,,UNRESOLVED,,UNRESOLVED,false,true,false,false,false,NOT_ESTABLISHED,false,null,false,false,false,false,false,false,false,,false,false,,,FEATURE_SEMANTICS_AUDIT_REQUIRED_LATER
657,COVAPIE_CYS_SG_EVENT_V1:4C5L:C:CYS:110-:SG:J:UEG:C4A,4C5L,UEG,true,true,true,false,true,true,true,true,true,false,false,LEAKAGE_EXISTING_GROUP_CONFLICT,false,,NOT_IN_HUMAN_REVIEW_POPULATION,false,,UNRESOLVED,,UNRESOLVED,,UNRESOLVED,false,true,false,false,false,NOT_ESTABLISHED,false,null,false,false,false,false,false,false,false,,false,false,,,FEATURE_SEMANTICS_AUDIT_REQUIRED_LATER
658,COVAPIE_CYS_SG_EVENT_V1:4C5L:D:CYS:110-:SG:K:UEG:C4A,4C5L,UEG,true,true,true,false,true,true,true,true,true,false,false,LEAKAGE_EXISTING_GROUP_CONFLICT,false,,NOT_IN_HUMAN_REVIEW_POPULATION,false,,UNRESOLVED,,UNRESOLVED,,UNRESOLVED,false,true,false,false,false,NOT_ESTABLISHED,false,null,false,false,false,false,false,false,false,,false,false,,,FEATURE_SEMANTICS_AUDIT_REQUIRED_LATER
659,COVAPIE_CYS_SG_EVENT_V1:4C5N:D:CYS:110-:SG:O:UEG:C4A,4C5N,UEG,true,false,false,false,false,false,false,false,false,false,false,STRUCTURAL_EVIDENCE_INCOMPLETE,false,,NOT_IN_HUMAN_REVIEW_POPULATION,false,,UNRESOLVED,,UNRESOLVED,,UNRESOLVED,false,false,false,false,false,NOT_ESTABLISHED,false,null,false,false,false,false,false,false,false,,false,false,,,FEATURE_SEMANTICS_AUDIT_REQUIRED_LATER
660,COVAPIE_CYS_SG_EVENT_V1:4CDC:B:CYS:234-:SG:N:6AO:C22,4CDC,6AO,true,true,true,false,true,true,true,true,true,false,false,LEAKAGE_EXISTING_GROUP_CONFLICT,false,,NOT_IN_HUMAN_REVIEW_POPULATION,false,,UNRESOLVED,,UNRESOLVED,,UNRESOLVED,false,true,false,false,false,NOT_ESTABLISHED,false,null,false,false,false,false,false,false,false,,false,false,,,FEATURE_SEMANTICS_AUDIT_REQUIRED_LATER
661,COVAPIE_CYS_SG_EVENT_V1:4CDC:E:CYS:234-:SG:S:6AO:C22,4CDC,6AO,true,true,true,false,true,true,true,true,true,false,false,LEAKAGE_EXISTING_GROUP_CONFLICT,false,,NOT_IN_HUMAN_REVIEW_POPULATION,false,,UNRESOLVED,,UNRESOLVED,,UNRESOLVED,false,true,false,false,false,NOT_ESTABLISHED,false,null,false,false,false,false,false,false,false,,false,false,,,FEATURE_SEMANTICS_AUDIT_REQUIRED_LATER
662,COVAPIE_CYS_SG_EVENT_V1:4CDC:H:CYS:234-:SG:X:6AO:C22,4CDC,6AO,true,true,true,false,true,true,true,true,true,false,false,LEAKAGE_EXISTING_GROUP_CONFLICT,false,,NOT_IN_HUMAN_REVIEW_POPULATION,false,,UNRESOLVED,,UNRESOLVED,,UNRESOLVED,false,true,false,false,false,NOT_ESTABLISHED,false,null,false,false,false,false,false,false,false,,false,false,,,FEATURE_SEMANTICS_AUDIT_REQUIRED_LATER
663,COVAPIE_CYS_SG_EVENT_V1:4CDC:K:CYS:234-:SG:BA:6AO:C22,4CDC,6AO,true,true,true,false,true,true,true,true,true,false,false,LEAKAGE_EXISTING_GROUP_CONFLICT,false,,NOT_IN_HUMAN_REVIEW_POPULATION,false,,UNRESOLVED,,UNRESOLVED,,UNRESOLVED,false,true,false,false,false,NOT_ESTABLISHED,false,null,false,false,false,false,false,false,false,,false,false,,,FEATURE_SEMANTICS_AUDIT_REQUIRED_LATER
664,COVAPIE_CYS_SG_EVENT_V1:4CDD:B:CYS:234-:SG:J:GDI:C11,4CDD,GDI,true,true,true,false,true,true,true,true,true,false,false,LEAKAGE_EXISTING_GROUP_CONFLICT,false,,NOT_IN_HUMAN_REVIEW_POPULATION,false,,UNRESOLVED,,UNRESOLVED,,UNRESOLVED,false,true,false,false,false,NOT_ESTABLISHED,false,null,false,false,false,false,false,false,false,,false,false,,,FEATURE_SEMANTICS_AUDIT_REQUIRED_LATER
665,COVAPIE_CYS_SG_EVENT_V1:4CDD:E:CYS:234-:SG:M:GDI:C11,4CDD,GDI,true,true,true,false,true,true,true,true,true,false,false,LEAKAGE_EXISTING_GROUP_CONFLICT,false,,NOT_IN_HUMAN_REVIEW_POPULATION,false,,UNRESOLVED,,UNRESOLVED,,UNRESOLVED,false,true,false,false,false,NOT_ESTABLISHED,false,null,false,false,false,false,false,false,false,,false,false,,,FEATURE_SEMANTICS_AUDIT_REQUIRED_LATER
666,COVAPIE_CYS_SG_EVENT_V1:4CDE:B:CYS:234-:SG:I:U6B:C9,4CDE,U6B,true,true,true,false,true,true,true,true,true,false,false,LEAKAGE_EXISTING_GROUP_CONFLICT,false,,NOT_IN_HUMAN_REVIEW_POPULATION,false,,UNRESOLVED,,UNRESOLVED,,UNRESOLVED,false,true,false,false,false,NOT_ESTABLISHED,false,null,false,false,false,false,false,false,false,,false,false,,,FEATURE_SEMANTICS_AUDIT_REQUIRED_LATER
667,COVAPIE_CYS_SG_EVENT_V1:4CDE:E:CYS:234-:SG:N:U6B:C9,4CDE,U6B,true,true,true,false,true,true,true,true,true,false,false,LEAKAGE_EXISTING_GROUP_CONFLICT,false,,NOT_IN_HUMAN_REVIEW_POPULATION,false,,UNRESOLVED,,UNRESOLVED,,UNRESOLVED,false,true,false,false,false,NOT_ESTABLISHED,false,null,false,false,false,false,false,false,false,,false,false,,,FEATURE_SEMANTICS_AUDIT_REQUIRED_LATER
668,COVAPIE_CYS_SG_EVENT_V1:4CDF:B:CYS:234-:SG:I:W2C:C9,4CDF,W2C,true,true,true,false,true,true,true,true,true,false,false,LEAKAGE_EXISTING_GROUP_CONFLICT,false,,NOT_IN_HUMAN_REVIEW_POPULATION,false,,UNRESOLVED,,UNRESOLVED,,UNRESOLVED,false,true,false,false,false,NOT_ESTABLISHED,false,null,false,false,false,false,false,false,false,,false,false,,,FEATURE_SEMANTICS_AUDIT_REQUIRED_LATER
669,COVAPIE_CYS_SG_EVENT_V1:4CDF:E:CYS:234-:SG:M:W2C:C9,4CDF,W2C,true,true,true,false,true,true,true,true,true,false,false,LEAKAGE_EXISTING_GROUP_CONFLICT,false,,NOT_IN_HUMAN_REVIEW_POPULATION,false,,UNRESOLVED,,UNRESOLVED,,UNRESOLVED,false,true,false,false,false,NOT_ESTABLISHED,false,null,false,false,false,false,false,false,false,,false,false,,,FEATURE_SEMANTICS_AUDIT_REQUIRED_LATER
670,COVAPIE_CYS_SG_EVENT_V1:4CL8:A:CYS:168-:SG:E:OZJ:CAF,4CL8,OZJ,true,true,true,false,true,true,true,true,true,false,false,COMPLETED_HUMAN_POSITIVE,true,COVAPIE_BULK_REVIEW_UNIT_18734D9C06222450,COMPLETED_HUMAN_POSITIVE,true,covapie-state/manual-review-aids/cumulative1000-high-yield-calibration-v1/OZJ_COVAPIE_BULK_REVIEW_UNIT_18734D9C06222450/formal-human-decision-v1/ozj_formal_human_decision_v1.json,POSITIVE,data/derived/covalent_small/covapie_ozj_completed_decision_ingestion_and_task_label_availability_v1/covapie_ozj_event_task_label_availability_v1.csv,RELEVANT,data/derived/covalent_small/covapie_ozj_completed_decision_ingestion_and_task_label_availability_v1/covapie_ozj_event_task_label_availability_v1.csv,INCLUDE,false,true,true,false,true,STRICT_LINKER_PRESENT_V1,true,"[0,1,2,3,4]",false,false,false,false,true,true,false,,false,false,false,data/derived/covalent_small/covapie_ozj_completed_decision_ingestion_and_task_label_availability_v1/covapie_ozj_event_task_label_availability_v1.csv,FEATURE_SEMANTICS_AUDIT_REQUIRED_LATER
671,COVAPIE_CYS_SG_EVENT_V1:4CL8:B:CYS:168-:SG:I:OZJ:CAF,4CL8,OZJ,true,true,true,false,true,true,true,true,true,false,false,COMPLETED_HUMAN_POSITIVE,true,COVAPIE_BULK_REVIEW_UNIT_18734D9C06222450,COMPLETED_HUMAN_POSITIVE,true,covapie-state/manual-review-aids/cumulative1000-high-yield-calibration-v1/OZJ_COVAPIE_BULK_REVIEW_UNIT_18734D9C06222450/formal-human-decision-v1/ozj_formal_human_decision_v1.json,POSITIVE,data/derived/covalent_small/covapie_ozj_completed_decision_ingestion_and_task_label_availability_v1/covapie_ozj_event_task_label_availability_v1.csv,RELEVANT,data/derived/covalent_small/covapie_ozj_completed_decision_ingestion_and_task_label_availability_v1/covapie_ozj_event_task_label_availability_v1.csv,INCLUDE,false,true,true,false,true,STRICT_LINKER_PRESENT_V1,true,"[0,1,2,3,4]",false,false,false,false,true,true,false,,false,false,false,data/derived/covalent_small/covapie_ozj_completed_decision_ingestion_and_task_label_availability_v1/covapie_ozj_event_task_label_availability_v1.csv,FEATURE_SEMANTICS_AUDIT_REQUIRED_LATER
672,COVAPIE_CYS_SG_EVENT_V1:4CL8:C:CYS:168-:SG:L:OZJ:CAF,4CL8,OZJ,true,true,true,false,true,true,true,true,true,false,false,COMPLETED_HUMAN_POSITIVE,true,COVAPIE_BULK_REVIEW_UNIT_18734D9C06222450,COMPLETED_HUMAN_POSITIVE,true,covapie-state/manual-review-aids/cumulative1000-high-yield-calibration-v1/OZJ_COVAPIE_BULK_REVIEW_UNIT_18734D9C06222450/formal-human-decision-v1/ozj_formal_human_decision_v1.json,POSITIVE,data/derived/covalent_small/covapie_ozj_completed_decision_ingestion_and_task_label_availability_v1/covapie_ozj_event_task_label_availability_v1.csv,RELEVANT,data/derived/covalent_small/covapie_ozj_completed_decision_ingestion_and_task_label_availability_v1/covapie_ozj_event_task_label_availability_v1.csv,INCLUDE,false,true,true,false,true,STRICT_LINKER_PRESENT_V1,true,"[0,1,2,3,4]",false,false,false,false,true,true,false,,false,false,false,data/derived/covalent_small/covapie_ozj_completed_decision_ingestion_and_task_label_availability_v1/covapie_ozj_event_task_label_availability_v1.csv,FEATURE_SEMANTICS_AUDIT_REQUIRED_LATER
673,COVAPIE_CYS_SG_EVENT_V1:4CL8:D:CYS:168-:SG:O:OZJ:CAF,4CL8,OZJ,true,true,true,false,true,true,true,true,true,false,false,COMPLETED_HUMAN_POSITIVE,true,COVAPIE_BULK_REVIEW_UNIT_18734D9C06222450,COMPLETED_HUMAN_POSITIVE,true,covapie-state/manual-review-aids/cumulative1000-high-yield-calibration-v1/OZJ_COVAPIE_BULK_REVIEW_UNIT_18734D9C06222450/formal-human-decision-v1/ozj_formal_human_decision_v1.json,POSITIVE,data/derived/covalent_small/covapie_ozj_completed_decision_ingestion_and_task_label_availability_v1/covapie_ozj_event_task_label_availability_v1.csv,RELEVANT,data/derived/covalent_small/covapie_ozj_completed_decision_ingestion_and_task_label_availability_v1/covapie_ozj_event_task_label_availability_v1.csv,INCLUDE,false,true,true,false,true,STRICT_LINKER_PRESENT_V1,true,"[0,1,2,3,4]",false,false,false,false,true,true,false,,false,false,false,data/derived/covalent_small/covapie_ozj_completed_decision_ingestion_and_task_label_availability_v1/covapie_ozj_event_task_label_availability_v1.csv,FEATURE_SEMANTICS_AUDIT_REQUIRED_LATER
674,COVAPIE_CYS_SG_EVENT_V1:4CM5:A:CYS:168-:SG:F:NWJ:CAV,4CM5,NWJ,true,true,true,false,true,true,true,true,true,false,false,CURRENTLY_UNREVIEWED,true,COVAPIE_BULK_REVIEW_UNIT_DE7AFABE9D079CDF,CURRENTLY_UNREVIEWED,false,data/derived/covalent_small/covapie_bulk_cys_sg_model_usable_auto_admission_scaleup_v1/covapie_bulk_cys_sg_priority_human_review_queue_v1.csv,UNRESOLVED,,UNRESOLVED,,UNRESOLVED,false,true,false,false,false,NOT_ESTABLISHED,false,null,false,false,false,false,false,false,false,,false,false,,,FEATURE_SEMANTICS_AUDIT_REQUIRED_LATER
675,COVAPIE_CYS_SG_EVENT_V1:4CM5:B:CYS:168-:SG:H:NWJ:CAV,4CM5,NWJ,true,true,true,false,true,true,true,true,true,false,false,CURRENTLY_UNREVIEWED,true,COVAPIE_BULK_REVIEW_UNIT_DE7AFABE9D079CDF,CURRENTLY_UNREVIEWED,false,data/derived/covalent_small/covapie_bulk_cys_sg_model_usable_auto_admission_scaleup_v1/covapie_bulk_cys_sg_priority_human_review_queue_v1.csv,UNRESOLVED,,UNRESOLVED,,UNRESOLVED,false,true,false,false,false,NOT_ESTABLISHED,false,null,false,false,false,false,false,false,false,,false,false,,,FEATURE_SEMANTICS_AUDIT_REQUIRED_LATER
676,COVAPIE_CYS_SG_EVENT_V1:4CM5:C:CYS:168-:SG:J:NWJ:CAV,4CM5,NWJ,true,true,true,false,true,true,true,true,true,false,false,CURRENTLY_UNREVIEWED,true,COVAPIE_BULK_REVIEW_UNIT_DE7AFABE9D079CDF,CURRENTLY_UNREVIEWED,false,data/derived/covalent_small/covapie_bulk_cys_sg_model_usable_auto_admission_scaleup_v1/covapie_bulk_cys_sg_priority_human_review_queue_v1.csv,UNRESOLVED,,UNRESOLVED,,UNRESOLVED,false,true,false,false,false,NOT_ESTABLISHED,false,null,false,false,false,false,false,false,false,,false,false,,,FEATURE_SEMANTICS_AUDIT_REQUIRED_LATER
677,COVAPIE_CYS_SG_EVENT_V1:4CM5:D:CYS:168-:SG:L:NWJ:CAV,4CM5,NWJ,true,true,true,false,true,true,true,true,true,false,false,CURRENTLY_UNREVIEWED,true,COVAPIE_BULK_REVIEW_UNIT_DE7AFABE9D079CDF,CURRENTLY_UNREVIEWED,false,data/derived/covalent_small/covapie_bulk_cys_sg_model_usable_auto_admission_scaleup_v1/covapie_bulk_cys_sg_priority_human_review_queue_v1.csv,UNRESOLVED,,UNRESOLVED,,UNRESOLVED,false,true,false,false,false,NOT_ESTABLISHED,false,null,false,false,false,false,false,false,false,,false,false,,,FEATURE_SEMANTICS_AUDIT_REQUIRED_LATER
678,COVAPIE_CYS_SG_EVENT_V1:4CYG:A:CYS:211-:SG:D:RRV:C12,4CYG,RRV,true,true,true,false,true,true,true,true,true,false,false,LEAKAGE_EXISTING_GROUP_CONFLICT,false,,NOT_IN_HUMAN_REVIEW_POPULATION,false,,UNRESOLVED,,UNRESOLVED,,UNRESOLVED,false,true,false,false,false,NOT_ESTABLISHED,false,null,false,false,false,false,false,false,false,,false,false,,,FEATURE_SEMANTICS_AUDIT_REQUIRED_LATER
679,COVAPIE_CYS_SG_EVENT_V1:4CYG:B:CYS:211-:SG:J:RRV:C12,4CYG,RRV,true,true,true,false,true,true,true,true,true,false,false,LEAKAGE_EXISTING_GROUP_CONFLICT,false,,NOT_IN_HUMAN_REVIEW_POPULATION,false,,UNRESOLVED,,UNRESOLVED,,UNRESOLVED,false,true,false,false,false,NOT_ESTABLISHED,false,null,false,false,false,false,false,false,false,,false,false,,,FEATURE_SEMANTICS_AUDIT_REQUIRED_LATER
680,COVAPIE_CYS_SG_EVENT_V1:4D8E:A:CYS:192-:SG:B:E64:C2,4D8E,E64,true,false,false,false,false,false,false,false,false,false,false,STRUCTURAL_EVIDENCE_INCOMPLETE,false,,NOT_IN_HUMAN_REVIEW_POPULATION,false,,UNRESOLVED,,UNRESOLVED,,UNRESOLVED,false,false,false,false,false,NOT_ESTABLISHED,false,null,false,false,false,false,false,false,false,,false,false,,,FEATURE_SEMANTICS_AUDIT_REQUIRED_LATER
681,COVAPIE_CYS_SG_EVENT_V1:4D9U:A:CYS:436-:SG:B:0JH:C11,4D9U,0JH,true,true,true,false,true,true,true,true,true,false,false,CURRENTLY_UNREVIEWED,true,COVAPIE_BULK_REVIEW_UNIT_B741810967D3C99C,CURRENTLY_UNREVIEWED,false,data/derived/covalent_small/covapie_bulk_cys_sg_model_usable_auto_admission_scaleup_v1/covapie_bulk_cys_sg_priority_human_review_queue_v1.csv,UNRESOLVED,,UNRESOLVED,,UNRESOLVED,false,true,false,false,false,NOT_ESTABLISHED,false,null,false,false,false,false,false,false,false,,false,false,,,FEATURE_SEMANTICS_AUDIT_REQUIRED_LATER
682,COVAPIE_CYS_SG_EVENT_V1:4DMX:A:CYS:25-:SG:B:0LB:C28,4DMX,0LB,true,true,true,false,true,true,true,true,true,false,false,LEAKAGE_EXISTING_GROUP_CONFLICT,false,,NOT_IN_HUMAN_REVIEW_POPULATION,false,,UNRESOLVED,,UNRESOLVED,,UNRESOLVED,false,true,false,false,false,NOT_ESTABLISHED,false,null,false,false,false,false,false,false,false,,false,false,,,FEATURE_SEMANTICS_AUDIT_REQUIRED_LATER
683,COVAPIE_CYS_SG_EVENT_V1:4DMY:A:CYS:25-:SG:C:0LC:C29,4DMY,0LC,true,true,true,false,true,true,true,true,true,false,false,CURRENTLY_UNREVIEWED,true,COVAPIE_BULK_REVIEW_UNIT_66D107A3E900A3B4,CURRENTLY_UNREVIEWED,false,data/derived/covalent_small/covapie_bulk_cys_sg_model_usable_auto_admission_scaleup_v1/covapie_bulk_cys_sg_priority_human_review_queue_v1.csv,UNRESOLVED,,UNRESOLVED,,UNRESOLVED,false,true,false,false,false,NOT_ESTABLISHED,false,null,false,false,false,false,false,false,false,,false,false,,,FEATURE_SEMANTICS_AUDIT_REQUIRED_LATER
684,COVAPIE_CYS_SG_EVENT_V1:4DMY:B:CYS:25-:SG:F:0LC:C29,4DMY,0LC,true,true,true,false,true,true,true,true,true,false,false,CURRENTLY_UNREVIEWED,true,COVAPIE_BULK_REVIEW_UNIT_66D107A3E900A3B4,CURRENTLY_UNREVIEWED,false,data/derived/covalent_small/covapie_bulk_cys_sg_model_usable_auto_admission_scaleup_v1/covapie_bulk_cys_sg_priority_human_review_queue_v1.csv,UNRESOLVED,,UNRESOLVED,,UNRESOLVED,false,true,false,false,false,NOT_ESTABLISHED,false,null,false,false,false,false,false,false,false,,false,false,,,FEATURE_SEMANTICS_AUDIT_REQUIRED_LATER
685,COVAPIE_CYS_SG_EVENT_V1:4EF8:A:CYS:150-:SG:D:0FI:C4,4EF8,0FI,true,true,true,false,true,true,true,true,true,false,false,LEAKAGE_EXISTING_GROUP_CONFLICT,false,,NOT_IN_HUMAN_REVIEW_POPULATION,false,,UNRESOLVED,,UNRESOLVED,,UNRESOLVED,false,true,false,false,false,NOT_ESTABLISHED,false,null,false,false,false,false,false,false,false,,false,false,,,FEATURE_SEMANTICS_AUDIT_REQUIRED_LATER
686,COVAPIE_CYS_SG_EVENT_V1:4EF8:B:CYS:150-:SG:H:0FI:C4,4EF8,0FI,true,true,true,false,true,true,true,true,true,false,false,LEAKAGE_EXISTING_GROUP_CONFLICT,false,,NOT_IN_HUMAN_REVIEW_POPULATION,false,,UNRESOLVED,,UNRESOLVED,,UNRESOLVED,false,true,false,false,false,NOT_ESTABLISHED,false,null,false,false,false,false,false,false,false,,false,false,,,FEATURE_SEMANTICS_AUDIT_REQUIRED_LATER
687,COVAPIE_CYS_SG_EVENT_V1:4EF9:A:CYS:150-:SG:C:4NF:C4,4EF9,4NF,true,true,true,false,true,true,true,true,true,false,false,LEAKAGE_EXISTING_GROUP_CONFLICT,false,,NOT_IN_HUMAN_REVIEW_POPULATION,false,,UNRESOLVED,,UNRESOLVED,,UNRESOLVED,false,true,false,false,false,NOT_ESTABLISHED,false,null,false,false,false,false,false,false,false,,false,false,,,FEATURE_SEMANTICS_AUDIT_REQUIRED_LATER
688,COVAPIE_CYS_SG_EVENT_V1:4EF9:B:CYS:150-:SG:K:4NF:C4,4EF9,4NF,true,true,true,false,true,true,true,true,true,false,false,LEAKAGE_EXISTING_GROUP_CONFLICT,false,,NOT_IN_HUMAN_REVIEW_POPULATION,false,,UNRESOLVED,,UNRESOLVED,,UNRESOLVED,false,true,false,false,false,NOT_ESTABLISHED,false,null,false,false,false,false,false,false,false,,false,false,,,FEATURE_SEMANTICS_AUDIT_REQUIRED_LATER
689,COVAPIE_CYS_SG_EVENT_V1:4ETP:B:CYS:355-:SG:J:EBC:C1,4ETP,EBC,true,true,true,false,true,true,true,true,true,true,false,QUARANTINE_REPRESENTATION_GAP,false,,NOT_IN_HUMAN_REVIEW_POPULATION,false,,UNRESOLVED,,UNRESOLVED,,UNRESOLVED,false,true,false,false,false,NOT_ESTABLISHED,false,null,false,false,false,false,false,false,false,,false,false,,,FEATURE_SEMANTICS_AUDIT_REQUIRED_LATER
690,COVAPIE_CYS_SG_EVENT_V1:4ETP:B:CYS:423-:SG:J:EBC:C8,4ETP,EBC,true,true,true,false,true,true,true,true,true,true,false,QUARANTINE_REPRESENTATION_GAP,false,,NOT_IN_HUMAN_REVIEW_POPULATION,false,,UNRESOLVED,,UNRESOLVED,,UNRESOLVED,false,true,false,false,false,NOT_ESTABLISHED,false,null,false,false,false,false,false,false,false,,false,false,,,FEATURE_SEMANTICS_AUDIT_REQUIRED_LATER
691,COVAPIE_CYS_SG_EVENT_V1:4F8B:B:CYS:55-:SG:F:GD1:C77,4F8B,GD1,true,true,true,false,true,true,true,true,true,false,false,CURRENTLY_UNREVIEWED,true,COVAPIE_BULK_REVIEW_UNIT_9FFA5A52A3113C6E,CURRENTLY_UNREVIEWED,false,data/derived/covalent_small/covapie_bulk_cys_sg_model_usable_auto_admission_scaleup_v1/covapie_bulk_cys_sg_priority_human_review_queue_v1.csv,UNRESOLVED,,UNRESOLVED,,UNRESOLVED,false,true,false,false,false,NOT_ESTABLISHED,false,null,false,false,false,false,false,false,false,,false,false,,,FEATURE_SEMANTICS_AUDIT_REQUIRED_LATER
692,COVAPIE_CYS_SG_EVENT_V1:4F8B:C:CYS:55-:SG:I:GD1:C77,4F8B,GD1,true,true,true,false,true,true,true,true,true,false,false,CURRENTLY_UNREVIEWED,true,COVAPIE_BULK_REVIEW_UNIT_9FFA5A52A3113C6E,CURRENTLY_UNREVIEWED,false,data/derived/covalent_small/covapie_bulk_cys_sg_model_usable_auto_admission_scaleup_v1/covapie_bulk_cys_sg_priority_human_review_queue_v1.csv,UNRESOLVED,,UNRESOLVED,,UNRESOLVED,false,true,false,false,false,NOT_ESTABLISHED,false,null,false,false,false,false,false,false,false,,false,false,,,FEATURE_SEMANTICS_AUDIT_REQUIRED_LATER
693,COVAPIE_CYS_SG_EVENT_V1:4F8B:D:CYS:55-:SG:K:GD1:C77,4F8B,GD1,true,true,true,false,true,true,true,true,true,false,false,CURRENTLY_UNREVIEWED,true,COVAPIE_BULK_REVIEW_UNIT_9FFA5A52A3113C6E,CURRENTLY_UNREVIEWED,false,data/derived/covalent_small/covapie_bulk_cys_sg_model_usable_auto_admission_scaleup_v1/covapie_bulk_cys_sg_priority_human_review_queue_v1.csv,UNRESOLVED,,UNRESOLVED,,UNRESOLVED,false,true,false,false,false,NOT_ESTABLISHED,false,null,false,false,false,false,false,false,false,,false,false,,,FEATURE_SEMANTICS_AUDIT_REQUIRED_LATER
694,COVAPIE_CYS_SG_EVENT_V1:4F8B:E:CYS:55-:SG:N:GD1:C77,4F8B,GD1,true,true,true,false,true,true,true,true,true,false,false,CURRENTLY_UNREVIEWED,true,COVAPIE_BULK_REVIEW_UNIT_9FFA5A52A3113C6E,CURRENTLY_UNREVIEWED,false,data/derived/covalent_small/covapie_bulk_cys_sg_model_usable_auto_admission_scaleup_v1/covapie_bulk_cys_sg_priority_human_review_queue_v1.csv,UNRESOLVED,,UNRESOLVED,,UNRESOLVED,false,true,false,false,false,NOT_ESTABLISHED,false,null,false,false,false,false,false,false,false,,false,false,,,FEATURE_SEMANTICS_AUDIT_REQUIRED_LATER
695,COVAPIE_CYS_SG_EVENT_V1:4FDN:A:CYS:387-:SG:C:0T4:N8,4FDN,0T4,true,false,false,false,false,false,false,false,false,false,false,STRUCTURAL_EVIDENCE_INCOMPLETE,false,,NOT_IN_HUMAN_REVIEW_POPULATION,false,,UNRESOLVED,,UNRESOLVED,,UNRESOLVED,false,false,false,false,false,NOT_ESTABLISHED,false,null,false,false,false,false,false,false,false,,false,false,,,FEATURE_SEMANTICS_AUDIT_REQUIRED_LATER
696,COVAPIE_CYS_SG_EVENT_V1:4FF6:A:CYS:387-:SG:D:0T4:N8,4FF6,0T4,true,false,false,false,false,false,false,false,false,false,false,STRUCTURAL_EVIDENCE_INCOMPLETE,false,,NOT_IN_HUMAN_REVIEW_POPULATION,false,,UNRESOLVED,,UNRESOLVED,,UNRESOLVED,false,false,false,false,false,NOT_ESTABLISHED,false,null,false,false,false,false,false,false,false,,false,false,,,FEATURE_SEMANTICS_AUDIT_REQUIRED_LATER
697,COVAPIE_CYS_SG_EVENT_V1:4FQF:A:CYS:302-:SG:E:2NO:N,4FQF,2NO,true,true,true,false,true,true,true,true,true,false,false,LEAKAGE_EXISTING_GROUP_CONFLICT,false,,NOT_IN_HUMAN_REVIEW_POPULATION,false,,UNRESOLVED,,UNRESOLVED,,UNRESOLVED,false,true,false,false,false,NOT_ESTABLISHED,false,null,false,false,false,false,false,false,false,,false,false,,,FEATURE_SEMANTICS_AUDIT_REQUIRED_LATER
698,COVAPIE_CYS_SG_EVENT_V1:4FQF:B:CYS:302-:SG:L:2NO:N,4FQF,2NO,true,true,true,false,true,true,true,true,true,false,false,LEAKAGE_EXISTING_GROUP_CONFLICT,false,,NOT_IN_HUMAN_REVIEW_POPULATION,false,,UNRESOLVED,,UNRESOLVED,,UNRESOLVED,false,true,false,false,false,NOT_ESTABLISHED,false,null,false,false,false,false,false,false,false,,false,false,,,FEATURE_SEMANTICS_AUDIT_REQUIRED_LATER
699,COVAPIE_CYS_SG_EVENT_V1:4FQF:C:CYS:302-:SG:Q:2NO:N,4FQF,2NO,true,true,true,false,true,true,true,true,true,false,false,LEAKAGE_EXISTING_GROUP_CONFLICT,false,,NOT_IN_HUMAN_REVIEW_POPULATION,false,,UNRESOLVED,,UNRESOLVED,,UNRESOLVED,false,true,false,false,false,NOT_ESTABLISHED,false,null,false,false,false,false,false,false,false,,false,false,,,FEATURE_SEMANTICS_AUDIT_REQUIRED_LATER
700,COVAPIE_CYS_SG_EVENT_V1:4FQF:D:CYS:302-:SG:V:2NO:N,4FQF,2NO,true,true,true,false,true,true,true,true,true,false,false,LEAKAGE_EXISTING_GROUP_CONFLICT,false,,NOT_IN_HUMAN_REVIEW_POPULATION,false,,UNRESOLVED,,UNRESOLVED,,UNRESOLVED,false,true,false,false,false,NOT_ESTABLISHED,false,null,false,false,false,false,false,false,false,,false,false,,,FEATURE_SEMANTICS_AUDIT_REQUIRED_LATER
701,COVAPIE_CYS_SG_EVENT_V1:4G37:A:CYS:108-:SG:D:XLX:C3,4G37,XLX,true,true,true,false,true,true,true,true,true,true,false,QUARANTINE_REPRESENTATION_GAP,false,,NOT_IN_HUMAN_REVIEW_POPULATION,false,,UNRESOLVED,,UNRESOLVED,,UNRESOLVED,false,true,false,false,false,NOT_ESTABLISHED,false,null,false,false,false,false,false,false,false,,false,false,,,FEATURE_SEMANTICS_AUDIT_REQUIRED_LATER
702,COVAPIE_CYS_SG_EVENT_V1:4G37:A:CYS:447-:SG:D:XLX:C11,4G37,XLX,true,true,true,false,true,true,true,true,true,true,false,QUARANTINE_REPRESENTATION_GAP,false,,NOT_IN_HUMAN_REVIEW_POPULATION,false,,UNRESOLVED,,UNRESOLVED,,UNRESOLVED,false,true,false,false,false,NOT_ESTABLISHED,false,null,false,false,false,false,false,false,false,,false,false,,,FEATURE_SEMANTICS_AUDIT_REQUIRED_LATER
703,COVAPIE_CYS_SG_EVENT_V1:4G37:B:CYS:108-:SG:H:XLX:C3,4G37,XLX,true,true,true,false,true,true,true,true,true,true,false,QUARANTINE_REPRESENTATION_GAP,false,,NOT_IN_HUMAN_REVIEW_POPULATION,false,,UNRESOLVED,,UNRESOLVED,,UNRESOLVED,false,true,false,false,false,NOT_ESTABLISHED,false,null,false,false,false,false,false,false,false,,false,false,,,FEATURE_SEMANTICS_AUDIT_REQUIRED_LATER
704,COVAPIE_CYS_SG_EVENT_V1:4G37:B:CYS:447-:SG:H:XLX:C11,4G37,XLX,true,true,true,false,true,true,true,true,true,true,false,QUARANTINE_REPRESENTATION_GAP,false,,NOT_IN_HUMAN_REVIEW_POPULATION,false,,UNRESOLVED,,UNRESOLVED,,UNRESOLVED,false,true,false,false,false,NOT_ESTABLISHED,false,null,false,false,false,false,false,false,false,,false,false,,,FEATURE_SEMANTICS_AUDIT_REQUIRED_LATER
705,COVAPIE_CYS_SG_EVENT_V1:4G5J:A:CYS:797-:SG:B:0WN:C30,4G5J,0WN,true,false,false,false,false,false,false,false,false,false,false,STRUCTURAL_EVIDENCE_INCOMPLETE,false,,NOT_IN_HUMAN_REVIEW_POPULATION,false,,UNRESOLVED,,UNRESOLVED,,UNRESOLVED,false,false,false,false,false,NOT_ESTABLISHED,false,null,false,false,false,false,false,false,false,,false,false,,,FEATURE_SEMANTICS_AUDIT_REQUIRED_LATER
706,COVAPIE_CYS_SG_EVENT_V1:4G5P:A:CYS:797-:SG:C:0WN:C30,4G5P,0WN,true,false,false,false,false,false,false,false,false,false,false,STRUCTURAL_EVIDENCE_INCOMPLETE,false,,NOT_IN_HUMAN_REVIEW_POPULATION,false,,UNRESOLVED,,UNRESOLVED,,UNRESOLVED,false,false,false,false,false,NOT_ESTABLISHED,false,null,false,false,false,false,false,false,false,,false,false,,,FEATURE_SEMANTICS_AUDIT_REQUIRED_LATER
707,COVAPIE_CYS_SG_EVENT_V1:4GEV:A:CYS:146-:SG:C:UMC:C6,4GEV,UMC,true,true,true,false,true,true,true,true,true,false,false,CURRENTLY_UNREVIEWED,true,COVAPIE_BULK_REVIEW_UNIT_AFCA77A30B2F54B9,CURRENTLY_UNREVIEWED,false,data/derived/covalent_small/covapie_bulk_cys_sg_model_usable_auto_admission_scaleup_v1/covapie_bulk_cys_sg_priority_human_review_queue_v1.csv,UNRESOLVED,,UNRESOLVED,,UNRESOLVED,false,true,false,false,false,NOT_ESTABLISHED,false,null,false,false,false,false,false,false,false,,false,false,,,FEATURE_SEMANTICS_AUDIT_REQUIRED_LATER
708,COVAPIE_CYS_SG_EVENT_V1:4GEV:B:CYS:146-:SG:E:UMC:C6,4GEV,UMC,true,true,true,false,true,true,true,true,true,false,false,CURRENTLY_UNREVIEWED,true,COVAPIE_BULK_REVIEW_UNIT_AFCA77A30B2F54B9,CURRENTLY_UNREVIEWED,false,data/derived/covalent_small/covapie_bulk_cys_sg_model_usable_auto_admission_scaleup_v1/covapie_bulk_cys_sg_priority_human_review_queue_v1.csv,UNRESOLVED,,UNRESOLVED,,UNRESOLVED,false,true,false,false,false,NOT_ESTABLISHED,false,null,false,false,false,false,false,false,false,,false,false,,,FEATURE_SEMANTICS_AUDIT_REQUIRED_LATER
709,COVAPIE_CYS_SG_EVENT_V1:4GHT:A:CYS:147-:SG:C:AG7:C19,4GHT,AG7,true,true,true,false,true,true,true,true,true,false,false,LEAKAGE_EXISTING_GROUP_CONFLICT,false,,NOT_IN_HUMAN_REVIEW_POPULATION,false,,UNRESOLVED,,UNRESOLVED,,UNRESOLVED,false,true,false,false,false,NOT_ESTABLISHED,false,null,false,false,false,false,false,false,false,,false,false,,,FEATURE_SEMANTICS_AUDIT_REQUIRED_LATER
710,COVAPIE_CYS_SG_EVENT_V1:4GHT:B:CYS:147-:SG:D:AG7:C19,4GHT,AG7,true,true,true,false,true,true,true,true,true,false,false,LEAKAGE_EXISTING_GROUP_CONFLICT,false,,NOT_IN_HUMAN_REVIEW_POPULATION,false,,UNRESOLVED,,UNRESOLVED,,UNRESOLVED,false,true,false,false,false,NOT_ESTABLISHED,false,null,false,false,false,false,false,false,false,,false,false,,,FEATURE_SEMANTICS_AUDIT_REQUIRED_LATER
711,COVAPIE_CYS_SG_EVENT_V1:4GMX:C:CYS:539-:SG:G:K85:C3,4GMX,K85,true,true,true,false,true,true,true,true,true,false,false,CURRENTLY_UNREVIEWED,true,COVAPIE_BULK_REVIEW_UNIT_3C7F1C15E11A6C32,CURRENTLY_UNREVIEWED,false,data/derived/covalent_small/covapie_bulk_cys_sg_model_usable_auto_admission_scaleup_v1/covapie_bulk_cys_sg_priority_human_review_queue_v1.csv,UNRESOLVED,,UNRESOLVED,,UNRESOLVED,false,true,false,false,false,NOT_ESTABLISHED,false,null,false,false,false,false,false,false,false,,false,false,,,FEATURE_SEMANTICS_AUDIT_REQUIRED_LATER
712,COVAPIE_CYS_SG_EVENT_V1:4GPT:C:CYS:539-:SG:H:51K:C7,4GPT,51K,true,true,true,false,true,true,true,true,true,false,false,CURRENTLY_UNREVIEWED,true,COVAPIE_BULK_REVIEW_UNIT_F696D0EAB53E5FAA,CURRENTLY_UNREVIEWED,false,data/derived/covalent_small/covapie_bulk_cys_sg_model_usable_auto_admission_scaleup_v1/covapie_bulk_cys_sg_priority_human_review_queue_v1.csv,UNRESOLVED,,UNRESOLVED,,UNRESOLVED,false,true,false,false,false,NOT_ESTABLISHED,false,null,false,false,false,false,false,false,false,,false,false,,,FEATURE_SEMANTICS_AUDIT_REQUIRED_LATER
713,COVAPIE_CYS_SG_EVENT_V1:4GS6:A:CYS:174-:SG:L:1FM:C42,4GS6,1FM,true,false,false,false,false,false,false,false,false,false,false,STRUCTURAL_EVIDENCE_INCOMPLETE,false,,NOT_IN_HUMAN_REVIEW_POPULATION,false,,UNRESOLVED,,UNRESOLVED,,UNRESOLVED,false,false,false,false,false,NOT_ESTABLISHED,false,null,false,false,false,false,false,false,false,,false,false,,,FEATURE_SEMANTICS_AUDIT_REQUIRED_LATER
714,COVAPIE_CYS_SG_EVENT_V1:4GYL:A:CYS:166-:SG:B:ROP:CA,4GYL,ROP,true,false,false,false,false,false,false,false,false,false,false,STRUCTURAL_EVIDENCE_INCOMPLETE,false,,NOT_IN_HUMAN_REVIEW_POPULATION,false,,UNRESOLVED,,UNRESOLVED,,UNRESOLVED,false,false,false,false,false,NOT_ESTABLISHED,false,null,false,false,false,false,false,false,false,,false,false,,,FEATURE_SEMANTICS_AUDIT_REQUIRED_LATER
715,COVAPIE_CYS_SG_EVENT_V1:4HAT:C:CYS:539-:SG:G:LMB:C3,4HAT,LMB,true,true,true,false,true,true,true,true,true,false,false,CURRENTLY_UNREVIEWED,true,COVAPIE_BULK_REVIEW_UNIT_9C9E0519571BA9A5,CURRENTLY_UNREVIEWED,false,data/derived/covalent_small/covapie_bulk_cys_sg_model_usable_auto_admission_scaleup_v1/covapie_bulk_cys_sg_priority_human_review_queue_v1.csv,UNRESOLVED,,UNRESOLVED,,UNRESOLVED,false,true,false,false,false,NOT_ESTABLISHED,false,null,false,false,false,false,false,false,false,,false,false,,,FEATURE_SEMANTICS_AUDIT_REQUIRED_LATER
716,COVAPIE_CYS_SG_EVENT_V1:4HAU:C:CYS:539-:SG:H:RJA:C3,4HAU,RJA,true,true,true,false,true,true,true,true,true,false,false,CURRENTLY_UNREVIEWED,true,COVAPIE_BULK_REVIEW_UNIT_63503DFD57471268,CURRENTLY_UNREVIEWED,false,data/derived/covalent_small/covapie_bulk_cys_sg_model_usable_auto_admission_scaleup_v1/covapie_bulk_cys_sg_priority_human_review_queue_v1.csv,UNRESOLVED,,UNRESOLVED,,UNRESOLVED,false,true,false,false,false,NOT_ESTABLISHED,false,null,false,false,false,false,false,false,false,,false,false,,,FEATURE_SEMANTICS_AUDIT_REQUIRED_LATER
717,COVAPIE_CYS_SG_EVENT_V1:4HAV:C:CYS:539-:SG:G:AA8:C3,4HAV,AA8,true,true,true,false,true,true,true,true,true,false,false,CURRENTLY_UNREVIEWED,true,COVAPIE_BULK_REVIEW_UNIT_AAA86FEED2AFE2E6,CURRENTLY_UNREVIEWED,false,data/derived/covalent_small/covapie_bulk_cys_sg_model_usable_auto_admission_scaleup_v1/covapie_bulk_cys_sg_priority_human_review_queue_v1.csv,UNRESOLVED,,UNRESOLVED,,UNRESOLVED,false,true,false,false,false,NOT_ESTABLISHED,false,null,false,false,false,false,false,false,false,,false,false,,,FEATURE_SEMANTICS_AUDIT_REQUIRED_LATER
718,COVAPIE_CYS_SG_EVENT_V1:4HAW:C:CYS:539-:SG:H:LMB:C3,4HAW,LMB,true,true,true,false,true,true,true,true,true,false,false,CURRENTLY_UNREVIEWED,true,COVAPIE_BULK_REVIEW_UNIT_9C9E0519571BA9A5,CURRENTLY_UNREVIEWED,false,data/derived/covalent_small/covapie_bulk_cys_sg_model_usable_auto_admission_scaleup_v1/covapie_bulk_cys_sg_priority_human_review_queue_v1.csv,UNRESOLVED,,UNRESOLVED,,UNRESOLVED,false,true,false,false,false,NOT_ESTABLISHED,false,null,false,false,false,false,false,false,false,,false,false,,,FEATURE_SEMANTICS_AUDIT_REQUIRED_LATER
719,COVAPIE_CYS_SG_EVENT_V1:4HAY:C:CYS:539-:SG:G:LMB:C3,4HAY,LMB,true,true,true,false,true,true,true,true,true,false,false,CURRENTLY_UNREVIEWED,true,COVAPIE_BULK_REVIEW_UNIT_9C9E0519571BA9A5,CURRENTLY_UNREVIEWED,false,data/derived/covalent_small/covapie_bulk_cys_sg_model_usable_auto_admission_scaleup_v1/covapie_bulk_cys_sg_priority_human_review_queue_v1.csv,UNRESOLVED,,UNRESOLVED,,UNRESOLVED,false,true,false,false,false,NOT_ESTABLISHED,false,null,false,false,false,false,false,false,false,,false,false,,,FEATURE_SEMANTICS_AUDIT_REQUIRED_LATER
720,COVAPIE_CYS_SG_EVENT_V1:4HAZ:C:CYS:539-:SG:G:LBF:C3,4HAZ,LBF,true,true,true,false,true,true,true,true,true,false,false,CURRENTLY_UNREVIEWED,true,COVAPIE_BULK_REVIEW_UNIT_2CCFF436A6FA4BDF,CURRENTLY_UNREVIEWED,false,data/derived/covalent_small/covapie_bulk_cys_sg_model_usable_auto_admission_scaleup_v1/covapie_bulk_cys_sg_priority_human_review_queue_v1.csv,UNRESOLVED,,UNRESOLVED,,UNRESOLVED,false,true,false,false,false,NOT_ESTABLISHED,false,null,false,false,false,false,false,false,false,,false,false,,,FEATURE_SEMANTICS_AUDIT_REQUIRED_LATER
721,COVAPIE_CYS_SG_EVENT_V1:4HB0:C:CYS:539-:SG:F:LBF:C3,4HB0,LBF,true,true,true,false,true,true,true,true,true,false,false,CURRENTLY_UNREVIEWED,true,COVAPIE_BULK_REVIEW_UNIT_7684A2E396060310,CURRENTLY_UNREVIEWED,false,data/derived/covalent_small/covapie_bulk_cys_sg_model_usable_auto_admission_scaleup_v1/covapie_bulk_cys_sg_priority_human_review_queue_v1.csv,UNRESOLVED,,UNRESOLVED,,UNRESOLVED,false,true,false,false,false,NOT_ESTABLISHED,false,null,false,false,false,false,false,false,false,,false,false,,,FEATURE_SEMANTICS_AUDIT_REQUIRED_LATER
722,COVAPIE_CYS_SG_EVENT_V1:4HB4:C:CYS:539-:SG:G:LMB:C3,4HB4,LMB,true,true,true,false,true,true,true,true,true,false,false,CURRENTLY_UNREVIEWED,true,COVAPIE_BULK_REVIEW_UNIT_CB7ED5F9AB19F5BC,CURRENTLY_UNREVIEWED,false,data/derived/covalent_small/covapie_bulk_cys_sg_model_usable_auto_admission_scaleup_v1/covapie_bulk_cys_sg_priority_human_review_queue_v1.csv,UNRESOLVED,,UNRESOLVED,,UNRESOLVED,false,true,false,false,false,NOT_ESTABLISHED,false,null,false,false,false,false,false,false,false,,false,false,,,FEATURE_SEMANTICS_AUDIT_REQUIRED_LATER
723,COVAPIE_CYS_SG_EVENT_V1:4HCU:A:CYS:442-:SG:B:13L:C25,4HCU,13L,true,false,false,false,false,false,false,false,false,false,false,STRUCTURAL_EVIDENCE_INCOMPLETE,false,,NOT_IN_HUMAN_REVIEW_POPULATION,false,,UNRESOLVED,,UNRESOLVED,,UNRESOLVED,false,false,false,false,false,NOT_ESTABLISHED,false,null,false,false,false,false,false,false,false,,false,false,,,FEATURE_SEMANTICS_AUDIT_REQUIRED_LATER
724,COVAPIE_CYS_SG_EVENT_V1:4HCV:A:CYS:442-:SG:B:13J:C25,4HCV,13J,true,false,false,false,false,false,false,false,false,false,false,STRUCTURAL_EVIDENCE_INCOMPLETE,false,,NOT_IN_HUMAN_REVIEW_POPULATION,false,,UNRESOLVED,,UNRESOLVED,,UNRESOLVED,false,false,false,false,false,NOT_ESTABLISHED,false,null,false,false,false,false,false,false,false,,false,false,,,FEATURE_SEMANTICS_AUDIT_REQUIRED_LATER
725,COVAPIE_CYS_SG_EVENT_V1:4HG3:A:CYS:169-:SG:E:AKG:C5,4HG3,AKG,true,true,true,false,true,true,true,true,true,true,false,QUARANTINE_REPRESENTATION_GAP,false,,NOT_IN_HUMAN_REVIEW_POPULATION,false,,UNRESOLVED,,UNRESOLVED,,UNRESOLVED,false,true,false,false,false,NOT_ESTABLISHED,false,null,false,false,false,false,false,false,false,,false,false,,,FEATURE_SEMANTICS_AUDIT_REQUIRED_LATER
726,COVAPIE_CYS_SG_EVENT_V1:4HG3:B:CYS:169-:SG:O:AKG:C5,4HG3,AKG,true,true,true,false,true,true,true,true,true,true,false,QUARANTINE_REPRESENTATION_GAP,false,,NOT_IN_HUMAN_REVIEW_POPULATION,false,,UNRESOLVED,,UNRESOLVED,,UNRESOLVED,false,true,false,false,false,NOT_ESTABLISHED,false,null,false,false,false,false,false,false,false,,false,false,,,FEATURE_SEMANTICS_AUDIT_REQUIRED_LATER
727,COVAPIE_CYS_SG_EVENT_V1:4HG3:C:CYS:169-:SG:W:AKG:C5,4HG3,AKG,true,true,true,false,true,true,true,true,true,true,false,QUARANTINE_REPRESENTATION_GAP,false,,NOT_IN_HUMAN_REVIEW_POPULATION,false,,UNRESOLVED,,UNRESOLVED,,UNRESOLVED,false,true,false,false,false,NOT_ESTABLISHED,false,null,false,false,false,false,false,false,false,,false,false,,,FEATURE_SEMANTICS_AUDIT_REQUIRED_LATER
728,COVAPIE_CYS_SG_EVENT_V1:4HG3:D:CYS:169-:SG:BA:AKG:C5,4HG3,AKG,true,true,true,false,true,true,true,true,true,true,false,QUARANTINE_REPRESENTATION_GAP,false,,NOT_IN_HUMAN_REVIEW_POPULATION,false,,UNRESOLVED,,UNRESOLVED,,UNRESOLVED,false,true,false,false,false,NOT_ESTABLISHED,false,null,false,false,false,false,false,false,false,,false,false,,,FEATURE_SEMANTICS_AUDIT_REQUIRED_LATER
729,COVAPIE_CYS_SG_EVENT_V1:4HG5:A:CYS:169-:SG:E:OAA:C1,4HG5,OAA,true,true,true,false,true,true,true,true,true,true,false,QUARANTINE_REPRESENTATION_GAP,false,,NOT_IN_HUMAN_REVIEW_POPULATION,false,,UNRESOLVED,,UNRESOLVED,,UNRESOLVED,false,true,false,false,false,NOT_ESTABLISHED,false,null,false,false,false,false,false,false,false,,false,false,,,FEATURE_SEMANTICS_AUDIT_REQUIRED_LATER
730,COVAPIE_CYS_SG_EVENT_V1:4HG5:B:CYS:169-:SG:J:OAA:C1,4HG5,OAA,true,true,true,false,true,true,true,true,true,true,false,QUARANTINE_REPRESENTATION_GAP,false,,NOT_IN_HUMAN_REVIEW_POPULATION,false,,UNRESOLVED,,UNRESOLVED,,UNRESOLVED,false,true,false,false,false,NOT_ESTABLISHED,false,null,false,false,false,false,false,false,false,,false,false,,,FEATURE_SEMANTICS_AUDIT_REQUIRED_LATER
731,COVAPIE_CYS_SG_EVENT_V1:4HG5:C:CYS:169-:SG:O:OAA:C1,4HG5,OAA,true,true,true,false,true,true,true,true,true,true,false,QUARANTINE_REPRESENTATION_GAP,false,,NOT_IN_HUMAN_REVIEW_POPULATION,false,,UNRESOLVED,,UNRESOLVED,,UNRESOLVED,false,true,false,false,false,NOT_ESTABLISHED,false,null,false,false,false,false,false,false,false,,false,false,,,FEATURE_SEMANTICS_AUDIT_REQUIRED_LATER
732,COVAPIE_CYS_SG_EVENT_V1:4HG5:D:CYS:169-:SG:R:OAA:C1,4HG5,OAA,true,true,true,false,true,true,true,true,true,true,false,QUARANTINE_REPRESENTATION_GAP,false,,NOT_IN_HUMAN_REVIEW_POPULATION,false,,UNRESOLVED,,UNRESOLVED,,UNRESOLVED,false,true,false,false,false,NOT_ESTABLISHED,false,null,false,false,false,false,false,false,false,,false,false,,,FEATURE_SEMANTICS_AUDIT_REQUIRED_LATER
733,COVAPIE_CYS_SG_EVENT_V1:4HQM:A:CYS:5-:SG:C:17Z:C8,4HQM,17Z,true,true,true,false,true,true,true,true,true,false,false,LEAKAGE_EXISTING_GROUP_CONFLICT,false,,NOT_IN_HUMAN_REVIEW_POPULATION,false,,UNRESOLVED,,UNRESOLVED,,UNRESOLVED,false,true,false,false,false,NOT_ESTABLISHED,false,null,false,false,false,false,false,false,false,,false,false,,,FEATURE_SEMANTICS_AUDIT_REQUIRED_LATER
734,COVAPIE_CYS_SG_EVENT_V1:4HQM:B:CYS:5-:SG:D:17Z:C8,4HQM,17Z,true,true,true,false,true,true,true,true,true,false,false,LEAKAGE_EXISTING_GROUP_CONFLICT,false,,NOT_IN_HUMAN_REVIEW_POPULATION,false,,UNRESOLVED,,UNRESOLVED,,UNRESOLVED,false,true,false,false,false,NOT_ESTABLISHED,false,null,false,false,false,false,false,false,false,,false,false,,,FEATURE_SEMANTICS_AUDIT_REQUIRED_LATER
735,COVAPIE_CYS_SG_EVENT_V1:4I24:A:CYS:797-:SG:C:1C9:C23,4I24,1C9,true,true,true,false,true,true,true,true,true,true,false,QUARANTINE_REPRESENTATION_GAP,false,,NOT_IN_HUMAN_REVIEW_POPULATION,false,,UNRESOLVED,,UNRESOLVED,,UNRESOLVED,false,true,false,false,false,NOT_ESTABLISHED,false,null,false,false,false,false,false,false,false,,false,false,,,FEATURE_SEMANTICS_AUDIT_REQUIRED_LATER
736,COVAPIE_CYS_SG_EVENT_V1:4I24:B:CYS:797-:SG:D:1C9:C23,4I24,1C9,true,true,true,false,true,true,true,true,true,true,false,QUARANTINE_REPRESENTATION_GAP,false,,NOT_IN_HUMAN_REVIEW_POPULATION,false,,UNRESOLVED,,UNRESOLVED,,UNRESOLVED,false,true,false,false,false,NOT_ESTABLISHED,false,null,false,false,false,false,false,false,false,,false,false,,,FEATURE_SEMANTICS_AUDIT_REQUIRED_LATER
737,COVAPIE_CYS_SG_EVENT_V1:4I3U:A:CYS:291-:SG:I:POA:C2,4I3U,POA,true,true,true,false,true,true,true,true,true,false,false,COMPLETED_HUMAN_POSITIVE,true,COVAPIE_BULK_REVIEW_UNIT_6A4D564E712634EB,COMPLETED_HUMAN_POSITIVE,true,covapie-state/manual-review-aids/cumulative1000-high-yield-calibration-v1/POA_COVAPIE_BULK_REVIEW_UNIT_6A4D564E712634EB/formal-human-decision-v1/poa_formal_human_decision_v1.json,POSITIVE,src/covalent_ext/covapie_poa_sample_level_effective_supervision_v1.py,RELEVANT,src/covalent_ext/covapie_poa_sample_level_effective_supervision_v1.py,INCLUDE,false,true,true,true,true,STRICT_LINKER_PRESENT_V1,true,"[0,1,2,3,4]",false,false,false,false,true,true,true,train,false,false,,src/covalent_ext/covapie_poa_sample_level_effective_supervision_v1.py,FEATURE_SEMANTICS_AUDIT_REQUIRED_LATER
738,COVAPIE_CYS_SG_EVENT_V1:4I3U:B:CYS:291-:SG:J:POA:C2,4I3U,POA,true,true,true,false,true,true,true,true,true,false,false,COMPLETED_HUMAN_POSITIVE,true,COVAPIE_BULK_REVIEW_UNIT_6A4D564E712634EB,COMPLETED_HUMAN_POSITIVE,true,covapie-state/manual-review-aids/cumulative1000-high-yield-calibration-v1/POA_COVAPIE_BULK_REVIEW_UNIT_6A4D564E712634EB/formal-human-decision-v1/poa_formal_human_decision_v1.json,POSITIVE,src/covalent_ext/covapie_poa_sample_level_effective_supervision_v1.py,RELEVANT,src/covalent_ext/covapie_poa_sample_level_effective_supervision_v1.py,INCLUDE,false,true,true,true,true,STRICT_LINKER_PRESENT_V1,true,"[0,1,2,3,4]",false,false,false,false,true,true,true,train,false,false,,src/covalent_ext/covapie_poa_sample_level_effective_supervision_v1.py,FEATURE_SEMANTICS_AUDIT_REQUIRED_LATER
739,COVAPIE_CYS_SG_EVENT_V1:4I3U:C:CYS:291-:SG:K:POA:C2,4I3U,POA,true,true,true,false,true,true,true,true,true,false,false,COMPLETED_HUMAN_POSITIVE,true,COVAPIE_BULK_REVIEW_UNIT_6A4D564E712634EB,COMPLETED_HUMAN_POSITIVE,true,covapie-state/manual-review-aids/cumulative1000-high-yield-calibration-v1/POA_COVAPIE_BULK_REVIEW_UNIT_6A4D564E712634EB/formal-human-decision-v1/poa_formal_human_decision_v1.json,POSITIVE,src/covalent_ext/covapie_poa_sample_level_effective_supervision_v1.py,RELEVANT,src/covalent_ext/covapie_poa_sample_level_effective_supervision_v1.py,INCLUDE,false,true,true,true,true,STRICT_LINKER_PRESENT_V1,true,"[0,1,2,3,4]",false,false,false,false,true,true,true,train,false,false,,src/covalent_ext/covapie_poa_sample_level_effective_supervision_v1.py,FEATURE_SEMANTICS_AUDIT_REQUIRED_LATER
740,COVAPIE_CYS_SG_EVENT_V1:4I3U:D:CYS:291-:SG:L:POA:C2,4I3U,POA,true,true,true,false,true,true,true,true,true,false,false,COMPLETED_HUMAN_POSITIVE,true,COVAPIE_BULK_REVIEW_UNIT_6A4D564E712634EB,COMPLETED_HUMAN_POSITIVE,true,covapie-state/manual-review-aids/cumulative1000-high-yield-calibration-v1/POA_COVAPIE_BULK_REVIEW_UNIT_6A4D564E712634EB/formal-human-decision-v1/poa_formal_human_decision_v1.json,POSITIVE,src/covalent_ext/covapie_poa_sample_level_effective_supervision_v1.py,RELEVANT,src/covalent_ext/covapie_poa_sample_level_effective_supervision_v1.py,INCLUDE,false,true,true,true,true,STRICT_LINKER_PRESENT_V1,true,"[0,1,2,3,4]",false,false,false,false,true,true,true,train,false,false,,src/covalent_ext/covapie_poa_sample_level_effective_supervision_v1.py,FEATURE_SEMANTICS_AUDIT_REQUIRED_LATER
741,COVAPIE_CYS_SG_EVENT_V1:4I3U:E:CYS:291-:SG:M:POA:C2,4I3U,POA,true,true,true,false,true,true,true,true,true,false,false,COMPLETED_HUMAN_POSITIVE,true,COVAPIE_BULK_REVIEW_UNIT_6A4D564E712634EB,COMPLETED_HUMAN_POSITIVE,true,covapie-state/manual-review-aids/cumulative1000-high-yield-calibration-v1/POA_COVAPIE_BULK_REVIEW_UNIT_6A4D564E712634EB/formal-human-decision-v1/poa_formal_human_decision_v1.json,POSITIVE,src/covalent_ext/covapie_poa_sample_level_effective_supervision_v1.py,RELEVANT,src/covalent_ext/covapie_poa_sample_level_effective_supervision_v1.py,INCLUDE,false,true,true,true,true,STRICT_LINKER_PRESENT_V1,true,"[0,1,2,3,4]",false,false,false,false,true,true,true,train,false,false,,src/covalent_ext/covapie_poa_sample_level_effective_supervision_v1.py,FEATURE_SEMANTICS_AUDIT_REQUIRED_LATER
742,COVAPIE_CYS_SG_EVENT_V1:4I3U:F:CYS:291-:SG:N:POA:C2,4I3U,POA,true,true,true,false,true,true,true,true,true,false,false,COMPLETED_HUMAN_POSITIVE,true,COVAPIE_BULK_REVIEW_UNIT_6A4D564E712634EB,COMPLETED_HUMAN_POSITIVE,true,covapie-state/manual-review-aids/cumulative1000-high-yield-calibration-v1/POA_COVAPIE_BULK_REVIEW_UNIT_6A4D564E712634EB/formal-human-decision-v1/poa_formal_human_decision_v1.json,POSITIVE,src/covalent_ext/covapie_poa_sample_level_effective_supervision_v1.py,RELEVANT,src/covalent_ext/covapie_poa_sample_level_effective_supervision_v1.py,INCLUDE,false,true,true,true,true,STRICT_LINKER_PRESENT_V1,true,"[0,1,2,3,4]",false,false,false,false,true,true,true,train,false,false,,src/covalent_ext/covapie_poa_sample_level_effective_supervision_v1.py,FEATURE_SEMANTICS_AUDIT_REQUIRED_LATER
743,COVAPIE_CYS_SG_EVENT_V1:4I3U:G:CYS:291-:SG:O:POA:C2,4I3U,POA,true,true,true,false,true,true,true,true,true,false,false,COMPLETED_HUMAN_POSITIVE,true,COVAPIE_BULK_REVIEW_UNIT_6A4D564E712634EB,COMPLETED_HUMAN_POSITIVE,true,covapie-state/manual-review-aids/cumulative1000-high-yield-calibration-v1/POA_COVAPIE_BULK_REVIEW_UNIT_6A4D564E712634EB/formal-human-decision-v1/poa_formal_human_decision_v1.json,POSITIVE,src/covalent_ext/covapie_poa_sample_level_effective_supervision_v1.py,RELEVANT,src/covalent_ext/covapie_poa_sample_level_effective_supervision_v1.py,INCLUDE,false,true,true,true,true,STRICT_LINKER_PRESENT_V1,true,"[0,1,2,3,4]",false,false,false,false,true,true,true,train,false,false,,src/covalent_ext/covapie_poa_sample_level_effective_supervision_v1.py,FEATURE_SEMANTICS_AUDIT_REQUIRED_LATER
744,COVAPIE_CYS_SG_EVENT_V1:4I3U:H:CYS:291-:SG:P:POA:C2,4I3U,POA,true,true,true,false,true,true,true,true,true,false,false,COMPLETED_HUMAN_POSITIVE,true,COVAPIE_BULK_REVIEW_UNIT_6A4D564E712634EB,COMPLETED_HUMAN_POSITIVE,true,covapie-state/manual-review-aids/cumulative1000-high-yield-calibration-v1/POA_COVAPIE_BULK_REVIEW_UNIT_6A4D564E712634EB/formal-human-decision-v1/poa_formal_human_decision_v1.json,POSITIVE,src/covalent_ext/covapie_poa_sample_level_effective_supervision_v1.py,RELEVANT,src/covalent_ext/covapie_poa_sample_level_effective_supervision_v1.py,INCLUDE,false,true,true,true,true,STRICT_LINKER_PRESENT_V1,true,"[0,1,2,3,4]",false,false,false,false,true,true,true,train,false,false,,src/covalent_ext/covapie_poa_sample_level_effective_supervision_v1.py,FEATURE_SEMANTICS_AUDIT_REQUIRED_LATER
745,COVAPIE_CYS_SG_EVENT_V1:4I3V:A:CYS:291-:SG:J:POA:C2,4I3V,POA,true,true,true,false,true,true,true,true,true,false,false,COMPLETED_HUMAN_POSITIVE,true,COVAPIE_BULK_REVIEW_UNIT_6A4D564E712634EB,COMPLETED_HUMAN_POSITIVE,true,covapie-state/manual-review-aids/cumulative1000-high-yield-calibration-v1/POA_COVAPIE_BULK_REVIEW_UNIT_6A4D564E712634EB/formal-human-decision-v1/poa_formal_human_decision_v1.json,POSITIVE,src/covalent_ext/covapie_poa_sample_level_effective_supervision_v1.py,RELEVANT,src/covalent_ext/covapie_poa_sample_level_effective_supervision_v1.py,EXCLUDE_FROM_TRAINING_ONLY,true,true,true,true,true,STRICT_LINKER_PRESENT_V1,true,"[0,1,2,3,4]",false,false,false,false,false,false,true,train,false,false,,src/covalent_ext/covapie_poa_sample_level_effective_supervision_v1.py,FEATURE_SEMANTICS_AUDIT_REQUIRED_LATER
746,COVAPIE_CYS_SG_EVENT_V1:4I3V:B:CYS:291-:SG:L:POA:C2,4I3V,POA,true,true,true,false,true,true,true,true,true,false,false,COMPLETED_HUMAN_POSITIVE,true,COVAPIE_BULK_REVIEW_UNIT_6A4D564E712634EB,COMPLETED_HUMAN_POSITIVE,true,covapie-state/manual-review-aids/cumulative1000-high-yield-calibration-v1/POA_COVAPIE_BULK_REVIEW_UNIT_6A4D564E712634EB/formal-human-decision-v1/poa_formal_human_decision_v1.json,POSITIVE,src/covalent_ext/covapie_poa_sample_level_effective_supervision_v1.py,RELEVANT,src/covalent_ext/covapie_poa_sample_level_effective_supervision_v1.py,EXCLUDE_FROM_TRAINING_ONLY,true,true,true,true,true,STRICT_LINKER_PRESENT_V1,true,"[0,1,2,3,4]",false,false,false,false,false,false,true,train,false,false,,src/covalent_ext/covapie_poa_sample_level_effective_supervision_v1.py,FEATURE_SEMANTICS_AUDIT_REQUIRED_LATER
747,COVAPIE_CYS_SG_EVENT_V1:4I3V:C:CYS:291-:SG:N:POA:C2,4I3V,POA,true,true,true,false,true,true,true,true,true,false,false,COMPLETED_HUMAN_POSITIVE,true,COVAPIE_BULK_REVIEW_UNIT_6A4D564E712634EB,COMPLETED_HUMAN_POSITIVE,true,covapie-state/manual-review-aids/cumulative1000-high-yield-calibration-v1/POA_COVAPIE_BULK_REVIEW_UNIT_6A4D564E712634EB/formal-human-decision-v1/poa_formal_human_decision_v1.json,POSITIVE,src/covalent_ext/covapie_poa_sample_level_effective_supervision_v1.py,RELEVANT,src/covalent_ext/covapie_poa_sample_level_effective_supervision_v1.py,EXCLUDE_FROM_TRAINING_ONLY,true,true,true,true,true,STRICT_LINKER_PRESENT_V1,true,"[0,1,2,3,4]",false,false,false,false,false,false,true,train,false,false,,src/covalent_ext/covapie_poa_sample_level_effective_supervision_v1.py,FEATURE_SEMANTICS_AUDIT_REQUIRED_LATER
748,COVAPIE_CYS_SG_EVENT_V1:4I3V:D:CYS:291-:SG:P:POA:C2,4I3V,POA,true,true,true,false,true,true,true,true,true,false,false,COMPLETED_HUMAN_POSITIVE,true,COVAPIE_BULK_REVIEW_UNIT_6A4D564E712634EB,COMPLETED_HUMAN_POSITIVE,true,covapie-state/manual-review-aids/cumulative1000-high-yield-calibration-v1/POA_COVAPIE_BULK_REVIEW_UNIT_6A4D564E712634EB/formal-human-decision-v1/poa_formal_human_decision_v1.json,POSITIVE,src/covalent_ext/covapie_poa_sample_level_effective_supervision_v1.py,RELEVANT,src/covalent_ext/covapie_poa_sample_level_effective_supervision_v1.py,EXCLUDE_FROM_TRAINING_ONLY,true,true,true,true,true,STRICT_LINKER_PRESENT_V1,true,"[0,1,2,3,4]",false,false,false,false,false,false,true,train,false,false,,src/covalent_ext/covapie_poa_sample_level_effective_supervision_v1.py,FEATURE_SEMANTICS_AUDIT_REQUIRED_LATER
749,COVAPIE_CYS_SG_EVENT_V1:4I3V:E:CYS:291-:SG:R:POA:C2,4I3V,POA,true,true,true,false,true,true,true,true,true,false,false,COMPLETED_HUMAN_POSITIVE,true,COVAPIE_BULK_REVIEW_UNIT_6A4D564E712634EB,COMPLETED_HUMAN_POSITIVE,true,covapie-state/manual-review-aids/cumulative1000-high-yield-calibration-v1/POA_COVAPIE_BULK_REVIEW_UNIT_6A4D564E712634EB/formal-human-decision-v1/poa_formal_human_decision_v1.json,POSITIVE,src/covalent_ext/covapie_poa_sample_level_effective_supervision_v1.py,RELEVANT,src/covalent_ext/covapie_poa_sample_level_effective_supervision_v1.py,EXCLUDE_FROM_TRAINING_ONLY,true,true,true,true,true,STRICT_LINKER_PRESENT_V1,true,"[0,1,2,3,4]",false,false,false,false,false,false,true,train,false,false,,src/covalent_ext/covapie_poa_sample_level_effective_supervision_v1.py,FEATURE_SEMANTICS_AUDIT_REQUIRED_LATER
750,COVAPIE_CYS_SG_EVENT_V1:4I3V:F:CYS:291-:SG:T:POA:C2,4I3V,POA,true,true,true,false,true,true,true,true,true,false,false,COMPLETED_HUMAN_POSITIVE,true,COVAPIE_BULK_REVIEW_UNIT_6A4D564E712634EB,COMPLETED_HUMAN_POSITIVE,true,covapie-state/manual-review-aids/cumulative1000-high-yield-calibration-v1/POA_COVAPIE_BULK_REVIEW_UNIT_6A4D564E712634EB/formal-human-decision-v1/poa_formal_human_decision_v1.json,POSITIVE,src/covalent_ext/covapie_poa_sample_level_effective_supervision_v1.py,RELEVANT,src/covalent_ext/covapie_poa_sample_level_effective_supervision_v1.py,EXCLUDE_FROM_TRAINING_ONLY,true,true,true,true,true,STRICT_LINKER_PRESENT_V1,true,"[0,1,2,3,4]",false,false,false,false,false,false,true,train,false,false,,src/covalent_ext/covapie_poa_sample_level_effective_supervision_v1.py,FEATURE_SEMANTICS_AUDIT_REQUIRED_LATER
751,COVAPIE_CYS_SG_EVENT_V1:4I3V:G:CYS:291-:SG:V:POA:C2,4I3V,POA,true,true,true,false,true,true,true,true,true,false,false,COMPLETED_HUMAN_POSITIVE,true,COVAPIE_BULK_REVIEW_UNIT_6A4D564E712634EB,COMPLETED_HUMAN_POSITIVE,true,covapie-state/manual-review-aids/cumulative1000-high-yield-calibration-v1/POA_COVAPIE_BULK_REVIEW_UNIT_6A4D564E712634EB/formal-human-decision-v1/poa_formal_human_decision_v1.json,POSITIVE,src/covalent_ext/covapie_poa_sample_level_effective_supervision_v1.py,RELEVANT,src/covalent_ext/covapie_poa_sample_level_effective_supervision_v1.py,EXCLUDE_FROM_TRAINING_ONLY,true,true,true,true,true,STRICT_LINKER_PRESENT_V1,true,"[0,1,2,3,4]",false,false,false,false,false,false,true,train,false,false,,src/covalent_ext/covapie_poa_sample_level_effective_supervision_v1.py,FEATURE_SEMANTICS_AUDIT_REQUIRED_LATER
752,COVAPIE_CYS_SG_EVENT_V1:4I3V:H:CYS:291-:SG:W:POA:C2,4I3V,POA,true,true,true,false,true,true,true,true,true,false,false,COMPLETED_HUMAN_POSITIVE,true,COVAPIE_BULK_REVIEW_UNIT_6A4D564E712634EB,COMPLETED_HUMAN_POSITIVE,true,covapie-state/manual-review-aids/cumulative1000-high-yield-calibration-v1/POA_COVAPIE_BULK_REVIEW_UNIT_6A4D564E712634EB/formal-human-decision-v1/poa_formal_human_decision_v1.json,POSITIVE,src/covalent_ext/covapie_poa_sample_level_effective_supervision_v1.py,RELEVANT,src/covalent_ext/covapie_poa_sample_level_effective_supervision_v1.py,EXCLUDE_FROM_TRAINING_ONLY,true,true,true,true,true,STRICT_LINKER_PRESENT_V1,true,"[0,1,2,3,4]",false,false,false,false,false,false,true,train,false,false,,src/covalent_ext/covapie_poa_sample_level_effective_supervision_v1.py,FEATURE_SEMANTICS_AUDIT_REQUIRED_LATER
753,COVAPIE_CYS_SG_EVENT_V1:4I3W:A:CYS:291-:SG:I:G3H:C1,4I3W,G3H,true,true,true,false,true,true,true,true,true,false,false,COMPLETED_HUMAN_POSITIVE,true,COVAPIE_BULK_REVIEW_UNIT_5C788252BB9BA078,COMPLETED_HUMAN_POSITIVE,true,covapie-state/manual-review-aids/cumulative1000-high-yield-calibration-v1/G3H_COVAPIE_BULK_REVIEW_UNIT_5C788252BB9BA078/formal-human-decision-v1/g3h_formal_human_decision_v1.json,POSITIVE,data/derived/covalent_small/covapie_g3h_completed_decision_ingestion_and_task_label_availability_v1/covapie_g3h_event_task_label_availability_v1.csv,RELEVANT,data/derived/covalent_small/covapie_g3h_completed_decision_ingestion_and_task_label_availability_v1/covapie_g3h_event_task_label_availability_v1.csv,EXCLUDE_FROM_TRAINING_ONLY,true,true,true,false,true,DIRECT_ATTACHMENT_OPTIONAL_LINKER_V1,true,"[0,3,4]",false,false,false,false,false,false,true,train,false,false,false,data/derived/covalent_small/covapie_g3h_completed_decision_ingestion_and_task_label_availability_v1/covapie_g3h_event_task_label_availability_v1.csv,FEATURE_SEMANTICS_AUDIT_REQUIRED_LATER
754,COVAPIE_CYS_SG_EVENT_V1:4I3W:B:CYS:291-:SG:K:G3H:C1,4I3W,G3H,true,true,true,false,true,true,true,true,true,false,false,COMPLETED_HUMAN_POSITIVE,true,COVAPIE_BULK_REVIEW_UNIT_5C788252BB9BA078,COMPLETED_HUMAN_POSITIVE,true,covapie-state/manual-review-aids/cumulative1000-high-yield-calibration-v1/G3H_COVAPIE_BULK_REVIEW_UNIT_5C788252BB9BA078/formal-human-decision-v1/g3h_formal_human_decision_v1.json,POSITIVE,data/derived/covalent_small/covapie_g3h_completed_decision_ingestion_and_task_label_availability_v1/covapie_g3h_event_task_label_availability_v1.csv,RELEVANT,data/derived/covalent_small/covapie_g3h_completed_decision_ingestion_and_task_label_availability_v1/covapie_g3h_event_task_label_availability_v1.csv,EXCLUDE_FROM_TRAINING_ONLY,true,true,true,false,true,DIRECT_ATTACHMENT_OPTIONAL_LINKER_V1,true,"[0,3,4]",false,false,false,false,false,false,true,train,false,false,false,data/derived/covalent_small/covapie_g3h_completed_decision_ingestion_and_task_label_availability_v1/covapie_g3h_event_task_label_availability_v1.csv,FEATURE_SEMANTICS_AUDIT_REQUIRED_LATER
755,COVAPIE_CYS_SG_EVENT_V1:4I3W:C:CYS:291-:SG:M:G3H:C1,4I3W,G3H,true,true,true,false,true,true,true,true,true,false,false,COMPLETED_HUMAN_POSITIVE,true,COVAPIE_BULK_REVIEW_UNIT_5C788252BB9BA078,COMPLETED_HUMAN_POSITIVE,true,covapie-state/manual-review-aids/cumulative1000-high-yield-calibration-v1/G3H_COVAPIE_BULK_REVIEW_UNIT_5C788252BB9BA078/formal-human-decision-v1/g3h_formal_human_decision_v1.json,POSITIVE,data/derived/covalent_small/covapie_g3h_completed_decision_ingestion_and_task_label_availability_v1/covapie_g3h_event_task_label_availability_v1.csv,RELEVANT,data/derived/covalent_small/covapie_g3h_completed_decision_ingestion_and_task_label_availability_v1/covapie_g3h_event_task_label_availability_v1.csv,EXCLUDE_FROM_TRAINING_ONLY,true,true,true,false,true,DIRECT_ATTACHMENT_OPTIONAL_LINKER_V1,true,"[0,3,4]",false,false,false,false,false,false,true,train,false,false,false,data/derived/covalent_small/covapie_g3h_completed_decision_ingestion_and_task_label_availability_v1/covapie_g3h_event_task_label_availability_v1.csv,FEATURE_SEMANTICS_AUDIT_REQUIRED_LATER
756,COVAPIE_CYS_SG_EVENT_V1:4I3W:D:CYS:291-:SG:O:G3H:C1,4I3W,G3H,true,true,true,false,true,true,true,true,true,false,false,COMPLETED_HUMAN_POSITIVE,true,COVAPIE_BULK_REVIEW_UNIT_5C788252BB9BA078,COMPLETED_HUMAN_POSITIVE,true,covapie-state/manual-review-aids/cumulative1000-high-yield-calibration-v1/G3H_COVAPIE_BULK_REVIEW_UNIT_5C788252BB9BA078/formal-human-decision-v1/g3h_formal_human_decision_v1.json,POSITIVE,data/derived/covalent_small/covapie_g3h_completed_decision_ingestion_and_task_label_availability_v1/covapie_g3h_event_task_label_availability_v1.csv,RELEVANT,data/derived/covalent_small/covapie_g3h_completed_decision_ingestion_and_task_label_availability_v1/covapie_g3h_event_task_label_availability_v1.csv,EXCLUDE_FROM_TRAINING_ONLY,true,true,true,false,true,DIRECT_ATTACHMENT_OPTIONAL_LINKER_V1,true,"[0,3,4]",false,false,false,false,false,false,true,train,false,false,false,data/derived/covalent_small/covapie_g3h_completed_decision_ingestion_and_task_label_availability_v1/covapie_g3h_event_task_label_availability_v1.csv,FEATURE_SEMANTICS_AUDIT_REQUIRED_LATER
757,COVAPIE_CYS_SG_EVENT_V1:4I3W:E:CYS:291-:SG:Q:G3H:C1,4I3W,G3H,true,true,true,false,true,true,true,true,true,false,false,COMPLETED_HUMAN_POSITIVE,true,COVAPIE_BULK_REVIEW_UNIT_5C788252BB9BA078,COMPLETED_HUMAN_POSITIVE,true,covapie-state/manual-review-aids/cumulative1000-high-yield-calibration-v1/G3H_COVAPIE_BULK_REVIEW_UNIT_5C788252BB9BA078/formal-human-decision-v1/g3h_formal_human_decision_v1.json,POSITIVE,data/derived/covalent_small/covapie_g3h_completed_decision_ingestion_and_task_label_availability_v1/covapie_g3h_event_task_label_availability_v1.csv,RELEVANT,data/derived/covalent_small/covapie_g3h_completed_decision_ingestion_and_task_label_availability_v1/covapie_g3h_event_task_label_availability_v1.csv,EXCLUDE_FROM_TRAINING_ONLY,true,true,true,false,true,DIRECT_ATTACHMENT_OPTIONAL_LINKER_V1,true,"[0,3,4]",false,false,false,false,false,false,true,train,false,false,false,data/derived/covalent_small/covapie_g3h_completed_decision_ingestion_and_task_label_availability_v1/covapie_g3h_event_task_label_availability_v1.csv,FEATURE_SEMANTICS_AUDIT_REQUIRED_LATER
758,COVAPIE_CYS_SG_EVENT_V1:4I3W:F:CYS:291-:SG:S:G3H:C1,4I3W,G3H,true,true,true,false,true,true,true,true,true,false,false,COMPLETED_HUMAN_POSITIVE,true,COVAPIE_BULK_REVIEW_UNIT_5C788252BB9BA078,COMPLETED_HUMAN_POSITIVE,true,covapie-state/manual-review-aids/cumulative1000-high-yield-calibration-v1/G3H_COVAPIE_BULK_REVIEW_UNIT_5C788252BB9BA078/formal-human-decision-v1/g3h_formal_human_decision_v1.json,POSITIVE,data/derived/covalent_small/covapie_g3h_completed_decision_ingestion_and_task_label_availability_v1/covapie_g3h_event_task_label_availability_v1.csv,RELEVANT,data/derived/covalent_small/covapie_g3h_completed_decision_ingestion_and_task_label_availability_v1/covapie_g3h_event_task_label_availability_v1.csv,EXCLUDE_FROM_TRAINING_ONLY,true,true,true,false,true,DIRECT_ATTACHMENT_OPTIONAL_LINKER_V1,true,"[0,3,4]",false,false,false,false,false,false,true,train,false,false,false,data/derived/covalent_small/covapie_g3h_completed_decision_ingestion_and_task_label_availability_v1/covapie_g3h_event_task_label_availability_v1.csv,FEATURE_SEMANTICS_AUDIT_REQUIRED_LATER
759,COVAPIE_CYS_SG_EVENT_V1:4I3W:G:CYS:291-:SG:U:G3H:C1,4I3W,G3H,true,true,true,false,true,true,true,true,true,false,false,COMPLETED_HUMAN_POSITIVE,true,COVAPIE_BULK_REVIEW_UNIT_5C788252BB9BA078,COMPLETED_HUMAN_POSITIVE,true,covapie-state/manual-review-aids/cumulative1000-high-yield-calibration-v1/G3H_COVAPIE_BULK_REVIEW_UNIT_5C788252BB9BA078/formal-human-decision-v1/g3h_formal_human_decision_v1.json,POSITIVE,data/derived/covalent_small/covapie_g3h_completed_decision_ingestion_and_task_label_availability_v1/covapie_g3h_event_task_label_availability_v1.csv,RELEVANT,data/derived/covalent_small/covapie_g3h_completed_decision_ingestion_and_task_label_availability_v1/covapie_g3h_event_task_label_availability_v1.csv,EXCLUDE_FROM_TRAINING_ONLY,true,true,true,false,true,DIRECT_ATTACHMENT_OPTIONAL_LINKER_V1,true,"[0,3,4]",false,false,false,false,false,false,true,train,false,false,false,data/derived/covalent_small/covapie_g3h_completed_decision_ingestion_and_task_label_availability_v1/covapie_g3h_event_task_label_availability_v1.csv,FEATURE_SEMANTICS_AUDIT_REQUIRED_LATER
760,COVAPIE_CYS_SG_EVENT_V1:4I3W:H:CYS:291-:SG:W:G3H:C1,4I3W,G3H,true,true,true,false,true,true,true,true,true,false,false,COMPLETED_HUMAN_POSITIVE,true,COVAPIE_BULK_REVIEW_UNIT_5C788252BB9BA078,COMPLETED_HUMAN_POSITIVE,true,covapie-state/manual-review-aids/cumulative1000-high-yield-calibration-v1/G3H_COVAPIE_BULK_REVIEW_UNIT_5C788252BB9BA078/formal-human-decision-v1/g3h_formal_human_decision_v1.json,POSITIVE,data/derived/covalent_small/covapie_g3h_completed_decision_ingestion_and_task_label_availability_v1/covapie_g3h_event_task_label_availability_v1.csv,RELEVANT,data/derived/covalent_small/covapie_g3h_completed_decision_ingestion_and_task_label_availability_v1/covapie_g3h_event_task_label_availability_v1.csv,EXCLUDE_FROM_TRAINING_ONLY,true,true,true,false,true,DIRECT_ATTACHMENT_OPTIONAL_LINKER_V1,true,"[0,3,4]",false,false,false,false,false,false,true,train,false,false,false,data/derived/covalent_small/covapie_g3h_completed_decision_ingestion_and_task_label_availability_v1/covapie_g3h_event_task_label_availability_v1.csv,FEATURE_SEMANTICS_AUDIT_REQUIRED_LATER
761,COVAPIE_CYS_SG_EVENT_V1:4I9B:A:CYS:295-:SG:G:1KA:C1,4I9B,1KA,true,true,true,false,true,true,true,true,true,false,false,CURRENTLY_UNREVIEWED,true,COVAPIE_BULK_REVIEW_UNIT_A92A7A2291EA5E7E,CURRENTLY_UNREVIEWED,false,data/derived/covalent_small/covapie_bulk_cys_sg_model_usable_auto_admission_scaleup_v1/covapie_bulk_cys_sg_priority_human_review_queue_v1.csv,UNRESOLVED,,UNRESOLVED,,UNRESOLVED,false,true,false,false,false,NOT_ESTABLISHED,false,null,false,false,false,false,false,false,false,,false,false,,,FEATURE_SEMANTICS_AUDIT_REQUIRED_LATER
762,COVAPIE_CYS_SG_EVENT_V1:4I9O:A:CYS:664-:SG:B:KI1:S,4I9O,KI1,true,true,true,false,true,true,true,true,true,false,false,CURRENTLY_UNREVIEWED,true,COVAPIE_BULK_REVIEW_UNIT_719D7A632D886CAD,CURRENTLY_UNREVIEWED,false,data/derived/covalent_small/covapie_bulk_cys_sg_model_usable_auto_admission_scaleup_v1/covapie_bulk_cys_sg_priority_human_review_queue_v1.csv,UNRESOLVED,,UNRESOLVED,,UNRESOLVED,false,true,false,false,false,NOT_ESTABLISHED,false,null,false,false,false,false,false,false,false,,false,false,,,FEATURE_SEMANTICS_AUDIT_REQUIRED_LATER
763,COVAPIE_CYS_SG_EVENT_V1:4ITB:A:CYS:262-:SG:D:SSN:C4,4ITB,SSN,true,true,true,false,true,true,true,true,true,false,false,CURRENTLY_UNREVIEWED,true,COVAPIE_BULK_REVIEW_UNIT_3895CEC8F2581B1B,CURRENTLY_UNREVIEWED,false,data/derived/covalent_small/covapie_bulk_cys_sg_model_usable_auto_admission_scaleup_v1/covapie_bulk_cys_sg_priority_human_review_queue_v1.csv,UNRESOLVED,,UNRESOLVED,,UNRESOLVED,false,true,false,false,false,NOT_ESTABLISHED,false,null,false,false,false,false,false,false,false,,false,false,,,FEATURE_SEMANTICS_AUDIT_REQUIRED_LATER
764,COVAPIE_CYS_SG_EVENT_V1:4ITB:B:CYS:262-:SG:S:SSN:C4,4ITB,SSN,true,true,true,false,true,true,true,true,true,false,false,CURRENTLY_UNREVIEWED,true,COVAPIE_BULK_REVIEW_UNIT_3895CEC8F2581B1B,CURRENTLY_UNREVIEWED,false,data/derived/covalent_small/covapie_bulk_cys_sg_model_usable_auto_admission_scaleup_v1/covapie_bulk_cys_sg_priority_human_review_queue_v1.csv,UNRESOLVED,,UNRESOLVED,,UNRESOLVED,false,true,false,false,false,NOT_ESTABLISHED,false,null,false,false,false,false,false,false,false,,false,false,,,FEATURE_SEMANTICS_AUDIT_REQUIRED_LATER
765,COVAPIE_CYS_SG_EVENT_V1:4J5P:A:CYS:269-:SG:C:BR1:C21,4J5P,BR1,true,true,true,false,true,true,true,true,true,true,false,QUARANTINE_REPRESENTATION_GAP,false,,NOT_IN_HUMAN_REVIEW_POPULATION,false,,UNRESOLVED,,UNRESOLVED,,UNRESOLVED,false,true,false,false,false,NOT_ESTABLISHED,false,null,false,false,false,false,false,false,false,,false,false,,,FEATURE_SEMANTICS_AUDIT_REQUIRED_LATER
766,COVAPIE_CYS_SG_EVENT_V1:4J5P:B:CYS:269-:SG:F:BR1:C21,4J5P,BR1,true,true,true,false,true,true,true,true,true,true,false,QUARANTINE_REPRESENTATION_GAP,false,,NOT_IN_HUMAN_REVIEW_POPULATION,false,,UNRESOLVED,,UNRESOLVED,,UNRESOLVED,false,true,false,false,false,NOT_ESTABLISHED,false,null,false,false,false,false,false,false,false,,false,false,,,FEATURE_SEMANTICS_AUDIT_REQUIRED_LATER
767,COVAPIE_CYS_SG_EVENT_V1:4JAO:B:CYS:138-:SG:F:JAO:CAE,4JAO,JAO,true,true,true,false,true,true,true,true,true,false,false,CURRENTLY_UNREVIEWED,true,COVAPIE_BULK_REVIEW_UNIT_F8C2FA4310FD8EEF,CURRENTLY_UNREVIEWED,false,data/derived/covalent_small/covapie_bulk_cys_sg_model_usable_auto_admission_scaleup_v1/covapie_bulk_cys_sg_priority_human_review_queue_v1.csv,UNRESOLVED,,UNRESOLVED,,UNRESOLVED,false,true,false,false,false,NOT_ESTABLISHED,false,null,false,false,false,false,false,false,false,,false,false,,,FEATURE_SEMANTICS_AUDIT_REQUIRED_LATER
768,COVAPIE_CYS_SG_EVENT_V1:4JAO:C:CYS:138-:SG:G:JAO:CAE,4JAO,JAO,true,true,true,false,true,true,true,true,true,false,false,CURRENTLY_UNREVIEWED,true,COVAPIE_BULK_REVIEW_UNIT_F8C2FA4310FD8EEF,CURRENTLY_UNREVIEWED,false,data/derived/covalent_small/covapie_bulk_cys_sg_model_usable_auto_admission_scaleup_v1/covapie_bulk_cys_sg_priority_human_review_queue_v1.csv,UNRESOLVED,,UNRESOLVED,,UNRESOLVED,false,true,false,false,false,NOT_ESTABLISHED,false,null,false,false,false,false,false,false,false,,false,false,,,FEATURE_SEMANTICS_AUDIT_REQUIRED_LATER
769,COVAPIE_CYS_SG_EVENT_V1:4JAQ:A:CYS:138-:SG:E:14V:CAE,4JAQ,14V,true,true,true,false,true,true,true,true,true,true,false,QUARANTINE_REPRESENTATION_GAP,false,,NOT_IN_HUMAN_REVIEW_POPULATION,false,,UNRESOLVED,,UNRESOLVED,,UNRESOLVED,false,true,false,false,false,NOT_ESTABLISHED,false,null,false,false,false,false,false,false,false,,false,false,,,FEATURE_SEMANTICS_AUDIT_REQUIRED_LATER
770,COVAPIE_CYS_SG_EVENT_V1:4JAQ:C:CYS:138-:SG:H:PLM:C1,4JAQ,PLM,true,true,true,false,true,true,true,true,true,true,false,QUARANTINE_REPRESENTATION_GAP,false,,NOT_IN_HUMAN_REVIEW_POPULATION,false,,UNRESOLVED,,UNRESOLVED,,UNRESOLVED,false,true,false,false,false,NOT_ESTABLISHED,false,null,false,false,false,false,false,false,false,,false,false,,,FEATURE_SEMANTICS_AUDIT_REQUIRED_LATER
771,COVAPIE_CYS_SG_EVENT_V1:4JG6:A:CYS:436-:SG:B:1LB:C07,4JG6,1LB,true,true,true,false,true,true,true,true,true,false,false,CURRENTLY_UNREVIEWED,true,COVAPIE_BULK_REVIEW_UNIT_9040B09311648152,CURRENTLY_UNREVIEWED,false,data/derived/covalent_small/covapie_bulk_cys_sg_model_usable_auto_admission_scaleup_v1/covapie_bulk_cys_sg_priority_human_review_queue_v1.csv,UNRESOLVED,,UNRESOLVED,,UNRESOLVED,false,true,false,false,false,NOT_ESTABLISHED,false,null,false,false,false,false,false,false,false,,false,false,,,FEATURE_SEMANTICS_AUDIT_REQUIRED_LATER
772,COVAPIE_CYS_SG_EVENT_V1:4JG7:A:CYS:436-:SG:B:1LC:C06,4JG7,1LC,true,true,true,false,true,true,true,true,true,false,false,CURRENTLY_UNREVIEWED,true,COVAPIE_BULK_REVIEW_UNIT_B94F674E372C01E2,CURRENTLY_UNREVIEWED,false,data/derived/covalent_small/covapie_bulk_cys_sg_model_usable_auto_admission_scaleup_v1/covapie_bulk_cys_sg_priority_human_review_queue_v1.csv,UNRESOLVED,,UNRESOLVED,,UNRESOLVED,false,true,false,false,false,NOT_ESTABLISHED,false,null,false,false,false,false,false,false,false,,false,false,,,FEATURE_SEMANTICS_AUDIT_REQUIRED_LATER
773,COVAPIE_CYS_SG_EVENT_V1:4JG8:A:CYS:436-:SG:B:1LE:C12,4JG8,1LE,true,true,true,false,true,true,true,true,true,false,false,CURRENTLY_UNREVIEWED,true,COVAPIE_BULK_REVIEW_UNIT_C2CF563B5AA6CD83,CURRENTLY_UNREVIEWED,false,data/derived/covalent_small/covapie_bulk_cys_sg_model_usable_auto_admission_scaleup_v1/covapie_bulk_cys_sg_priority_human_review_queue_v1.csv,UNRESOLVED,,UNRESOLVED,,UNRESOLVED,false,true,false,false,false,NOT_ESTABLISHED,false,null,false,false,false,false,false,false,false,,false,false,,,FEATURE_SEMANTICS_AUDIT_REQUIRED_LATER
774,COVAPIE_CYS_SG_EVENT_V1:4JMX:A:CYS:226-:SG:B:IM2:C7,4JMX,IM2,true,false,false,false,false,false,false,false,false,false,false,STRUCTURAL_EVIDENCE_INCOMPLETE,false,,NOT_IN_HUMAN_REVIEW_POPULATION,false,,UNRESOLVED,,UNRESOLVED,,UNRESOLVED,false,false,false,false,false,NOT_ESTABLISHED,false,null,false,false,false,false,false,false,false,,false,false,,,FEATURE_SEMANTICS_AUDIT_REQUIRED_LATER
775,COVAPIE_CYS_SG_EVENT_V1:4JWS:C:CYS:73-:SG:G:1N0:C16,4JWS,1N0,true,true,true,false,true,true,true,true,true,false,false,CURRENTLY_UNREVIEWED,true,COVAPIE_BULK_REVIEW_UNIT_80FE8023FD901B01,CURRENTLY_UNREVIEWED,false,data/derived/covalent_small/covapie_bulk_cys_sg_model_usable_auto_admission_scaleup_v1/covapie_bulk_cys_sg_priority_human_review_queue_v1.csv,UNRESOLVED,,UNRESOLVED,,UNRESOLVED,false,true,false,false,false,NOT_ESTABLISHED,false,null,false,false,false,false,false,false,false,,false,false,,,FEATURE_SEMANTICS_AUDIT_REQUIRED_LATER
776,COVAPIE_CYS_SG_EVENT_V1:4JWS:D:CYS:73-:SG:J:1N0:C16,4JWS,1N0,true,true,true,false,true,true,true,true,true,false,false,CURRENTLY_UNREVIEWED,true,COVAPIE_BULK_REVIEW_UNIT_80FE8023FD901B01,CURRENTLY_UNREVIEWED,false,data/derived/covalent_small/covapie_bulk_cys_sg_model_usable_auto_admission_scaleup_v1/covapie_bulk_cys_sg_priority_human_review_queue_v1.csv,UNRESOLVED,,UNRESOLVED,,UNRESOLVED,false,true,false,false,false,NOT_ESTABLISHED,false,null,false,false,false,false,false,false,false,,false,false,,,FEATURE_SEMANTICS_AUDIT_REQUIRED_LATER
777,COVAPIE_CYS_SG_EVENT_V1:4JWU:A:CYS:344-:SG:G:1N0:C2,4JWU,1N0,true,true,true,false,true,true,true,true,true,false,false,CURRENTLY_UNREVIEWED,true,COVAPIE_BULK_REVIEW_UNIT_D60E67E860A87B24,CURRENTLY_UNREVIEWED,false,data/derived/covalent_small/covapie_bulk_cys_sg_model_usable_auto_admission_scaleup_v1/covapie_bulk_cys_sg_priority_human_review_queue_v1.csv,UNRESOLVED,,UNRESOLVED,,UNRESOLVED,false,true,false,false,false,NOT_ESTABLISHED,false,null,false,false,false,false,false,false,false,,false,false,,,FEATURE_SEMANTICS_AUDIT_REQUIRED_LATER
778,COVAPIE_CYS_SG_EVENT_V1:4JWU:C:CYS:19-:SG:G:1N0:C16,4JWU,1N0,true,true,true,false,true,true,true,true,true,false,false,CURRENTLY_UNREVIEWED,true,COVAPIE_BULK_REVIEW_UNIT_80FE8023FD901B01,CURRENTLY_UNREVIEWED,false,data/derived/covalent_small/covapie_bulk_cys_sg_model_usable_auto_admission_scaleup_v1/covapie_bulk_cys_sg_priority_human_review_queue_v1.csv,UNRESOLVED,,UNRESOLVED,,UNRESOLVED,false,true,false,false,false,NOT_ESTABLISHED,false,null,false,false,false,false,false,false,false,,false,false,,,FEATURE_SEMANTICS_AUDIT_REQUIRED_LATER
779,COVAPIE_CYS_SG_EVENT_V1:4JX1:E:CYS:344-:SG:U:1N0:C2,4JX1,1N0,true,true,true,false,true,true,true,true,true,false,false,CURRENTLY_UNREVIEWED,true,COVAPIE_BULK_REVIEW_UNIT_D60E67E860A87B24,CURRENTLY_UNREVIEWED,false,data/derived/covalent_small/covapie_bulk_cys_sg_model_usable_auto_admission_scaleup_v1/covapie_bulk_cys_sg_priority_human_review_queue_v1.csv,UNRESOLVED,,UNRESOLVED,,UNRESOLVED,false,true,false,false,false,NOT_ESTABLISHED,false,null,false,false,false,false,false,false,false,,false,false,,,FEATURE_SEMANTICS_AUDIT_REQUIRED_LATER
780,COVAPIE_CYS_SG_EVENT_V1:4JX1:G:CYS:19-:SG:U:1N0:C16,4JX1,1N0,true,true,true,false,true,true,true,true,true,false,false,CURRENTLY_UNREVIEWED,true,COVAPIE_BULK_REVIEW_UNIT_80FE8023FD901B01,CURRENTLY_UNREVIEWED,false,data/derived/covalent_small/covapie_bulk_cys_sg_model_usable_auto_admission_scaleup_v1/covapie_bulk_cys_sg_priority_human_review_queue_v1.csv,UNRESOLVED,,UNRESOLVED,,UNRESOLVED,false,true,false,false,false,NOT_ESTABLISHED,false,null,false,false,false,false,false,false,false,,false,false,,,FEATURE_SEMANTICS_AUDIT_REQUIRED_LATER
781,COVAPIE_CYS_SG_EVENT_V1:4L1O:A:CYS:243-:SG:C:1VL:C7,4L1O,1VL,true,true,true,false,true,true,true,true,true,false,false,LEAKAGE_EXISTING_GROUP_CONFLICT,false,,NOT_IN_HUMAN_REVIEW_POPULATION,false,,UNRESOLVED,,UNRESOLVED,,UNRESOLVED,false,true,false,false,false,NOT_ESTABLISHED,false,null,false,false,false,false,false,false,false,,false,false,,,FEATURE_SEMANTICS_AUDIT_REQUIRED_LATER
782,COVAPIE_CYS_SG_EVENT_V1:4L1O:B:CYS:243-:SG:G:1VL:C7,4L1O,1VL,true,true,true,false,true,true,true,true,true,false,false,LEAKAGE_EXISTING_GROUP_CONFLICT,false,,NOT_IN_HUMAN_REVIEW_POPULATION,false,,UNRESOLVED,,UNRESOLVED,,UNRESOLVED,false,true,false,false,false,NOT_ESTABLISHED,false,null,false,false,false,false,false,false,false,,false,false,,,FEATURE_SEMANTICS_AUDIT_REQUIRED_LATER
783,COVAPIE_CYS_SG_EVENT_V1:4LL0:A:CYS:797-:SG:C:YUN:CAN,4LL0,YUN,true,true,true,false,true,true,true,true,true,false,false,COMPLETED_HUMAN_POSITIVE,true,COVAPIE_BULK_REVIEW_UNIT_1138FFC288DFD03D,COMPLETED_HUMAN_POSITIVE,true,covapie-state/manual-review-aids/cumulative1000-high-yield-calibration-v1/YUN_COVAPIE_BULK_REVIEW_UNIT_1138FFC288DFD03D/formal-human-decision-v1/yun_formal_human_decision_v1.json,POSITIVE,data/derived/covalent_small/covapie_yun_completed_decision_ingestion_and_task_label_availability_v1/covapie_yun_event_task_label_availability_v1.csv,RELEVANT,data/derived/covalent_small/covapie_yun_completed_decision_ingestion_and_task_label_availability_v1/covapie_yun_event_task_label_availability_v1.csv,INCLUDE,false,true,true,false,true,DIRECT_ATTACHMENT_OPTIONAL_LINKER_V1,true,"[0,3,4]",false,false,false,false,true,true,false,,false,false,false,data/derived/covalent_small/covapie_yun_completed_decision_ingestion_and_task_label_availability_v1/covapie_yun_event_task_label_availability_v1.csv,FEATURE_SEMANTICS_AUDIT_REQUIRED_LATER
784,COVAPIE_CYS_SG_EVENT_V1:4LL0:B:CYS:797-:SG:D:YUN:CAN,4LL0,YUN,true,true,true,false,true,true,true,true,true,false,false,COMPLETED_HUMAN_POSITIVE,true,COVAPIE_BULK_REVIEW_UNIT_1138FFC288DFD03D,COMPLETED_HUMAN_POSITIVE,true,covapie-state/manual-review-aids/cumulative1000-high-yield-calibration-v1/YUN_COVAPIE_BULK_REVIEW_UNIT_1138FFC288DFD03D/formal-human-decision-v1/yun_formal_human_decision_v1.json,POSITIVE,data/derived/covalent_small/covapie_yun_completed_decision_ingestion_and_task_label_availability_v1/covapie_yun_event_task_label_availability_v1.csv,RELEVANT,data/derived/covalent_small/covapie_yun_completed_decision_ingestion_and_task_label_availability_v1/covapie_yun_event_task_label_availability_v1.csv,INCLUDE,false,true,true,false,true,DIRECT_ATTACHMENT_OPTIONAL_LINKER_V1,true,"[0,3,4]",false,false,false,false,true,true,false,,false,false,false,data/derived/covalent_small/covapie_yun_completed_decision_ingestion_and_task_label_availability_v1/covapie_yun_event_task_label_availability_v1.csv,FEATURE_SEMANTICS_AUDIT_REQUIRED_LATER
785,COVAPIE_CYS_SG_EVENT_V1:4LQM:A:CYS:797-:SG:B:DJK:C51,4LQM,DJK,true,false,false,false,false,false,false,false,false,false,false,STRUCTURAL_EVIDENCE_INCOMPLETE,false,,NOT_IN_HUMAN_REVIEW_POPULATION,false,,UNRESOLVED,,UNRESOLVED,,UNRESOLVED,false,false,false,false,false,NOT_ESTABLISHED,false,null,false,false,false,false,false,false,false,,false,false,,,FEATURE_SEMANTICS_AUDIT_REQUIRED_LATER
786,COVAPIE_CYS_SG_EVENT_V1:4LRM:A:CYS:800-:SG:F:YUN:CAN,4LRM,YUN,true,true,true,false,true,true,true,true,true,false,false,COMPLETED_HUMAN_POSITIVE,true,COVAPIE_BULK_REVIEW_UNIT_1138FFC288DFD03D,COMPLETED_HUMAN_POSITIVE,true,covapie-state/manual-review-aids/cumulative1000-high-yield-calibration-v1/YUN_COVAPIE_BULK_REVIEW_UNIT_1138FFC288DFD03D/formal-human-decision-v1/yun_formal_human_decision_v1.json,POSITIVE,data/derived/covalent_small/covapie_yun_completed_decision_ingestion_and_task_label_availability_v1/covapie_yun_event_task_label_availability_v1.csv,RELEVANT,data/derived/covalent_small/covapie_yun_completed_decision_ingestion_and_task_label_availability_v1/covapie_yun_event_task_label_availability_v1.csv,INCLUDE,false,true,true,false,true,DIRECT_ATTACHMENT_OPTIONAL_LINKER_V1,true,"[0,3,4]",false,false,false,false,true,true,false,,false,false,false,data/derived/covalent_small/covapie_yun_completed_decision_ingestion_and_task_label_availability_v1/covapie_yun_event_task_label_availability_v1.csv,FEATURE_SEMANTICS_AUDIT_REQUIRED_LATER
787,COVAPIE_CYS_SG_EVENT_V1:4LRM:B:CYS:800-:SG:G:YUN:CAN,4LRM,YUN,true,true,true,false,true,true,true,true,true,false,false,COMPLETED_HUMAN_POSITIVE,true,COVAPIE_BULK_REVIEW_UNIT_1138FFC288DFD03D,COMPLETED_HUMAN_POSITIVE,true,covapie-state/manual-review-aids/cumulative1000-high-yield-calibration-v1/YUN_COVAPIE_BULK_REVIEW_UNIT_1138FFC288DFD03D/formal-human-decision-v1/yun_formal_human_decision_v1.json,POSITIVE,data/derived/covalent_small/covapie_yun_completed_decision_ingestion_and_task_label_availability_v1/covapie_yun_event_task_label_availability_v1.csv,RELEVANT,data/derived/covalent_small/covapie_yun_completed_decision_ingestion_and_task_label_availability_v1/covapie_yun_event_task_label_availability_v1.csv,INCLUDE,false,true,true,false,true,DIRECT_ATTACHMENT_OPTIONAL_LINKER_V1,true,"[0,3,4]",false,false,false,false,true,true,false,,false,false,false,data/derived/covalent_small/covapie_yun_completed_decision_ingestion_and_task_label_availability_v1/covapie_yun_event_task_label_availability_v1.csv,FEATURE_SEMANTICS_AUDIT_REQUIRED_LATER
788,COVAPIE_CYS_SG_EVENT_V1:4LRM:C:CYS:800-:SG:H:YUN:CAN,4LRM,YUN,true,true,true,false,true,true,true,true,true,false,false,COMPLETED_HUMAN_POSITIVE,true,COVAPIE_BULK_REVIEW_UNIT_1138FFC288DFD03D,COMPLETED_HUMAN_POSITIVE,true,covapie-state/manual-review-aids/cumulative1000-high-yield-calibration-v1/YUN_COVAPIE_BULK_REVIEW_UNIT_1138FFC288DFD03D/formal-human-decision-v1/yun_formal_human_decision_v1.json,POSITIVE,data/derived/covalent_small/covapie_yun_completed_decision_ingestion_and_task_label_availability_v1/covapie_yun_event_task_label_availability_v1.csv,RELEVANT,data/derived/covalent_small/covapie_yun_completed_decision_ingestion_and_task_label_availability_v1/covapie_yun_event_task_label_availability_v1.csv,INCLUDE,false,true,true,false,true,DIRECT_ATTACHMENT_OPTIONAL_LINKER_V1,true,"[0,3,4]",false,false,false,false,true,true,false,,false,false,false,data/derived/covalent_small/covapie_yun_completed_decision_ingestion_and_task_label_availability_v1/covapie_yun_event_task_label_availability_v1.csv,FEATURE_SEMANTICS_AUDIT_REQUIRED_LATER
789,COVAPIE_CYS_SG_EVENT_V1:4LRM:D:CYS:800-:SG:I:YUN:CAN,4LRM,YUN,true,true,true,false,true,true,true,true,true,false,false,COMPLETED_HUMAN_POSITIVE,true,COVAPIE_BULK_REVIEW_UNIT_1138FFC288DFD03D,COMPLETED_HUMAN_POSITIVE,true,covapie-state/manual-review-aids/cumulative1000-high-yield-calibration-v1/YUN_COVAPIE_BULK_REVIEW_UNIT_1138FFC288DFD03D/formal-human-decision-v1/yun_formal_human_decision_v1.json,POSITIVE,data/derived/covalent_small/covapie_yun_completed_decision_ingestion_and_task_label_availability_v1/covapie_yun_event_task_label_availability_v1.csv,RELEVANT,data/derived/covalent_small/covapie_yun_completed_decision_ingestion_and_task_label_availability_v1/covapie_yun_event_task_label_availability_v1.csv,INCLUDE,false,true,true,false,true,DIRECT_ATTACHMENT_OPTIONAL_LINKER_V1,true,"[0,3,4]",false,false,false,false,true,true,false,,false,false,false,data/derived/covalent_small/covapie_yun_completed_decision_ingestion_and_task_label_availability_v1/covapie_yun_event_task_label_availability_v1.csv,FEATURE_SEMANTICS_AUDIT_REQUIRED_LATER
790,COVAPIE_CYS_SG_EVENT_V1:4LRM:E:CYS:800-:SG:J:YUN:CAN,4LRM,YUN,true,true,true,false,true,true,true,true,true,false,false,COMPLETED_HUMAN_POSITIVE,true,COVAPIE_BULK_REVIEW_UNIT_1138FFC288DFD03D,COMPLETED_HUMAN_POSITIVE,true,covapie-state/manual-review-aids/cumulative1000-high-yield-calibration-v1/YUN_COVAPIE_BULK_REVIEW_UNIT_1138FFC288DFD03D/formal-human-decision-v1/yun_formal_human_decision_v1.json,POSITIVE,data/derived/covalent_small/covapie_yun_completed_decision_ingestion_and_task_label_availability_v1/covapie_yun_event_task_label_availability_v1.csv,RELEVANT,data/derived/covalent_small/covapie_yun_completed_decision_ingestion_and_task_label_availability_v1/covapie_yun_event_task_label_availability_v1.csv,INCLUDE,false,true,true,false,true,DIRECT_ATTACHMENT_OPTIONAL_LINKER_V1,true,"[0,3,4]",false,false,false,false,true,true,false,,false,false,false,data/derived/covalent_small/covapie_yun_completed_decision_ingestion_and_task_label_availability_v1/covapie_yun_event_task_label_availability_v1.csv,FEATURE_SEMANTICS_AUDIT_REQUIRED_LATER
791,COVAPIE_CYS_SG_EVENT_V1:4LS8:A:CYS:164-:SG:C:1XG:C3,4LS8,1XG,true,true,true,false,true,true,true,true,true,false,false,CURRENTLY_UNREVIEWED,true,COVAPIE_BULK_REVIEW_UNIT_8B9A718D21F20B7D,CURRENTLY_UNREVIEWED,false,data/derived/covalent_small/covapie_bulk_cys_sg_model_usable_auto_admission_scaleup_v1/covapie_bulk_cys_sg_priority_human_review_queue_v1.csv,UNRESOLVED,,UNRESOLVED,,UNRESOLVED,false,true,false,false,false,NOT_ESTABLISHED,false,null,false,false,false,false,false,false,false,,false,false,,,FEATURE_SEMANTICS_AUDIT_REQUIRED_LATER
792,COVAPIE_CYS_SG_EVENT_V1:4LS8:B:CYS:164-:SG:J:1XG:C3,4LS8,1XG,true,true,true,false,true,true,true,true,true,false,false,CURRENTLY_UNREVIEWED,true,COVAPIE_BULK_REVIEW_UNIT_8B9A718D21F20B7D,CURRENTLY_UNREVIEWED,false,data/derived/covalent_small/covapie_bulk_cys_sg_model_usable_auto_admission_scaleup_v1/covapie_bulk_cys_sg_priority_human_review_queue_v1.csv,UNRESOLVED,,UNRESOLVED,,UNRESOLVED,false,true,false,false,false,NOT_ESTABLISHED,false,null,false,false,false,false,false,false,false,,false,false,,,FEATURE_SEMANTICS_AUDIT_REQUIRED_LATER
793,COVAPIE_CYS_SG_EVENT_V1:4LUC:A:CYS:12-:SG:E:20G:S19,4LUC,20G,true,true,true,false,true,true,true,true,true,false,false,LEAKAGE_EXISTING_GROUP_CONFLICT,false,,NOT_IN_HUMAN_REVIEW_POPULATION,false,,UNRESOLVED,,UNRESOLVED,,UNRESOLVED,false,true,false,false,false,NOT_ESTABLISHED,false,null,false,false,false,false,false,false,false,,false,false,,,FEATURE_SEMANTICS_AUDIT_REQUIRED_LATER
794,COVAPIE_CYS_SG_EVENT_V1:4LUC:B:CYS:12-:SG:I:20G:S19,4LUC,20G,true,true,true,false,true,true,true,true,true,false,false,LEAKAGE_EXISTING_GROUP_CONFLICT,false,,NOT_IN_HUMAN_REVIEW_POPULATION,false,,UNRESOLVED,,UNRESOLVED,,UNRESOLVED,false,true,false,false,false,NOT_ESTABLISHED,false,null,false,false,false,false,false,false,false,,false,false,,,FEATURE_SEMANTICS_AUDIT_REQUIRED_LATER
795,COVAPIE_CYS_SG_EVENT_V1:4LV6:A:CYS:12-:SG:E:20H:S17,4LV6,20H,true,true,true,false,true,true,true,true,true,false,false,LEAKAGE_EXISTING_GROUP_CONFLICT,false,,NOT_IN_HUMAN_REVIEW_POPULATION,false,,UNRESOLVED,,UNRESOLVED,,UNRESOLVED,false,true,false,false,false,NOT_ESTABLISHED,false,null,false,false,false,false,false,false,false,,false,false,,,FEATURE_SEMANTICS_AUDIT_REQUIRED_LATER
796,COVAPIE_CYS_SG_EVENT_V1:4LV6:B:CYS:12-:SG:I:20H:S17,4LV6,20H,true,true,true,false,true,true,true,true,true,false,false,LEAKAGE_EXISTING_GROUP_CONFLICT,false,,NOT_IN_HUMAN_REVIEW_POPULATION,false,,UNRESOLVED,,UNRESOLVED,,UNRESOLVED,false,true,false,false,false,NOT_ESTABLISHED,false,null,false,false,false,false,false,false,false,,false,false,,,FEATURE_SEMANTICS_AUDIT_REQUIRED_LATER
797,COVAPIE_CYS_SG_EVENT_V1:4LYF:B:CYS:12-:SG:E:21C:C18,4LYF,21C,true,false,false,false,false,false,false,false,false,false,false,STRUCTURAL_EVIDENCE_INCOMPLETE,false,,NOT_IN_HUMAN_REVIEW_POPULATION,false,,UNRESOLVED,,UNRESOLVED,,UNRESOLVED,false,false,false,false,false,NOT_ESTABLISHED,false,null,false,false,false,false,false,false,false,,false,false,,,FEATURE_SEMANTICS_AUDIT_REQUIRED_LATER
798,COVAPIE_CYS_SG_EVENT_V1:4LYH:B:CYS:12-:SG:F:21F:C17,4LYH,21F,true,true,true,false,true,true,true,true,true,false,false,LEAKAGE_EXISTING_GROUP_CONFLICT,false,,NOT_IN_HUMAN_REVIEW_POPULATION,false,,UNRESOLVED,,UNRESOLVED,,UNRESOLVED,false,true,false,false,false,NOT_ESTABLISHED,false,null,false,false,false,false,false,false,false,,false,false,,,FEATURE_SEMANTICS_AUDIT_REQUIRED_LATER
799,COVAPIE_CYS_SG_EVENT_V1:4LYH:C:CYS:12-:SG:I:21F:C17,4LYH,21F,true,true,true,false,true,true,true,true,true,false,false,LEAKAGE_EXISTING_GROUP_CONFLICT,false,,NOT_IN_HUMAN_REVIEW_POPULATION,false,,UNRESOLVED,,UNRESOLVED,,UNRESOLVED,false,true,false,false,false,NOT_ESTABLISHED,false,null,false,false,false,false,false,false,false,,false,false,,,FEATURE_SEMANTICS_AUDIT_REQUIRED_LATER
800,COVAPIE_CYS_SG_EVENT_V1:4LYJ:A:CYS:12-:SG:C:21F:C17,4LYJ,21F,true,true,true,false,true,true,true,true,true,false,false,LEAKAGE_EXISTING_GROUP_CONFLICT,false,,NOT_IN_HUMAN_REVIEW_POPULATION,false,,UNRESOLVED,,UNRESOLVED,,UNRESOLVED,false,true,false,false,false,NOT_ESTABLISHED,false,null,false,false,false,false,false,false,false,,false,false,,,FEATURE_SEMANTICS_AUDIT_REQUIRED_LATER
801,COVAPIE_CYS_SG_EVENT_V1:4M1O:B:CYS:12-:SG:E:21J:C28,4M1O,21J,true,false,false,false,false,false,false,false,false,false,false,STRUCTURAL_EVIDENCE_INCOMPLETE,false,,NOT_IN_HUMAN_REVIEW_POPULATION,false,,UNRESOLVED,,UNRESOLVED,,UNRESOLVED,false,false,false,false,false,NOT_ESTABLISHED,false,null,false,false,false,false,false,false,false,,false,false,,,FEATURE_SEMANTICS_AUDIT_REQUIRED_LATER
802,COVAPIE_CYS_SG_EVENT_V1:4M1S:B:CYS:12-:SG:E:21K:C23,4M1S,21K,true,false,false,false,false,false,false,false,false,false,false,STRUCTURAL_EVIDENCE_INCOMPLETE,false,,NOT_IN_HUMAN_REVIEW_POPULATION,false,,UNRESOLVED,,UNRESOLVED,,UNRESOLVED,false,false,false,false,false,NOT_ESTABLISHED,false,null,false,false,false,false,false,false,false,,false,false,,,FEATURE_SEMANTICS_AUDIT_REQUIRED_LATER
803,COVAPIE_CYS_SG_EVENT_V1:4M1T:B:CYS:12-:SG:E:21M:C16,4M1T,21M,true,false,false,false,false,false,false,false,false,false,false,STRUCTURAL_EVIDENCE_INCOMPLETE,false,,NOT_IN_HUMAN_REVIEW_POPULATION,false,,UNRESOLVED,,UNRESOLVED,,UNRESOLVED,false,false,false,false,false,NOT_ESTABLISHED,false,null,false,false,false,false,false,false,false,,false,false,,,FEATURE_SEMANTICS_AUDIT_REQUIRED_LATER
804,COVAPIE_CYS_SG_EVENT_V1:4M1W:A:CYS:12-:SG:E:21R:C25,4M1W,21R,true,true,true,false,true,true,true,true,true,false,false,LEAKAGE_EXISTING_GROUP_CONFLICT,false,,NOT_IN_HUMAN_REVIEW_POPULATION,false,,UNRESOLVED,,UNRESOLVED,,UNRESOLVED,false,true,false,false,false,NOT_ESTABLISHED,false,null,false,false,false,false,false,false,false,,false,false,,,FEATURE_SEMANTICS_AUDIT_REQUIRED_LATER
805,COVAPIE_CYS_SG_EVENT_V1:4M1W:B:CYS:12-:SG:G:21R:C25,4M1W,21R,true,true,true,false,true,true,true,true,true,false,false,LEAKAGE_EXISTING_GROUP_CONFLICT,false,,NOT_IN_HUMAN_REVIEW_POPULATION,false,,UNRESOLVED,,UNRESOLVED,,UNRESOLVED,false,true,false,false,false,NOT_ESTABLISHED,false,null,false,false,false,false,false,false,false,,false,false,,,FEATURE_SEMANTICS_AUDIT_REQUIRED_LATER
806,COVAPIE_CYS_SG_EVENT_V1:4M1W:C:CYS:12-:SG:I:21R:C25,4M1W,21R,true,true,true,false,true,true,true,true,true,false,false,LEAKAGE_EXISTING_GROUP_CONFLICT,false,,NOT_IN_HUMAN_REVIEW_POPULATION,false,,UNRESOLVED,,UNRESOLVED,,UNRESOLVED,false,true,false,false,false,NOT_ESTABLISHED,false,null,false,false,false,false,false,false,false,,false,false,,,FEATURE_SEMANTICS_AUDIT_REQUIRED_LATER
807,COVAPIE_CYS_SG_EVENT_V1:4M1Y:B:CYS:12-:SG:E:21S:C14,4M1Y,21S,true,false,false,false,false,false,false,false,false,false,false,STRUCTURAL_EVIDENCE_INCOMPLETE,false,,NOT_IN_HUMAN_REVIEW_POPULATION,false,,UNRESOLVED,,UNRESOLVED,,UNRESOLVED,false,false,false,false,false,NOT_ESTABLISHED,false,null,false,false,false,false,false,false,false,,false,false,,,FEATURE_SEMANTICS_AUDIT_REQUIRED_LATER
808,COVAPIE_CYS_SG_EVENT_V1:4M21:B:CYS:12-:SG:E:21Y:C21,4M21,21Y,true,false,false,false,false,false,false,false,false,false,false,STRUCTURAL_EVIDENCE_INCOMPLETE,false,,NOT_IN_HUMAN_REVIEW_POPULATION,false,,UNRESOLVED,,UNRESOLVED,,UNRESOLVED,false,false,false,false,false,NOT_ESTABLISHED,false,null,false,false,false,false,false,false,false,,false,false,,,FEATURE_SEMANTICS_AUDIT_REQUIRED_LATER
809,COVAPIE_CYS_SG_EVENT_V1:4M22:B:CYS:12-:SG:G:22C:C18,4M22,22C,true,true,true,false,true,true,true,true,true,false,false,LEAKAGE_EXISTING_GROUP_CONFLICT,false,,NOT_IN_HUMAN_REVIEW_POPULATION,false,,UNRESOLVED,,UNRESOLVED,,UNRESOLVED,false,true,false,false,false,NOT_ESTABLISHED,false,null,false,false,false,false,false,false,false,,false,false,,,FEATURE_SEMANTICS_AUDIT_REQUIRED_LATER
810,COVAPIE_CYS_SG_EVENT_V1:4M22:C:CYS:12-:SG:J:22C:C18,4M22,22C,true,true,true,false,true,true,true,true,true,false,false,LEAKAGE_EXISTING_GROUP_CONFLICT,false,,NOT_IN_HUMAN_REVIEW_POPULATION,false,,UNRESOLVED,,UNRESOLVED,,UNRESOLVED,false,true,false,false,false,NOT_ESTABLISHED,false,null,false,false,false,false,false,false,false,,false,false,,,FEATURE_SEMANTICS_AUDIT_REQUIRED_LATER
811,COVAPIE_CYS_SG_EVENT_V1:4MAO:A:CYS:436-:SG:B:28D:C09,4MAO,28D,true,true,true,false,true,true,true,true,true,false,false,CURRENTLY_UNREVIEWED,true,COVAPIE_BULK_REVIEW_UNIT_82EEF3B33E6C2CFA,CURRENTLY_UNREVIEWED,false,data/derived/covalent_small/covapie_bulk_cys_sg_model_usable_auto_admission_scaleup_v1/covapie_bulk_cys_sg_priority_human_review_queue_v1.csv,UNRESOLVED,,UNRESOLVED,,UNRESOLVED,false,true,false,false,false,NOT_ESTABLISHED,false,null,false,false,false,false,false,false,false,,false,false,,,FEATURE_SEMANTICS_AUDIT_REQUIRED_LATER
812,COVAPIE_CYS_SG_EVENT_V1:4MNV:B:CYS:2-:SG:G:ZBR:C7,4MNV,ZBR,true,true,true,false,true,true,true,true,true,true,false,QUARANTINE_REPRESENTATION_GAP,false,,NOT_IN_HUMAN_REVIEW_POPULATION,false,,UNRESOLVED,,UNRESOLVED,,UNRESOLVED,false,true,false,false,false,NOT_ESTABLISHED,false,null,false,false,false,false,false,false,false,,false,false,,,FEATURE_SEMANTICS_AUDIT_REQUIRED_LATER
813,COVAPIE_CYS_SG_EVENT_V1:4MNV:B:CYS:7-:SG:G:ZBR:C9,4MNV,ZBR,true,true,true,false,true,true,true,true,true,true,false,QUARANTINE_REPRESENTATION_GAP,false,,NOT_IN_HUMAN_REVIEW_POPULATION,false,,UNRESOLVED,,UNRESOLVED,,UNRESOLVED,false,true,false,false,false,NOT_ESTABLISHED,false,null,false,false,false,false,false,false,false,,false,false,,,FEATURE_SEMANTICS_AUDIT_REQUIRED_LATER
814,COVAPIE_CYS_SG_EVENT_V1:4MNV:C:CYS:12-:SG:G:ZBR:C8,4MNV,ZBR,true,true,true,false,true,true,true,true,true,true,false,QUARANTINE_REPRESENTATION_GAP,false,,NOT_IN_HUMAN_REVIEW_POPULATION,false,,UNRESOLVED,,UNRESOLVED,,UNRESOLVED,false,true,false,false,false,NOT_ESTABLISHED,false,null,false,false,false,false,false,false,false,,false,false,,,FEATURE_SEMANTICS_AUDIT_REQUIRED_LATER
815,COVAPIE_CYS_SG_EVENT_V1:4MNW:B:CYS:12-:SG:K:ZBR:C7,4MNW,ZBR,true,true,true,false,true,true,true,true,true,true,false,QUARANTINE_REPRESENTATION_GAP,false,,NOT_IN_HUMAN_REVIEW_POPULATION,false,,UNRESOLVED,,UNRESOLVED,,UNRESOLVED,false,true,false,false,false,NOT_ESTABLISHED,false,null,false,false,false,false,false,false,false,,false,false,,,FEATURE_SEMANTICS_AUDIT_REQUIRED_LATER
816,COVAPIE_CYS_SG_EVENT_V1:4MNW:B:CYS:2-:SG:K:ZBR:C8,4MNW,ZBR,true,true,true,false,true,true,true,true,true,true,false,QUARANTINE_REPRESENTATION_GAP,false,,NOT_IN_HUMAN_REVIEW_POPULATION,false,,UNRESOLVED,,UNRESOLVED,,UNRESOLVED,false,true,false,false,false,NOT_ESTABLISHED,false,null,false,false,false,false,false,false,false,,false,false,,,FEATURE_SEMANTICS_AUDIT_REQUIRED_LATER
817,COVAPIE_CYS_SG_EVENT_V1:4MNW:B:CYS:7-:SG:K:ZBR:C9,4MNW,ZBR,true,true,true,false,true,true,true,true,true,true,false,QUARANTINE_REPRESENTATION_GAP,false,,NOT_IN_HUMAN_REVIEW_POPULATION,false,,UNRESOLVED,,UNRESOLVED,,UNRESOLVED,false,true,false,false,false,NOT_ESTABLISHED,false,null,false,false,false,false,false,false,false,,false,false,,,FEATURE_SEMANTICS_AUDIT_REQUIRED_LATER
818,COVAPIE_CYS_SG_EVENT_V1:4MNX:B:CYS:12-:SG:F:29N:C16,4MNX,29N,true,true,true,false,true,true,true,true,true,false,false,CURRENTLY_UNREVIEWED,true,COVAPIE_BULK_REVIEW_UNIT_8768356AAF93FAA4,CURRENTLY_UNREVIEWED,false,data/derived/covalent_small/covapie_bulk_cys_sg_model_usable_auto_admission_scaleup_v1/covapie_bulk_cys_sg_priority_human_review_queue_v1.csv,UNRESOLVED,,UNRESOLVED,,UNRESOLVED,false,true,false,false,false,NOT_ESTABLISHED,false,null,false,false,false,false,false,false,false,,false,false,,,FEATURE_SEMANTICS_AUDIT_REQUIRED_LATER
819,COVAPIE_CYS_SG_EVENT_V1:4MNX:B:CYS:2-:SG:F:29N:C19,4MNX,29N,true,true,true,false,true,true,true,true,true,false,false,CURRENTLY_UNREVIEWED,true,COVAPIE_BULK_REVIEW_UNIT_4453BD6F0D2F7A65,CURRENTLY_UNREVIEWED,false,data/derived/covalent_small/covapie_bulk_cys_sg_model_usable_auto_admission_scaleup_v1/covapie_bulk_cys_sg_priority_human_review_queue_v1.csv,UNRESOLVED,,UNRESOLVED,,UNRESOLVED,false,true,false,false,false,NOT_ESTABLISHED,false,null,false,false,false,false,false,false,false,,false,false,,,FEATURE_SEMANTICS_AUDIT_REQUIRED_LATER
820,COVAPIE_CYS_SG_EVENT_V1:4MNX:B:CYS:7-:SG:F:29N:C25,4MNX,29N,true,true,true,false,true,true,true,true,true,false,false,CURRENTLY_UNREVIEWED,true,COVAPIE_BULK_REVIEW_UNIT_93E931C8D09EA7BC,CURRENTLY_UNREVIEWED,false,data/derived/covalent_small/covapie_bulk_cys_sg_model_usable_auto_admission_scaleup_v1/covapie_bulk_cys_sg_priority_human_review_queue_v1.csv,UNRESOLVED,,UNRESOLVED,,UNRESOLVED,false,true,false,false,false,NOT_ESTABLISHED,false,null,false,false,false,false,false,false,false,,false,false,,,FEATURE_SEMANTICS_AUDIT_REQUIRED_LATER
821,COVAPIE_CYS_SG_EVENT_V1:4MNY:C:CYS:12-:SG:Q:29O:C12,4MNY,29O,true,true,true,false,true,true,true,true,true,true,false,QUARANTINE_REPRESENTATION_GAP,false,,NOT_IN_HUMAN_REVIEW_POPULATION,false,,UNRESOLVED,,UNRESOLVED,,UNRESOLVED,false,true,false,false,false,NOT_ESTABLISHED,false,null,false,false,false,false,false,false,false,,false,false,,,FEATURE_SEMANTICS_AUDIT_REQUIRED_LATER
822,COVAPIE_CYS_SG_EVENT_V1:4MNY:C:CYS:2-:SG:Q:29O:C9,4MNY,29O,true,true,true,false,true,true,true,true,true,true,false,QUARANTINE_REPRESENTATION_GAP,false,,NOT_IN_HUMAN_REVIEW_POPULATION,false,,UNRESOLVED,,UNRESOLVED,,UNRESOLVED,false,true,false,false,false,NOT_ESTABLISHED,false,null,false,false,false,false,false,false,false,,false,false,,,FEATURE_SEMANTICS_AUDIT_REQUIRED_LATER
823,COVAPIE_CYS_SG_EVENT_V1:4MNY:C:CYS:7-:SG:Q:29O:C10,4MNY,29O,true,true,true,false,true,true,true,true,true,true,false,QUARANTINE_REPRESENTATION_GAP,false,,NOT_IN_HUMAN_REVIEW_POPULATION,false,,UNRESOLVED,,UNRESOLVED,,UNRESOLVED,false,true,false,false,false,NOT_ESTABLISHED,false,null,false,false,false,false,false,false,false,,false,false,,,FEATURE_SEMANTICS_AUDIT_REQUIRED_LATER
824,COVAPIE_CYS_SG_EVENT_V1:4MNY:D:CYS:12-:SG:R:29O:C12,4MNY,29O,true,true,true,false,true,true,true,true,true,true,false,QUARANTINE_REPRESENTATION_GAP,false,,NOT_IN_HUMAN_REVIEW_POPULATION,false,,UNRESOLVED,,UNRESOLVED,,UNRESOLVED,false,true,false,false,false,NOT_ESTABLISHED,false,null,false,false,false,false,false,false,false,,false,false,,,FEATURE_SEMANTICS_AUDIT_REQUIRED_LATER
825,COVAPIE_CYS_SG_EVENT_V1:4MNY:D:CYS:2-:SG:R:29O:C9,4MNY,29O,true,true,true,false,true,true,true,true,true,true,false,QUARANTINE_REPRESENTATION_GAP,false,,NOT_IN_HUMAN_REVIEW_POPULATION,false,,UNRESOLVED,,UNRESOLVED,,UNRESOLVED,false,true,false,false,false,NOT_ESTABLISHED,false,null,false,false,false,false,false,false,false,,false,false,,,FEATURE_SEMANTICS_AUDIT_REQUIRED_LATER
826,COVAPIE_CYS_SG_EVENT_V1:4MNY:D:CYS:7-:SG:R:29O:C10,4MNY,29O,true,true,true,false,true,true,true,true,true,true,false,QUARANTINE_REPRESENTATION_GAP,false,,NOT_IN_HUMAN_REVIEW_POPULATION,false,,UNRESOLVED,,UNRESOLVED,,UNRESOLVED,false,true,false,false,false,NOT_ESTABLISHED,false,null,false,false,false,false,false,false,false,,false,false,,,FEATURE_SEMANTICS_AUDIT_REQUIRED_LATER
827,COVAPIE_CYS_SG_EVENT_V1:4MT4:A:CYS:1-:SG:K:3PK:CG3,4MT4,3PK,true,true,true,false,true,true,true,true,true,true,false,QUARANTINE_REPRESENTATION_GAP,false,,NOT_IN_HUMAN_REVIEW_POPULATION,false,,UNRESOLVED,,UNRESOLVED,,UNRESOLVED,false,true,false,false,false,NOT_ESTABLISHED,false,null,false,false,false,false,false,false,false,,false,false,,,FEATURE_SEMANTICS_AUDIT_REQUIRED_LATER
828,COVAPIE_CYS_SG_EVENT_V1:4MT4:B:CYS:1-:SG:S:3PK:CG3,4MT4,3PK,true,true,true,false,true,true,true,true,true,true,false,QUARANTINE_REPRESENTATION_GAP,false,,NOT_IN_HUMAN_REVIEW_POPULATION,false,,UNRESOLVED,,UNRESOLVED,,UNRESOLVED,false,true,false,false,false,NOT_ESTABLISHED,false,null,false,false,false,false,false,false,false,,false,false,,,FEATURE_SEMANTICS_AUDIT_REQUIRED_LATER
829,COVAPIE_CYS_SG_EVENT_V1:4MT4:C:CYS:1-:SG:Z:3PK:CG3,4MT4,3PK,true,true,true,false,true,true,true,true,true,true,false,QUARANTINE_REPRESENTATION_GAP,false,,NOT_IN_HUMAN_REVIEW_POPULATION,false,,UNRESOLVED,,UNRESOLVED,,UNRESOLVED,false,true,false,false,false,NOT_ESTABLISHED,false,null,false,false,false,false,false,false,false,,false,false,,,FEATURE_SEMANTICS_AUDIT_REQUIRED_LATER
830,COVAPIE_CYS_SG_EVENT_V1:4MZ4:A:CYS:366-:SG:C:2F3:C9,4MZ4,2F3,true,true,true,false,true,true,true,true,true,false,false,LEAKAGE_EXISTING_GROUP_CONFLICT,false,,NOT_IN_HUMAN_REVIEW_POPULATION,false,,UNRESOLVED,,UNRESOLVED,,UNRESOLVED,false,true,false,false,false,NOT_ESTABLISHED,false,null,false,false,false,false,false,false,false,,false,false,,,FEATURE_SEMANTICS_AUDIT_REQUIRED_LATER
831,COVAPIE_CYS_SG_EVENT_V1:4MZ4:B:CYS:366-:SG:G:2F3:C9,4MZ4,2F3,true,true,true,false,true,true,true,true,true,false,false,LEAKAGE_EXISTING_GROUP_CONFLICT,false,,NOT_IN_HUMAN_REVIEW_POPULATION,false,,UNRESOLVED,,UNRESOLVED,,UNRESOLVED,false,true,false,false,false,NOT_ESTABLISHED,false,null,false,false,false,false,false,false,false,,false,false,,,FEATURE_SEMANTICS_AUDIT_REQUIRED_LATER
832,COVAPIE_CYS_SG_EVENT_V1:4MZO:A:CYS:147-:SG:I:2EW:C14,4MZO,2EW,true,true,true,false,true,true,true,true,true,false,false,LEAKAGE_EXISTING_GROUP_CONFLICT,false,,NOT_IN_HUMAN_REVIEW_POPULATION,false,,UNRESOLVED,,UNRESOLVED,,UNRESOLVED,false,true,false,false,false,NOT_ESTABLISHED,false,null,false,false,false,false,false,false,false,,false,false,,,FEATURE_SEMANTICS_AUDIT_REQUIRED_LATER
833,COVAPIE_CYS_SG_EVENT_V1:4MZO:B:CYS:147-:SG:J:2EW:C14,4MZO,2EW,true,true,true,false,true,true,true,true,true,false,false,LEAKAGE_EXISTING_GROUP_CONFLICT,false,,NOT_IN_HUMAN_REVIEW_POPULATION,false,,UNRESOLVED,,UNRESOLVED,,UNRESOLVED,false,true,false,false,false,NOT_ESTABLISHED,false,null,false,false,false,false,false,false,false,,false,false,,,FEATURE_SEMANTICS_AUDIT_REQUIRED_LATER
834,COVAPIE_CYS_SG_EVENT_V1:4MZO:C:CYS:147-:SG:K:2EW:C14,4MZO,2EW,true,true,true,false,true,true,true,true,true,false,false,LEAKAGE_EXISTING_GROUP_CONFLICT,false,,NOT_IN_HUMAN_REVIEW_POPULATION,false,,UNRESOLVED,,UNRESOLVED,,UNRESOLVED,false,true,false,false,false,NOT_ESTABLISHED,false,null,false,false,false,false,false,false,false,,false,false,,,FEATURE_SEMANTICS_AUDIT_REQUIRED_LATER
835,COVAPIE_CYS_SG_EVENT_V1:4MZO:D:CYS:147-:SG:L:2EW:C14,4MZO,2EW,true,true,true,false,true,true,true,true,true,false,false,LEAKAGE_EXISTING_GROUP_CONFLICT,false,,NOT_IN_HUMAN_REVIEW_POPULATION,false,,UNRESOLVED,,UNRESOLVED,,UNRESOLVED,false,true,false,false,false,NOT_ESTABLISHED,false,null,false,false,false,false,false,false,false,,false,false,,,FEATURE_SEMANTICS_AUDIT_REQUIRED_LATER
836,COVAPIE_CYS_SG_EVENT_V1:4MZO:E:CYS:147-:SG:M:2EW:C14,4MZO,2EW,true,true,true,false,true,true,true,true,true,false,false,LEAKAGE_EXISTING_GROUP_CONFLICT,false,,NOT_IN_HUMAN_REVIEW_POPULATION,false,,UNRESOLVED,,UNRESOLVED,,UNRESOLVED,false,true,false,false,false,NOT_ESTABLISHED,false,null,false,false,false,false,false,false,false,,false,false,,,FEATURE_SEMANTICS_AUDIT_REQUIRED_LATER
837,COVAPIE_CYS_SG_EVENT_V1:4MZO:F:CYS:147-:SG:N:2EW:C14,4MZO,2EW,true,true,true,false,true,true,true,true,true,false,false,LEAKAGE_EXISTING_GROUP_CONFLICT,false,,NOT_IN_HUMAN_REVIEW_POPULATION,false,,UNRESOLVED,,UNRESOLVED,,UNRESOLVED,false,true,false,false,false,NOT_ESTABLISHED,false,null,false,false,false,false,false,false,false,,false,false,,,FEATURE_SEMANTICS_AUDIT_REQUIRED_LATER
838,COVAPIE_CYS_SG_EVENT_V1:4MZO:G:CYS:147-:SG:O:2EW:C14,4MZO,2EW,true,true,true,false,true,true,true,true,true,false,false,LEAKAGE_EXISTING_GROUP_CONFLICT,false,,NOT_IN_HUMAN_REVIEW_POPULATION,false,,UNRESOLVED,,UNRESOLVED,,UNRESOLVED,false,true,false,false,false,NOT_ESTABLISHED,false,null,false,false,false,false,false,false,false,,false,false,,,FEATURE_SEMANTICS_AUDIT_REQUIRED_LATER
839,COVAPIE_CYS_SG_EVENT_V1:4MZO:H:CYS:147-:SG:P:2EW:C14,4MZO,2EW,true,true,true,false,true,true,true,true,true,false,false,LEAKAGE_EXISTING_GROUP_CONFLICT,false,,NOT_IN_HUMAN_REVIEW_POPULATION,false,,UNRESOLVED,,UNRESOLVED,,UNRESOLVED,false,true,false,false,false,NOT_ESTABLISHED,false,null,false,false,false,false,false,false,false,,false,false,,,FEATURE_SEMANTICS_AUDIT_REQUIRED_LATER
840,COVAPIE_CYS_SG_EVENT_V1:4MZS:A:CYS:147-:SG:C:2EV:C14,4MZS,2EV,true,true,true,false,true,true,true,true,true,false,false,LEAKAGE_EXISTING_GROUP_CONFLICT,false,,NOT_IN_HUMAN_REVIEW_POPULATION,false,,UNRESOLVED,,UNRESOLVED,,UNRESOLVED,false,true,false,false,false,NOT_ESTABLISHED,false,null,false,false,false,false,false,false,false,,false,false,,,FEATURE_SEMANTICS_AUDIT_REQUIRED_LATER
841,COVAPIE_CYS_SG_EVENT_V1:4MZS:B:CYS:147-:SG:D:2EV:C14,4MZS,2EV,true,true,true,false,true,true,true,true,true,false,false,LEAKAGE_EXISTING_GROUP_CONFLICT,false,,NOT_IN_HUMAN_REVIEW_POPULATION,false,,UNRESOLVED,,UNRESOLVED,,UNRESOLVED,false,true,false,false,false,NOT_ESTABLISHED,false,null,false,false,false,false,false,false,false,,false,false,,,FEATURE_SEMANTICS_AUDIT_REQUIRED_LATER
842,COVAPIE_CYS_SG_EVENT_V1:4NCR:A:CYS:387-:SG:C:26J:NBE,4NCR,26J,true,true,true,false,true,true,true,true,true,false,false,CURRENTLY_UNREVIEWED,true,COVAPIE_BULK_REVIEW_UNIT_C2AF4046BA8F151C,CURRENTLY_UNREVIEWED,false,data/derived/covalent_small/covapie_bulk_cys_sg_model_usable_auto_admission_scaleup_v1/covapie_bulk_cys_sg_priority_human_review_queue_v1.csv,UNRESOLVED,,UNRESOLVED,,UNRESOLVED,false,true,false,false,false,NOT_ESTABLISHED,false,null,false,false,false,false,false,false,false,,false,false,,,FEATURE_SEMANTICS_AUDIT_REQUIRED_LATER
843,COVAPIE_CYS_SG_EVENT_V1:4NCR:B:CYS:387-:SG:H:26J:NBE,4NCR,26J,true,true,true,false,true,true,true,true,true,false,false,CURRENTLY_UNREVIEWED,true,COVAPIE_BULK_REVIEW_UNIT_C2AF4046BA8F151C,CURRENTLY_UNREVIEWED,false,data/derived/covalent_small/covapie_bulk_cys_sg_model_usable_auto_admission_scaleup_v1/covapie_bulk_cys_sg_priority_human_review_queue_v1.csv,UNRESOLVED,,UNRESOLVED,,UNRESOLVED,false,true,false,false,false,NOT_ESTABLISHED,false,null,false,false,false,false,false,false,false,,false,false,,,FEATURE_SEMANTICS_AUDIT_REQUIRED_LATER
844,COVAPIE_CYS_SG_EVENT_V1:4NI0:B:CYS:93-:SG:M:2P3:S1,4NI0,2P3,true,true,true,false,true,true,true,true,true,false,false,CURRENTLY_UNREVIEWED,true,COVAPIE_BULK_REVIEW_UNIT_0F1DA0216E1ABE09,CURRENTLY_UNREVIEWED,false,data/derived/covalent_small/covapie_bulk_cys_sg_model_usable_auto_admission_scaleup_v1/covapie_bulk_cys_sg_priority_human_review_queue_v1.csv,UNRESOLVED,,UNRESOLVED,,UNRESOLVED,false,true,false,false,false,NOT_ESTABLISHED,false,null,false,false,false,false,false,false,false,,false,false,,,FEATURE_SEMANTICS_AUDIT_REQUIRED_LATER
845,COVAPIE_CYS_SG_EVENT_V1:4NJ4:A:CYS:200-:SG:G:UN9:C7,4NJ4,UN9,true,true,true,false,true,true,true,true,true,true,false,QUARANTINE_REPRESENTATION_GAP,false,,NOT_IN_HUMAN_REVIEW_POPULATION,false,,UNRESOLVED,,UNRESOLVED,,UNRESOLVED,false,true,false,false,false,NOT_ESTABLISHED,false,null,false,false,false,false,false,false,false,,false,false,,,FEATURE_SEMANTICS_AUDIT_REQUIRED_LATER
846,COVAPIE_CYS_SG_EVENT_V1:4NJ4:B:CYS:200-:SG:L:UN9:C7,4NJ4,UN9,true,true,true,false,true,true,true,true,true,true,false,QUARANTINE_REPRESENTATION_GAP,false,,NOT_IN_HUMAN_REVIEW_POPULATION,false,,UNRESOLVED,,UNRESOLVED,,UNRESOLVED,false,true,false,false,false,NOT_ESTABLISHED,false,null,false,false,false,false,false,false,false,,false,false,,,FEATURE_SEMANTICS_AUDIT_REQUIRED_LATER
847,COVAPIE_CYS_SG_EVENT_V1:4NMM:A:CYS:12-:SG:C:Y9Z:C13,4NMM,Y9Z,true,true,true,false,true,true,true,true,true,false,false,LEAKAGE_EXISTING_GROUP_CONFLICT,false,,NOT_IN_HUMAN_REVIEW_POPULATION,false,,UNRESOLVED,,UNRESOLVED,,UNRESOLVED,false,true,false,false,false,NOT_ESTABLISHED,false,null,false,false,false,false,false,false,false,,false,false,,,FEATURE_SEMANTICS_AUDIT_REQUIRED_LATER
848,COVAPIE_CYS_SG_EVENT_V1:4NPI:A:CYS:302-:SG:G:2VS:CA6,4NPI,2VS,true,true,true,false,true,true,true,true,true,false,false,COMPLETED_HUMAN_POSITIVE,true,COVAPIE_BULK_REVIEW_UNIT_5834329D9E2A1F22,COMPLETED_HUMAN_POSITIVE,true,covapie-state/manual-review-aids/cumulative1000-high-yield-calibration-v1/2VS_COVAPIE_BULK_REVIEW_UNIT_5834329D9E2A1F22/formal-human-decision-v1/2vs_formal_human_decision_v1.json,POSITIVE,data/derived/covalent_small/covapie_2vs_completed_decision_ingestion_and_task_label_availability_v1/covapie_2vs_event_task_label_availability_v1.csv,RELEVANT,data/derived/covalent_small/covapie_2vs_completed_decision_ingestion_and_task_label_availability_v1/covapie_2vs_event_task_label_availability_v1.csv,EXCLUDE_FROM_TRAINING_ONLY,true,true,true,false,true,DIRECT_ATTACHMENT_OPTIONAL_LINKER_V1,true,"[0,3,4]",false,false,false,false,false,false,false,,false,false,false,data/derived/covalent_small/covapie_2vs_completed_decision_ingestion_and_task_label_availability_v1/covapie_2vs_event_task_label_availability_v1.csv,FEATURE_SEMANTICS_AUDIT_REQUIRED_LATER
849,COVAPIE_CYS_SG_EVENT_V1:4NPI:B:CYS:302-:SG:J:2VS:CA6,4NPI,2VS,true,true,true,false,true,true,true,true,true,false,false,COMPLETED_HUMAN_POSITIVE,true,COVAPIE_BULK_REVIEW_UNIT_5834329D9E2A1F22,COMPLETED_HUMAN_POSITIVE,true,covapie-state/manual-review-aids/cumulative1000-high-yield-calibration-v1/2VS_COVAPIE_BULK_REVIEW_UNIT_5834329D9E2A1F22/formal-human-decision-v1/2vs_formal_human_decision_v1.json,POSITIVE,data/derived/covalent_small/covapie_2vs_completed_decision_ingestion_and_task_label_availability_v1/covapie_2vs_event_task_label_availability_v1.csv,RELEVANT,data/derived/covalent_small/covapie_2vs_completed_decision_ingestion_and_task_label_availability_v1/covapie_2vs_event_task_label_availability_v1.csv,EXCLUDE_FROM_TRAINING_ONLY,true,true,true,false,true,DIRECT_ATTACHMENT_OPTIONAL_LINKER_V1,true,"[0,3,4]",false,false,false,false,false,false,false,,false,false,false,data/derived/covalent_small/covapie_2vs_completed_decision_ingestion_and_task_label_availability_v1/covapie_2vs_event_task_label_availability_v1.csv,FEATURE_SEMANTICS_AUDIT_REQUIRED_LATER
850,COVAPIE_CYS_SG_EVENT_V1:4NPI:C:CYS:302-:SG:M:2VS:CA6,4NPI,2VS,true,true,true,false,true,true,true,true,true,false,false,COMPLETED_HUMAN_POSITIVE,true,COVAPIE_BULK_REVIEW_UNIT_5834329D9E2A1F22,COMPLETED_HUMAN_POSITIVE,true,covapie-state/manual-review-aids/cumulative1000-high-yield-calibration-v1/2VS_COVAPIE_BULK_REVIEW_UNIT_5834329D9E2A1F22/formal-human-decision-v1/2vs_formal_human_decision_v1.json,POSITIVE,data/derived/covalent_small/covapie_2vs_completed_decision_ingestion_and_task_label_availability_v1/covapie_2vs_event_task_label_availability_v1.csv,RELEVANT,data/derived/covalent_small/covapie_2vs_completed_decision_ingestion_and_task_label_availability_v1/covapie_2vs_event_task_label_availability_v1.csv,EXCLUDE_FROM_TRAINING_ONLY,true,true,true,false,true,DIRECT_ATTACHMENT_OPTIONAL_LINKER_V1,true,"[0,3,4]",false,false,false,false,false,false,false,,false,false,false,data/derived/covalent_small/covapie_2vs_completed_decision_ingestion_and_task_label_availability_v1/covapie_2vs_event_task_label_availability_v1.csv,FEATURE_SEMANTICS_AUDIT_REQUIRED_LATER
851,COVAPIE_CYS_SG_EVENT_V1:4NPI:D:CYS:302-:SG:P:2VS:CA6,4NPI,2VS,true,true,true,false,true,true,true,true,true,false,false,COMPLETED_HUMAN_POSITIVE,true,COVAPIE_BULK_REVIEW_UNIT_5834329D9E2A1F22,COMPLETED_HUMAN_POSITIVE,true,covapie-state/manual-review-aids/cumulative1000-high-yield-calibration-v1/2VS_COVAPIE_BULK_REVIEW_UNIT_5834329D9E2A1F22/formal-human-decision-v1/2vs_formal_human_decision_v1.json,POSITIVE,data/derived/covalent_small/covapie_2vs_completed_decision_ingestion_and_task_label_availability_v1/covapie_2vs_event_task_label_availability_v1.csv,RELEVANT,data/derived/covalent_small/covapie_2vs_completed_decision_ingestion_and_task_label_availability_v1/covapie_2vs_event_task_label_availability_v1.csv,EXCLUDE_FROM_TRAINING_ONLY,true,true,true,false,true,DIRECT_ATTACHMENT_OPTIONAL_LINKER_V1,true,"[0,3,4]",false,false,false,false,false,false,false,,false,false,false,data/derived/covalent_small/covapie_2vs_completed_decision_ingestion_and_task_label_availability_v1/covapie_2vs_event_task_label_availability_v1.csv,FEATURE_SEMANTICS_AUDIT_REQUIRED_LATER
852,COVAPIE_CYS_SG_EVENT_V1:4OLC:B:CYS:242-:SG:G:DCD:S1,4OLC,DCD,true,false,false,false,false,false,false,false,false,false,false,STRUCTURAL_EVIDENCE_INCOMPLETE,false,,NOT_IN_HUMAN_REVIEW_POPULATION,false,,UNRESOLVED,,UNRESOLVED,,UNRESOLVED,false,false,false,false,false,NOT_ESTABLISHED,false,null,false,false,false,false,false,false,false,,false,false,,,FEATURE_SEMANTICS_AUDIT_REQUIRED_LATER
853,COVAPIE_CYS_SG_EVENT_V1:4ONM:B:CYS:87-:SG:D:N2F:C5,4ONM,N2F,true,false,false,false,false,false,false,false,false,false,false,STRUCTURAL_EVIDENCE_INCOMPLETE,false,,NOT_IN_HUMAN_REVIEW_POPULATION,false,,UNRESOLVED,,UNRESOLVED,,UNRESOLVED,false,false,false,false,false,NOT_ESTABLISHED,false,null,false,false,false,false,false,false,false,,false,false,,,FEATURE_SEMANTICS_AUDIT_REQUIRED_LATER
854,COVAPIE_CYS_SG_EVENT_V1:4ONN:B:CYS:87-:SG:E:BY1:C12,4ONN,BY1,true,false,false,false,false,false,false,false,false,false,false,STRUCTURAL_EVIDENCE_INCOMPLETE,false,,NOT_IN_HUMAN_REVIEW_POPULATION,false,,UNRESOLVED,,UNRESOLVED,,UNRESOLVED,false,false,false,false,false,NOT_ESTABLISHED,false,null,false,false,false,false,false,false,false,,false,false,,,FEATURE_SEMANTICS_AUDIT_REQUIRED_LATER
855,COVAPIE_CYS_SG_EVENT_V1:4OU2:A:CYS:302-:SG:G:6OA:C5,4OU2,6OA,true,true,true,false,true,true,true,true,true,false,false,CURRENTLY_UNREVIEWED,true,COVAPIE_BULK_REVIEW_UNIT_E800FEC791DFDA72,CURRENTLY_UNREVIEWED,false,data/derived/covalent_small/covapie_bulk_cys_sg_model_usable_auto_admission_scaleup_v1/covapie_bulk_cys_sg_priority_human_review_queue_v1.csv,UNRESOLVED,,UNRESOLVED,,UNRESOLVED,false,true,false,false,false,NOT_ESTABLISHED,false,null,false,false,false,false,false,false,false,,false,false,,,FEATURE_SEMANTICS_AUDIT_REQUIRED_LATER
856,COVAPIE_CYS_SG_EVENT_V1:4OU2:B:CYS:302-:SG:J:6OA:C5,4OU2,6OA,true,true,true,false,true,true,true,true,true,false,false,CURRENTLY_UNREVIEWED,true,COVAPIE_BULK_REVIEW_UNIT_E800FEC791DFDA72,CURRENTLY_UNREVIEWED,false,data/derived/covalent_small/covapie_bulk_cys_sg_model_usable_auto_admission_scaleup_v1/covapie_bulk_cys_sg_priority_human_review_queue_v1.csv,UNRESOLVED,,UNRESOLVED,,UNRESOLVED,false,true,false,false,false,NOT_ESTABLISHED,false,null,false,false,false,false,false,false,false,,false,false,,,FEATURE_SEMANTICS_AUDIT_REQUIRED_LATER
857,COVAPIE_CYS_SG_EVENT_V1:4OU2:C:CYS:302-:SG:M:6OA:C5,4OU2,6OA,true,true,true,false,true,true,true,true,true,false,false,CURRENTLY_UNREVIEWED,true,COVAPIE_BULK_REVIEW_UNIT_E800FEC791DFDA72,CURRENTLY_UNREVIEWED,false,data/derived/covalent_small/covapie_bulk_cys_sg_model_usable_auto_admission_scaleup_v1/covapie_bulk_cys_sg_priority_human_review_queue_v1.csv,UNRESOLVED,,UNRESOLVED,,UNRESOLVED,false,true,false,false,false,NOT_ESTABLISHED,false,null,false,false,false,false,false,false,false,,false,false,,,FEATURE_SEMANTICS_AUDIT_REQUIRED_LATER
858,COVAPIE_CYS_SG_EVENT_V1:4OU2:D:CYS:302-:SG:P:6OA:C5,4OU2,6OA,true,true,true,false,true,true,true,true,true,false,false,CURRENTLY_UNREVIEWED,true,COVAPIE_BULK_REVIEW_UNIT_E800FEC791DFDA72,CURRENTLY_UNREVIEWED,false,data/derived/covalent_small/covapie_bulk_cys_sg_model_usable_auto_admission_scaleup_v1/covapie_bulk_cys_sg_priority_human_review_queue_v1.csv,UNRESOLVED,,UNRESOLVED,,UNRESOLVED,false,true,false,false,false,NOT_ESTABLISHED,false,null,false,false,false,false,false,false,false,,false,false,,,FEATURE_SEMANTICS_AUDIT_REQUIRED_LATER
859,COVAPIE_CYS_SG_EVENT_V1:4OUB:A:CYS:302-:SG:G:2VS:CA6,4OUB,2VS,true,true,true,false,true,true,true,true,true,false,false,COMPLETED_HUMAN_POSITIVE,true,COVAPIE_BULK_REVIEW_UNIT_5834329D9E2A1F22,COMPLETED_HUMAN_POSITIVE,true,covapie-state/manual-review-aids/cumulative1000-high-yield-calibration-v1/2VS_COVAPIE_BULK_REVIEW_UNIT_5834329D9E2A1F22/formal-human-decision-v1/2vs_formal_human_decision_v1.json,POSITIVE,data/derived/covalent_small/covapie_2vs_completed_decision_ingestion_and_task_label_availability_v1/covapie_2vs_event_task_label_availability_v1.csv,RELEVANT,data/derived/covalent_small/covapie_2vs_completed_decision_ingestion_and_task_label_availability_v1/covapie_2vs_event_task_label_availability_v1.csv,EXCLUDE_FROM_TRAINING_ONLY,true,true,true,false,true,DIRECT_ATTACHMENT_OPTIONAL_LINKER_V1,true,"[0,3,4]",false,false,false,false,false,false,false,,false,false,false,data/derived/covalent_small/covapie_2vs_completed_decision_ingestion_and_task_label_availability_v1/covapie_2vs_event_task_label_availability_v1.csv,FEATURE_SEMANTICS_AUDIT_REQUIRED_LATER
860,COVAPIE_CYS_SG_EVENT_V1:4OUB:B:CYS:302-:SG:J:2VS:CA6,4OUB,2VS,true,true,true,false,true,true,true,true,true,false,false,COMPLETED_HUMAN_POSITIVE,true,COVAPIE_BULK_REVIEW_UNIT_5834329D9E2A1F22,COMPLETED_HUMAN_POSITIVE,true,covapie-state/manual-review-aids/cumulative1000-high-yield-calibration-v1/2VS_COVAPIE_BULK_REVIEW_UNIT_5834329D9E2A1F22/formal-human-decision-v1/2vs_formal_human_decision_v1.json,POSITIVE,data/derived/covalent_small/covapie_2vs_completed_decision_ingestion_and_task_label_availability_v1/covapie_2vs_event_task_label_availability_v1.csv,RELEVANT,data/derived/covalent_small/covapie_2vs_completed_decision_ingestion_and_task_label_availability_v1/covapie_2vs_event_task_label_availability_v1.csv,EXCLUDE_FROM_TRAINING_ONLY,true,true,true,false,true,DIRECT_ATTACHMENT_OPTIONAL_LINKER_V1,true,"[0,3,4]",false,false,false,false,false,false,false,,false,false,false,data/derived/covalent_small/covapie_2vs_completed_decision_ingestion_and_task_label_availability_v1/covapie_2vs_event_task_label_availability_v1.csv,FEATURE_SEMANTICS_AUDIT_REQUIRED_LATER
861,COVAPIE_CYS_SG_EVENT_V1:4OUB:C:CYS:302-:SG:M:2VS:CA6,4OUB,2VS,true,true,true,false,true,true,true,true,true,false,false,COMPLETED_HUMAN_POSITIVE,true,COVAPIE_BULK_REVIEW_UNIT_5834329D9E2A1F22,COMPLETED_HUMAN_POSITIVE,true,covapie-state/manual-review-aids/cumulative1000-high-yield-calibration-v1/2VS_COVAPIE_BULK_REVIEW_UNIT_5834329D9E2A1F22/formal-human-decision-v1/2vs_formal_human_decision_v1.json,POSITIVE,data/derived/covalent_small/covapie_2vs_completed_decision_ingestion_and_task_label_availability_v1/covapie_2vs_event_task_label_availability_v1.csv,RELEVANT,data/derived/covalent_small/covapie_2vs_completed_decision_ingestion_and_task_label_availability_v1/covapie_2vs_event_task_label_availability_v1.csv,EXCLUDE_FROM_TRAINING_ONLY,true,true,true,false,true,DIRECT_ATTACHMENT_OPTIONAL_LINKER_V1,true,"[0,3,4]",false,false,false,false,false,false,false,,false,false,false,data/derived/covalent_small/covapie_2vs_completed_decision_ingestion_and_task_label_availability_v1/covapie_2vs_event_task_label_availability_v1.csv,FEATURE_SEMANTICS_AUDIT_REQUIRED_LATER
862,COVAPIE_CYS_SG_EVENT_V1:4OUB:D:CYS:302-:SG:P:2VS:CA6,4OUB,2VS,true,true,true,false,true,true,true,true,true,false,false,COMPLETED_HUMAN_POSITIVE,true,COVAPIE_BULK_REVIEW_UNIT_5834329D9E2A1F22,COMPLETED_HUMAN_POSITIVE,true,covapie-state/manual-review-aids/cumulative1000-high-yield-calibration-v1/2VS_COVAPIE_BULK_REVIEW_UNIT_5834329D9E2A1F22/formal-human-decision-v1/2vs_formal_human_decision_v1.json,POSITIVE,data/derived/covalent_small/covapie_2vs_completed_decision_ingestion_and_task_label_availability_v1/covapie_2vs_event_task_label_availability_v1.csv,RELEVANT,data/derived/covalent_small/covapie_2vs_completed_decision_ingestion_and_task_label_availability_v1/covapie_2vs_event_task_label_availability_v1.csv,EXCLUDE_FROM_TRAINING_ONLY,true,true,true,false,true,DIRECT_ATTACHMENT_OPTIONAL_LINKER_V1,true,"[0,3,4]",false,false,false,false,false,false,false,,false,false,false,data/derived/covalent_small/covapie_2vs_completed_decision_ingestion_and_task_label_availability_v1/covapie_2vs_event_task_label_availability_v1.csv,FEATURE_SEMANTICS_AUDIT_REQUIRED_LATER
863,COVAPIE_CYS_SG_EVENT_V1:4PAD:A:CYS:25-:SG:B:TCK:CM,4PAD,TCK,true,true,true,false,true,true,true,true,true,false,false,LEAKAGE_EXISTING_GROUP_CONFLICT,false,,NOT_IN_HUMAN_REVIEW_POPULATION,false,,UNRESOLVED,,UNRESOLVED,,UNRESOLVED,false,true,false,false,false,NOT_ESTABLISHED,false,null,false,false,false,false,false,false,false,,false,false,,,FEATURE_SEMANTICS_AUDIT_REQUIRED_LATER
864,COVAPIE_CYS_SG_EVENT_V1:4PDZ:B:CYS:84-:SG:E:CTI:C12,4PDZ,CTI,true,true,true,false,true,true,true,true,true,false,false,LEAKAGE_EXISTING_GROUP_CONFLICT,false,,NOT_IN_HUMAN_REVIEW_POPULATION,false,,UNRESOLVED,,UNRESOLVED,,UNRESOLVED,false,true,false,false,false,NOT_ESTABLISHED,false,null,false,false,false,false,false,false,false,,false,false,,,FEATURE_SEMANTICS_AUDIT_REQUIRED_LATER
865,COVAPIE_CYS_SG_EVENT_V1:4PE4:A:CYS:84-:SG:C:REV:C03,4PE4,REV,true,true,true,false,true,true,true,true,true,false,false,LEAKAGE_EXISTING_GROUP_CONFLICT,false,,NOT_IN_HUMAN_REVIEW_POPULATION,false,,UNRESOLVED,,UNRESOLVED,,UNRESOLVED,false,true,false,false,false,NOT_ESTABLISHED,false,null,false,false,false,false,false,false,false,,false,false,,,FEATURE_SEMANTICS_AUDIT_REQUIRED_LATER
866,COVAPIE_CYS_SG_EVENT_V1:4PE7:A:CYS:84-:SG:B:ODN:C14,4PE7,ODN,true,true,true,false,true,true,true,true,true,false,false,LEAKAGE_EXISTING_GROUP_CONFLICT,false,,NOT_IN_HUMAN_REVIEW_POPULATION,false,,UNRESOLVED,,UNRESOLVED,,UNRESOLVED,false,true,false,false,false,NOT_ESTABLISHED,false,null,false,false,false,false,false,false,false,,false,false,,,FEATURE_SEMANTICS_AUDIT_REQUIRED_LATER
867,COVAPIE_CYS_SG_EVENT_V1:4PHF:A:CYS:35-:SG:B:2UH:CAA,4PHF,2UH,true,true,true,false,true,true,true,true,true,false,false,LEAKAGE_EXISTING_GROUP_CONFLICT,false,,NOT_IN_HUMAN_REVIEW_POPULATION,false,,UNRESOLVED,,UNRESOLVED,,UNRESOLVED,false,true,false,false,false,NOT_ESTABLISHED,false,null,false,false,false,false,false,false,false,,false,false,,,FEATURE_SEMANTICS_AUDIT_REQUIRED_LATER
868,COVAPIE_CYS_SG_EVENT_V1:4PHG:A:CYS:35-:SG:C:2UJ:CAA,4PHG,2UJ,true,true,true,false,true,true,true,true,true,false,false,LEAKAGE_EXISTING_GROUP_CONFLICT,false,,NOT_IN_HUMAN_REVIEW_POPULATION,false,,UNRESOLVED,,UNRESOLVED,,UNRESOLVED,false,true,false,false,false,NOT_ESTABLISHED,false,null,false,false,false,false,false,false,false,,false,false,,,FEATURE_SEMANTICS_AUDIT_REQUIRED_LATER
869,COVAPIE_CYS_SG_EVENT_V1:4PHH:A:CYS:35-:SG:E:2UK:CAA,4PHH,2UK,true,true,true,false,true,true,true,true,true,false,false,LEAKAGE_EXISTING_GROUP_CONFLICT,false,,NOT_IN_HUMAN_REVIEW_POPULATION,false,,UNRESOLVED,,UNRESOLVED,,UNRESOLVED,false,true,false,false,false,NOT_ESTABLISHED,false,null,false,false,false,false,false,false,false,,false,false,,,FEATURE_SEMANTICS_AUDIT_REQUIRED_LATER
870,COVAPIE_CYS_SG_EVENT_V1:4PHH:B:CYS:35-:SG:H:2UK:CAA,4PHH,2UK,true,true,true,false,true,true,true,true,true,false,false,LEAKAGE_EXISTING_GROUP_CONFLICT,false,,NOT_IN_HUMAN_REVIEW_POPULATION,false,,UNRESOLVED,,UNRESOLVED,,UNRESOLVED,false,true,false,false,false,NOT_ESTABLISHED,false,null,false,false,false,false,false,false,false,,false,false,,,FEATURE_SEMANTICS_AUDIT_REQUIRED_LATER
871,COVAPIE_CYS_SG_EVENT_V1:4PHH:C:CYS:35-:SG:K:2UK:CAA,4PHH,2UK,true,true,true,false,true,true,true,true,true,false,false,LEAKAGE_EXISTING_GROUP_CONFLICT,false,,NOT_IN_HUMAN_REVIEW_POPULATION,false,,UNRESOLVED,,UNRESOLVED,,UNRESOLVED,false,true,false,false,false,NOT_ESTABLISHED,false,null,false,false,false,false,false,false,false,,false,false,,,FEATURE_SEMANTICS_AUDIT_REQUIRED_LATER
872,COVAPIE_CYS_SG_EVENT_V1:4PHH:D:CYS:35-:SG:M:2UK:CAA,4PHH,2UK,true,true,true,false,true,true,true,true,true,false,false,LEAKAGE_EXISTING_GROUP_CONFLICT,false,,NOT_IN_HUMAN_REVIEW_POPULATION,false,,UNRESOLVED,,UNRESOLVED,,UNRESOLVED,false,true,false,false,false,NOT_ESTABLISHED,false,null,false,false,false,false,false,false,false,,false,false,,,FEATURE_SEMANTICS_AUDIT_REQUIRED_LATER
873,COVAPIE_CYS_SG_EVENT_V1:4PI3:A:CYS:25-:SG:C:2V5:C22,4PI3,2V5,true,true,true,false,true,true,true,true,true,false,false,LEAKAGE_EXISTING_GROUP_CONFLICT,false,,NOT_IN_HUMAN_REVIEW_POPULATION,false,,UNRESOLVED,,UNRESOLVED,,UNRESOLVED,false,true,false,false,false,NOT_ESTABLISHED,false,null,false,false,false,false,false,false,false,,false,false,,,FEATURE_SEMANTICS_AUDIT_REQUIRED_LATER
874,COVAPIE_CYS_SG_EVENT_V1:4PI3:B:CYS:25-:SG:D:2V5:C22,4PI3,2V5,true,true,true,false,true,true,true,true,true,false,false,LEAKAGE_EXISTING_GROUP_CONFLICT,false,,NOT_IN_HUMAN_REVIEW_POPULATION,false,,UNRESOLVED,,UNRESOLVED,,UNRESOLVED,false,true,false,false,false,NOT_ESTABLISHED,false,null,false,false,false,false,false,false,false,,false,false,,,FEATURE_SEMANTICS_AUDIT_REQUIRED_LATER
875,COVAPIE_CYS_SG_EVENT_V1:4PID:A:CYS:122-:SG:D:2UQ:C12,4PID,2UQ,true,true,true,false,true,true,true,true,true,false,false,LEAKAGE_EXISTING_GROUP_CONFLICT,false,,NOT_IN_HUMAN_REVIEW_POPULATION,false,,UNRESOLVED,,UNRESOLVED,,UNRESOLVED,false,true,false,false,false,NOT_ESTABLISHED,false,null,false,false,false,false,false,false,false,,false,false,,,FEATURE_SEMANTICS_AUDIT_REQUIRED_LATER
876,COVAPIE_CYS_SG_EVENT_V1:4PIE:A:CYS:122-:SG:C:3FO:C32,4PIE,3FO,true,true,true,false,true,true,true,true,true,false,false,LEAKAGE_EXISTING_GROUP_CONFLICT,false,,NOT_IN_HUMAN_REVIEW_POPULATION,false,,UNRESOLVED,,UNRESOLVED,,UNRESOLVED,false,true,false,false,false,NOT_ESTABLISHED,false,null,false,false,false,false,false,false,false,,false,false,,,FEATURE_SEMANTICS_AUDIT_REQUIRED_LATER
877,COVAPIE_CYS_SG_EVENT_V1:4PIQ:A:CYS:122-:SG:C:3FS:C24,4PIQ,3FS,true,true,true,false,true,true,true,true,true,false,false,LEAKAGE_EXISTING_GROUP_CONFLICT,false,,NOT_IN_HUMAN_REVIEW_POPULATION,false,,UNRESOLVED,,UNRESOLVED,,UNRESOLVED,false,true,false,false,false,NOT_ESTABLISHED,false,null,false,false,false,false,false,false,false,,false,false,,,FEATURE_SEMANTICS_AUDIT_REQUIRED_LATER
878,COVAPIE_CYS_SG_EVENT_V1:4PIS:A:CYS:122-:SG:C:3FU:C31,4PIS,3FU,true,true,true,false,true,true,true,true,true,false,false,LEAKAGE_EXISTING_GROUP_CONFLICT,false,,NOT_IN_HUMAN_REVIEW_POPULATION,false,,UNRESOLVED,,UNRESOLVED,,UNRESOLVED,false,true,false,false,false,NOT_ESTABLISHED,false,null,false,false,false,false,false,false,false,,false,false,,,FEATURE_SEMANTICS_AUDIT_REQUIRED_LATER
879,COVAPIE_CYS_SG_EVENT_V1:4PNC:A:CYS:59-:SG:B:7NP:CAN,4PNC,7NP,true,true,true,false,true,true,true,true,true,false,false,CURRENTLY_UNREVIEWED,true,COVAPIE_BULK_REVIEW_UNIT_C6D111D675520A58,CURRENTLY_UNREVIEWED,false,data/derived/covalent_small/covapie_bulk_cys_sg_model_usable_auto_admission_scaleup_v1/covapie_bulk_cys_sg_priority_human_review_queue_v1.csv,UNRESOLVED,,UNRESOLVED,,UNRESOLVED,false,true,false,false,false,NOT_ESTABLISHED,false,null,false,false,false,false,false,false,false,,false,false,,,FEATURE_SEMANTICS_AUDIT_REQUIRED_LATER
880,COVAPIE_CYS_SG_EVENT_V1:4PZY:A:CYS:70-:SG:G:2XR:CAH,4PZY,2XR,true,true,true,false,true,true,true,true,true,true,false,QUARANTINE_REPRESENTATION_GAP,false,,NOT_IN_HUMAN_REVIEW_POPULATION,false,,UNRESOLVED,,UNRESOLVED,,UNRESOLVED,false,true,false,false,false,NOT_ESTABLISHED,false,null,false,false,false,false,false,false,false,,false,false,,,FEATURE_SEMANTICS_AUDIT_REQUIRED_LATER
881,COVAPIE_CYS_SG_EVENT_V1:4PZY:B:CYS:70-:SG:H:2XR:CAH,4PZY,2XR,true,true,true,false,true,true,true,true,true,true,false,QUARANTINE_REPRESENTATION_GAP,false,,NOT_IN_HUMAN_REVIEW_POPULATION,false,,UNRESOLVED,,UNRESOLVED,,UNRESOLVED,false,true,false,false,false,NOT_ESTABLISHED,false,null,false,false,false,false,false,false,false,,false,false,,,FEATURE_SEMANTICS_AUDIT_REQUIRED_LATER
882,COVAPIE_CYS_SG_EVENT_V1:4PZZ:A:CYS:39-:SG:D:2XO:SAH,4PZZ,2XO,true,true,true,false,true,true,true,true,true,false,false,CURRENTLY_UNREVIEWED,true,COVAPIE_BULK_REVIEW_UNIT_BE479F387D2FDA94,CURRENTLY_UNREVIEWED,false,data/derived/covalent_small/covapie_bulk_cys_sg_model_usable_auto_admission_scaleup_v1/covapie_bulk_cys_sg_priority_human_review_queue_v1.csv,UNRESOLVED,,UNRESOLVED,,UNRESOLVED,false,true,false,false,false,NOT_ESTABLISHED,false,null,false,false,false,false,false,false,false,,false,false,,,FEATURE_SEMANTICS_AUDIT_REQUIRED_LATER
883,COVAPIE_CYS_SG_EVENT_V1:4Q01:A:CYS:39-:SG:E:2XH:SAH,4Q01,2XH,true,true,true,false,true,true,true,true,true,false,false,LEAKAGE_EXISTING_GROUP_CONFLICT,false,,NOT_IN_HUMAN_REVIEW_POPULATION,false,,UNRESOLVED,,UNRESOLVED,,UNRESOLVED,false,true,false,false,false,NOT_ESTABLISHED,false,null,false,false,false,false,false,false,false,,false,false,,,FEATURE_SEMANTICS_AUDIT_REQUIRED_LATER
884,COVAPIE_CYS_SG_EVENT_V1:4Q01:B:CYS:39-:SG:H:2XH:SAH,4Q01,2XH,true,true,true,false,true,true,true,true,true,false,false,LEAKAGE_EXISTING_GROUP_CONFLICT,false,,NOT_IN_HUMAN_REVIEW_POPULATION,false,,UNRESOLVED,,UNRESOLVED,,UNRESOLVED,false,true,false,false,false,NOT_ESTABLISHED,false,null,false,false,false,false,false,false,false,,false,false,,,FEATURE_SEMANTICS_AUDIT_REQUIRED_LATER
885,COVAPIE_CYS_SG_EVENT_V1:4Q02:A:CYS:39-:SG:D:2XG:SAG,4Q02,2XG,true,true,true,false,true,true,true,true,true,false,false,LEAKAGE_EXISTING_GROUP_CONFLICT,false,,NOT_IN_HUMAN_REVIEW_POPULATION,false,,UNRESOLVED,,UNRESOLVED,,UNRESOLVED,false,true,false,false,false,NOT_ESTABLISHED,false,null,false,false,false,false,false,false,false,,false,false,,,FEATURE_SEMANTICS_AUDIT_REQUIRED_LATER
886,COVAPIE_CYS_SG_EVENT_V1:4Q95:A:CYS:125-:SG:C:SHV:C1,4Q95,SHV,true,true,true,false,true,true,true,true,true,true,false,QUARANTINE_REPRESENTATION_GAP,false,,NOT_IN_HUMAN_REVIEW_POPULATION,false,,UNRESOLVED,,UNRESOLVED,,UNRESOLVED,false,true,false,false,false,NOT_ESTABLISHED,false,null,false,false,false,false,false,false,false,,false,false,,,FEATURE_SEMANTICS_AUDIT_REQUIRED_LATER
887,COVAPIE_CYS_SG_EVENT_V1:4Q95:B:CYS:125-:SG:D:SHV:C1,4Q95,SHV,true,true,true,false,true,true,true,true,true,true,false,QUARANTINE_REPRESENTATION_GAP,false,,NOT_IN_HUMAN_REVIEW_POPULATION,false,,UNRESOLVED,,UNRESOLVED,,UNRESOLVED,false,true,false,false,false,NOT_ESTABLISHED,false,null,false,false,false,false,false,false,false,,false,false,,,FEATURE_SEMANTICS_AUDIT_REQUIRED_LATER
888,COVAPIE_CYS_SG_EVENT_V1:4QBB:A:CYS:51-:SG:E:E69:C1,4QBB,E69,true,true,true,false,true,true,true,true,true,false,false,LEAKAGE_EXISTING_GROUP_CONFLICT,false,,NOT_IN_HUMAN_REVIEW_POPULATION,false,,UNRESOLVED,,UNRESOLVED,,UNRESOLVED,false,true,false,false,false,NOT_ESTABLISHED,false,null,false,false,false,false,false,false,false,,false,false,,,FEATURE_SEMANTICS_AUDIT_REQUIRED_LATER
889,COVAPIE_CYS_SG_EVENT_V1:4QBB:B:CYS:51-:SG:F:E69:C1,4QBB,E69,true,true,true,false,true,true,true,true,true,false,false,LEAKAGE_EXISTING_GROUP_CONFLICT,false,,NOT_IN_HUMAN_REVIEW_POPULATION,false,,UNRESOLVED,,UNRESOLVED,,UNRESOLVED,false,true,false,false,false,NOT_ESTABLISHED,false,null,false,false,false,false,false,false,false,,false,false,,,FEATURE_SEMANTICS_AUDIT_REQUIRED_LATER
890,COVAPIE_CYS_SG_EVENT_V1:4QBB:C:CYS:51-:SG:G:E69:C1,4QBB,E69,true,true,true,false,true,true,true,true,true,false,false,LEAKAGE_EXISTING_GROUP_CONFLICT,false,,NOT_IN_HUMAN_REVIEW_POPULATION,false,,UNRESOLVED,,UNRESOLVED,,UNRESOLVED,false,true,false,false,false,NOT_ESTABLISHED,false,null,false,false,false,false,false,false,false,,false,false,,,FEATURE_SEMANTICS_AUDIT_REQUIRED_LATER
891,COVAPIE_CYS_SG_EVENT_V1:4QH6:A:CYS:25-:SG:F:33L:CAM,4QH6,33L,true,true,true,false,true,true,true,true,true,false,false,LEAKAGE_EXISTING_GROUP_CONFLICT,false,,NOT_IN_HUMAN_REVIEW_POPULATION,false,,UNRESOLVED,,UNRESOLVED,,UNRESOLVED,false,true,false,false,false,NOT_ESTABLISHED,false,null,false,false,false,false,false,false,false,,false,false,,,FEATURE_SEMANTICS_AUDIT_REQUIRED_LATER
892,COVAPIE_CYS_SG_EVENT_V1:4QKX:A:CYS:1093-:SG:E:35V:SAE,4QKX,35V,true,true,true,false,true,true,true,true,true,false,false,CURRENTLY_UNREVIEWED,true,COVAPIE_BULK_REVIEW_UNIT_307957C37B074C01,CURRENTLY_UNREVIEWED,false,data/derived/covalent_small/covapie_bulk_cys_sg_model_usable_auto_admission_scaleup_v1/covapie_bulk_cys_sg_priority_human_review_queue_v1.csv,UNRESOLVED,,UNRESOLVED,,UNRESOLVED,false,true,false,false,false,NOT_ESTABLISHED,false,null,false,false,false,false,false,false,false,,false,false,,,FEATURE_SEMANTICS_AUDIT_REQUIRED_LATER
893,COVAPIE_CYS_SG_EVENT_V1:4QPS:A:CYS:909-:SG:C:37Q:C1,4QPS,37Q,true,true,true,false,true,true,true,true,true,false,false,CURRENTLY_UNREVIEWED,true,COVAPIE_BULK_REVIEW_UNIT_DC71363A205F424E,CURRENTLY_UNREVIEWED,false,data/derived/covalent_small/covapie_bulk_cys_sg_model_usable_auto_admission_scaleup_v1/covapie_bulk_cys_sg_priority_human_review_queue_v1.csv,UNRESOLVED,,UNRESOLVED,,UNRESOLVED,false,true,false,false,false,NOT_ESTABLISHED,false,null,false,false,false,false,false,false,false,,false,false,,,FEATURE_SEMANTICS_AUDIT_REQUIRED_LATER
894,COVAPIE_CYS_SG_EVENT_V1:4QQ5:A:CYS:482-:SG:B:37O:C46,4QQ5,37O,true,false,false,false,false,false,false,false,false,false,false,STRUCTURAL_EVIDENCE_INCOMPLETE,false,,NOT_IN_HUMAN_REVIEW_POPULATION,false,,UNRESOLVED,,UNRESOLVED,,UNRESOLVED,false,false,false,false,false,NOT_ESTABLISHED,false,null,false,false,false,false,false,false,false,,false,false,,,FEATURE_SEMANTICS_AUDIT_REQUIRED_LATER
895,COVAPIE_CYS_SG_EVENT_V1:4QQC:A:CYS:477-:SG:B:37O:C46,4QQC,37O,true,false,false,false,false,false,false,false,false,false,false,STRUCTURAL_EVIDENCE_INCOMPLETE,false,,NOT_IN_HUMAN_REVIEW_POPULATION,false,,UNRESOLVED,,UNRESOLVED,,UNRESOLVED,false,false,false,false,false,NOT_ESTABLISHED,false,null,false,false,false,false,false,false,false,,false,false,,,FEATURE_SEMANTICS_AUDIT_REQUIRED_LATER
896,COVAPIE_CYS_SG_EVENT_V1:4QR7:A:CYS:354-:SG:C:DWZ:CAA,4QR7,DWZ,true,false,false,false,false,false,false,false,false,false,false,STRUCTURAL_EVIDENCE_INCOMPLETE,false,,NOT_IN_HUMAN_REVIEW_POPULATION,false,,UNRESOLVED,,UNRESOLVED,,UNRESOLVED,false,false,false,false,false,NOT_ESTABLISHED,false,null,false,false,false,false,false,false,false,,false,false,,,FEATURE_SEMANTICS_AUDIT_REQUIRED_LATER
897,COVAPIE_CYS_SG_EVENT_V1:4QTF:A:CYS:354-:SG:C:3V5:CAT,4QTF,3V5,true,false,false,false,false,false,false,false,false,false,false,STRUCTURAL_EVIDENCE_INCOMPLETE,false,,NOT_IN_HUMAN_REVIEW_POPULATION,false,,UNRESOLVED,,UNRESOLVED,,UNRESOLVED,false,false,false,false,false,NOT_ESTABLISHED,false,null,false,false,false,false,false,false,false,,false,false,,,FEATURE_SEMANTICS_AUDIT_REQUIRED_LATER
898,COVAPIE_CYS_SG_EVENT_V1:4R0O:A:CYS:45-:SG:F:LCY:C1,4R0O,LCY,true,true,true,false,true,true,true,true,true,false,false,CURRENTLY_UNREVIEWED,true,COVAPIE_BULK_REVIEW_UNIT_BA488AF51EDD8ED6,CURRENTLY_UNREVIEWED,false,data/derived/covalent_small/covapie_bulk_cys_sg_model_usable_auto_admission_scaleup_v1/covapie_bulk_cys_sg_priority_human_review_queue_v1.csv,UNRESOLVED,,UNRESOLVED,,UNRESOLVED,false,true,false,false,false,NOT_ESTABLISHED,false,null,false,false,false,false,false,false,false,,false,false,,,FEATURE_SEMANTICS_AUDIT_REQUIRED_LATER
899,COVAPIE_CYS_SG_EVENT_V1:4R0O:B:CYS:45-:SG:H:LCY:C1,4R0O,LCY,true,true,true,false,true,true,true,true,true,false,false,CURRENTLY_UNREVIEWED,true,COVAPIE_BULK_REVIEW_UNIT_BA488AF51EDD8ED6,CURRENTLY_UNREVIEWED,false,data/derived/covalent_small/covapie_bulk_cys_sg_model_usable_auto_admission_scaleup_v1/covapie_bulk_cys_sg_priority_human_review_queue_v1.csv,UNRESOLVED,,UNRESOLVED,,UNRESOLVED,false,true,false,false,false,NOT_ESTABLISHED,false,null,false,false,false,false,false,false,false,,false,false,,,FEATURE_SEMANTICS_AUDIT_REQUIRED_LATER
900,COVAPIE_CYS_SG_EVENT_V1:4R0O:C:CYS:45-:SG:J:LCY:C1,4R0O,LCY,true,true,true,false,true,true,true,true,true,false,false,CURRENTLY_UNREVIEWED,true,COVAPIE_BULK_REVIEW_UNIT_BA488AF51EDD8ED6,CURRENTLY_UNREVIEWED,false,data/derived/covalent_small/covapie_bulk_cys_sg_model_usable_auto_admission_scaleup_v1/covapie_bulk_cys_sg_priority_human_review_queue_v1.csv,UNRESOLVED,,UNRESOLVED,,UNRESOLVED,false,true,false,false,false,NOT_ESTABLISHED,false,null,false,false,false,false,false,false,false,,false,false,,,FEATURE_SEMANTICS_AUDIT_REQUIRED_LATER
901,COVAPIE_CYS_SG_EVENT_V1:4R0O:D:CYS:45-:SG:L:LCY:C1,4R0O,LCY,true,true,true,false,true,true,true,true,true,false,false,CURRENTLY_UNREVIEWED,true,COVAPIE_BULK_REVIEW_UNIT_BA488AF51EDD8ED6,CURRENTLY_UNREVIEWED,false,data/derived/covalent_small/covapie_bulk_cys_sg_model_usable_auto_admission_scaleup_v1/covapie_bulk_cys_sg_priority_human_review_queue_v1.csv,UNRESOLVED,,UNRESOLVED,,UNRESOLVED,false,true,false,false,false,NOT_ESTABLISHED,false,null,false,false,false,false,false,false,false,,false,false,,,FEATURE_SEMANTICS_AUDIT_REQUIRED_LATER
902,COVAPIE_CYS_SG_EVENT_V1:4R5S:A:CYS:797-:SG:B:FI3:CAV,4R5S,FI3,true,false,false,false,false,false,false,false,false,false,false,STRUCTURAL_EVIDENCE_INCOMPLETE,false,,NOT_IN_HUMAN_REVIEW_POPULATION,false,,UNRESOLVED,,UNRESOLVED,,UNRESOLVED,false,false,false,false,false,NOT_ESTABLISHED,false,null,false,false,false,false,false,false,false,,false,false,,,FEATURE_SEMANTICS_AUDIT_REQUIRED_LATER
903,COVAPIE_CYS_SG_EVENT_V1:4R6V:A:CYS:477-:SG:B:FI3:CAV,4R6V,FI3,true,false,false,false,false,false,false,false,false,false,false,STRUCTURAL_EVIDENCE_INCOMPLETE,false,,NOT_IN_HUMAN_REVIEW_POPULATION,false,,UNRESOLVED,,UNRESOLVED,,UNRESOLVED,false,false,false,false,false,NOT_ESTABLISHED,false,null,false,false,false,false,false,false,false,,false,false,,,FEATURE_SEMANTICS_AUDIT_REQUIRED_LATER
904,COVAPIE_CYS_SG_EVENT_V1:4R7U:A:CYS:116-:SG:F:FFQ:C1,4R7U,FFQ,true,true,true,false,true,true,true,true,true,false,false,COMPLETED_HUMAN_POSITIVE,true,COVAPIE_BULK_REVIEW_UNIT_431D2725ADFC9E9D,COMPLETED_HUMAN_POSITIVE,true,covapie-state/manual-review-aids/cumulative1000-high-yield-calibration-v1/FFQ_COVAPIE_BULK_REVIEW_UNIT_431D2725ADFC9E9D/formal-human-decision-v1/ffq_formal_human_decision_v1.json,POSITIVE,data/derived/covalent_small/covapie_ffq_completed_decision_ingestion_and_task_label_availability_v1/covapie_ffq_event_task_label_availability_v1.csv,RELEVANT,data/derived/covalent_small/covapie_ffq_completed_decision_ingestion_and_task_label_availability_v1/covapie_ffq_event_task_label_availability_v1.csv,EXCLUDE_FROM_TRAINING_ONLY,true,true,true,true,true,DIRECT_ATTACHMENT_OPTIONAL_LINKER_V1,true,"[0,3,4]",true,false,false,false,false,false,false,,false,false,false,data/derived/covalent_small/covapie_ffq_completed_decision_ingestion_and_task_label_availability_v1/covapie_ffq_event_task_label_availability_v1.csv,FEATURE_SEMANTICS_AUDIT_REQUIRED_LATER
905,COVAPIE_CYS_SG_EVENT_V1:4R7U:B:CYS:116-:SG:J:FFQ:C1,4R7U,FFQ,true,true,true,false,true,true,true,true,true,false,false,COMPLETED_HUMAN_POSITIVE,true,COVAPIE_BULK_REVIEW_UNIT_431D2725ADFC9E9D,COMPLETED_HUMAN_POSITIVE,true,covapie-state/manual-review-aids/cumulative1000-high-yield-calibration-v1/FFQ_COVAPIE_BULK_REVIEW_UNIT_431D2725ADFC9E9D/formal-human-decision-v1/ffq_formal_human_decision_v1.json,POSITIVE,data/derived/covalent_small/covapie_ffq_completed_decision_ingestion_and_task_label_availability_v1/covapie_ffq_event_task_label_availability_v1.csv,RELEVANT,data/derived/covalent_small/covapie_ffq_completed_decision_ingestion_and_task_label_availability_v1/covapie_ffq_event_task_label_availability_v1.csv,EXCLUDE_FROM_TRAINING_ONLY,true,true,true,true,true,DIRECT_ATTACHMENT_OPTIONAL_LINKER_V1,true,"[0,3,4]",true,false,false,false,false,false,false,,false,false,false,data/derived/covalent_small/covapie_ffq_completed_decision_ingestion_and_task_label_availability_v1/covapie_ffq_event_task_label_availability_v1.csv,FEATURE_SEMANTICS_AUDIT_REQUIRED_LATER
906,COVAPIE_CYS_SG_EVENT_V1:4R7U:C:CYS:116-:SG:M:FFQ:C1,4R7U,FFQ,true,true,true,false,true,true,true,true,true,false,false,COMPLETED_HUMAN_POSITIVE,true,COVAPIE_BULK_REVIEW_UNIT_431D2725ADFC9E9D,COMPLETED_HUMAN_POSITIVE,true,covapie-state/manual-review-aids/cumulative1000-high-yield-calibration-v1/FFQ_COVAPIE_BULK_REVIEW_UNIT_431D2725ADFC9E9D/formal-human-decision-v1/ffq_formal_human_decision_v1.json,POSITIVE,data/derived/covalent_small/covapie_ffq_completed_decision_ingestion_and_task_label_availability_v1/covapie_ffq_event_task_label_availability_v1.csv,RELEVANT,data/derived/covalent_small/covapie_ffq_completed_decision_ingestion_and_task_label_availability_v1/covapie_ffq_event_task_label_availability_v1.csv,EXCLUDE_FROM_TRAINING_ONLY,true,true,true,true,true,DIRECT_ATTACHMENT_OPTIONAL_LINKER_V1,true,"[0,3,4]",true,false,false,false,false,false,false,,false,false,false,data/derived/covalent_small/covapie_ffq_completed_decision_ingestion_and_task_label_availability_v1/covapie_ffq_event_task_label_availability_v1.csv,FEATURE_SEMANTICS_AUDIT_REQUIRED_LATER
907,COVAPIE_CYS_SG_EVENT_V1:4R7U:D:CYS:116-:SG:Q:FFQ:C1,4R7U,FFQ,true,true,true,false,true,true,true,true,true,false,false,COMPLETED_HUMAN_POSITIVE,true,COVAPIE_BULK_REVIEW_UNIT_431D2725ADFC9E9D,COMPLETED_HUMAN_POSITIVE,true,covapie-state/manual-review-aids/cumulative1000-high-yield-calibration-v1/FFQ_COVAPIE_BULK_REVIEW_UNIT_431D2725ADFC9E9D/formal-human-decision-v1/ffq_formal_human_decision_v1.json,POSITIVE,data/derived/covalent_small/covapie_ffq_completed_decision_ingestion_and_task_label_availability_v1/covapie_ffq_event_task_label_availability_v1.csv,RELEVANT,data/derived/covalent_small/covapie_ffq_completed_decision_ingestion_and_task_label_availability_v1/covapie_ffq_event_task_label_availability_v1.csv,EXCLUDE_FROM_TRAINING_ONLY,true,true,true,true,true,DIRECT_ATTACHMENT_OPTIONAL_LINKER_V1,true,"[0,3,4]",true,false,false,false,false,false,false,,false,false,false,data/derived/covalent_small/covapie_ffq_completed_decision_ingestion_and_task_label_availability_v1/covapie_ffq_event_task_label_availability_v1.csv,FEATURE_SEMANTICS_AUDIT_REQUIRED_LATER
908,COVAPIE_CYS_SG_EVENT_V1:4RBM:A:CYS:477-:SG:R:CKC:CAK,4RBM,CKC,true,true,true,false,true,true,true,true,true,false,false,CURRENTLY_UNREVIEWED,true,COVAPIE_BULK_REVIEW_UNIT_129302097024409B,CURRENTLY_UNREVIEWED,false,data/derived/covalent_small/covapie_bulk_cys_sg_model_usable_auto_admission_scaleup_v1/covapie_bulk_cys_sg_priority_human_review_queue_v1.csv,UNRESOLVED,,UNRESOLVED,,UNRESOLVED,false,true,false,false,false,NOT_ESTABLISHED,false,null,false,false,false,false,false,false,false,,false,false,,,FEATURE_SEMANTICS_AUDIT_REQUIRED_LATER
909,COVAPIE_CYS_SG_EVENT_V1:4V37:A:CYS:450-:SG:F:0D8:C8,4V37,0D8,true,true,true,false,true,true,true,true,true,false,false,CURRENTLY_UNREVIEWED,true,COVAPIE_BULK_REVIEW_UNIT_BF1809E89D22D405,CURRENTLY_UNREVIEWED,false,data/derived/covalent_small/covapie_bulk_cys_sg_model_usable_auto_admission_scaleup_v1/covapie_bulk_cys_sg_priority_human_review_queue_v1.csv,UNRESOLVED,,UNRESOLVED,,UNRESOLVED,false,true,false,false,false,NOT_ESTABLISHED,false,null,false,false,false,false,false,false,false,,false,false,,,FEATURE_SEMANTICS_AUDIT_REQUIRED_LATER
910,COVAPIE_CYS_SG_EVENT_V1:4V37:B:CYS:450-:SG:K:0D8:C8,4V37,0D8,true,true,true,false,true,true,true,true,true,false,false,CURRENTLY_UNREVIEWED,true,COVAPIE_BULK_REVIEW_UNIT_BF1809E89D22D405,CURRENTLY_UNREVIEWED,false,data/derived/covalent_small/covapie_bulk_cys_sg_model_usable_auto_admission_scaleup_v1/covapie_bulk_cys_sg_priority_human_review_queue_v1.csv,UNRESOLVED,,UNRESOLVED,,UNRESOLVED,false,true,false,false,false,NOT_ESTABLISHED,false,null,false,false,false,false,false,false,false,,false,false,,,FEATURE_SEMANTICS_AUDIT_REQUIRED_LATER
911,COVAPIE_CYS_SG_EVENT_V1:4V37:C:CYS:450-:SG:P:0D8:C8,4V37,0D8,true,true,true,false,true,true,true,true,true,false,false,CURRENTLY_UNREVIEWED,true,COVAPIE_BULK_REVIEW_UNIT_BF1809E89D22D405,CURRENTLY_UNREVIEWED,false,data/derived/covalent_small/covapie_bulk_cys_sg_model_usable_auto_admission_scaleup_v1/covapie_bulk_cys_sg_priority_human_review_queue_v1.csv,UNRESOLVED,,UNRESOLVED,,UNRESOLVED,false,true,false,false,false,NOT_ESTABLISHED,false,null,false,false,false,false,false,false,false,,false,false,,,FEATURE_SEMANTICS_AUDIT_REQUIRED_LATER
912,COVAPIE_CYS_SG_EVENT_V1:4V37:D:CYS:450-:SG:V:0D8:C8,4V37,0D8,true,true,true,false,true,true,true,true,true,false,false,CURRENTLY_UNREVIEWED,true,COVAPIE_BULK_REVIEW_UNIT_BF1809E89D22D405,CURRENTLY_UNREVIEWED,false,data/derived/covalent_small/covapie_bulk_cys_sg_model_usable_auto_admission_scaleup_v1/covapie_bulk_cys_sg_priority_human_review_queue_v1.csv,UNRESOLVED,,UNRESOLVED,,UNRESOLVED,false,true,false,false,false,NOT_ESTABLISHED,false,null,false,false,false,false,false,false,false,,false,false,,,FEATURE_SEMANTICS_AUDIT_REQUIRED_LATER
913,COVAPIE_CYS_SG_EVENT_V1:4V3F:A:CYS:450-:SG:J:CHT:C4,4V3F,CHT,true,true,true,false,true,true,true,true,true,false,false,COMPLETED_HUMAN_POSITIVE,true,COVAPIE_BULK_REVIEW_UNIT_BCA0E7B8C2B33410,COMPLETED_HUMAN_POSITIVE,true,covapie-state/manual-review-aids/cumulative1000-high-yield-calibration-v1/CHT_COVAPIE_BULK_REVIEW_UNIT_BCA0E7B8C2B33410/formal-human-decision-v1/cht_formal_human_decision_v1.json,POSITIVE,data/derived/covalent_small/covapie_cht_completed_decision_ingestion_and_task_label_availability_v1/covapie_cht_event_task_label_availability_v1.csv,RELEVANT,data/derived/covalent_small/covapie_cht_completed_decision_ingestion_and_task_label_availability_v1/covapie_cht_event_task_label_availability_v1.csv,EXCLUDE_FROM_TRAINING_ONLY,true,true,true,false,true,STRICT_LINKER_PRESENT_V1,true,"[0,1,2,3,4]",false,false,false,false,false,false,false,,false,false,false,data/derived/covalent_small/covapie_cht_completed_decision_ingestion_and_task_label_availability_v1/covapie_cht_event_task_label_availability_v1.csv,FEATURE_SEMANTICS_AUDIT_REQUIRED_LATER
914,COVAPIE_CYS_SG_EVENT_V1:4V3F:B:CYS:450-:SG:P:CHT:C4,4V3F,CHT,true,true,true,false,true,true,true,true,true,false,false,COMPLETED_HUMAN_POSITIVE,true,COVAPIE_BULK_REVIEW_UNIT_BCA0E7B8C2B33410,COMPLETED_HUMAN_POSITIVE,true,covapie-state/manual-review-aids/cumulative1000-high-yield-calibration-v1/CHT_COVAPIE_BULK_REVIEW_UNIT_BCA0E7B8C2B33410/formal-human-decision-v1/cht_formal_human_decision_v1.json,POSITIVE,data/derived/covalent_small/covapie_cht_completed_decision_ingestion_and_task_label_availability_v1/covapie_cht_event_task_label_availability_v1.csv,RELEVANT,data/derived/covalent_small/covapie_cht_completed_decision_ingestion_and_task_label_availability_v1/covapie_cht_event_task_label_availability_v1.csv,EXCLUDE_FROM_TRAINING_ONLY,true,true,true,false,true,STRICT_LINKER_PRESENT_V1,true,"[0,1,2,3,4]",false,false,false,false,false,false,false,,false,false,false,data/derived/covalent_small/covapie_cht_completed_decision_ingestion_and_task_label_availability_v1/covapie_cht_event_task_label_availability_v1.csv,FEATURE_SEMANTICS_AUDIT_REQUIRED_LATER
915,COVAPIE_CYS_SG_EVENT_V1:4V3F:D:CYS:450-:SG:Z:CHT:C4,4V3F,CHT,true,true,true,false,true,true,true,true,true,false,false,COMPLETED_HUMAN_POSITIVE,true,COVAPIE_BULK_REVIEW_UNIT_BCA0E7B8C2B33410,COMPLETED_HUMAN_POSITIVE,true,covapie-state/manual-review-aids/cumulative1000-high-yield-calibration-v1/CHT_COVAPIE_BULK_REVIEW_UNIT_BCA0E7B8C2B33410/formal-human-decision-v1/cht_formal_human_decision_v1.json,POSITIVE,data/derived/covalent_small/covapie_cht_completed_decision_ingestion_and_task_label_availability_v1/covapie_cht_event_task_label_availability_v1.csv,RELEVANT,data/derived/covalent_small/covapie_cht_completed_decision_ingestion_and_task_label_availability_v1/covapie_cht_event_task_label_availability_v1.csv,EXCLUDE_FROM_TRAINING_ONLY,true,true,true,false,true,STRICT_LINKER_PRESENT_V1,true,"[0,1,2,3,4]",false,false,false,false,false,false,false,,false,false,false,data/derived/covalent_small/covapie_cht_completed_decision_ingestion_and_task_label_availability_v1/covapie_cht_event_task_label_availability_v1.csv,FEATURE_SEMANTICS_AUDIT_REQUIRED_LATER
916,COVAPIE_CYS_SG_EVENT_V1:4WD5:A:CYS:797-:SG:C:3LH:CAR,4WD5,3LH,true,false,false,false,false,false,false,false,false,false,false,STRUCTURAL_EVIDENCE_INCOMPLETE,false,,NOT_IN_HUMAN_REVIEW_POPULATION,false,,UNRESOLVED,,UNRESOLVED,,UNRESOLVED,false,false,false,false,false,NOT_ESTABLISHED,false,null,false,false,false,false,false,false,false,,false,false,,,FEATURE_SEMANTICS_AUDIT_REQUIRED_LATER
917,COVAPIE_CYS_SG_EVENT_V1:4WGF:A:CYS:118-:SG:I:ROP:CA,4WGF,ROP,true,true,true,false,true,true,true,true,true,false,false,CURRENTLY_UNREVIEWED,true,COVAPIE_BULK_REVIEW_UNIT_69F260545AC3F0C7,CURRENTLY_UNREVIEWED,false,data/derived/covalent_small/covapie_bulk_cys_sg_model_usable_auto_admission_scaleup_v1/covapie_bulk_cys_sg_priority_human_review_queue_v1.csv,UNRESOLVED,,UNRESOLVED,,UNRESOLVED,false,true,false,false,false,NOT_ESTABLISHED,false,null,false,false,false,false,false,false,false,,false,false,,,FEATURE_SEMANTICS_AUDIT_REQUIRED_LATER
918,COVAPIE_CYS_SG_EVENT_V1:4WVF:C:CYS:539-:SG:H:K76:C3,4WVF,K76,true,true,true,false,true,true,true,true,true,false,false,CURRENTLY_UNREVIEWED,true,COVAPIE_BULK_REVIEW_UNIT_30C39507C8F1DAB8,CURRENTLY_UNREVIEWED,false,data/derived/covalent_small/covapie_bulk_cys_sg_model_usable_auto_admission_scaleup_v1/covapie_bulk_cys_sg_priority_human_review_queue_v1.csv,UNRESOLVED,,UNRESOLVED,,UNRESOLVED,false,true,false,false,false,NOT_ESTABLISHED,false,null,false,false,false,false,false,false,false,,false,false,,,FEATURE_SEMANTICS_AUDIT_REQUIRED_LATER
919,COVAPIE_CYS_SG_EVENT_V1:4WX6:A:CYS:122-:SG:E:3VK:C27,4WX6,3VK,true,true,true,false,true,true,true,true,true,false,false,LEAKAGE_EXISTING_GROUP_CONFLICT,false,,NOT_IN_HUMAN_REVIEW_POPULATION,false,,UNRESOLVED,,UNRESOLVED,,UNRESOLVED,false,true,false,false,false,NOT_ESTABLISHED,false,null,false,false,false,false,false,false,false,,false,false,,,FEATURE_SEMANTICS_AUDIT_REQUIRED_LATER
920,COVAPIE_CYS_SG_EVENT_V1:4WX6:C:CYS:122-:SG:F:3VK:C27,4WX6,3VK,true,true,true,false,true,true,true,true,true,false,false,LEAKAGE_EXISTING_GROUP_CONFLICT,false,,NOT_IN_HUMAN_REVIEW_POPULATION,false,,UNRESOLVED,,UNRESOLVED,,UNRESOLVED,false,true,false,false,false,NOT_ESTABLISHED,false,null,false,false,false,false,false,false,false,,false,false,,,FEATURE_SEMANTICS_AUDIT_REQUIRED_LATER
921,COVAPIE_CYS_SG_EVENT_V1:4WX7:A:CYS:122-:SG:E:3VJ:C30,4WX7,3VJ,true,true,true,false,true,true,true,true,true,false,false,LEAKAGE_EXISTING_GROUP_CONFLICT,false,,NOT_IN_HUMAN_REVIEW_POPULATION,false,,UNRESOLVED,,UNRESOLVED,,UNRESOLVED,false,true,false,false,false,NOT_ESTABLISHED,false,null,false,false,false,false,false,false,false,,false,false,,,FEATURE_SEMANTICS_AUDIT_REQUIRED_LATER
922,COVAPIE_CYS_SG_EVENT_V1:4WX7:C:CYS:122-:SG:F:3VJ:C30,4WX7,3VJ,true,true,true,false,true,true,true,true,true,false,false,LEAKAGE_EXISTING_GROUP_CONFLICT,false,,NOT_IN_HUMAN_REVIEW_POPULATION,false,,UNRESOLVED,,UNRESOLVED,,UNRESOLVED,false,true,false,false,false,NOT_ESTABLISHED,false,null,false,false,false,false,false,false,false,,false,false,,,FEATURE_SEMANTICS_AUDIT_REQUIRED_LATER
923,COVAPIE_CYS_SG_EVENT_V1:4X0T:A:CYS:302-:SG:F:3W9:C13,4X0T,3W9,true,true,true,false,true,true,true,true,true,false,false,LEAKAGE_EXISTING_GROUP_CONFLICT,false,,NOT_IN_HUMAN_REVIEW_POPULATION,false,,UNRESOLVED,,UNRESOLVED,,UNRESOLVED,false,true,false,false,false,NOT_ESTABLISHED,false,null,false,false,false,false,false,false,false,,false,false,,,FEATURE_SEMANTICS_AUDIT_REQUIRED_LATER
924,COVAPIE_CYS_SG_EVENT_V1:4X0T:B:CYS:302-:SG:H:3W9:C13,4X0T,3W9,true,true,true,false,true,true,true,true,true,false,false,LEAKAGE_EXISTING_GROUP_CONFLICT,false,,NOT_IN_HUMAN_REVIEW_POPULATION,false,,UNRESOLVED,,UNRESOLVED,,UNRESOLVED,false,true,false,false,false,NOT_ESTABLISHED,false,null,false,false,false,false,false,false,false,,false,false,,,FEATURE_SEMANTICS_AUDIT_REQUIRED_LATER
925,COVAPIE_CYS_SG_EVENT_V1:4X0T:C:CYS:302-:SG:J:3W9:C13,4X0T,3W9,true,true,true,false,true,true,true,true,true,false,false,LEAKAGE_EXISTING_GROUP_CONFLICT,false,,NOT_IN_HUMAN_REVIEW_POPULATION,false,,UNRESOLVED,,UNRESOLVED,,UNRESOLVED,false,true,false,false,false,NOT_ESTABLISHED,false,null,false,false,false,false,false,false,false,,false,false,,,FEATURE_SEMANTICS_AUDIT_REQUIRED_LATER
926,COVAPIE_CYS_SG_EVENT_V1:4X0T:D:CYS:302-:SG:L:3W9:C13,4X0T,3W9,true,true,true,false,true,true,true,true,true,false,false,LEAKAGE_EXISTING_GROUP_CONFLICT,false,,NOT_IN_HUMAN_REVIEW_POPULATION,false,,UNRESOLVED,,UNRESOLVED,,UNRESOLVED,false,true,false,false,false,NOT_ESTABLISHED,false,null,false,false,false,false,false,false,false,,false,false,,,FEATURE_SEMANTICS_AUDIT_REQUIRED_LATER
927,COVAPIE_CYS_SG_EVENT_V1:4X6J:A:CYS:25-:SG:H:3Y2:C1,4X6J,3Y2,true,true,true,false,true,true,true,true,true,false,false,LEAKAGE_EXISTING_GROUP_CONFLICT,false,,NOT_IN_HUMAN_REVIEW_POPULATION,false,,UNRESOLVED,,UNRESOLVED,,UNRESOLVED,false,true,false,false,false,NOT_ESTABLISHED,false,null,false,false,false,false,false,false,false,,false,false,,,FEATURE_SEMANTICS_AUDIT_REQUIRED_LATER
928,COVAPIE_CYS_SG_EVENT_V1:4XBB:A:CYS:139-:SG:B:3ZR:C31,4XBB,3ZR,true,true,true,false,true,true,true,true,true,false,false,LEAKAGE_EXISTING_GROUP_CONFLICT,false,,NOT_IN_HUMAN_REVIEW_POPULATION,false,,UNRESOLVED,,UNRESOLVED,,UNRESOLVED,false,true,false,false,false,NOT_ESTABLISHED,false,null,false,false,false,false,false,false,false,,false,false,,,FEATURE_SEMANTICS_AUDIT_REQUIRED_LATER
929,COVAPIE_CYS_SG_EVENT_V1:4XBC:A:CYS:139-:SG:B:M40:C30,4XBC,M40,true,false,false,false,false,false,false,false,false,false,false,STRUCTURAL_EVIDENCE_INCOMPLETE,false,,NOT_IN_HUMAN_REVIEW_POPULATION,false,,UNRESOLVED,,UNRESOLVED,,UNRESOLVED,false,false,false,false,false,NOT_ESTABLISHED,false,null,false,false,false,false,false,false,false,,false,false,,,FEATURE_SEMANTICS_AUDIT_REQUIRED_LATER
930,COVAPIE_CYS_SG_EVENT_V1:4XBD:A:CYS:139-:SG:C:M40:C30,4XBD,M40,true,true,true,false,true,true,true,true,true,false,false,LEAKAGE_EXISTING_GROUP_CONFLICT,false,,NOT_IN_HUMAN_REVIEW_POPULATION,false,,UNRESOLVED,,UNRESOLVED,,UNRESOLVED,false,true,false,false,false,NOT_ESTABLISHED,false,null,false,false,false,false,false,false,false,,false,false,,,FEATURE_SEMANTICS_AUDIT_REQUIRED_LATER
931,COVAPIE_CYS_SG_EVENT_V1:4XBD:B:CYS:139-:SG:D:M40:C30,4XBD,M40,true,true,true,false,true,true,true,true,true,false,false,LEAKAGE_EXISTING_GROUP_CONFLICT,false,,NOT_IN_HUMAN_REVIEW_POPULATION,false,,UNRESOLVED,,UNRESOLVED,,UNRESOLVED,false,true,false,false,false,NOT_ESTABLISHED,false,null,false,false,false,false,false,false,false,,false,false,,,FEATURE_SEMANTICS_AUDIT_REQUIRED_LATER
932,COVAPIE_CYS_SG_EVENT_V1:4XCU:A:CYS:552-:SG:C:40M:C8,4XCU,40M,true,false,false,false,false,false,false,false,false,false,false,STRUCTURAL_EVIDENCE_INCOMPLETE,false,,NOT_IN_HUMAN_REVIEW_POPULATION,false,,UNRESOLVED,,UNRESOLVED,,UNRESOLVED,false,false,false,false,false,NOT_ESTABLISHED,false,null,false,false,false,false,false,false,false,,false,false,,,FEATURE_SEMANTICS_AUDIT_REQUIRED_LATER
933,COVAPIE_CYS_SG_EVENT_V1:4XTD:A:CYS:334-:SG:C:IMP:C2,4XTD,IMP,true,true,true,false,true,true,true,true,true,false,false,LEAKAGE_EXISTING_GROUP_CONFLICT,false,,NOT_IN_HUMAN_REVIEW_POPULATION,false,,UNRESOLVED,,UNRESOLVED,,UNRESOLVED,false,true,false,false,false,NOT_ESTABLISHED,false,null,false,false,false,false,false,false,false,,false,false,,,FEATURE_SEMANTICS_AUDIT_REQUIRED_LATER
934,COVAPIE_CYS_SG_EVENT_V1:4XTD:B:CYS:334-:SG:D:IMP:C2,4XTD,IMP,true,true,true,false,true,true,true,true,true,false,false,LEAKAGE_EXISTING_GROUP_CONFLICT,false,,NOT_IN_HUMAN_REVIEW_POPULATION,false,,UNRESOLVED,,UNRESOLVED,,UNRESOLVED,false,true,false,false,false,NOT_ESTABLISHED,false,null,false,false,false,false,false,false,false,,false,false,,,FEATURE_SEMANTICS_AUDIT_REQUIRED_LATER
935,COVAPIE_CYS_SG_EVENT_V1:4XTI:A:CYS:334-:SG:C:IMP:C2,4XTI,IMP,true,true,true,false,true,true,true,true,true,false,false,LEAKAGE_EXISTING_GROUP_CONFLICT,false,,NOT_IN_HUMAN_REVIEW_POPULATION,false,,UNRESOLVED,,UNRESOLVED,,UNRESOLVED,false,true,false,false,false,NOT_ESTABLISHED,false,null,false,false,false,false,false,false,false,,false,false,,,FEATURE_SEMANTICS_AUDIT_REQUIRED_LATER
936,COVAPIE_CYS_SG_EVENT_V1:4XZ0:A:CYS:117-:SG:B:4N5:CAF,4XZ0,4N5,true,false,false,false,false,false,false,false,false,false,false,STRUCTURAL_EVIDENCE_INCOMPLETE,false,,NOT_IN_HUMAN_REVIEW_POPULATION,false,,UNRESOLVED,,UNRESOLVED,,UNRESOLVED,false,false,false,false,false,NOT_ESTABLISHED,false,null,false,false,false,false,false,false,false,,false,false,,,FEATURE_SEMANTICS_AUDIT_REQUIRED_LATER
937,COVAPIE_CYS_SG_EVENT_V1:4XZ1:A:CYS:78-:SG:C:4N6:CAL,4XZ1,4N6,true,true,true,false,true,true,true,true,true,true,false,QUARANTINE_REPRESENTATION_GAP,false,,NOT_IN_HUMAN_REVIEW_POPULATION,false,,UNRESOLVED,,UNRESOLVED,,UNRESOLVED,false,true,false,false,false,NOT_ESTABLISHED,false,null,false,false,false,false,false,false,false,,false,false,,,FEATURE_SEMANTICS_AUDIT_REQUIRED_LATER
938,COVAPIE_CYS_SG_EVENT_V1:4YHF:A:CYS:481-:SG:C:4C9:C1,4YHF,4C9,true,true,true,false,true,true,true,true,true,false,false,CURRENTLY_UNREVIEWED,true,COVAPIE_BULK_REVIEW_UNIT_7D3E873693F39848,CURRENTLY_UNREVIEWED,false,data/derived/covalent_small/covapie_bulk_cys_sg_model_usable_auto_admission_scaleup_v1/covapie_bulk_cys_sg_priority_human_review_queue_v1.csv,UNRESOLVED,,UNRESOLVED,,UNRESOLVED,false,true,false,false,false,NOT_ESTABLISHED,false,null,false,false,false,false,false,false,false,,false,false,,,FEATURE_SEMANTICS_AUDIT_REQUIRED_LATER
939,COVAPIE_CYS_SG_EVENT_V1:4YHF:B:CYS:481-:SG:V:4C9:C1,4YHF,4C9,true,true,true,false,true,true,true,true,true,false,false,CURRENTLY_UNREVIEWED,true,COVAPIE_BULK_REVIEW_UNIT_7D3E873693F39848,CURRENTLY_UNREVIEWED,false,data/derived/covalent_small/covapie_bulk_cys_sg_model_usable_auto_admission_scaleup_v1/covapie_bulk_cys_sg_priority_human_review_queue_v1.csv,UNRESOLVED,,UNRESOLVED,,UNRESOLVED,false,true,false,false,false,NOT_ESTABLISHED,false,null,false,false,false,false,false,false,false,,false,false,,,FEATURE_SEMANTICS_AUDIT_REQUIRED_LATER
940,COVAPIE_CYS_SG_EVENT_V1:4YQM:A:CYS:32-:SG:D:4G9:C7,4YQM,4G9,true,true,true,false,true,true,true,true,true,false,false,LEAKAGE_EXISTING_GROUP_CONFLICT,false,,NOT_IN_HUMAN_REVIEW_POPULATION,false,,UNRESOLVED,,UNRESOLVED,,UNRESOLVED,false,true,false,false,false,NOT_ESTABLISHED,false,null,false,false,false,false,false,false,false,,false,false,,,FEATURE_SEMANTICS_AUDIT_REQUIRED_LATER
941,COVAPIE_CYS_SG_EVENT_V1:4YQM:B:CYS:32-:SG:F:4G9:C7,4YQM,4G9,true,true,true,false,true,true,true,true,true,false,false,LEAKAGE_EXISTING_GROUP_CONFLICT,false,,NOT_IN_HUMAN_REVIEW_POPULATION,false,,UNRESOLVED,,UNRESOLVED,,UNRESOLVED,false,true,false,false,false,NOT_ESTABLISHED,false,null,false,false,false,false,false,false,false,,false,false,,,FEATURE_SEMANTICS_AUDIT_REQUIRED_LATER
942,COVAPIE_CYS_SG_EVENT_V1:4YQM:C:CYS:32-:SG:H:4G9:C7,4YQM,4G9,true,true,true,false,true,true,true,true,true,false,false,LEAKAGE_EXISTING_GROUP_CONFLICT,false,,NOT_IN_HUMAN_REVIEW_POPULATION,false,,UNRESOLVED,,UNRESOLVED,,UNRESOLVED,false,true,false,false,false,NOT_ESTABLISHED,false,null,false,false,false,false,false,false,false,,false,false,,,FEATURE_SEMANTICS_AUDIT_REQUIRED_LATER
943,COVAPIE_CYS_SG_EVENT_V1:4YQU:A:CYS:32-:SG:C:4GB:C3,4YQU,4GB,true,true,true,false,true,true,true,true,true,false,false,LEAKAGE_EXISTING_GROUP_CONFLICT,false,,NOT_IN_HUMAN_REVIEW_POPULATION,false,,UNRESOLVED,,UNRESOLVED,,UNRESOLVED,false,true,false,false,false,NOT_ESTABLISHED,false,null,false,false,false,false,false,false,false,,false,false,,,FEATURE_SEMANTICS_AUDIT_REQUIRED_LATER
944,COVAPIE_CYS_SG_EVENT_V1:4YQU:B:CYS:32-:SG:E:4GB:C3,4YQU,4GB,true,true,true,false,true,true,true,true,true,false,false,LEAKAGE_EXISTING_GROUP_CONFLICT,false,,NOT_IN_HUMAN_REVIEW_POPULATION,false,,UNRESOLVED,,UNRESOLVED,,UNRESOLVED,false,true,false,false,false,NOT_ESTABLISHED,false,null,false,false,false,false,false,false,false,,false,false,,,FEATURE_SEMANTICS_AUDIT_REQUIRED_LATER
945,COVAPIE_CYS_SG_EVENT_V1:4YQV:A:CYS:32-:SG:D:4GG:C13,4YQV,4GG,true,true,true,false,true,true,true,true,true,false,false,LEAKAGE_EXISTING_GROUP_CONFLICT,false,,NOT_IN_HUMAN_REVIEW_POPULATION,false,,UNRESOLVED,,UNRESOLVED,,UNRESOLVED,false,true,false,false,false,NOT_ESTABLISHED,false,null,false,false,false,false,false,false,false,,false,false,,,FEATURE_SEMANTICS_AUDIT_REQUIRED_LATER
946,COVAPIE_CYS_SG_EVENT_V1:4YQV:B:CYS:32-:SG:E:4GG:C13,4YQV,4GG,true,true,true,false,true,true,true,true,true,false,false,LEAKAGE_EXISTING_GROUP_CONFLICT,false,,NOT_IN_HUMAN_REVIEW_POPULATION,false,,UNRESOLVED,,UNRESOLVED,,UNRESOLVED,false,true,false,false,false,NOT_ESTABLISHED,false,null,false,false,false,false,false,false,false,,false,false,,,FEATURE_SEMANTICS_AUDIT_REQUIRED_LATER
947,COVAPIE_CYS_SG_EVENT_V1:4YQV:C:CYS:32-:SG:F:4GG:C13,4YQV,4GG,true,true,true,false,true,true,true,true,true,false,false,LEAKAGE_EXISTING_GROUP_CONFLICT,false,,NOT_IN_HUMAN_REVIEW_POPULATION,false,,UNRESOLVED,,UNRESOLVED,,UNRESOLVED,false,true,false,false,false,NOT_ESTABLISHED,false,null,false,false,false,false,false,false,false,,false,false,,,FEATURE_SEMANTICS_AUDIT_REQUIRED_LATER
948,COVAPIE_CYS_SG_EVENT_V1:4YRS:A:CYS:365-:SG:C:4JS:C,4YRS,4JS,true,false,false,false,false,false,false,false,false,false,false,STRUCTURAL_EVIDENCE_INCOMPLETE,false,,NOT_IN_HUMAN_REVIEW_POPULATION,false,,UNRESOLVED,,UNRESOLVED,,UNRESOLVED,false,false,false,false,false,NOT_ESTABLISHED,false,null,false,false,false,false,false,false,false,,false,false,,,FEATURE_SEMANTICS_AUDIT_REQUIRED_LATER
949,COVAPIE_CYS_SG_EVENT_V1:4YRT:A:CYS:365-:SG:C:781:C9,4YRT,781,true,false,false,false,false,false,false,false,false,false,false,STRUCTURAL_EVIDENCE_INCOMPLETE,false,,NOT_IN_HUMAN_REVIEW_POPULATION,false,,UNRESOLVED,,UNRESOLVED,,UNRESOLVED,false,false,false,false,false,NOT_ESTABLISHED,false,null,false,false,false,false,false,false,false,,false,false,,,FEATURE_SEMANTICS_AUDIT_REQUIRED_LATER
950,COVAPIE_CYS_SG_EVENT_V1:4Z16:A:CYS:909-:SG:E:4LH:CAP,4Z16,4LH,true,true,true,false,true,true,true,true,true,false,false,CURRENTLY_UNREVIEWED,true,COVAPIE_BULK_REVIEW_UNIT_C4EFE734A5B0CF57,CURRENTLY_UNREVIEWED,false,data/derived/covalent_small/covapie_bulk_cys_sg_model_usable_auto_admission_scaleup_v1/covapie_bulk_cys_sg_priority_human_review_queue_v1.csv,UNRESOLVED,,UNRESOLVED,,UNRESOLVED,false,true,false,false,false,NOT_ESTABLISHED,false,null,false,false,false,false,false,false,false,,false,false,,,FEATURE_SEMANTICS_AUDIT_REQUIRED_LATER
951,COVAPIE_CYS_SG_EVENT_V1:4Z16:B:CYS:909-:SG:F:4LH:CAP,4Z16,4LH,true,true,true,false,true,true,true,true,true,false,false,CURRENTLY_UNREVIEWED,true,COVAPIE_BULK_REVIEW_UNIT_C4EFE734A5B0CF57,CURRENTLY_UNREVIEWED,false,data/derived/covalent_small/covapie_bulk_cys_sg_model_usable_auto_admission_scaleup_v1/covapie_bulk_cys_sg_priority_human_review_queue_v1.csv,UNRESOLVED,,UNRESOLVED,,UNRESOLVED,false,true,false,false,false,NOT_ESTABLISHED,false,null,false,false,false,false,false,false,false,,false,false,,,FEATURE_SEMANTICS_AUDIT_REQUIRED_LATER
952,COVAPIE_CYS_SG_EVENT_V1:4Z16:C:CYS:909-:SG:G:4LH:CAP,4Z16,4LH,true,true,true,false,true,true,true,true,true,false,false,CURRENTLY_UNREVIEWED,true,COVAPIE_BULK_REVIEW_UNIT_C4EFE734A5B0CF57,CURRENTLY_UNREVIEWED,false,data/derived/covalent_small/covapie_bulk_cys_sg_model_usable_auto_admission_scaleup_v1/covapie_bulk_cys_sg_priority_human_review_queue_v1.csv,UNRESOLVED,,UNRESOLVED,,UNRESOLVED,false,true,false,false,false,NOT_ESTABLISHED,false,null,false,false,false,false,false,false,false,,false,false,,,FEATURE_SEMANTICS_AUDIT_REQUIRED_LATER
953,COVAPIE_CYS_SG_EVENT_V1:4Z16:D:CYS:909-:SG:H:4LH:CAP,4Z16,4LH,true,true,true,false,true,true,true,true,true,false,false,CURRENTLY_UNREVIEWED,true,COVAPIE_BULK_REVIEW_UNIT_C4EFE734A5B0CF57,CURRENTLY_UNREVIEWED,false,data/derived/covalent_small/covapie_bulk_cys_sg_model_usable_auto_admission_scaleup_v1/covapie_bulk_cys_sg_priority_human_review_queue_v1.csv,UNRESOLVED,,UNRESOLVED,,UNRESOLVED,false,true,false,false,false,NOT_ESTABLISHED,false,null,false,false,false,false,false,false,false,,false,false,,,FEATURE_SEMANTICS_AUDIT_REQUIRED_LATER
954,COVAPIE_CYS_SG_EVENT_V1:4ZFQ:A:CYS:360-:SG:D:DWZ:CAA,4ZFQ,DWZ,true,false,false,false,false,false,false,false,false,false,false,STRUCTURAL_EVIDENCE_INCOMPLETE,false,,NOT_IN_HUMAN_REVIEW_POPULATION,false,,UNRESOLVED,,UNRESOLVED,,UNRESOLVED,false,false,false,false,false,NOT_ESTABLISHED,false,null,false,false,false,false,false,false,false,,false,false,,,FEATURE_SEMANTICS_AUDIT_REQUIRED_LATER
955,COVAPIE_CYS_SG_EVENT_V1:4ZZM:A:CYS:166-:SG:C:CQ6:C,4ZZM,CQ6,true,true,true,false,true,true,true,true,true,false,false,CURRENTLY_UNREVIEWED,true,COVAPIE_BULK_REVIEW_UNIT_38C223FAB11B51EB,CURRENTLY_UNREVIEWED,false,data/derived/covalent_small/covapie_bulk_cys_sg_model_usable_auto_admission_scaleup_v1/covapie_bulk_cys_sg_priority_human_review_queue_v1.csv,UNRESOLVED,,UNRESOLVED,,UNRESOLVED,false,true,false,false,false,NOT_ESTABLISHED,false,null,false,false,false,false,false,false,false,,false,false,,,FEATURE_SEMANTICS_AUDIT_REQUIRED_LATER
956,COVAPIE_CYS_SG_EVENT_V1:4ZZO:A:CYS:166-:SG:C:CQ3:C,4ZZO,CQ3,true,true,true,false,true,true,true,true,true,false,false,CURRENTLY_UNREVIEWED,true,COVAPIE_BULK_REVIEW_UNIT_95677C7563FC2CC0,CURRENTLY_UNREVIEWED,false,data/derived/covalent_small/covapie_bulk_cys_sg_model_usable_auto_admission_scaleup_v1/covapie_bulk_cys_sg_priority_human_review_queue_v1.csv,UNRESOLVED,,UNRESOLVED,,UNRESOLVED,false,true,false,false,false,NOT_ESTABLISHED,false,null,false,false,false,false,false,false,false,,false,false,,,FEATURE_SEMANTICS_AUDIT_REQUIRED_LATER
957,COVAPIE_CYS_SG_EVENT_V1:5A24:A:CYS:26-:SG:B:E64:C2,5A24,E64,true,true,true,false,true,true,true,true,true,false,false,LEAKAGE_EXISTING_GROUP_CONFLICT,false,,NOT_IN_HUMAN_REVIEW_POPULATION,false,,UNRESOLVED,,UNRESOLVED,,UNRESOLVED,false,true,false,false,false,NOT_ESTABLISHED,false,null,false,false,false,false,false,false,false,,false,false,,,FEATURE_SEMANTICS_AUDIT_REQUIRED_LATER
958,COVAPIE_CYS_SG_EVENT_V1:5A2D:A:CYS:450-:SG:E:CHT:C4,5A2D,CHT,true,true,true,false,true,true,true,true,true,false,false,COMPLETED_HUMAN_POSITIVE,true,COVAPIE_BULK_REVIEW_UNIT_BCA0E7B8C2B33410,COMPLETED_HUMAN_POSITIVE,true,covapie-state/manual-review-aids/cumulative1000-high-yield-calibration-v1/CHT_COVAPIE_BULK_REVIEW_UNIT_BCA0E7B8C2B33410/formal-human-decision-v1/cht_formal_human_decision_v1.json,POSITIVE,data/derived/covalent_small/covapie_cht_completed_decision_ingestion_and_task_label_availability_v1/covapie_cht_event_task_label_availability_v1.csv,RELEVANT,data/derived/covalent_small/covapie_cht_completed_decision_ingestion_and_task_label_availability_v1/covapie_cht_event_task_label_availability_v1.csv,EXCLUDE_FROM_TRAINING_ONLY,true,true,true,false,true,STRICT_LINKER_PRESENT_V1,true,"[0,1,2,3,4]",false,false,false,false,false,false,false,,false,false,false,data/derived/covalent_small/covapie_cht_completed_decision_ingestion_and_task_label_availability_v1/covapie_cht_event_task_label_availability_v1.csv,FEATURE_SEMANTICS_AUDIT_REQUIRED_LATER
959,COVAPIE_CYS_SG_EVENT_V1:5A2D:B:CYS:450-:SG:H:CHT:C4,5A2D,CHT,true,true,true,false,true,true,true,true,true,false,false,COMPLETED_HUMAN_POSITIVE,true,COVAPIE_BULK_REVIEW_UNIT_BCA0E7B8C2B33410,COMPLETED_HUMAN_POSITIVE,true,covapie-state/manual-review-aids/cumulative1000-high-yield-calibration-v1/CHT_COVAPIE_BULK_REVIEW_UNIT_BCA0E7B8C2B33410/formal-human-decision-v1/cht_formal_human_decision_v1.json,POSITIVE,data/derived/covalent_small/covapie_cht_completed_decision_ingestion_and_task_label_availability_v1/covapie_cht_event_task_label_availability_v1.csv,RELEVANT,data/derived/covalent_small/covapie_cht_completed_decision_ingestion_and_task_label_availability_v1/covapie_cht_event_task_label_availability_v1.csv,EXCLUDE_FROM_TRAINING_ONLY,true,true,true,false,true,STRICT_LINKER_PRESENT_V1,true,"[0,1,2,3,4]",false,false,false,false,false,false,false,,false,false,false,data/derived/covalent_small/covapie_cht_completed_decision_ingestion_and_task_label_availability_v1/covapie_cht_event_task_label_availability_v1.csv,FEATURE_SEMANTICS_AUDIT_REQUIRED_LATER
960,COVAPIE_CYS_SG_EVENT_V1:5AC0:A:CYS:301-:SG:D:K9P:C8,5AC0,K9P,true,true,true,false,true,true,true,true,true,false,false,LEAKAGE_EXISTING_GROUP_CONFLICT,false,,NOT_IN_HUMAN_REVIEW_POPULATION,false,,UNRESOLVED,,UNRESOLVED,,UNRESOLVED,false,true,false,false,false,NOT_ESTABLISHED,false,null,false,false,false,false,false,false,false,,false,false,,,FEATURE_SEMANTICS_AUDIT_REQUIRED_LATER
961,COVAPIE_CYS_SG_EVENT_V1:5AC0:B:CYS:301-:SG:G:K9P:C8,5AC0,K9P,true,true,true,false,true,true,true,true,true,false,false,LEAKAGE_EXISTING_GROUP_CONFLICT,false,,NOT_IN_HUMAN_REVIEW_POPULATION,false,,UNRESOLVED,,UNRESOLVED,,UNRESOLVED,false,true,false,false,false,NOT_ESTABLISHED,false,null,false,false,false,false,false,false,false,,false,false,,,FEATURE_SEMANTICS_AUDIT_REQUIRED_LATER
962,COVAPIE_CYS_SG_EVENT_V1:5AC1:B:CYS:301-:SG:H:K9P:C8,5AC1,K9P,true,true,true,false,true,true,true,true,true,false,false,LEAKAGE_EXISTING_GROUP_CONFLICT,false,,NOT_IN_HUMAN_REVIEW_POPULATION,false,,UNRESOLVED,,UNRESOLVED,,UNRESOLVED,false,true,false,false,false,NOT_ESTABLISHED,false,null,false,false,false,false,false,false,false,,false,false,,,FEATURE_SEMANTICS_AUDIT_REQUIRED_LATER
963,COVAPIE_CYS_SG_EVENT_V1:5AC1:C:CYS:301-:SG:K:K9P:C8,5AC1,K9P,true,true,true,false,true,true,true,true,true,false,false,LEAKAGE_EXISTING_GROUP_CONFLICT,false,,NOT_IN_HUMAN_REVIEW_POPULATION,false,,UNRESOLVED,,UNRESOLVED,,UNRESOLVED,false,true,false,false,false,NOT_ESTABLISHED,false,null,false,false,false,false,false,false,false,,false,false,,,FEATURE_SEMANTICS_AUDIT_REQUIRED_LATER
964,COVAPIE_CYS_SG_EVENT_V1:5AC2:A:CYS:302-:SG:B:K9P:C8,5AC2,K9P,true,true,true,false,true,true,true,true,true,false,false,LEAKAGE_EXISTING_GROUP_CONFLICT,false,,NOT_IN_HUMAN_REVIEW_POPULATION,false,,UNRESOLVED,,UNRESOLVED,,UNRESOLVED,false,true,false,false,false,NOT_ESTABLISHED,false,null,false,false,false,false,false,false,false,,false,false,,,FEATURE_SEMANTICS_AUDIT_REQUIRED_LATER
965,COVAPIE_CYS_SG_EVENT_V1:5ACB:C:CYS:1039-:SG:E:5I1:CBL,5ACB,5I1,true,true,true,false,true,true,true,true,true,false,false,CURRENTLY_UNREVIEWED,true,COVAPIE_BULK_REVIEW_UNIT_FA486B2200732B4B,CURRENTLY_UNREVIEWED,false,data/derived/covalent_small/covapie_bulk_cys_sg_model_usable_auto_admission_scaleup_v1/covapie_bulk_cys_sg_priority_human_review_queue_v1.csv,UNRESOLVED,,UNRESOLVED,,UNRESOLVED,false,true,false,false,false,NOT_ESTABLISHED,false,null,false,false,false,false,false,false,false,,false,false,,,FEATURE_SEMANTICS_AUDIT_REQUIRED_LATER
966,COVAPIE_CYS_SG_EVENT_V1:5ACB:D:CYS:1039-:SG:F:5I1:CBL,5ACB,5I1,true,true,true,false,true,true,true,true,true,false,false,CURRENTLY_UNREVIEWED,true,COVAPIE_BULK_REVIEW_UNIT_FA486B2200732B4B,CURRENTLY_UNREVIEWED,false,data/derived/covalent_small/covapie_bulk_cys_sg_model_usable_auto_admission_scaleup_v1/covapie_bulk_cys_sg_priority_human_review_queue_v1.csv,UNRESOLVED,,UNRESOLVED,,UNRESOLVED,false,true,false,false,false,NOT_ESTABLISHED,false,null,false,false,false,false,false,false,false,,false,false,,,FEATURE_SEMANTICS_AUDIT_REQUIRED_LATER
967,COVAPIE_CYS_SG_EVENT_V1:5ARB:A:CYS:217-:SG:F:EI3:C1,5ARB,EI3,true,true,true,false,true,true,true,true,true,false,false,CURRENTLY_UNREVIEWED,true,COVAPIE_BULK_REVIEW_UNIT_79526304E5FB38A6,CURRENTLY_UNREVIEWED,false,data/derived/covalent_small/covapie_bulk_cys_sg_model_usable_auto_admission_scaleup_v1/covapie_bulk_cys_sg_priority_human_review_queue_v1.csv,UNRESOLVED,,UNRESOLVED,,UNRESOLVED,false,true,false,false,false,NOT_ESTABLISHED,false,null,false,false,false,false,false,false,false,,false,false,,,FEATURE_SEMANTICS_AUDIT_REQUIRED_LATER
968,COVAPIE_CYS_SG_EVENT_V1:5ARC:A:CYS:217-:SG:C:EI3:C1,5ARC,EI3,true,true,true,false,true,true,true,true,true,false,false,CURRENTLY_UNREVIEWED,true,COVAPIE_BULK_REVIEW_UNIT_79526304E5FB38A6,CURRENTLY_UNREVIEWED,false,data/derived/covalent_small/covapie_bulk_cys_sg_model_usable_auto_admission_scaleup_v1/covapie_bulk_cys_sg_priority_human_review_queue_v1.csv,UNRESOLVED,,UNRESOLVED,,UNRESOLVED,false,true,false,false,false,NOT_ESTABLISHED,false,null,false,false,false,false,false,false,false,,false,false,,,FEATURE_SEMANTICS_AUDIT_REQUIRED_LATER
969,COVAPIE_CYS_SG_EVENT_V1:5ARD:A:CYS:217-:SG:E:EI3:C1,5ARD,EI3,true,true,true,false,true,true,true,true,true,false,false,CURRENTLY_UNREVIEWED,true,COVAPIE_BULK_REVIEW_UNIT_79526304E5FB38A6,CURRENTLY_UNREVIEWED,false,data/derived/covalent_small/covapie_bulk_cys_sg_model_usable_auto_admission_scaleup_v1/covapie_bulk_cys_sg_priority_human_review_queue_v1.csv,UNRESOLVED,,UNRESOLVED,,UNRESOLVED,false,true,false,false,false,NOT_ESTABLISHED,false,null,false,false,false,false,false,false,false,,false,false,,,FEATURE_SEMANTICS_AUDIT_REQUIRED_LATER
970,COVAPIE_CYS_SG_EVENT_V1:5AXS:A:CYS:119-:SG:B:4LF:C4,5AXS,4LF,true,true,true,false,true,true,true,true,true,false,false,CURRENTLY_UNREVIEWED,true,COVAPIE_BULK_REVIEW_UNIT_7AD1402BF631432F,CURRENTLY_UNREVIEWED,false,data/derived/covalent_small/covapie_bulk_cys_sg_model_usable_auto_admission_scaleup_v1/covapie_bulk_cys_sg_priority_human_review_queue_v1.csv,UNRESOLVED,,UNRESOLVED,,UNRESOLVED,false,true,false,false,false,NOT_ESTABLISHED,false,null,false,false,false,false,false,false,false,,false,false,,,FEATURE_SEMANTICS_AUDIT_REQUIRED_LATER
971,COVAPIE_CYS_SG_EVENT_V1:5AZP:A:CYS:1-:SG:D:3PK:CG3,5AZP,3PK,true,true,true,false,true,true,true,true,true,false,false,CURRENTLY_UNREVIEWED,true,COVAPIE_BULK_REVIEW_UNIT_7ED21F0D26D0BA2F,CURRENTLY_UNREVIEWED,false,data/derived/covalent_small/covapie_bulk_cys_sg_model_usable_auto_admission_scaleup_v1/covapie_bulk_cys_sg_priority_human_review_queue_v1.csv,UNRESOLVED,,UNRESOLVED,,UNRESOLVED,false,true,false,false,false,NOT_ESTABLISHED,false,null,false,false,false,false,false,false,false,,false,false,,,FEATURE_SEMANTICS_AUDIT_REQUIRED_LATER
972,COVAPIE_CYS_SG_EVENT_V1:5AZP:C:CYS:1-:SG:LA:3PK:CG3,5AZP,3PK,true,true,true,false,true,true,true,true,true,false,false,CURRENTLY_UNREVIEWED,true,COVAPIE_BULK_REVIEW_UNIT_7ED21F0D26D0BA2F,CURRENTLY_UNREVIEWED,false,data/derived/covalent_small/covapie_bulk_cys_sg_model_usable_auto_admission_scaleup_v1/covapie_bulk_cys_sg_priority_human_review_queue_v1.csv,UNRESOLVED,,UNRESOLVED,,UNRESOLVED,false,true,false,false,false,NOT_ESTABLISHED,false,null,false,false,false,false,false,false,false,,false,false,,,FEATURE_SEMANTICS_AUDIT_REQUIRED_LATER
973,COVAPIE_CYS_SG_EVENT_V1:5AZT:A:CYS:275-:SG:D:4M5:C15,5AZT,4M5,true,true,true,false,true,true,true,true,true,false,false,CURRENTLY_UNREVIEWED,true,COVAPIE_BULK_REVIEW_UNIT_9E98765987D25C42,CURRENTLY_UNREVIEWED,false,data/derived/covalent_small/covapie_bulk_cys_sg_model_usable_auto_admission_scaleup_v1/covapie_bulk_cys_sg_priority_human_review_queue_v1.csv,UNRESOLVED,,UNRESOLVED,,UNRESOLVED,false,true,false,false,false,NOT_ESTABLISHED,false,null,false,false,false,false,false,false,false,,false,false,,,FEATURE_SEMANTICS_AUDIT_REQUIRED_LATER
974,COVAPIE_CYS_SG_EVENT_V1:5AZT:B:CYS:275-:SG:E:4M5:C15,5AZT,4M5,true,true,true,false,true,true,true,true,true,false,false,CURRENTLY_UNREVIEWED,true,COVAPIE_BULK_REVIEW_UNIT_9E98765987D25C42,CURRENTLY_UNREVIEWED,false,data/derived/covalent_small/covapie_bulk_cys_sg_model_usable_auto_admission_scaleup_v1/covapie_bulk_cys_sg_priority_human_review_queue_v1.csv,UNRESOLVED,,UNRESOLVED,,UNRESOLVED,false,true,false,false,false,NOT_ESTABLISHED,false,null,false,false,false,false,false,false,false,,false,false,,,FEATURE_SEMANTICS_AUDIT_REQUIRED_LATER
975,COVAPIE_CYS_SG_EVENT_V1:5AZV:A:CYS:285-:SG:C:4M5:C15,5AZV,4M5,true,true,true,false,true,true,true,true,true,false,false,CURRENTLY_UNREVIEWED,true,COVAPIE_BULK_REVIEW_UNIT_9E98765987D25C42,CURRENTLY_UNREVIEWED,false,data/derived/covalent_small/covapie_bulk_cys_sg_model_usable_auto_admission_scaleup_v1/covapie_bulk_cys_sg_priority_human_review_queue_v1.csv,UNRESOLVED,,UNRESOLVED,,UNRESOLVED,false,true,false,false,false,NOT_ESTABLISHED,false,null,false,false,false,false,false,false,false,,false,false,,,FEATURE_SEMANTICS_AUDIT_REQUIRED_LATER
976,COVAPIE_CYS_SG_EVENT_V1:5AZV:B:CYS:285-:SG:D:4M5:C15,5AZV,4M5,true,true,true,false,true,true,true,true,true,false,false,CURRENTLY_UNREVIEWED,true,COVAPIE_BULK_REVIEW_UNIT_9E98765987D25C42,CURRENTLY_UNREVIEWED,false,data/derived/covalent_small/covapie_bulk_cys_sg_model_usable_auto_admission_scaleup_v1/covapie_bulk_cys_sg_priority_human_review_queue_v1.csv,UNRESOLVED,,UNRESOLVED,,UNRESOLVED,false,true,false,false,false,NOT_ESTABLISHED,false,null,false,false,false,false,false,false,false,,false,false,,,FEATURE_SEMANTICS_AUDIT_REQUIRED_LATER
977,COVAPIE_CYS_SG_EVENT_V1:5C1U:A:CYS:147-:SG:C:GHV:C27,5C1U,GHV,true,true,true,false,true,true,true,true,true,false,false,LEAKAGE_EXISTING_GROUP_CONFLICT,false,,NOT_IN_HUMAN_REVIEW_POPULATION,false,,UNRESOLVED,,UNRESOLVED,,UNRESOLVED,false,true,false,false,false,NOT_ESTABLISHED,false,null,false,false,false,false,false,false,false,,false,false,,,FEATURE_SEMANTICS_AUDIT_REQUIRED_LATER
978,COVAPIE_CYS_SG_EVENT_V1:5C1U:B:CYS:147-:SG:D:GHV:C27,5C1U,GHV,true,true,true,false,true,true,true,true,true,false,false,LEAKAGE_EXISTING_GROUP_CONFLICT,false,,NOT_IN_HUMAN_REVIEW_POPULATION,false,,UNRESOLVED,,UNRESOLVED,,UNRESOLVED,false,true,false,false,false,NOT_ESTABLISHED,false,null,false,false,false,false,false,false,false,,false,false,,,FEATURE_SEMANTICS_AUDIT_REQUIRED_LATER
979,COVAPIE_CYS_SG_EVENT_V1:5C1X:A:CYS:147-:SG:C:GHX:C27,5C1X,GHX,true,true,true,false,true,true,true,true,true,false,false,LEAKAGE_EXISTING_GROUP_CONFLICT,false,,NOT_IN_HUMAN_REVIEW_POPULATION,false,,UNRESOLVED,,UNRESOLVED,,UNRESOLVED,false,true,false,false,false,NOT_ESTABLISHED,false,null,false,false,false,false,false,false,false,,false,false,,,FEATURE_SEMANTICS_AUDIT_REQUIRED_LATER
980,COVAPIE_CYS_SG_EVENT_V1:5C1X:B:CYS:147-:SG:D:GHX:C27,5C1X,GHX,true,true,true,false,true,true,true,true,true,false,false,LEAKAGE_EXISTING_GROUP_CONFLICT,false,,NOT_IN_HUMAN_REVIEW_POPULATION,false,,UNRESOLVED,,UNRESOLVED,,UNRESOLVED,false,true,false,false,false,NOT_ESTABLISHED,false,null,false,false,false,false,false,false,false,,false,false,,,FEATURE_SEMANTICS_AUDIT_REQUIRED_LATER
981,COVAPIE_CYS_SG_EVENT_V1:5C1Y:A:CYS:147-:SG:B:GHY:C27,5C1Y,GHY,true,false,false,false,false,false,false,false,false,false,false,STRUCTURAL_EVIDENCE_INCOMPLETE,false,,NOT_IN_HUMAN_REVIEW_POPULATION,false,,UNRESOLVED,,UNRESOLVED,,UNRESOLVED,false,false,false,false,false,NOT_ESTABLISHED,false,null,false,false,false,false,false,false,false,,false,false,,,FEATURE_SEMANTICS_AUDIT_REQUIRED_LATER
982,COVAPIE_CYS_SG_EVENT_V1:5C20:A:CYS:147-:SG:B:GHZ:C27,5C20,GHZ,true,false,false,false,false,false,false,false,false,false,false,STRUCTURAL_EVIDENCE_INCOMPLETE,false,,NOT_IN_HUMAN_REVIEW_POPULATION,false,,UNRESOLVED,,UNRESOLVED,,UNRESOLVED,false,false,false,false,false,NOT_ESTABLISHED,false,null,false,false,false,false,false,false,false,,false,false,,,FEATURE_SEMANTICS_AUDIT_REQUIRED_LATER
983,COVAPIE_CYS_SG_EVENT_V1:5C5O:A:CYS:145-:SG:C:SDJ:C20,5C5O,SDJ,true,true,true,false,true,true,true,true,true,false,false,CURRENTLY_UNREVIEWED,true,COVAPIE_BULK_REVIEW_UNIT_B14901EBB288D9F1,CURRENTLY_UNREVIEWED,false,data/derived/covalent_small/covapie_bulk_cys_sg_model_usable_auto_admission_scaleup_v1/covapie_bulk_cys_sg_priority_human_review_queue_v1.csv,UNRESOLVED,,UNRESOLVED,,UNRESOLVED,false,true,false,false,false,NOT_ESTABLISHED,false,null,false,false,false,false,false,false,false,,false,false,,,FEATURE_SEMANTICS_AUDIT_REQUIRED_LATER
984,COVAPIE_CYS_SG_EVENT_V1:5C5O:B:CYS:145-:SG:D:SDJ:C20,5C5O,SDJ,true,true,true,false,true,true,true,true,true,false,false,CURRENTLY_UNREVIEWED,true,COVAPIE_BULK_REVIEW_UNIT_B14901EBB288D9F1,CURRENTLY_UNREVIEWED,false,data/derived/covalent_small/covapie_bulk_cys_sg_model_usable_auto_admission_scaleup_v1/covapie_bulk_cys_sg_priority_human_review_queue_v1.csv,UNRESOLVED,,UNRESOLVED,,UNRESOLVED,false,true,false,false,false,NOT_ESTABLISHED,false,null,false,false,false,false,false,false,false,,false,false,,,FEATURE_SEMANTICS_AUDIT_REQUIRED_LATER
985,COVAPIE_CYS_SG_EVENT_V1:5C91:A:CYS:627-:SG:B:4YU:C3,5C91,4YU,true,false,false,false,false,false,false,false,false,false,false,STRUCTURAL_EVIDENCE_INCOMPLETE,false,,NOT_IN_HUMAN_REVIEW_POPULATION,false,,UNRESOLVED,,UNRESOLVED,,UNRESOLVED,false,false,false,false,false,NOT_ESTABLISHED,false,null,false,false,false,false,false,false,false,,false,false,,,FEATURE_SEMANTICS_AUDIT_REQUIRED_LATER
986,COVAPIE_CYS_SG_EVENT_V1:5CRA:A:CYS:118-:SG:K:GVE:CB,5CRA,GVE,true,true,true,false,true,true,true,true,true,false,false,CURRENTLY_UNREVIEWED,true,COVAPIE_BULK_REVIEW_UNIT_AAB4DCC7D3073222,CURRENTLY_UNREVIEWED,false,data/derived/covalent_small/covapie_bulk_cys_sg_model_usable_auto_admission_scaleup_v1/covapie_bulk_cys_sg_priority_human_review_queue_v1.csv,UNRESOLVED,,UNRESOLVED,,UNRESOLVED,false,true,false,false,false,NOT_ESTABLISHED,false,null,false,false,false,false,false,false,false,,false,false,,,FEATURE_SEMANTICS_AUDIT_REQUIRED_LATER
987,COVAPIE_CYS_SG_EVENT_V1:5CZU:A:CYS:119-:SG:B:4LF:C4,5CZU,4LF,true,true,true,false,true,true,true,true,true,false,false,CURRENTLY_UNREVIEWED,true,COVAPIE_BULK_REVIEW_UNIT_7AD1402BF631432F,CURRENTLY_UNREVIEWED,false,data/derived/covalent_small/covapie_bulk_cys_sg_model_usable_auto_admission_scaleup_v1/covapie_bulk_cys_sg_priority_human_review_queue_v1.csv,UNRESOLVED,,UNRESOLVED,,UNRESOLVED,false,true,false,false,false,NOT_ESTABLISHED,false,null,false,false,false,false,false,false,false,,false,false,,,FEATURE_SEMANTICS_AUDIT_REQUIRED_LATER
988,COVAPIE_CYS_SG_EVENT_V1:5D11:A:CYS:345-:SG:D:56G:CAA,5D11,56G,true,true,true,false,true,true,true,true,true,false,false,CURRENTLY_UNREVIEWED,true,COVAPIE_BULK_REVIEW_UNIT_74274D761287CCCF,CURRENTLY_UNREVIEWED,false,data/derived/covalent_small/covapie_bulk_cys_sg_model_usable_auto_admission_scaleup_v1/covapie_bulk_cys_sg_priority_human_review_queue_v1.csv,UNRESOLVED,,UNRESOLVED,,UNRESOLVED,false,true,false,false,false,NOT_ESTABLISHED,false,null,false,false,false,false,false,false,false,,false,false,,,FEATURE_SEMANTICS_AUDIT_REQUIRED_LATER
989,COVAPIE_CYS_SG_EVENT_V1:5D11:B:CYS:345-:SG:F:56G:CAA,5D11,56G,true,true,true,false,true,true,true,true,true,false,false,CURRENTLY_UNREVIEWED,true,COVAPIE_BULK_REVIEW_UNIT_74274D761287CCCF,CURRENTLY_UNREVIEWED,false,data/derived/covalent_small/covapie_bulk_cys_sg_model_usable_auto_admission_scaleup_v1/covapie_bulk_cys_sg_priority_human_review_queue_v1.csv,UNRESOLVED,,UNRESOLVED,,UNRESOLVED,false,true,false,false,false,NOT_ESTABLISHED,false,null,false,false,false,false,false,false,false,,false,false,,,FEATURE_SEMANTICS_AUDIT_REQUIRED_LATER
990,COVAPIE_CYS_SG_EVENT_V1:5DAD:A:CYS:151-:SG:B:TX6:C1,5DAD,TX6,true,false,false,false,false,false,false,false,false,false,false,STRUCTURAL_EVIDENCE_INCOMPLETE,false,,NOT_IN_HUMAN_REVIEW_POPULATION,false,,UNRESOLVED,,UNRESOLVED,,UNRESOLVED,false,false,false,false,false,NOT_ESTABLISHED,false,null,false,false,false,false,false,false,false,,false,false,,,FEATURE_SEMANTICS_AUDIT_REQUIRED_LATER
991,COVAPIE_CYS_SG_EVENT_V1:5DAF:A:CYS:151-:SG:B:58E:C1,5DAF,58E,true,false,false,false,false,false,false,false,false,false,false,STRUCTURAL_EVIDENCE_INCOMPLETE,false,,NOT_IN_HUMAN_REVIEW_POPULATION,false,,UNRESOLVED,,UNRESOLVED,,UNRESOLVED,false,false,false,false,false,NOT_ESTABLISHED,false,null,false,false,false,false,false,false,false,,false,false,,,FEATURE_SEMANTICS_AUDIT_REQUIRED_LATER
992,COVAPIE_CYS_SG_EVENT_V1:5DC2:A:CYS:354-:SG:C:58U:C7,5DC2,58U,true,true,true,false,true,true,true,true,true,false,false,CURRENTLY_UNREVIEWED,true,COVAPIE_BULK_REVIEW_UNIT_462BD93186C05FD2,CURRENTLY_UNREVIEWED,false,data/derived/covalent_small/covapie_bulk_cys_sg_model_usable_auto_admission_scaleup_v1/covapie_bulk_cys_sg_priority_human_review_queue_v1.csv,UNRESOLVED,,UNRESOLVED,,UNRESOLVED,false,true,false,false,false,NOT_ESTABLISHED,false,null,false,false,false,false,false,false,false,,false,false,,,FEATURE_SEMANTICS_AUDIT_REQUIRED_LATER
993,COVAPIE_CYS_SG_EVENT_V1:5DC2:B:CYS:354-:SG:S:58U:C7,5DC2,58U,true,true,true,false,true,true,true,true,true,false,false,CURRENTLY_UNREVIEWED,true,COVAPIE_BULK_REVIEW_UNIT_462BD93186C05FD2,CURRENTLY_UNREVIEWED,false,data/derived/covalent_small/covapie_bulk_cys_sg_model_usable_auto_admission_scaleup_v1/covapie_bulk_cys_sg_priority_human_review_queue_v1.csv,UNRESOLVED,,UNRESOLVED,,UNRESOLVED,false,true,false,false,false,NOT_ESTABLISHED,false,null,false,false,false,false,false,false,false,,false,false,,,FEATURE_SEMANTICS_AUDIT_REQUIRED_LATER
994,COVAPIE_CYS_SG_EVENT_V1:5DCC:A:CYS:354-:SG:C:58U:C7,5DCC,58U,true,true,true,false,true,true,true,true,true,false,false,CURRENTLY_UNREVIEWED,true,COVAPIE_BULK_REVIEW_UNIT_AD31D424D6E14AA0,CURRENTLY_UNREVIEWED,false,data/derived/covalent_small/covapie_bulk_cys_sg_model_usable_auto_admission_scaleup_v1/covapie_bulk_cys_sg_priority_human_review_queue_v1.csv,UNRESOLVED,,UNRESOLVED,,UNRESOLVED,false,true,false,false,false,NOT_ESTABLISHED,false,null,false,false,false,false,false,false,false,,false,false,,,FEATURE_SEMANTICS_AUDIT_REQUIRED_LATER
995,COVAPIE_CYS_SG_EVENT_V1:5DCC:B:CYS:354-:SG:S:58U:C7,5DCC,58U,true,true,true,false,true,true,true,true,true,false,false,CURRENTLY_UNREVIEWED,true,COVAPIE_BULK_REVIEW_UNIT_AD31D424D6E14AA0,CURRENTLY_UNREVIEWED,false,data/derived/covalent_small/covapie_bulk_cys_sg_model_usable_auto_admission_scaleup_v1/covapie_bulk_cys_sg_priority_human_review_queue_v1.csv,UNRESOLVED,,UNRESOLVED,,UNRESOLVED,false,true,false,false,false,NOT_ESTABLISHED,false,null,false,false,false,false,false,false,false,,false,false,,,FEATURE_SEMANTICS_AUDIT_REQUIRED_LATER
996,COVAPIE_CYS_SG_EVENT_V1:5DG6:A:CYS:139-:SG:E:V66:C25,5DG6,V66,true,false,false,false,false,false,false,false,false,false,false,STRUCTURAL_EVIDENCE_INCOMPLETE,false,,NOT_IN_HUMAN_REVIEW_POPULATION,false,,UNRESOLVED,,UNRESOLVED,,UNRESOLVED,false,false,false,false,false,NOT_ESTABLISHED,false,null,false,false,false,false,false,false,false,,false,false,,,FEATURE_SEMANTICS_AUDIT_REQUIRED_LATER
997,COVAPIE_CYS_SG_EVENT_V1:5DGJ:A:CYS:139-:SG:B:V64:C24,5DGJ,V64,true,true,true,false,true,true,true,true,true,false,false,LEAKAGE_EXISTING_GROUP_CONFLICT,false,,NOT_IN_HUMAN_REVIEW_POPULATION,false,,UNRESOLVED,,UNRESOLVED,,UNRESOLVED,false,true,false,false,false,NOT_ESTABLISHED,false,null,false,false,false,false,false,false,false,,false,false,,,FEATURE_SEMANTICS_AUDIT_REQUIRED_LATER
998,COVAPIE_CYS_SG_EVENT_V1:5DP3:A:CYS:147-:SG:B:5GH:C14,5DP3,5GH,true,false,false,false,false,false,false,false,false,false,false,STRUCTURAL_EVIDENCE_INCOMPLETE,false,,NOT_IN_HUMAN_REVIEW_POPULATION,false,,UNRESOLVED,,UNRESOLVED,,UNRESOLVED,false,false,false,false,false,NOT_ESTABLISHED,false,null,false,false,false,false,false,false,false,,false,false,,,FEATURE_SEMANTICS_AUDIT_REQUIRED_LATER
999,COVAPIE_CYS_SG_EVENT_V1:5DP4:A:CYS:147-:SG:E:5E8:C14,5DP4,5E8,true,true,true,false,true,true,true,true,true,false,false,LEAKAGE_EXISTING_GROUP_CONFLICT,false,,NOT_IN_HUMAN_REVIEW_POPULATION,false,,UNRESOLVED,,UNRESOLVED,,UNRESOLVED,false,true,false,false,false,NOT_ESTABLISHED,false,null,false,false,false,false,false,false,false,,false,false,,,FEATURE_SEMANTICS_AUDIT_REQUIRED_LATER
1000,COVAPIE_CYS_SG_EVENT_V1:5DP4:B:CYS:147-:SG:F:5E8:C14,5DP4,5E8,true,true,true,false,true,true,true,true,true,false,false,LEAKAGE_EXISTING_GROUP_CONFLICT,false,,NOT_IN_HUMAN_REVIEW_POPULATION,false,,UNRESOLVED,,UNRESOLVED,,UNRESOLVED,false,true,false,false,false,NOT_ESTABLISHED,false,null,false,false,false,false,false,false,false,,false,false,,,FEATURE_SEMANTICS_AUDIT_REQUIRED_LATER
