package_option_version,package_item_order_0based,option_order_within_sample_0based,sample_index_row_id,pdb_id,ligand_comp_id,warhead_type_candidate_class_index_0based,warhead_type_candidate_class_id,reaction_family_id,warhead_rule_id,source_proposal_record_sha256,source_candidate_set_sha256,source_bridge_candidate_index_0based,source_bridge_candidate_record_sha256,boundary_bond_id,warhead_attachment_atom_id,nonwarhead_boundary_atom_id,boundary_bond_order,warhead_side_atom_ids,warhead_extra_atom_ids_beyond_local_center,local_reaction_center_atom_ids,required_leaving_group_atom_ids,warhead_side_atom_count,nonwarhead_side_atom_count,candidate_admitted,review_eligible,blocking_reasons,package_option_record_sha256
covapie_current11_warhead_atom_set_and_attachment_boundary_review_option_v1,0,0,CYS_SG_SAMPLE_INDEX_000001,6BV6,JUG,3,COVAPIE_CYS_SG_WARHEAD_TYPE_CLASS_8B640E1A031138F0,COVAPIE_CYS_SG_REACTION_FAMILY_6A5C7B2B614B5F52,COVAPIE_CYS_SG_WARHEAD_RULE_8B640E1A031138F0,ae49a06e1da0a33c01912207dfd53d9d1a1d9d62b7a3a449f9976e9a456557c4,d7dc4b8d14698755321877629f2ae0a8533b24120c723d0d2ed8132903cc4c2b,0,5374c4e9b6368ba70b272050cdde5167f8a11eff8a9c5d999cdc29adcb7f6231,CAI|OAC|single,CAI,OAC,single,"[""CAD"",""CAE"",""CAF"",""CAG"",""CAH"",""CAI"",""CAJ"",""CAK"",""CAL"",""CAM"",""OAA"",""OAB""]","[""CAD"",""CAE"",""CAH"",""CAI"",""CAJ"",""CAL"",""CAM"",""OAA"",""OAB""]","[""CAF"",""CAG"",""CAK""]",[],12,1,true,true,,c16fe1d45e1f8052122f1b3f5a64477bd20126fb6847edfc2094eca19370f529
covapie_current11_warhead_atom_set_and_attachment_boundary_review_option_v1,1,1,CYS_SG_SAMPLE_INDEX_000001,6BV6,JUG,3,COVAPIE_CYS_SG_WARHEAD_TYPE_CLASS_8B640E1A031138F0,COVAPIE_CYS_SG_REACTION_FAMILY_6A5C7B2B614B5F52,COVAPIE_CYS_SG_WARHEAD_RULE_8B640E1A031138F0,ae49a06e1da0a33c01912207dfd53d9d1a1d9d62b7a3a449f9976e9a456557c4,d7dc4b8d14698755321877629f2ae0a8533b24120c723d0d2ed8132903cc4c2b,1,453aca6d5e4d90be1fdc0e7aa48e94fe9b73b25cc245df781ef6d31ba25f7918,CAJ|OAA|double,CAJ,OAA,double,"[""CAD"",""CAE"",""CAF"",""CAG"",""CAH"",""CAI"",""CAJ"",""CAK"",""CAL"",""CAM"",""OAB"",""OAC""]","[""CAD"",""CAE"",""CAH"",""CAI"",""CAJ"",""CAL"",""CAM"",""OAB"",""OAC""]","[""CAF"",""CAG"",""CAK""]",[],12,1,true,true,,9cb4d3b5e424e88796dee97bbcebc8694858812dd286836c42c7666df2e4fe67
covapie_current11_warhead_atom_set_and_attachment_boundary_review_option_v1,2,2,CYS_SG_SAMPLE_INDEX_000001,6BV6,JUG,3,COVAPIE_CYS_SG_WARHEAD_TYPE_CLASS_8B640E1A031138F0,COVAPIE_CYS_SG_REACTION_FAMILY_6A5C7B2B614B5F52,COVAPIE_CYS_SG_WARHEAD_RULE_8B640E1A031138F0,ae49a06e1da0a33c01912207dfd53d9d1a1d9d62b7a3a449f9976e9a456557c4,d7dc4b8d14698755321877629f2ae0a8533b24120c723d0d2ed8132903cc4c2b,2,b6d13b001c608cbb5a44351f5a3911e6f75b2ef55294a91cfc54f7a6b1576f83,CAK|OAB|double,CAK,OAB,double,"[""CAD"",""CAE"",""CAF"",""CAG"",""CAH"",""CAI"",""CAJ"",""CAK"",""CAL"",""CAM"",""OAA"",""OAC""]","[""CAD"",""CAE"",""CAH"",""CAI"",""CAJ"",""CAL"",""CAM"",""OAA"",""OAC""]","[""CAF"",""CAG"",""CAK""]",[],12,1,true,true,,e1545c190842d41efe9dff25e4e3efa632046d4c38938397c8c7b3e31fe3ebb3
covapie_current11_warhead_atom_set_and_attachment_boundary_review_option_v1,3,0,CYS_SG_SAMPLE_INDEX_000002,6BV8,JUG,3,COVAPIE_CYS_SG_WARHEAD_TYPE_CLASS_8B640E1A031138F0,COVAPIE_CYS_SG_REACTION_FAMILY_6A5C7B2B614B5F52,COVAPIE_CYS_SG_WARHEAD_RULE_8B640E1A031138F0,0f9b05a0a6594d1c7469e3de39e510f79158e1b3247f5398628e8fd07236efae,d96b434437f35b70cce4c9b1af33cf7ceb060335b3611ef684a47fc7f0272953,0,5fb586642820cc324c082408245f6ba1f63bd06181e4d5a09dd1eca871c331ce,CAI|OAC|single,CAI,OAC,single,"[""CAD"",""CAE"",""CAF"",""CAG"",""CAH"",""CAI"",""CAJ"",""CAK"",""CAL"",""CAM"",""OAA"",""OAB""]","[""CAD"",""CAE"",""CAH"",""CAI"",""CAJ"",""CAL"",""CAM"",""OAA"",""OAB""]","[""CAF"",""CAG"",""CAK""]",[],12,1,true,true,,da91928039befb4093567cbf61fd525870c329324303d5f8ac66b388256fcb0f
covapie_current11_warhead_atom_set_and_attachment_boundary_review_option_v1,4,1,CYS_SG_SAMPLE_INDEX_000002,6BV8,JUG,3,COVAPIE_CYS_SG_WARHEAD_TYPE_CLASS_8B640E1A031138F0,COVAPIE_CYS_SG_REACTION_FAMILY_6A5C7B2B614B5F52,COVAPIE_CYS_SG_WARHEAD_RULE_8B640E1A031138F0,0f9b05a0a6594d1c7469e3de39e510f79158e1b3247f5398628e8fd07236efae,d96b434437f35b70cce4c9b1af33cf7ceb060335b3611ef684a47fc7f0272953,1,6184bcbe71b7825344349f5541a5f79475d1adee36b1fe3bd416b93b3927cebb,CAJ|OAA|double,CAJ,OAA,double,"[""CAD"",""CAE"",""CAF"",""CAG"",""CAH"",""CAI"",""CAJ"",""CAK"",""CAL"",""CAM"",""OAB"",""OAC""]","[""CAD"",""CAE"",""CAH"",""CAI"",""CAJ"",""CAL"",""CAM"",""OAB"",""OAC""]","[""CAF"",""CAG"",""CAK""]",[],12,1,true,true,,3cdc4a6d83f0897ec5ac04be29cba8cadbe29147e13c1a72a2b7565a5dc40892
covapie_current11_warhead_atom_set_and_attachment_boundary_review_option_v1,5,2,CYS_SG_SAMPLE_INDEX_000002,6BV8,JUG,3,COVAPIE_CYS_SG_WARHEAD_TYPE_CLASS_8B640E1A031138F0,COVAPIE_CYS_SG_REACTION_FAMILY_6A5C7B2B614B5F52,COVAPIE_CYS_SG_WARHEAD_RULE_8B640E1A031138F0,0f9b05a0a6594d1c7469e3de39e510f79158e1b3247f5398628e8fd07236efae,d96b434437f35b70cce4c9b1af33cf7ceb060335b3611ef684a47fc7f0272953,2,e1404c579badf2dfa7bbbb944d115f24eb5374d5dcd1687925288dc14180cfee,CAK|OAB|double,CAK,OAB,double,"[""CAD"",""CAE"",""CAF"",""CAG"",""CAH"",""CAI"",""CAJ"",""CAK"",""CAL"",""CAM"",""OAA"",""OAC""]","[""CAD"",""CAE"",""CAH"",""CAI"",""CAJ"",""CAL"",""CAM"",""OAA"",""OAC""]","[""CAF"",""CAG"",""CAK""]",[],12,1,true,true,,8e200142952bf3107ba36d1a9ea8e5ebccc8d8fe7776d23537e0d28893ddb9c1
covapie_current11_warhead_atom_set_and_attachment_boundary_review_option_v1,6,0,CYS_SG_SAMPLE_INDEX_000003,6BV5,JUG,3,COVAPIE_CYS_SG_WARHEAD_TYPE_CLASS_8B640E1A031138F0,COVAPIE_CYS_SG_REACTION_FAMILY_6A5C7B2B614B5F52,COVAPIE_CYS_SG_WARHEAD_RULE_8B640E1A031138F0,a39932ff7a571d4f52eaccdc5699e72afd9366e3c7f99aa9c550c5e999f34643,26ceea8de967d586c64cb07de970a16d00caa8344abc5fde449323992b550ef7,0,73d8e74d321e4f5d37ed609b8b345e944e5f6a6fa6323f90e1648af064d37aeb,CAI|OAC|single,CAI,OAC,single,"[""CAD"",""CAE"",""CAF"",""CAG"",""CAH"",""CAI"",""CAJ"",""CAK"",""CAL"",""CAM"",""OAA"",""OAB""]","[""CAD"",""CAE"",""CAH"",""CAI"",""CAJ"",""CAL"",""CAM"",""OAA"",""OAB""]","[""CAF"",""CAG"",""CAK""]",[],12,1,true,true,,0a1e97e479c82252745b6e0d6adc480491c332e7644fc107890f112973c3cd85
covapie_current11_warhead_atom_set_and_attachment_boundary_review_option_v1,7,1,CYS_SG_SAMPLE_INDEX_000003,6BV5,JUG,3,COVAPIE_CYS_SG_WARHEAD_TYPE_CLASS_8B640E1A031138F0,COVAPIE_CYS_SG_REACTION_FAMILY_6A5C7B2B614B5F52,COVAPIE_CYS_SG_WARHEAD_RULE_8B640E1A031138F0,a39932ff7a571d4f52eaccdc5699e72afd9366e3c7f99aa9c550c5e999f34643,26ceea8de967d586c64cb07de970a16d00caa8344abc5fde449323992b550ef7,1,81eddb6bb0f9721d7daa210fdd9ad3097eb1fd648cf80d6d88db05797c86a674,CAJ|OAA|double,CAJ,OAA,double,"[""CAD"",""CAE"",""CAF"",""CAG"",""CAH"",""CAI"",""CAJ"",""CAK"",""CAL"",""CAM"",""OAB"",""OAC""]","[""CAD"",""CAE"",""CAH"",""CAI"",""CAJ"",""CAL"",""CAM"",""OAB"",""OAC""]","[""CAF"",""CAG"",""CAK""]",[],12,1,true,true,,382287a8dcf24982dab5b3aa0f78a6f21168942feaab1589678afa81c2be16ae
covapie_current11_warhead_atom_set_and_attachment_boundary_review_option_v1,8,2,CYS_SG_SAMPLE_INDEX_000003,6BV5,JUG,3,COVAPIE_CYS_SG_WARHEAD_TYPE_CLASS_8B640E1A031138F0,COVAPIE_CYS_SG_REACTION_FAMILY_6A5C7B2B614B5F52,COVAPIE_CYS_SG_WARHEAD_RULE_8B640E1A031138F0,a39932ff7a571d4f52eaccdc5699e72afd9366e3c7f99aa9c550c5e999f34643,26ceea8de967d586c64cb07de970a16d00caa8344abc5fde449323992b550ef7,2,03b350cca5cefa8c11966138a54d8410c54fc4468b15ed9e3acdc3a95b4ed726,CAK|OAB|double,CAK,OAB,double,"[""CAD"",""CAE"",""CAF"",""CAG"",""CAH"",""CAI"",""CAJ"",""CAK"",""CAL"",""CAM"",""OAA"",""OAC""]","[""CAD"",""CAE"",""CAH"",""CAI"",""CAJ"",""CAL"",""CAM"",""OAA"",""OAC""]","[""CAF"",""CAG"",""CAK""]",[],12,1,true,true,,546cc8876140b07727b44b8d0a61ed788e771549a8d4970be7de75b5e7712444
covapie_current11_warhead_atom_set_and_attachment_boundary_review_option_v1,9,0,CYS_SG_SAMPLE_INDEX_000004,1AEC,E64,2,COVAPIE_CYS_SG_WARHEAD_TYPE_CLASS_3B7FB1395768B690,COVAPIE_CYS_SG_REACTION_FAMILY_4C9251579704AD85,COVAPIE_CYS_SG_WARHEAD_RULE_3B7FB1395768B690,0f4d743da32b4d0ac1deb909249a118d13bbb6bc590d6022a1b4f85e43ea6a68,ea03b17a07622fb807038e6f7970b2d29ea72a2b69809c34e9df843209ce95e5,0,8b04d7bb1935ce8c82a1ba49653451afe08dcf7d5c7c94905bffabb4b8df0b03,C10|C8|single,C8,C10,single,"[""C1"",""C11"",""C12"",""C13"",""C14"",""C15"",""C16"",""C2"",""C3"",""C4"",""C6"",""C7"",""C8"",""C9"",""N1"",""N2"",""N3"",""N4"",""N5"",""O1"",""O2"",""O3"",""O4"",""O5""]","[""C11"",""C12"",""C13"",""C14"",""C15"",""C16"",""C4"",""C6"",""C7"",""C8"",""C9"",""N1"",""N2"",""N3"",""N4"",""N5"",""O1"",""O2"",""O3"",""O4"",""O5""]","[""C1"",""C2"",""C3""]",[],24,1,true,true,,7a3b8b9a91f3ad5008f713759da84fdb84a72d9e5205f5f9a3370c3adca8d4fa
covapie_current11_warhead_atom_set_and_attachment_boundary_review_option_v1,10,1,CYS_SG_SAMPLE_INDEX_000004,1AEC,E64,2,COVAPIE_CYS_SG_WARHEAD_TYPE_CLASS_3B7FB1395768B690,COVAPIE_CYS_SG_REACTION_FAMILY_4C9251579704AD85,COVAPIE_CYS_SG_WARHEAD_RULE_3B7FB1395768B690,0f4d743da32b4d0ac1deb909249a118d13bbb6bc590d6022a1b4f85e43ea6a68,ea03b17a07622fb807038e6f7970b2d29ea72a2b69809c34e9df843209ce95e5,1,e5e2d5417c3faba9ebd9b88d945478058b64c1afc50c23ea8eb8c9db5af5202a,C11|C6|single,C6,C11,single,"[""C1"",""C10"",""C2"",""C3"",""C4"",""C6"",""C7"",""C8"",""C9"",""N1"",""O1"",""O2"",""O3"",""O4""]","[""C10"",""C4"",""C6"",""C7"",""C8"",""C9"",""N1"",""O1"",""O2"",""O3"",""O4""]","[""C1"",""C2"",""C3""]",[],14,11,true,true,,76d55e9c8aa31b007cb08012c63bb2e4c82ea3b8c8921bcb10e0ffd56806e83e
covapie_current11_warhead_atom_set_and_attachment_boundary_review_option_v1,11,2,CYS_SG_SAMPLE_INDEX_000004,1AEC,E64,2,COVAPIE_CYS_SG_WARHEAD_TYPE_CLASS_3B7FB1395768B690,COVAPIE_CYS_SG_REACTION_FAMILY_4C9251579704AD85,COVAPIE_CYS_SG_WARHEAD_RULE_3B7FB1395768B690,0f4d743da32b4d0ac1deb909249a118d13bbb6bc590d6022a1b4f85e43ea6a68,ea03b17a07622fb807038e6f7970b2d29ea72a2b69809c34e9df843209ce95e5,2,38e5f793c21803e2488f6a6af7ed0fde12c0d8c5ff4d1b4acafe75e1728a8e8c,C11|N2|single,C11,N2,single,"[""C1"",""C10"",""C11"",""C2"",""C3"",""C4"",""C6"",""C7"",""C8"",""C9"",""N1"",""O1"",""O2"",""O3"",""O4"",""O5""]","[""C10"",""C11"",""C4"",""C6"",""C7"",""C8"",""C9"",""N1"",""O1"",""O2"",""O3"",""O4"",""O5""]","[""C1"",""C2"",""C3""]",[],16,9,true,true,,17f6932cfe2e24daddaf2ad5c085a93b68ca0d973d00698d18acfa377b219801
covapie_current11_warhead_atom_set_and_attachment_boundary_review_option_v1,12,3,CYS_SG_SAMPLE_INDEX_000004,1AEC,E64,2,COVAPIE_CYS_SG_WARHEAD_TYPE_CLASS_3B7FB1395768B690,COVAPIE_CYS_SG_REACTION_FAMILY_4C9251579704AD85,COVAPIE_CYS_SG_WARHEAD_RULE_3B7FB1395768B690,0f4d743da32b4d0ac1deb909249a118d13bbb6bc590d6022a1b4f85e43ea6a68,ea03b17a07622fb807038e6f7970b2d29ea72a2b69809c34e9df843209ce95e5,3,3dbaa53ddb61387d200534417950682fd182bfe04ea97a42fe1fde7f107256a8,C11|O5|double,C11,O5,double,"[""C1"",""C10"",""C11"",""C12"",""C13"",""C14"",""C15"",""C16"",""C2"",""C3"",""C4"",""C6"",""C7"",""C8"",""C9"",""N1"",""N2"",""N3"",""N4"",""N5"",""O1"",""O2"",""O3"",""O4""]","[""C10"",""C11"",""C12"",""C13"",""C14"",""C15"",""C16"",""C4"",""C6"",""C7"",""C8"",""C9"",""N1"",""N2"",""N3"",""N4"",""N5"",""O1"",""O2"",""O3"",""O4""]","[""C1"",""C2"",""C3""]",[],24,1,true,true,,f4cc8a5274e4324d2cacde2f04bcf3ec0f2bd00627197b4403d5e384c7e3d5fa
covapie_current11_warhead_atom_set_and_attachment_boundary_review_option_v1,13,4,CYS_SG_SAMPLE_INDEX_000004,1AEC,E64,2,COVAPIE_CYS_SG_WARHEAD_TYPE_CLASS_3B7FB1395768B690,COVAPIE_CYS_SG_REACTION_FAMILY_4C9251579704AD85,COVAPIE_CYS_SG_WARHEAD_RULE_3B7FB1395768B690,0f4d743da32b4d0ac1deb909249a118d13bbb6bc590d6022a1b4f85e43ea6a68,ea03b17a07622fb807038e6f7970b2d29ea72a2b69809c34e9df843209ce95e5,4,3cb1d486772fb9693c1f7b6c20051d5daa38d9e8cfb877c846a84e3867d3af30,C12|C13|single,C12,C13,single,"[""C1"",""C10"",""C11"",""C12"",""C2"",""C3"",""C4"",""C6"",""C7"",""C8"",""C9"",""N1"",""N2"",""O1"",""O2"",""O3"",""O4"",""O5""]","[""C10"",""C11"",""C12"",""C4"",""C6"",""C7"",""C8"",""C9"",""N1"",""N2"",""O1"",""O2"",""O3"",""O4"",""O5""]","[""C1"",""C2"",""C3""]",[],18,7,true,true,,579cff5a3cfb28a0a05bf104ba1c9886cb9eaf202225002a539bec6d53e1de76
covapie_current11_warhead_atom_set_and_attachment_boundary_review_option_v1,14,5,CYS_SG_SAMPLE_INDEX_000004,1AEC,E64,2,COVAPIE_CYS_SG_WARHEAD_TYPE_CLASS_3B7FB1395768B690,COVAPIE_CYS_SG_REACTION_FAMILY_4C9251579704AD85,COVAPIE_CYS_SG_WARHEAD_RULE_3B7FB1395768B690,0f4d743da32b4d0ac1deb909249a118d13bbb6bc590d6022a1b4f85e43ea6a68,ea03b17a07622fb807038e6f7970b2d29ea72a2b69809c34e9df843209ce95e5,5,15319f6bc844dce7f7b84df2270ee6090bb8163b1278f12716e43465f6701220,C12|N2|single,N2,C12,single,"[""C1"",""C10"",""C11"",""C2"",""C3"",""C4"",""C6"",""C7"",""C8"",""C9"",""N1"",""N2"",""O1"",""O2"",""O3"",""O4"",""O5""]","[""C10"",""C11"",""C4"",""C6"",""C7"",""C8"",""C9"",""N1"",""N2"",""O1"",""O2"",""O3"",""O4"",""O5""]","[""C1"",""C2"",""C3""]",[],17,8,true,true,,438617b92499d0b5071d7caacb66582f3326a523e2d53ad724c15421ecd9286a
covapie_current11_warhead_atom_set_and_attachment_boundary_review_option_v1,15,6,CYS_SG_SAMPLE_INDEX_000004,1AEC,E64,2,COVAPIE_CYS_SG_WARHEAD_TYPE_CLASS_3B7FB1395768B690,COVAPIE_CYS_SG_REACTION_FAMILY_4C9251579704AD85,COVAPIE_CYS_SG_WARHEAD_RULE_3B7FB1395768B690,0f4d743da32b4d0ac1deb909249a118d13bbb6bc590d6022a1b4f85e43ea6a68,ea03b17a07622fb807038e6f7970b2d29ea72a2b69809c34e9df843209ce95e5,6,deadef3090d23c12e90986397a497f5dd91e17a04f4c955bc56a20562943a31e,C13|C14|single,C13,C14,single,"[""C1"",""C10"",""C11"",""C12"",""C13"",""C2"",""C3"",""C4"",""C6"",""C7"",""C8"",""C9"",""N1"",""N2"",""O1"",""O2"",""O3"",""O4"",""O5""]","[""C10"",""C11"",""C12"",""C13"",""C4"",""C6"",""C7"",""C8"",""C9"",""N1"",""N2"",""O1"",""O2"",""O3"",""O4"",""O5""]","[""C1"",""C2"",""C3""]",[],19,6,true,true,,2632ac052a4f645a2e7639a82348501436c4ddfb430627a00c2c1ebcdd9f6ee7
covapie_current11_warhead_atom_set_and_attachment_boundary_review_option_v1,16,7,CYS_SG_SAMPLE_INDEX_000004,1AEC,E64,2,COVAPIE_CYS_SG_WARHEAD_TYPE_CLASS_3B7FB1395768B690,COVAPIE_CYS_SG_REACTION_FAMILY_4C9251579704AD85,COVAPIE_CYS_SG_WARHEAD_RULE_3B7FB1395768B690,0f4d743da32b4d0ac1deb909249a118d13bbb6bc590d6022a1b4f85e43ea6a68,ea03b17a07622fb807038e6f7970b2d29ea72a2b69809c34e9df843209ce95e5,7,24892941b19112778b440788db3a36acc8f861236ec18dc58e73cfb2d72e29df,C14|C15|single,C14,C15,single,"[""C1"",""C10"",""C11"",""C12"",""C13"",""C14"",""C2"",""C3"",""C4"",""C6"",""C7"",""C8"",""C9"",""N1"",""N2"",""O1"",""O2"",""O3"",""O4"",""O5""]","[""C10"",""C11"",""C12"",""C13"",""C14"",""C4"",""C6"",""C7"",""C8"",""C9"",""N1"",""N2"",""O1"",""O2"",""O3"",""O4"",""O5""]","[""C1"",""C2"",""C3""]",[],20,5,true,true,,a277638be347eb2a1abcbd607dc6b81a2c61111ed3ad1c98c9a7b416d369b983
covapie_current11_warhead_atom_set_and_attachment_boundary_review_option_v1,17,8,CYS_SG_SAMPLE_INDEX_000004,1AEC,E64,2,COVAPIE_CYS_SG_WARHEAD_TYPE_CLASS_3B7FB1395768B690,COVAPIE_CYS_SG_REACTION_FAMILY_4C9251579704AD85,COVAPIE_CYS_SG_WARHEAD_RULE_3B7FB1395768B690,0f4d743da32b4d0ac1deb909249a118d13bbb6bc590d6022a1b4f85e43ea6a68,ea03b17a07622fb807038e6f7970b2d29ea72a2b69809c34e9df843209ce95e5,8,318fd52798735ad2834646c590352fe6fbbfb022d39ea769bec59a5f675ed320,C15|N3|single,C15,N3,single,"[""C1"",""C10"",""C11"",""C12"",""C13"",""C14"",""C15"",""C2"",""C3"",""C4"",""C6"",""C7"",""C8"",""C9"",""N1"",""N2"",""O1"",""O2"",""O3"",""O4"",""O5""]","[""C10"",""C11"",""C12"",""C13"",""C14"",""C15"",""C4"",""C6"",""C7"",""C8"",""C9"",""N1"",""N2"",""O1"",""O2"",""O3"",""O4"",""O5""]","[""C1"",""C2"",""C3""]",[],21,4,true,true,,7bdaabab9297dad21bd0b18835da159c77556e081d53ab43e7d6025f2df8a751
covapie_current11_warhead_atom_set_and_attachment_boundary_review_option_v1,18,9,CYS_SG_SAMPLE_INDEX_000004,1AEC,E64,2,COVAPIE_CYS_SG_WARHEAD_TYPE_CLASS_3B7FB1395768B690,COVAPIE_CYS_SG_REACTION_FAMILY_4C9251579704AD85,COVAPIE_CYS_SG_WARHEAD_RULE_3B7FB1395768B690,0f4d743da32b4d0ac1deb909249a118d13bbb6bc590d6022a1b4f85e43ea6a68,ea03b17a07622fb807038e6f7970b2d29ea72a2b69809c34e9df843209ce95e5,9,01a784674e05d7b03a85813dad8b224ba31b40eeda235d5b481f5074b9096e09,C16|N3|single,N3,C16,single,"[""C1"",""C10"",""C11"",""C12"",""C13"",""C14"",""C15"",""C2"",""C3"",""C4"",""C6"",""C7"",""C8"",""C9"",""N1"",""N2"",""N3"",""O1"",""O2"",""O3"",""O4"",""O5""]","[""C10"",""C11"",""C12"",""C13"",""C14"",""C15"",""C4"",""C6"",""C7"",""C8"",""C9"",""N1"",""N2"",""N3"",""O1"",""O2"",""O3"",""O4"",""O5""]","[""C1"",""C2"",""C3""]",[],22,3,true,true,,e692e18145eeadbee5c85edb27b622a6c43583cc92cd86e73324a5aec507b5a3
covapie_current11_warhead_atom_set_and_attachment_boundary_review_option_v1,19,10,CYS_SG_SAMPLE_INDEX_000004,1AEC,E64,2,COVAPIE_CYS_SG_WARHEAD_TYPE_CLASS_3B7FB1395768B690,COVAPIE_CYS_SG_REACTION_FAMILY_4C9251579704AD85,COVAPIE_CYS_SG_WARHEAD_RULE_3B7FB1395768B690,0f4d743da32b4d0ac1deb909249a118d13bbb6bc590d6022a1b4f85e43ea6a68,ea03b17a07622fb807038e6f7970b2d29ea72a2b69809c34e9df843209ce95e5,10,e33a9e66436ba0dbb82d231863f93fe28ee2d9843590ed21f5c0e350f7acb14a,C16|N4|single,C16,N4,single,"[""C1"",""C10"",""C11"",""C12"",""C13"",""C14"",""C15"",""C16"",""C2"",""C3"",""C4"",""C6"",""C7"",""C8"",""C9"",""N1"",""N2"",""N3"",""N5"",""O1"",""O2"",""O3"",""O4"",""O5""]","[""C10"",""C11"",""C12"",""C13"",""C14"",""C15"",""C16"",""C4"",""C6"",""C7"",""C8"",""C9"",""N1"",""N2"",""N3"",""N5"",""O1"",""O2"",""O3"",""O4"",""O5""]","[""C1"",""C2"",""C3""]",[],24,1,true,true,,f76ab8ca5cb521510b2906c7c5cde100129cd36df21ce55c41c6b723ae6405d2
covapie_current11_warhead_atom_set_and_attachment_boundary_review_option_v1,20,11,CYS_SG_SAMPLE_INDEX_000004,1AEC,E64,2,COVAPIE_CYS_SG_WARHEAD_TYPE_CLASS_3B7FB1395768B690,COVAPIE_CYS_SG_REACTION_FAMILY_4C9251579704AD85,COVAPIE_CYS_SG_WARHEAD_RULE_3B7FB1395768B690,0f4d743da32b4d0ac1deb909249a118d13bbb6bc590d6022a1b4f85e43ea6a68,ea03b17a07622fb807038e6f7970b2d29ea72a2b69809c34e9df843209ce95e5,11,a14bd0009dfc385fcacbf7d024bfc5ec2b0dcf4ae9eacf7941c4e4172d540789,C16|N5|double,C16,N5,double,"[""C1"",""C10"",""C11"",""C12"",""C13"",""C14"",""C15"",""C16"",""C2"",""C3"",""C4"",""C6"",""C7"",""C8"",""C9"",""N1"",""N2"",""N3"",""N4"",""O1"",""O2"",""O3"",""O4"",""O5""]","[""C10"",""C11"",""C12"",""C13"",""C14"",""C15"",""C16"",""C4"",""C6"",""C7"",""C8"",""C9"",""N1"",""N2"",""N3"",""N4"",""O1"",""O2"",""O3"",""O4"",""O5""]","[""C1"",""C2"",""C3""]",[],24,1,true,true,,ca392d25d73f7ea63a8df2e35a7955dab1cc2bdd5161b5df27e5038ac0bbad32
covapie_current11_warhead_atom_set_and_attachment_boundary_review_option_v1,21,12,CYS_SG_SAMPLE_INDEX_000004,1AEC,E64,2,COVAPIE_CYS_SG_WARHEAD_TYPE_CLASS_3B7FB1395768B690,COVAPIE_CYS_SG_REACTION_FAMILY_4C9251579704AD85,COVAPIE_CYS_SG_WARHEAD_RULE_3B7FB1395768B690,0f4d743da32b4d0ac1deb909249a118d13bbb6bc590d6022a1b4f85e43ea6a68,ea03b17a07622fb807038e6f7970b2d29ea72a2b69809c34e9df843209ce95e5,12,40032608d601dcb127a4cca2e69d40df3c962951a72554061253589ee58ad7c1,C1|C2|single,C2,C1,single,"[""C10"",""C11"",""C12"",""C13"",""C14"",""C15"",""C16"",""C2"",""C3"",""C4"",""C6"",""C7"",""C8"",""C9"",""N1"",""N2"",""N3"",""N4"",""N5"",""O3"",""O4"",""O5""]","[""C10"",""C11"",""C12"",""C13"",""C14"",""C15"",""C16"",""C4"",""C6"",""C7"",""C8"",""C9"",""N1"",""N2"",""N3"",""N4"",""N5"",""O3"",""O4"",""O5""]","[""C1"",""C2"",""C3""]",[],22,3,false,false,candidate_missing_local_reaction_center,ffd6e3a357b285cccbd7bace36668eb34a2c3142915aedfc0fd24c85491393a1
covapie_current11_warhead_atom_set_and_attachment_boundary_review_option_v1,22,13,CYS_SG_SAMPLE_INDEX_000004,1AEC,E64,2,COVAPIE_CYS_SG_WARHEAD_TYPE_CLASS_3B7FB1395768B690,COVAPIE_CYS_SG_REACTION_FAMILY_4C9251579704AD85,COVAPIE_CYS_SG_WARHEAD_RULE_3B7FB1395768B690,0f4d743da32b4d0ac1deb909249a118d13bbb6bc590d6022a1b4f85e43ea6a68,ea03b17a07622fb807038e6f7970b2d29ea72a2b69809c34e9df843209ce95e5,13,bcb4c005db925404aa01e601f15f4be01b225a8ac3a9c08b60cb82bfbaa304b5,C1|O1|double,C1,O1,double,"[""C1"",""C10"",""C11"",""C12"",""C13"",""C14"",""C15"",""C16"",""C2"",""C3"",""C4"",""C6"",""C7"",""C8"",""C9"",""N1"",""N2"",""N3"",""N4"",""N5"",""O2"",""O3"",""O4"",""O5""]","[""C10"",""C11"",""C12"",""C13"",""C14"",""C15"",""C16"",""C4"",""C6"",""C7"",""C8"",""C9"",""N1"",""N2"",""N3"",""N4"",""N5"",""O2"",""O3"",""O4"",""O5""]","[""C1"",""C2"",""C3""]",[],24,1,true,true,,c4c30c36259d0efaba2c2b10e04a22286881ed590d808f2080e3291b7c0e52ef
covapie_current11_warhead_atom_set_and_attachment_boundary_review_option_v1,23,14,CYS_SG_SAMPLE_INDEX_000004,1AEC,E64,2,COVAPIE_CYS_SG_WARHEAD_TYPE_CLASS_3B7FB1395768B690,COVAPIE_CYS_SG_REACTION_FAMILY_4C9251579704AD85,COVAPIE_CYS_SG_WARHEAD_RULE_3B7FB1395768B690,0f4d743da32b4d0ac1deb909249a118d13bbb6bc590d6022a1b4f85e43ea6a68,ea03b17a07622fb807038e6f7970b2d29ea72a2b69809c34e9df843209ce95e5,14,cdc6dbe15779750ede2be1599330a572bf42bf3a15c256a9783c618057a593f8,C1|O2|single,C1,O2,single,"[""C1"",""C10"",""C11"",""C12"",""C13"",""C14"",""C15"",""C16"",""C2"",""C3"",""C4"",""C6"",""C7"",""C8"",""C9"",""N1"",""N2"",""N3"",""N4"",""N5"",""O1"",""O3"",""O4"",""O5""]","[""C10"",""C11"",""C12"",""C13"",""C14"",""C15"",""C16"",""C4"",""C6"",""C7"",""C8"",""C9"",""N1"",""N2"",""N3"",""N4"",""N5"",""O1"",""O3"",""O4"",""O5""]","[""C1"",""C2"",""C3""]",[],24,1,true,true,,7d203d9878c10cd26a9bad9462650c493e23fac80e3012db6468ce5b3a465e86
covapie_current11_warhead_atom_set_and_attachment_boundary_review_option_v1,24,15,CYS_SG_SAMPLE_INDEX_000004,1AEC,E64,2,COVAPIE_CYS_SG_WARHEAD_TYPE_CLASS_3B7FB1395768B690,COVAPIE_CYS_SG_REACTION_FAMILY_4C9251579704AD85,COVAPIE_CYS_SG_WARHEAD_RULE_3B7FB1395768B690,0f4d743da32b4d0ac1deb909249a118d13bbb6bc590d6022a1b4f85e43ea6a68,ea03b17a07622fb807038e6f7970b2d29ea72a2b69809c34e9df843209ce95e5,15,f63f06033866eda50efe85e5e0161e050061768a1447d1d630a8f4b2cc3dbdb6,C2|C3|single,C2,C3,single,"[""C1"",""C2"",""O1"",""O2""]","[""O1"",""O2""]","[""C1"",""C2"",""C3""]",[],4,21,false,false,candidate_missing_local_reaction_center,5d2caf5dde78b877ca3430de042f4cc719df945b0929b50969da4dc8ed9052b0
covapie_current11_warhead_atom_set_and_attachment_boundary_review_option_v1,25,16,CYS_SG_SAMPLE_INDEX_000004,1AEC,E64,2,COVAPIE_CYS_SG_WARHEAD_TYPE_CLASS_3B7FB1395768B690,COVAPIE_CYS_SG_REACTION_FAMILY_4C9251579704AD85,COVAPIE_CYS_SG_WARHEAD_RULE_3B7FB1395768B690,0f4d743da32b4d0ac1deb909249a118d13bbb6bc590d6022a1b4f85e43ea6a68,ea03b17a07622fb807038e6f7970b2d29ea72a2b69809c34e9df843209ce95e5,16,406260dccf52e91965cf3c2f7b7f2108ca1cf462530f7cec374449df57f16211,C3|C4|single,C3,C4,single,"[""C1"",""C2"",""C3"",""O1"",""O2"",""O3""]","[""O1"",""O2"",""O3""]","[""C1"",""C2"",""C3""]",[],6,19,true,true,,4b8f6d9f4a88f4c34f113acbdb66f7cdb9957f2f67612a6111ce538dcec910f7
covapie_current11_warhead_atom_set_and_attachment_boundary_review_option_v1,26,17,CYS_SG_SAMPLE_INDEX_000004,1AEC,E64,2,COVAPIE_CYS_SG_WARHEAD_TYPE_CLASS_3B7FB1395768B690,COVAPIE_CYS_SG_REACTION_FAMILY_4C9251579704AD85,COVAPIE_CYS_SG_WARHEAD_RULE_3B7FB1395768B690,0f4d743da32b4d0ac1deb909249a118d13bbb6bc590d6022a1b4f85e43ea6a68,ea03b17a07622fb807038e6f7970b2d29ea72a2b69809c34e9df843209ce95e5,17,09a87aa8b76f23f2af13e20779adcb5c57e06a4af4ec89b4e2262a5f371abe13,C3|O3|single,C3,O3,single,"[""C1"",""C10"",""C11"",""C12"",""C13"",""C14"",""C15"",""C16"",""C2"",""C3"",""C4"",""C6"",""C7"",""C8"",""C9"",""N1"",""N2"",""N3"",""N4"",""N5"",""O1"",""O2"",""O4"",""O5""]","[""C10"",""C11"",""C12"",""C13"",""C14"",""C15"",""C16"",""C4"",""C6"",""C7"",""C8"",""C9"",""N1"",""N2"",""N3"",""N4"",""N5"",""O1"",""O2"",""O4"",""O5""]","[""C1"",""C2"",""C3""]",[],24,1,true,true,,726f9002989c3d3b0235baa34b2b5d92b8e2990f2fb143c810d783e7a64fc484
covapie_current11_warhead_atom_set_and_attachment_boundary_review_option_v1,27,18,CYS_SG_SAMPLE_INDEX_000004,1AEC,E64,2,COVAPIE_CYS_SG_WARHEAD_TYPE_CLASS_3B7FB1395768B690,COVAPIE_CYS_SG_REACTION_FAMILY_4C9251579704AD85,COVAPIE_CYS_SG_WARHEAD_RULE_3B7FB1395768B690,0f4d743da32b4d0ac1deb909249a118d13bbb6bc590d6022a1b4f85e43ea6a68,ea03b17a07622fb807038e6f7970b2d29ea72a2b69809c34e9df843209ce95e5,18,83da9492062e5e0487cf85df04f69974ead0d6f134e71d1b22375ea68b0ad197,C4|N1|single,C4,N1,single,"[""C1"",""C2"",""C3"",""C4"",""O1"",""O2"",""O3"",""O4""]","[""C4"",""O1"",""O2"",""O3"",""O4""]","[""C1"",""C2"",""C3""]",[],8,17,true,true,,e5430982c2893a592b4f329334f04008200ccae3667e2cfb15e55350a5d974db
covapie_current11_warhead_atom_set_and_attachment_boundary_review_option_v1,28,19,CYS_SG_SAMPLE_INDEX_000004,1AEC,E64,2,COVAPIE_CYS_SG_WARHEAD_TYPE_CLASS_3B7FB1395768B690,COVAPIE_CYS_SG_REACTION_FAMILY_4C9251579704AD85,COVAPIE_CYS_SG_WARHEAD_RULE_3B7FB1395768B690,0f4d743da32b4d0ac1deb909249a118d13bbb6bc590d6022a1b4f85e43ea6a68,ea03b17a07622fb807038e6f7970b2d29ea72a2b69809c34e9df843209ce95e5,19,a1b2d6825ab6a3f24a632abe8bc603d9eff393bc26c2282e802d219dc7373eff,C4|O4|double,C4,O4,double,"[""C1"",""C10"",""C11"",""C12"",""C13"",""C14"",""C15"",""C16"",""C2"",""C3"",""C4"",""C6"",""C7"",""C8"",""C9"",""N1"",""N2"",""N3"",""N4"",""N5"",""O1"",""O2"",""O3"",""O5""]","[""C10"",""C11"",""C12"",""C13"",""C14"",""C15"",""C16"",""C4"",""C6"",""C7"",""C8"",""C9"",""N1"",""N2"",""N3"",""N4"",""N5"",""O1"",""O2"",""O3"",""O5""]","[""C1"",""C2"",""C3""]",[],24,1,true,true,,396bc519980b32452e24ea1f6eee9b0aa69af15e8ea3999b1ef58bdc86f3ba57
covapie_current11_warhead_atom_set_and_attachment_boundary_review_option_v1,29,20,CYS_SG_SAMPLE_INDEX_000004,1AEC,E64,2,COVAPIE_CYS_SG_WARHEAD_TYPE_CLASS_3B7FB1395768B690,COVAPIE_CYS_SG_REACTION_FAMILY_4C9251579704AD85,COVAPIE_CYS_SG_WARHEAD_RULE_3B7FB1395768B690,0f4d743da32b4d0ac1deb909249a118d13bbb6bc590d6022a1b4f85e43ea6a68,ea03b17a07622fb807038e6f7970b2d29ea72a2b69809c34e9df843209ce95e5,20,1b98548a7197a495e958660026dec20e5f8db98fc2c2bb64c45ba9bb63775a99,C6|C7|single,C6,C7,single,"[""C1"",""C11"",""C12"",""C13"",""C14"",""C15"",""C16"",""C2"",""C3"",""C4"",""C6"",""N1"",""N2"",""N3"",""N4"",""N5"",""O1"",""O2"",""O3"",""O4"",""O5""]","[""C11"",""C12"",""C13"",""C14"",""C15"",""C16"",""C4"",""C6"",""N1"",""N2"",""N3"",""N4"",""N5"",""O1"",""O2"",""O3"",""O4"",""O5""]","[""C1"",""C2"",""C3""]",[],21,4,true,true,,f8216385c6fc6a53072e7c0ea3f8b96f0e455fd2bc5b002f80f0f8ab04b9a563
covapie_current11_warhead_atom_set_and_attachment_boundary_review_option_v1,30,21,CYS_SG_SAMPLE_INDEX_000004,1AEC,E64,2,COVAPIE_CYS_SG_WARHEAD_TYPE_CLASS_3B7FB1395768B690,COVAPIE_CYS_SG_REACTION_FAMILY_4C9251579704AD85,COVAPIE_CYS_SG_WARHEAD_RULE_3B7FB1395768B690,0f4d743da32b4d0ac1deb909249a118d13bbb6bc590d6022a1b4f85e43ea6a68,ea03b17a07622fb807038e6f7970b2d29ea72a2b69809c34e9df843209ce95e5,21,eae63f84c60a745aa8f61dad7107bfe22cf4067ff4a05c3513ca435e113165b4,C6|N1|single,N1,C6,single,"[""C1"",""C2"",""C3"",""C4"",""N1"",""O1"",""O2"",""O3"",""O4""]","[""C4"",""N1"",""O1"",""O2"",""O3"",""O4""]","[""C1"",""C2"",""C3""]",[],9,16,true,true,,e08f77d157f3360c179075359dd8f05cbaf0fa9015c40140eb53a18933e3fda7
covapie_current11_warhead_atom_set_and_attachment_boundary_review_option_v1,31,22,CYS_SG_SAMPLE_INDEX_000004,1AEC,E64,2,COVAPIE_CYS_SG_WARHEAD_TYPE_CLASS_3B7FB1395768B690,COVAPIE_CYS_SG_REACTION_FAMILY_4C9251579704AD85,COVAPIE_CYS_SG_WARHEAD_RULE_3B7FB1395768B690,0f4d743da32b4d0ac1deb909249a118d13bbb6bc590d6022a1b4f85e43ea6a68,ea03b17a07622fb807038e6f7970b2d29ea72a2b69809c34e9df843209ce95e5,22,ce3f11f09b3d84770a7ae8d1aed8dd01038c6876c86888609ee33b9dc09e3783,C7|C8|single,C7,C8,single,"[""C1"",""C11"",""C12"",""C13"",""C14"",""C15"",""C16"",""C2"",""C3"",""C4"",""C6"",""C7"",""N1"",""N2"",""N3"",""N4"",""N5"",""O1"",""O2"",""O3"",""O4"",""O5""]","[""C11"",""C12"",""C13"",""C14"",""C15"",""C16"",""C4"",""C6"",""C7"",""N1"",""N2"",""N3"",""N4"",""N5"",""O1"",""O2"",""O3"",""O4"",""O5""]","[""C1"",""C2"",""C3""]",[],22,3,true,true,,eb791828ff06f5e12ad25216bc6b2582914c6e33071530bdb0afb91122fcf592
covapie_current11_warhead_atom_set_and_attachment_boundary_review_option_v1,32,23,CYS_SG_SAMPLE_INDEX_000004,1AEC,E64,2,COVAPIE_CYS_SG_WARHEAD_TYPE_CLASS_3B7FB1395768B690,COVAPIE_CYS_SG_REACTION_FAMILY_4C9251579704AD85,COVAPIE_CYS_SG_WARHEAD_RULE_3B7FB1395768B690,0f4d743da32b4d0ac1deb909249a118d13bbb6bc590d6022a1b4f85e43ea6a68,ea03b17a07622fb807038e6f7970b2d29ea72a2b69809c34e9df843209ce95e5,23,fe0d553219b4997fd2315ed3bb2924d6e2d18d37a7b69958a2ae338eca50f1e4,C8|C9|single,C8,C9,single,"[""C1"",""C10"",""C11"",""C12"",""C13"",""C14"",""C15"",""C16"",""C2"",""C3"",""C4"",""C6"",""C7"",""C8"",""N1"",""N2"",""N3"",""N4"",""N5"",""O1"",""O2"",""O3"",""O4"",""O5""]","[""C10"",""C11"",""C12"",""C13"",""C14"",""C15"",""C16"",""C4"",""C6"",""C7"",""C8"",""N1"",""N2"",""N3"",""N4"",""N5"",""O1"",""O2"",""O3"",""O4"",""O5""]","[""C1"",""C2"",""C3""]",[],24,1,true,true,,9374527bdc5e42decd873f10db3c5e2d9eb1d26d9c440d8c426e99f21c96ee5f
covapie_current11_warhead_atom_set_and_attachment_boundary_review_option_v1,33,0,CYS_SG_SAMPLE_INDEX_000005,1AIM,ZYA,6,COVAPIE_CYS_SG_WARHEAD_TYPE_CLASS_EE022EB419200D14,COVAPIE_CYS_SG_REACTION_FAMILY_DC230CD72B1283D2,COVAPIE_CYS_SG_WARHEAD_RULE_EE022EB419200D14,b05ec87dc03b0b4015ceaf90f55efa9156bdc9d3ff275ec5392064bfff133216,44ebfe25817c4946b67c11c78997a3daa9d124a399a325207f9581ccad7ac263,0,31f92debb97d43d09999b6ce7111816f81d042029018f45329bee6e05573dfff,C1|N1|single,N1,C1,single,"[""C"",""CA1"",""CA2"",""CB1"",""CB2"",""CD1"",""CD2"",""CE1"",""CE2"",""CG"",""CM"",""CT"",""CZ"",""F1"",""N1"",""N2"",""O"",""OH"",""OT""]","[""C"",""CA1"",""CA2"",""CB1"",""CB2"",""CD1"",""CD2"",""CE1"",""CE2"",""CG"",""CZ"",""N1"",""N2"",""O"",""OH"",""OT""]","[""CM"",""CT"",""F1""]","[""F1""]",19,10,true,true,,dc08cdb255779c60958587d9eb9a35982b10403ebba995df022999ab2de167ba
covapie_current11_warhead_atom_set_and_attachment_boundary_review_option_v1,34,1,CYS_SG_SAMPLE_INDEX_000005,1AIM,ZYA,6,COVAPIE_CYS_SG_WARHEAD_TYPE_CLASS_EE022EB419200D14,COVAPIE_CYS_SG_REACTION_FAMILY_DC230CD72B1283D2,COVAPIE_CYS_SG_WARHEAD_RULE_EE022EB419200D14,b05ec87dc03b0b4015ceaf90f55efa9156bdc9d3ff275ec5392064bfff133216,44ebfe25817c4946b67c11c78997a3daa9d124a399a325207f9581ccad7ac263,1,ba8ba3b2560ac770ffb6b7e05f7efc695b8f02661ee946bd6d3a91f98e7fd6a1,C1|O1|double,C1,O1,double,"[""C"",""C1"",""C2"",""C3"",""C4"",""C5"",""C6"",""C7"",""C8"",""CA1"",""CA2"",""CB1"",""CB2"",""CD1"",""CD2"",""CE1"",""CE2"",""CG"",""CM"",""CT"",""CZ"",""F1"",""N1"",""N2"",""O"",""O2"",""OH"",""OT""]","[""C"",""C1"",""C2"",""C3"",""C4"",""C5"",""C6"",""C7"",""C8"",""CA1"",""CA2"",""CB1"",""CB2"",""CD1"",""CD2"",""CE1"",""CE2"",""CG"",""CZ"",""N1"",""N2"",""O"",""O2"",""OH"",""OT""]","[""CM"",""CT"",""F1""]","[""F1""]",28,1,true,true,,8e66bdfa127a525f8dab21007356fa89f51d26345744d9afddf391b3928f4129
covapie_current11_warhead_atom_set_and_attachment_boundary_review_option_v1,35,2,CYS_SG_SAMPLE_INDEX_000005,1AIM,ZYA,6,COVAPIE_CYS_SG_WARHEAD_TYPE_CLASS_EE022EB419200D14,COVAPIE_CYS_SG_REACTION_FAMILY_DC230CD72B1283D2,COVAPIE_CYS_SG_WARHEAD_RULE_EE022EB419200D14,b05ec87dc03b0b4015ceaf90f55efa9156bdc9d3ff275ec5392064bfff133216,44ebfe25817c4946b67c11c78997a3daa9d124a399a325207f9581ccad7ac263,2,29df0240fa65273c8b8e622bffc6aee1c55e2ce69c2c0db7aee8cdf51555ac1e,C1|O2|single,C1,O2,single,"[""C"",""C1"",""CA1"",""CA2"",""CB1"",""CB2"",""CD1"",""CD2"",""CE1"",""CE2"",""CG"",""CM"",""CT"",""CZ"",""F1"",""N1"",""N2"",""O"",""O1"",""OH"",""OT""]","[""C"",""C1"",""CA1"",""CA2"",""CB1"",""CB2"",""CD1"",""CD2"",""CE1"",""CE2"",""CG"",""CZ"",""N1"",""N2"",""O"",""O1"",""OH"",""OT""]","[""CM"",""CT"",""F1""]","[""F1""]",21,8,true,true,,5e32d88e9290a4b0717e0438f23b7737a4290e9bb0b89ad1ade4edb1c79ee2a5
covapie_current11_warhead_atom_set_and_attachment_boundary_review_option_v1,36,3,CYS_SG_SAMPLE_INDEX_000005,1AIM,ZYA,6,COVAPIE_CYS_SG_WARHEAD_TYPE_CLASS_EE022EB419200D14,COVAPIE_CYS_SG_REACTION_FAMILY_DC230CD72B1283D2,COVAPIE_CYS_SG_WARHEAD_RULE_EE022EB419200D14,b05ec87dc03b0b4015ceaf90f55efa9156bdc9d3ff275ec5392064bfff133216,44ebfe25817c4946b67c11c78997a3daa9d124a399a325207f9581ccad7ac263,3,ba2cf1095b9a897cd9393ab15748cde36b0bd5149f878491a905ac409ca4e200,C2|C3|single,C2,C3,single,"[""C"",""C1"",""C2"",""CA1"",""CA2"",""CB1"",""CB2"",""CD1"",""CD2"",""CE1"",""CE2"",""CG"",""CM"",""CT"",""CZ"",""F1"",""N1"",""N2"",""O"",""O1"",""O2"",""OH"",""OT""]","[""C"",""C1"",""C2"",""CA1"",""CA2"",""CB1"",""CB2"",""CD1"",""CD2"",""CE1"",""CE2"",""CG"",""CZ"",""N1"",""N2"",""O"",""O1"",""O2"",""OH"",""OT""]","[""CM"",""CT"",""F1""]","[""F1""]",23,6,true,true,,c8dc67667072aa66f2aa80ab2847d47418b3938fc972e6bc30a2005522e754d8
covapie_current11_warhead_atom_set_and_attachment_boundary_review_option_v1,37,4,CYS_SG_SAMPLE_INDEX_000005,1AIM,ZYA,6,COVAPIE_CYS_SG_WARHEAD_TYPE_CLASS_EE022EB419200D14,COVAPIE_CYS_SG_REACTION_FAMILY_DC230CD72B1283D2,COVAPIE_CYS_SG_WARHEAD_RULE_EE022EB419200D14,b05ec87dc03b0b4015ceaf90f55efa9156bdc9d3ff275ec5392064bfff133216,44ebfe25817c4946b67c11c78997a3daa9d124a399a325207f9581ccad7ac263,4,b3c3f9e134093e1982b30be901233cb5b0c82a0bd9c297ef26a02f72f1698ac0,C2|O2|single,O2,C2,single,"[""C"",""C1"",""CA1"",""CA2"",""CB1"",""CB2"",""CD1"",""CD2"",""CE1"",""CE2"",""CG"",""CM"",""CT"",""CZ"",""F1"",""N1"",""N2"",""O"",""O1"",""O2"",""OH"",""OT""]","[""C"",""C1"",""CA1"",""CA2"",""CB1"",""CB2"",""CD1"",""CD2"",""CE1"",""CE2"",""CG"",""CZ"",""N1"",""N2"",""O"",""O1"",""O2"",""OH"",""OT""]","[""CM"",""CT"",""F1""]","[""F1""]",22,7,true,true,,7d4d2c7e1f6cb915fe7b40379d1a6a929f0f08c223b6634c295bf9c5854b0891
covapie_current11_warhead_atom_set_and_attachment_boundary_review_option_v1,38,5,CYS_SG_SAMPLE_INDEX_000005,1AIM,ZYA,6,COVAPIE_CYS_SG_WARHEAD_TYPE_CLASS_EE022EB419200D14,COVAPIE_CYS_SG_REACTION_FAMILY_DC230CD72B1283D2,COVAPIE_CYS_SG_WARHEAD_RULE_EE022EB419200D14,b05ec87dc03b0b4015ceaf90f55efa9156bdc9d3ff275ec5392064bfff133216,44ebfe25817c4946b67c11c78997a3daa9d124a399a325207f9581ccad7ac263,5,0af2f13395bcea291750e008f6152fc3f5be6e1f72cbbf94567bacf071df1329,CA1|CB1|single,CA1,CB1,single,"[""C"",""C1"",""C2"",""C3"",""C4"",""C5"",""C6"",""C7"",""C8"",""CA1"",""CA2"",""CB2"",""CM"",""CT"",""F1"",""N1"",""N2"",""O"",""O1"",""O2"",""OT""]","[""C"",""C1"",""C2"",""C3"",""C4"",""C5"",""C6"",""C7"",""C8"",""CA1"",""CA2"",""CB2"",""N1"",""N2"",""O"",""O1"",""O2"",""OT""]","[""CM"",""CT"",""F1""]","[""F1""]",21,8,true,true,,31857ff01e134e9868fcfdf396d7178cccb881bc37e04739e94fd6c04a1923f7
covapie_current11_warhead_atom_set_and_attachment_boundary_review_option_v1,39,6,CYS_SG_SAMPLE_INDEX_000005,1AIM,ZYA,6,COVAPIE_CYS_SG_WARHEAD_TYPE_CLASS_EE022EB419200D14,COVAPIE_CYS_SG_REACTION_FAMILY_DC230CD72B1283D2,COVAPIE_CYS_SG_WARHEAD_RULE_EE022EB419200D14,b05ec87dc03b0b4015ceaf90f55efa9156bdc9d3ff275ec5392064bfff133216,44ebfe25817c4946b67c11c78997a3daa9d124a399a325207f9581ccad7ac263,6,100faf51eedf55e0bc77c52067262ffaa3b6a0bf947cff86a2c9d424262e9e50,CA1|N1|single,CA1,N1,single,"[""C"",""CA1"",""CA2"",""CB1"",""CB2"",""CD1"",""CD2"",""CE1"",""CE2"",""CG"",""CM"",""CT"",""CZ"",""F1"",""N2"",""O"",""OH"",""OT""]","[""C"",""CA1"",""CA2"",""CB1"",""CB2"",""CD1"",""CD2"",""CE1"",""CE2"",""CG"",""CZ"",""N2"",""O"",""OH"",""OT""]","[""CM"",""CT"",""F1""]","[""F1""]",18,11,true,true,,5741ede959046a8520e28ce09b992dda689aeea28e3f45db914da30150141d90
covapie_current11_warhead_atom_set_and_attachment_boundary_review_option_v1,40,7,CYS_SG_SAMPLE_INDEX_000005,1AIM,ZYA,6,COVAPIE_CYS_SG_WARHEAD_TYPE_CLASS_EE022EB419200D14,COVAPIE_CYS_SG_REACTION_FAMILY_DC230CD72B1283D2,COVAPIE_CYS_SG_WARHEAD_RULE_EE022EB419200D14,b05ec87dc03b0b4015ceaf90f55efa9156bdc9d3ff275ec5392064bfff133216,44ebfe25817c4946b67c11c78997a3daa9d124a399a325207f9581ccad7ac263,7,d01abdb7bfaac8025cee60e3d6a7f98e00ed4fd8b0a5bfb903ee7ce4bce2fee8,CA2|CB2|single,CA2,CB2,single,"[""C"",""C1"",""C2"",""C3"",""C4"",""C5"",""C6"",""C7"",""C8"",""CA1"",""CA2"",""CB1"",""CD1"",""CD2"",""CE1"",""CE2"",""CG"",""CM"",""CT"",""CZ"",""F1"",""N1"",""N2"",""O"",""O1"",""O2"",""OH"",""OT""]","[""C"",""C1"",""C2"",""C3"",""C4"",""C5"",""C6"",""C7"",""C8"",""CA1"",""CA2"",""CB1"",""CD1"",""CD2"",""CE1"",""CE2"",""CG"",""CZ"",""N1"",""N2"",""O"",""O1"",""O2"",""OH"",""OT""]","[""CM"",""CT"",""F1""]","[""F1""]",28,1,true,true,,d22e61b7abf61fc6de3145e33238f646d206e8e7ebd212e3815d8abc44331976
covapie_current11_warhead_atom_set_and_attachment_boundary_review_option_v1,41,8,CYS_SG_SAMPLE_INDEX_000005,1AIM,ZYA,6,COVAPIE_CYS_SG_WARHEAD_TYPE_CLASS_EE022EB419200D14,COVAPIE_CYS_SG_REACTION_FAMILY_DC230CD72B1283D2,COVAPIE_CYS_SG_WARHEAD_RULE_EE022EB419200D14,b05ec87dc03b0b4015ceaf90f55efa9156bdc9d3ff275ec5392064bfff133216,44ebfe25817c4946b67c11c78997a3daa9d124a399a325207f9581ccad7ac263,8,eeee79c67d87e473e8ac3faf4f1475d04f41f1c5261d35adbbe27718f5c2e707,CA2|CT|single,CT,CA2,single,"[""CM"",""CT"",""F1"",""OT""]","[""OT""]","[""CM"",""CT"",""F1""]","[""F1""]",4,25,true,true,,b96dbea27f374a208ad0f165666ace8c3ddabb2fdfdd9026682514821ee6ed86
covapie_current11_warhead_atom_set_and_attachment_boundary_review_option_v1,42,9,CYS_SG_SAMPLE_INDEX_000005,1AIM,ZYA,6,COVAPIE_CYS_SG_WARHEAD_TYPE_CLASS_EE022EB419200D14,COVAPIE_CYS_SG_REACTION_FAMILY_DC230CD72B1283D2,COVAPIE_CYS_SG_WARHEAD_RULE_EE022EB419200D14,b05ec87dc03b0b4015ceaf90f55efa9156bdc9d3ff275ec5392064bfff133216,44ebfe25817c4946b67c11c78997a3daa9d124a399a325207f9581ccad7ac263,9,51084ccfb1e93cd9dbe573d79c854a06fbee60ee092b236cae55aed4cb10d3bb,CA2|N2|single,CA2,N2,single,"[""CA2"",""CB2"",""CM"",""CT"",""F1"",""OT""]","[""CA2"",""CB2"",""OT""]","[""CM"",""CT"",""F1""]","[""F1""]",6,23,true,true,,ff37ae8e53804ed822ada9ba5e9cebc2d44b2f6209cd5e4ad6a42d1d0f90da84
covapie_current11_warhead_atom_set_and_attachment_boundary_review_option_v1,43,10,CYS_SG_SAMPLE_INDEX_000005,1AIM,ZYA,6,COVAPIE_CYS_SG_WARHEAD_TYPE_CLASS_EE022EB419200D14,COVAPIE_CYS_SG_REACTION_FAMILY_DC230CD72B1283D2,COVAPIE_CYS_SG_WARHEAD_RULE_EE022EB419200D14,b05ec87dc03b0b4015ceaf90f55efa9156bdc9d3ff275ec5392064bfff133216,44ebfe25817c4946b67c11c78997a3daa9d124a399a325207f9581ccad7ac263,10,47e98b4071b0a6f5d979afd65d72126fee0abbc2f6cb561bc3e4710845ebd4a7,CB1|CG|single,CB1,CG,single,"[""C"",""C1"",""C2"",""C3"",""C4"",""C5"",""C6"",""C7"",""C8"",""CA1"",""CA2"",""CB1"",""CB2"",""CM"",""CT"",""F1"",""N1"",""N2"",""O"",""O1"",""O2"",""OT""]","[""C"",""C1"",""C2"",""C3"",""C4"",""C5"",""C6"",""C7"",""C8"",""CA1"",""CA2"",""CB1"",""CB2"",""N1"",""N2"",""O"",""O1"",""O2"",""OT""]","[""CM"",""CT"",""F1""]","[""F1""]",22,7,true,true,,16ff5dadd29d0aae1c185ebbda28414d522005add1a287fdb255f473cda679c1
covapie_current11_warhead_atom_set_and_attachment_boundary_review_option_v1,44,11,CYS_SG_SAMPLE_INDEX_000005,1AIM,ZYA,6,COVAPIE_CYS_SG_WARHEAD_TYPE_CLASS_EE022EB419200D14,COVAPIE_CYS_SG_REACTION_FAMILY_DC230CD72B1283D2,COVAPIE_CYS_SG_WARHEAD_RULE_EE022EB419200D14,b05ec87dc03b0b4015ceaf90f55efa9156bdc9d3ff275ec5392064bfff133216,44ebfe25817c4946b67c11c78997a3daa9d124a399a325207f9581ccad7ac263,11,f9773e6f9c27a0519c72a897c1da81bbee2b9e9355afbc83277578835f043240,CM|CT|single,CM,CT,single,"[""CM"",""F1""]",[],"[""CM"",""CT"",""F1""]","[""F1""]",2,27,false,false,candidate_missing_local_reaction_center,6827eb486ecac7f4fa151c7821b4696aa3b343fedc81615a040e47681c7d1c0e
covapie_current11_warhead_atom_set_and_attachment_boundary_review_option_v1,45,12,CYS_SG_SAMPLE_INDEX_000005,1AIM,ZYA,6,COVAPIE_CYS_SG_WARHEAD_TYPE_CLASS_EE022EB419200D14,COVAPIE_CYS_SG_REACTION_FAMILY_DC230CD72B1283D2,COVAPIE_CYS_SG_WARHEAD_RULE_EE022EB419200D14,b05ec87dc03b0b4015ceaf90f55efa9156bdc9d3ff275ec5392064bfff133216,44ebfe25817c4946b67c11c78997a3daa9d124a399a325207f9581ccad7ac263,12,cbf13bad6bdd3165ab0a188e0546263dbb6952beb2e833c4c6c6598ffcb23201,CM|F1|single,CM,F1,single,"[""C"",""C1"",""C2"",""C3"",""C4"",""C5"",""C6"",""C7"",""C8"",""CA1"",""CA2"",""CB1"",""CB2"",""CD1"",""CD2"",""CE1"",""CE2"",""CG"",""CM"",""CT"",""CZ"",""N1"",""N2"",""O"",""O1"",""O2"",""OH"",""OT""]","[""C"",""C1"",""C2"",""C3"",""C4"",""C5"",""C6"",""C7"",""C8"",""CA1"",""CA2"",""CB1"",""CB2"",""CD1"",""CD2"",""CE1"",""CE2"",""CG"",""CZ"",""N1"",""N2"",""O"",""O1"",""O2"",""OH"",""OT""]","[""CM"",""CT"",""F1""]","[""F1""]",28,1,false,false,candidate_missing_local_reaction_center;candidate_missing_required_leaving_group,49409ad709e1fdaadaedff64217f3397451215971789d899dca5fd7798ef7358
covapie_current11_warhead_atom_set_and_attachment_boundary_review_option_v1,46,13,CYS_SG_SAMPLE_INDEX_000005,1AIM,ZYA,6,COVAPIE_CYS_SG_WARHEAD_TYPE_CLASS_EE022EB419200D14,COVAPIE_CYS_SG_REACTION_FAMILY_DC230CD72B1283D2,COVAPIE_CYS_SG_WARHEAD_RULE_EE022EB419200D14,b05ec87dc03b0b4015ceaf90f55efa9156bdc9d3ff275ec5392064bfff133216,44ebfe25817c4946b67c11c78997a3daa9d124a399a325207f9581ccad7ac263,13,fbf643dfd252ee65dacf0a2df886ed85f4520a96e7330f83707b99fdba255b05,CT|OT|double,CT,OT,double,"[""C"",""C1"",""C2"",""C3"",""C4"",""C5"",""C6"",""C7"",""C8"",""CA1"",""CA2"",""CB1"",""CB2"",""CD1"",""CD2"",""CE1"",""CE2"",""CG"",""CM"",""CT"",""CZ"",""F1"",""N1"",""N2"",""O"",""O1"",""O2"",""OH""]","[""C"",""C1"",""C2"",""C3"",""C4"",""C5"",""C6"",""C7"",""C8"",""CA1"",""CA2"",""CB1"",""CB2"",""CD1"",""CD2"",""CE1"",""CE2"",""CG"",""CZ"",""N1"",""N2"",""O"",""O1"",""O2"",""OH""]","[""CM"",""CT"",""F1""]","[""F1""]",28,1,true,true,,94bd471a48cddc60d4bffafe9290ec3571bbac3426e84fc6ca105952098efc7e
covapie_current11_warhead_atom_set_and_attachment_boundary_review_option_v1,47,14,CYS_SG_SAMPLE_INDEX_000005,1AIM,ZYA,6,COVAPIE_CYS_SG_WARHEAD_TYPE_CLASS_EE022EB419200D14,COVAPIE_CYS_SG_REACTION_FAMILY_DC230CD72B1283D2,COVAPIE_CYS_SG_WARHEAD_RULE_EE022EB419200D14,b05ec87dc03b0b4015ceaf90f55efa9156bdc9d3ff275ec5392064bfff133216,44ebfe25817c4946b67c11c78997a3daa9d124a399a325207f9581ccad7ac263,14,555090898f6096855b9890a703c3643e225b9948512e91e431d2319b6a02e673,CZ|OH|single,CZ,OH,single,"[""C"",""C1"",""C2"",""C3"",""C4"",""C5"",""C6"",""C7"",""C8"",""CA1"",""CA2"",""CB1"",""CB2"",""CD1"",""CD2"",""CE1"",""CE2"",""CG"",""CM"",""CT"",""CZ"",""F1"",""N1"",""N2"",""O"",""O1"",""O2"",""OT""]","[""C"",""C1"",""C2"",""C3"",""C4"",""C5"",""C6"",""C7"",""C8"",""CA1"",""CA2"",""CB1"",""CB2"",""CD1"",""CD2"",""CE1"",""CE2"",""CG"",""CZ"",""N1"",""N2"",""O"",""O1"",""O2"",""OT""]","[""CM"",""CT"",""F1""]","[""F1""]",28,1,true,true,,0c6d4690f7cf77630a2cecf46cbd6f62de271ec223cd0e9c14b11e118aea1c2e
covapie_current11_warhead_atom_set_and_attachment_boundary_review_option_v1,48,15,CYS_SG_SAMPLE_INDEX_000005,1AIM,ZYA,6,COVAPIE_CYS_SG_WARHEAD_TYPE_CLASS_EE022EB419200D14,COVAPIE_CYS_SG_REACTION_FAMILY_DC230CD72B1283D2,COVAPIE_CYS_SG_WARHEAD_RULE_EE022EB419200D14,b05ec87dc03b0b4015ceaf90f55efa9156bdc9d3ff275ec5392064bfff133216,44ebfe25817c4946b67c11c78997a3daa9d124a399a325207f9581ccad7ac263,15,b28d436554f13b22bc5db4bf42aac39850469b913854c9fb14f8cf2154951e72,C|CA1|single,C,CA1,single,"[""C"",""CA2"",""CB2"",""CM"",""CT"",""F1"",""N2"",""O"",""OT""]","[""C"",""CA2"",""CB2"",""N2"",""O"",""OT""]","[""CM"",""CT"",""F1""]","[""F1""]",9,20,true,true,,1f60ef44cc0c4b1aa8869532c85f76ce4c8e790d150f8ac4335a99ef937a9fc1
covapie_current11_warhead_atom_set_and_attachment_boundary_review_option_v1,49,16,CYS_SG_SAMPLE_INDEX_000005,1AIM,ZYA,6,COVAPIE_CYS_SG_WARHEAD_TYPE_CLASS_EE022EB419200D14,COVAPIE_CYS_SG_REACTION_FAMILY_DC230CD72B1283D2,COVAPIE_CYS_SG_WARHEAD_RULE_EE022EB419200D14,b05ec87dc03b0b4015ceaf90f55efa9156bdc9d3ff275ec5392064bfff133216,44ebfe25817c4946b67c11c78997a3daa9d124a399a325207f9581ccad7ac263,16,5c0410a91ed87e0bca4270726f24a53e11650d446a5bc023b7bffdbde2635648,C|N2|single,N2,C,single,"[""CA2"",""CB2"",""CM"",""CT"",""F1"",""N2"",""OT""]","[""CA2"",""CB2"",""N2"",""OT""]","[""CM"",""CT"",""F1""]","[""F1""]",7,22,true,true,,ccd818bb750db56e35536453b210197e4b84a71fab9b24f8ac5400ec1f412e01
covapie_current11_warhead_atom_set_and_attachment_boundary_review_option_v1,50,17,CYS_SG_SAMPLE_INDEX_000005,1AIM,ZYA,6,COVAPIE_CYS_SG_WARHEAD_TYPE_CLASS_EE022EB419200D14,COVAPIE_CYS_SG_REACTION_FAMILY_DC230CD72B1283D2,COVAPIE_CYS_SG_WARHEAD_RULE_EE022EB419200D14,b05ec87dc03b0b4015ceaf90f55efa9156bdc9d3ff275ec5392064bfff133216,44ebfe25817c4946b67c11c78997a3daa9d124a399a325207f9581ccad7ac263,17,3e13840109db447abe0bb13d67c653c4a268e61e2ee220200561675477c24cc9,C|O|double,C,O,double,"[""C"",""C1"",""C2"",""C3"",""C4"",""C5"",""C6"",""C7"",""C8"",""CA1"",""CA2"",""CB1"",""CB2"",""CD1"",""CD2"",""CE1"",""CE2"",""CG"",""CM"",""CT"",""CZ"",""F1"",""N1"",""N2"",""O1"",""O2"",""OH"",""OT""]","[""C"",""C1"",""C2"",""C3"",""C4"",""C5"",""C6"",""C7"",""C8"",""CA1"",""CA2"",""CB1"",""CB2"",""CD1"",""CD2"",""CE1"",""CE2"",""CG"",""CZ"",""N1"",""N2"",""O1"",""O2"",""OH"",""OT""]","[""CM"",""CT"",""F1""]","[""F1""]",28,1,true,true,,ca80dc1d60662730d60ef949d45a01afa0841b3fd74fa8d6010ab2ffe92cb736
covapie_current11_warhead_atom_set_and_attachment_boundary_review_option_v1,51,0,CYS_SG_SAMPLE_INDEX_000006,1AU3,PCM,1,COVAPIE_CYS_SG_WARHEAD_TYPE_CLASS_1D1D9C797859191F,COVAPIE_CYS_SG_REACTION_FAMILY_E02CDE030B1009B1,COVAPIE_CYS_SG_WARHEAD_RULE_1D1D9C797859191F,d84615f2e92fdf5a12f76da74c6d9dba2c01e529169bc1005720d893c779414b,25572f5d3129695b7760af5cfc946128a83f7fc589aa001f1b64db1d9ecc1681,0,79761acd6512ed7baae8c5213f2b35f3aa0d0d266464eadefb21b57e467920ae,C11|C12|single,C11,C12,single,"[""C1"",""C11"",""C16"",""C19"",""C2"",""C21"",""C22"",""C24"",""C25"",""C26"",""C27"",""C28"",""C29"",""C3"",""C30"",""C32"",""C34"",""C35"",""C36"",""C37"",""C38"",""C39"",""C4"",""C42"",""C5"",""C6"",""C7"",""C9"",""N18"",""N20"",""N41"",""N43"",""O10"",""O17"",""O23"",""O31"",""O33"",""O40"",""O8""]","[""C1"",""C11"",""C16"",""C2"",""C21"",""C24"",""C25"",""C26"",""C27"",""C28"",""C29"",""C3"",""C30"",""C32"",""C34"",""C35"",""C36"",""C37"",""C38"",""C39"",""C4"",""C5"",""C6"",""C7"",""C9"",""N18"",""N20"",""N41"",""N43"",""O10"",""O17"",""O31"",""O33"",""O40"",""O8""]","[""C19"",""C22"",""C42"",""O23""]",[],39,4,true,true,,43ba505def37c2a36b1e1f8ee8b3ce89335fc1f643d9a2e6a263838dd586e8f4
covapie_current11_warhead_atom_set_and_attachment_boundary_review_option_v1,52,1,CYS_SG_SAMPLE_INDEX_000006,1AU3,PCM,1,COVAPIE_CYS_SG_WARHEAD_TYPE_CLASS_1D1D9C797859191F,COVAPIE_CYS_SG_REACTION_FAMILY_E02CDE030B1009B1,COVAPIE_CYS_SG_WARHEAD_RULE_1D1D9C797859191F,d84615f2e92fdf5a12f76da74c6d9dba2c01e529169bc1005720d893c779414b,25572f5d3129695b7760af5cfc946128a83f7fc589aa001f1b64db1d9ecc1681,1,ab30ee76d37ec5c0868ffded86ee625403fd275a423bc2461d01ce7c099e210b,C11|C16|single,C16,C11,single,"[""C16"",""C19"",""C21"",""C22"",""C24"",""C25"",""C26"",""C27"",""C28"",""C29"",""C30"",""C32"",""C34"",""C35"",""C36"",""C37"",""C38"",""C39"",""C42"",""N18"",""N41"",""N43"",""O17"",""O23"",""O31"",""O33"",""O40""]","[""C16"",""C21"",""C24"",""C25"",""C26"",""C27"",""C28"",""C29"",""C30"",""C32"",""C34"",""C35"",""C36"",""C37"",""C38"",""C39"",""N18"",""N41"",""N43"",""O17"",""O31"",""O33"",""O40""]","[""C19"",""C22"",""C42"",""O23""]",[],27,16,true,true,,997218b910a263e0cda71ec96e65b9bac470c3d79b280b5eb712a07e737c68bc
covapie_current11_warhead_atom_set_and_attachment_boundary_review_option_v1,53,2,CYS_SG_SAMPLE_INDEX_000006,1AU3,PCM,1,COVAPIE_CYS_SG_WARHEAD_TYPE_CLASS_1D1D9C797859191F,COVAPIE_CYS_SG_REACTION_FAMILY_E02CDE030B1009B1,COVAPIE_CYS_SG_WARHEAD_RULE_1D1D9C797859191F,d84615f2e92fdf5a12f76da74c6d9dba2c01e529169bc1005720d893c779414b,25572f5d3129695b7760af5cfc946128a83f7fc589aa001f1b64db1d9ecc1681,2,6967f19953bfcb5273470aaffe12c4a0c5c191706f86f05cb463b68b6a9623cc,C11|N20|single,C11,N20,single,"[""C11"",""C12"",""C13"",""C14"",""C15"",""C16"",""C19"",""C21"",""C22"",""C24"",""C25"",""C26"",""C27"",""C28"",""C29"",""C30"",""C32"",""C34"",""C35"",""C36"",""C37"",""C38"",""C39"",""C42"",""N18"",""N41"",""N43"",""O17"",""O23"",""O31"",""O33"",""O40""]","[""C11"",""C12"",""C13"",""C14"",""C15"",""C16"",""C21"",""C24"",""C25"",""C26"",""C27"",""C28"",""C29"",""C30"",""C32"",""C34"",""C35"",""C36"",""C37"",""C38"",""C39"",""N18"",""N41"",""N43"",""O17"",""O31"",""O33"",""O40""]","[""C19"",""C22"",""C42"",""O23""]",[],32,11,true,true,,212b22ea584181517ed778cfbd080726df65e915ef87b76f56377c3d0b6cdfe1
covapie_current11_warhead_atom_set_and_attachment_boundary_review_option_v1,54,3,CYS_SG_SAMPLE_INDEX_000006,1AU3,PCM,1,COVAPIE_CYS_SG_WARHEAD_TYPE_CLASS_1D1D9C797859191F,COVAPIE_CYS_SG_REACTION_FAMILY_E02CDE030B1009B1,COVAPIE_CYS_SG_WARHEAD_RULE_1D1D9C797859191F,d84615f2e92fdf5a12f76da74c6d9dba2c01e529169bc1005720d893c779414b,25572f5d3129695b7760af5cfc946128a83f7fc589aa001f1b64db1d9ecc1681,3,4c24e6786b8805abff897d4f8e33e03c9d517eb18cb9249e27fc470a835ab73c,C12|C13|single,C12,C13,single,"[""C1"",""C11"",""C12"",""C16"",""C19"",""C2"",""C21"",""C22"",""C24"",""C25"",""C26"",""C27"",""C28"",""C29"",""C3"",""C30"",""C32"",""C34"",""C35"",""C36"",""C37"",""C38"",""C39"",""C4"",""C42"",""C5"",""C6"",""C7"",""C9"",""N18"",""N20"",""N41"",""N43"",""O10"",""O17"",""O23"",""O31"",""O33"",""O40"",""O8""]","[""C1"",""C11"",""C12"",""C16"",""C2"",""C21"",""C24"",""C25"",""C26"",""C27"",""C28"",""C29"",""C3"",""C30"",""C32"",""C34"",""C35"",""C36"",""C37"",""C38"",""C39"",""C4"",""C5"",""C6"",""C7"",""C9"",""N18"",""N20"",""N41"",""N43"",""O10"",""O17"",""O31"",""O33"",""O40"",""O8""]","[""C19"",""C22"",""C42"",""O23""]",[],40,3,true,true,,dfbb15884f06ba8d41b813cf641bd419699d99a46c6b138e30125f82b14fc85e
covapie_current11_warhead_atom_set_and_attachment_boundary_review_option_v1,55,4,CYS_SG_SAMPLE_INDEX_000006,1AU3,PCM,1,COVAPIE_CYS_SG_WARHEAD_TYPE_CLASS_1D1D9C797859191F,COVAPIE_CYS_SG_REACTION_FAMILY_E02CDE030B1009B1,COVAPIE_CYS_SG_WARHEAD_RULE_1D1D9C797859191F,d84615f2e92fdf5a12f76da74c6d9dba2c01e529169bc1005720d893c779414b,25572f5d3129695b7760af5cfc946128a83f7fc589aa001f1b64db1d9ecc1681,4,26e1df6725fdf4054c644279f26ccd961744376afb7b503018f32c9d84a5b811,C13|C14|single,C13,C14,single,"[""C1"",""C11"",""C12"",""C13"",""C15"",""C16"",""C19"",""C2"",""C21"",""C22"",""C24"",""C25"",""C26"",""C27"",""C28"",""C29"",""C3"",""C30"",""C32"",""C34"",""C35"",""C36"",""C37"",""C38"",""C39"",""C4"",""C42"",""C5"",""C6"",""C7"",""C9"",""N18"",""N20"",""N41"",""N43"",""O10"",""O17"",""O23"",""O31"",""O33"",""O40"",""O8""]","[""C1"",""C11"",""C12"",""C13"",""C15"",""C16"",""C2"",""C21"",""C24"",""C25"",""C26"",""C27"",""C28"",""C29"",""C3"",""C30"",""C32"",""C34"",""C35"",""C36"",""C37"",""C38"",""C39"",""C4"",""C5"",""C6"",""C7"",""C9"",""N18"",""N20"",""N41"",""N43"",""O10"",""O17"",""O31"",""O33"",""O40"",""O8""]","[""C19"",""C22"",""C42"",""O23""]",[],42,1,true,true,,f38686c902a1976a1cc28c13c155806418b1f3ed03c7799eef37add00894aeaa
covapie_current11_warhead_atom_set_and_attachment_boundary_review_option_v1,56,5,CYS_SG_SAMPLE_INDEX_000006,1AU3,PCM,1,COVAPIE_CYS_SG_WARHEAD_TYPE_CLASS_1D1D9C797859191F,COVAPIE_CYS_SG_REACTION_FAMILY_E02CDE030B1009B1,COVAPIE_CYS_SG_WARHEAD_RULE_1D1D9C797859191F,d84615f2e92fdf5a12f76da74c6d9dba2c01e529169bc1005720d893c779414b,25572f5d3129695b7760af5cfc946128a83f7fc589aa001f1b64db1d9ecc1681,5,c3f62fd244a1570d0d14026492bb69211997d5dd021a21903a227eb401b90ace,C13|C15|single,C13,C15,single,"[""C1"",""C11"",""C12"",""C13"",""C14"",""C16"",""C19"",""C2"",""C21"",""C22"",""C24"",""C25"",""C26"",""C27"",""C28"",""C29"",""C3"",""C30"",""C32"",""C34"",""C35"",""C36"",""C37"",""C38"",""C39"",""C4"",""C42"",""C5"",""C6"",""C7"",""C9"",""N18"",""N20"",""N41"",""N43"",""O10"",""O17"",""O23"",""O31"",""O33"",""O40"",""O8""]","[""C1"",""C11"",""C12"",""C13"",""C14"",""C16"",""C2"",""C21"",""C24"",""C25"",""C26"",""C27"",""C28"",""C29"",""C3"",""C30"",""C32"",""C34"",""C35"",""C36"",""C37"",""C38"",""C39"",""C4"",""C5"",""C6"",""C7"",""C9"",""N18"",""N20"",""N41"",""N43"",""O10"",""O17"",""O31"",""O33"",""O40"",""O8""]","[""C19"",""C22"",""C42"",""O23""]",[],42,1,true,true,,093b0b507a617c9f007a2ab2003755368e3812b57c7654f9f37522783e3e9c56
covapie_current11_warhead_atom_set_and_attachment_boundary_review_option_v1,57,6,CYS_SG_SAMPLE_INDEX_000006,1AU3,PCM,1,COVAPIE_CYS_SG_WARHEAD_TYPE_CLASS_1D1D9C797859191F,COVAPIE_CYS_SG_REACTION_FAMILY_E02CDE030B1009B1,COVAPIE_CYS_SG_WARHEAD_RULE_1D1D9C797859191F,d84615f2e92fdf5a12f76da74c6d9dba2c01e529169bc1005720d893c779414b,25572f5d3129695b7760af5cfc946128a83f7fc589aa001f1b64db1d9ecc1681,6,d03dafcbc7f0ee3537cd7a9367ff896e3ac2aa441f85c9da02ef57dfb670baec,C16|N18|single,N18,C16,single,"[""C19"",""C21"",""C22"",""C24"",""C25"",""C26"",""C27"",""C28"",""C29"",""C30"",""C32"",""C34"",""C35"",""C36"",""C37"",""C38"",""C39"",""C42"",""N18"",""N41"",""N43"",""O23"",""O31"",""O33"",""O40""]","[""C21"",""C24"",""C25"",""C26"",""C27"",""C28"",""C29"",""C30"",""C32"",""C34"",""C35"",""C36"",""C37"",""C38"",""C39"",""N18"",""N41"",""N43"",""O31"",""O33"",""O40""]","[""C19"",""C22"",""C42"",""O23""]",[],25,18,true,true,,c66a6bc112865748b9a53d31655628b0fb8a264f1ded7dbc813f5a312b064631
covapie_current11_warhead_atom_set_and_attachment_boundary_review_option_v1,58,7,CYS_SG_SAMPLE_INDEX_000006,1AU3,PCM,1,COVAPIE_CYS_SG_WARHEAD_TYPE_CLASS_1D1D9C797859191F,COVAPIE_CYS_SG_REACTION_FAMILY_E02CDE030B1009B1,COVAPIE_CYS_SG_WARHEAD_RULE_1D1D9C797859191F,d84615f2e92fdf5a12f76da74c6d9dba2c01e529169bc1005720d893c779414b,25572f5d3129695b7760af5cfc946128a83f7fc589aa001f1b64db1d9ecc1681,7,20f907b7d5591990446ad4fcf017815b889bd451478d4b688f75a545c4c1c803,C16|O17|double,C16,O17,double,"[""C1"",""C11"",""C12"",""C13"",""C14"",""C15"",""C16"",""C19"",""C2"",""C21"",""C22"",""C24"",""C25"",""C26"",""C27"",""C28"",""C29"",""C3"",""C30"",""C32"",""C34"",""C35"",""C36"",""C37"",""C38"",""C39"",""C4"",""C42"",""C5"",""C6"",""C7"",""C9"",""N18"",""N20"",""N41"",""N43"",""O10"",""O23"",""O31"",""O33"",""O40"",""O8""]","[""C1"",""C11"",""C12"",""C13"",""C14"",""C15"",""C16"",""C2"",""C21"",""C24"",""C25"",""C26"",""C27"",""C28"",""C29"",""C3"",""C30"",""C32"",""C34"",""C35"",""C36"",""C37"",""C38"",""C39"",""C4"",""C5"",""C6"",""C7"",""C9"",""N18"",""N20"",""N41"",""N43"",""O10"",""O31"",""O33"",""O40"",""O8""]","[""C19"",""C22"",""C42"",""O23""]",[],42,1,true,true,,c5752160bfb6c3d350ed4d5b5a2beb57e06e800d095277b00abf70b9e75d2efe
covapie_current11_warhead_atom_set_and_attachment_boundary_review_option_v1,59,8,CYS_SG_SAMPLE_INDEX_000006,1AU3,PCM,1,COVAPIE_CYS_SG_WARHEAD_TYPE_CLASS_1D1D9C797859191F,COVAPIE_CYS_SG_REACTION_FAMILY_E02CDE030B1009B1,COVAPIE_CYS_SG_WARHEAD_RULE_1D1D9C797859191F,d84615f2e92fdf5a12f76da74c6d9dba2c01e529169bc1005720d893c779414b,25572f5d3129695b7760af5cfc946128a83f7fc589aa001f1b64db1d9ecc1681,8,0b7a2bd51473fce95113da6f1e25ee262d137e323a4301b6991ad43e3500f561,C19|N18|single,C19,N18,single,"[""C19"",""C21"",""C22"",""C24"",""C25"",""C26"",""C27"",""C28"",""C29"",""C30"",""C32"",""C34"",""C35"",""C36"",""C37"",""C38"",""C39"",""C42"",""N41"",""N43"",""O23"",""O31"",""O33"",""O40""]","[""C21"",""C24"",""C25"",""C26"",""C27"",""C28"",""C29"",""C30"",""C32"",""C34"",""C35"",""C36"",""C37"",""C38"",""C39"",""N41"",""N43"",""O31"",""O33"",""O40""]","[""C19"",""C22"",""C42"",""O23""]",[],24,19,true,true,,6cd90b70f0f4380c05b616a18fe8889d4fdd9ade094f8bde0248269a455effb4
covapie_current11_warhead_atom_set_and_attachment_boundary_review_option_v1,60,9,CYS_SG_SAMPLE_INDEX_000006,1AU3,PCM,1,COVAPIE_CYS_SG_WARHEAD_TYPE_CLASS_1D1D9C797859191F,COVAPIE_CYS_SG_REACTION_FAMILY_E02CDE030B1009B1,COVAPIE_CYS_SG_WARHEAD_RULE_1D1D9C797859191F,d84615f2e92fdf5a12f76da74c6d9dba2c01e529169bc1005720d893c779414b,25572f5d3129695b7760af5cfc946128a83f7fc589aa001f1b64db1d9ecc1681,9,a790450ec9daf0906c9fa87026d25c5df3278f059d944c433c016af3ee8c52f7,C22|O23|double,C22,O23,double,"[""C1"",""C11"",""C12"",""C13"",""C14"",""C15"",""C16"",""C19"",""C2"",""C21"",""C22"",""C24"",""C25"",""C26"",""C27"",""C28"",""C29"",""C3"",""C30"",""C32"",""C34"",""C35"",""C36"",""C37"",""C38"",""C39"",""C4"",""C42"",""C5"",""C6"",""C7"",""C9"",""N18"",""N20"",""N41"",""N43"",""O10"",""O17"",""O31"",""O33"",""O40"",""O8""]","[""C1"",""C11"",""C12"",""C13"",""C14"",""C15"",""C16"",""C2"",""C21"",""C24"",""C25"",""C26"",""C27"",""C28"",""C29"",""C3"",""C30"",""C32"",""C34"",""C35"",""C36"",""C37"",""C38"",""C39"",""C4"",""C5"",""C6"",""C7"",""C9"",""N18"",""N20"",""N41"",""N43"",""O10"",""O17"",""O31"",""O33"",""O40"",""O8""]","[""C19"",""C22"",""C42"",""O23""]",[],42,1,false,false,candidate_missing_local_reaction_center,59a3226b4e275984e15368cd672f6dab3c48244d4f052c0ad2ea87afe5d2ffdd
covapie_current11_warhead_atom_set_and_attachment_boundary_review_option_v1,61,10,CYS_SG_SAMPLE_INDEX_000006,1AU3,PCM,1,COVAPIE_CYS_SG_WARHEAD_TYPE_CLASS_1D1D9C797859191F,COVAPIE_CYS_SG_REACTION_FAMILY_E02CDE030B1009B1,COVAPIE_CYS_SG_WARHEAD_RULE_1D1D9C797859191F,d84615f2e92fdf5a12f76da74c6d9dba2c01e529169bc1005720d893c779414b,25572f5d3129695b7760af5cfc946128a83f7fc589aa001f1b64db1d9ecc1681,10,971bbaaa03d73e2c4553e9176c827087616b15f96cc950b6516d28f9412d6739,C27|C30|single,C30,C27,single,"[""C1"",""C11"",""C12"",""C13"",""C14"",""C15"",""C16"",""C19"",""C2"",""C21"",""C22"",""C3"",""C30"",""C32"",""C34"",""C35"",""C36"",""C37"",""C38"",""C39"",""C4"",""C42"",""C5"",""C6"",""C7"",""C9"",""N18"",""N20"",""N41"",""N43"",""O10"",""O17"",""O23"",""O31"",""O33"",""O40"",""O8""]","[""C1"",""C11"",""C12"",""C13"",""C14"",""C15"",""C16"",""C2"",""C21"",""C3"",""C30"",""C32"",""C34"",""C35"",""C36"",""C37"",""C38"",""C39"",""C4"",""C5"",""C6"",""C7"",""C9"",""N18"",""N20"",""N41"",""N43"",""O10"",""O17"",""O31"",""O33"",""O40"",""O8""]","[""C19"",""C22"",""C42"",""O23""]",[],37,6,true,true,,9b5f845cf77984eeaf635745e505cdb010af693a1c5812c43a839555a4a7d4c0
covapie_current11_warhead_atom_set_and_attachment_boundary_review_option_v1,62,11,CYS_SG_SAMPLE_INDEX_000006,1AU3,PCM,1,COVAPIE_CYS_SG_WARHEAD_TYPE_CLASS_1D1D9C797859191F,COVAPIE_CYS_SG_REACTION_FAMILY_E02CDE030B1009B1,COVAPIE_CYS_SG_WARHEAD_RULE_1D1D9C797859191F,d84615f2e92fdf5a12f76da74c6d9dba2c01e529169bc1005720d893c779414b,25572f5d3129695b7760af5cfc946128a83f7fc589aa001f1b64db1d9ecc1681,11,5c518f5b62c68eedf5a4b5ad0fc52d52abdc83ce85789668a2aa4c029620f3ee,C30|O31|single,O31,C30,single,"[""C1"",""C11"",""C12"",""C13"",""C14"",""C15"",""C16"",""C19"",""C2"",""C21"",""C22"",""C3"",""C32"",""C34"",""C35"",""C36"",""C37"",""C38"",""C39"",""C4"",""C42"",""C5"",""C6"",""C7"",""C9"",""N18"",""N20"",""N41"",""N43"",""O10"",""O17"",""O23"",""O31"",""O33"",""O40"",""O8""]","[""C1"",""C11"",""C12"",""C13"",""C14"",""C15"",""C16"",""C2"",""C21"",""C3"",""C32"",""C34"",""C35"",""C36"",""C37"",""C38"",""C39"",""C4"",""C5"",""C6"",""C7"",""C9"",""N18"",""N20"",""N41"",""N43"",""O10"",""O17"",""O31"",""O33"",""O40"",""O8""]","[""C19"",""C22"",""C42"",""O23""]",[],36,7,true,true,,06d99e856a1b797ba0fc06dbaaf031691fe3f58f9e5d7e4e0f45e243b6ccf900
covapie_current11_warhead_atom_set_and_attachment_boundary_review_option_v1,63,12,CYS_SG_SAMPLE_INDEX_000006,1AU3,PCM,1,COVAPIE_CYS_SG_WARHEAD_TYPE_CLASS_1D1D9C797859191F,COVAPIE_CYS_SG_REACTION_FAMILY_E02CDE030B1009B1,COVAPIE_CYS_SG_WARHEAD_RULE_1D1D9C797859191F,d84615f2e92fdf5a12f76da74c6d9dba2c01e529169bc1005720d893c779414b,25572f5d3129695b7760af5cfc946128a83f7fc589aa001f1b64db1d9ecc1681,12,b928596ea45eb7b32a671c4e8cb31da9dd5e594bcf87d7d306fe9a714b4b4647,C32|N43|single,N43,C32,single,"[""C1"",""C11"",""C12"",""C13"",""C14"",""C15"",""C16"",""C19"",""C2"",""C21"",""C22"",""C3"",""C34"",""C35"",""C36"",""C37"",""C38"",""C39"",""C4"",""C42"",""C5"",""C6"",""C7"",""C9"",""N18"",""N20"",""N41"",""N43"",""O10"",""O17"",""O23"",""O40"",""O8""]","[""C1"",""C11"",""C12"",""C13"",""C14"",""C15"",""C16"",""C2"",""C21"",""C3"",""C34"",""C35"",""C36"",""C37"",""C38"",""C39"",""C4"",""C5"",""C6"",""C7"",""C9"",""N18"",""N20"",""N41"",""N43"",""O10"",""O17"",""O40"",""O8""]","[""C19"",""C22"",""C42"",""O23""]",[],33,10,true,true,,ed20b41588c024ffc9755493ec5c2ba472c93985a6a0f2f7c98dbabb3c8df84c
covapie_current11_warhead_atom_set_and_attachment_boundary_review_option_v1,64,13,CYS_SG_SAMPLE_INDEX_000006,1AU3,PCM,1,COVAPIE_CYS_SG_WARHEAD_TYPE_CLASS_1D1D9C797859191F,COVAPIE_CYS_SG_REACTION_FAMILY_E02CDE030B1009B1,COVAPIE_CYS_SG_WARHEAD_RULE_1D1D9C797859191F,d84615f2e92fdf5a12f76da74c6d9dba2c01e529169bc1005720d893c779414b,25572f5d3129695b7760af5cfc946128a83f7fc589aa001f1b64db1d9ecc1681,13,6b51b2e83bd7b30166816982e2ddc74ea3d418c583fa81b0f6e966d0e8d950cf,C32|O31|single,C32,O31,single,"[""C1"",""C11"",""C12"",""C13"",""C14"",""C15"",""C16"",""C19"",""C2"",""C21"",""C22"",""C3"",""C32"",""C34"",""C35"",""C36"",""C37"",""C38"",""C39"",""C4"",""C42"",""C5"",""C6"",""C7"",""C9"",""N18"",""N20"",""N41"",""N43"",""O10"",""O17"",""O23"",""O33"",""O40"",""O8""]","[""C1"",""C11"",""C12"",""C13"",""C14"",""C15"",""C16"",""C2"",""C21"",""C3"",""C32"",""C34"",""C35"",""C36"",""C37"",""C38"",""C39"",""C4"",""C5"",""C6"",""C7"",""C9"",""N18"",""N20"",""N41"",""N43"",""O10"",""O17"",""O33"",""O40"",""O8""]","[""C19"",""C22"",""C42"",""O23""]",[],35,8,true,true,,dcb0641f36d0b5e4cdebf8f2e49766811c5d710b67c26012c9553ebd09657b89
covapie_current11_warhead_atom_set_and_attachment_boundary_review_option_v1,65,14,CYS_SG_SAMPLE_INDEX_000006,1AU3,PCM,1,COVAPIE_CYS_SG_WARHEAD_TYPE_CLASS_1D1D9C797859191F,COVAPIE_CYS_SG_REACTION_FAMILY_E02CDE030B1009B1,COVAPIE_CYS_SG_WARHEAD_RULE_1D1D9C797859191F,d84615f2e92fdf5a12f76da74c6d9dba2c01e529169bc1005720d893c779414b,25572f5d3129695b7760af5cfc946128a83f7fc589aa001f1b64db1d9ecc1681,14,99e15645bc3d69dc72022164a692e34315f31150e6799a4e18189119b4531f2b,C32|O33|double,C32,O33,double,"[""C1"",""C11"",""C12"",""C13"",""C14"",""C15"",""C16"",""C19"",""C2"",""C21"",""C22"",""C24"",""C25"",""C26"",""C27"",""C28"",""C29"",""C3"",""C30"",""C32"",""C34"",""C35"",""C36"",""C37"",""C38"",""C39"",""C4"",""C42"",""C5"",""C6"",""C7"",""C9"",""N18"",""N20"",""N41"",""N43"",""O10"",""O17"",""O23"",""O31"",""O40"",""O8""]","[""C1"",""C11"",""C12"",""C13"",""C14"",""C15"",""C16"",""C2"",""C21"",""C24"",""C25"",""C26"",""C27"",""C28"",""C29"",""C3"",""C30"",""C32"",""C34"",""C35"",""C36"",""C37"",""C38"",""C39"",""C4"",""C5"",""C6"",""C7"",""C9"",""N18"",""N20"",""N41"",""N43"",""O10"",""O17"",""O31"",""O40"",""O8""]","[""C19"",""C22"",""C42"",""O23""]",[],42,1,true,true,,475a22b3096dbf94394ef7b44ea31f05361705367c2215e95e7f8886b2ffe275
covapie_current11_warhead_atom_set_and_attachment_boundary_review_option_v1,66,15,CYS_SG_SAMPLE_INDEX_000006,1AU3,PCM,1,COVAPIE_CYS_SG_WARHEAD_TYPE_CLASS_1D1D9C797859191F,COVAPIE_CYS_SG_REACTION_FAMILY_E02CDE030B1009B1,COVAPIE_CYS_SG_WARHEAD_RULE_1D1D9C797859191F,d84615f2e92fdf5a12f76da74c6d9dba2c01e529169bc1005720d893c779414b,25572f5d3129695b7760af5cfc946128a83f7fc589aa001f1b64db1d9ecc1681,15,05b77327a3a4c05909b00df20aef9cb3cb6bb963ffe854817e306829bad745f8,C34|C35|single,C34,C35,single,"[""C1"",""C11"",""C12"",""C13"",""C14"",""C15"",""C16"",""C19"",""C2"",""C21"",""C22"",""C24"",""C25"",""C26"",""C27"",""C28"",""C29"",""C3"",""C30"",""C32"",""C34"",""C39"",""C4"",""C42"",""C5"",""C6"",""C7"",""C9"",""N18"",""N20"",""N41"",""N43"",""O10"",""O17"",""O23"",""O31"",""O33"",""O40"",""O8""]","[""C1"",""C11"",""C12"",""C13"",""C14"",""C15"",""C16"",""C2"",""C21"",""C24"",""C25"",""C26"",""C27"",""C28"",""C29"",""C3"",""C30"",""C32"",""C34"",""C39"",""C4"",""C5"",""C6"",""C7"",""C9"",""N18"",""N20"",""N41"",""N43"",""O10"",""O17"",""O31"",""O33"",""O40"",""O8""]","[""C19"",""C22"",""C42"",""O23""]",[],39,4,true,true,,dc3bc3e469682676ee6722b291119487cdee824cf6f5c20ec167c1b05398841f
covapie_current11_warhead_atom_set_and_attachment_boundary_review_option_v1,67,16,CYS_SG_SAMPLE_INDEX_000006,1AU3,PCM,1,COVAPIE_CYS_SG_WARHEAD_TYPE_CLASS_1D1D9C797859191F,COVAPIE_CYS_SG_REACTION_FAMILY_E02CDE030B1009B1,COVAPIE_CYS_SG_WARHEAD_RULE_1D1D9C797859191F,d84615f2e92fdf5a12f76da74c6d9dba2c01e529169bc1005720d893c779414b,25572f5d3129695b7760af5cfc946128a83f7fc589aa001f1b64db1d9ecc1681,16,8c125f524d0022b67894b5e034c2f10c8770786752409b1c120eab2b13cb4ef7,C34|C39|single,C39,C34,single,"[""C1"",""C11"",""C12"",""C13"",""C14"",""C15"",""C16"",""C19"",""C2"",""C21"",""C22"",""C3"",""C39"",""C4"",""C42"",""C5"",""C6"",""C7"",""C9"",""N18"",""N20"",""N41"",""O10"",""O17"",""O23"",""O40"",""O8""]","[""C1"",""C11"",""C12"",""C13"",""C14"",""C15"",""C16"",""C2"",""C21"",""C3"",""C39"",""C4"",""C5"",""C6"",""C7"",""C9"",""N18"",""N20"",""N41"",""O10"",""O17"",""O40"",""O8""]","[""C19"",""C22"",""C42"",""O23""]",[],27,16,true,true,,93f016349865f451c9391751ec816b0dc5437aa33eac4c47d3a74943e7d6e4c6
covapie_current11_warhead_atom_set_and_attachment_boundary_review_option_v1,68,17,CYS_SG_SAMPLE_INDEX_000006,1AU3,PCM,1,COVAPIE_CYS_SG_WARHEAD_TYPE_CLASS_1D1D9C797859191F,COVAPIE_CYS_SG_REACTION_FAMILY_E02CDE030B1009B1,COVAPIE_CYS_SG_WARHEAD_RULE_1D1D9C797859191F,d84615f2e92fdf5a12f76da74c6d9dba2c01e529169bc1005720d893c779414b,25572f5d3129695b7760af5cfc946128a83f7fc589aa001f1b64db1d9ecc1681,17,0eceb146ca538c22acbb18809d9a7bf975a8ae48e03de8d9dd8efb4fad7f66e4,C34|N43|single,C34,N43,single,"[""C1"",""C11"",""C12"",""C13"",""C14"",""C15"",""C16"",""C19"",""C2"",""C21"",""C22"",""C3"",""C34"",""C35"",""C36"",""C37"",""C38"",""C39"",""C4"",""C42"",""C5"",""C6"",""C7"",""C9"",""N18"",""N20"",""N41"",""O10"",""O17"",""O23"",""O40"",""O8""]","[""C1"",""C11"",""C12"",""C13"",""C14"",""C15"",""C16"",""C2"",""C21"",""C3"",""C34"",""C35"",""C36"",""C37"",""C38"",""C39"",""C4"",""C5"",""C6"",""C7"",""C9"",""N18"",""N20"",""N41"",""O10"",""O17"",""O40"",""O8""]","[""C19"",""C22"",""C42"",""O23""]",[],32,11,true,true,,5004e7365ae0dcedfabe038a6b007d4367405d144009600d2f9ecc4fb9b97f46
covapie_current11_warhead_atom_set_and_attachment_boundary_review_option_v1,69,18,CYS_SG_SAMPLE_INDEX_000006,1AU3,PCM,1,COVAPIE_CYS_SG_WARHEAD_TYPE_CLASS_1D1D9C797859191F,COVAPIE_CYS_SG_REACTION_FAMILY_E02CDE030B1009B1,COVAPIE_CYS_SG_WARHEAD_RULE_1D1D9C797859191F,d84615f2e92fdf5a12f76da74c6d9dba2c01e529169bc1005720d893c779414b,25572f5d3129695b7760af5cfc946128a83f7fc589aa001f1b64db1d9ecc1681,18,fe398196dc1bcfec755b6d0e77d01b80c136a3ef0b623a4a690f750ac2090f85,C35|C36|single,C35,C36,single,"[""C1"",""C11"",""C12"",""C13"",""C14"",""C15"",""C16"",""C19"",""C2"",""C21"",""C22"",""C24"",""C25"",""C26"",""C27"",""C28"",""C29"",""C3"",""C30"",""C32"",""C34"",""C35"",""C39"",""C4"",""C42"",""C5"",""C6"",""C7"",""C9"",""N18"",""N20"",""N41"",""N43"",""O10"",""O17"",""O23"",""O31"",""O33"",""O40"",""O8""]","[""C1"",""C11"",""C12"",""C13"",""C14"",""C15"",""C16"",""C2"",""C21"",""C24"",""C25"",""C26"",""C27"",""C28"",""C29"",""C3"",""C30"",""C32"",""C34"",""C35"",""C39"",""C4"",""C5"",""C6"",""C7"",""C9"",""N18"",""N20"",""N41"",""N43"",""O10"",""O17"",""O31"",""O33"",""O40"",""O8""]","[""C19"",""C22"",""C42"",""O23""]",[],40,3,true,true,,7a98b24ebf577e3361916bf8a57b6bfa6142d4166e74f9ad123ca1dda67c95f3
covapie_current11_warhead_atom_set_and_attachment_boundary_review_option_v1,70,19,CYS_SG_SAMPLE_INDEX_000006,1AU3,PCM,1,COVAPIE_CYS_SG_WARHEAD_TYPE_CLASS_1D1D9C797859191F,COVAPIE_CYS_SG_REACTION_FAMILY_E02CDE030B1009B1,COVAPIE_CYS_SG_WARHEAD_RULE_1D1D9C797859191F,d84615f2e92fdf5a12f76da74c6d9dba2c01e529169bc1005720d893c779414b,25572f5d3129695b7760af5cfc946128a83f7fc589aa001f1b64db1d9ecc1681,19,fbd8cf677066eb5f95827ee0d5a2de5a3ffc62648eb21a1eae9ace0399433f2c,C36|C37|single,C36,C37,single,"[""C1"",""C11"",""C12"",""C13"",""C14"",""C15"",""C16"",""C19"",""C2"",""C21"",""C22"",""C24"",""C25"",""C26"",""C27"",""C28"",""C29"",""C3"",""C30"",""C32"",""C34"",""C35"",""C36"",""C38"",""C39"",""C4"",""C42"",""C5"",""C6"",""C7"",""C9"",""N18"",""N20"",""N41"",""N43"",""O10"",""O17"",""O23"",""O31"",""O33"",""O40"",""O8""]","[""C1"",""C11"",""C12"",""C13"",""C14"",""C15"",""C16"",""C2"",""C21"",""C24"",""C25"",""C26"",""C27"",""C28"",""C29"",""C3"",""C30"",""C32"",""C34"",""C35"",""C36"",""C38"",""C39"",""C4"",""C5"",""C6"",""C7"",""C9"",""N18"",""N20"",""N41"",""N43"",""O10"",""O17"",""O31"",""O33"",""O40"",""O8""]","[""C19"",""C22"",""C42"",""O23""]",[],42,1,true,true,,922488a2679592f6cd6c7687de188801ee2f6f2e0d8dbe42de32288833fa782d
covapie_current11_warhead_atom_set_and_attachment_boundary_review_option_v1,71,20,CYS_SG_SAMPLE_INDEX_000006,1AU3,PCM,1,COVAPIE_CYS_SG_WARHEAD_TYPE_CLASS_1D1D9C797859191F,COVAPIE_CYS_SG_REACTION_FAMILY_E02CDE030B1009B1,COVAPIE_CYS_SG_WARHEAD_RULE_1D1D9C797859191F,d84615f2e92fdf5a12f76da74c6d9dba2c01e529169bc1005720d893c779414b,25572f5d3129695b7760af5cfc946128a83f7fc589aa001f1b64db1d9ecc1681,20,f329f1aa1a1863eaf71d3e5cece6d3d3bc82ef80d3db4ddb07a5e6de04aeae0e,C36|C38|single,C36,C38,single,"[""C1"",""C11"",""C12"",""C13"",""C14"",""C15"",""C16"",""C19"",""C2"",""C21"",""C22"",""C24"",""C25"",""C26"",""C27"",""C28"",""C29"",""C3"",""C30"",""C32"",""C34"",""C35"",""C36"",""C37"",""C39"",""C4"",""C42"",""C5"",""C6"",""C7"",""C9"",""N18"",""N20"",""N41"",""N43"",""O10"",""O17"",""O23"",""O31"",""O33"",""O40"",""O8""]","[""C1"",""C11"",""C12"",""C13"",""C14"",""C15"",""C16"",""C2"",""C21"",""C24"",""C25"",""C26"",""C27"",""C28"",""C29"",""C3"",""C30"",""C32"",""C34"",""C35"",""C36"",""C37"",""C39"",""C4"",""C5"",""C6"",""C7"",""C9"",""N18"",""N20"",""N41"",""N43"",""O10"",""O17"",""O31"",""O33"",""O40"",""O8""]","[""C19"",""C22"",""C42"",""O23""]",[],42,1,true,true,,5e513f01ebd2c9e373ccf57380883a98daac49d9957e48b48bf3160010e1f53f
covapie_current11_warhead_atom_set_and_attachment_boundary_review_option_v1,72,21,CYS_SG_SAMPLE_INDEX_000006,1AU3,PCM,1,COVAPIE_CYS_SG_WARHEAD_TYPE_CLASS_1D1D9C797859191F,COVAPIE_CYS_SG_REACTION_FAMILY_E02CDE030B1009B1,COVAPIE_CYS_SG_WARHEAD_RULE_1D1D9C797859191F,d84615f2e92fdf5a12f76da74c6d9dba2c01e529169bc1005720d893c779414b,25572f5d3129695b7760af5cfc946128a83f7fc589aa001f1b64db1d9ecc1681,21,d096eaf3d3831b09689316a89e68549f0ced671fb76a0b031333944eac6b106c,C39|N41|single,N41,C39,single,"[""C1"",""C11"",""C12"",""C13"",""C14"",""C15"",""C16"",""C19"",""C2"",""C21"",""C22"",""C3"",""C4"",""C42"",""C5"",""C6"",""C7"",""C9"",""N18"",""N20"",""N41"",""O10"",""O17"",""O23"",""O8""]","[""C1"",""C11"",""C12"",""C13"",""C14"",""C15"",""C16"",""C2"",""C21"",""C3"",""C4"",""C5"",""C6"",""C7"",""C9"",""N18"",""N20"",""N41"",""O10"",""O17"",""O8""]","[""C19"",""C22"",""C42"",""O23""]",[],25,18,true,true,,bda2ab0fd189bd8706aa6c7a08db328cfe93ba2e3f6a150c4fe007c89e80aa94
covapie_current11_warhead_atom_set_and_attachment_boundary_review_option_v1,73,22,CYS_SG_SAMPLE_INDEX_000006,1AU3,PCM,1,COVAPIE_CYS_SG_WARHEAD_TYPE_CLASS_1D1D9C797859191F,COVAPIE_CYS_SG_REACTION_FAMILY_E02CDE030B1009B1,COVAPIE_CYS_SG_WARHEAD_RULE_1D1D9C797859191F,d84615f2e92fdf5a12f76da74c6d9dba2c01e529169bc1005720d893c779414b,25572f5d3129695b7760af5cfc946128a83f7fc589aa001f1b64db1d9ecc1681,22,af73e2795f2dc060916bef5ffc0a0d15571139d5b026871061dd4e8db2e08d67,C39|O40|double,C39,O40,double,"[""C1"",""C11"",""C12"",""C13"",""C14"",""C15"",""C16"",""C19"",""C2"",""C21"",""C22"",""C24"",""C25"",""C26"",""C27"",""C28"",""C29"",""C3"",""C30"",""C32"",""C34"",""C35"",""C36"",""C37"",""C38"",""C39"",""C4"",""C42"",""C5"",""C6"",""C7"",""C9"",""N18"",""N20"",""N41"",""N43"",""O10"",""O17"",""O23"",""O31"",""O33"",""O8""]","[""C1"",""C11"",""C12"",""C13"",""C14"",""C15"",""C16"",""C2"",""C21"",""C24"",""C25"",""C26"",""C27"",""C28"",""C29"",""C3"",""C30"",""C32"",""C34"",""C35"",""C36"",""C37"",""C38"",""C39"",""C4"",""C5"",""C6"",""C7"",""C9"",""N18"",""N20"",""N41"",""N43"",""O10"",""O17"",""O31"",""O33"",""O8""]","[""C19"",""C22"",""C42"",""O23""]",[],42,1,true,true,,dbfc266339d82f9b7207ab6c280ee2da2f586e93c4863504f658568c53755254
covapie_current11_warhead_atom_set_and_attachment_boundary_review_option_v1,74,23,CYS_SG_SAMPLE_INDEX_000006,1AU3,PCM,1,COVAPIE_CYS_SG_WARHEAD_TYPE_CLASS_1D1D9C797859191F,COVAPIE_CYS_SG_REACTION_FAMILY_E02CDE030B1009B1,COVAPIE_CYS_SG_WARHEAD_RULE_1D1D9C797859191F,d84615f2e92fdf5a12f76da74c6d9dba2c01e529169bc1005720d893c779414b,25572f5d3129695b7760af5cfc946128a83f7fc589aa001f1b64db1d9ecc1681,23,4dc821213be836317937c568b4c5aba88bea43fa476cb4de0cc234314ee9e4cb,C4|C7|single,C7,C4,single,"[""C11"",""C12"",""C13"",""C14"",""C15"",""C16"",""C19"",""C21"",""C22"",""C24"",""C25"",""C26"",""C27"",""C28"",""C29"",""C30"",""C32"",""C34"",""C35"",""C36"",""C37"",""C38"",""C39"",""C42"",""C7"",""C9"",""N18"",""N20"",""N41"",""N43"",""O10"",""O17"",""O23"",""O31"",""O33"",""O40"",""O8""]","[""C11"",""C12"",""C13"",""C14"",""C15"",""C16"",""C21"",""C24"",""C25"",""C26"",""C27"",""C28"",""C29"",""C30"",""C32"",""C34"",""C35"",""C36"",""C37"",""C38"",""C39"",""C7"",""C9"",""N18"",""N20"",""N41"",""N43"",""O10"",""O17"",""O31"",""O33"",""O40"",""O8""]","[""C19"",""C22"",""C42"",""O23""]",[],37,6,true,true,,ca1584e6c9be4dd7c30585ee68df0f0ffcf528aa11cd6bb11d5c943417b1b894
covapie_current11_warhead_atom_set_and_attachment_boundary_review_option_v1,75,24,CYS_SG_SAMPLE_INDEX_000006,1AU3,PCM,1,COVAPIE_CYS_SG_WARHEAD_TYPE_CLASS_1D1D9C797859191F,COVAPIE_CYS_SG_REACTION_FAMILY_E02CDE030B1009B1,COVAPIE_CYS_SG_WARHEAD_RULE_1D1D9C797859191F,d84615f2e92fdf5a12f76da74c6d9dba2c01e529169bc1005720d893c779414b,25572f5d3129695b7760af5cfc946128a83f7fc589aa001f1b64db1d9ecc1681,24,7ee26fb12bdf1ff312ea707588e71e638277bf1bb46a96fdb47d23a516eb0885,C7|O8|single,O8,C7,single,"[""C11"",""C12"",""C13"",""C14"",""C15"",""C16"",""C19"",""C21"",""C22"",""C24"",""C25"",""C26"",""C27"",""C28"",""C29"",""C30"",""C32"",""C34"",""C35"",""C36"",""C37"",""C38"",""C39"",""C42"",""C9"",""N18"",""N20"",""N41"",""N43"",""O10"",""O17"",""O23"",""O31"",""O33"",""O40"",""O8""]","[""C11"",""C12"",""C13"",""C14"",""C15"",""C16"",""C21"",""C24"",""C25"",""C26"",""C27"",""C28"",""C29"",""C30"",""C32"",""C34"",""C35"",""C36"",""C37"",""C38"",""C39"",""C9"",""N18"",""N20"",""N41"",""N43"",""O10"",""O17"",""O31"",""O33"",""O40"",""O8""]","[""C19"",""C22"",""C42"",""O23""]",[],36,7,true,true,,672f81afcc05b5780ac97c2db424a84801c73df3c679bb0ffce425f837893ac9
covapie_current11_warhead_atom_set_and_attachment_boundary_review_option_v1,76,25,CYS_SG_SAMPLE_INDEX_000006,1AU3,PCM,1,COVAPIE_CYS_SG_WARHEAD_TYPE_CLASS_1D1D9C797859191F,COVAPIE_CYS_SG_REACTION_FAMILY_E02CDE030B1009B1,COVAPIE_CYS_SG_WARHEAD_RULE_1D1D9C797859191F,d84615f2e92fdf5a12f76da74c6d9dba2c01e529169bc1005720d893c779414b,25572f5d3129695b7760af5cfc946128a83f7fc589aa001f1b64db1d9ecc1681,25,92060804ac21a6c340403fd82d53d60d18e2f9e780151508be487c50fb4c4dae,C9|N20|single,N20,C9,single,"[""C11"",""C12"",""C13"",""C14"",""C15"",""C16"",""C19"",""C21"",""C22"",""C24"",""C25"",""C26"",""C27"",""C28"",""C29"",""C30"",""C32"",""C34"",""C35"",""C36"",""C37"",""C38"",""C39"",""C42"",""N18"",""N20"",""N41"",""N43"",""O17"",""O23"",""O31"",""O33"",""O40""]","[""C11"",""C12"",""C13"",""C14"",""C15"",""C16"",""C21"",""C24"",""C25"",""C26"",""C27"",""C28"",""C29"",""C30"",""C32"",""C34"",""C35"",""C36"",""C37"",""C38"",""C39"",""N18"",""N20"",""N41"",""N43"",""O17"",""O31"",""O33"",""O40""]","[""C19"",""C22"",""C42"",""O23""]",[],33,10,true,true,,dd8d50ab92b6a12ca9b120b30001f2d8b23a808c02cee6725900858393f5936d
covapie_current11_warhead_atom_set_and_attachment_boundary_review_option_v1,77,26,CYS_SG_SAMPLE_INDEX_000006,1AU3,PCM,1,COVAPIE_CYS_SG_WARHEAD_TYPE_CLASS_1D1D9C797859191F,COVAPIE_CYS_SG_REACTION_FAMILY_E02CDE030B1009B1,COVAPIE_CYS_SG_WARHEAD_RULE_1D1D9C797859191F,d84615f2e92fdf5a12f76da74c6d9dba2c01e529169bc1005720d893c779414b,25572f5d3129695b7760af5cfc946128a83f7fc589aa001f1b64db1d9ecc1681,26,4c02cb110a692f8e95fbf3bf3f9c50ab40787d3a652205c22cee62129523d18e,C9|O10|double,C9,O10,double,"[""C1"",""C11"",""C12"",""C13"",""C14"",""C15"",""C16"",""C19"",""C2"",""C21"",""C22"",""C24"",""C25"",""C26"",""C27"",""C28"",""C29"",""C3"",""C30"",""C32"",""C34"",""C35"",""C36"",""C37"",""C38"",""C39"",""C4"",""C42"",""C5"",""C6"",""C7"",""C9"",""N18"",""N20"",""N41"",""N43"",""O17"",""O23"",""O31"",""O33"",""O40"",""O8""]","[""C1"",""C11"",""C12"",""C13"",""C14"",""C15"",""C16"",""C2"",""C21"",""C24"",""C25"",""C26"",""C27"",""C28"",""C29"",""C3"",""C30"",""C32"",""C34"",""C35"",""C36"",""C37"",""C38"",""C39"",""C4"",""C5"",""C6"",""C7"",""C9"",""N18"",""N20"",""N41"",""N43"",""O17"",""O31"",""O33"",""O40"",""O8""]","[""C19"",""C22"",""C42"",""O23""]",[],42,1,true,true,,8d7ecb3f37f176316d2290559289181fd5e23fe2c7796d18118f986376a33949
covapie_current11_warhead_atom_set_and_attachment_boundary_review_option_v1,78,27,CYS_SG_SAMPLE_INDEX_000006,1AU3,PCM,1,COVAPIE_CYS_SG_WARHEAD_TYPE_CLASS_1D1D9C797859191F,COVAPIE_CYS_SG_REACTION_FAMILY_E02CDE030B1009B1,COVAPIE_CYS_SG_WARHEAD_RULE_1D1D9C797859191F,d84615f2e92fdf5a12f76da74c6d9dba2c01e529169bc1005720d893c779414b,25572f5d3129695b7760af5cfc946128a83f7fc589aa001f1b64db1d9ecc1681,27,97b5dd2e96f090bd4ee893dd964f8948bab13548fb417652ef9c57d4e92b3555,C9|O8|single,C9,O8,single,"[""C11"",""C12"",""C13"",""C14"",""C15"",""C16"",""C19"",""C21"",""C22"",""C24"",""C25"",""C26"",""C27"",""C28"",""C29"",""C30"",""C32"",""C34"",""C35"",""C36"",""C37"",""C38"",""C39"",""C42"",""C9"",""N18"",""N20"",""N41"",""N43"",""O10"",""O17"",""O23"",""O31"",""O33"",""O40""]","[""C11"",""C12"",""C13"",""C14"",""C15"",""C16"",""C21"",""C24"",""C25"",""C26"",""C27"",""C28"",""C29"",""C30"",""C32"",""C34"",""C35"",""C36"",""C37"",""C38"",""C39"",""C9"",""N18"",""N20"",""N41"",""N43"",""O10"",""O17"",""O31"",""O33"",""O40""]","[""C19"",""C22"",""C42"",""O23""]",[],35,8,true,true,,998e90dd7f0a9d052ab145b818315c72931128eb8e1c01ca8f3e8e45049d1ef1
covapie_current11_warhead_atom_set_and_attachment_boundary_review_option_v1,79,0,CYS_SG_SAMPLE_INDEX_000007,1AU4,INP,1,COVAPIE_CYS_SG_WARHEAD_TYPE_CLASS_1D1D9C797859191F,COVAPIE_CYS_SG_REACTION_FAMILY_E02CDE030B1009B1,COVAPIE_CYS_SG_WARHEAD_RULE_1D1D9C797859191F,45befa3c1a48637e94e8d050a7e74e163c709badfb9ca413bfa2f513696984f1,0dea0d6b34b9166b98e033ab3f92c96e7004ef4fdb186702e90d20a826d5f16f,0,e2ee415ee570e3a40f957971e528d9caecd7aebcb7c79474ed29fb473c10c382,C12|C13|single,C13,C12,single,"[""C13"",""C15"",""C16"",""C17"",""C18"",""C24"",""C26"",""C27"",""C28"",""C29"",""C30"",""C32"",""C35"",""C36"",""C37"",""C38"",""C40"",""C41"",""N14"",""N23"",""N31"",""N39"",""O25"",""O33"",""O34"",""O42""]","[""C13"",""C15"",""C24"",""C26"",""C27"",""C28"",""C29"",""C30"",""C32"",""C35"",""C36"",""C37"",""C38"",""C40"",""C41"",""N14"",""N23"",""N31"",""N39"",""O25"",""O33"",""O34""]","[""C16"",""C17"",""C18"",""O42""]",[],26,16,true,true,,afcff8f0ba9e9a292fe25121592bbe292ede9baf8c2dec11118f8f709f0d8a3a
covapie_current11_warhead_atom_set_and_attachment_boundary_review_option_v1,80,1,CYS_SG_SAMPLE_INDEX_000007,1AU4,INP,1,COVAPIE_CYS_SG_WARHEAD_TYPE_CLASS_1D1D9C797859191F,COVAPIE_CYS_SG_REACTION_FAMILY_E02CDE030B1009B1,COVAPIE_CYS_SG_WARHEAD_RULE_1D1D9C797859191F,45befa3c1a48637e94e8d050a7e74e163c709badfb9ca413bfa2f513696984f1,0dea0d6b34b9166b98e033ab3f92c96e7004ef4fdb186702e90d20a826d5f16f,1,8875fe3f6ec6f0b096f0d4a9086007e30a6a1c734abd786194c4d5253b5d37a1,C12|C19|single,C12,C19,single,"[""C1"",""C12"",""C13"",""C15"",""C16"",""C17"",""C18"",""C2"",""C24"",""C26"",""C27"",""C28"",""C29"",""C3"",""C30"",""C32"",""C35"",""C36"",""C37"",""C38"",""C4"",""C40"",""C41"",""C5"",""C6"",""C7"",""C9"",""N11"",""N14"",""N23"",""N31"",""N39"",""O10"",""O25"",""O33"",""O34"",""O42"",""O8""]","[""C1"",""C12"",""C13"",""C15"",""C2"",""C24"",""C26"",""C27"",""C28"",""C29"",""C3"",""C30"",""C32"",""C35"",""C36"",""C37"",""C38"",""C4"",""C40"",""C41"",""C5"",""C6"",""C7"",""C9"",""N11"",""N14"",""N23"",""N31"",""N39"",""O10"",""O25"",""O33"",""O34"",""O8""]","[""C16"",""C17"",""C18"",""O42""]",[],38,4,true,true,,f285a2963e57c75c925b2c3a8223d1d81881cd74873ea1234cf7056d7c86b1b6
covapie_current11_warhead_atom_set_and_attachment_boundary_review_option_v1,81,2,CYS_SG_SAMPLE_INDEX_000007,1AU4,INP,1,COVAPIE_CYS_SG_WARHEAD_TYPE_CLASS_1D1D9C797859191F,COVAPIE_CYS_SG_REACTION_FAMILY_E02CDE030B1009B1,COVAPIE_CYS_SG_WARHEAD_RULE_1D1D9C797859191F,45befa3c1a48637e94e8d050a7e74e163c709badfb9ca413bfa2f513696984f1,0dea0d6b34b9166b98e033ab3f92c96e7004ef4fdb186702e90d20a826d5f16f,2,f1afa51fce7622ad1e3d37dd21c7497a3b8db768728317045c43261562e32eca,C12|N11|single,C12,N11,single,"[""C12"",""C13"",""C15"",""C16"",""C17"",""C18"",""C19"",""C20"",""C21"",""C22"",""C24"",""C26"",""C27"",""C28"",""C29"",""C30"",""C32"",""C35"",""C36"",""C37"",""C38"",""C40"",""C41"",""N14"",""N23"",""N31"",""N39"",""O25"",""O33"",""O34"",""O42""]","[""C12"",""C13"",""C15"",""C19"",""C20"",""C21"",""C22"",""C24"",""C26"",""C27"",""C28"",""C29"",""C30"",""C32"",""C35"",""C36"",""C37"",""C38"",""C40"",""C41"",""N14"",""N23"",""N31"",""N39"",""O25"",""O33"",""O34""]","[""C16"",""C17"",""C18"",""O42""]",[],31,11,true,true,,0bb570c3beb755c555bcbaa480b210ea7cb725f5c462ab4a1d518143c4dc60a9
covapie_current11_warhead_atom_set_and_attachment_boundary_review_option_v1,82,3,CYS_SG_SAMPLE_INDEX_000007,1AU4,INP,1,COVAPIE_CYS_SG_WARHEAD_TYPE_CLASS_1D1D9C797859191F,COVAPIE_CYS_SG_REACTION_FAMILY_E02CDE030B1009B1,COVAPIE_CYS_SG_WARHEAD_RULE_1D1D9C797859191F,45befa3c1a48637e94e8d050a7e74e163c709badfb9ca413bfa2f513696984f1,0dea0d6b34b9166b98e033ab3f92c96e7004ef4fdb186702e90d20a826d5f16f,3,cbf47b4f80fd8412959c253d618e9c684cf5fcabde4d240c6d2b0e2cd5b6b9d3,C13|N14|single,N14,C13,single,"[""C15"",""C16"",""C17"",""C18"",""C24"",""C26"",""C27"",""C28"",""C29"",""C30"",""C32"",""C35"",""C36"",""C37"",""C38"",""C40"",""C41"",""N14"",""N23"",""N31"",""N39"",""O25"",""O33"",""O34"",""O42""]","[""C15"",""C24"",""C26"",""C27"",""C28"",""C29"",""C30"",""C32"",""C35"",""C36"",""C37"",""C38"",""C40"",""C41"",""N14"",""N23"",""N31"",""N39"",""O25"",""O33"",""O34""]","[""C16"",""C17"",""C18"",""O42""]",[],25,17,true,true,,8741286db1e0f32647ffe7c8039c4f4792ccce2beeaf167a5d6e2acd1dd8a9f1
covapie_current11_warhead_atom_set_and_attachment_boundary_review_option_v1,83,4,CYS_SG_SAMPLE_INDEX_000007,1AU4,INP,1,COVAPIE_CYS_SG_WARHEAD_TYPE_CLASS_1D1D9C797859191F,COVAPIE_CYS_SG_REACTION_FAMILY_E02CDE030B1009B1,COVAPIE_CYS_SG_WARHEAD_RULE_1D1D9C797859191F,45befa3c1a48637e94e8d050a7e74e163c709badfb9ca413bfa2f513696984f1,0dea0d6b34b9166b98e033ab3f92c96e7004ef4fdb186702e90d20a826d5f16f,4,411e8fd643adbb13e0726ab9e35b4199656e70211bf629684fbe7a645004ebc8,C17|O42|double,C17,O42,double,"[""C1"",""C12"",""C13"",""C15"",""C16"",""C17"",""C18"",""C19"",""C2"",""C20"",""C21"",""C22"",""C24"",""C26"",""C27"",""C28"",""C29"",""C3"",""C30"",""C32"",""C35"",""C36"",""C37"",""C38"",""C4"",""C40"",""C41"",""C5"",""C6"",""C7"",""C9"",""N11"",""N14"",""N23"",""N31"",""N39"",""O10"",""O25"",""O33"",""O34"",""O8""]","[""C1"",""C12"",""C13"",""C15"",""C19"",""C2"",""C20"",""C21"",""C22"",""C24"",""C26"",""C27"",""C28"",""C29"",""C3"",""C30"",""C32"",""C35"",""C36"",""C37"",""C38"",""C4"",""C40"",""C41"",""C5"",""C6"",""C7"",""C9"",""N11"",""N14"",""N23"",""N31"",""N39"",""O10"",""O25"",""O33"",""O34"",""O8""]","[""C16"",""C17"",""C18"",""O42""]",[],41,1,false,false,candidate_missing_local_reaction_center,6f7be661232b68592a90269254182d040538347076dc02ba5a918c5cd913def5
covapie_current11_warhead_atom_set_and_attachment_boundary_review_option_v1,84,5,CYS_SG_SAMPLE_INDEX_000007,1AU4,INP,1,COVAPIE_CYS_SG_WARHEAD_TYPE_CLASS_1D1D9C797859191F,COVAPIE_CYS_SG_REACTION_FAMILY_E02CDE030B1009B1,COVAPIE_CYS_SG_WARHEAD_RULE_1D1D9C797859191F,45befa3c1a48637e94e8d050a7e74e163c709badfb9ca413bfa2f513696984f1,0dea0d6b34b9166b98e033ab3f92c96e7004ef4fdb186702e90d20a826d5f16f,5,59e4974fdc195fb039a999f5e4046d22d9403e29b02a2ce50bf020728ef4e2c1,C18|N23|single,C18,N23,single,"[""C1"",""C12"",""C13"",""C15"",""C16"",""C17"",""C18"",""C19"",""C2"",""C20"",""C21"",""C22"",""C3"",""C4"",""C5"",""C6"",""C7"",""C9"",""N11"",""N14"",""O10"",""O42"",""O8""]","[""C1"",""C12"",""C13"",""C15"",""C19"",""C2"",""C20"",""C21"",""C22"",""C3"",""C4"",""C5"",""C6"",""C7"",""C9"",""N11"",""N14"",""O10"",""O8""]","[""C16"",""C17"",""C18"",""O42""]",[],23,19,true,true,,2f30a1f8e0ac492eca506c65217e65eba0eb0d704229bf96b8c38609e45bf014
covapie_current11_warhead_atom_set_and_attachment_boundary_review_option_v1,85,6,CYS_SG_SAMPLE_INDEX_000007,1AU4,INP,1,COVAPIE_CYS_SG_WARHEAD_TYPE_CLASS_1D1D9C797859191F,COVAPIE_CYS_SG_REACTION_FAMILY_E02CDE030B1009B1,COVAPIE_CYS_SG_WARHEAD_RULE_1D1D9C797859191F,45befa3c1a48637e94e8d050a7e74e163c709badfb9ca413bfa2f513696984f1,0dea0d6b34b9166b98e033ab3f92c96e7004ef4fdb186702e90d20a826d5f16f,6,7d8dda8e3f71726b6432586257d9ea0c10ae7093a262e6c06cd90d180cc7dc40,C19|C20|single,C19,C20,single,"[""C1"",""C12"",""C13"",""C15"",""C16"",""C17"",""C18"",""C19"",""C2"",""C24"",""C26"",""C27"",""C28"",""C29"",""C3"",""C30"",""C32"",""C35"",""C36"",""C37"",""C38"",""C4"",""C40"",""C41"",""C5"",""C6"",""C7"",""C9"",""N11"",""N14"",""N23"",""N31"",""N39"",""O10"",""O25"",""O33"",""O34"",""O42"",""O8""]","[""C1"",""C12"",""C13"",""C15"",""C19"",""C2"",""C24"",""C26"",""C27"",""C28"",""C29"",""C3"",""C30"",""C32"",""C35"",""C36"",""C37"",""C38"",""C4"",""C40"",""C41"",""C5"",""C6"",""C7"",""C9"",""N11"",""N14"",""N23"",""N31"",""N39"",""O10"",""O25"",""O33"",""O34"",""O8""]","[""C16"",""C17"",""C18"",""O42""]",[],39,3,true,true,,f65d71e5775e6107a66f1670b9127539cbefbb59f8d5cb7bee7f6e7575934301
covapie_current11_warhead_atom_set_and_attachment_boundary_review_option_v1,86,7,CYS_SG_SAMPLE_INDEX_000007,1AU4,INP,1,COVAPIE_CYS_SG_WARHEAD_TYPE_CLASS_1D1D9C797859191F,COVAPIE_CYS_SG_REACTION_FAMILY_E02CDE030B1009B1,COVAPIE_CYS_SG_WARHEAD_RULE_1D1D9C797859191F,45befa3c1a48637e94e8d050a7e74e163c709badfb9ca413bfa2f513696984f1,0dea0d6b34b9166b98e033ab3f92c96e7004ef4fdb186702e90d20a826d5f16f,7,9a8c5f4e75b0fbd6b7e5e2ad56a8138a50d5ec73672bb73b829143c0e26446e4,C20|C21|single,C20,C21,single,"[""C1"",""C12"",""C13"",""C15"",""C16"",""C17"",""C18"",""C19"",""C2"",""C20"",""C22"",""C24"",""C26"",""C27"",""C28"",""C29"",""C3"",""C30"",""C32"",""C35"",""C36"",""C37"",""C38"",""C4"",""C40"",""C41"",""C5"",""C6"",""C7"",""C9"",""N11"",""N14"",""N23"",""N31"",""N39"",""O10"",""O25"",""O33"",""O34"",""O42"",""O8""]","[""C1"",""C12"",""C13"",""C15"",""C19"",""C2"",""C20"",""C22"",""C24"",""C26"",""C27"",""C28"",""C29"",""C3"",""C30"",""C32"",""C35"",""C36"",""C37"",""C38"",""C4"",""C40"",""C41"",""C5"",""C6"",""C7"",""C9"",""N11"",""N14"",""N23"",""N31"",""N39"",""O10"",""O25"",""O33"",""O34"",""O8""]","[""C16"",""C17"",""C18"",""O42""]",[],41,1,true,true,,c7fc1b07f92c86793e9a6fffd36f37fe5cd5d2ea710ce3d2cc048de3d25d5c9d
covapie_current11_warhead_atom_set_and_attachment_boundary_review_option_v1,87,8,CYS_SG_SAMPLE_INDEX_000007,1AU4,INP,1,COVAPIE_CYS_SG_WARHEAD_TYPE_CLASS_1D1D9C797859191F,COVAPIE_CYS_SG_REACTION_FAMILY_E02CDE030B1009B1,COVAPIE_CYS_SG_WARHEAD_RULE_1D1D9C797859191F,45befa3c1a48637e94e8d050a7e74e163c709badfb9ca413bfa2f513696984f1,0dea0d6b34b9166b98e033ab3f92c96e7004ef4fdb186702e90d20a826d5f16f,8,8e2fa0c01742d68a8e5aa11d496ca542694ab6d05d77d10fe18ceafadf4e457c,C20|C22|single,C20,C22,single,"[""C1"",""C12"",""C13"",""C15"",""C16"",""C17"",""C18"",""C19"",""C2"",""C20"",""C21"",""C24"",""C26"",""C27"",""C28"",""C29"",""C3"",""C30"",""C32"",""C35"",""C36"",""C37"",""C38"",""C4"",""C40"",""C41"",""C5"",""C6"",""C7"",""C9"",""N11"",""N14"",""N23"",""N31"",""N39"",""O10"",""O25"",""O33"",""O34"",""O42"",""O8""]","[""C1"",""C12"",""C13"",""C15"",""C19"",""C2"",""C20"",""C21"",""C24"",""C26"",""C27"",""C28"",""C29"",""C3"",""C30"",""C32"",""C35"",""C36"",""C37"",""C38"",""C4"",""C40"",""C41"",""C5"",""C6"",""C7"",""C9"",""N11"",""N14"",""N23"",""N31"",""N39"",""O10"",""O25"",""O33"",""O34"",""O8""]","[""C16"",""C17"",""C18"",""O42""]",[],41,1,true,true,,b4d8cfe99195bcd9c1e127bfe8587409386a045d7a99c8e7745287ee4ff138fc
covapie_current11_warhead_atom_set_and_attachment_boundary_review_option_v1,88,9,CYS_SG_SAMPLE_INDEX_000007,1AU4,INP,1,COVAPIE_CYS_SG_WARHEAD_TYPE_CLASS_1D1D9C797859191F,COVAPIE_CYS_SG_REACTION_FAMILY_E02CDE030B1009B1,COVAPIE_CYS_SG_WARHEAD_RULE_1D1D9C797859191F,45befa3c1a48637e94e8d050a7e74e163c709badfb9ca413bfa2f513696984f1,0dea0d6b34b9166b98e033ab3f92c96e7004ef4fdb186702e90d20a826d5f16f,9,54ae5a68a351c2cdd2fb73e382ae0f16f34f57ce908ceb89adf72cb1fbad4fa3,C24|C26|single,C24,C26,single,"[""C1"",""C12"",""C13"",""C15"",""C16"",""C17"",""C18"",""C19"",""C2"",""C20"",""C21"",""C22"",""C24"",""C3"",""C4"",""C5"",""C6"",""C7"",""C9"",""N11"",""N14"",""N23"",""O10"",""O25"",""O42"",""O8""]","[""C1"",""C12"",""C13"",""C15"",""C19"",""C2"",""C20"",""C21"",""C22"",""C24"",""C3"",""C4"",""C5"",""C6"",""C7"",""C9"",""N11"",""N14"",""N23"",""O10"",""O25"",""O8""]","[""C16"",""C17"",""C18"",""O42""]",[],26,16,true,true,,3e02903409c0b102cd617bf5152b865e7d458fd3ea1a001d54554ae1c6455d6e
covapie_current11_warhead_atom_set_and_attachment_boundary_review_option_v1,89,10,CYS_SG_SAMPLE_INDEX_000007,1AU4,INP,1,COVAPIE_CYS_SG_WARHEAD_TYPE_CLASS_1D1D9C797859191F,COVAPIE_CYS_SG_REACTION_FAMILY_E02CDE030B1009B1,COVAPIE_CYS_SG_WARHEAD_RULE_1D1D9C797859191F,45befa3c1a48637e94e8d050a7e74e163c709badfb9ca413bfa2f513696984f1,0dea0d6b34b9166b98e033ab3f92c96e7004ef4fdb186702e90d20a826d5f16f,10,668523c808e9f47cd8869afeb4981f41590a7949d3a30cc00620115cfa3b1c34,C24|N23|single,N23,C24,single,"[""C1"",""C12"",""C13"",""C15"",""C16"",""C17"",""C18"",""C19"",""C2"",""C20"",""C21"",""C22"",""C3"",""C4"",""C5"",""C6"",""C7"",""C9"",""N11"",""N14"",""N23"",""O10"",""O42"",""O8""]","[""C1"",""C12"",""C13"",""C15"",""C19"",""C2"",""C20"",""C21"",""C22"",""C3"",""C4"",""C5"",""C6"",""C7"",""C9"",""N11"",""N14"",""N23"",""O10"",""O8""]","[""C16"",""C17"",""C18"",""O42""]",[],24,18,true,true,,ccc0f8682b19b213973c16a76b396fc4a30c6cddecbf1922bc57437f277e9050
covapie_current11_warhead_atom_set_and_attachment_boundary_review_option_v1,90,11,CYS_SG_SAMPLE_INDEX_000007,1AU4,INP,1,COVAPIE_CYS_SG_WARHEAD_TYPE_CLASS_1D1D9C797859191F,COVAPIE_CYS_SG_REACTION_FAMILY_E02CDE030B1009B1,COVAPIE_CYS_SG_WARHEAD_RULE_1D1D9C797859191F,45befa3c1a48637e94e8d050a7e74e163c709badfb9ca413bfa2f513696984f1,0dea0d6b34b9166b98e033ab3f92c96e7004ef4fdb186702e90d20a826d5f16f,11,812325224dcf09c596f10ef27586223bccd51d221dc857a5382ba15d869ba3ea,C24|O25|double,C24,O25,double,"[""C1"",""C12"",""C13"",""C15"",""C16"",""C17"",""C18"",""C19"",""C2"",""C20"",""C21"",""C22"",""C24"",""C26"",""C27"",""C28"",""C29"",""C3"",""C30"",""C32"",""C35"",""C36"",""C37"",""C38"",""C4"",""C40"",""C41"",""C5"",""C6"",""C7"",""C9"",""N11"",""N14"",""N23"",""N31"",""N39"",""O10"",""O33"",""O34"",""O42"",""O8""]","[""C1"",""C12"",""C13"",""C15"",""C19"",""C2"",""C20"",""C21"",""C22"",""C24"",""C26"",""C27"",""C28"",""C29"",""C3"",""C30"",""C32"",""C35"",""C36"",""C37"",""C38"",""C4"",""C40"",""C41"",""C5"",""C6"",""C7"",""C9"",""N11"",""N14"",""N23"",""N31"",""N39"",""O10"",""O33"",""O34"",""O8""]","[""C16"",""C17"",""C18"",""O42""]",[],41,1,true,true,,051b5e8bb20b228c3f86cc7a17693ecdbd33ef1b86583b58014956cb19456ff6
covapie_current11_warhead_atom_set_and_attachment_boundary_review_option_v1,91,12,CYS_SG_SAMPLE_INDEX_000007,1AU4,INP,1,COVAPIE_CYS_SG_WARHEAD_TYPE_CLASS_1D1D9C797859191F,COVAPIE_CYS_SG_REACTION_FAMILY_E02CDE030B1009B1,COVAPIE_CYS_SG_WARHEAD_RULE_1D1D9C797859191F,45befa3c1a48637e94e8d050a7e74e163c709badfb9ca413bfa2f513696984f1,0dea0d6b34b9166b98e033ab3f92c96e7004ef4fdb186702e90d20a826d5f16f,12,c95f15d746da5a37e904ff1709251622874ff78317b18e4ddca23982575ed2af,C26|C27|single,C26,C27,single,"[""C1"",""C12"",""C13"",""C15"",""C16"",""C17"",""C18"",""C19"",""C2"",""C20"",""C21"",""C22"",""C24"",""C26"",""C3"",""C32"",""C35"",""C36"",""C37"",""C38"",""C4"",""C40"",""C41"",""C5"",""C6"",""C7"",""C9"",""N11"",""N14"",""N23"",""N31"",""N39"",""O10"",""O25"",""O33"",""O34"",""O42"",""O8""]","[""C1"",""C12"",""C13"",""C15"",""C19"",""C2"",""C20"",""C21"",""C22"",""C24"",""C26"",""C3"",""C32"",""C35"",""C36"",""C37"",""C38"",""C4"",""C40"",""C41"",""C5"",""C6"",""C7"",""C9"",""N11"",""N14"",""N23"",""N31"",""N39"",""O10"",""O25"",""O33"",""O34"",""O8""]","[""C16"",""C17"",""C18"",""O42""]",[],38,4,true,true,,a7ba274aed9192ad741b25a2ace8b22c2d3dfda474b020f23a4ff8984661eada
covapie_current11_warhead_atom_set_and_attachment_boundary_review_option_v1,92,13,CYS_SG_SAMPLE_INDEX_000007,1AU4,INP,1,COVAPIE_CYS_SG_WARHEAD_TYPE_CLASS_1D1D9C797859191F,COVAPIE_CYS_SG_REACTION_FAMILY_E02CDE030B1009B1,COVAPIE_CYS_SG_WARHEAD_RULE_1D1D9C797859191F,45befa3c1a48637e94e8d050a7e74e163c709badfb9ca413bfa2f513696984f1,0dea0d6b34b9166b98e033ab3f92c96e7004ef4fdb186702e90d20a826d5f16f,13,4e2d74cf8113339697c7dbd1cd5b22703de17794710f20a2af512af43d162a01,C26|N31|single,C26,N31,single,"[""C1"",""C12"",""C13"",""C15"",""C16"",""C17"",""C18"",""C19"",""C2"",""C20"",""C21"",""C22"",""C24"",""C26"",""C27"",""C28"",""C29"",""C3"",""C30"",""C4"",""C5"",""C6"",""C7"",""C9"",""N11"",""N14"",""N23"",""O10"",""O25"",""O42"",""O8""]","[""C1"",""C12"",""C13"",""C15"",""C19"",""C2"",""C20"",""C21"",""C22"",""C24"",""C26"",""C27"",""C28"",""C29"",""C3"",""C30"",""C4"",""C5"",""C6"",""C7"",""C9"",""N11"",""N14"",""N23"",""O10"",""O25"",""O8""]","[""C16"",""C17"",""C18"",""O42""]",[],31,11,true,true,,cbc504c9b23f6ddc62ed3f82bc6dcf43651670bbd1f8284cf04d62681cce1b19
covapie_current11_warhead_atom_set_and_attachment_boundary_review_option_v1,93,14,CYS_SG_SAMPLE_INDEX_000007,1AU4,INP,1,COVAPIE_CYS_SG_WARHEAD_TYPE_CLASS_1D1D9C797859191F,COVAPIE_CYS_SG_REACTION_FAMILY_E02CDE030B1009B1,COVAPIE_CYS_SG_WARHEAD_RULE_1D1D9C797859191F,45befa3c1a48637e94e8d050a7e74e163c709badfb9ca413bfa2f513696984f1,0dea0d6b34b9166b98e033ab3f92c96e7004ef4fdb186702e90d20a826d5f16f,14,02574645896c0b439facf426364f33baf57ffe212397401b3eb8f806c32103f6,C27|C28|single,C27,C28,single,"[""C1"",""C12"",""C13"",""C15"",""C16"",""C17"",""C18"",""C19"",""C2"",""C20"",""C21"",""C22"",""C24"",""C26"",""C27"",""C3"",""C32"",""C35"",""C36"",""C37"",""C38"",""C4"",""C40"",""C41"",""C5"",""C6"",""C7"",""C9"",""N11"",""N14"",""N23"",""N31"",""N39"",""O10"",""O25"",""O33"",""O34"",""O42"",""O8""]","[""C1"",""C12"",""C13"",""C15"",""C19"",""C2"",""C20"",""C21"",""C22"",""C24"",""C26"",""C27"",""C3"",""C32"",""C35"",""C36"",""C37"",""C38"",""C4"",""C40"",""C41"",""C5"",""C6"",""C7"",""C9"",""N11"",""N14"",""N23"",""N31"",""N39"",""O10"",""O25"",""O33"",""O34"",""O8""]","[""C16"",""C17"",""C18"",""O42""]",[],39,3,true,true,,da3e8f5c732a4a3629600797f7dfd7e0e2762843ab44c617cdac05591f542c0f
covapie_current11_warhead_atom_set_and_attachment_boundary_review_option_v1,94,15,CYS_SG_SAMPLE_INDEX_000007,1AU4,INP,1,COVAPIE_CYS_SG_WARHEAD_TYPE_CLASS_1D1D9C797859191F,COVAPIE_CYS_SG_REACTION_FAMILY_E02CDE030B1009B1,COVAPIE_CYS_SG_WARHEAD_RULE_1D1D9C797859191F,45befa3c1a48637e94e8d050a7e74e163c709badfb9ca413bfa2f513696984f1,0dea0d6b34b9166b98e033ab3f92c96e7004ef4fdb186702e90d20a826d5f16f,15,4aea3a2c6d70032b78a74bc3003ac6ca06248a0131d7ac14be0741056c3dd3e0,C28|C29|single,C28,C29,single,"[""C1"",""C12"",""C13"",""C15"",""C16"",""C17"",""C18"",""C19"",""C2"",""C20"",""C21"",""C22"",""C24"",""C26"",""C27"",""C28"",""C3"",""C30"",""C32"",""C35"",""C36"",""C37"",""C38"",""C4"",""C40"",""C41"",""C5"",""C6"",""C7"",""C9"",""N11"",""N14"",""N23"",""N31"",""N39"",""O10"",""O25"",""O33"",""O34"",""O42"",""O8""]","[""C1"",""C12"",""C13"",""C15"",""C19"",""C2"",""C20"",""C21"",""C22"",""C24"",""C26"",""C27"",""C28"",""C3"",""C30"",""C32"",""C35"",""C36"",""C37"",""C38"",""C4"",""C40"",""C41"",""C5"",""C6"",""C7"",""C9"",""N11"",""N14"",""N23"",""N31"",""N39"",""O10"",""O25"",""O33"",""O34"",""O8""]","[""C16"",""C17"",""C18"",""O42""]",[],41,1,true,true,,f11836cbec37c275b70222bf03bf401c7fcedf8e9841d3722edecf9d108e6446
covapie_current11_warhead_atom_set_and_attachment_boundary_review_option_v1,95,16,CYS_SG_SAMPLE_INDEX_000007,1AU4,INP,1,COVAPIE_CYS_SG_WARHEAD_TYPE_CLASS_1D1D9C797859191F,COVAPIE_CYS_SG_REACTION_FAMILY_E02CDE030B1009B1,COVAPIE_CYS_SG_WARHEAD_RULE_1D1D9C797859191F,45befa3c1a48637e94e8d050a7e74e163c709badfb9ca413bfa2f513696984f1,0dea0d6b34b9166b98e033ab3f92c96e7004ef4fdb186702e90d20a826d5f16f,16,0a710b3e2234691db6be2f1234cb98a7a023da60d3731376fcf68152de6641c3,C28|C30|single,C28,C30,single,"[""C1"",""C12"",""C13"",""C15"",""C16"",""C17"",""C18"",""C19"",""C2"",""C20"",""C21"",""C22"",""C24"",""C26"",""C27"",""C28"",""C29"",""C3"",""C32"",""C35"",""C36"",""C37"",""C38"",""C4"",""C40"",""C41"",""C5"",""C6"",""C7"",""C9"",""N11"",""N14"",""N23"",""N31"",""N39"",""O10"",""O25"",""O33"",""O34"",""O42"",""O8""]","[""C1"",""C12"",""C13"",""C15"",""C19"",""C2"",""C20"",""C21"",""C22"",""C24"",""C26"",""C27"",""C28"",""C29"",""C3"",""C32"",""C35"",""C36"",""C37"",""C38"",""C4"",""C40"",""C41"",""C5"",""C6"",""C7"",""C9"",""N11"",""N14"",""N23"",""N31"",""N39"",""O10"",""O25"",""O33"",""O34"",""O8""]","[""C16"",""C17"",""C18"",""O42""]",[],41,1,true,true,,a9fc10441f5e7080106330ec7b02994b201d2853ef56a56880be03e3bd5d78b9
covapie_current11_warhead_atom_set_and_attachment_boundary_review_option_v1,96,17,CYS_SG_SAMPLE_INDEX_000007,1AU4,INP,1,COVAPIE_CYS_SG_WARHEAD_TYPE_CLASS_1D1D9C797859191F,COVAPIE_CYS_SG_REACTION_FAMILY_E02CDE030B1009B1,COVAPIE_CYS_SG_WARHEAD_RULE_1D1D9C797859191F,45befa3c1a48637e94e8d050a7e74e163c709badfb9ca413bfa2f513696984f1,0dea0d6b34b9166b98e033ab3f92c96e7004ef4fdb186702e90d20a826d5f16f,17,e3c372535b7e002380cee25e0e0afc4de3e80fd61fc12ea220e13a08cd91733d,C32|N31|single,N31,C32,single,"[""C1"",""C12"",""C13"",""C15"",""C16"",""C17"",""C18"",""C19"",""C2"",""C20"",""C21"",""C22"",""C24"",""C26"",""C27"",""C28"",""C29"",""C3"",""C30"",""C4"",""C5"",""C6"",""C7"",""C9"",""N11"",""N14"",""N23"",""N31"",""O10"",""O25"",""O42"",""O8""]","[""C1"",""C12"",""C13"",""C15"",""C19"",""C2"",""C20"",""C21"",""C22"",""C24"",""C26"",""C27"",""C28"",""C29"",""C3"",""C30"",""C4"",""C5"",""C6"",""C7"",""C9"",""N11"",""N14"",""N23"",""N31"",""O10"",""O25"",""O8""]","[""C16"",""C17"",""C18"",""O42""]",[],32,10,true,true,,e8c0acf6286bc328497aa8a91a95adf68d6f8406fdc081d9d2f985410394a849
covapie_current11_warhead_atom_set_and_attachment_boundary_review_option_v1,97,18,CYS_SG_SAMPLE_INDEX_000007,1AU4,INP,1,COVAPIE_CYS_SG_WARHEAD_TYPE_CLASS_1D1D9C797859191F,COVAPIE_CYS_SG_REACTION_FAMILY_E02CDE030B1009B1,COVAPIE_CYS_SG_WARHEAD_RULE_1D1D9C797859191F,45befa3c1a48637e94e8d050a7e74e163c709badfb9ca413bfa2f513696984f1,0dea0d6b34b9166b98e033ab3f92c96e7004ef4fdb186702e90d20a826d5f16f,18,d77d9a2ac858f9eecc825718fde01842a2043334e533d4d1628432cb782de0a7,C32|O33|double,C32,O33,double,"[""C1"",""C12"",""C13"",""C15"",""C16"",""C17"",""C18"",""C19"",""C2"",""C20"",""C21"",""C22"",""C24"",""C26"",""C27"",""C28"",""C29"",""C3"",""C30"",""C32"",""C35"",""C36"",""C37"",""C38"",""C4"",""C40"",""C41"",""C5"",""C6"",""C7"",""C9"",""N11"",""N14"",""N23"",""N31"",""N39"",""O10"",""O25"",""O34"",""O42"",""O8""]","[""C1"",""C12"",""C13"",""C15"",""C19"",""C2"",""C20"",""C21"",""C22"",""C24"",""C26"",""C27"",""C28"",""C29"",""C3"",""C30"",""C32"",""C35"",""C36"",""C37"",""C38"",""C4"",""C40"",""C41"",""C5"",""C6"",""C7"",""C9"",""N11"",""N14"",""N23"",""N31"",""N39"",""O10"",""O25"",""O34"",""O8""]","[""C16"",""C17"",""C18"",""O42""]",[],41,1,true,true,,50cc570784860dd9e586d75bf3525186cae6698583bdcdaeed955fd6a2118f64
covapie_current11_warhead_atom_set_and_attachment_boundary_review_option_v1,98,19,CYS_SG_SAMPLE_INDEX_000007,1AU4,INP,1,COVAPIE_CYS_SG_WARHEAD_TYPE_CLASS_1D1D9C797859191F,COVAPIE_CYS_SG_REACTION_FAMILY_E02CDE030B1009B1,COVAPIE_CYS_SG_WARHEAD_RULE_1D1D9C797859191F,45befa3c1a48637e94e8d050a7e74e163c709badfb9ca413bfa2f513696984f1,0dea0d6b34b9166b98e033ab3f92c96e7004ef4fdb186702e90d20a826d5f16f,19,3f0e4a99a93defe645f40ac984a21c4c0fa5234469b8963e9efe6c8eb2d33426,C32|O34|single,C32,O34,single,"[""C1"",""C12"",""C13"",""C15"",""C16"",""C17"",""C18"",""C19"",""C2"",""C20"",""C21"",""C22"",""C24"",""C26"",""C27"",""C28"",""C29"",""C3"",""C30"",""C32"",""C4"",""C5"",""C6"",""C7"",""C9"",""N11"",""N14"",""N23"",""N31"",""O10"",""O25"",""O33"",""O42"",""O8""]","[""C1"",""C12"",""C13"",""C15"",""C19"",""C2"",""C20"",""C21"",""C22"",""C24"",""C26"",""C27"",""C28"",""C29"",""C3"",""C30"",""C32"",""C4"",""C5"",""C6"",""C7"",""C9"",""N11"",""N14"",""N23"",""N31"",""O10"",""O25"",""O33"",""O8""]","[""C16"",""C17"",""C18"",""O42""]",[],34,8,true,true,,0740de337390b24c437963669d04ce643f8d57d889c0d7af1bae9cd43b850648
covapie_current11_warhead_atom_set_and_attachment_boundary_review_option_v1,99,20,CYS_SG_SAMPLE_INDEX_000007,1AU4,INP,1,COVAPIE_CYS_SG_WARHEAD_TYPE_CLASS_1D1D9C797859191F,COVAPIE_CYS_SG_REACTION_FAMILY_E02CDE030B1009B1,COVAPIE_CYS_SG_WARHEAD_RULE_1D1D9C797859191F,45befa3c1a48637e94e8d050a7e74e163c709badfb9ca413bfa2f513696984f1,0dea0d6b34b9166b98e033ab3f92c96e7004ef4fdb186702e90d20a826d5f16f,20,4380bf2b1b5e004bb1f6706a1838fa2124e978322975762d4e1d4b9daf569319,C35|C36|single,C35,C36,single,"[""C1"",""C12"",""C13"",""C15"",""C16"",""C17"",""C18"",""C19"",""C2"",""C20"",""C21"",""C22"",""C24"",""C26"",""C27"",""C28"",""C29"",""C3"",""C30"",""C32"",""C35"",""C4"",""C5"",""C6"",""C7"",""C9"",""N11"",""N14"",""N23"",""N31"",""O10"",""O25"",""O33"",""O34"",""O42"",""O8""]","[""C1"",""C12"",""C13"",""C15"",""C19"",""C2"",""C20"",""C21"",""C22"",""C24"",""C26"",""C27"",""C28"",""C29"",""C3"",""C30"",""C32"",""C35"",""C4"",""C5"",""C6"",""C7"",""C9"",""N11"",""N14"",""N23"",""N31"",""O10"",""O25"",""O33"",""O34"",""O8""]","[""C16"",""C17"",""C18"",""O42""]",[],36,6,true,true,,fa5a17ea7909698b51b713b5563d611b94476082416f6025949d6fb3c93b5047
covapie_current11_warhead_atom_set_and_attachment_boundary_review_option_v1,100,21,CYS_SG_SAMPLE_INDEX_000007,1AU4,INP,1,COVAPIE_CYS_SG_WARHEAD_TYPE_CLASS_1D1D9C797859191F,COVAPIE_CYS_SG_REACTION_FAMILY_E02CDE030B1009B1,COVAPIE_CYS_SG_WARHEAD_RULE_1D1D9C797859191F,45befa3c1a48637e94e8d050a7e74e163c709badfb9ca413bfa2f513696984f1,0dea0d6b34b9166b98e033ab3f92c96e7004ef4fdb186702e90d20a826d5f16f,21,77916a5bcb47e7601e7f55aedc9f3477db9e62b48b53fae52451fdc7772e306a,C35|O34|single,O34,C35,single,"[""C1"",""C12"",""C13"",""C15"",""C16"",""C17"",""C18"",""C19"",""C2"",""C20"",""C21"",""C22"",""C24"",""C26"",""C27"",""C28"",""C29"",""C3"",""C30"",""C32"",""C4"",""C5"",""C6"",""C7"",""C9"",""N11"",""N14"",""N23"",""N31"",""O10"",""O25"",""O33"",""O34"",""O42"",""O8""]","[""C1"",""C12"",""C13"",""C15"",""C19"",""C2"",""C20"",""C21"",""C22"",""C24"",""C26"",""C27"",""C28"",""C29"",""C3"",""C30"",""C32"",""C4"",""C5"",""C6"",""C7"",""C9"",""N11"",""N14"",""N23"",""N31"",""O10"",""O25"",""O33"",""O34"",""O8""]","[""C16"",""C17"",""C18"",""O42""]",[],35,7,true,true,,7d51be0796aa6b5c02e61ffc6f259d1547e0294c2bcd7571dc95faecf3c2ec26
covapie_current11_warhead_atom_set_and_attachment_boundary_review_option_v1,101,22,CYS_SG_SAMPLE_INDEX_000007,1AU4,INP,1,COVAPIE_CYS_SG_WARHEAD_TYPE_CLASS_1D1D9C797859191F,COVAPIE_CYS_SG_REACTION_FAMILY_E02CDE030B1009B1,COVAPIE_CYS_SG_WARHEAD_RULE_1D1D9C797859191F,45befa3c1a48637e94e8d050a7e74e163c709badfb9ca413bfa2f513696984f1,0dea0d6b34b9166b98e033ab3f92c96e7004ef4fdb186702e90d20a826d5f16f,22,a9864d39c08dbbd0ff0d702900b40c2c863f23931e5613e2399e0e79fe3c1bae,C3|C7|single,C7,C3,single,"[""C12"",""C13"",""C15"",""C16"",""C17"",""C18"",""C19"",""C20"",""C21"",""C22"",""C24"",""C26"",""C27"",""C28"",""C29"",""C30"",""C32"",""C35"",""C36"",""C37"",""C38"",""C40"",""C41"",""C7"",""C9"",""N11"",""N14"",""N23"",""N31"",""N39"",""O10"",""O25"",""O33"",""O34"",""O42"",""O8""]","[""C12"",""C13"",""C15"",""C19"",""C20"",""C21"",""C22"",""C24"",""C26"",""C27"",""C28"",""C29"",""C30"",""C32"",""C35"",""C36"",""C37"",""C38"",""C40"",""C41"",""C7"",""C9"",""N11"",""N14"",""N23"",""N31"",""N39"",""O10"",""O25"",""O33"",""O34"",""O8""]","[""C16"",""C17"",""C18"",""O42""]",[],36,6,true,true,,b64361d7150ef5e1f2c22e27c2986db20490c283c2736a9095cf1cc1aef4c4ad
covapie_current11_warhead_atom_set_and_attachment_boundary_review_option_v1,102,23,CYS_SG_SAMPLE_INDEX_000007,1AU4,INP,1,COVAPIE_CYS_SG_WARHEAD_TYPE_CLASS_1D1D9C797859191F,COVAPIE_CYS_SG_REACTION_FAMILY_E02CDE030B1009B1,COVAPIE_CYS_SG_WARHEAD_RULE_1D1D9C797859191F,45befa3c1a48637e94e8d050a7e74e163c709badfb9ca413bfa2f513696984f1,0dea0d6b34b9166b98e033ab3f92c96e7004ef4fdb186702e90d20a826d5f16f,23,72bdee0a46b648309e9d25b99bc699b6bb513a946813b6b3b03df6c06d763770,C7|O8|single,O8,C7,single,"[""C12"",""C13"",""C15"",""C16"",""C17"",""C18"",""C19"",""C20"",""C21"",""C22"",""C24"",""C26"",""C27"",""C28"",""C29"",""C30"",""C32"",""C35"",""C36"",""C37"",""C38"",""C40"",""C41"",""C9"",""N11"",""N14"",""N23"",""N31"",""N39"",""O10"",""O25"",""O33"",""O34"",""O42"",""O8""]","[""C12"",""C13"",""C15"",""C19"",""C20"",""C21"",""C22"",""C24"",""C26"",""C27"",""C28"",""C29"",""C30"",""C32"",""C35"",""C36"",""C37"",""C38"",""C40"",""C41"",""C9"",""N11"",""N14"",""N23"",""N31"",""N39"",""O10"",""O25"",""O33"",""O34"",""O8""]","[""C16"",""C17"",""C18"",""O42""]",[],35,7,true,true,,41910f4b16d7abc099aac3ffe5de3761d0f7c4e0a21cd279e1701ee1e973b899
covapie_current11_warhead_atom_set_and_attachment_boundary_review_option_v1,103,24,CYS_SG_SAMPLE_INDEX_000007,1AU4,INP,1,COVAPIE_CYS_SG_WARHEAD_TYPE_CLASS_1D1D9C797859191F,COVAPIE_CYS_SG_REACTION_FAMILY_E02CDE030B1009B1,COVAPIE_CYS_SG_WARHEAD_RULE_1D1D9C797859191F,45befa3c1a48637e94e8d050a7e74e163c709badfb9ca413bfa2f513696984f1,0dea0d6b34b9166b98e033ab3f92c96e7004ef4fdb186702e90d20a826d5f16f,24,5f01df192b755b0f4d9de4a63df8d2fbe000db98316ff8ac3be261bf1763e765,C9|N11|single,N11,C9,single,"[""C12"",""C13"",""C15"",""C16"",""C17"",""C18"",""C19"",""C20"",""C21"",""C22"",""C24"",""C26"",""C27"",""C28"",""C29"",""C30"",""C32"",""C35"",""C36"",""C37"",""C38"",""C40"",""C41"",""N11"",""N14"",""N23"",""N31"",""N39"",""O25"",""O33"",""O34"",""O42""]","[""C12"",""C13"",""C15"",""C19"",""C20"",""C21"",""C22"",""C24"",""C26"",""C27"",""C28"",""C29"",""C30"",""C32"",""C35"",""C36"",""C37"",""C38"",""C40"",""C41"",""N11"",""N14"",""N23"",""N31"",""N39"",""O25"",""O33"",""O34""]","[""C16"",""C17"",""C18"",""O42""]",[],32,10,true,true,,e6d00d9cbefa98cb07ad64f86d390110700b667892f9e9fc830b323f5046653a
covapie_current11_warhead_atom_set_and_attachment_boundary_review_option_v1,104,25,CYS_SG_SAMPLE_INDEX_000007,1AU4,INP,1,COVAPIE_CYS_SG_WARHEAD_TYPE_CLASS_1D1D9C797859191F,COVAPIE_CYS_SG_REACTION_FAMILY_E02CDE030B1009B1,COVAPIE_CYS_SG_WARHEAD_RULE_1D1D9C797859191F,45befa3c1a48637e94e8d050a7e74e163c709badfb9ca413bfa2f513696984f1,0dea0d6b34b9166b98e033ab3f92c96e7004ef4fdb186702e90d20a826d5f16f,25,10955798cce66f6bd14083e88eefb325daf9a5244f5e1a13e8e8f0efd1ba926d,C9|O10|double,C9,O10,double,"[""C1"",""C12"",""C13"",""C15"",""C16"",""C17"",""C18"",""C19"",""C2"",""C20"",""C21"",""C22"",""C24"",""C26"",""C27"",""C28"",""C29"",""C3"",""C30"",""C32"",""C35"",""C36"",""C37"",""C38"",""C4"",""C40"",""C41"",""C5"",""C6"",""C7"",""C9"",""N11"",""N14"",""N23"",""N31"",""N39"",""O25"",""O33"",""O34"",""O42"",""O8""]","[""C1"",""C12"",""C13"",""C15"",""C19"",""C2"",""C20"",""C21"",""C22"",""C24"",""C26"",""C27"",""C28"",""C29"",""C3"",""C30"",""C32"",""C35"",""C36"",""C37"",""C38"",""C4"",""C40"",""C41"",""C5"",""C6"",""C7"",""C9"",""N11"",""N14"",""N23"",""N31"",""N39"",""O25"",""O33"",""O34"",""O8""]","[""C16"",""C17"",""C18"",""O42""]",[],41,1,true,true,,1e3b97cb4b7b7bcd2384c573a842dcadaddb8e2eb0f7427207f028c3d80316b7
covapie_current11_warhead_atom_set_and_attachment_boundary_review_option_v1,105,26,CYS_SG_SAMPLE_INDEX_000007,1AU4,INP,1,COVAPIE_CYS_SG_WARHEAD_TYPE_CLASS_1D1D9C797859191F,COVAPIE_CYS_SG_REACTION_FAMILY_E02CDE030B1009B1,COVAPIE_CYS_SG_WARHEAD_RULE_1D1D9C797859191F,45befa3c1a48637e94e8d050a7e74e163c709badfb9ca413bfa2f513696984f1,0dea0d6b34b9166b98e033ab3f92c96e7004ef4fdb186702e90d20a826d5f16f,26,3432d1a0d49a2c606cb781533fdcb9648ea4ca7d907f9d12f0fe472888a10aa2,C9|O8|single,C9,O8,single,"[""C12"",""C13"",""C15"",""C16"",""C17"",""C18"",""C19"",""C20"",""C21"",""C22"",""C24"",""C26"",""C27"",""C28"",""C29"",""C30"",""C32"",""C35"",""C36"",""C37"",""C38"",""C40"",""C41"",""C9"",""N11"",""N14"",""N23"",""N31"",""N39"",""O10"",""O25"",""O33"",""O34"",""O42""]","[""C12"",""C13"",""C15"",""C19"",""C20"",""C21"",""C22"",""C24"",""C26"",""C27"",""C28"",""C29"",""C30"",""C32"",""C35"",""C36"",""C37"",""C38"",""C40"",""C41"",""C9"",""N11"",""N14"",""N23"",""N31"",""N39"",""O10"",""O25"",""O33"",""O34""]","[""C16"",""C17"",""C18"",""O42""]",[],34,8,true,true,,f6f1b06daf98f00cf0d5bbf8ccda4fa47ce117e3b4a0b2a6100cb274f5f86b63
covapie_current11_warhead_atom_set_and_attachment_boundary_review_option_v1,106,0,CYS_SG_SAMPLE_INDEX_000008,1AYU,INA,0,COVAPIE_CYS_SG_WARHEAD_TYPE_CLASS_106441A31FA4F951,COVAPIE_CYS_SG_REACTION_FAMILY_11AA213C661B48E3,COVAPIE_CYS_SG_WARHEAD_RULE_106441A31FA4F951,621ef4df29b12a62399e50557af72d59a4198fd5ae44559002f349f81e8dbd36,d60d881c05012aae57e325d1677276fea201daecb6844700076725bec535f8f3,0,b167d6c3fbfba5070765f0dfc3124ba57d629667779dbf370eb1b858d0f21de2,C11|C12|single,C11,C12,single,"[""C1"",""C11"",""C16"",""C2"",""C21"",""C23"",""C24"",""C25"",""C26"",""C27"",""C28"",""C29"",""C3"",""C31"",""C33"",""C34"",""C35"",""C36"",""C37"",""C38"",""C4"",""C5"",""C6"",""C7"",""C9"",""N18"",""N19"",""N20"",""N40"",""N41"",""N42"",""O10"",""O17"",""O22"",""O30"",""O32"",""O39"",""O8""]","[""C1"",""C11"",""C16"",""C2"",""C23"",""C24"",""C25"",""C26"",""C27"",""C28"",""C29"",""C3"",""C31"",""C33"",""C34"",""C35"",""C36"",""C37"",""C38"",""C4"",""C5"",""C6"",""C7"",""C9"",""N18"",""N20"",""N40"",""N42"",""O10"",""O17"",""O30"",""O32"",""O39"",""O8""]","[""C21"",""N19"",""N41"",""O22""]",[],38,4,true,true,,2fd09ab04b58f140a99277e6e8ebcc6e6c682d79cc95f788c30fb8b4864ec3c6
covapie_current11_warhead_atom_set_and_attachment_boundary_review_option_v1,107,1,CYS_SG_SAMPLE_INDEX_000008,1AYU,INA,0,COVAPIE_CYS_SG_WARHEAD_TYPE_CLASS_106441A31FA4F951,COVAPIE_CYS_SG_REACTION_FAMILY_11AA213C661B48E3,COVAPIE_CYS_SG_WARHEAD_RULE_106441A31FA4F951,621ef4df29b12a62399e50557af72d59a4198fd5ae44559002f349f81e8dbd36,d60d881c05012aae57e325d1677276fea201daecb6844700076725bec535f8f3,1,8df9ccea2822b28378e86d0239c9961bfb5948ae1150a21797f5d4413ef64922,C11|C16|single,C16,C11,single,"[""C16"",""C21"",""C23"",""C24"",""C25"",""C26"",""C27"",""C28"",""C29"",""C31"",""C33"",""C34"",""C35"",""C36"",""C37"",""C38"",""N18"",""N19"",""N40"",""N41"",""N42"",""O17"",""O22"",""O30"",""O32"",""O39""]","[""C16"",""C23"",""C24"",""C25"",""C26"",""C27"",""C28"",""C29"",""C31"",""C33"",""C34"",""C35"",""C36"",""C37"",""C38"",""N18"",""N40"",""N42"",""O17"",""O30"",""O32"",""O39""]","[""C21"",""N19"",""N41"",""O22""]",[],26,16,true,true,,261e09e78bf91676b1f0137a6072fd118fdcb972fcb8ad1eee6453cdd20c550a
covapie_current11_warhead_atom_set_and_attachment_boundary_review_option_v1,108,2,CYS_SG_SAMPLE_INDEX_000008,1AYU,INA,0,COVAPIE_CYS_SG_WARHEAD_TYPE_CLASS_106441A31FA4F951,COVAPIE_CYS_SG_REACTION_FAMILY_11AA213C661B48E3,COVAPIE_CYS_SG_WARHEAD_RULE_106441A31FA4F951,621ef4df29b12a62399e50557af72d59a4198fd5ae44559002f349f81e8dbd36,d60d881c05012aae57e325d1677276fea201daecb6844700076725bec535f8f3,2,8f618bfba96e5526800e6362b21272169171890dfcf1711732647df8490f8596,C11|N20|single,C11,N20,single,"[""C11"",""C12"",""C13"",""C14"",""C15"",""C16"",""C21"",""C23"",""C24"",""C25"",""C26"",""C27"",""C28"",""C29"",""C31"",""C33"",""C34"",""C35"",""C36"",""C37"",""C38"",""N18"",""N19"",""N40"",""N41"",""N42"",""O17"",""O22"",""O30"",""O32"",""O39""]","[""C11"",""C12"",""C13"",""C14"",""C15"",""C16"",""C23"",""C24"",""C25"",""C26"",""C27"",""C28"",""C29"",""C31"",""C33"",""C34"",""C35"",""C36"",""C37"",""C38"",""N18"",""N40"",""N42"",""O17"",""O30"",""O32"",""O39""]","[""C21"",""N19"",""N41"",""O22""]",[],31,11,true,true,,abf9bc70f1af1b2c73ea35d5548783e51a04eabc763d54e5696a9304d5e4b0e1
covapie_current11_warhead_atom_set_and_attachment_boundary_review_option_v1,109,3,CYS_SG_SAMPLE_INDEX_000008,1AYU,INA,0,COVAPIE_CYS_SG_WARHEAD_TYPE_CLASS_106441A31FA4F951,COVAPIE_CYS_SG_REACTION_FAMILY_11AA213C661B48E3,COVAPIE_CYS_SG_WARHEAD_RULE_106441A31FA4F951,621ef4df29b12a62399e50557af72d59a4198fd5ae44559002f349f81e8dbd36,d60d881c05012aae57e325d1677276fea201daecb6844700076725bec535f8f3,3,41921f8f84cbfb2d6ced7dcc87364bec927dca4e3e5b975a011f97726e3c05b7,C12|C13|single,C12,C13,single,"[""C1"",""C11"",""C12"",""C16"",""C2"",""C21"",""C23"",""C24"",""C25"",""C26"",""C27"",""C28"",""C29"",""C3"",""C31"",""C33"",""C34"",""C35"",""C36"",""C37"",""C38"",""C4"",""C5"",""C6"",""C7"",""C9"",""N18"",""N19"",""N20"",""N40"",""N41"",""N42"",""O10"",""O17"",""O22"",""O30"",""O32"",""O39"",""O8""]","[""C1"",""C11"",""C12"",""C16"",""C2"",""C23"",""C24"",""C25"",""C26"",""C27"",""C28"",""C29"",""C3"",""C31"",""C33"",""C34"",""C35"",""C36"",""C37"",""C38"",""C4"",""C5"",""C6"",""C7"",""C9"",""N18"",""N20"",""N40"",""N42"",""O10"",""O17"",""O30"",""O32"",""O39"",""O8""]","[""C21"",""N19"",""N41"",""O22""]",[],39,3,true,true,,e7fad1f260b6000d5ff1e6f4aa3f4fd8506e26761c36336632b88e6805b8b784
covapie_current11_warhead_atom_set_and_attachment_boundary_review_option_v1,110,4,CYS_SG_SAMPLE_INDEX_000008,1AYU,INA,0,COVAPIE_CYS_SG_WARHEAD_TYPE_CLASS_106441A31FA4F951,COVAPIE_CYS_SG_REACTION_FAMILY_11AA213C661B48E3,COVAPIE_CYS_SG_WARHEAD_RULE_106441A31FA4F951,621ef4df29b12a62399e50557af72d59a4198fd5ae44559002f349f81e8dbd36,d60d881c05012aae57e325d1677276fea201daecb6844700076725bec535f8f3,4,304235c8824f62aed7489e05a92aff1269564b0640c0a301d7b09a5fa49e54f7,C13|C14|single,C13,C14,single,"[""C1"",""C11"",""C12"",""C13"",""C15"",""C16"",""C2"",""C21"",""C23"",""C24"",""C25"",""C26"",""C27"",""C28"",""C29"",""C3"",""C31"",""C33"",""C34"",""C35"",""C36"",""C37"",""C38"",""C4"",""C5"",""C6"",""C7"",""C9"",""N18"",""N19"",""N20"",""N40"",""N41"",""N42"",""O10"",""O17"",""O22"",""O30"",""O32"",""O39"",""O8""]","[""C1"",""C11"",""C12"",""C13"",""C15"",""C16"",""C2"",""C23"",""C24"",""C25"",""C26"",""C27"",""C28"",""C29"",""C3"",""C31"",""C33"",""C34"",""C35"",""C36"",""C37"",""C38"",""C4"",""C5"",""C6"",""C7"",""C9"",""N18"",""N20"",""N40"",""N42"",""O10"",""O17"",""O30"",""O32"",""O39"",""O8""]","[""C21"",""N19"",""N41"",""O22""]",[],41,1,true,true,,b5a05340c004510e44f37635cfb1fd5ad23f9919566d426db981e579e91fc5f8
covapie_current11_warhead_atom_set_and_attachment_boundary_review_option_v1,111,5,CYS_SG_SAMPLE_INDEX_000008,1AYU,INA,0,COVAPIE_CYS_SG_WARHEAD_TYPE_CLASS_106441A31FA4F951,COVAPIE_CYS_SG_REACTION_FAMILY_11AA213C661B48E3,COVAPIE_CYS_SG_WARHEAD_RULE_106441A31FA4F951,621ef4df29b12a62399e50557af72d59a4198fd5ae44559002f349f81e8dbd36,d60d881c05012aae57e325d1677276fea201daecb6844700076725bec535f8f3,5,86bc4be2694fdd4753555e2b8b2d999ca9c10ca4b370d97dc80fc47f32039085,C13|C15|single,C13,C15,single,"[""C1"",""C11"",""C12"",""C13"",""C14"",""C16"",""C2"",""C21"",""C23"",""C24"",""C25"",""C26"",""C27"",""C28"",""C29"",""C3"",""C31"",""C33"",""C34"",""C35"",""C36"",""C37"",""C38"",""C4"",""C5"",""C6"",""C7"",""C9"",""N18"",""N19"",""N20"",""N40"",""N41"",""N42"",""O10"",""O17"",""O22"",""O30"",""O32"",""O39"",""O8""]","[""C1"",""C11"",""C12"",""C13"",""C14"",""C16"",""C2"",""C23"",""C24"",""C25"",""C26"",""C27"",""C28"",""C29"",""C3"",""C31"",""C33"",""C34"",""C35"",""C36"",""C37"",""C38"",""C4"",""C5"",""C6"",""C7"",""C9"",""N18"",""N20"",""N40"",""N42"",""O10"",""O17"",""O30"",""O32"",""O39"",""O8""]","[""C21"",""N19"",""N41"",""O22""]",[],41,1,true,true,,8ba2a9d80c4c73a09a7931efcc8fb299e22dc64911549acba6cf0dc4605e9a1b
covapie_current11_warhead_atom_set_and_attachment_boundary_review_option_v1,112,6,CYS_SG_SAMPLE_INDEX_000008,1AYU,INA,0,COVAPIE_CYS_SG_WARHEAD_TYPE_CLASS_106441A31FA4F951,COVAPIE_CYS_SG_REACTION_FAMILY_11AA213C661B48E3,COVAPIE_CYS_SG_WARHEAD_RULE_106441A31FA4F951,621ef4df29b12a62399e50557af72d59a4198fd5ae44559002f349f81e8dbd36,d60d881c05012aae57e325d1677276fea201daecb6844700076725bec535f8f3,6,1f8477f1add72053b175a71a069fba0983523237ffa121804553bd7a8cd0a36c,C16|N18|single,N18,C16,single,"[""C21"",""C23"",""C24"",""C25"",""C26"",""C27"",""C28"",""C29"",""C31"",""C33"",""C34"",""C35"",""C36"",""C37"",""C38"",""N18"",""N19"",""N40"",""N41"",""N42"",""O22"",""O30"",""O32"",""O39""]","[""C23"",""C24"",""C25"",""C26"",""C27"",""C28"",""C29"",""C31"",""C33"",""C34"",""C35"",""C36"",""C37"",""C38"",""N18"",""N40"",""N42"",""O30"",""O32"",""O39""]","[""C21"",""N19"",""N41"",""O22""]",[],24,18,true,true,,03d25cd839773eb1131dcde475e37734d6274e0f7437fb359913e4289893cf2a
covapie_current11_warhead_atom_set_and_attachment_boundary_review_option_v1,113,7,CYS_SG_SAMPLE_INDEX_000008,1AYU,INA,0,COVAPIE_CYS_SG_WARHEAD_TYPE_CLASS_106441A31FA4F951,COVAPIE_CYS_SG_REACTION_FAMILY_11AA213C661B48E3,COVAPIE_CYS_SG_WARHEAD_RULE_106441A31FA4F951,621ef4df29b12a62399e50557af72d59a4198fd5ae44559002f349f81e8dbd36,d60d881c05012aae57e325d1677276fea201daecb6844700076725bec535f8f3,7,13b0118514567fab4e72a4bdf01df1716209be744b3d4676eb8ca472d9ba20cf,C16|O17|double,C16,O17,double,"[""C1"",""C11"",""C12"",""C13"",""C14"",""C15"",""C16"",""C2"",""C21"",""C23"",""C24"",""C25"",""C26"",""C27"",""C28"",""C29"",""C3"",""C31"",""C33"",""C34"",""C35"",""C36"",""C37"",""C38"",""C4"",""C5"",""C6"",""C7"",""C9"",""N18"",""N19"",""N20"",""N40"",""N41"",""N42"",""O10"",""O22"",""O30"",""O32"",""O39"",""O8""]","[""C1"",""C11"",""C12"",""C13"",""C14"",""C15"",""C16"",""C2"",""C23"",""C24"",""C25"",""C26"",""C27"",""C28"",""C29"",""C3"",""C31"",""C33"",""C34"",""C35"",""C36"",""C37"",""C38"",""C4"",""C5"",""C6"",""C7"",""C9"",""N18"",""N20"",""N40"",""N42"",""O10"",""O30"",""O32"",""O39"",""O8""]","[""C21"",""N19"",""N41"",""O22""]",[],41,1,true,true,,58e1a7b85ac35985bbc669597f9c1fabfe094741ecf942e09ef1ad7038fc5658
covapie_current11_warhead_atom_set_and_attachment_boundary_review_option_v1,114,8,CYS_SG_SAMPLE_INDEX_000008,1AYU,INA,0,COVAPIE_CYS_SG_WARHEAD_TYPE_CLASS_106441A31FA4F951,COVAPIE_CYS_SG_REACTION_FAMILY_11AA213C661B48E3,COVAPIE_CYS_SG_WARHEAD_RULE_106441A31FA4F951,621ef4df29b12a62399e50557af72d59a4198fd5ae44559002f349f81e8dbd36,d60d881c05012aae57e325d1677276fea201daecb6844700076725bec535f8f3,8,0dac8a21ccd3fbb8c0a13ccff283f14c9e10e614092c0e45106f753934dcc055,C21|N19|single,C21,N19,single,"[""C21"",""C23"",""C24"",""C25"",""C26"",""C27"",""C28"",""C29"",""C31"",""C33"",""C34"",""C35"",""C36"",""C37"",""C38"",""N40"",""N41"",""N42"",""O22"",""O30"",""O32"",""O39""]","[""C23"",""C24"",""C25"",""C26"",""C27"",""C28"",""C29"",""C31"",""C33"",""C34"",""C35"",""C36"",""C37"",""C38"",""N40"",""N42"",""O30"",""O32"",""O39""]","[""C21"",""N19"",""N41"",""O22""]",[],22,20,false,false,candidate_missing_local_reaction_center,37eddb4367f25ed6351c3768051bd5a004b8e92dc855001bef6c39bef855aacf
covapie_current11_warhead_atom_set_and_attachment_boundary_review_option_v1,115,9,CYS_SG_SAMPLE_INDEX_000008,1AYU,INA,0,COVAPIE_CYS_SG_WARHEAD_TYPE_CLASS_106441A31FA4F951,COVAPIE_CYS_SG_REACTION_FAMILY_11AA213C661B48E3,COVAPIE_CYS_SG_WARHEAD_RULE_106441A31FA4F951,621ef4df29b12a62399e50557af72d59a4198fd5ae44559002f349f81e8dbd36,d60d881c05012aae57e325d1677276fea201daecb6844700076725bec535f8f3,9,4251770c50012e50090d6499c9b6039b0e290a7eb8c82b92dd49e5465f35b6e9,C21|N41|single,C21,N41,single,"[""C1"",""C11"",""C12"",""C13"",""C14"",""C15"",""C16"",""C2"",""C21"",""C3"",""C4"",""C5"",""C6"",""C7"",""C9"",""N18"",""N19"",""N20"",""O10"",""O17"",""O22"",""O8""]","[""C1"",""C11"",""C12"",""C13"",""C14"",""C15"",""C16"",""C2"",""C3"",""C4"",""C5"",""C6"",""C7"",""C9"",""N18"",""N20"",""O10"",""O17"",""O8""]","[""C21"",""N19"",""N41"",""O22""]",[],22,20,false,false,candidate_missing_local_reaction_center,f9b344c8aa6bc059ab2f153e98bca7bda94e302819f5d89ace12332c8053a312
covapie_current11_warhead_atom_set_and_attachment_boundary_review_option_v1,116,10,CYS_SG_SAMPLE_INDEX_000008,1AYU,INA,0,COVAPIE_CYS_SG_WARHEAD_TYPE_CLASS_106441A31FA4F951,COVAPIE_CYS_SG_REACTION_FAMILY_11AA213C661B48E3,COVAPIE_CYS_SG_WARHEAD_RULE_106441A31FA4F951,621ef4df29b12a62399e50557af72d59a4198fd5ae44559002f349f81e8dbd36,d60d881c05012aae57e325d1677276fea201daecb6844700076725bec535f8f3,10,02c337cd00bbdace7093be74caeeacab0470a76ed83e0694d183bb53ec277499,C21|O22|double,C21,O22,double,"[""C1"",""C11"",""C12"",""C13"",""C14"",""C15"",""C16"",""C2"",""C21"",""C23"",""C24"",""C25"",""C26"",""C27"",""C28"",""C29"",""C3"",""C31"",""C33"",""C34"",""C35"",""C36"",""C37"",""C38"",""C4"",""C5"",""C6"",""C7"",""C9"",""N18"",""N19"",""N20"",""N40"",""N41"",""N42"",""O10"",""O17"",""O30"",""O32"",""O39"",""O8""]","[""C1"",""C11"",""C12"",""C13"",""C14"",""C15"",""C16"",""C2"",""C23"",""C24"",""C25"",""C26"",""C27"",""C28"",""C29"",""C3"",""C31"",""C33"",""C34"",""C35"",""C36"",""C37"",""C38"",""C4"",""C5"",""C6"",""C7"",""C9"",""N18"",""N20"",""N40"",""N42"",""O10"",""O17"",""O30"",""O32"",""O39"",""O8""]","[""C21"",""N19"",""N41"",""O22""]",[],41,1,false,false,candidate_missing_local_reaction_center,7ab8bbf329874984bc1c2188f0839ad7d4e6592f28e054109da7ce8927e8b27d
covapie_current11_warhead_atom_set_and_attachment_boundary_review_option_v1,117,11,CYS_SG_SAMPLE_INDEX_000008,1AYU,INA,0,COVAPIE_CYS_SG_WARHEAD_TYPE_CLASS_106441A31FA4F951,COVAPIE_CYS_SG_REACTION_FAMILY_11AA213C661B48E3,COVAPIE_CYS_SG_WARHEAD_RULE_106441A31FA4F951,621ef4df29b12a62399e50557af72d59a4198fd5ae44559002f349f81e8dbd36,d60d881c05012aae57e325d1677276fea201daecb6844700076725bec535f8f3,11,c0de115448dc439a59869101b6d540d5e505e5eb915dbb047db0395b67e8fc6d,C26|C29|single,C29,C26,single,"[""C1"",""C11"",""C12"",""C13"",""C14"",""C15"",""C16"",""C2"",""C21"",""C29"",""C3"",""C31"",""C33"",""C34"",""C35"",""C36"",""C37"",""C38"",""C4"",""C5"",""C6"",""C7"",""C9"",""N18"",""N19"",""N20"",""N40"",""N41"",""N42"",""O10"",""O17"",""O22"",""O30"",""O32"",""O39"",""O8""]","[""C1"",""C11"",""C12"",""C13"",""C14"",""C15"",""C16"",""C2"",""C29"",""C3"",""C31"",""C33"",""C34"",""C35"",""C36"",""C37"",""C38"",""C4"",""C5"",""C6"",""C7"",""C9"",""N18"",""N20"",""N40"",""N42"",""O10"",""O17"",""O30"",""O32"",""O39"",""O8""]","[""C21"",""N19"",""N41"",""O22""]",[],36,6,true,true,,14a86981c0914b464fe7fefe5d9acc08353f196917e9345aa9152d89c3b968f1
covapie_current11_warhead_atom_set_and_attachment_boundary_review_option_v1,118,12,CYS_SG_SAMPLE_INDEX_000008,1AYU,INA,0,COVAPIE_CYS_SG_WARHEAD_TYPE_CLASS_106441A31FA4F951,COVAPIE_CYS_SG_REACTION_FAMILY_11AA213C661B48E3,COVAPIE_CYS_SG_WARHEAD_RULE_106441A31FA4F951,621ef4df29b12a62399e50557af72d59a4198fd5ae44559002f349f81e8dbd36,d60d881c05012aae57e325d1677276fea201daecb6844700076725bec535f8f3,12,24cf5ed490885138226a4ee417464ef1b0d57a9ed05a56125dbc09dbfc69b6d1,C29|O30|single,O30,C29,single,"[""C1"",""C11"",""C12"",""C13"",""C14"",""C15"",""C16"",""C2"",""C21"",""C3"",""C31"",""C33"",""C34"",""C35"",""C36"",""C37"",""C38"",""C4"",""C5"",""C6"",""C7"",""C9"",""N18"",""N19"",""N20"",""N40"",""N41"",""N42"",""O10"",""O17"",""O22"",""O30"",""O32"",""O39"",""O8""]","[""C1"",""C11"",""C12"",""C13"",""C14"",""C15"",""C16"",""C2"",""C3"",""C31"",""C33"",""C34"",""C35"",""C36"",""C37"",""C38"",""C4"",""C5"",""C6"",""C7"",""C9"",""N18"",""N20"",""N40"",""N42"",""O10"",""O17"",""O30"",""O32"",""O39"",""O8""]","[""C21"",""N19"",""N41"",""O22""]",[],35,7,true,true,,259f0c02d60913deb0415332b068404136066127b98db7af0a8f720887454fe7
covapie_current11_warhead_atom_set_and_attachment_boundary_review_option_v1,119,13,CYS_SG_SAMPLE_INDEX_000008,1AYU,INA,0,COVAPIE_CYS_SG_WARHEAD_TYPE_CLASS_106441A31FA4F951,COVAPIE_CYS_SG_REACTION_FAMILY_11AA213C661B48E3,COVAPIE_CYS_SG_WARHEAD_RULE_106441A31FA4F951,621ef4df29b12a62399e50557af72d59a4198fd5ae44559002f349f81e8dbd36,d60d881c05012aae57e325d1677276fea201daecb6844700076725bec535f8f3,13,f389e5afaa197d57015544e8f80695162d270405af18464a46df7534f0991f6d,C31|N42|single,N42,C31,single,"[""C1"",""C11"",""C12"",""C13"",""C14"",""C15"",""C16"",""C2"",""C21"",""C3"",""C33"",""C34"",""C35"",""C36"",""C37"",""C38"",""C4"",""C5"",""C6"",""C7"",""C9"",""N18"",""N19"",""N20"",""N40"",""N41"",""N42"",""O10"",""O17"",""O22"",""O39"",""O8""]","[""C1"",""C11"",""C12"",""C13"",""C14"",""C15"",""C16"",""C2"",""C3"",""C33"",""C34"",""C35"",""C36"",""C37"",""C38"",""C4"",""C5"",""C6"",""C7"",""C9"",""N18"",""N20"",""N40"",""N42"",""O10"",""O17"",""O39"",""O8""]","[""C21"",""N19"",""N41"",""O22""]",[],32,10,true,true,,91d9f39bccc1af0cb73f3d7c5da4d12704a397ab6253003873dc4f60ec21adbf
covapie_current11_warhead_atom_set_and_attachment_boundary_review_option_v1,120,14,CYS_SG_SAMPLE_INDEX_000008,1AYU,INA,0,COVAPIE_CYS_SG_WARHEAD_TYPE_CLASS_106441A31FA4F951,COVAPIE_CYS_SG_REACTION_FAMILY_11AA213C661B48E3,COVAPIE_CYS_SG_WARHEAD_RULE_106441A31FA4F951,621ef4df29b12a62399e50557af72d59a4198fd5ae44559002f349f81e8dbd36,d60d881c05012aae57e325d1677276fea201daecb6844700076725bec535f8f3,14,9026f568feb932848cac121382dfcc060c37e40bfe58b46c46742686dbc5fe85,C31|O30|single,C31,O30,single,"[""C1"",""C11"",""C12"",""C13"",""C14"",""C15"",""C16"",""C2"",""C21"",""C3"",""C31"",""C33"",""C34"",""C35"",""C36"",""C37"",""C38"",""C4"",""C5"",""C6"",""C7"",""C9"",""N18"",""N19"",""N20"",""N40"",""N41"",""N42"",""O10"",""O17"",""O22"",""O32"",""O39"",""O8""]","[""C1"",""C11"",""C12"",""C13"",""C14"",""C15"",""C16"",""C2"",""C3"",""C31"",""C33"",""C34"",""C35"",""C36"",""C37"",""C38"",""C4"",""C5"",""C6"",""C7"",""C9"",""N18"",""N20"",""N40"",""N42"",""O10"",""O17"",""O32"",""O39"",""O8""]","[""C21"",""N19"",""N41"",""O22""]",[],34,8,true,true,,60112ff4f9768e144314afed1c139423c01095ce23c10d4f24b5e669c5bd26bd
covapie_current11_warhead_atom_set_and_attachment_boundary_review_option_v1,121,15,CYS_SG_SAMPLE_INDEX_000008,1AYU,INA,0,COVAPIE_CYS_SG_WARHEAD_TYPE_CLASS_106441A31FA4F951,COVAPIE_CYS_SG_REACTION_FAMILY_11AA213C661B48E3,COVAPIE_CYS_SG_WARHEAD_RULE_106441A31FA4F951,621ef4df29b12a62399e50557af72d59a4198fd5ae44559002f349f81e8dbd36,d60d881c05012aae57e325d1677276fea201daecb6844700076725bec535f8f3,15,9fb7f0f2f6d521def48683a751da0b10f537407a8b0718b1292f28f4941d80ed,C31|O32|double,C31,O32,double,"[""C1"",""C11"",""C12"",""C13"",""C14"",""C15"",""C16"",""C2"",""C21"",""C23"",""C24"",""C25"",""C26"",""C27"",""C28"",""C29"",""C3"",""C31"",""C33"",""C34"",""C35"",""C36"",""C37"",""C38"",""C4"",""C5"",""C6"",""C7"",""C9"",""N18"",""N19"",""N20"",""N40"",""N41"",""N42"",""O10"",""O17"",""O22"",""O30"",""O39"",""O8""]","[""C1"",""C11"",""C12"",""C13"",""C14"",""C15"",""C16"",""C2"",""C23"",""C24"",""C25"",""C26"",""C27"",""C28"",""C29"",""C3"",""C31"",""C33"",""C34"",""C35"",""C36"",""C37"",""C38"",""C4"",""C5"",""C6"",""C7"",""C9"",""N18"",""N20"",""N40"",""N42"",""O10"",""O17"",""O30"",""O39"",""O8""]","[""C21"",""N19"",""N41"",""O22""]",[],41,1,true,true,,71b5d09d0e1b9a6810717e92973e4ce7743c686a5fbe64fa10b1e3f776fd0cf1
covapie_current11_warhead_atom_set_and_attachment_boundary_review_option_v1,122,16,CYS_SG_SAMPLE_INDEX_000008,1AYU,INA,0,COVAPIE_CYS_SG_WARHEAD_TYPE_CLASS_106441A31FA4F951,COVAPIE_CYS_SG_REACTION_FAMILY_11AA213C661B48E3,COVAPIE_CYS_SG_WARHEAD_RULE_106441A31FA4F951,621ef4df29b12a62399e50557af72d59a4198fd5ae44559002f349f81e8dbd36,d60d881c05012aae57e325d1677276fea201daecb6844700076725bec535f8f3,16,77c03fbe9d7427ff740adedfd83c5a3123354d403219a7cae75f6f8574b727fa,C33|C34|single,C33,C34,single,"[""C1"",""C11"",""C12"",""C13"",""C14"",""C15"",""C16"",""C2"",""C21"",""C23"",""C24"",""C25"",""C26"",""C27"",""C28"",""C29"",""C3"",""C31"",""C33"",""C38"",""C4"",""C5"",""C6"",""C7"",""C9"",""N18"",""N19"",""N20"",""N40"",""N41"",""N42"",""O10"",""O17"",""O22"",""O30"",""O32"",""O39"",""O8""]","[""C1"",""C11"",""C12"",""C13"",""C14"",""C15"",""C16"",""C2"",""C23"",""C24"",""C25"",""C26"",""C27"",""C28"",""C29"",""C3"",""C31"",""C33"",""C38"",""C4"",""C5"",""C6"",""C7"",""C9"",""N18"",""N20"",""N40"",""N42"",""O10"",""O17"",""O30"",""O32"",""O39"",""O8""]","[""C21"",""N19"",""N41"",""O22""]",[],38,4,true,true,,9ab7c1c9bc4f62da740103f762a709a61a980de7c483ebdc0b1f48e957a7b7ea
covapie_current11_warhead_atom_set_and_attachment_boundary_review_option_v1,123,17,CYS_SG_SAMPLE_INDEX_000008,1AYU,INA,0,COVAPIE_CYS_SG_WARHEAD_TYPE_CLASS_106441A31FA4F951,COVAPIE_CYS_SG_REACTION_FAMILY_11AA213C661B48E3,COVAPIE_CYS_SG_WARHEAD_RULE_106441A31FA4F951,621ef4df29b12a62399e50557af72d59a4198fd5ae44559002f349f81e8dbd36,d60d881c05012aae57e325d1677276fea201daecb6844700076725bec535f8f3,17,bc6d6c764e3fa5f27f9407b93f4a9b21cfe246c49bfafe0a0a1796a61837a684,C33|C38|single,C38,C33,single,"[""C1"",""C11"",""C12"",""C13"",""C14"",""C15"",""C16"",""C2"",""C21"",""C3"",""C38"",""C4"",""C5"",""C6"",""C7"",""C9"",""N18"",""N19"",""N20"",""N40"",""N41"",""O10"",""O17"",""O22"",""O39"",""O8""]","[""C1"",""C11"",""C12"",""C13"",""C14"",""C15"",""C16"",""C2"",""C3"",""C38"",""C4"",""C5"",""C6"",""C7"",""C9"",""N18"",""N20"",""N40"",""O10"",""O17"",""O39"",""O8""]","[""C21"",""N19"",""N41"",""O22""]",[],26,16,true,true,,ada3e39b88bb68bb1e880a4c8d3ce940f711329b117d5cc5899b0e0b3df5de2d
covapie_current11_warhead_atom_set_and_attachment_boundary_review_option_v1,124,18,CYS_SG_SAMPLE_INDEX_000008,1AYU,INA,0,COVAPIE_CYS_SG_WARHEAD_TYPE_CLASS_106441A31FA4F951,COVAPIE_CYS_SG_REACTION_FAMILY_11AA213C661B48E3,COVAPIE_CYS_SG_WARHEAD_RULE_106441A31FA4F951,621ef4df29b12a62399e50557af72d59a4198fd5ae44559002f349f81e8dbd36,d60d881c05012aae57e325d1677276fea201daecb6844700076725bec535f8f3,18,57db8a85acbf32deeda131897feb301b94ea00de82e9967233e3e2efa46a6376,C33|N42|single,C33,N42,single,"[""C1"",""C11"",""C12"",""C13"",""C14"",""C15"",""C16"",""C2"",""C21"",""C3"",""C33"",""C34"",""C35"",""C36"",""C37"",""C38"",""C4"",""C5"",""C6"",""C7"",""C9"",""N18"",""N19"",""N20"",""N40"",""N41"",""O10"",""O17"",""O22"",""O39"",""O8""]","[""C1"",""C11"",""C12"",""C13"",""C14"",""C15"",""C16"",""C2"",""C3"",""C33"",""C34"",""C35"",""C36"",""C37"",""C38"",""C4"",""C5"",""C6"",""C7"",""C9"",""N18"",""N20"",""N40"",""O10"",""O17"",""O39"",""O8""]","[""C21"",""N19"",""N41"",""O22""]",[],31,11,true,true,,834e10c2166d4827010005f5eb67d02a4ce96a4eea164b6fd997bcb2ba7f0729
covapie_current11_warhead_atom_set_and_attachment_boundary_review_option_v1,125,19,CYS_SG_SAMPLE_INDEX_000008,1AYU,INA,0,COVAPIE_CYS_SG_WARHEAD_TYPE_CLASS_106441A31FA4F951,COVAPIE_CYS_SG_REACTION_FAMILY_11AA213C661B48E3,COVAPIE_CYS_SG_WARHEAD_RULE_106441A31FA4F951,621ef4df29b12a62399e50557af72d59a4198fd5ae44559002f349f81e8dbd36,d60d881c05012aae57e325d1677276fea201daecb6844700076725bec535f8f3,19,90626254fc519e9c7dcf8a64da56ed4a696bbe162a366d2c0753d15a3e451891,C34|C35|single,C34,C35,single,"[""C1"",""C11"",""C12"",""C13"",""C14"",""C15"",""C16"",""C2"",""C21"",""C23"",""C24"",""C25"",""C26"",""C27"",""C28"",""C29"",""C3"",""C31"",""C33"",""C34"",""C38"",""C4"",""C5"",""C6"",""C7"",""C9"",""N18"",""N19"",""N20"",""N40"",""N41"",""N42"",""O10"",""O17"",""O22"",""O30"",""O32"",""O39"",""O8""]","[""C1"",""C11"",""C12"",""C13"",""C14"",""C15"",""C16"",""C2"",""C23"",""C24"",""C25"",""C26"",""C27"",""C28"",""C29"",""C3"",""C31"",""C33"",""C34"",""C38"",""C4"",""C5"",""C6"",""C7"",""C9"",""N18"",""N20"",""N40"",""N42"",""O10"",""O17"",""O30"",""O32"",""O39"",""O8""]","[""C21"",""N19"",""N41"",""O22""]",[],39,3,true,true,,0c15b1d389960b9d467cdd9a8d20a7bb93a4c4f84d2c80731453ef6baf2167cf
covapie_current11_warhead_atom_set_and_attachment_boundary_review_option_v1,126,20,CYS_SG_SAMPLE_INDEX_000008,1AYU,INA,0,COVAPIE_CYS_SG_WARHEAD_TYPE_CLASS_106441A31FA4F951,COVAPIE_CYS_SG_REACTION_FAMILY_11AA213C661B48E3,COVAPIE_CYS_SG_WARHEAD_RULE_106441A31FA4F951,621ef4df29b12a62399e50557af72d59a4198fd5ae44559002f349f81e8dbd36,d60d881c05012aae57e325d1677276fea201daecb6844700076725bec535f8f3,20,a8dbe1da70a40d2d29fa8e2e8e188c22b2ba54cd23066d14d3ff7538d259cd86,C35|C36|single,C35,C36,single,"[""C1"",""C11"",""C12"",""C13"",""C14"",""C15"",""C16"",""C2"",""C21"",""C23"",""C24"",""C25"",""C26"",""C27"",""C28"",""C29"",""C3"",""C31"",""C33"",""C34"",""C35"",""C37"",""C38"",""C4"",""C5"",""C6"",""C7"",""C9"",""N18"",""N19"",""N20"",""N40"",""N41"",""N42"",""O10"",""O17"",""O22"",""O30"",""O32"",""O39"",""O8""]","[""C1"",""C11"",""C12"",""C13"",""C14"",""C15"",""C16"",""C2"",""C23"",""C24"",""C25"",""C26"",""C27"",""C28"",""C29"",""C3"",""C31"",""C33"",""C34"",""C35"",""C37"",""C38"",""C4"",""C5"",""C6"",""C7"",""C9"",""N18"",""N20"",""N40"",""N42"",""O10"",""O17"",""O30"",""O32"",""O39"",""O8""]","[""C21"",""N19"",""N41"",""O22""]",[],41,1,true,true,,ef83ebe7c0a8ddf5bec2ab487c1f7e0d5bc2cda9c0d698549a64c3f81087cbd6
covapie_current11_warhead_atom_set_and_attachment_boundary_review_option_v1,127,21,CYS_SG_SAMPLE_INDEX_000008,1AYU,INA,0,COVAPIE_CYS_SG_WARHEAD_TYPE_CLASS_106441A31FA4F951,COVAPIE_CYS_SG_REACTION_FAMILY_11AA213C661B48E3,COVAPIE_CYS_SG_WARHEAD_RULE_106441A31FA4F951,621ef4df29b12a62399e50557af72d59a4198fd5ae44559002f349f81e8dbd36,d60d881c05012aae57e325d1677276fea201daecb6844700076725bec535f8f3,21,683da391e375bae6116c7c6a12719f94f4dedc8d3b13712872c612477a91f86b,C35|C37|single,C35,C37,single,"[""C1"",""C11"",""C12"",""C13"",""C14"",""C15"",""C16"",""C2"",""C21"",""C23"",""C24"",""C25"",""C26"",""C27"",""C28"",""C29"",""C3"",""C31"",""C33"",""C34"",""C35"",""C36"",""C38"",""C4"",""C5"",""C6"",""C7"",""C9"",""N18"",""N19"",""N20"",""N40"",""N41"",""N42"",""O10"",""O17"",""O22"",""O30"",""O32"",""O39"",""O8""]","[""C1"",""C11"",""C12"",""C13"",""C14"",""C15"",""C16"",""C2"",""C23"",""C24"",""C25"",""C26"",""C27"",""C28"",""C29"",""C3"",""C31"",""C33"",""C34"",""C35"",""C36"",""C38"",""C4"",""C5"",""C6"",""C7"",""C9"",""N18"",""N20"",""N40"",""N42"",""O10"",""O17"",""O30"",""O32"",""O39"",""O8""]","[""C21"",""N19"",""N41"",""O22""]",[],41,1,true,true,,eb169c105b91d5c6630c7dc52769116d63a169812d4d0fe44d27665ad0c39c3f
covapie_current11_warhead_atom_set_and_attachment_boundary_review_option_v1,128,22,CYS_SG_SAMPLE_INDEX_000008,1AYU,INA,0,COVAPIE_CYS_SG_WARHEAD_TYPE_CLASS_106441A31FA4F951,COVAPIE_CYS_SG_REACTION_FAMILY_11AA213C661B48E3,COVAPIE_CYS_SG_WARHEAD_RULE_106441A31FA4F951,621ef4df29b12a62399e50557af72d59a4198fd5ae44559002f349f81e8dbd36,d60d881c05012aae57e325d1677276fea201daecb6844700076725bec535f8f3,22,aa48a6752238eb63d11a653b407ba3a4d58003ec3c6d6d9ea8dbd23866865532,C38|N40|single,N40,C38,single,"[""C1"",""C11"",""C12"",""C13"",""C14"",""C15"",""C16"",""C2"",""C21"",""C3"",""C4"",""C5"",""C6"",""C7"",""C9"",""N18"",""N19"",""N20"",""N40"",""N41"",""O10"",""O17"",""O22"",""O8""]","[""C1"",""C11"",""C12"",""C13"",""C14"",""C15"",""C16"",""C2"",""C3"",""C4"",""C5"",""C6"",""C7"",""C9"",""N18"",""N20"",""N40"",""O10"",""O17"",""O8""]","[""C21"",""N19"",""N41"",""O22""]",[],24,18,true,true,,789b621d000eff73fe6209aa0d98984ccb0abf0891aeb93771b2315f4e49d207
covapie_current11_warhead_atom_set_and_attachment_boundary_review_option_v1,129,23,CYS_SG_SAMPLE_INDEX_000008,1AYU,INA,0,COVAPIE_CYS_SG_WARHEAD_TYPE_CLASS_106441A31FA4F951,COVAPIE_CYS_SG_REACTION_FAMILY_11AA213C661B48E3,COVAPIE_CYS_SG_WARHEAD_RULE_106441A31FA4F951,621ef4df29b12a62399e50557af72d59a4198fd5ae44559002f349f81e8dbd36,d60d881c05012aae57e325d1677276fea201daecb6844700076725bec535f8f3,23,c1946b258b60cc9150c8ad8dd8ea50782f35a8d8da8a1cffe6019573b07d0df4,C38|O39|double,C38,O39,double,"[""C1"",""C11"",""C12"",""C13"",""C14"",""C15"",""C16"",""C2"",""C21"",""C23"",""C24"",""C25"",""C26"",""C27"",""C28"",""C29"",""C3"",""C31"",""C33"",""C34"",""C35"",""C36"",""C37"",""C38"",""C4"",""C5"",""C6"",""C7"",""C9"",""N18"",""N19"",""N20"",""N40"",""N41"",""N42"",""O10"",""O17"",""O22"",""O30"",""O32"",""O8""]","[""C1"",""C11"",""C12"",""C13"",""C14"",""C15"",""C16"",""C2"",""C23"",""C24"",""C25"",""C26"",""C27"",""C28"",""C29"",""C3"",""C31"",""C33"",""C34"",""C35"",""C36"",""C37"",""C38"",""C4"",""C5"",""C6"",""C7"",""C9"",""N18"",""N20"",""N40"",""N42"",""O10"",""O17"",""O30"",""O32"",""O8""]","[""C21"",""N19"",""N41"",""O22""]",[],41,1,true,true,,6ebf856af47f801dce82604e913ceac7a25ae10812d4c3a5462d1dd5d8089689
covapie_current11_warhead_atom_set_and_attachment_boundary_review_option_v1,130,24,CYS_SG_SAMPLE_INDEX_000008,1AYU,INA,0,COVAPIE_CYS_SG_WARHEAD_TYPE_CLASS_106441A31FA4F951,COVAPIE_CYS_SG_REACTION_FAMILY_11AA213C661B48E3,COVAPIE_CYS_SG_WARHEAD_RULE_106441A31FA4F951,621ef4df29b12a62399e50557af72d59a4198fd5ae44559002f349f81e8dbd36,d60d881c05012aae57e325d1677276fea201daecb6844700076725bec535f8f3,24,071996f04dd2842292559d2291149fbee5617083c20645e4669e7d8fa9889e23,C4|C7|single,C7,C4,single,"[""C11"",""C12"",""C13"",""C14"",""C15"",""C16"",""C21"",""C23"",""C24"",""C25"",""C26"",""C27"",""C28"",""C29"",""C31"",""C33"",""C34"",""C35"",""C36"",""C37"",""C38"",""C7"",""C9"",""N18"",""N19"",""N20"",""N40"",""N41"",""N42"",""O10"",""O17"",""O22"",""O30"",""O32"",""O39"",""O8""]","[""C11"",""C12"",""C13"",""C14"",""C15"",""C16"",""C23"",""C24"",""C25"",""C26"",""C27"",""C28"",""C29"",""C31"",""C33"",""C34"",""C35"",""C36"",""C37"",""C38"",""C7"",""C9"",""N18"",""N20"",""N40"",""N42"",""O10"",""O17"",""O30"",""O32"",""O39"",""O8""]","[""C21"",""N19"",""N41"",""O22""]",[],36,6,true,true,,d5826b55037778a63e43f2e933d9ba3feab76bac62f3a1078077f72e1f1f08d1
covapie_current11_warhead_atom_set_and_attachment_boundary_review_option_v1,131,25,CYS_SG_SAMPLE_INDEX_000008,1AYU,INA,0,COVAPIE_CYS_SG_WARHEAD_TYPE_CLASS_106441A31FA4F951,COVAPIE_CYS_SG_REACTION_FAMILY_11AA213C661B48E3,COVAPIE_CYS_SG_WARHEAD_RULE_106441A31FA4F951,621ef4df29b12a62399e50557af72d59a4198fd5ae44559002f349f81e8dbd36,d60d881c05012aae57e325d1677276fea201daecb6844700076725bec535f8f3,25,db6d666085ae61c54fc89254f032dc43ef21da41ecd700877cd719d238685f03,C7|O8|single,O8,C7,single,"[""C11"",""C12"",""C13"",""C14"",""C15"",""C16"",""C21"",""C23"",""C24"",""C25"",""C26"",""C27"",""C28"",""C29"",""C31"",""C33"",""C34"",""C35"",""C36"",""C37"",""C38"",""C9"",""N18"",""N19"",""N20"",""N40"",""N41"",""N42"",""O10"",""O17"",""O22"",""O30"",""O32"",""O39"",""O8""]","[""C11"",""C12"",""C13"",""C14"",""C15"",""C16"",""C23"",""C24"",""C25"",""C26"",""C27"",""C28"",""C29"",""C31"",""C33"",""C34"",""C35"",""C36"",""C37"",""C38"",""C9"",""N18"",""N20"",""N40"",""N42"",""O10"",""O17"",""O30"",""O32"",""O39"",""O8""]","[""C21"",""N19"",""N41"",""O22""]",[],35,7,true,true,,4d69e82dd87d87743fe2dddd4ca5898bde8e5909a7bc6ce37a88b1410ba0e2bb
covapie_current11_warhead_atom_set_and_attachment_boundary_review_option_v1,132,26,CYS_SG_SAMPLE_INDEX_000008,1AYU,INA,0,COVAPIE_CYS_SG_WARHEAD_TYPE_CLASS_106441A31FA4F951,COVAPIE_CYS_SG_REACTION_FAMILY_11AA213C661B48E3,COVAPIE_CYS_SG_WARHEAD_RULE_106441A31FA4F951,621ef4df29b12a62399e50557af72d59a4198fd5ae44559002f349f81e8dbd36,d60d881c05012aae57e325d1677276fea201daecb6844700076725bec535f8f3,26,90b8eb1dd6a74fa06e0e5ca37966d3be275c09c82e46fd06e0329b7c61b099f5,C9|N20|single,N20,C9,single,"[""C11"",""C12"",""C13"",""C14"",""C15"",""C16"",""C21"",""C23"",""C24"",""C25"",""C26"",""C27"",""C28"",""C29"",""C31"",""C33"",""C34"",""C35"",""C36"",""C37"",""C38"",""N18"",""N19"",""N20"",""N40"",""N41"",""N42"",""O17"",""O22"",""O30"",""O32"",""O39""]","[""C11"",""C12"",""C13"",""C14"",""C15"",""C16"",""C23"",""C24"",""C25"",""C26"",""C27"",""C28"",""C29"",""C31"",""C33"",""C34"",""C35"",""C36"",""C37"",""C38"",""N18"",""N20"",""N40"",""N42"",""O17"",""O30"",""O32"",""O39""]","[""C21"",""N19"",""N41"",""O22""]",[],32,10,true,true,,789fd526383633c8de9f0f77e1cf82c7d5d3296a1c13ee98ea29afd5e1a87c1f
covapie_current11_warhead_atom_set_and_attachment_boundary_review_option_v1,133,27,CYS_SG_SAMPLE_INDEX_000008,1AYU,INA,0,COVAPIE_CYS_SG_WARHEAD_TYPE_CLASS_106441A31FA4F951,COVAPIE_CYS_SG_REACTION_FAMILY_11AA213C661B48E3,COVAPIE_CYS_SG_WARHEAD_RULE_106441A31FA4F951,621ef4df29b12a62399e50557af72d59a4198fd5ae44559002f349f81e8dbd36,d60d881c05012aae57e325d1677276fea201daecb6844700076725bec535f8f3,27,5da330b9c0e74ebc80ec3c6729fdaec767f91a69ea6cf30bce5edb863e919404,C9|O10|double,C9,O10,double,"[""C1"",""C11"",""C12"",""C13"",""C14"",""C15"",""C16"",""C2"",""C21"",""C23"",""C24"",""C25"",""C26"",""C27"",""C28"",""C29"",""C3"",""C31"",""C33"",""C34"",""C35"",""C36"",""C37"",""C38"",""C4"",""C5"",""C6"",""C7"",""C9"",""N18"",""N19"",""N20"",""N40"",""N41"",""N42"",""O17"",""O22"",""O30"",""O32"",""O39"",""O8""]","[""C1"",""C11"",""C12"",""C13"",""C14"",""C15"",""C16"",""C2"",""C23"",""C24"",""C25"",""C26"",""C27"",""C28"",""C29"",""C3"",""C31"",""C33"",""C34"",""C35"",""C36"",""C37"",""C38"",""C4"",""C5"",""C6"",""C7"",""C9"",""N18"",""N20"",""N40"",""N42"",""O17"",""O30"",""O32"",""O39"",""O8""]","[""C21"",""N19"",""N41"",""O22""]",[],41,1,true,true,,3f7d5e65ebf3d056419857471ffc7f53f76ccca5225929157c154dc82856fe3c
covapie_current11_warhead_atom_set_and_attachment_boundary_review_option_v1,134,28,CYS_SG_SAMPLE_INDEX_000008,1AYU,INA,0,COVAPIE_CYS_SG_WARHEAD_TYPE_CLASS_106441A31FA4F951,COVAPIE_CYS_SG_REACTION_FAMILY_11AA213C661B48E3,COVAPIE_CYS_SG_WARHEAD_RULE_106441A31FA4F951,621ef4df29b12a62399e50557af72d59a4198fd5ae44559002f349f81e8dbd36,d60d881c05012aae57e325d1677276fea201daecb6844700076725bec535f8f3,28,057aba4fbd4e2748e33c849bc5082601c148cf9c230c0cfde921580a281c1e7d,C9|O8|single,C9,O8,single,"[""C11"",""C12"",""C13"",""C14"",""C15"",""C16"",""C21"",""C23"",""C24"",""C25"",""C26"",""C27"",""C28"",""C29"",""C31"",""C33"",""C34"",""C35"",""C36"",""C37"",""C38"",""C9"",""N18"",""N19"",""N20"",""N40"",""N41"",""N42"",""O10"",""O17"",""O22"",""O30"",""O32"",""O39""]","[""C11"",""C12"",""C13"",""C14"",""C15"",""C16"",""C23"",""C24"",""C25"",""C26"",""C27"",""C28"",""C29"",""C31"",""C33"",""C34"",""C35"",""C36"",""C37"",""C38"",""C9"",""N18"",""N20"",""N40"",""N42"",""O10"",""O17"",""O30"",""O32"",""O39""]","[""C21"",""N19"",""N41"",""O22""]",[],34,8,true,true,,cff5451c4febf85598ee119bedf13ad2c95b8f87023ec6807f8fa70f1d6ebe12
covapie_current11_warhead_atom_set_and_attachment_boundary_review_option_v1,135,29,CYS_SG_SAMPLE_INDEX_000008,1AYU,INA,0,COVAPIE_CYS_SG_WARHEAD_TYPE_CLASS_106441A31FA4F951,COVAPIE_CYS_SG_REACTION_FAMILY_11AA213C661B48E3,COVAPIE_CYS_SG_WARHEAD_RULE_106441A31FA4F951,621ef4df29b12a62399e50557af72d59a4198fd5ae44559002f349f81e8dbd36,d60d881c05012aae57e325d1677276fea201daecb6844700076725bec535f8f3,29,a0e2c459f6868a233d249e6ad74faacc45a9075c3c177320c01294533e66387e,N18|N19|single,N19,N18,single,"[""C21"",""C23"",""C24"",""C25"",""C26"",""C27"",""C28"",""C29"",""C31"",""C33"",""C34"",""C35"",""C36"",""C37"",""C38"",""N19"",""N40"",""N41"",""N42"",""O22"",""O30"",""O32"",""O39""]","[""C23"",""C24"",""C25"",""C26"",""C27"",""C28"",""C29"",""C31"",""C33"",""C34"",""C35"",""C36"",""C37"",""C38"",""N40"",""N42"",""O30"",""O32"",""O39""]","[""C21"",""N19"",""N41"",""O22""]",[],23,19,true,true,,9b486ab9a7017984ceb4693a90e72e4592d3b6d42c4169578178e370a9731c70
covapie_current11_warhead_atom_set_and_attachment_boundary_review_option_v1,136,30,CYS_SG_SAMPLE_INDEX_000008,1AYU,INA,0,COVAPIE_CYS_SG_WARHEAD_TYPE_CLASS_106441A31FA4F951,COVAPIE_CYS_SG_REACTION_FAMILY_11AA213C661B48E3,COVAPIE_CYS_SG_WARHEAD_RULE_106441A31FA4F951,621ef4df29b12a62399e50557af72d59a4198fd5ae44559002f349f81e8dbd36,d60d881c05012aae57e325d1677276fea201daecb6844700076725bec535f8f3,30,66d7e502abf2ab2b2f9faf5375a4a5feb2fc0e44b66ecdc0ef3153f543d3db06,N40|N41|single,N41,N40,single,"[""C1"",""C11"",""C12"",""C13"",""C14"",""C15"",""C16"",""C2"",""C21"",""C3"",""C4"",""C5"",""C6"",""C7"",""C9"",""N18"",""N19"",""N20"",""N41"",""O10"",""O17"",""O22"",""O8""]","[""C1"",""C11"",""C12"",""C13"",""C14"",""C15"",""C16"",""C2"",""C3"",""C4"",""C5"",""C6"",""C7"",""C9"",""N18"",""N20"",""O10"",""O17"",""O8""]","[""C21"",""N19"",""N41"",""O22""]",[],23,19,true,true,,8a0441803440ae3f1272cfbe1b4384d81af64b773d3c03930325b01e8ea0a00b
covapie_current11_warhead_atom_set_and_attachment_boundary_review_option_v1,137,0,CYS_SG_SAMPLE_INDEX_000009,1AYV,IN6,5,COVAPIE_CYS_SG_WARHEAD_TYPE_CLASS_DF48FCEE8872B92A,COVAPIE_CYS_SG_REACTION_FAMILY_888A8E40AB92B0F8,COVAPIE_CYS_SG_WARHEAD_RULE_DF48FCEE8872B92A,d6ab01a666da79dfec546538f8d028bc0e4c6f1a1ba827e169b82feac1782fa0,148dea3b4329514191dabb720622026e5fd1bfcc205636a97eb36ac20b137612,0,727b9c473ffd66f5bea6a65b8640fbf9194d369a39a96eacce7c5f4cc0753f0e,C11|C12|single,C11,C12,single,"[""C1"",""C1'"",""C11"",""C17"",""C2"",""C2'"",""C20"",""C21"",""C3"",""C3'"",""C4"",""C4'"",""C42"",""C5"",""C5'"",""C6"",""C6'"",""C7"",""C7'"",""C9"",""C9'"",""CB'"",""CC'"",""CE'"",""CF'"",""CG'"",""CH'"",""N19"",""N24"",""NJ'"",""NK'"",""NO'"",""O10"",""O22"",""O8"",""O8'"",""OA'"",""OI'"",""S18""]","[""C1"",""C1'"",""C11"",""C17"",""C2"",""C2'"",""C3"",""C3'"",""C4"",""C4'"",""C42"",""C5"",""C5'"",""C6"",""C6'"",""C7"",""C7'"",""C9"",""C9'"",""CB'"",""CC'"",""CE'"",""CF'"",""CG'"",""CH'"",""N19"",""N24"",""NJ'"",""NO'"",""O10"",""O8"",""O8'"",""OA'"",""OI'"",""S18""]","[""C20"",""C21"",""NK'"",""O22""]",[],39,4,true,true,,08ba43183ed408a70d984f9053052d8409307444140a2de8a805990923f40f4b
covapie_current11_warhead_atom_set_and_attachment_boundary_review_option_v1,138,1,CYS_SG_SAMPLE_INDEX_000009,1AYV,IN6,5,COVAPIE_CYS_SG_WARHEAD_TYPE_CLASS_DF48FCEE8872B92A,COVAPIE_CYS_SG_REACTION_FAMILY_888A8E40AB92B0F8,COVAPIE_CYS_SG_WARHEAD_RULE_DF48FCEE8872B92A,d6ab01a666da79dfec546538f8d028bc0e4c6f1a1ba827e169b82feac1782fa0,148dea3b4329514191dabb720622026e5fd1bfcc205636a97eb36ac20b137612,1,eea56d0ea00bf13c5c894a2ccdf85008073cab5f73eb973e47487700a085febf,C11|C17|single,C17,C11,single,"[""C1'"",""C17"",""C2'"",""C20"",""C21"",""C3'"",""C4'"",""C42"",""C5'"",""C6'"",""C7'"",""C9'"",""CB'"",""CC'"",""CE'"",""CF'"",""CG'"",""CH'"",""N19"",""NJ'"",""NK'"",""NO'"",""O22"",""O8'"",""OA'"",""OI'"",""S18""]","[""C1'"",""C17"",""C2'"",""C3'"",""C4'"",""C42"",""C5'"",""C6'"",""C7'"",""C9'"",""CB'"",""CC'"",""CE'"",""CF'"",""CG'"",""CH'"",""N19"",""NJ'"",""NO'"",""O8'"",""OA'"",""OI'"",""S18""]","[""C20"",""C21"",""NK'"",""O22""]",[],27,16,true,true,,42f620faefe8d323b453ece5b8744ffaf0dcaa46a044415cebe717eb459b9882
covapie_current11_warhead_atom_set_and_attachment_boundary_review_option_v1,139,2,CYS_SG_SAMPLE_INDEX_000009,1AYV,IN6,5,COVAPIE_CYS_SG_WARHEAD_TYPE_CLASS_DF48FCEE8872B92A,COVAPIE_CYS_SG_REACTION_FAMILY_888A8E40AB92B0F8,COVAPIE_CYS_SG_WARHEAD_RULE_DF48FCEE8872B92A,d6ab01a666da79dfec546538f8d028bc0e4c6f1a1ba827e169b82feac1782fa0,148dea3b4329514191dabb720622026e5fd1bfcc205636a97eb36ac20b137612,2,7ef5ad5276a8584b9f982dbc41270c8b868a9f861c628b26447f85813ea4faab,C11|N24|single,C11,N24,single,"[""C1'"",""C11"",""C12"",""C14"",""C15"",""C16"",""C17"",""C2'"",""C20"",""C21"",""C3'"",""C4'"",""C42"",""C5'"",""C6'"",""C7'"",""C9'"",""CB'"",""CC'"",""CE'"",""CF'"",""CG'"",""CH'"",""N19"",""NJ'"",""NK'"",""NO'"",""O22"",""O8'"",""OA'"",""OI'"",""S18""]","[""C1'"",""C11"",""C12"",""C14"",""C15"",""C16"",""C17"",""C2'"",""C3'"",""C4'"",""C42"",""C5'"",""C6'"",""C7'"",""C9'"",""CB'"",""CC'"",""CE'"",""CF'"",""CG'"",""CH'"",""N19"",""NJ'"",""NO'"",""O8'"",""OA'"",""OI'"",""S18""]","[""C20"",""C21"",""NK'"",""O22""]",[],32,11,true,true,,29c48f2e6210bd78f0c85e8812c04081b405868988f7c5e385a5a39a4a96f2e6
covapie_current11_warhead_atom_set_and_attachment_boundary_review_option_v1,140,3,CYS_SG_SAMPLE_INDEX_000009,1AYV,IN6,5,COVAPIE_CYS_SG_WARHEAD_TYPE_CLASS_DF48FCEE8872B92A,COVAPIE_CYS_SG_REACTION_FAMILY_888A8E40AB92B0F8,COVAPIE_CYS_SG_WARHEAD_RULE_DF48FCEE8872B92A,d6ab01a666da79dfec546538f8d028bc0e4c6f1a1ba827e169b82feac1782fa0,148dea3b4329514191dabb720622026e5fd1bfcc205636a97eb36ac20b137612,3,4946b4371fd9f2a8e7cb79946d12964df7da354e3baedcc27d1a629729502d6d,C12|C14|single,C12,C14,single,"[""C1"",""C1'"",""C11"",""C12"",""C17"",""C2"",""C2'"",""C20"",""C21"",""C3"",""C3'"",""C4"",""C4'"",""C42"",""C5"",""C5'"",""C6"",""C6'"",""C7"",""C7'"",""C9"",""C9'"",""CB'"",""CC'"",""CE'"",""CF'"",""CG'"",""CH'"",""N19"",""N24"",""NJ'"",""NK'"",""NO'"",""O10"",""O22"",""O8"",""O8'"",""OA'"",""OI'"",""S18""]","[""C1"",""C1'"",""C11"",""C12"",""C17"",""C2"",""C2'"",""C3"",""C3'"",""C4"",""C4'"",""C42"",""C5"",""C5'"",""C6"",""C6'"",""C7"",""C7'"",""C9"",""C9'"",""CB'"",""CC'"",""CE'"",""CF'"",""CG'"",""CH'"",""N19"",""N24"",""NJ'"",""NO'"",""O10"",""O8"",""O8'"",""OA'"",""OI'"",""S18""]","[""C20"",""C21"",""NK'"",""O22""]",[],40,3,true,true,,2f8c8c868b9be28ca2b9dfe7a673025722ffc5f539dcd7a44eab403953bb2dd6
covapie_current11_warhead_atom_set_and_attachment_boundary_review_option_v1,141,4,CYS_SG_SAMPLE_INDEX_000009,1AYV,IN6,5,COVAPIE_CYS_SG_WARHEAD_TYPE_CLASS_DF48FCEE8872B92A,COVAPIE_CYS_SG_REACTION_FAMILY_888A8E40AB92B0F8,COVAPIE_CYS_SG_WARHEAD_RULE_DF48FCEE8872B92A,d6ab01a666da79dfec546538f8d028bc0e4c6f1a1ba827e169b82feac1782fa0,148dea3b4329514191dabb720622026e5fd1bfcc205636a97eb36ac20b137612,4,f4a07ca6933549758df7d3aa70cf6f725838aba1a20adcb9b79f58076f94aa14,C14|C15|single,C14,C15,single,"[""C1"",""C1'"",""C11"",""C12"",""C14"",""C16"",""C17"",""C2"",""C2'"",""C20"",""C21"",""C3"",""C3'"",""C4"",""C4'"",""C42"",""C5"",""C5'"",""C6"",""C6'"",""C7"",""C7'"",""C9"",""C9'"",""CB'"",""CC'"",""CE'"",""CF'"",""CG'"",""CH'"",""N19"",""N24"",""NJ'"",""NK'"",""NO'"",""O10"",""O22"",""O8"",""O8'"",""OA'"",""OI'"",""S18""]","[""C1"",""C1'"",""C11"",""C12"",""C14"",""C16"",""C17"",""C2"",""C2'"",""C3"",""C3'"",""C4"",""C4'"",""C42"",""C5"",""C5'"",""C6"",""C6'"",""C7"",""C7'"",""C9"",""C9'"",""CB'"",""CC'"",""CE'"",""CF'"",""CG'"",""CH'"",""N19"",""N24"",""NJ'"",""NO'"",""O10"",""O8"",""O8'"",""OA'"",""OI'"",""S18""]","[""C20"",""C21"",""NK'"",""O22""]",[],42,1,true,true,,affb8215403ed03fa046053321cbc8c11a8f1feca5e0a18beae250bae62e03cb
covapie_current11_warhead_atom_set_and_attachment_boundary_review_option_v1,142,5,CYS_SG_SAMPLE_INDEX_000009,1AYV,IN6,5,COVAPIE_CYS_SG_WARHEAD_TYPE_CLASS_DF48FCEE8872B92A,COVAPIE_CYS_SG_REACTION_FAMILY_888A8E40AB92B0F8,COVAPIE_CYS_SG_WARHEAD_RULE_DF48FCEE8872B92A,d6ab01a666da79dfec546538f8d028bc0e4c6f1a1ba827e169b82feac1782fa0,148dea3b4329514191dabb720622026e5fd1bfcc205636a97eb36ac20b137612,5,ff57fd90ad8a69979139e7d4b252ab096db8f8beede3dcdd3a68006991753679,C14|C16|single,C14,C16,single,"[""C1"",""C1'"",""C11"",""C12"",""C14"",""C15"",""C17"",""C2"",""C2'"",""C20"",""C21"",""C3"",""C3'"",""C4"",""C4'"",""C42"",""C5"",""C5'"",""C6"",""C6'"",""C7"",""C7'"",""C9"",""C9'"",""CB'"",""CC'"",""CE'"",""CF'"",""CG'"",""CH'"",""N19"",""N24"",""NJ'"",""NK'"",""NO'"",""O10"",""O22"",""O8"",""O8'"",""OA'"",""OI'"",""S18""]","[""C1"",""C1'"",""C11"",""C12"",""C14"",""C15"",""C17"",""C2"",""C2'"",""C3"",""C3'"",""C4"",""C4'"",""C42"",""C5"",""C5'"",""C6"",""C6'"",""C7"",""C7'"",""C9"",""C9'"",""CB'"",""CC'"",""CE'"",""CF'"",""CG'"",""CH'"",""N19"",""N24"",""NJ'"",""NO'"",""O10"",""O8"",""O8'"",""OA'"",""OI'"",""S18""]","[""C20"",""C21"",""NK'"",""O22""]",[],42,1,true,true,,c256b92faf036e4f5482903f53d6cb61d9acd5a0b269b44cc2516566e91deefb
covapie_current11_warhead_atom_set_and_attachment_boundary_review_option_v1,143,6,CYS_SG_SAMPLE_INDEX_000009,1AYV,IN6,5,COVAPIE_CYS_SG_WARHEAD_TYPE_CLASS_DF48FCEE8872B92A,COVAPIE_CYS_SG_REACTION_FAMILY_888A8E40AB92B0F8,COVAPIE_CYS_SG_WARHEAD_RULE_DF48FCEE8872B92A,d6ab01a666da79dfec546538f8d028bc0e4c6f1a1ba827e169b82feac1782fa0,148dea3b4329514191dabb720622026e5fd1bfcc205636a97eb36ac20b137612,6,4826f3e5df74b3a663543437545a07cf415650d92a503bfabbae99bb1712ec2b,C20|C21|single,C21,C20,single,"[""C1'"",""C2'"",""C21"",""C3'"",""C4'"",""C5'"",""C6'"",""C7'"",""C9'"",""CB'"",""CC'"",""CE'"",""CF'"",""CG'"",""CH'"",""NJ'"",""NK'"",""NO'"",""O22"",""O8'"",""OA'"",""OI'""]","[""C1'"",""C2'"",""C3'"",""C4'"",""C5'"",""C6'"",""C7'"",""C9'"",""CB'"",""CC'"",""CE'"",""CF'"",""CG'"",""CH'"",""NJ'"",""NO'"",""O8'"",""OA'"",""OI'""]","[""C20"",""C21"",""NK'"",""O22""]",[],22,21,false,false,candidate_missing_local_reaction_center,b7af101f40c3afa2d080bdc36e9d8e20419fc9d5294fcbf3e1d43c6a4883bd37
covapie_current11_warhead_atom_set_and_attachment_boundary_review_option_v1,144,7,CYS_SG_SAMPLE_INDEX_000009,1AYV,IN6,5,COVAPIE_CYS_SG_WARHEAD_TYPE_CLASS_DF48FCEE8872B92A,COVAPIE_CYS_SG_REACTION_FAMILY_888A8E40AB92B0F8,COVAPIE_CYS_SG_WARHEAD_RULE_DF48FCEE8872B92A,d6ab01a666da79dfec546538f8d028bc0e4c6f1a1ba827e169b82feac1782fa0,148dea3b4329514191dabb720622026e5fd1bfcc205636a97eb36ac20b137612,7,1bc8ccd40130ecc326caa9949adae219e8b19422188d0a0d2973ba34e2177b73,C21|NK'|single,C21,NK',single,"[""C1"",""C11"",""C12"",""C14"",""C15"",""C16"",""C17"",""C2"",""C20"",""C21"",""C3"",""C4"",""C42"",""C5"",""C6"",""C7"",""C9"",""N19"",""N24"",""O10"",""O22"",""O8"",""S18""]","[""C1"",""C11"",""C12"",""C14"",""C15"",""C16"",""C17"",""C2"",""C3"",""C4"",""C42"",""C5"",""C6"",""C7"",""C9"",""N19"",""N24"",""O10"",""O8"",""S18""]","[""C20"",""C21"",""NK'"",""O22""]",[],23,20,false,false,candidate_missing_local_reaction_center,afe4b7e2acb894237df32da73169814ad16cfa429cf41dbee41323fe5b8652a0
covapie_current11_warhead_atom_set_and_attachment_boundary_review_option_v1,145,8,CYS_SG_SAMPLE_INDEX_000009,1AYV,IN6,5,COVAPIE_CYS_SG_WARHEAD_TYPE_CLASS_DF48FCEE8872B92A,COVAPIE_CYS_SG_REACTION_FAMILY_888A8E40AB92B0F8,COVAPIE_CYS_SG_WARHEAD_RULE_DF48FCEE8872B92A,d6ab01a666da79dfec546538f8d028bc0e4c6f1a1ba827e169b82feac1782fa0,148dea3b4329514191dabb720622026e5fd1bfcc205636a97eb36ac20b137612,8,0e7e5a5cb3dc6cbd4d5d38726c1e03df5369dd3857d5c167e25ef4f80e410099,C21|O22|double,C21,O22,double,"[""C1"",""C1'"",""C11"",""C12"",""C14"",""C15"",""C16"",""C17"",""C2"",""C2'"",""C20"",""C21"",""C3"",""C3'"",""C4"",""C4'"",""C42"",""C5"",""C5'"",""C6"",""C6'"",""C7"",""C7'"",""C9"",""C9'"",""CB'"",""CC'"",""CE'"",""CF'"",""CG'"",""CH'"",""N19"",""N24"",""NJ'"",""NK'"",""NO'"",""O10"",""O8"",""O8'"",""OA'"",""OI'"",""S18""]","[""C1"",""C1'"",""C11"",""C12"",""C14"",""C15"",""C16"",""C17"",""C2"",""C2'"",""C3"",""C3'"",""C4"",""C4'"",""C42"",""C5"",""C5'"",""C6"",""C6'"",""C7"",""C7'"",""C9"",""C9'"",""CB'"",""CC'"",""CE'"",""CF'"",""CG'"",""CH'"",""N19"",""N24"",""NJ'"",""NO'"",""O10"",""O8"",""O8'"",""OA'"",""OI'"",""S18""]","[""C20"",""C21"",""NK'"",""O22""]",[],42,1,false,false,candidate_missing_local_reaction_center,9aaf7c289d3c74729b93cdb9c16165c7f4c30313fcd7f85443cb997fc111ded8
covapie_current11_warhead_atom_set_and_attachment_boundary_review_option_v1,146,9,CYS_SG_SAMPLE_INDEX_000009,1AYV,IN6,5,COVAPIE_CYS_SG_WARHEAD_TYPE_CLASS_DF48FCEE8872B92A,COVAPIE_CYS_SG_REACTION_FAMILY_888A8E40AB92B0F8,COVAPIE_CYS_SG_WARHEAD_RULE_DF48FCEE8872B92A,d6ab01a666da79dfec546538f8d028bc0e4c6f1a1ba827e169b82feac1782fa0,148dea3b4329514191dabb720622026e5fd1bfcc205636a97eb36ac20b137612,9,8cf27fc7a303a2ee39b958a4825c38bca11c35a040e2d30af8824c24c43f49d8,C4'|C7'|single,C7',C4',single,"[""C1"",""C11"",""C12"",""C14"",""C15"",""C16"",""C17"",""C2"",""C20"",""C21"",""C3"",""C4"",""C42"",""C5"",""C6"",""C7"",""C7'"",""C9"",""C9'"",""CB'"",""CC'"",""CE'"",""CF'"",""CG'"",""CH'"",""N19"",""N24"",""NJ'"",""NK'"",""NO'"",""O10"",""O22"",""O8"",""O8'"",""OA'"",""OI'"",""S18""]","[""C1"",""C11"",""C12"",""C14"",""C15"",""C16"",""C17"",""C2"",""C3"",""C4"",""C42"",""C5"",""C6"",""C7"",""C7'"",""C9"",""C9'"",""CB'"",""CC'"",""CE'"",""CF'"",""CG'"",""CH'"",""N19"",""N24"",""NJ'"",""NO'"",""O10"",""O8"",""O8'"",""OA'"",""OI'"",""S18""]","[""C20"",""C21"",""NK'"",""O22""]",[],37,6,true,true,,c1db9910b6fb174b06df1c99c7adbd74d309e08e2225f4c6bd6ceee477e71155
covapie_current11_warhead_atom_set_and_attachment_boundary_review_option_v1,147,10,CYS_SG_SAMPLE_INDEX_000009,1AYV,IN6,5,COVAPIE_CYS_SG_WARHEAD_TYPE_CLASS_DF48FCEE8872B92A,COVAPIE_CYS_SG_REACTION_FAMILY_888A8E40AB92B0F8,COVAPIE_CYS_SG_WARHEAD_RULE_DF48FCEE8872B92A,d6ab01a666da79dfec546538f8d028bc0e4c6f1a1ba827e169b82feac1782fa0,148dea3b4329514191dabb720622026e5fd1bfcc205636a97eb36ac20b137612,10,d41a276a911c7aa619588c4456087bc6be25fe41368d60bd8ead7be7af9207ae,C4|C7|single,C7,C4,single,"[""C1'"",""C11"",""C12"",""C14"",""C15"",""C16"",""C17"",""C2'"",""C20"",""C21"",""C3'"",""C4'"",""C42"",""C5'"",""C6'"",""C7"",""C7'"",""C9"",""C9'"",""CB'"",""CC'"",""CE'"",""CF'"",""CG'"",""CH'"",""N19"",""N24"",""NJ'"",""NK'"",""NO'"",""O10"",""O22"",""O8"",""O8'"",""OA'"",""OI'"",""S18""]","[""C1'"",""C11"",""C12"",""C14"",""C15"",""C16"",""C17"",""C2'"",""C3'"",""C4'"",""C42"",""C5'"",""C6'"",""C7"",""C7'"",""C9"",""C9'"",""CB'"",""CC'"",""CE'"",""CF'"",""CG'"",""CH'"",""N19"",""N24"",""NJ'"",""NO'"",""O10"",""O8"",""O8'"",""OA'"",""OI'"",""S18""]","[""C20"",""C21"",""NK'"",""O22""]",[],37,6,true,true,,b6848f4672f76e825264aa12637c34a660ba79219e1e02c8f97cbf17490beafd
covapie_current11_warhead_atom_set_and_attachment_boundary_review_option_v1,148,11,CYS_SG_SAMPLE_INDEX_000009,1AYV,IN6,5,COVAPIE_CYS_SG_WARHEAD_TYPE_CLASS_DF48FCEE8872B92A,COVAPIE_CYS_SG_REACTION_FAMILY_888A8E40AB92B0F8,COVAPIE_CYS_SG_WARHEAD_RULE_DF48FCEE8872B92A,d6ab01a666da79dfec546538f8d028bc0e4c6f1a1ba827e169b82feac1782fa0,148dea3b4329514191dabb720622026e5fd1bfcc205636a97eb36ac20b137612,11,3387c7b7cde1d47f07ca12aff46237ceacf36cf8ed8ecfcdbeaed9dd168bb693,C7'|O8'|single,O8',C7',single,"[""C1"",""C11"",""C12"",""C14"",""C15"",""C16"",""C17"",""C2"",""C20"",""C21"",""C3"",""C4"",""C42"",""C5"",""C6"",""C7"",""C9"",""C9'"",""CB'"",""CC'"",""CE'"",""CF'"",""CG'"",""CH'"",""N19"",""N24"",""NJ'"",""NK'"",""NO'"",""O10"",""O22"",""O8"",""O8'"",""OA'"",""OI'"",""S18""]","[""C1"",""C11"",""C12"",""C14"",""C15"",""C16"",""C17"",""C2"",""C3"",""C4"",""C42"",""C5"",""C6"",""C7"",""C9"",""C9'"",""CB'"",""CC'"",""CE'"",""CF'"",""CG'"",""CH'"",""N19"",""N24"",""NJ'"",""NO'"",""O10"",""O8"",""O8'"",""OA'"",""OI'"",""S18""]","[""C20"",""C21"",""NK'"",""O22""]",[],36,7,true,true,,f8699bca48ce5aeed4d5303bfb6952c7da5b3980138dace95a3dc0fd443284e8
covapie_current11_warhead_atom_set_and_attachment_boundary_review_option_v1,149,12,CYS_SG_SAMPLE_INDEX_000009,1AYV,IN6,5,COVAPIE_CYS_SG_WARHEAD_TYPE_CLASS_DF48FCEE8872B92A,COVAPIE_CYS_SG_REACTION_FAMILY_888A8E40AB92B0F8,COVAPIE_CYS_SG_WARHEAD_RULE_DF48FCEE8872B92A,d6ab01a666da79dfec546538f8d028bc0e4c6f1a1ba827e169b82feac1782fa0,148dea3b4329514191dabb720622026e5fd1bfcc205636a97eb36ac20b137612,12,500027b1d5d2b5d253bfea155dc2af5b1595682dd39e6f4533c4de7389f2c260,C7|O8|single,O8,C7,single,"[""C1'"",""C11"",""C12"",""C14"",""C15"",""C16"",""C17"",""C2'"",""C20"",""C21"",""C3'"",""C4'"",""C42"",""C5'"",""C6'"",""C7'"",""C9"",""C9'"",""CB'"",""CC'"",""CE'"",""CF'"",""CG'"",""CH'"",""N19"",""N24"",""NJ'"",""NK'"",""NO'"",""O10"",""O22"",""O8"",""O8'"",""OA'"",""OI'"",""S18""]","[""C1'"",""C11"",""C12"",""C14"",""C15"",""C16"",""C17"",""C2'"",""C3'"",""C4'"",""C42"",""C5'"",""C6'"",""C7'"",""C9"",""C9'"",""CB'"",""CC'"",""CE'"",""CF'"",""CG'"",""CH'"",""N19"",""N24"",""NJ'"",""NO'"",""O10"",""O8"",""O8'"",""OA'"",""OI'"",""S18""]","[""C20"",""C21"",""NK'"",""O22""]",[],36,7,true,true,,7e2f2aba77cb331885bc86e6f66fefdade85f003130959e72cecfa6fdacd69f4
covapie_current11_warhead_atom_set_and_attachment_boundary_review_option_v1,150,13,CYS_SG_SAMPLE_INDEX_000009,1AYV,IN6,5,COVAPIE_CYS_SG_WARHEAD_TYPE_CLASS_DF48FCEE8872B92A,COVAPIE_CYS_SG_REACTION_FAMILY_888A8E40AB92B0F8,COVAPIE_CYS_SG_WARHEAD_RULE_DF48FCEE8872B92A,d6ab01a666da79dfec546538f8d028bc0e4c6f1a1ba827e169b82feac1782fa0,148dea3b4329514191dabb720622026e5fd1bfcc205636a97eb36ac20b137612,13,6bf0e952c5520113ff4e5d81a694f724b56ca37de1ea23de7d764bda2b743797,C9'|NO'|single,NO',C9',single,"[""C1"",""C11"",""C12"",""C14"",""C15"",""C16"",""C17"",""C2"",""C20"",""C21"",""C3"",""C4"",""C42"",""C5"",""C6"",""C7"",""C9"",""CB'"",""CC'"",""CE'"",""CF'"",""CG'"",""CH'"",""N19"",""N24"",""NJ'"",""NK'"",""NO'"",""O10"",""O22"",""O8"",""OI'"",""S18""]","[""C1"",""C11"",""C12"",""C14"",""C15"",""C16"",""C17"",""C2"",""C3"",""C4"",""C42"",""C5"",""C6"",""C7"",""C9"",""CB'"",""CC'"",""CE'"",""CF'"",""CG'"",""CH'"",""N19"",""N24"",""NJ'"",""NO'"",""O10"",""O8"",""OI'"",""S18""]","[""C20"",""C21"",""NK'"",""O22""]",[],33,10,true,true,,bead89a3a7d2ed51f45c3234bc2c33a63ed6a42806b011a283254972703df1d1
covapie_current11_warhead_atom_set_and_attachment_boundary_review_option_v1,151,14,CYS_SG_SAMPLE_INDEX_000009,1AYV,IN6,5,COVAPIE_CYS_SG_WARHEAD_TYPE_CLASS_DF48FCEE8872B92A,COVAPIE_CYS_SG_REACTION_FAMILY_888A8E40AB92B0F8,COVAPIE_CYS_SG_WARHEAD_RULE_DF48FCEE8872B92A,d6ab01a666da79dfec546538f8d028bc0e4c6f1a1ba827e169b82feac1782fa0,148dea3b4329514191dabb720622026e5fd1bfcc205636a97eb36ac20b137612,14,717c5274cac6134df2e3a405409e900b3be524b99c0dc9f68142166f9a829cb2,C9'|O8'|single,C9',O8',single,"[""C1"",""C11"",""C12"",""C14"",""C15"",""C16"",""C17"",""C2"",""C20"",""C21"",""C3"",""C4"",""C42"",""C5"",""C6"",""C7"",""C9"",""C9'"",""CB'"",""CC'"",""CE'"",""CF'"",""CG'"",""CH'"",""N19"",""N24"",""NJ'"",""NK'"",""NO'"",""O10"",""O22"",""O8"",""OA'"",""OI'"",""S18""]","[""C1"",""C11"",""C12"",""C14"",""C15"",""C16"",""C17"",""C2"",""C3"",""C4"",""C42"",""C5"",""C6"",""C7"",""C9"",""C9'"",""CB'"",""CC'"",""CE'"",""CF'"",""CG'"",""CH'"",""N19"",""N24"",""NJ'"",""NO'"",""O10"",""O8"",""OA'"",""OI'"",""S18""]","[""C20"",""C21"",""NK'"",""O22""]",[],35,8,true,true,,8a23cd1ff631052e432d938f65422c2baab5728ca4ee0522cbd25c66ca80f5fd
covapie_current11_warhead_atom_set_and_attachment_boundary_review_option_v1,152,15,CYS_SG_SAMPLE_INDEX_000009,1AYV,IN6,5,COVAPIE_CYS_SG_WARHEAD_TYPE_CLASS_DF48FCEE8872B92A,COVAPIE_CYS_SG_REACTION_FAMILY_888A8E40AB92B0F8,COVAPIE_CYS_SG_WARHEAD_RULE_DF48FCEE8872B92A,d6ab01a666da79dfec546538f8d028bc0e4c6f1a1ba827e169b82feac1782fa0,148dea3b4329514191dabb720622026e5fd1bfcc205636a97eb36ac20b137612,15,5473b1fc9df2c9f0e91972eb297ed842b6093cd13e622917151d47e3cbd84974,C9'|OA'|double,C9',OA',double,"[""C1"",""C1'"",""C11"",""C12"",""C14"",""C15"",""C16"",""C17"",""C2"",""C2'"",""C20"",""C21"",""C3"",""C3'"",""C4"",""C4'"",""C42"",""C5"",""C5'"",""C6"",""C6'"",""C7"",""C7'"",""C9"",""C9'"",""CB'"",""CC'"",""CE'"",""CF'"",""CG'"",""CH'"",""N19"",""N24"",""NJ'"",""NK'"",""NO'"",""O10"",""O22"",""O8"",""O8'"",""OI'"",""S18""]","[""C1"",""C1'"",""C11"",""C12"",""C14"",""C15"",""C16"",""C17"",""C2"",""C2'"",""C3"",""C3'"",""C4"",""C4'"",""C42"",""C5"",""C5'"",""C6"",""C6'"",""C7"",""C7'"",""C9"",""C9'"",""CB'"",""CC'"",""CE'"",""CF'"",""CG'"",""CH'"",""N19"",""N24"",""NJ'"",""NO'"",""O10"",""O8"",""O8'"",""OI'"",""S18""]","[""C20"",""C21"",""NK'"",""O22""]",[],42,1,true,true,,a1d78564bbafa4aaf40ad3aa314dc03fa9222cfb48678cf2cebe53754a91521f
covapie_current11_warhead_atom_set_and_attachment_boundary_review_option_v1,153,16,CYS_SG_SAMPLE_INDEX_000009,1AYV,IN6,5,COVAPIE_CYS_SG_WARHEAD_TYPE_CLASS_DF48FCEE8872B92A,COVAPIE_CYS_SG_REACTION_FAMILY_888A8E40AB92B0F8,COVAPIE_CYS_SG_WARHEAD_RULE_DF48FCEE8872B92A,d6ab01a666da79dfec546538f8d028bc0e4c6f1a1ba827e169b82feac1782fa0,148dea3b4329514191dabb720622026e5fd1bfcc205636a97eb36ac20b137612,16,2b276c47b6b61b9730da16488b6a6b96df6663259c34b1ce10eb045c23718b53,C9|N24|single,N24,C9,single,"[""C1'"",""C11"",""C12"",""C14"",""C15"",""C16"",""C17"",""C2'"",""C20"",""C21"",""C3'"",""C4'"",""C42"",""C5'"",""C6'"",""C7'"",""C9'"",""CB'"",""CC'"",""CE'"",""CF'"",""CG'"",""CH'"",""N19"",""N24"",""NJ'"",""NK'"",""NO'"",""O22"",""O8'"",""OA'"",""OI'"",""S18""]","[""C1'"",""C11"",""C12"",""C14"",""C15"",""C16"",""C17"",""C2'"",""C3'"",""C4'"",""C42"",""C5'"",""C6'"",""C7'"",""C9'"",""CB'"",""CC'"",""CE'"",""CF'"",""CG'"",""CH'"",""N19"",""N24"",""NJ'"",""NO'"",""O8'"",""OA'"",""OI'"",""S18""]","[""C20"",""C21"",""NK'"",""O22""]",[],33,10,true,true,,3bc7a04bf40a8348ae7143323db33294d58829f387722039b41b1cce55b1bd21
covapie_current11_warhead_atom_set_and_attachment_boundary_review_option_v1,154,17,CYS_SG_SAMPLE_INDEX_000009,1AYV,IN6,5,COVAPIE_CYS_SG_WARHEAD_TYPE_CLASS_DF48FCEE8872B92A,COVAPIE_CYS_SG_REACTION_FAMILY_888A8E40AB92B0F8,COVAPIE_CYS_SG_WARHEAD_RULE_DF48FCEE8872B92A,d6ab01a666da79dfec546538f8d028bc0e4c6f1a1ba827e169b82feac1782fa0,148dea3b4329514191dabb720622026e5fd1bfcc205636a97eb36ac20b137612,17,02a727c9fe3b2caa9cfe63dd530ad5ef18b0e98dfd3fd4789c11581aa4f1fef4,C9|O10|double,C9,O10,double,"[""C1"",""C1'"",""C11"",""C12"",""C14"",""C15"",""C16"",""C17"",""C2"",""C2'"",""C20"",""C21"",""C3"",""C3'"",""C4"",""C4'"",""C42"",""C5"",""C5'"",""C6"",""C6'"",""C7"",""C7'"",""C9"",""C9'"",""CB'"",""CC'"",""CE'"",""CF'"",""CG'"",""CH'"",""N19"",""N24"",""NJ'"",""NK'"",""NO'"",""O22"",""O8"",""O8'"",""OA'"",""OI'"",""S18""]","[""C1"",""C1'"",""C11"",""C12"",""C14"",""C15"",""C16"",""C17"",""C2"",""C2'"",""C3"",""C3'"",""C4"",""C4'"",""C42"",""C5"",""C5'"",""C6"",""C6'"",""C7"",""C7'"",""C9"",""C9'"",""CB'"",""CC'"",""CE'"",""CF'"",""CG'"",""CH'"",""N19"",""N24"",""NJ'"",""NO'"",""O8"",""O8'"",""OA'"",""OI'"",""S18""]","[""C20"",""C21"",""NK'"",""O22""]",[],42,1,true,true,,2007da30d5bf386687520bae46482d232c2f65193a65b9151eb522401c32c858
covapie_current11_warhead_atom_set_and_attachment_boundary_review_option_v1,155,18,CYS_SG_SAMPLE_INDEX_000009,1AYV,IN6,5,COVAPIE_CYS_SG_WARHEAD_TYPE_CLASS_DF48FCEE8872B92A,COVAPIE_CYS_SG_REACTION_FAMILY_888A8E40AB92B0F8,COVAPIE_CYS_SG_WARHEAD_RULE_DF48FCEE8872B92A,d6ab01a666da79dfec546538f8d028bc0e4c6f1a1ba827e169b82feac1782fa0,148dea3b4329514191dabb720622026e5fd1bfcc205636a97eb36ac20b137612,18,e2d50dcd43eed2c16b6c6543395b9c46c67438f9f433ed5efa18d3d90325aee7,C9|O8|single,C9,O8,single,"[""C1'"",""C11"",""C12"",""C14"",""C15"",""C16"",""C17"",""C2'"",""C20"",""C21"",""C3'"",""C4'"",""C42"",""C5'"",""C6'"",""C7'"",""C9"",""C9'"",""CB'"",""CC'"",""CE'"",""CF'"",""CG'"",""CH'"",""N19"",""N24"",""NJ'"",""NK'"",""NO'"",""O10"",""O22"",""O8'"",""OA'"",""OI'"",""S18""]","[""C1'"",""C11"",""C12"",""C14"",""C15"",""C16"",""C17"",""C2'"",""C3'"",""C4'"",""C42"",""C5'"",""C6'"",""C7'"",""C9"",""C9'"",""CB'"",""CC'"",""CE'"",""CF'"",""CG'"",""CH'"",""N19"",""N24"",""NJ'"",""NO'"",""O10"",""O8'"",""OA'"",""OI'"",""S18""]","[""C20"",""C21"",""NK'"",""O22""]",[],35,8,true,true,,1c336b562ed8c186ee10cbedf16075f54efc93d47d5b356fc92d594e573e9f0e
covapie_current11_warhead_atom_set_and_attachment_boundary_review_option_v1,156,19,CYS_SG_SAMPLE_INDEX_000009,1AYV,IN6,5,COVAPIE_CYS_SG_WARHEAD_TYPE_CLASS_DF48FCEE8872B92A,COVAPIE_CYS_SG_REACTION_FAMILY_888A8E40AB92B0F8,COVAPIE_CYS_SG_WARHEAD_RULE_DF48FCEE8872B92A,d6ab01a666da79dfec546538f8d028bc0e4c6f1a1ba827e169b82feac1782fa0,148dea3b4329514191dabb720622026e5fd1bfcc205636a97eb36ac20b137612,19,389d576ed80ef8c2c8cf3feff55ac5b545ea3e5388a4299c6569a84bf7ed1b65,CB'|CC'|single,CB',CC',single,"[""C1"",""C1'"",""C11"",""C12"",""C14"",""C15"",""C16"",""C17"",""C2"",""C2'"",""C20"",""C21"",""C3"",""C3'"",""C4"",""C4'"",""C42"",""C5"",""C5'"",""C6"",""C6'"",""C7"",""C7'"",""C9"",""C9'"",""CB'"",""CH'"",""N19"",""N24"",""NJ'"",""NK'"",""NO'"",""O10"",""O22"",""O8"",""O8'"",""OA'"",""OI'"",""S18""]","[""C1"",""C1'"",""C11"",""C12"",""C14"",""C15"",""C16"",""C17"",""C2"",""C2'"",""C3"",""C3'"",""C4"",""C4'"",""C42"",""C5"",""C5'"",""C6"",""C6'"",""C7"",""C7'"",""C9"",""C9'"",""CB'"",""CH'"",""N19"",""N24"",""NJ'"",""NO'"",""O10"",""O8"",""O8'"",""OA'"",""OI'"",""S18""]","[""C20"",""C21"",""NK'"",""O22""]",[],39,4,true,true,,a6a6240766ec7e5808ab3813893fa37716fccee7dad22ab00fb80b48df9a2622
covapie_current11_warhead_atom_set_and_attachment_boundary_review_option_v1,157,20,CYS_SG_SAMPLE_INDEX_000009,1AYV,IN6,5,COVAPIE_CYS_SG_WARHEAD_TYPE_CLASS_DF48FCEE8872B92A,COVAPIE_CYS_SG_REACTION_FAMILY_888A8E40AB92B0F8,COVAPIE_CYS_SG_WARHEAD_RULE_DF48FCEE8872B92A,d6ab01a666da79dfec546538f8d028bc0e4c6f1a1ba827e169b82feac1782fa0,148dea3b4329514191dabb720622026e5fd1bfcc205636a97eb36ac20b137612,20,afd5caa21550b1877af794df3afd69d9b406cf16e9fe2c8a31194f7c73405c94,CB'|CH'|single,CH',CB',single,"[""C1"",""C11"",""C12"",""C14"",""C15"",""C16"",""C17"",""C2"",""C20"",""C21"",""C3"",""C4"",""C42"",""C5"",""C6"",""C7"",""C9"",""CH'"",""N19"",""N24"",""NJ'"",""NK'"",""O10"",""O22"",""O8"",""OI'"",""S18""]","[""C1"",""C11"",""C12"",""C14"",""C15"",""C16"",""C17"",""C2"",""C3"",""C4"",""C42"",""C5"",""C6"",""C7"",""C9"",""CH'"",""N19"",""N24"",""NJ'"",""O10"",""O8"",""OI'"",""S18""]","[""C20"",""C21"",""NK'"",""O22""]",[],27,16,true,true,,b15ae20643dab624ce4b0ea312f7cb3d0f0a85de0e46e6066354427e14e15546
covapie_current11_warhead_atom_set_and_attachment_boundary_review_option_v1,158,21,CYS_SG_SAMPLE_INDEX_000009,1AYV,IN6,5,COVAPIE_CYS_SG_WARHEAD_TYPE_CLASS_DF48FCEE8872B92A,COVAPIE_CYS_SG_REACTION_FAMILY_888A8E40AB92B0F8,COVAPIE_CYS_SG_WARHEAD_RULE_DF48FCEE8872B92A,d6ab01a666da79dfec546538f8d028bc0e4c6f1a1ba827e169b82feac1782fa0,148dea3b4329514191dabb720622026e5fd1bfcc205636a97eb36ac20b137612,21,6f39de7530403a8207fcf2c19166b1a45d4c647fe73e5c7fb5dac513161eaf64,CB'|NO'|single,CB',NO',single,"[""C1"",""C11"",""C12"",""C14"",""C15"",""C16"",""C17"",""C2"",""C20"",""C21"",""C3"",""C4"",""C42"",""C5"",""C6"",""C7"",""C9"",""CB'"",""CC'"",""CE'"",""CF'"",""CG'"",""CH'"",""N19"",""N24"",""NJ'"",""NK'"",""O10"",""O22"",""O8"",""OI'"",""S18""]","[""C1"",""C11"",""C12"",""C14"",""C15"",""C16"",""C17"",""C2"",""C3"",""C4"",""C42"",""C5"",""C6"",""C7"",""C9"",""CB'"",""CC'"",""CE'"",""CF'"",""CG'"",""CH'"",""N19"",""N24"",""NJ'"",""O10"",""O8"",""OI'"",""S18""]","[""C20"",""C21"",""NK'"",""O22""]",[],32,11,true,true,,943ee38180759d654c404a98546c9b59de8ba82e7c6670b1cbf16f033f409359
covapie_current11_warhead_atom_set_and_attachment_boundary_review_option_v1,159,22,CYS_SG_SAMPLE_INDEX_000009,1AYV,IN6,5,COVAPIE_CYS_SG_WARHEAD_TYPE_CLASS_DF48FCEE8872B92A,COVAPIE_CYS_SG_REACTION_FAMILY_888A8E40AB92B0F8,COVAPIE_CYS_SG_WARHEAD_RULE_DF48FCEE8872B92A,d6ab01a666da79dfec546538f8d028bc0e4c6f1a1ba827e169b82feac1782fa0,148dea3b4329514191dabb720622026e5fd1bfcc205636a97eb36ac20b137612,22,1a0a02696a36cfbe368c7b33fa515147f6790d9b1fda572d3cbee441128f0688,CC'|CE'|single,CC',CE',single,"[""C1"",""C1'"",""C11"",""C12"",""C14"",""C15"",""C16"",""C17"",""C2"",""C2'"",""C20"",""C21"",""C3"",""C3'"",""C4"",""C4'"",""C42"",""C5"",""C5'"",""C6"",""C6'"",""C7"",""C7'"",""C9"",""C9'"",""CB'"",""CC'"",""CH'"",""N19"",""N24"",""NJ'"",""NK'"",""NO'"",""O10"",""O22"",""O8"",""O8'"",""OA'"",""OI'"",""S18""]","[""C1"",""C1'"",""C11"",""C12"",""C14"",""C15"",""C16"",""C17"",""C2"",""C2'"",""C3"",""C3'"",""C4"",""C4'"",""C42"",""C5"",""C5'"",""C6"",""C6'"",""C7"",""C7'"",""C9"",""C9'"",""CB'"",""CC'"",""CH'"",""N19"",""N24"",""NJ'"",""NO'"",""O10"",""O8"",""O8'"",""OA'"",""OI'"",""S18""]","[""C20"",""C21"",""NK'"",""O22""]",[],40,3,true,true,,f03a142d313dfc4eb6de4eba73bf7a6685bb2a8f965f98f4559e6755de26d603
covapie_current11_warhead_atom_set_and_attachment_boundary_review_option_v1,160,23,CYS_SG_SAMPLE_INDEX_000009,1AYV,IN6,5,COVAPIE_CYS_SG_WARHEAD_TYPE_CLASS_DF48FCEE8872B92A,COVAPIE_CYS_SG_REACTION_FAMILY_888A8E40AB92B0F8,COVAPIE_CYS_SG_WARHEAD_RULE_DF48FCEE8872B92A,d6ab01a666da79dfec546538f8d028bc0e4c6f1a1ba827e169b82feac1782fa0,148dea3b4329514191dabb720622026e5fd1bfcc205636a97eb36ac20b137612,23,5e9c8e083bbbb2ce44529329e672c06ceaf13d6bfe5370d01bac60375909078e,CE'|CF'|single,CE',CF',single,"[""C1"",""C1'"",""C11"",""C12"",""C14"",""C15"",""C16"",""C17"",""C2"",""C2'"",""C20"",""C21"",""C3"",""C3'"",""C4"",""C4'"",""C42"",""C5"",""C5'"",""C6"",""C6'"",""C7"",""C7'"",""C9"",""C9'"",""CB'"",""CC'"",""CE'"",""CG'"",""CH'"",""N19"",""N24"",""NJ'"",""NK'"",""NO'"",""O10"",""O22"",""O8"",""O8'"",""OA'"",""OI'"",""S18""]","[""C1"",""C1'"",""C11"",""C12"",""C14"",""C15"",""C16"",""C17"",""C2"",""C2'"",""C3"",""C3'"",""C4"",""C4'"",""C42"",""C5"",""C5'"",""C6"",""C6'"",""C7"",""C7'"",""C9"",""C9'"",""CB'"",""CC'"",""CE'"",""CG'"",""CH'"",""N19"",""N24"",""NJ'"",""NO'"",""O10"",""O8"",""O8'"",""OA'"",""OI'"",""S18""]","[""C20"",""C21"",""NK'"",""O22""]",[],42,1,true,true,,bd4b14f865ce8758c825d6e3d6bbef1ddcc3b9ea9091462d0fec2e356714592c
covapie_current11_warhead_atom_set_and_attachment_boundary_review_option_v1,161,24,CYS_SG_SAMPLE_INDEX_000009,1AYV,IN6,5,COVAPIE_CYS_SG_WARHEAD_TYPE_CLASS_DF48FCEE8872B92A,COVAPIE_CYS_SG_REACTION_FAMILY_888A8E40AB92B0F8,COVAPIE_CYS_SG_WARHEAD_RULE_DF48FCEE8872B92A,d6ab01a666da79dfec546538f8d028bc0e4c6f1a1ba827e169b82feac1782fa0,148dea3b4329514191dabb720622026e5fd1bfcc205636a97eb36ac20b137612,24,799f3737927ea3c3c4fa38143257bfee81e94dfd61ca5aea847e275cf5a537d6,CE'|CG'|single,CE',CG',single,"[""C1"",""C1'"",""C11"",""C12"",""C14"",""C15"",""C16"",""C17"",""C2"",""C2'"",""C20"",""C21"",""C3"",""C3'"",""C4"",""C4'"",""C42"",""C5"",""C5'"",""C6"",""C6'"",""C7"",""C7'"",""C9"",""C9'"",""CB'"",""CC'"",""CE'"",""CF'"",""CH'"",""N19"",""N24"",""NJ'"",""NK'"",""NO'"",""O10"",""O22"",""O8"",""O8'"",""OA'"",""OI'"",""S18""]","[""C1"",""C1'"",""C11"",""C12"",""C14"",""C15"",""C16"",""C17"",""C2"",""C2'"",""C3"",""C3'"",""C4"",""C4'"",""C42"",""C5"",""C5'"",""C6"",""C6'"",""C7"",""C7'"",""C9"",""C9'"",""CB'"",""CC'"",""CE'"",""CF'"",""CH'"",""N19"",""N24"",""NJ'"",""NO'"",""O10"",""O8"",""O8'"",""OA'"",""OI'"",""S18""]","[""C20"",""C21"",""NK'"",""O22""]",[],42,1,true,true,,5fc3708ef05f3434c662a785010f8c8027a4150d84039de06f0e55231b35ea78
covapie_current11_warhead_atom_set_and_attachment_boundary_review_option_v1,162,25,CYS_SG_SAMPLE_INDEX_000009,1AYV,IN6,5,COVAPIE_CYS_SG_WARHEAD_TYPE_CLASS_DF48FCEE8872B92A,COVAPIE_CYS_SG_REACTION_FAMILY_888A8E40AB92B0F8,COVAPIE_CYS_SG_WARHEAD_RULE_DF48FCEE8872B92A,d6ab01a666da79dfec546538f8d028bc0e4c6f1a1ba827e169b82feac1782fa0,148dea3b4329514191dabb720622026e5fd1bfcc205636a97eb36ac20b137612,25,1da5735be71e6d842ae4fd72ad544a67e8d19d476e9f3889f69ebc8540f2b801,CH'|NJ'|single,NJ',CH',single,"[""C1"",""C11"",""C12"",""C14"",""C15"",""C16"",""C17"",""C2"",""C20"",""C21"",""C3"",""C4"",""C42"",""C5"",""C6"",""C7"",""C9"",""N19"",""N24"",""NJ'"",""NK'"",""O10"",""O22"",""O8"",""S18""]","[""C1"",""C11"",""C12"",""C14"",""C15"",""C16"",""C17"",""C2"",""C3"",""C4"",""C42"",""C5"",""C6"",""C7"",""C9"",""N19"",""N24"",""NJ'"",""O10"",""O8"",""S18""]","[""C20"",""C21"",""NK'"",""O22""]",[],25,18,true,true,,b9b4adfc8320d95bfa44cabf09cff97046bba9020050a43769cc745ec5d375a9
covapie_current11_warhead_atom_set_and_attachment_boundary_review_option_v1,163,26,CYS_SG_SAMPLE_INDEX_000009,1AYV,IN6,5,COVAPIE_CYS_SG_WARHEAD_TYPE_CLASS_DF48FCEE8872B92A,COVAPIE_CYS_SG_REACTION_FAMILY_888A8E40AB92B0F8,COVAPIE_CYS_SG_WARHEAD_RULE_DF48FCEE8872B92A,d6ab01a666da79dfec546538f8d028bc0e4c6f1a1ba827e169b82feac1782fa0,148dea3b4329514191dabb720622026e5fd1bfcc205636a97eb36ac20b137612,26,e80ac66e65f59d76073f28170fd7d3d10db7f0dc9bc1419f2724c33d669a9902,CH'|OI'|double,CH',OI',double,"[""C1"",""C1'"",""C11"",""C12"",""C14"",""C15"",""C16"",""C17"",""C2"",""C2'"",""C20"",""C21"",""C3"",""C3'"",""C4"",""C4'"",""C42"",""C5"",""C5'"",""C6"",""C6'"",""C7"",""C7'"",""C9"",""C9'"",""CB'"",""CC'"",""CE'"",""CF'"",""CG'"",""CH'"",""N19"",""N24"",""NJ'"",""NK'"",""NO'"",""O10"",""O22"",""O8"",""O8'"",""OA'"",""S18""]","[""C1"",""C1'"",""C11"",""C12"",""C14"",""C15"",""C16"",""C17"",""C2"",""C2'"",""C3"",""C3'"",""C4"",""C4'"",""C42"",""C5"",""C5'"",""C6"",""C6'"",""C7"",""C7'"",""C9"",""C9'"",""CB'"",""CC'"",""CE'"",""CF'"",""CG'"",""CH'"",""N19"",""N24"",""NJ'"",""NO'"",""O10"",""O8"",""O8'"",""OA'"",""S18""]","[""C20"",""C21"",""NK'"",""O22""]",[],42,1,true,true,,5aee27a39df36152c8284044c9a904eb2a3625db692d07339cb5ade052479026
covapie_current11_warhead_atom_set_and_attachment_boundary_review_option_v1,164,27,CYS_SG_SAMPLE_INDEX_000009,1AYV,IN6,5,COVAPIE_CYS_SG_WARHEAD_TYPE_CLASS_DF48FCEE8872B92A,COVAPIE_CYS_SG_REACTION_FAMILY_888A8E40AB92B0F8,COVAPIE_CYS_SG_WARHEAD_RULE_DF48FCEE8872B92A,d6ab01a666da79dfec546538f8d028bc0e4c6f1a1ba827e169b82feac1782fa0,148dea3b4329514191dabb720622026e5fd1bfcc205636a97eb36ac20b137612,27,5d8d3bcf48faa3a7f8978aa8e2bff08e0f81fbac545f29883c08b8aebef0a24a,NJ'|NK'|single,NK',NJ',single,"[""C1"",""C11"",""C12"",""C14"",""C15"",""C16"",""C17"",""C2"",""C20"",""C21"",""C3"",""C4"",""C42"",""C5"",""C6"",""C7"",""C9"",""N19"",""N24"",""NK'"",""O10"",""O22"",""O8"",""S18""]","[""C1"",""C11"",""C12"",""C14"",""C15"",""C16"",""C17"",""C2"",""C3"",""C4"",""C42"",""C5"",""C6"",""C7"",""C9"",""N19"",""N24"",""O10"",""O8"",""S18""]","[""C20"",""C21"",""NK'"",""O22""]",[],24,19,true,true,,20925c7d37bb9a769f0a6f204b84f090bdd6a526044dafb63826cb23e547934a
covapie_current11_warhead_atom_set_and_attachment_boundary_review_option_v1,165,0,CYS_SG_SAMPLE_INDEX_000010,1AYW,IN3,0,COVAPIE_CYS_SG_WARHEAD_TYPE_CLASS_106441A31FA4F951,COVAPIE_CYS_SG_REACTION_FAMILY_11AA213C661B48E3,COVAPIE_CYS_SG_WARHEAD_RULE_106441A31FA4F951,e1f491c7d4b9e68dd9fb6a76a7e34792f72ff0afdf84f374660731b644682731,e9e24e75e00cdb6b7ec64870f107c9de22b4ed3486ce59b1d70875df24f1558c,0,5f76cf35d0785bfcad39e1b81baf8b7fcc8691ba50b680e20a6f6263a625f04c,C11|C17|single,C17,C11,single,"[""C1'"",""C17"",""C2'"",""C21"",""C3'"",""C4'"",""C5'"",""C6'"",""C7'"",""C9'"",""CB'"",""CC'"",""CE'"",""CF'"",""CG'"",""CH'"",""N19"",""N20"",""NJ'"",""NK'"",""NO'"",""O18"",""O22"",""O8'"",""OA'"",""OI'""]","[""C1'"",""C17"",""C2'"",""C3'"",""C4'"",""C5'"",""C6'"",""C7'"",""C9'"",""CB'"",""CC'"",""CE'"",""CF'"",""CG'"",""CH'"",""N19"",""NJ'"",""NO'"",""O18"",""O8'"",""OA'"",""OI'""]","[""C21"",""N20"",""NK'"",""O22""]",[],26,14,true,true,,c5b4918b5f569da673bab21e907c1c416640933a34e7cbb4401cc058bbb17ebc
covapie_current11_warhead_atom_set_and_attachment_boundary_review_option_v1,166,1,CYS_SG_SAMPLE_INDEX_000010,1AYW,IN3,0,COVAPIE_CYS_SG_WARHEAD_TYPE_CLASS_106441A31FA4F951,COVAPIE_CYS_SG_REACTION_FAMILY_11AA213C661B48E3,COVAPIE_CYS_SG_WARHEAD_RULE_106441A31FA4F951,e1f491c7d4b9e68dd9fb6a76a7e34792f72ff0afdf84f374660731b644682731,e9e24e75e00cdb6b7ec64870f107c9de22b4ed3486ce59b1d70875df24f1558c,1,689a5b39f98e69656a91ced08b7790099078efcc3aad0a82ea81c8fe90ebc76a,C17|N19|single,N19,C17,single,"[""C1'"",""C2'"",""C21"",""C3'"",""C4'"",""C5'"",""C6'"",""C7'"",""C9'"",""CB'"",""CC'"",""CE'"",""CF'"",""CG'"",""CH'"",""N19"",""N20"",""NJ'"",""NK'"",""NO'"",""O22"",""O8'"",""OA'"",""OI'""]","[""C1'"",""C2'"",""C3'"",""C4'"",""C5'"",""C6'"",""C7'"",""C9'"",""CB'"",""CC'"",""CE'"",""CF'"",""CG'"",""CH'"",""N19"",""NJ'"",""NO'"",""O8'"",""OA'"",""OI'""]","[""C21"",""N20"",""NK'"",""O22""]",[],24,16,true,true,,715f7e7fc4d5645034f9b7e89b2e6f0f5b22dcdd6ed6560dae4e1331579f1637
covapie_current11_warhead_atom_set_and_attachment_boundary_review_option_v1,167,2,CYS_SG_SAMPLE_INDEX_000010,1AYW,IN3,0,COVAPIE_CYS_SG_WARHEAD_TYPE_CLASS_106441A31FA4F951,COVAPIE_CYS_SG_REACTION_FAMILY_11AA213C661B48E3,COVAPIE_CYS_SG_WARHEAD_RULE_106441A31FA4F951,e1f491c7d4b9e68dd9fb6a76a7e34792f72ff0afdf84f374660731b644682731,e9e24e75e00cdb6b7ec64870f107c9de22b4ed3486ce59b1d70875df24f1558c,2,2ed4cfc6b24b7450557e48b6b0031755ad5c3553cc7739631cc1c4a31d27465c,C17|O18|double,C17,O18,double,"[""C1"",""C1'"",""C10"",""C11"",""C12"",""C14"",""C17"",""C2"",""C2'"",""C21"",""C24"",""C3"",""C3'"",""C4"",""C4'"",""C5"",""C5'"",""C6"",""C6'"",""C7"",""C7'"",""C9"",""C9'"",""CB'"",""CC'"",""CE'"",""CF'"",""CG'"",""CH'"",""N19"",""N20"",""NJ'"",""NK'"",""NO'"",""O22"",""O8"",""O8'"",""OA'"",""OI'""]","[""C1"",""C1'"",""C10"",""C11"",""C12"",""C14"",""C17"",""C2"",""C2'"",""C24"",""C3"",""C3'"",""C4"",""C4'"",""C5"",""C5'"",""C6"",""C6'"",""C7"",""C7'"",""C9"",""C9'"",""CB'"",""CC'"",""CE'"",""CF'"",""CG'"",""CH'"",""N19"",""NJ'"",""NO'"",""O8"",""O8'"",""OA'"",""OI'""]","[""C21"",""N20"",""NK'"",""O22""]",[],39,1,true,true,,9178130d4ffe3796fa6ff705f1491617279c65b6483964f1274781ac499c094c
covapie_current11_warhead_atom_set_and_attachment_boundary_review_option_v1,168,3,CYS_SG_SAMPLE_INDEX_000010,1AYW,IN3,0,COVAPIE_CYS_SG_WARHEAD_TYPE_CLASS_106441A31FA4F951,COVAPIE_CYS_SG_REACTION_FAMILY_11AA213C661B48E3,COVAPIE_CYS_SG_WARHEAD_RULE_106441A31FA4F951,e1f491c7d4b9e68dd9fb6a76a7e34792f72ff0afdf84f374660731b644682731,e9e24e75e00cdb6b7ec64870f107c9de22b4ed3486ce59b1d70875df24f1558c,3,507ccd021914b456116b4367e589009d924d4531524181d010188aca95a04e02,C21|N20|single,C21,N20,single,"[""C1'"",""C2'"",""C21"",""C3'"",""C4'"",""C5'"",""C6'"",""C7'"",""C9'"",""CB'"",""CC'"",""CE'"",""CF'"",""CG'"",""CH'"",""NJ'"",""NK'"",""NO'"",""O22"",""O8'"",""OA'"",""OI'""]","[""C1'"",""C2'"",""C3'"",""C4'"",""C5'"",""C6'"",""C7'"",""C9'"",""CB'"",""CC'"",""CE'"",""CF'"",""CG'"",""CH'"",""NJ'"",""NO'"",""O8'"",""OA'"",""OI'""]","[""C21"",""N20"",""NK'"",""O22""]",[],22,18,false,false,candidate_missing_local_reaction_center,153b98a9d2871e3c0254267be73aabb17e5706f2dd8653cf78cf7ad5c4895cb0
covapie_current11_warhead_atom_set_and_attachment_boundary_review_option_v1,169,4,CYS_SG_SAMPLE_INDEX_000010,1AYW,IN3,0,COVAPIE_CYS_SG_WARHEAD_TYPE_CLASS_106441A31FA4F951,COVAPIE_CYS_SG_REACTION_FAMILY_11AA213C661B48E3,COVAPIE_CYS_SG_WARHEAD_RULE_106441A31FA4F951,e1f491c7d4b9e68dd9fb6a76a7e34792f72ff0afdf84f374660731b644682731,e9e24e75e00cdb6b7ec64870f107c9de22b4ed3486ce59b1d70875df24f1558c,4,fa41dc793810061e70727a6f06b0e27007a60825124fe65cf002ab0b522b6b50,C21|NK'|single,C21,NK',single,"[""C1"",""C10"",""C11"",""C12"",""C14"",""C17"",""C2"",""C21"",""C24"",""C3"",""C4"",""C5"",""C6"",""C7"",""C9"",""N19"",""N20"",""O18"",""O22"",""O8""]","[""C1"",""C10"",""C11"",""C12"",""C14"",""C17"",""C2"",""C24"",""C3"",""C4"",""C5"",""C6"",""C7"",""C9"",""N19"",""O18"",""O8""]","[""C21"",""N20"",""NK'"",""O22""]",[],20,20,false,false,candidate_missing_local_reaction_center,8d4bc261b51ab7fd34ae25331815821ae205155b7d3dd6b734dce80d5c185350
covapie_current11_warhead_atom_set_and_attachment_boundary_review_option_v1,170,5,CYS_SG_SAMPLE_INDEX_000010,1AYW,IN3,0,COVAPIE_CYS_SG_WARHEAD_TYPE_CLASS_106441A31FA4F951,COVAPIE_CYS_SG_REACTION_FAMILY_11AA213C661B48E3,COVAPIE_CYS_SG_WARHEAD_RULE_106441A31FA4F951,e1f491c7d4b9e68dd9fb6a76a7e34792f72ff0afdf84f374660731b644682731,e9e24e75e00cdb6b7ec64870f107c9de22b4ed3486ce59b1d70875df24f1558c,5,3971c380485a9d43b03d51b2175d0f7806317981628df58b83cdbe2a6e7ab3a8,C21|O22|double,C21,O22,double,"[""C1"",""C1'"",""C10"",""C11"",""C12"",""C14"",""C17"",""C2"",""C2'"",""C21"",""C24"",""C3"",""C3'"",""C4"",""C4'"",""C5"",""C5'"",""C6"",""C6'"",""C7"",""C7'"",""C9"",""C9'"",""CB'"",""CC'"",""CE'"",""CF'"",""CG'"",""CH'"",""N19"",""N20"",""NJ'"",""NK'"",""NO'"",""O18"",""O8"",""O8'"",""OA'"",""OI'""]","[""C1"",""C1'"",""C10"",""C11"",""C12"",""C14"",""C17"",""C2"",""C2'"",""C24"",""C3"",""C3'"",""C4"",""C4'"",""C5"",""C5'"",""C6"",""C6'"",""C7"",""C7'"",""C9"",""C9'"",""CB'"",""CC'"",""CE'"",""CF'"",""CG'"",""CH'"",""N19"",""NJ'"",""NO'"",""O18"",""O8"",""O8'"",""OA'"",""OI'""]","[""C21"",""N20"",""NK'"",""O22""]",[],39,1,false,false,candidate_missing_local_reaction_center,c1affc62712a7471c8a47455ec5f97310d81a8823adc530573420f3708501688
covapie_current11_warhead_atom_set_and_attachment_boundary_review_option_v1,171,6,CYS_SG_SAMPLE_INDEX_000010,1AYW,IN3,0,COVAPIE_CYS_SG_WARHEAD_TYPE_CLASS_106441A31FA4F951,COVAPIE_CYS_SG_REACTION_FAMILY_11AA213C661B48E3,COVAPIE_CYS_SG_WARHEAD_RULE_106441A31FA4F951,e1f491c7d4b9e68dd9fb6a76a7e34792f72ff0afdf84f374660731b644682731,e9e24e75e00cdb6b7ec64870f107c9de22b4ed3486ce59b1d70875df24f1558c,6,56eefc69b0bc1bdb08ec01c6eb363d9e8114d2b4cde2da0221d6df08742da635,C4'|C7'|single,C7',C4',single,"[""C1"",""C10"",""C11"",""C12"",""C14"",""C17"",""C2"",""C21"",""C24"",""C3"",""C4"",""C5"",""C6"",""C7"",""C7'"",""C9"",""C9'"",""CB'"",""CC'"",""CE'"",""CF'"",""CG'"",""CH'"",""N19"",""N20"",""NJ'"",""NK'"",""NO'"",""O18"",""O22"",""O8"",""O8'"",""OA'"",""OI'""]","[""C1"",""C10"",""C11"",""C12"",""C14"",""C17"",""C2"",""C24"",""C3"",""C4"",""C5"",""C6"",""C7"",""C7'"",""C9"",""C9'"",""CB'"",""CC'"",""CE'"",""CF'"",""CG'"",""CH'"",""N19"",""NJ'"",""NO'"",""O18"",""O8"",""O8'"",""OA'"",""OI'""]","[""C21"",""N20"",""NK'"",""O22""]",[],34,6,true,true,,da979f347c935a2269cbbedd4cd2c0fa0bb303705125555374ead9788117258e
covapie_current11_warhead_atom_set_and_attachment_boundary_review_option_v1,172,7,CYS_SG_SAMPLE_INDEX_000010,1AYW,IN3,0,COVAPIE_CYS_SG_WARHEAD_TYPE_CLASS_106441A31FA4F951,COVAPIE_CYS_SG_REACTION_FAMILY_11AA213C661B48E3,COVAPIE_CYS_SG_WARHEAD_RULE_106441A31FA4F951,e1f491c7d4b9e68dd9fb6a76a7e34792f72ff0afdf84f374660731b644682731,e9e24e75e00cdb6b7ec64870f107c9de22b4ed3486ce59b1d70875df24f1558c,7,804105827beef09b0980779f9e20af180d2499041fe14a85a373811b5a07a8a3,C4|C7|single,C7,C4,single,"[""C1'"",""C10"",""C11"",""C12"",""C14"",""C17"",""C2'"",""C21"",""C24"",""C3'"",""C4'"",""C5'"",""C6'"",""C7"",""C7'"",""C9"",""C9'"",""CB'"",""CC'"",""CE'"",""CF'"",""CG'"",""CH'"",""N19"",""N20"",""NJ'"",""NK'"",""NO'"",""O18"",""O22"",""O8"",""O8'"",""OA'"",""OI'""]","[""C1'"",""C10"",""C11"",""C12"",""C14"",""C17"",""C2'"",""C24"",""C3'"",""C4'"",""C5'"",""C6'"",""C7"",""C7'"",""C9"",""C9'"",""CB'"",""CC'"",""CE'"",""CF'"",""CG'"",""CH'"",""N19"",""NJ'"",""NO'"",""O18"",""O8"",""O8'"",""OA'"",""OI'""]","[""C21"",""N20"",""NK'"",""O22""]",[],34,6,true,true,,5b68d8c4eeb988c489b9c433c598ba11c311ba25b8d5b1b892d6142c83efadeb
covapie_current11_warhead_atom_set_and_attachment_boundary_review_option_v1,173,8,CYS_SG_SAMPLE_INDEX_000010,1AYW,IN3,0,COVAPIE_CYS_SG_WARHEAD_TYPE_CLASS_106441A31FA4F951,COVAPIE_CYS_SG_REACTION_FAMILY_11AA213C661B48E3,COVAPIE_CYS_SG_WARHEAD_RULE_106441A31FA4F951,e1f491c7d4b9e68dd9fb6a76a7e34792f72ff0afdf84f374660731b644682731,e9e24e75e00cdb6b7ec64870f107c9de22b4ed3486ce59b1d70875df24f1558c,8,f8568b703f7328ef1e3a94d89a23d8c3edc49d5f9a5915794ac955bd505b2928,C7'|O8'|single,O8',C7',single,"[""C1"",""C10"",""C11"",""C12"",""C14"",""C17"",""C2"",""C21"",""C24"",""C3"",""C4"",""C5"",""C6"",""C7"",""C9"",""C9'"",""CB'"",""CC'"",""CE'"",""CF'"",""CG'"",""CH'"",""N19"",""N20"",""NJ'"",""NK'"",""NO'"",""O18"",""O22"",""O8"",""O8'"",""OA'"",""OI'""]","[""C1"",""C10"",""C11"",""C12"",""C14"",""C17"",""C2"",""C24"",""C3"",""C4"",""C5"",""C6"",""C7"",""C9"",""C9'"",""CB'"",""CC'"",""CE'"",""CF'"",""CG'"",""CH'"",""N19"",""NJ'"",""NO'"",""O18"",""O8"",""O8'"",""OA'"",""OI'""]","[""C21"",""N20"",""NK'"",""O22""]",[],33,7,true,true,,e4f55f4d617ce6bb5f0034f48641dfe24aa1c58fc816bd1a89d7561e2a33ef2d
covapie_current11_warhead_atom_set_and_attachment_boundary_review_option_v1,174,9,CYS_SG_SAMPLE_INDEX_000010,1AYW,IN3,0,COVAPIE_CYS_SG_WARHEAD_TYPE_CLASS_106441A31FA4F951,COVAPIE_CYS_SG_REACTION_FAMILY_11AA213C661B48E3,COVAPIE_CYS_SG_WARHEAD_RULE_106441A31FA4F951,e1f491c7d4b9e68dd9fb6a76a7e34792f72ff0afdf84f374660731b644682731,e9e24e75e00cdb6b7ec64870f107c9de22b4ed3486ce59b1d70875df24f1558c,9,8da88ee6441760386ff28a5d71d433545873c2ca4b2a3b9c5f68e54d5e4d4954,C7|O8|single,O8,C7,single,"[""C1'"",""C10"",""C11"",""C12"",""C14"",""C17"",""C2'"",""C21"",""C24"",""C3'"",""C4'"",""C5'"",""C6'"",""C7'"",""C9"",""C9'"",""CB'"",""CC'"",""CE'"",""CF'"",""CG'"",""CH'"",""N19"",""N20"",""NJ'"",""NK'"",""NO'"",""O18"",""O22"",""O8"",""O8'"",""OA'"",""OI'""]","[""C1'"",""C10"",""C11"",""C12"",""C14"",""C17"",""C2'"",""C24"",""C3'"",""C4'"",""C5'"",""C6'"",""C7'"",""C9"",""C9'"",""CB'"",""CC'"",""CE'"",""CF'"",""CG'"",""CH'"",""N19"",""NJ'"",""NO'"",""O18"",""O8"",""O8'"",""OA'"",""OI'""]","[""C21"",""N20"",""NK'"",""O22""]",[],33,7,true,true,,6733d6a3b08d070dc2e271fe4e962a398ada223c7c7177e326595418ccbfdc94
covapie_current11_warhead_atom_set_and_attachment_boundary_review_option_v1,175,10,CYS_SG_SAMPLE_INDEX_000010,1AYW,IN3,0,COVAPIE_CYS_SG_WARHEAD_TYPE_CLASS_106441A31FA4F951,COVAPIE_CYS_SG_REACTION_FAMILY_11AA213C661B48E3,COVAPIE_CYS_SG_WARHEAD_RULE_106441A31FA4F951,e1f491c7d4b9e68dd9fb6a76a7e34792f72ff0afdf84f374660731b644682731,e9e24e75e00cdb6b7ec64870f107c9de22b4ed3486ce59b1d70875df24f1558c,10,0ee1bff1aa37eb6392a4f3fb9f930a68a9bd4efb9e96e13bb0c473d454f3c8c2,C9'|NO'|single,NO',C9',single,"[""C1"",""C10"",""C11"",""C12"",""C14"",""C17"",""C2"",""C21"",""C24"",""C3"",""C4"",""C5"",""C6"",""C7"",""C9"",""CB'"",""CC'"",""CE'"",""CF'"",""CG'"",""CH'"",""N19"",""N20"",""NJ'"",""NK'"",""NO'"",""O18"",""O22"",""O8"",""OI'""]","[""C1"",""C10"",""C11"",""C12"",""C14"",""C17"",""C2"",""C24"",""C3"",""C4"",""C5"",""C6"",""C7"",""C9"",""CB'"",""CC'"",""CE'"",""CF'"",""CG'"",""CH'"",""N19"",""NJ'"",""NO'"",""O18"",""O8"",""OI'""]","[""C21"",""N20"",""NK'"",""O22""]",[],30,10,true,true,,974b70db536848e3e359d1127eafc2d5b210e8fe1f2b958e6b47016bcaec272b
covapie_current11_warhead_atom_set_and_attachment_boundary_review_option_v1,176,11,CYS_SG_SAMPLE_INDEX_000010,1AYW,IN3,0,COVAPIE_CYS_SG_WARHEAD_TYPE_CLASS_106441A31FA4F951,COVAPIE_CYS_SG_REACTION_FAMILY_11AA213C661B48E3,COVAPIE_CYS_SG_WARHEAD_RULE_106441A31FA4F951,e1f491c7d4b9e68dd9fb6a76a7e34792f72ff0afdf84f374660731b644682731,e9e24e75e00cdb6b7ec64870f107c9de22b4ed3486ce59b1d70875df24f1558c,11,760be9f74583de0ba18d3ab8656670df4ce7d5564b5cce179112c1d8c6fc9c9e,C9'|O8'|single,C9',O8',single,"[""C1"",""C10"",""C11"",""C12"",""C14"",""C17"",""C2"",""C21"",""C24"",""C3"",""C4"",""C5"",""C6"",""C7"",""C9"",""C9'"",""CB'"",""CC'"",""CE'"",""CF'"",""CG'"",""CH'"",""N19"",""N20"",""NJ'"",""NK'"",""NO'"",""O18"",""O22"",""O8"",""OA'"",""OI'""]","[""C1"",""C10"",""C11"",""C12"",""C14"",""C17"",""C2"",""C24"",""C3"",""C4"",""C5"",""C6"",""C7"",""C9"",""C9'"",""CB'"",""CC'"",""CE'"",""CF'"",""CG'"",""CH'"",""N19"",""NJ'"",""NO'"",""O18"",""O8"",""OA'"",""OI'""]","[""C21"",""N20"",""NK'"",""O22""]",[],32,8,true,true,,721a5f36c71afba3ae39d1574fb385feaf70ae6c2b796bb0d30f5bb589805323
covapie_current11_warhead_atom_set_and_attachment_boundary_review_option_v1,177,12,CYS_SG_SAMPLE_INDEX_000010,1AYW,IN3,0,COVAPIE_CYS_SG_WARHEAD_TYPE_CLASS_106441A31FA4F951,COVAPIE_CYS_SG_REACTION_FAMILY_11AA213C661B48E3,COVAPIE_CYS_SG_WARHEAD_RULE_106441A31FA4F951,e1f491c7d4b9e68dd9fb6a76a7e34792f72ff0afdf84f374660731b644682731,e9e24e75e00cdb6b7ec64870f107c9de22b4ed3486ce59b1d70875df24f1558c,12,aab3a249f816e30046441e9fb726e2cb48342dcee9a87a64c9b863b042667474,C9'|OA'|double,C9',OA',double,"[""C1"",""C1'"",""C10"",""C11"",""C12"",""C14"",""C17"",""C2"",""C2'"",""C21"",""C24"",""C3"",""C3'"",""C4"",""C4'"",""C5"",""C5'"",""C6"",""C6'"",""C7"",""C7'"",""C9"",""C9'"",""CB'"",""CC'"",""CE'"",""CF'"",""CG'"",""CH'"",""N19"",""N20"",""NJ'"",""NK'"",""NO'"",""O18"",""O22"",""O8"",""O8'"",""OI'""]","[""C1"",""C1'"",""C10"",""C11"",""C12"",""C14"",""C17"",""C2"",""C2'"",""C24"",""C3"",""C3'"",""C4"",""C4'"",""C5"",""C5'"",""C6"",""C6'"",""C7"",""C7'"",""C9"",""C9'"",""CB'"",""CC'"",""CE'"",""CF'"",""CG'"",""CH'"",""N19"",""NJ'"",""NO'"",""O18"",""O8"",""O8'"",""OI'""]","[""C21"",""N20"",""NK'"",""O22""]",[],39,1,true,true,,c38bdd7348f83c4524f18ba8ba0b7460b2c76d21c6f413be2d6b6b4d20dc9c13
covapie_current11_warhead_atom_set_and_attachment_boundary_review_option_v1,178,13,CYS_SG_SAMPLE_INDEX_000010,1AYW,IN3,0,COVAPIE_CYS_SG_WARHEAD_TYPE_CLASS_106441A31FA4F951,COVAPIE_CYS_SG_REACTION_FAMILY_11AA213C661B48E3,COVAPIE_CYS_SG_WARHEAD_RULE_106441A31FA4F951,e1f491c7d4b9e68dd9fb6a76a7e34792f72ff0afdf84f374660731b644682731,e9e24e75e00cdb6b7ec64870f107c9de22b4ed3486ce59b1d70875df24f1558c,13,2e5c3dbe6742e0408416dd370ef8e835c4033a8719d82746b559b71a3e77919d,C9|O8|single,C9,O8,single,"[""C1'"",""C10"",""C11"",""C12"",""C14"",""C17"",""C2'"",""C21"",""C24"",""C3'"",""C4'"",""C5'"",""C6'"",""C7'"",""C9"",""C9'"",""CB'"",""CC'"",""CE'"",""CF'"",""CG'"",""CH'"",""N19"",""N20"",""NJ'"",""NK'"",""NO'"",""O18"",""O22"",""O8'"",""OA'"",""OI'""]","[""C1'"",""C10"",""C11"",""C12"",""C14"",""C17"",""C2'"",""C24"",""C3'"",""C4'"",""C5'"",""C6'"",""C7'"",""C9"",""C9'"",""CB'"",""CC'"",""CE'"",""CF'"",""CG'"",""CH'"",""N19"",""NJ'"",""NO'"",""O18"",""O8'"",""OA'"",""OI'""]","[""C21"",""N20"",""NK'"",""O22""]",[],32,8,true,true,,c249e5f91fddfa72ae105345f591488081b70a01050d7292cf555a16c6e1ec14
covapie_current11_warhead_atom_set_and_attachment_boundary_review_option_v1,179,14,CYS_SG_SAMPLE_INDEX_000010,1AYW,IN3,0,COVAPIE_CYS_SG_WARHEAD_TYPE_CLASS_106441A31FA4F951,COVAPIE_CYS_SG_REACTION_FAMILY_11AA213C661B48E3,COVAPIE_CYS_SG_WARHEAD_RULE_106441A31FA4F951,e1f491c7d4b9e68dd9fb6a76a7e34792f72ff0afdf84f374660731b644682731,e9e24e75e00cdb6b7ec64870f107c9de22b4ed3486ce59b1d70875df24f1558c,14,b1b04ad43e9e20b6a118b4de56e27765fde1ea10ccc86763a059442971af21b0,CB'|CC'|single,CB',CC',single,"[""C1"",""C1'"",""C10"",""C11"",""C12"",""C14"",""C17"",""C2"",""C2'"",""C21"",""C24"",""C3"",""C3'"",""C4"",""C4'"",""C5"",""C5'"",""C6"",""C6'"",""C7"",""C7'"",""C9"",""C9'"",""CB'"",""CH'"",""N19"",""N20"",""NJ'"",""NK'"",""NO'"",""O18"",""O22"",""O8"",""O8'"",""OA'"",""OI'""]","[""C1"",""C1'"",""C10"",""C11"",""C12"",""C14"",""C17"",""C2"",""C2'"",""C24"",""C3"",""C3'"",""C4"",""C4'"",""C5"",""C5'"",""C6"",""C6'"",""C7"",""C7'"",""C9"",""C9'"",""CB'"",""CH'"",""N19"",""NJ'"",""NO'"",""O18"",""O8"",""O8'"",""OA'"",""OI'""]","[""C21"",""N20"",""NK'"",""O22""]",[],36,4,true,true,,19e00c294a5a401ded2a7d8bf174f1eb6abaef77719125e2269cad2073a024b6
covapie_current11_warhead_atom_set_and_attachment_boundary_review_option_v1,180,15,CYS_SG_SAMPLE_INDEX_000010,1AYW,IN3,0,COVAPIE_CYS_SG_WARHEAD_TYPE_CLASS_106441A31FA4F951,COVAPIE_CYS_SG_REACTION_FAMILY_11AA213C661B48E3,COVAPIE_CYS_SG_WARHEAD_RULE_106441A31FA4F951,e1f491c7d4b9e68dd9fb6a76a7e34792f72ff0afdf84f374660731b644682731,e9e24e75e00cdb6b7ec64870f107c9de22b4ed3486ce59b1d70875df24f1558c,15,e9c6e9388cf27e1acd49518f29d344dc97c0933c1de0c081d951e68b0e6b5cd4,CB'|CH'|single,CH',CB',single,"[""C1"",""C10"",""C11"",""C12"",""C14"",""C17"",""C2"",""C21"",""C24"",""C3"",""C4"",""C5"",""C6"",""C7"",""C9"",""CH'"",""N19"",""N20"",""NJ'"",""NK'"",""O18"",""O22"",""O8"",""OI'""]","[""C1"",""C10"",""C11"",""C12"",""C14"",""C17"",""C2"",""C24"",""C3"",""C4"",""C5"",""C6"",""C7"",""C9"",""CH'"",""N19"",""NJ'"",""O18"",""O8"",""OI'""]","[""C21"",""N20"",""NK'"",""O22""]",[],24,16,true,true,,443241cf9d1d974a95e45132ed92f0f16e74f789db35edd9606389ab6db32cb1
covapie_current11_warhead_atom_set_and_attachment_boundary_review_option_v1,181,16,CYS_SG_SAMPLE_INDEX_000010,1AYW,IN3,0,COVAPIE_CYS_SG_WARHEAD_TYPE_CLASS_106441A31FA4F951,COVAPIE_CYS_SG_REACTION_FAMILY_11AA213C661B48E3,COVAPIE_CYS_SG_WARHEAD_RULE_106441A31FA4F951,e1f491c7d4b9e68dd9fb6a76a7e34792f72ff0afdf84f374660731b644682731,e9e24e75e00cdb6b7ec64870f107c9de22b4ed3486ce59b1d70875df24f1558c,16,14e047c48f85be8ab0bb4c2da794cb2ea844a3f072e38ae830222190f7ec3196,CB'|NO'|single,CB',NO',single,"[""C1"",""C10"",""C11"",""C12"",""C14"",""C17"",""C2"",""C21"",""C24"",""C3"",""C4"",""C5"",""C6"",""C7"",""C9"",""CB'"",""CC'"",""CE'"",""CF'"",""CG'"",""CH'"",""N19"",""N20"",""NJ'"",""NK'"",""O18"",""O22"",""O8"",""OI'""]","[""C1"",""C10"",""C11"",""C12"",""C14"",""C17"",""C2"",""C24"",""C3"",""C4"",""C5"",""C6"",""C7"",""C9"",""CB'"",""CC'"",""CE'"",""CF'"",""CG'"",""CH'"",""N19"",""NJ'"",""O18"",""O8"",""OI'""]","[""C21"",""N20"",""NK'"",""O22""]",[],29,11,true,true,,734c52eb374c843ab63e7f00cdeb9460c6847783c9a612585e1f73bd682c5721
covapie_current11_warhead_atom_set_and_attachment_boundary_review_option_v1,182,17,CYS_SG_SAMPLE_INDEX_000010,1AYW,IN3,0,COVAPIE_CYS_SG_WARHEAD_TYPE_CLASS_106441A31FA4F951,COVAPIE_CYS_SG_REACTION_FAMILY_11AA213C661B48E3,COVAPIE_CYS_SG_WARHEAD_RULE_106441A31FA4F951,e1f491c7d4b9e68dd9fb6a76a7e34792f72ff0afdf84f374660731b644682731,e9e24e75e00cdb6b7ec64870f107c9de22b4ed3486ce59b1d70875df24f1558c,17,8f7654522eb09b776574add4030defbfa4b52fef4218a671a53a8f6128e69bb9,CC'|CE'|single,CC',CE',single,"[""C1"",""C1'"",""C10"",""C11"",""C12"",""C14"",""C17"",""C2"",""C2'"",""C21"",""C24"",""C3"",""C3'"",""C4"",""C4'"",""C5"",""C5'"",""C6"",""C6'"",""C7"",""C7'"",""C9"",""C9'"",""CB'"",""CC'"",""CH'"",""N19"",""N20"",""NJ'"",""NK'"",""NO'"",""O18"",""O22"",""O8"",""O8'"",""OA'"",""OI'""]","[""C1"",""C1'"",""C10"",""C11"",""C12"",""C14"",""C17"",""C2"",""C2'"",""C24"",""C3"",""C3'"",""C4"",""C4'"",""C5"",""C5'"",""C6"",""C6'"",""C7"",""C7'"",""C9"",""C9'"",""CB'"",""CC'"",""CH'"",""N19"",""NJ'"",""NO'"",""O18"",""O8"",""O8'"",""OA'"",""OI'""]","[""C21"",""N20"",""NK'"",""O22""]",[],37,3,true,true,,fb078d58f7367f0225f2f558c4bc605b45b74445fe7e832710106197ab23fb13
covapie_current11_warhead_atom_set_and_attachment_boundary_review_option_v1,183,18,CYS_SG_SAMPLE_INDEX_000010,1AYW,IN3,0,COVAPIE_CYS_SG_WARHEAD_TYPE_CLASS_106441A31FA4F951,COVAPIE_CYS_SG_REACTION_FAMILY_11AA213C661B48E3,COVAPIE_CYS_SG_WARHEAD_RULE_106441A31FA4F951,e1f491c7d4b9e68dd9fb6a76a7e34792f72ff0afdf84f374660731b644682731,e9e24e75e00cdb6b7ec64870f107c9de22b4ed3486ce59b1d70875df24f1558c,18,8e2789105208f71f86b34411deb14cda31cbd4c2e355617550afa7171cf9d988,CE'|CF'|single,CE',CF',single,"[""C1"",""C1'"",""C10"",""C11"",""C12"",""C14"",""C17"",""C2"",""C2'"",""C21"",""C24"",""C3"",""C3'"",""C4"",""C4'"",""C5"",""C5'"",""C6"",""C6'"",""C7"",""C7'"",""C9"",""C9'"",""CB'"",""CC'"",""CE'"",""CG'"",""CH'"",""N19"",""N20"",""NJ'"",""NK'"",""NO'"",""O18"",""O22"",""O8"",""O8'"",""OA'"",""OI'""]","[""C1"",""C1'"",""C10"",""C11"",""C12"",""C14"",""C17"",""C2"",""C2'"",""C24"",""C3"",""C3'"",""C4"",""C4'"",""C5"",""C5'"",""C6"",""C6'"",""C7"",""C7'"",""C9"",""C9'"",""CB'"",""CC'"",""CE'"",""CG'"",""CH'"",""N19"",""NJ'"",""NO'"",""O18"",""O8"",""O8'"",""OA'"",""OI'""]","[""C21"",""N20"",""NK'"",""O22""]",[],39,1,true,true,,69f0a4611c9d44b0cfee1f44563bfdd9fae78e8c3eee7aa883f59f54d0c22030
covapie_current11_warhead_atom_set_and_attachment_boundary_review_option_v1,184,19,CYS_SG_SAMPLE_INDEX_000010,1AYW,IN3,0,COVAPIE_CYS_SG_WARHEAD_TYPE_CLASS_106441A31FA4F951,COVAPIE_CYS_SG_REACTION_FAMILY_11AA213C661B48E3,COVAPIE_CYS_SG_WARHEAD_RULE_106441A31FA4F951,e1f491c7d4b9e68dd9fb6a76a7e34792f72ff0afdf84f374660731b644682731,e9e24e75e00cdb6b7ec64870f107c9de22b4ed3486ce59b1d70875df24f1558c,19,1ac2ce2586342118ac7611e6a4834dd8df66a83a262a1f6b863222bbfbf42f7b,CE'|CG'|single,CE',CG',single,"[""C1"",""C1'"",""C10"",""C11"",""C12"",""C14"",""C17"",""C2"",""C2'"",""C21"",""C24"",""C3"",""C3'"",""C4"",""C4'"",""C5"",""C5'"",""C6"",""C6'"",""C7"",""C7'"",""C9"",""C9'"",""CB'"",""CC'"",""CE'"",""CF'"",""CH'"",""N19"",""N20"",""NJ'"",""NK'"",""NO'"",""O18"",""O22"",""O8"",""O8'"",""OA'"",""OI'""]","[""C1"",""C1'"",""C10"",""C11"",""C12"",""C14"",""C17"",""C2"",""C2'"",""C24"",""C3"",""C3'"",""C4"",""C4'"",""C5"",""C5'"",""C6"",""C6'"",""C7"",""C7'"",""C9"",""C9'"",""CB'"",""CC'"",""CE'"",""CF'"",""CH'"",""N19"",""NJ'"",""NO'"",""O18"",""O8"",""O8'"",""OA'"",""OI'""]","[""C21"",""N20"",""NK'"",""O22""]",[],39,1,true,true,,ab6c53da913b21439ea6e8e406e9ccf9178c98b5ebe4681634cf3566c9780a3c
covapie_current11_warhead_atom_set_and_attachment_boundary_review_option_v1,185,20,CYS_SG_SAMPLE_INDEX_000010,1AYW,IN3,0,COVAPIE_CYS_SG_WARHEAD_TYPE_CLASS_106441A31FA4F951,COVAPIE_CYS_SG_REACTION_FAMILY_11AA213C661B48E3,COVAPIE_CYS_SG_WARHEAD_RULE_106441A31FA4F951,e1f491c7d4b9e68dd9fb6a76a7e34792f72ff0afdf84f374660731b644682731,e9e24e75e00cdb6b7ec64870f107c9de22b4ed3486ce59b1d70875df24f1558c,20,626c20a8ccb2c10c45638230ea5cd434368a5520842b2dbfb75493b0b2949061,CH'|NJ'|single,NJ',CH',single,"[""C1"",""C10"",""C11"",""C12"",""C14"",""C17"",""C2"",""C21"",""C24"",""C3"",""C4"",""C5"",""C6"",""C7"",""C9"",""N19"",""N20"",""NJ'"",""NK'"",""O18"",""O22"",""O8""]","[""C1"",""C10"",""C11"",""C12"",""C14"",""C17"",""C2"",""C24"",""C3"",""C4"",""C5"",""C6"",""C7"",""C9"",""N19"",""NJ'"",""O18"",""O8""]","[""C21"",""N20"",""NK'"",""O22""]",[],22,18,true,true,,114785885abcde0cc73ed53e0fa2d8c8cac2b13545b2c29681a45d97614ae1a1
covapie_current11_warhead_atom_set_and_attachment_boundary_review_option_v1,186,21,CYS_SG_SAMPLE_INDEX_000010,1AYW,IN3,0,COVAPIE_CYS_SG_WARHEAD_TYPE_CLASS_106441A31FA4F951,COVAPIE_CYS_SG_REACTION_FAMILY_11AA213C661B48E3,COVAPIE_CYS_SG_WARHEAD_RULE_106441A31FA4F951,e1f491c7d4b9e68dd9fb6a76a7e34792f72ff0afdf84f374660731b644682731,e9e24e75e00cdb6b7ec64870f107c9de22b4ed3486ce59b1d70875df24f1558c,21,aabf57fbffb59d57bebd9dcf85ff741c597fc524844062e13146aa3e1df3cd5b,CH'|OI'|double,CH',OI',double,"[""C1"",""C1'"",""C10"",""C11"",""C12"",""C14"",""C17"",""C2"",""C2'"",""C21"",""C24"",""C3"",""C3'"",""C4"",""C4'"",""C5"",""C5'"",""C6"",""C6'"",""C7"",""C7'"",""C9"",""C9'"",""CB'"",""CC'"",""CE'"",""CF'"",""CG'"",""CH'"",""N19"",""N20"",""NJ'"",""NK'"",""NO'"",""O18"",""O22"",""O8"",""O8'"",""OA'""]","[""C1"",""C1'"",""C10"",""C11"",""C12"",""C14"",""C17"",""C2"",""C2'"",""C24"",""C3"",""C3'"",""C4"",""C4'"",""C5"",""C5'"",""C6"",""C6'"",""C7"",""C7'"",""C9"",""C9'"",""CB'"",""CC'"",""CE'"",""CF'"",""CG'"",""CH'"",""N19"",""NJ'"",""NO'"",""O18"",""O8"",""O8'"",""OA'""]","[""C21"",""N20"",""NK'"",""O22""]",[],39,1,true,true,,61bab432dd61dd26191d7e82ed88e1d495a74045628940990e6ca2d16827303d
covapie_current11_warhead_atom_set_and_attachment_boundary_review_option_v1,187,22,CYS_SG_SAMPLE_INDEX_000010,1AYW,IN3,0,COVAPIE_CYS_SG_WARHEAD_TYPE_CLASS_106441A31FA4F951,COVAPIE_CYS_SG_REACTION_FAMILY_11AA213C661B48E3,COVAPIE_CYS_SG_WARHEAD_RULE_106441A31FA4F951,e1f491c7d4b9e68dd9fb6a76a7e34792f72ff0afdf84f374660731b644682731,e9e24e75e00cdb6b7ec64870f107c9de22b4ed3486ce59b1d70875df24f1558c,22,4a80e1195a63e8d6d6bf6d9402bf31a3d4ffe4b0f8b4345b1000c42b950d7ffa,N19|N20|single,N20,N19,single,"[""C1'"",""C2'"",""C21"",""C3'"",""C4'"",""C5'"",""C6'"",""C7'"",""C9'"",""CB'"",""CC'"",""CE'"",""CF'"",""CG'"",""CH'"",""N20"",""NJ'"",""NK'"",""NO'"",""O22"",""O8'"",""OA'"",""OI'""]","[""C1'"",""C2'"",""C3'"",""C4'"",""C5'"",""C6'"",""C7'"",""C9'"",""CB'"",""CC'"",""CE'"",""CF'"",""CG'"",""CH'"",""NJ'"",""NO'"",""O8'"",""OA'"",""OI'""]","[""C21"",""N20"",""NK'"",""O22""]",[],23,17,true,true,,7343dd7d10aef3b40745f457217b6341d79184e5a4885f919936afd5b1df4154
covapie_current11_warhead_atom_set_and_attachment_boundary_review_option_v1,188,23,CYS_SG_SAMPLE_INDEX_000010,1AYW,IN3,0,COVAPIE_CYS_SG_WARHEAD_TYPE_CLASS_106441A31FA4F951,COVAPIE_CYS_SG_REACTION_FAMILY_11AA213C661B48E3,COVAPIE_CYS_SG_WARHEAD_RULE_106441A31FA4F951,e1f491c7d4b9e68dd9fb6a76a7e34792f72ff0afdf84f374660731b644682731,e9e24e75e00cdb6b7ec64870f107c9de22b4ed3486ce59b1d70875df24f1558c,23,1fbf1d992e064fd1034e86dcc9afbf3ede6cdb195927b55522edce5bcedc41d5,NJ'|NK'|single,NK',NJ',single,"[""C1"",""C10"",""C11"",""C12"",""C14"",""C17"",""C2"",""C21"",""C24"",""C3"",""C4"",""C5"",""C6"",""C7"",""C9"",""N19"",""N20"",""NK'"",""O18"",""O22"",""O8""]","[""C1"",""C10"",""C11"",""C12"",""C14"",""C17"",""C2"",""C24"",""C3"",""C4"",""C5"",""C6"",""C7"",""C9"",""N19"",""O18"",""O8""]","[""C21"",""N20"",""NK'"",""O22""]",[],21,19,true,true,,32e5d59bb830b8ec3449e377f4c9be89db9f3534064c2ae9a0f0a7de325be873
covapie_current11_warhead_atom_set_and_attachment_boundary_review_option_v1,189,0,CYS_SG_SAMPLE_INDEX_000011,1B02,UFP,4,COVAPIE_CYS_SG_WARHEAD_TYPE_CLASS_CEAC766EEE61D251,COVAPIE_CYS_SG_REACTION_FAMILY_9869A5B1C585A27C,COVAPIE_CYS_SG_WARHEAD_RULE_CEAC766EEE61D251,275242e79db14d653eb5e2829b8f5d0ba8021a43436d2dc364cbdeba2d477187,f2fdec02896dbb8ae730003e038ec720734be56b03398f5f7663ec81d704d1cd,0,f416a01f6e927bc74d61bdecfa29875c52917fb5657771baa302b2cea35054af,C1'|N1|single,N1,C1',single,"[""C2"",""C4"",""C5"",""C6"",""F5"",""N1"",""N3"",""O2"",""O4""]","[""C2"",""C4"",""F5"",""N3"",""O2"",""O4""]","[""C5"",""C6"",""N1""]",[],9,12,true,true,,41181146f37a180d369116ebc2b1b17101e2fbaff36012c7d6c771a807b2903d
covapie_current11_warhead_atom_set_and_attachment_boundary_review_option_v1,190,1,CYS_SG_SAMPLE_INDEX_000011,1B02,UFP,4,COVAPIE_CYS_SG_WARHEAD_TYPE_CLASS_CEAC766EEE61D251,COVAPIE_CYS_SG_REACTION_FAMILY_9869A5B1C585A27C,COVAPIE_CYS_SG_WARHEAD_RULE_CEAC766EEE61D251,275242e79db14d653eb5e2829b8f5d0ba8021a43436d2dc364cbdeba2d477187,f2fdec02896dbb8ae730003e038ec720734be56b03398f5f7663ec81d704d1cd,1,0bd26446d27c64c45b8fdb737c49547b05801d86f6205cc3907c4faf9338dffe,C2|O2|double,C2,O2,double,"[""C1'"",""C2"",""C2'"",""C3'"",""C4"",""C4'"",""C5"",""C5'"",""C6"",""F5"",""N1"",""N3"",""O1P"",""O2P"",""O3'"",""O3P"",""O4"",""O4'"",""O5'"",""P""]","[""C1'"",""C2"",""C2'"",""C3'"",""C4"",""C4'"",""C5'"",""F5"",""N3"",""O1P"",""O2P"",""O3'"",""O3P"",""O4"",""O4'"",""O5'"",""P""]","[""C5"",""C6"",""N1""]",[],20,1,true,true,,9f9160b479019ed0a0f008a919537c48ce0471866f5cd564fcb398c2a2875e8c
covapie_current11_warhead_atom_set_and_attachment_boundary_review_option_v1,191,2,CYS_SG_SAMPLE_INDEX_000011,1B02,UFP,4,COVAPIE_CYS_SG_WARHEAD_TYPE_CLASS_CEAC766EEE61D251,COVAPIE_CYS_SG_REACTION_FAMILY_9869A5B1C585A27C,COVAPIE_CYS_SG_WARHEAD_RULE_CEAC766EEE61D251,275242e79db14d653eb5e2829b8f5d0ba8021a43436d2dc364cbdeba2d477187,f2fdec02896dbb8ae730003e038ec720734be56b03398f5f7663ec81d704d1cd,2,bcb77934685ebbd588db8f37c253a729f84ee348b5569dcac8570bda208848e1,C3'|O3'|single,C3',O3',single,"[""C1'"",""C2"",""C2'"",""C3'"",""C4"",""C4'"",""C5"",""C5'"",""C6"",""F5"",""N1"",""N3"",""O1P"",""O2"",""O2P"",""O3P"",""O4"",""O4'"",""O5'"",""P""]","[""C1'"",""C2"",""C2'"",""C3'"",""C4"",""C4'"",""C5'"",""F5"",""N3"",""O1P"",""O2"",""O2P"",""O3P"",""O4"",""O4'"",""O5'"",""P""]","[""C5"",""C6"",""N1""]",[],20,1,true,true,,af7664978ca73062f2c5b55731d67922558bc8261362767dcf315773e8001c7e
covapie_current11_warhead_atom_set_and_attachment_boundary_review_option_v1,192,3,CYS_SG_SAMPLE_INDEX_000011,1B02,UFP,4,COVAPIE_CYS_SG_WARHEAD_TYPE_CLASS_CEAC766EEE61D251,COVAPIE_CYS_SG_REACTION_FAMILY_9869A5B1C585A27C,COVAPIE_CYS_SG_WARHEAD_RULE_CEAC766EEE61D251,275242e79db14d653eb5e2829b8f5d0ba8021a43436d2dc364cbdeba2d477187,f2fdec02896dbb8ae730003e038ec720734be56b03398f5f7663ec81d704d1cd,3,277bc4b92de9180ddfa6c155a9d3c2df2f3c6bc1b3862cc6c045f1d7e7253bc6,C4'|C5'|single,C4',C5',single,"[""C1'"",""C2"",""C2'"",""C3'"",""C4"",""C4'"",""C5"",""C6"",""F5"",""N1"",""N3"",""O2"",""O3'"",""O4"",""O4'""]","[""C1'"",""C2"",""C2'"",""C3'"",""C4"",""C4'"",""F5"",""N3"",""O2"",""O3'"",""O4"",""O4'""]","[""C5"",""C6"",""N1""]",[],15,6,true,true,,4df47f71f3d7d5da30dc2c41b236075c1150f1ff5458e9796aea487f4d1107f9
covapie_current11_warhead_atom_set_and_attachment_boundary_review_option_v1,193,4,CYS_SG_SAMPLE_INDEX_000011,1B02,UFP,4,COVAPIE_CYS_SG_WARHEAD_TYPE_CLASS_CEAC766EEE61D251,COVAPIE_CYS_SG_REACTION_FAMILY_9869A5B1C585A27C,COVAPIE_CYS_SG_WARHEAD_RULE_CEAC766EEE61D251,275242e79db14d653eb5e2829b8f5d0ba8021a43436d2dc364cbdeba2d477187,f2fdec02896dbb8ae730003e038ec720734be56b03398f5f7663ec81d704d1cd,4,16837b65d21804359dc48824c5a24a668fb3f4a7e33c93e56e3f1193dffeab37,C4|O4|double,C4,O4,double,"[""C1'"",""C2"",""C2'"",""C3'"",""C4"",""C4'"",""C5"",""C5'"",""C6"",""F5"",""N1"",""N3"",""O1P"",""O2"",""O2P"",""O3'"",""O3P"",""O4'"",""O5'"",""P""]","[""C1'"",""C2"",""C2'"",""C3'"",""C4"",""C4'"",""C5'"",""F5"",""N3"",""O1P"",""O2"",""O2P"",""O3'"",""O3P"",""O4'"",""O5'"",""P""]","[""C5"",""C6"",""N1""]",[],20,1,true,true,,4dd99ed38e146ca53f3406e691d2e22d27c10aabb7c7b865f02e2311d5c6f824
covapie_current11_warhead_atom_set_and_attachment_boundary_review_option_v1,194,5,CYS_SG_SAMPLE_INDEX_000011,1B02,UFP,4,COVAPIE_CYS_SG_WARHEAD_TYPE_CLASS_CEAC766EEE61D251,COVAPIE_CYS_SG_REACTION_FAMILY_9869A5B1C585A27C,COVAPIE_CYS_SG_WARHEAD_RULE_CEAC766EEE61D251,275242e79db14d653eb5e2829b8f5d0ba8021a43436d2dc364cbdeba2d477187,f2fdec02896dbb8ae730003e038ec720734be56b03398f5f7663ec81d704d1cd,5,5236c75248cfa088e4844a6b9f1f5d0e077a52386b7604334236a202ab78f678,C5'|O5'|single,C5',O5',single,"[""C1'"",""C2"",""C2'"",""C3'"",""C4"",""C4'"",""C5"",""C5'"",""C6"",""F5"",""N1"",""N3"",""O2"",""O3'"",""O4"",""O4'""]","[""C1'"",""C2"",""C2'"",""C3'"",""C4"",""C4'"",""C5'"",""F5"",""N3"",""O2"",""O3'"",""O4"",""O4'""]","[""C5"",""C6"",""N1""]",[],16,5,true,true,,ec7f8ca83f462640a0fe1b4939753c1b2c5a96d01de35da14dae5de07b23115f
covapie_current11_warhead_atom_set_and_attachment_boundary_review_option_v1,195,6,CYS_SG_SAMPLE_INDEX_000011,1B02,UFP,4,COVAPIE_CYS_SG_WARHEAD_TYPE_CLASS_CEAC766EEE61D251,COVAPIE_CYS_SG_REACTION_FAMILY_9869A5B1C585A27C,COVAPIE_CYS_SG_WARHEAD_RULE_CEAC766EEE61D251,275242e79db14d653eb5e2829b8f5d0ba8021a43436d2dc364cbdeba2d477187,f2fdec02896dbb8ae730003e038ec720734be56b03398f5f7663ec81d704d1cd,6,ef02a65abcdcccd9d2a06deacb89bb6a6e5585f174168a299632750a820d3938,C5|F5|single,C5,F5,single,"[""C1'"",""C2"",""C2'"",""C3'"",""C4"",""C4'"",""C5"",""C5'"",""C6"",""N1"",""N3"",""O1P"",""O2"",""O2P"",""O3'"",""O3P"",""O4"",""O4'"",""O5'"",""P""]","[""C1'"",""C2"",""C2'"",""C3'"",""C4"",""C4'"",""C5'"",""N3"",""O1P"",""O2"",""O2P"",""O3'"",""O3P"",""O4"",""O4'"",""O5'"",""P""]","[""C5"",""C6"",""N1""]",[],20,1,true,true,,3c241a42fa582114150a7463e0aeadcf4f3a648ad30fccdfdb3af4560d07059a
covapie_current11_warhead_atom_set_and_attachment_boundary_review_option_v1,196,7,CYS_SG_SAMPLE_INDEX_000011,1B02,UFP,4,COVAPIE_CYS_SG_WARHEAD_TYPE_CLASS_CEAC766EEE61D251,COVAPIE_CYS_SG_REACTION_FAMILY_9869A5B1C585A27C,COVAPIE_CYS_SG_WARHEAD_RULE_CEAC766EEE61D251,275242e79db14d653eb5e2829b8f5d0ba8021a43436d2dc364cbdeba2d477187,f2fdec02896dbb8ae730003e038ec720734be56b03398f5f7663ec81d704d1cd,7,09c9de7382903c70ec2a05f180b8e01ef5bad95813070b077f03e88a495141d5,O1P|P|double,P,O1P,double,"[""C1'"",""C2"",""C2'"",""C3'"",""C4"",""C4'"",""C5"",""C5'"",""C6"",""F5"",""N1"",""N3"",""O2"",""O2P"",""O3'"",""O3P"",""O4"",""O4'"",""O5'"",""P""]","[""C1'"",""C2"",""C2'"",""C3'"",""C4"",""C4'"",""C5'"",""F5"",""N3"",""O2"",""O2P"",""O3'"",""O3P"",""O4"",""O4'"",""O5'"",""P""]","[""C5"",""C6"",""N1""]",[],20,1,true,true,,48d40187c32a4eec41e224de75b365fe190acaf09a66116d28905168bbe83ee6
covapie_current11_warhead_atom_set_and_attachment_boundary_review_option_v1,197,8,CYS_SG_SAMPLE_INDEX_000011,1B02,UFP,4,COVAPIE_CYS_SG_WARHEAD_TYPE_CLASS_CEAC766EEE61D251,COVAPIE_CYS_SG_REACTION_FAMILY_9869A5B1C585A27C,COVAPIE_CYS_SG_WARHEAD_RULE_CEAC766EEE61D251,275242e79db14d653eb5e2829b8f5d0ba8021a43436d2dc364cbdeba2d477187,f2fdec02896dbb8ae730003e038ec720734be56b03398f5f7663ec81d704d1cd,8,8255e7dfeb765b7a921f2e803e517257652ba49772f51981c49b0e6a0e72c146,O2P|P|single,P,O2P,single,"[""C1'"",""C2"",""C2'"",""C3'"",""C4"",""C4'"",""C5"",""C5'"",""C6"",""F5"",""N1"",""N3"",""O1P"",""O2"",""O3'"",""O3P"",""O4"",""O4'"",""O5'"",""P""]","[""C1'"",""C2"",""C2'"",""C3'"",""C4"",""C4'"",""C5'"",""F5"",""N3"",""O1P"",""O2"",""O3'"",""O3P"",""O4"",""O4'"",""O5'"",""P""]","[""C5"",""C6"",""N1""]",[],20,1,true,true,,ad0e05ce7fd98f1bd4fde2c5d1b01d4a3772df827c61d6382ccb4d5d53132517
covapie_current11_warhead_atom_set_and_attachment_boundary_review_option_v1,198,9,CYS_SG_SAMPLE_INDEX_000011,1B02,UFP,4,COVAPIE_CYS_SG_WARHEAD_TYPE_CLASS_CEAC766EEE61D251,COVAPIE_CYS_SG_REACTION_FAMILY_9869A5B1C585A27C,COVAPIE_CYS_SG_WARHEAD_RULE_CEAC766EEE61D251,275242e79db14d653eb5e2829b8f5d0ba8021a43436d2dc364cbdeba2d477187,f2fdec02896dbb8ae730003e038ec720734be56b03398f5f7663ec81d704d1cd,9,314a03f3d692e9ed571887eabbdf7c67c45f297680e5b0ae5d92308d1bbe7e1a,O3P|P|single,P,O3P,single,"[""C1'"",""C2"",""C2'"",""C3'"",""C4"",""C4'"",""C5"",""C5'"",""C6"",""F5"",""N1"",""N3"",""O1P"",""O2"",""O2P"",""O3'"",""O4"",""O4'"",""O5'"",""P""]","[""C1'"",""C2"",""C2'"",""C3'"",""C4"",""C4'"",""C5'"",""F5"",""N3"",""O1P"",""O2"",""O2P"",""O3'"",""O4"",""O4'"",""O5'"",""P""]","[""C5"",""C6"",""N1""]",[],20,1,true,true,,769902849e13e1c76c5a9f5866e0de6c245b32ed823e469b78903936c6b40555
covapie_current11_warhead_atom_set_and_attachment_boundary_review_option_v1,199,10,CYS_SG_SAMPLE_INDEX_000011,1B02,UFP,4,COVAPIE_CYS_SG_WARHEAD_TYPE_CLASS_CEAC766EEE61D251,COVAPIE_CYS_SG_REACTION_FAMILY_9869A5B1C585A27C,COVAPIE_CYS_SG_WARHEAD_RULE_CEAC766EEE61D251,275242e79db14d653eb5e2829b8f5d0ba8021a43436d2dc364cbdeba2d477187,f2fdec02896dbb8ae730003e038ec720734be56b03398f5f7663ec81d704d1cd,10,173784d2e049945abc1e5af1ca40eb32742feab088a26db643cb73c6315d161c,O5'|P|single,O5',P,single,"[""C1'"",""C2"",""C2'"",""C3'"",""C4"",""C4'"",""C5"",""C5'"",""C6"",""F5"",""N1"",""N3"",""O2"",""O3'"",""O4"",""O4'"",""O5'""]","[""C1'"",""C2"",""C2'"",""C3'"",""C4"",""C4'"",""C5'"",""F5"",""N3"",""O2"",""O3'"",""O4"",""O4'"",""O5'""]","[""C5"",""C6"",""N1""]",[],17,4,true,true,,51b1071bd398006afa592e59f35b04f1f0798324a01394a213f2c238d53f8feb
