scaleup_rank,canonical_event_id,pdb_id,ligand_component_id,ligand_reactive_atom,execution_lane,candidate_lane,raw_terminal_outcome,raw_terminal_reasons_json,feature_compatibility_stage_status,post_only_candidate_eligibility,post_only_partition,eligibility_reason,routing_review_unit_id,workload_review_unit_id,ts_dump_rule_id,ts_dump_rule_status,ts_dump_rule_reason,dtt_rule_id,dtt_rule_status,dtt_rule_reason,selected_effective_rule_id,effective_route,effective_route_reason,human_authority_lane,human_decision_propagated_to_new_event
1,COVAPIE_CYS_SG_EVENT_V1:1ATK:A:CYS:25-:SG:B:E64:C2,1ATK,E64,C2,FROZEN_HISTORICAL_PREDECESSOR,HISTORICAL_PREDECESSOR_EXCLUDED,LEAKAGE_EXISTING_GROUP_CONFLICT,"[""LEAKAGE_EXISTING_GROUP_CONFLICT""]",PASSED,false,BLOCKED_EXISTING_GROUP_CONFLICT,PUBLISHED_POST_ONLY_INELIGIBILITY:FEATURE_STAGE=PASSED;TERMINAL_OUTCOME=LEAKAGE_EXISTING_GROUP_CONFLICT,,,NEG_V1_TS_DUMP_CATALYTIC_ADDUCT_EXACT,NOT_EVALUATED_OUTSIDE_SUPPORTED_POST_ONLY_CANDIDATE,NOT_EVALUATED_OUTSIDE_SUPPORTED_POST_ONLY_CANDIDATE,NEG_V2_DTT_CRYSTALLIZATION_REDUCING_ADDUCT_EXACT,NOT_EVALUATED_OUTSIDE_SUPPORTED_POST_ONLY_CANDIDATE,NOT_EVALUATED_OUTSIDE_SUPPORTED_POST_ONLY_CANDIDATE,,LEAKAGE_EXISTING_GROUP_CONFLICT,BOUND_STRUCTURAL_EXECUTION_OUTCOME_RETAINED,NONE,false
2,COVAPIE_CYS_SG_EVENT_V1:1AU0:A:CYS:25-:SG:B:SDK:C21,1AU0,SDK,C21,FROZEN_HISTORICAL_PREDECESSOR,HISTORICAL_PREDECESSOR_EXCLUDED,LEAKAGE_EXISTING_GROUP_CONFLICT,"[""LEAKAGE_EXISTING_GROUP_CONFLICT""]",PASSED,false,BLOCKED_EXISTING_GROUP_CONFLICT,PUBLISHED_POST_ONLY_INELIGIBILITY:FEATURE_STAGE=PASSED;TERMINAL_OUTCOME=LEAKAGE_EXISTING_GROUP_CONFLICT,,,NEG_V1_TS_DUMP_CATALYTIC_ADDUCT_EXACT,NOT_EVALUATED_OUTSIDE_SUPPORTED_POST_ONLY_CANDIDATE,NOT_EVALUATED_OUTSIDE_SUPPORTED_POST_ONLY_CANDIDATE,NEG_V2_DTT_CRYSTALLIZATION_REDUCING_ADDUCT_EXACT,NOT_EVALUATED_OUTSIDE_SUPPORTED_POST_ONLY_CANDIDATE,NOT_EVALUATED_OUTSIDE_SUPPORTED_POST_ONLY_CANDIDATE,,LEAKAGE_EXISTING_GROUP_CONFLICT,BOUND_STRUCTURAL_EXECUTION_OUTCOME_RETAINED,NONE,false
3,COVAPIE_CYS_SG_EVENT_V1:1AU2:A:CYS:25-:SG:B:POS:C19,1AU2,POS,C19,FROZEN_HISTORICAL_PREDECESSOR,HISTORICAL_PREDECESSOR_EXCLUDED,LEAKAGE_EXISTING_GROUP_CONFLICT,"[""LEAKAGE_EXISTING_GROUP_CONFLICT""]",PASSED,false,BLOCKED_EXISTING_GROUP_CONFLICT,PUBLISHED_POST_ONLY_INELIGIBILITY:FEATURE_STAGE=PASSED;TERMINAL_OUTCOME=LEAKAGE_EXISTING_GROUP_CONFLICT,,,NEG_V1_TS_DUMP_CATALYTIC_ADDUCT_EXACT,NOT_EVALUATED_OUTSIDE_SUPPORTED_POST_ONLY_CANDIDATE,NOT_EVALUATED_OUTSIDE_SUPPORTED_POST_ONLY_CANDIDATE,NEG_V2_DTT_CRYSTALLIZATION_REDUCING_ADDUCT_EXACT,NOT_EVALUATED_OUTSIDE_SUPPORTED_POST_ONLY_CANDIDATE,NOT_EVALUATED_OUTSIDE_SUPPORTED_POST_ONLY_CANDIDATE,,LEAKAGE_EXISTING_GROUP_CONFLICT,BOUND_STRUCTURAL_EXECUTION_OUTCOME_RETAINED,NONE,false
4,COVAPIE_CYS_SG_EVENT_V1:1BGO:A:CYS:25-:SG:B:I10:C31,1BGO,I10,C31,FROZEN_HISTORICAL_PREDECESSOR,HISTORICAL_PREDECESSOR_EXCLUDED,LEAKAGE_EXISTING_GROUP_CONFLICT,"[""LEAKAGE_EXISTING_GROUP_CONFLICT""]",PASSED,false,BLOCKED_EXISTING_GROUP_CONFLICT,PUBLISHED_POST_ONLY_INELIGIBILITY:FEATURE_STAGE=PASSED;TERMINAL_OUTCOME=LEAKAGE_EXISTING_GROUP_CONFLICT,,,NEG_V1_TS_DUMP_CATALYTIC_ADDUCT_EXACT,NOT_EVALUATED_OUTSIDE_SUPPORTED_POST_ONLY_CANDIDATE,NOT_EVALUATED_OUTSIDE_SUPPORTED_POST_ONLY_CANDIDATE,NEG_V2_DTT_CRYSTALLIZATION_REDUCING_ADDUCT_EXACT,NOT_EVALUATED_OUTSIDE_SUPPORTED_POST_ONLY_CANDIDATE,NOT_EVALUATED_OUTSIDE_SUPPORTED_POST_ONLY_CANDIDATE,,LEAKAGE_EXISTING_GROUP_CONFLICT,BOUND_STRUCTURAL_EXECUTION_OUTCOME_RETAINED,NONE,false
5,COVAPIE_CYS_SG_EVENT_V1:1BJG:A:CYS:146-:SG:B:UFP:C6,1BJG,UFP,C6,FROZEN_HISTORICAL_PREDECESSOR,HISTORICAL_PREDECESSOR_CANDIDATE,HUMAN_REVIEW_REQUIRED_PRE_CHEMISTRY,"[""PRE_CHEMISTRY_NOT_PRODUCTION_AUTHORITATIVE"",""NO_FAMILY_LEVEL_AUTO_ADMISSION""]",PASSED,true,POST_ONLY_V1_REVIEW_CANDIDATE,PUBLISHED_POST_ONLY_ELIGIBILITY:FEATURE_STAGE_PASSED_AND_HUMAN_REVIEW_REQUIRED_PRE_CHEMISTRY,COVAPIE_BULK_REVIEW_UNIT_1E58101A3E611294,COVAPIE_BULK_REVIEW_UNIT_1E58101A3E611294,NEG_V1_TS_DUMP_CATALYTIC_ADDUCT_EXACT,NOT_MATCHED,"PREDICATE_MISMATCH:exact_ccd_component_graph_sha256,exact_radius2_sha256",NEG_V2_DTT_CRYSTALLIZATION_REDUCING_ADDUCT_EXACT,NOT_MATCHED,"PREDICATE_MISMATCH:automorphism_derived_dtt_sulfur_endpoint,exact_1fvg_reagent_protein_context,exact_1fvg_source_structure_context,exact_dtt_component_graph_sha256,exact_dtt_component_identity,exact_ligand_reactive_element,exact_local_topology,exact_radius1_sha256,exact_radius2_sha256,structured_source_boundary;UNAVAILABLE_OR_MALFORMED:exact_dtt_heavy_identity_and_charge[outcome.ccd_formal_charge_pattern:INVALID]",,HUMAN_REVIEW_REQUIRED,NO_SINGLE_EXACT_RULE_MATCHED_EVERY_EVENT;HUMAN_REVIEW_RETAINED,NONE,false
6,COVAPIE_CYS_SG_EVENT_V1:1BMQ:A:CYS:285-:SG:C:MNO:C27,1BMQ,MNO,C27,FROZEN_HISTORICAL_PREDECESSOR,HISTORICAL_PREDECESSOR_EXCLUDED,STRUCTURAL_EVIDENCE_INCOMPLETE,"[""MMCIF_EXACT_CYS_SG_STRUCT_CONN_NOT_RECOVERED""]",NOT_REACHED,false,OUTSIDE_STRUCTURAL_ELIGIBILITY,PUBLISHED_POST_ONLY_INELIGIBILITY:FEATURE_STAGE=NOT_REACHED;TERMINAL_OUTCOME=STRUCTURAL_EVIDENCE_INCOMPLETE,,,NEG_V1_TS_DUMP_CATALYTIC_ADDUCT_EXACT,NOT_EVALUATED_OUTSIDE_SUPPORTED_POST_ONLY_CANDIDATE,NOT_EVALUATED_OUTSIDE_SUPPORTED_POST_ONLY_CANDIDATE,NEG_V2_DTT_CRYSTALLIZATION_REDUCING_ADDUCT_EXACT,NOT_EVALUATED_OUTSIDE_SUPPORTED_POST_ONLY_CANDIDATE,NOT_EVALUATED_OUTSIDE_SUPPORTED_POST_ONLY_CANDIDATE,,STRUCTURAL_EVIDENCE_INCOMPLETE,BOUND_STRUCTURAL_EXECUTION_OUTCOME_RETAINED,NONE,false
7,COVAPIE_CYS_SG_EVENT_V1:1BQ1:A:CYS:146-:SG:C:UMP:C6,1BQ1,UMP,C6,FROZEN_HISTORICAL_PREDECESSOR,HISTORICAL_PREDECESSOR_CANDIDATE,HUMAN_REVIEW_REQUIRED_PRE_CHEMISTRY,"[""PRE_CHEMISTRY_NOT_PRODUCTION_AUTHORITATIVE"",""NO_FAMILY_LEVEL_AUTO_ADMISSION""]",PASSED,true,POST_ONLY_V1_REVIEW_CANDIDATE,PUBLISHED_POST_ONLY_ELIGIBILITY:FEATURE_STAGE_PASSED_AND_HUMAN_REVIEW_REQUIRED_PRE_CHEMISTRY,COVAPIE_BULK_REVIEW_UNIT_EB1C0FF8712C32A9,,NEG_V1_TS_DUMP_CATALYTIC_ADDUCT_EXACT,MATCHED_AUTO_NEGATIVE_EXACT,ALL_EXACT_PREDICATES_MATCHED,NEG_V2_DTT_CRYSTALLIZATION_REDUCING_ADDUCT_EXACT,NOT_MATCHED,"PREDICATE_MISMATCH:automorphism_derived_dtt_sulfur_endpoint,exact_1fvg_reagent_protein_context,exact_1fvg_source_structure_context,exact_dtt_component_graph_sha256,exact_dtt_component_identity,exact_ligand_reactive_element,exact_local_topology,exact_radius1_sha256,exact_radius2_sha256,structured_source_boundary;UNAVAILABLE_OR_MALFORMED:exact_dtt_heavy_identity_and_charge[outcome.ccd_formal_charge_pattern:INVALID]",NEG_V1_TS_DUMP_CATALYTIC_ADDUCT_EXACT,AUTO_NEGATIVE_EXACT_FINAL,EVERY_EVENT_IN_UNIT_MATCHED_SAME_EXACT_RULE_WITHOUT_OVERRIDE,NONE,false
8,COVAPIE_CYS_SG_EVENT_V1:1BQ1:B:CYS:146-:SG:E:UMP:C6,1BQ1,UMP,C6,FROZEN_HISTORICAL_PREDECESSOR,HISTORICAL_PREDECESSOR_CANDIDATE,HUMAN_REVIEW_REQUIRED_PRE_CHEMISTRY,"[""PRE_CHEMISTRY_NOT_PRODUCTION_AUTHORITATIVE"",""NO_FAMILY_LEVEL_AUTO_ADMISSION""]",PASSED,true,POST_ONLY_V1_REVIEW_CANDIDATE,PUBLISHED_POST_ONLY_ELIGIBILITY:FEATURE_STAGE_PASSED_AND_HUMAN_REVIEW_REQUIRED_PRE_CHEMISTRY,COVAPIE_BULK_REVIEW_UNIT_EB1C0FF8712C32A9,,NEG_V1_TS_DUMP_CATALYTIC_ADDUCT_EXACT,MATCHED_AUTO_NEGATIVE_EXACT,ALL_EXACT_PREDICATES_MATCHED,NEG_V2_DTT_CRYSTALLIZATION_REDUCING_ADDUCT_EXACT,NOT_MATCHED,"PREDICATE_MISMATCH:automorphism_derived_dtt_sulfur_endpoint,exact_1fvg_reagent_protein_context,exact_1fvg_source_structure_context,exact_dtt_component_graph_sha256,exact_dtt_component_identity,exact_ligand_reactive_element,exact_local_topology,exact_radius1_sha256,exact_radius2_sha256,structured_source_boundary;UNAVAILABLE_OR_MALFORMED:exact_dtt_heavy_identity_and_charge[outcome.ccd_formal_charge_pattern:INVALID]",NEG_V1_TS_DUMP_CATALYTIC_ADDUCT_EXACT,AUTO_NEGATIVE_EXACT_FINAL,EVERY_EVENT_IN_UNIT_MATCHED_SAME_EXACT_RULE_WITHOUT_OVERRIDE,NONE,false
9,COVAPIE_CYS_SG_EVENT_V1:1BWC:A:CYS:58-:SG:D:AJ3:S5,1BWC,AJ3,S5,FROZEN_HISTORICAL_PREDECESSOR,HISTORICAL_PREDECESSOR_CANDIDATE,HUMAN_REVIEW_REQUIRED_PRE_CHEMISTRY,"[""PRE_CHEMISTRY_NOT_PRODUCTION_AUTHORITATIVE"",""NO_FAMILY_LEVEL_AUTO_ADMISSION""]",PASSED,true,POST_ONLY_V1_REVIEW_CANDIDATE,PUBLISHED_POST_ONLY_ELIGIBILITY:FEATURE_STAGE_PASSED_AND_HUMAN_REVIEW_REQUIRED_PRE_CHEMISTRY,COVAPIE_BULK_REVIEW_UNIT_5662273FCD38234C,,NEG_V1_TS_DUMP_CATALYTIC_ADDUCT_EXACT,NOT_MATCHED,"PREDICATE_MISMATCH:exact_ccd_component_graph_sha256,exact_ligand_reactive_atom,exact_ligand_reactive_element,exact_radius1_sha256,exact_radius2_sha256,exact_ts_family_accession_sequence_key,no_runtime_positive_override",NEG_V2_DTT_CRYSTALLIZATION_REDUCING_ADDUCT_EXACT,NOT_MATCHED,"PREDICATE_MISMATCH:automorphism_derived_dtt_sulfur_endpoint,exact_1fvg_reagent_protein_context,exact_1fvg_source_structure_context,exact_dtt_component_graph_sha256,exact_dtt_component_identity,exact_local_topology,exact_radius2_sha256,no_runtime_positive_override;UNAVAILABLE_OR_MALFORMED:exact_dtt_heavy_identity_and_charge[outcome.ccd_formal_charge_pattern:INVALID]",,HUMAN_RELEVANT_FINAL,CURRENT_HUMAN_RELEVANT_DECISION_HAS_FIRST_PRECEDENCE,PUBLISHED_HISTORICAL_EXACT_EVENT_SCOPE,false
10,COVAPIE_CYS_SG_EVENT_V1:1CQQ:A:CYS:147-:SG:B:AG7:C19,1CQQ,AG7,C19,FROZEN_HISTORICAL_PREDECESSOR,HISTORICAL_PREDECESSOR_EXCLUDED,STRUCTURAL_EVIDENCE_INCOMPLETE,"[""MMCIF_EXACT_CYS_SG_STRUCT_CONN_NOT_RECOVERED""]",NOT_REACHED,false,OUTSIDE_STRUCTURAL_ELIGIBILITY,PUBLISHED_POST_ONLY_INELIGIBILITY:FEATURE_STAGE=NOT_REACHED;TERMINAL_OUTCOME=STRUCTURAL_EVIDENCE_INCOMPLETE,,,NEG_V1_TS_DUMP_CATALYTIC_ADDUCT_EXACT,NOT_EVALUATED_OUTSIDE_SUPPORTED_POST_ONLY_CANDIDATE,NOT_EVALUATED_OUTSIDE_SUPPORTED_POST_ONLY_CANDIDATE,NEG_V2_DTT_CRYSTALLIZATION_REDUCING_ADDUCT_EXACT,NOT_EVALUATED_OUTSIDE_SUPPORTED_POST_ONLY_CANDIDATE,NOT_EVALUATED_OUTSIDE_SUPPORTED_POST_ONLY_CANDIDATE,,STRUCTURAL_EVIDENCE_INCOMPLETE,BOUND_STRUCTURAL_EXECUTION_OUTCOME_RETAINED,NONE,false
11,COVAPIE_CYS_SG_EVENT_V1:1CR5:A:CYS:146-:SG:E:NEN:C1,1CR5,NEN,C1,FROZEN_HISTORICAL_PREDECESSOR,HISTORICAL_PREDECESSOR_CANDIDATE,HUMAN_REVIEW_REQUIRED_PRE_CHEMISTRY,"[""PRE_CHEMISTRY_NOT_PRODUCTION_AUTHORITATIVE"",""NO_FAMILY_LEVEL_AUTO_ADMISSION""]",PASSED,true,POST_ONLY_V1_REVIEW_CANDIDATE,PUBLISHED_POST_ONLY_ELIGIBILITY:FEATURE_STAGE_PASSED_AND_HUMAN_REVIEW_REQUIRED_PRE_CHEMISTRY,COVAPIE_BULK_REVIEW_UNIT_D88548D5B5FCAA3C,,NEG_V1_TS_DUMP_CATALYTIC_ADDUCT_EXACT,NOT_MATCHED,"PREDICATE_MISMATCH:exact_ccd_component_graph_sha256,exact_ligand_reactive_atom,exact_radius1_sha256,exact_radius2_sha256,exact_ts_family_accession_sequence_key",NEG_V2_DTT_CRYSTALLIZATION_REDUCING_ADDUCT_EXACT,NOT_MATCHED,"PREDICATE_MISMATCH:automorphism_derived_dtt_sulfur_endpoint,exact_1fvg_reagent_protein_context,exact_1fvg_source_structure_context,exact_dtt_component_graph_sha256,exact_dtt_component_identity,exact_dtt_heavy_identity_and_charge,exact_ligand_reactive_element,exact_local_topology,exact_radius1_sha256,exact_radius2_sha256",,HUMAN_NOT_RELEVANT_FINAL,CURRENT_HUMAN_NOT_RELEVANT_DECISION_HAS_SECOND_PRECEDENCE,PUBLISHED_HISTORICAL_EXACT_EVENT_SCOPE,false
12,COVAPIE_CYS_SG_EVENT_V1:1CR5:A:CYS:34-:SG:D:NEN:C1,1CR5,NEN,C1,FROZEN_HISTORICAL_PREDECESSOR,HISTORICAL_PREDECESSOR_CANDIDATE,HUMAN_REVIEW_REQUIRED_PRE_CHEMISTRY,"[""PRE_CHEMISTRY_NOT_PRODUCTION_AUTHORITATIVE"",""NO_FAMILY_LEVEL_AUTO_ADMISSION""]",PASSED,true,POST_ONLY_V1_REVIEW_CANDIDATE,PUBLISHED_POST_ONLY_ELIGIBILITY:FEATURE_STAGE_PASSED_AND_HUMAN_REVIEW_REQUIRED_PRE_CHEMISTRY,COVAPIE_BULK_REVIEW_UNIT_D88548D5B5FCAA3C,,NEG_V1_TS_DUMP_CATALYTIC_ADDUCT_EXACT,NOT_MATCHED,"PREDICATE_MISMATCH:exact_ccd_component_graph_sha256,exact_ligand_reactive_atom,exact_radius1_sha256,exact_radius2_sha256,exact_ts_family_accession_sequence_key",NEG_V2_DTT_CRYSTALLIZATION_REDUCING_ADDUCT_EXACT,NOT_MATCHED,"PREDICATE_MISMATCH:automorphism_derived_dtt_sulfur_endpoint,exact_1fvg_reagent_protein_context,exact_1fvg_source_structure_context,exact_dtt_component_graph_sha256,exact_dtt_component_identity,exact_dtt_heavy_identity_and_charge,exact_ligand_reactive_element,exact_local_topology,exact_radius1_sha256,exact_radius2_sha256",,HUMAN_NOT_RELEVANT_FINAL,CURRENT_HUMAN_NOT_RELEVANT_DECISION_HAS_SECOND_PRECEDENCE,PUBLISHED_HISTORICAL_EXACT_EVENT_SCOPE,false
13,COVAPIE_CYS_SG_EVENT_V1:1CR5:B:CYS:146-:SG:G:NEN:C1,1CR5,NEN,C1,FROZEN_HISTORICAL_PREDECESSOR,HISTORICAL_PREDECESSOR_CANDIDATE,HUMAN_REVIEW_REQUIRED_PRE_CHEMISTRY,"[""PRE_CHEMISTRY_NOT_PRODUCTION_AUTHORITATIVE"",""NO_FAMILY_LEVEL_AUTO_ADMISSION""]",PASSED,true,POST_ONLY_V1_REVIEW_CANDIDATE,PUBLISHED_POST_ONLY_ELIGIBILITY:FEATURE_STAGE_PASSED_AND_HUMAN_REVIEW_REQUIRED_PRE_CHEMISTRY,COVAPIE_BULK_REVIEW_UNIT_D88548D5B5FCAA3C,,NEG_V1_TS_DUMP_CATALYTIC_ADDUCT_EXACT,NOT_MATCHED,"PREDICATE_MISMATCH:exact_ccd_component_graph_sha256,exact_ligand_reactive_atom,exact_radius1_sha256,exact_radius2_sha256,exact_ts_family_accession_sequence_key",NEG_V2_DTT_CRYSTALLIZATION_REDUCING_ADDUCT_EXACT,NOT_MATCHED,"PREDICATE_MISMATCH:automorphism_derived_dtt_sulfur_endpoint,exact_1fvg_reagent_protein_context,exact_1fvg_source_structure_context,exact_dtt_component_graph_sha256,exact_dtt_component_identity,exact_dtt_heavy_identity_and_charge,exact_ligand_reactive_element,exact_local_topology,exact_radius1_sha256,exact_radius2_sha256",,HUMAN_NOT_RELEVANT_FINAL,CURRENT_HUMAN_NOT_RELEVANT_DECISION_HAS_SECOND_PRECEDENCE,PUBLISHED_HISTORICAL_EXACT_EVENT_SCOPE,false
14,COVAPIE_CYS_SG_EVENT_V1:1CR5:B:CYS:34-:SG:F:NEN:C1,1CR5,NEN,C1,FROZEN_HISTORICAL_PREDECESSOR,HISTORICAL_PREDECESSOR_CANDIDATE,HUMAN_REVIEW_REQUIRED_PRE_CHEMISTRY,"[""PRE_CHEMISTRY_NOT_PRODUCTION_AUTHORITATIVE"",""NO_FAMILY_LEVEL_AUTO_ADMISSION""]",PASSED,true,POST_ONLY_V1_REVIEW_CANDIDATE,PUBLISHED_POST_ONLY_ELIGIBILITY:FEATURE_STAGE_PASSED_AND_HUMAN_REVIEW_REQUIRED_PRE_CHEMISTRY,COVAPIE_BULK_REVIEW_UNIT_D88548D5B5FCAA3C,,NEG_V1_TS_DUMP_CATALYTIC_ADDUCT_EXACT,NOT_MATCHED,"PREDICATE_MISMATCH:exact_ccd_component_graph_sha256,exact_ligand_reactive_atom,exact_radius1_sha256,exact_radius2_sha256,exact_ts_family_accession_sequence_key",NEG_V2_DTT_CRYSTALLIZATION_REDUCING_ADDUCT_EXACT,NOT_MATCHED,"PREDICATE_MISMATCH:automorphism_derived_dtt_sulfur_endpoint,exact_1fvg_reagent_protein_context,exact_1fvg_source_structure_context,exact_dtt_component_graph_sha256,exact_dtt_component_identity,exact_dtt_heavy_identity_and_charge,exact_ligand_reactive_element,exact_local_topology,exact_radius1_sha256,exact_radius2_sha256",,HUMAN_NOT_RELEVANT_FINAL,CURRENT_HUMAN_NOT_RELEVANT_DECISION_HAS_SECOND_PRECEDENCE,PUBLISHED_HISTORICAL_EXACT_EVENT_SCOPE,false
15,COVAPIE_CYS_SG_EVENT_V1:1CR5:C:CYS:146-:SG:I:NEN:C1,1CR5,NEN,C1,FROZEN_HISTORICAL_PREDECESSOR,HISTORICAL_PREDECESSOR_CANDIDATE,HUMAN_REVIEW_REQUIRED_PRE_CHEMISTRY,"[""PRE_CHEMISTRY_NOT_PRODUCTION_AUTHORITATIVE"",""NO_FAMILY_LEVEL_AUTO_ADMISSION""]",PASSED,true,POST_ONLY_V1_REVIEW_CANDIDATE,PUBLISHED_POST_ONLY_ELIGIBILITY:FEATURE_STAGE_PASSED_AND_HUMAN_REVIEW_REQUIRED_PRE_CHEMISTRY,COVAPIE_BULK_REVIEW_UNIT_D88548D5B5FCAA3C,,NEG_V1_TS_DUMP_CATALYTIC_ADDUCT_EXACT,NOT_MATCHED,"PREDICATE_MISMATCH:exact_ccd_component_graph_sha256,exact_ligand_reactive_atom,exact_radius1_sha256,exact_radius2_sha256,exact_ts_family_accession_sequence_key",NEG_V2_DTT_CRYSTALLIZATION_REDUCING_ADDUCT_EXACT,NOT_MATCHED,"PREDICATE_MISMATCH:automorphism_derived_dtt_sulfur_endpoint,exact_1fvg_reagent_protein_context,exact_1fvg_source_structure_context,exact_dtt_component_graph_sha256,exact_dtt_component_identity,exact_dtt_heavy_identity_and_charge,exact_ligand_reactive_element,exact_local_topology,exact_radius1_sha256,exact_radius2_sha256",,HUMAN_NOT_RELEVANT_FINAL,CURRENT_HUMAN_NOT_RELEVANT_DECISION_HAS_SECOND_PRECEDENCE,PUBLISHED_HISTORICAL_EXACT_EVENT_SCOPE,false
16,COVAPIE_CYS_SG_EVENT_V1:1CR5:C:CYS:34-:SG:H:NEN:C1,1CR5,NEN,C1,FROZEN_HISTORICAL_PREDECESSOR,HISTORICAL_PREDECESSOR_CANDIDATE,HUMAN_REVIEW_REQUIRED_PRE_CHEMISTRY,"[""PRE_CHEMISTRY_NOT_PRODUCTION_AUTHORITATIVE"",""NO_FAMILY_LEVEL_AUTO_ADMISSION""]",PASSED,true,POST_ONLY_V1_REVIEW_CANDIDATE,PUBLISHED_POST_ONLY_ELIGIBILITY:FEATURE_STAGE_PASSED_AND_HUMAN_REVIEW_REQUIRED_PRE_CHEMISTRY,COVAPIE_BULK_REVIEW_UNIT_D88548D5B5FCAA3C,,NEG_V1_TS_DUMP_CATALYTIC_ADDUCT_EXACT,NOT_MATCHED,"PREDICATE_MISMATCH:exact_ccd_component_graph_sha256,exact_ligand_reactive_atom,exact_radius1_sha256,exact_radius2_sha256,exact_ts_family_accession_sequence_key",NEG_V2_DTT_CRYSTALLIZATION_REDUCING_ADDUCT_EXACT,NOT_MATCHED,"PREDICATE_MISMATCH:automorphism_derived_dtt_sulfur_endpoint,exact_1fvg_reagent_protein_context,exact_1fvg_source_structure_context,exact_dtt_component_graph_sha256,exact_dtt_component_identity,exact_dtt_heavy_identity_and_charge,exact_ligand_reactive_element,exact_local_topology,exact_radius1_sha256,exact_radius2_sha256",,HUMAN_NOT_RELEVANT_FINAL,CURRENT_HUMAN_NOT_RELEVANT_DECISION_HAS_SECOND_PRECEDENCE,PUBLISHED_HISTORICAL_EXACT_EVENT_SCOPE,false
17,COVAPIE_CYS_SG_EVENT_V1:1CTE:A:CYS:29-:SG:C:PYS:S2,1CTE,PYS,S2,FROZEN_HISTORICAL_PREDECESSOR,HISTORICAL_PREDECESSOR_EXCLUDED,LEAKAGE_EXISTING_GROUP_CONFLICT,"[""LEAKAGE_EXISTING_GROUP_CONFLICT""]",PASSED,false,BLOCKED_EXISTING_GROUP_CONFLICT,PUBLISHED_POST_ONLY_INELIGIBILITY:FEATURE_STAGE=PASSED;TERMINAL_OUTCOME=LEAKAGE_EXISTING_GROUP_CONFLICT,,,NEG_V1_TS_DUMP_CATALYTIC_ADDUCT_EXACT,NOT_EVALUATED_OUTSIDE_SUPPORTED_POST_ONLY_CANDIDATE,NOT_EVALUATED_OUTSIDE_SUPPORTED_POST_ONLY_CANDIDATE,NEG_V2_DTT_CRYSTALLIZATION_REDUCING_ADDUCT_EXACT,NOT_EVALUATED_OUTSIDE_SUPPORTED_POST_ONLY_CANDIDATE,NOT_EVALUATED_OUTSIDE_SUPPORTED_POST_ONLY_CANDIDATE,,LEAKAGE_EXISTING_GROUP_CONFLICT,BOUND_STRUCTURAL_EXECUTION_OUTCOME_RETAINED,NONE,false
18,COVAPIE_CYS_SG_EVENT_V1:1CTE:B:CYS:29-:SG:D:PYS:S2,1CTE,PYS,S2,FROZEN_HISTORICAL_PREDECESSOR,HISTORICAL_PREDECESSOR_EXCLUDED,LEAKAGE_EXISTING_GROUP_CONFLICT,"[""LEAKAGE_EXISTING_GROUP_CONFLICT""]",PASSED,false,BLOCKED_EXISTING_GROUP_CONFLICT,PUBLISHED_POST_ONLY_INELIGIBILITY:FEATURE_STAGE=PASSED;TERMINAL_OUTCOME=LEAKAGE_EXISTING_GROUP_CONFLICT,,,NEG_V1_TS_DUMP_CATALYTIC_ADDUCT_EXACT,NOT_EVALUATED_OUTSIDE_SUPPORTED_POST_ONLY_CANDIDATE,NOT_EVALUATED_OUTSIDE_SUPPORTED_POST_ONLY_CANDIDATE,NEG_V2_DTT_CRYSTALLIZATION_REDUCING_ADDUCT_EXACT,NOT_EVALUATED_OUTSIDE_SUPPORTED_POST_ONLY_CANDIDATE,NOT_EVALUATED_OUTSIDE_SUPPORTED_POST_ONLY_CANDIDATE,,LEAKAGE_EXISTING_GROUP_CONFLICT,BOUND_STRUCTURAL_EXECUTION_OUTCOME_RETAINED,NONE,false
19,COVAPIE_CYS_SG_EVENT_V1:1CV8:A:CYS:24-:SG:C:E64:C2,1CV8,E64,C2,FROZEN_HISTORICAL_PREDECESSOR,HISTORICAL_PREDECESSOR_EXCLUDED,STRUCTURAL_EVIDENCE_INCOMPLETE,"[""MMCIF_EXACT_CYS_SG_STRUCT_CONN_NOT_RECOVERED""]",NOT_REACHED,false,OUTSIDE_STRUCTURAL_ELIGIBILITY,PUBLISHED_POST_ONLY_INELIGIBILITY:FEATURE_STAGE=NOT_REACHED;TERMINAL_OUTCOME=STRUCTURAL_EVIDENCE_INCOMPLETE,,,NEG_V1_TS_DUMP_CATALYTIC_ADDUCT_EXACT,NOT_EVALUATED_OUTSIDE_SUPPORTED_POST_ONLY_CANDIDATE,NOT_EVALUATED_OUTSIDE_SUPPORTED_POST_ONLY_CANDIDATE,NEG_V2_DTT_CRYSTALLIZATION_REDUCING_ADDUCT_EXACT,NOT_EVALUATED_OUTSIDE_SUPPORTED_POST_ONLY_CANDIDATE,NOT_EVALUATED_OUTSIDE_SUPPORTED_POST_ONLY_CANDIDATE,,STRUCTURAL_EVIDENCE_INCOMPLETE,BOUND_STRUCTURAL_EXECUTION_OUTCOME_RETAINED,NONE,false
20,COVAPIE_CYS_SG_EVENT_V1:1CVR:A:CYS:244-:SG:B:H37:C3,1CVR,H37,C3,FROZEN_HISTORICAL_PREDECESSOR,HISTORICAL_PREDECESSOR_EXCLUDED,QUARANTINE_REPRESENTATION_GAP,"[""PRE_ONLY_ATOMS_CANNOT_BE_DROPPED_OR_GIVEN_COORDINATES""]",PASSED,false,BLOCKED_REPRESENTATION_GAP,PUBLISHED_POST_ONLY_INELIGIBILITY:FEATURE_STAGE=PASSED;TERMINAL_OUTCOME=QUARANTINE_REPRESENTATION_GAP,,,NEG_V1_TS_DUMP_CATALYTIC_ADDUCT_EXACT,NOT_EVALUATED_OUTSIDE_SUPPORTED_POST_ONLY_CANDIDATE,NOT_EVALUATED_OUTSIDE_SUPPORTED_POST_ONLY_CANDIDATE,NEG_V2_DTT_CRYSTALLIZATION_REDUCING_ADDUCT_EXACT,NOT_EVALUATED_OUTSIDE_SUPPORTED_POST_ONLY_CANDIDATE,NOT_EVALUATED_OUTSIDE_SUPPORTED_POST_ONLY_CANDIDATE,,QUARANTINE_REPRESENTATION_GAP,BOUND_STRUCTURAL_EXECUTION_OUTCOME_RETAINED,NONE,false
21,COVAPIE_CYS_SG_EVENT_V1:1CVZ:A:CYS:25-:SG:B:C48:C10,1CVZ,C48,C10,FROZEN_HISTORICAL_PREDECESSOR,HISTORICAL_PREDECESSOR_EXCLUDED,LEAKAGE_EXISTING_GROUP_CONFLICT,"[""LEAKAGE_EXISTING_GROUP_CONFLICT""]",PASSED,false,BLOCKED_EXISTING_GROUP_CONFLICT,PUBLISHED_POST_ONLY_INELIGIBILITY:FEATURE_STAGE=PASSED;TERMINAL_OUTCOME=LEAKAGE_EXISTING_GROUP_CONFLICT,,,NEG_V1_TS_DUMP_CATALYTIC_ADDUCT_EXACT,NOT_EVALUATED_OUTSIDE_SUPPORTED_POST_ONLY_CANDIDATE,NOT_EVALUATED_OUTSIDE_SUPPORTED_POST_ONLY_CANDIDATE,NEG_V2_DTT_CRYSTALLIZATION_REDUCING_ADDUCT_EXACT,NOT_EVALUATED_OUTSIDE_SUPPORTED_POST_ONLY_CANDIDATE,NOT_EVALUATED_OUTSIDE_SUPPORTED_POST_ONLY_CANDIDATE,,LEAKAGE_EXISTING_GROUP_CONFLICT,BOUND_STRUCTURAL_EXECUTION_OUTCOME_RETAINED,NONE,false
22,COVAPIE_CYS_SG_EVENT_V1:1DC4:A:CYS:149-:SG:C:G3P:C1,1DC4,G3P,C1,FROZEN_HISTORICAL_PREDECESSOR,HISTORICAL_PREDECESSOR_CANDIDATE,HUMAN_REVIEW_REQUIRED_PRE_CHEMISTRY,"[""PRE_CHEMISTRY_NOT_PRODUCTION_AUTHORITATIVE"",""NO_FAMILY_LEVEL_AUTO_ADMISSION""]",PASSED,true,POST_ONLY_V1_REVIEW_CANDIDATE,PUBLISHED_POST_ONLY_ELIGIBILITY:FEATURE_STAGE_PASSED_AND_HUMAN_REVIEW_REQUIRED_PRE_CHEMISTRY,COVAPIE_BULK_REVIEW_UNIT_7ECA4E38FFF9D55A,COVAPIE_BULK_REVIEW_UNIT_7ECA4E38FFF9D55A,NEG_V1_TS_DUMP_CATALYTIC_ADDUCT_EXACT,NOT_MATCHED,"PREDICATE_MISMATCH:exact_ccd_component_graph_sha256,exact_ligand_reactive_atom,exact_radius1_sha256,exact_radius2_sha256,exact_ts_family_accession_sequence_key",NEG_V2_DTT_CRYSTALLIZATION_REDUCING_ADDUCT_EXACT,NOT_MATCHED,"PREDICATE_MISMATCH:automorphism_derived_dtt_sulfur_endpoint,exact_1fvg_reagent_protein_context,exact_1fvg_source_structure_context,exact_dtt_component_graph_sha256,exact_dtt_component_identity,exact_ligand_reactive_element,exact_local_topology,exact_radius1_sha256,exact_radius2_sha256;UNAVAILABLE_OR_MALFORMED:exact_dtt_heavy_identity_and_charge[outcome.ccd_formal_charge_pattern:INVALID]",,HUMAN_REVIEW_REQUIRED,NO_SINGLE_EXACT_RULE_MATCHED_EVERY_EVENT;HUMAN_REVIEW_RETAINED,NONE,false
23,COVAPIE_CYS_SG_EVENT_V1:1DC4:B:CYS:149-:SG:D:G3P:C1,1DC4,G3P,C1,FROZEN_HISTORICAL_PREDECESSOR,HISTORICAL_PREDECESSOR_CANDIDATE,HUMAN_REVIEW_REQUIRED_PRE_CHEMISTRY,"[""PRE_CHEMISTRY_NOT_PRODUCTION_AUTHORITATIVE"",""NO_FAMILY_LEVEL_AUTO_ADMISSION""]",PASSED,true,POST_ONLY_V1_REVIEW_CANDIDATE,PUBLISHED_POST_ONLY_ELIGIBILITY:FEATURE_STAGE_PASSED_AND_HUMAN_REVIEW_REQUIRED_PRE_CHEMISTRY,COVAPIE_BULK_REVIEW_UNIT_7ECA4E38FFF9D55A,COVAPIE_BULK_REVIEW_UNIT_7ECA4E38FFF9D55A,NEG_V1_TS_DUMP_CATALYTIC_ADDUCT_EXACT,NOT_MATCHED,"PREDICATE_MISMATCH:exact_ccd_component_graph_sha256,exact_ligand_reactive_atom,exact_radius1_sha256,exact_radius2_sha256,exact_ts_family_accession_sequence_key",NEG_V2_DTT_CRYSTALLIZATION_REDUCING_ADDUCT_EXACT,NOT_MATCHED,"PREDICATE_MISMATCH:automorphism_derived_dtt_sulfur_endpoint,exact_1fvg_reagent_protein_context,exact_1fvg_source_structure_context,exact_dtt_component_graph_sha256,exact_dtt_component_identity,exact_ligand_reactive_element,exact_local_topology,exact_radius1_sha256,exact_radius2_sha256;UNAVAILABLE_OR_MALFORMED:exact_dtt_heavy_identity_and_charge[outcome.ccd_formal_charge_pattern:INVALID]",,HUMAN_REVIEW_REQUIRED,NO_SINGLE_EXACT_RULE_MATCHED_EVERY_EVENT;HUMAN_REVIEW_RETAINED,NONE,false
24,COVAPIE_CYS_SG_EVENT_V1:1ECC:A:CYS:1-:SG:E:ONL:CE,1ECC,ONL,CE,FROZEN_HISTORICAL_PREDECESSOR,HISTORICAL_PREDECESSOR_CANDIDATE,HUMAN_REVIEW_REQUIRED_PRE_CHEMISTRY,"[""PRE_CHEMISTRY_NOT_PRODUCTION_AUTHORITATIVE"",""NO_FAMILY_LEVEL_AUTO_ADMISSION""]",PASSED,true,POST_ONLY_V1_REVIEW_CANDIDATE,PUBLISHED_POST_ONLY_ELIGIBILITY:FEATURE_STAGE_PASSED_AND_HUMAN_REVIEW_REQUIRED_PRE_CHEMISTRY,COVAPIE_BULK_REVIEW_UNIT_FC5A3060FADCBA74,COVAPIE_BULK_REVIEW_UNIT_FC5A3060FADCBA74,NEG_V1_TS_DUMP_CATALYTIC_ADDUCT_EXACT,NOT_MATCHED,"PREDICATE_MISMATCH:exact_ccd_component_graph_sha256,exact_ligand_reactive_atom,exact_radius1_sha256,exact_radius2_sha256,exact_ts_family_accession_sequence_key",NEG_V2_DTT_CRYSTALLIZATION_REDUCING_ADDUCT_EXACT,NOT_MATCHED,"PREDICATE_MISMATCH:automorphism_derived_dtt_sulfur_endpoint,exact_1fvg_reagent_protein_context,exact_1fvg_source_structure_context,exact_dtt_component_graph_sha256,exact_dtt_component_identity,exact_ligand_reactive_element,exact_local_topology,exact_radius1_sha256,exact_radius2_sha256;UNAVAILABLE_OR_MALFORMED:exact_dtt_heavy_identity_and_charge[outcome.ccd_formal_charge_pattern:INVALID]",,HUMAN_REVIEW_REQUIRED,NO_SINGLE_EXACT_RULE_MATCHED_EVERY_EVENT;HUMAN_REVIEW_RETAINED,NONE,false
25,COVAPIE_CYS_SG_EVENT_V1:1ECC:B:CYS:1-:SG:J:ONL:CE,1ECC,ONL,CE,FROZEN_HISTORICAL_PREDECESSOR,HISTORICAL_PREDECESSOR_CANDIDATE,HUMAN_REVIEW_REQUIRED_PRE_CHEMISTRY,"[""PRE_CHEMISTRY_NOT_PRODUCTION_AUTHORITATIVE"",""NO_FAMILY_LEVEL_AUTO_ADMISSION""]",PASSED,true,POST_ONLY_V1_REVIEW_CANDIDATE,PUBLISHED_POST_ONLY_ELIGIBILITY:FEATURE_STAGE_PASSED_AND_HUMAN_REVIEW_REQUIRED_PRE_CHEMISTRY,COVAPIE_BULK_REVIEW_UNIT_FC5A3060FADCBA74,COVAPIE_BULK_REVIEW_UNIT_FC5A3060FADCBA74,NEG_V1_TS_DUMP_CATALYTIC_ADDUCT_EXACT,NOT_MATCHED,"PREDICATE_MISMATCH:exact_ccd_component_graph_sha256,exact_ligand_reactive_atom,exact_radius1_sha256,exact_radius2_sha256,exact_ts_family_accession_sequence_key",NEG_V2_DTT_CRYSTALLIZATION_REDUCING_ADDUCT_EXACT,NOT_MATCHED,"PREDICATE_MISMATCH:automorphism_derived_dtt_sulfur_endpoint,exact_1fvg_reagent_protein_context,exact_1fvg_source_structure_context,exact_dtt_component_graph_sha256,exact_dtt_component_identity,exact_ligand_reactive_element,exact_local_topology,exact_radius1_sha256,exact_radius2_sha256;UNAVAILABLE_OR_MALFORMED:exact_dtt_heavy_identity_and_charge[outcome.ccd_formal_charge_pattern:INVALID]",,HUMAN_REVIEW_REQUIRED,NO_SINGLE_EXACT_RULE_MATCHED_EVERY_EVENT;HUMAN_REVIEW_RETAINED,NONE,false
26,COVAPIE_CYS_SG_EVENT_V1:1ECG:A:CYS:1-:SG:C:ONL:CE,1ECG,ONL,CE,FROZEN_HISTORICAL_PREDECESSOR,HISTORICAL_PREDECESSOR_CANDIDATE,HUMAN_REVIEW_REQUIRED_PRE_CHEMISTRY,"[""PRE_CHEMISTRY_NOT_PRODUCTION_AUTHORITATIVE"",""NO_FAMILY_LEVEL_AUTO_ADMISSION""]",PASSED,true,POST_ONLY_V1_REVIEW_CANDIDATE,PUBLISHED_POST_ONLY_ELIGIBILITY:FEATURE_STAGE_PASSED_AND_HUMAN_REVIEW_REQUIRED_PRE_CHEMISTRY,COVAPIE_BULK_REVIEW_UNIT_FC5A3060FADCBA74,COVAPIE_BULK_REVIEW_UNIT_FC5A3060FADCBA74,NEG_V1_TS_DUMP_CATALYTIC_ADDUCT_EXACT,NOT_MATCHED,"PREDICATE_MISMATCH:exact_ccd_component_graph_sha256,exact_ligand_reactive_atom,exact_radius1_sha256,exact_radius2_sha256,exact_ts_family_accession_sequence_key",NEG_V2_DTT_CRYSTALLIZATION_REDUCING_ADDUCT_EXACT,NOT_MATCHED,"PREDICATE_MISMATCH:automorphism_derived_dtt_sulfur_endpoint,exact_1fvg_reagent_protein_context,exact_1fvg_source_structure_context,exact_dtt_component_graph_sha256,exact_dtt_component_identity,exact_ligand_reactive_element,exact_local_topology,exact_radius1_sha256,exact_radius2_sha256;UNAVAILABLE_OR_MALFORMED:exact_dtt_heavy_identity_and_charge[outcome.ccd_formal_charge_pattern:INVALID]",,HUMAN_REVIEW_REQUIRED,NO_SINGLE_EXACT_RULE_MATCHED_EVERY_EVENT;HUMAN_REVIEW_RETAINED,NONE,false
27,COVAPIE_CYS_SG_EVENT_V1:1ECG:B:CYS:1-:SG:G:ONL:CE,1ECG,ONL,CE,FROZEN_HISTORICAL_PREDECESSOR,HISTORICAL_PREDECESSOR_CANDIDATE,HUMAN_REVIEW_REQUIRED_PRE_CHEMISTRY,"[""PRE_CHEMISTRY_NOT_PRODUCTION_AUTHORITATIVE"",""NO_FAMILY_LEVEL_AUTO_ADMISSION""]",PASSED,true,POST_ONLY_V1_REVIEW_CANDIDATE,PUBLISHED_POST_ONLY_ELIGIBILITY:FEATURE_STAGE_PASSED_AND_HUMAN_REVIEW_REQUIRED_PRE_CHEMISTRY,COVAPIE_BULK_REVIEW_UNIT_FC5A3060FADCBA74,COVAPIE_BULK_REVIEW_UNIT_FC5A3060FADCBA74,NEG_V1_TS_DUMP_CATALYTIC_ADDUCT_EXACT,NOT_MATCHED,"PREDICATE_MISMATCH:exact_ccd_component_graph_sha256,exact_ligand_reactive_atom,exact_radius1_sha256,exact_radius2_sha256,exact_ts_family_accession_sequence_key",NEG_V2_DTT_CRYSTALLIZATION_REDUCING_ADDUCT_EXACT,NOT_MATCHED,"PREDICATE_MISMATCH:automorphism_derived_dtt_sulfur_endpoint,exact_1fvg_reagent_protein_context,exact_1fvg_source_structure_context,exact_dtt_component_graph_sha256,exact_dtt_component_identity,exact_ligand_reactive_element,exact_local_topology,exact_radius1_sha256,exact_radius2_sha256;UNAVAILABLE_OR_MALFORMED:exact_dtt_heavy_identity_and_charge[outcome.ccd_formal_charge_pattern:INVALID]",,HUMAN_REVIEW_REQUIRED,NO_SINGLE_EXACT_RULE_MATCHED_EVERY_EVENT;HUMAN_REVIEW_RETAINED,NONE,false
28,COVAPIE_CYS_SG_EVENT_V1:1EWL:A:CYS:25-:SG:B:R99:C2,1EWL,R99,C2,FROZEN_HISTORICAL_PREDECESSOR,HISTORICAL_PREDECESSOR_EXCLUDED,LEAKAGE_EXISTING_GROUP_CONFLICT,"[""LEAKAGE_EXISTING_GROUP_CONFLICT""]",PASSED,false,BLOCKED_EXISTING_GROUP_CONFLICT,PUBLISHED_POST_ONLY_INELIGIBILITY:FEATURE_STAGE=PASSED;TERMINAL_OUTCOME=LEAKAGE_EXISTING_GROUP_CONFLICT,,,NEG_V1_TS_DUMP_CATALYTIC_ADDUCT_EXACT,NOT_EVALUATED_OUTSIDE_SUPPORTED_POST_ONLY_CANDIDATE,NOT_EVALUATED_OUTSIDE_SUPPORTED_POST_ONLY_CANDIDATE,NEG_V2_DTT_CRYSTALLIZATION_REDUCING_ADDUCT_EXACT,NOT_EVALUATED_OUTSIDE_SUPPORTED_POST_ONLY_CANDIDATE,NOT_EVALUATED_OUTSIDE_SUPPORTED_POST_ONLY_CANDIDATE,,LEAKAGE_EXISTING_GROUP_CONFLICT,BOUND_STRUCTURAL_EXECUTION_OUTCOME_RETAINED,NONE,false
29,COVAPIE_CYS_SG_EVENT_V1:1EWM:A:CYS:25-:SG:B:RL2:C2,1EWM,RL2,C2,FROZEN_HISTORICAL_PREDECESSOR,HISTORICAL_PREDECESSOR_EXCLUDED,LEAKAGE_EXISTING_GROUP_CONFLICT,"[""LEAKAGE_EXISTING_GROUP_CONFLICT""]",PASSED,false,BLOCKED_EXISTING_GROUP_CONFLICT,PUBLISHED_POST_ONLY_INELIGIBILITY:FEATURE_STAGE=PASSED;TERMINAL_OUTCOME=LEAKAGE_EXISTING_GROUP_CONFLICT,,,NEG_V1_TS_DUMP_CATALYTIC_ADDUCT_EXACT,NOT_EVALUATED_OUTSIDE_SUPPORTED_POST_ONLY_CANDIDATE,NOT_EVALUATED_OUTSIDE_SUPPORTED_POST_ONLY_CANDIDATE,NEG_V2_DTT_CRYSTALLIZATION_REDUCING_ADDUCT_EXACT,NOT_EVALUATED_OUTSIDE_SUPPORTED_POST_ONLY_CANDIDATE,NOT_EVALUATED_OUTSIDE_SUPPORTED_POST_ONLY_CANDIDATE,,LEAKAGE_EXISTING_GROUP_CONFLICT,BOUND_STRUCTURAL_EXECUTION_OUTCOME_RETAINED,NONE,false
30,COVAPIE_CYS_SG_EVENT_V1:1EWO:A:CYS:25-:SG:B:VSC:C32,1EWO,VSC,C32,FROZEN_HISTORICAL_PREDECESSOR,HISTORICAL_PREDECESSOR_EXCLUDED,LEAKAGE_EXISTING_GROUP_CONFLICT,"[""LEAKAGE_EXISTING_GROUP_CONFLICT""]",PASSED,false,BLOCKED_EXISTING_GROUP_CONFLICT,PUBLISHED_POST_ONLY_INELIGIBILITY:FEATURE_STAGE=PASSED;TERMINAL_OUTCOME=LEAKAGE_EXISTING_GROUP_CONFLICT,,,NEG_V1_TS_DUMP_CATALYTIC_ADDUCT_EXACT,NOT_EVALUATED_OUTSIDE_SUPPORTED_POST_ONLY_CANDIDATE,NOT_EVALUATED_OUTSIDE_SUPPORTED_POST_ONLY_CANDIDATE,NEG_V2_DTT_CRYSTALLIZATION_REDUCING_ADDUCT_EXACT,NOT_EVALUATED_OUTSIDE_SUPPORTED_POST_ONLY_CANDIDATE,NOT_EVALUATED_OUTSIDE_SUPPORTED_POST_ONLY_CANDIDATE,,LEAKAGE_EXISTING_GROUP_CONFLICT,BOUND_STRUCTURAL_EXECUTION_OUTCOME_RETAINED,NONE,false
31,COVAPIE_CYS_SG_EVENT_V1:1EWP:A:CYS:25-:SG:B:0I5:CM,1EWP,0I5,CM,FROZEN_HISTORICAL_PREDECESSOR,HISTORICAL_PREDECESSOR_EXCLUDED,LEAKAGE_EXISTING_GROUP_CONFLICT,"[""LEAKAGE_EXISTING_GROUP_CONFLICT""]",PASSED,false,BLOCKED_EXISTING_GROUP_CONFLICT,PUBLISHED_POST_ONLY_INELIGIBILITY:FEATURE_STAGE=PASSED;TERMINAL_OUTCOME=LEAKAGE_EXISTING_GROUP_CONFLICT,,,NEG_V1_TS_DUMP_CATALYTIC_ADDUCT_EXACT,NOT_EVALUATED_OUTSIDE_SUPPORTED_POST_ONLY_CANDIDATE,NOT_EVALUATED_OUTSIDE_SUPPORTED_POST_ONLY_CANDIDATE,NEG_V2_DTT_CRYSTALLIZATION_REDUCING_ADDUCT_EXACT,NOT_EVALUATED_OUTSIDE_SUPPORTED_POST_ONLY_CANDIDATE,NOT_EVALUATED_OUTSIDE_SUPPORTED_POST_ONLY_CANDIDATE,,LEAKAGE_EXISTING_GROUP_CONFLICT,BOUND_STRUCTURAL_EXECUTION_OUTCOME_RETAINED,NONE,false
32,COVAPIE_CYS_SG_EVENT_V1:1F28:A:CYS:173-:SG:E:UMP:C6,1F28,UMP,C6,FROZEN_HISTORICAL_PREDECESSOR,HISTORICAL_PREDECESSOR_CANDIDATE,HUMAN_REVIEW_REQUIRED_PRE_CHEMISTRY,"[""PRE_CHEMISTRY_NOT_PRODUCTION_AUTHORITATIVE"",""NO_FAMILY_LEVEL_AUTO_ADMISSION""]",PASSED,true,POST_ONLY_V1_REVIEW_CANDIDATE,PUBLISHED_POST_ONLY_ELIGIBILITY:FEATURE_STAGE_PASSED_AND_HUMAN_REVIEW_REQUIRED_PRE_CHEMISTRY,COVAPIE_BULK_REVIEW_UNIT_EB1C0FF8712C32A9,,NEG_V1_TS_DUMP_CATALYTIC_ADDUCT_EXACT,MATCHED_AUTO_NEGATIVE_EXACT,ALL_EXACT_PREDICATES_MATCHED,NEG_V2_DTT_CRYSTALLIZATION_REDUCING_ADDUCT_EXACT,NOT_MATCHED,"PREDICATE_MISMATCH:automorphism_derived_dtt_sulfur_endpoint,exact_1fvg_reagent_protein_context,exact_1fvg_source_structure_context,exact_dtt_component_graph_sha256,exact_dtt_component_identity,exact_ligand_reactive_element,exact_local_topology,exact_radius1_sha256,exact_radius2_sha256;UNAVAILABLE_OR_MALFORMED:exact_dtt_heavy_identity_and_charge[outcome.ccd_formal_charge_pattern:INVALID]",NEG_V1_TS_DUMP_CATALYTIC_ADDUCT_EXACT,AUTO_NEGATIVE_EXACT_FINAL,EVERY_EVENT_IN_UNIT_MATCHED_SAME_EXACT_RULE_WITHOUT_OVERRIDE,NONE,false
33,COVAPIE_CYS_SG_EVENT_V1:1F28:C:CYS:173-:SG:I:UMP:C6,1F28,UMP,C6,FROZEN_HISTORICAL_PREDECESSOR,HISTORICAL_PREDECESSOR_CANDIDATE,HUMAN_REVIEW_REQUIRED_PRE_CHEMISTRY,"[""PRE_CHEMISTRY_NOT_PRODUCTION_AUTHORITATIVE"",""NO_FAMILY_LEVEL_AUTO_ADMISSION""]",PASSED,true,POST_ONLY_V1_REVIEW_CANDIDATE,PUBLISHED_POST_ONLY_ELIGIBILITY:FEATURE_STAGE_PASSED_AND_HUMAN_REVIEW_REQUIRED_PRE_CHEMISTRY,COVAPIE_BULK_REVIEW_UNIT_EB1C0FF8712C32A9,,NEG_V1_TS_DUMP_CATALYTIC_ADDUCT_EXACT,MATCHED_AUTO_NEGATIVE_EXACT,ALL_EXACT_PREDICATES_MATCHED,NEG_V2_DTT_CRYSTALLIZATION_REDUCING_ADDUCT_EXACT,NOT_MATCHED,"PREDICATE_MISMATCH:automorphism_derived_dtt_sulfur_endpoint,exact_1fvg_reagent_protein_context,exact_1fvg_source_structure_context,exact_dtt_component_graph_sha256,exact_dtt_component_identity,exact_ligand_reactive_element,exact_local_topology,exact_radius1_sha256,exact_radius2_sha256;UNAVAILABLE_OR_MALFORMED:exact_dtt_heavy_identity_and_charge[outcome.ccd_formal_charge_pattern:INVALID]",NEG_V1_TS_DUMP_CATALYTIC_ADDUCT_EXACT,AUTO_NEGATIVE_EXACT_FINAL,EVERY_EVENT_IN_UNIT_MATCHED_SAME_EXACT_RULE_WITHOUT_OVERRIDE,NONE,false
34,COVAPIE_CYS_SG_EVENT_V1:1F29:A:CYS:25-:SG:D:VS1:C22,1F29,VS1,C22,FROZEN_HISTORICAL_PREDECESSOR,HISTORICAL_PREDECESSOR_EXCLUDED,LEAKAGE_EXISTING_GROUP_CONFLICT,"[""LEAKAGE_EXISTING_GROUP_CONFLICT""]",PASSED,false,BLOCKED_EXISTING_GROUP_CONFLICT,PUBLISHED_POST_ONLY_INELIGIBILITY:FEATURE_STAGE=PASSED;TERMINAL_OUTCOME=LEAKAGE_EXISTING_GROUP_CONFLICT,,,NEG_V1_TS_DUMP_CATALYTIC_ADDUCT_EXACT,NOT_EVALUATED_OUTSIDE_SUPPORTED_POST_ONLY_CANDIDATE,NOT_EVALUATED_OUTSIDE_SUPPORTED_POST_ONLY_CANDIDATE,NEG_V2_DTT_CRYSTALLIZATION_REDUCING_ADDUCT_EXACT,NOT_EVALUATED_OUTSIDE_SUPPORTED_POST_ONLY_CANDIDATE,NOT_EVALUATED_OUTSIDE_SUPPORTED_POST_ONLY_CANDIDATE,,LEAKAGE_EXISTING_GROUP_CONFLICT,BOUND_STRUCTURAL_EXECUTION_OUTCOME_RETAINED,NONE,false
35,COVAPIE_CYS_SG_EVENT_V1:1F29:B:CYS:25-:SG:E:VS1:C22,1F29,VS1,C22,FROZEN_HISTORICAL_PREDECESSOR,HISTORICAL_PREDECESSOR_EXCLUDED,LEAKAGE_EXISTING_GROUP_CONFLICT,"[""LEAKAGE_EXISTING_GROUP_CONFLICT""]",PASSED,false,BLOCKED_EXISTING_GROUP_CONFLICT,PUBLISHED_POST_ONLY_INELIGIBILITY:FEATURE_STAGE=PASSED;TERMINAL_OUTCOME=LEAKAGE_EXISTING_GROUP_CONFLICT,,,NEG_V1_TS_DUMP_CATALYTIC_ADDUCT_EXACT,NOT_EVALUATED_OUTSIDE_SUPPORTED_POST_ONLY_CANDIDATE,NOT_EVALUATED_OUTSIDE_SUPPORTED_POST_ONLY_CANDIDATE,NEG_V2_DTT_CRYSTALLIZATION_REDUCING_ADDUCT_EXACT,NOT_EVALUATED_OUTSIDE_SUPPORTED_POST_ONLY_CANDIDATE,NOT_EVALUATED_OUTSIDE_SUPPORTED_POST_ONLY_CANDIDATE,,LEAKAGE_EXISTING_GROUP_CONFLICT,BOUND_STRUCTURAL_EXECUTION_OUTCOME_RETAINED,NONE,false
36,COVAPIE_CYS_SG_EVENT_V1:1F29:C:CYS:25-:SG:F:VS1:C22,1F29,VS1,C22,FROZEN_HISTORICAL_PREDECESSOR,HISTORICAL_PREDECESSOR_EXCLUDED,LEAKAGE_EXISTING_GROUP_CONFLICT,"[""LEAKAGE_EXISTING_GROUP_CONFLICT""]",PASSED,false,BLOCKED_EXISTING_GROUP_CONFLICT,PUBLISHED_POST_ONLY_INELIGIBILITY:FEATURE_STAGE=PASSED;TERMINAL_OUTCOME=LEAKAGE_EXISTING_GROUP_CONFLICT,,,NEG_V1_TS_DUMP_CATALYTIC_ADDUCT_EXACT,NOT_EVALUATED_OUTSIDE_SUPPORTED_POST_ONLY_CANDIDATE,NOT_EVALUATED_OUTSIDE_SUPPORTED_POST_ONLY_CANDIDATE,NEG_V2_DTT_CRYSTALLIZATION_REDUCING_ADDUCT_EXACT,NOT_EVALUATED_OUTSIDE_SUPPORTED_POST_ONLY_CANDIDATE,NOT_EVALUATED_OUTSIDE_SUPPORTED_POST_ONLY_CANDIDATE,,LEAKAGE_EXISTING_GROUP_CONFLICT,BOUND_STRUCTURAL_EXECUTION_OUTCOME_RETAINED,NONE,false
37,COVAPIE_CYS_SG_EVENT_V1:1F2A:A:CYS:25-:SG:B:VS2:C27,1F2A,VS2,C27,FROZEN_HISTORICAL_PREDECESSOR,HISTORICAL_PREDECESSOR_EXCLUDED,LEAKAGE_EXISTING_GROUP_CONFLICT,"[""LEAKAGE_EXISTING_GROUP_CONFLICT""]",PASSED,false,BLOCKED_EXISTING_GROUP_CONFLICT,PUBLISHED_POST_ONLY_INELIGIBILITY:FEATURE_STAGE=PASSED;TERMINAL_OUTCOME=LEAKAGE_EXISTING_GROUP_CONFLICT,,,NEG_V1_TS_DUMP_CATALYTIC_ADDUCT_EXACT,NOT_EVALUATED_OUTSIDE_SUPPORTED_POST_ONLY_CANDIDATE,NOT_EVALUATED_OUTSIDE_SUPPORTED_POST_ONLY_CANDIDATE,NEG_V2_DTT_CRYSTALLIZATION_REDUCING_ADDUCT_EXACT,NOT_EVALUATED_OUTSIDE_SUPPORTED_POST_ONLY_CANDIDATE,NOT_EVALUATED_OUTSIDE_SUPPORTED_POST_ONLY_CANDIDATE,,LEAKAGE_EXISTING_GROUP_CONFLICT,BOUND_STRUCTURAL_EXECUTION_OUTCOME_RETAINED,NONE,false
38,COVAPIE_CYS_SG_EVENT_V1:1F2B:A:CYS:25-:SG:B:VS3:C27,1F2B,VS3,C27,FROZEN_HISTORICAL_PREDECESSOR,HISTORICAL_PREDECESSOR_EXCLUDED,LEAKAGE_EXISTING_GROUP_CONFLICT,"[""LEAKAGE_EXISTING_GROUP_CONFLICT""]",PASSED,false,BLOCKED_EXISTING_GROUP_CONFLICT,PUBLISHED_POST_ONLY_INELIGIBILITY:FEATURE_STAGE=PASSED;TERMINAL_OUTCOME=LEAKAGE_EXISTING_GROUP_CONFLICT,,,NEG_V1_TS_DUMP_CATALYTIC_ADDUCT_EXACT,NOT_EVALUATED_OUTSIDE_SUPPORTED_POST_ONLY_CANDIDATE,NOT_EVALUATED_OUTSIDE_SUPPORTED_POST_ONLY_CANDIDATE,NEG_V2_DTT_CRYSTALLIZATION_REDUCING_ADDUCT_EXACT,NOT_EVALUATED_OUTSIDE_SUPPORTED_POST_ONLY_CANDIDATE,NOT_EVALUATED_OUTSIDE_SUPPORTED_POST_ONLY_CANDIDATE,,LEAKAGE_EXISTING_GROUP_CONFLICT,BOUND_STRUCTURAL_EXECUTION_OUTCOME_RETAINED,NONE,false
39,COVAPIE_CYS_SG_EVENT_V1:1F2C:A:CYS:25-:SG:B:VS4:C27,1F2C,VS4,C27,FROZEN_HISTORICAL_PREDECESSOR,HISTORICAL_PREDECESSOR_EXCLUDED,LEAKAGE_EXISTING_GROUP_CONFLICT,"[""LEAKAGE_EXISTING_GROUP_CONFLICT""]",PASSED,false,BLOCKED_EXISTING_GROUP_CONFLICT,PUBLISHED_POST_ONLY_INELIGIBILITY:FEATURE_STAGE=PASSED;TERMINAL_OUTCOME=LEAKAGE_EXISTING_GROUP_CONFLICT,,,NEG_V1_TS_DUMP_CATALYTIC_ADDUCT_EXACT,NOT_EVALUATED_OUTSIDE_SUPPORTED_POST_ONLY_CANDIDATE,NOT_EVALUATED_OUTSIDE_SUPPORTED_POST_ONLY_CANDIDATE,NEG_V2_DTT_CRYSTALLIZATION_REDUCING_ADDUCT_EXACT,NOT_EVALUATED_OUTSIDE_SUPPORTED_POST_ONLY_CANDIDATE,NOT_EVALUATED_OUTSIDE_SUPPORTED_POST_ONLY_CANDIDATE,,LEAKAGE_EXISTING_GROUP_CONFLICT,BOUND_STRUCTURAL_EXECUTION_OUTCOME_RETAINED,NONE,false
40,COVAPIE_CYS_SG_EVENT_V1:1F42:A:CYS:177-:SG:C:MNB:S5,1F42,MNB,S5,FROZEN_HISTORICAL_PREDECESSOR,HISTORICAL_PREDECESSOR_EXCLUDED,LEAKAGE_EXISTING_GROUP_CONFLICT,"[""LEAKAGE_EXISTING_GROUP_CONFLICT""]",PASSED,false,BLOCKED_EXISTING_GROUP_CONFLICT,PUBLISHED_POST_ONLY_INELIGIBILITY:FEATURE_STAGE=PASSED;TERMINAL_OUTCOME=LEAKAGE_EXISTING_GROUP_CONFLICT,,,NEG_V1_TS_DUMP_CATALYTIC_ADDUCT_EXACT,NOT_EVALUATED_OUTSIDE_SUPPORTED_POST_ONLY_CANDIDATE,NOT_EVALUATED_OUTSIDE_SUPPORTED_POST_ONLY_CANDIDATE,NEG_V2_DTT_CRYSTALLIZATION_REDUCING_ADDUCT_EXACT,NOT_EVALUATED_OUTSIDE_SUPPORTED_POST_ONLY_CANDIDATE,NOT_EVALUATED_OUTSIDE_SUPPORTED_POST_ONLY_CANDIDATE,,LEAKAGE_EXISTING_GROUP_CONFLICT,BOUND_STRUCTURAL_EXECUTION_OUTCOME_RETAINED,NONE,false
41,COVAPIE_CYS_SG_EVENT_V1:1F42:A:CYS:252-:SG:D:MNB:S5,1F42,MNB,S5,FROZEN_HISTORICAL_PREDECESSOR,HISTORICAL_PREDECESSOR_EXCLUDED,LEAKAGE_EXISTING_GROUP_CONFLICT,"[""LEAKAGE_EXISTING_GROUP_CONFLICT""]",PASSED,false,BLOCKED_EXISTING_GROUP_CONFLICT,PUBLISHED_POST_ONLY_INELIGIBILITY:FEATURE_STAGE=PASSED;TERMINAL_OUTCOME=LEAKAGE_EXISTING_GROUP_CONFLICT,,,NEG_V1_TS_DUMP_CATALYTIC_ADDUCT_EXACT,NOT_EVALUATED_OUTSIDE_SUPPORTED_POST_ONLY_CANDIDATE,NOT_EVALUATED_OUTSIDE_SUPPORTED_POST_ONLY_CANDIDATE,NEG_V2_DTT_CRYSTALLIZATION_REDUCING_ADDUCT_EXACT,NOT_EVALUATED_OUTSIDE_SUPPORTED_POST_ONLY_CANDIDATE,NOT_EVALUATED_OUTSIDE_SUPPORTED_POST_ONLY_CANDIDATE,,LEAKAGE_EXISTING_GROUP_CONFLICT,BOUND_STRUCTURAL_EXECUTION_OUTCOME_RETAINED,NONE,false
42,COVAPIE_CYS_SG_EVENT_V1:1F4C:A:CYS:146-:SG:F:TP2:S1,1F4C,TP2,S1,FROZEN_HISTORICAL_PREDECESSOR,HISTORICAL_PREDECESSOR_CANDIDATE,HUMAN_REVIEW_REQUIRED_PRE_CHEMISTRY,"[""PRE_CHEMISTRY_NOT_PRODUCTION_AUTHORITATIVE"",""NO_FAMILY_LEVEL_AUTO_ADMISSION""]",PASSED,true,POST_ONLY_V1_REVIEW_CANDIDATE,PUBLISHED_POST_ONLY_ELIGIBILITY:FEATURE_STAGE_PASSED_AND_HUMAN_REVIEW_REQUIRED_PRE_CHEMISTRY,COVAPIE_BULK_REVIEW_UNIT_C750E9F706F9E0AF,COVAPIE_BULK_REVIEW_UNIT_C750E9F706F9E0AF,NEG_V1_TS_DUMP_CATALYTIC_ADDUCT_EXACT,NOT_MATCHED,"PREDICATE_MISMATCH:exact_ccd_component_graph_sha256,exact_ligand_reactive_atom,exact_ligand_reactive_element,exact_radius1_sha256,exact_radius2_sha256",NEG_V2_DTT_CRYSTALLIZATION_REDUCING_ADDUCT_EXACT,NOT_MATCHED,"PREDICATE_MISMATCH:exact_1fvg_reagent_protein_context,exact_1fvg_source_structure_context,exact_dtt_component_graph_sha256,exact_dtt_component_identity,structured_source_boundary;UNAVAILABLE_OR_MALFORMED:exact_dtt_heavy_identity_and_charge[outcome.ccd_formal_charge_pattern:INVALID]",,HUMAN_REVIEW_REQUIRED,NO_SINGLE_EXACT_RULE_MATCHED_EVERY_EVENT;HUMAN_REVIEW_RETAINED,NONE,false
43,COVAPIE_CYS_SG_EVENT_V1:1F4C:B:CYS:146-:SG:I:TP2:S1,1F4C,TP2,S1,FROZEN_HISTORICAL_PREDECESSOR,HISTORICAL_PREDECESSOR_CANDIDATE,HUMAN_REVIEW_REQUIRED_PRE_CHEMISTRY,"[""PRE_CHEMISTRY_NOT_PRODUCTION_AUTHORITATIVE"",""NO_FAMILY_LEVEL_AUTO_ADMISSION""]",PASSED,true,POST_ONLY_V1_REVIEW_CANDIDATE,PUBLISHED_POST_ONLY_ELIGIBILITY:FEATURE_STAGE_PASSED_AND_HUMAN_REVIEW_REQUIRED_PRE_CHEMISTRY,COVAPIE_BULK_REVIEW_UNIT_C750E9F706F9E0AF,COVAPIE_BULK_REVIEW_UNIT_C750E9F706F9E0AF,NEG_V1_TS_DUMP_CATALYTIC_ADDUCT_EXACT,NOT_MATCHED,"PREDICATE_MISMATCH:exact_ccd_component_graph_sha256,exact_ligand_reactive_atom,exact_ligand_reactive_element,exact_radius1_sha256,exact_radius2_sha256",NEG_V2_DTT_CRYSTALLIZATION_REDUCING_ADDUCT_EXACT,NOT_MATCHED,"PREDICATE_MISMATCH:exact_1fvg_reagent_protein_context,exact_1fvg_source_structure_context,exact_dtt_component_graph_sha256,exact_dtt_component_identity,structured_source_boundary;UNAVAILABLE_OR_MALFORMED:exact_dtt_heavy_identity_and_charge[outcome.ccd_formal_charge_pattern:INVALID]",,HUMAN_REVIEW_REQUIRED,NO_SINGLE_EXACT_RULE_MATCHED_EVERY_EVENT;HUMAN_REVIEW_RETAINED,NONE,false
44,COVAPIE_CYS_SG_EVENT_V1:1F4D:A:CYS:143-:SG:E:TP2:S1,1F4D,TP2,S1,FROZEN_HISTORICAL_PREDECESSOR,HISTORICAL_PREDECESSOR_CANDIDATE,HUMAN_REVIEW_REQUIRED_PRE_CHEMISTRY,"[""PRE_CHEMISTRY_NOT_PRODUCTION_AUTHORITATIVE"",""NO_FAMILY_LEVEL_AUTO_ADMISSION""]",PASSED,true,POST_ONLY_V1_REVIEW_CANDIDATE,PUBLISHED_POST_ONLY_ELIGIBILITY:FEATURE_STAGE_PASSED_AND_HUMAN_REVIEW_REQUIRED_PRE_CHEMISTRY,COVAPIE_BULK_REVIEW_UNIT_C750E9F706F9E0AF,COVAPIE_BULK_REVIEW_UNIT_C750E9F706F9E0AF,NEG_V1_TS_DUMP_CATALYTIC_ADDUCT_EXACT,NOT_MATCHED,"PREDICATE_MISMATCH:exact_ccd_component_graph_sha256,exact_ligand_reactive_atom,exact_ligand_reactive_element,exact_radius1_sha256,exact_radius2_sha256",NEG_V2_DTT_CRYSTALLIZATION_REDUCING_ADDUCT_EXACT,NOT_MATCHED,"PREDICATE_MISMATCH:exact_1fvg_reagent_protein_context,exact_1fvg_source_structure_context,exact_dtt_component_graph_sha256,exact_dtt_component_identity,structured_source_boundary;UNAVAILABLE_OR_MALFORMED:exact_dtt_heavy_identity_and_charge[outcome.ccd_formal_charge_pattern:INVALID]",,HUMAN_REVIEW_REQUIRED,NO_SINGLE_EXACT_RULE_MATCHED_EVERY_EVENT;HUMAN_REVIEW_RETAINED,NONE,false
45,COVAPIE_CYS_SG_EVENT_V1:1F4D:B:CYS:143-:SG:I:TP2:S1,1F4D,TP2,S1,FROZEN_HISTORICAL_PREDECESSOR,HISTORICAL_PREDECESSOR_CANDIDATE,HUMAN_REVIEW_REQUIRED_PRE_CHEMISTRY,"[""PRE_CHEMISTRY_NOT_PRODUCTION_AUTHORITATIVE"",""NO_FAMILY_LEVEL_AUTO_ADMISSION""]",PASSED,true,POST_ONLY_V1_REVIEW_CANDIDATE,PUBLISHED_POST_ONLY_ELIGIBILITY:FEATURE_STAGE_PASSED_AND_HUMAN_REVIEW_REQUIRED_PRE_CHEMISTRY,COVAPIE_BULK_REVIEW_UNIT_C750E9F706F9E0AF,COVAPIE_BULK_REVIEW_UNIT_C750E9F706F9E0AF,NEG_V1_TS_DUMP_CATALYTIC_ADDUCT_EXACT,NOT_MATCHED,"PREDICATE_MISMATCH:exact_ccd_component_graph_sha256,exact_ligand_reactive_atom,exact_ligand_reactive_element,exact_radius1_sha256,exact_radius2_sha256",NEG_V2_DTT_CRYSTALLIZATION_REDUCING_ADDUCT_EXACT,NOT_MATCHED,"PREDICATE_MISMATCH:exact_1fvg_reagent_protein_context,exact_1fvg_source_structure_context,exact_dtt_component_graph_sha256,exact_dtt_component_identity,structured_source_boundary;UNAVAILABLE_OR_MALFORMED:exact_dtt_heavy_identity_and_charge[outcome.ccd_formal_charge_pattern:INVALID]",,HUMAN_REVIEW_REQUIRED,NO_SINGLE_EXACT_RULE_MATCHED_EVERY_EVENT;HUMAN_REVIEW_RETAINED,NONE,false
46,COVAPIE_CYS_SG_EVENT_V1:1F8M:A:CYS:191-:SG:F:PYR:CB,1F8M,PYR,CB,FROZEN_HISTORICAL_PREDECESSOR,HISTORICAL_PREDECESSOR_CANDIDATE,HUMAN_REVIEW_REQUIRED_PRE_CHEMISTRY,"[""PRE_CHEMISTRY_NOT_PRODUCTION_AUTHORITATIVE"",""NO_FAMILY_LEVEL_AUTO_ADMISSION""]",PASSED,true,POST_ONLY_V1_REVIEW_CANDIDATE,PUBLISHED_POST_ONLY_ELIGIBILITY:FEATURE_STAGE_PASSED_AND_HUMAN_REVIEW_REQUIRED_PRE_CHEMISTRY,COVAPIE_BULK_REVIEW_UNIT_EB7468B0711B37A4,COVAPIE_BULK_REVIEW_UNIT_EB7468B0711B37A4,NEG_V1_TS_DUMP_CATALYTIC_ADDUCT_EXACT,NOT_MATCHED,"PREDICATE_MISMATCH:exact_ccd_component_graph_sha256,exact_ligand_reactive_atom,exact_radius1_sha256,exact_radius2_sha256,exact_ts_family_accession_sequence_key",NEG_V2_DTT_CRYSTALLIZATION_REDUCING_ADDUCT_EXACT,NOT_MATCHED,"PREDICATE_MISMATCH:automorphism_derived_dtt_sulfur_endpoint,exact_1fvg_reagent_protein_context,exact_1fvg_source_structure_context,exact_dtt_component_graph_sha256,exact_dtt_component_identity,exact_ligand_reactive_element,exact_local_topology,exact_radius1_sha256,exact_radius2_sha256;UNAVAILABLE_OR_MALFORMED:exact_dtt_heavy_identity_and_charge[outcome.ccd_formal_charge_pattern:INVALID]",,HUMAN_REVIEW_REQUIRED,NO_SINGLE_EXACT_RULE_MATCHED_EVERY_EVENT;HUMAN_REVIEW_RETAINED,NONE,false
47,COVAPIE_CYS_SG_EVENT_V1:1F8M:B:CYS:191-:SG:H:PYR:CB,1F8M,PYR,CB,FROZEN_HISTORICAL_PREDECESSOR,HISTORICAL_PREDECESSOR_CANDIDATE,HUMAN_REVIEW_REQUIRED_PRE_CHEMISTRY,"[""PRE_CHEMISTRY_NOT_PRODUCTION_AUTHORITATIVE"",""NO_FAMILY_LEVEL_AUTO_ADMISSION""]",PASSED,true,POST_ONLY_V1_REVIEW_CANDIDATE,PUBLISHED_POST_ONLY_ELIGIBILITY:FEATURE_STAGE_PASSED_AND_HUMAN_REVIEW_REQUIRED_PRE_CHEMISTRY,COVAPIE_BULK_REVIEW_UNIT_EB7468B0711B37A4,COVAPIE_BULK_REVIEW_UNIT_EB7468B0711B37A4,NEG_V1_TS_DUMP_CATALYTIC_ADDUCT_EXACT,NOT_MATCHED,"PREDICATE_MISMATCH:exact_ccd_component_graph_sha256,exact_ligand_reactive_atom,exact_radius1_sha256,exact_radius2_sha256,exact_ts_family_accession_sequence_key",NEG_V2_DTT_CRYSTALLIZATION_REDUCING_ADDUCT_EXACT,NOT_MATCHED,"PREDICATE_MISMATCH:automorphism_derived_dtt_sulfur_endpoint,exact_1fvg_reagent_protein_context,exact_1fvg_source_structure_context,exact_dtt_component_graph_sha256,exact_dtt_component_identity,exact_ligand_reactive_element,exact_local_topology,exact_radius1_sha256,exact_radius2_sha256;UNAVAILABLE_OR_MALFORMED:exact_dtt_heavy_identity_and_charge[outcome.ccd_formal_charge_pattern:INVALID]",,HUMAN_REVIEW_REQUIRED,NO_SINGLE_EXACT_RULE_MATCHED_EVERY_EVENT;HUMAN_REVIEW_RETAINED,NONE,false
48,COVAPIE_CYS_SG_EVENT_V1:1F8M:C:CYS:191-:SG:J:PYR:CB,1F8M,PYR,CB,FROZEN_HISTORICAL_PREDECESSOR,HISTORICAL_PREDECESSOR_CANDIDATE,HUMAN_REVIEW_REQUIRED_PRE_CHEMISTRY,"[""PRE_CHEMISTRY_NOT_PRODUCTION_AUTHORITATIVE"",""NO_FAMILY_LEVEL_AUTO_ADMISSION""]",PASSED,true,POST_ONLY_V1_REVIEW_CANDIDATE,PUBLISHED_POST_ONLY_ELIGIBILITY:FEATURE_STAGE_PASSED_AND_HUMAN_REVIEW_REQUIRED_PRE_CHEMISTRY,COVAPIE_BULK_REVIEW_UNIT_EB7468B0711B37A4,COVAPIE_BULK_REVIEW_UNIT_EB7468B0711B37A4,NEG_V1_TS_DUMP_CATALYTIC_ADDUCT_EXACT,NOT_MATCHED,"PREDICATE_MISMATCH:exact_ccd_component_graph_sha256,exact_ligand_reactive_atom,exact_radius1_sha256,exact_radius2_sha256,exact_ts_family_accession_sequence_key",NEG_V2_DTT_CRYSTALLIZATION_REDUCING_ADDUCT_EXACT,NOT_MATCHED,"PREDICATE_MISMATCH:automorphism_derived_dtt_sulfur_endpoint,exact_1fvg_reagent_protein_context,exact_1fvg_source_structure_context,exact_dtt_component_graph_sha256,exact_dtt_component_identity,exact_ligand_reactive_element,exact_local_topology,exact_radius1_sha256,exact_radius2_sha256;UNAVAILABLE_OR_MALFORMED:exact_dtt_heavy_identity_and_charge[outcome.ccd_formal_charge_pattern:INVALID]",,HUMAN_REVIEW_REQUIRED,NO_SINGLE_EXACT_RULE_MATCHED_EVERY_EVENT;HUMAN_REVIEW_RETAINED,NONE,false
49,COVAPIE_CYS_SG_EVENT_V1:1F8M:D:CYS:191-:SG:L:PYR:CB,1F8M,PYR,CB,FROZEN_HISTORICAL_PREDECESSOR,HISTORICAL_PREDECESSOR_CANDIDATE,HUMAN_REVIEW_REQUIRED_PRE_CHEMISTRY,"[""PRE_CHEMISTRY_NOT_PRODUCTION_AUTHORITATIVE"",""NO_FAMILY_LEVEL_AUTO_ADMISSION""]",PASSED,true,POST_ONLY_V1_REVIEW_CANDIDATE,PUBLISHED_POST_ONLY_ELIGIBILITY:FEATURE_STAGE_PASSED_AND_HUMAN_REVIEW_REQUIRED_PRE_CHEMISTRY,COVAPIE_BULK_REVIEW_UNIT_EB7468B0711B37A4,COVAPIE_BULK_REVIEW_UNIT_EB7468B0711B37A4,NEG_V1_TS_DUMP_CATALYTIC_ADDUCT_EXACT,NOT_MATCHED,"PREDICATE_MISMATCH:exact_ccd_component_graph_sha256,exact_ligand_reactive_atom,exact_radius1_sha256,exact_radius2_sha256,exact_ts_family_accession_sequence_key",NEG_V2_DTT_CRYSTALLIZATION_REDUCING_ADDUCT_EXACT,NOT_MATCHED,"PREDICATE_MISMATCH:automorphism_derived_dtt_sulfur_endpoint,exact_1fvg_reagent_protein_context,exact_1fvg_source_structure_context,exact_dtt_component_graph_sha256,exact_dtt_component_identity,exact_ligand_reactive_element,exact_local_topology,exact_radius1_sha256,exact_radius2_sha256;UNAVAILABLE_OR_MALFORMED:exact_dtt_heavy_identity_and_charge[outcome.ccd_formal_charge_pattern:INVALID]",,HUMAN_REVIEW_REQUIRED,NO_SINGLE_EXACT_RULE_MATCHED_EVERY_EVENT;HUMAN_REVIEW_RETAINED,NONE,false
50,COVAPIE_CYS_SG_EVENT_V1:1FH0:A:CYS:25-:SG:C:0IW:C21,1FH0,0IW,C21,FROZEN_HISTORICAL_PREDECESSOR,HISTORICAL_PREDECESSOR_EXCLUDED,LEAKAGE_EXISTING_GROUP_CONFLICT,"[""LEAKAGE_EXISTING_GROUP_CONFLICT""]",PASSED,false,BLOCKED_EXISTING_GROUP_CONFLICT,PUBLISHED_POST_ONLY_INELIGIBILITY:FEATURE_STAGE=PASSED;TERMINAL_OUTCOME=LEAKAGE_EXISTING_GROUP_CONFLICT,,,NEG_V1_TS_DUMP_CATALYTIC_ADDUCT_EXACT,NOT_EVALUATED_OUTSIDE_SUPPORTED_POST_ONLY_CANDIDATE,NOT_EVALUATED_OUTSIDE_SUPPORTED_POST_ONLY_CANDIDATE,NEG_V2_DTT_CRYSTALLIZATION_REDUCING_ADDUCT_EXACT,NOT_EVALUATED_OUTSIDE_SUPPORTED_POST_ONLY_CANDIDATE,NOT_EVALUATED_OUTSIDE_SUPPORTED_POST_ONLY_CANDIDATE,,LEAKAGE_EXISTING_GROUP_CONFLICT,BOUND_STRUCTURAL_EXECUTION_OUTCOME_RETAINED,NONE,false
51,COVAPIE_CYS_SG_EVENT_V1:1FH0:B:CYS:2025-:SG:E:0IW:C21,1FH0,0IW,C21,FROZEN_HISTORICAL_PREDECESSOR,HISTORICAL_PREDECESSOR_EXCLUDED,LEAKAGE_EXISTING_GROUP_CONFLICT,"[""LEAKAGE_EXISTING_GROUP_CONFLICT""]",PASSED,false,BLOCKED_EXISTING_GROUP_CONFLICT,PUBLISHED_POST_ONLY_INELIGIBILITY:FEATURE_STAGE=PASSED;TERMINAL_OUTCOME=LEAKAGE_EXISTING_GROUP_CONFLICT,,,NEG_V1_TS_DUMP_CATALYTIC_ADDUCT_EXACT,NOT_EVALUATED_OUTSIDE_SUPPORTED_POST_ONLY_CANDIDATE,NOT_EVALUATED_OUTSIDE_SUPPORTED_POST_ONLY_CANDIDATE,NEG_V2_DTT_CRYSTALLIZATION_REDUCING_ADDUCT_EXACT,NOT_EVALUATED_OUTSIDE_SUPPORTED_POST_ONLY_CANDIDATE,NOT_EVALUATED_OUTSIDE_SUPPORTED_POST_ONLY_CANDIDATE,,LEAKAGE_EXISTING_GROUP_CONFLICT,BOUND_STRUCTURAL_EXECUTION_OUTCOME_RETAINED,NONE,false
52,COVAPIE_CYS_SG_EVENT_V1:1FJ8:A:CYS:163-:SG:E:CER:C2,1FJ8,CER,C2,FROZEN_HISTORICAL_PREDECESSOR,HISTORICAL_PREDECESSOR_CANDIDATE,HUMAN_REVIEW_REQUIRED_PRE_CHEMISTRY,"[""PRE_CHEMISTRY_NOT_PRODUCTION_AUTHORITATIVE"",""NO_FAMILY_LEVEL_AUTO_ADMISSION""]",PASSED,true,POST_ONLY_V1_REVIEW_CANDIDATE,PUBLISHED_POST_ONLY_ELIGIBILITY:FEATURE_STAGE_PASSED_AND_HUMAN_REVIEW_REQUIRED_PRE_CHEMISTRY,COVAPIE_BULK_REVIEW_UNIT_946339D19F961B4A,COVAPIE_BULK_REVIEW_UNIT_946339D19F961B4A,NEG_V1_TS_DUMP_CATALYTIC_ADDUCT_EXACT,NOT_MATCHED,"PREDICATE_MISMATCH:exact_ccd_component_graph_sha256,exact_ligand_reactive_atom,exact_radius1_sha256,exact_radius2_sha256,exact_ts_family_accession_sequence_key",NEG_V2_DTT_CRYSTALLIZATION_REDUCING_ADDUCT_EXACT,NOT_MATCHED,"PREDICATE_MISMATCH:automorphism_derived_dtt_sulfur_endpoint,exact_1fvg_reagent_protein_context,exact_1fvg_source_structure_context,exact_dtt_component_graph_sha256,exact_dtt_component_identity,exact_ligand_reactive_element,exact_local_topology,exact_radius1_sha256,exact_radius2_sha256;UNAVAILABLE_OR_MALFORMED:exact_dtt_heavy_identity_and_charge[outcome.ccd_formal_charge_pattern:INVALID]",,HUMAN_REVIEW_REQUIRED,NO_SINGLE_EXACT_RULE_MATCHED_EVERY_EVENT;HUMAN_REVIEW_RETAINED,NONE,false
53,COVAPIE_CYS_SG_EVENT_V1:1FJ8:B:CYS:163-:SG:F:CER:C2,1FJ8,CER,C2,FROZEN_HISTORICAL_PREDECESSOR,HISTORICAL_PREDECESSOR_CANDIDATE,HUMAN_REVIEW_REQUIRED_PRE_CHEMISTRY,"[""PRE_CHEMISTRY_NOT_PRODUCTION_AUTHORITATIVE"",""NO_FAMILY_LEVEL_AUTO_ADMISSION""]",PASSED,true,POST_ONLY_V1_REVIEW_CANDIDATE,PUBLISHED_POST_ONLY_ELIGIBILITY:FEATURE_STAGE_PASSED_AND_HUMAN_REVIEW_REQUIRED_PRE_CHEMISTRY,COVAPIE_BULK_REVIEW_UNIT_946339D19F961B4A,COVAPIE_BULK_REVIEW_UNIT_946339D19F961B4A,NEG_V1_TS_DUMP_CATALYTIC_ADDUCT_EXACT,NOT_MATCHED,"PREDICATE_MISMATCH:exact_ccd_component_graph_sha256,exact_ligand_reactive_atom,exact_radius1_sha256,exact_radius2_sha256,exact_ts_family_accession_sequence_key",NEG_V2_DTT_CRYSTALLIZATION_REDUCING_ADDUCT_EXACT,NOT_MATCHED,"PREDICATE_MISMATCH:automorphism_derived_dtt_sulfur_endpoint,exact_1fvg_reagent_protein_context,exact_1fvg_source_structure_context,exact_dtt_component_graph_sha256,exact_dtt_component_identity,exact_ligand_reactive_element,exact_local_topology,exact_radius1_sha256,exact_radius2_sha256;UNAVAILABLE_OR_MALFORMED:exact_dtt_heavy_identity_and_charge[outcome.ccd_formal_charge_pattern:INVALID]",,HUMAN_REVIEW_REQUIRED,NO_SINGLE_EXACT_RULE_MATCHED_EVERY_EVENT;HUMAN_REVIEW_RETAINED,NONE,false
54,COVAPIE_CYS_SG_EVENT_V1:1FJ8:C:CYS:163-:SG:G:CER:C2,1FJ8,CER,C2,FROZEN_HISTORICAL_PREDECESSOR,HISTORICAL_PREDECESSOR_CANDIDATE,HUMAN_REVIEW_REQUIRED_PRE_CHEMISTRY,"[""PRE_CHEMISTRY_NOT_PRODUCTION_AUTHORITATIVE"",""NO_FAMILY_LEVEL_AUTO_ADMISSION""]",PASSED,true,POST_ONLY_V1_REVIEW_CANDIDATE,PUBLISHED_POST_ONLY_ELIGIBILITY:FEATURE_STAGE_PASSED_AND_HUMAN_REVIEW_REQUIRED_PRE_CHEMISTRY,COVAPIE_BULK_REVIEW_UNIT_946339D19F961B4A,COVAPIE_BULK_REVIEW_UNIT_946339D19F961B4A,NEG_V1_TS_DUMP_CATALYTIC_ADDUCT_EXACT,NOT_MATCHED,"PREDICATE_MISMATCH:exact_ccd_component_graph_sha256,exact_ligand_reactive_atom,exact_radius1_sha256,exact_radius2_sha256,exact_ts_family_accession_sequence_key",NEG_V2_DTT_CRYSTALLIZATION_REDUCING_ADDUCT_EXACT,NOT_MATCHED,"PREDICATE_MISMATCH:automorphism_derived_dtt_sulfur_endpoint,exact_1fvg_reagent_protein_context,exact_1fvg_source_structure_context,exact_dtt_component_graph_sha256,exact_dtt_component_identity,exact_ligand_reactive_element,exact_local_topology,exact_radius1_sha256,exact_radius2_sha256;UNAVAILABLE_OR_MALFORMED:exact_dtt_heavy_identity_and_charge[outcome.ccd_formal_charge_pattern:INVALID]",,HUMAN_REVIEW_REQUIRED,NO_SINGLE_EXACT_RULE_MATCHED_EVERY_EVENT;HUMAN_REVIEW_RETAINED,NONE,false
55,COVAPIE_CYS_SG_EVENT_V1:1FJ8:D:CYS:163-:SG:H:CER:C2,1FJ8,CER,C2,FROZEN_HISTORICAL_PREDECESSOR,HISTORICAL_PREDECESSOR_CANDIDATE,HUMAN_REVIEW_REQUIRED_PRE_CHEMISTRY,"[""PRE_CHEMISTRY_NOT_PRODUCTION_AUTHORITATIVE"",""NO_FAMILY_LEVEL_AUTO_ADMISSION""]",PASSED,true,POST_ONLY_V1_REVIEW_CANDIDATE,PUBLISHED_POST_ONLY_ELIGIBILITY:FEATURE_STAGE_PASSED_AND_HUMAN_REVIEW_REQUIRED_PRE_CHEMISTRY,COVAPIE_BULK_REVIEW_UNIT_946339D19F961B4A,COVAPIE_BULK_REVIEW_UNIT_946339D19F961B4A,NEG_V1_TS_DUMP_CATALYTIC_ADDUCT_EXACT,NOT_MATCHED,"PREDICATE_MISMATCH:exact_ccd_component_graph_sha256,exact_ligand_reactive_atom,exact_radius1_sha256,exact_radius2_sha256,exact_ts_family_accession_sequence_key",NEG_V2_DTT_CRYSTALLIZATION_REDUCING_ADDUCT_EXACT,NOT_MATCHED,"PREDICATE_MISMATCH:automorphism_derived_dtt_sulfur_endpoint,exact_1fvg_reagent_protein_context,exact_1fvg_source_structure_context,exact_dtt_component_graph_sha256,exact_dtt_component_identity,exact_ligand_reactive_element,exact_local_topology,exact_radius1_sha256,exact_radius2_sha256;UNAVAILABLE_OR_MALFORMED:exact_dtt_heavy_identity_and_charge[outcome.ccd_formal_charge_pattern:INVALID]",,HUMAN_REVIEW_REQUIRED,NO_SINGLE_EXACT_RULE_MATCHED_EVERY_EVENT;HUMAN_REVIEW_RETAINED,NONE,false
56,COVAPIE_CYS_SG_EVENT_V1:1FVG:A:CYS:218-:SG:B:DTT:S4,1FVG,DTT,S4,FROZEN_HISTORICAL_PREDECESSOR,HISTORICAL_PREDECESSOR_CANDIDATE,HUMAN_REVIEW_REQUIRED_PRE_CHEMISTRY,"[""PRE_CHEMISTRY_NOT_PRODUCTION_AUTHORITATIVE"",""NO_FAMILY_LEVEL_AUTO_ADMISSION""]",PASSED,true,POST_ONLY_V1_REVIEW_CANDIDATE,PUBLISHED_POST_ONLY_ELIGIBILITY:FEATURE_STAGE_PASSED_AND_HUMAN_REVIEW_REQUIRED_PRE_CHEMISTRY,COVAPIE_BULK_REVIEW_UNIT_2EBCD325E1CD2081,,NEG_V1_TS_DUMP_CATALYTIC_ADDUCT_EXACT,NOT_MATCHED,"PREDICATE_MISMATCH:exact_ccd_component_graph_sha256,exact_ligand_reactive_atom,exact_ligand_reactive_element,exact_radius1_sha256,exact_radius2_sha256,exact_ts_family_accession_sequence_key",NEG_V2_DTT_CRYSTALLIZATION_REDUCING_ADDUCT_EXACT,MATCHED_AUTO_NEGATIVE_EXACT,ALL_EXACT_PREDICATES_MATCHED,,HUMAN_NOT_RELEVANT_FINAL,CURRENT_HUMAN_NOT_RELEVANT_DECISION_HAS_SECOND_PRECEDENCE,PUBLISHED_HISTORICAL_EXACT_EVENT_SCOPE,false
57,COVAPIE_CYS_SG_EVENT_V1:1FVG:A:CYS:72-:SG:B:DTT:S1,1FVG,DTT,S1,FROZEN_HISTORICAL_PREDECESSOR,HISTORICAL_PREDECESSOR_CANDIDATE,HUMAN_REVIEW_REQUIRED_PRE_CHEMISTRY,"[""PRE_CHEMISTRY_NOT_PRODUCTION_AUTHORITATIVE"",""NO_FAMILY_LEVEL_AUTO_ADMISSION""]",PASSED,true,POST_ONLY_V1_REVIEW_CANDIDATE,PUBLISHED_POST_ONLY_ELIGIBILITY:FEATURE_STAGE_PASSED_AND_HUMAN_REVIEW_REQUIRED_PRE_CHEMISTRY,COVAPIE_BULK_REVIEW_UNIT_A3782D89BDEF47C1,,NEG_V1_TS_DUMP_CATALYTIC_ADDUCT_EXACT,NOT_MATCHED,"PREDICATE_MISMATCH:exact_ccd_component_graph_sha256,exact_ligand_reactive_atom,exact_ligand_reactive_element,exact_radius1_sha256,exact_radius2_sha256,exact_ts_family_accession_sequence_key",NEG_V2_DTT_CRYSTALLIZATION_REDUCING_ADDUCT_EXACT,MATCHED_AUTO_NEGATIVE_EXACT,ALL_EXACT_PREDICATES_MATCHED,NEG_V2_DTT_CRYSTALLIZATION_REDUCING_ADDUCT_EXACT,AUTO_NEGATIVE_EXACT_FINAL,EVERY_EVENT_IN_UNIT_MATCHED_SAME_EXACT_RULE_WITHOUT_OVERRIDE,NONE,false
58,COVAPIE_CYS_SG_EVENT_V1:1GFW:A:CYS:163-:SG:C:MSI:C3,1GFW,MSI,C3,FROZEN_HISTORICAL_PREDECESSOR,HISTORICAL_PREDECESSOR_EXCLUDED,STRUCTURAL_EVIDENCE_INCOMPLETE,"[""MMCIF_EXACT_CYS_SG_STRUCT_CONN_NOT_RECOVERED""]",NOT_REACHED,false,OUTSIDE_STRUCTURAL_ELIGIBILITY,PUBLISHED_POST_ONLY_INELIGIBILITY:FEATURE_STAGE=NOT_REACHED;TERMINAL_OUTCOME=STRUCTURAL_EVIDENCE_INCOMPLETE,,,NEG_V1_TS_DUMP_CATALYTIC_ADDUCT_EXACT,NOT_EVALUATED_OUTSIDE_SUPPORTED_POST_ONLY_CANDIDATE,NOT_EVALUATED_OUTSIDE_SUPPORTED_POST_ONLY_CANDIDATE,NEG_V2_DTT_CRYSTALLIZATION_REDUCING_ADDUCT_EXACT,NOT_EVALUATED_OUTSIDE_SUPPORTED_POST_ONLY_CANDIDATE,NOT_EVALUATED_OUTSIDE_SUPPORTED_POST_ONLY_CANDIDATE,,STRUCTURAL_EVIDENCE_INCOMPLETE,BOUND_STRUCTURAL_EXECUTION_OUTCOME_RETAINED,NONE,false
59,COVAPIE_CYS_SG_EVENT_V1:1GMY:A:CYS:29-:SG:D:AEM:C1,1GMY,AEM,C1,FROZEN_HISTORICAL_PREDECESSOR,HISTORICAL_PREDECESSOR_EXCLUDED,LEAKAGE_EXISTING_GROUP_CONFLICT,"[""LEAKAGE_EXISTING_GROUP_CONFLICT""]",PASSED,false,BLOCKED_EXISTING_GROUP_CONFLICT,PUBLISHED_POST_ONLY_INELIGIBILITY:FEATURE_STAGE=PASSED;TERMINAL_OUTCOME=LEAKAGE_EXISTING_GROUP_CONFLICT,,,NEG_V1_TS_DUMP_CATALYTIC_ADDUCT_EXACT,NOT_EVALUATED_OUTSIDE_SUPPORTED_POST_ONLY_CANDIDATE,NOT_EVALUATED_OUTSIDE_SUPPORTED_POST_ONLY_CANDIDATE,NEG_V2_DTT_CRYSTALLIZATION_REDUCING_ADDUCT_EXACT,NOT_EVALUATED_OUTSIDE_SUPPORTED_POST_ONLY_CANDIDATE,NOT_EVALUATED_OUTSIDE_SUPPORTED_POST_ONLY_CANDIDATE,,LEAKAGE_EXISTING_GROUP_CONFLICT,BOUND_STRUCTURAL_EXECUTION_OUTCOME_RETAINED,NONE,false
60,COVAPIE_CYS_SG_EVENT_V1:1GMY:B:CYS:29-:SG:G:AEM:C1,1GMY,AEM,C1,FROZEN_HISTORICAL_PREDECESSOR,HISTORICAL_PREDECESSOR_EXCLUDED,LEAKAGE_EXISTING_GROUP_CONFLICT,"[""LEAKAGE_EXISTING_GROUP_CONFLICT""]",PASSED,false,BLOCKED_EXISTING_GROUP_CONFLICT,PUBLISHED_POST_ONLY_INELIGIBILITY:FEATURE_STAGE=PASSED;TERMINAL_OUTCOME=LEAKAGE_EXISTING_GROUP_CONFLICT,,,NEG_V1_TS_DUMP_CATALYTIC_ADDUCT_EXACT,NOT_EVALUATED_OUTSIDE_SUPPORTED_POST_ONLY_CANDIDATE,NOT_EVALUATED_OUTSIDE_SUPPORTED_POST_ONLY_CANDIDATE,NEG_V2_DTT_CRYSTALLIZATION_REDUCING_ADDUCT_EXACT,NOT_EVALUATED_OUTSIDE_SUPPORTED_POST_ONLY_CANDIDATE,NOT_EVALUATED_OUTSIDE_SUPPORTED_POST_ONLY_CANDIDATE,,LEAKAGE_EXISTING_GROUP_CONFLICT,BOUND_STRUCTURAL_EXECUTION_OUTCOME_RETAINED,NONE,false
61,COVAPIE_CYS_SG_EVENT_V1:1GMY:C:CYS:29-:SG:J:AEM:C1,1GMY,AEM,C1,FROZEN_HISTORICAL_PREDECESSOR,HISTORICAL_PREDECESSOR_EXCLUDED,LEAKAGE_EXISTING_GROUP_CONFLICT,"[""LEAKAGE_EXISTING_GROUP_CONFLICT""]",PASSED,false,BLOCKED_EXISTING_GROUP_CONFLICT,PUBLISHED_POST_ONLY_INELIGIBILITY:FEATURE_STAGE=PASSED;TERMINAL_OUTCOME=LEAKAGE_EXISTING_GROUP_CONFLICT,,,NEG_V1_TS_DUMP_CATALYTIC_ADDUCT_EXACT,NOT_EVALUATED_OUTSIDE_SUPPORTED_POST_ONLY_CANDIDATE,NOT_EVALUATED_OUTSIDE_SUPPORTED_POST_ONLY_CANDIDATE,NEG_V2_DTT_CRYSTALLIZATION_REDUCING_ADDUCT_EXACT,NOT_EVALUATED_OUTSIDE_SUPPORTED_POST_ONLY_CANDIDATE,NOT_EVALUATED_OUTSIDE_SUPPORTED_POST_ONLY_CANDIDATE,,LEAKAGE_EXISTING_GROUP_CONFLICT,BOUND_STRUCTURAL_EXECUTION_OUTCOME_RETAINED,NONE,false
62,COVAPIE_CYS_SG_EVENT_V1:1GRH:A:CYS:58-:SG:D:EOH:C2,1GRH,EOH,C2,FROZEN_HISTORICAL_PREDECESSOR,HISTORICAL_PREDECESSOR_EXCLUDED,STRUCTURAL_EVIDENCE_INCOMPLETE,"[""MMCIF_EXACT_CYS_SG_STRUCT_CONN_NOT_RECOVERED""]",NOT_REACHED,false,OUTSIDE_STRUCTURAL_ELIGIBILITY,PUBLISHED_POST_ONLY_INELIGIBILITY:FEATURE_STAGE=NOT_REACHED;TERMINAL_OUTCOME=STRUCTURAL_EVIDENCE_INCOMPLETE,,,NEG_V1_TS_DUMP_CATALYTIC_ADDUCT_EXACT,NOT_EVALUATED_OUTSIDE_SUPPORTED_POST_ONLY_CANDIDATE,NOT_EVALUATED_OUTSIDE_SUPPORTED_POST_ONLY_CANDIDATE,NEG_V2_DTT_CRYSTALLIZATION_REDUCING_ADDUCT_EXACT,NOT_EVALUATED_OUTSIDE_SUPPORTED_POST_ONLY_CANDIDATE,NOT_EVALUATED_OUTSIDE_SUPPORTED_POST_ONLY_CANDIDATE,,STRUCTURAL_EVIDENCE_INCOMPLETE,BOUND_STRUCTURAL_EXECUTION_OUTCOME_RETAINED,NONE,false
63,COVAPIE_CYS_SG_EVENT_V1:1GSN:A:CYS:58-:SG:D:GSH:SG2,1GSN,GSH,SG2,FROZEN_HISTORICAL_PREDECESSOR,HISTORICAL_PREDECESSOR_CANDIDATE,HUMAN_REVIEW_REQUIRED_PRE_CHEMISTRY,"[""PRE_CHEMISTRY_NOT_PRODUCTION_AUTHORITATIVE"",""NO_FAMILY_LEVEL_AUTO_ADMISSION""]",PASSED,true,POST_ONLY_V1_REVIEW_CANDIDATE,PUBLISHED_POST_ONLY_ELIGIBILITY:FEATURE_STAGE_PASSED_AND_HUMAN_REVIEW_REQUIRED_PRE_CHEMISTRY,COVAPIE_BULK_REVIEW_UNIT_53F40FB515D7D1DF,,NEG_V1_TS_DUMP_CATALYTIC_ADDUCT_EXACT,NOT_MATCHED,"PREDICATE_MISMATCH:exact_ccd_component_graph_sha256,exact_ligand_reactive_atom,exact_ligand_reactive_element,exact_radius1_sha256,exact_radius2_sha256,exact_ts_family_accession_sequence_key",NEG_V2_DTT_CRYSTALLIZATION_REDUCING_ADDUCT_EXACT,NOT_MATCHED,"PREDICATE_MISMATCH:automorphism_derived_dtt_sulfur_endpoint,exact_1fvg_reagent_protein_context,exact_1fvg_source_structure_context,exact_dtt_component_graph_sha256,exact_dtt_component_identity,structured_source_boundary;UNAVAILABLE_OR_MALFORMED:exact_dtt_heavy_identity_and_charge[outcome.ccd_formal_charge_pattern:INVALID]",,HUMAN_NOT_RELEVANT_FINAL,CURRENT_HUMAN_NOT_RELEVANT_DECISION_HAS_SECOND_PRECEDENCE,PUBLISHED_HISTORICAL_EXACT_EVENT_SCOPE,false
64,COVAPIE_CYS_SG_EVENT_V1:1GXF:A:CYS:53-:SG:F:QUM:C26,1GXF,QUM,C26,FROZEN_HISTORICAL_PREDECESSOR,HISTORICAL_PREDECESSOR_EXCLUDED,QUARANTINE_REPRESENTATION_GAP,"[""PRE_ONLY_ATOMS_CANNOT_BE_DROPPED_OR_GIVEN_COORDINATES""]",PASSED,false,BLOCKED_REPRESENTATION_GAP,PUBLISHED_POST_ONLY_INELIGIBILITY:FEATURE_STAGE=PASSED;TERMINAL_OUTCOME=QUARANTINE_REPRESENTATION_GAP,,,NEG_V1_TS_DUMP_CATALYTIC_ADDUCT_EXACT,NOT_EVALUATED_OUTSIDE_SUPPORTED_POST_ONLY_CANDIDATE,NOT_EVALUATED_OUTSIDE_SUPPORTED_POST_ONLY_CANDIDATE,NEG_V2_DTT_CRYSTALLIZATION_REDUCING_ADDUCT_EXACT,NOT_EVALUATED_OUTSIDE_SUPPORTED_POST_ONLY_CANDIDATE,NOT_EVALUATED_OUTSIDE_SUPPORTED_POST_ONLY_CANDIDATE,,QUARANTINE_REPRESENTATION_GAP,BOUND_STRUCTURAL_EXECUTION_OUTCOME_RETAINED,NONE,false
65,COVAPIE_CYS_SG_EVENT_V1:1GXF:B:CYS:53-:SG:I:QUM:C26,1GXF,QUM,C26,FROZEN_HISTORICAL_PREDECESSOR,HISTORICAL_PREDECESSOR_EXCLUDED,QUARANTINE_REPRESENTATION_GAP,"[""PRE_ONLY_ATOMS_CANNOT_BE_DROPPED_OR_GIVEN_COORDINATES""]",PASSED,false,BLOCKED_REPRESENTATION_GAP,PUBLISHED_POST_ONLY_INELIGIBILITY:FEATURE_STAGE=PASSED;TERMINAL_OUTCOME=QUARANTINE_REPRESENTATION_GAP,,,NEG_V1_TS_DUMP_CATALYTIC_ADDUCT_EXACT,NOT_EVALUATED_OUTSIDE_SUPPORTED_POST_ONLY_CANDIDATE,NOT_EVALUATED_OUTSIDE_SUPPORTED_POST_ONLY_CANDIDATE,NEG_V2_DTT_CRYSTALLIZATION_REDUCING_ADDUCT_EXACT,NOT_EVALUATED_OUTSIDE_SUPPORTED_POST_ONLY_CANDIDATE,NOT_EVALUATED_OUTSIDE_SUPPORTED_POST_ONLY_CANDIDATE,,QUARANTINE_REPRESENTATION_GAP,BOUND_STRUCTURAL_EXECUTION_OUTCOME_RETAINED,NONE,false
66,COVAPIE_CYS_SG_EVENT_V1:1HVY:A:CYS:195-:SG:F:UMP:C6,1HVY,UMP,C6,FROZEN_HISTORICAL_PREDECESSOR,HISTORICAL_PREDECESSOR_CANDIDATE,HUMAN_REVIEW_REQUIRED_PRE_CHEMISTRY,"[""PRE_CHEMISTRY_NOT_PRODUCTION_AUTHORITATIVE"",""NO_FAMILY_LEVEL_AUTO_ADMISSION""]",PASSED,true,POST_ONLY_V1_REVIEW_CANDIDATE,PUBLISHED_POST_ONLY_ELIGIBILITY:FEATURE_STAGE_PASSED_AND_HUMAN_REVIEW_REQUIRED_PRE_CHEMISTRY,COVAPIE_BULK_REVIEW_UNIT_EB1C0FF8712C32A9,,NEG_V1_TS_DUMP_CATALYTIC_ADDUCT_EXACT,MATCHED_AUTO_NEGATIVE_EXACT,ALL_EXACT_PREDICATES_MATCHED,NEG_V2_DTT_CRYSTALLIZATION_REDUCING_ADDUCT_EXACT,NOT_MATCHED,"PREDICATE_MISMATCH:automorphism_derived_dtt_sulfur_endpoint,exact_1fvg_reagent_protein_context,exact_1fvg_source_structure_context,exact_dtt_component_graph_sha256,exact_dtt_component_identity,exact_ligand_reactive_element,exact_local_topology,exact_radius1_sha256,exact_radius2_sha256,structured_source_boundary;UNAVAILABLE_OR_MALFORMED:exact_dtt_heavy_identity_and_charge[outcome.ccd_formal_charge_pattern:INVALID]",NEG_V1_TS_DUMP_CATALYTIC_ADDUCT_EXACT,AUTO_NEGATIVE_EXACT_FINAL,EVERY_EVENT_IN_UNIT_MATCHED_SAME_EXACT_RULE_WITHOUT_OVERRIDE,NONE,false
67,COVAPIE_CYS_SG_EVENT_V1:1HVY:B:CYS:195-:SG:I:UMP:C6,1HVY,UMP,C6,FROZEN_HISTORICAL_PREDECESSOR,HISTORICAL_PREDECESSOR_CANDIDATE,HUMAN_REVIEW_REQUIRED_PRE_CHEMISTRY,"[""PRE_CHEMISTRY_NOT_PRODUCTION_AUTHORITATIVE"",""NO_FAMILY_LEVEL_AUTO_ADMISSION""]",PASSED,true,POST_ONLY_V1_REVIEW_CANDIDATE,PUBLISHED_POST_ONLY_ELIGIBILITY:FEATURE_STAGE_PASSED_AND_HUMAN_REVIEW_REQUIRED_PRE_CHEMISTRY,COVAPIE_BULK_REVIEW_UNIT_EB1C0FF8712C32A9,,NEG_V1_TS_DUMP_CATALYTIC_ADDUCT_EXACT,MATCHED_AUTO_NEGATIVE_EXACT,ALL_EXACT_PREDICATES_MATCHED,NEG_V2_DTT_CRYSTALLIZATION_REDUCING_ADDUCT_EXACT,NOT_MATCHED,"PREDICATE_MISMATCH:automorphism_derived_dtt_sulfur_endpoint,exact_1fvg_reagent_protein_context,exact_1fvg_source_structure_context,exact_dtt_component_graph_sha256,exact_dtt_component_identity,exact_ligand_reactive_element,exact_local_topology,exact_radius1_sha256,exact_radius2_sha256,structured_source_boundary;UNAVAILABLE_OR_MALFORMED:exact_dtt_heavy_identity_and_charge[outcome.ccd_formal_charge_pattern:INVALID]",NEG_V1_TS_DUMP_CATALYTIC_ADDUCT_EXACT,AUTO_NEGATIVE_EXACT_FINAL,EVERY_EVENT_IN_UNIT_MATCHED_SAME_EXACT_RULE_WITHOUT_OVERRIDE,NONE,false
68,COVAPIE_CYS_SG_EVENT_V1:1HVY:C:CYS:195-:SG:L:UMP:C6,1HVY,UMP,C6,FROZEN_HISTORICAL_PREDECESSOR,HISTORICAL_PREDECESSOR_CANDIDATE,HUMAN_REVIEW_REQUIRED_PRE_CHEMISTRY,"[""PRE_CHEMISTRY_NOT_PRODUCTION_AUTHORITATIVE"",""NO_FAMILY_LEVEL_AUTO_ADMISSION""]",PASSED,true,POST_ONLY_V1_REVIEW_CANDIDATE,PUBLISHED_POST_ONLY_ELIGIBILITY:FEATURE_STAGE_PASSED_AND_HUMAN_REVIEW_REQUIRED_PRE_CHEMISTRY,COVAPIE_BULK_REVIEW_UNIT_EB1C0FF8712C32A9,,NEG_V1_TS_DUMP_CATALYTIC_ADDUCT_EXACT,MATCHED_AUTO_NEGATIVE_EXACT,ALL_EXACT_PREDICATES_MATCHED,NEG_V2_DTT_CRYSTALLIZATION_REDUCING_ADDUCT_EXACT,NOT_MATCHED,"PREDICATE_MISMATCH:automorphism_derived_dtt_sulfur_endpoint,exact_1fvg_reagent_protein_context,exact_1fvg_source_structure_context,exact_dtt_component_graph_sha256,exact_dtt_component_identity,exact_ligand_reactive_element,exact_local_topology,exact_radius1_sha256,exact_radius2_sha256,structured_source_boundary;UNAVAILABLE_OR_MALFORMED:exact_dtt_heavy_identity_and_charge[outcome.ccd_formal_charge_pattern:INVALID]",NEG_V1_TS_DUMP_CATALYTIC_ADDUCT_EXACT,AUTO_NEGATIVE_EXACT_FINAL,EVERY_EVENT_IN_UNIT_MATCHED_SAME_EXACT_RULE_WITHOUT_OVERRIDE,NONE,false
69,COVAPIE_CYS_SG_EVENT_V1:1HVY:D:CYS:195-:SG:O:UMP:C6,1HVY,UMP,C6,FROZEN_HISTORICAL_PREDECESSOR,HISTORICAL_PREDECESSOR_CANDIDATE,HUMAN_REVIEW_REQUIRED_PRE_CHEMISTRY,"[""PRE_CHEMISTRY_NOT_PRODUCTION_AUTHORITATIVE"",""NO_FAMILY_LEVEL_AUTO_ADMISSION""]",PASSED,true,POST_ONLY_V1_REVIEW_CANDIDATE,PUBLISHED_POST_ONLY_ELIGIBILITY:FEATURE_STAGE_PASSED_AND_HUMAN_REVIEW_REQUIRED_PRE_CHEMISTRY,COVAPIE_BULK_REVIEW_UNIT_EB1C0FF8712C32A9,,NEG_V1_TS_DUMP_CATALYTIC_ADDUCT_EXACT,MATCHED_AUTO_NEGATIVE_EXACT,ALL_EXACT_PREDICATES_MATCHED,NEG_V2_DTT_CRYSTALLIZATION_REDUCING_ADDUCT_EXACT,NOT_MATCHED,"PREDICATE_MISMATCH:automorphism_derived_dtt_sulfur_endpoint,exact_1fvg_reagent_protein_context,exact_1fvg_source_structure_context,exact_dtt_component_graph_sha256,exact_dtt_component_identity,exact_ligand_reactive_element,exact_local_topology,exact_radius1_sha256,exact_radius2_sha256,structured_source_boundary;UNAVAILABLE_OR_MALFORMED:exact_dtt_heavy_identity_and_charge[outcome.ccd_formal_charge_pattern:INVALID]",NEG_V1_TS_DUMP_CATALYTIC_ADDUCT_EXACT,AUTO_NEGATIVE_EXACT_FINAL,EVERY_EVENT_IN_UNIT_MATCHED_SAME_EXACT_RULE_WITHOUT_OVERRIDE,NONE,false
70,COVAPIE_CYS_SG_EVENT_V1:1I5G:A:CYS:41-:SG:C:TS5:SG2,1I5G,TS5,SG2,FROZEN_HISTORICAL_PREDECESSOR,HISTORICAL_PREDECESSOR_EXCLUDED,STRUCTURAL_EVIDENCE_INCOMPLETE,"[""MMCIF_EXACT_CYS_SG_STRUCT_CONN_NOT_RECOVERED""]",NOT_REACHED,false,OUTSIDE_STRUCTURAL_ELIGIBILITY,PUBLISHED_POST_ONLY_INELIGIBILITY:FEATURE_STAGE=NOT_REACHED;TERMINAL_OUTCOME=STRUCTURAL_EVIDENCE_INCOMPLETE,,,NEG_V1_TS_DUMP_CATALYTIC_ADDUCT_EXACT,NOT_EVALUATED_OUTSIDE_SUPPORTED_POST_ONLY_CANDIDATE,NOT_EVALUATED_OUTSIDE_SUPPORTED_POST_ONLY_CANDIDATE,NEG_V2_DTT_CRYSTALLIZATION_REDUCING_ADDUCT_EXACT,NOT_EVALUATED_OUTSIDE_SUPPORTED_POST_ONLY_CANDIDATE,NOT_EVALUATED_OUTSIDE_SUPPORTED_POST_ONLY_CANDIDATE,,STRUCTURAL_EVIDENCE_INCOMPLETE,BOUND_STRUCTURAL_EXECUTION_OUTCOME_RETAINED,NONE,false
71,COVAPIE_CYS_SG_EVENT_V1:1ITO:A:CYS:29-:SG:B:E6C:C2,1ITO,E6C,C2,FROZEN_HISTORICAL_PREDECESSOR,HISTORICAL_PREDECESSOR_EXCLUDED,LEAKAGE_EXISTING_GROUP_CONFLICT,"[""LEAKAGE_EXISTING_GROUP_CONFLICT""]",PASSED,false,BLOCKED_EXISTING_GROUP_CONFLICT,PUBLISHED_POST_ONLY_INELIGIBILITY:FEATURE_STAGE=PASSED;TERMINAL_OUTCOME=LEAKAGE_EXISTING_GROUP_CONFLICT,,,NEG_V1_TS_DUMP_CATALYTIC_ADDUCT_EXACT,NOT_EVALUATED_OUTSIDE_SUPPORTED_POST_ONLY_CANDIDATE,NOT_EVALUATED_OUTSIDE_SUPPORTED_POST_ONLY_CANDIDATE,NEG_V2_DTT_CRYSTALLIZATION_REDUCING_ADDUCT_EXACT,NOT_EVALUATED_OUTSIDE_SUPPORTED_POST_ONLY_CANDIDATE,NOT_EVALUATED_OUTSIDE_SUPPORTED_POST_ONLY_CANDIDATE,,LEAKAGE_EXISTING_GROUP_CONFLICT,BOUND_STRUCTURAL_EXECUTION_OUTCOME_RETAINED,NONE,false
72,COVAPIE_CYS_SG_EVENT_V1:1JR1:A:CYS:331-:SG:D:IMP:C2,1JR1,IMP,C2,FROZEN_HISTORICAL_PREDECESSOR,HISTORICAL_PREDECESSOR_CANDIDATE,HUMAN_REVIEW_REQUIRED_PRE_CHEMISTRY,"[""PRE_CHEMISTRY_NOT_PRODUCTION_AUTHORITATIVE"",""NO_FAMILY_LEVEL_AUTO_ADMISSION""]",PASSED,true,POST_ONLY_V1_REVIEW_CANDIDATE,PUBLISHED_POST_ONLY_ELIGIBILITY:FEATURE_STAGE_PASSED_AND_HUMAN_REVIEW_REQUIRED_PRE_CHEMISTRY,COVAPIE_BULK_REVIEW_UNIT_AAFC22DB88292B60,COVAPIE_BULK_REVIEW_UNIT_AAFC22DB88292B60,NEG_V1_TS_DUMP_CATALYTIC_ADDUCT_EXACT,NOT_MATCHED,"PREDICATE_MISMATCH:exact_ccd_component_graph_sha256,exact_ligand_reactive_atom,exact_radius1_sha256,exact_radius2_sha256,exact_ts_family_accession_sequence_key",NEG_V2_DTT_CRYSTALLIZATION_REDUCING_ADDUCT_EXACT,NOT_MATCHED,"PREDICATE_MISMATCH:automorphism_derived_dtt_sulfur_endpoint,exact_1fvg_reagent_protein_context,exact_1fvg_source_structure_context,exact_dtt_component_graph_sha256,exact_dtt_component_identity,exact_ligand_reactive_element,exact_local_topology,exact_radius1_sha256,exact_radius2_sha256;UNAVAILABLE_OR_MALFORMED:exact_dtt_heavy_identity_and_charge[outcome.ccd_formal_charge_pattern:INVALID]",,HUMAN_REVIEW_REQUIRED,NO_SINGLE_EXACT_RULE_MATCHED_EVERY_EVENT;HUMAN_REVIEW_RETAINED,NONE,false
73,COVAPIE_CYS_SG_EVENT_V1:1JTQ:A:CYS:146-:SG:C:UMP:C6,1JTQ,UMP,C6,FROZEN_HISTORICAL_PREDECESSOR,HISTORICAL_PREDECESSOR_CANDIDATE,HUMAN_REVIEW_REQUIRED_PRE_CHEMISTRY,"[""PRE_CHEMISTRY_NOT_PRODUCTION_AUTHORITATIVE"",""NO_FAMILY_LEVEL_AUTO_ADMISSION""]",PASSED,true,POST_ONLY_V1_REVIEW_CANDIDATE,PUBLISHED_POST_ONLY_ELIGIBILITY:FEATURE_STAGE_PASSED_AND_HUMAN_REVIEW_REQUIRED_PRE_CHEMISTRY,COVAPIE_BULK_REVIEW_UNIT_EB1C0FF8712C32A9,,NEG_V1_TS_DUMP_CATALYTIC_ADDUCT_EXACT,MATCHED_AUTO_NEGATIVE_EXACT,ALL_EXACT_PREDICATES_MATCHED,NEG_V2_DTT_CRYSTALLIZATION_REDUCING_ADDUCT_EXACT,NOT_MATCHED,"PREDICATE_MISMATCH:automorphism_derived_dtt_sulfur_endpoint,exact_1fvg_reagent_protein_context,exact_1fvg_source_structure_context,exact_dtt_component_graph_sha256,exact_dtt_component_identity,exact_ligand_reactive_element,exact_local_topology,exact_radius1_sha256,exact_radius2_sha256,structured_source_boundary;UNAVAILABLE_OR_MALFORMED:exact_dtt_heavy_identity_and_charge[outcome.ccd_formal_charge_pattern:INVALID]",NEG_V1_TS_DUMP_CATALYTIC_ADDUCT_EXACT,AUTO_NEGATIVE_EXACT_FINAL,EVERY_EVENT_IN_UNIT_MATCHED_SAME_EXACT_RULE_WITHOUT_OVERRIDE,NONE,false
74,COVAPIE_CYS_SG_EVENT_V1:1JTQ:B:CYS:146-:SG:E:UMP:C6,1JTQ,UMP,C6,FROZEN_HISTORICAL_PREDECESSOR,HISTORICAL_PREDECESSOR_CANDIDATE,HUMAN_REVIEW_REQUIRED_PRE_CHEMISTRY,"[""PRE_CHEMISTRY_NOT_PRODUCTION_AUTHORITATIVE"",""NO_FAMILY_LEVEL_AUTO_ADMISSION""]",PASSED,true,POST_ONLY_V1_REVIEW_CANDIDATE,PUBLISHED_POST_ONLY_ELIGIBILITY:FEATURE_STAGE_PASSED_AND_HUMAN_REVIEW_REQUIRED_PRE_CHEMISTRY,COVAPIE_BULK_REVIEW_UNIT_EB1C0FF8712C32A9,,NEG_V1_TS_DUMP_CATALYTIC_ADDUCT_EXACT,MATCHED_AUTO_NEGATIVE_EXACT,ALL_EXACT_PREDICATES_MATCHED,NEG_V2_DTT_CRYSTALLIZATION_REDUCING_ADDUCT_EXACT,NOT_MATCHED,"PREDICATE_MISMATCH:automorphism_derived_dtt_sulfur_endpoint,exact_1fvg_reagent_protein_context,exact_1fvg_source_structure_context,exact_dtt_component_graph_sha256,exact_dtt_component_identity,exact_ligand_reactive_element,exact_local_topology,exact_radius1_sha256,exact_radius2_sha256,structured_source_boundary;UNAVAILABLE_OR_MALFORMED:exact_dtt_heavy_identity_and_charge[outcome.ccd_formal_charge_pattern:INVALID]",NEG_V1_TS_DUMP_CATALYTIC_ADDUCT_EXACT,AUTO_NEGATIVE_EXACT_FINAL,EVERY_EVENT_IN_UNIT_MATCHED_SAME_EXACT_RULE_WITHOUT_OVERRIDE,NONE,false
75,COVAPIE_CYS_SG_EVENT_V1:1JTU:A:CYS:146-:SG:C:UMP:C6,1JTU,UMP,C6,FROZEN_HISTORICAL_PREDECESSOR,HISTORICAL_PREDECESSOR_CANDIDATE,HUMAN_REVIEW_REQUIRED_PRE_CHEMISTRY,"[""PRE_CHEMISTRY_NOT_PRODUCTION_AUTHORITATIVE"",""NO_FAMILY_LEVEL_AUTO_ADMISSION""]",PASSED,true,POST_ONLY_V1_REVIEW_CANDIDATE,PUBLISHED_POST_ONLY_ELIGIBILITY:FEATURE_STAGE_PASSED_AND_HUMAN_REVIEW_REQUIRED_PRE_CHEMISTRY,COVAPIE_BULK_REVIEW_UNIT_EB1C0FF8712C32A9,,NEG_V1_TS_DUMP_CATALYTIC_ADDUCT_EXACT,MATCHED_AUTO_NEGATIVE_EXACT,ALL_EXACT_PREDICATES_MATCHED,NEG_V2_DTT_CRYSTALLIZATION_REDUCING_ADDUCT_EXACT,NOT_MATCHED,"PREDICATE_MISMATCH:automorphism_derived_dtt_sulfur_endpoint,exact_1fvg_reagent_protein_context,exact_1fvg_source_structure_context,exact_dtt_component_graph_sha256,exact_dtt_component_identity,exact_ligand_reactive_element,exact_local_topology,exact_radius1_sha256,exact_radius2_sha256,structured_source_boundary;UNAVAILABLE_OR_MALFORMED:exact_dtt_heavy_identity_and_charge[outcome.ccd_formal_charge_pattern:INVALID]",NEG_V1_TS_DUMP_CATALYTIC_ADDUCT_EXACT,AUTO_NEGATIVE_EXACT_FINAL,EVERY_EVENT_IN_UNIT_MATCHED_SAME_EXACT_RULE_WITHOUT_OVERRIDE,NONE,false
76,COVAPIE_CYS_SG_EVENT_V1:1JTU:B:CYS:146-:SG:E:UMP:C6,1JTU,UMP,C6,FROZEN_HISTORICAL_PREDECESSOR,HISTORICAL_PREDECESSOR_CANDIDATE,HUMAN_REVIEW_REQUIRED_PRE_CHEMISTRY,"[""PRE_CHEMISTRY_NOT_PRODUCTION_AUTHORITATIVE"",""NO_FAMILY_LEVEL_AUTO_ADMISSION""]",PASSED,true,POST_ONLY_V1_REVIEW_CANDIDATE,PUBLISHED_POST_ONLY_ELIGIBILITY:FEATURE_STAGE_PASSED_AND_HUMAN_REVIEW_REQUIRED_PRE_CHEMISTRY,COVAPIE_BULK_REVIEW_UNIT_EB1C0FF8712C32A9,,NEG_V1_TS_DUMP_CATALYTIC_ADDUCT_EXACT,MATCHED_AUTO_NEGATIVE_EXACT,ALL_EXACT_PREDICATES_MATCHED,NEG_V2_DTT_CRYSTALLIZATION_REDUCING_ADDUCT_EXACT,NOT_MATCHED,"PREDICATE_MISMATCH:automorphism_derived_dtt_sulfur_endpoint,exact_1fvg_reagent_protein_context,exact_1fvg_source_structure_context,exact_dtt_component_graph_sha256,exact_dtt_component_identity,exact_ligand_reactive_element,exact_local_topology,exact_radius1_sha256,exact_radius2_sha256,structured_source_boundary;UNAVAILABLE_OR_MALFORMED:exact_dtt_heavy_identity_and_charge[outcome.ccd_formal_charge_pattern:INVALID]",NEG_V1_TS_DUMP_CATALYTIC_ADDUCT_EXACT,AUTO_NEGATIVE_EXACT_FINAL,EVERY_EVENT_IN_UNIT_MATCHED_SAME_EXACT_RULE_WITHOUT_OVERRIDE,NONE,false
77,COVAPIE_CYS_SG_EVENT_V1:1JU6:A:CYS:195-:SG:F:UMP:C6,1JU6,UMP,C6,FROZEN_HISTORICAL_PREDECESSOR,HISTORICAL_PREDECESSOR_CANDIDATE,HUMAN_REVIEW_REQUIRED_PRE_CHEMISTRY,"[""PRE_CHEMISTRY_NOT_PRODUCTION_AUTHORITATIVE"",""NO_FAMILY_LEVEL_AUTO_ADMISSION""]",PASSED,true,POST_ONLY_V1_REVIEW_CANDIDATE,PUBLISHED_POST_ONLY_ELIGIBILITY:FEATURE_STAGE_PASSED_AND_HUMAN_REVIEW_REQUIRED_PRE_CHEMISTRY,COVAPIE_BULK_REVIEW_UNIT_EB1C0FF8712C32A9,,NEG_V1_TS_DUMP_CATALYTIC_ADDUCT_EXACT,MATCHED_AUTO_NEGATIVE_EXACT,ALL_EXACT_PREDICATES_MATCHED,NEG_V2_DTT_CRYSTALLIZATION_REDUCING_ADDUCT_EXACT,NOT_MATCHED,"PREDICATE_MISMATCH:automorphism_derived_dtt_sulfur_endpoint,exact_1fvg_reagent_protein_context,exact_1fvg_source_structure_context,exact_dtt_component_graph_sha256,exact_dtt_component_identity,exact_ligand_reactive_element,exact_local_topology,exact_radius1_sha256,exact_radius2_sha256;UNAVAILABLE_OR_MALFORMED:exact_dtt_heavy_identity_and_charge[outcome.ccd_formal_charge_pattern:INVALID]",NEG_V1_TS_DUMP_CATALYTIC_ADDUCT_EXACT,AUTO_NEGATIVE_EXACT_FINAL,EVERY_EVENT_IN_UNIT_MATCHED_SAME_EXACT_RULE_WITHOUT_OVERRIDE,NONE,false
78,COVAPIE_CYS_SG_EVENT_V1:1JU6:B:CYS:195-:SG:H:UMP:C6,1JU6,UMP,C6,FROZEN_HISTORICAL_PREDECESSOR,HISTORICAL_PREDECESSOR_CANDIDATE,HUMAN_REVIEW_REQUIRED_PRE_CHEMISTRY,"[""PRE_CHEMISTRY_NOT_PRODUCTION_AUTHORITATIVE"",""NO_FAMILY_LEVEL_AUTO_ADMISSION""]",PASSED,true,POST_ONLY_V1_REVIEW_CANDIDATE,PUBLISHED_POST_ONLY_ELIGIBILITY:FEATURE_STAGE_PASSED_AND_HUMAN_REVIEW_REQUIRED_PRE_CHEMISTRY,COVAPIE_BULK_REVIEW_UNIT_EB1C0FF8712C32A9,,NEG_V1_TS_DUMP_CATALYTIC_ADDUCT_EXACT,MATCHED_AUTO_NEGATIVE_EXACT,ALL_EXACT_PREDICATES_MATCHED,NEG_V2_DTT_CRYSTALLIZATION_REDUCING_ADDUCT_EXACT,NOT_MATCHED,"PREDICATE_MISMATCH:automorphism_derived_dtt_sulfur_endpoint,exact_1fvg_reagent_protein_context,exact_1fvg_source_structure_context,exact_dtt_component_graph_sha256,exact_dtt_component_identity,exact_ligand_reactive_element,exact_local_topology,exact_radius1_sha256,exact_radius2_sha256;UNAVAILABLE_OR_MALFORMED:exact_dtt_heavy_identity_and_charge[outcome.ccd_formal_charge_pattern:INVALID]",NEG_V1_TS_DUMP_CATALYTIC_ADDUCT_EXACT,AUTO_NEGATIVE_EXACT_FINAL,EVERY_EVENT_IN_UNIT_MATCHED_SAME_EXACT_RULE_WITHOUT_OVERRIDE,NONE,false
79,COVAPIE_CYS_SG_EVENT_V1:1JU6:C:CYS:195-:SG:J:UMP:C6,1JU6,UMP,C6,FROZEN_HISTORICAL_PREDECESSOR,HISTORICAL_PREDECESSOR_CANDIDATE,HUMAN_REVIEW_REQUIRED_PRE_CHEMISTRY,"[""PRE_CHEMISTRY_NOT_PRODUCTION_AUTHORITATIVE"",""NO_FAMILY_LEVEL_AUTO_ADMISSION""]",PASSED,true,POST_ONLY_V1_REVIEW_CANDIDATE,PUBLISHED_POST_ONLY_ELIGIBILITY:FEATURE_STAGE_PASSED_AND_HUMAN_REVIEW_REQUIRED_PRE_CHEMISTRY,COVAPIE_BULK_REVIEW_UNIT_EB1C0FF8712C32A9,,NEG_V1_TS_DUMP_CATALYTIC_ADDUCT_EXACT,MATCHED_AUTO_NEGATIVE_EXACT,ALL_EXACT_PREDICATES_MATCHED,NEG_V2_DTT_CRYSTALLIZATION_REDUCING_ADDUCT_EXACT,NOT_MATCHED,"PREDICATE_MISMATCH:automorphism_derived_dtt_sulfur_endpoint,exact_1fvg_reagent_protein_context,exact_1fvg_source_structure_context,exact_dtt_component_graph_sha256,exact_dtt_component_identity,exact_ligand_reactive_element,exact_local_topology,exact_radius1_sha256,exact_radius2_sha256;UNAVAILABLE_OR_MALFORMED:exact_dtt_heavy_identity_and_charge[outcome.ccd_formal_charge_pattern:INVALID]",NEG_V1_TS_DUMP_CATALYTIC_ADDUCT_EXACT,AUTO_NEGATIVE_EXACT_FINAL,EVERY_EVENT_IN_UNIT_MATCHED_SAME_EXACT_RULE_WITHOUT_OVERRIDE,NONE,false
80,COVAPIE_CYS_SG_EVENT_V1:1JU6:D:CYS:195-:SG:L:UMP:C6,1JU6,UMP,C6,FROZEN_HISTORICAL_PREDECESSOR,HISTORICAL_PREDECESSOR_CANDIDATE,HUMAN_REVIEW_REQUIRED_PRE_CHEMISTRY,"[""PRE_CHEMISTRY_NOT_PRODUCTION_AUTHORITATIVE"",""NO_FAMILY_LEVEL_AUTO_ADMISSION""]",PASSED,true,POST_ONLY_V1_REVIEW_CANDIDATE,PUBLISHED_POST_ONLY_ELIGIBILITY:FEATURE_STAGE_PASSED_AND_HUMAN_REVIEW_REQUIRED_PRE_CHEMISTRY,COVAPIE_BULK_REVIEW_UNIT_EB1C0FF8712C32A9,,NEG_V1_TS_DUMP_CATALYTIC_ADDUCT_EXACT,MATCHED_AUTO_NEGATIVE_EXACT,ALL_EXACT_PREDICATES_MATCHED,NEG_V2_DTT_CRYSTALLIZATION_REDUCING_ADDUCT_EXACT,NOT_MATCHED,"PREDICATE_MISMATCH:automorphism_derived_dtt_sulfur_endpoint,exact_1fvg_reagent_protein_context,exact_1fvg_source_structure_context,exact_dtt_component_graph_sha256,exact_dtt_component_identity,exact_ligand_reactive_element,exact_local_topology,exact_radius1_sha256,exact_radius2_sha256;UNAVAILABLE_OR_MALFORMED:exact_dtt_heavy_identity_and_charge[outcome.ccd_formal_charge_pattern:INVALID]",NEG_V1_TS_DUMP_CATALYTIC_ADDUCT_EXACT,AUTO_NEGATIVE_EXACT_FINAL,EVERY_EVENT_IN_UNIT_MATCHED_SAME_EXACT_RULE_WITHOUT_OVERRIDE,NONE,false
81,COVAPIE_CYS_SG_EVENT_V1:1JUJ:A:CYS:195-:SG:E:UMP:C6,1JUJ,UMP,C6,FROZEN_HISTORICAL_PREDECESSOR,HISTORICAL_PREDECESSOR_CANDIDATE,HUMAN_REVIEW_REQUIRED_PRE_CHEMISTRY,"[""PRE_CHEMISTRY_NOT_PRODUCTION_AUTHORITATIVE"",""NO_FAMILY_LEVEL_AUTO_ADMISSION""]",PASSED,true,POST_ONLY_V1_REVIEW_CANDIDATE,PUBLISHED_POST_ONLY_ELIGIBILITY:FEATURE_STAGE_PASSED_AND_HUMAN_REVIEW_REQUIRED_PRE_CHEMISTRY,COVAPIE_BULK_REVIEW_UNIT_EB1C0FF8712C32A9,,NEG_V1_TS_DUMP_CATALYTIC_ADDUCT_EXACT,MATCHED_AUTO_NEGATIVE_EXACT,ALL_EXACT_PREDICATES_MATCHED,NEG_V2_DTT_CRYSTALLIZATION_REDUCING_ADDUCT_EXACT,NOT_MATCHED,"PREDICATE_MISMATCH:automorphism_derived_dtt_sulfur_endpoint,exact_1fvg_reagent_protein_context,exact_1fvg_source_structure_context,exact_dtt_component_graph_sha256,exact_dtt_component_identity,exact_ligand_reactive_element,exact_local_topology,exact_radius1_sha256,exact_radius2_sha256;UNAVAILABLE_OR_MALFORMED:exact_dtt_heavy_identity_and_charge[outcome.ccd_formal_charge_pattern:INVALID]",NEG_V1_TS_DUMP_CATALYTIC_ADDUCT_EXACT,AUTO_NEGATIVE_EXACT_FINAL,EVERY_EVENT_IN_UNIT_MATCHED_SAME_EXACT_RULE_WITHOUT_OVERRIDE,NONE,false
82,COVAPIE_CYS_SG_EVENT_V1:1JUJ:B:CYS:195-:SG:G:UMP:C6,1JUJ,UMP,C6,FROZEN_HISTORICAL_PREDECESSOR,HISTORICAL_PREDECESSOR_CANDIDATE,HUMAN_REVIEW_REQUIRED_PRE_CHEMISTRY,"[""PRE_CHEMISTRY_NOT_PRODUCTION_AUTHORITATIVE"",""NO_FAMILY_LEVEL_AUTO_ADMISSION""]",PASSED,true,POST_ONLY_V1_REVIEW_CANDIDATE,PUBLISHED_POST_ONLY_ELIGIBILITY:FEATURE_STAGE_PASSED_AND_HUMAN_REVIEW_REQUIRED_PRE_CHEMISTRY,COVAPIE_BULK_REVIEW_UNIT_EB1C0FF8712C32A9,,NEG_V1_TS_DUMP_CATALYTIC_ADDUCT_EXACT,MATCHED_AUTO_NEGATIVE_EXACT,ALL_EXACT_PREDICATES_MATCHED,NEG_V2_DTT_CRYSTALLIZATION_REDUCING_ADDUCT_EXACT,NOT_MATCHED,"PREDICATE_MISMATCH:automorphism_derived_dtt_sulfur_endpoint,exact_1fvg_reagent_protein_context,exact_1fvg_source_structure_context,exact_dtt_component_graph_sha256,exact_dtt_component_identity,exact_ligand_reactive_element,exact_local_topology,exact_radius1_sha256,exact_radius2_sha256;UNAVAILABLE_OR_MALFORMED:exact_dtt_heavy_identity_and_charge[outcome.ccd_formal_charge_pattern:INVALID]",NEG_V1_TS_DUMP_CATALYTIC_ADDUCT_EXACT,AUTO_NEGATIVE_EXACT_FINAL,EVERY_EVENT_IN_UNIT_MATCHED_SAME_EXACT_RULE_WITHOUT_OVERRIDE,NONE,false
83,COVAPIE_CYS_SG_EVENT_V1:1JUJ:C:CYS:195-:SG:I:UMP:C6,1JUJ,UMP,C6,FROZEN_HISTORICAL_PREDECESSOR,HISTORICAL_PREDECESSOR_CANDIDATE,HUMAN_REVIEW_REQUIRED_PRE_CHEMISTRY,"[""PRE_CHEMISTRY_NOT_PRODUCTION_AUTHORITATIVE"",""NO_FAMILY_LEVEL_AUTO_ADMISSION""]",PASSED,true,POST_ONLY_V1_REVIEW_CANDIDATE,PUBLISHED_POST_ONLY_ELIGIBILITY:FEATURE_STAGE_PASSED_AND_HUMAN_REVIEW_REQUIRED_PRE_CHEMISTRY,COVAPIE_BULK_REVIEW_UNIT_EB1C0FF8712C32A9,,NEG_V1_TS_DUMP_CATALYTIC_ADDUCT_EXACT,MATCHED_AUTO_NEGATIVE_EXACT,ALL_EXACT_PREDICATES_MATCHED,NEG_V2_DTT_CRYSTALLIZATION_REDUCING_ADDUCT_EXACT,NOT_MATCHED,"PREDICATE_MISMATCH:automorphism_derived_dtt_sulfur_endpoint,exact_1fvg_reagent_protein_context,exact_1fvg_source_structure_context,exact_dtt_component_graph_sha256,exact_dtt_component_identity,exact_ligand_reactive_element,exact_local_topology,exact_radius1_sha256,exact_radius2_sha256;UNAVAILABLE_OR_MALFORMED:exact_dtt_heavy_identity_and_charge[outcome.ccd_formal_charge_pattern:INVALID]",NEG_V1_TS_DUMP_CATALYTIC_ADDUCT_EXACT,AUTO_NEGATIVE_EXACT_FINAL,EVERY_EVENT_IN_UNIT_MATCHED_SAME_EXACT_RULE_WITHOUT_OVERRIDE,NONE,false
84,COVAPIE_CYS_SG_EVENT_V1:1JUJ:D:CYS:195-:SG:K:UMP:C6,1JUJ,UMP,C6,FROZEN_HISTORICAL_PREDECESSOR,HISTORICAL_PREDECESSOR_CANDIDATE,HUMAN_REVIEW_REQUIRED_PRE_CHEMISTRY,"[""PRE_CHEMISTRY_NOT_PRODUCTION_AUTHORITATIVE"",""NO_FAMILY_LEVEL_AUTO_ADMISSION""]",PASSED,true,POST_ONLY_V1_REVIEW_CANDIDATE,PUBLISHED_POST_ONLY_ELIGIBILITY:FEATURE_STAGE_PASSED_AND_HUMAN_REVIEW_REQUIRED_PRE_CHEMISTRY,COVAPIE_BULK_REVIEW_UNIT_EB1C0FF8712C32A9,,NEG_V1_TS_DUMP_CATALYTIC_ADDUCT_EXACT,MATCHED_AUTO_NEGATIVE_EXACT,ALL_EXACT_PREDICATES_MATCHED,NEG_V2_DTT_CRYSTALLIZATION_REDUCING_ADDUCT_EXACT,NOT_MATCHED,"PREDICATE_MISMATCH:automorphism_derived_dtt_sulfur_endpoint,exact_1fvg_reagent_protein_context,exact_1fvg_source_structure_context,exact_dtt_component_graph_sha256,exact_dtt_component_identity,exact_ligand_reactive_element,exact_local_topology,exact_radius1_sha256,exact_radius2_sha256;UNAVAILABLE_OR_MALFORMED:exact_dtt_heavy_identity_and_charge[outcome.ccd_formal_charge_pattern:INVALID]",NEG_V1_TS_DUMP_CATALYTIC_ADDUCT_EXACT,AUTO_NEGATIVE_EXACT_FINAL,EVERY_EVENT_IN_UNIT_MATCHED_SAME_EXACT_RULE_WITHOUT_OVERRIDE,NONE,false
85,COVAPIE_CYS_SG_EVENT_V1:1JUT:A:CYS:146-:SG:C:UMP:C6,1JUT,UMP,C6,FROZEN_HISTORICAL_PREDECESSOR,HISTORICAL_PREDECESSOR_CANDIDATE,HUMAN_REVIEW_REQUIRED_PRE_CHEMISTRY,"[""PRE_CHEMISTRY_NOT_PRODUCTION_AUTHORITATIVE"",""NO_FAMILY_LEVEL_AUTO_ADMISSION""]",PASSED,true,POST_ONLY_V1_REVIEW_CANDIDATE,PUBLISHED_POST_ONLY_ELIGIBILITY:FEATURE_STAGE_PASSED_AND_HUMAN_REVIEW_REQUIRED_PRE_CHEMISTRY,COVAPIE_BULK_REVIEW_UNIT_EB1C0FF8712C32A9,,NEG_V1_TS_DUMP_CATALYTIC_ADDUCT_EXACT,MATCHED_AUTO_NEGATIVE_EXACT,ALL_EXACT_PREDICATES_MATCHED,NEG_V2_DTT_CRYSTALLIZATION_REDUCING_ADDUCT_EXACT,NOT_MATCHED,"PREDICATE_MISMATCH:automorphism_derived_dtt_sulfur_endpoint,exact_1fvg_reagent_protein_context,exact_1fvg_source_structure_context,exact_dtt_component_graph_sha256,exact_dtt_component_identity,exact_ligand_reactive_element,exact_local_topology,exact_radius1_sha256,exact_radius2_sha256,structured_source_boundary;UNAVAILABLE_OR_MALFORMED:exact_dtt_heavy_identity_and_charge[outcome.ccd_formal_charge_pattern:INVALID]",NEG_V1_TS_DUMP_CATALYTIC_ADDUCT_EXACT,AUTO_NEGATIVE_EXACT_FINAL,EVERY_EVENT_IN_UNIT_MATCHED_SAME_EXACT_RULE_WITHOUT_OVERRIDE,NONE,false
86,COVAPIE_CYS_SG_EVENT_V1:1KEQ:A:CYS:131-:SG:E:4MZ:C4,1KEQ,4MZ,C4,FROZEN_HISTORICAL_PREDECESSOR,HISTORICAL_PREDECESSOR_CANDIDATE,HUMAN_REVIEW_REQUIRED_PRE_CHEMISTRY,"[""PRE_CHEMISTRY_NOT_PRODUCTION_AUTHORITATIVE"",""NO_FAMILY_LEVEL_AUTO_ADMISSION""]",PASSED,true,POST_ONLY_V1_REVIEW_CANDIDATE,PUBLISHED_POST_ONLY_ELIGIBILITY:FEATURE_STAGE_PASSED_AND_HUMAN_REVIEW_REQUIRED_PRE_CHEMISTRY,COVAPIE_BULK_REVIEW_UNIT_90EE047F15B414B4,COVAPIE_BULK_REVIEW_UNIT_90EE047F15B414B4,NEG_V1_TS_DUMP_CATALYTIC_ADDUCT_EXACT,NOT_MATCHED,"PREDICATE_MISMATCH:exact_ccd_component_graph_sha256,exact_ligand_reactive_atom,exact_ts_family_accession_sequence_key;UNAVAILABLE_OR_MALFORMED:exact_radius1_sha256[event.reactive_center_radius1_fingerprint:MISSING],exact_radius2_sha256[event.reactive_center_radius2_fingerprint:MISSING]",NEG_V2_DTT_CRYSTALLIZATION_REDUCING_ADDUCT_EXACT,NOT_MATCHED,"PREDICATE_MISMATCH:automorphism_derived_dtt_sulfur_endpoint,exact_1fvg_reagent_protein_context,exact_1fvg_source_structure_context,exact_dtt_component_graph_sha256,exact_dtt_component_identity,exact_ligand_reactive_element,structured_source_boundary;UNAVAILABLE_OR_MALFORMED:exact_dtt_heavy_identity_and_charge[outcome.ccd_formal_charge_pattern:INVALID],exact_local_topology[event.local_topology:MISSING],exact_radius1_sha256[event.reactive_center_radius1_fingerprint:MISSING],exact_radius2_sha256[event.reactive_center_radius2_fingerprint:MISSING]",,HUMAN_REVIEW_REQUIRED,NO_SINGLE_EXACT_RULE_MATCHED_EVERY_EVENT;HUMAN_REVIEW_RETAINED,NONE,false
87,COVAPIE_CYS_SG_EVENT_V1:1KEQ:A:CYS:183-:SG:F:4MZ:C4,1KEQ,4MZ,C4,FROZEN_HISTORICAL_PREDECESSOR,HISTORICAL_PREDECESSOR_EXCLUDED,QUARANTINE_REPRESENTATION_GAP,"[""PRE_ONLY_ATOMS_CANNOT_BE_DROPPED_OR_GIVEN_COORDINATES""]",PASSED,false,BLOCKED_REPRESENTATION_GAP,PUBLISHED_POST_ONLY_INELIGIBILITY:FEATURE_STAGE=PASSED;TERMINAL_OUTCOME=QUARANTINE_REPRESENTATION_GAP,,,NEG_V1_TS_DUMP_CATALYTIC_ADDUCT_EXACT,NOT_EVALUATED_OUTSIDE_SUPPORTED_POST_ONLY_CANDIDATE,NOT_EVALUATED_OUTSIDE_SUPPORTED_POST_ONLY_CANDIDATE,NEG_V2_DTT_CRYSTALLIZATION_REDUCING_ADDUCT_EXACT,NOT_EVALUATED_OUTSIDE_SUPPORTED_POST_ONLY_CANDIDATE,NOT_EVALUATED_OUTSIDE_SUPPORTED_POST_ONLY_CANDIDATE,,QUARANTINE_REPRESENTATION_GAP,BOUND_STRUCTURAL_EXECUTION_OUTCOME_RETAINED,NONE,false
88,COVAPIE_CYS_SG_EVENT_V1:1KEQ:A:CYS:188-:SG:G:4MZ:C4,1KEQ,4MZ,C4,FROZEN_HISTORICAL_PREDECESSOR,HISTORICAL_PREDECESSOR_CANDIDATE,HUMAN_REVIEW_REQUIRED_PRE_CHEMISTRY,"[""PRE_CHEMISTRY_NOT_PRODUCTION_AUTHORITATIVE"",""NO_FAMILY_LEVEL_AUTO_ADMISSION""]",PASSED,true,POST_ONLY_V1_REVIEW_CANDIDATE,PUBLISHED_POST_ONLY_ELIGIBILITY:FEATURE_STAGE_PASSED_AND_HUMAN_REVIEW_REQUIRED_PRE_CHEMISTRY,COVAPIE_BULK_REVIEW_UNIT_90EE047F15B414B4,COVAPIE_BULK_REVIEW_UNIT_90EE047F15B414B4,NEG_V1_TS_DUMP_CATALYTIC_ADDUCT_EXACT,NOT_MATCHED,"PREDICATE_MISMATCH:exact_ccd_component_graph_sha256,exact_ligand_reactive_atom,exact_ts_family_accession_sequence_key;UNAVAILABLE_OR_MALFORMED:exact_radius1_sha256[event.reactive_center_radius1_fingerprint:MISSING],exact_radius2_sha256[event.reactive_center_radius2_fingerprint:MISSING]",NEG_V2_DTT_CRYSTALLIZATION_REDUCING_ADDUCT_EXACT,NOT_MATCHED,"PREDICATE_MISMATCH:automorphism_derived_dtt_sulfur_endpoint,exact_1fvg_reagent_protein_context,exact_1fvg_source_structure_context,exact_dtt_component_graph_sha256,exact_dtt_component_identity,exact_ligand_reactive_element,structured_source_boundary;UNAVAILABLE_OR_MALFORMED:exact_dtt_heavy_identity_and_charge[outcome.ccd_formal_charge_pattern:INVALID],exact_local_topology[event.local_topology:MISSING],exact_radius1_sha256[event.reactive_center_radius1_fingerprint:MISSING],exact_radius2_sha256[event.reactive_center_radius2_fingerprint:MISSING]",,HUMAN_REVIEW_REQUIRED,NO_SINGLE_EXACT_RULE_MATCHED_EVERY_EVENT;HUMAN_REVIEW_RETAINED,NONE,false
89,COVAPIE_CYS_SG_EVENT_V1:1KEQ:B:CYS:183-:SG:K:4MZ:C4,1KEQ,4MZ,C4,FROZEN_HISTORICAL_PREDECESSOR,HISTORICAL_PREDECESSOR_EXCLUDED,QUARANTINE_REPRESENTATION_GAP,"[""PRE_ONLY_ATOMS_CANNOT_BE_DROPPED_OR_GIVEN_COORDINATES""]",PASSED,false,BLOCKED_REPRESENTATION_GAP,PUBLISHED_POST_ONLY_INELIGIBILITY:FEATURE_STAGE=PASSED;TERMINAL_OUTCOME=QUARANTINE_REPRESENTATION_GAP,,,NEG_V1_TS_DUMP_CATALYTIC_ADDUCT_EXACT,NOT_EVALUATED_OUTSIDE_SUPPORTED_POST_ONLY_CANDIDATE,NOT_EVALUATED_OUTSIDE_SUPPORTED_POST_ONLY_CANDIDATE,NEG_V2_DTT_CRYSTALLIZATION_REDUCING_ADDUCT_EXACT,NOT_EVALUATED_OUTSIDE_SUPPORTED_POST_ONLY_CANDIDATE,NOT_EVALUATED_OUTSIDE_SUPPORTED_POST_ONLY_CANDIDATE,,QUARANTINE_REPRESENTATION_GAP,BOUND_STRUCTURAL_EXECUTION_OUTCOME_RETAINED,NONE,false
90,COVAPIE_CYS_SG_EVENT_V1:1KEQ:B:CYS:188-:SG:L:4MZ:C4,1KEQ,4MZ,C4,FROZEN_HISTORICAL_PREDECESSOR,HISTORICAL_PREDECESSOR_CANDIDATE,HUMAN_REVIEW_REQUIRED_PRE_CHEMISTRY,"[""PRE_CHEMISTRY_NOT_PRODUCTION_AUTHORITATIVE"",""NO_FAMILY_LEVEL_AUTO_ADMISSION""]",PASSED,true,POST_ONLY_V1_REVIEW_CANDIDATE,PUBLISHED_POST_ONLY_ELIGIBILITY:FEATURE_STAGE_PASSED_AND_HUMAN_REVIEW_REQUIRED_PRE_CHEMISTRY,COVAPIE_BULK_REVIEW_UNIT_90EE047F15B414B4,COVAPIE_BULK_REVIEW_UNIT_90EE047F15B414B4,NEG_V1_TS_DUMP_CATALYTIC_ADDUCT_EXACT,NOT_MATCHED,"PREDICATE_MISMATCH:exact_ccd_component_graph_sha256,exact_ligand_reactive_atom,exact_ts_family_accession_sequence_key;UNAVAILABLE_OR_MALFORMED:exact_radius1_sha256[event.reactive_center_radius1_fingerprint:MISSING],exact_radius2_sha256[event.reactive_center_radius2_fingerprint:MISSING]",NEG_V2_DTT_CRYSTALLIZATION_REDUCING_ADDUCT_EXACT,NOT_MATCHED,"PREDICATE_MISMATCH:automorphism_derived_dtt_sulfur_endpoint,exact_1fvg_reagent_protein_context,exact_1fvg_source_structure_context,exact_dtt_component_graph_sha256,exact_dtt_component_identity,exact_ligand_reactive_element,structured_source_boundary;UNAVAILABLE_OR_MALFORMED:exact_dtt_heavy_identity_and_charge[outcome.ccd_formal_charge_pattern:INVALID],exact_local_topology[event.local_topology:MISSING],exact_radius1_sha256[event.reactive_center_radius1_fingerprint:MISSING],exact_radius2_sha256[event.reactive_center_radius2_fingerprint:MISSING]",,HUMAN_REVIEW_REQUIRED,NO_SINGLE_EXACT_RULE_MATCHED_EVERY_EVENT;HUMAN_REVIEW_RETAINED,NONE,false
91,COVAPIE_CYS_SG_EVENT_V1:1KOU:A:CYS:69-:SG:B:DHC:C1,1KOU,DHC,C1,FROZEN_HISTORICAL_PREDECESSOR,HISTORICAL_PREDECESSOR_EXCLUDED,STRUCTURAL_EVIDENCE_INCOMPLETE,"[""MMCIF_EXACT_CYS_SG_STRUCT_CONN_NOT_RECOVERED""]",NOT_REACHED,false,OUTSIDE_STRUCTURAL_ELIGIBILITY,PUBLISHED_POST_ONLY_INELIGIBILITY:FEATURE_STAGE=NOT_REACHED;TERMINAL_OUTCOME=STRUCTURAL_EVIDENCE_INCOMPLETE,,,NEG_V1_TS_DUMP_CATALYTIC_ADDUCT_EXACT,NOT_EVALUATED_OUTSIDE_SUPPORTED_POST_ONLY_CANDIDATE,NOT_EVALUATED_OUTSIDE_SUPPORTED_POST_ONLY_CANDIDATE,NEG_V2_DTT_CRYSTALLIZATION_REDUCING_ADDUCT_EXACT,NOT_EVALUATED_OUTSIDE_SUPPORTED_POST_ONLY_CANDIDATE,NOT_EVALUATED_OUTSIDE_SUPPORTED_POST_ONLY_CANDIDATE,,STRUCTURAL_EVIDENCE_INCOMPLETE,BOUND_STRUCTURAL_EXECUTION_OUTCOME_RETAINED,NONE,false
92,COVAPIE_CYS_SG_EVENT_V1:1KWO:A:CYS:693-:SG:F:PDM:CP9,1KWO,PDM,CP9,FROZEN_HISTORICAL_PREDECESSOR,HISTORICAL_PREDECESSOR_CANDIDATE,HUMAN_REVIEW_REQUIRED_PRE_CHEMISTRY,"[""PRE_CHEMISTRY_NOT_PRODUCTION_AUTHORITATIVE"",""NO_FAMILY_LEVEL_AUTO_ADMISSION""]",PASSED,true,POST_ONLY_V1_REVIEW_CANDIDATE,PUBLISHED_POST_ONLY_ELIGIBILITY:FEATURE_STAGE_PASSED_AND_HUMAN_REVIEW_REQUIRED_PRE_CHEMISTRY,COVAPIE_BULK_REVIEW_UNIT_29BE63EC8EF2392B,COVAPIE_BULK_REVIEW_UNIT_29BE63EC8EF2392B,NEG_V1_TS_DUMP_CATALYTIC_ADDUCT_EXACT,NOT_MATCHED,"PREDICATE_MISMATCH:exact_ccd_component_graph_sha256,exact_ligand_reactive_atom,exact_radius1_sha256,exact_radius2_sha256,exact_ts_family_accession_sequence_key",NEG_V2_DTT_CRYSTALLIZATION_REDUCING_ADDUCT_EXACT,NOT_MATCHED,"PREDICATE_MISMATCH:automorphism_derived_dtt_sulfur_endpoint,exact_1fvg_reagent_protein_context,exact_1fvg_source_structure_context,exact_dtt_component_graph_sha256,exact_dtt_component_identity,exact_ligand_reactive_element,exact_local_topology,exact_radius1_sha256,exact_radius2_sha256;UNAVAILABLE_OR_MALFORMED:exact_dtt_heavy_identity_and_charge[outcome.ccd_formal_charge_pattern:INVALID]",,HUMAN_REVIEW_REQUIRED,NO_SINGLE_EXACT_RULE_MATCHED_EVERY_EVENT;HUMAN_REVIEW_RETAINED,NONE,false
93,COVAPIE_CYS_SG_EVENT_V1:1KZI:A:CYS:146-:SG:F:UMP:C6,1KZI,UMP,C6,FROZEN_HISTORICAL_PREDECESSOR,HISTORICAL_PREDECESSOR_CANDIDATE,HUMAN_REVIEW_REQUIRED_PRE_CHEMISTRY,"[""PRE_CHEMISTRY_NOT_PRODUCTION_AUTHORITATIVE"",""NO_FAMILY_LEVEL_AUTO_ADMISSION""]",PASSED,true,POST_ONLY_V1_REVIEW_CANDIDATE,PUBLISHED_POST_ONLY_ELIGIBILITY:FEATURE_STAGE_PASSED_AND_HUMAN_REVIEW_REQUIRED_PRE_CHEMISTRY,COVAPIE_BULK_REVIEW_UNIT_EB1C0FF8712C32A9,,NEG_V1_TS_DUMP_CATALYTIC_ADDUCT_EXACT,MATCHED_AUTO_NEGATIVE_EXACT,ALL_EXACT_PREDICATES_MATCHED,NEG_V2_DTT_CRYSTALLIZATION_REDUCING_ADDUCT_EXACT,NOT_MATCHED,"PREDICATE_MISMATCH:automorphism_derived_dtt_sulfur_endpoint,exact_1fvg_reagent_protein_context,exact_1fvg_source_structure_context,exact_dtt_component_graph_sha256,exact_dtt_component_identity,exact_ligand_reactive_element,exact_local_topology,exact_radius1_sha256,exact_radius2_sha256,structured_source_boundary;UNAVAILABLE_OR_MALFORMED:exact_dtt_heavy_identity_and_charge[outcome.ccd_formal_charge_pattern:INVALID]",NEG_V1_TS_DUMP_CATALYTIC_ADDUCT_EXACT,AUTO_NEGATIVE_EXACT_FINAL,EVERY_EVENT_IN_UNIT_MATCHED_SAME_EXACT_RULE_WITHOUT_OVERRIDE,NONE,false
94,COVAPIE_CYS_SG_EVENT_V1:1KZI:A:CYS:192-:SG:H:DTU:S4,1KZI,DTU,S4,FROZEN_HISTORICAL_PREDECESSOR,HISTORICAL_PREDECESSOR_CANDIDATE,HUMAN_REVIEW_REQUIRED_PRE_CHEMISTRY,"[""PRE_CHEMISTRY_NOT_PRODUCTION_AUTHORITATIVE"",""NO_FAMILY_LEVEL_AUTO_ADMISSION""]",PASSED,true,POST_ONLY_V1_REVIEW_CANDIDATE,PUBLISHED_POST_ONLY_ELIGIBILITY:FEATURE_STAGE_PASSED_AND_HUMAN_REVIEW_REQUIRED_PRE_CHEMISTRY,COVAPIE_BULK_REVIEW_UNIT_024EEB356034F83D,COVAPIE_BULK_REVIEW_UNIT_024EEB356034F83D,NEG_V1_TS_DUMP_CATALYTIC_ADDUCT_EXACT,NOT_MATCHED,"PREDICATE_MISMATCH:exact_ccd_component_graph_sha256,exact_ligand_reactive_atom,exact_ligand_reactive_element,exact_radius1_sha256,exact_radius2_sha256",NEG_V2_DTT_CRYSTALLIZATION_REDUCING_ADDUCT_EXACT,NOT_MATCHED,"PREDICATE_MISMATCH:exact_1fvg_reagent_protein_context,exact_1fvg_source_structure_context,exact_dtt_component_graph_sha256,exact_dtt_component_identity,structured_source_boundary",,HUMAN_REVIEW_REQUIRED,NO_SINGLE_EXACT_RULE_MATCHED_EVERY_EVENT;HUMAN_REVIEW_RETAINED,NONE,false
95,COVAPIE_CYS_SG_EVENT_V1:1KZI:B:CYS:146-:SG:J:UMP:C6,1KZI,UMP,C6,FROZEN_HISTORICAL_PREDECESSOR,HISTORICAL_PREDECESSOR_CANDIDATE,HUMAN_REVIEW_REQUIRED_PRE_CHEMISTRY,"[""PRE_CHEMISTRY_NOT_PRODUCTION_AUTHORITATIVE"",""NO_FAMILY_LEVEL_AUTO_ADMISSION""]",PASSED,true,POST_ONLY_V1_REVIEW_CANDIDATE,PUBLISHED_POST_ONLY_ELIGIBILITY:FEATURE_STAGE_PASSED_AND_HUMAN_REVIEW_REQUIRED_PRE_CHEMISTRY,COVAPIE_BULK_REVIEW_UNIT_EB1C0FF8712C32A9,,NEG_V1_TS_DUMP_CATALYTIC_ADDUCT_EXACT,MATCHED_AUTO_NEGATIVE_EXACT,ALL_EXACT_PREDICATES_MATCHED,NEG_V2_DTT_CRYSTALLIZATION_REDUCING_ADDUCT_EXACT,NOT_MATCHED,"PREDICATE_MISMATCH:automorphism_derived_dtt_sulfur_endpoint,exact_1fvg_reagent_protein_context,exact_1fvg_source_structure_context,exact_dtt_component_graph_sha256,exact_dtt_component_identity,exact_ligand_reactive_element,exact_local_topology,exact_radius1_sha256,exact_radius2_sha256,structured_source_boundary;UNAVAILABLE_OR_MALFORMED:exact_dtt_heavy_identity_and_charge[outcome.ccd_formal_charge_pattern:INVALID]",NEG_V1_TS_DUMP_CATALYTIC_ADDUCT_EXACT,AUTO_NEGATIVE_EXACT_FINAL,EVERY_EVENT_IN_UNIT_MATCHED_SAME_EXACT_RULE_WITHOUT_OVERRIDE,NONE,false
96,COVAPIE_CYS_SG_EVENT_V1:1KZJ:A:CYS:146-:SG:G:UMP:C6,1KZJ,UMP,C6,FROZEN_HISTORICAL_PREDECESSOR,HISTORICAL_PREDECESSOR_CANDIDATE,HUMAN_REVIEW_REQUIRED_PRE_CHEMISTRY,"[""PRE_CHEMISTRY_NOT_PRODUCTION_AUTHORITATIVE"",""NO_FAMILY_LEVEL_AUTO_ADMISSION""]",PASSED,true,POST_ONLY_V1_REVIEW_CANDIDATE,PUBLISHED_POST_ONLY_ELIGIBILITY:FEATURE_STAGE_PASSED_AND_HUMAN_REVIEW_REQUIRED_PRE_CHEMISTRY,COVAPIE_BULK_REVIEW_UNIT_EB1C0FF8712C32A9,,NEG_V1_TS_DUMP_CATALYTIC_ADDUCT_EXACT,MATCHED_AUTO_NEGATIVE_EXACT,ALL_EXACT_PREDICATES_MATCHED,NEG_V2_DTT_CRYSTALLIZATION_REDUCING_ADDUCT_EXACT,NOT_MATCHED,"PREDICATE_MISMATCH:automorphism_derived_dtt_sulfur_endpoint,exact_1fvg_reagent_protein_context,exact_1fvg_source_structure_context,exact_dtt_component_graph_sha256,exact_dtt_component_identity,exact_ligand_reactive_element,exact_local_topology,exact_radius1_sha256,exact_radius2_sha256,structured_source_boundary;UNAVAILABLE_OR_MALFORMED:exact_dtt_heavy_identity_and_charge[outcome.ccd_formal_charge_pattern:INVALID]",NEG_V1_TS_DUMP_CATALYTIC_ADDUCT_EXACT,AUTO_NEGATIVE_EXACT_FINAL,EVERY_EVENT_IN_UNIT_MATCHED_SAME_EXACT_RULE_WITHOUT_OVERRIDE,NONE,false
97,COVAPIE_CYS_SG_EVENT_V1:1KZJ:B:CYS:146-:SG:I:UMP:C6,1KZJ,UMP,C6,FROZEN_HISTORICAL_PREDECESSOR,HISTORICAL_PREDECESSOR_CANDIDATE,HUMAN_REVIEW_REQUIRED_PRE_CHEMISTRY,"[""PRE_CHEMISTRY_NOT_PRODUCTION_AUTHORITATIVE"",""NO_FAMILY_LEVEL_AUTO_ADMISSION""]",PASSED,true,POST_ONLY_V1_REVIEW_CANDIDATE,PUBLISHED_POST_ONLY_ELIGIBILITY:FEATURE_STAGE_PASSED_AND_HUMAN_REVIEW_REQUIRED_PRE_CHEMISTRY,COVAPIE_BULK_REVIEW_UNIT_EB1C0FF8712C32A9,,NEG_V1_TS_DUMP_CATALYTIC_ADDUCT_EXACT,MATCHED_AUTO_NEGATIVE_EXACT,ALL_EXACT_PREDICATES_MATCHED,NEG_V2_DTT_CRYSTALLIZATION_REDUCING_ADDUCT_EXACT,NOT_MATCHED,"PREDICATE_MISMATCH:automorphism_derived_dtt_sulfur_endpoint,exact_1fvg_reagent_protein_context,exact_1fvg_source_structure_context,exact_dtt_component_graph_sha256,exact_dtt_component_identity,exact_ligand_reactive_element,exact_local_topology,exact_radius1_sha256,exact_radius2_sha256,structured_source_boundary;UNAVAILABLE_OR_MALFORMED:exact_dtt_heavy_identity_and_charge[outcome.ccd_formal_charge_pattern:INVALID]",NEG_V1_TS_DUMP_CATALYTIC_ADDUCT_EXACT,AUTO_NEGATIVE_EXACT_FINAL,EVERY_EVENT_IN_UNIT_MATCHED_SAME_EXACT_RULE_WITHOUT_OVERRIDE,NONE,false
98,COVAPIE_CYS_SG_EVENT_V1:1KZJ:C:CYS:146-:SG:K:UMP:C6,1KZJ,UMP,C6,FROZEN_HISTORICAL_PREDECESSOR,HISTORICAL_PREDECESSOR_CANDIDATE,HUMAN_REVIEW_REQUIRED_PRE_CHEMISTRY,"[""PRE_CHEMISTRY_NOT_PRODUCTION_AUTHORITATIVE"",""NO_FAMILY_LEVEL_AUTO_ADMISSION""]",PASSED,true,POST_ONLY_V1_REVIEW_CANDIDATE,PUBLISHED_POST_ONLY_ELIGIBILITY:FEATURE_STAGE_PASSED_AND_HUMAN_REVIEW_REQUIRED_PRE_CHEMISTRY,COVAPIE_BULK_REVIEW_UNIT_EB1C0FF8712C32A9,,NEG_V1_TS_DUMP_CATALYTIC_ADDUCT_EXACT,MATCHED_AUTO_NEGATIVE_EXACT,ALL_EXACT_PREDICATES_MATCHED,NEG_V2_DTT_CRYSTALLIZATION_REDUCING_ADDUCT_EXACT,NOT_MATCHED,"PREDICATE_MISMATCH:automorphism_derived_dtt_sulfur_endpoint,exact_1fvg_reagent_protein_context,exact_1fvg_source_structure_context,exact_dtt_component_graph_sha256,exact_dtt_component_identity,exact_ligand_reactive_element,exact_local_topology,exact_radius1_sha256,exact_radius2_sha256,structured_source_boundary;UNAVAILABLE_OR_MALFORMED:exact_dtt_heavy_identity_and_charge[outcome.ccd_formal_charge_pattern:INVALID]",NEG_V1_TS_DUMP_CATALYTIC_ADDUCT_EXACT,AUTO_NEGATIVE_EXACT_FINAL,EVERY_EVENT_IN_UNIT_MATCHED_SAME_EXACT_RULE_WITHOUT_OVERRIDE,NONE,false
99,COVAPIE_CYS_SG_EVENT_V1:1KZJ:F:CYS:146-:SG:Q:UMP:C6,1KZJ,UMP,C6,FROZEN_HISTORICAL_PREDECESSOR,HISTORICAL_PREDECESSOR_CANDIDATE,HUMAN_REVIEW_REQUIRED_PRE_CHEMISTRY,"[""PRE_CHEMISTRY_NOT_PRODUCTION_AUTHORITATIVE"",""NO_FAMILY_LEVEL_AUTO_ADMISSION""]",PASSED,true,POST_ONLY_V1_REVIEW_CANDIDATE,PUBLISHED_POST_ONLY_ELIGIBILITY:FEATURE_STAGE_PASSED_AND_HUMAN_REVIEW_REQUIRED_PRE_CHEMISTRY,COVAPIE_BULK_REVIEW_UNIT_EB1C0FF8712C32A9,,NEG_V1_TS_DUMP_CATALYTIC_ADDUCT_EXACT,MATCHED_AUTO_NEGATIVE_EXACT,ALL_EXACT_PREDICATES_MATCHED,NEG_V2_DTT_CRYSTALLIZATION_REDUCING_ADDUCT_EXACT,NOT_MATCHED,"PREDICATE_MISMATCH:automorphism_derived_dtt_sulfur_endpoint,exact_1fvg_reagent_protein_context,exact_1fvg_source_structure_context,exact_dtt_component_graph_sha256,exact_dtt_component_identity,exact_ligand_reactive_element,exact_local_topology,exact_radius1_sha256,exact_radius2_sha256,structured_source_boundary;UNAVAILABLE_OR_MALFORMED:exact_dtt_heavy_identity_and_charge[outcome.ccd_formal_charge_pattern:INVALID]",NEG_V1_TS_DUMP_CATALYTIC_ADDUCT_EXACT,AUTO_NEGATIVE_EXACT_FINAL,EVERY_EVENT_IN_UNIT_MATCHED_SAME_EXACT_RULE_WITHOUT_OVERRIDE,NONE,false
100,COVAPIE_CYS_SG_EVENT_V1:1LXY:A:CYS:398-:SG:C:CIR:C7,1LXY,CIR,C7,FROZEN_HISTORICAL_PREDECESSOR,HISTORICAL_PREDECESSOR_CANDIDATE,HUMAN_REVIEW_REQUIRED_PRE_CHEMISTRY,"[""PRE_CHEMISTRY_NOT_PRODUCTION_AUTHORITATIVE"",""NO_FAMILY_LEVEL_AUTO_ADMISSION""]",PASSED,true,POST_ONLY_V1_REVIEW_CANDIDATE,PUBLISHED_POST_ONLY_ELIGIBILITY:FEATURE_STAGE_PASSED_AND_HUMAN_REVIEW_REQUIRED_PRE_CHEMISTRY,COVAPIE_BULK_REVIEW_UNIT_47AC17EBC8C3AFD6,COVAPIE_BULK_REVIEW_UNIT_47AC17EBC8C3AFD6,NEG_V1_TS_DUMP_CATALYTIC_ADDUCT_EXACT,NOT_MATCHED,"PREDICATE_MISMATCH:exact_ccd_component_graph_sha256,exact_ligand_reactive_atom,exact_radius1_sha256,exact_radius2_sha256,exact_ts_family_accession_sequence_key",NEG_V2_DTT_CRYSTALLIZATION_REDUCING_ADDUCT_EXACT,NOT_MATCHED,"PREDICATE_MISMATCH:automorphism_derived_dtt_sulfur_endpoint,exact_1fvg_reagent_protein_context,exact_1fvg_source_structure_context,exact_dtt_component_graph_sha256,exact_dtt_component_identity,exact_ligand_reactive_element,exact_local_topology,exact_radius1_sha256,exact_radius2_sha256;UNAVAILABLE_OR_MALFORMED:exact_dtt_heavy_identity_and_charge[outcome.ccd_formal_charge_pattern:INVALID]",,HUMAN_REVIEW_REQUIRED,NO_SINGLE_EXACT_RULE_MATCHED_EVERY_EVENT;HUMAN_REVIEW_RETAINED,NONE,false
101,COVAPIE_CYS_SG_EVENT_V1:1LXY:B:CYS:398-:SG:E:CIR:C7,1LXY,CIR,C7,FROZEN_HISTORICAL_PREDECESSOR,HISTORICAL_PREDECESSOR_CANDIDATE,HUMAN_REVIEW_REQUIRED_PRE_CHEMISTRY,"[""PRE_CHEMISTRY_NOT_PRODUCTION_AUTHORITATIVE"",""NO_FAMILY_LEVEL_AUTO_ADMISSION""]",PASSED,true,POST_ONLY_V1_REVIEW_CANDIDATE,PUBLISHED_POST_ONLY_ELIGIBILITY:FEATURE_STAGE_PASSED_AND_HUMAN_REVIEW_REQUIRED_PRE_CHEMISTRY,COVAPIE_BULK_REVIEW_UNIT_47AC17EBC8C3AFD6,COVAPIE_BULK_REVIEW_UNIT_47AC17EBC8C3AFD6,NEG_V1_TS_DUMP_CATALYTIC_ADDUCT_EXACT,NOT_MATCHED,"PREDICATE_MISMATCH:exact_ccd_component_graph_sha256,exact_ligand_reactive_atom,exact_radius1_sha256,exact_radius2_sha256,exact_ts_family_accession_sequence_key",NEG_V2_DTT_CRYSTALLIZATION_REDUCING_ADDUCT_EXACT,NOT_MATCHED,"PREDICATE_MISMATCH:automorphism_derived_dtt_sulfur_endpoint,exact_1fvg_reagent_protein_context,exact_1fvg_source_structure_context,exact_dtt_component_graph_sha256,exact_dtt_component_identity,exact_ligand_reactive_element,exact_local_topology,exact_radius1_sha256,exact_radius2_sha256;UNAVAILABLE_OR_MALFORMED:exact_dtt_heavy_identity_and_charge[outcome.ccd_formal_charge_pattern:INVALID]",,HUMAN_REVIEW_REQUIRED,NO_SINGLE_EXACT_RULE_MATCHED_EVERY_EVENT;HUMAN_REVIEW_RETAINED,NONE,false
102,COVAPIE_CYS_SG_EVENT_V1:1M4A:A:CYS:31-:SG:B:MPE:S1,1M4A,MPE,S1,FROZEN_HISTORICAL_PREDECESSOR,HISTORICAL_PREDECESSOR_EXCLUDED,STRUCTURAL_EVIDENCE_INCOMPLETE,"[""MMCIF_EXACT_CYS_SG_STRUCT_CONN_NOT_RECOVERED""]",NOT_REACHED,false,OUTSIDE_STRUCTURAL_ELIGIBILITY,PUBLISHED_POST_ONLY_INELIGIBILITY:FEATURE_STAGE=NOT_REACHED;TERMINAL_OUTCOME=STRUCTURAL_EVIDENCE_INCOMPLETE,,,NEG_V1_TS_DUMP_CATALYTIC_ADDUCT_EXACT,NOT_EVALUATED_OUTSIDE_SUPPORTED_POST_ONLY_CANDIDATE,NOT_EVALUATED_OUTSIDE_SUPPORTED_POST_ONLY_CANDIDATE,NEG_V2_DTT_CRYSTALLIZATION_REDUCING_ADDUCT_EXACT,NOT_EVALUATED_OUTSIDE_SUPPORTED_POST_ONLY_CANDIDATE,NOT_EVALUATED_OUTSIDE_SUPPORTED_POST_ONLY_CANDIDATE,,STRUCTURAL_EVIDENCE_INCOMPLETE,BOUND_STRUCTURAL_EXECUTION_OUTCOME_RETAINED,NONE,false
103,COVAPIE_CYS_SG_EVENT_V1:1M4B:A:CYS:43-:SG:B:NMP:S27,1M4B,NMP,S27,FROZEN_HISTORICAL_PREDECESSOR,HISTORICAL_PREDECESSOR_EXCLUDED,LEAKAGE_EXISTING_GROUP_CONFLICT,"[""LEAKAGE_EXISTING_GROUP_CONFLICT""]",PASSED,false,BLOCKED_EXISTING_GROUP_CONFLICT,PUBLISHED_POST_ONLY_INELIGIBILITY:FEATURE_STAGE=PASSED;TERMINAL_OUTCOME=LEAKAGE_EXISTING_GROUP_CONFLICT,,,NEG_V1_TS_DUMP_CATALYTIC_ADDUCT_EXACT,NOT_EVALUATED_OUTSIDE_SUPPORTED_POST_ONLY_CANDIDATE,NOT_EVALUATED_OUTSIDE_SUPPORTED_POST_ONLY_CANDIDATE,NEG_V2_DTT_CRYSTALLIZATION_REDUCING_ADDUCT_EXACT,NOT_EVALUATED_OUTSIDE_SUPPORTED_POST_ONLY_CANDIDATE,NOT_EVALUATED_OUTSIDE_SUPPORTED_POST_ONLY_CANDIDATE,,LEAKAGE_EXISTING_GROUP_CONFLICT,BOUND_STRUCTURAL_EXECUTION_OUTCOME_RETAINED,NONE,false
104,COVAPIE_CYS_SG_EVENT_V1:1MEG:A:CYS:25-:SG:B:E64:C2,1MEG,E64,C2,FROZEN_HISTORICAL_PREDECESSOR,HISTORICAL_PREDECESSOR_EXCLUDED,LEAKAGE_EXISTING_GROUP_CONFLICT,"[""LEAKAGE_EXISTING_GROUP_CONFLICT""]",PASSED,false,BLOCKED_EXISTING_GROUP_CONFLICT,PUBLISHED_POST_ONLY_INELIGIBILITY:FEATURE_STAGE=PASSED;TERMINAL_OUTCOME=LEAKAGE_EXISTING_GROUP_CONFLICT,,,NEG_V1_TS_DUMP_CATALYTIC_ADDUCT_EXACT,NOT_EVALUATED_OUTSIDE_SUPPORTED_POST_ONLY_CANDIDATE,NOT_EVALUATED_OUTSIDE_SUPPORTED_POST_ONLY_CANDIDATE,NEG_V2_DTT_CRYSTALLIZATION_REDUCING_ADDUCT_EXACT,NOT_EVALUATED_OUTSIDE_SUPPORTED_POST_ONLY_CANDIDATE,NOT_EVALUATED_OUTSIDE_SUPPORTED_POST_ONLY_CANDIDATE,,LEAKAGE_EXISTING_GROUP_CONFLICT,BOUND_STRUCTURAL_EXECUTION_OUTCOME_RETAINED,NONE,false
105,COVAPIE_CYS_SG_EVENT_V1:1MEM:A:CYS:25-:SG:B:0D6:C21,1MEM,0D6,C21,FROZEN_HISTORICAL_PREDECESSOR,HISTORICAL_PREDECESSOR_EXCLUDED,LEAKAGE_EXISTING_GROUP_CONFLICT,"[""LEAKAGE_EXISTING_GROUP_CONFLICT""]",PASSED,false,BLOCKED_EXISTING_GROUP_CONFLICT,PUBLISHED_POST_ONLY_INELIGIBILITY:FEATURE_STAGE=PASSED;TERMINAL_OUTCOME=LEAKAGE_EXISTING_GROUP_CONFLICT,,,NEG_V1_TS_DUMP_CATALYTIC_ADDUCT_EXACT,NOT_EVALUATED_OUTSIDE_SUPPORTED_POST_ONLY_CANDIDATE,NOT_EVALUATED_OUTSIDE_SUPPORTED_POST_ONLY_CANDIDATE,NEG_V2_DTT_CRYSTALLIZATION_REDUCING_ADDUCT_EXACT,NOT_EVALUATED_OUTSIDE_SUPPORTED_POST_ONLY_CANDIDATE,NOT_EVALUATED_OUTSIDE_SUPPORTED_POST_ONLY_CANDIDATE,,LEAKAGE_EXISTING_GROUP_CONFLICT,BOUND_STRUCTURAL_EXECUTION_OUTCOME_RETAINED,NONE,false
106,COVAPIE_CYS_SG_EVENT_V1:1ML3:B:CYS:166-:SG:F:CYX:C1,1ML3,CYX,C1,FROZEN_HISTORICAL_PREDECESSOR,HISTORICAL_PREDECESSOR_CANDIDATE,HUMAN_REVIEW_REQUIRED_PRE_CHEMISTRY,"[""PRE_CHEMISTRY_NOT_PRODUCTION_AUTHORITATIVE"",""NO_FAMILY_LEVEL_AUTO_ADMISSION""]",PASSED,true,POST_ONLY_V1_REVIEW_CANDIDATE,PUBLISHED_POST_ONLY_ELIGIBILITY:FEATURE_STAGE_PASSED_AND_HUMAN_REVIEW_REQUIRED_PRE_CHEMISTRY,COVAPIE_BULK_REVIEW_UNIT_F405B411FF44DFF3,COVAPIE_BULK_REVIEW_UNIT_F405B411FF44DFF3,NEG_V1_TS_DUMP_CATALYTIC_ADDUCT_EXACT,NOT_MATCHED,"PREDICATE_MISMATCH:exact_ccd_component_graph_sha256,exact_ligand_reactive_atom,exact_radius1_sha256,exact_radius2_sha256,exact_ts_family_accession_sequence_key",NEG_V2_DTT_CRYSTALLIZATION_REDUCING_ADDUCT_EXACT,NOT_MATCHED,"PREDICATE_MISMATCH:automorphism_derived_dtt_sulfur_endpoint,exact_1fvg_reagent_protein_context,exact_1fvg_source_structure_context,exact_dtt_component_graph_sha256,exact_dtt_component_identity,exact_ligand_reactive_element,exact_local_topology,exact_radius1_sha256,exact_radius2_sha256;UNAVAILABLE_OR_MALFORMED:exact_dtt_heavy_identity_and_charge[outcome.ccd_formal_charge_pattern:INVALID]",,HUMAN_REVIEW_REQUIRED,NO_SINGLE_EXACT_RULE_MATCHED_EVERY_EVENT;HUMAN_REVIEW_RETAINED,NONE,false
107,COVAPIE_CYS_SG_EVENT_V1:1ML3:C:CYS:166-:SG:H:CYX:C1,1ML3,CYX,C1,FROZEN_HISTORICAL_PREDECESSOR,HISTORICAL_PREDECESSOR_CANDIDATE,HUMAN_REVIEW_REQUIRED_PRE_CHEMISTRY,"[""PRE_CHEMISTRY_NOT_PRODUCTION_AUTHORITATIVE"",""NO_FAMILY_LEVEL_AUTO_ADMISSION""]",PASSED,true,POST_ONLY_V1_REVIEW_CANDIDATE,PUBLISHED_POST_ONLY_ELIGIBILITY:FEATURE_STAGE_PASSED_AND_HUMAN_REVIEW_REQUIRED_PRE_CHEMISTRY,COVAPIE_BULK_REVIEW_UNIT_F405B411FF44DFF3,COVAPIE_BULK_REVIEW_UNIT_F405B411FF44DFF3,NEG_V1_TS_DUMP_CATALYTIC_ADDUCT_EXACT,NOT_MATCHED,"PREDICATE_MISMATCH:exact_ccd_component_graph_sha256,exact_ligand_reactive_atom,exact_radius1_sha256,exact_radius2_sha256,exact_ts_family_accession_sequence_key",NEG_V2_DTT_CRYSTALLIZATION_REDUCING_ADDUCT_EXACT,NOT_MATCHED,"PREDICATE_MISMATCH:automorphism_derived_dtt_sulfur_endpoint,exact_1fvg_reagent_protein_context,exact_1fvg_source_structure_context,exact_dtt_component_graph_sha256,exact_dtt_component_identity,exact_ligand_reactive_element,exact_local_topology,exact_radius1_sha256,exact_radius2_sha256;UNAVAILABLE_OR_MALFORMED:exact_dtt_heavy_identity_and_charge[outcome.ccd_formal_charge_pattern:INVALID]",,HUMAN_REVIEW_REQUIRED,NO_SINGLE_EXACT_RULE_MATCHED_EVERY_EVENT;HUMAN_REVIEW_RETAINED,NONE,false
108,COVAPIE_CYS_SG_EVENT_V1:1ML3:D:CYS:166-:SG:J:CYX:C1,1ML3,CYX,C1,FROZEN_HISTORICAL_PREDECESSOR,HISTORICAL_PREDECESSOR_CANDIDATE,HUMAN_REVIEW_REQUIRED_PRE_CHEMISTRY,"[""PRE_CHEMISTRY_NOT_PRODUCTION_AUTHORITATIVE"",""NO_FAMILY_LEVEL_AUTO_ADMISSION""]",PASSED,true,POST_ONLY_V1_REVIEW_CANDIDATE,PUBLISHED_POST_ONLY_ELIGIBILITY:FEATURE_STAGE_PASSED_AND_HUMAN_REVIEW_REQUIRED_PRE_CHEMISTRY,COVAPIE_BULK_REVIEW_UNIT_F405B411FF44DFF3,COVAPIE_BULK_REVIEW_UNIT_F405B411FF44DFF3,NEG_V1_TS_DUMP_CATALYTIC_ADDUCT_EXACT,NOT_MATCHED,"PREDICATE_MISMATCH:exact_ccd_component_graph_sha256,exact_ligand_reactive_atom,exact_radius1_sha256,exact_radius2_sha256,exact_ts_family_accession_sequence_key",NEG_V2_DTT_CRYSTALLIZATION_REDUCING_ADDUCT_EXACT,NOT_MATCHED,"PREDICATE_MISMATCH:automorphism_derived_dtt_sulfur_endpoint,exact_1fvg_reagent_protein_context,exact_1fvg_source_structure_context,exact_dtt_component_graph_sha256,exact_dtt_component_identity,exact_ligand_reactive_element,exact_local_topology,exact_radius1_sha256,exact_radius2_sha256;UNAVAILABLE_OR_MALFORMED:exact_dtt_heavy_identity_and_charge[outcome.ccd_formal_charge_pattern:INVALID]",,HUMAN_REVIEW_REQUIRED,NO_SINGLE_EXACT_RULE_MATCHED_EVERY_EVENT;HUMAN_REVIEW_RETAINED,NONE,false
109,COVAPIE_CYS_SG_EVENT_V1:1MS6:A:CYS:25-:SG:B:BLN:C',1MS6,BLN,C',FROZEN_HISTORICAL_PREDECESSOR,HISTORICAL_PREDECESSOR_EXCLUDED,LEAKAGE_EXISTING_GROUP_CONFLICT,"[""LEAKAGE_EXISTING_GROUP_CONFLICT""]",PASSED,false,BLOCKED_EXISTING_GROUP_CONFLICT,PUBLISHED_POST_ONLY_INELIGIBILITY:FEATURE_STAGE=PASSED;TERMINAL_OUTCOME=LEAKAGE_EXISTING_GROUP_CONFLICT,,,NEG_V1_TS_DUMP_CATALYTIC_ADDUCT_EXACT,NOT_EVALUATED_OUTSIDE_SUPPORTED_POST_ONLY_CANDIDATE,NOT_EVALUATED_OUTSIDE_SUPPORTED_POST_ONLY_CANDIDATE,NEG_V2_DTT_CRYSTALLIZATION_REDUCING_ADDUCT_EXACT,NOT_EVALUATED_OUTSIDE_SUPPORTED_POST_ONLY_CANDIDATE,NOT_EVALUATED_OUTSIDE_SUPPORTED_POST_ONLY_CANDIDATE,,LEAKAGE_EXISTING_GROUP_CONFLICT,BOUND_STRUCTURAL_EXECUTION_OUTCOME_RETAINED,NONE,false
110,COVAPIE_CYS_SG_EVENT_V1:1NBP:A:CYS:31-:SG:C:MHC:S1,1NBP,MHC,S1,FROZEN_HISTORICAL_PREDECESSOR,HISTORICAL_PREDECESSOR_CANDIDATE,HUMAN_REVIEW_REQUIRED_PRE_CHEMISTRY,"[""PRE_CHEMISTRY_NOT_PRODUCTION_AUTHORITATIVE"",""NO_FAMILY_LEVEL_AUTO_ADMISSION""]",PASSED,true,POST_ONLY_V1_REVIEW_CANDIDATE,PUBLISHED_POST_ONLY_ELIGIBILITY:FEATURE_STAGE_PASSED_AND_HUMAN_REVIEW_REQUIRED_PRE_CHEMISTRY,COVAPIE_BULK_REVIEW_UNIT_6F93A0730570186F,COVAPIE_BULK_REVIEW_UNIT_6F93A0730570186F,NEG_V1_TS_DUMP_CATALYTIC_ADDUCT_EXACT,NOT_MATCHED,"PREDICATE_MISMATCH:exact_ccd_component_graph_sha256,exact_ligand_reactive_atom,exact_ligand_reactive_element,exact_ts_family_accession_sequence_key;UNAVAILABLE_OR_MALFORMED:exact_radius1_sha256[event.reactive_center_radius1_fingerprint:MISSING],exact_radius2_sha256[event.reactive_center_radius2_fingerprint:MISSING]",NEG_V2_DTT_CRYSTALLIZATION_REDUCING_ADDUCT_EXACT,NOT_MATCHED,"PREDICATE_MISMATCH:exact_1fvg_reagent_protein_context,exact_1fvg_source_structure_context,exact_dtt_component_graph_sha256,exact_dtt_component_identity,structured_source_boundary;UNAVAILABLE_OR_MALFORMED:exact_dtt_heavy_identity_and_charge[outcome.ccd_formal_charge_pattern:INVALID],exact_local_topology[event.local_topology:MISSING],exact_radius1_sha256[event.reactive_center_radius1_fingerprint:MISSING],exact_radius2_sha256[event.reactive_center_radius2_fingerprint:MISSING]",,HUMAN_REVIEW_REQUIRED,NO_SINGLE_EXACT_RULE_MATCHED_EVERY_EVENT;HUMAN_REVIEW_RETAINED,NONE,false
111,COVAPIE_CYS_SG_EVENT_V1:1NFZ:A:CYS:67-:SG:E:EIP:C12,1NFZ,EIP,C12,FROZEN_HISTORICAL_PREDECESSOR,HISTORICAL_PREDECESSOR_CANDIDATE,HUMAN_REVIEW_REQUIRED_PRE_CHEMISTRY,"[""PRE_CHEMISTRY_NOT_PRODUCTION_AUTHORITATIVE"",""NO_FAMILY_LEVEL_AUTO_ADMISSION""]",PASSED,true,POST_ONLY_V1_REVIEW_CANDIDATE,PUBLISHED_POST_ONLY_ELIGIBILITY:FEATURE_STAGE_PASSED_AND_HUMAN_REVIEW_REQUIRED_PRE_CHEMISTRY,COVAPIE_BULK_REVIEW_UNIT_07BD3B72031BD7CC,,NEG_V1_TS_DUMP_CATALYTIC_ADDUCT_EXACT,NOT_MATCHED,"PREDICATE_MISMATCH:exact_ccd_component_graph_sha256,exact_ligand_reactive_atom,exact_radius1_sha256,exact_radius2_sha256,exact_ts_family_accession_sequence_key,no_runtime_positive_override",NEG_V2_DTT_CRYSTALLIZATION_REDUCING_ADDUCT_EXACT,NOT_MATCHED,"PREDICATE_MISMATCH:automorphism_derived_dtt_sulfur_endpoint,exact_1fvg_reagent_protein_context,exact_1fvg_source_structure_context,exact_dtt_component_graph_sha256,exact_dtt_component_identity,exact_ligand_reactive_element,exact_local_topology,exact_radius1_sha256,exact_radius2_sha256,no_runtime_positive_override;UNAVAILABLE_OR_MALFORMED:exact_dtt_heavy_identity_and_charge[outcome.ccd_formal_charge_pattern:INVALID]",,HUMAN_RELEVANT_FINAL,CURRENT_HUMAN_RELEVANT_DECISION_HAS_FIRST_PRECEDENCE,PUBLISHED_HISTORICAL_EXACT_EVENT_SCOPE,false
112,COVAPIE_CYS_SG_EVENT_V1:1NFZ:B:CYS:67-:SG:H:EIP:C12,1NFZ,EIP,C12,FROZEN_HISTORICAL_PREDECESSOR,HISTORICAL_PREDECESSOR_CANDIDATE,HUMAN_REVIEW_REQUIRED_PRE_CHEMISTRY,"[""PRE_CHEMISTRY_NOT_PRODUCTION_AUTHORITATIVE"",""NO_FAMILY_LEVEL_AUTO_ADMISSION""]",PASSED,true,POST_ONLY_V1_REVIEW_CANDIDATE,PUBLISHED_POST_ONLY_ELIGIBILITY:FEATURE_STAGE_PASSED_AND_HUMAN_REVIEW_REQUIRED_PRE_CHEMISTRY,COVAPIE_BULK_REVIEW_UNIT_07BD3B72031BD7CC,,NEG_V1_TS_DUMP_CATALYTIC_ADDUCT_EXACT,NOT_MATCHED,"PREDICATE_MISMATCH:exact_ccd_component_graph_sha256,exact_ligand_reactive_atom,exact_radius1_sha256,exact_radius2_sha256,exact_ts_family_accession_sequence_key,no_runtime_positive_override",NEG_V2_DTT_CRYSTALLIZATION_REDUCING_ADDUCT_EXACT,NOT_MATCHED,"PREDICATE_MISMATCH:automorphism_derived_dtt_sulfur_endpoint,exact_1fvg_reagent_protein_context,exact_1fvg_source_structure_context,exact_dtt_component_graph_sha256,exact_dtt_component_identity,exact_ligand_reactive_element,exact_local_topology,exact_radius1_sha256,exact_radius2_sha256,no_runtime_positive_override;UNAVAILABLE_OR_MALFORMED:exact_dtt_heavy_identity_and_charge[outcome.ccd_formal_charge_pattern:INVALID]",,HUMAN_RELEVANT_FINAL,CURRENT_HUMAN_RELEVANT_DECISION_HAS_FIRST_PRECEDENCE,PUBLISHED_HISTORICAL_EXACT_EVENT_SCOPE,false
113,COVAPIE_CYS_SG_EVENT_V1:1NL6:A:CYS:25-:SG:C:750:C31,1NL6,750,C31,FROZEN_HISTORICAL_PREDECESSOR,HISTORICAL_PREDECESSOR_EXCLUDED,LEAKAGE_EXISTING_GROUP_CONFLICT,"[""LEAKAGE_EXISTING_GROUP_CONFLICT""]",PASSED,false,BLOCKED_EXISTING_GROUP_CONFLICT,PUBLISHED_POST_ONLY_INELIGIBILITY:FEATURE_STAGE=PASSED;TERMINAL_OUTCOME=LEAKAGE_EXISTING_GROUP_CONFLICT,,,NEG_V1_TS_DUMP_CATALYTIC_ADDUCT_EXACT,NOT_EVALUATED_OUTSIDE_SUPPORTED_POST_ONLY_CANDIDATE,NOT_EVALUATED_OUTSIDE_SUPPORTED_POST_ONLY_CANDIDATE,NEG_V2_DTT_CRYSTALLIZATION_REDUCING_ADDUCT_EXACT,NOT_EVALUATED_OUTSIDE_SUPPORTED_POST_ONLY_CANDIDATE,NOT_EVALUATED_OUTSIDE_SUPPORTED_POST_ONLY_CANDIDATE,,LEAKAGE_EXISTING_GROUP_CONFLICT,BOUND_STRUCTURAL_EXECUTION_OUTCOME_RETAINED,NONE,false
114,COVAPIE_CYS_SG_EVENT_V1:1NL6:B:CYS:25-:SG:D:750:C31,1NL6,750,C31,FROZEN_HISTORICAL_PREDECESSOR,HISTORICAL_PREDECESSOR_EXCLUDED,LEAKAGE_EXISTING_GROUP_CONFLICT,"[""LEAKAGE_EXISTING_GROUP_CONFLICT""]",PASSED,false,BLOCKED_EXISTING_GROUP_CONFLICT,PUBLISHED_POST_ONLY_INELIGIBILITY:FEATURE_STAGE=PASSED;TERMINAL_OUTCOME=LEAKAGE_EXISTING_GROUP_CONFLICT,,,NEG_V1_TS_DUMP_CATALYTIC_ADDUCT_EXACT,NOT_EVALUATED_OUTSIDE_SUPPORTED_POST_ONLY_CANDIDATE,NOT_EVALUATED_OUTSIDE_SUPPORTED_POST_ONLY_CANDIDATE,NEG_V2_DTT_CRYSTALLIZATION_REDUCING_ADDUCT_EXACT,NOT_EVALUATED_OUTSIDE_SUPPORTED_POST_ONLY_CANDIDATE,NOT_EVALUATED_OUTSIDE_SUPPORTED_POST_ONLY_CANDIDATE,,LEAKAGE_EXISTING_GROUP_CONFLICT,BOUND_STRUCTURAL_EXECUTION_OUTCOME_RETAINED,NONE,false
115,COVAPIE_CYS_SG_EVENT_V1:1NLJ:A:CYS:25-:SG:C:2CA:C07,1NLJ,2CA,C07,FROZEN_HISTORICAL_PREDECESSOR,HISTORICAL_PREDECESSOR_EXCLUDED,LEAKAGE_EXISTING_GROUP_CONFLICT,"[""LEAKAGE_EXISTING_GROUP_CONFLICT""]",PASSED,false,BLOCKED_EXISTING_GROUP_CONFLICT,PUBLISHED_POST_ONLY_INELIGIBILITY:FEATURE_STAGE=PASSED;TERMINAL_OUTCOME=LEAKAGE_EXISTING_GROUP_CONFLICT,,,NEG_V1_TS_DUMP_CATALYTIC_ADDUCT_EXACT,NOT_EVALUATED_OUTSIDE_SUPPORTED_POST_ONLY_CANDIDATE,NOT_EVALUATED_OUTSIDE_SUPPORTED_POST_ONLY_CANDIDATE,NEG_V2_DTT_CRYSTALLIZATION_REDUCING_ADDUCT_EXACT,NOT_EVALUATED_OUTSIDE_SUPPORTED_POST_ONLY_CANDIDATE,NOT_EVALUATED_OUTSIDE_SUPPORTED_POST_ONLY_CANDIDATE,,LEAKAGE_EXISTING_GROUP_CONFLICT,BOUND_STRUCTURAL_EXECUTION_OUTCOME_RETAINED,NONE,false
116,COVAPIE_CYS_SG_EVENT_V1:1NLJ:B:CYS:25-:SG:D:2CA:C07,1NLJ,2CA,C07,FROZEN_HISTORICAL_PREDECESSOR,HISTORICAL_PREDECESSOR_EXCLUDED,LEAKAGE_EXISTING_GROUP_CONFLICT,"[""LEAKAGE_EXISTING_GROUP_CONFLICT""]",PASSED,false,BLOCKED_EXISTING_GROUP_CONFLICT,PUBLISHED_POST_ONLY_INELIGIBILITY:FEATURE_STAGE=PASSED;TERMINAL_OUTCOME=LEAKAGE_EXISTING_GROUP_CONFLICT,,,NEG_V1_TS_DUMP_CATALYTIC_ADDUCT_EXACT,NOT_EVALUATED_OUTSIDE_SUPPORTED_POST_ONLY_CANDIDATE,NOT_EVALUATED_OUTSIDE_SUPPORTED_POST_ONLY_CANDIDATE,NEG_V2_DTT_CRYSTALLIZATION_REDUCING_ADDUCT_EXACT,NOT_EVALUATED_OUTSIDE_SUPPORTED_POST_ONLY_CANDIDATE,NOT_EVALUATED_OUTSIDE_SUPPORTED_POST_ONLY_CANDIDATE,,LEAKAGE_EXISTING_GROUP_CONFLICT,BOUND_STRUCTURAL_EXECUTION_OUTCOME_RETAINED,NONE,false
117,COVAPIE_CYS_SG_EVENT_V1:1NME:A:CYS:163-:SG:C:158:C1,1NME,158,C1,FROZEN_HISTORICAL_PREDECESSOR,HISTORICAL_PREDECESSOR_EXCLUDED,STRUCTURAL_EVIDENCE_INCOMPLETE,"[""MMCIF_EXACT_CYS_SG_STRUCT_CONN_NOT_RECOVERED""]",NOT_REACHED,false,OUTSIDE_STRUCTURAL_ELIGIBILITY,PUBLISHED_POST_ONLY_INELIGIBILITY:FEATURE_STAGE=NOT_REACHED;TERMINAL_OUTCOME=STRUCTURAL_EVIDENCE_INCOMPLETE,,,NEG_V1_TS_DUMP_CATALYTIC_ADDUCT_EXACT,NOT_EVALUATED_OUTSIDE_SUPPORTED_POST_ONLY_CANDIDATE,NOT_EVALUATED_OUTSIDE_SUPPORTED_POST_ONLY_CANDIDATE,NEG_V2_DTT_CRYSTALLIZATION_REDUCING_ADDUCT_EXACT,NOT_EVALUATED_OUTSIDE_SUPPORTED_POST_ONLY_CANDIDATE,NOT_EVALUATED_OUTSIDE_SUPPORTED_POST_ONLY_CANDIDATE,,STRUCTURAL_EVIDENCE_INCOMPLETE,BOUND_STRUCTURAL_EXECUTION_OUTCOME_RETAINED,NONE,false
118,COVAPIE_CYS_SG_EVENT_V1:1NMQ:A:CYS:163-:SG:C:160:C1,1NMQ,160,C1,FROZEN_HISTORICAL_PREDECESSOR,HISTORICAL_PREDECESSOR_EXCLUDED,LEAKAGE_EXISTING_GROUP_CONFLICT,"[""LEAKAGE_EXISTING_GROUP_CONFLICT""]",PASSED,false,BLOCKED_EXISTING_GROUP_CONFLICT,PUBLISHED_POST_ONLY_INELIGIBILITY:FEATURE_STAGE=PASSED;TERMINAL_OUTCOME=LEAKAGE_EXISTING_GROUP_CONFLICT,,,NEG_V1_TS_DUMP_CATALYTIC_ADDUCT_EXACT,NOT_EVALUATED_OUTSIDE_SUPPORTED_POST_ONLY_CANDIDATE,NOT_EVALUATED_OUTSIDE_SUPPORTED_POST_ONLY_CANDIDATE,NEG_V2_DTT_CRYSTALLIZATION_REDUCING_ADDUCT_EXACT,NOT_EVALUATED_OUTSIDE_SUPPORTED_POST_ONLY_CANDIDATE,NOT_EVALUATED_OUTSIDE_SUPPORTED_POST_ONLY_CANDIDATE,,LEAKAGE_EXISTING_GROUP_CONFLICT,BOUND_STRUCTURAL_EXECUTION_OUTCOME_RETAINED,NONE,false
119,COVAPIE_CYS_SG_EVENT_V1:1NMQ:B:CYS:163-:SG:D:160:C1,1NMQ,160,C1,FROZEN_HISTORICAL_PREDECESSOR,HISTORICAL_PREDECESSOR_EXCLUDED,LEAKAGE_EXISTING_GROUP_CONFLICT,"[""LEAKAGE_EXISTING_GROUP_CONFLICT""]",PASSED,false,BLOCKED_EXISTING_GROUP_CONFLICT,PUBLISHED_POST_ONLY_INELIGIBILITY:FEATURE_STAGE=PASSED;TERMINAL_OUTCOME=LEAKAGE_EXISTING_GROUP_CONFLICT,,,NEG_V1_TS_DUMP_CATALYTIC_ADDUCT_EXACT,NOT_EVALUATED_OUTSIDE_SUPPORTED_POST_ONLY_CANDIDATE,NOT_EVALUATED_OUTSIDE_SUPPORTED_POST_ONLY_CANDIDATE,NEG_V2_DTT_CRYSTALLIZATION_REDUCING_ADDUCT_EXACT,NOT_EVALUATED_OUTSIDE_SUPPORTED_POST_ONLY_CANDIDATE,NOT_EVALUATED_OUTSIDE_SUPPORTED_POST_ONLY_CANDIDATE,,LEAKAGE_EXISTING_GROUP_CONFLICT,BOUND_STRUCTURAL_EXECUTION_OUTCOME_RETAINED,NONE,false
120,COVAPIE_CYS_SG_EVENT_V1:1NMS:A:CYS:163-:SG:C:161:C1,1NMS,161,C1,FROZEN_HISTORICAL_PREDECESSOR,HISTORICAL_PREDECESSOR_EXCLUDED,LEAKAGE_EXISTING_GROUP_CONFLICT,"[""LEAKAGE_EXISTING_GROUP_CONFLICT""]",PASSED,false,BLOCKED_EXISTING_GROUP_CONFLICT,PUBLISHED_POST_ONLY_INELIGIBILITY:FEATURE_STAGE=PASSED;TERMINAL_OUTCOME=LEAKAGE_EXISTING_GROUP_CONFLICT,,,NEG_V1_TS_DUMP_CATALYTIC_ADDUCT_EXACT,NOT_EVALUATED_OUTSIDE_SUPPORTED_POST_ONLY_CANDIDATE,NOT_EVALUATED_OUTSIDE_SUPPORTED_POST_ONLY_CANDIDATE,NEG_V2_DTT_CRYSTALLIZATION_REDUCING_ADDUCT_EXACT,NOT_EVALUATED_OUTSIDE_SUPPORTED_POST_ONLY_CANDIDATE,NOT_EVALUATED_OUTSIDE_SUPPORTED_POST_ONLY_CANDIDATE,,LEAKAGE_EXISTING_GROUP_CONFLICT,BOUND_STRUCTURAL_EXECUTION_OUTCOME_RETAINED,NONE,false
121,COVAPIE_CYS_SG_EVENT_V1:1NMS:B:CYS:163-:SG:D:161:C1,1NMS,161,C1,FROZEN_HISTORICAL_PREDECESSOR,HISTORICAL_PREDECESSOR_EXCLUDED,LEAKAGE_EXISTING_GROUP_CONFLICT,"[""LEAKAGE_EXISTING_GROUP_CONFLICT""]",PASSED,false,BLOCKED_EXISTING_GROUP_CONFLICT,PUBLISHED_POST_ONLY_INELIGIBILITY:FEATURE_STAGE=PASSED;TERMINAL_OUTCOME=LEAKAGE_EXISTING_GROUP_CONFLICT,,,NEG_V1_TS_DUMP_CATALYTIC_ADDUCT_EXACT,NOT_EVALUATED_OUTSIDE_SUPPORTED_POST_ONLY_CANDIDATE,NOT_EVALUATED_OUTSIDE_SUPPORTED_POST_ONLY_CANDIDATE,NEG_V2_DTT_CRYSTALLIZATION_REDUCING_ADDUCT_EXACT,NOT_EVALUATED_OUTSIDE_SUPPORTED_POST_ONLY_CANDIDATE,NOT_EVALUATED_OUTSIDE_SUPPORTED_POST_ONLY_CANDIDATE,,LEAKAGE_EXISTING_GROUP_CONFLICT,BOUND_STRUCTURAL_EXECUTION_OUTCOME_RETAINED,NONE,false
122,COVAPIE_CYS_SG_EVENT_V1:1NPZ:A:CYS:25-:SG:C:C1P:C18,1NPZ,C1P,C18,FROZEN_HISTORICAL_PREDECESSOR,HISTORICAL_PREDECESSOR_EXCLUDED,LEAKAGE_EXISTING_GROUP_CONFLICT,"[""LEAKAGE_EXISTING_GROUP_CONFLICT""]",PASSED,false,BLOCKED_EXISTING_GROUP_CONFLICT,PUBLISHED_POST_ONLY_INELIGIBILITY:FEATURE_STAGE=PASSED;TERMINAL_OUTCOME=LEAKAGE_EXISTING_GROUP_CONFLICT,,,NEG_V1_TS_DUMP_CATALYTIC_ADDUCT_EXACT,NOT_EVALUATED_OUTSIDE_SUPPORTED_POST_ONLY_CANDIDATE,NOT_EVALUATED_OUTSIDE_SUPPORTED_POST_ONLY_CANDIDATE,NEG_V2_DTT_CRYSTALLIZATION_REDUCING_ADDUCT_EXACT,NOT_EVALUATED_OUTSIDE_SUPPORTED_POST_ONLY_CANDIDATE,NOT_EVALUATED_OUTSIDE_SUPPORTED_POST_ONLY_CANDIDATE,,LEAKAGE_EXISTING_GROUP_CONFLICT,BOUND_STRUCTURAL_EXECUTION_OUTCOME_RETAINED,NONE,false
123,COVAPIE_CYS_SG_EVENT_V1:1NPZ:B:CYS:275-:SG:D:C1P:C18,1NPZ,C1P,C18,FROZEN_HISTORICAL_PREDECESSOR,HISTORICAL_PREDECESSOR_EXCLUDED,LEAKAGE_EXISTING_GROUP_CONFLICT,"[""LEAKAGE_EXISTING_GROUP_CONFLICT""]",PASSED,false,BLOCKED_EXISTING_GROUP_CONFLICT,PUBLISHED_POST_ONLY_INELIGIBILITY:FEATURE_STAGE=PASSED;TERMINAL_OUTCOME=LEAKAGE_EXISTING_GROUP_CONFLICT,,,NEG_V1_TS_DUMP_CATALYTIC_ADDUCT_EXACT,NOT_EVALUATED_OUTSIDE_SUPPORTED_POST_ONLY_CANDIDATE,NOT_EVALUATED_OUTSIDE_SUPPORTED_POST_ONLY_CANDIDATE,NEG_V2_DTT_CRYSTALLIZATION_REDUCING_ADDUCT_EXACT,NOT_EVALUATED_OUTSIDE_SUPPORTED_POST_ONLY_CANDIDATE,NOT_EVALUATED_OUTSIDE_SUPPORTED_POST_ONLY_CANDIDATE,,LEAKAGE_EXISTING_GROUP_CONFLICT,BOUND_STRUCTURAL_EXECUTION_OUTCOME_RETAINED,NONE,false
124,COVAPIE_CYS_SG_EVENT_V1:1NQC:A:CYS:25-:SG:B:C4P:C56,1NQC,C4P,C56,FROZEN_HISTORICAL_PREDECESSOR,HISTORICAL_PREDECESSOR_EXCLUDED,LEAKAGE_EXISTING_GROUP_CONFLICT,"[""LEAKAGE_EXISTING_GROUP_CONFLICT""]",PASSED,false,BLOCKED_EXISTING_GROUP_CONFLICT,PUBLISHED_POST_ONLY_INELIGIBILITY:FEATURE_STAGE=PASSED;TERMINAL_OUTCOME=LEAKAGE_EXISTING_GROUP_CONFLICT,,,NEG_V1_TS_DUMP_CATALYTIC_ADDUCT_EXACT,NOT_EVALUATED_OUTSIDE_SUPPORTED_POST_ONLY_CANDIDATE,NOT_EVALUATED_OUTSIDE_SUPPORTED_POST_ONLY_CANDIDATE,NEG_V2_DTT_CRYSTALLIZATION_REDUCING_ADDUCT_EXACT,NOT_EVALUATED_OUTSIDE_SUPPORTED_POST_ONLY_CANDIDATE,NOT_EVALUATED_OUTSIDE_SUPPORTED_POST_ONLY_CANDIDATE,,LEAKAGE_EXISTING_GROUP_CONFLICT,BOUND_STRUCTURAL_EXECUTION_OUTCOME_RETAINED,NONE,false
125,COVAPIE_CYS_SG_EVENT_V1:1NWE:A:CYS:47-:SG:B:FG1:C2,1NWE,FG1,C2,FROZEN_HISTORICAL_PREDECESSOR,HISTORICAL_PREDECESSOR_EXCLUDED,STRUCTURAL_EVIDENCE_INCOMPLETE,"[""MMCIF_EXACT_CYS_SG_STRUCT_CONN_NOT_RECOVERED""]",NOT_REACHED,false,OUTSIDE_STRUCTURAL_ELIGIBILITY,PUBLISHED_POST_ONLY_INELIGIBILITY:FEATURE_STAGE=NOT_REACHED;TERMINAL_OUTCOME=STRUCTURAL_EVIDENCE_INCOMPLETE,,,NEG_V1_TS_DUMP_CATALYTIC_ADDUCT_EXACT,NOT_EVALUATED_OUTSIDE_SUPPORTED_POST_ONLY_CANDIDATE,NOT_EVALUATED_OUTSIDE_SUPPORTED_POST_ONLY_CANDIDATE,NEG_V2_DTT_CRYSTALLIZATION_REDUCING_ADDUCT_EXACT,NOT_EVALUATED_OUTSIDE_SUPPORTED_POST_ONLY_CANDIDATE,NOT_EVALUATED_OUTSIDE_SUPPORTED_POST_ONLY_CANDIDATE,,STRUCTURAL_EVIDENCE_INCOMPLETE,BOUND_STRUCTURAL_EXECUTION_OUTCOME_RETAINED,NONE,false
126,COVAPIE_CYS_SG_EVENT_V1:1O41:A:CYS:44-:SG:B:300:C10,1O41,300,C10,FROZEN_HISTORICAL_PREDECESSOR,HISTORICAL_PREDECESSOR_EXCLUDED,STRUCTURAL_EVIDENCE_INCOMPLETE,"[""MMCIF_EXACT_CYS_SG_STRUCT_CONN_NOT_RECOVERED""]",NOT_REACHED,false,OUTSIDE_STRUCTURAL_ELIGIBILITY,PUBLISHED_POST_ONLY_INELIGIBILITY:FEATURE_STAGE=NOT_REACHED;TERMINAL_OUTCOME=STRUCTURAL_EVIDENCE_INCOMPLETE,,,NEG_V1_TS_DUMP_CATALYTIC_ADDUCT_EXACT,NOT_EVALUATED_OUTSIDE_SUPPORTED_POST_ONLY_CANDIDATE,NOT_EVALUATED_OUTSIDE_SUPPORTED_POST_ONLY_CANDIDATE,NEG_V2_DTT_CRYSTALLIZATION_REDUCING_ADDUCT_EXACT,NOT_EVALUATED_OUTSIDE_SUPPORTED_POST_ONLY_CANDIDATE,NOT_EVALUATED_OUTSIDE_SUPPORTED_POST_ONLY_CANDIDATE,,STRUCTURAL_EVIDENCE_INCOMPLETE,BOUND_STRUCTURAL_EXECUTION_OUTCOME_RETAINED,NONE,false
127,COVAPIE_CYS_SG_EVENT_V1:1O43:A:CYS:44-:SG:B:821:C71,1O43,821,C71,FROZEN_HISTORICAL_PREDECESSOR,HISTORICAL_PREDECESSOR_EXCLUDED,STRUCTURAL_EVIDENCE_INCOMPLETE,"[""MMCIF_EXACT_CYS_SG_STRUCT_CONN_NOT_RECOVERED""]",NOT_REACHED,false,OUTSIDE_STRUCTURAL_ELIGIBILITY,PUBLISHED_POST_ONLY_INELIGIBILITY:FEATURE_STAGE=NOT_REACHED;TERMINAL_OUTCOME=STRUCTURAL_EVIDENCE_INCOMPLETE,,,NEG_V1_TS_DUMP_CATALYTIC_ADDUCT_EXACT,NOT_EVALUATED_OUTSIDE_SUPPORTED_POST_ONLY_CANDIDATE,NOT_EVALUATED_OUTSIDE_SUPPORTED_POST_ONLY_CANDIDATE,NEG_V2_DTT_CRYSTALLIZATION_REDUCING_ADDUCT_EXACT,NOT_EVALUATED_OUTSIDE_SUPPORTED_POST_ONLY_CANDIDATE,NOT_EVALUATED_OUTSIDE_SUPPORTED_POST_ONLY_CANDIDATE,,STRUCTURAL_EVIDENCE_INCOMPLETE,BOUND_STRUCTURAL_EXECUTION_OUTCOME_RETAINED,NONE,false
128,COVAPIE_CYS_SG_EVENT_V1:1O45:A:CYS:44-:SG:B:687:C75,1O45,687,C75,FROZEN_HISTORICAL_PREDECESSOR,HISTORICAL_PREDECESSOR_EXCLUDED,STRUCTURAL_EVIDENCE_INCOMPLETE,"[""MMCIF_EXACT_CYS_SG_STRUCT_CONN_NOT_RECOVERED""]",NOT_REACHED,false,OUTSIDE_STRUCTURAL_ELIGIBILITY,PUBLISHED_POST_ONLY_INELIGIBILITY:FEATURE_STAGE=NOT_REACHED;TERMINAL_OUTCOME=STRUCTURAL_EVIDENCE_INCOMPLETE,,,NEG_V1_TS_DUMP_CATALYTIC_ADDUCT_EXACT,NOT_EVALUATED_OUTSIDE_SUPPORTED_POST_ONLY_CANDIDATE,NOT_EVALUATED_OUTSIDE_SUPPORTED_POST_ONLY_CANDIDATE,NEG_V2_DTT_CRYSTALLIZATION_REDUCING_ADDUCT_EXACT,NOT_EVALUATED_OUTSIDE_SUPPORTED_POST_ONLY_CANDIDATE,NOT_EVALUATED_OUTSIDE_SUPPORTED_POST_ONLY_CANDIDATE,,STRUCTURAL_EVIDENCE_INCOMPLETE,BOUND_STRUCTURAL_EXECUTION_OUTCOME_RETAINED,NONE,false
129,COVAPIE_CYS_SG_EVENT_V1:1O4A:A:CYS:44-:SG:B:197:C71,1O4A,197,C71,FROZEN_HISTORICAL_PREDECESSOR,HISTORICAL_PREDECESSOR_EXCLUDED,STRUCTURAL_EVIDENCE_INCOMPLETE,"[""MMCIF_EXACT_CYS_SG_STRUCT_CONN_NOT_RECOVERED""]",NOT_REACHED,false,OUTSIDE_STRUCTURAL_ELIGIBILITY,PUBLISHED_POST_ONLY_INELIGIBILITY:FEATURE_STAGE=NOT_REACHED;TERMINAL_OUTCOME=STRUCTURAL_EVIDENCE_INCOMPLETE,,,NEG_V1_TS_DUMP_CATALYTIC_ADDUCT_EXACT,NOT_EVALUATED_OUTSIDE_SUPPORTED_POST_ONLY_CANDIDATE,NOT_EVALUATED_OUTSIDE_SUPPORTED_POST_ONLY_CANDIDATE,NEG_V2_DTT_CRYSTALLIZATION_REDUCING_ADDUCT_EXACT,NOT_EVALUATED_OUTSIDE_SUPPORTED_POST_ONLY_CANDIDATE,NOT_EVALUATED_OUTSIDE_SUPPORTED_POST_ONLY_CANDIDATE,,STRUCTURAL_EVIDENCE_INCOMPLETE,BOUND_STRUCTURAL_EXECUTION_OUTCOME_RETAINED,NONE,false
130,COVAPIE_CYS_SG_EVENT_V1:1O4D:A:CYS:44-:SG:B:262:C7,1O4D,262,C7,FROZEN_HISTORICAL_PREDECESSOR,HISTORICAL_PREDECESSOR_EXCLUDED,STRUCTURAL_EVIDENCE_INCOMPLETE,"[""MMCIF_EXACT_CYS_SG_STRUCT_CONN_NOT_RECOVERED""]",NOT_REACHED,false,OUTSIDE_STRUCTURAL_ELIGIBILITY,PUBLISHED_POST_ONLY_INELIGIBILITY:FEATURE_STAGE=NOT_REACHED;TERMINAL_OUTCOME=STRUCTURAL_EVIDENCE_INCOMPLETE,,,NEG_V1_TS_DUMP_CATALYTIC_ADDUCT_EXACT,NOT_EVALUATED_OUTSIDE_SUPPORTED_POST_ONLY_CANDIDATE,NOT_EVALUATED_OUTSIDE_SUPPORTED_POST_ONLY_CANDIDATE,NEG_V2_DTT_CRYSTALLIZATION_REDUCING_ADDUCT_EXACT,NOT_EVALUATED_OUTSIDE_SUPPORTED_POST_ONLY_CANDIDATE,NOT_EVALUATED_OUTSIDE_SUPPORTED_POST_ONLY_CANDIDATE,,STRUCTURAL_EVIDENCE_INCOMPLETE,BOUND_STRUCTURAL_EXECUTION_OUTCOME_RETAINED,NONE,false
131,COVAPIE_CYS_SG_EVENT_V1:1O4E:A:CYS:44-:SG:B:299:C11,1O4E,299,C11,FROZEN_HISTORICAL_PREDECESSOR,HISTORICAL_PREDECESSOR_EXCLUDED,STRUCTURAL_EVIDENCE_INCOMPLETE,"[""MMCIF_EXACT_CYS_SG_STRUCT_CONN_NOT_RECOVERED""]",NOT_REACHED,false,OUTSIDE_STRUCTURAL_ELIGIBILITY,PUBLISHED_POST_ONLY_INELIGIBILITY:FEATURE_STAGE=NOT_REACHED;TERMINAL_OUTCOME=STRUCTURAL_EVIDENCE_INCOMPLETE,,,NEG_V1_TS_DUMP_CATALYTIC_ADDUCT_EXACT,NOT_EVALUATED_OUTSIDE_SUPPORTED_POST_ONLY_CANDIDATE,NOT_EVALUATED_OUTSIDE_SUPPORTED_POST_ONLY_CANDIDATE,NEG_V2_DTT_CRYSTALLIZATION_REDUCING_ADDUCT_EXACT,NOT_EVALUATED_OUTSIDE_SUPPORTED_POST_ONLY_CANDIDATE,NOT_EVALUATED_OUTSIDE_SUPPORTED_POST_ONLY_CANDIDATE,,STRUCTURAL_EVIDENCE_INCOMPLETE,BOUND_STRUCTURAL_EXECUTION_OUTCOME_RETAINED,NONE,false
132,COVAPIE_CYS_SG_EVENT_V1:1O4I:A:CYS:44-:SG:B:219:C7,1O4I,219,C7,FROZEN_HISTORICAL_PREDECESSOR,HISTORICAL_PREDECESSOR_EXCLUDED,STRUCTURAL_EVIDENCE_INCOMPLETE,"[""MMCIF_EXACT_CYS_SG_STRUCT_CONN_NOT_RECOVERED""]",NOT_REACHED,false,OUTSIDE_STRUCTURAL_ELIGIBILITY,PUBLISHED_POST_ONLY_INELIGIBILITY:FEATURE_STAGE=NOT_REACHED;TERMINAL_OUTCOME=STRUCTURAL_EVIDENCE_INCOMPLETE,,,NEG_V1_TS_DUMP_CATALYTIC_ADDUCT_EXACT,NOT_EVALUATED_OUTSIDE_SUPPORTED_POST_ONLY_CANDIDATE,NOT_EVALUATED_OUTSIDE_SUPPORTED_POST_ONLY_CANDIDATE,NEG_V2_DTT_CRYSTALLIZATION_REDUCING_ADDUCT_EXACT,NOT_EVALUATED_OUTSIDE_SUPPORTED_POST_ONLY_CANDIDATE,NOT_EVALUATED_OUTSIDE_SUPPORTED_POST_ONLY_CANDIDATE,,STRUCTURAL_EVIDENCE_INCOMPLETE,BOUND_STRUCTURAL_EXECUTION_OUTCOME_RETAINED,NONE,false
133,COVAPIE_CYS_SG_EVENT_V1:1O4K:A:CYS:44-:SG:B:PSN:C7,1O4K,PSN,C7,FROZEN_HISTORICAL_PREDECESSOR,HISTORICAL_PREDECESSOR_EXCLUDED,STRUCTURAL_EVIDENCE_INCOMPLETE,"[""MMCIF_EXACT_CYS_SG_STRUCT_CONN_NOT_RECOVERED""]",NOT_REACHED,false,OUTSIDE_STRUCTURAL_ELIGIBILITY,PUBLISHED_POST_ONLY_INELIGIBILITY:FEATURE_STAGE=NOT_REACHED;TERMINAL_OUTCOME=STRUCTURAL_EVIDENCE_INCOMPLETE,,,NEG_V1_TS_DUMP_CATALYTIC_ADDUCT_EXACT,NOT_EVALUATED_OUTSIDE_SUPPORTED_POST_ONLY_CANDIDATE,NOT_EVALUATED_OUTSIDE_SUPPORTED_POST_ONLY_CANDIDATE,NEG_V2_DTT_CRYSTALLIZATION_REDUCING_ADDUCT_EXACT,NOT_EVALUATED_OUTSIDE_SUPPORTED_POST_ONLY_CANDIDATE,NOT_EVALUATED_OUTSIDE_SUPPORTED_POST_ONLY_CANDIDATE,,STRUCTURAL_EVIDENCE_INCOMPLETE,BOUND_STRUCTURAL_EXECUTION_OUTCOME_RETAINED,NONE,false
134,COVAPIE_CYS_SG_EVENT_V1:1OFE:A:CYS:1-:SG:F:ONL:CE,1OFE,ONL,CE,FROZEN_HISTORICAL_PREDECESSOR,HISTORICAL_PREDECESSOR_CANDIDATE,HUMAN_REVIEW_REQUIRED_PRE_CHEMISTRY,"[""PRE_CHEMISTRY_NOT_PRODUCTION_AUTHORITATIVE"",""NO_FAMILY_LEVEL_AUTO_ADMISSION""]",PASSED,true,POST_ONLY_V1_REVIEW_CANDIDATE,PUBLISHED_POST_ONLY_ELIGIBILITY:FEATURE_STAGE_PASSED_AND_HUMAN_REVIEW_REQUIRED_PRE_CHEMISTRY,COVAPIE_BULK_REVIEW_UNIT_FC5A3060FADCBA74,COVAPIE_BULK_REVIEW_UNIT_FC5A3060FADCBA74,NEG_V1_TS_DUMP_CATALYTIC_ADDUCT_EXACT,NOT_MATCHED,"PREDICATE_MISMATCH:exact_ccd_component_graph_sha256,exact_ligand_reactive_atom,exact_radius1_sha256,exact_radius2_sha256,exact_ts_family_accession_sequence_key",NEG_V2_DTT_CRYSTALLIZATION_REDUCING_ADDUCT_EXACT,NOT_MATCHED,"PREDICATE_MISMATCH:automorphism_derived_dtt_sulfur_endpoint,exact_1fvg_reagent_protein_context,exact_1fvg_source_structure_context,exact_dtt_component_graph_sha256,exact_dtt_component_identity,exact_ligand_reactive_element,exact_local_topology,exact_radius1_sha256,exact_radius2_sha256;UNAVAILABLE_OR_MALFORMED:exact_dtt_heavy_identity_and_charge[outcome.ccd_formal_charge_pattern:INVALID]",,HUMAN_REVIEW_REQUIRED,NO_SINGLE_EXACT_RULE_MATCHED_EVERY_EVENT;HUMAN_REVIEW_RETAINED,NONE,false
135,COVAPIE_CYS_SG_EVENT_V1:1PE6:A:CYS:25-:SG:B:E6C:C2,1PE6,E6C,C2,FROZEN_HISTORICAL_PREDECESSOR,HISTORICAL_PREDECESSOR_EXCLUDED,LEAKAGE_EXISTING_GROUP_CONFLICT,"[""LEAKAGE_EXISTING_GROUP_CONFLICT""]",PASSED,false,BLOCKED_EXISTING_GROUP_CONFLICT,PUBLISHED_POST_ONLY_INELIGIBILITY:FEATURE_STAGE=PASSED;TERMINAL_OUTCOME=LEAKAGE_EXISTING_GROUP_CONFLICT,,,NEG_V1_TS_DUMP_CATALYTIC_ADDUCT_EXACT,NOT_EVALUATED_OUTSIDE_SUPPORTED_POST_ONLY_CANDIDATE,NOT_EVALUATED_OUTSIDE_SUPPORTED_POST_ONLY_CANDIDATE,NEG_V2_DTT_CRYSTALLIZATION_REDUCING_ADDUCT_EXACT,NOT_EVALUATED_OUTSIDE_SUPPORTED_POST_ONLY_CANDIDATE,NOT_EVALUATED_OUTSIDE_SUPPORTED_POST_ONLY_CANDIDATE,,LEAKAGE_EXISTING_GROUP_CONFLICT,BOUND_STRUCTURAL_EXECUTION_OUTCOME_RETAINED,NONE,false
136,COVAPIE_CYS_SG_EVENT_V1:1PPP:A:CYS:25-:SG:B:E6C:C2,1PPP,E6C,C2,FROZEN_HISTORICAL_PREDECESSOR,HISTORICAL_PREDECESSOR_EXCLUDED,LEAKAGE_EXISTING_GROUP_CONFLICT,"[""LEAKAGE_EXISTING_GROUP_CONFLICT""]",PASSED,false,BLOCKED_EXISTING_GROUP_CONFLICT,PUBLISHED_POST_ONLY_INELIGIBILITY:FEATURE_STAGE=PASSED;TERMINAL_OUTCOME=LEAKAGE_EXISTING_GROUP_CONFLICT,,,NEG_V1_TS_DUMP_CATALYTIC_ADDUCT_EXACT,NOT_EVALUATED_OUTSIDE_SUPPORTED_POST_ONLY_CANDIDATE,NOT_EVALUATED_OUTSIDE_SUPPORTED_POST_ONLY_CANDIDATE,NEG_V2_DTT_CRYSTALLIZATION_REDUCING_ADDUCT_EXACT,NOT_EVALUATED_OUTSIDE_SUPPORTED_POST_ONLY_CANDIDATE,NOT_EVALUATED_OUTSIDE_SUPPORTED_POST_ONLY_CANDIDATE,,LEAKAGE_EXISTING_GROUP_CONFLICT,BOUND_STRUCTURAL_EXECUTION_OUTCOME_RETAINED,NONE,false
137,COVAPIE_CYS_SG_EVENT_V1:1PPV:B:CYS:67-:SG:H:BHI:C10,1PPV,BHI,C10,FROZEN_HISTORICAL_PREDECESSOR,HISTORICAL_PREDECESSOR_EXCLUDED,QUARANTINE_REPRESENTATION_GAP,"[""PRE_ONLY_ATOMS_CANNOT_BE_DROPPED_OR_GIVEN_COORDINATES""]",PASSED,false,BLOCKED_REPRESENTATION_GAP,PUBLISHED_POST_ONLY_INELIGIBILITY:FEATURE_STAGE=PASSED;TERMINAL_OUTCOME=QUARANTINE_REPRESENTATION_GAP,,,NEG_V1_TS_DUMP_CATALYTIC_ADDUCT_EXACT,NOT_EVALUATED_OUTSIDE_SUPPORTED_POST_ONLY_CANDIDATE,NOT_EVALUATED_OUTSIDE_SUPPORTED_POST_ONLY_CANDIDATE,NEG_V2_DTT_CRYSTALLIZATION_REDUCING_ADDUCT_EXACT,NOT_EVALUATED_OUTSIDE_SUPPORTED_POST_ONLY_CANDIDATE,NOT_EVALUATED_OUTSIDE_SUPPORTED_POST_ONLY_CANDIDATE,,QUARANTINE_REPRESENTATION_GAP,BOUND_STRUCTURAL_EXECUTION_OUTCOME_RETAINED,NONE,false
138,COVAPIE_CYS_SG_EVENT_V1:1PY0:A:CYS:51-:SG:E:YMA:S1,1PY0,YMA,S1,FROZEN_HISTORICAL_PREDECESSOR,HISTORICAL_PREDECESSOR_CANDIDATE,HUMAN_REVIEW_REQUIRED_PRE_CHEMISTRY,"[""PRE_CHEMISTRY_NOT_PRODUCTION_AUTHORITATIVE"",""NO_FAMILY_LEVEL_AUTO_ADMISSION""]",PASSED,true,POST_ONLY_V1_REVIEW_CANDIDATE,PUBLISHED_POST_ONLY_ELIGIBILITY:FEATURE_STAGE_PASSED_AND_HUMAN_REVIEW_REQUIRED_PRE_CHEMISTRY,COVAPIE_BULK_REVIEW_UNIT_5FFACB7F4984AD92,,NEG_V1_TS_DUMP_CATALYTIC_ADDUCT_EXACT,NOT_MATCHED,"PREDICATE_MISMATCH:exact_ccd_component_graph_sha256,exact_ligand_reactive_atom,exact_ligand_reactive_element,exact_radius1_sha256,exact_radius2_sha256,exact_ts_family_accession_sequence_key",NEG_V2_DTT_CRYSTALLIZATION_REDUCING_ADDUCT_EXACT,NOT_MATCHED,"PREDICATE_MISMATCH:exact_1fvg_reagent_protein_context,exact_1fvg_source_structure_context,exact_dtt_component_graph_sha256,exact_dtt_component_identity;UNAVAILABLE_OR_MALFORMED:exact_dtt_heavy_identity_and_charge[outcome.ccd_formal_charge_pattern:INVALID]",,HUMAN_NOT_RELEVANT_FINAL,CURRENT_HUMAN_NOT_RELEVANT_DECISION_HAS_SECOND_PRECEDENCE,PUBLISHED_HISTORICAL_EXACT_EVENT_SCOPE,false
139,COVAPIE_CYS_SG_EVENT_V1:1PY0:A:CYS:54-:SG:E:YMA:S2,1PY0,YMA,S2,FROZEN_HISTORICAL_PREDECESSOR,HISTORICAL_PREDECESSOR_CANDIDATE,HUMAN_REVIEW_REQUIRED_PRE_CHEMISTRY,"[""PRE_CHEMISTRY_NOT_PRODUCTION_AUTHORITATIVE"",""NO_FAMILY_LEVEL_AUTO_ADMISSION""]",PASSED,true,POST_ONLY_V1_REVIEW_CANDIDATE,PUBLISHED_POST_ONLY_ELIGIBILITY:FEATURE_STAGE_PASSED_AND_HUMAN_REVIEW_REQUIRED_PRE_CHEMISTRY,COVAPIE_BULK_REVIEW_UNIT_FDB85D5F243B76AA,COVAPIE_BULK_REVIEW_UNIT_FDB85D5F243B76AA,NEG_V1_TS_DUMP_CATALYTIC_ADDUCT_EXACT,NOT_MATCHED,"PREDICATE_MISMATCH:exact_ccd_component_graph_sha256,exact_ligand_reactive_atom,exact_ligand_reactive_element,exact_radius1_sha256,exact_radius2_sha256,exact_ts_family_accession_sequence_key",NEG_V2_DTT_CRYSTALLIZATION_REDUCING_ADDUCT_EXACT,NOT_MATCHED,"PREDICATE_MISMATCH:automorphism_derived_dtt_sulfur_endpoint,exact_1fvg_reagent_protein_context,exact_1fvg_source_structure_context,exact_dtt_component_graph_sha256,exact_dtt_component_identity;UNAVAILABLE_OR_MALFORMED:exact_dtt_heavy_identity_and_charge[outcome.ccd_formal_charge_pattern:INVALID]",,HUMAN_REVIEW_REQUIRED,NO_SINGLE_EXACT_RULE_MATCHED_EVERY_EVENT;HUMAN_REVIEW_RETAINED,NONE,false
140,COVAPIE_CYS_SG_EVENT_V1:1Q6K:A:CYS:25-:SG:C:TCO:C,1Q6K,TCO,C,FROZEN_HISTORICAL_PREDECESSOR,HISTORICAL_PREDECESSOR_EXCLUDED,LEAKAGE_EXISTING_GROUP_CONFLICT,"[""LEAKAGE_EXISTING_GROUP_CONFLICT""]",PASSED,false,BLOCKED_EXISTING_GROUP_CONFLICT,PUBLISHED_POST_ONLY_INELIGIBILITY:FEATURE_STAGE=PASSED;TERMINAL_OUTCOME=LEAKAGE_EXISTING_GROUP_CONFLICT,,,NEG_V1_TS_DUMP_CATALYTIC_ADDUCT_EXACT,NOT_EVALUATED_OUTSIDE_SUPPORTED_POST_ONLY_CANDIDATE,NOT_EVALUATED_OUTSIDE_SUPPORTED_POST_ONLY_CANDIDATE,NEG_V2_DTT_CRYSTALLIZATION_REDUCING_ADDUCT_EXACT,NOT_EVALUATED_OUTSIDE_SUPPORTED_POST_ONLY_CANDIDATE,NOT_EVALUATED_OUTSIDE_SUPPORTED_POST_ONLY_CANDIDATE,,LEAKAGE_EXISTING_GROUP_CONFLICT,BOUND_STRUCTURAL_EXECUTION_OUTCOME_RETAINED,NONE,false
141,COVAPIE_CYS_SG_EVENT_V1:1QA7:A:CYS:172-:SG:E:IVF:CH3,1QA7,IVF,CH3,FROZEN_HISTORICAL_PREDECESSOR,HISTORICAL_PREDECESSOR_EXCLUDED,LEAKAGE_EXISTING_GROUP_CONFLICT,"[""LEAKAGE_EXISTING_GROUP_CONFLICT""]",PASSED,false,BLOCKED_EXISTING_GROUP_CONFLICT,PUBLISHED_POST_ONLY_INELIGIBILITY:FEATURE_STAGE=PASSED;TERMINAL_OUTCOME=LEAKAGE_EXISTING_GROUP_CONFLICT,,,NEG_V1_TS_DUMP_CATALYTIC_ADDUCT_EXACT,NOT_EVALUATED_OUTSIDE_SUPPORTED_POST_ONLY_CANDIDATE,NOT_EVALUATED_OUTSIDE_SUPPORTED_POST_ONLY_CANDIDATE,NEG_V2_DTT_CRYSTALLIZATION_REDUCING_ADDUCT_EXACT,NOT_EVALUATED_OUTSIDE_SUPPORTED_POST_ONLY_CANDIDATE,NOT_EVALUATED_OUTSIDE_SUPPORTED_POST_ONLY_CANDIDATE,,LEAKAGE_EXISTING_GROUP_CONFLICT,BOUND_STRUCTURAL_EXECUTION_OUTCOME_RETAINED,NONE,false
142,COVAPIE_CYS_SG_EVENT_V1:1QA7:B:CYS:172-:SG:F:IVF:CH3,1QA7,IVF,CH3,FROZEN_HISTORICAL_PREDECESSOR,HISTORICAL_PREDECESSOR_EXCLUDED,LEAKAGE_EXISTING_GROUP_CONFLICT,"[""LEAKAGE_EXISTING_GROUP_CONFLICT""]",PASSED,false,BLOCKED_EXISTING_GROUP_CONFLICT,PUBLISHED_POST_ONLY_INELIGIBILITY:FEATURE_STAGE=PASSED;TERMINAL_OUTCOME=LEAKAGE_EXISTING_GROUP_CONFLICT,,,NEG_V1_TS_DUMP_CATALYTIC_ADDUCT_EXACT,NOT_EVALUATED_OUTSIDE_SUPPORTED_POST_ONLY_CANDIDATE,NOT_EVALUATED_OUTSIDE_SUPPORTED_POST_ONLY_CANDIDATE,NEG_V2_DTT_CRYSTALLIZATION_REDUCING_ADDUCT_EXACT,NOT_EVALUATED_OUTSIDE_SUPPORTED_POST_ONLY_CANDIDATE,NOT_EVALUATED_OUTSIDE_SUPPORTED_POST_ONLY_CANDIDATE,,LEAKAGE_EXISTING_GROUP_CONFLICT,BOUND_STRUCTURAL_EXECUTION_OUTCOME_RETAINED,NONE,false
143,COVAPIE_CYS_SG_EVENT_V1:1QA7:C:CYS:172-:SG:G:IVF:CH3,1QA7,IVF,CH3,FROZEN_HISTORICAL_PREDECESSOR,HISTORICAL_PREDECESSOR_EXCLUDED,LEAKAGE_EXISTING_GROUP_CONFLICT,"[""LEAKAGE_EXISTING_GROUP_CONFLICT""]",PASSED,false,BLOCKED_EXISTING_GROUP_CONFLICT,PUBLISHED_POST_ONLY_INELIGIBILITY:FEATURE_STAGE=PASSED;TERMINAL_OUTCOME=LEAKAGE_EXISTING_GROUP_CONFLICT,,,NEG_V1_TS_DUMP_CATALYTIC_ADDUCT_EXACT,NOT_EVALUATED_OUTSIDE_SUPPORTED_POST_ONLY_CANDIDATE,NOT_EVALUATED_OUTSIDE_SUPPORTED_POST_ONLY_CANDIDATE,NEG_V2_DTT_CRYSTALLIZATION_REDUCING_ADDUCT_EXACT,NOT_EVALUATED_OUTSIDE_SUPPORTED_POST_ONLY_CANDIDATE,NOT_EVALUATED_OUTSIDE_SUPPORTED_POST_ONLY_CANDIDATE,,LEAKAGE_EXISTING_GROUP_CONFLICT,BOUND_STRUCTURAL_EXECUTION_OUTCOME_RETAINED,NONE,false
144,COVAPIE_CYS_SG_EVENT_V1:1QA7:D:CYS:172-:SG:H:IVF:CH3,1QA7,IVF,CH3,FROZEN_HISTORICAL_PREDECESSOR,HISTORICAL_PREDECESSOR_EXCLUDED,LEAKAGE_EXISTING_GROUP_CONFLICT,"[""LEAKAGE_EXISTING_GROUP_CONFLICT""]",PASSED,false,BLOCKED_EXISTING_GROUP_CONFLICT,PUBLISHED_POST_ONLY_INELIGIBILITY:FEATURE_STAGE=PASSED;TERMINAL_OUTCOME=LEAKAGE_EXISTING_GROUP_CONFLICT,,,NEG_V1_TS_DUMP_CATALYTIC_ADDUCT_EXACT,NOT_EVALUATED_OUTSIDE_SUPPORTED_POST_ONLY_CANDIDATE,NOT_EVALUATED_OUTSIDE_SUPPORTED_POST_ONLY_CANDIDATE,NEG_V2_DTT_CRYSTALLIZATION_REDUCING_ADDUCT_EXACT,NOT_EVALUATED_OUTSIDE_SUPPORTED_POST_ONLY_CANDIDATE,NOT_EVALUATED_OUTSIDE_SUPPORTED_POST_ONLY_CANDIDATE,,LEAKAGE_EXISTING_GROUP_CONFLICT,BOUND_STRUCTURAL_EXECUTION_OUTCOME_RETAINED,NONE,false
145,COVAPIE_CYS_SG_EVENT_V1:1QDQ:A:CYS:29-:SG:B:074:C6,1QDQ,074,C6,FROZEN_HISTORICAL_PREDECESSOR,HISTORICAL_PREDECESSOR_EXCLUDED,LEAKAGE_EXISTING_GROUP_CONFLICT,"[""LEAKAGE_EXISTING_GROUP_CONFLICT""]",PASSED,false,BLOCKED_EXISTING_GROUP_CONFLICT,PUBLISHED_POST_ONLY_INELIGIBILITY:FEATURE_STAGE=PASSED;TERMINAL_OUTCOME=LEAKAGE_EXISTING_GROUP_CONFLICT,,,NEG_V1_TS_DUMP_CATALYTIC_ADDUCT_EXACT,NOT_EVALUATED_OUTSIDE_SUPPORTED_POST_ONLY_CANDIDATE,NOT_EVALUATED_OUTSIDE_SUPPORTED_POST_ONLY_CANDIDATE,NEG_V2_DTT_CRYSTALLIZATION_REDUCING_ADDUCT_EXACT,NOT_EVALUATED_OUTSIDE_SUPPORTED_POST_ONLY_CANDIDATE,NOT_EVALUATED_OUTSIDE_SUPPORTED_POST_ONLY_CANDIDATE,,LEAKAGE_EXISTING_GROUP_CONFLICT,BOUND_STRUCTURAL_EXECUTION_OUTCOME_RETAINED,NONE,false
146,COVAPIE_CYS_SG_EVENT_V1:1QFM:A:CYS:532-:SG:E:SGM:S1,1QFM,SGM,S1,FROZEN_HISTORICAL_PREDECESSOR,HISTORICAL_PREDECESSOR_CANDIDATE,HUMAN_REVIEW_REQUIRED_PRE_CHEMISTRY,"[""PRE_CHEMISTRY_NOT_PRODUCTION_AUTHORITATIVE"",""NO_FAMILY_LEVEL_AUTO_ADMISSION""]",PASSED,true,POST_ONLY_V1_REVIEW_CANDIDATE,PUBLISHED_POST_ONLY_ELIGIBILITY:FEATURE_STAGE_PASSED_AND_HUMAN_REVIEW_REQUIRED_PRE_CHEMISTRY,COVAPIE_BULK_REVIEW_UNIT_D01A4DF5C78EE065,COVAPIE_BULK_REVIEW_UNIT_D01A4DF5C78EE065,NEG_V1_TS_DUMP_CATALYTIC_ADDUCT_EXACT,NOT_MATCHED,"PREDICATE_MISMATCH:exact_ccd_component_graph_sha256,exact_ligand_reactive_atom,exact_ligand_reactive_element,exact_radius1_sha256,exact_radius2_sha256,exact_ts_family_accession_sequence_key",NEG_V2_DTT_CRYSTALLIZATION_REDUCING_ADDUCT_EXACT,NOT_MATCHED,"PREDICATE_MISMATCH:exact_1fvg_reagent_protein_context,exact_1fvg_source_structure_context,exact_dtt_component_graph_sha256,exact_dtt_component_identity,structured_source_boundary;UNAVAILABLE_OR_MALFORMED:exact_dtt_heavy_identity_and_charge[outcome.ccd_formal_charge_pattern:INVALID]",,HUMAN_REVIEW_REQUIRED,NO_SINGLE_EXACT_RULE_MATCHED_EVERY_EVENT;HUMAN_REVIEW_RETAINED,NONE,false
147,COVAPIE_CYS_SG_EVENT_V1:1QFM:A:CYS:78-:SG:D:SGM:S1,1QFM,SGM,S1,FROZEN_HISTORICAL_PREDECESSOR,HISTORICAL_PREDECESSOR_CANDIDATE,HUMAN_REVIEW_REQUIRED_PRE_CHEMISTRY,"[""PRE_CHEMISTRY_NOT_PRODUCTION_AUTHORITATIVE"",""NO_FAMILY_LEVEL_AUTO_ADMISSION""]",PASSED,true,POST_ONLY_V1_REVIEW_CANDIDATE,PUBLISHED_POST_ONLY_ELIGIBILITY:FEATURE_STAGE_PASSED_AND_HUMAN_REVIEW_REQUIRED_PRE_CHEMISTRY,COVAPIE_BULK_REVIEW_UNIT_D01A4DF5C78EE065,COVAPIE_BULK_REVIEW_UNIT_D01A4DF5C78EE065,NEG_V1_TS_DUMP_CATALYTIC_ADDUCT_EXACT,NOT_MATCHED,"PREDICATE_MISMATCH:exact_ccd_component_graph_sha256,exact_ligand_reactive_atom,exact_ligand_reactive_element,exact_radius1_sha256,exact_radius2_sha256,exact_ts_family_accession_sequence_key",NEG_V2_DTT_CRYSTALLIZATION_REDUCING_ADDUCT_EXACT,NOT_MATCHED,"PREDICATE_MISMATCH:exact_1fvg_reagent_protein_context,exact_1fvg_source_structure_context,exact_dtt_component_graph_sha256,exact_dtt_component_identity,structured_source_boundary;UNAVAILABLE_OR_MALFORMED:exact_dtt_heavy_identity_and_charge[outcome.ccd_formal_charge_pattern:INVALID]",,HUMAN_REVIEW_REQUIRED,NO_SINGLE_EXACT_RULE_MATCHED_EVERY_EVENT;HUMAN_REVIEW_RETAINED,NONE,false
148,COVAPIE_CYS_SG_EVENT_V1:1QWZ:A:CYS:223-:SG:G:ETM:SD,1QWZ,ETM,SD,FROZEN_HISTORICAL_PREDECESSOR,HISTORICAL_PREDECESSOR_EXCLUDED,LEAKAGE_EXISTING_GROUP_CONFLICT,"[""LEAKAGE_EXISTING_GROUP_CONFLICT""]",PASSED,false,BLOCKED_EXISTING_GROUP_CONFLICT,PUBLISHED_POST_ONLY_INELIGIBILITY:FEATURE_STAGE=PASSED;TERMINAL_OUTCOME=LEAKAGE_EXISTING_GROUP_CONFLICT,,,NEG_V1_TS_DUMP_CATALYTIC_ADDUCT_EXACT,NOT_EVALUATED_OUTSIDE_SUPPORTED_POST_ONLY_CANDIDATE,NOT_EVALUATED_OUTSIDE_SUPPORTED_POST_ONLY_CANDIDATE,NEG_V2_DTT_CRYSTALLIZATION_REDUCING_ADDUCT_EXACT,NOT_EVALUATED_OUTSIDE_SUPPORTED_POST_ONLY_CANDIDATE,NOT_EVALUATED_OUTSIDE_SUPPORTED_POST_ONLY_CANDIDATE,,LEAKAGE_EXISTING_GROUP_CONFLICT,BOUND_STRUCTURAL_EXECUTION_OUTCOME_RETAINED,NONE,false
149,COVAPIE_CYS_SG_EVENT_V1:1QX6:A:CYS:223-:SG:B:E64:C2,1QX6,E64,C2,FROZEN_HISTORICAL_PREDECESSOR,HISTORICAL_PREDECESSOR_EXCLUDED,LEAKAGE_EXISTING_GROUP_CONFLICT,"[""LEAKAGE_EXISTING_GROUP_CONFLICT""]",PASSED,false,BLOCKED_EXISTING_GROUP_CONFLICT,PUBLISHED_POST_ONLY_INELIGIBILITY:FEATURE_STAGE=PASSED;TERMINAL_OUTCOME=LEAKAGE_EXISTING_GROUP_CONFLICT,,,NEG_V1_TS_DUMP_CATALYTIC_ADDUCT_EXACT,NOT_EVALUATED_OUTSIDE_SUPPORTED_POST_ONLY_CANDIDATE,NOT_EVALUATED_OUTSIDE_SUPPORTED_POST_ONLY_CANDIDATE,NEG_V2_DTT_CRYSTALLIZATION_REDUCING_ADDUCT_EXACT,NOT_EVALUATED_OUTSIDE_SUPPORTED_POST_ONLY_CANDIDATE,NOT_EVALUATED_OUTSIDE_SUPPORTED_POST_ONLY_CANDIDATE,,LEAKAGE_EXISTING_GROUP_CONFLICT,BOUND_STRUCTURAL_EXECUTION_OUTCOME_RETAINED,NONE,false
150,COVAPIE_CYS_SG_EVENT_V1:1QXA:A:CYS:223-:SG:C:ETM:SD,1QXA,ETM,SD,FROZEN_HISTORICAL_PREDECESSOR,HISTORICAL_PREDECESSOR_EXCLUDED,STRUCTURAL_EVIDENCE_INCOMPLETE,"[""MMCIF_EXACT_CYS_SG_STRUCT_CONN_NOT_RECOVERED""]",NOT_REACHED,false,OUTSIDE_STRUCTURAL_ELIGIBILITY,PUBLISHED_POST_ONLY_INELIGIBILITY:FEATURE_STAGE=NOT_REACHED;TERMINAL_OUTCOME=STRUCTURAL_EVIDENCE_INCOMPLETE,,,NEG_V1_TS_DUMP_CATALYTIC_ADDUCT_EXACT,NOT_EVALUATED_OUTSIDE_SUPPORTED_POST_ONLY_CANDIDATE,NOT_EVALUATED_OUTSIDE_SUPPORTED_POST_ONLY_CANDIDATE,NEG_V2_DTT_CRYSTALLIZATION_REDUCING_ADDUCT_EXACT,NOT_EVALUATED_OUTSIDE_SUPPORTED_POST_ONLY_CANDIDATE,NOT_EVALUATED_OUTSIDE_SUPPORTED_POST_ONLY_CANDIDATE,,STRUCTURAL_EVIDENCE_INCOMPLETE,BOUND_STRUCTURAL_EXECUTION_OUTCOME_RETAINED,NONE,false
151,COVAPIE_CYS_SG_EVENT_V1:1RE1:A:CYS:285-:SG:C:NA3:C4,1RE1,NA3,C4,FROZEN_HISTORICAL_PREDECESSOR,HISTORICAL_PREDECESSOR_EXCLUDED,STRUCTURAL_EVIDENCE_INCOMPLETE,"[""MMCIF_EXACT_CYS_SG_STRUCT_CONN_NOT_RECOVERED""]",NOT_REACHED,false,OUTSIDE_STRUCTURAL_ELIGIBILITY,PUBLISHED_POST_ONLY_INELIGIBILITY:FEATURE_STAGE=NOT_REACHED;TERMINAL_OUTCOME=STRUCTURAL_EVIDENCE_INCOMPLETE,,,NEG_V1_TS_DUMP_CATALYTIC_ADDUCT_EXACT,NOT_EVALUATED_OUTSIDE_SUPPORTED_POST_ONLY_CANDIDATE,NOT_EVALUATED_OUTSIDE_SUPPORTED_POST_ONLY_CANDIDATE,NEG_V2_DTT_CRYSTALLIZATION_REDUCING_ADDUCT_EXACT,NOT_EVALUATED_OUTSIDE_SUPPORTED_POST_ONLY_CANDIDATE,NOT_EVALUATED_OUTSIDE_SUPPORTED_POST_ONLY_CANDIDATE,,STRUCTURAL_EVIDENCE_INCOMPLETE,BOUND_STRUCTURAL_EXECUTION_OUTCOME_RETAINED,NONE,false
152,COVAPIE_CYS_SG_EVENT_V1:1RHJ:A:CYS:285-:SG:E:PZN:C9,1RHJ,PZN,C9,FROZEN_HISTORICAL_PREDECESSOR,HISTORICAL_PREDECESSOR_EXCLUDED,LEAKAGE_EXISTING_GROUP_CONFLICT,"[""LEAKAGE_EXISTING_GROUP_CONFLICT""]",PASSED,false,BLOCKED_EXISTING_GROUP_CONFLICT,PUBLISHED_POST_ONLY_INELIGIBILITY:FEATURE_STAGE=PASSED;TERMINAL_OUTCOME=LEAKAGE_EXISTING_GROUP_CONFLICT,,,NEG_V1_TS_DUMP_CATALYTIC_ADDUCT_EXACT,NOT_EVALUATED_OUTSIDE_SUPPORTED_POST_ONLY_CANDIDATE,NOT_EVALUATED_OUTSIDE_SUPPORTED_POST_ONLY_CANDIDATE,NEG_V2_DTT_CRYSTALLIZATION_REDUCING_ADDUCT_EXACT,NOT_EVALUATED_OUTSIDE_SUPPORTED_POST_ONLY_CANDIDATE,NOT_EVALUATED_OUTSIDE_SUPPORTED_POST_ONLY_CANDIDATE,,LEAKAGE_EXISTING_GROUP_CONFLICT,BOUND_STRUCTURAL_EXECUTION_OUTCOME_RETAINED,NONE,false
153,COVAPIE_CYS_SG_EVENT_V1:1RHJ:C:CYS:785-:SG:F:PZN:C9,1RHJ,PZN,C9,FROZEN_HISTORICAL_PREDECESSOR,HISTORICAL_PREDECESSOR_EXCLUDED,LEAKAGE_EXISTING_GROUP_CONFLICT,"[""LEAKAGE_EXISTING_GROUP_CONFLICT""]",PASSED,false,BLOCKED_EXISTING_GROUP_CONFLICT,PUBLISHED_POST_ONLY_INELIGIBILITY:FEATURE_STAGE=PASSED;TERMINAL_OUTCOME=LEAKAGE_EXISTING_GROUP_CONFLICT,,,NEG_V1_TS_DUMP_CATALYTIC_ADDUCT_EXACT,NOT_EVALUATED_OUTSIDE_SUPPORTED_POST_ONLY_CANDIDATE,NOT_EVALUATED_OUTSIDE_SUPPORTED_POST_ONLY_CANDIDATE,NEG_V2_DTT_CRYSTALLIZATION_REDUCING_ADDUCT_EXACT,NOT_EVALUATED_OUTSIDE_SUPPORTED_POST_ONLY_CANDIDATE,NOT_EVALUATED_OUTSIDE_SUPPORTED_POST_ONLY_CANDIDATE,,LEAKAGE_EXISTING_GROUP_CONFLICT,BOUND_STRUCTURAL_EXECUTION_OUTCOME_RETAINED,NONE,false
154,COVAPIE_CYS_SG_EVENT_V1:1RHM:A:CYS:285-:SG:E:NA4:C4,1RHM,NA4,C4,FROZEN_HISTORICAL_PREDECESSOR,HISTORICAL_PREDECESSOR_EXCLUDED,LEAKAGE_EXISTING_GROUP_CONFLICT,"[""LEAKAGE_EXISTING_GROUP_CONFLICT""]",PASSED,false,BLOCKED_EXISTING_GROUP_CONFLICT,PUBLISHED_POST_ONLY_INELIGIBILITY:FEATURE_STAGE=PASSED;TERMINAL_OUTCOME=LEAKAGE_EXISTING_GROUP_CONFLICT,,,NEG_V1_TS_DUMP_CATALYTIC_ADDUCT_EXACT,NOT_EVALUATED_OUTSIDE_SUPPORTED_POST_ONLY_CANDIDATE,NOT_EVALUATED_OUTSIDE_SUPPORTED_POST_ONLY_CANDIDATE,NEG_V2_DTT_CRYSTALLIZATION_REDUCING_ADDUCT_EXACT,NOT_EVALUATED_OUTSIDE_SUPPORTED_POST_ONLY_CANDIDATE,NOT_EVALUATED_OUTSIDE_SUPPORTED_POST_ONLY_CANDIDATE,,LEAKAGE_EXISTING_GROUP_CONFLICT,BOUND_STRUCTURAL_EXECUTION_OUTCOME_RETAINED,NONE,false
155,COVAPIE_CYS_SG_EVENT_V1:1RHM:C:CYS:785-:SG:F:NA4:C4,1RHM,NA4,C4,FROZEN_HISTORICAL_PREDECESSOR,HISTORICAL_PREDECESSOR_EXCLUDED,LEAKAGE_EXISTING_GROUP_CONFLICT,"[""LEAKAGE_EXISTING_GROUP_CONFLICT""]",PASSED,false,BLOCKED_EXISTING_GROUP_CONFLICT,PUBLISHED_POST_ONLY_INELIGIBILITY:FEATURE_STAGE=PASSED;TERMINAL_OUTCOME=LEAKAGE_EXISTING_GROUP_CONFLICT,,,NEG_V1_TS_DUMP_CATALYTIC_ADDUCT_EXACT,NOT_EVALUATED_OUTSIDE_SUPPORTED_POST_ONLY_CANDIDATE,NOT_EVALUATED_OUTSIDE_SUPPORTED_POST_ONLY_CANDIDATE,NEG_V2_DTT_CRYSTALLIZATION_REDUCING_ADDUCT_EXACT,NOT_EVALUATED_OUTSIDE_SUPPORTED_POST_ONLY_CANDIDATE,NOT_EVALUATED_OUTSIDE_SUPPORTED_POST_ONLY_CANDIDATE,,LEAKAGE_EXISTING_GROUP_CONFLICT,BOUND_STRUCTURAL_EXECUTION_OUTCOME_RETAINED,NONE,false
156,COVAPIE_CYS_SG_EVENT_V1:1RHQ:A:CYS:285-:SG:E:0ZZ:C9,1RHQ,0ZZ,C9,FROZEN_HISTORICAL_PREDECESSOR,HISTORICAL_PREDECESSOR_EXCLUDED,LEAKAGE_EXISTING_GROUP_CONFLICT,"[""LEAKAGE_EXISTING_GROUP_CONFLICT""]",PASSED,false,BLOCKED_EXISTING_GROUP_CONFLICT,PUBLISHED_POST_ONLY_INELIGIBILITY:FEATURE_STAGE=PASSED;TERMINAL_OUTCOME=LEAKAGE_EXISTING_GROUP_CONFLICT,,,NEG_V1_TS_DUMP_CATALYTIC_ADDUCT_EXACT,NOT_EVALUATED_OUTSIDE_SUPPORTED_POST_ONLY_CANDIDATE,NOT_EVALUATED_OUTSIDE_SUPPORTED_POST_ONLY_CANDIDATE,NEG_V2_DTT_CRYSTALLIZATION_REDUCING_ADDUCT_EXACT,NOT_EVALUATED_OUTSIDE_SUPPORTED_POST_ONLY_CANDIDATE,NOT_EVALUATED_OUTSIDE_SUPPORTED_POST_ONLY_CANDIDATE,,LEAKAGE_EXISTING_GROUP_CONFLICT,BOUND_STRUCTURAL_EXECUTION_OUTCOME_RETAINED,NONE,false
157,COVAPIE_CYS_SG_EVENT_V1:1RHR:A:CYS:285-:SG:C:CNE:C9,1RHR,CNE,C9,FROZEN_HISTORICAL_PREDECESSOR,HISTORICAL_PREDECESSOR_EXCLUDED,STRUCTURAL_EVIDENCE_INCOMPLETE,"[""MMCIF_EXACT_CYS_SG_STRUCT_CONN_NOT_RECOVERED""]",NOT_REACHED,false,OUTSIDE_STRUCTURAL_ELIGIBILITY,PUBLISHED_POST_ONLY_INELIGIBILITY:FEATURE_STAGE=NOT_REACHED;TERMINAL_OUTCOME=STRUCTURAL_EVIDENCE_INCOMPLETE,,,NEG_V1_TS_DUMP_CATALYTIC_ADDUCT_EXACT,NOT_EVALUATED_OUTSIDE_SUPPORTED_POST_ONLY_CANDIDATE,NOT_EVALUATED_OUTSIDE_SUPPORTED_POST_ONLY_CANDIDATE,NEG_V2_DTT_CRYSTALLIZATION_REDUCING_ADDUCT_EXACT,NOT_EVALUATED_OUTSIDE_SUPPORTED_POST_ONLY_CANDIDATE,NOT_EVALUATED_OUTSIDE_SUPPORTED_POST_ONLY_CANDIDATE,,STRUCTURAL_EVIDENCE_INCOMPLETE,BOUND_STRUCTURAL_EXECUTION_OUTCOME_RETAINED,NONE,false
158,COVAPIE_CYS_SG_EVENT_V1:1RHU:A:CYS:285-:SG:C:3CY:C9,1RHU,3CY,C9,FROZEN_HISTORICAL_PREDECESSOR,HISTORICAL_PREDECESSOR_EXCLUDED,STRUCTURAL_EVIDENCE_INCOMPLETE,"[""MMCIF_EXACT_CYS_SG_STRUCT_CONN_NOT_RECOVERED""]",NOT_REACHED,false,OUTSIDE_STRUCTURAL_ELIGIBILITY,PUBLISHED_POST_ONLY_INELIGIBILITY:FEATURE_STAGE=NOT_REACHED;TERMINAL_OUTCOME=STRUCTURAL_EVIDENCE_INCOMPLETE,,,NEG_V1_TS_DUMP_CATALYTIC_ADDUCT_EXACT,NOT_EVALUATED_OUTSIDE_SUPPORTED_POST_ONLY_CANDIDATE,NOT_EVALUATED_OUTSIDE_SUPPORTED_POST_ONLY_CANDIDATE,NEG_V2_DTT_CRYSTALLIZATION_REDUCING_ADDUCT_EXACT,NOT_EVALUATED_OUTSIDE_SUPPORTED_POST_ONLY_CANDIDATE,NOT_EVALUATED_OUTSIDE_SUPPORTED_POST_ONLY_CANDIDATE,,STRUCTURAL_EVIDENCE_INCOMPLETE,BOUND_STRUCTURAL_EXECUTION_OUTCOME_RETAINED,NONE,false
159,COVAPIE_CYS_SG_EVENT_V1:1RP4:A:CYS:208-:SG:D:NEN:C1,1RP4,NEN,C1,FROZEN_HISTORICAL_PREDECESSOR,HISTORICAL_PREDECESSOR_CANDIDATE,HUMAN_REVIEW_REQUIRED_PRE_CHEMISTRY,"[""PRE_CHEMISTRY_NOT_PRODUCTION_AUTHORITATIVE"",""NO_FAMILY_LEVEL_AUTO_ADMISSION""]",PASSED,true,POST_ONLY_V1_REVIEW_CANDIDATE,PUBLISHED_POST_ONLY_ELIGIBILITY:FEATURE_STAGE_PASSED_AND_HUMAN_REVIEW_REQUIRED_PRE_CHEMISTRY,COVAPIE_BULK_REVIEW_UNIT_D88548D5B5FCAA3C,,NEG_V1_TS_DUMP_CATALYTIC_ADDUCT_EXACT,NOT_MATCHED,"PREDICATE_MISMATCH:exact_ccd_component_graph_sha256,exact_ligand_reactive_atom,exact_radius1_sha256,exact_radius2_sha256,exact_ts_family_accession_sequence_key",NEG_V2_DTT_CRYSTALLIZATION_REDUCING_ADDUCT_EXACT,NOT_MATCHED,"PREDICATE_MISMATCH:automorphism_derived_dtt_sulfur_endpoint,exact_1fvg_reagent_protein_context,exact_1fvg_source_structure_context,exact_dtt_component_graph_sha256,exact_dtt_component_identity,exact_dtt_heavy_identity_and_charge,exact_ligand_reactive_element,exact_local_topology,exact_radius1_sha256,exact_radius2_sha256",,HUMAN_NOT_RELEVANT_FINAL,CURRENT_HUMAN_NOT_RELEVANT_DECISION_HAS_SECOND_PRECEDENCE,PUBLISHED_HISTORICAL_EXACT_EVENT_SCOPE,false
160,COVAPIE_CYS_SG_EVENT_V1:1RWK:A:CYS:285-:SG:C:158:C1,1RWK,158,C1,FROZEN_HISTORICAL_PREDECESSOR,HISTORICAL_PREDECESSOR_EXCLUDED,STRUCTURAL_EVIDENCE_INCOMPLETE,"[""MMCIF_EXACT_CYS_SG_STRUCT_CONN_NOT_RECOVERED""]",NOT_REACHED,false,OUTSIDE_STRUCTURAL_ELIGIBILITY,PUBLISHED_POST_ONLY_INELIGIBILITY:FEATURE_STAGE=NOT_REACHED;TERMINAL_OUTCOME=STRUCTURAL_EVIDENCE_INCOMPLETE,,,NEG_V1_TS_DUMP_CATALYTIC_ADDUCT_EXACT,NOT_EVALUATED_OUTSIDE_SUPPORTED_POST_ONLY_CANDIDATE,NOT_EVALUATED_OUTSIDE_SUPPORTED_POST_ONLY_CANDIDATE,NEG_V2_DTT_CRYSTALLIZATION_REDUCING_ADDUCT_EXACT,NOT_EVALUATED_OUTSIDE_SUPPORTED_POST_ONLY_CANDIDATE,NOT_EVALUATED_OUTSIDE_SUPPORTED_POST_ONLY_CANDIDATE,,STRUCTURAL_EVIDENCE_INCOMPLETE,BOUND_STRUCTURAL_EXECUTION_OUTCOME_RETAINED,NONE,false
161,COVAPIE_CYS_SG_EVENT_V1:1RWN:A:CYS:285-:SG:C:4QB:C18,1RWN,4QB,C18,FROZEN_HISTORICAL_PREDECESSOR,HISTORICAL_PREDECESSOR_EXCLUDED,STRUCTURAL_EVIDENCE_INCOMPLETE,"[""MMCIF_EXACT_CYS_SG_STRUCT_CONN_NOT_RECOVERED""]",NOT_REACHED,false,OUTSIDE_STRUCTURAL_ELIGIBILITY,PUBLISHED_POST_ONLY_INELIGIBILITY:FEATURE_STAGE=NOT_REACHED;TERMINAL_OUTCOME=STRUCTURAL_EVIDENCE_INCOMPLETE,,,NEG_V1_TS_DUMP_CATALYTIC_ADDUCT_EXACT,NOT_EVALUATED_OUTSIDE_SUPPORTED_POST_ONLY_CANDIDATE,NOT_EVALUATED_OUTSIDE_SUPPORTED_POST_ONLY_CANDIDATE,NEG_V2_DTT_CRYSTALLIZATION_REDUCING_ADDUCT_EXACT,NOT_EVALUATED_OUTSIDE_SUPPORTED_POST_ONLY_CANDIDATE,NOT_EVALUATED_OUTSIDE_SUPPORTED_POST_ONLY_CANDIDATE,,STRUCTURAL_EVIDENCE_INCOMPLETE,BOUND_STRUCTURAL_EXECUTION_OUTCOME_RETAINED,NONE,false
162,COVAPIE_CYS_SG_EVENT_V1:1RWO:A:CYS:285-:SG:C:BTH:C31,1RWO,BTH,C31,FROZEN_HISTORICAL_PREDECESSOR,HISTORICAL_PREDECESSOR_EXCLUDED,STRUCTURAL_EVIDENCE_INCOMPLETE,"[""MMCIF_EXACT_CYS_SG_STRUCT_CONN_NOT_RECOVERED""]",NOT_REACHED,false,OUTSIDE_STRUCTURAL_ELIGIBILITY,PUBLISHED_POST_ONLY_INELIGIBILITY:FEATURE_STAGE=NOT_REACHED;TERMINAL_OUTCOME=STRUCTURAL_EVIDENCE_INCOMPLETE,,,NEG_V1_TS_DUMP_CATALYTIC_ADDUCT_EXACT,NOT_EVALUATED_OUTSIDE_SUPPORTED_POST_ONLY_CANDIDATE,NOT_EVALUATED_OUTSIDE_SUPPORTED_POST_ONLY_CANDIDATE,NEG_V2_DTT_CRYSTALLIZATION_REDUCING_ADDUCT_EXACT,NOT_EVALUATED_OUTSIDE_SUPPORTED_POST_ONLY_CANDIDATE,NOT_EVALUATED_OUTSIDE_SUPPORTED_POST_ONLY_CANDIDATE,,STRUCTURAL_EVIDENCE_INCOMPLETE,BOUND_STRUCTURAL_EXECUTION_OUTCOME_RETAINED,NONE,false
163,COVAPIE_CYS_SG_EVENT_V1:1RWP:A:CYS:285-:SG:C:HQC:C20,1RWP,HQC,C20,FROZEN_HISTORICAL_PREDECESSOR,HISTORICAL_PREDECESSOR_EXCLUDED,STRUCTURAL_EVIDENCE_INCOMPLETE,"[""MMCIF_EXACT_CYS_SG_STRUCT_CONN_NOT_RECOVERED""]",NOT_REACHED,false,OUTSIDE_STRUCTURAL_ELIGIBILITY,PUBLISHED_POST_ONLY_INELIGIBILITY:FEATURE_STAGE=NOT_REACHED;TERMINAL_OUTCOME=STRUCTURAL_EVIDENCE_INCOMPLETE,,,NEG_V1_TS_DUMP_CATALYTIC_ADDUCT_EXACT,NOT_EVALUATED_OUTSIDE_SUPPORTED_POST_ONLY_CANDIDATE,NOT_EVALUATED_OUTSIDE_SUPPORTED_POST_ONLY_CANDIDATE,NEG_V2_DTT_CRYSTALLIZATION_REDUCING_ADDUCT_EXACT,NOT_EVALUATED_OUTSIDE_SUPPORTED_POST_ONLY_CANDIDATE,NOT_EVALUATED_OUTSIDE_SUPPORTED_POST_ONLY_CANDIDATE,,STRUCTURAL_EVIDENCE_INCOMPLETE,BOUND_STRUCTURAL_EXECUTION_OUTCOME_RETAINED,NONE,false
164,COVAPIE_CYS_SG_EVENT_V1:1RWV:A:CYS:285-:SG:C:5PH:C36,1RWV,5PH,C36,FROZEN_HISTORICAL_PREDECESSOR,HISTORICAL_PREDECESSOR_EXCLUDED,STRUCTURAL_EVIDENCE_INCOMPLETE,"[""MMCIF_EXACT_CYS_SG_STRUCT_CONN_NOT_RECOVERED""]",NOT_REACHED,false,OUTSIDE_STRUCTURAL_ELIGIBILITY,PUBLISHED_POST_ONLY_INELIGIBILITY:FEATURE_STAGE=NOT_REACHED;TERMINAL_OUTCOME=STRUCTURAL_EVIDENCE_INCOMPLETE,,,NEG_V1_TS_DUMP_CATALYTIC_ADDUCT_EXACT,NOT_EVALUATED_OUTSIDE_SUPPORTED_POST_ONLY_CANDIDATE,NOT_EVALUATED_OUTSIDE_SUPPORTED_POST_ONLY_CANDIDATE,NEG_V2_DTT_CRYSTALLIZATION_REDUCING_ADDUCT_EXACT,NOT_EVALUATED_OUTSIDE_SUPPORTED_POST_ONLY_CANDIDATE,NOT_EVALUATED_OUTSIDE_SUPPORTED_POST_ONLY_CANDIDATE,,STRUCTURAL_EVIDENCE_INCOMPLETE,BOUND_STRUCTURAL_EXECUTION_OUTCOME_RETAINED,NONE,false
165,COVAPIE_CYS_SG_EVENT_V1:1RWX:A:CYS:285-:SG:C:YBH:C31,1RWX,YBH,C31,FROZEN_HISTORICAL_PREDECESSOR,HISTORICAL_PREDECESSOR_EXCLUDED,STRUCTURAL_EVIDENCE_INCOMPLETE,"[""MMCIF_EXACT_CYS_SG_STRUCT_CONN_NOT_RECOVERED""]",NOT_REACHED,false,OUTSIDE_STRUCTURAL_ELIGIBILITY,PUBLISHED_POST_ONLY_INELIGIBILITY:FEATURE_STAGE=NOT_REACHED;TERMINAL_OUTCOME=STRUCTURAL_EVIDENCE_INCOMPLETE,,,NEG_V1_TS_DUMP_CATALYTIC_ADDUCT_EXACT,NOT_EVALUATED_OUTSIDE_SUPPORTED_POST_ONLY_CANDIDATE,NOT_EVALUATED_OUTSIDE_SUPPORTED_POST_ONLY_CANDIDATE,NEG_V2_DTT_CRYSTALLIZATION_REDUCING_ADDUCT_EXACT,NOT_EVALUATED_OUTSIDE_SUPPORTED_POST_ONLY_CANDIDATE,NOT_EVALUATED_OUTSIDE_SUPPORTED_POST_ONLY_CANDIDATE,,STRUCTURAL_EVIDENCE_INCOMPLETE,BOUND_STRUCTURAL_EXECUTION_OUTCOME_RETAINED,NONE,false
166,COVAPIE_CYS_SG_EVENT_V1:1RXE:A:CYS:89-:SG:D:MNB:S5,1RXE,MNB,S5,FROZEN_HISTORICAL_PREDECESSOR,HISTORICAL_PREDECESSOR_EXCLUDED,LEAKAGE_EXISTING_GROUP_CONFLICT,"[""LEAKAGE_EXISTING_GROUP_CONFLICT""]",PASSED,false,BLOCKED_EXISTING_GROUP_CONFLICT,PUBLISHED_POST_ONLY_INELIGIBILITY:FEATURE_STAGE=PASSED;TERMINAL_OUTCOME=LEAKAGE_EXISTING_GROUP_CONFLICT,,,NEG_V1_TS_DUMP_CATALYTIC_ADDUCT_EXACT,NOT_EVALUATED_OUTSIDE_SUPPORTED_POST_ONLY_CANDIDATE,NOT_EVALUATED_OUTSIDE_SUPPORTED_POST_ONLY_CANDIDATE,NEG_V2_DTT_CRYSTALLIZATION_REDUCING_ADDUCT_EXACT,NOT_EVALUATED_OUTSIDE_SUPPORTED_POST_ONLY_CANDIDATE,NOT_EVALUATED_OUTSIDE_SUPPORTED_POST_ONLY_CANDIDATE,,LEAKAGE_EXISTING_GROUP_CONFLICT,BOUND_STRUCTURAL_EXECUTION_OUTCOME_RETAINED,NONE,false
167,COVAPIE_CYS_SG_EVENT_V1:1SHJ:A:CYS:290-:SG:D:NXN:S19,1SHJ,NXN,S19,FROZEN_HISTORICAL_PREDECESSOR,HISTORICAL_PREDECESSOR_EXCLUDED,LEAKAGE_EXISTING_GROUP_CONFLICT,"[""LEAKAGE_EXISTING_GROUP_CONFLICT""]",PASSED,false,BLOCKED_EXISTING_GROUP_CONFLICT,PUBLISHED_POST_ONLY_INELIGIBILITY:FEATURE_STAGE=PASSED;TERMINAL_OUTCOME=LEAKAGE_EXISTING_GROUP_CONFLICT,,,NEG_V1_TS_DUMP_CATALYTIC_ADDUCT_EXACT,NOT_EVALUATED_OUTSIDE_SUPPORTED_POST_ONLY_CANDIDATE,NOT_EVALUATED_OUTSIDE_SUPPORTED_POST_ONLY_CANDIDATE,NEG_V2_DTT_CRYSTALLIZATION_REDUCING_ADDUCT_EXACT,NOT_EVALUATED_OUTSIDE_SUPPORTED_POST_ONLY_CANDIDATE,NOT_EVALUATED_OUTSIDE_SUPPORTED_POST_ONLY_CANDIDATE,,LEAKAGE_EXISTING_GROUP_CONFLICT,BOUND_STRUCTURAL_EXECUTION_OUTCOME_RETAINED,NONE,false
168,COVAPIE_CYS_SG_EVENT_V1:1SHJ:B:CYS:290-:SG:G:NXN:S19,1SHJ,NXN,S19,FROZEN_HISTORICAL_PREDECESSOR,HISTORICAL_PREDECESSOR_EXCLUDED,LEAKAGE_EXISTING_GROUP_CONFLICT,"[""LEAKAGE_EXISTING_GROUP_CONFLICT""]",PASSED,false,BLOCKED_EXISTING_GROUP_CONFLICT,PUBLISHED_POST_ONLY_INELIGIBILITY:FEATURE_STAGE=PASSED;TERMINAL_OUTCOME=LEAKAGE_EXISTING_GROUP_CONFLICT,,,NEG_V1_TS_DUMP_CATALYTIC_ADDUCT_EXACT,NOT_EVALUATED_OUTSIDE_SUPPORTED_POST_ONLY_CANDIDATE,NOT_EVALUATED_OUTSIDE_SUPPORTED_POST_ONLY_CANDIDATE,NEG_V2_DTT_CRYSTALLIZATION_REDUCING_ADDUCT_EXACT,NOT_EVALUATED_OUTSIDE_SUPPORTED_POST_ONLY_CANDIDATE,NOT_EVALUATED_OUTSIDE_SUPPORTED_POST_ONLY_CANDIDATE,,LEAKAGE_EXISTING_GROUP_CONFLICT,BOUND_STRUCTURAL_EXECUTION_OUTCOME_RETAINED,NONE,false
169,COVAPIE_CYS_SG_EVENT_V1:1SHL:A:CYS:290-:SG:C:FXN:S19,1SHL,FXN,S19,FROZEN_HISTORICAL_PREDECESSOR,HISTORICAL_PREDECESSOR_CANDIDATE,HUMAN_REVIEW_REQUIRED_PRE_CHEMISTRY,"[""PRE_CHEMISTRY_NOT_PRODUCTION_AUTHORITATIVE"",""NO_FAMILY_LEVEL_AUTO_ADMISSION""]",PASSED,true,POST_ONLY_V1_REVIEW_CANDIDATE,PUBLISHED_POST_ONLY_ELIGIBILITY:FEATURE_STAGE_PASSED_AND_HUMAN_REVIEW_REQUIRED_PRE_CHEMISTRY,COVAPIE_BULK_REVIEW_UNIT_EE27EA1094097660,COVAPIE_BULK_REVIEW_UNIT_EE27EA1094097660,NEG_V1_TS_DUMP_CATALYTIC_ADDUCT_EXACT,NOT_MATCHED,"PREDICATE_MISMATCH:exact_ccd_component_graph_sha256,exact_ligand_reactive_atom,exact_ligand_reactive_element,exact_ts_family_accession_sequence_key;UNAVAILABLE_OR_MALFORMED:exact_radius1_sha256[event.reactive_center_radius1_fingerprint:MISSING],exact_radius2_sha256[event.reactive_center_radius2_fingerprint:MISSING]",NEG_V2_DTT_CRYSTALLIZATION_REDUCING_ADDUCT_EXACT,NOT_MATCHED,"PREDICATE_MISMATCH:automorphism_derived_dtt_sulfur_endpoint,exact_1fvg_reagent_protein_context,exact_1fvg_source_structure_context,exact_dtt_component_graph_sha256,exact_dtt_component_identity,structured_source_boundary;UNAVAILABLE_OR_MALFORMED:exact_dtt_heavy_identity_and_charge[outcome.ccd_formal_charge_pattern:INVALID],exact_local_topology[event.local_topology:MISSING],exact_radius1_sha256[event.reactive_center_radius1_fingerprint:MISSING],exact_radius2_sha256[event.reactive_center_radius2_fingerprint:MISSING]",,HUMAN_REVIEW_REQUIRED,NO_SINGLE_EXACT_RULE_MATCHED_EVERY_EVENT;HUMAN_REVIEW_RETAINED,NONE,false
170,COVAPIE_CYS_SG_EVENT_V1:1SHL:B:CYS:290-:SG:D:FXN:S19,1SHL,FXN,S19,FROZEN_HISTORICAL_PREDECESSOR,HISTORICAL_PREDECESSOR_CANDIDATE,HUMAN_REVIEW_REQUIRED_PRE_CHEMISTRY,"[""PRE_CHEMISTRY_NOT_PRODUCTION_AUTHORITATIVE"",""NO_FAMILY_LEVEL_AUTO_ADMISSION""]",PASSED,true,POST_ONLY_V1_REVIEW_CANDIDATE,PUBLISHED_POST_ONLY_ELIGIBILITY:FEATURE_STAGE_PASSED_AND_HUMAN_REVIEW_REQUIRED_PRE_CHEMISTRY,COVAPIE_BULK_REVIEW_UNIT_EE27EA1094097660,COVAPIE_BULK_REVIEW_UNIT_EE27EA1094097660,NEG_V1_TS_DUMP_CATALYTIC_ADDUCT_EXACT,NOT_MATCHED,"PREDICATE_MISMATCH:exact_ccd_component_graph_sha256,exact_ligand_reactive_atom,exact_ligand_reactive_element,exact_ts_family_accession_sequence_key;UNAVAILABLE_OR_MALFORMED:exact_radius1_sha256[event.reactive_center_radius1_fingerprint:MISSING],exact_radius2_sha256[event.reactive_center_radius2_fingerprint:MISSING]",NEG_V2_DTT_CRYSTALLIZATION_REDUCING_ADDUCT_EXACT,NOT_MATCHED,"PREDICATE_MISMATCH:automorphism_derived_dtt_sulfur_endpoint,exact_1fvg_reagent_protein_context,exact_1fvg_source_structure_context,exact_dtt_component_graph_sha256,exact_dtt_component_identity,structured_source_boundary;UNAVAILABLE_OR_MALFORMED:exact_dtt_heavy_identity_and_charge[outcome.ccd_formal_charge_pattern:INVALID],exact_local_topology[event.local_topology:MISSING],exact_radius1_sha256[event.reactive_center_radius1_fingerprint:MISSING],exact_radius2_sha256[event.reactive_center_radius2_fingerprint:MISSING]",,HUMAN_REVIEW_REQUIRED,NO_SINGLE_EXACT_RULE_MATCHED_EVERY_EVENT;HUMAN_REVIEW_RETAINED,NONE,false
171,COVAPIE_CYS_SG_EVENT_V1:1SNK:A:CYS:25-:SG:E:MYE:C26,1SNK,MYE,C26,FROZEN_HISTORICAL_PREDECESSOR,HISTORICAL_PREDECESSOR_EXCLUDED,LEAKAGE_EXISTING_GROUP_CONFLICT,"[""LEAKAGE_EXISTING_GROUP_CONFLICT""]",PASSED,false,BLOCKED_EXISTING_GROUP_CONFLICT,PUBLISHED_POST_ONLY_INELIGIBILITY:FEATURE_STAGE=PASSED;TERMINAL_OUTCOME=LEAKAGE_EXISTING_GROUP_CONFLICT,,,NEG_V1_TS_DUMP_CATALYTIC_ADDUCT_EXACT,NOT_EVALUATED_OUTSIDE_SUPPORTED_POST_ONLY_CANDIDATE,NOT_EVALUATED_OUTSIDE_SUPPORTED_POST_ONLY_CANDIDATE,NEG_V2_DTT_CRYSTALLIZATION_REDUCING_ADDUCT_EXACT,NOT_EVALUATED_OUTSIDE_SUPPORTED_POST_ONLY_CANDIDATE,NOT_EVALUATED_OUTSIDE_SUPPORTED_POST_ONLY_CANDIDATE,,LEAKAGE_EXISTING_GROUP_CONFLICT,BOUND_STRUCTURAL_EXECUTION_OUTCOME_RETAINED,NONE,false
172,COVAPIE_CYS_SG_EVENT_V1:1TD2:A:CYS:122-:SG:C:PXL:C4A,1TD2,PXL,C4A,FROZEN_HISTORICAL_PREDECESSOR,HISTORICAL_PREDECESSOR_EXCLUDED,STRUCTURAL_EVIDENCE_INCOMPLETE,"[""MMCIF_EXACT_CYS_SG_STRUCT_CONN_NOT_RECOVERED""]",NOT_REACHED,false,OUTSIDE_STRUCTURAL_ELIGIBILITY,PUBLISHED_POST_ONLY_INELIGIBILITY:FEATURE_STAGE=NOT_REACHED;TERMINAL_OUTCOME=STRUCTURAL_EVIDENCE_INCOMPLETE,,,NEG_V1_TS_DUMP_CATALYTIC_ADDUCT_EXACT,NOT_EVALUATED_OUTSIDE_SUPPORTED_POST_ONLY_CANDIDATE,NOT_EVALUATED_OUTSIDE_SUPPORTED_POST_ONLY_CANDIDATE,NEG_V2_DTT_CRYSTALLIZATION_REDUCING_ADDUCT_EXACT,NOT_EVALUATED_OUTSIDE_SUPPORTED_POST_ONLY_CANDIDATE,NOT_EVALUATED_OUTSIDE_SUPPORTED_POST_ONLY_CANDIDATE,,STRUCTURAL_EVIDENCE_INCOMPLETE,BOUND_STRUCTURAL_EXECUTION_OUTCOME_RETAINED,NONE,false
173,COVAPIE_CYS_SG_EVENT_V1:1THE:A:CYS:29-:SG:C:0E6:C11,1THE,0E6,C11,FROZEN_HISTORICAL_PREDECESSOR,HISTORICAL_PREDECESSOR_EXCLUDED,LEAKAGE_EXISTING_GROUP_CONFLICT,"[""LEAKAGE_EXISTING_GROUP_CONFLICT""]",PASSED,false,BLOCKED_EXISTING_GROUP_CONFLICT,PUBLISHED_POST_ONLY_INELIGIBILITY:FEATURE_STAGE=PASSED;TERMINAL_OUTCOME=LEAKAGE_EXISTING_GROUP_CONFLICT,,,NEG_V1_TS_DUMP_CATALYTIC_ADDUCT_EXACT,NOT_EVALUATED_OUTSIDE_SUPPORTED_POST_ONLY_CANDIDATE,NOT_EVALUATED_OUTSIDE_SUPPORTED_POST_ONLY_CANDIDATE,NEG_V2_DTT_CRYSTALLIZATION_REDUCING_ADDUCT_EXACT,NOT_EVALUATED_OUTSIDE_SUPPORTED_POST_ONLY_CANDIDATE,NOT_EVALUATED_OUTSIDE_SUPPORTED_POST_ONLY_CANDIDATE,,LEAKAGE_EXISTING_GROUP_CONFLICT,BOUND_STRUCTURAL_EXECUTION_OUTCOME_RETAINED,NONE,false
174,COVAPIE_CYS_SG_EVENT_V1:1THE:B:CYS:29-:SG:D:0E6:C11,1THE,0E6,C11,FROZEN_HISTORICAL_PREDECESSOR,HISTORICAL_PREDECESSOR_EXCLUDED,LEAKAGE_EXISTING_GROUP_CONFLICT,"[""LEAKAGE_EXISTING_GROUP_CONFLICT""]",PASSED,false,BLOCKED_EXISTING_GROUP_CONFLICT,PUBLISHED_POST_ONLY_INELIGIBILITY:FEATURE_STAGE=PASSED;TERMINAL_OUTCOME=LEAKAGE_EXISTING_GROUP_CONFLICT,,,NEG_V1_TS_DUMP_CATALYTIC_ADDUCT_EXACT,NOT_EVALUATED_OUTSIDE_SUPPORTED_POST_ONLY_CANDIDATE,NOT_EVALUATED_OUTSIDE_SUPPORTED_POST_ONLY_CANDIDATE,NEG_V2_DTT_CRYSTALLIZATION_REDUCING_ADDUCT_EXACT,NOT_EVALUATED_OUTSIDE_SUPPORTED_POST_ONLY_CANDIDATE,NOT_EVALUATED_OUTSIDE_SUPPORTED_POST_ONLY_CANDIDATE,,LEAKAGE_EXISTING_GROUP_CONFLICT,BOUND_STRUCTURAL_EXECUTION_OUTCOME_RETAINED,NONE,false
175,COVAPIE_CYS_SG_EVENT_V1:1TLO:A:CYS:115-:SG:D:E64:C2,1TLO,E64,C2,FROZEN_HISTORICAL_PREDECESSOR,HISTORICAL_PREDECESSOR_EXCLUDED,LEAKAGE_EXISTING_GROUP_CONFLICT,"[""LEAKAGE_EXISTING_GROUP_CONFLICT""]",PASSED,false,BLOCKED_EXISTING_GROUP_CONFLICT,PUBLISHED_POST_ONLY_INELIGIBILITY:FEATURE_STAGE=PASSED;TERMINAL_OUTCOME=LEAKAGE_EXISTING_GROUP_CONFLICT,,,NEG_V1_TS_DUMP_CATALYTIC_ADDUCT_EXACT,NOT_EVALUATED_OUTSIDE_SUPPORTED_POST_ONLY_CANDIDATE,NOT_EVALUATED_OUTSIDE_SUPPORTED_POST_ONLY_CANDIDATE,NEG_V2_DTT_CRYSTALLIZATION_REDUCING_ADDUCT_EXACT,NOT_EVALUATED_OUTSIDE_SUPPORTED_POST_ONLY_CANDIDATE,NOT_EVALUATED_OUTSIDE_SUPPORTED_POST_ONLY_CANDIDATE,,LEAKAGE_EXISTING_GROUP_CONFLICT,BOUND_STRUCTURAL_EXECUTION_OUTCOME_RETAINED,NONE,false
176,COVAPIE_CYS_SG_EVENT_V1:1TLS:A:CYS:146-:SG:C:UFP:C6,1TLS,UFP,C6,FROZEN_HISTORICAL_PREDECESSOR,HISTORICAL_PREDECESSOR_CANDIDATE,HUMAN_REVIEW_REQUIRED_PRE_CHEMISTRY,"[""PRE_CHEMISTRY_NOT_PRODUCTION_AUTHORITATIVE"",""NO_FAMILY_LEVEL_AUTO_ADMISSION""]",PASSED,true,POST_ONLY_V1_REVIEW_CANDIDATE,PUBLISHED_POST_ONLY_ELIGIBILITY:FEATURE_STAGE_PASSED_AND_HUMAN_REVIEW_REQUIRED_PRE_CHEMISTRY,COVAPIE_BULK_REVIEW_UNIT_CF6D3ADC970757BA,COVAPIE_BULK_REVIEW_UNIT_CF6D3ADC970757BA,NEG_V1_TS_DUMP_CATALYTIC_ADDUCT_EXACT,NOT_MATCHED,"PREDICATE_MISMATCH:exact_ccd_component_graph_sha256,exact_radius2_sha256",NEG_V2_DTT_CRYSTALLIZATION_REDUCING_ADDUCT_EXACT,NOT_MATCHED,"PREDICATE_MISMATCH:automorphism_derived_dtt_sulfur_endpoint,exact_1fvg_reagent_protein_context,exact_1fvg_source_structure_context,exact_dtt_component_graph_sha256,exact_dtt_component_identity,exact_ligand_reactive_element,exact_local_topology,exact_radius1_sha256,exact_radius2_sha256,structured_source_boundary;UNAVAILABLE_OR_MALFORMED:exact_dtt_heavy_identity_and_charge[outcome.ccd_formal_charge_pattern:INVALID]",,HUMAN_REVIEW_REQUIRED,NO_SINGLE_EXACT_RULE_MATCHED_EVERY_EVENT;HUMAN_REVIEW_RETAINED,NONE,false
177,COVAPIE_CYS_SG_EVENT_V1:1TLS:B:CYS:146-:SG:E:UFP:C6,1TLS,UFP,C6,FROZEN_HISTORICAL_PREDECESSOR,HISTORICAL_PREDECESSOR_CANDIDATE,HUMAN_REVIEW_REQUIRED_PRE_CHEMISTRY,"[""PRE_CHEMISTRY_NOT_PRODUCTION_AUTHORITATIVE"",""NO_FAMILY_LEVEL_AUTO_ADMISSION""]",PASSED,true,POST_ONLY_V1_REVIEW_CANDIDATE,PUBLISHED_POST_ONLY_ELIGIBILITY:FEATURE_STAGE_PASSED_AND_HUMAN_REVIEW_REQUIRED_PRE_CHEMISTRY,COVAPIE_BULK_REVIEW_UNIT_CF6D3ADC970757BA,COVAPIE_BULK_REVIEW_UNIT_CF6D3ADC970757BA,NEG_V1_TS_DUMP_CATALYTIC_ADDUCT_EXACT,NOT_MATCHED,"PREDICATE_MISMATCH:exact_ccd_component_graph_sha256,exact_radius2_sha256",NEG_V2_DTT_CRYSTALLIZATION_REDUCING_ADDUCT_EXACT,NOT_MATCHED,"PREDICATE_MISMATCH:automorphism_derived_dtt_sulfur_endpoint,exact_1fvg_reagent_protein_context,exact_1fvg_source_structure_context,exact_dtt_component_graph_sha256,exact_dtt_component_identity,exact_ligand_reactive_element,exact_local_topology,exact_radius1_sha256,exact_radius2_sha256,structured_source_boundary;UNAVAILABLE_OR_MALFORMED:exact_dtt_heavy_identity_and_charge[outcome.ccd_formal_charge_pattern:INVALID]",,HUMAN_REVIEW_REQUIRED,NO_SINGLE_EXACT_RULE_MATCHED_EVERY_EVENT;HUMAN_REVIEW_RETAINED,NONE,false
178,COVAPIE_CYS_SG_EVENT_V1:1TRG:A:CYS:146-:SG:B:UMP:C6,1TRG,UMP,C6,FROZEN_HISTORICAL_PREDECESSOR,HISTORICAL_PREDECESSOR_CANDIDATE,HUMAN_REVIEW_REQUIRED_PRE_CHEMISTRY,"[""PRE_CHEMISTRY_NOT_PRODUCTION_AUTHORITATIVE"",""NO_FAMILY_LEVEL_AUTO_ADMISSION""]",PASSED,true,POST_ONLY_V1_REVIEW_CANDIDATE,PUBLISHED_POST_ONLY_ELIGIBILITY:FEATURE_STAGE_PASSED_AND_HUMAN_REVIEW_REQUIRED_PRE_CHEMISTRY,COVAPIE_BULK_REVIEW_UNIT_EB1C0FF8712C32A9,,NEG_V1_TS_DUMP_CATALYTIC_ADDUCT_EXACT,MATCHED_AUTO_NEGATIVE_EXACT,ALL_EXACT_PREDICATES_MATCHED,NEG_V2_DTT_CRYSTALLIZATION_REDUCING_ADDUCT_EXACT,NOT_MATCHED,"PREDICATE_MISMATCH:automorphism_derived_dtt_sulfur_endpoint,exact_1fvg_reagent_protein_context,exact_1fvg_source_structure_context,exact_dtt_component_graph_sha256,exact_dtt_component_identity,exact_ligand_reactive_element,exact_local_topology,exact_radius1_sha256,exact_radius2_sha256,structured_source_boundary;UNAVAILABLE_OR_MALFORMED:exact_dtt_heavy_identity_and_charge[outcome.ccd_formal_charge_pattern:INVALID]",NEG_V1_TS_DUMP_CATALYTIC_ADDUCT_EXACT,AUTO_NEGATIVE_EXACT_FINAL,EVERY_EVENT_IN_UNIT_MATCHED_SAME_EXACT_RULE_WITHOUT_OVERRIDE,NONE,false
179,COVAPIE_CYS_SG_EVENT_V1:1TU6:A:CYS:139-:SG:E:FSP:C23,1TU6,FSP,C23,FROZEN_HISTORICAL_PREDECESSOR,HISTORICAL_PREDECESSOR_CANDIDATE,HUMAN_REVIEW_REQUIRED_PRE_CHEMISTRY,"[""PRE_CHEMISTRY_NOT_PRODUCTION_AUTHORITATIVE"",""NO_FAMILY_LEVEL_AUTO_ADMISSION""]",PASSED,true,POST_ONLY_V1_REVIEW_CANDIDATE,PUBLISHED_POST_ONLY_ELIGIBILITY:FEATURE_STAGE_PASSED_AND_HUMAN_REVIEW_REQUIRED_PRE_CHEMISTRY,COVAPIE_BULK_REVIEW_UNIT_E589158559EC7B15,COVAPIE_BULK_REVIEW_UNIT_E589158559EC7B15,NEG_V1_TS_DUMP_CATALYTIC_ADDUCT_EXACT,NOT_MATCHED,"PREDICATE_MISMATCH:exact_ccd_component_graph_sha256,exact_ligand_reactive_atom,exact_ts_family_accession_sequence_key;UNAVAILABLE_OR_MALFORMED:exact_radius1_sha256[event.reactive_center_radius1_fingerprint:MISSING],exact_radius2_sha256[event.reactive_center_radius2_fingerprint:MISSING]",NEG_V2_DTT_CRYSTALLIZATION_REDUCING_ADDUCT_EXACT,NOT_MATCHED,"PREDICATE_MISMATCH:automorphism_derived_dtt_sulfur_endpoint,exact_1fvg_reagent_protein_context,exact_1fvg_source_structure_context,exact_dtt_component_graph_sha256,exact_dtt_component_identity,exact_ligand_reactive_element,structured_source_boundary;UNAVAILABLE_OR_MALFORMED:exact_dtt_heavy_identity_and_charge[outcome.ccd_formal_charge_pattern:INVALID],exact_local_topology[event.local_topology:MISSING],exact_radius1_sha256[event.reactive_center_radius1_fingerprint:MISSING],exact_radius2_sha256[event.reactive_center_radius2_fingerprint:MISSING]",,HUMAN_REVIEW_REQUIRED,NO_SINGLE_EXACT_RULE_MATCHED_EVERY_EVENT;HUMAN_REVIEW_RETAINED,NONE,false
180,COVAPIE_CYS_SG_EVENT_V1:1TU6:B:CYS:139-:SG:G:FSP:C23,1TU6,FSP,C23,FROZEN_HISTORICAL_PREDECESSOR,HISTORICAL_PREDECESSOR_CANDIDATE,HUMAN_REVIEW_REQUIRED_PRE_CHEMISTRY,"[""PRE_CHEMISTRY_NOT_PRODUCTION_AUTHORITATIVE"",""NO_FAMILY_LEVEL_AUTO_ADMISSION""]",PASSED,true,POST_ONLY_V1_REVIEW_CANDIDATE,PUBLISHED_POST_ONLY_ELIGIBILITY:FEATURE_STAGE_PASSED_AND_HUMAN_REVIEW_REQUIRED_PRE_CHEMISTRY,COVAPIE_BULK_REVIEW_UNIT_E589158559EC7B15,COVAPIE_BULK_REVIEW_UNIT_E589158559EC7B15,NEG_V1_TS_DUMP_CATALYTIC_ADDUCT_EXACT,NOT_MATCHED,"PREDICATE_MISMATCH:exact_ccd_component_graph_sha256,exact_ligand_reactive_atom,exact_ts_family_accession_sequence_key;UNAVAILABLE_OR_MALFORMED:exact_radius1_sha256[event.reactive_center_radius1_fingerprint:MISSING],exact_radius2_sha256[event.reactive_center_radius2_fingerprint:MISSING]",NEG_V2_DTT_CRYSTALLIZATION_REDUCING_ADDUCT_EXACT,NOT_MATCHED,"PREDICATE_MISMATCH:automorphism_derived_dtt_sulfur_endpoint,exact_1fvg_reagent_protein_context,exact_1fvg_source_structure_context,exact_dtt_component_graph_sha256,exact_dtt_component_identity,exact_ligand_reactive_element,structured_source_boundary;UNAVAILABLE_OR_MALFORMED:exact_dtt_heavy_identity_and_charge[outcome.ccd_formal_charge_pattern:INVALID],exact_local_topology[event.local_topology:MISSING],exact_radius1_sha256[event.reactive_center_radius1_fingerprint:MISSING],exact_radius2_sha256[event.reactive_center_radius2_fingerprint:MISSING]",,HUMAN_REVIEW_REQUIRED,NO_SINGLE_EXACT_RULE_MATCHED_EVERY_EVENT;HUMAN_REVIEW_RETAINED,NONE,false
181,COVAPIE_CYS_SG_EVENT_V1:1U9V:A:CYS:25-:SG:B:IHE:C27,1U9V,IHE,C27,FROZEN_HISTORICAL_PREDECESSOR,HISTORICAL_PREDECESSOR_EXCLUDED,LEAKAGE_EXISTING_GROUP_CONFLICT,"[""LEAKAGE_EXISTING_GROUP_CONFLICT""]",PASSED,false,BLOCKED_EXISTING_GROUP_CONFLICT,PUBLISHED_POST_ONLY_INELIGIBILITY:FEATURE_STAGE=PASSED;TERMINAL_OUTCOME=LEAKAGE_EXISTING_GROUP_CONFLICT,,,NEG_V1_TS_DUMP_CATALYTIC_ADDUCT_EXACT,NOT_EVALUATED_OUTSIDE_SUPPORTED_POST_ONLY_CANDIDATE,NOT_EVALUATED_OUTSIDE_SUPPORTED_POST_ONLY_CANDIDATE,NEG_V2_DTT_CRYSTALLIZATION_REDUCING_ADDUCT_EXACT,NOT_EVALUATED_OUTSIDE_SUPPORTED_POST_ONLY_CANDIDATE,NOT_EVALUATED_OUTSIDE_SUPPORTED_POST_ONLY_CANDIDATE,,LEAKAGE_EXISTING_GROUP_CONFLICT,BOUND_STRUCTURAL_EXECUTION_OUTCOME_RETAINED,NONE,false
182,COVAPIE_CYS_SG_EVENT_V1:1U9W:A:CYS:25-:SG:B:IHI:C26,1U9W,IHI,C26,FROZEN_HISTORICAL_PREDECESSOR,HISTORICAL_PREDECESSOR_EXCLUDED,LEAKAGE_EXISTING_GROUP_CONFLICT,"[""LEAKAGE_EXISTING_GROUP_CONFLICT""]",PASSED,false,BLOCKED_EXISTING_GROUP_CONFLICT,PUBLISHED_POST_ONLY_INELIGIBILITY:FEATURE_STAGE=PASSED;TERMINAL_OUTCOME=LEAKAGE_EXISTING_GROUP_CONFLICT,,,NEG_V1_TS_DUMP_CATALYTIC_ADDUCT_EXACT,NOT_EVALUATED_OUTSIDE_SUPPORTED_POST_ONLY_CANDIDATE,NOT_EVALUATED_OUTSIDE_SUPPORTED_POST_ONLY_CANDIDATE,NEG_V2_DTT_CRYSTALLIZATION_REDUCING_ADDUCT_EXACT,NOT_EVALUATED_OUTSIDE_SUPPORTED_POST_ONLY_CANDIDATE,NOT_EVALUATED_OUTSIDE_SUPPORTED_POST_ONLY_CANDIDATE,,LEAKAGE_EXISTING_GROUP_CONFLICT,BOUND_STRUCTURAL_EXECUTION_OUTCOME_RETAINED,NONE,false
183,COVAPIE_CYS_SG_EVENT_V1:1U9X:A:CYS:25-:SG:B:IHJ:C12,1U9X,IHJ,C12,FROZEN_HISTORICAL_PREDECESSOR,HISTORICAL_PREDECESSOR_EXCLUDED,LEAKAGE_EXISTING_GROUP_CONFLICT,"[""LEAKAGE_EXISTING_GROUP_CONFLICT""]",PASSED,false,BLOCKED_EXISTING_GROUP_CONFLICT,PUBLISHED_POST_ONLY_INELIGIBILITY:FEATURE_STAGE=PASSED;TERMINAL_OUTCOME=LEAKAGE_EXISTING_GROUP_CONFLICT,,,NEG_V1_TS_DUMP_CATALYTIC_ADDUCT_EXACT,NOT_EVALUATED_OUTSIDE_SUPPORTED_POST_ONLY_CANDIDATE,NOT_EVALUATED_OUTSIDE_SUPPORTED_POST_ONLY_CANDIDATE,NEG_V2_DTT_CRYSTALLIZATION_REDUCING_ADDUCT_EXACT,NOT_EVALUATED_OUTSIDE_SUPPORTED_POST_ONLY_CANDIDATE,NOT_EVALUATED_OUTSIDE_SUPPORTED_POST_ONLY_CANDIDATE,,LEAKAGE_EXISTING_GROUP_CONFLICT,BOUND_STRUCTURAL_EXECUTION_OUTCOME_RETAINED,NONE,false
184,COVAPIE_CYS_SG_EVENT_V1:1VSN:A:CYS:25-:SG:B:NFT:C44,1VSN,NFT,C44,FROZEN_HISTORICAL_PREDECESSOR,HISTORICAL_PREDECESSOR_EXCLUDED,LEAKAGE_EXISTING_GROUP_CONFLICT,"[""LEAKAGE_EXISTING_GROUP_CONFLICT""]",PASSED,false,BLOCKED_EXISTING_GROUP_CONFLICT,PUBLISHED_POST_ONLY_INELIGIBILITY:FEATURE_STAGE=PASSED;TERMINAL_OUTCOME=LEAKAGE_EXISTING_GROUP_CONFLICT,,,NEG_V1_TS_DUMP_CATALYTIC_ADDUCT_EXACT,NOT_EVALUATED_OUTSIDE_SUPPORTED_POST_ONLY_CANDIDATE,NOT_EVALUATED_OUTSIDE_SUPPORTED_POST_ONLY_CANDIDATE,NEG_V2_DTT_CRYSTALLIZATION_REDUCING_ADDUCT_EXACT,NOT_EVALUATED_OUTSIDE_SUPPORTED_POST_ONLY_CANDIDATE,NOT_EVALUATED_OUTSIDE_SUPPORTED_POST_ONLY_CANDIDATE,,LEAKAGE_EXISTING_GROUP_CONFLICT,BOUND_STRUCTURAL_EXECUTION_OUTCOME_RETAINED,NONE,false
185,COVAPIE_CYS_SG_EVENT_V1:1VZE:A:CYS:198-:SG:B:UMP:C6,1VZE,UMP,C6,FROZEN_HISTORICAL_PREDECESSOR,HISTORICAL_PREDECESSOR_EXCLUDED,STRUCTURAL_EVIDENCE_INCOMPLETE,"[""MMCIF_EXACT_CYS_SG_STRUCT_CONN_NOT_RECOVERED""]",NOT_REACHED,false,OUTSIDE_STRUCTURAL_ELIGIBILITY,PUBLISHED_POST_ONLY_INELIGIBILITY:FEATURE_STAGE=NOT_REACHED;TERMINAL_OUTCOME=STRUCTURAL_EVIDENCE_INCOMPLETE,,,NEG_V1_TS_DUMP_CATALYTIC_ADDUCT_EXACT,NOT_EVALUATED_OUTSIDE_SUPPORTED_POST_ONLY_CANDIDATE,NOT_EVALUATED_OUTSIDE_SUPPORTED_POST_ONLY_CANDIDATE,NEG_V2_DTT_CRYSTALLIZATION_REDUCING_ADDUCT_EXACT,NOT_EVALUATED_OUTSIDE_SUPPORTED_POST_ONLY_CANDIDATE,NOT_EVALUATED_OUTSIDE_SUPPORTED_POST_ONLY_CANDIDATE,,STRUCTURAL_EVIDENCE_INCOMPLETE,BOUND_STRUCTURAL_EXECUTION_OUTCOME_RETAINED,NONE,false
186,COVAPIE_CYS_SG_EVENT_V1:1W66:A:CYS:176-:SG:B:DKA:C3,1W66,DKA,C3,FROZEN_HISTORICAL_PREDECESSOR,HISTORICAL_PREDECESSOR_EXCLUDED,STRUCTURAL_EVIDENCE_INCOMPLETE,"[""MMCIF_EXACT_CYS_SG_STRUCT_CONN_NOT_RECOVERED""]",NOT_REACHED,false,OUTSIDE_STRUCTURAL_ELIGIBILITY,PUBLISHED_POST_ONLY_INELIGIBILITY:FEATURE_STAGE=NOT_REACHED;TERMINAL_OUTCOME=STRUCTURAL_EVIDENCE_INCOMPLETE,,,NEG_V1_TS_DUMP_CATALYTIC_ADDUCT_EXACT,NOT_EVALUATED_OUTSIDE_SUPPORTED_POST_ONLY_CANDIDATE,NOT_EVALUATED_OUTSIDE_SUPPORTED_POST_ONLY_CANDIDATE,NEG_V2_DTT_CRYSTALLIZATION_REDUCING_ADDUCT_EXACT,NOT_EVALUATED_OUTSIDE_SUPPORTED_POST_ONLY_CANDIDATE,NOT_EVALUATED_OUTSIDE_SUPPORTED_POST_ONLY_CANDIDATE,,STRUCTURAL_EVIDENCE_INCOMPLETE,BOUND_STRUCTURAL_EXECUTION_OUTCOME_RETAINED,NONE,false
187,COVAPIE_CYS_SG_EVENT_V1:1WOF:A:CYS:145-:SG:C:I12:C21,1WOF,I12,C21,FROZEN_HISTORICAL_PREDECESSOR,HISTORICAL_PREDECESSOR_CANDIDATE,HUMAN_REVIEW_REQUIRED_PRE_CHEMISTRY,"[""PRE_CHEMISTRY_NOT_PRODUCTION_AUTHORITATIVE"",""NO_FAMILY_LEVEL_AUTO_ADMISSION""]",PASSED,true,POST_ONLY_V1_REVIEW_CANDIDATE,PUBLISHED_POST_ONLY_ELIGIBILITY:FEATURE_STAGE_PASSED_AND_HUMAN_REVIEW_REQUIRED_PRE_CHEMISTRY,COVAPIE_BULK_REVIEW_UNIT_7D83F048AF8A2295,COVAPIE_BULK_REVIEW_UNIT_7D83F048AF8A2295,NEG_V1_TS_DUMP_CATALYTIC_ADDUCT_EXACT,NOT_MATCHED,"PREDICATE_MISMATCH:exact_ccd_component_graph_sha256,exact_ligand_reactive_atom,exact_radius1_sha256,exact_radius2_sha256,exact_ts_family_accession_sequence_key",NEG_V2_DTT_CRYSTALLIZATION_REDUCING_ADDUCT_EXACT,NOT_MATCHED,"PREDICATE_MISMATCH:automorphism_derived_dtt_sulfur_endpoint,exact_1fvg_reagent_protein_context,exact_1fvg_source_structure_context,exact_dtt_component_graph_sha256,exact_dtt_component_identity,exact_ligand_reactive_element,exact_local_topology,exact_radius1_sha256,exact_radius2_sha256;UNAVAILABLE_OR_MALFORMED:exact_dtt_heavy_identity_and_charge[outcome.ccd_formal_charge_pattern:INVALID]",,HUMAN_REVIEW_REQUIRED,NO_SINGLE_EXACT_RULE_MATCHED_EVERY_EVENT;HUMAN_REVIEW_RETAINED,NONE,false
188,COVAPIE_CYS_SG_EVENT_V1:1WOF:B:CYS:145-:SG:D:I12:C21,1WOF,I12,C21,FROZEN_HISTORICAL_PREDECESSOR,HISTORICAL_PREDECESSOR_CANDIDATE,HUMAN_REVIEW_REQUIRED_PRE_CHEMISTRY,"[""PRE_CHEMISTRY_NOT_PRODUCTION_AUTHORITATIVE"",""NO_FAMILY_LEVEL_AUTO_ADMISSION""]",PASSED,true,POST_ONLY_V1_REVIEW_CANDIDATE,PUBLISHED_POST_ONLY_ELIGIBILITY:FEATURE_STAGE_PASSED_AND_HUMAN_REVIEW_REQUIRED_PRE_CHEMISTRY,COVAPIE_BULK_REVIEW_UNIT_7D83F048AF8A2295,COVAPIE_BULK_REVIEW_UNIT_7D83F048AF8A2295,NEG_V1_TS_DUMP_CATALYTIC_ADDUCT_EXACT,NOT_MATCHED,"PREDICATE_MISMATCH:exact_ccd_component_graph_sha256,exact_ligand_reactive_atom,exact_radius1_sha256,exact_radius2_sha256,exact_ts_family_accession_sequence_key",NEG_V2_DTT_CRYSTALLIZATION_REDUCING_ADDUCT_EXACT,NOT_MATCHED,"PREDICATE_MISMATCH:automorphism_derived_dtt_sulfur_endpoint,exact_1fvg_reagent_protein_context,exact_1fvg_source_structure_context,exact_dtt_component_graph_sha256,exact_dtt_component_identity,exact_ligand_reactive_element,exact_local_topology,exact_radius1_sha256,exact_radius2_sha256;UNAVAILABLE_OR_MALFORMED:exact_dtt_heavy_identity_and_charge[outcome.ccd_formal_charge_pattern:INVALID]",,HUMAN_REVIEW_REQUIRED,NO_SINGLE_EXACT_RULE_MATCHED_EVERY_EVENT;HUMAN_REVIEW_RETAINED,NONE,false
189,COVAPIE_CYS_SG_EVENT_V1:1XD3:A:CYS:95-:SG:H:GVE:CB,1XD3,GVE,CB,FROZEN_HISTORICAL_PREDECESSOR,HISTORICAL_PREDECESSOR_CANDIDATE,HUMAN_REVIEW_REQUIRED_PRE_CHEMISTRY,"[""PRE_CHEMISTRY_NOT_PRODUCTION_AUTHORITATIVE"",""NO_FAMILY_LEVEL_AUTO_ADMISSION""]",PASSED,true,POST_ONLY_V1_REVIEW_CANDIDATE,PUBLISHED_POST_ONLY_ELIGIBILITY:FEATURE_STAGE_PASSED_AND_HUMAN_REVIEW_REQUIRED_PRE_CHEMISTRY,COVAPIE_BULK_REVIEW_UNIT_AAB4DCC7D3073222,,NEG_V1_TS_DUMP_CATALYTIC_ADDUCT_EXACT,NOT_MATCHED,"PREDICATE_MISMATCH:exact_ccd_component_graph_sha256,exact_ligand_reactive_atom,exact_radius1_sha256,exact_radius2_sha256,exact_ts_family_accession_sequence_key",NEG_V2_DTT_CRYSTALLIZATION_REDUCING_ADDUCT_EXACT,NOT_MATCHED,"PREDICATE_MISMATCH:automorphism_derived_dtt_sulfur_endpoint,exact_1fvg_reagent_protein_context,exact_1fvg_source_structure_context,exact_dtt_component_graph_sha256,exact_dtt_component_identity,exact_ligand_reactive_element,exact_local_topology,exact_radius1_sha256,exact_radius2_sha256;UNAVAILABLE_OR_MALFORMED:exact_dtt_heavy_identity_and_charge[outcome.ccd_formal_charge_pattern:INVALID]",,HUMAN_NOT_RELEVANT_FINAL,CURRENT_HUMAN_NOT_RELEVANT_DECISION_HAS_SECOND_PRECEDENCE,PUBLISHED_HISTORICAL_EXACT_EVENT_SCOPE,false
190,COVAPIE_CYS_SG_EVENT_V1:1XD3:C:CYS:95-:SG:P:GVE:CB,1XD3,GVE,CB,FROZEN_HISTORICAL_PREDECESSOR,HISTORICAL_PREDECESSOR_CANDIDATE,HUMAN_REVIEW_REQUIRED_PRE_CHEMISTRY,"[""PRE_CHEMISTRY_NOT_PRODUCTION_AUTHORITATIVE"",""NO_FAMILY_LEVEL_AUTO_ADMISSION""]",PASSED,true,POST_ONLY_V1_REVIEW_CANDIDATE,PUBLISHED_POST_ONLY_ELIGIBILITY:FEATURE_STAGE_PASSED_AND_HUMAN_REVIEW_REQUIRED_PRE_CHEMISTRY,COVAPIE_BULK_REVIEW_UNIT_AAB4DCC7D3073222,,NEG_V1_TS_DUMP_CATALYTIC_ADDUCT_EXACT,NOT_MATCHED,"PREDICATE_MISMATCH:exact_ccd_component_graph_sha256,exact_ligand_reactive_atom,exact_radius1_sha256,exact_radius2_sha256,exact_ts_family_accession_sequence_key",NEG_V2_DTT_CRYSTALLIZATION_REDUCING_ADDUCT_EXACT,NOT_MATCHED,"PREDICATE_MISMATCH:automorphism_derived_dtt_sulfur_endpoint,exact_1fvg_reagent_protein_context,exact_1fvg_source_structure_context,exact_dtt_component_graph_sha256,exact_dtt_component_identity,exact_ligand_reactive_element,exact_local_topology,exact_radius1_sha256,exact_radius2_sha256;UNAVAILABLE_OR_MALFORMED:exact_dtt_heavy_identity_and_charge[outcome.ccd_formal_charge_pattern:INVALID]",,HUMAN_NOT_RELEVANT_FINAL,CURRENT_HUMAN_NOT_RELEVANT_DECISION_HAS_SECOND_PRECEDENCE,PUBLISHED_HISTORICAL_EXACT_EVENT_SCOPE,false
191,COVAPIE_CYS_SG_EVENT_V1:1YK7:A:CYS:25-:SG:B:NBL:C25,1YK7,NBL,C25,FROZEN_HISTORICAL_PREDECESSOR,HISTORICAL_PREDECESSOR_EXCLUDED,LEAKAGE_EXISTING_GROUP_CONFLICT,"[""LEAKAGE_EXISTING_GROUP_CONFLICT""]",PASSED,false,BLOCKED_EXISTING_GROUP_CONFLICT,PUBLISHED_POST_ONLY_INELIGIBILITY:FEATURE_STAGE=PASSED;TERMINAL_OUTCOME=LEAKAGE_EXISTING_GROUP_CONFLICT,,,NEG_V1_TS_DUMP_CATALYTIC_ADDUCT_EXACT,NOT_EVALUATED_OUTSIDE_SUPPORTED_POST_ONLY_CANDIDATE,NOT_EVALUATED_OUTSIDE_SUPPORTED_POST_ONLY_CANDIDATE,NEG_V2_DTT_CRYSTALLIZATION_REDUCING_ADDUCT_EXACT,NOT_EVALUATED_OUTSIDE_SUPPORTED_POST_ONLY_CANDIDATE,NOT_EVALUATED_OUTSIDE_SUPPORTED_POST_ONLY_CANDIDATE,,LEAKAGE_EXISTING_GROUP_CONFLICT,BOUND_STRUCTURAL_EXECUTION_OUTCOME_RETAINED,NONE,false
192,COVAPIE_CYS_SG_EVENT_V1:1YK8:A:CYS:139-:SG:B:T2M:C11,1YK8,T2M,C11,FROZEN_HISTORICAL_PREDECESSOR,HISTORICAL_PREDECESSOR_EXCLUDED,LEAKAGE_EXISTING_GROUP_CONFLICT,"[""LEAKAGE_EXISTING_GROUP_CONFLICT""]",PASSED,false,BLOCKED_EXISTING_GROUP_CONFLICT,PUBLISHED_POST_ONLY_INELIGIBILITY:FEATURE_STAGE=PASSED;TERMINAL_OUTCOME=LEAKAGE_EXISTING_GROUP_CONFLICT,,,NEG_V1_TS_DUMP_CATALYTIC_ADDUCT_EXACT,NOT_EVALUATED_OUTSIDE_SUPPORTED_POST_ONLY_CANDIDATE,NOT_EVALUATED_OUTSIDE_SUPPORTED_POST_ONLY_CANDIDATE,NEG_V2_DTT_CRYSTALLIZATION_REDUCING_ADDUCT_EXACT,NOT_EVALUATED_OUTSIDE_SUPPORTED_POST_ONLY_CANDIDATE,NOT_EVALUATED_OUTSIDE_SUPPORTED_POST_ONLY_CANDIDATE,,LEAKAGE_EXISTING_GROUP_CONFLICT,BOUND_STRUCTURAL_EXECUTION_OUTCOME_RETAINED,NONE,false
193,COVAPIE_CYS_SG_EVENT_V1:1YT7:A:CYS:25-:SG:D:3FC:C31,1YT7,3FC,C31,FROZEN_HISTORICAL_PREDECESSOR,HISTORICAL_PREDECESSOR_EXCLUDED,LEAKAGE_EXISTING_GROUP_CONFLICT,"[""LEAKAGE_EXISTING_GROUP_CONFLICT""]",PASSED,false,BLOCKED_EXISTING_GROUP_CONFLICT,PUBLISHED_POST_ONLY_INELIGIBILITY:FEATURE_STAGE=PASSED;TERMINAL_OUTCOME=LEAKAGE_EXISTING_GROUP_CONFLICT,,,NEG_V1_TS_DUMP_CATALYTIC_ADDUCT_EXACT,NOT_EVALUATED_OUTSIDE_SUPPORTED_POST_ONLY_CANDIDATE,NOT_EVALUATED_OUTSIDE_SUPPORTED_POST_ONLY_CANDIDATE,NEG_V2_DTT_CRYSTALLIZATION_REDUCING_ADDUCT_EXACT,NOT_EVALUATED_OUTSIDE_SUPPORTED_POST_ONLY_CANDIDATE,NOT_EVALUATED_OUTSIDE_SUPPORTED_POST_ONLY_CANDIDATE,,LEAKAGE_EXISTING_GROUP_CONFLICT,BOUND_STRUCTURAL_EXECUTION_OUTCOME_RETAINED,NONE,false
194,COVAPIE_CYS_SG_EVENT_V1:1ZCM:A:CYS:115-:SG:D:C1N:C32,1ZCM,C1N,C32,FROZEN_HISTORICAL_PREDECESSOR,HISTORICAL_PREDECESSOR_EXCLUDED,LEAKAGE_EXISTING_GROUP_CONFLICT,"[""LEAKAGE_EXISTING_GROUP_CONFLICT""]",PASSED,false,BLOCKED_EXISTING_GROUP_CONFLICT,PUBLISHED_POST_ONLY_INELIGIBILITY:FEATURE_STAGE=PASSED;TERMINAL_OUTCOME=LEAKAGE_EXISTING_GROUP_CONFLICT,,,NEG_V1_TS_DUMP_CATALYTIC_ADDUCT_EXACT,NOT_EVALUATED_OUTSIDE_SUPPORTED_POST_ONLY_CANDIDATE,NOT_EVALUATED_OUTSIDE_SUPPORTED_POST_ONLY_CANDIDATE,NEG_V2_DTT_CRYSTALLIZATION_REDUCING_ADDUCT_EXACT,NOT_EVALUATED_OUTSIDE_SUPPORTED_POST_ONLY_CANDIDATE,NOT_EVALUATED_OUTSIDE_SUPPORTED_POST_ONLY_CANDIDATE,,LEAKAGE_EXISTING_GROUP_CONFLICT,BOUND_STRUCTURAL_EXECUTION_OUTCOME_RETAINED,NONE,false
195,COVAPIE_CYS_SG_EVENT_V1:1ZPR:A:CYS:146-:SG:C:UMP:C6,1ZPR,UMP,C6,FROZEN_HISTORICAL_PREDECESSOR,HISTORICAL_PREDECESSOR_CANDIDATE,HUMAN_REVIEW_REQUIRED_PRE_CHEMISTRY,"[""PRE_CHEMISTRY_NOT_PRODUCTION_AUTHORITATIVE"",""NO_FAMILY_LEVEL_AUTO_ADMISSION""]",PASSED,true,POST_ONLY_V1_REVIEW_CANDIDATE,PUBLISHED_POST_ONLY_ELIGIBILITY:FEATURE_STAGE_PASSED_AND_HUMAN_REVIEW_REQUIRED_PRE_CHEMISTRY,COVAPIE_BULK_REVIEW_UNIT_EB1C0FF8712C32A9,,NEG_V1_TS_DUMP_CATALYTIC_ADDUCT_EXACT,MATCHED_AUTO_NEGATIVE_EXACT,ALL_EXACT_PREDICATES_MATCHED,NEG_V2_DTT_CRYSTALLIZATION_REDUCING_ADDUCT_EXACT,NOT_MATCHED,"PREDICATE_MISMATCH:automorphism_derived_dtt_sulfur_endpoint,exact_1fvg_reagent_protein_context,exact_1fvg_source_structure_context,exact_dtt_component_graph_sha256,exact_dtt_component_identity,exact_ligand_reactive_element,exact_local_topology,exact_radius1_sha256,exact_radius2_sha256,structured_source_boundary;UNAVAILABLE_OR_MALFORMED:exact_dtt_heavy_identity_and_charge[outcome.ccd_formal_charge_pattern:INVALID]",NEG_V1_TS_DUMP_CATALYTIC_ADDUCT_EXACT,AUTO_NEGATIVE_EXACT_FINAL,EVERY_EVENT_IN_UNIT_MATCHED_SAME_EXACT_RULE_WITHOUT_OVERRIDE,NONE,false
196,COVAPIE_CYS_SG_EVENT_V1:207L:A:CYS:95-:SG:B:SC2:SG,207L,SC2,SG,FROZEN_HISTORICAL_PREDECESSOR,HISTORICAL_PREDECESSOR_CANDIDATE,HUMAN_REVIEW_REQUIRED_PRE_CHEMISTRY,"[""PRE_CHEMISTRY_NOT_PRODUCTION_AUTHORITATIVE"",""NO_FAMILY_LEVEL_AUTO_ADMISSION""]",PASSED,true,POST_ONLY_V1_REVIEW_CANDIDATE,PUBLISHED_POST_ONLY_ELIGIBILITY:FEATURE_STAGE_PASSED_AND_HUMAN_REVIEW_REQUIRED_PRE_CHEMISTRY,COVAPIE_BULK_REVIEW_UNIT_971451AE7B5617B9,COVAPIE_BULK_REVIEW_UNIT_971451AE7B5617B9,NEG_V1_TS_DUMP_CATALYTIC_ADDUCT_EXACT,NOT_MATCHED,"PREDICATE_MISMATCH:exact_ccd_component_graph_sha256,exact_ligand_reactive_atom,exact_ligand_reactive_element,exact_radius1_sha256,exact_radius2_sha256,exact_ts_family_accession_sequence_key",NEG_V2_DTT_CRYSTALLIZATION_REDUCING_ADDUCT_EXACT,NOT_MATCHED,"PREDICATE_MISMATCH:automorphism_derived_dtt_sulfur_endpoint,exact_1fvg_reagent_protein_context,exact_1fvg_source_structure_context,exact_dtt_component_graph_sha256,exact_dtt_component_identity;UNAVAILABLE_OR_MALFORMED:exact_dtt_heavy_identity_and_charge[outcome.ccd_formal_charge_pattern:INVALID]",,HUMAN_REVIEW_REQUIRED,NO_SINGLE_EXACT_RULE_MATCHED_EVERY_EVENT;HUMAN_REVIEW_RETAINED,NONE,false
197,COVAPIE_CYS_SG_EVENT_V1:2A4O:A:CYS:172-:SG:C:ACE:CH3,2A4O,ACE,CH3,FROZEN_HISTORICAL_PREDECESSOR,HISTORICAL_PREDECESSOR_EXCLUDED,LEAKAGE_EXISTING_GROUP_CONFLICT,"[""LEAKAGE_EXISTING_GROUP_CONFLICT""]",PASSED,false,BLOCKED_EXISTING_GROUP_CONFLICT,PUBLISHED_POST_ONLY_INELIGIBILITY:FEATURE_STAGE=PASSED;TERMINAL_OUTCOME=LEAKAGE_EXISTING_GROUP_CONFLICT,,,NEG_V1_TS_DUMP_CATALYTIC_ADDUCT_EXACT,NOT_EVALUATED_OUTSIDE_SUPPORTED_POST_ONLY_CANDIDATE,NOT_EVALUATED_OUTSIDE_SUPPORTED_POST_ONLY_CANDIDATE,NEG_V2_DTT_CRYSTALLIZATION_REDUCING_ADDUCT_EXACT,NOT_EVALUATED_OUTSIDE_SUPPORTED_POST_ONLY_CANDIDATE,NOT_EVALUATED_OUTSIDE_SUPPORTED_POST_ONLY_CANDIDATE,,LEAKAGE_EXISTING_GROUP_CONFLICT,BOUND_STRUCTURAL_EXECUTION_OUTCOME_RETAINED,NONE,false
198,COVAPIE_CYS_SG_EVENT_V1:2A4T:A:CYS:131-:SG:B:R7A:SD,2A4T,R7A,SD,FROZEN_HISTORICAL_PREDECESSOR,HISTORICAL_PREDECESSOR_EXCLUDED,QUARANTINE_REPRESENTATION_GAP,"[""PRE_ONLY_ATOMS_CANNOT_BE_DROPPED_OR_GIVEN_COORDINATES""]",PASSED,false,BLOCKED_REPRESENTATION_GAP,PUBLISHED_POST_ONLY_INELIGIBILITY:FEATURE_STAGE=PASSED;TERMINAL_OUTCOME=QUARANTINE_REPRESENTATION_GAP,,,NEG_V1_TS_DUMP_CATALYTIC_ADDUCT_EXACT,NOT_EVALUATED_OUTSIDE_SUPPORTED_POST_ONLY_CANDIDATE,NOT_EVALUATED_OUTSIDE_SUPPORTED_POST_ONLY_CANDIDATE,NEG_V2_DTT_CRYSTALLIZATION_REDUCING_ADDUCT_EXACT,NOT_EVALUATED_OUTSIDE_SUPPORTED_POST_ONLY_CANDIDATE,NOT_EVALUATED_OUTSIDE_SUPPORTED_POST_ONLY_CANDIDATE,,QUARANTINE_REPRESENTATION_GAP,BOUND_STRUCTURAL_EXECUTION_OUTCOME_RETAINED,NONE,false
199,COVAPIE_CYS_SG_EVENT_V1:2A5I:A:CYS:145-:SG:B:AZP:CBM,2A5I,AZP,CBM,FROZEN_HISTORICAL_PREDECESSOR,HISTORICAL_PREDECESSOR_CANDIDATE,HUMAN_REVIEW_REQUIRED_PRE_CHEMISTRY,"[""PRE_CHEMISTRY_NOT_PRODUCTION_AUTHORITATIVE"",""NO_FAMILY_LEVEL_AUTO_ADMISSION""]",PASSED,true,POST_ONLY_V1_REVIEW_CANDIDATE,PUBLISHED_POST_ONLY_ELIGIBILITY:FEATURE_STAGE_PASSED_AND_HUMAN_REVIEW_REQUIRED_PRE_CHEMISTRY,COVAPIE_BULK_REVIEW_UNIT_7FB64BA2D198B24F,COVAPIE_BULK_REVIEW_UNIT_7FB64BA2D198B24F,NEG_V1_TS_DUMP_CATALYTIC_ADDUCT_EXACT,NOT_MATCHED,"PREDICATE_MISMATCH:exact_ccd_component_graph_sha256,exact_ligand_reactive_atom,exact_radius1_sha256,exact_radius2_sha256,exact_ts_family_accession_sequence_key",NEG_V2_DTT_CRYSTALLIZATION_REDUCING_ADDUCT_EXACT,NOT_MATCHED,"PREDICATE_MISMATCH:automorphism_derived_dtt_sulfur_endpoint,exact_1fvg_reagent_protein_context,exact_1fvg_source_structure_context,exact_dtt_component_graph_sha256,exact_dtt_component_identity,exact_ligand_reactive_element,exact_local_topology,exact_radius1_sha256,exact_radius2_sha256;UNAVAILABLE_OR_MALFORMED:exact_dtt_heavy_identity_and_charge[outcome.ccd_formal_charge_pattern:INVALID]",,HUMAN_REVIEW_REQUIRED,NO_SINGLE_EXACT_RULE_MATCHED_EVERY_EVENT;HUMAN_REVIEW_RETAINED,NONE,false
200,COVAPIE_CYS_SG_EVENT_V1:2A5K:A:CYS:145-:SG:C:AZP:CBM,2A5K,AZP,CBM,FROZEN_HISTORICAL_PREDECESSOR,HISTORICAL_PREDECESSOR_CANDIDATE,HUMAN_REVIEW_REQUIRED_PRE_CHEMISTRY,"[""PRE_CHEMISTRY_NOT_PRODUCTION_AUTHORITATIVE"",""NO_FAMILY_LEVEL_AUTO_ADMISSION""]",PASSED,true,POST_ONLY_V1_REVIEW_CANDIDATE,PUBLISHED_POST_ONLY_ELIGIBILITY:FEATURE_STAGE_PASSED_AND_HUMAN_REVIEW_REQUIRED_PRE_CHEMISTRY,COVAPIE_BULK_REVIEW_UNIT_7FB64BA2D198B24F,COVAPIE_BULK_REVIEW_UNIT_7FB64BA2D198B24F,NEG_V1_TS_DUMP_CATALYTIC_ADDUCT_EXACT,NOT_MATCHED,"PREDICATE_MISMATCH:exact_ccd_component_graph_sha256,exact_ligand_reactive_atom,exact_radius1_sha256,exact_radius2_sha256,exact_ts_family_accession_sequence_key",NEG_V2_DTT_CRYSTALLIZATION_REDUCING_ADDUCT_EXACT,NOT_MATCHED,"PREDICATE_MISMATCH:automorphism_derived_dtt_sulfur_endpoint,exact_1fvg_reagent_protein_context,exact_1fvg_source_structure_context,exact_dtt_component_graph_sha256,exact_dtt_component_identity,exact_ligand_reactive_element,exact_local_topology,exact_radius1_sha256,exact_radius2_sha256;UNAVAILABLE_OR_MALFORMED:exact_dtt_heavy_identity_and_charge[outcome.ccd_formal_charge_pattern:INVALID]",,HUMAN_REVIEW_REQUIRED,NO_SINGLE_EXACT_RULE_MATCHED_EVERY_EVENT;HUMAN_REVIEW_RETAINED,NONE,false
201,COVAPIE_CYS_SG_EVENT_V1:2A5K:B:CYS:145-:SG:D:AZP:CBM,2A5K,AZP,CBM,FROZEN_HISTORICAL_PREDECESSOR,HISTORICAL_PREDECESSOR_CANDIDATE,HUMAN_REVIEW_REQUIRED_PRE_CHEMISTRY,"[""PRE_CHEMISTRY_NOT_PRODUCTION_AUTHORITATIVE"",""NO_FAMILY_LEVEL_AUTO_ADMISSION""]",PASSED,true,POST_ONLY_V1_REVIEW_CANDIDATE,PUBLISHED_POST_ONLY_ELIGIBILITY:FEATURE_STAGE_PASSED_AND_HUMAN_REVIEW_REQUIRED_PRE_CHEMISTRY,COVAPIE_BULK_REVIEW_UNIT_7FB64BA2D198B24F,COVAPIE_BULK_REVIEW_UNIT_7FB64BA2D198B24F,NEG_V1_TS_DUMP_CATALYTIC_ADDUCT_EXACT,NOT_MATCHED,"PREDICATE_MISMATCH:exact_ccd_component_graph_sha256,exact_ligand_reactive_atom,exact_radius1_sha256,exact_radius2_sha256,exact_ts_family_accession_sequence_key",NEG_V2_DTT_CRYSTALLIZATION_REDUCING_ADDUCT_EXACT,NOT_MATCHED,"PREDICATE_MISMATCH:automorphism_derived_dtt_sulfur_endpoint,exact_1fvg_reagent_protein_context,exact_1fvg_source_structure_context,exact_dtt_component_graph_sha256,exact_dtt_component_identity,exact_ligand_reactive_element,exact_local_topology,exact_radius1_sha256,exact_radius2_sha256;UNAVAILABLE_OR_MALFORMED:exact_dtt_heavy_identity_and_charge[outcome.ccd_formal_charge_pattern:INVALID]",,HUMAN_REVIEW_REQUIRED,NO_SINGLE_EXACT_RULE_MATCHED_EVERY_EVENT;HUMAN_REVIEW_RETAINED,NONE,false
202,COVAPIE_CYS_SG_EVENT_V1:2AAZ:A:CYS:187-:SG:Q:UMP:C6,2AAZ,UMP,C6,FROZEN_HISTORICAL_PREDECESSOR,HISTORICAL_PREDECESSOR_CANDIDATE,HUMAN_REVIEW_REQUIRED_PRE_CHEMISTRY,"[""PRE_CHEMISTRY_NOT_PRODUCTION_AUTHORITATIVE"",""NO_FAMILY_LEVEL_AUTO_ADMISSION""]",PASSED,true,POST_ONLY_V1_REVIEW_CANDIDATE,PUBLISHED_POST_ONLY_ELIGIBILITY:FEATURE_STAGE_PASSED_AND_HUMAN_REVIEW_REQUIRED_PRE_CHEMISTRY,COVAPIE_BULK_REVIEW_UNIT_5184266C4D495D18,,NEG_V1_TS_DUMP_CATALYTIC_ADDUCT_EXACT,MATCHED_AUTO_NEGATIVE_EXACT,ALL_EXACT_PREDICATES_MATCHED,NEG_V2_DTT_CRYSTALLIZATION_REDUCING_ADDUCT_EXACT,NOT_MATCHED,"PREDICATE_MISMATCH:automorphism_derived_dtt_sulfur_endpoint,exact_1fvg_reagent_protein_context,exact_1fvg_source_structure_context,exact_dtt_component_graph_sha256,exact_dtt_component_identity,exact_ligand_reactive_element,exact_local_topology,exact_radius1_sha256,exact_radius2_sha256;UNAVAILABLE_OR_MALFORMED:exact_dtt_heavy_identity_and_charge[outcome.ccd_formal_charge_pattern:INVALID]",,HUMAN_NOT_RELEVANT_FINAL,CURRENT_HUMAN_NOT_RELEVANT_DECISION_HAS_SECOND_PRECEDENCE,PUBLISHED_HISTORICAL_EXACT_EVENT_SCOPE,false
203,COVAPIE_CYS_SG_EVENT_V1:2AAZ:B:CYS:187-:SG:S:UMP:C6,2AAZ,UMP,C6,FROZEN_HISTORICAL_PREDECESSOR,HISTORICAL_PREDECESSOR_CANDIDATE,HUMAN_REVIEW_REQUIRED_PRE_CHEMISTRY,"[""PRE_CHEMISTRY_NOT_PRODUCTION_AUTHORITATIVE"",""NO_FAMILY_LEVEL_AUTO_ADMISSION""]",PASSED,true,POST_ONLY_V1_REVIEW_CANDIDATE,PUBLISHED_POST_ONLY_ELIGIBILITY:FEATURE_STAGE_PASSED_AND_HUMAN_REVIEW_REQUIRED_PRE_CHEMISTRY,COVAPIE_BULK_REVIEW_UNIT_5184266C4D495D18,,NEG_V1_TS_DUMP_CATALYTIC_ADDUCT_EXACT,MATCHED_AUTO_NEGATIVE_EXACT,ALL_EXACT_PREDICATES_MATCHED,NEG_V2_DTT_CRYSTALLIZATION_REDUCING_ADDUCT_EXACT,NOT_MATCHED,"PREDICATE_MISMATCH:automorphism_derived_dtt_sulfur_endpoint,exact_1fvg_reagent_protein_context,exact_1fvg_source_structure_context,exact_dtt_component_graph_sha256,exact_dtt_component_identity,exact_ligand_reactive_element,exact_local_topology,exact_radius1_sha256,exact_radius2_sha256;UNAVAILABLE_OR_MALFORMED:exact_dtt_heavy_identity_and_charge[outcome.ccd_formal_charge_pattern:INVALID]",,HUMAN_NOT_RELEVANT_FINAL,CURRENT_HUMAN_NOT_RELEVANT_DECISION_HAS_SECOND_PRECEDENCE,PUBLISHED_HISTORICAL_EXACT_EVENT_SCOPE,false
204,COVAPIE_CYS_SG_EVENT_V1:2AAZ:C:CYS:187-:SG:U:UMP:C6,2AAZ,UMP,C6,FROZEN_HISTORICAL_PREDECESSOR,HISTORICAL_PREDECESSOR_CANDIDATE,HUMAN_REVIEW_REQUIRED_PRE_CHEMISTRY,"[""PRE_CHEMISTRY_NOT_PRODUCTION_AUTHORITATIVE"",""NO_FAMILY_LEVEL_AUTO_ADMISSION""]",PASSED,true,POST_ONLY_V1_REVIEW_CANDIDATE,PUBLISHED_POST_ONLY_ELIGIBILITY:FEATURE_STAGE_PASSED_AND_HUMAN_REVIEW_REQUIRED_PRE_CHEMISTRY,COVAPIE_BULK_REVIEW_UNIT_5184266C4D495D18,,NEG_V1_TS_DUMP_CATALYTIC_ADDUCT_EXACT,MATCHED_AUTO_NEGATIVE_EXACT,ALL_EXACT_PREDICATES_MATCHED,NEG_V2_DTT_CRYSTALLIZATION_REDUCING_ADDUCT_EXACT,NOT_MATCHED,"PREDICATE_MISMATCH:automorphism_derived_dtt_sulfur_endpoint,exact_1fvg_reagent_protein_context,exact_1fvg_source_structure_context,exact_dtt_component_graph_sha256,exact_dtt_component_identity,exact_ligand_reactive_element,exact_local_topology,exact_radius1_sha256,exact_radius2_sha256;UNAVAILABLE_OR_MALFORMED:exact_dtt_heavy_identity_and_charge[outcome.ccd_formal_charge_pattern:INVALID]",,HUMAN_NOT_RELEVANT_FINAL,CURRENT_HUMAN_NOT_RELEVANT_DECISION_HAS_SECOND_PRECEDENCE,PUBLISHED_HISTORICAL_EXACT_EVENT_SCOPE,false
205,COVAPIE_CYS_SG_EVENT_V1:2AAZ:D:CYS:187-:SG:W:UMP:C6,2AAZ,UMP,C6,FROZEN_HISTORICAL_PREDECESSOR,HISTORICAL_PREDECESSOR_CANDIDATE,HUMAN_REVIEW_REQUIRED_PRE_CHEMISTRY,"[""PRE_CHEMISTRY_NOT_PRODUCTION_AUTHORITATIVE"",""NO_FAMILY_LEVEL_AUTO_ADMISSION""]",PASSED,true,POST_ONLY_V1_REVIEW_CANDIDATE,PUBLISHED_POST_ONLY_ELIGIBILITY:FEATURE_STAGE_PASSED_AND_HUMAN_REVIEW_REQUIRED_PRE_CHEMISTRY,COVAPIE_BULK_REVIEW_UNIT_5184266C4D495D18,,NEG_V1_TS_DUMP_CATALYTIC_ADDUCT_EXACT,MATCHED_AUTO_NEGATIVE_EXACT,ALL_EXACT_PREDICATES_MATCHED,NEG_V2_DTT_CRYSTALLIZATION_REDUCING_ADDUCT_EXACT,NOT_MATCHED,"PREDICATE_MISMATCH:automorphism_derived_dtt_sulfur_endpoint,exact_1fvg_reagent_protein_context,exact_1fvg_source_structure_context,exact_dtt_component_graph_sha256,exact_dtt_component_identity,exact_ligand_reactive_element,exact_local_topology,exact_radius1_sha256,exact_radius2_sha256;UNAVAILABLE_OR_MALFORMED:exact_dtt_heavy_identity_and_charge[outcome.ccd_formal_charge_pattern:INVALID]",,HUMAN_NOT_RELEVANT_FINAL,CURRENT_HUMAN_NOT_RELEVANT_DECISION_HAS_SECOND_PRECEDENCE,PUBLISHED_HISTORICAL_EXACT_EVENT_SCOPE,false
206,COVAPIE_CYS_SG_EVENT_V1:2AAZ:E:CYS:187-:SG:Y:UMP:C6,2AAZ,UMP,C6,FROZEN_HISTORICAL_PREDECESSOR,HISTORICAL_PREDECESSOR_CANDIDATE,HUMAN_REVIEW_REQUIRED_PRE_CHEMISTRY,"[""PRE_CHEMISTRY_NOT_PRODUCTION_AUTHORITATIVE"",""NO_FAMILY_LEVEL_AUTO_ADMISSION""]",PASSED,true,POST_ONLY_V1_REVIEW_CANDIDATE,PUBLISHED_POST_ONLY_ELIGIBILITY:FEATURE_STAGE_PASSED_AND_HUMAN_REVIEW_REQUIRED_PRE_CHEMISTRY,COVAPIE_BULK_REVIEW_UNIT_5184266C4D495D18,,NEG_V1_TS_DUMP_CATALYTIC_ADDUCT_EXACT,MATCHED_AUTO_NEGATIVE_EXACT,ALL_EXACT_PREDICATES_MATCHED,NEG_V2_DTT_CRYSTALLIZATION_REDUCING_ADDUCT_EXACT,NOT_MATCHED,"PREDICATE_MISMATCH:automorphism_derived_dtt_sulfur_endpoint,exact_1fvg_reagent_protein_context,exact_1fvg_source_structure_context,exact_dtt_component_graph_sha256,exact_dtt_component_identity,exact_ligand_reactive_element,exact_local_topology,exact_radius1_sha256,exact_radius2_sha256;UNAVAILABLE_OR_MALFORMED:exact_dtt_heavy_identity_and_charge[outcome.ccd_formal_charge_pattern:INVALID]",,HUMAN_NOT_RELEVANT_FINAL,CURRENT_HUMAN_NOT_RELEVANT_DECISION_HAS_SECOND_PRECEDENCE,PUBLISHED_HISTORICAL_EXACT_EVENT_SCOPE,false
207,COVAPIE_CYS_SG_EVENT_V1:2AAZ:F:CYS:187-:SG:AA:UMP:C6,2AAZ,UMP,C6,FROZEN_HISTORICAL_PREDECESSOR,HISTORICAL_PREDECESSOR_CANDIDATE,HUMAN_REVIEW_REQUIRED_PRE_CHEMISTRY,"[""PRE_CHEMISTRY_NOT_PRODUCTION_AUTHORITATIVE"",""NO_FAMILY_LEVEL_AUTO_ADMISSION""]",PASSED,true,POST_ONLY_V1_REVIEW_CANDIDATE,PUBLISHED_POST_ONLY_ELIGIBILITY:FEATURE_STAGE_PASSED_AND_HUMAN_REVIEW_REQUIRED_PRE_CHEMISTRY,COVAPIE_BULK_REVIEW_UNIT_5184266C4D495D18,,NEG_V1_TS_DUMP_CATALYTIC_ADDUCT_EXACT,MATCHED_AUTO_NEGATIVE_EXACT,ALL_EXACT_PREDICATES_MATCHED,NEG_V2_DTT_CRYSTALLIZATION_REDUCING_ADDUCT_EXACT,NOT_MATCHED,"PREDICATE_MISMATCH:automorphism_derived_dtt_sulfur_endpoint,exact_1fvg_reagent_protein_context,exact_1fvg_source_structure_context,exact_dtt_component_graph_sha256,exact_dtt_component_identity,exact_ligand_reactive_element,exact_local_topology,exact_radius1_sha256,exact_radius2_sha256;UNAVAILABLE_OR_MALFORMED:exact_dtt_heavy_identity_and_charge[outcome.ccd_formal_charge_pattern:INVALID]",,HUMAN_NOT_RELEVANT_FINAL,CURRENT_HUMAN_NOT_RELEVANT_DECISION_HAS_SECOND_PRECEDENCE,PUBLISHED_HISTORICAL_EXACT_EVENT_SCOPE,false
208,COVAPIE_CYS_SG_EVENT_V1:2AAZ:G:CYS:187-:SG:CA:UMP:C6,2AAZ,UMP,C6,FROZEN_HISTORICAL_PREDECESSOR,HISTORICAL_PREDECESSOR_CANDIDATE,HUMAN_REVIEW_REQUIRED_PRE_CHEMISTRY,"[""PRE_CHEMISTRY_NOT_PRODUCTION_AUTHORITATIVE"",""NO_FAMILY_LEVEL_AUTO_ADMISSION""]",PASSED,true,POST_ONLY_V1_REVIEW_CANDIDATE,PUBLISHED_POST_ONLY_ELIGIBILITY:FEATURE_STAGE_PASSED_AND_HUMAN_REVIEW_REQUIRED_PRE_CHEMISTRY,COVAPIE_BULK_REVIEW_UNIT_5184266C4D495D18,,NEG_V1_TS_DUMP_CATALYTIC_ADDUCT_EXACT,MATCHED_AUTO_NEGATIVE_EXACT,ALL_EXACT_PREDICATES_MATCHED,NEG_V2_DTT_CRYSTALLIZATION_REDUCING_ADDUCT_EXACT,NOT_MATCHED,"PREDICATE_MISMATCH:automorphism_derived_dtt_sulfur_endpoint,exact_1fvg_reagent_protein_context,exact_1fvg_source_structure_context,exact_dtt_component_graph_sha256,exact_dtt_component_identity,exact_ligand_reactive_element,exact_local_topology,exact_radius1_sha256,exact_radius2_sha256;UNAVAILABLE_OR_MALFORMED:exact_dtt_heavy_identity_and_charge[outcome.ccd_formal_charge_pattern:INVALID]",,HUMAN_NOT_RELEVANT_FINAL,CURRENT_HUMAN_NOT_RELEVANT_DECISION_HAS_SECOND_PRECEDENCE,PUBLISHED_HISTORICAL_EXACT_EVENT_SCOPE,false
209,COVAPIE_CYS_SG_EVENT_V1:2AAZ:H:CYS:187-:SG:EA:UMP:C6,2AAZ,UMP,C6,FROZEN_HISTORICAL_PREDECESSOR,HISTORICAL_PREDECESSOR_CANDIDATE,HUMAN_REVIEW_REQUIRED_PRE_CHEMISTRY,"[""PRE_CHEMISTRY_NOT_PRODUCTION_AUTHORITATIVE"",""NO_FAMILY_LEVEL_AUTO_ADMISSION""]",PASSED,true,POST_ONLY_V1_REVIEW_CANDIDATE,PUBLISHED_POST_ONLY_ELIGIBILITY:FEATURE_STAGE_PASSED_AND_HUMAN_REVIEW_REQUIRED_PRE_CHEMISTRY,COVAPIE_BULK_REVIEW_UNIT_5184266C4D495D18,,NEG_V1_TS_DUMP_CATALYTIC_ADDUCT_EXACT,MATCHED_AUTO_NEGATIVE_EXACT,ALL_EXACT_PREDICATES_MATCHED,NEG_V2_DTT_CRYSTALLIZATION_REDUCING_ADDUCT_EXACT,NOT_MATCHED,"PREDICATE_MISMATCH:automorphism_derived_dtt_sulfur_endpoint,exact_1fvg_reagent_protein_context,exact_1fvg_source_structure_context,exact_dtt_component_graph_sha256,exact_dtt_component_identity,exact_ligand_reactive_element,exact_local_topology,exact_radius1_sha256,exact_radius2_sha256;UNAVAILABLE_OR_MALFORMED:exact_dtt_heavy_identity_and_charge[outcome.ccd_formal_charge_pattern:INVALID]",,HUMAN_NOT_RELEVANT_FINAL,CURRENT_HUMAN_NOT_RELEVANT_DECISION_HAS_SECOND_PRECEDENCE,PUBLISHED_HISTORICAL_EXACT_EVENT_SCOPE,false
210,COVAPIE_CYS_SG_EVENT_V1:2AAZ:I:CYS:187-:SG:GA:UMP:C6,2AAZ,UMP,C6,FROZEN_HISTORICAL_PREDECESSOR,HISTORICAL_PREDECESSOR_CANDIDATE,HUMAN_REVIEW_REQUIRED_PRE_CHEMISTRY,"[""PRE_CHEMISTRY_NOT_PRODUCTION_AUTHORITATIVE"",""NO_FAMILY_LEVEL_AUTO_ADMISSION""]",PASSED,true,POST_ONLY_V1_REVIEW_CANDIDATE,PUBLISHED_POST_ONLY_ELIGIBILITY:FEATURE_STAGE_PASSED_AND_HUMAN_REVIEW_REQUIRED_PRE_CHEMISTRY,COVAPIE_BULK_REVIEW_UNIT_5184266C4D495D18,,NEG_V1_TS_DUMP_CATALYTIC_ADDUCT_EXACT,MATCHED_AUTO_NEGATIVE_EXACT,ALL_EXACT_PREDICATES_MATCHED,NEG_V2_DTT_CRYSTALLIZATION_REDUCING_ADDUCT_EXACT,NOT_MATCHED,"PREDICATE_MISMATCH:automorphism_derived_dtt_sulfur_endpoint,exact_1fvg_reagent_protein_context,exact_1fvg_source_structure_context,exact_dtt_component_graph_sha256,exact_dtt_component_identity,exact_ligand_reactive_element,exact_local_topology,exact_radius1_sha256,exact_radius2_sha256;UNAVAILABLE_OR_MALFORMED:exact_dtt_heavy_identity_and_charge[outcome.ccd_formal_charge_pattern:INVALID]",,HUMAN_NOT_RELEVANT_FINAL,CURRENT_HUMAN_NOT_RELEVANT_DECISION_HAS_SECOND_PRECEDENCE,PUBLISHED_HISTORICAL_EXACT_EVENT_SCOPE,false
211,COVAPIE_CYS_SG_EVENT_V1:2AAZ:J:CYS:187-:SG:HA:UMP:C6,2AAZ,UMP,C6,FROZEN_HISTORICAL_PREDECESSOR,HISTORICAL_PREDECESSOR_CANDIDATE,HUMAN_REVIEW_REQUIRED_PRE_CHEMISTRY,"[""PRE_CHEMISTRY_NOT_PRODUCTION_AUTHORITATIVE"",""NO_FAMILY_LEVEL_AUTO_ADMISSION""]",PASSED,true,POST_ONLY_V1_REVIEW_CANDIDATE,PUBLISHED_POST_ONLY_ELIGIBILITY:FEATURE_STAGE_PASSED_AND_HUMAN_REVIEW_REQUIRED_PRE_CHEMISTRY,COVAPIE_BULK_REVIEW_UNIT_5184266C4D495D18,,NEG_V1_TS_DUMP_CATALYTIC_ADDUCT_EXACT,MATCHED_AUTO_NEGATIVE_EXACT,ALL_EXACT_PREDICATES_MATCHED,NEG_V2_DTT_CRYSTALLIZATION_REDUCING_ADDUCT_EXACT,NOT_MATCHED,"PREDICATE_MISMATCH:automorphism_derived_dtt_sulfur_endpoint,exact_1fvg_reagent_protein_context,exact_1fvg_source_structure_context,exact_dtt_component_graph_sha256,exact_dtt_component_identity,exact_ligand_reactive_element,exact_local_topology,exact_radius1_sha256,exact_radius2_sha256;UNAVAILABLE_OR_MALFORMED:exact_dtt_heavy_identity_and_charge[outcome.ccd_formal_charge_pattern:INVALID]",,HUMAN_NOT_RELEVANT_FINAL,CURRENT_HUMAN_NOT_RELEVANT_DECISION_HAS_SECOND_PRECEDENCE,PUBLISHED_HISTORICAL_EXACT_EVENT_SCOPE,false
212,COVAPIE_CYS_SG_EVENT_V1:2AAZ:K:CYS:187-:SG:IA:UMP:C6,2AAZ,UMP,C6,FROZEN_HISTORICAL_PREDECESSOR,HISTORICAL_PREDECESSOR_CANDIDATE,HUMAN_REVIEW_REQUIRED_PRE_CHEMISTRY,"[""PRE_CHEMISTRY_NOT_PRODUCTION_AUTHORITATIVE"",""NO_FAMILY_LEVEL_AUTO_ADMISSION""]",PASSED,true,POST_ONLY_V1_REVIEW_CANDIDATE,PUBLISHED_POST_ONLY_ELIGIBILITY:FEATURE_STAGE_PASSED_AND_HUMAN_REVIEW_REQUIRED_PRE_CHEMISTRY,COVAPIE_BULK_REVIEW_UNIT_5184266C4D495D18,,NEG_V1_TS_DUMP_CATALYTIC_ADDUCT_EXACT,MATCHED_AUTO_NEGATIVE_EXACT,ALL_EXACT_PREDICATES_MATCHED,NEG_V2_DTT_CRYSTALLIZATION_REDUCING_ADDUCT_EXACT,NOT_MATCHED,"PREDICATE_MISMATCH:automorphism_derived_dtt_sulfur_endpoint,exact_1fvg_reagent_protein_context,exact_1fvg_source_structure_context,exact_dtt_component_graph_sha256,exact_dtt_component_identity,exact_ligand_reactive_element,exact_local_topology,exact_radius1_sha256,exact_radius2_sha256;UNAVAILABLE_OR_MALFORMED:exact_dtt_heavy_identity_and_charge[outcome.ccd_formal_charge_pattern:INVALID]",,HUMAN_NOT_RELEVANT_FINAL,CURRENT_HUMAN_NOT_RELEVANT_DECISION_HAS_SECOND_PRECEDENCE,PUBLISHED_HISTORICAL_EXACT_EVENT_SCOPE,false
213,COVAPIE_CYS_SG_EVENT_V1:2AAZ:L:CYS:187-:SG:JA:UMP:C6,2AAZ,UMP,C6,FROZEN_HISTORICAL_PREDECESSOR,HISTORICAL_PREDECESSOR_CANDIDATE,HUMAN_REVIEW_REQUIRED_PRE_CHEMISTRY,"[""PRE_CHEMISTRY_NOT_PRODUCTION_AUTHORITATIVE"",""NO_FAMILY_LEVEL_AUTO_ADMISSION""]",PASSED,true,POST_ONLY_V1_REVIEW_CANDIDATE,PUBLISHED_POST_ONLY_ELIGIBILITY:FEATURE_STAGE_PASSED_AND_HUMAN_REVIEW_REQUIRED_PRE_CHEMISTRY,COVAPIE_BULK_REVIEW_UNIT_5184266C4D495D18,,NEG_V1_TS_DUMP_CATALYTIC_ADDUCT_EXACT,MATCHED_AUTO_NEGATIVE_EXACT,ALL_EXACT_PREDICATES_MATCHED,NEG_V2_DTT_CRYSTALLIZATION_REDUCING_ADDUCT_EXACT,NOT_MATCHED,"PREDICATE_MISMATCH:automorphism_derived_dtt_sulfur_endpoint,exact_1fvg_reagent_protein_context,exact_1fvg_source_structure_context,exact_dtt_component_graph_sha256,exact_dtt_component_identity,exact_ligand_reactive_element,exact_local_topology,exact_radius1_sha256,exact_radius2_sha256;UNAVAILABLE_OR_MALFORMED:exact_dtt_heavy_identity_and_charge[outcome.ccd_formal_charge_pattern:INVALID]",,HUMAN_NOT_RELEVANT_FINAL,CURRENT_HUMAN_NOT_RELEVANT_DECISION_HAS_SECOND_PRECEDENCE,PUBLISHED_HISTORICAL_EXACT_EVENT_SCOPE,false
214,COVAPIE_CYS_SG_EVENT_V1:2AAZ:M:CYS:187-:SG:KA:UMP:C6,2AAZ,UMP,C6,FROZEN_HISTORICAL_PREDECESSOR,HISTORICAL_PREDECESSOR_CANDIDATE,HUMAN_REVIEW_REQUIRED_PRE_CHEMISTRY,"[""PRE_CHEMISTRY_NOT_PRODUCTION_AUTHORITATIVE"",""NO_FAMILY_LEVEL_AUTO_ADMISSION""]",PASSED,true,POST_ONLY_V1_REVIEW_CANDIDATE,PUBLISHED_POST_ONLY_ELIGIBILITY:FEATURE_STAGE_PASSED_AND_HUMAN_REVIEW_REQUIRED_PRE_CHEMISTRY,COVAPIE_BULK_REVIEW_UNIT_5184266C4D495D18,,NEG_V1_TS_DUMP_CATALYTIC_ADDUCT_EXACT,MATCHED_AUTO_NEGATIVE_EXACT,ALL_EXACT_PREDICATES_MATCHED,NEG_V2_DTT_CRYSTALLIZATION_REDUCING_ADDUCT_EXACT,NOT_MATCHED,"PREDICATE_MISMATCH:automorphism_derived_dtt_sulfur_endpoint,exact_1fvg_reagent_protein_context,exact_1fvg_source_structure_context,exact_dtt_component_graph_sha256,exact_dtt_component_identity,exact_ligand_reactive_element,exact_local_topology,exact_radius1_sha256,exact_radius2_sha256;UNAVAILABLE_OR_MALFORMED:exact_dtt_heavy_identity_and_charge[outcome.ccd_formal_charge_pattern:INVALID]",,HUMAN_NOT_RELEVANT_FINAL,CURRENT_HUMAN_NOT_RELEVANT_DECISION_HAS_SECOND_PRECEDENCE,PUBLISHED_HISTORICAL_EXACT_EVENT_SCOPE,false
215,COVAPIE_CYS_SG_EVENT_V1:2AAZ:N:CYS:187-:SG:LA:UMP:C6,2AAZ,UMP,C6,FROZEN_HISTORICAL_PREDECESSOR,HISTORICAL_PREDECESSOR_CANDIDATE,HUMAN_REVIEW_REQUIRED_PRE_CHEMISTRY,"[""PRE_CHEMISTRY_NOT_PRODUCTION_AUTHORITATIVE"",""NO_FAMILY_LEVEL_AUTO_ADMISSION""]",PASSED,true,POST_ONLY_V1_REVIEW_CANDIDATE,PUBLISHED_POST_ONLY_ELIGIBILITY:FEATURE_STAGE_PASSED_AND_HUMAN_REVIEW_REQUIRED_PRE_CHEMISTRY,COVAPIE_BULK_REVIEW_UNIT_5184266C4D495D18,,NEG_V1_TS_DUMP_CATALYTIC_ADDUCT_EXACT,MATCHED_AUTO_NEGATIVE_EXACT,ALL_EXACT_PREDICATES_MATCHED,NEG_V2_DTT_CRYSTALLIZATION_REDUCING_ADDUCT_EXACT,NOT_MATCHED,"PREDICATE_MISMATCH:automorphism_derived_dtt_sulfur_endpoint,exact_1fvg_reagent_protein_context,exact_1fvg_source_structure_context,exact_dtt_component_graph_sha256,exact_dtt_component_identity,exact_ligand_reactive_element,exact_local_topology,exact_radius1_sha256,exact_radius2_sha256;UNAVAILABLE_OR_MALFORMED:exact_dtt_heavy_identity_and_charge[outcome.ccd_formal_charge_pattern:INVALID]",,HUMAN_NOT_RELEVANT_FINAL,CURRENT_HUMAN_NOT_RELEVANT_DECISION_HAS_SECOND_PRECEDENCE,PUBLISHED_HISTORICAL_EXACT_EVENT_SCOPE,false
216,COVAPIE_CYS_SG_EVENT_V1:2AAZ:O:CYS:187-:SG:MA:UMP:C6,2AAZ,UMP,C6,FROZEN_HISTORICAL_PREDECESSOR,HISTORICAL_PREDECESSOR_CANDIDATE,HUMAN_REVIEW_REQUIRED_PRE_CHEMISTRY,"[""PRE_CHEMISTRY_NOT_PRODUCTION_AUTHORITATIVE"",""NO_FAMILY_LEVEL_AUTO_ADMISSION""]",PASSED,true,POST_ONLY_V1_REVIEW_CANDIDATE,PUBLISHED_POST_ONLY_ELIGIBILITY:FEATURE_STAGE_PASSED_AND_HUMAN_REVIEW_REQUIRED_PRE_CHEMISTRY,COVAPIE_BULK_REVIEW_UNIT_5184266C4D495D18,,NEG_V1_TS_DUMP_CATALYTIC_ADDUCT_EXACT,MATCHED_AUTO_NEGATIVE_EXACT,ALL_EXACT_PREDICATES_MATCHED,NEG_V2_DTT_CRYSTALLIZATION_REDUCING_ADDUCT_EXACT,NOT_MATCHED,"PREDICATE_MISMATCH:automorphism_derived_dtt_sulfur_endpoint,exact_1fvg_reagent_protein_context,exact_1fvg_source_structure_context,exact_dtt_component_graph_sha256,exact_dtt_component_identity,exact_ligand_reactive_element,exact_local_topology,exact_radius1_sha256,exact_radius2_sha256;UNAVAILABLE_OR_MALFORMED:exact_dtt_heavy_identity_and_charge[outcome.ccd_formal_charge_pattern:INVALID]",,HUMAN_NOT_RELEVANT_FINAL,CURRENT_HUMAN_NOT_RELEVANT_DECISION_HAS_SECOND_PRECEDENCE,PUBLISHED_HISTORICAL_EXACT_EVENT_SCOPE,false
217,COVAPIE_CYS_SG_EVENT_V1:2AAZ:P:CYS:187-:SG:NA:UMP:C6,2AAZ,UMP,C6,FROZEN_HISTORICAL_PREDECESSOR,HISTORICAL_PREDECESSOR_CANDIDATE,HUMAN_REVIEW_REQUIRED_PRE_CHEMISTRY,"[""PRE_CHEMISTRY_NOT_PRODUCTION_AUTHORITATIVE"",""NO_FAMILY_LEVEL_AUTO_ADMISSION""]",PASSED,true,POST_ONLY_V1_REVIEW_CANDIDATE,PUBLISHED_POST_ONLY_ELIGIBILITY:FEATURE_STAGE_PASSED_AND_HUMAN_REVIEW_REQUIRED_PRE_CHEMISTRY,COVAPIE_BULK_REVIEW_UNIT_5184266C4D495D18,,NEG_V1_TS_DUMP_CATALYTIC_ADDUCT_EXACT,MATCHED_AUTO_NEGATIVE_EXACT,ALL_EXACT_PREDICATES_MATCHED,NEG_V2_DTT_CRYSTALLIZATION_REDUCING_ADDUCT_EXACT,NOT_MATCHED,"PREDICATE_MISMATCH:automorphism_derived_dtt_sulfur_endpoint,exact_1fvg_reagent_protein_context,exact_1fvg_source_structure_context,exact_dtt_component_graph_sha256,exact_dtt_component_identity,exact_ligand_reactive_element,exact_local_topology,exact_radius1_sha256,exact_radius2_sha256;UNAVAILABLE_OR_MALFORMED:exact_dtt_heavy_identity_and_charge[outcome.ccd_formal_charge_pattern:INVALID]",,HUMAN_NOT_RELEVANT_FINAL,CURRENT_HUMAN_NOT_RELEVANT_DECISION_HAS_SECOND_PRECEDENCE,PUBLISHED_HISTORICAL_EXACT_EVENT_SCOPE,false
218,COVAPIE_CYS_SG_EVENT_V1:2AIM:A:CYS:25-:SG:B:ZRA:CM,2AIM,ZRA,CM,FROZEN_HISTORICAL_PREDECESSOR,HISTORICAL_PREDECESSOR_EXCLUDED,LEAKAGE_EXISTING_GROUP_CONFLICT,"[""LEAKAGE_EXISTING_GROUP_CONFLICT""]",PASSED,false,BLOCKED_EXISTING_GROUP_CONFLICT,PUBLISHED_POST_ONLY_INELIGIBILITY:FEATURE_STAGE=PASSED;TERMINAL_OUTCOME=LEAKAGE_EXISTING_GROUP_CONFLICT,,,NEG_V1_TS_DUMP_CATALYTIC_ADDUCT_EXACT,NOT_EVALUATED_OUTSIDE_SUPPORTED_POST_ONLY_CANDIDATE,NOT_EVALUATED_OUTSIDE_SUPPORTED_POST_ONLY_CANDIDATE,NEG_V2_DTT_CRYSTALLIZATION_REDUCING_ADDUCT_EXACT,NOT_EVALUATED_OUTSIDE_SUPPORTED_POST_ONLY_CANDIDATE,NOT_EVALUATED_OUTSIDE_SUPPORTED_POST_ONLY_CANDIDATE,,LEAKAGE_EXISTING_GROUP_CONFLICT,BOUND_STRUCTURAL_EXECUTION_OUTCOME_RETAINED,NONE,false
219,COVAPIE_CYS_SG_EVENT_V1:2ALV:A:CYS:145-:SG:B:CY6:C33,2ALV,CY6,C33,FROZEN_HISTORICAL_PREDECESSOR,HISTORICAL_PREDECESSOR_EXCLUDED,STRUCTURAL_EVIDENCE_INCOMPLETE,"[""MMCIF_EXACT_CYS_SG_STRUCT_CONN_NOT_RECOVERED""]",NOT_REACHED,false,OUTSIDE_STRUCTURAL_ELIGIBILITY,PUBLISHED_POST_ONLY_INELIGIBILITY:FEATURE_STAGE=NOT_REACHED;TERMINAL_OUTCOME=STRUCTURAL_EVIDENCE_INCOMPLETE,,,NEG_V1_TS_DUMP_CATALYTIC_ADDUCT_EXACT,NOT_EVALUATED_OUTSIDE_SUPPORTED_POST_ONLY_CANDIDATE,NOT_EVALUATED_OUTSIDE_SUPPORTED_POST_ONLY_CANDIDATE,NEG_V2_DTT_CRYSTALLIZATION_REDUCING_ADDUCT_EXACT,NOT_EVALUATED_OUTSIDE_SUPPORTED_POST_ONLY_CANDIDATE,NOT_EVALUATED_OUTSIDE_SUPPORTED_POST_ONLY_CANDIDATE,,STRUCTURAL_EVIDENCE_INCOMPLETE,BOUND_STRUCTURAL_EXECUTION_OUTCOME_RETAINED,NONE,false
220,COVAPIE_CYS_SG_EVENT_V1:2AMD:A:CYS:145-:SG:C:9IN:C23,2AMD,9IN,C23,FROZEN_HISTORICAL_PREDECESSOR,HISTORICAL_PREDECESSOR_CANDIDATE,HUMAN_REVIEW_REQUIRED_PRE_CHEMISTRY,"[""PRE_CHEMISTRY_NOT_PRODUCTION_AUTHORITATIVE"",""NO_FAMILY_LEVEL_AUTO_ADMISSION""]",PASSED,true,POST_ONLY_V1_REVIEW_CANDIDATE,PUBLISHED_POST_ONLY_ELIGIBILITY:FEATURE_STAGE_PASSED_AND_HUMAN_REVIEW_REQUIRED_PRE_CHEMISTRY,COVAPIE_BULK_REVIEW_UNIT_B4F514DC9BD2350E,COVAPIE_BULK_REVIEW_UNIT_B4F514DC9BD2350E,NEG_V1_TS_DUMP_CATALYTIC_ADDUCT_EXACT,NOT_MATCHED,"PREDICATE_MISMATCH:exact_ccd_component_graph_sha256,exact_ligand_reactive_atom,exact_radius1_sha256,exact_radius2_sha256,exact_ts_family_accession_sequence_key",NEG_V2_DTT_CRYSTALLIZATION_REDUCING_ADDUCT_EXACT,NOT_MATCHED,"PREDICATE_MISMATCH:automorphism_derived_dtt_sulfur_endpoint,exact_1fvg_reagent_protein_context,exact_1fvg_source_structure_context,exact_dtt_component_graph_sha256,exact_dtt_component_identity,exact_ligand_reactive_element,exact_local_topology,exact_radius1_sha256,exact_radius2_sha256;UNAVAILABLE_OR_MALFORMED:exact_dtt_heavy_identity_and_charge[outcome.ccd_formal_charge_pattern:INVALID]",,HUMAN_REVIEW_REQUIRED,NO_SINGLE_EXACT_RULE_MATCHED_EVERY_EVENT;HUMAN_REVIEW_RETAINED,NONE,false
221,COVAPIE_CYS_SG_EVENT_V1:2AMD:B:CYS:145-:SG:D:9IN:C23,2AMD,9IN,C23,FROZEN_HISTORICAL_PREDECESSOR,HISTORICAL_PREDECESSOR_CANDIDATE,HUMAN_REVIEW_REQUIRED_PRE_CHEMISTRY,"[""PRE_CHEMISTRY_NOT_PRODUCTION_AUTHORITATIVE"",""NO_FAMILY_LEVEL_AUTO_ADMISSION""]",PASSED,true,POST_ONLY_V1_REVIEW_CANDIDATE,PUBLISHED_POST_ONLY_ELIGIBILITY:FEATURE_STAGE_PASSED_AND_HUMAN_REVIEW_REQUIRED_PRE_CHEMISTRY,COVAPIE_BULK_REVIEW_UNIT_B4F514DC9BD2350E,COVAPIE_BULK_REVIEW_UNIT_B4F514DC9BD2350E,NEG_V1_TS_DUMP_CATALYTIC_ADDUCT_EXACT,NOT_MATCHED,"PREDICATE_MISMATCH:exact_ccd_component_graph_sha256,exact_ligand_reactive_atom,exact_radius1_sha256,exact_radius2_sha256,exact_ts_family_accession_sequence_key",NEG_V2_DTT_CRYSTALLIZATION_REDUCING_ADDUCT_EXACT,NOT_MATCHED,"PREDICATE_MISMATCH:automorphism_derived_dtt_sulfur_endpoint,exact_1fvg_reagent_protein_context,exact_1fvg_source_structure_context,exact_dtt_component_graph_sha256,exact_dtt_component_identity,exact_ligand_reactive_element,exact_local_topology,exact_radius1_sha256,exact_radius2_sha256;UNAVAILABLE_OR_MALFORMED:exact_dtt_heavy_identity_and_charge[outcome.ccd_formal_charge_pattern:INVALID]",,HUMAN_REVIEW_REQUIRED,NO_SINGLE_EXACT_RULE_MATCHED_EVERY_EVENT;HUMAN_REVIEW_RETAINED,NONE,false
222,COVAPIE_CYS_SG_EVENT_V1:2AMP:A:CYS:144-:SG:C:I12:C21,2AMP,I12,C21,FROZEN_HISTORICAL_PREDECESSOR,HISTORICAL_PREDECESSOR_CANDIDATE,HUMAN_REVIEW_REQUIRED_PRE_CHEMISTRY,"[""PRE_CHEMISTRY_NOT_PRODUCTION_AUTHORITATIVE"",""NO_FAMILY_LEVEL_AUTO_ADMISSION""]",PASSED,true,POST_ONLY_V1_REVIEW_CANDIDATE,PUBLISHED_POST_ONLY_ELIGIBILITY:FEATURE_STAGE_PASSED_AND_HUMAN_REVIEW_REQUIRED_PRE_CHEMISTRY,COVAPIE_BULK_REVIEW_UNIT_7D83F048AF8A2295,COVAPIE_BULK_REVIEW_UNIT_7D83F048AF8A2295,NEG_V1_TS_DUMP_CATALYTIC_ADDUCT_EXACT,NOT_MATCHED,"PREDICATE_MISMATCH:exact_ccd_component_graph_sha256,exact_ligand_reactive_atom,exact_radius1_sha256,exact_radius2_sha256,exact_ts_family_accession_sequence_key",NEG_V2_DTT_CRYSTALLIZATION_REDUCING_ADDUCT_EXACT,NOT_MATCHED,"PREDICATE_MISMATCH:automorphism_derived_dtt_sulfur_endpoint,exact_1fvg_reagent_protein_context,exact_1fvg_source_structure_context,exact_dtt_component_graph_sha256,exact_dtt_component_identity,exact_ligand_reactive_element,exact_local_topology,exact_radius1_sha256,exact_radius2_sha256;UNAVAILABLE_OR_MALFORMED:exact_dtt_heavy_identity_and_charge[outcome.ccd_formal_charge_pattern:INVALID]",,HUMAN_REVIEW_REQUIRED,NO_SINGLE_EXACT_RULE_MATCHED_EVERY_EVENT;HUMAN_REVIEW_RETAINED,NONE,false
223,COVAPIE_CYS_SG_EVENT_V1:2AMP:B:CYS:144-:SG:D:I12:C21,2AMP,I12,C21,FROZEN_HISTORICAL_PREDECESSOR,HISTORICAL_PREDECESSOR_CANDIDATE,HUMAN_REVIEW_REQUIRED_PRE_CHEMISTRY,"[""PRE_CHEMISTRY_NOT_PRODUCTION_AUTHORITATIVE"",""NO_FAMILY_LEVEL_AUTO_ADMISSION""]",PASSED,true,POST_ONLY_V1_REVIEW_CANDIDATE,PUBLISHED_POST_ONLY_ELIGIBILITY:FEATURE_STAGE_PASSED_AND_HUMAN_REVIEW_REQUIRED_PRE_CHEMISTRY,COVAPIE_BULK_REVIEW_UNIT_7D83F048AF8A2295,COVAPIE_BULK_REVIEW_UNIT_7D83F048AF8A2295,NEG_V1_TS_DUMP_CATALYTIC_ADDUCT_EXACT,NOT_MATCHED,"PREDICATE_MISMATCH:exact_ccd_component_graph_sha256,exact_ligand_reactive_atom,exact_radius1_sha256,exact_radius2_sha256,exact_ts_family_accession_sequence_key",NEG_V2_DTT_CRYSTALLIZATION_REDUCING_ADDUCT_EXACT,NOT_MATCHED,"PREDICATE_MISMATCH:automorphism_derived_dtt_sulfur_endpoint,exact_1fvg_reagent_protein_context,exact_1fvg_source_structure_context,exact_dtt_component_graph_sha256,exact_dtt_component_identity,exact_ligand_reactive_element,exact_local_topology,exact_radius1_sha256,exact_radius2_sha256;UNAVAILABLE_OR_MALFORMED:exact_dtt_heavy_identity_and_charge[outcome.ccd_formal_charge_pattern:INVALID]",,HUMAN_REVIEW_REQUIRED,NO_SINGLE_EXACT_RULE_MATCHED_EVERY_EVENT;HUMAN_REVIEW_RETAINED,NONE,false
224,COVAPIE_CYS_SG_EVENT_V1:2AUX:A:CYS:25-:SG:B:CT1:C6,2AUX,CT1,C6,FROZEN_HISTORICAL_PREDECESSOR,HISTORICAL_PREDECESSOR_EXCLUDED,LEAKAGE_EXISTING_GROUP_CONFLICT,"[""LEAKAGE_EXISTING_GROUP_CONFLICT""]",PASSED,false,BLOCKED_EXISTING_GROUP_CONFLICT,PUBLISHED_POST_ONLY_INELIGIBILITY:FEATURE_STAGE=PASSED;TERMINAL_OUTCOME=LEAKAGE_EXISTING_GROUP_CONFLICT,,,NEG_V1_TS_DUMP_CATALYTIC_ADDUCT_EXACT,NOT_EVALUATED_OUTSIDE_SUPPORTED_POST_ONLY_CANDIDATE,NOT_EVALUATED_OUTSIDE_SUPPORTED_POST_ONLY_CANDIDATE,NEG_V2_DTT_CRYSTALLIZATION_REDUCING_ADDUCT_EXACT,NOT_EVALUATED_OUTSIDE_SUPPORTED_POST_ONLY_CANDIDATE,NOT_EVALUATED_OUTSIDE_SUPPORTED_POST_ONLY_CANDIDATE,,LEAKAGE_EXISTING_GROUP_CONFLICT,BOUND_STRUCTURAL_EXECUTION_OUTCOME_RETAINED,NONE,false
225,COVAPIE_CYS_SG_EVENT_V1:2AUZ:A:CYS:25-:SG:E:CT2:C6,2AUZ,CT2,C6,FROZEN_HISTORICAL_PREDECESSOR,HISTORICAL_PREDECESSOR_EXCLUDED,LEAKAGE_EXISTING_GROUP_CONFLICT,"[""LEAKAGE_EXISTING_GROUP_CONFLICT""]",PASSED,false,BLOCKED_EXISTING_GROUP_CONFLICT,PUBLISHED_POST_ONLY_INELIGIBILITY:FEATURE_STAGE=PASSED;TERMINAL_OUTCOME=LEAKAGE_EXISTING_GROUP_CONFLICT,,,NEG_V1_TS_DUMP_CATALYTIC_ADDUCT_EXACT,NOT_EVALUATED_OUTSIDE_SUPPORTED_POST_ONLY_CANDIDATE,NOT_EVALUATED_OUTSIDE_SUPPORTED_POST_ONLY_CANDIDATE,NEG_V2_DTT_CRYSTALLIZATION_REDUCING_ADDUCT_EXACT,NOT_EVALUATED_OUTSIDE_SUPPORTED_POST_ONLY_CANDIDATE,NOT_EVALUATED_OUTSIDE_SUPPORTED_POST_ONLY_CANDIDATE,,LEAKAGE_EXISTING_GROUP_CONFLICT,BOUND_STRUCTURAL_EXECUTION_OUTCOME_RETAINED,NONE,false
226,COVAPIE_CYS_SG_EVENT_V1:2AWZ:A:CYS:366-:SG:G:5H:C1,2AWZ,5H,C1,FROZEN_HISTORICAL_PREDECESSOR,HISTORICAL_PREDECESSOR_CANDIDATE,HUMAN_REVIEW_REQUIRED_PRE_CHEMISTRY,"[""PRE_CHEMISTRY_NOT_PRODUCTION_AUTHORITATIVE"",""NO_FAMILY_LEVEL_AUTO_ADMISSION""]",PASSED,true,POST_ONLY_V1_REVIEW_CANDIDATE,PUBLISHED_POST_ONLY_ELIGIBILITY:FEATURE_STAGE_PASSED_AND_HUMAN_REVIEW_REQUIRED_PRE_CHEMISTRY,COVAPIE_BULK_REVIEW_UNIT_C7881E5B728B2D19,COVAPIE_BULK_REVIEW_UNIT_C7881E5B728B2D19,NEG_V1_TS_DUMP_CATALYTIC_ADDUCT_EXACT,NOT_MATCHED,"PREDICATE_MISMATCH:exact_ccd_component_graph_sha256,exact_ligand_reactive_atom,exact_radius1_sha256,exact_radius2_sha256,exact_ts_family_accession_sequence_key",NEG_V2_DTT_CRYSTALLIZATION_REDUCING_ADDUCT_EXACT,NOT_MATCHED,"PREDICATE_MISMATCH:automorphism_derived_dtt_sulfur_endpoint,exact_1fvg_reagent_protein_context,exact_1fvg_source_structure_context,exact_dtt_component_graph_sha256,exact_dtt_component_identity,exact_ligand_reactive_element,exact_local_topology,exact_radius1_sha256,exact_radius2_sha256;UNAVAILABLE_OR_MALFORMED:exact_dtt_heavy_identity_and_charge[outcome.ccd_formal_charge_pattern:INVALID]",,HUMAN_REVIEW_REQUIRED,NO_SINGLE_EXACT_RULE_MATCHED_EVERY_EVENT;HUMAN_REVIEW_RETAINED,NONE,false
227,COVAPIE_CYS_SG_EVENT_V1:2AWZ:B:CYS:366-:SG:J:5H:C1,2AWZ,5H,C1,FROZEN_HISTORICAL_PREDECESSOR,HISTORICAL_PREDECESSOR_CANDIDATE,HUMAN_REVIEW_REQUIRED_PRE_CHEMISTRY,"[""PRE_CHEMISTRY_NOT_PRODUCTION_AUTHORITATIVE"",""NO_FAMILY_LEVEL_AUTO_ADMISSION""]",PASSED,true,POST_ONLY_V1_REVIEW_CANDIDATE,PUBLISHED_POST_ONLY_ELIGIBILITY:FEATURE_STAGE_PASSED_AND_HUMAN_REVIEW_REQUIRED_PRE_CHEMISTRY,COVAPIE_BULK_REVIEW_UNIT_C7881E5B728B2D19,COVAPIE_BULK_REVIEW_UNIT_C7881E5B728B2D19,NEG_V1_TS_DUMP_CATALYTIC_ADDUCT_EXACT,NOT_MATCHED,"PREDICATE_MISMATCH:exact_ccd_component_graph_sha256,exact_ligand_reactive_atom,exact_radius1_sha256,exact_radius2_sha256,exact_ts_family_accession_sequence_key",NEG_V2_DTT_CRYSTALLIZATION_REDUCING_ADDUCT_EXACT,NOT_MATCHED,"PREDICATE_MISMATCH:automorphism_derived_dtt_sulfur_endpoint,exact_1fvg_reagent_protein_context,exact_1fvg_source_structure_context,exact_dtt_component_graph_sha256,exact_dtt_component_identity,exact_ligand_reactive_element,exact_local_topology,exact_radius1_sha256,exact_radius2_sha256;UNAVAILABLE_OR_MALFORMED:exact_dtt_heavy_identity_and_charge[outcome.ccd_formal_charge_pattern:INVALID]",,HUMAN_REVIEW_REQUIRED,NO_SINGLE_EXACT_RULE_MATCHED_EVERY_EVENT;HUMAN_REVIEW_RETAINED,NONE,false
228,COVAPIE_CYS_SG_EVENT_V1:2AX0:A:CYS:366-:SG:F:5X:C1,2AX0,5X,C1,FROZEN_HISTORICAL_PREDECESSOR,HISTORICAL_PREDECESSOR_CANDIDATE,HUMAN_REVIEW_REQUIRED_PRE_CHEMISTRY,"[""PRE_CHEMISTRY_NOT_PRODUCTION_AUTHORITATIVE"",""NO_FAMILY_LEVEL_AUTO_ADMISSION""]",PASSED,true,POST_ONLY_V1_REVIEW_CANDIDATE,PUBLISHED_POST_ONLY_ELIGIBILITY:FEATURE_STAGE_PASSED_AND_HUMAN_REVIEW_REQUIRED_PRE_CHEMISTRY,COVAPIE_BULK_REVIEW_UNIT_59100AAB78E957D9,,NEG_V1_TS_DUMP_CATALYTIC_ADDUCT_EXACT,NOT_MATCHED,"PREDICATE_MISMATCH:exact_ccd_component_graph_sha256,exact_ligand_reactive_atom,exact_radius1_sha256,exact_radius2_sha256,exact_ts_family_accession_sequence_key,no_runtime_positive_override",NEG_V2_DTT_CRYSTALLIZATION_REDUCING_ADDUCT_EXACT,NOT_MATCHED,"PREDICATE_MISMATCH:automorphism_derived_dtt_sulfur_endpoint,exact_1fvg_reagent_protein_context,exact_1fvg_source_structure_context,exact_dtt_component_graph_sha256,exact_dtt_component_identity,exact_ligand_reactive_element,exact_local_topology,exact_radius1_sha256,exact_radius2_sha256,no_runtime_positive_override;UNAVAILABLE_OR_MALFORMED:exact_dtt_heavy_identity_and_charge[outcome.ccd_formal_charge_pattern:INVALID]",,HUMAN_RELEVANT_FINAL,CURRENT_HUMAN_RELEVANT_DECISION_HAS_FIRST_PRECEDENCE,PUBLISHED_HISTORICAL_EXACT_EVENT_SCOPE,false
229,COVAPIE_CYS_SG_EVENT_V1:2AX0:B:CYS:366-:SG:K:5X:C1,2AX0,5X,C1,FROZEN_HISTORICAL_PREDECESSOR,HISTORICAL_PREDECESSOR_CANDIDATE,HUMAN_REVIEW_REQUIRED_PRE_CHEMISTRY,"[""PRE_CHEMISTRY_NOT_PRODUCTION_AUTHORITATIVE"",""NO_FAMILY_LEVEL_AUTO_ADMISSION""]",PASSED,true,POST_ONLY_V1_REVIEW_CANDIDATE,PUBLISHED_POST_ONLY_ELIGIBILITY:FEATURE_STAGE_PASSED_AND_HUMAN_REVIEW_REQUIRED_PRE_CHEMISTRY,COVAPIE_BULK_REVIEW_UNIT_59100AAB78E957D9,,NEG_V1_TS_DUMP_CATALYTIC_ADDUCT_EXACT,NOT_MATCHED,"PREDICATE_MISMATCH:exact_ccd_component_graph_sha256,exact_ligand_reactive_atom,exact_radius1_sha256,exact_radius2_sha256,exact_ts_family_accession_sequence_key,no_runtime_positive_override",NEG_V2_DTT_CRYSTALLIZATION_REDUCING_ADDUCT_EXACT,NOT_MATCHED,"PREDICATE_MISMATCH:automorphism_derived_dtt_sulfur_endpoint,exact_1fvg_reagent_protein_context,exact_1fvg_source_structure_context,exact_dtt_component_graph_sha256,exact_dtt_component_identity,exact_ligand_reactive_element,exact_local_topology,exact_radius1_sha256,exact_radius2_sha256,no_runtime_positive_override;UNAVAILABLE_OR_MALFORMED:exact_dtt_heavy_identity_and_charge[outcome.ccd_formal_charge_pattern:INVALID]",,HUMAN_RELEVANT_FINAL,CURRENT_HUMAN_RELEVANT_DECISION_HAS_FIRST_PRECEDENCE,PUBLISHED_HISTORICAL_EXACT_EVENT_SCOPE,false
230,COVAPIE_CYS_SG_EVENT_V1:2AX1:A:CYS:366-:SG:G:5EE:C1,2AX1,5EE,C1,FROZEN_HISTORICAL_PREDECESSOR,HISTORICAL_PREDECESSOR_CANDIDATE,HUMAN_REVIEW_REQUIRED_PRE_CHEMISTRY,"[""PRE_CHEMISTRY_NOT_PRODUCTION_AUTHORITATIVE"",""NO_FAMILY_LEVEL_AUTO_ADMISSION""]",PASSED,true,POST_ONLY_V1_REVIEW_CANDIDATE,PUBLISHED_POST_ONLY_ELIGIBILITY:FEATURE_STAGE_PASSED_AND_HUMAN_REVIEW_REQUIRED_PRE_CHEMISTRY,COVAPIE_BULK_REVIEW_UNIT_CB81A8FAB5EEF2F7,COVAPIE_BULK_REVIEW_UNIT_CB81A8FAB5EEF2F7,NEG_V1_TS_DUMP_CATALYTIC_ADDUCT_EXACT,NOT_MATCHED,"PREDICATE_MISMATCH:exact_ccd_component_graph_sha256,exact_ligand_reactive_atom,exact_radius1_sha256,exact_radius2_sha256,exact_ts_family_accession_sequence_key",NEG_V2_DTT_CRYSTALLIZATION_REDUCING_ADDUCT_EXACT,NOT_MATCHED,"PREDICATE_MISMATCH:automorphism_derived_dtt_sulfur_endpoint,exact_1fvg_reagent_protein_context,exact_1fvg_source_structure_context,exact_dtt_component_graph_sha256,exact_dtt_component_identity,exact_ligand_reactive_element,exact_local_topology,exact_radius1_sha256,exact_radius2_sha256;UNAVAILABLE_OR_MALFORMED:exact_dtt_heavy_identity_and_charge[outcome.ccd_formal_charge_pattern:INVALID]",,HUMAN_REVIEW_REQUIRED,NO_SINGLE_EXACT_RULE_MATCHED_EVERY_EVENT;HUMAN_REVIEW_RETAINED,NONE,false
231,COVAPIE_CYS_SG_EVENT_V1:2AX1:B:CYS:366-:SG:L:5EE:C1,2AX1,5EE,C1,FROZEN_HISTORICAL_PREDECESSOR,HISTORICAL_PREDECESSOR_CANDIDATE,HUMAN_REVIEW_REQUIRED_PRE_CHEMISTRY,"[""PRE_CHEMISTRY_NOT_PRODUCTION_AUTHORITATIVE"",""NO_FAMILY_LEVEL_AUTO_ADMISSION""]",PASSED,true,POST_ONLY_V1_REVIEW_CANDIDATE,PUBLISHED_POST_ONLY_ELIGIBILITY:FEATURE_STAGE_PASSED_AND_HUMAN_REVIEW_REQUIRED_PRE_CHEMISTRY,COVAPIE_BULK_REVIEW_UNIT_CB81A8FAB5EEF2F7,COVAPIE_BULK_REVIEW_UNIT_CB81A8FAB5EEF2F7,NEG_V1_TS_DUMP_CATALYTIC_ADDUCT_EXACT,NOT_MATCHED,"PREDICATE_MISMATCH:exact_ccd_component_graph_sha256,exact_ligand_reactive_atom,exact_radius1_sha256,exact_radius2_sha256,exact_ts_family_accession_sequence_key",NEG_V2_DTT_CRYSTALLIZATION_REDUCING_ADDUCT_EXACT,NOT_MATCHED,"PREDICATE_MISMATCH:automorphism_derived_dtt_sulfur_endpoint,exact_1fvg_reagent_protein_context,exact_1fvg_source_structure_context,exact_dtt_component_graph_sha256,exact_dtt_component_identity,exact_ligand_reactive_element,exact_local_topology,exact_radius1_sha256,exact_radius2_sha256;UNAVAILABLE_OR_MALFORMED:exact_dtt_heavy_identity_and_charge[outcome.ccd_formal_charge_pattern:INVALID]",,HUMAN_REVIEW_REQUIRED,NO_SINGLE_EXACT_RULE_MATCHED_EVERY_EVENT;HUMAN_REVIEW_RETAINED,NONE,false
232,COVAPIE_CYS_SG_EVENT_V1:2BBQ:A:CYS:146-:SG:C:UMP:C6,2BBQ,UMP,C6,FROZEN_HISTORICAL_PREDECESSOR,HISTORICAL_PREDECESSOR_CANDIDATE,HUMAN_REVIEW_REQUIRED_PRE_CHEMISTRY,"[""PRE_CHEMISTRY_NOT_PRODUCTION_AUTHORITATIVE"",""NO_FAMILY_LEVEL_AUTO_ADMISSION""]",PASSED,true,POST_ONLY_V1_REVIEW_CANDIDATE,PUBLISHED_POST_ONLY_ELIGIBILITY:FEATURE_STAGE_PASSED_AND_HUMAN_REVIEW_REQUIRED_PRE_CHEMISTRY,COVAPIE_BULK_REVIEW_UNIT_EB1C0FF8712C32A9,,NEG_V1_TS_DUMP_CATALYTIC_ADDUCT_EXACT,MATCHED_AUTO_NEGATIVE_EXACT,ALL_EXACT_PREDICATES_MATCHED,NEG_V2_DTT_CRYSTALLIZATION_REDUCING_ADDUCT_EXACT,NOT_MATCHED,"PREDICATE_MISMATCH:automorphism_derived_dtt_sulfur_endpoint,exact_1fvg_reagent_protein_context,exact_1fvg_source_structure_context,exact_dtt_component_graph_sha256,exact_dtt_component_identity,exact_ligand_reactive_element,exact_local_topology,exact_radius1_sha256,exact_radius2_sha256;UNAVAILABLE_OR_MALFORMED:exact_dtt_heavy_identity_and_charge[outcome.ccd_formal_charge_pattern:INVALID]",NEG_V1_TS_DUMP_CATALYTIC_ADDUCT_EXACT,AUTO_NEGATIVE_EXACT_FINAL,EVERY_EVENT_IN_UNIT_MATCHED_SAME_EXACT_RULE_WITHOUT_OVERRIDE,NONE,false
233,COVAPIE_CYS_SG_EVENT_V1:2BBQ:B:CYS:146-:SG:E:UMP:C6,2BBQ,UMP,C6,FROZEN_HISTORICAL_PREDECESSOR,HISTORICAL_PREDECESSOR_CANDIDATE,HUMAN_REVIEW_REQUIRED_PRE_CHEMISTRY,"[""PRE_CHEMISTRY_NOT_PRODUCTION_AUTHORITATIVE"",""NO_FAMILY_LEVEL_AUTO_ADMISSION""]",PASSED,true,POST_ONLY_V1_REVIEW_CANDIDATE,PUBLISHED_POST_ONLY_ELIGIBILITY:FEATURE_STAGE_PASSED_AND_HUMAN_REVIEW_REQUIRED_PRE_CHEMISTRY,COVAPIE_BULK_REVIEW_UNIT_EB1C0FF8712C32A9,,NEG_V1_TS_DUMP_CATALYTIC_ADDUCT_EXACT,MATCHED_AUTO_NEGATIVE_EXACT,ALL_EXACT_PREDICATES_MATCHED,NEG_V2_DTT_CRYSTALLIZATION_REDUCING_ADDUCT_EXACT,NOT_MATCHED,"PREDICATE_MISMATCH:automorphism_derived_dtt_sulfur_endpoint,exact_1fvg_reagent_protein_context,exact_1fvg_source_structure_context,exact_dtt_component_graph_sha256,exact_dtt_component_identity,exact_ligand_reactive_element,exact_local_topology,exact_radius1_sha256,exact_radius2_sha256;UNAVAILABLE_OR_MALFORMED:exact_dtt_heavy_identity_and_charge[outcome.ccd_formal_charge_pattern:INVALID]",NEG_V1_TS_DUMP_CATALYTIC_ADDUCT_EXACT,AUTO_NEGATIVE_EXACT_FINAL,EVERY_EVENT_IN_UNIT_MATCHED_SAME_EXACT_RULE_WITHOUT_OVERRIDE,NONE,false
234,COVAPIE_CYS_SG_EVENT_V1:2BDL:A:CYS:25-:SG:B:4PR:C19,2BDL,4PR,C19,FROZEN_HISTORICAL_PREDECESSOR,HISTORICAL_PREDECESSOR_EXCLUDED,LEAKAGE_EXISTING_GROUP_CONFLICT,"[""LEAKAGE_EXISTING_GROUP_CONFLICT""]",PASSED,false,BLOCKED_EXISTING_GROUP_CONFLICT,PUBLISHED_POST_ONLY_INELIGIBILITY:FEATURE_STAGE=PASSED;TERMINAL_OUTCOME=LEAKAGE_EXISTING_GROUP_CONFLICT,,,NEG_V1_TS_DUMP_CATALYTIC_ADDUCT_EXACT,NOT_EVALUATED_OUTSIDE_SUPPORTED_POST_ONLY_CANDIDATE,NOT_EVALUATED_OUTSIDE_SUPPORTED_POST_ONLY_CANDIDATE,NEG_V2_DTT_CRYSTALLIZATION_REDUCING_ADDUCT_EXACT,NOT_EVALUATED_OUTSIDE_SUPPORTED_POST_ONLY_CANDIDATE,NOT_EVALUATED_OUTSIDE_SUPPORTED_POST_ONLY_CANDIDATE,,LEAKAGE_EXISTING_GROUP_CONFLICT,BOUND_STRUCTURAL_EXECUTION_OUTCOME_RETAINED,NONE,false
235,COVAPIE_CYS_SG_EVENT_V1:2BDZ:A:CYS:25-:SG:E:E64:C2,2BDZ,E64,C2,FROZEN_HISTORICAL_PREDECESSOR,HISTORICAL_PREDECESSOR_EXCLUDED,LEAKAGE_EXISTING_GROUP_CONFLICT,"[""LEAKAGE_EXISTING_GROUP_CONFLICT""]",PASSED,false,BLOCKED_EXISTING_GROUP_CONFLICT,PUBLISHED_POST_ONLY_INELIGIBILITY:FEATURE_STAGE=PASSED;TERMINAL_OUTCOME=LEAKAGE_EXISTING_GROUP_CONFLICT,,,NEG_V1_TS_DUMP_CATALYTIC_ADDUCT_EXACT,NOT_EVALUATED_OUTSIDE_SUPPORTED_POST_ONLY_CANDIDATE,NOT_EVALUATED_OUTSIDE_SUPPORTED_POST_ONLY_CANDIDATE,NEG_V2_DTT_CRYSTALLIZATION_REDUCING_ADDUCT_EXACT,NOT_EVALUATED_OUTSIDE_SUPPORTED_POST_ONLY_CANDIDATE,NOT_EVALUATED_OUTSIDE_SUPPORTED_POST_ONLY_CANDIDATE,,LEAKAGE_EXISTING_GROUP_CONFLICT,BOUND_STRUCTURAL_EXECUTION_OUTCOME_RETAINED,NONE,false
236,COVAPIE_CYS_SG_EVENT_V1:2BDZ:B:CYS:25-:SG:F:E64:C2,2BDZ,E64,C2,FROZEN_HISTORICAL_PREDECESSOR,HISTORICAL_PREDECESSOR_EXCLUDED,LEAKAGE_EXISTING_GROUP_CONFLICT,"[""LEAKAGE_EXISTING_GROUP_CONFLICT""]",PASSED,false,BLOCKED_EXISTING_GROUP_CONFLICT,PUBLISHED_POST_ONLY_INELIGIBILITY:FEATURE_STAGE=PASSED;TERMINAL_OUTCOME=LEAKAGE_EXISTING_GROUP_CONFLICT,,,NEG_V1_TS_DUMP_CATALYTIC_ADDUCT_EXACT,NOT_EVALUATED_OUTSIDE_SUPPORTED_POST_ONLY_CANDIDATE,NOT_EVALUATED_OUTSIDE_SUPPORTED_POST_ONLY_CANDIDATE,NEG_V2_DTT_CRYSTALLIZATION_REDUCING_ADDUCT_EXACT,NOT_EVALUATED_OUTSIDE_SUPPORTED_POST_ONLY_CANDIDATE,NOT_EVALUATED_OUTSIDE_SUPPORTED_POST_ONLY_CANDIDATE,,LEAKAGE_EXISTING_GROUP_CONFLICT,BOUND_STRUCTURAL_EXECUTION_OUTCOME_RETAINED,NONE,false
237,COVAPIE_CYS_SG_EVENT_V1:2BDZ:C:CYS:25-:SG:G:E64:C2,2BDZ,E64,C2,FROZEN_HISTORICAL_PREDECESSOR,HISTORICAL_PREDECESSOR_EXCLUDED,LEAKAGE_EXISTING_GROUP_CONFLICT,"[""LEAKAGE_EXISTING_GROUP_CONFLICT""]",PASSED,false,BLOCKED_EXISTING_GROUP_CONFLICT,PUBLISHED_POST_ONLY_INELIGIBILITY:FEATURE_STAGE=PASSED;TERMINAL_OUTCOME=LEAKAGE_EXISTING_GROUP_CONFLICT,,,NEG_V1_TS_DUMP_CATALYTIC_ADDUCT_EXACT,NOT_EVALUATED_OUTSIDE_SUPPORTED_POST_ONLY_CANDIDATE,NOT_EVALUATED_OUTSIDE_SUPPORTED_POST_ONLY_CANDIDATE,NEG_V2_DTT_CRYSTALLIZATION_REDUCING_ADDUCT_EXACT,NOT_EVALUATED_OUTSIDE_SUPPORTED_POST_ONLY_CANDIDATE,NOT_EVALUATED_OUTSIDE_SUPPORTED_POST_ONLY_CANDIDATE,,LEAKAGE_EXISTING_GROUP_CONFLICT,BOUND_STRUCTURAL_EXECUTION_OUTCOME_RETAINED,NONE,false
238,COVAPIE_CYS_SG_EVENT_V1:2BDZ:D:CYS:25-:SG:H:E64:C2,2BDZ,E64,C2,FROZEN_HISTORICAL_PREDECESSOR,HISTORICAL_PREDECESSOR_EXCLUDED,LEAKAGE_EXISTING_GROUP_CONFLICT,"[""LEAKAGE_EXISTING_GROUP_CONFLICT""]",PASSED,false,BLOCKED_EXISTING_GROUP_CONFLICT,PUBLISHED_POST_ONLY_INELIGIBILITY:FEATURE_STAGE=PASSED;TERMINAL_OUTCOME=LEAKAGE_EXISTING_GROUP_CONFLICT,,,NEG_V1_TS_DUMP_CATALYTIC_ADDUCT_EXACT,NOT_EVALUATED_OUTSIDE_SUPPORTED_POST_ONLY_CANDIDATE,NOT_EVALUATED_OUTSIDE_SUPPORTED_POST_ONLY_CANDIDATE,NEG_V2_DTT_CRYSTALLIZATION_REDUCING_ADDUCT_EXACT,NOT_EVALUATED_OUTSIDE_SUPPORTED_POST_ONLY_CANDIDATE,NOT_EVALUATED_OUTSIDE_SUPPORTED_POST_ONLY_CANDIDATE,,LEAKAGE_EXISTING_GROUP_CONFLICT,BOUND_STRUCTURAL_EXECUTION_OUTCOME_RETAINED,NONE,false
239,COVAPIE_CYS_SG_EVENT_V1:2C6Q:D:CYS:186-:SG:O:IMP:C2,2C6Q,IMP,C2,FROZEN_HISTORICAL_PREDECESSOR,HISTORICAL_PREDECESSOR_CANDIDATE,HUMAN_REVIEW_REQUIRED_PRE_CHEMISTRY,"[""PRE_CHEMISTRY_NOT_PRODUCTION_AUTHORITATIVE"",""NO_FAMILY_LEVEL_AUTO_ADMISSION""]",PASSED,true,POST_ONLY_V1_REVIEW_CANDIDATE,PUBLISHED_POST_ONLY_ELIGIBILITY:FEATURE_STAGE_PASSED_AND_HUMAN_REVIEW_REQUIRED_PRE_CHEMISTRY,COVAPIE_BULK_REVIEW_UNIT_AAFC22DB88292B60,COVAPIE_BULK_REVIEW_UNIT_AAFC22DB88292B60,NEG_V1_TS_DUMP_CATALYTIC_ADDUCT_EXACT,NOT_MATCHED,"PREDICATE_MISMATCH:exact_ccd_component_graph_sha256,exact_ligand_reactive_atom,exact_radius1_sha256,exact_radius2_sha256,exact_ts_family_accession_sequence_key",NEG_V2_DTT_CRYSTALLIZATION_REDUCING_ADDUCT_EXACT,NOT_MATCHED,"PREDICATE_MISMATCH:automorphism_derived_dtt_sulfur_endpoint,exact_1fvg_reagent_protein_context,exact_1fvg_source_structure_context,exact_dtt_component_graph_sha256,exact_dtt_component_identity,exact_ligand_reactive_element,exact_local_topology,exact_radius1_sha256,exact_radius2_sha256;UNAVAILABLE_OR_MALFORMED:exact_dtt_heavy_identity_and_charge[outcome.ccd_formal_charge_pattern:INVALID]",,HUMAN_REVIEW_REQUIRED,NO_SINGLE_EXACT_RULE_MATCHED_EVERY_EVENT;HUMAN_REVIEW_RETAINED,NONE,false
240,COVAPIE_CYS_SG_EVENT_V1:2DC6:A:CYS:29-:SG:C:73V:C2,2DC6,73V,C2,FROZEN_HISTORICAL_PREDECESSOR,HISTORICAL_PREDECESSOR_EXCLUDED,LEAKAGE_EXISTING_GROUP_CONFLICT,"[""LEAKAGE_EXISTING_GROUP_CONFLICT""]",PASSED,false,BLOCKED_EXISTING_GROUP_CONFLICT,PUBLISHED_POST_ONLY_INELIGIBILITY:FEATURE_STAGE=PASSED;TERMINAL_OUTCOME=LEAKAGE_EXISTING_GROUP_CONFLICT,,,NEG_V1_TS_DUMP_CATALYTIC_ADDUCT_EXACT,NOT_EVALUATED_OUTSIDE_SUPPORTED_POST_ONLY_CANDIDATE,NOT_EVALUATED_OUTSIDE_SUPPORTED_POST_ONLY_CANDIDATE,NEG_V2_DTT_CRYSTALLIZATION_REDUCING_ADDUCT_EXACT,NOT_EVALUATED_OUTSIDE_SUPPORTED_POST_ONLY_CANDIDATE,NOT_EVALUATED_OUTSIDE_SUPPORTED_POST_ONLY_CANDIDATE,,LEAKAGE_EXISTING_GROUP_CONFLICT,BOUND_STRUCTURAL_EXECUTION_OUTCOME_RETAINED,NONE,false
241,COVAPIE_CYS_SG_EVENT_V1:2DC7:A:CYS:29-:SG:C:042:C3,2DC7,042,C3,FROZEN_HISTORICAL_PREDECESSOR,HISTORICAL_PREDECESSOR_EXCLUDED,LEAKAGE_EXISTING_GROUP_CONFLICT,"[""LEAKAGE_EXISTING_GROUP_CONFLICT""]",PASSED,false,BLOCKED_EXISTING_GROUP_CONFLICT,PUBLISHED_POST_ONLY_INELIGIBILITY:FEATURE_STAGE=PASSED;TERMINAL_OUTCOME=LEAKAGE_EXISTING_GROUP_CONFLICT,,,NEG_V1_TS_DUMP_CATALYTIC_ADDUCT_EXACT,NOT_EVALUATED_OUTSIDE_SUPPORTED_POST_ONLY_CANDIDATE,NOT_EVALUATED_OUTSIDE_SUPPORTED_POST_ONLY_CANDIDATE,NEG_V2_DTT_CRYSTALLIZATION_REDUCING_ADDUCT_EXACT,NOT_EVALUATED_OUTSIDE_SUPPORTED_POST_ONLY_CANDIDATE,NOT_EVALUATED_OUTSIDE_SUPPORTED_POST_ONLY_CANDIDATE,,LEAKAGE_EXISTING_GROUP_CONFLICT,BOUND_STRUCTURAL_EXECUTION_OUTCOME_RETAINED,NONE,false
242,COVAPIE_CYS_SG_EVENT_V1:2DC8:A:CYS:29-:SG:C:59A:C3,2DC8,59A,C3,FROZEN_HISTORICAL_PREDECESSOR,HISTORICAL_PREDECESSOR_EXCLUDED,LEAKAGE_EXISTING_GROUP_CONFLICT,"[""LEAKAGE_EXISTING_GROUP_CONFLICT""]",PASSED,false,BLOCKED_EXISTING_GROUP_CONFLICT,PUBLISHED_POST_ONLY_INELIGIBILITY:FEATURE_STAGE=PASSED;TERMINAL_OUTCOME=LEAKAGE_EXISTING_GROUP_CONFLICT,,,NEG_V1_TS_DUMP_CATALYTIC_ADDUCT_EXACT,NOT_EVALUATED_OUTSIDE_SUPPORTED_POST_ONLY_CANDIDATE,NOT_EVALUATED_OUTSIDE_SUPPORTED_POST_ONLY_CANDIDATE,NEG_V2_DTT_CRYSTALLIZATION_REDUCING_ADDUCT_EXACT,NOT_EVALUATED_OUTSIDE_SUPPORTED_POST_ONLY_CANDIDATE,NOT_EVALUATED_OUTSIDE_SUPPORTED_POST_ONLY_CANDIDATE,,LEAKAGE_EXISTING_GROUP_CONFLICT,BOUND_STRUCTURAL_EXECUTION_OUTCOME_RETAINED,NONE,false
243,COVAPIE_CYS_SG_EVENT_V1:2DC9:A:CYS:29-:SG:C:74M:C3,2DC9,74M,C3,FROZEN_HISTORICAL_PREDECESSOR,HISTORICAL_PREDECESSOR_EXCLUDED,LEAKAGE_EXISTING_GROUP_CONFLICT,"[""LEAKAGE_EXISTING_GROUP_CONFLICT""]",PASSED,false,BLOCKED_EXISTING_GROUP_CONFLICT,PUBLISHED_POST_ONLY_INELIGIBILITY:FEATURE_STAGE=PASSED;TERMINAL_OUTCOME=LEAKAGE_EXISTING_GROUP_CONFLICT,,,NEG_V1_TS_DUMP_CATALYTIC_ADDUCT_EXACT,NOT_EVALUATED_OUTSIDE_SUPPORTED_POST_ONLY_CANDIDATE,NOT_EVALUATED_OUTSIDE_SUPPORTED_POST_ONLY_CANDIDATE,NEG_V2_DTT_CRYSTALLIZATION_REDUCING_ADDUCT_EXACT,NOT_EVALUATED_OUTSIDE_SUPPORTED_POST_ONLY_CANDIDATE,NOT_EVALUATED_OUTSIDE_SUPPORTED_POST_ONLY_CANDIDATE,,LEAKAGE_EXISTING_GROUP_CONFLICT,BOUND_STRUCTURAL_EXECUTION_OUTCOME_RETAINED,NONE,false
244,COVAPIE_CYS_SG_EVENT_V1:2DCA:A:CYS:29-:SG:C:75V:C3,2DCA,75V,C3,FROZEN_HISTORICAL_PREDECESSOR,HISTORICAL_PREDECESSOR_EXCLUDED,LEAKAGE_EXISTING_GROUP_CONFLICT,"[""LEAKAGE_EXISTING_GROUP_CONFLICT""]",PASSED,false,BLOCKED_EXISTING_GROUP_CONFLICT,PUBLISHED_POST_ONLY_INELIGIBILITY:FEATURE_STAGE=PASSED;TERMINAL_OUTCOME=LEAKAGE_EXISTING_GROUP_CONFLICT,,,NEG_V1_TS_DUMP_CATALYTIC_ADDUCT_EXACT,NOT_EVALUATED_OUTSIDE_SUPPORTED_POST_ONLY_CANDIDATE,NOT_EVALUATED_OUTSIDE_SUPPORTED_POST_ONLY_CANDIDATE,NEG_V2_DTT_CRYSTALLIZATION_REDUCING_ADDUCT_EXACT,NOT_EVALUATED_OUTSIDE_SUPPORTED_POST_ONLY_CANDIDATE,NOT_EVALUATED_OUTSIDE_SUPPORTED_POST_ONLY_CANDIDATE,,LEAKAGE_EXISTING_GROUP_CONFLICT,BOUND_STRUCTURAL_EXECUTION_OUTCOME_RETAINED,NONE,false
245,COVAPIE_CYS_SG_EVENT_V1:2DCB:A:CYS:29-:SG:C:76V:C3,2DCB,76V,C3,FROZEN_HISTORICAL_PREDECESSOR,HISTORICAL_PREDECESSOR_EXCLUDED,LEAKAGE_EXISTING_GROUP_CONFLICT,"[""LEAKAGE_EXISTING_GROUP_CONFLICT""]",PASSED,false,BLOCKED_EXISTING_GROUP_CONFLICT,PUBLISHED_POST_ONLY_INELIGIBILITY:FEATURE_STAGE=PASSED;TERMINAL_OUTCOME=LEAKAGE_EXISTING_GROUP_CONFLICT,,,NEG_V1_TS_DUMP_CATALYTIC_ADDUCT_EXACT,NOT_EVALUATED_OUTSIDE_SUPPORTED_POST_ONLY_CANDIDATE,NOT_EVALUATED_OUTSIDE_SUPPORTED_POST_ONLY_CANDIDATE,NEG_V2_DTT_CRYSTALLIZATION_REDUCING_ADDUCT_EXACT,NOT_EVALUATED_OUTSIDE_SUPPORTED_POST_ONLY_CANDIDATE,NOT_EVALUATED_OUTSIDE_SUPPORTED_POST_ONLY_CANDIDATE,,LEAKAGE_EXISTING_GROUP_CONFLICT,BOUND_STRUCTURAL_EXECUTION_OUTCOME_RETAINED,NONE,false
246,COVAPIE_CYS_SG_EVENT_V1:2DCC:A:CYS:29-:SG:C:77B:C2,2DCC,77B,C2,FROZEN_HISTORICAL_PREDECESSOR,HISTORICAL_PREDECESSOR_EXCLUDED,LEAKAGE_EXISTING_GROUP_CONFLICT,"[""LEAKAGE_EXISTING_GROUP_CONFLICT""]",PASSED,false,BLOCKED_EXISTING_GROUP_CONFLICT,PUBLISHED_POST_ONLY_INELIGIBILITY:FEATURE_STAGE=PASSED;TERMINAL_OUTCOME=LEAKAGE_EXISTING_GROUP_CONFLICT,,,NEG_V1_TS_DUMP_CATALYTIC_ADDUCT_EXACT,NOT_EVALUATED_OUTSIDE_SUPPORTED_POST_ONLY_CANDIDATE,NOT_EVALUATED_OUTSIDE_SUPPORTED_POST_ONLY_CANDIDATE,NEG_V2_DTT_CRYSTALLIZATION_REDUCING_ADDUCT_EXACT,NOT_EVALUATED_OUTSIDE_SUPPORTED_POST_ONLY_CANDIDATE,NOT_EVALUATED_OUTSIDE_SUPPORTED_POST_ONLY_CANDIDATE,,LEAKAGE_EXISTING_GROUP_CONFLICT,BOUND_STRUCTURAL_EXECUTION_OUTCOME_RETAINED,NONE,false
247,COVAPIE_CYS_SG_EVENT_V1:2DCD:A:CYS:29-:SG:C:78A:C3,2DCD,78A,C3,FROZEN_HISTORICAL_PREDECESSOR,HISTORICAL_PREDECESSOR_EXCLUDED,LEAKAGE_EXISTING_GROUP_CONFLICT,"[""LEAKAGE_EXISTING_GROUP_CONFLICT""]",PASSED,false,BLOCKED_EXISTING_GROUP_CONFLICT,PUBLISHED_POST_ONLY_INELIGIBILITY:FEATURE_STAGE=PASSED;TERMINAL_OUTCOME=LEAKAGE_EXISTING_GROUP_CONFLICT,,,NEG_V1_TS_DUMP_CATALYTIC_ADDUCT_EXACT,NOT_EVALUATED_OUTSIDE_SUPPORTED_POST_ONLY_CANDIDATE,NOT_EVALUATED_OUTSIDE_SUPPORTED_POST_ONLY_CANDIDATE,NEG_V2_DTT_CRYSTALLIZATION_REDUCING_ADDUCT_EXACT,NOT_EVALUATED_OUTSIDE_SUPPORTED_POST_ONLY_CANDIDATE,NOT_EVALUATED_OUTSIDE_SUPPORTED_POST_ONLY_CANDIDATE,,LEAKAGE_EXISTING_GROUP_CONFLICT,BOUND_STRUCTURAL_EXECUTION_OUTCOME_RETAINED,NONE,false
248,COVAPIE_CYS_SG_EVENT_V1:2DW5:A:CYS:645-:SG:J:BFB:CAP,2DW5,BFB,CAP,FROZEN_HISTORICAL_PREDECESSOR,HISTORICAL_PREDECESSOR_EXCLUDED,LEAKAGE_EXISTING_GROUP_CONFLICT,"[""LEAKAGE_EXISTING_GROUP_CONFLICT""]",PASSED,false,BLOCKED_EXISTING_GROUP_CONFLICT,PUBLISHED_POST_ONLY_INELIGIBILITY:FEATURE_STAGE=PASSED;TERMINAL_OUTCOME=LEAKAGE_EXISTING_GROUP_CONFLICT,,,NEG_V1_TS_DUMP_CATALYTIC_ADDUCT_EXACT,NOT_EVALUATED_OUTSIDE_SUPPORTED_POST_ONLY_CANDIDATE,NOT_EVALUATED_OUTSIDE_SUPPORTED_POST_ONLY_CANDIDATE,NEG_V2_DTT_CRYSTALLIZATION_REDUCING_ADDUCT_EXACT,NOT_EVALUATED_OUTSIDE_SUPPORTED_POST_ONLY_CANDIDATE,NOT_EVALUATED_OUTSIDE_SUPPORTED_POST_ONLY_CANDIDATE,,LEAKAGE_EXISTING_GROUP_CONFLICT,BOUND_STRUCTURAL_EXECUTION_OUTCOME_RETAINED,NONE,false
249,COVAPIE_CYS_SG_EVENT_V1:2EFT:A:CYS:112-:SG:E:MEE:S,2EFT,MEE,S,FROZEN_HISTORICAL_PREDECESSOR,HISTORICAL_PREDECESSOR_CANDIDATE,HUMAN_REVIEW_REQUIRED_PRE_CHEMISTRY,"[""PRE_CHEMISTRY_NOT_PRODUCTION_AUTHORITATIVE"",""NO_FAMILY_LEVEL_AUTO_ADMISSION""]",PASSED,true,POST_ONLY_V1_REVIEW_CANDIDATE,PUBLISHED_POST_ONLY_ELIGIBILITY:FEATURE_STAGE_PASSED_AND_HUMAN_REVIEW_REQUIRED_PRE_CHEMISTRY,COVAPIE_BULK_REVIEW_UNIT_164B59C21643F70A,,NEG_V1_TS_DUMP_CATALYTIC_ADDUCT_EXACT,NOT_MATCHED,"PREDICATE_MISMATCH:exact_ccd_component_graph_sha256,exact_ligand_reactive_atom,exact_ligand_reactive_element,exact_radius1_sha256,exact_radius2_sha256,exact_ts_family_accession_sequence_key",NEG_V2_DTT_CRYSTALLIZATION_REDUCING_ADDUCT_EXACT,NOT_MATCHED,"PREDICATE_MISMATCH:automorphism_derived_dtt_sulfur_endpoint,exact_1fvg_reagent_protein_context,exact_1fvg_source_structure_context,exact_dtt_component_graph_sha256,exact_dtt_component_identity,exact_local_topology,exact_radius2_sha256;UNAVAILABLE_OR_MALFORMED:exact_dtt_heavy_identity_and_charge[outcome.ccd_formal_charge_pattern:INVALID]",,HUMAN_NOT_RELEVANT_FINAL,CURRENT_HUMAN_NOT_RELEVANT_DECISION_HAS_SECOND_PRECEDENCE,PUBLISHED_HISTORICAL_EXACT_EVENT_SCOPE,false
250,COVAPIE_CYS_SG_EVENT_V1:2EFT:B:CYS:103-:SG:G:MEE:S,2EFT,MEE,S,FROZEN_HISTORICAL_PREDECESSOR,HISTORICAL_PREDECESSOR_CANDIDATE,HUMAN_REVIEW_REQUIRED_PRE_CHEMISTRY,"[""PRE_CHEMISTRY_NOT_PRODUCTION_AUTHORITATIVE"",""NO_FAMILY_LEVEL_AUTO_ADMISSION""]",PASSED,true,POST_ONLY_V1_REVIEW_CANDIDATE,PUBLISHED_POST_ONLY_ELIGIBILITY:FEATURE_STAGE_PASSED_AND_HUMAN_REVIEW_REQUIRED_PRE_CHEMISTRY,COVAPIE_BULK_REVIEW_UNIT_164B59C21643F70A,,NEG_V1_TS_DUMP_CATALYTIC_ADDUCT_EXACT,NOT_MATCHED,"PREDICATE_MISMATCH:exact_ccd_component_graph_sha256,exact_ligand_reactive_atom,exact_ligand_reactive_element,exact_radius1_sha256,exact_radius2_sha256,exact_ts_family_accession_sequence_key",NEG_V2_DTT_CRYSTALLIZATION_REDUCING_ADDUCT_EXACT,NOT_MATCHED,"PREDICATE_MISMATCH:automorphism_derived_dtt_sulfur_endpoint,exact_1fvg_reagent_protein_context,exact_1fvg_source_structure_context,exact_dtt_component_graph_sha256,exact_dtt_component_identity,exact_local_topology,exact_radius2_sha256;UNAVAILABLE_OR_MALFORMED:exact_dtt_heavy_identity_and_charge[outcome.ccd_formal_charge_pattern:INVALID]",,HUMAN_NOT_RELEVANT_FINAL,CURRENT_HUMAN_NOT_RELEVANT_DECISION_HAS_SECOND_PRECEDENCE,PUBLISHED_HISTORICAL_EXACT_EVENT_SCOPE,false
251,COVAPIE_CYS_SG_EVENT_V1:2F7D:A:CYS:25-:SG:B:NOQ:C20,2F7D,NOQ,C20,NEW_INCREMENTAL_EXECUTION,NEW_INCREMENTAL_EXCLUDED,LEAKAGE_EXISTING_GROUP_CONFLICT,"[""LEAKAGE_EXISTING_GROUP_CONFLICT""]",PASSED,false,BLOCKED_EXISTING_GROUP_CONFLICT,PUBLISHED_POST_ONLY_INELIGIBILITY:FEATURE_STAGE=PASSED;TERMINAL_OUTCOME=LEAKAGE_EXISTING_GROUP_CONFLICT,,,NEG_V1_TS_DUMP_CATALYTIC_ADDUCT_EXACT,NOT_EVALUATED_OUTSIDE_SUPPORTED_POST_ONLY_CANDIDATE,NOT_EVALUATED_OUTSIDE_SUPPORTED_POST_ONLY_CANDIDATE,NEG_V2_DTT_CRYSTALLIZATION_REDUCING_ADDUCT_EXACT,NOT_EVALUATED_OUTSIDE_SUPPORTED_POST_ONLY_CANDIDATE,NOT_EVALUATED_OUTSIDE_SUPPORTED_POST_ONLY_CANDIDATE,,LEAKAGE_EXISTING_GROUP_CONFLICT,BOUND_STRUCTURAL_EXECUTION_OUTCOME_RETAINED,NONE,false
252,COVAPIE_CYS_SG_EVENT_V1:2FQ9:A:CYS:25-:SG:C:CRJ:C32,2FQ9,CRJ,C32,NEW_INCREMENTAL_EXECUTION,NEW_INCREMENTAL_CANDIDATE,HUMAN_REVIEW_REQUIRED_PRE_CHEMISTRY,"[""PRE_CHEMISTRY_NOT_PRODUCTION_AUTHORITATIVE"",""NO_FAMILY_LEVEL_AUTO_ADMISSION""]",PASSED,true,POST_ONLY_V1_REVIEW_CANDIDATE,PUBLISHED_POST_ONLY_ELIGIBILITY:FEATURE_STAGE_PASSED_AND_HUMAN_REVIEW_REQUIRED_PRE_CHEMISTRY,COVAPIE_BULK_REVIEW_UNIT_57FF17B34C94F78F,COVAPIE_BULK_REVIEW_UNIT_57FF17B34C94F78F,NEG_V1_TS_DUMP_CATALYTIC_ADDUCT_EXACT,NOT_MATCHED,"PREDICATE_MISMATCH:exact_ccd_component_graph_sha256,exact_ligand_reactive_atom,exact_radius1_sha256,exact_radius2_sha256;UNAVAILABLE_OR_MALFORMED:exact_ts_family_accession_sequence_key[leakage_evidence.protein_accession:MISSING]",NEG_V2_DTT_CRYSTALLIZATION_REDUCING_ADDUCT_EXACT,NOT_MATCHED,"PREDICATE_MISMATCH:automorphism_derived_dtt_sulfur_endpoint,exact_1fvg_source_structure_context,exact_dtt_component_graph_sha256,exact_dtt_component_identity,exact_ligand_reactive_element,exact_local_topology,exact_radius1_sha256,exact_radius2_sha256,structured_source_boundary;UNAVAILABLE_OR_MALFORMED:exact_1fvg_reagent_protein_context[leakage.accession:MISSING],exact_dtt_heavy_identity_and_charge[outcome.ccd_formal_charge_pattern:INVALID]",,HUMAN_REVIEW_REQUIRED,NO_SINGLE_EXACT_RULE_MATCHED_EVERY_EVENT;HUMAN_REVIEW_RETAINED,NO_NEW_HUMAN_AUTHORITY,false
253,COVAPIE_CYS_SG_EVENT_V1:2FQ9:B:CYS:25-:SG:D:CRJ:C32,2FQ9,CRJ,C32,NEW_INCREMENTAL_EXECUTION,NEW_INCREMENTAL_CANDIDATE,HUMAN_REVIEW_REQUIRED_PRE_CHEMISTRY,"[""PRE_CHEMISTRY_NOT_PRODUCTION_AUTHORITATIVE"",""NO_FAMILY_LEVEL_AUTO_ADMISSION""]",PASSED,true,POST_ONLY_V1_REVIEW_CANDIDATE,PUBLISHED_POST_ONLY_ELIGIBILITY:FEATURE_STAGE_PASSED_AND_HUMAN_REVIEW_REQUIRED_PRE_CHEMISTRY,COVAPIE_BULK_REVIEW_UNIT_57FF17B34C94F78F,COVAPIE_BULK_REVIEW_UNIT_57FF17B34C94F78F,NEG_V1_TS_DUMP_CATALYTIC_ADDUCT_EXACT,NOT_MATCHED,"PREDICATE_MISMATCH:exact_ccd_component_graph_sha256,exact_ligand_reactive_atom,exact_radius1_sha256,exact_radius2_sha256;UNAVAILABLE_OR_MALFORMED:exact_ts_family_accession_sequence_key[leakage_evidence.protein_accession:MISSING]",NEG_V2_DTT_CRYSTALLIZATION_REDUCING_ADDUCT_EXACT,NOT_MATCHED,"PREDICATE_MISMATCH:automorphism_derived_dtt_sulfur_endpoint,exact_1fvg_source_structure_context,exact_dtt_component_graph_sha256,exact_dtt_component_identity,exact_ligand_reactive_element,exact_local_topology,exact_radius1_sha256,exact_radius2_sha256,structured_source_boundary;UNAVAILABLE_OR_MALFORMED:exact_1fvg_reagent_protein_context[leakage.accession:MISSING],exact_dtt_heavy_identity_and_charge[outcome.ccd_formal_charge_pattern:INVALID]",,HUMAN_REVIEW_REQUIRED,NO_SINGLE_EXACT_RULE_MATCHED_EVERY_EVENT;HUMAN_REVIEW_RETAINED,NO_NEW_HUMAN_AUTHORITY,false
254,COVAPIE_CYS_SG_EVENT_V1:2FQQ:B:CYS:331-:SG:C:F1G:S1,2FQQ,F1G,S1,NEW_INCREMENTAL_EXECUTION,NEW_INCREMENTAL_EXCLUDED,STRUCTURAL_EVIDENCE_INCOMPLETE,"[""MMCIF_EXACT_CYS_SG_STRUCT_CONN_NOT_RECOVERED""]",NOT_REACHED,false,OUTSIDE_STRUCTURAL_ELIGIBILITY,PUBLISHED_POST_ONLY_INELIGIBILITY:FEATURE_STAGE=NOT_REACHED;TERMINAL_OUTCOME=STRUCTURAL_EVIDENCE_INCOMPLETE,,,NEG_V1_TS_DUMP_CATALYTIC_ADDUCT_EXACT,NOT_EVALUATED_OUTSIDE_SUPPORTED_POST_ONLY_CANDIDATE,NOT_EVALUATED_OUTSIDE_SUPPORTED_POST_ONLY_CANDIDATE,NEG_V2_DTT_CRYSTALLIZATION_REDUCING_ADDUCT_EXACT,NOT_EVALUATED_OUTSIDE_SUPPORTED_POST_ONLY_CANDIDATE,NOT_EVALUATED_OUTSIDE_SUPPORTED_POST_ONLY_CANDIDATE,,STRUCTURAL_EVIDENCE_INCOMPLETE,BOUND_STRUCTURAL_EXECUTION_OUTCOME_RETAINED,NONE,false
255,COVAPIE_CYS_SG_EVENT_V1:2FRA:A:CYS:25-:SG:C:CRV:C16,2FRA,CRV,C16,NEW_INCREMENTAL_EXECUTION,NEW_INCREMENTAL_EXCLUDED,LEAKAGE_EXISTING_GROUP_CONFLICT,"[""LEAKAGE_EXISTING_GROUP_CONFLICT""]",PASSED,false,BLOCKED_EXISTING_GROUP_CONFLICT,PUBLISHED_POST_ONLY_INELIGIBILITY:FEATURE_STAGE=PASSED;TERMINAL_OUTCOME=LEAKAGE_EXISTING_GROUP_CONFLICT,,,NEG_V1_TS_DUMP_CATALYTIC_ADDUCT_EXACT,NOT_EVALUATED_OUTSIDE_SUPPORTED_POST_ONLY_CANDIDATE,NOT_EVALUATED_OUTSIDE_SUPPORTED_POST_ONLY_CANDIDATE,NEG_V2_DTT_CRYSTALLIZATION_REDUCING_ADDUCT_EXACT,NOT_EVALUATED_OUTSIDE_SUPPORTED_POST_ONLY_CANDIDATE,NOT_EVALUATED_OUTSIDE_SUPPORTED_POST_ONLY_CANDIDATE,,LEAKAGE_EXISTING_GROUP_CONFLICT,BOUND_STRUCTURAL_EXECUTION_OUTCOME_RETAINED,NONE,false
256,COVAPIE_CYS_SG_EVENT_V1:2FRA:B:CYS:25-:SG:D:CRV:C16,2FRA,CRV,C16,NEW_INCREMENTAL_EXECUTION,NEW_INCREMENTAL_EXCLUDED,LEAKAGE_EXISTING_GROUP_CONFLICT,"[""LEAKAGE_EXISTING_GROUP_CONFLICT""]",PASSED,false,BLOCKED_EXISTING_GROUP_CONFLICT,PUBLISHED_POST_ONLY_INELIGIBILITY:FEATURE_STAGE=PASSED;TERMINAL_OUTCOME=LEAKAGE_EXISTING_GROUP_CONFLICT,,,NEG_V1_TS_DUMP_CATALYTIC_ADDUCT_EXACT,NOT_EVALUATED_OUTSIDE_SUPPORTED_POST_ONLY_CANDIDATE,NOT_EVALUATED_OUTSIDE_SUPPORTED_POST_ONLY_CANDIDATE,NEG_V2_DTT_CRYSTALLIZATION_REDUCING_ADDUCT_EXACT,NOT_EVALUATED_OUTSIDE_SUPPORTED_POST_ONLY_CANDIDATE,NOT_EVALUATED_OUTSIDE_SUPPORTED_POST_ONLY_CANDIDATE,,LEAKAGE_EXISTING_GROUP_CONFLICT,BOUND_STRUCTURAL_EXECUTION_OUTCOME_RETAINED,NONE,false
257,COVAPIE_CYS_SG_EVENT_V1:2FRQ:A:CYS:25-:SG:C:C71:C16,2FRQ,C71,C16,NEW_INCREMENTAL_EXECUTION,NEW_INCREMENTAL_EXCLUDED,LEAKAGE_EXISTING_GROUP_CONFLICT,"[""LEAKAGE_EXISTING_GROUP_CONFLICT""]",PASSED,false,BLOCKED_EXISTING_GROUP_CONFLICT,PUBLISHED_POST_ONLY_INELIGIBILITY:FEATURE_STAGE=PASSED;TERMINAL_OUTCOME=LEAKAGE_EXISTING_GROUP_CONFLICT,,,NEG_V1_TS_DUMP_CATALYTIC_ADDUCT_EXACT,NOT_EVALUATED_OUTSIDE_SUPPORTED_POST_ONLY_CANDIDATE,NOT_EVALUATED_OUTSIDE_SUPPORTED_POST_ONLY_CANDIDATE,NEG_V2_DTT_CRYSTALLIZATION_REDUCING_ADDUCT_EXACT,NOT_EVALUATED_OUTSIDE_SUPPORTED_POST_ONLY_CANDIDATE,NOT_EVALUATED_OUTSIDE_SUPPORTED_POST_ONLY_CANDIDATE,,LEAKAGE_EXISTING_GROUP_CONFLICT,BOUND_STRUCTURAL_EXECUTION_OUTCOME_RETAINED,NONE,false
258,COVAPIE_CYS_SG_EVENT_V1:2FRQ:B:CYS:25-:SG:D:C71:C16,2FRQ,C71,C16,NEW_INCREMENTAL_EXECUTION,NEW_INCREMENTAL_EXCLUDED,LEAKAGE_EXISTING_GROUP_CONFLICT,"[""LEAKAGE_EXISTING_GROUP_CONFLICT""]",PASSED,false,BLOCKED_EXISTING_GROUP_CONFLICT,PUBLISHED_POST_ONLY_INELIGIBILITY:FEATURE_STAGE=PASSED;TERMINAL_OUTCOME=LEAKAGE_EXISTING_GROUP_CONFLICT,,,NEG_V1_TS_DUMP_CATALYTIC_ADDUCT_EXACT,NOT_EVALUATED_OUTSIDE_SUPPORTED_POST_ONLY_CANDIDATE,NOT_EVALUATED_OUTSIDE_SUPPORTED_POST_ONLY_CANDIDATE,NEG_V2_DTT_CRYSTALLIZATION_REDUCING_ADDUCT_EXACT,NOT_EVALUATED_OUTSIDE_SUPPORTED_POST_ONLY_CANDIDATE,NOT_EVALUATED_OUTSIDE_SUPPORTED_POST_ONLY_CANDIDATE,,LEAKAGE_EXISTING_GROUP_CONFLICT,BOUND_STRUCTURAL_EXECUTION_OUTCOME_RETAINED,NONE,false
259,COVAPIE_CYS_SG_EVENT_V1:2FT2:A:CYS:25-:SG:C:C28:C31,2FT2,C28,C31,NEW_INCREMENTAL_EXECUTION,NEW_INCREMENTAL_EXCLUDED,LEAKAGE_EXISTING_GROUP_CONFLICT,"[""LEAKAGE_EXISTING_GROUP_CONFLICT""]",PASSED,false,BLOCKED_EXISTING_GROUP_CONFLICT,PUBLISHED_POST_ONLY_INELIGIBILITY:FEATURE_STAGE=PASSED;TERMINAL_OUTCOME=LEAKAGE_EXISTING_GROUP_CONFLICT,,,NEG_V1_TS_DUMP_CATALYTIC_ADDUCT_EXACT,NOT_EVALUATED_OUTSIDE_SUPPORTED_POST_ONLY_CANDIDATE,NOT_EVALUATED_OUTSIDE_SUPPORTED_POST_ONLY_CANDIDATE,NEG_V2_DTT_CRYSTALLIZATION_REDUCING_ADDUCT_EXACT,NOT_EVALUATED_OUTSIDE_SUPPORTED_POST_ONLY_CANDIDATE,NOT_EVALUATED_OUTSIDE_SUPPORTED_POST_ONLY_CANDIDATE,,LEAKAGE_EXISTING_GROUP_CONFLICT,BOUND_STRUCTURAL_EXECUTION_OUTCOME_RETAINED,NONE,false
260,COVAPIE_CYS_SG_EVENT_V1:2FT2:B:CYS:25-:SG:D:C28:C31,2FT2,C28,C31,NEW_INCREMENTAL_EXECUTION,NEW_INCREMENTAL_EXCLUDED,LEAKAGE_EXISTING_GROUP_CONFLICT,"[""LEAKAGE_EXISTING_GROUP_CONFLICT""]",PASSED,false,BLOCKED_EXISTING_GROUP_CONFLICT,PUBLISHED_POST_ONLY_INELIGIBILITY:FEATURE_STAGE=PASSED;TERMINAL_OUTCOME=LEAKAGE_EXISTING_GROUP_CONFLICT,,,NEG_V1_TS_DUMP_CATALYTIC_ADDUCT_EXACT,NOT_EVALUATED_OUTSIDE_SUPPORTED_POST_ONLY_CANDIDATE,NOT_EVALUATED_OUTSIDE_SUPPORTED_POST_ONLY_CANDIDATE,NEG_V2_DTT_CRYSTALLIZATION_REDUCING_ADDUCT_EXACT,NOT_EVALUATED_OUTSIDE_SUPPORTED_POST_ONLY_CANDIDATE,NOT_EVALUATED_OUTSIDE_SUPPORTED_POST_ONLY_CANDIDATE,,LEAKAGE_EXISTING_GROUP_CONFLICT,BOUND_STRUCTURAL_EXECUTION_OUTCOME_RETAINED,NONE,false
261,COVAPIE_CYS_SG_EVENT_V1:2FTD:A:CYS:25-:SG:C:ILI:C12,2FTD,ILI,C12,NEW_INCREMENTAL_EXECUTION,NEW_INCREMENTAL_EXCLUDED,LEAKAGE_EXISTING_GROUP_CONFLICT,"[""LEAKAGE_EXISTING_GROUP_CONFLICT""]",PASSED,false,BLOCKED_EXISTING_GROUP_CONFLICT,PUBLISHED_POST_ONLY_INELIGIBILITY:FEATURE_STAGE=PASSED;TERMINAL_OUTCOME=LEAKAGE_EXISTING_GROUP_CONFLICT,,,NEG_V1_TS_DUMP_CATALYTIC_ADDUCT_EXACT,NOT_EVALUATED_OUTSIDE_SUPPORTED_POST_ONLY_CANDIDATE,NOT_EVALUATED_OUTSIDE_SUPPORTED_POST_ONLY_CANDIDATE,NEG_V2_DTT_CRYSTALLIZATION_REDUCING_ADDUCT_EXACT,NOT_EVALUATED_OUTSIDE_SUPPORTED_POST_ONLY_CANDIDATE,NOT_EVALUATED_OUTSIDE_SUPPORTED_POST_ONLY_CANDIDATE,,LEAKAGE_EXISTING_GROUP_CONFLICT,BOUND_STRUCTURAL_EXECUTION_OUTCOME_RETAINED,NONE,false
262,COVAPIE_CYS_SG_EVENT_V1:2FTD:B:CYS:25-:SG:D:ILI:C12,2FTD,ILI,C12,NEW_INCREMENTAL_EXECUTION,NEW_INCREMENTAL_EXCLUDED,LEAKAGE_EXISTING_GROUP_CONFLICT,"[""LEAKAGE_EXISTING_GROUP_CONFLICT""]",PASSED,false,BLOCKED_EXISTING_GROUP_CONFLICT,PUBLISHED_POST_ONLY_INELIGIBILITY:FEATURE_STAGE=PASSED;TERMINAL_OUTCOME=LEAKAGE_EXISTING_GROUP_CONFLICT,,,NEG_V1_TS_DUMP_CATALYTIC_ADDUCT_EXACT,NOT_EVALUATED_OUTSIDE_SUPPORTED_POST_ONLY_CANDIDATE,NOT_EVALUATED_OUTSIDE_SUPPORTED_POST_ONLY_CANDIDATE,NEG_V2_DTT_CRYSTALLIZATION_REDUCING_ADDUCT_EXACT,NOT_EVALUATED_OUTSIDE_SUPPORTED_POST_ONLY_CANDIDATE,NOT_EVALUATED_OUTSIDE_SUPPORTED_POST_ONLY_CANDIDATE,,LEAKAGE_EXISTING_GROUP_CONFLICT,BOUND_STRUCTURAL_EXECUTION_OUTCOME_RETAINED,NONE,false
263,COVAPIE_CYS_SG_EVENT_V1:2FUD:A:CYS:25-:SG:C:CRL:C9,2FUD,CRL,C9,NEW_INCREMENTAL_EXECUTION,NEW_INCREMENTAL_EXCLUDED,REJECTED_FEATURE_INCOMPATIBLE,"[""UNSUPPORTED_NONHYDROGEN_MODEL_ATOM""]",FAILED_CLOSED,false,OUTSIDE_STRUCTURAL_ELIGIBILITY,PUBLISHED_POST_ONLY_INELIGIBILITY:FEATURE_STAGE=FAILED_CLOSED;TERMINAL_OUTCOME=REJECTED_FEATURE_INCOMPATIBLE,,,NEG_V1_TS_DUMP_CATALYTIC_ADDUCT_EXACT,NOT_EVALUATED_OUTSIDE_SUPPORTED_POST_ONLY_CANDIDATE,NOT_EVALUATED_OUTSIDE_SUPPORTED_POST_ONLY_CANDIDATE,NEG_V2_DTT_CRYSTALLIZATION_REDUCING_ADDUCT_EXACT,NOT_EVALUATED_OUTSIDE_SUPPORTED_POST_ONLY_CANDIDATE,NOT_EVALUATED_OUTSIDE_SUPPORTED_POST_ONLY_CANDIDATE,,REJECTED_FEATURE_INCOMPATIBLE,BOUND_STRUCTURAL_EXECUTION_OUTCOME_RETAINED,NONE,false
264,COVAPIE_CYS_SG_EVENT_V1:2FUD:B:CYS:25-:SG:D:CRL:C9,2FUD,CRL,C9,NEW_INCREMENTAL_EXECUTION,NEW_INCREMENTAL_EXCLUDED,REJECTED_FEATURE_INCOMPATIBLE,"[""UNSUPPORTED_NONHYDROGEN_MODEL_ATOM""]",FAILED_CLOSED,false,OUTSIDE_STRUCTURAL_ELIGIBILITY,PUBLISHED_POST_ONLY_INELIGIBILITY:FEATURE_STAGE=FAILED_CLOSED;TERMINAL_OUTCOME=REJECTED_FEATURE_INCOMPATIBLE,,,NEG_V1_TS_DUMP_CATALYTIC_ADDUCT_EXACT,NOT_EVALUATED_OUTSIDE_SUPPORTED_POST_ONLY_CANDIDATE,NOT_EVALUATED_OUTSIDE_SUPPORTED_POST_ONLY_CANDIDATE,NEG_V2_DTT_CRYSTALLIZATION_REDUCING_ADDUCT_EXACT,NOT_EVALUATED_OUTSIDE_SUPPORTED_POST_ONLY_CANDIDATE,NOT_EVALUATED_OUTSIDE_SUPPORTED_POST_ONLY_CANDIDATE,,REJECTED_FEATURE_INCOMPATIBLE,BOUND_STRUCTURAL_EXECUTION_OUTCOME_RETAINED,NONE,false
265,COVAPIE_CYS_SG_EVENT_V1:2FYE:A:CYS:25-:SG:B:BCQ:CT,2FYE,BCQ,CT,NEW_INCREMENTAL_EXECUTION,NEW_INCREMENTAL_EXCLUDED,LEAKAGE_EXISTING_GROUP_CONFLICT,"[""LEAKAGE_EXISTING_GROUP_CONFLICT""]",PASSED,false,BLOCKED_EXISTING_GROUP_CONFLICT,PUBLISHED_POST_ONLY_INELIGIBILITY:FEATURE_STAGE=PASSED;TERMINAL_OUTCOME=LEAKAGE_EXISTING_GROUP_CONFLICT,,,NEG_V1_TS_DUMP_CATALYTIC_ADDUCT_EXACT,NOT_EVALUATED_OUTSIDE_SUPPORTED_POST_ONLY_CANDIDATE,NOT_EVALUATED_OUTSIDE_SUPPORTED_POST_ONLY_CANDIDATE,NEG_V2_DTT_CRYSTALLIZATION_REDUCING_ADDUCT_EXACT,NOT_EVALUATED_OUTSIDE_SUPPORTED_POST_ONLY_CANDIDATE,NOT_EVALUATED_OUTSIDE_SUPPORTED_POST_ONLY_CANDIDATE,,LEAKAGE_EXISTING_GROUP_CONFLICT,BOUND_STRUCTURAL_EXECUTION_OUTCOME_RETAINED,NONE,false
266,COVAPIE_CYS_SG_EVENT_V1:2G6D:A:CYS:25-:SG:B:MQQ:CT,2G6D,MQQ,CT,NEW_INCREMENTAL_EXECUTION,NEW_INCREMENTAL_EXCLUDED,LEAKAGE_EXISTING_GROUP_CONFLICT,"[""LEAKAGE_EXISTING_GROUP_CONFLICT""]",PASSED,false,BLOCKED_EXISTING_GROUP_CONFLICT,PUBLISHED_POST_ONLY_INELIGIBILITY:FEATURE_STAGE=PASSED;TERMINAL_OUTCOME=LEAKAGE_EXISTING_GROUP_CONFLICT,,,NEG_V1_TS_DUMP_CATALYTIC_ADDUCT_EXACT,NOT_EVALUATED_OUTSIDE_SUPPORTED_POST_ONLY_CANDIDATE,NOT_EVALUATED_OUTSIDE_SUPPORTED_POST_ONLY_CANDIDATE,NEG_V2_DTT_CRYSTALLIZATION_REDUCING_ADDUCT_EXACT,NOT_EVALUATED_OUTSIDE_SUPPORTED_POST_ONLY_CANDIDATE,NOT_EVALUATED_OUTSIDE_SUPPORTED_POST_ONLY_CANDIDATE,,LEAKAGE_EXISTING_GROUP_CONFLICT,BOUND_STRUCTURAL_EXECUTION_OUTCOME_RETAINED,NONE,false
267,COVAPIE_CYS_SG_EVENT_V1:2G8E:A:CYS:115-:SG:D:0M6:CAX,2G8E,0M6,CAX,NEW_INCREMENTAL_EXECUTION,NEW_INCREMENTAL_EXCLUDED,LEAKAGE_EXISTING_GROUP_CONFLICT,"[""LEAKAGE_EXISTING_GROUP_CONFLICT""]",PASSED,false,BLOCKED_EXISTING_GROUP_CONFLICT,PUBLISHED_POST_ONLY_INELIGIBILITY:FEATURE_STAGE=PASSED;TERMINAL_OUTCOME=LEAKAGE_EXISTING_GROUP_CONFLICT,,,NEG_V1_TS_DUMP_CATALYTIC_ADDUCT_EXACT,NOT_EVALUATED_OUTSIDE_SUPPORTED_POST_ONLY_CANDIDATE,NOT_EVALUATED_OUTSIDE_SUPPORTED_POST_ONLY_CANDIDATE,NEG_V2_DTT_CRYSTALLIZATION_REDUCING_ADDUCT_EXACT,NOT_EVALUATED_OUTSIDE_SUPPORTED_POST_ONLY_CANDIDATE,NOT_EVALUATED_OUTSIDE_SUPPORTED_POST_ONLY_CANDIDATE,,LEAKAGE_EXISTING_GROUP_CONFLICT,BOUND_STRUCTURAL_EXECUTION_OUTCOME_RETAINED,NONE,false
268,COVAPIE_CYS_SG_EVENT_V1:2G8J:A:CYS:115-:SG:D:D7G:C1,2G8J,D7G,C1,NEW_INCREMENTAL_EXECUTION,NEW_INCREMENTAL_EXCLUDED,LEAKAGE_EXISTING_GROUP_CONFLICT,"[""LEAKAGE_EXISTING_GROUP_CONFLICT""]",PASSED,false,BLOCKED_EXISTING_GROUP_CONFLICT,PUBLISHED_POST_ONLY_INELIGIBILITY:FEATURE_STAGE=PASSED;TERMINAL_OUTCOME=LEAKAGE_EXISTING_GROUP_CONFLICT,,,NEG_V1_TS_DUMP_CATALYTIC_ADDUCT_EXACT,NOT_EVALUATED_OUTSIDE_SUPPORTED_POST_ONLY_CANDIDATE,NOT_EVALUATED_OUTSIDE_SUPPORTED_POST_ONLY_CANDIDATE,NEG_V2_DTT_CRYSTALLIZATION_REDUCING_ADDUCT_EXACT,NOT_EVALUATED_OUTSIDE_SUPPORTED_POST_ONLY_CANDIDATE,NOT_EVALUATED_OUTSIDE_SUPPORTED_POST_ONLY_CANDIDATE,,LEAKAGE_EXISTING_GROUP_CONFLICT,BOUND_STRUCTURAL_EXECUTION_OUTCOME_RETAINED,NONE,false
269,COVAPIE_CYS_SG_EVENT_V1:2GH5:A:CYS:58-:SG:E:ELI:C17,2GH5,ELI,C17,NEW_INCREMENTAL_EXECUTION,NEW_INCREMENTAL_CANDIDATE,HUMAN_REVIEW_REQUIRED_PRE_CHEMISTRY,"[""PRE_CHEMISTRY_NOT_PRODUCTION_AUTHORITATIVE"",""NO_FAMILY_LEVEL_AUTO_ADMISSION""]",PASSED,true,POST_ONLY_V1_REVIEW_CANDIDATE,PUBLISHED_POST_ONLY_ELIGIBILITY:FEATURE_STAGE_PASSED_AND_HUMAN_REVIEW_REQUIRED_PRE_CHEMISTRY,COVAPIE_BULK_REVIEW_UNIT_A3B1026F5FBAFB4A,COVAPIE_BULK_REVIEW_UNIT_A3B1026F5FBAFB4A,NEG_V1_TS_DUMP_CATALYTIC_ADDUCT_EXACT,NOT_MATCHED,"PREDICATE_MISMATCH:exact_ccd_component_graph_sha256,exact_ligand_reactive_atom,exact_radius1_sha256,exact_radius2_sha256,exact_ts_family_accession_sequence_key",NEG_V2_DTT_CRYSTALLIZATION_REDUCING_ADDUCT_EXACT,NOT_MATCHED,"PREDICATE_MISMATCH:automorphism_derived_dtt_sulfur_endpoint,exact_1fvg_reagent_protein_context,exact_1fvg_source_structure_context,exact_dtt_component_graph_sha256,exact_dtt_component_identity,exact_ligand_reactive_element,exact_local_topology,exact_radius1_sha256,exact_radius2_sha256;UNAVAILABLE_OR_MALFORMED:exact_dtt_heavy_identity_and_charge[outcome.ccd_formal_charge_pattern:INVALID]",,HUMAN_REVIEW_REQUIRED,NO_SINGLE_EXACT_RULE_MATCHED_EVERY_EVENT;HUMAN_REVIEW_RETAINED,NO_NEW_HUMAN_AUTHORITY,false
270,COVAPIE_CYS_SG_EVENT_V1:2GH5:B:CYS:58-:SG:N:ELI:C17,2GH5,ELI,C17,NEW_INCREMENTAL_EXECUTION,NEW_INCREMENTAL_CANDIDATE,HUMAN_REVIEW_REQUIRED_PRE_CHEMISTRY,"[""PRE_CHEMISTRY_NOT_PRODUCTION_AUTHORITATIVE"",""NO_FAMILY_LEVEL_AUTO_ADMISSION""]",PASSED,true,POST_ONLY_V1_REVIEW_CANDIDATE,PUBLISHED_POST_ONLY_ELIGIBILITY:FEATURE_STAGE_PASSED_AND_HUMAN_REVIEW_REQUIRED_PRE_CHEMISTRY,COVAPIE_BULK_REVIEW_UNIT_A3B1026F5FBAFB4A,COVAPIE_BULK_REVIEW_UNIT_A3B1026F5FBAFB4A,NEG_V1_TS_DUMP_CATALYTIC_ADDUCT_EXACT,NOT_MATCHED,"PREDICATE_MISMATCH:exact_ccd_component_graph_sha256,exact_ligand_reactive_atom,exact_radius1_sha256,exact_radius2_sha256,exact_ts_family_accession_sequence_key",NEG_V2_DTT_CRYSTALLIZATION_REDUCING_ADDUCT_EXACT,NOT_MATCHED,"PREDICATE_MISMATCH:automorphism_derived_dtt_sulfur_endpoint,exact_1fvg_reagent_protein_context,exact_1fvg_source_structure_context,exact_dtt_component_graph_sha256,exact_dtt_component_identity,exact_ligand_reactive_element,exact_local_topology,exact_radius1_sha256,exact_radius2_sha256;UNAVAILABLE_OR_MALFORMED:exact_dtt_heavy_identity_and_charge[outcome.ccd_formal_charge_pattern:INVALID]",,HUMAN_REVIEW_REQUIRED,NO_SINGLE_EXACT_RULE_MATCHED_EVERY_EVENT;HUMAN_REVIEW_RETAINED,NO_NEW_HUMAN_AUTHORITY,false
271,COVAPIE_CYS_SG_EVENT_V1:2GKE:A:CYS:73-:SG:B:ZDP:CAN,2GKE,ZDP,CAN,NEW_INCREMENTAL_EXECUTION,NEW_INCREMENTAL_EXCLUDED,STRUCTURAL_EVIDENCE_INCOMPLETE,"[""MMCIF_EXACT_CYS_SG_STRUCT_CONN_NOT_RECOVERED""]",NOT_REACHED,false,OUTSIDE_STRUCTURAL_ELIGIBILITY,PUBLISHED_POST_ONLY_INELIGIBILITY:FEATURE_STAGE=NOT_REACHED;TERMINAL_OUTCOME=STRUCTURAL_EVIDENCE_INCOMPLETE,,,NEG_V1_TS_DUMP_CATALYTIC_ADDUCT_EXACT,NOT_EVALUATED_OUTSIDE_SUPPORTED_POST_ONLY_CANDIDATE,NOT_EVALUATED_OUTSIDE_SUPPORTED_POST_ONLY_CANDIDATE,NEG_V2_DTT_CRYSTALLIZATION_REDUCING_ADDUCT_EXACT,NOT_EVALUATED_OUTSIDE_SUPPORTED_POST_ONLY_CANDIDATE,NOT_EVALUATED_OUTSIDE_SUPPORTED_POST_ONLY_CANDIDATE,,STRUCTURAL_EVIDENCE_INCOMPLETE,BOUND_STRUCTURAL_EXECUTION_OUTCOME_RETAINED,NONE,false
272,COVAPIE_CYS_SG_EVENT_V1:2GKJ:A:CYS:217-:SG:B:ZDR:CAN,2GKJ,ZDR,CAN,NEW_INCREMENTAL_EXECUTION,NEW_INCREMENTAL_EXCLUDED,STRUCTURAL_EVIDENCE_INCOMPLETE,"[""MMCIF_EXACT_CYS_SG_STRUCT_CONN_NOT_RECOVERED""]",NOT_REACHED,false,OUTSIDE_STRUCTURAL_ELIGIBILITY,PUBLISHED_POST_ONLY_INELIGIBILITY:FEATURE_STAGE=NOT_REACHED;TERMINAL_OUTCOME=STRUCTURAL_EVIDENCE_INCOMPLETE,,,NEG_V1_TS_DUMP_CATALYTIC_ADDUCT_EXACT,NOT_EVALUATED_OUTSIDE_SUPPORTED_POST_ONLY_CANDIDATE,NOT_EVALUATED_OUTSIDE_SUPPORTED_POST_ONLY_CANDIDATE,NEG_V2_DTT_CRYSTALLIZATION_REDUCING_ADDUCT_EXACT,NOT_EVALUATED_OUTSIDE_SUPPORTED_POST_ONLY_CANDIDATE,NOT_EVALUATED_OUTSIDE_SUPPORTED_POST_ONLY_CANDIDATE,,STRUCTURAL_EVIDENCE_INCOMPLETE,BOUND_STRUCTURAL_EXECUTION_OUTCOME_RETAINED,NONE,false
273,COVAPIE_CYS_SG_EVENT_V1:2GTB:A:CYS:145-:SG:B:AZP:CBM,2GTB,AZP,CBM,NEW_INCREMENTAL_EXECUTION,NEW_INCREMENTAL_EXCLUDED,STRUCTURAL_EVIDENCE_INCOMPLETE,"[""MMCIF_EXACT_CYS_SG_STRUCT_CONN_NOT_RECOVERED""]",NOT_REACHED,false,OUTSIDE_STRUCTURAL_ELIGIBILITY,PUBLISHED_POST_ONLY_INELIGIBILITY:FEATURE_STAGE=NOT_REACHED;TERMINAL_OUTCOME=STRUCTURAL_EVIDENCE_INCOMPLETE,,,NEG_V1_TS_DUMP_CATALYTIC_ADDUCT_EXACT,NOT_EVALUATED_OUTSIDE_SUPPORTED_POST_ONLY_CANDIDATE,NOT_EVALUATED_OUTSIDE_SUPPORTED_POST_ONLY_CANDIDATE,NEG_V2_DTT_CRYSTALLIZATION_REDUCING_ADDUCT_EXACT,NOT_EVALUATED_OUTSIDE_SUPPORTED_POST_ONLY_CANDIDATE,NOT_EVALUATED_OUTSIDE_SUPPORTED_POST_ONLY_CANDIDATE,,STRUCTURAL_EVIDENCE_INCOMPLETE,BOUND_STRUCTURAL_EXECUTION_OUTCOME_RETAINED,NONE,false
274,COVAPIE_CYS_SG_EVENT_V1:2GX4:A:CYS:145-:SG:B:NOL:C35,2GX4,NOL,C35,NEW_INCREMENTAL_EXECUTION,NEW_INCREMENTAL_EXCLUDED,STRUCTURAL_EVIDENCE_INCOMPLETE,"[""MMCIF_EXACT_CYS_SG_STRUCT_CONN_NOT_RECOVERED""]",NOT_REACHED,false,OUTSIDE_STRUCTURAL_ELIGIBILITY,PUBLISHED_POST_ONLY_INELIGIBILITY:FEATURE_STAGE=NOT_REACHED;TERMINAL_OUTCOME=STRUCTURAL_EVIDENCE_INCOMPLETE,,,NEG_V1_TS_DUMP_CATALYTIC_ADDUCT_EXACT,NOT_EVALUATED_OUTSIDE_SUPPORTED_POST_ONLY_CANDIDATE,NOT_EVALUATED_OUTSIDE_SUPPORTED_POST_ONLY_CANDIDATE,NEG_V2_DTT_CRYSTALLIZATION_REDUCING_ADDUCT_EXACT,NOT_EVALUATED_OUTSIDE_SUPPORTED_POST_ONLY_CANDIDATE,NOT_EVALUATED_OUTSIDE_SUPPORTED_POST_ONLY_CANDIDATE,,STRUCTURAL_EVIDENCE_INCOMPLETE,BOUND_STRUCTURAL_EXECUTION_OUTCOME_RETAINED,NONE,false
275,COVAPIE_CYS_SG_EVENT_V1:2GYO:A:CYS:112-:SG:D:MEE:S,2GYO,MEE,S,NEW_INCREMENTAL_EXECUTION,NEW_INCREMENTAL_EXCLUDED,STRUCTURAL_EVIDENCE_INCOMPLETE,"[""MMCIF_EXACT_CYS_SG_STRUCT_CONN_NOT_RECOVERED""]",NOT_REACHED,false,OUTSIDE_STRUCTURAL_ELIGIBILITY,PUBLISHED_POST_ONLY_INELIGIBILITY:FEATURE_STAGE=NOT_REACHED;TERMINAL_OUTCOME=STRUCTURAL_EVIDENCE_INCOMPLETE,,,NEG_V1_TS_DUMP_CATALYTIC_ADDUCT_EXACT,NOT_EVALUATED_OUTSIDE_SUPPORTED_POST_ONLY_CANDIDATE,NOT_EVALUATED_OUTSIDE_SUPPORTED_POST_ONLY_CANDIDATE,NEG_V2_DTT_CRYSTALLIZATION_REDUCING_ADDUCT_EXACT,NOT_EVALUATED_OUTSIDE_SUPPORTED_POST_ONLY_CANDIDATE,NOT_EVALUATED_OUTSIDE_SUPPORTED_POST_ONLY_CANDIDATE,,STRUCTURAL_EVIDENCE_INCOMPLETE,BOUND_STRUCTURAL_EXECUTION_OUTCOME_RETAINED,NONE,false
276,COVAPIE_CYS_SG_EVENT_V1:2GZ3:A:CYS:128-:SG:F:AS2:CG,2GZ3,AS2,CG,NEW_INCREMENTAL_EXECUTION,NEW_INCREMENTAL_CANDIDATE,HUMAN_REVIEW_REQUIRED_PRE_CHEMISTRY,"[""PRE_CHEMISTRY_NOT_PRODUCTION_AUTHORITATIVE"",""NO_FAMILY_LEVEL_AUTO_ADMISSION""]",PASSED,true,POST_ONLY_V1_REVIEW_CANDIDATE,PUBLISHED_POST_ONLY_ELIGIBILITY:FEATURE_STAGE_PASSED_AND_HUMAN_REVIEW_REQUIRED_PRE_CHEMISTRY,COVAPIE_BULK_REVIEW_UNIT_ECD4EA720B433528,COVAPIE_BULK_REVIEW_UNIT_ECD4EA720B433528,NEG_V1_TS_DUMP_CATALYTIC_ADDUCT_EXACT,NOT_MATCHED,"PREDICATE_MISMATCH:exact_ccd_component_graph_sha256,exact_ligand_reactive_atom,exact_radius1_sha256,exact_radius2_sha256,exact_ts_family_accession_sequence_key",NEG_V2_DTT_CRYSTALLIZATION_REDUCING_ADDUCT_EXACT,NOT_MATCHED,"PREDICATE_MISMATCH:automorphism_derived_dtt_sulfur_endpoint,exact_1fvg_reagent_protein_context,exact_1fvg_source_structure_context,exact_dtt_component_graph_sha256,exact_dtt_component_identity,exact_ligand_reactive_element,exact_local_topology,exact_radius1_sha256,exact_radius2_sha256;UNAVAILABLE_OR_MALFORMED:exact_dtt_heavy_identity_and_charge[outcome.ccd_formal_charge_pattern:INVALID]",,HUMAN_REVIEW_REQUIRED,NO_SINGLE_EXACT_RULE_MATCHED_EVERY_EVENT;HUMAN_REVIEW_RETAINED,NO_NEW_HUMAN_AUTHORITY,false
277,COVAPIE_CYS_SG_EVENT_V1:2GZ3:B:CYS:128-:SG:H:AS2:CG,2GZ3,AS2,CG,NEW_INCREMENTAL_EXECUTION,NEW_INCREMENTAL_CANDIDATE,HUMAN_REVIEW_REQUIRED_PRE_CHEMISTRY,"[""PRE_CHEMISTRY_NOT_PRODUCTION_AUTHORITATIVE"",""NO_FAMILY_LEVEL_AUTO_ADMISSION""]",PASSED,true,POST_ONLY_V1_REVIEW_CANDIDATE,PUBLISHED_POST_ONLY_ELIGIBILITY:FEATURE_STAGE_PASSED_AND_HUMAN_REVIEW_REQUIRED_PRE_CHEMISTRY,COVAPIE_BULK_REVIEW_UNIT_ECD4EA720B433528,COVAPIE_BULK_REVIEW_UNIT_ECD4EA720B433528,NEG_V1_TS_DUMP_CATALYTIC_ADDUCT_EXACT,NOT_MATCHED,"PREDICATE_MISMATCH:exact_ccd_component_graph_sha256,exact_ligand_reactive_atom,exact_radius1_sha256,exact_radius2_sha256,exact_ts_family_accession_sequence_key",NEG_V2_DTT_CRYSTALLIZATION_REDUCING_ADDUCT_EXACT,NOT_MATCHED,"PREDICATE_MISMATCH:automorphism_derived_dtt_sulfur_endpoint,exact_1fvg_reagent_protein_context,exact_1fvg_source_structure_context,exact_dtt_component_graph_sha256,exact_dtt_component_identity,exact_ligand_reactive_element,exact_local_topology,exact_radius1_sha256,exact_radius2_sha256;UNAVAILABLE_OR_MALFORMED:exact_dtt_heavy_identity_and_charge[outcome.ccd_formal_charge_pattern:INVALID]",,HUMAN_REVIEW_REQUIRED,NO_SINGLE_EXACT_RULE_MATCHED_EVERY_EVENT;HUMAN_REVIEW_RETAINED,NO_NEW_HUMAN_AUTHORITY,false
278,COVAPIE_CYS_SG_EVENT_V1:2GZ3:C:CYS:128-:SG:J:AS2:CG,2GZ3,AS2,CG,NEW_INCREMENTAL_EXECUTION,NEW_INCREMENTAL_CANDIDATE,HUMAN_REVIEW_REQUIRED_PRE_CHEMISTRY,"[""PRE_CHEMISTRY_NOT_PRODUCTION_AUTHORITATIVE"",""NO_FAMILY_LEVEL_AUTO_ADMISSION""]",PASSED,true,POST_ONLY_V1_REVIEW_CANDIDATE,PUBLISHED_POST_ONLY_ELIGIBILITY:FEATURE_STAGE_PASSED_AND_HUMAN_REVIEW_REQUIRED_PRE_CHEMISTRY,COVAPIE_BULK_REVIEW_UNIT_ECD4EA720B433528,COVAPIE_BULK_REVIEW_UNIT_ECD4EA720B433528,NEG_V1_TS_DUMP_CATALYTIC_ADDUCT_EXACT,NOT_MATCHED,"PREDICATE_MISMATCH:exact_ccd_component_graph_sha256,exact_ligand_reactive_atom,exact_radius1_sha256,exact_radius2_sha256,exact_ts_family_accession_sequence_key",NEG_V2_DTT_CRYSTALLIZATION_REDUCING_ADDUCT_EXACT,NOT_MATCHED,"PREDICATE_MISMATCH:automorphism_derived_dtt_sulfur_endpoint,exact_1fvg_reagent_protein_context,exact_1fvg_source_structure_context,exact_dtt_component_graph_sha256,exact_dtt_component_identity,exact_ligand_reactive_element,exact_local_topology,exact_radius1_sha256,exact_radius2_sha256;UNAVAILABLE_OR_MALFORMED:exact_dtt_heavy_identity_and_charge[outcome.ccd_formal_charge_pattern:INVALID]",,HUMAN_REVIEW_REQUIRED,NO_SINGLE_EXACT_RULE_MATCHED_EVERY_EVENT;HUMAN_REVIEW_RETAINED,NO_NEW_HUMAN_AUTHORITY,false
279,COVAPIE_CYS_SG_EVENT_V1:2GZ3:D:CYS:128-:SG:L:AS2:CG,2GZ3,AS2,CG,NEW_INCREMENTAL_EXECUTION,NEW_INCREMENTAL_CANDIDATE,HUMAN_REVIEW_REQUIRED_PRE_CHEMISTRY,"[""PRE_CHEMISTRY_NOT_PRODUCTION_AUTHORITATIVE"",""NO_FAMILY_LEVEL_AUTO_ADMISSION""]",PASSED,true,POST_ONLY_V1_REVIEW_CANDIDATE,PUBLISHED_POST_ONLY_ELIGIBILITY:FEATURE_STAGE_PASSED_AND_HUMAN_REVIEW_REQUIRED_PRE_CHEMISTRY,COVAPIE_BULK_REVIEW_UNIT_ECD4EA720B433528,COVAPIE_BULK_REVIEW_UNIT_ECD4EA720B433528,NEG_V1_TS_DUMP_CATALYTIC_ADDUCT_EXACT,NOT_MATCHED,"PREDICATE_MISMATCH:exact_ccd_component_graph_sha256,exact_ligand_reactive_atom,exact_radius1_sha256,exact_radius2_sha256,exact_ts_family_accession_sequence_key",NEG_V2_DTT_CRYSTALLIZATION_REDUCING_ADDUCT_EXACT,NOT_MATCHED,"PREDICATE_MISMATCH:automorphism_derived_dtt_sulfur_endpoint,exact_1fvg_reagent_protein_context,exact_1fvg_source_structure_context,exact_dtt_component_graph_sha256,exact_dtt_component_identity,exact_ligand_reactive_element,exact_local_topology,exact_radius1_sha256,exact_radius2_sha256;UNAVAILABLE_OR_MALFORMED:exact_dtt_heavy_identity_and_charge[outcome.ccd_formal_charge_pattern:INVALID]",,HUMAN_REVIEW_REQUIRED,NO_SINGLE_EXACT_RULE_MATCHED_EVERY_EVENT;HUMAN_REVIEW_RETAINED,NO_NEW_HUMAN_AUTHORITY,false
280,COVAPIE_CYS_SG_EVENT_V1:2HWO:A:CYS:345-:SG:C:RBS:C51,2HWO,RBS,C51,NEW_INCREMENTAL_EXECUTION,NEW_INCREMENTAL_CANDIDATE,HUMAN_REVIEW_REQUIRED_PRE_CHEMISTRY,"[""PRE_CHEMISTRY_NOT_PRODUCTION_AUTHORITATIVE"",""NO_FAMILY_LEVEL_AUTO_ADMISSION""]",PASSED,true,POST_ONLY_V1_REVIEW_CANDIDATE,PUBLISHED_POST_ONLY_ELIGIBILITY:FEATURE_STAGE_PASSED_AND_HUMAN_REVIEW_REQUIRED_PRE_CHEMISTRY,COVAPIE_BULK_REVIEW_UNIT_F9447F8F5D8C3AE5,COVAPIE_BULK_REVIEW_UNIT_F9447F8F5D8C3AE5,NEG_V1_TS_DUMP_CATALYTIC_ADDUCT_EXACT,NOT_MATCHED,"PREDICATE_MISMATCH:exact_ccd_component_graph_sha256,exact_ligand_reactive_atom,exact_radius1_sha256,exact_radius2_sha256,exact_ts_family_accession_sequence_key",NEG_V2_DTT_CRYSTALLIZATION_REDUCING_ADDUCT_EXACT,NOT_MATCHED,"PREDICATE_MISMATCH:automorphism_derived_dtt_sulfur_endpoint,exact_1fvg_reagent_protein_context,exact_1fvg_source_structure_context,exact_dtt_component_graph_sha256,exact_dtt_component_identity,exact_ligand_reactive_element,exact_local_topology,exact_radius1_sha256,exact_radius2_sha256;UNAVAILABLE_OR_MALFORMED:exact_dtt_heavy_identity_and_charge[outcome.ccd_formal_charge_pattern:INVALID]",,HUMAN_REVIEW_REQUIRED,NO_SINGLE_EXACT_RULE_MATCHED_EVERY_EVENT;HUMAN_REVIEW_RETAINED,NO_NEW_HUMAN_AUTHORITY,false
281,COVAPIE_CYS_SG_EVENT_V1:2HWO:B:CYS:345-:SG:D:RBS:C51,2HWO,RBS,C51,NEW_INCREMENTAL_EXECUTION,NEW_INCREMENTAL_CANDIDATE,HUMAN_REVIEW_REQUIRED_PRE_CHEMISTRY,"[""PRE_CHEMISTRY_NOT_PRODUCTION_AUTHORITATIVE"",""NO_FAMILY_LEVEL_AUTO_ADMISSION""]",PASSED,true,POST_ONLY_V1_REVIEW_CANDIDATE,PUBLISHED_POST_ONLY_ELIGIBILITY:FEATURE_STAGE_PASSED_AND_HUMAN_REVIEW_REQUIRED_PRE_CHEMISTRY,COVAPIE_BULK_REVIEW_UNIT_F9447F8F5D8C3AE5,COVAPIE_BULK_REVIEW_UNIT_F9447F8F5D8C3AE5,NEG_V1_TS_DUMP_CATALYTIC_ADDUCT_EXACT,NOT_MATCHED,"PREDICATE_MISMATCH:exact_ccd_component_graph_sha256,exact_ligand_reactive_atom,exact_radius1_sha256,exact_radius2_sha256,exact_ts_family_accession_sequence_key",NEG_V2_DTT_CRYSTALLIZATION_REDUCING_ADDUCT_EXACT,NOT_MATCHED,"PREDICATE_MISMATCH:automorphism_derived_dtt_sulfur_endpoint,exact_1fvg_reagent_protein_context,exact_1fvg_source_structure_context,exact_dtt_component_graph_sha256,exact_dtt_component_identity,exact_ligand_reactive_element,exact_local_topology,exact_radius1_sha256,exact_radius2_sha256;UNAVAILABLE_OR_MALFORMED:exact_dtt_heavy_identity_and_charge[outcome.ccd_formal_charge_pattern:INVALID]",,HUMAN_REVIEW_REQUIRED,NO_SINGLE_EXACT_RULE_MATCHED_EVERY_EVENT;HUMAN_REVIEW_RETAINED,NO_NEW_HUMAN_AUTHORITY,false
282,COVAPIE_CYS_SG_EVENT_V1:2HWP:A:CYS:345-:SG:C:DJK:C51,2HWP,DJK,C51,NEW_INCREMENTAL_EXECUTION,NEW_INCREMENTAL_CANDIDATE,HUMAN_REVIEW_REQUIRED_PRE_CHEMISTRY,"[""PRE_CHEMISTRY_NOT_PRODUCTION_AUTHORITATIVE"",""NO_FAMILY_LEVEL_AUTO_ADMISSION""]",PASSED,true,POST_ONLY_V1_REVIEW_CANDIDATE,PUBLISHED_POST_ONLY_ELIGIBILITY:FEATURE_STAGE_PASSED_AND_HUMAN_REVIEW_REQUIRED_PRE_CHEMISTRY,COVAPIE_BULK_REVIEW_UNIT_0E25EAA0EAED92E1,COVAPIE_BULK_REVIEW_UNIT_0E25EAA0EAED92E1,NEG_V1_TS_DUMP_CATALYTIC_ADDUCT_EXACT,NOT_MATCHED,"PREDICATE_MISMATCH:exact_ccd_component_graph_sha256,exact_ligand_reactive_atom,exact_radius1_sha256,exact_radius2_sha256,exact_ts_family_accession_sequence_key",NEG_V2_DTT_CRYSTALLIZATION_REDUCING_ADDUCT_EXACT,NOT_MATCHED,"PREDICATE_MISMATCH:automorphism_derived_dtt_sulfur_endpoint,exact_1fvg_reagent_protein_context,exact_1fvg_source_structure_context,exact_dtt_component_graph_sha256,exact_dtt_component_identity,exact_ligand_reactive_element,exact_local_topology,exact_radius1_sha256,exact_radius2_sha256;UNAVAILABLE_OR_MALFORMED:exact_dtt_heavy_identity_and_charge[outcome.ccd_formal_charge_pattern:INVALID]",,HUMAN_REVIEW_REQUIRED,NO_SINGLE_EXACT_RULE_MATCHED_EVERY_EVENT;HUMAN_REVIEW_RETAINED,NO_NEW_HUMAN_AUTHORITY,false
283,COVAPIE_CYS_SG_EVENT_V1:2HWP:B:CYS:345-:SG:D:DJK:C51,2HWP,DJK,C51,NEW_INCREMENTAL_EXECUTION,NEW_INCREMENTAL_CANDIDATE,HUMAN_REVIEW_REQUIRED_PRE_CHEMISTRY,"[""PRE_CHEMISTRY_NOT_PRODUCTION_AUTHORITATIVE"",""NO_FAMILY_LEVEL_AUTO_ADMISSION""]",PASSED,true,POST_ONLY_V1_REVIEW_CANDIDATE,PUBLISHED_POST_ONLY_ELIGIBILITY:FEATURE_STAGE_PASSED_AND_HUMAN_REVIEW_REQUIRED_PRE_CHEMISTRY,COVAPIE_BULK_REVIEW_UNIT_0E25EAA0EAED92E1,COVAPIE_BULK_REVIEW_UNIT_0E25EAA0EAED92E1,NEG_V1_TS_DUMP_CATALYTIC_ADDUCT_EXACT,NOT_MATCHED,"PREDICATE_MISMATCH:exact_ccd_component_graph_sha256,exact_ligand_reactive_atom,exact_radius1_sha256,exact_radius2_sha256,exact_ts_family_accession_sequence_key",NEG_V2_DTT_CRYSTALLIZATION_REDUCING_ADDUCT_EXACT,NOT_MATCHED,"PREDICATE_MISMATCH:automorphism_derived_dtt_sulfur_endpoint,exact_1fvg_reagent_protein_context,exact_1fvg_source_structure_context,exact_dtt_component_graph_sha256,exact_dtt_component_identity,exact_ligand_reactive_element,exact_local_topology,exact_radius1_sha256,exact_radius2_sha256;UNAVAILABLE_OR_MALFORMED:exact_dtt_heavy_identity_and_charge[outcome.ccd_formal_charge_pattern:INVALID]",,HUMAN_REVIEW_REQUIRED,NO_SINGLE_EXACT_RULE_MATCHED_EVERY_EVENT;HUMAN_REVIEW_RETAINED,NO_NEW_HUMAN_AUTHORITY,false
284,COVAPIE_CYS_SG_EVENT_V1:2HXZ:A:CYS:25-:SG:E:H7J:C,2HXZ,H7J,C,NEW_INCREMENTAL_EXECUTION,NEW_INCREMENTAL_EXCLUDED,LEAKAGE_EXISTING_GROUP_CONFLICT,"[""LEAKAGE_EXISTING_GROUP_CONFLICT""]",PASSED,false,BLOCKED_EXISTING_GROUP_CONFLICT,PUBLISHED_POST_ONLY_INELIGIBILITY:FEATURE_STAGE=PASSED;TERMINAL_OUTCOME=LEAKAGE_EXISTING_GROUP_CONFLICT,,,NEG_V1_TS_DUMP_CATALYTIC_ADDUCT_EXACT,NOT_EVALUATED_OUTSIDE_SUPPORTED_POST_ONLY_CANDIDATE,NOT_EVALUATED_OUTSIDE_SUPPORTED_POST_ONLY_CANDIDATE,NEG_V2_DTT_CRYSTALLIZATION_REDUCING_ADDUCT_EXACT,NOT_EVALUATED_OUTSIDE_SUPPORTED_POST_ONLY_CANDIDATE,NOT_EVALUATED_OUTSIDE_SUPPORTED_POST_ONLY_CANDIDATE,,LEAKAGE_EXISTING_GROUP_CONFLICT,BOUND_STRUCTURAL_EXECUTION_OUTCOME_RETAINED,NONE,false
285,COVAPIE_CYS_SG_EVENT_V1:2HXZ:B:CYS:25-:SG:F:H7J:C,2HXZ,H7J,C,NEW_INCREMENTAL_EXECUTION,NEW_INCREMENTAL_EXCLUDED,LEAKAGE_EXISTING_GROUP_CONFLICT,"[""LEAKAGE_EXISTING_GROUP_CONFLICT""]",PASSED,false,BLOCKED_EXISTING_GROUP_CONFLICT,PUBLISHED_POST_ONLY_INELIGIBILITY:FEATURE_STAGE=PASSED;TERMINAL_OUTCOME=LEAKAGE_EXISTING_GROUP_CONFLICT,,,NEG_V1_TS_DUMP_CATALYTIC_ADDUCT_EXACT,NOT_EVALUATED_OUTSIDE_SUPPORTED_POST_ONLY_CANDIDATE,NOT_EVALUATED_OUTSIDE_SUPPORTED_POST_ONLY_CANDIDATE,NEG_V2_DTT_CRYSTALLIZATION_REDUCING_ADDUCT_EXACT,NOT_EVALUATED_OUTSIDE_SUPPORTED_POST_ONLY_CANDIDATE,NOT_EVALUATED_OUTSIDE_SUPPORTED_POST_ONLY_CANDIDATE,,LEAKAGE_EXISTING_GROUP_CONFLICT,BOUND_STRUCTURAL_EXECUTION_OUTCOME_RETAINED,NONE,false
286,COVAPIE_CYS_SG_EVENT_V1:2HXZ:C:CYS:25-:SG:G:H7J:C,2HXZ,H7J,C,NEW_INCREMENTAL_EXECUTION,NEW_INCREMENTAL_EXCLUDED,LEAKAGE_EXISTING_GROUP_CONFLICT,"[""LEAKAGE_EXISTING_GROUP_CONFLICT""]",PASSED,false,BLOCKED_EXISTING_GROUP_CONFLICT,PUBLISHED_POST_ONLY_INELIGIBILITY:FEATURE_STAGE=PASSED;TERMINAL_OUTCOME=LEAKAGE_EXISTING_GROUP_CONFLICT,,,NEG_V1_TS_DUMP_CATALYTIC_ADDUCT_EXACT,NOT_EVALUATED_OUTSIDE_SUPPORTED_POST_ONLY_CANDIDATE,NOT_EVALUATED_OUTSIDE_SUPPORTED_POST_ONLY_CANDIDATE,NEG_V2_DTT_CRYSTALLIZATION_REDUCING_ADDUCT_EXACT,NOT_EVALUATED_OUTSIDE_SUPPORTED_POST_ONLY_CANDIDATE,NOT_EVALUATED_OUTSIDE_SUPPORTED_POST_ONLY_CANDIDATE,,LEAKAGE_EXISTING_GROUP_CONFLICT,BOUND_STRUCTURAL_EXECUTION_OUTCOME_RETAINED,NONE,false
287,COVAPIE_CYS_SG_EVENT_V1:2IJN:A:CYS:366-:SG:C:221:S14,2IJN,221,S14,NEW_INCREMENTAL_EXECUTION,NEW_INCREMENTAL_EXCLUDED,LEAKAGE_EXISTING_GROUP_CONFLICT,"[""LEAKAGE_EXISTING_GROUP_CONFLICT""]",PASSED,false,BLOCKED_EXISTING_GROUP_CONFLICT,PUBLISHED_POST_ONLY_INELIGIBILITY:FEATURE_STAGE=PASSED;TERMINAL_OUTCOME=LEAKAGE_EXISTING_GROUP_CONFLICT,,,NEG_V1_TS_DUMP_CATALYTIC_ADDUCT_EXACT,NOT_EVALUATED_OUTSIDE_SUPPORTED_POST_ONLY_CANDIDATE,NOT_EVALUATED_OUTSIDE_SUPPORTED_POST_ONLY_CANDIDATE,NEG_V2_DTT_CRYSTALLIZATION_REDUCING_ADDUCT_EXACT,NOT_EVALUATED_OUTSIDE_SUPPORTED_POST_ONLY_CANDIDATE,NOT_EVALUATED_OUTSIDE_SUPPORTED_POST_ONLY_CANDIDATE,,LEAKAGE_EXISTING_GROUP_CONFLICT,BOUND_STRUCTURAL_EXECUTION_OUTCOME_RETAINED,NONE,false
288,COVAPIE_CYS_SG_EVENT_V1:2IJN:B:CYS:366-:SG:D:221:S14,2IJN,221,S14,NEW_INCREMENTAL_EXECUTION,NEW_INCREMENTAL_EXCLUDED,LEAKAGE_EXISTING_GROUP_CONFLICT,"[""LEAKAGE_EXISTING_GROUP_CONFLICT""]",PASSED,false,BLOCKED_EXISTING_GROUP_CONFLICT,PUBLISHED_POST_ONLY_INELIGIBILITY:FEATURE_STAGE=PASSED;TERMINAL_OUTCOME=LEAKAGE_EXISTING_GROUP_CONFLICT,,,NEG_V1_TS_DUMP_CATALYTIC_ADDUCT_EXACT,NOT_EVALUATED_OUTSIDE_SUPPORTED_POST_ONLY_CANDIDATE,NOT_EVALUATED_OUTSIDE_SUPPORTED_POST_ONLY_CANDIDATE,NEG_V2_DTT_CRYSTALLIZATION_REDUCING_ADDUCT_EXACT,NOT_EVALUATED_OUTSIDE_SUPPORTED_POST_ONLY_CANDIDATE,NOT_EVALUATED_OUTSIDE_SUPPORTED_POST_ONLY_CANDIDATE,,LEAKAGE_EXISTING_GROUP_CONFLICT,BOUND_STRUCTURAL_EXECUTION_OUTCOME_RETAINED,NONE,false
289,COVAPIE_CYS_SG_EVENT_V1:2IPH:A:CYS:1139-:SG:C:LGG:C30,2IPH,LGG,C30,NEW_INCREMENTAL_EXECUTION,NEW_INCREMENTAL_EXCLUDED,LEAKAGE_EXISTING_GROUP_CONFLICT,"[""LEAKAGE_EXISTING_GROUP_CONFLICT""]",PASSED,false,BLOCKED_EXISTING_GROUP_CONFLICT,PUBLISHED_POST_ONLY_INELIGIBILITY:FEATURE_STAGE=PASSED;TERMINAL_OUTCOME=LEAKAGE_EXISTING_GROUP_CONFLICT,,,NEG_V1_TS_DUMP_CATALYTIC_ADDUCT_EXACT,NOT_EVALUATED_OUTSIDE_SUPPORTED_POST_ONLY_CANDIDATE,NOT_EVALUATED_OUTSIDE_SUPPORTED_POST_ONLY_CANDIDATE,NEG_V2_DTT_CRYSTALLIZATION_REDUCING_ADDUCT_EXACT,NOT_EVALUATED_OUTSIDE_SUPPORTED_POST_ONLY_CANDIDATE,NOT_EVALUATED_OUTSIDE_SUPPORTED_POST_ONLY_CANDIDATE,,LEAKAGE_EXISTING_GROUP_CONFLICT,BOUND_STRUCTURAL_EXECUTION_OUTCOME_RETAINED,NONE,false
290,COVAPIE_CYS_SG_EVENT_V1:2IPH:B:CYS:2139-:SG:D:LGG:C30,2IPH,LGG,C30,NEW_INCREMENTAL_EXECUTION,NEW_INCREMENTAL_EXCLUDED,LEAKAGE_EXISTING_GROUP_CONFLICT,"[""LEAKAGE_EXISTING_GROUP_CONFLICT""]",PASSED,false,BLOCKED_EXISTING_GROUP_CONFLICT,PUBLISHED_POST_ONLY_INELIGIBILITY:FEATURE_STAGE=PASSED;TERMINAL_OUTCOME=LEAKAGE_EXISTING_GROUP_CONFLICT,,,NEG_V1_TS_DUMP_CATALYTIC_ADDUCT_EXACT,NOT_EVALUATED_OUTSIDE_SUPPORTED_POST_ONLY_CANDIDATE,NOT_EVALUATED_OUTSIDE_SUPPORTED_POST_ONLY_CANDIDATE,NEG_V2_DTT_CRYSTALLIZATION_REDUCING_ADDUCT_EXACT,NOT_EVALUATED_OUTSIDE_SUPPORTED_POST_ONLY_CANDIDATE,NOT_EVALUATED_OUTSIDE_SUPPORTED_POST_ONLY_CANDIDATE,,LEAKAGE_EXISTING_GROUP_CONFLICT,BOUND_STRUCTURAL_EXECUTION_OUTCOME_RETAINED,NONE,false
291,COVAPIE_CYS_SG_EVENT_V1:2IPP:A:CYS:29-:SG:C:PYS:S2,2IPP,PYS,S2,NEW_INCREMENTAL_EXECUTION,NEW_INCREMENTAL_EXCLUDED,LEAKAGE_EXISTING_GROUP_CONFLICT,"[""LEAKAGE_EXISTING_GROUP_CONFLICT""]",PASSED,false,BLOCKED_EXISTING_GROUP_CONFLICT,PUBLISHED_POST_ONLY_INELIGIBILITY:FEATURE_STAGE=PASSED;TERMINAL_OUTCOME=LEAKAGE_EXISTING_GROUP_CONFLICT,,,NEG_V1_TS_DUMP_CATALYTIC_ADDUCT_EXACT,NOT_EVALUATED_OUTSIDE_SUPPORTED_POST_ONLY_CANDIDATE,NOT_EVALUATED_OUTSIDE_SUPPORTED_POST_ONLY_CANDIDATE,NEG_V2_DTT_CRYSTALLIZATION_REDUCING_ADDUCT_EXACT,NOT_EVALUATED_OUTSIDE_SUPPORTED_POST_ONLY_CANDIDATE,NOT_EVALUATED_OUTSIDE_SUPPORTED_POST_ONLY_CANDIDATE,,LEAKAGE_EXISTING_GROUP_CONFLICT,BOUND_STRUCTURAL_EXECUTION_OUTCOME_RETAINED,NONE,false
292,COVAPIE_CYS_SG_EVENT_V1:2J5F:A:CYS:797-:SG:B:DJK:C51,2J5F,DJK,C51,NEW_INCREMENTAL_EXECUTION,NEW_INCREMENTAL_EXCLUDED,STRUCTURAL_EVIDENCE_INCOMPLETE,"[""MMCIF_EXACT_CYS_SG_STRUCT_CONN_NOT_RECOVERED""]",NOT_REACHED,false,OUTSIDE_STRUCTURAL_ELIGIBILITY,PUBLISHED_POST_ONLY_INELIGIBILITY:FEATURE_STAGE=NOT_REACHED;TERMINAL_OUTCOME=STRUCTURAL_EVIDENCE_INCOMPLETE,,,NEG_V1_TS_DUMP_CATALYTIC_ADDUCT_EXACT,NOT_EVALUATED_OUTSIDE_SUPPORTED_POST_ONLY_CANDIDATE,NOT_EVALUATED_OUTSIDE_SUPPORTED_POST_ONLY_CANDIDATE,NEG_V2_DTT_CRYSTALLIZATION_REDUCING_ADDUCT_EXACT,NOT_EVALUATED_OUTSIDE_SUPPORTED_POST_ONLY_CANDIDATE,NOT_EVALUATED_OUTSIDE_SUPPORTED_POST_ONLY_CANDIDATE,,STRUCTURAL_EVIDENCE_INCOMPLETE,BOUND_STRUCTURAL_EXECUTION_OUTCOME_RETAINED,NONE,false
293,COVAPIE_CYS_SG_EVENT_V1:2J6H:A:CYS:1-:SG:C:ONL:CE,2J6H,ONL,CE,NEW_INCREMENTAL_EXECUTION,NEW_INCREMENTAL_CANDIDATE,HUMAN_REVIEW_REQUIRED_PRE_CHEMISTRY,"[""PRE_CHEMISTRY_NOT_PRODUCTION_AUTHORITATIVE"",""NO_FAMILY_LEVEL_AUTO_ADMISSION""]",PASSED,true,POST_ONLY_V1_REVIEW_CANDIDATE,PUBLISHED_POST_ONLY_ELIGIBILITY:FEATURE_STAGE_PASSED_AND_HUMAN_REVIEW_REQUIRED_PRE_CHEMISTRY,COVAPIE_BULK_REVIEW_UNIT_237F3C222E15BEB8,COVAPIE_BULK_REVIEW_UNIT_237F3C222E15BEB8,NEG_V1_TS_DUMP_CATALYTIC_ADDUCT_EXACT,NOT_MATCHED,"PREDICATE_MISMATCH:exact_ccd_component_graph_sha256,exact_ligand_reactive_atom,exact_radius1_sha256,exact_radius2_sha256,exact_ts_family_accession_sequence_key",NEG_V2_DTT_CRYSTALLIZATION_REDUCING_ADDUCT_EXACT,NOT_MATCHED,"PREDICATE_MISMATCH:automorphism_derived_dtt_sulfur_endpoint,exact_1fvg_reagent_protein_context,exact_1fvg_source_structure_context,exact_dtt_component_graph_sha256,exact_dtt_component_identity,exact_ligand_reactive_element,exact_local_topology,exact_radius1_sha256,exact_radius2_sha256;UNAVAILABLE_OR_MALFORMED:exact_dtt_heavy_identity_and_charge[outcome.ccd_formal_charge_pattern:INVALID]",,HUMAN_REVIEW_REQUIRED,NO_SINGLE_EXACT_RULE_MATCHED_EVERY_EVENT;HUMAN_REVIEW_RETAINED,NO_NEW_HUMAN_AUTHORITY,false
294,COVAPIE_CYS_SG_EVENT_V1:2J6H:B:CYS:1-:SG:E:ONL:CE,2J6H,ONL,CE,NEW_INCREMENTAL_EXECUTION,NEW_INCREMENTAL_CANDIDATE,HUMAN_REVIEW_REQUIRED_PRE_CHEMISTRY,"[""PRE_CHEMISTRY_NOT_PRODUCTION_AUTHORITATIVE"",""NO_FAMILY_LEVEL_AUTO_ADMISSION""]",PASSED,true,POST_ONLY_V1_REVIEW_CANDIDATE,PUBLISHED_POST_ONLY_ELIGIBILITY:FEATURE_STAGE_PASSED_AND_HUMAN_REVIEW_REQUIRED_PRE_CHEMISTRY,COVAPIE_BULK_REVIEW_UNIT_237F3C222E15BEB8,COVAPIE_BULK_REVIEW_UNIT_237F3C222E15BEB8,NEG_V1_TS_DUMP_CATALYTIC_ADDUCT_EXACT,NOT_MATCHED,"PREDICATE_MISMATCH:exact_ccd_component_graph_sha256,exact_ligand_reactive_atom,exact_radius1_sha256,exact_radius2_sha256,exact_ts_family_accession_sequence_key",NEG_V2_DTT_CRYSTALLIZATION_REDUCING_ADDUCT_EXACT,NOT_MATCHED,"PREDICATE_MISMATCH:automorphism_derived_dtt_sulfur_endpoint,exact_1fvg_reagent_protein_context,exact_1fvg_source_structure_context,exact_dtt_component_graph_sha256,exact_dtt_component_identity,exact_ligand_reactive_element,exact_local_topology,exact_radius1_sha256,exact_radius2_sha256;UNAVAILABLE_OR_MALFORMED:exact_dtt_heavy_identity_and_charge[outcome.ccd_formal_charge_pattern:INVALID]",,HUMAN_REVIEW_REQUIRED,NO_SINGLE_EXACT_RULE_MATCHED_EVERY_EVENT;HUMAN_REVIEW_RETAINED,NO_NEW_HUMAN_AUTHORITY,false
295,COVAPIE_CYS_SG_EVENT_V1:2J7Q:A:CYS:23-:SG:F:GVE:CB,2J7Q,GVE,CB,NEW_INCREMENTAL_EXECUTION,NEW_INCREMENTAL_CANDIDATE,HUMAN_REVIEW_REQUIRED_PRE_CHEMISTRY,"[""PRE_CHEMISTRY_NOT_PRODUCTION_AUTHORITATIVE"",""NO_FAMILY_LEVEL_AUTO_ADMISSION""]",PASSED,true,POST_ONLY_V1_REVIEW_CANDIDATE,PUBLISHED_POST_ONLY_ELIGIBILITY:FEATURE_STAGE_PASSED_AND_HUMAN_REVIEW_REQUIRED_PRE_CHEMISTRY,COVAPIE_BULK_REVIEW_UNIT_AAB4DCC7D3073222,COVAPIE_BULK_REVIEW_UNIT_AAB4DCC7D3073222,NEG_V1_TS_DUMP_CATALYTIC_ADDUCT_EXACT,NOT_MATCHED,"PREDICATE_MISMATCH:exact_ccd_component_graph_sha256,exact_ligand_reactive_atom,exact_radius1_sha256,exact_radius2_sha256;UNAVAILABLE_OR_MALFORMED:exact_ts_family_accession_sequence_key[leakage_evidence.protein_accession:MISSING]",NEG_V2_DTT_CRYSTALLIZATION_REDUCING_ADDUCT_EXACT,NOT_MATCHED,"PREDICATE_MISMATCH:automorphism_derived_dtt_sulfur_endpoint,exact_1fvg_source_structure_context,exact_dtt_component_graph_sha256,exact_dtt_component_identity,exact_ligand_reactive_element,exact_local_topology,exact_radius1_sha256,exact_radius2_sha256,structured_source_boundary;UNAVAILABLE_OR_MALFORMED:exact_1fvg_reagent_protein_context[leakage.accession:MISSING],exact_dtt_heavy_identity_and_charge[outcome.ccd_formal_charge_pattern:INVALID]",,HUMAN_REVIEW_REQUIRED,NO_SINGLE_EXACT_RULE_MATCHED_EVERY_EVENT;HUMAN_REVIEW_RETAINED,NO_NEW_HUMAN_AUTHORITY,false
296,COVAPIE_CYS_SG_EVENT_V1:2J7Q:C:CYS:23-:SG:J:GVE:CB,2J7Q,GVE,CB,NEW_INCREMENTAL_EXECUTION,NEW_INCREMENTAL_CANDIDATE,HUMAN_REVIEW_REQUIRED_PRE_CHEMISTRY,"[""PRE_CHEMISTRY_NOT_PRODUCTION_AUTHORITATIVE"",""NO_FAMILY_LEVEL_AUTO_ADMISSION""]",PASSED,true,POST_ONLY_V1_REVIEW_CANDIDATE,PUBLISHED_POST_ONLY_ELIGIBILITY:FEATURE_STAGE_PASSED_AND_HUMAN_REVIEW_REQUIRED_PRE_CHEMISTRY,COVAPIE_BULK_REVIEW_UNIT_AAB4DCC7D3073222,COVAPIE_BULK_REVIEW_UNIT_AAB4DCC7D3073222,NEG_V1_TS_DUMP_CATALYTIC_ADDUCT_EXACT,NOT_MATCHED,"PREDICATE_MISMATCH:exact_ccd_component_graph_sha256,exact_ligand_reactive_atom,exact_radius1_sha256,exact_radius2_sha256;UNAVAILABLE_OR_MALFORMED:exact_ts_family_accession_sequence_key[leakage_evidence.protein_accession:MISSING]",NEG_V2_DTT_CRYSTALLIZATION_REDUCING_ADDUCT_EXACT,NOT_MATCHED,"PREDICATE_MISMATCH:automorphism_derived_dtt_sulfur_endpoint,exact_1fvg_source_structure_context,exact_dtt_component_graph_sha256,exact_dtt_component_identity,exact_ligand_reactive_element,exact_local_topology,exact_radius1_sha256,exact_radius2_sha256,structured_source_boundary;UNAVAILABLE_OR_MALFORMED:exact_1fvg_reagent_protein_context[leakage.accession:MISSING],exact_dtt_heavy_identity_and_charge[outcome.ccd_formal_charge_pattern:INVALID]",,HUMAN_REVIEW_REQUIRED,NO_SINGLE_EXACT_RULE_MATCHED_EVERY_EVENT;HUMAN_REVIEW_RETAINED,NO_NEW_HUMAN_AUTHORITY,false
297,COVAPIE_CYS_SG_EVENT_V1:2JU4:A:CYS:10-:SG:B:RCY:C1S,2JU4,RCY,C1S,NEW_INCREMENTAL_EXECUTION,NEW_INCREMENTAL_CANDIDATE,HUMAN_REVIEW_REQUIRED_PRE_CHEMISTRY,"[""PRE_CHEMISTRY_NOT_PRODUCTION_AUTHORITATIVE"",""NO_FAMILY_LEVEL_AUTO_ADMISSION""]",PASSED,true,POST_ONLY_V1_REVIEW_CANDIDATE,PUBLISHED_POST_ONLY_ELIGIBILITY:FEATURE_STAGE_PASSED_AND_HUMAN_REVIEW_REQUIRED_PRE_CHEMISTRY,COVAPIE_BULK_REVIEW_UNIT_BE9EC76A77B78516,COVAPIE_BULK_REVIEW_UNIT_BE9EC76A77B78516,NEG_V1_TS_DUMP_CATALYTIC_ADDUCT_EXACT,NOT_MATCHED,"PREDICATE_MISMATCH:exact_ccd_component_graph_sha256,exact_ligand_reactive_atom,exact_radius1_sha256,exact_radius2_sha256,exact_ts_family_accession_sequence_key",NEG_V2_DTT_CRYSTALLIZATION_REDUCING_ADDUCT_EXACT,NOT_MATCHED,"PREDICATE_MISMATCH:automorphism_derived_dtt_sulfur_endpoint,exact_1fvg_reagent_protein_context,exact_1fvg_source_structure_context,exact_dtt_component_graph_sha256,exact_dtt_component_identity,exact_ligand_reactive_element,exact_local_topology,exact_radius1_sha256,exact_radius2_sha256;UNAVAILABLE_OR_MALFORMED:exact_dtt_heavy_identity_and_charge[outcome.ccd_formal_charge_pattern:INVALID]",,HUMAN_REVIEW_REQUIRED,NO_SINGLE_EXACT_RULE_MATCHED_EVERY_EVENT;HUMAN_REVIEW_RETAINED,NO_NEW_HUMAN_AUTHORITY,false
298,COVAPIE_CYS_SG_EVENT_V1:2JU4:A:CYS:21-:SG:C:RCY:C1S,2JU4,RCY,C1S,NEW_INCREMENTAL_EXECUTION,NEW_INCREMENTAL_CANDIDATE,HUMAN_REVIEW_REQUIRED_PRE_CHEMISTRY,"[""PRE_CHEMISTRY_NOT_PRODUCTION_AUTHORITATIVE"",""NO_FAMILY_LEVEL_AUTO_ADMISSION""]",PASSED,true,POST_ONLY_V1_REVIEW_CANDIDATE,PUBLISHED_POST_ONLY_ELIGIBILITY:FEATURE_STAGE_PASSED_AND_HUMAN_REVIEW_REQUIRED_PRE_CHEMISTRY,COVAPIE_BULK_REVIEW_UNIT_BE9EC76A77B78516,COVAPIE_BULK_REVIEW_UNIT_BE9EC76A77B78516,NEG_V1_TS_DUMP_CATALYTIC_ADDUCT_EXACT,NOT_MATCHED,"PREDICATE_MISMATCH:exact_ccd_component_graph_sha256,exact_ligand_reactive_atom,exact_radius1_sha256,exact_radius2_sha256,exact_ts_family_accession_sequence_key",NEG_V2_DTT_CRYSTALLIZATION_REDUCING_ADDUCT_EXACT,NOT_MATCHED,"PREDICATE_MISMATCH:automorphism_derived_dtt_sulfur_endpoint,exact_1fvg_reagent_protein_context,exact_1fvg_source_structure_context,exact_dtt_component_graph_sha256,exact_dtt_component_identity,exact_ligand_reactive_element,exact_local_topology,exact_radius1_sha256,exact_radius2_sha256;UNAVAILABLE_OR_MALFORMED:exact_dtt_heavy_identity_and_charge[outcome.ccd_formal_charge_pattern:INVALID]",,HUMAN_REVIEW_REQUIRED,NO_SINGLE_EXACT_RULE_MATCHED_EVERY_EVENT;HUMAN_REVIEW_RETAINED,NO_NEW_HUMAN_AUTHORITY,false
299,COVAPIE_CYS_SG_EVENT_V1:2JU4:A:CYS:30-:SG:D:RCY:C1S,2JU4,RCY,C1S,NEW_INCREMENTAL_EXECUTION,NEW_INCREMENTAL_CANDIDATE,HUMAN_REVIEW_REQUIRED_PRE_CHEMISTRY,"[""PRE_CHEMISTRY_NOT_PRODUCTION_AUTHORITATIVE"",""NO_FAMILY_LEVEL_AUTO_ADMISSION""]",PASSED,true,POST_ONLY_V1_REVIEW_CANDIDATE,PUBLISHED_POST_ONLY_ELIGIBILITY:FEATURE_STAGE_PASSED_AND_HUMAN_REVIEW_REQUIRED_PRE_CHEMISTRY,COVAPIE_BULK_REVIEW_UNIT_BE9EC76A77B78516,COVAPIE_BULK_REVIEW_UNIT_BE9EC76A77B78516,NEG_V1_TS_DUMP_CATALYTIC_ADDUCT_EXACT,NOT_MATCHED,"PREDICATE_MISMATCH:exact_ccd_component_graph_sha256,exact_ligand_reactive_atom,exact_radius1_sha256,exact_radius2_sha256,exact_ts_family_accession_sequence_key",NEG_V2_DTT_CRYSTALLIZATION_REDUCING_ADDUCT_EXACT,NOT_MATCHED,"PREDICATE_MISMATCH:automorphism_derived_dtt_sulfur_endpoint,exact_1fvg_reagent_protein_context,exact_1fvg_source_structure_context,exact_dtt_component_graph_sha256,exact_dtt_component_identity,exact_ligand_reactive_element,exact_local_topology,exact_radius1_sha256,exact_radius2_sha256;UNAVAILABLE_OR_MALFORMED:exact_dtt_heavy_identity_and_charge[outcome.ccd_formal_charge_pattern:INVALID]",,HUMAN_REVIEW_REQUIRED,NO_SINGLE_EXACT_RULE_MATCHED_EVERY_EVENT;HUMAN_REVIEW_RETAINED,NO_NEW_HUMAN_AUTHORITY,false
300,COVAPIE_CYS_SG_EVENT_V1:2JU4:A:CYS:38-:SG:E:RCY:C1S,2JU4,RCY,C1S,NEW_INCREMENTAL_EXECUTION,NEW_INCREMENTAL_CANDIDATE,HUMAN_REVIEW_REQUIRED_PRE_CHEMISTRY,"[""PRE_CHEMISTRY_NOT_PRODUCTION_AUTHORITATIVE"",""NO_FAMILY_LEVEL_AUTO_ADMISSION""]",PASSED,true,POST_ONLY_V1_REVIEW_CANDIDATE,PUBLISHED_POST_ONLY_ELIGIBILITY:FEATURE_STAGE_PASSED_AND_HUMAN_REVIEW_REQUIRED_PRE_CHEMISTRY,COVAPIE_BULK_REVIEW_UNIT_BE9EC76A77B78516,COVAPIE_BULK_REVIEW_UNIT_BE9EC76A77B78516,NEG_V1_TS_DUMP_CATALYTIC_ADDUCT_EXACT,NOT_MATCHED,"PREDICATE_MISMATCH:exact_ccd_component_graph_sha256,exact_ligand_reactive_atom,exact_radius1_sha256,exact_radius2_sha256,exact_ts_family_accession_sequence_key",NEG_V2_DTT_CRYSTALLIZATION_REDUCING_ADDUCT_EXACT,NOT_MATCHED,"PREDICATE_MISMATCH:automorphism_derived_dtt_sulfur_endpoint,exact_1fvg_reagent_protein_context,exact_1fvg_source_structure_context,exact_dtt_component_graph_sha256,exact_dtt_component_identity,exact_ligand_reactive_element,exact_local_topology,exact_radius1_sha256,exact_radius2_sha256;UNAVAILABLE_OR_MALFORMED:exact_dtt_heavy_identity_and_charge[outcome.ccd_formal_charge_pattern:INVALID]",,HUMAN_REVIEW_REQUIRED,NO_SINGLE_EXACT_RULE_MATCHED_EVERY_EVENT;HUMAN_REVIEW_RETAINED,NO_NEW_HUMAN_AUTHORITY,false
301,COVAPIE_CYS_SG_EVENT_V1:2JU4:A:CYS:50-:SG:F:RCY:C1S,2JU4,RCY,C1S,NEW_INCREMENTAL_EXECUTION,NEW_INCREMENTAL_CANDIDATE,HUMAN_REVIEW_REQUIRED_PRE_CHEMISTRY,"[""PRE_CHEMISTRY_NOT_PRODUCTION_AUTHORITATIVE"",""NO_FAMILY_LEVEL_AUTO_ADMISSION""]",PASSED,true,POST_ONLY_V1_REVIEW_CANDIDATE,PUBLISHED_POST_ONLY_ELIGIBILITY:FEATURE_STAGE_PASSED_AND_HUMAN_REVIEW_REQUIRED_PRE_CHEMISTRY,COVAPIE_BULK_REVIEW_UNIT_BE9EC76A77B78516,COVAPIE_BULK_REVIEW_UNIT_BE9EC76A77B78516,NEG_V1_TS_DUMP_CATALYTIC_ADDUCT_EXACT,NOT_MATCHED,"PREDICATE_MISMATCH:exact_ccd_component_graph_sha256,exact_ligand_reactive_atom,exact_radius1_sha256,exact_radius2_sha256,exact_ts_family_accession_sequence_key",NEG_V2_DTT_CRYSTALLIZATION_REDUCING_ADDUCT_EXACT,NOT_MATCHED,"PREDICATE_MISMATCH:automorphism_derived_dtt_sulfur_endpoint,exact_1fvg_reagent_protein_context,exact_1fvg_source_structure_context,exact_dtt_component_graph_sha256,exact_dtt_component_identity,exact_ligand_reactive_element,exact_local_topology,exact_radius1_sha256,exact_radius2_sha256;UNAVAILABLE_OR_MALFORMED:exact_dtt_heavy_identity_and_charge[outcome.ccd_formal_charge_pattern:INVALID]",,HUMAN_REVIEW_REQUIRED,NO_SINGLE_EXACT_RULE_MATCHED_EVERY_EVENT;HUMAN_REVIEW_RETAINED,NO_NEW_HUMAN_AUTHORITY,false
302,COVAPIE_CYS_SG_EVENT_V1:2JU4:A:CYS:60-:SG:G:RCY:C1S,2JU4,RCY,C1S,NEW_INCREMENTAL_EXECUTION,NEW_INCREMENTAL_CANDIDATE,HUMAN_REVIEW_REQUIRED_PRE_CHEMISTRY,"[""PRE_CHEMISTRY_NOT_PRODUCTION_AUTHORITATIVE"",""NO_FAMILY_LEVEL_AUTO_ADMISSION""]",PASSED,true,POST_ONLY_V1_REVIEW_CANDIDATE,PUBLISHED_POST_ONLY_ELIGIBILITY:FEATURE_STAGE_PASSED_AND_HUMAN_REVIEW_REQUIRED_PRE_CHEMISTRY,COVAPIE_BULK_REVIEW_UNIT_BE9EC76A77B78516,COVAPIE_BULK_REVIEW_UNIT_BE9EC76A77B78516,NEG_V1_TS_DUMP_CATALYTIC_ADDUCT_EXACT,NOT_MATCHED,"PREDICATE_MISMATCH:exact_ccd_component_graph_sha256,exact_ligand_reactive_atom,exact_radius1_sha256,exact_radius2_sha256,exact_ts_family_accession_sequence_key",NEG_V2_DTT_CRYSTALLIZATION_REDUCING_ADDUCT_EXACT,NOT_MATCHED,"PREDICATE_MISMATCH:automorphism_derived_dtt_sulfur_endpoint,exact_1fvg_reagent_protein_context,exact_1fvg_source_structure_context,exact_dtt_component_graph_sha256,exact_dtt_component_identity,exact_ligand_reactive_element,exact_local_topology,exact_radius1_sha256,exact_radius2_sha256;UNAVAILABLE_OR_MALFORMED:exact_dtt_heavy_identity_and_charge[outcome.ccd_formal_charge_pattern:INVALID]",,HUMAN_REVIEW_REQUIRED,NO_SINGLE_EXACT_RULE_MATCHED_EVERY_EVENT;HUMAN_REVIEW_RETAINED,NO_NEW_HUMAN_AUTHORITY,false
303,COVAPIE_CYS_SG_EVENT_V1:2JU4:A:CYS:68-:SG:H:RCY:C1S,2JU4,RCY,C1S,NEW_INCREMENTAL_EXECUTION,NEW_INCREMENTAL_CANDIDATE,HUMAN_REVIEW_REQUIRED_PRE_CHEMISTRY,"[""PRE_CHEMISTRY_NOT_PRODUCTION_AUTHORITATIVE"",""NO_FAMILY_LEVEL_AUTO_ADMISSION""]",PASSED,true,POST_ONLY_V1_REVIEW_CANDIDATE,PUBLISHED_POST_ONLY_ELIGIBILITY:FEATURE_STAGE_PASSED_AND_HUMAN_REVIEW_REQUIRED_PRE_CHEMISTRY,COVAPIE_BULK_REVIEW_UNIT_BE9EC76A77B78516,COVAPIE_BULK_REVIEW_UNIT_BE9EC76A77B78516,NEG_V1_TS_DUMP_CATALYTIC_ADDUCT_EXACT,NOT_MATCHED,"PREDICATE_MISMATCH:exact_ccd_component_graph_sha256,exact_ligand_reactive_atom,exact_radius1_sha256,exact_radius2_sha256,exact_ts_family_accession_sequence_key",NEG_V2_DTT_CRYSTALLIZATION_REDUCING_ADDUCT_EXACT,NOT_MATCHED,"PREDICATE_MISMATCH:automorphism_derived_dtt_sulfur_endpoint,exact_1fvg_reagent_protein_context,exact_1fvg_source_structure_context,exact_dtt_component_graph_sha256,exact_dtt_component_identity,exact_ligand_reactive_element,exact_local_topology,exact_radius1_sha256,exact_radius2_sha256;UNAVAILABLE_OR_MALFORMED:exact_dtt_heavy_identity_and_charge[outcome.ccd_formal_charge_pattern:INVALID]",,HUMAN_REVIEW_REQUIRED,NO_SINGLE_EXACT_RULE_MATCHED_EVERY_EVENT;HUMAN_REVIEW_RETAINED,NO_NEW_HUMAN_AUTHORITY,false
304,COVAPIE_CYS_SG_EVENT_V1:2JU4:A:CYS:73-:SG:I:RCY:C1S,2JU4,RCY,C1S,NEW_INCREMENTAL_EXECUTION,NEW_INCREMENTAL_CANDIDATE,HUMAN_REVIEW_REQUIRED_PRE_CHEMISTRY,"[""PRE_CHEMISTRY_NOT_PRODUCTION_AUTHORITATIVE"",""NO_FAMILY_LEVEL_AUTO_ADMISSION""]",PASSED,true,POST_ONLY_V1_REVIEW_CANDIDATE,PUBLISHED_POST_ONLY_ELIGIBILITY:FEATURE_STAGE_PASSED_AND_HUMAN_REVIEW_REQUIRED_PRE_CHEMISTRY,COVAPIE_BULK_REVIEW_UNIT_BE9EC76A77B78516,COVAPIE_BULK_REVIEW_UNIT_BE9EC76A77B78516,NEG_V1_TS_DUMP_CATALYTIC_ADDUCT_EXACT,NOT_MATCHED,"PREDICATE_MISMATCH:exact_ccd_component_graph_sha256,exact_ligand_reactive_atom,exact_radius1_sha256,exact_radius2_sha256,exact_ts_family_accession_sequence_key",NEG_V2_DTT_CRYSTALLIZATION_REDUCING_ADDUCT_EXACT,NOT_MATCHED,"PREDICATE_MISMATCH:automorphism_derived_dtt_sulfur_endpoint,exact_1fvg_reagent_protein_context,exact_1fvg_source_structure_context,exact_dtt_component_graph_sha256,exact_dtt_component_identity,exact_ligand_reactive_element,exact_local_topology,exact_radius1_sha256,exact_radius2_sha256;UNAVAILABLE_OR_MALFORMED:exact_dtt_heavy_identity_and_charge[outcome.ccd_formal_charge_pattern:INVALID]",,HUMAN_REVIEW_REQUIRED,NO_SINGLE_EXACT_RULE_MATCHED_EVERY_EVENT;HUMAN_REVIEW_RETAINED,NO_NEW_HUMAN_AUTHORITY,false
305,COVAPIE_CYS_SG_EVENT_V1:2JU4:A:CYS:76-:SG:J:RCY:C1S,2JU4,RCY,C1S,NEW_INCREMENTAL_EXECUTION,NEW_INCREMENTAL_CANDIDATE,HUMAN_REVIEW_REQUIRED_PRE_CHEMISTRY,"[""PRE_CHEMISTRY_NOT_PRODUCTION_AUTHORITATIVE"",""NO_FAMILY_LEVEL_AUTO_ADMISSION""]",PASSED,true,POST_ONLY_V1_REVIEW_CANDIDATE,PUBLISHED_POST_ONLY_ELIGIBILITY:FEATURE_STAGE_PASSED_AND_HUMAN_REVIEW_REQUIRED_PRE_CHEMISTRY,COVAPIE_BULK_REVIEW_UNIT_BE9EC76A77B78516,COVAPIE_BULK_REVIEW_UNIT_BE9EC76A77B78516,NEG_V1_TS_DUMP_CATALYTIC_ADDUCT_EXACT,NOT_MATCHED,"PREDICATE_MISMATCH:exact_ccd_component_graph_sha256,exact_ligand_reactive_atom,exact_radius1_sha256,exact_radius2_sha256,exact_ts_family_accession_sequence_key",NEG_V2_DTT_CRYSTALLIZATION_REDUCING_ADDUCT_EXACT,NOT_MATCHED,"PREDICATE_MISMATCH:automorphism_derived_dtt_sulfur_endpoint,exact_1fvg_reagent_protein_context,exact_1fvg_source_structure_context,exact_dtt_component_graph_sha256,exact_dtt_component_identity,exact_ligand_reactive_element,exact_local_topology,exact_radius1_sha256,exact_radius2_sha256;UNAVAILABLE_OR_MALFORMED:exact_dtt_heavy_identity_and_charge[outcome.ccd_formal_charge_pattern:INVALID]",,HUMAN_REVIEW_REQUIRED,NO_SINGLE_EXACT_RULE_MATCHED_EVERY_EVENT;HUMAN_REVIEW_RETAINED,NO_NEW_HUMAN_AUTHORITY,false
306,COVAPIE_CYS_SG_EVENT_V1:2JU4:A:CYS:87-:SG:K:RCY:C1S,2JU4,RCY,C1S,NEW_INCREMENTAL_EXECUTION,NEW_INCREMENTAL_CANDIDATE,HUMAN_REVIEW_REQUIRED_PRE_CHEMISTRY,"[""PRE_CHEMISTRY_NOT_PRODUCTION_AUTHORITATIVE"",""NO_FAMILY_LEVEL_AUTO_ADMISSION""]",PASSED,true,POST_ONLY_V1_REVIEW_CANDIDATE,PUBLISHED_POST_ONLY_ELIGIBILITY:FEATURE_STAGE_PASSED_AND_HUMAN_REVIEW_REQUIRED_PRE_CHEMISTRY,COVAPIE_BULK_REVIEW_UNIT_BE9EC76A77B78516,COVAPIE_BULK_REVIEW_UNIT_BE9EC76A77B78516,NEG_V1_TS_DUMP_CATALYTIC_ADDUCT_EXACT,NOT_MATCHED,"PREDICATE_MISMATCH:exact_ccd_component_graph_sha256,exact_ligand_reactive_atom,exact_radius1_sha256,exact_radius2_sha256,exact_ts_family_accession_sequence_key",NEG_V2_DTT_CRYSTALLIZATION_REDUCING_ADDUCT_EXACT,NOT_MATCHED,"PREDICATE_MISMATCH:automorphism_derived_dtt_sulfur_endpoint,exact_1fvg_reagent_protein_context,exact_1fvg_source_structure_context,exact_dtt_component_graph_sha256,exact_dtt_component_identity,exact_ligand_reactive_element,exact_local_topology,exact_radius1_sha256,exact_radius2_sha256;UNAVAILABLE_OR_MALFORMED:exact_dtt_heavy_identity_and_charge[outcome.ccd_formal_charge_pattern:INVALID]",,HUMAN_REVIEW_REQUIRED,NO_SINGLE_EXACT_RULE_MATCHED_EVERY_EVENT;HUMAN_REVIEW_RETAINED,NO_NEW_HUMAN_AUTHORITY,false
307,COVAPIE_CYS_SG_EVENT_V1:2LP8:B:CYS:1003-:SG:C:33B:C1,2LP8,33B,C1,NEW_INCREMENTAL_EXECUTION,NEW_INCREMENTAL_EXCLUDED,QUARANTINE_REPRESENTATION_GAP,"[""PRE_ONLY_ATOMS_CANNOT_BE_DROPPED_OR_GIVEN_COORDINATES""]",PASSED,false,BLOCKED_REPRESENTATION_GAP,PUBLISHED_POST_ONLY_INELIGIBILITY:FEATURE_STAGE=PASSED;TERMINAL_OUTCOME=QUARANTINE_REPRESENTATION_GAP,,,NEG_V1_TS_DUMP_CATALYTIC_ADDUCT_EXACT,NOT_EVALUATED_OUTSIDE_SUPPORTED_POST_ONLY_CANDIDATE,NOT_EVALUATED_OUTSIDE_SUPPORTED_POST_ONLY_CANDIDATE,NEG_V2_DTT_CRYSTALLIZATION_REDUCING_ADDUCT_EXACT,NOT_EVALUATED_OUTSIDE_SUPPORTED_POST_ONLY_CANDIDATE,NOT_EVALUATED_OUTSIDE_SUPPORTED_POST_ONLY_CANDIDATE,,QUARANTINE_REPRESENTATION_GAP,BOUND_STRUCTURAL_EXECUTION_OUTCOME_RETAINED,NONE,false
308,COVAPIE_CYS_SG_EVENT_V1:2LP8:B:CYS:1014-:SG:C:33B:C20,2LP8,33B,C20,NEW_INCREMENTAL_EXECUTION,NEW_INCREMENTAL_EXCLUDED,QUARANTINE_REPRESENTATION_GAP,"[""PRE_ONLY_ATOMS_CANNOT_BE_DROPPED_OR_GIVEN_COORDINATES""]",PASSED,false,BLOCKED_REPRESENTATION_GAP,PUBLISHED_POST_ONLY_INELIGIBILITY:FEATURE_STAGE=PASSED;TERMINAL_OUTCOME=QUARANTINE_REPRESENTATION_GAP,,,NEG_V1_TS_DUMP_CATALYTIC_ADDUCT_EXACT,NOT_EVALUATED_OUTSIDE_SUPPORTED_POST_ONLY_CANDIDATE,NOT_EVALUATED_OUTSIDE_SUPPORTED_POST_ONLY_CANDIDATE,NEG_V2_DTT_CRYSTALLIZATION_REDUCING_ADDUCT_EXACT,NOT_EVALUATED_OUTSIDE_SUPPORTED_POST_ONLY_CANDIDATE,NOT_EVALUATED_OUTSIDE_SUPPORTED_POST_ONLY_CANDIDATE,,QUARANTINE_REPRESENTATION_GAP,BOUND_STRUCTURAL_EXECUTION_OUTCOME_RETAINED,NONE,false
309,COVAPIE_CYS_SG_EVENT_V1:2LXY:A:CYS:34-:SG:B:HTS:S1,2LXY,HTS,S1,NEW_INCREMENTAL_EXECUTION,NEW_INCREMENTAL_EXCLUDED,STRUCTURAL_EVIDENCE_INCOMPLETE,"[""MMCIF_EXACT_CYS_SG_STRUCT_CONN_NOT_RECOVERED""]",NOT_REACHED,false,OUTSIDE_STRUCTURAL_ELIGIBILITY,PUBLISHED_POST_ONLY_INELIGIBILITY:FEATURE_STAGE=NOT_REACHED;TERMINAL_OUTCOME=STRUCTURAL_EVIDENCE_INCOMPLETE,,,NEG_V1_TS_DUMP_CATALYTIC_ADDUCT_EXACT,NOT_EVALUATED_OUTSIDE_SUPPORTED_POST_ONLY_CANDIDATE,NOT_EVALUATED_OUTSIDE_SUPPORTED_POST_ONLY_CANDIDATE,NEG_V2_DTT_CRYSTALLIZATION_REDUCING_ADDUCT_EXACT,NOT_EVALUATED_OUTSIDE_SUPPORTED_POST_ONLY_CANDIDATE,NOT_EVALUATED_OUTSIDE_SUPPORTED_POST_ONLY_CANDIDATE,,STRUCTURAL_EVIDENCE_INCOMPLETE,BOUND_STRUCTURAL_EXECUTION_OUTCOME_RETAINED,NONE,false
310,COVAPIE_CYS_SG_EVENT_V1:2M0Z:A:CYS:22-:SG:B:33B:C1,2M0Z,33B,C1,NEW_INCREMENTAL_EXECUTION,NEW_INCREMENTAL_EXCLUDED,QUARANTINE_REPRESENTATION_GAP,"[""PRE_ONLY_ATOMS_CANNOT_BE_DROPPED_OR_GIVEN_COORDINATES""]",PASSED,false,BLOCKED_REPRESENTATION_GAP,PUBLISHED_POST_ONLY_INELIGIBILITY:FEATURE_STAGE=PASSED;TERMINAL_OUTCOME=QUARANTINE_REPRESENTATION_GAP,,,NEG_V1_TS_DUMP_CATALYTIC_ADDUCT_EXACT,NOT_EVALUATED_OUTSIDE_SUPPORTED_POST_ONLY_CANDIDATE,NOT_EVALUATED_OUTSIDE_SUPPORTED_POST_ONLY_CANDIDATE,NEG_V2_DTT_CRYSTALLIZATION_REDUCING_ADDUCT_EXACT,NOT_EVALUATED_OUTSIDE_SUPPORTED_POST_ONLY_CANDIDATE,NOT_EVALUATED_OUTSIDE_SUPPORTED_POST_ONLY_CANDIDATE,,QUARANTINE_REPRESENTATION_GAP,BOUND_STRUCTURAL_EXECUTION_OUTCOME_RETAINED,NONE,false
311,COVAPIE_CYS_SG_EVENT_V1:2M0Z:A:CYS:77-:SG:B:33B:C20,2M0Z,33B,C20,NEW_INCREMENTAL_EXECUTION,NEW_INCREMENTAL_EXCLUDED,QUARANTINE_REPRESENTATION_GAP,"[""PRE_ONLY_ATOMS_CANNOT_BE_DROPPED_OR_GIVEN_COORDINATES""]",PASSED,false,BLOCKED_REPRESENTATION_GAP,PUBLISHED_POST_ONLY_INELIGIBILITY:FEATURE_STAGE=PASSED;TERMINAL_OUTCOME=QUARANTINE_REPRESENTATION_GAP,,,NEG_V1_TS_DUMP_CATALYTIC_ADDUCT_EXACT,NOT_EVALUATED_OUTSIDE_SUPPORTED_POST_ONLY_CANDIDATE,NOT_EVALUATED_OUTSIDE_SUPPORTED_POST_ONLY_CANDIDATE,NEG_V2_DTT_CRYSTALLIZATION_REDUCING_ADDUCT_EXACT,NOT_EVALUATED_OUTSIDE_SUPPORTED_POST_ONLY_CANDIDATE,NOT_EVALUATED_OUTSIDE_SUPPORTED_POST_ONLY_CANDIDATE,,QUARANTINE_REPRESENTATION_GAP,BOUND_STRUCTURAL_EXECUTION_OUTCOME_RETAINED,NONE,false
312,COVAPIE_CYS_SG_EVENT_V1:2M10:A:CYS:22-:SG:B:33B:C1,2M10,33B,C1,NEW_INCREMENTAL_EXECUTION,NEW_INCREMENTAL_EXCLUDED,QUARANTINE_REPRESENTATION_GAP,"[""PRE_ONLY_ATOMS_CANNOT_BE_DROPPED_OR_GIVEN_COORDINATES""]",PASSED,false,BLOCKED_REPRESENTATION_GAP,PUBLISHED_POST_ONLY_INELIGIBILITY:FEATURE_STAGE=PASSED;TERMINAL_OUTCOME=QUARANTINE_REPRESENTATION_GAP,,,NEG_V1_TS_DUMP_CATALYTIC_ADDUCT_EXACT,NOT_EVALUATED_OUTSIDE_SUPPORTED_POST_ONLY_CANDIDATE,NOT_EVALUATED_OUTSIDE_SUPPORTED_POST_ONLY_CANDIDATE,NEG_V2_DTT_CRYSTALLIZATION_REDUCING_ADDUCT_EXACT,NOT_EVALUATED_OUTSIDE_SUPPORTED_POST_ONLY_CANDIDATE,NOT_EVALUATED_OUTSIDE_SUPPORTED_POST_ONLY_CANDIDATE,,QUARANTINE_REPRESENTATION_GAP,BOUND_STRUCTURAL_EXECUTION_OUTCOME_RETAINED,NONE,false
313,COVAPIE_CYS_SG_EVENT_V1:2M10:A:CYS:77-:SG:B:33B:C20,2M10,33B,C20,NEW_INCREMENTAL_EXECUTION,NEW_INCREMENTAL_EXCLUDED,QUARANTINE_REPRESENTATION_GAP,"[""PRE_ONLY_ATOMS_CANNOT_BE_DROPPED_OR_GIVEN_COORDINATES""]",PASSED,false,BLOCKED_REPRESENTATION_GAP,PUBLISHED_POST_ONLY_INELIGIBILITY:FEATURE_STAGE=PASSED;TERMINAL_OUTCOME=QUARANTINE_REPRESENTATION_GAP,,,NEG_V1_TS_DUMP_CATALYTIC_ADDUCT_EXACT,NOT_EVALUATED_OUTSIDE_SUPPORTED_POST_ONLY_CANDIDATE,NOT_EVALUATED_OUTSIDE_SUPPORTED_POST_ONLY_CANDIDATE,NEG_V2_DTT_CRYSTALLIZATION_REDUCING_ADDUCT_EXACT,NOT_EVALUATED_OUTSIDE_SUPPORTED_POST_ONLY_CANDIDATE,NOT_EVALUATED_OUTSIDE_SUPPORTED_POST_ONLY_CANDIDATE,,QUARANTINE_REPRESENTATION_GAP,BOUND_STRUCTURAL_EXECUTION_OUTCOME_RETAINED,NONE,false
314,COVAPIE_CYS_SG_EVENT_V1:2MLM:A:CYS:126-:SG:B:2W7:S2,2MLM,2W7,S2,NEW_INCREMENTAL_EXECUTION,NEW_INCREMENTAL_EXCLUDED,STRUCTURAL_EVIDENCE_INCOMPLETE,"[""MMCIF_EXACT_CYS_SG_STRUCT_CONN_NOT_RECOVERED""]",NOT_REACHED,false,OUTSIDE_STRUCTURAL_ELIGIBILITY,PUBLISHED_POST_ONLY_INELIGIBILITY:FEATURE_STAGE=NOT_REACHED;TERMINAL_OUTCOME=STRUCTURAL_EVIDENCE_INCOMPLETE,,,NEG_V1_TS_DUMP_CATALYTIC_ADDUCT_EXACT,NOT_EVALUATED_OUTSIDE_SUPPORTED_POST_ONLY_CANDIDATE,NOT_EVALUATED_OUTSIDE_SUPPORTED_POST_ONLY_CANDIDATE,NEG_V2_DTT_CRYSTALLIZATION_REDUCING_ADDUCT_EXACT,NOT_EVALUATED_OUTSIDE_SUPPORTED_POST_ONLY_CANDIDATE,NOT_EVALUATED_OUTSIDE_SUPPORTED_POST_ONLY_CANDIDATE,,STRUCTURAL_EVIDENCE_INCOMPLETE,BOUND_STRUCTURAL_EXECUTION_OUTCOME_RETAINED,NONE,false
315,COVAPIE_CYS_SG_EVENT_V1:2NQG:A:CYS:115-:SG:D:NQG:CBT,2NQG,NQG,CBT,NEW_INCREMENTAL_EXECUTION,NEW_INCREMENTAL_CANDIDATE,HUMAN_REVIEW_REQUIRED_PRE_CHEMISTRY,"[""PRE_CHEMISTRY_NOT_PRODUCTION_AUTHORITATIVE"",""NO_FAMILY_LEVEL_AUTO_ADMISSION""]",PASSED,true,POST_ONLY_V1_REVIEW_CANDIDATE,PUBLISHED_POST_ONLY_ELIGIBILITY:FEATURE_STAGE_PASSED_AND_HUMAN_REVIEW_REQUIRED_PRE_CHEMISTRY,COVAPIE_BULK_REVIEW_UNIT_23C6195A794CF380,COVAPIE_BULK_REVIEW_UNIT_23C6195A794CF380,NEG_V1_TS_DUMP_CATALYTIC_ADDUCT_EXACT,NOT_MATCHED,"PREDICATE_MISMATCH:exact_ccd_component_graph_sha256,exact_ligand_reactive_atom,exact_ts_family_accession_sequence_key;UNAVAILABLE_OR_MALFORMED:exact_radius1_sha256[event.reactive_center_radius1_fingerprint:MISSING],exact_radius2_sha256[event.reactive_center_radius2_fingerprint:MISSING]",NEG_V2_DTT_CRYSTALLIZATION_REDUCING_ADDUCT_EXACT,NOT_MATCHED,"PREDICATE_MISMATCH:automorphism_derived_dtt_sulfur_endpoint,exact_1fvg_reagent_protein_context,exact_1fvg_source_structure_context,exact_dtt_component_graph_sha256,exact_dtt_component_identity,exact_ligand_reactive_element,structured_source_boundary;UNAVAILABLE_OR_MALFORMED:exact_dtt_heavy_identity_and_charge[outcome.ccd_formal_charge_pattern:INVALID],exact_local_topology[event.local_topology:MISSING],exact_radius1_sha256[event.reactive_center_radius1_fingerprint:MISSING],exact_radius2_sha256[event.reactive_center_radius2_fingerprint:MISSING]",,HUMAN_REVIEW_REQUIRED,NO_SINGLE_EXACT_RULE_MATCHED_EVERY_EVENT;HUMAN_REVIEW_RETAINED,NO_NEW_HUMAN_AUTHORITY,false
316,COVAPIE_CYS_SG_EVENT_V1:2NQI:A:CYS:115-:SG:D:NQI:CBS,2NQI,NQI,CBS,NEW_INCREMENTAL_EXECUTION,NEW_INCREMENTAL_CANDIDATE,HUMAN_REVIEW_REQUIRED_PRE_CHEMISTRY,"[""PRE_CHEMISTRY_NOT_PRODUCTION_AUTHORITATIVE"",""NO_FAMILY_LEVEL_AUTO_ADMISSION""]",PASSED,true,POST_ONLY_V1_REVIEW_CANDIDATE,PUBLISHED_POST_ONLY_ELIGIBILITY:FEATURE_STAGE_PASSED_AND_HUMAN_REVIEW_REQUIRED_PRE_CHEMISTRY,COVAPIE_BULK_REVIEW_UNIT_89C5A5B714124981,COVAPIE_BULK_REVIEW_UNIT_89C5A5B714124981,NEG_V1_TS_DUMP_CATALYTIC_ADDUCT_EXACT,NOT_MATCHED,"PREDICATE_MISMATCH:exact_ccd_component_graph_sha256,exact_ligand_reactive_atom,exact_ts_family_accession_sequence_key;UNAVAILABLE_OR_MALFORMED:exact_radius1_sha256[event.reactive_center_radius1_fingerprint:MISSING],exact_radius2_sha256[event.reactive_center_radius2_fingerprint:MISSING]",NEG_V2_DTT_CRYSTALLIZATION_REDUCING_ADDUCT_EXACT,NOT_MATCHED,"PREDICATE_MISMATCH:automorphism_derived_dtt_sulfur_endpoint,exact_1fvg_reagent_protein_context,exact_1fvg_source_structure_context,exact_dtt_component_graph_sha256,exact_dtt_component_identity,exact_ligand_reactive_element,structured_source_boundary;UNAVAILABLE_OR_MALFORMED:exact_dtt_heavy_identity_and_charge[outcome.ccd_formal_charge_pattern:INVALID],exact_local_topology[event.local_topology:MISSING],exact_radius1_sha256[event.reactive_center_radius1_fingerprint:MISSING],exact_radius2_sha256[event.reactive_center_radius2_fingerprint:MISSING]",,HUMAN_REVIEW_REQUIRED,NO_SINGLE_EXACT_RULE_MATCHED_EVERY_EVENT;HUMAN_REVIEW_RETAINED,NO_NEW_HUMAN_AUTHORITY,false
317,COVAPIE_CYS_SG_EVENT_V1:2NTG:A:CYS:115-:SG:B:R7A:SD,2NTG,R7A,SD,NEW_INCREMENTAL_EXECUTION,NEW_INCREMENTAL_EXCLUDED,STRUCTURAL_EVIDENCE_INCOMPLETE,"[""MMCIF_EXACT_CYS_SG_STRUCT_CONN_NOT_RECOVERED""]",NOT_REACHED,false,OUTSIDE_STRUCTURAL_ELIGIBILITY,PUBLISHED_POST_ONLY_INELIGIBILITY:FEATURE_STAGE=NOT_REACHED;TERMINAL_OUTCOME=STRUCTURAL_EVIDENCE_INCOMPLETE,,,NEG_V1_TS_DUMP_CATALYTIC_ADDUCT_EXACT,NOT_EVALUATED_OUTSIDE_SUPPORTED_POST_ONLY_CANDIDATE,NOT_EVALUATED_OUTSIDE_SUPPORTED_POST_ONLY_CANDIDATE,NEG_V2_DTT_CRYSTALLIZATION_REDUCING_ADDUCT_EXACT,NOT_EVALUATED_OUTSIDE_SUPPORTED_POST_ONLY_CANDIDATE,NOT_EVALUATED_OUTSIDE_SUPPORTED_POST_ONLY_CANDIDATE,,STRUCTURAL_EVIDENCE_INCOMPLETE,BOUND_STRUCTURAL_EXECUTION_OUTCOME_RETAINED,NONE,false
318,COVAPIE_CYS_SG_EVENT_V1:2OZ2:A:CYS:25-:SG:F:D1R:C27,2OZ2,D1R,C27,NEW_INCREMENTAL_EXECUTION,NEW_INCREMENTAL_EXCLUDED,LEAKAGE_EXISTING_GROUP_CONFLICT,"[""LEAKAGE_EXISTING_GROUP_CONFLICT""]",PASSED,false,BLOCKED_EXISTING_GROUP_CONFLICT,PUBLISHED_POST_ONLY_INELIGIBILITY:FEATURE_STAGE=PASSED;TERMINAL_OUTCOME=LEAKAGE_EXISTING_GROUP_CONFLICT,,,NEG_V1_TS_DUMP_CATALYTIC_ADDUCT_EXACT,NOT_EVALUATED_OUTSIDE_SUPPORTED_POST_ONLY_CANDIDATE,NOT_EVALUATED_OUTSIDE_SUPPORTED_POST_ONLY_CANDIDATE,NEG_V2_DTT_CRYSTALLIZATION_REDUCING_ADDUCT_EXACT,NOT_EVALUATED_OUTSIDE_SUPPORTED_POST_ONLY_CANDIDATE,NOT_EVALUATED_OUTSIDE_SUPPORTED_POST_ONLY_CANDIDATE,,LEAKAGE_EXISTING_GROUP_CONFLICT,BOUND_STRUCTURAL_EXECUTION_OUTCOME_RETAINED,NONE,false
319,COVAPIE_CYS_SG_EVENT_V1:2P7U:A:CYS:25-:SG:B:D1R:C27,2P7U,D1R,C27,NEW_INCREMENTAL_EXECUTION,NEW_INCREMENTAL_EXCLUDED,LEAKAGE_EXISTING_GROUP_CONFLICT,"[""LEAKAGE_EXISTING_GROUP_CONFLICT""]",PASSED,false,BLOCKED_EXISTING_GROUP_CONFLICT,PUBLISHED_POST_ONLY_INELIGIBILITY:FEATURE_STAGE=PASSED;TERMINAL_OUTCOME=LEAKAGE_EXISTING_GROUP_CONFLICT,,,NEG_V1_TS_DUMP_CATALYTIC_ADDUCT_EXACT,NOT_EVALUATED_OUTSIDE_SUPPORTED_POST_ONLY_CANDIDATE,NOT_EVALUATED_OUTSIDE_SUPPORTED_POST_ONLY_CANDIDATE,NEG_V2_DTT_CRYSTALLIZATION_REDUCING_ADDUCT_EXACT,NOT_EVALUATED_OUTSIDE_SUPPORTED_POST_ONLY_CANDIDATE,NOT_EVALUATED_OUTSIDE_SUPPORTED_POST_ONLY_CANDIDATE,,LEAKAGE_EXISTING_GROUP_CONFLICT,BOUND_STRUCTURAL_EXECUTION_OUTCOME_RETAINED,NONE,false
320,COVAPIE_CYS_SG_EVENT_V1:2P86:A:CYS:25-:SG:B:VS1:C22,2P86,VS1,C22,NEW_INCREMENTAL_EXECUTION,NEW_INCREMENTAL_EXCLUDED,LEAKAGE_EXISTING_GROUP_CONFLICT,"[""LEAKAGE_EXISTING_GROUP_CONFLICT""]",PASSED,false,BLOCKED_EXISTING_GROUP_CONFLICT,PUBLISHED_POST_ONLY_INELIGIBILITY:FEATURE_STAGE=PASSED;TERMINAL_OUTCOME=LEAKAGE_EXISTING_GROUP_CONFLICT,,,NEG_V1_TS_DUMP_CATALYTIC_ADDUCT_EXACT,NOT_EVALUATED_OUTSIDE_SUPPORTED_POST_ONLY_CANDIDATE,NOT_EVALUATED_OUTSIDE_SUPPORTED_POST_ONLY_CANDIDATE,NEG_V2_DTT_CRYSTALLIZATION_REDUCING_ADDUCT_EXACT,NOT_EVALUATED_OUTSIDE_SUPPORTED_POST_ONLY_CANDIDATE,NOT_EVALUATED_OUTSIDE_SUPPORTED_POST_ONLY_CANDIDATE,,LEAKAGE_EXISTING_GROUP_CONFLICT,BOUND_STRUCTURAL_EXECUTION_OUTCOME_RETAINED,NONE,false
321,COVAPIE_CYS_SG_EVENT_V1:2QLQ:A:CYS:345-:SG:C:SR2:C51,2QLQ,SR2,C51,NEW_INCREMENTAL_EXECUTION,NEW_INCREMENTAL_CANDIDATE,HUMAN_REVIEW_REQUIRED_PRE_CHEMISTRY,"[""PRE_CHEMISTRY_NOT_PRODUCTION_AUTHORITATIVE"",""NO_FAMILY_LEVEL_AUTO_ADMISSION""]",PASSED,true,POST_ONLY_V1_REVIEW_CANDIDATE,PUBLISHED_POST_ONLY_ELIGIBILITY:FEATURE_STAGE_PASSED_AND_HUMAN_REVIEW_REQUIRED_PRE_CHEMISTRY,COVAPIE_BULK_REVIEW_UNIT_A9BBD5309D7A5C08,COVAPIE_BULK_REVIEW_UNIT_A9BBD5309D7A5C08,NEG_V1_TS_DUMP_CATALYTIC_ADDUCT_EXACT,NOT_MATCHED,"PREDICATE_MISMATCH:exact_ccd_component_graph_sha256,exact_ligand_reactive_atom,exact_radius1_sha256,exact_radius2_sha256,exact_ts_family_accession_sequence_key",NEG_V2_DTT_CRYSTALLIZATION_REDUCING_ADDUCT_EXACT,NOT_MATCHED,"PREDICATE_MISMATCH:automorphism_derived_dtt_sulfur_endpoint,exact_1fvg_reagent_protein_context,exact_1fvg_source_structure_context,exact_dtt_component_graph_sha256,exact_dtt_component_identity,exact_ligand_reactive_element,exact_local_topology,exact_radius1_sha256,exact_radius2_sha256;UNAVAILABLE_OR_MALFORMED:exact_dtt_heavy_identity_and_charge[outcome.ccd_formal_charge_pattern:INVALID]",,HUMAN_REVIEW_REQUIRED,NO_SINGLE_EXACT_RULE_MATCHED_EVERY_EVENT;HUMAN_REVIEW_RETAINED,NO_NEW_HUMAN_AUTHORITY,false
322,COVAPIE_CYS_SG_EVENT_V1:2QLQ:A:CYS:483-:SG:D:SR2:C51,2QLQ,SR2,C51,NEW_INCREMENTAL_EXECUTION,NEW_INCREMENTAL_EXCLUDED,QUARANTINE_REPRESENTATION_GAP,"[""PRE_ONLY_ATOMS_CANNOT_BE_DROPPED_OR_GIVEN_COORDINATES""]",PASSED,false,BLOCKED_REPRESENTATION_GAP,PUBLISHED_POST_ONLY_INELIGIBILITY:FEATURE_STAGE=PASSED;TERMINAL_OUTCOME=QUARANTINE_REPRESENTATION_GAP,,,NEG_V1_TS_DUMP_CATALYTIC_ADDUCT_EXACT,NOT_EVALUATED_OUTSIDE_SUPPORTED_POST_ONLY_CANDIDATE,NOT_EVALUATED_OUTSIDE_SUPPORTED_POST_ONLY_CANDIDATE,NEG_V2_DTT_CRYSTALLIZATION_REDUCING_ADDUCT_EXACT,NOT_EVALUATED_OUTSIDE_SUPPORTED_POST_ONLY_CANDIDATE,NOT_EVALUATED_OUTSIDE_SUPPORTED_POST_ONLY_CANDIDATE,,QUARANTINE_REPRESENTATION_GAP,BOUND_STRUCTURAL_EXECUTION_OUTCOME_RETAINED,NONE,false
323,COVAPIE_CYS_SG_EVENT_V1:2QLQ:B:CYS:345-:SG:E:SR2:C51,2QLQ,SR2,C51,NEW_INCREMENTAL_EXECUTION,NEW_INCREMENTAL_CANDIDATE,HUMAN_REVIEW_REQUIRED_PRE_CHEMISTRY,"[""PRE_CHEMISTRY_NOT_PRODUCTION_AUTHORITATIVE"",""NO_FAMILY_LEVEL_AUTO_ADMISSION""]",PASSED,true,POST_ONLY_V1_REVIEW_CANDIDATE,PUBLISHED_POST_ONLY_ELIGIBILITY:FEATURE_STAGE_PASSED_AND_HUMAN_REVIEW_REQUIRED_PRE_CHEMISTRY,COVAPIE_BULK_REVIEW_UNIT_A9BBD5309D7A5C08,COVAPIE_BULK_REVIEW_UNIT_A9BBD5309D7A5C08,NEG_V1_TS_DUMP_CATALYTIC_ADDUCT_EXACT,NOT_MATCHED,"PREDICATE_MISMATCH:exact_ccd_component_graph_sha256,exact_ligand_reactive_atom,exact_radius1_sha256,exact_radius2_sha256,exact_ts_family_accession_sequence_key",NEG_V2_DTT_CRYSTALLIZATION_REDUCING_ADDUCT_EXACT,NOT_MATCHED,"PREDICATE_MISMATCH:automorphism_derived_dtt_sulfur_endpoint,exact_1fvg_reagent_protein_context,exact_1fvg_source_structure_context,exact_dtt_component_graph_sha256,exact_dtt_component_identity,exact_ligand_reactive_element,exact_local_topology,exact_radius1_sha256,exact_radius2_sha256;UNAVAILABLE_OR_MALFORMED:exact_dtt_heavy_identity_and_charge[outcome.ccd_formal_charge_pattern:INVALID]",,HUMAN_REVIEW_REQUIRED,NO_SINGLE_EXACT_RULE_MATCHED_EVERY_EVENT;HUMAN_REVIEW_RETAINED,NO_NEW_HUMAN_AUTHORITY,false
324,COVAPIE_CYS_SG_EVENT_V1:2QNX:A:CYS:112-:SG:D:MDX:S1,2QNX,MDX,S1,NEW_INCREMENTAL_EXECUTION,NEW_INCREMENTAL_EXCLUDED,LEAKAGE_EXISTING_GROUP_CONFLICT,"[""LEAKAGE_EXISTING_GROUP_CONFLICT""]",PASSED,false,BLOCKED_EXISTING_GROUP_CONFLICT,PUBLISHED_POST_ONLY_INELIGIBILITY:FEATURE_STAGE=PASSED;TERMINAL_OUTCOME=LEAKAGE_EXISTING_GROUP_CONFLICT,,,NEG_V1_TS_DUMP_CATALYTIC_ADDUCT_EXACT,NOT_EVALUATED_OUTSIDE_SUPPORTED_POST_ONLY_CANDIDATE,NOT_EVALUATED_OUTSIDE_SUPPORTED_POST_ONLY_CANDIDATE,NEG_V2_DTT_CRYSTALLIZATION_REDUCING_ADDUCT_EXACT,NOT_EVALUATED_OUTSIDE_SUPPORTED_POST_ONLY_CANDIDATE,NOT_EVALUATED_OUTSIDE_SUPPORTED_POST_ONLY_CANDIDATE,,LEAKAGE_EXISTING_GROUP_CONFLICT,BOUND_STRUCTURAL_EXECUTION_OUTCOME_RETAINED,NONE,false
325,COVAPIE_CYS_SG_EVENT_V1:2QNX:B:CYS:112-:SG:F:MDX:S1,2QNX,MDX,S1,NEW_INCREMENTAL_EXECUTION,NEW_INCREMENTAL_EXCLUDED,LEAKAGE_EXISTING_GROUP_CONFLICT,"[""LEAKAGE_EXISTING_GROUP_CONFLICT""]",PASSED,false,BLOCKED_EXISTING_GROUP_CONFLICT,PUBLISHED_POST_ONLY_INELIGIBILITY:FEATURE_STAGE=PASSED;TERMINAL_OUTCOME=LEAKAGE_EXISTING_GROUP_CONFLICT,,,NEG_V1_TS_DUMP_CATALYTIC_ADDUCT_EXACT,NOT_EVALUATED_OUTSIDE_SUPPORTED_POST_ONLY_CANDIDATE,NOT_EVALUATED_OUTSIDE_SUPPORTED_POST_ONLY_CANDIDATE,NEG_V2_DTT_CRYSTALLIZATION_REDUCING_ADDUCT_EXACT,NOT_EVALUATED_OUTSIDE_SUPPORTED_POST_ONLY_CANDIDATE,NOT_EVALUATED_OUTSIDE_SUPPORTED_POST_ONLY_CANDIDATE,,LEAKAGE_EXISTING_GROUP_CONFLICT,BOUND_STRUCTURAL_EXECUTION_OUTCOME_RETAINED,NONE,false
326,COVAPIE_CYS_SG_EVENT_V1:2QNY:A:CYS:112-:SG:C:DFD:C1,2QNY,DFD,C1,NEW_INCREMENTAL_EXECUTION,NEW_INCREMENTAL_EXCLUDED,LEAKAGE_EXISTING_GROUP_CONFLICT,"[""LEAKAGE_EXISTING_GROUP_CONFLICT""]",PASSED,false,BLOCKED_EXISTING_GROUP_CONFLICT,PUBLISHED_POST_ONLY_INELIGIBILITY:FEATURE_STAGE=PASSED;TERMINAL_OUTCOME=LEAKAGE_EXISTING_GROUP_CONFLICT,,,NEG_V1_TS_DUMP_CATALYTIC_ADDUCT_EXACT,NOT_EVALUATED_OUTSIDE_SUPPORTED_POST_ONLY_CANDIDATE,NOT_EVALUATED_OUTSIDE_SUPPORTED_POST_ONLY_CANDIDATE,NEG_V2_DTT_CRYSTALLIZATION_REDUCING_ADDUCT_EXACT,NOT_EVALUATED_OUTSIDE_SUPPORTED_POST_ONLY_CANDIDATE,NOT_EVALUATED_OUTSIDE_SUPPORTED_POST_ONLY_CANDIDATE,,LEAKAGE_EXISTING_GROUP_CONFLICT,BOUND_STRUCTURAL_EXECUTION_OUTCOME_RETAINED,NONE,false
327,COVAPIE_CYS_SG_EVENT_V1:2QNY:A:CYS:154-:SG:E:BME:S2,2QNY,BME,S2,NEW_INCREMENTAL_EXECUTION,NEW_INCREMENTAL_EXCLUDED,LEAKAGE_EXISTING_GROUP_CONFLICT,"[""LEAKAGE_EXISTING_GROUP_CONFLICT""]",PASSED,false,BLOCKED_EXISTING_GROUP_CONFLICT,PUBLISHED_POST_ONLY_INELIGIBILITY:FEATURE_STAGE=PASSED;TERMINAL_OUTCOME=LEAKAGE_EXISTING_GROUP_CONFLICT,,,NEG_V1_TS_DUMP_CATALYTIC_ADDUCT_EXACT,NOT_EVALUATED_OUTSIDE_SUPPORTED_POST_ONLY_CANDIDATE,NOT_EVALUATED_OUTSIDE_SUPPORTED_POST_ONLY_CANDIDATE,NEG_V2_DTT_CRYSTALLIZATION_REDUCING_ADDUCT_EXACT,NOT_EVALUATED_OUTSIDE_SUPPORTED_POST_ONLY_CANDIDATE,NOT_EVALUATED_OUTSIDE_SUPPORTED_POST_ONLY_CANDIDATE,,LEAKAGE_EXISTING_GROUP_CONFLICT,BOUND_STRUCTURAL_EXECUTION_OUTCOME_RETAINED,NONE,false
328,COVAPIE_CYS_SG_EVENT_V1:2QNY:A:CYS:23-:SG:D:BME:S2,2QNY,BME,S2,NEW_INCREMENTAL_EXECUTION,NEW_INCREMENTAL_EXCLUDED,LEAKAGE_EXISTING_GROUP_CONFLICT,"[""LEAKAGE_EXISTING_GROUP_CONFLICT""]",PASSED,false,BLOCKED_EXISTING_GROUP_CONFLICT,PUBLISHED_POST_ONLY_INELIGIBILITY:FEATURE_STAGE=PASSED;TERMINAL_OUTCOME=LEAKAGE_EXISTING_GROUP_CONFLICT,,,NEG_V1_TS_DUMP_CATALYTIC_ADDUCT_EXACT,NOT_EVALUATED_OUTSIDE_SUPPORTED_POST_ONLY_CANDIDATE,NOT_EVALUATED_OUTSIDE_SUPPORTED_POST_ONLY_CANDIDATE,NEG_V2_DTT_CRYSTALLIZATION_REDUCING_ADDUCT_EXACT,NOT_EVALUATED_OUTSIDE_SUPPORTED_POST_ONLY_CANDIDATE,NOT_EVALUATED_OUTSIDE_SUPPORTED_POST_ONLY_CANDIDATE,,LEAKAGE_EXISTING_GROUP_CONFLICT,BOUND_STRUCTURAL_EXECUTION_OUTCOME_RETAINED,NONE,false
329,COVAPIE_CYS_SG_EVENT_V1:2QNY:B:CYS:112-:SG:F:DFD:C1,2QNY,DFD,C1,NEW_INCREMENTAL_EXECUTION,NEW_INCREMENTAL_EXCLUDED,LEAKAGE_EXISTING_GROUP_CONFLICT,"[""LEAKAGE_EXISTING_GROUP_CONFLICT""]",PASSED,false,BLOCKED_EXISTING_GROUP_CONFLICT,PUBLISHED_POST_ONLY_INELIGIBILITY:FEATURE_STAGE=PASSED;TERMINAL_OUTCOME=LEAKAGE_EXISTING_GROUP_CONFLICT,,,NEG_V1_TS_DUMP_CATALYTIC_ADDUCT_EXACT,NOT_EVALUATED_OUTSIDE_SUPPORTED_POST_ONLY_CANDIDATE,NOT_EVALUATED_OUTSIDE_SUPPORTED_POST_ONLY_CANDIDATE,NEG_V2_DTT_CRYSTALLIZATION_REDUCING_ADDUCT_EXACT,NOT_EVALUATED_OUTSIDE_SUPPORTED_POST_ONLY_CANDIDATE,NOT_EVALUATED_OUTSIDE_SUPPORTED_POST_ONLY_CANDIDATE,,LEAKAGE_EXISTING_GROUP_CONFLICT,BOUND_STRUCTURAL_EXECUTION_OUTCOME_RETAINED,NONE,false
330,COVAPIE_CYS_SG_EVENT_V1:2QNY:B:CYS:23-:SG:G:BME:S2,2QNY,BME,S2,NEW_INCREMENTAL_EXECUTION,NEW_INCREMENTAL_EXCLUDED,LEAKAGE_EXISTING_GROUP_CONFLICT,"[""LEAKAGE_EXISTING_GROUP_CONFLICT""]",PASSED,false,BLOCKED_EXISTING_GROUP_CONFLICT,PUBLISHED_POST_ONLY_INELIGIBILITY:FEATURE_STAGE=PASSED;TERMINAL_OUTCOME=LEAKAGE_EXISTING_GROUP_CONFLICT,,,NEG_V1_TS_DUMP_CATALYTIC_ADDUCT_EXACT,NOT_EVALUATED_OUTSIDE_SUPPORTED_POST_ONLY_CANDIDATE,NOT_EVALUATED_OUTSIDE_SUPPORTED_POST_ONLY_CANDIDATE,NEG_V2_DTT_CRYSTALLIZATION_REDUCING_ADDUCT_EXACT,NOT_EVALUATED_OUTSIDE_SUPPORTED_POST_ONLY_CANDIDATE,NOT_EVALUATED_OUTSIDE_SUPPORTED_POST_ONLY_CANDIDATE,,LEAKAGE_EXISTING_GROUP_CONFLICT,BOUND_STRUCTURAL_EXECUTION_OUTCOME_RETAINED,NONE,false
331,COVAPIE_CYS_SG_EVENT_V1:2QNZ:A:CYS:112-:SG:C:DFD:C1,2QNZ,DFD,C1,NEW_INCREMENTAL_EXECUTION,NEW_INCREMENTAL_EXCLUDED,LEAKAGE_EXISTING_GROUP_CONFLICT,"[""LEAKAGE_EXISTING_GROUP_CONFLICT""]",PASSED,false,BLOCKED_EXISTING_GROUP_CONFLICT,PUBLISHED_POST_ONLY_INELIGIBILITY:FEATURE_STAGE=PASSED;TERMINAL_OUTCOME=LEAKAGE_EXISTING_GROUP_CONFLICT,,,NEG_V1_TS_DUMP_CATALYTIC_ADDUCT_EXACT,NOT_EVALUATED_OUTSIDE_SUPPORTED_POST_ONLY_CANDIDATE,NOT_EVALUATED_OUTSIDE_SUPPORTED_POST_ONLY_CANDIDATE,NEG_V2_DTT_CRYSTALLIZATION_REDUCING_ADDUCT_EXACT,NOT_EVALUATED_OUTSIDE_SUPPORTED_POST_ONLY_CANDIDATE,NOT_EVALUATED_OUTSIDE_SUPPORTED_POST_ONLY_CANDIDATE,,LEAKAGE_EXISTING_GROUP_CONFLICT,BOUND_STRUCTURAL_EXECUTION_OUTCOME_RETAINED,NONE,false
332,COVAPIE_CYS_SG_EVENT_V1:2QNZ:A:CYS:154-:SG:D:BME:S2,2QNZ,BME,S2,NEW_INCREMENTAL_EXECUTION,NEW_INCREMENTAL_EXCLUDED,LEAKAGE_EXISTING_GROUP_CONFLICT,"[""LEAKAGE_EXISTING_GROUP_CONFLICT""]",PASSED,false,BLOCKED_EXISTING_GROUP_CONFLICT,PUBLISHED_POST_ONLY_INELIGIBILITY:FEATURE_STAGE=PASSED;TERMINAL_OUTCOME=LEAKAGE_EXISTING_GROUP_CONFLICT,,,NEG_V1_TS_DUMP_CATALYTIC_ADDUCT_EXACT,NOT_EVALUATED_OUTSIDE_SUPPORTED_POST_ONLY_CANDIDATE,NOT_EVALUATED_OUTSIDE_SUPPORTED_POST_ONLY_CANDIDATE,NEG_V2_DTT_CRYSTALLIZATION_REDUCING_ADDUCT_EXACT,NOT_EVALUATED_OUTSIDE_SUPPORTED_POST_ONLY_CANDIDATE,NOT_EVALUATED_OUTSIDE_SUPPORTED_POST_ONLY_CANDIDATE,,LEAKAGE_EXISTING_GROUP_CONFLICT,BOUND_STRUCTURAL_EXECUTION_OUTCOME_RETAINED,NONE,false
333,COVAPIE_CYS_SG_EVENT_V1:2QNZ:B:CYS:112-:SG:E:DFD:C1,2QNZ,DFD,C1,NEW_INCREMENTAL_EXECUTION,NEW_INCREMENTAL_EXCLUDED,LEAKAGE_EXISTING_GROUP_CONFLICT,"[""LEAKAGE_EXISTING_GROUP_CONFLICT""]",PASSED,false,BLOCKED_EXISTING_GROUP_CONFLICT,PUBLISHED_POST_ONLY_INELIGIBILITY:FEATURE_STAGE=PASSED;TERMINAL_OUTCOME=LEAKAGE_EXISTING_GROUP_CONFLICT,,,NEG_V1_TS_DUMP_CATALYTIC_ADDUCT_EXACT,NOT_EVALUATED_OUTSIDE_SUPPORTED_POST_ONLY_CANDIDATE,NOT_EVALUATED_OUTSIDE_SUPPORTED_POST_ONLY_CANDIDATE,NEG_V2_DTT_CRYSTALLIZATION_REDUCING_ADDUCT_EXACT,NOT_EVALUATED_OUTSIDE_SUPPORTED_POST_ONLY_CANDIDATE,NOT_EVALUATED_OUTSIDE_SUPPORTED_POST_ONLY_CANDIDATE,,LEAKAGE_EXISTING_GROUP_CONFLICT,BOUND_STRUCTURAL_EXECUTION_OUTCOME_RETAINED,NONE,false
334,COVAPIE_CYS_SG_EVENT_V1:2QNZ:B:CYS:154-:SG:F:BME:S2,2QNZ,BME,S2,NEW_INCREMENTAL_EXECUTION,NEW_INCREMENTAL_EXCLUDED,LEAKAGE_EXISTING_GROUP_CONFLICT,"[""LEAKAGE_EXISTING_GROUP_CONFLICT""]",PASSED,false,BLOCKED_EXISTING_GROUP_CONFLICT,PUBLISHED_POST_ONLY_INELIGIBILITY:FEATURE_STAGE=PASSED;TERMINAL_OUTCOME=LEAKAGE_EXISTING_GROUP_CONFLICT,,,NEG_V1_TS_DUMP_CATALYTIC_ADDUCT_EXACT,NOT_EVALUATED_OUTSIDE_SUPPORTED_POST_ONLY_CANDIDATE,NOT_EVALUATED_OUTSIDE_SUPPORTED_POST_ONLY_CANDIDATE,NEG_V2_DTT_CRYSTALLIZATION_REDUCING_ADDUCT_EXACT,NOT_EVALUATED_OUTSIDE_SUPPORTED_POST_ONLY_CANDIDATE,NOT_EVALUATED_OUTSIDE_SUPPORTED_POST_ONLY_CANDIDATE,,LEAKAGE_EXISTING_GROUP_CONFLICT,BOUND_STRUCTURAL_EXECUTION_OUTCOME_RETAINED,NONE,false
335,COVAPIE_CYS_SG_EVENT_V1:2QO0:A:CYS:112-:SG:C:D1T:S1,2QO0,D1T,S1,NEW_INCREMENTAL_EXECUTION,NEW_INCREMENTAL_EXCLUDED,LEAKAGE_EXISTING_GROUP_CONFLICT,"[""LEAKAGE_EXISTING_GROUP_CONFLICT""]",PASSED,false,BLOCKED_EXISTING_GROUP_CONFLICT,PUBLISHED_POST_ONLY_INELIGIBILITY:FEATURE_STAGE=PASSED;TERMINAL_OUTCOME=LEAKAGE_EXISTING_GROUP_CONFLICT,,,NEG_V1_TS_DUMP_CATALYTIC_ADDUCT_EXACT,NOT_EVALUATED_OUTSIDE_SUPPORTED_POST_ONLY_CANDIDATE,NOT_EVALUATED_OUTSIDE_SUPPORTED_POST_ONLY_CANDIDATE,NEG_V2_DTT_CRYSTALLIZATION_REDUCING_ADDUCT_EXACT,NOT_EVALUATED_OUTSIDE_SUPPORTED_POST_ONLY_CANDIDATE,NOT_EVALUATED_OUTSIDE_SUPPORTED_POST_ONLY_CANDIDATE,,LEAKAGE_EXISTING_GROUP_CONFLICT,BOUND_STRUCTURAL_EXECUTION_OUTCOME_RETAINED,NONE,false
336,COVAPIE_CYS_SG_EVENT_V1:2QO0:B:CYS:112-:SG:D:D1T:S1,2QO0,D1T,S1,NEW_INCREMENTAL_EXECUTION,NEW_INCREMENTAL_EXCLUDED,LEAKAGE_EXISTING_GROUP_CONFLICT,"[""LEAKAGE_EXISTING_GROUP_CONFLICT""]",PASSED,false,BLOCKED_EXISTING_GROUP_CONFLICT,PUBLISHED_POST_ONLY_INELIGIBILITY:FEATURE_STAGE=PASSED;TERMINAL_OUTCOME=LEAKAGE_EXISTING_GROUP_CONFLICT,,,NEG_V1_TS_DUMP_CATALYTIC_ADDUCT_EXACT,NOT_EVALUATED_OUTSIDE_SUPPORTED_POST_ONLY_CANDIDATE,NOT_EVALUATED_OUTSIDE_SUPPORTED_POST_ONLY_CANDIDATE,NEG_V2_DTT_CRYSTALLIZATION_REDUCING_ADDUCT_EXACT,NOT_EVALUATED_OUTSIDE_SUPPORTED_POST_ONLY_CANDIDATE,NOT_EVALUATED_OUTSIDE_SUPPORTED_POST_ONLY_CANDIDATE,,LEAKAGE_EXISTING_GROUP_CONFLICT,BOUND_STRUCTURAL_EXECUTION_OUTCOME_RETAINED,NONE,false
337,COVAPIE_CYS_SG_EVENT_V1:2QQ7:A:CYS:345-:SG:C:SR2:C51,2QQ7,SR2,C51,NEW_INCREMENTAL_EXECUTION,NEW_INCREMENTAL_CANDIDATE,HUMAN_REVIEW_REQUIRED_PRE_CHEMISTRY,"[""PRE_CHEMISTRY_NOT_PRODUCTION_AUTHORITATIVE"",""NO_FAMILY_LEVEL_AUTO_ADMISSION""]",PASSED,true,POST_ONLY_V1_REVIEW_CANDIDATE,PUBLISHED_POST_ONLY_ELIGIBILITY:FEATURE_STAGE_PASSED_AND_HUMAN_REVIEW_REQUIRED_PRE_CHEMISTRY,COVAPIE_BULK_REVIEW_UNIT_A9BBD5309D7A5C08,COVAPIE_BULK_REVIEW_UNIT_A9BBD5309D7A5C08,NEG_V1_TS_DUMP_CATALYTIC_ADDUCT_EXACT,NOT_MATCHED,"PREDICATE_MISMATCH:exact_ccd_component_graph_sha256,exact_ligand_reactive_atom,exact_radius1_sha256,exact_radius2_sha256,exact_ts_family_accession_sequence_key",NEG_V2_DTT_CRYSTALLIZATION_REDUCING_ADDUCT_EXACT,NOT_MATCHED,"PREDICATE_MISMATCH:automorphism_derived_dtt_sulfur_endpoint,exact_1fvg_reagent_protein_context,exact_1fvg_source_structure_context,exact_dtt_component_graph_sha256,exact_dtt_component_identity,exact_ligand_reactive_element,exact_local_topology,exact_radius1_sha256,exact_radius2_sha256;UNAVAILABLE_OR_MALFORMED:exact_dtt_heavy_identity_and_charge[outcome.ccd_formal_charge_pattern:INVALID]",,HUMAN_REVIEW_REQUIRED,NO_SINGLE_EXACT_RULE_MATCHED_EVERY_EVENT;HUMAN_REVIEW_RETAINED,NO_NEW_HUMAN_AUTHORITY,false
338,COVAPIE_CYS_SG_EVENT_V1:2QQ7:B:CYS:345-:SG:D:SR2:C51,2QQ7,SR2,C51,NEW_INCREMENTAL_EXECUTION,NEW_INCREMENTAL_CANDIDATE,HUMAN_REVIEW_REQUIRED_PRE_CHEMISTRY,"[""PRE_CHEMISTRY_NOT_PRODUCTION_AUTHORITATIVE"",""NO_FAMILY_LEVEL_AUTO_ADMISSION""]",PASSED,true,POST_ONLY_V1_REVIEW_CANDIDATE,PUBLISHED_POST_ONLY_ELIGIBILITY:FEATURE_STAGE_PASSED_AND_HUMAN_REVIEW_REQUIRED_PRE_CHEMISTRY,COVAPIE_BULK_REVIEW_UNIT_A9BBD5309D7A5C08,COVAPIE_BULK_REVIEW_UNIT_A9BBD5309D7A5C08,NEG_V1_TS_DUMP_CATALYTIC_ADDUCT_EXACT,NOT_MATCHED,"PREDICATE_MISMATCH:exact_ccd_component_graph_sha256,exact_ligand_reactive_atom,exact_radius1_sha256,exact_radius2_sha256,exact_ts_family_accession_sequence_key",NEG_V2_DTT_CRYSTALLIZATION_REDUCING_ADDUCT_EXACT,NOT_MATCHED,"PREDICATE_MISMATCH:automorphism_derived_dtt_sulfur_endpoint,exact_1fvg_reagent_protein_context,exact_1fvg_source_structure_context,exact_dtt_component_graph_sha256,exact_dtt_component_identity,exact_ligand_reactive_element,exact_local_topology,exact_radius1_sha256,exact_radius2_sha256;UNAVAILABLE_OR_MALFORMED:exact_dtt_heavy_identity_and_charge[outcome.ccd_formal_charge_pattern:INVALID]",,HUMAN_REVIEW_REQUIRED,NO_SINGLE_EXACT_RULE_MATCHED_EVERY_EVENT;HUMAN_REVIEW_RETAINED,NO_NEW_HUMAN_AUTHORITY,false
339,COVAPIE_CYS_SG_EVENT_V1:2QX1:A:CYS:112-:SG:D:D1T:S1,2QX1,D1T,S1,NEW_INCREMENTAL_EXECUTION,NEW_INCREMENTAL_EXCLUDED,LEAKAGE_EXISTING_GROUP_CONFLICT,"[""LEAKAGE_EXISTING_GROUP_CONFLICT""]",PASSED,false,BLOCKED_EXISTING_GROUP_CONFLICT,PUBLISHED_POST_ONLY_INELIGIBILITY:FEATURE_STAGE=PASSED;TERMINAL_OUTCOME=LEAKAGE_EXISTING_GROUP_CONFLICT,,,NEG_V1_TS_DUMP_CATALYTIC_ADDUCT_EXACT,NOT_EVALUATED_OUTSIDE_SUPPORTED_POST_ONLY_CANDIDATE,NOT_EVALUATED_OUTSIDE_SUPPORTED_POST_ONLY_CANDIDATE,NEG_V2_DTT_CRYSTALLIZATION_REDUCING_ADDUCT_EXACT,NOT_EVALUATED_OUTSIDE_SUPPORTED_POST_ONLY_CANDIDATE,NOT_EVALUATED_OUTSIDE_SUPPORTED_POST_ONLY_CANDIDATE,,LEAKAGE_EXISTING_GROUP_CONFLICT,BOUND_STRUCTURAL_EXECUTION_OUTCOME_RETAINED,NONE,false
340,COVAPIE_CYS_SG_EVENT_V1:2QX1:B:CYS:112-:SG:E:D1T:S1,2QX1,D1T,S1,NEW_INCREMENTAL_EXECUTION,NEW_INCREMENTAL_EXCLUDED,LEAKAGE_EXISTING_GROUP_CONFLICT,"[""LEAKAGE_EXISTING_GROUP_CONFLICT""]",PASSED,false,BLOCKED_EXISTING_GROUP_CONFLICT,PUBLISHED_POST_ONLY_INELIGIBILITY:FEATURE_STAGE=PASSED;TERMINAL_OUTCOME=LEAKAGE_EXISTING_GROUP_CONFLICT,,,NEG_V1_TS_DUMP_CATALYTIC_ADDUCT_EXACT,NOT_EVALUATED_OUTSIDE_SUPPORTED_POST_ONLY_CANDIDATE,NOT_EVALUATED_OUTSIDE_SUPPORTED_POST_ONLY_CANDIDATE,NEG_V2_DTT_CRYSTALLIZATION_REDUCING_ADDUCT_EXACT,NOT_EVALUATED_OUTSIDE_SUPPORTED_POST_ONLY_CANDIDATE,NOT_EVALUATED_OUTSIDE_SUPPORTED_POST_ONLY_CANDIDATE,,LEAKAGE_EXISTING_GROUP_CONFLICT,BOUND_STRUCTURAL_EXECUTION_OUTCOME_RETAINED,NONE,false
341,COVAPIE_CYS_SG_EVENT_V1:2R6N:A:CYS:25-:SG:B:CKE:C09,2R6N,CKE,C09,NEW_INCREMENTAL_EXECUTION,NEW_INCREMENTAL_EXCLUDED,LEAKAGE_EXISTING_GROUP_CONFLICT,"[""LEAKAGE_EXISTING_GROUP_CONFLICT""]",PASSED,false,BLOCKED_EXISTING_GROUP_CONFLICT,PUBLISHED_POST_ONLY_INELIGIBILITY:FEATURE_STAGE=PASSED;TERMINAL_OUTCOME=LEAKAGE_EXISTING_GROUP_CONFLICT,,,NEG_V1_TS_DUMP_CATALYTIC_ADDUCT_EXACT,NOT_EVALUATED_OUTSIDE_SUPPORTED_POST_ONLY_CANDIDATE,NOT_EVALUATED_OUTSIDE_SUPPORTED_POST_ONLY_CANDIDATE,NEG_V2_DTT_CRYSTALLIZATION_REDUCING_ADDUCT_EXACT,NOT_EVALUATED_OUTSIDE_SUPPORTED_POST_ONLY_CANDIDATE,NOT_EVALUATED_OUTSIDE_SUPPORTED_POST_ONLY_CANDIDATE,,LEAKAGE_EXISTING_GROUP_CONFLICT,BOUND_STRUCTURAL_EXECUTION_OUTCOME_RETAINED,NONE,false
342,COVAPIE_CYS_SG_EVENT_V1:2RL2:A:CYS:117-:SG:E:GG6:C2,2RL2,GG6,C2,NEW_INCREMENTAL_EXECUTION,NEW_INCREMENTAL_EXCLUDED,STRUCTURAL_EVIDENCE_INCOMPLETE,"[""MMCIF_EXACT_CYS_SG_STRUCT_CONN_NOT_RECOVERED""]",NOT_REACHED,false,OUTSIDE_STRUCTURAL_ELIGIBILITY,PUBLISHED_POST_ONLY_INELIGIBILITY:FEATURE_STAGE=NOT_REACHED;TERMINAL_OUTCOME=STRUCTURAL_EVIDENCE_INCOMPLETE,,,NEG_V1_TS_DUMP_CATALYTIC_ADDUCT_EXACT,NOT_EVALUATED_OUTSIDE_SUPPORTED_POST_ONLY_CANDIDATE,NOT_EVALUATED_OUTSIDE_SUPPORTED_POST_ONLY_CANDIDATE,NEG_V2_DTT_CRYSTALLIZATION_REDUCING_ADDUCT_EXACT,NOT_EVALUATED_OUTSIDE_SUPPORTED_POST_ONLY_CANDIDATE,NOT_EVALUATED_OUTSIDE_SUPPORTED_POST_ONLY_CANDIDATE,,STRUCTURAL_EVIDENCE_INCOMPLETE,BOUND_STRUCTURAL_EXECUTION_OUTCOME_RETAINED,NONE,false
343,COVAPIE_CYS_SG_EVENT_V1:2TOD:A:CYS:360-:SG:E:DMO:CO,2TOD,DMO,CO,NEW_INCREMENTAL_EXECUTION,NEW_INCREMENTAL_EXCLUDED,QUARANTINE_REPRESENTATION_GAP,"[""PRE_ONLY_ATOMS_CANNOT_BE_DROPPED_OR_GIVEN_COORDINATES""]",PASSED,false,BLOCKED_REPRESENTATION_GAP,PUBLISHED_POST_ONLY_INELIGIBILITY:FEATURE_STAGE=PASSED;TERMINAL_OUTCOME=QUARANTINE_REPRESENTATION_GAP,,,NEG_V1_TS_DUMP_CATALYTIC_ADDUCT_EXACT,NOT_EVALUATED_OUTSIDE_SUPPORTED_POST_ONLY_CANDIDATE,NOT_EVALUATED_OUTSIDE_SUPPORTED_POST_ONLY_CANDIDATE,NEG_V2_DTT_CRYSTALLIZATION_REDUCING_ADDUCT_EXACT,NOT_EVALUATED_OUTSIDE_SUPPORTED_POST_ONLY_CANDIDATE,NOT_EVALUATED_OUTSIDE_SUPPORTED_POST_ONLY_CANDIDATE,,QUARANTINE_REPRESENTATION_GAP,BOUND_STRUCTURAL_EXECUTION_OUTCOME_RETAINED,NONE,false
344,COVAPIE_CYS_SG_EVENT_V1:2TOD:B:CYS:360-:SG:H:DMO:CO,2TOD,DMO,CO,NEW_INCREMENTAL_EXECUTION,NEW_INCREMENTAL_EXCLUDED,QUARANTINE_REPRESENTATION_GAP,"[""PRE_ONLY_ATOMS_CANNOT_BE_DROPPED_OR_GIVEN_COORDINATES""]",PASSED,false,BLOCKED_REPRESENTATION_GAP,PUBLISHED_POST_ONLY_INELIGIBILITY:FEATURE_STAGE=PASSED;TERMINAL_OUTCOME=QUARANTINE_REPRESENTATION_GAP,,,NEG_V1_TS_DUMP_CATALYTIC_ADDUCT_EXACT,NOT_EVALUATED_OUTSIDE_SUPPORTED_POST_ONLY_CANDIDATE,NOT_EVALUATED_OUTSIDE_SUPPORTED_POST_ONLY_CANDIDATE,NEG_V2_DTT_CRYSTALLIZATION_REDUCING_ADDUCT_EXACT,NOT_EVALUATED_OUTSIDE_SUPPORTED_POST_ONLY_CANDIDATE,NOT_EVALUATED_OUTSIDE_SUPPORTED_POST_ONLY_CANDIDATE,,QUARANTINE_REPRESENTATION_GAP,BOUND_STRUCTURAL_EXECUTION_OUTCOME_RETAINED,NONE,false
345,COVAPIE_CYS_SG_EVENT_V1:2TOD:C:CYS:360-:SG:I:DMO:CO,2TOD,DMO,CO,NEW_INCREMENTAL_EXECUTION,NEW_INCREMENTAL_EXCLUDED,QUARANTINE_REPRESENTATION_GAP,"[""PRE_ONLY_ATOMS_CANNOT_BE_DROPPED_OR_GIVEN_COORDINATES""]",PASSED,false,BLOCKED_REPRESENTATION_GAP,PUBLISHED_POST_ONLY_INELIGIBILITY:FEATURE_STAGE=PASSED;TERMINAL_OUTCOME=QUARANTINE_REPRESENTATION_GAP,,,NEG_V1_TS_DUMP_CATALYTIC_ADDUCT_EXACT,NOT_EVALUATED_OUTSIDE_SUPPORTED_POST_ONLY_CANDIDATE,NOT_EVALUATED_OUTSIDE_SUPPORTED_POST_ONLY_CANDIDATE,NEG_V2_DTT_CRYSTALLIZATION_REDUCING_ADDUCT_EXACT,NOT_EVALUATED_OUTSIDE_SUPPORTED_POST_ONLY_CANDIDATE,NOT_EVALUATED_OUTSIDE_SUPPORTED_POST_ONLY_CANDIDATE,,QUARANTINE_REPRESENTATION_GAP,BOUND_STRUCTURAL_EXECUTION_OUTCOME_RETAINED,NONE,false
346,COVAPIE_CYS_SG_EVENT_V1:2TOD:D:CYS:360-:SG:L:DMO:CO,2TOD,DMO,CO,NEW_INCREMENTAL_EXECUTION,NEW_INCREMENTAL_EXCLUDED,QUARANTINE_REPRESENTATION_GAP,"[""PRE_ONLY_ATOMS_CANNOT_BE_DROPPED_OR_GIVEN_COORDINATES""]",PASSED,false,BLOCKED_REPRESENTATION_GAP,PUBLISHED_POST_ONLY_INELIGIBILITY:FEATURE_STAGE=PASSED;TERMINAL_OUTCOME=QUARANTINE_REPRESENTATION_GAP,,,NEG_V1_TS_DUMP_CATALYTIC_ADDUCT_EXACT,NOT_EVALUATED_OUTSIDE_SUPPORTED_POST_ONLY_CANDIDATE,NOT_EVALUATED_OUTSIDE_SUPPORTED_POST_ONLY_CANDIDATE,NEG_V2_DTT_CRYSTALLIZATION_REDUCING_ADDUCT_EXACT,NOT_EVALUATED_OUTSIDE_SUPPORTED_POST_ONLY_CANDIDATE,NOT_EVALUATED_OUTSIDE_SUPPORTED_POST_ONLY_CANDIDATE,,QUARANTINE_REPRESENTATION_GAP,BOUND_STRUCTURAL_EXECUTION_OUTCOME_RETAINED,NONE,false
347,COVAPIE_CYS_SG_EVENT_V1:2UZJ:A:CYS:47-:SG:C:E64:C2,2UZJ,E64,C2,NEW_INCREMENTAL_EXECUTION,NEW_INCREMENTAL_EXCLUDED,LEAKAGE_EXISTING_GROUP_CONFLICT,"[""LEAKAGE_EXISTING_GROUP_CONFLICT""]",PASSED,false,BLOCKED_EXISTING_GROUP_CONFLICT,PUBLISHED_POST_ONLY_INELIGIBILITY:FEATURE_STAGE=PASSED;TERMINAL_OUTCOME=LEAKAGE_EXISTING_GROUP_CONFLICT,,,NEG_V1_TS_DUMP_CATALYTIC_ADDUCT_EXACT,NOT_EVALUATED_OUTSIDE_SUPPORTED_POST_ONLY_CANDIDATE,NOT_EVALUATED_OUTSIDE_SUPPORTED_POST_ONLY_CANDIDATE,NEG_V2_DTT_CRYSTALLIZATION_REDUCING_ADDUCT_EXACT,NOT_EVALUATED_OUTSIDE_SUPPORTED_POST_ONLY_CANDIDATE,NOT_EVALUATED_OUTSIDE_SUPPORTED_POST_ONLY_CANDIDATE,,LEAKAGE_EXISTING_GROUP_CONFLICT,BOUND_STRUCTURAL_EXECUTION_OUTCOME_RETAINED,NONE,false
348,COVAPIE_CYS_SG_EVENT_V1:2UZJ:B:CYS:47-:SG:D:E64:C2,2UZJ,E64,C2,NEW_INCREMENTAL_EXECUTION,NEW_INCREMENTAL_EXCLUDED,LEAKAGE_EXISTING_GROUP_CONFLICT,"[""LEAKAGE_EXISTING_GROUP_CONFLICT""]",PASSED,false,BLOCKED_EXISTING_GROUP_CONFLICT,PUBLISHED_POST_ONLY_INELIGIBILITY:FEATURE_STAGE=PASSED;TERMINAL_OUTCOME=LEAKAGE_EXISTING_GROUP_CONFLICT,,,NEG_V1_TS_DUMP_CATALYTIC_ADDUCT_EXACT,NOT_EVALUATED_OUTSIDE_SUPPORTED_POST_ONLY_CANDIDATE,NOT_EVALUATED_OUTSIDE_SUPPORTED_POST_ONLY_CANDIDATE,NEG_V2_DTT_CRYSTALLIZATION_REDUCING_ADDUCT_EXACT,NOT_EVALUATED_OUTSIDE_SUPPORTED_POST_ONLY_CANDIDATE,NOT_EVALUATED_OUTSIDE_SUPPORTED_POST_ONLY_CANDIDATE,,LEAKAGE_EXISTING_GROUP_CONFLICT,BOUND_STRUCTURAL_EXECUTION_OUTCOME_RETAINED,NONE,false
349,COVAPIE_CYS_SG_EVENT_V1:2V6N:A:CYS:145-:SG:B:XP1:CAC,2V6N,XP1,CAC,NEW_INCREMENTAL_EXECUTION,NEW_INCREMENTAL_EXCLUDED,STRUCTURAL_EVIDENCE_INCOMPLETE,"[""MMCIF_EXACT_CYS_SG_STRUCT_CONN_NOT_RECOVERED""]",NOT_REACHED,false,OUTSIDE_STRUCTURAL_ELIGIBILITY,PUBLISHED_POST_ONLY_INELIGIBILITY:FEATURE_STAGE=NOT_REACHED;TERMINAL_OUTCOME=STRUCTURAL_EVIDENCE_INCOMPLETE,,,NEG_V1_TS_DUMP_CATALYTIC_ADDUCT_EXACT,NOT_EVALUATED_OUTSIDE_SUPPORTED_POST_ONLY_CANDIDATE,NOT_EVALUATED_OUTSIDE_SUPPORTED_POST_ONLY_CANDIDATE,NEG_V2_DTT_CRYSTALLIZATION_REDUCING_ADDUCT_EXACT,NOT_EVALUATED_OUTSIDE_SUPPORTED_POST_ONLY_CANDIDATE,NOT_EVALUATED_OUTSIDE_SUPPORTED_POST_ONLY_CANDIDATE,,STRUCTURAL_EVIDENCE_INCOMPLETE,BOUND_STRUCTURAL_EXECUTION_OUTCOME_RETAINED,NONE,false
350,COVAPIE_CYS_SG_EVENT_V1:2VJY:A:CYS:221-:SG:H:ALK:C2,2VJY,ALK,C2,NEW_INCREMENTAL_EXECUTION,NEW_INCREMENTAL_CANDIDATE,HUMAN_REVIEW_REQUIRED_PRE_CHEMISTRY,"[""PRE_CHEMISTRY_NOT_PRODUCTION_AUTHORITATIVE"",""NO_FAMILY_LEVEL_AUTO_ADMISSION""]",PASSED,true,POST_ONLY_V1_REVIEW_CANDIDATE,PUBLISHED_POST_ONLY_ELIGIBILITY:FEATURE_STAGE_PASSED_AND_HUMAN_REVIEW_REQUIRED_PRE_CHEMISTRY,COVAPIE_BULK_REVIEW_UNIT_5A97818B52C80D18,COVAPIE_BULK_REVIEW_UNIT_5A97818B52C80D18,NEG_V1_TS_DUMP_CATALYTIC_ADDUCT_EXACT,NOT_MATCHED,"PREDICATE_MISMATCH:exact_ccd_component_graph_sha256,exact_ligand_reactive_atom,exact_radius1_sha256,exact_radius2_sha256,exact_ts_family_accession_sequence_key",NEG_V2_DTT_CRYSTALLIZATION_REDUCING_ADDUCT_EXACT,NOT_MATCHED,"PREDICATE_MISMATCH:automorphism_derived_dtt_sulfur_endpoint,exact_1fvg_reagent_protein_context,exact_1fvg_source_structure_context,exact_dtt_component_graph_sha256,exact_dtt_component_identity,exact_ligand_reactive_element,exact_local_topology,exact_radius1_sha256,exact_radius2_sha256;UNAVAILABLE_OR_MALFORMED:exact_dtt_heavy_identity_and_charge[outcome.ccd_formal_charge_pattern:INVALID]",,HUMAN_REVIEW_REQUIRED,NO_SINGLE_EXACT_RULE_MATCHED_EVERY_EVENT;HUMAN_REVIEW_RETAINED,NO_NEW_HUMAN_AUTHORITY,false
351,COVAPIE_CYS_SG_EVENT_V1:2VJY:B:CYS:221-:SG:M:ALK:C2,2VJY,ALK,C2,NEW_INCREMENTAL_EXECUTION,NEW_INCREMENTAL_CANDIDATE,HUMAN_REVIEW_REQUIRED_PRE_CHEMISTRY,"[""PRE_CHEMISTRY_NOT_PRODUCTION_AUTHORITATIVE"",""NO_FAMILY_LEVEL_AUTO_ADMISSION""]",PASSED,true,POST_ONLY_V1_REVIEW_CANDIDATE,PUBLISHED_POST_ONLY_ELIGIBILITY:FEATURE_STAGE_PASSED_AND_HUMAN_REVIEW_REQUIRED_PRE_CHEMISTRY,COVAPIE_BULK_REVIEW_UNIT_5A97818B52C80D18,COVAPIE_BULK_REVIEW_UNIT_5A97818B52C80D18,NEG_V1_TS_DUMP_CATALYTIC_ADDUCT_EXACT,NOT_MATCHED,"PREDICATE_MISMATCH:exact_ccd_component_graph_sha256,exact_ligand_reactive_atom,exact_radius1_sha256,exact_radius2_sha256,exact_ts_family_accession_sequence_key",NEG_V2_DTT_CRYSTALLIZATION_REDUCING_ADDUCT_EXACT,NOT_MATCHED,"PREDICATE_MISMATCH:automorphism_derived_dtt_sulfur_endpoint,exact_1fvg_reagent_protein_context,exact_1fvg_source_structure_context,exact_dtt_component_graph_sha256,exact_dtt_component_identity,exact_ligand_reactive_element,exact_local_topology,exact_radius1_sha256,exact_radius2_sha256;UNAVAILABLE_OR_MALFORMED:exact_dtt_heavy_identity_and_charge[outcome.ccd_formal_charge_pattern:INVALID]",,HUMAN_REVIEW_REQUIRED,NO_SINGLE_EXACT_RULE_MATCHED_EVERY_EVENT;HUMAN_REVIEW_RETAINED,NO_NEW_HUMAN_AUTHORITY,false
352,COVAPIE_CYS_SG_EVENT_V1:2VJY:C:CYS:221-:SG:R:ALK:C2,2VJY,ALK,C2,NEW_INCREMENTAL_EXECUTION,NEW_INCREMENTAL_CANDIDATE,HUMAN_REVIEW_REQUIRED_PRE_CHEMISTRY,"[""PRE_CHEMISTRY_NOT_PRODUCTION_AUTHORITATIVE"",""NO_FAMILY_LEVEL_AUTO_ADMISSION""]",PASSED,true,POST_ONLY_V1_REVIEW_CANDIDATE,PUBLISHED_POST_ONLY_ELIGIBILITY:FEATURE_STAGE_PASSED_AND_HUMAN_REVIEW_REQUIRED_PRE_CHEMISTRY,COVAPIE_BULK_REVIEW_UNIT_5A97818B52C80D18,COVAPIE_BULK_REVIEW_UNIT_5A97818B52C80D18,NEG_V1_TS_DUMP_CATALYTIC_ADDUCT_EXACT,NOT_MATCHED,"PREDICATE_MISMATCH:exact_ccd_component_graph_sha256,exact_ligand_reactive_atom,exact_radius1_sha256,exact_radius2_sha256,exact_ts_family_accession_sequence_key",NEG_V2_DTT_CRYSTALLIZATION_REDUCING_ADDUCT_EXACT,NOT_MATCHED,"PREDICATE_MISMATCH:automorphism_derived_dtt_sulfur_endpoint,exact_1fvg_reagent_protein_context,exact_1fvg_source_structure_context,exact_dtt_component_graph_sha256,exact_dtt_component_identity,exact_ligand_reactive_element,exact_local_topology,exact_radius1_sha256,exact_radius2_sha256;UNAVAILABLE_OR_MALFORMED:exact_dtt_heavy_identity_and_charge[outcome.ccd_formal_charge_pattern:INVALID]",,HUMAN_REVIEW_REQUIRED,NO_SINGLE_EXACT_RULE_MATCHED_EVERY_EVENT;HUMAN_REVIEW_RETAINED,NO_NEW_HUMAN_AUTHORITY,false
353,COVAPIE_CYS_SG_EVENT_V1:2VJY:D:CYS:221-:SG:W:ALK:C2,2VJY,ALK,C2,NEW_INCREMENTAL_EXECUTION,NEW_INCREMENTAL_CANDIDATE,HUMAN_REVIEW_REQUIRED_PRE_CHEMISTRY,"[""PRE_CHEMISTRY_NOT_PRODUCTION_AUTHORITATIVE"",""NO_FAMILY_LEVEL_AUTO_ADMISSION""]",PASSED,true,POST_ONLY_V1_REVIEW_CANDIDATE,PUBLISHED_POST_ONLY_ELIGIBILITY:FEATURE_STAGE_PASSED_AND_HUMAN_REVIEW_REQUIRED_PRE_CHEMISTRY,COVAPIE_BULK_REVIEW_UNIT_5A97818B52C80D18,COVAPIE_BULK_REVIEW_UNIT_5A97818B52C80D18,NEG_V1_TS_DUMP_CATALYTIC_ADDUCT_EXACT,NOT_MATCHED,"PREDICATE_MISMATCH:exact_ccd_component_graph_sha256,exact_ligand_reactive_atom,exact_radius1_sha256,exact_radius2_sha256,exact_ts_family_accession_sequence_key",NEG_V2_DTT_CRYSTALLIZATION_REDUCING_ADDUCT_EXACT,NOT_MATCHED,"PREDICATE_MISMATCH:automorphism_derived_dtt_sulfur_endpoint,exact_1fvg_reagent_protein_context,exact_1fvg_source_structure_context,exact_dtt_component_graph_sha256,exact_dtt_component_identity,exact_ligand_reactive_element,exact_local_topology,exact_radius1_sha256,exact_radius2_sha256;UNAVAILABLE_OR_MALFORMED:exact_dtt_heavy_identity_and_charge[outcome.ccd_formal_charge_pattern:INVALID]",,HUMAN_REVIEW_REQUIRED,NO_SINGLE_EXACT_RULE_MATCHED_EVERY_EVENT;HUMAN_REVIEW_RETAINED,NO_NEW_HUMAN_AUTHORITY,false
354,COVAPIE_CYS_SG_EVENT_V1:2VV4:A:CYS:285-:SG:C:6OC:C8,2VV4,6OC,C8,NEW_INCREMENTAL_EXECUTION,NEW_INCREMENTAL_EXCLUDED,QUARANTINE_REPRESENTATION_GAP,"[""PRE_ONLY_ATOMS_CANNOT_BE_DROPPED_OR_GIVEN_COORDINATES""]",PASSED,false,BLOCKED_REPRESENTATION_GAP,PUBLISHED_POST_ONLY_INELIGIBILITY:FEATURE_STAGE=PASSED;TERMINAL_OUTCOME=QUARANTINE_REPRESENTATION_GAP,,,NEG_V1_TS_DUMP_CATALYTIC_ADDUCT_EXACT,NOT_EVALUATED_OUTSIDE_SUPPORTED_POST_ONLY_CANDIDATE,NOT_EVALUATED_OUTSIDE_SUPPORTED_POST_ONLY_CANDIDATE,NEG_V2_DTT_CRYSTALLIZATION_REDUCING_ADDUCT_EXACT,NOT_EVALUATED_OUTSIDE_SUPPORTED_POST_ONLY_CANDIDATE,NOT_EVALUATED_OUTSIDE_SUPPORTED_POST_ONLY_CANDIDATE,,QUARANTINE_REPRESENTATION_GAP,BOUND_STRUCTURAL_EXECUTION_OUTCOME_RETAINED,NONE,false
355,COVAPIE_CYS_SG_EVENT_V1:2VV4:B:CYS:285-:SG:D:6OB:C10,2VV4,6OB,C10,NEW_INCREMENTAL_EXECUTION,NEW_INCREMENTAL_EXCLUDED,QUARANTINE_REPRESENTATION_GAP,"[""PRE_ONLY_ATOMS_CANNOT_BE_DROPPED_OR_GIVEN_COORDINATES""]",PASSED,false,BLOCKED_REPRESENTATION_GAP,PUBLISHED_POST_ONLY_INELIGIBILITY:FEATURE_STAGE=PASSED;TERMINAL_OUTCOME=QUARANTINE_REPRESENTATION_GAP,,,NEG_V1_TS_DUMP_CATALYTIC_ADDUCT_EXACT,NOT_EVALUATED_OUTSIDE_SUPPORTED_POST_ONLY_CANDIDATE,NOT_EVALUATED_OUTSIDE_SUPPORTED_POST_ONLY_CANDIDATE,NEG_V2_DTT_CRYSTALLIZATION_REDUCING_ADDUCT_EXACT,NOT_EVALUATED_OUTSIDE_SUPPORTED_POST_ONLY_CANDIDATE,NOT_EVALUATED_OUTSIDE_SUPPORTED_POST_ONLY_CANDIDATE,,QUARANTINE_REPRESENTATION_GAP,BOUND_STRUCTURAL_EXECUTION_OUTCOME_RETAINED,NONE,false
356,COVAPIE_CYS_SG_EVENT_V1:2W93:B:CYS:221-:SG:L:PY0:C2,2W93,PY0,C2,NEW_INCREMENTAL_EXECUTION,NEW_INCREMENTAL_CANDIDATE,HUMAN_REVIEW_REQUIRED_PRE_CHEMISTRY,"[""PRE_CHEMISTRY_NOT_PRODUCTION_AUTHORITATIVE"",""NO_FAMILY_LEVEL_AUTO_ADMISSION""]",PASSED,true,POST_ONLY_V1_REVIEW_CANDIDATE,PUBLISHED_POST_ONLY_ELIGIBILITY:FEATURE_STAGE_PASSED_AND_HUMAN_REVIEW_REQUIRED_PRE_CHEMISTRY,COVAPIE_BULK_REVIEW_UNIT_EA929B6D5C86E86B,COVAPIE_BULK_REVIEW_UNIT_EA929B6D5C86E86B,NEG_V1_TS_DUMP_CATALYTIC_ADDUCT_EXACT,NOT_MATCHED,"PREDICATE_MISMATCH:exact_ccd_component_graph_sha256,exact_ligand_reactive_atom,exact_radius1_sha256,exact_radius2_sha256,exact_ts_family_accession_sequence_key",NEG_V2_DTT_CRYSTALLIZATION_REDUCING_ADDUCT_EXACT,NOT_MATCHED,"PREDICATE_MISMATCH:automorphism_derived_dtt_sulfur_endpoint,exact_1fvg_reagent_protein_context,exact_1fvg_source_structure_context,exact_dtt_component_graph_sha256,exact_dtt_component_identity,exact_ligand_reactive_element,exact_local_topology,exact_radius1_sha256,exact_radius2_sha256;UNAVAILABLE_OR_MALFORMED:exact_dtt_heavy_identity_and_charge[outcome.ccd_formal_charge_pattern:INVALID]",,HUMAN_REVIEW_REQUIRED,NO_SINGLE_EXACT_RULE_MATCHED_EVERY_EVENT;HUMAN_REVIEW_RETAINED,NO_NEW_HUMAN_AUTHORITY,false
357,COVAPIE_CYS_SG_EVENT_V1:2W93:C:CYS:221-:SG:P:PY0:C2,2W93,PY0,C2,NEW_INCREMENTAL_EXECUTION,NEW_INCREMENTAL_CANDIDATE,HUMAN_REVIEW_REQUIRED_PRE_CHEMISTRY,"[""PRE_CHEMISTRY_NOT_PRODUCTION_AUTHORITATIVE"",""NO_FAMILY_LEVEL_AUTO_ADMISSION""]",PASSED,true,POST_ONLY_V1_REVIEW_CANDIDATE,PUBLISHED_POST_ONLY_ELIGIBILITY:FEATURE_STAGE_PASSED_AND_HUMAN_REVIEW_REQUIRED_PRE_CHEMISTRY,COVAPIE_BULK_REVIEW_UNIT_EA929B6D5C86E86B,COVAPIE_BULK_REVIEW_UNIT_EA929B6D5C86E86B,NEG_V1_TS_DUMP_CATALYTIC_ADDUCT_EXACT,NOT_MATCHED,"PREDICATE_MISMATCH:exact_ccd_component_graph_sha256,exact_ligand_reactive_atom,exact_radius1_sha256,exact_radius2_sha256,exact_ts_family_accession_sequence_key",NEG_V2_DTT_CRYSTALLIZATION_REDUCING_ADDUCT_EXACT,NOT_MATCHED,"PREDICATE_MISMATCH:automorphism_derived_dtt_sulfur_endpoint,exact_1fvg_reagent_protein_context,exact_1fvg_source_structure_context,exact_dtt_component_graph_sha256,exact_dtt_component_identity,exact_ligand_reactive_element,exact_local_topology,exact_radius1_sha256,exact_radius2_sha256;UNAVAILABLE_OR_MALFORMED:exact_dtt_heavy_identity_and_charge[outcome.ccd_formal_charge_pattern:INVALID]",,HUMAN_REVIEW_REQUIRED,NO_SINGLE_EXACT_RULE_MATCHED_EVERY_EVENT;HUMAN_REVIEW_RETAINED,NO_NEW_HUMAN_AUTHORITY,false
358,COVAPIE_CYS_SG_EVENT_V1:2W93:D:CYS:221-:SG:T:PY0:C2,2W93,PY0,C2,NEW_INCREMENTAL_EXECUTION,NEW_INCREMENTAL_CANDIDATE,HUMAN_REVIEW_REQUIRED_PRE_CHEMISTRY,"[""PRE_CHEMISTRY_NOT_PRODUCTION_AUTHORITATIVE"",""NO_FAMILY_LEVEL_AUTO_ADMISSION""]",PASSED,true,POST_ONLY_V1_REVIEW_CANDIDATE,PUBLISHED_POST_ONLY_ELIGIBILITY:FEATURE_STAGE_PASSED_AND_HUMAN_REVIEW_REQUIRED_PRE_CHEMISTRY,COVAPIE_BULK_REVIEW_UNIT_EA929B6D5C86E86B,COVAPIE_BULK_REVIEW_UNIT_EA929B6D5C86E86B,NEG_V1_TS_DUMP_CATALYTIC_ADDUCT_EXACT,NOT_MATCHED,"PREDICATE_MISMATCH:exact_ccd_component_graph_sha256,exact_ligand_reactive_atom,exact_radius1_sha256,exact_radius2_sha256,exact_ts_family_accession_sequence_key",NEG_V2_DTT_CRYSTALLIZATION_REDUCING_ADDUCT_EXACT,NOT_MATCHED,"PREDICATE_MISMATCH:automorphism_derived_dtt_sulfur_endpoint,exact_1fvg_reagent_protein_context,exact_1fvg_source_structure_context,exact_dtt_component_graph_sha256,exact_dtt_component_identity,exact_ligand_reactive_element,exact_local_topology,exact_radius1_sha256,exact_radius2_sha256;UNAVAILABLE_OR_MALFORMED:exact_dtt_heavy_identity_and_charge[outcome.ccd_formal_charge_pattern:INVALID]",,HUMAN_REVIEW_REQUIRED,NO_SINGLE_EXACT_RULE_MATCHED_EVERY_EVENT;HUMAN_REVIEW_RETAINED,NO_NEW_HUMAN_AUTHORITY,false
359,COVAPIE_CYS_SG_EVENT_V1:2WVP:A:CYS:209-:SG:B:420:C1,2WVP,420,C1,NEW_INCREMENTAL_EXECUTION,NEW_INCREMENTAL_EXCLUDED,QUARANTINE_REPRESENTATION_GAP,"[""PRE_ONLY_ATOMS_CANNOT_BE_DROPPED_OR_GIVEN_COORDINATES""]",PASSED,false,BLOCKED_REPRESENTATION_GAP,PUBLISHED_POST_ONLY_INELIGIBILITY:FEATURE_STAGE=PASSED;TERMINAL_OUTCOME=QUARANTINE_REPRESENTATION_GAP,,,NEG_V1_TS_DUMP_CATALYTIC_ADDUCT_EXACT,NOT_EVALUATED_OUTSIDE_SUPPORTED_POST_ONLY_CANDIDATE,NOT_EVALUATED_OUTSIDE_SUPPORTED_POST_ONLY_CANDIDATE,NEG_V2_DTT_CRYSTALLIZATION_REDUCING_ADDUCT_EXACT,NOT_EVALUATED_OUTSIDE_SUPPORTED_POST_ONLY_CANDIDATE,NOT_EVALUATED_OUTSIDE_SUPPORTED_POST_ONLY_CANDIDATE,,QUARANTINE_REPRESENTATION_GAP,BOUND_STRUCTURAL_EXECUTION_OUTCOME_RETAINED,NONE,false
360,COVAPIE_CYS_SG_EVENT_V1:2XLQ:A:CYS:215-:SG:E:34H:C2,2XLQ,34H,C2,NEW_INCREMENTAL_EXECUTION,NEW_INCREMENTAL_EXCLUDED,STRUCTURAL_EVIDENCE_INCOMPLETE,"[""MMCIF_EXACT_CYS_SG_STRUCT_CONN_NOT_RECOVERED""]",NOT_REACHED,false,OUTSIDE_STRUCTURAL_ELIGIBILITY,PUBLISHED_POST_ONLY_INELIGIBILITY:FEATURE_STAGE=NOT_REACHED;TERMINAL_OUTCOME=STRUCTURAL_EVIDENCE_INCOMPLETE,,,NEG_V1_TS_DUMP_CATALYTIC_ADDUCT_EXACT,NOT_EVALUATED_OUTSIDE_SUPPORTED_POST_ONLY_CANDIDATE,NOT_EVALUATED_OUTSIDE_SUPPORTED_POST_ONLY_CANDIDATE,NEG_V2_DTT_CRYSTALLIZATION_REDUCING_ADDUCT_EXACT,NOT_EVALUATED_OUTSIDE_SUPPORTED_POST_ONLY_CANDIDATE,NOT_EVALUATED_OUTSIDE_SUPPORTED_POST_ONLY_CANDIDATE,,STRUCTURAL_EVIDENCE_INCOMPLETE,BOUND_STRUCTURAL_EXECUTION_OUTCOME_RETAINED,NONE,false
361,COVAPIE_CYS_SG_EVENT_V1:2XM7:A:CYS:215-:SG:B:34H:C2,2XM7,34H,C2,NEW_INCREMENTAL_EXECUTION,NEW_INCREMENTAL_EXCLUDED,STRUCTURAL_EVIDENCE_INCOMPLETE,"[""MMCIF_EXACT_CYS_SG_STRUCT_CONN_NOT_RECOVERED""]",NOT_REACHED,false,OUTSIDE_STRUCTURAL_ELIGIBILITY,PUBLISHED_POST_ONLY_INELIGIBILITY:FEATURE_STAGE=NOT_REACHED;TERMINAL_OUTCOME=STRUCTURAL_EVIDENCE_INCOMPLETE,,,NEG_V1_TS_DUMP_CATALYTIC_ADDUCT_EXACT,NOT_EVALUATED_OUTSIDE_SUPPORTED_POST_ONLY_CANDIDATE,NOT_EVALUATED_OUTSIDE_SUPPORTED_POST_ONLY_CANDIDATE,NEG_V2_DTT_CRYSTALLIZATION_REDUCING_ADDUCT_EXACT,NOT_EVALUATED_OUTSIDE_SUPPORTED_POST_ONLY_CANDIDATE,NOT_EVALUATED_OUTSIDE_SUPPORTED_POST_ONLY_CANDIDATE,,STRUCTURAL_EVIDENCE_INCOMPLETE,BOUND_STRUCTURAL_EXECUTION_OUTCOME_RETAINED,NONE,false
362,COVAPIE_CYS_SG_EVENT_V1:2XU1:A:CYS:25-:SG:E:424:C15,2XU1,424,C15,NEW_INCREMENTAL_EXECUTION,NEW_INCREMENTAL_EXCLUDED,LEAKAGE_EXISTING_GROUP_CONFLICT,"[""LEAKAGE_EXISTING_GROUP_CONFLICT""]",PASSED,false,BLOCKED_EXISTING_GROUP_CONFLICT,PUBLISHED_POST_ONLY_INELIGIBILITY:FEATURE_STAGE=PASSED;TERMINAL_OUTCOME=LEAKAGE_EXISTING_GROUP_CONFLICT,,,NEG_V1_TS_DUMP_CATALYTIC_ADDUCT_EXACT,NOT_EVALUATED_OUTSIDE_SUPPORTED_POST_ONLY_CANDIDATE,NOT_EVALUATED_OUTSIDE_SUPPORTED_POST_ONLY_CANDIDATE,NEG_V2_DTT_CRYSTALLIZATION_REDUCING_ADDUCT_EXACT,NOT_EVALUATED_OUTSIDE_SUPPORTED_POST_ONLY_CANDIDATE,NOT_EVALUATED_OUTSIDE_SUPPORTED_POST_ONLY_CANDIDATE,,LEAKAGE_EXISTING_GROUP_CONFLICT,BOUND_STRUCTURAL_EXECUTION_OUTCOME_RETAINED,NONE,false
363,COVAPIE_CYS_SG_EVENT_V1:2XU1:B:CYS:25-:SG:F:424:C15,2XU1,424,C15,NEW_INCREMENTAL_EXECUTION,NEW_INCREMENTAL_EXCLUDED,LEAKAGE_EXISTING_GROUP_CONFLICT,"[""LEAKAGE_EXISTING_GROUP_CONFLICT""]",PASSED,false,BLOCKED_EXISTING_GROUP_CONFLICT,PUBLISHED_POST_ONLY_INELIGIBILITY:FEATURE_STAGE=PASSED;TERMINAL_OUTCOME=LEAKAGE_EXISTING_GROUP_CONFLICT,,,NEG_V1_TS_DUMP_CATALYTIC_ADDUCT_EXACT,NOT_EVALUATED_OUTSIDE_SUPPORTED_POST_ONLY_CANDIDATE,NOT_EVALUATED_OUTSIDE_SUPPORTED_POST_ONLY_CANDIDATE,NEG_V2_DTT_CRYSTALLIZATION_REDUCING_ADDUCT_EXACT,NOT_EVALUATED_OUTSIDE_SUPPORTED_POST_ONLY_CANDIDATE,NOT_EVALUATED_OUTSIDE_SUPPORTED_POST_ONLY_CANDIDATE,,LEAKAGE_EXISTING_GROUP_CONFLICT,BOUND_STRUCTURAL_EXECUTION_OUTCOME_RETAINED,NONE,false
364,COVAPIE_CYS_SG_EVENT_V1:2XU1:C:CYS:25-:SG:G:424:C15,2XU1,424,C15,NEW_INCREMENTAL_EXECUTION,NEW_INCREMENTAL_EXCLUDED,LEAKAGE_EXISTING_GROUP_CONFLICT,"[""LEAKAGE_EXISTING_GROUP_CONFLICT""]",PASSED,false,BLOCKED_EXISTING_GROUP_CONFLICT,PUBLISHED_POST_ONLY_INELIGIBILITY:FEATURE_STAGE=PASSED;TERMINAL_OUTCOME=LEAKAGE_EXISTING_GROUP_CONFLICT,,,NEG_V1_TS_DUMP_CATALYTIC_ADDUCT_EXACT,NOT_EVALUATED_OUTSIDE_SUPPORTED_POST_ONLY_CANDIDATE,NOT_EVALUATED_OUTSIDE_SUPPORTED_POST_ONLY_CANDIDATE,NEG_V2_DTT_CRYSTALLIZATION_REDUCING_ADDUCT_EXACT,NOT_EVALUATED_OUTSIDE_SUPPORTED_POST_ONLY_CANDIDATE,NOT_EVALUATED_OUTSIDE_SUPPORTED_POST_ONLY_CANDIDATE,,LEAKAGE_EXISTING_GROUP_CONFLICT,BOUND_STRUCTURAL_EXECUTION_OUTCOME_RETAINED,NONE,false
365,COVAPIE_CYS_SG_EVENT_V1:2XU1:D:CYS:25-:SG:H:424:C15,2XU1,424,C15,NEW_INCREMENTAL_EXECUTION,NEW_INCREMENTAL_EXCLUDED,LEAKAGE_EXISTING_GROUP_CONFLICT,"[""LEAKAGE_EXISTING_GROUP_CONFLICT""]",PASSED,false,BLOCKED_EXISTING_GROUP_CONFLICT,PUBLISHED_POST_ONLY_INELIGIBILITY:FEATURE_STAGE=PASSED;TERMINAL_OUTCOME=LEAKAGE_EXISTING_GROUP_CONFLICT,,,NEG_V1_TS_DUMP_CATALYTIC_ADDUCT_EXACT,NOT_EVALUATED_OUTSIDE_SUPPORTED_POST_ONLY_CANDIDATE,NOT_EVALUATED_OUTSIDE_SUPPORTED_POST_ONLY_CANDIDATE,NEG_V2_DTT_CRYSTALLIZATION_REDUCING_ADDUCT_EXACT,NOT_EVALUATED_OUTSIDE_SUPPORTED_POST_ONLY_CANDIDATE,NOT_EVALUATED_OUTSIDE_SUPPORTED_POST_ONLY_CANDIDATE,,LEAKAGE_EXISTING_GROUP_CONFLICT,BOUND_STRUCTURAL_EXECUTION_OUTCOME_RETAINED,NONE,false
366,COVAPIE_CYS_SG_EVENT_V1:2XU3:A:CYS:25-:SG:B:XU3:C19,2XU3,XU3,C19,NEW_INCREMENTAL_EXECUTION,NEW_INCREMENTAL_EXCLUDED,LEAKAGE_EXISTING_GROUP_CONFLICT,"[""LEAKAGE_EXISTING_GROUP_CONFLICT""]",PASSED,false,BLOCKED_EXISTING_GROUP_CONFLICT,PUBLISHED_POST_ONLY_INELIGIBILITY:FEATURE_STAGE=PASSED;TERMINAL_OUTCOME=LEAKAGE_EXISTING_GROUP_CONFLICT,,,NEG_V1_TS_DUMP_CATALYTIC_ADDUCT_EXACT,NOT_EVALUATED_OUTSIDE_SUPPORTED_POST_ONLY_CANDIDATE,NOT_EVALUATED_OUTSIDE_SUPPORTED_POST_ONLY_CANDIDATE,NEG_V2_DTT_CRYSTALLIZATION_REDUCING_ADDUCT_EXACT,NOT_EVALUATED_OUTSIDE_SUPPORTED_POST_ONLY_CANDIDATE,NOT_EVALUATED_OUTSIDE_SUPPORTED_POST_ONLY_CANDIDATE,,LEAKAGE_EXISTING_GROUP_CONFLICT,BOUND_STRUCTURAL_EXECUTION_OUTCOME_RETAINED,NONE,false
367,COVAPIE_CYS_SG_EVENT_V1:2XU4:A:CYS:25-:SG:B:DJT:C5,2XU4,DJT,C5,NEW_INCREMENTAL_EXECUTION,NEW_INCREMENTAL_EXCLUDED,LEAKAGE_EXISTING_GROUP_CONFLICT,"[""LEAKAGE_EXISTING_GROUP_CONFLICT""]",PASSED,false,BLOCKED_EXISTING_GROUP_CONFLICT,PUBLISHED_POST_ONLY_INELIGIBILITY:FEATURE_STAGE=PASSED;TERMINAL_OUTCOME=LEAKAGE_EXISTING_GROUP_CONFLICT,,,NEG_V1_TS_DUMP_CATALYTIC_ADDUCT_EXACT,NOT_EVALUATED_OUTSIDE_SUPPORTED_POST_ONLY_CANDIDATE,NOT_EVALUATED_OUTSIDE_SUPPORTED_POST_ONLY_CANDIDATE,NEG_V2_DTT_CRYSTALLIZATION_REDUCING_ADDUCT_EXACT,NOT_EVALUATED_OUTSIDE_SUPPORTED_POST_ONLY_CANDIDATE,NOT_EVALUATED_OUTSIDE_SUPPORTED_POST_ONLY_CANDIDATE,,LEAKAGE_EXISTING_GROUP_CONFLICT,BOUND_STRUCTURAL_EXECUTION_OUTCOME_RETAINED,NONE,false
368,COVAPIE_CYS_SG_EVENT_V1:2XU5:A:CYS:25-:SG:B:XU5:C5,2XU5,XU5,C5,NEW_INCREMENTAL_EXECUTION,NEW_INCREMENTAL_EXCLUDED,LEAKAGE_EXISTING_GROUP_CONFLICT,"[""LEAKAGE_EXISTING_GROUP_CONFLICT""]",PASSED,false,BLOCKED_EXISTING_GROUP_CONFLICT,PUBLISHED_POST_ONLY_INELIGIBILITY:FEATURE_STAGE=PASSED;TERMINAL_OUTCOME=LEAKAGE_EXISTING_GROUP_CONFLICT,,,NEG_V1_TS_DUMP_CATALYTIC_ADDUCT_EXACT,NOT_EVALUATED_OUTSIDE_SUPPORTED_POST_ONLY_CANDIDATE,NOT_EVALUATED_OUTSIDE_SUPPORTED_POST_ONLY_CANDIDATE,NEG_V2_DTT_CRYSTALLIZATION_REDUCING_ADDUCT_EXACT,NOT_EVALUATED_OUTSIDE_SUPPORTED_POST_ONLY_CANDIDATE,NOT_EVALUATED_OUTSIDE_SUPPORTED_POST_ONLY_CANDIDATE,,LEAKAGE_EXISTING_GROUP_CONFLICT,BOUND_STRUCTURAL_EXECUTION_OUTCOME_RETAINED,NONE,false
369,COVAPIE_CYS_SG_EVENT_V1:2XYG:A:CYS:163-:SG:C:TQ8:C22,2XYG,TQ8,C22,NEW_INCREMENTAL_EXECUTION,NEW_INCREMENTAL_EXCLUDED,STRUCTURAL_EVIDENCE_INCOMPLETE,"[""MMCIF_EXACT_CYS_SG_STRUCT_CONN_NOT_RECOVERED""]",NOT_REACHED,false,OUTSIDE_STRUCTURAL_ELIGIBILITY,PUBLISHED_POST_ONLY_INELIGIBILITY:FEATURE_STAGE=NOT_REACHED;TERMINAL_OUTCOME=STRUCTURAL_EVIDENCE_INCOMPLETE,,,NEG_V1_TS_DUMP_CATALYTIC_ADDUCT_EXACT,NOT_EVALUATED_OUTSIDE_SUPPORTED_POST_ONLY_CANDIDATE,NOT_EVALUATED_OUTSIDE_SUPPORTED_POST_ONLY_CANDIDATE,NEG_V2_DTT_CRYSTALLIZATION_REDUCING_ADDUCT_EXACT,NOT_EVALUATED_OUTSIDE_SUPPORTED_POST_ONLY_CANDIDATE,NOT_EVALUATED_OUTSIDE_SUPPORTED_POST_ONLY_CANDIDATE,,STRUCTURAL_EVIDENCE_INCOMPLETE,BOUND_STRUCTURAL_EXECUTION_OUTCOME_RETAINED,NONE,false
370,COVAPIE_CYS_SG_EVENT_V1:2XYH:A:CYS:163-:SG:C:TQ9:C91,2XYH,TQ9,C91,NEW_INCREMENTAL_EXECUTION,NEW_INCREMENTAL_EXCLUDED,STRUCTURAL_EVIDENCE_INCOMPLETE,"[""MMCIF_EXACT_CYS_SG_STRUCT_CONN_NOT_RECOVERED""]",NOT_REACHED,false,OUTSIDE_STRUCTURAL_ELIGIBILITY,PUBLISHED_POST_ONLY_INELIGIBILITY:FEATURE_STAGE=NOT_REACHED;TERMINAL_OUTCOME=STRUCTURAL_EVIDENCE_INCOMPLETE,,,NEG_V1_TS_DUMP_CATALYTIC_ADDUCT_EXACT,NOT_EVALUATED_OUTSIDE_SUPPORTED_POST_ONLY_CANDIDATE,NOT_EVALUATED_OUTSIDE_SUPPORTED_POST_ONLY_CANDIDATE,NEG_V2_DTT_CRYSTALLIZATION_REDUCING_ADDUCT_EXACT,NOT_EVALUATED_OUTSIDE_SUPPORTED_POST_ONLY_CANDIDATE,NOT_EVALUATED_OUTSIDE_SUPPORTED_POST_ONLY_CANDIDATE,,STRUCTURAL_EVIDENCE_INCOMPLETE,BOUND_STRUCTURAL_EXECUTION_OUTCOME_RETAINED,NONE,false
371,COVAPIE_CYS_SG_EVENT_V1:2XZ6:A:CYS:53-:SG:K:ETM:SD,2XZ6,ETM,SD,NEW_INCREMENTAL_EXECUTION,NEW_INCREMENTAL_EXCLUDED,LEAKAGE_EXISTING_GROUP_CONFLICT,"[""LEAKAGE_EXISTING_GROUP_CONFLICT""]",PASSED,false,BLOCKED_EXISTING_GROUP_CONFLICT,PUBLISHED_POST_ONLY_INELIGIBILITY:FEATURE_STAGE=PASSED;TERMINAL_OUTCOME=LEAKAGE_EXISTING_GROUP_CONFLICT,,,NEG_V1_TS_DUMP_CATALYTIC_ADDUCT_EXACT,NOT_EVALUATED_OUTSIDE_SUPPORTED_POST_ONLY_CANDIDATE,NOT_EVALUATED_OUTSIDE_SUPPORTED_POST_ONLY_CANDIDATE,NEG_V2_DTT_CRYSTALLIZATION_REDUCING_ADDUCT_EXACT,NOT_EVALUATED_OUTSIDE_SUPPORTED_POST_ONLY_CANDIDATE,NOT_EVALUATED_OUTSIDE_SUPPORTED_POST_ONLY_CANDIDATE,,LEAKAGE_EXISTING_GROUP_CONFLICT,BOUND_STRUCTURAL_EXECUTION_OUTCOME_RETAINED,NONE,false
372,COVAPIE_CYS_SG_EVENT_V1:2XZ6:B:CYS:53-:SG:L:ETM:SD,2XZ6,ETM,SD,NEW_INCREMENTAL_EXECUTION,NEW_INCREMENTAL_EXCLUDED,LEAKAGE_EXISTING_GROUP_CONFLICT,"[""LEAKAGE_EXISTING_GROUP_CONFLICT""]",PASSED,false,BLOCKED_EXISTING_GROUP_CONFLICT,PUBLISHED_POST_ONLY_INELIGIBILITY:FEATURE_STAGE=PASSED;TERMINAL_OUTCOME=LEAKAGE_EXISTING_GROUP_CONFLICT,,,NEG_V1_TS_DUMP_CATALYTIC_ADDUCT_EXACT,NOT_EVALUATED_OUTSIDE_SUPPORTED_POST_ONLY_CANDIDATE,NOT_EVALUATED_OUTSIDE_SUPPORTED_POST_ONLY_CANDIDATE,NEG_V2_DTT_CRYSTALLIZATION_REDUCING_ADDUCT_EXACT,NOT_EVALUATED_OUTSIDE_SUPPORTED_POST_ONLY_CANDIDATE,NOT_EVALUATED_OUTSIDE_SUPPORTED_POST_ONLY_CANDIDATE,,LEAKAGE_EXISTING_GROUP_CONFLICT,BOUND_STRUCTURAL_EXECUTION_OUTCOME_RETAINED,NONE,false
373,COVAPIE_CYS_SG_EVENT_V1:2XZ6:C:CYS:53-:SG:M:ETM:SD,2XZ6,ETM,SD,NEW_INCREMENTAL_EXECUTION,NEW_INCREMENTAL_EXCLUDED,LEAKAGE_EXISTING_GROUP_CONFLICT,"[""LEAKAGE_EXISTING_GROUP_CONFLICT""]",PASSED,false,BLOCKED_EXISTING_GROUP_CONFLICT,PUBLISHED_POST_ONLY_INELIGIBILITY:FEATURE_STAGE=PASSED;TERMINAL_OUTCOME=LEAKAGE_EXISTING_GROUP_CONFLICT,,,NEG_V1_TS_DUMP_CATALYTIC_ADDUCT_EXACT,NOT_EVALUATED_OUTSIDE_SUPPORTED_POST_ONLY_CANDIDATE,NOT_EVALUATED_OUTSIDE_SUPPORTED_POST_ONLY_CANDIDATE,NEG_V2_DTT_CRYSTALLIZATION_REDUCING_ADDUCT_EXACT,NOT_EVALUATED_OUTSIDE_SUPPORTED_POST_ONLY_CANDIDATE,NOT_EVALUATED_OUTSIDE_SUPPORTED_POST_ONLY_CANDIDATE,,LEAKAGE_EXISTING_GROUP_CONFLICT,BOUND_STRUCTURAL_EXECUTION_OUTCOME_RETAINED,NONE,false
374,COVAPIE_CYS_SG_EVENT_V1:2XZ6:D:CYS:53-:SG:N:ETM:SD,2XZ6,ETM,SD,NEW_INCREMENTAL_EXECUTION,NEW_INCREMENTAL_EXCLUDED,LEAKAGE_EXISTING_GROUP_CONFLICT,"[""LEAKAGE_EXISTING_GROUP_CONFLICT""]",PASSED,false,BLOCKED_EXISTING_GROUP_CONFLICT,PUBLISHED_POST_ONLY_INELIGIBILITY:FEATURE_STAGE=PASSED;TERMINAL_OUTCOME=LEAKAGE_EXISTING_GROUP_CONFLICT,,,NEG_V1_TS_DUMP_CATALYTIC_ADDUCT_EXACT,NOT_EVALUATED_OUTSIDE_SUPPORTED_POST_ONLY_CANDIDATE,NOT_EVALUATED_OUTSIDE_SUPPORTED_POST_ONLY_CANDIDATE,NEG_V2_DTT_CRYSTALLIZATION_REDUCING_ADDUCT_EXACT,NOT_EVALUATED_OUTSIDE_SUPPORTED_POST_ONLY_CANDIDATE,NOT_EVALUATED_OUTSIDE_SUPPORTED_POST_ONLY_CANDIDATE,,LEAKAGE_EXISTING_GROUP_CONFLICT,BOUND_STRUCTURAL_EXECUTION_OUTCOME_RETAINED,NONE,false
375,COVAPIE_CYS_SG_EVENT_V1:2XZ6:E:CYS:53-:SG:O:ETM:SD,2XZ6,ETM,SD,NEW_INCREMENTAL_EXECUTION,NEW_INCREMENTAL_EXCLUDED,LEAKAGE_EXISTING_GROUP_CONFLICT,"[""LEAKAGE_EXISTING_GROUP_CONFLICT""]",PASSED,false,BLOCKED_EXISTING_GROUP_CONFLICT,PUBLISHED_POST_ONLY_INELIGIBILITY:FEATURE_STAGE=PASSED;TERMINAL_OUTCOME=LEAKAGE_EXISTING_GROUP_CONFLICT,,,NEG_V1_TS_DUMP_CATALYTIC_ADDUCT_EXACT,NOT_EVALUATED_OUTSIDE_SUPPORTED_POST_ONLY_CANDIDATE,NOT_EVALUATED_OUTSIDE_SUPPORTED_POST_ONLY_CANDIDATE,NEG_V2_DTT_CRYSTALLIZATION_REDUCING_ADDUCT_EXACT,NOT_EVALUATED_OUTSIDE_SUPPORTED_POST_ONLY_CANDIDATE,NOT_EVALUATED_OUTSIDE_SUPPORTED_POST_ONLY_CANDIDATE,,LEAKAGE_EXISTING_GROUP_CONFLICT,BOUND_STRUCTURAL_EXECUTION_OUTCOME_RETAINED,NONE,false
376,COVAPIE_CYS_SG_EVENT_V1:2XZ6:F:CYS:53-:SG:P:ETM:SD,2XZ6,ETM,SD,NEW_INCREMENTAL_EXECUTION,NEW_INCREMENTAL_EXCLUDED,LEAKAGE_EXISTING_GROUP_CONFLICT,"[""LEAKAGE_EXISTING_GROUP_CONFLICT""]",PASSED,false,BLOCKED_EXISTING_GROUP_CONFLICT,PUBLISHED_POST_ONLY_INELIGIBILITY:FEATURE_STAGE=PASSED;TERMINAL_OUTCOME=LEAKAGE_EXISTING_GROUP_CONFLICT,,,NEG_V1_TS_DUMP_CATALYTIC_ADDUCT_EXACT,NOT_EVALUATED_OUTSIDE_SUPPORTED_POST_ONLY_CANDIDATE,NOT_EVALUATED_OUTSIDE_SUPPORTED_POST_ONLY_CANDIDATE,NEG_V2_DTT_CRYSTALLIZATION_REDUCING_ADDUCT_EXACT,NOT_EVALUATED_OUTSIDE_SUPPORTED_POST_ONLY_CANDIDATE,NOT_EVALUATED_OUTSIDE_SUPPORTED_POST_ONLY_CANDIDATE,,LEAKAGE_EXISTING_GROUP_CONFLICT,BOUND_STRUCTURAL_EXECUTION_OUTCOME_RETAINED,NONE,false
377,COVAPIE_CYS_SG_EVENT_V1:2XZ6:G:CYS:53-:SG:Q:ETM:SD,2XZ6,ETM,SD,NEW_INCREMENTAL_EXECUTION,NEW_INCREMENTAL_EXCLUDED,LEAKAGE_EXISTING_GROUP_CONFLICT,"[""LEAKAGE_EXISTING_GROUP_CONFLICT""]",PASSED,false,BLOCKED_EXISTING_GROUP_CONFLICT,PUBLISHED_POST_ONLY_INELIGIBILITY:FEATURE_STAGE=PASSED;TERMINAL_OUTCOME=LEAKAGE_EXISTING_GROUP_CONFLICT,,,NEG_V1_TS_DUMP_CATALYTIC_ADDUCT_EXACT,NOT_EVALUATED_OUTSIDE_SUPPORTED_POST_ONLY_CANDIDATE,NOT_EVALUATED_OUTSIDE_SUPPORTED_POST_ONLY_CANDIDATE,NEG_V2_DTT_CRYSTALLIZATION_REDUCING_ADDUCT_EXACT,NOT_EVALUATED_OUTSIDE_SUPPORTED_POST_ONLY_CANDIDATE,NOT_EVALUATED_OUTSIDE_SUPPORTED_POST_ONLY_CANDIDATE,,LEAKAGE_EXISTING_GROUP_CONFLICT,BOUND_STRUCTURAL_EXECUTION_OUTCOME_RETAINED,NONE,false
378,COVAPIE_CYS_SG_EVENT_V1:2XZ6:H:CYS:53-:SG:R:ETM:SD,2XZ6,ETM,SD,NEW_INCREMENTAL_EXECUTION,NEW_INCREMENTAL_EXCLUDED,LEAKAGE_EXISTING_GROUP_CONFLICT,"[""LEAKAGE_EXISTING_GROUP_CONFLICT""]",PASSED,false,BLOCKED_EXISTING_GROUP_CONFLICT,PUBLISHED_POST_ONLY_INELIGIBILITY:FEATURE_STAGE=PASSED;TERMINAL_OUTCOME=LEAKAGE_EXISTING_GROUP_CONFLICT,,,NEG_V1_TS_DUMP_CATALYTIC_ADDUCT_EXACT,NOT_EVALUATED_OUTSIDE_SUPPORTED_POST_ONLY_CANDIDATE,NOT_EVALUATED_OUTSIDE_SUPPORTED_POST_ONLY_CANDIDATE,NEG_V2_DTT_CRYSTALLIZATION_REDUCING_ADDUCT_EXACT,NOT_EVALUATED_OUTSIDE_SUPPORTED_POST_ONLY_CANDIDATE,NOT_EVALUATED_OUTSIDE_SUPPORTED_POST_ONLY_CANDIDATE,,LEAKAGE_EXISTING_GROUP_CONFLICT,BOUND_STRUCTURAL_EXECUTION_OUTCOME_RETAINED,NONE,false
379,COVAPIE_CYS_SG_EVENT_V1:2XZ6:I:CYS:53-:SG:S:ETM:SD,2XZ6,ETM,SD,NEW_INCREMENTAL_EXECUTION,NEW_INCREMENTAL_EXCLUDED,LEAKAGE_EXISTING_GROUP_CONFLICT,"[""LEAKAGE_EXISTING_GROUP_CONFLICT""]",PASSED,false,BLOCKED_EXISTING_GROUP_CONFLICT,PUBLISHED_POST_ONLY_INELIGIBILITY:FEATURE_STAGE=PASSED;TERMINAL_OUTCOME=LEAKAGE_EXISTING_GROUP_CONFLICT,,,NEG_V1_TS_DUMP_CATALYTIC_ADDUCT_EXACT,NOT_EVALUATED_OUTSIDE_SUPPORTED_POST_ONLY_CANDIDATE,NOT_EVALUATED_OUTSIDE_SUPPORTED_POST_ONLY_CANDIDATE,NEG_V2_DTT_CRYSTALLIZATION_REDUCING_ADDUCT_EXACT,NOT_EVALUATED_OUTSIDE_SUPPORTED_POST_ONLY_CANDIDATE,NOT_EVALUATED_OUTSIDE_SUPPORTED_POST_ONLY_CANDIDATE,,LEAKAGE_EXISTING_GROUP_CONFLICT,BOUND_STRUCTURAL_EXECUTION_OUTCOME_RETAINED,NONE,false
380,COVAPIE_CYS_SG_EVENT_V1:2XZ6:J:CYS:53-:SG:T:ETM:SD,2XZ6,ETM,SD,NEW_INCREMENTAL_EXECUTION,NEW_INCREMENTAL_EXCLUDED,LEAKAGE_EXISTING_GROUP_CONFLICT,"[""LEAKAGE_EXISTING_GROUP_CONFLICT""]",PASSED,false,BLOCKED_EXISTING_GROUP_CONFLICT,PUBLISHED_POST_ONLY_INELIGIBILITY:FEATURE_STAGE=PASSED;TERMINAL_OUTCOME=LEAKAGE_EXISTING_GROUP_CONFLICT,,,NEG_V1_TS_DUMP_CATALYTIC_ADDUCT_EXACT,NOT_EVALUATED_OUTSIDE_SUPPORTED_POST_ONLY_CANDIDATE,NOT_EVALUATED_OUTSIDE_SUPPORTED_POST_ONLY_CANDIDATE,NEG_V2_DTT_CRYSTALLIZATION_REDUCING_ADDUCT_EXACT,NOT_EVALUATED_OUTSIDE_SUPPORTED_POST_ONLY_CANDIDATE,NOT_EVALUATED_OUTSIDE_SUPPORTED_POST_ONLY_CANDIDATE,,LEAKAGE_EXISTING_GROUP_CONFLICT,BOUND_STRUCTURAL_EXECUTION_OUTCOME_RETAINED,NONE,false
381,COVAPIE_CYS_SG_EVENT_V1:2Y5Y:A:CYS:122-:SG:D:TGA:S15,2Y5Y,TGA,S15,NEW_INCREMENTAL_EXECUTION,NEW_INCREMENTAL_CANDIDATE,HUMAN_REVIEW_REQUIRED_PRE_CHEMISTRY,"[""PRE_CHEMISTRY_NOT_PRODUCTION_AUTHORITATIVE"",""NO_FAMILY_LEVEL_AUTO_ADMISSION""]",PASSED,true,POST_ONLY_V1_REVIEW_CANDIDATE,PUBLISHED_POST_ONLY_ELIGIBILITY:FEATURE_STAGE_PASSED_AND_HUMAN_REVIEW_REQUIRED_PRE_CHEMISTRY,COVAPIE_BULK_REVIEW_UNIT_849C00809BE09F89,COVAPIE_BULK_REVIEW_UNIT_849C00809BE09F89,NEG_V1_TS_DUMP_CATALYTIC_ADDUCT_EXACT,NOT_MATCHED,"PREDICATE_MISMATCH:exact_ccd_component_graph_sha256,exact_ligand_reactive_atom,exact_ligand_reactive_element,exact_radius1_sha256,exact_radius2_sha256,exact_ts_family_accession_sequence_key",NEG_V2_DTT_CRYSTALLIZATION_REDUCING_ADDUCT_EXACT,NOT_MATCHED,"PREDICATE_MISMATCH:automorphism_derived_dtt_sulfur_endpoint,exact_1fvg_reagent_protein_context,exact_1fvg_source_structure_context,exact_dtt_component_graph_sha256,exact_dtt_component_identity;UNAVAILABLE_OR_MALFORMED:exact_dtt_heavy_identity_and_charge[outcome.ccd_formal_charge_pattern:INVALID]",,HUMAN_REVIEW_REQUIRED,NO_SINGLE_EXACT_RULE_MATCHED_EVERY_EVENT;HUMAN_REVIEW_RETAINED,NO_NEW_HUMAN_AUTHORITY,false
382,COVAPIE_CYS_SG_EVENT_V1:2Y5Y:B:CYS:122-:SG:F:TGA:S15,2Y5Y,TGA,S15,NEW_INCREMENTAL_EXECUTION,NEW_INCREMENTAL_CANDIDATE,HUMAN_REVIEW_REQUIRED_PRE_CHEMISTRY,"[""PRE_CHEMISTRY_NOT_PRODUCTION_AUTHORITATIVE"",""NO_FAMILY_LEVEL_AUTO_ADMISSION""]",PASSED,true,POST_ONLY_V1_REVIEW_CANDIDATE,PUBLISHED_POST_ONLY_ELIGIBILITY:FEATURE_STAGE_PASSED_AND_HUMAN_REVIEW_REQUIRED_PRE_CHEMISTRY,COVAPIE_BULK_REVIEW_UNIT_849C00809BE09F89,COVAPIE_BULK_REVIEW_UNIT_849C00809BE09F89,NEG_V1_TS_DUMP_CATALYTIC_ADDUCT_EXACT,NOT_MATCHED,"PREDICATE_MISMATCH:exact_ccd_component_graph_sha256,exact_ligand_reactive_atom,exact_ligand_reactive_element,exact_radius1_sha256,exact_radius2_sha256,exact_ts_family_accession_sequence_key",NEG_V2_DTT_CRYSTALLIZATION_REDUCING_ADDUCT_EXACT,NOT_MATCHED,"PREDICATE_MISMATCH:automorphism_derived_dtt_sulfur_endpoint,exact_1fvg_reagent_protein_context,exact_1fvg_source_structure_context,exact_dtt_component_graph_sha256,exact_dtt_component_identity;UNAVAILABLE_OR_MALFORMED:exact_dtt_heavy_identity_and_charge[outcome.ccd_formal_charge_pattern:INVALID]",,HUMAN_REVIEW_REQUIRED,NO_SINGLE_EXACT_RULE_MATCHED_EVERY_EVENT;HUMAN_REVIEW_RETAINED,NO_NEW_HUMAN_AUTHORITY,false
383,COVAPIE_CYS_SG_EVENT_V1:2Y92:A:CYS:157-:SG:B:DTT:S1,2Y92,DTT,S1,NEW_INCREMENTAL_EXECUTION,NEW_INCREMENTAL_CANDIDATE,HUMAN_REVIEW_REQUIRED_PRE_CHEMISTRY,"[""PRE_CHEMISTRY_NOT_PRODUCTION_AUTHORITATIVE"",""NO_FAMILY_LEVEL_AUTO_ADMISSION""]",PASSED,true,POST_ONLY_V1_REVIEW_CANDIDATE,PUBLISHED_POST_ONLY_ELIGIBILITY:FEATURE_STAGE_PASSED_AND_HUMAN_REVIEW_REQUIRED_PRE_CHEMISTRY,COVAPIE_BULK_REVIEW_UNIT_A3782D89BDEF47C1,COVAPIE_BULK_REVIEW_UNIT_A3782D89BDEF47C1,NEG_V1_TS_DUMP_CATALYTIC_ADDUCT_EXACT,NOT_MATCHED,"PREDICATE_MISMATCH:exact_ccd_component_graph_sha256,exact_ligand_reactive_atom,exact_ligand_reactive_element,exact_radius1_sha256,exact_radius2_sha256,exact_ts_family_accession_sequence_key",NEG_V2_DTT_CRYSTALLIZATION_REDUCING_ADDUCT_EXACT,NOT_MATCHED,"PREDICATE_MISMATCH:exact_1fvg_reagent_protein_context,exact_1fvg_source_structure_context",,HUMAN_REVIEW_REQUIRED,NO_SINGLE_EXACT_RULE_MATCHED_EVERY_EVENT;HUMAN_REVIEW_RETAINED,NO_NEW_HUMAN_AUTHORITY,false
384,COVAPIE_CYS_SG_EVENT_V1:2Y92:A:CYS:91-:SG:B:DTT:S4,2Y92,DTT,S4,NEW_INCREMENTAL_EXECUTION,NEW_INCREMENTAL_CANDIDATE,HUMAN_REVIEW_REQUIRED_PRE_CHEMISTRY,"[""PRE_CHEMISTRY_NOT_PRODUCTION_AUTHORITATIVE"",""NO_FAMILY_LEVEL_AUTO_ADMISSION""]",PASSED,true,POST_ONLY_V1_REVIEW_CANDIDATE,PUBLISHED_POST_ONLY_ELIGIBILITY:FEATURE_STAGE_PASSED_AND_HUMAN_REVIEW_REQUIRED_PRE_CHEMISTRY,COVAPIE_BULK_REVIEW_UNIT_2EBCD325E1CD2081,COVAPIE_BULK_REVIEW_UNIT_2EBCD325E1CD2081,NEG_V1_TS_DUMP_CATALYTIC_ADDUCT_EXACT,NOT_MATCHED,"PREDICATE_MISMATCH:exact_ccd_component_graph_sha256,exact_ligand_reactive_atom,exact_ligand_reactive_element,exact_radius1_sha256,exact_radius2_sha256,exact_ts_family_accession_sequence_key",NEG_V2_DTT_CRYSTALLIZATION_REDUCING_ADDUCT_EXACT,NOT_MATCHED,"PREDICATE_MISMATCH:exact_1fvg_reagent_protein_context,exact_1fvg_source_structure_context",,HUMAN_REVIEW_REQUIRED,NO_SINGLE_EXACT_RULE_MATCHED_EVERY_EVENT;HUMAN_REVIEW_RETAINED,NO_NEW_HUMAN_AUTHORITY,false
385,COVAPIE_CYS_SG_EVENT_V1:2YJ0:A:CYS:59-:SG:G:420:C1,2YJ0,420,C1,NEW_INCREMENTAL_EXECUTION,NEW_INCREMENTAL_EXCLUDED,QUARANTINE_REPRESENTATION_GAP,"[""PRE_ONLY_ATOMS_CANNOT_BE_DROPPED_OR_GIVEN_COORDINATES""]",PASSED,false,BLOCKED_REPRESENTATION_GAP,PUBLISHED_POST_ONLY_INELIGIBILITY:FEATURE_STAGE=PASSED;TERMINAL_OUTCOME=QUARANTINE_REPRESENTATION_GAP,,,NEG_V1_TS_DUMP_CATALYTIC_ADDUCT_EXACT,NOT_EVALUATED_OUTSIDE_SUPPORTED_POST_ONLY_CANDIDATE,NOT_EVALUATED_OUTSIDE_SUPPORTED_POST_ONLY_CANDIDATE,NEG_V2_DTT_CRYSTALLIZATION_REDUCING_ADDUCT_EXACT,NOT_EVALUATED_OUTSIDE_SUPPORTED_POST_ONLY_CANDIDATE,NOT_EVALUATED_OUTSIDE_SUPPORTED_POST_ONLY_CANDIDATE,,QUARANTINE_REPRESENTATION_GAP,BOUND_STRUCTURAL_EXECUTION_OUTCOME_RETAINED,NONE,false
386,COVAPIE_CYS_SG_EVENT_V1:2YJ0:B:CYS:59-:SG:K:420:C1,2YJ0,420,C1,NEW_INCREMENTAL_EXECUTION,NEW_INCREMENTAL_EXCLUDED,QUARANTINE_REPRESENTATION_GAP,"[""PRE_ONLY_ATOMS_CANNOT_BE_DROPPED_OR_GIVEN_COORDINATES""]",PASSED,false,BLOCKED_REPRESENTATION_GAP,PUBLISHED_POST_ONLY_INELIGIBILITY:FEATURE_STAGE=PASSED;TERMINAL_OUTCOME=QUARANTINE_REPRESENTATION_GAP,,,NEG_V1_TS_DUMP_CATALYTIC_ADDUCT_EXACT,NOT_EVALUATED_OUTSIDE_SUPPORTED_POST_ONLY_CANDIDATE,NOT_EVALUATED_OUTSIDE_SUPPORTED_POST_ONLY_CANDIDATE,NEG_V2_DTT_CRYSTALLIZATION_REDUCING_ADDUCT_EXACT,NOT_EVALUATED_OUTSIDE_SUPPORTED_POST_ONLY_CANDIDATE,NOT_EVALUATED_OUTSIDE_SUPPORTED_POST_ONLY_CANDIDATE,,QUARANTINE_REPRESENTATION_GAP,BOUND_STRUCTURAL_EXECUTION_OUTCOME_RETAINED,NONE,false
387,COVAPIE_CYS_SG_EVENT_V1:2YJ0:C:CYS:59-:SG:P:420:C1,2YJ0,420,C1,NEW_INCREMENTAL_EXECUTION,NEW_INCREMENTAL_EXCLUDED,QUARANTINE_REPRESENTATION_GAP,"[""PRE_ONLY_ATOMS_CANNOT_BE_DROPPED_OR_GIVEN_COORDINATES""]",PASSED,false,BLOCKED_REPRESENTATION_GAP,PUBLISHED_POST_ONLY_INELIGIBILITY:FEATURE_STAGE=PASSED;TERMINAL_OUTCOME=QUARANTINE_REPRESENTATION_GAP,,,NEG_V1_TS_DUMP_CATALYTIC_ADDUCT_EXACT,NOT_EVALUATED_OUTSIDE_SUPPORTED_POST_ONLY_CANDIDATE,NOT_EVALUATED_OUTSIDE_SUPPORTED_POST_ONLY_CANDIDATE,NEG_V2_DTT_CRYSTALLIZATION_REDUCING_ADDUCT_EXACT,NOT_EVALUATED_OUTSIDE_SUPPORTED_POST_ONLY_CANDIDATE,NOT_EVALUATED_OUTSIDE_SUPPORTED_POST_ONLY_CANDIDATE,,QUARANTINE_REPRESENTATION_GAP,BOUND_STRUCTURAL_EXECUTION_OUTCOME_RETAINED,NONE,false
388,COVAPIE_CYS_SG_EVENT_V1:2YJ0:D:CYS:59-:SG:S:420:C1,2YJ0,420,C1,NEW_INCREMENTAL_EXECUTION,NEW_INCREMENTAL_EXCLUDED,QUARANTINE_REPRESENTATION_GAP,"[""PRE_ONLY_ATOMS_CANNOT_BE_DROPPED_OR_GIVEN_COORDINATES""]",PASSED,false,BLOCKED_REPRESENTATION_GAP,PUBLISHED_POST_ONLY_INELIGIBILITY:FEATURE_STAGE=PASSED;TERMINAL_OUTCOME=QUARANTINE_REPRESENTATION_GAP,,,NEG_V1_TS_DUMP_CATALYTIC_ADDUCT_EXACT,NOT_EVALUATED_OUTSIDE_SUPPORTED_POST_ONLY_CANDIDATE,NOT_EVALUATED_OUTSIDE_SUPPORTED_POST_ONLY_CANDIDATE,NEG_V2_DTT_CRYSTALLIZATION_REDUCING_ADDUCT_EXACT,NOT_EVALUATED_OUTSIDE_SUPPORTED_POST_ONLY_CANDIDATE,NOT_EVALUATED_OUTSIDE_SUPPORTED_POST_ONLY_CANDIDATE,,QUARANTINE_REPRESENTATION_GAP,BOUND_STRUCTURAL_EXECUTION_OUTCOME_RETAINED,NONE,false
389,COVAPIE_CYS_SG_EVENT_V1:2YJ0:E:CYS:59-:SG:W:420:C1,2YJ0,420,C1,NEW_INCREMENTAL_EXECUTION,NEW_INCREMENTAL_EXCLUDED,QUARANTINE_REPRESENTATION_GAP,"[""PRE_ONLY_ATOMS_CANNOT_BE_DROPPED_OR_GIVEN_COORDINATES""]",PASSED,false,BLOCKED_REPRESENTATION_GAP,PUBLISHED_POST_ONLY_INELIGIBILITY:FEATURE_STAGE=PASSED;TERMINAL_OUTCOME=QUARANTINE_REPRESENTATION_GAP,,,NEG_V1_TS_DUMP_CATALYTIC_ADDUCT_EXACT,NOT_EVALUATED_OUTSIDE_SUPPORTED_POST_ONLY_CANDIDATE,NOT_EVALUATED_OUTSIDE_SUPPORTED_POST_ONLY_CANDIDATE,NEG_V2_DTT_CRYSTALLIZATION_REDUCING_ADDUCT_EXACT,NOT_EVALUATED_OUTSIDE_SUPPORTED_POST_ONLY_CANDIDATE,NOT_EVALUATED_OUTSIDE_SUPPORTED_POST_ONLY_CANDIDATE,,QUARANTINE_REPRESENTATION_GAP,BOUND_STRUCTURAL_EXECUTION_OUTCOME_RETAINED,NONE,false
390,COVAPIE_CYS_SG_EVENT_V1:2YJ0:F:CYS:59-:SG:AA:420:C1,2YJ0,420,C1,NEW_INCREMENTAL_EXECUTION,NEW_INCREMENTAL_EXCLUDED,QUARANTINE_REPRESENTATION_GAP,"[""PRE_ONLY_ATOMS_CANNOT_BE_DROPPED_OR_GIVEN_COORDINATES""]",PASSED,false,BLOCKED_REPRESENTATION_GAP,PUBLISHED_POST_ONLY_INELIGIBILITY:FEATURE_STAGE=PASSED;TERMINAL_OUTCOME=QUARANTINE_REPRESENTATION_GAP,,,NEG_V1_TS_DUMP_CATALYTIC_ADDUCT_EXACT,NOT_EVALUATED_OUTSIDE_SUPPORTED_POST_ONLY_CANDIDATE,NOT_EVALUATED_OUTSIDE_SUPPORTED_POST_ONLY_CANDIDATE,NEG_V2_DTT_CRYSTALLIZATION_REDUCING_ADDUCT_EXACT,NOT_EVALUATED_OUTSIDE_SUPPORTED_POST_ONLY_CANDIDATE,NOT_EVALUATED_OUTSIDE_SUPPORTED_POST_ONLY_CANDIDATE,,QUARANTINE_REPRESENTATION_GAP,BOUND_STRUCTURAL_EXECUTION_OUTCOME_RETAINED,NONE,false
391,COVAPIE_CYS_SG_EVENT_V1:2YJ2:A:CYS:25-:SG:B:YJ2:C18,2YJ2,YJ2,C18,NEW_INCREMENTAL_EXECUTION,NEW_INCREMENTAL_EXCLUDED,LEAKAGE_EXISTING_GROUP_CONFLICT,"[""LEAKAGE_EXISTING_GROUP_CONFLICT""]",PASSED,false,BLOCKED_EXISTING_GROUP_CONFLICT,PUBLISHED_POST_ONLY_INELIGIBILITY:FEATURE_STAGE=PASSED;TERMINAL_OUTCOME=LEAKAGE_EXISTING_GROUP_CONFLICT,,,NEG_V1_TS_DUMP_CATALYTIC_ADDUCT_EXACT,NOT_EVALUATED_OUTSIDE_SUPPORTED_POST_ONLY_CANDIDATE,NOT_EVALUATED_OUTSIDE_SUPPORTED_POST_ONLY_CANDIDATE,NEG_V2_DTT_CRYSTALLIZATION_REDUCING_ADDUCT_EXACT,NOT_EVALUATED_OUTSIDE_SUPPORTED_POST_ONLY_CANDIDATE,NOT_EVALUATED_OUTSIDE_SUPPORTED_POST_ONLY_CANDIDATE,,LEAKAGE_EXISTING_GROUP_CONFLICT,BOUND_STRUCTURAL_EXECUTION_OUTCOME_RETAINED,NONE,false
392,COVAPIE_CYS_SG_EVENT_V1:2YJ8:A:CYS:25-:SG:B:YJ8:C18,2YJ8,YJ8,C18,NEW_INCREMENTAL_EXECUTION,NEW_INCREMENTAL_EXCLUDED,LEAKAGE_EXISTING_GROUP_CONFLICT,"[""LEAKAGE_EXISTING_GROUP_CONFLICT""]",PASSED,false,BLOCKED_EXISTING_GROUP_CONFLICT,PUBLISHED_POST_ONLY_INELIGIBILITY:FEATURE_STAGE=PASSED;TERMINAL_OUTCOME=LEAKAGE_EXISTING_GROUP_CONFLICT,,,NEG_V1_TS_DUMP_CATALYTIC_ADDUCT_EXACT,NOT_EVALUATED_OUTSIDE_SUPPORTED_POST_ONLY_CANDIDATE,NOT_EVALUATED_OUTSIDE_SUPPORTED_POST_ONLY_CANDIDATE,NEG_V2_DTT_CRYSTALLIZATION_REDUCING_ADDUCT_EXACT,NOT_EVALUATED_OUTSIDE_SUPPORTED_POST_ONLY_CANDIDATE,NOT_EVALUATED_OUTSIDE_SUPPORTED_POST_ONLY_CANDIDATE,,LEAKAGE_EXISTING_GROUP_CONFLICT,BOUND_STRUCTURAL_EXECUTION_OUTCOME_RETAINED,NONE,false
393,COVAPIE_CYS_SG_EVENT_V1:2YJ9:A:CYS:25-:SG:B:YJ9:C5,2YJ9,YJ9,C5,NEW_INCREMENTAL_EXECUTION,NEW_INCREMENTAL_EXCLUDED,LEAKAGE_EXISTING_GROUP_CONFLICT,"[""LEAKAGE_EXISTING_GROUP_CONFLICT""]",PASSED,false,BLOCKED_EXISTING_GROUP_CONFLICT,PUBLISHED_POST_ONLY_INELIGIBILITY:FEATURE_STAGE=PASSED;TERMINAL_OUTCOME=LEAKAGE_EXISTING_GROUP_CONFLICT,,,NEG_V1_TS_DUMP_CATALYTIC_ADDUCT_EXACT,NOT_EVALUATED_OUTSIDE_SUPPORTED_POST_ONLY_CANDIDATE,NOT_EVALUATED_OUTSIDE_SUPPORTED_POST_ONLY_CANDIDATE,NEG_V2_DTT_CRYSTALLIZATION_REDUCING_ADDUCT_EXACT,NOT_EVALUATED_OUTSIDE_SUPPORTED_POST_ONLY_CANDIDATE,NOT_EVALUATED_OUTSIDE_SUPPORTED_POST_ONLY_CANDIDATE,,LEAKAGE_EXISTING_GROUP_CONFLICT,BOUND_STRUCTURAL_EXECUTION_OUTCOME_RETAINED,NONE,false
394,COVAPIE_CYS_SG_EVENT_V1:2YJB:A:CYS:25-:SG:B:YJ9:C5,2YJB,YJ9,C5,NEW_INCREMENTAL_EXECUTION,NEW_INCREMENTAL_EXCLUDED,LEAKAGE_EXISTING_GROUP_CONFLICT,"[""LEAKAGE_EXISTING_GROUP_CONFLICT""]",PASSED,false,BLOCKED_EXISTING_GROUP_CONFLICT,PUBLISHED_POST_ONLY_INELIGIBILITY:FEATURE_STAGE=PASSED;TERMINAL_OUTCOME=LEAKAGE_EXISTING_GROUP_CONFLICT,,,NEG_V1_TS_DUMP_CATALYTIC_ADDUCT_EXACT,NOT_EVALUATED_OUTSIDE_SUPPORTED_POST_ONLY_CANDIDATE,NOT_EVALUATED_OUTSIDE_SUPPORTED_POST_ONLY_CANDIDATE,NEG_V2_DTT_CRYSTALLIZATION_REDUCING_ADDUCT_EXACT,NOT_EVALUATED_OUTSIDE_SUPPORTED_POST_ONLY_CANDIDATE,NOT_EVALUATED_OUTSIDE_SUPPORTED_POST_ONLY_CANDIDATE,,LEAKAGE_EXISTING_GROUP_CONFLICT,BOUND_STRUCTURAL_EXECUTION_OUTCOME_RETAINED,NONE,false
395,COVAPIE_CYS_SG_EVENT_V1:2YJC:A:CYS:25-:SG:B:424:C15,2YJC,424,C15,NEW_INCREMENTAL_EXECUTION,NEW_INCREMENTAL_EXCLUDED,LEAKAGE_EXISTING_GROUP_CONFLICT,"[""LEAKAGE_EXISTING_GROUP_CONFLICT""]",PASSED,false,BLOCKED_EXISTING_GROUP_CONFLICT,PUBLISHED_POST_ONLY_INELIGIBILITY:FEATURE_STAGE=PASSED;TERMINAL_OUTCOME=LEAKAGE_EXISTING_GROUP_CONFLICT,,,NEG_V1_TS_DUMP_CATALYTIC_ADDUCT_EXACT,NOT_EVALUATED_OUTSIDE_SUPPORTED_POST_ONLY_CANDIDATE,NOT_EVALUATED_OUTSIDE_SUPPORTED_POST_ONLY_CANDIDATE,NEG_V2_DTT_CRYSTALLIZATION_REDUCING_ADDUCT_EXACT,NOT_EVALUATED_OUTSIDE_SUPPORTED_POST_ONLY_CANDIDATE,NOT_EVALUATED_OUTSIDE_SUPPORTED_POST_ONLY_CANDIDATE,,LEAKAGE_EXISTING_GROUP_CONFLICT,BOUND_STRUCTURAL_EXECUTION_OUTCOME_RETAINED,NONE,false
396,COVAPIE_CYS_SG_EVENT_V1:2YNB:B:CYS:148-:SG:E:G85:C63,2YNB,G85,C63,NEW_INCREMENTAL_EXECUTION,NEW_INCREMENTAL_CANDIDATE,HUMAN_REVIEW_REQUIRED_PRE_CHEMISTRY,"[""PRE_CHEMISTRY_NOT_PRODUCTION_AUTHORITATIVE"",""NO_FAMILY_LEVEL_AUTO_ADMISSION""]",PASSED,true,POST_ONLY_V1_REVIEW_CANDIDATE,PUBLISHED_POST_ONLY_ELIGIBILITY:FEATURE_STAGE_PASSED_AND_HUMAN_REVIEW_REQUIRED_PRE_CHEMISTRY,COVAPIE_BULK_REVIEW_UNIT_A49155DC51E78D3B,COVAPIE_BULK_REVIEW_UNIT_A49155DC51E78D3B,NEG_V1_TS_DUMP_CATALYTIC_ADDUCT_EXACT,NOT_MATCHED,"PREDICATE_MISMATCH:exact_ccd_component_graph_sha256,exact_ligand_reactive_atom,exact_radius1_sha256,exact_radius2_sha256,exact_ts_family_accession_sequence_key",NEG_V2_DTT_CRYSTALLIZATION_REDUCING_ADDUCT_EXACT,NOT_MATCHED,"PREDICATE_MISMATCH:automorphism_derived_dtt_sulfur_endpoint,exact_1fvg_reagent_protein_context,exact_1fvg_source_structure_context,exact_dtt_component_graph_sha256,exact_dtt_component_identity,exact_ligand_reactive_element,exact_local_topology,exact_radius1_sha256,exact_radius2_sha256;UNAVAILABLE_OR_MALFORMED:exact_dtt_heavy_identity_and_charge[outcome.ccd_formal_charge_pattern:INVALID]",,HUMAN_REVIEW_REQUIRED,NO_SINGLE_EXACT_RULE_MATCHED_EVERY_EVENT;HUMAN_REVIEW_RETAINED,NO_NEW_HUMAN_AUTHORITY,false
397,COVAPIE_CYS_SG_EVENT_V1:2ZK1:A:CYS:285-:SG:C:PTG:C8,2ZK1,PTG,C8,NEW_INCREMENTAL_EXECUTION,NEW_INCREMENTAL_CANDIDATE,HUMAN_REVIEW_REQUIRED_PRE_CHEMISTRY,"[""PRE_CHEMISTRY_NOT_PRODUCTION_AUTHORITATIVE"",""NO_FAMILY_LEVEL_AUTO_ADMISSION""]",PASSED,true,POST_ONLY_V1_REVIEW_CANDIDATE,PUBLISHED_POST_ONLY_ELIGIBILITY:FEATURE_STAGE_PASSED_AND_HUMAN_REVIEW_REQUIRED_PRE_CHEMISTRY,COVAPIE_BULK_REVIEW_UNIT_E29582A478EC4247,COVAPIE_BULK_REVIEW_UNIT_E29582A478EC4247,NEG_V1_TS_DUMP_CATALYTIC_ADDUCT_EXACT,NOT_MATCHED,"PREDICATE_MISMATCH:exact_ccd_component_graph_sha256,exact_ligand_reactive_atom,exact_radius1_sha256,exact_radius2_sha256,exact_ts_family_accession_sequence_key",NEG_V2_DTT_CRYSTALLIZATION_REDUCING_ADDUCT_EXACT,NOT_MATCHED,"PREDICATE_MISMATCH:automorphism_derived_dtt_sulfur_endpoint,exact_1fvg_reagent_protein_context,exact_1fvg_source_structure_context,exact_dtt_component_graph_sha256,exact_dtt_component_identity,exact_ligand_reactive_element,exact_local_topology,exact_radius1_sha256,exact_radius2_sha256;UNAVAILABLE_OR_MALFORMED:exact_dtt_heavy_identity_and_charge[outcome.ccd_formal_charge_pattern:INVALID]",,HUMAN_REVIEW_REQUIRED,NO_SINGLE_EXACT_RULE_MATCHED_EVERY_EVENT;HUMAN_REVIEW_RETAINED,NO_NEW_HUMAN_AUTHORITY,false
398,COVAPIE_CYS_SG_EVENT_V1:2ZK1:B:CYS:285-:SG:D:PTG:C8,2ZK1,PTG,C8,NEW_INCREMENTAL_EXECUTION,NEW_INCREMENTAL_CANDIDATE,HUMAN_REVIEW_REQUIRED_PRE_CHEMISTRY,"[""PRE_CHEMISTRY_NOT_PRODUCTION_AUTHORITATIVE"",""NO_FAMILY_LEVEL_AUTO_ADMISSION""]",PASSED,true,POST_ONLY_V1_REVIEW_CANDIDATE,PUBLISHED_POST_ONLY_ELIGIBILITY:FEATURE_STAGE_PASSED_AND_HUMAN_REVIEW_REQUIRED_PRE_CHEMISTRY,COVAPIE_BULK_REVIEW_UNIT_E29582A478EC4247,COVAPIE_BULK_REVIEW_UNIT_E29582A478EC4247,NEG_V1_TS_DUMP_CATALYTIC_ADDUCT_EXACT,NOT_MATCHED,"PREDICATE_MISMATCH:exact_ccd_component_graph_sha256,exact_ligand_reactive_atom,exact_radius1_sha256,exact_radius2_sha256,exact_ts_family_accession_sequence_key",NEG_V2_DTT_CRYSTALLIZATION_REDUCING_ADDUCT_EXACT,NOT_MATCHED,"PREDICATE_MISMATCH:automorphism_derived_dtt_sulfur_endpoint,exact_1fvg_reagent_protein_context,exact_1fvg_source_structure_context,exact_dtt_component_graph_sha256,exact_dtt_component_identity,exact_ligand_reactive_element,exact_local_topology,exact_radius1_sha256,exact_radius2_sha256;UNAVAILABLE_OR_MALFORMED:exact_dtt_heavy_identity_and_charge[outcome.ccd_formal_charge_pattern:INVALID]",,HUMAN_REVIEW_REQUIRED,NO_SINGLE_EXACT_RULE_MATCHED_EVERY_EVENT;HUMAN_REVIEW_RETAINED,NO_NEW_HUMAN_AUTHORITY,false
399,COVAPIE_CYS_SG_EVENT_V1:2ZK2:A:CYS:285-:SG:D:PTG:C8,2ZK2,PTG,C8,NEW_INCREMENTAL_EXECUTION,NEW_INCREMENTAL_CANDIDATE,HUMAN_REVIEW_REQUIRED_PRE_CHEMISTRY,"[""PRE_CHEMISTRY_NOT_PRODUCTION_AUTHORITATIVE"",""NO_FAMILY_LEVEL_AUTO_ADMISSION""]",PASSED,true,POST_ONLY_V1_REVIEW_CANDIDATE,PUBLISHED_POST_ONLY_ELIGIBILITY:FEATURE_STAGE_PASSED_AND_HUMAN_REVIEW_REQUIRED_PRE_CHEMISTRY,COVAPIE_BULK_REVIEW_UNIT_E29582A478EC4247,COVAPIE_BULK_REVIEW_UNIT_E29582A478EC4247,NEG_V1_TS_DUMP_CATALYTIC_ADDUCT_EXACT,NOT_MATCHED,"PREDICATE_MISMATCH:exact_ccd_component_graph_sha256,exact_ligand_reactive_atom,exact_radius1_sha256,exact_radius2_sha256,exact_ts_family_accession_sequence_key",NEG_V2_DTT_CRYSTALLIZATION_REDUCING_ADDUCT_EXACT,NOT_MATCHED,"PREDICATE_MISMATCH:automorphism_derived_dtt_sulfur_endpoint,exact_1fvg_reagent_protein_context,exact_1fvg_source_structure_context,exact_dtt_component_graph_sha256,exact_dtt_component_identity,exact_ligand_reactive_element,exact_local_topology,exact_radius1_sha256,exact_radius2_sha256;UNAVAILABLE_OR_MALFORMED:exact_dtt_heavy_identity_and_charge[outcome.ccd_formal_charge_pattern:INVALID]",,HUMAN_REVIEW_REQUIRED,NO_SINGLE_EXACT_RULE_MATCHED_EVERY_EVENT;HUMAN_REVIEW_RETAINED,NO_NEW_HUMAN_AUTHORITY,false
400,COVAPIE_CYS_SG_EVENT_V1:2ZK3:A:CYS:285-:SG:C:OCX:C11,2ZK3,OCX,C11,NEW_INCREMENTAL_EXECUTION,NEW_INCREMENTAL_CANDIDATE,HUMAN_REVIEW_REQUIRED_PRE_CHEMISTRY,"[""PRE_CHEMISTRY_NOT_PRODUCTION_AUTHORITATIVE"",""NO_FAMILY_LEVEL_AUTO_ADMISSION""]",PASSED,true,POST_ONLY_V1_REVIEW_CANDIDATE,PUBLISHED_POST_ONLY_ELIGIBILITY:FEATURE_STAGE_PASSED_AND_HUMAN_REVIEW_REQUIRED_PRE_CHEMISTRY,COVAPIE_BULK_REVIEW_UNIT_672DEEDD20BA4AE3,COVAPIE_BULK_REVIEW_UNIT_672DEEDD20BA4AE3,NEG_V1_TS_DUMP_CATALYTIC_ADDUCT_EXACT,NOT_MATCHED,"PREDICATE_MISMATCH:exact_ccd_component_graph_sha256,exact_ligand_reactive_atom,exact_radius1_sha256,exact_radius2_sha256,exact_ts_family_accession_sequence_key",NEG_V2_DTT_CRYSTALLIZATION_REDUCING_ADDUCT_EXACT,NOT_MATCHED,"PREDICATE_MISMATCH:automorphism_derived_dtt_sulfur_endpoint,exact_1fvg_reagent_protein_context,exact_1fvg_source_structure_context,exact_dtt_component_graph_sha256,exact_dtt_component_identity,exact_ligand_reactive_element,exact_local_topology,exact_radius1_sha256,exact_radius2_sha256;UNAVAILABLE_OR_MALFORMED:exact_dtt_heavy_identity_and_charge[outcome.ccd_formal_charge_pattern:INVALID]",,HUMAN_REVIEW_REQUIRED,NO_SINGLE_EXACT_RULE_MATCHED_EVERY_EVENT;HUMAN_REVIEW_RETAINED,NO_NEW_HUMAN_AUTHORITY,false
401,COVAPIE_CYS_SG_EVENT_V1:2ZK3:B:CYS:285-:SG:D:OCX:C11,2ZK3,OCX,C11,NEW_INCREMENTAL_EXECUTION,NEW_INCREMENTAL_CANDIDATE,HUMAN_REVIEW_REQUIRED_PRE_CHEMISTRY,"[""PRE_CHEMISTRY_NOT_PRODUCTION_AUTHORITATIVE"",""NO_FAMILY_LEVEL_AUTO_ADMISSION""]",PASSED,true,POST_ONLY_V1_REVIEW_CANDIDATE,PUBLISHED_POST_ONLY_ELIGIBILITY:FEATURE_STAGE_PASSED_AND_HUMAN_REVIEW_REQUIRED_PRE_CHEMISTRY,COVAPIE_BULK_REVIEW_UNIT_672DEEDD20BA4AE3,COVAPIE_BULK_REVIEW_UNIT_672DEEDD20BA4AE3,NEG_V1_TS_DUMP_CATALYTIC_ADDUCT_EXACT,NOT_MATCHED,"PREDICATE_MISMATCH:exact_ccd_component_graph_sha256,exact_ligand_reactive_atom,exact_radius1_sha256,exact_radius2_sha256,exact_ts_family_accession_sequence_key",NEG_V2_DTT_CRYSTALLIZATION_REDUCING_ADDUCT_EXACT,NOT_MATCHED,"PREDICATE_MISMATCH:automorphism_derived_dtt_sulfur_endpoint,exact_1fvg_reagent_protein_context,exact_1fvg_source_structure_context,exact_dtt_component_graph_sha256,exact_dtt_component_identity,exact_ligand_reactive_element,exact_local_topology,exact_radius1_sha256,exact_radius2_sha256;UNAVAILABLE_OR_MALFORMED:exact_dtt_heavy_identity_and_charge[outcome.ccd_formal_charge_pattern:INVALID]",,HUMAN_REVIEW_REQUIRED,NO_SINGLE_EXACT_RULE_MATCHED_EVERY_EVENT;HUMAN_REVIEW_RETAINED,NO_NEW_HUMAN_AUTHORITY,false
402,COVAPIE_CYS_SG_EVENT_V1:2ZK4:A:CYS:285-:SG:C:OCR:C9,2ZK4,OCR,C9,NEW_INCREMENTAL_EXECUTION,NEW_INCREMENTAL_CANDIDATE,HUMAN_REVIEW_REQUIRED_PRE_CHEMISTRY,"[""PRE_CHEMISTRY_NOT_PRODUCTION_AUTHORITATIVE"",""NO_FAMILY_LEVEL_AUTO_ADMISSION""]",PASSED,true,POST_ONLY_V1_REVIEW_CANDIDATE,PUBLISHED_POST_ONLY_ELIGIBILITY:FEATURE_STAGE_PASSED_AND_HUMAN_REVIEW_REQUIRED_PRE_CHEMISTRY,COVAPIE_BULK_REVIEW_UNIT_013E84BB94630904,COVAPIE_BULK_REVIEW_UNIT_013E84BB94630904,NEG_V1_TS_DUMP_CATALYTIC_ADDUCT_EXACT,NOT_MATCHED,"PREDICATE_MISMATCH:exact_ccd_component_graph_sha256,exact_ligand_reactive_atom,exact_radius1_sha256,exact_radius2_sha256,exact_ts_family_accession_sequence_key",NEG_V2_DTT_CRYSTALLIZATION_REDUCING_ADDUCT_EXACT,NOT_MATCHED,"PREDICATE_MISMATCH:automorphism_derived_dtt_sulfur_endpoint,exact_1fvg_reagent_protein_context,exact_1fvg_source_structure_context,exact_dtt_component_graph_sha256,exact_dtt_component_identity,exact_ligand_reactive_element,exact_local_topology,exact_radius1_sha256,exact_radius2_sha256;UNAVAILABLE_OR_MALFORMED:exact_dtt_heavy_identity_and_charge[outcome.ccd_formal_charge_pattern:INVALID]",,HUMAN_REVIEW_REQUIRED,NO_SINGLE_EXACT_RULE_MATCHED_EVERY_EVENT;HUMAN_REVIEW_RETAINED,NO_NEW_HUMAN_AUTHORITY,false
403,COVAPIE_CYS_SG_EVENT_V1:2ZK4:B:CYS:285-:SG:D:OCR:C9,2ZK4,OCR,C9,NEW_INCREMENTAL_EXECUTION,NEW_INCREMENTAL_CANDIDATE,HUMAN_REVIEW_REQUIRED_PRE_CHEMISTRY,"[""PRE_CHEMISTRY_NOT_PRODUCTION_AUTHORITATIVE"",""NO_FAMILY_LEVEL_AUTO_ADMISSION""]",PASSED,true,POST_ONLY_V1_REVIEW_CANDIDATE,PUBLISHED_POST_ONLY_ELIGIBILITY:FEATURE_STAGE_PASSED_AND_HUMAN_REVIEW_REQUIRED_PRE_CHEMISTRY,COVAPIE_BULK_REVIEW_UNIT_013E84BB94630904,COVAPIE_BULK_REVIEW_UNIT_013E84BB94630904,NEG_V1_TS_DUMP_CATALYTIC_ADDUCT_EXACT,NOT_MATCHED,"PREDICATE_MISMATCH:exact_ccd_component_graph_sha256,exact_ligand_reactive_atom,exact_radius1_sha256,exact_radius2_sha256,exact_ts_family_accession_sequence_key",NEG_V2_DTT_CRYSTALLIZATION_REDUCING_ADDUCT_EXACT,NOT_MATCHED,"PREDICATE_MISMATCH:automorphism_derived_dtt_sulfur_endpoint,exact_1fvg_reagent_protein_context,exact_1fvg_source_structure_context,exact_dtt_component_graph_sha256,exact_dtt_component_identity,exact_ligand_reactive_element,exact_local_topology,exact_radius1_sha256,exact_radius2_sha256;UNAVAILABLE_OR_MALFORMED:exact_dtt_heavy_identity_and_charge[outcome.ccd_formal_charge_pattern:INVALID]",,HUMAN_REVIEW_REQUIRED,NO_SINGLE_EXACT_RULE_MATCHED_EVERY_EVENT;HUMAN_REVIEW_RETAINED,NO_NEW_HUMAN_AUTHORITY,false
404,COVAPIE_CYS_SG_EVENT_V1:2ZK5:A:CYS:285-:SG:C:NRO:C8,2ZK5,NRO,C8,NEW_INCREMENTAL_EXECUTION,NEW_INCREMENTAL_CANDIDATE,HUMAN_REVIEW_REQUIRED_PRE_CHEMISTRY,"[""PRE_CHEMISTRY_NOT_PRODUCTION_AUTHORITATIVE"",""NO_FAMILY_LEVEL_AUTO_ADMISSION""]",PASSED,true,POST_ONLY_V1_REVIEW_CANDIDATE,PUBLISHED_POST_ONLY_ELIGIBILITY:FEATURE_STAGE_PASSED_AND_HUMAN_REVIEW_REQUIRED_PRE_CHEMISTRY,COVAPIE_BULK_REVIEW_UNIT_20296232043E53A1,COVAPIE_BULK_REVIEW_UNIT_20296232043E53A1,NEG_V1_TS_DUMP_CATALYTIC_ADDUCT_EXACT,NOT_MATCHED,"PREDICATE_MISMATCH:exact_ccd_component_graph_sha256,exact_ligand_reactive_atom,exact_radius1_sha256,exact_radius2_sha256,exact_ts_family_accession_sequence_key",NEG_V2_DTT_CRYSTALLIZATION_REDUCING_ADDUCT_EXACT,NOT_MATCHED,"PREDICATE_MISMATCH:automorphism_derived_dtt_sulfur_endpoint,exact_1fvg_reagent_protein_context,exact_1fvg_source_structure_context,exact_dtt_component_graph_sha256,exact_dtt_component_identity,exact_ligand_reactive_element,exact_local_topology,exact_radius1_sha256,exact_radius2_sha256;UNAVAILABLE_OR_MALFORMED:exact_dtt_heavy_identity_and_charge[outcome.ccd_formal_charge_pattern:INVALID]",,HUMAN_REVIEW_REQUIRED,NO_SINGLE_EXACT_RULE_MATCHED_EVERY_EVENT;HUMAN_REVIEW_RETAINED,NO_NEW_HUMAN_AUTHORITY,false
405,COVAPIE_CYS_SG_EVENT_V1:2ZK5:B:CYS:285-:SG:D:NRO:C8,2ZK5,NRO,C8,NEW_INCREMENTAL_EXECUTION,NEW_INCREMENTAL_CANDIDATE,HUMAN_REVIEW_REQUIRED_PRE_CHEMISTRY,"[""PRE_CHEMISTRY_NOT_PRODUCTION_AUTHORITATIVE"",""NO_FAMILY_LEVEL_AUTO_ADMISSION""]",PASSED,true,POST_ONLY_V1_REVIEW_CANDIDATE,PUBLISHED_POST_ONLY_ELIGIBILITY:FEATURE_STAGE_PASSED_AND_HUMAN_REVIEW_REQUIRED_PRE_CHEMISTRY,COVAPIE_BULK_REVIEW_UNIT_20296232043E53A1,COVAPIE_BULK_REVIEW_UNIT_20296232043E53A1,NEG_V1_TS_DUMP_CATALYTIC_ADDUCT_EXACT,NOT_MATCHED,"PREDICATE_MISMATCH:exact_ccd_component_graph_sha256,exact_ligand_reactive_atom,exact_radius1_sha256,exact_radius2_sha256,exact_ts_family_accession_sequence_key",NEG_V2_DTT_CRYSTALLIZATION_REDUCING_ADDUCT_EXACT,NOT_MATCHED,"PREDICATE_MISMATCH:automorphism_derived_dtt_sulfur_endpoint,exact_1fvg_reagent_protein_context,exact_1fvg_source_structure_context,exact_dtt_component_graph_sha256,exact_dtt_component_identity,exact_ligand_reactive_element,exact_local_topology,exact_radius1_sha256,exact_radius2_sha256;UNAVAILABLE_OR_MALFORMED:exact_dtt_heavy_identity_and_charge[outcome.ccd_formal_charge_pattern:INVALID]",,HUMAN_REVIEW_REQUIRED,NO_SINGLE_EXACT_RULE_MATCHED_EVERY_EVENT;HUMAN_REVIEW_RETAINED,NO_NEW_HUMAN_AUTHORITY,false
406,COVAPIE_CYS_SG_EVENT_V1:2ZU3:A:CYS:147-:SG:B:ZU3:C63,2ZU3,ZU3,C63,NEW_INCREMENTAL_EXECUTION,NEW_INCREMENTAL_EXCLUDED,STRUCTURAL_EVIDENCE_INCOMPLETE,"[""MMCIF_EXACT_CYS_SG_STRUCT_CONN_NOT_RECOVERED""]",NOT_REACHED,false,OUTSIDE_STRUCTURAL_ELIGIBILITY,PUBLISHED_POST_ONLY_INELIGIBILITY:FEATURE_STAGE=NOT_REACHED;TERMINAL_OUTCOME=STRUCTURAL_EVIDENCE_INCOMPLETE,,,NEG_V1_TS_DUMP_CATALYTIC_ADDUCT_EXACT,NOT_EVALUATED_OUTSIDE_SUPPORTED_POST_ONLY_CANDIDATE,NOT_EVALUATED_OUTSIDE_SUPPORTED_POST_ONLY_CANDIDATE,NEG_V2_DTT_CRYSTALLIZATION_REDUCING_ADDUCT_EXACT,NOT_EVALUATED_OUTSIDE_SUPPORTED_POST_ONLY_CANDIDATE,NOT_EVALUATED_OUTSIDE_SUPPORTED_POST_ONLY_CANDIDATE,,STRUCTURAL_EVIDENCE_INCOMPLETE,BOUND_STRUCTURAL_EXECUTION_OUTCOME_RETAINED,NONE,false
407,COVAPIE_CYS_SG_EVENT_V1:2ZU4:A:CYS:145-:SG:B:ZU3:C63,2ZU4,ZU3,C63,NEW_INCREMENTAL_EXECUTION,NEW_INCREMENTAL_EXCLUDED,STRUCTURAL_EVIDENCE_INCOMPLETE,"[""MMCIF_EXACT_CYS_SG_STRUCT_CONN_NOT_RECOVERED""]",NOT_REACHED,false,OUTSIDE_STRUCTURAL_ELIGIBILITY,PUBLISHED_POST_ONLY_INELIGIBILITY:FEATURE_STAGE=NOT_REACHED;TERMINAL_OUTCOME=STRUCTURAL_EVIDENCE_INCOMPLETE,,,NEG_V1_TS_DUMP_CATALYTIC_ADDUCT_EXACT,NOT_EVALUATED_OUTSIDE_SUPPORTED_POST_ONLY_CANDIDATE,NOT_EVALUATED_OUTSIDE_SUPPORTED_POST_ONLY_CANDIDATE,NEG_V2_DTT_CRYSTALLIZATION_REDUCING_ADDUCT_EXACT,NOT_EVALUATED_OUTSIDE_SUPPORTED_POST_ONLY_CANDIDATE,NOT_EVALUATED_OUTSIDE_SUPPORTED_POST_ONLY_CANDIDATE,,STRUCTURAL_EVIDENCE_INCOMPLETE,BOUND_STRUCTURAL_EXECUTION_OUTCOME_RETAINED,NONE,false
408,COVAPIE_CYS_SG_EVENT_V1:2ZU5:A:CYS:145-:SG:B:ZU5:C11,2ZU5,ZU5,C11,NEW_INCREMENTAL_EXECUTION,NEW_INCREMENTAL_EXCLUDED,STRUCTURAL_EVIDENCE_INCOMPLETE,"[""MMCIF_EXACT_CYS_SG_STRUCT_CONN_NOT_RECOVERED""]",NOT_REACHED,false,OUTSIDE_STRUCTURAL_ELIGIBILITY,PUBLISHED_POST_ONLY_INELIGIBILITY:FEATURE_STAGE=NOT_REACHED;TERMINAL_OUTCOME=STRUCTURAL_EVIDENCE_INCOMPLETE,,,NEG_V1_TS_DUMP_CATALYTIC_ADDUCT_EXACT,NOT_EVALUATED_OUTSIDE_SUPPORTED_POST_ONLY_CANDIDATE,NOT_EVALUATED_OUTSIDE_SUPPORTED_POST_ONLY_CANDIDATE,NEG_V2_DTT_CRYSTALLIZATION_REDUCING_ADDUCT_EXACT,NOT_EVALUATED_OUTSIDE_SUPPORTED_POST_ONLY_CANDIDATE,NOT_EVALUATED_OUTSIDE_SUPPORTED_POST_ONLY_CANDIDATE,,STRUCTURAL_EVIDENCE_INCOMPLETE,BOUND_STRUCTURAL_EXECUTION_OUTCOME_RETAINED,NONE,false
409,COVAPIE_CYS_SG_EVENT_V1:3A2G:A:CYS:102-:SG:G:LCY:C1,3A2G,LCY,C1,NEW_INCREMENTAL_EXECUTION,NEW_INCREMENTAL_CANDIDATE,HUMAN_REVIEW_REQUIRED_PRE_CHEMISTRY,"[""PRE_CHEMISTRY_NOT_PRODUCTION_AUTHORITATIVE"",""NO_FAMILY_LEVEL_AUTO_ADMISSION""]",PASSED,true,POST_ONLY_V1_REVIEW_CANDIDATE,PUBLISHED_POST_ONLY_ELIGIBILITY:FEATURE_STAGE_PASSED_AND_HUMAN_REVIEW_REQUIRED_PRE_CHEMISTRY,COVAPIE_BULK_REVIEW_UNIT_51445761536A7C56,COVAPIE_BULK_REVIEW_UNIT_51445761536A7C56,NEG_V1_TS_DUMP_CATALYTIC_ADDUCT_EXACT,NOT_MATCHED,"PREDICATE_MISMATCH:exact_ccd_component_graph_sha256,exact_ligand_reactive_atom,exact_radius1_sha256,exact_radius2_sha256,exact_ts_family_accession_sequence_key",NEG_V2_DTT_CRYSTALLIZATION_REDUCING_ADDUCT_EXACT,NOT_MATCHED,"PREDICATE_MISMATCH:automorphism_derived_dtt_sulfur_endpoint,exact_1fvg_reagent_protein_context,exact_1fvg_source_structure_context,exact_dtt_component_graph_sha256,exact_dtt_component_identity,exact_ligand_reactive_element,exact_local_topology,exact_radius1_sha256,exact_radius2_sha256;UNAVAILABLE_OR_MALFORMED:exact_dtt_heavy_identity_and_charge[outcome.ccd_formal_charge_pattern:INVALID]",,HUMAN_REVIEW_REQUIRED,NO_SINGLE_EXACT_RULE_MATCHED_EVERY_EVENT;HUMAN_REVIEW_RETAINED,NO_NEW_HUMAN_AUTHORITY,false
410,COVAPIE_CYS_SG_EVENT_V1:3ADW:A:CYS:285-:SG:D:OCR:C9,3ADW,OCR,C9,NEW_INCREMENTAL_EXECUTION,NEW_INCREMENTAL_CANDIDATE,HUMAN_REVIEW_REQUIRED_PRE_CHEMISTRY,"[""PRE_CHEMISTRY_NOT_PRODUCTION_AUTHORITATIVE"",""NO_FAMILY_LEVEL_AUTO_ADMISSION""]",PASSED,true,POST_ONLY_V1_REVIEW_CANDIDATE,PUBLISHED_POST_ONLY_ELIGIBILITY:FEATURE_STAGE_PASSED_AND_HUMAN_REVIEW_REQUIRED_PRE_CHEMISTRY,COVAPIE_BULK_REVIEW_UNIT_051699CAC7019ABA,COVAPIE_BULK_REVIEW_UNIT_051699CAC7019ABA,NEG_V1_TS_DUMP_CATALYTIC_ADDUCT_EXACT,NOT_MATCHED,"PREDICATE_MISMATCH:exact_ccd_component_graph_sha256,exact_ligand_reactive_atom,exact_radius1_sha256,exact_radius2_sha256,exact_ts_family_accession_sequence_key",NEG_V2_DTT_CRYSTALLIZATION_REDUCING_ADDUCT_EXACT,NOT_MATCHED,"PREDICATE_MISMATCH:automorphism_derived_dtt_sulfur_endpoint,exact_1fvg_reagent_protein_context,exact_1fvg_source_structure_context,exact_dtt_component_graph_sha256,exact_dtt_component_identity,exact_ligand_reactive_element,exact_local_topology,exact_radius1_sha256,exact_radius2_sha256;UNAVAILABLE_OR_MALFORMED:exact_dtt_heavy_identity_and_charge[outcome.ccd_formal_charge_pattern:INVALID]",,HUMAN_REVIEW_REQUIRED,NO_SINGLE_EXACT_RULE_MATCHED_EVERY_EVENT;HUMAN_REVIEW_RETAINED,NO_NEW_HUMAN_AUTHORITY,false
411,COVAPIE_CYS_SG_EVENT_V1:3ADW:B:CYS:285-:SG:E:OCR:C9,3ADW,OCR,C9,NEW_INCREMENTAL_EXECUTION,NEW_INCREMENTAL_CANDIDATE,HUMAN_REVIEW_REQUIRED_PRE_CHEMISTRY,"[""PRE_CHEMISTRY_NOT_PRODUCTION_AUTHORITATIVE"",""NO_FAMILY_LEVEL_AUTO_ADMISSION""]",PASSED,true,POST_ONLY_V1_REVIEW_CANDIDATE,PUBLISHED_POST_ONLY_ELIGIBILITY:FEATURE_STAGE_PASSED_AND_HUMAN_REVIEW_REQUIRED_PRE_CHEMISTRY,COVAPIE_BULK_REVIEW_UNIT_051699CAC7019ABA,COVAPIE_BULK_REVIEW_UNIT_051699CAC7019ABA,NEG_V1_TS_DUMP_CATALYTIC_ADDUCT_EXACT,NOT_MATCHED,"PREDICATE_MISMATCH:exact_ccd_component_graph_sha256,exact_ligand_reactive_atom,exact_radius1_sha256,exact_radius2_sha256,exact_ts_family_accession_sequence_key",NEG_V2_DTT_CRYSTALLIZATION_REDUCING_ADDUCT_EXACT,NOT_MATCHED,"PREDICATE_MISMATCH:automorphism_derived_dtt_sulfur_endpoint,exact_1fvg_reagent_protein_context,exact_1fvg_source_structure_context,exact_dtt_component_graph_sha256,exact_dtt_component_identity,exact_ligand_reactive_element,exact_local_topology,exact_radius1_sha256,exact_radius2_sha256;UNAVAILABLE_OR_MALFORMED:exact_dtt_heavy_identity_and_charge[outcome.ccd_formal_charge_pattern:INVALID]",,HUMAN_REVIEW_REQUIRED,NO_SINGLE_EXACT_RULE_MATCHED_EVERY_EVENT;HUMAN_REVIEW_RETAINED,NO_NEW_HUMAN_AUTHORITY,false
412,COVAPIE_CYS_SG_EVENT_V1:3ADX:A:CYS:285-:SG:C:NRO:C8,3ADX,NRO,C8,NEW_INCREMENTAL_EXECUTION,NEW_INCREMENTAL_EXCLUDED,STRUCTURAL_EVIDENCE_INCOMPLETE,"[""MMCIF_EXACT_CYS_SG_STRUCT_CONN_NOT_RECOVERED""]",NOT_REACHED,false,OUTSIDE_STRUCTURAL_ELIGIBILITY,PUBLISHED_POST_ONLY_INELIGIBILITY:FEATURE_STAGE=NOT_REACHED;TERMINAL_OUTCOME=STRUCTURAL_EVIDENCE_INCOMPLETE,,,NEG_V1_TS_DUMP_CATALYTIC_ADDUCT_EXACT,NOT_EVALUATED_OUTSIDE_SUPPORTED_POST_ONLY_CANDIDATE,NOT_EVALUATED_OUTSIDE_SUPPORTED_POST_ONLY_CANDIDATE,NEG_V2_DTT_CRYSTALLIZATION_REDUCING_ADDUCT_EXACT,NOT_EVALUATED_OUTSIDE_SUPPORTED_POST_ONLY_CANDIDATE,NOT_EVALUATED_OUTSIDE_SUPPORTED_POST_ONLY_CANDIDATE,,STRUCTURAL_EVIDENCE_INCOMPLETE,BOUND_STRUCTURAL_EXECUTION_OUTCOME_RETAINED,NONE,false
413,COVAPIE_CYS_SG_EVENT_V1:3B0R:A:CYS:285-:SG:C:GW9:C9,3B0R,GW9,C9,NEW_INCREMENTAL_EXECUTION,NEW_INCREMENTAL_EXCLUDED,QUARANTINE_REPRESENTATION_GAP,"[""PRE_ONLY_ATOMS_CANNOT_BE_DROPPED_OR_GIVEN_COORDINATES""]",PASSED,false,BLOCKED_REPRESENTATION_GAP,PUBLISHED_POST_ONLY_INELIGIBILITY:FEATURE_STAGE=PASSED;TERMINAL_OUTCOME=QUARANTINE_REPRESENTATION_GAP,,,NEG_V1_TS_DUMP_CATALYTIC_ADDUCT_EXACT,NOT_EVALUATED_OUTSIDE_SUPPORTED_POST_ONLY_CANDIDATE,NOT_EVALUATED_OUTSIDE_SUPPORTED_POST_ONLY_CANDIDATE,NEG_V2_DTT_CRYSTALLIZATION_REDUCING_ADDUCT_EXACT,NOT_EVALUATED_OUTSIDE_SUPPORTED_POST_ONLY_CANDIDATE,NOT_EVALUATED_OUTSIDE_SUPPORTED_POST_ONLY_CANDIDATE,,QUARANTINE_REPRESENTATION_GAP,BOUND_STRUCTURAL_EXECUTION_OUTCOME_RETAINED,NONE,false
414,COVAPIE_CYS_SG_EVENT_V1:3B0R:B:CYS:285-:SG:D:GW9:C9,3B0R,GW9,C9,NEW_INCREMENTAL_EXECUTION,NEW_INCREMENTAL_EXCLUDED,QUARANTINE_REPRESENTATION_GAP,"[""PRE_ONLY_ATOMS_CANNOT_BE_DROPPED_OR_GIVEN_COORDINATES""]",PASSED,false,BLOCKED_REPRESENTATION_GAP,PUBLISHED_POST_ONLY_INELIGIBILITY:FEATURE_STAGE=PASSED;TERMINAL_OUTCOME=QUARANTINE_REPRESENTATION_GAP,,,NEG_V1_TS_DUMP_CATALYTIC_ADDUCT_EXACT,NOT_EVALUATED_OUTSIDE_SUPPORTED_POST_ONLY_CANDIDATE,NOT_EVALUATED_OUTSIDE_SUPPORTED_POST_ONLY_CANDIDATE,NEG_V2_DTT_CRYSTALLIZATION_REDUCING_ADDUCT_EXACT,NOT_EVALUATED_OUTSIDE_SUPPORTED_POST_ONLY_CANDIDATE,NOT_EVALUATED_OUTSIDE_SUPPORTED_POST_ONLY_CANDIDATE,,QUARANTINE_REPRESENTATION_GAP,BOUND_STRUCTURAL_EXECUTION_OUTCOME_RETAINED,NONE,false
415,COVAPIE_CYS_SG_EVENT_V1:3B1T:A:CYS:645-:SG:B:YCL:CAP,3B1T,YCL,CAP,NEW_INCREMENTAL_EXECUTION,NEW_INCREMENTAL_EXCLUDED,LEAKAGE_EXISTING_GROUP_CONFLICT,"[""LEAKAGE_EXISTING_GROUP_CONFLICT""]",PASSED,false,BLOCKED_EXISTING_GROUP_CONFLICT,PUBLISHED_POST_ONLY_INELIGIBILITY:FEATURE_STAGE=PASSED;TERMINAL_OUTCOME=LEAKAGE_EXISTING_GROUP_CONFLICT,,,NEG_V1_TS_DUMP_CATALYTIC_ADDUCT_EXACT,NOT_EVALUATED_OUTSIDE_SUPPORTED_POST_ONLY_CANDIDATE,NOT_EVALUATED_OUTSIDE_SUPPORTED_POST_ONLY_CANDIDATE,NEG_V2_DTT_CRYSTALLIZATION_REDUCING_ADDUCT_EXACT,NOT_EVALUATED_OUTSIDE_SUPPORTED_POST_ONLY_CANDIDATE,NOT_EVALUATED_OUTSIDE_SUPPORTED_POST_ONLY_CANDIDATE,,LEAKAGE_EXISTING_GROUP_CONFLICT,BOUND_STRUCTURAL_EXECUTION_OUTCOME_RETAINED,NONE,false
416,COVAPIE_CYS_SG_EVENT_V1:3B1U:A:CYS:645-:SG:B:YFF:CAP,3B1U,YFF,CAP,NEW_INCREMENTAL_EXECUTION,NEW_INCREMENTAL_EXCLUDED,LEAKAGE_EXISTING_GROUP_CONFLICT,"[""LEAKAGE_EXISTING_GROUP_CONFLICT""]",PASSED,false,BLOCKED_EXISTING_GROUP_CONFLICT,PUBLISHED_POST_ONLY_INELIGIBILITY:FEATURE_STAGE=PASSED;TERMINAL_OUTCOME=LEAKAGE_EXISTING_GROUP_CONFLICT,,,NEG_V1_TS_DUMP_CATALYTIC_ADDUCT_EXACT,NOT_EVALUATED_OUTSIDE_SUPPORTED_POST_ONLY_CANDIDATE,NOT_EVALUATED_OUTSIDE_SUPPORTED_POST_ONLY_CANDIDATE,NEG_V2_DTT_CRYSTALLIZATION_REDUCING_ADDUCT_EXACT,NOT_EVALUATED_OUTSIDE_SUPPORTED_POST_ONLY_CANDIDATE,NOT_EVALUATED_OUTSIDE_SUPPORTED_POST_ONLY_CANDIDATE,,LEAKAGE_EXISTING_GROUP_CONFLICT,BOUND_STRUCTURAL_EXECUTION_OUTCOME_RETAINED,NONE,false
417,COVAPIE_CYS_SG_EVENT_V1:3B9H:A:CYS:146-:SG:D:NDU:C6,3B9H,NDU,C6,NEW_INCREMENTAL_EXECUTION,NEW_INCREMENTAL_CANDIDATE,HUMAN_REVIEW_REQUIRED_PRE_CHEMISTRY,"[""PRE_CHEMISTRY_NOT_PRODUCTION_AUTHORITATIVE"",""NO_FAMILY_LEVEL_AUTO_ADMISSION""]",PASSED,true,POST_ONLY_V1_REVIEW_CANDIDATE,PUBLISHED_POST_ONLY_ELIGIBILITY:FEATURE_STAGE_PASSED_AND_HUMAN_REVIEW_REQUIRED_PRE_CHEMISTRY,COVAPIE_BULK_REVIEW_UNIT_3F001AD5FD754F45,COVAPIE_BULK_REVIEW_UNIT_3F001AD5FD754F45,NEG_V1_TS_DUMP_CATALYTIC_ADDUCT_EXACT,NOT_MATCHED,"PREDICATE_MISMATCH:exact_ccd_component_graph_sha256,exact_radius1_sha256,exact_radius2_sha256",NEG_V2_DTT_CRYSTALLIZATION_REDUCING_ADDUCT_EXACT,NOT_MATCHED,"PREDICATE_MISMATCH:automorphism_derived_dtt_sulfur_endpoint,exact_1fvg_reagent_protein_context,exact_1fvg_source_structure_context,exact_dtt_component_graph_sha256,exact_dtt_component_identity,exact_ligand_reactive_element,exact_local_topology,exact_radius1_sha256,exact_radius2_sha256,structured_source_boundary;UNAVAILABLE_OR_MALFORMED:exact_dtt_heavy_identity_and_charge[outcome.ccd_formal_charge_pattern:INVALID]",,HUMAN_REVIEW_REQUIRED,NO_SINGLE_EXACT_RULE_MATCHED_EVERY_EVENT;HUMAN_REVIEW_RETAINED,NO_NEW_HUMAN_AUTHORITY,false
418,COVAPIE_CYS_SG_EVENT_V1:3BHL:A:CYS:146-:SG:C:NDU:C6,3BHL,NDU,C6,NEW_INCREMENTAL_EXECUTION,NEW_INCREMENTAL_CANDIDATE,HUMAN_REVIEW_REQUIRED_PRE_CHEMISTRY,"[""PRE_CHEMISTRY_NOT_PRODUCTION_AUTHORITATIVE"",""NO_FAMILY_LEVEL_AUTO_ADMISSION""]",PASSED,true,POST_ONLY_V1_REVIEW_CANDIDATE,PUBLISHED_POST_ONLY_ELIGIBILITY:FEATURE_STAGE_PASSED_AND_HUMAN_REVIEW_REQUIRED_PRE_CHEMISTRY,COVAPIE_BULK_REVIEW_UNIT_3F001AD5FD754F45,COVAPIE_BULK_REVIEW_UNIT_3F001AD5FD754F45,NEG_V1_TS_DUMP_CATALYTIC_ADDUCT_EXACT,NOT_MATCHED,"PREDICATE_MISMATCH:exact_ccd_component_graph_sha256,exact_radius1_sha256,exact_radius2_sha256",NEG_V2_DTT_CRYSTALLIZATION_REDUCING_ADDUCT_EXACT,NOT_MATCHED,"PREDICATE_MISMATCH:automorphism_derived_dtt_sulfur_endpoint,exact_1fvg_reagent_protein_context,exact_1fvg_source_structure_context,exact_dtt_component_graph_sha256,exact_dtt_component_identity,exact_ligand_reactive_element,exact_local_topology,exact_radius1_sha256,exact_radius2_sha256,structured_source_boundary;UNAVAILABLE_OR_MALFORMED:exact_dtt_heavy_identity_and_charge[outcome.ccd_formal_charge_pattern:INVALID]",,HUMAN_REVIEW_REQUIRED,NO_SINGLE_EXACT_RULE_MATCHED_EVERY_EVENT;HUMAN_REVIEW_RETAINED,NO_NEW_HUMAN_AUTHORITY,false
419,COVAPIE_CYS_SG_EVENT_V1:3BHL:B:CYS:146-:SG:G:NDU:C6,3BHL,NDU,C6,NEW_INCREMENTAL_EXECUTION,NEW_INCREMENTAL_CANDIDATE,HUMAN_REVIEW_REQUIRED_PRE_CHEMISTRY,"[""PRE_CHEMISTRY_NOT_PRODUCTION_AUTHORITATIVE"",""NO_FAMILY_LEVEL_AUTO_ADMISSION""]",PASSED,true,POST_ONLY_V1_REVIEW_CANDIDATE,PUBLISHED_POST_ONLY_ELIGIBILITY:FEATURE_STAGE_PASSED_AND_HUMAN_REVIEW_REQUIRED_PRE_CHEMISTRY,COVAPIE_BULK_REVIEW_UNIT_3F001AD5FD754F45,COVAPIE_BULK_REVIEW_UNIT_3F001AD5FD754F45,NEG_V1_TS_DUMP_CATALYTIC_ADDUCT_EXACT,NOT_MATCHED,"PREDICATE_MISMATCH:exact_ccd_component_graph_sha256,exact_radius1_sha256,exact_radius2_sha256",NEG_V2_DTT_CRYSTALLIZATION_REDUCING_ADDUCT_EXACT,NOT_MATCHED,"PREDICATE_MISMATCH:automorphism_derived_dtt_sulfur_endpoint,exact_1fvg_reagent_protein_context,exact_1fvg_source_structure_context,exact_dtt_component_graph_sha256,exact_dtt_component_identity,exact_ligand_reactive_element,exact_local_topology,exact_radius1_sha256,exact_radius2_sha256,structured_source_boundary;UNAVAILABLE_OR_MALFORMED:exact_dtt_heavy_identity_and_charge[outcome.ccd_formal_charge_pattern:INVALID]",,HUMAN_REVIEW_REQUIRED,NO_SINGLE_EXACT_RULE_MATCHED_EVERY_EVENT;HUMAN_REVIEW_RETAINED,NO_NEW_HUMAN_AUTHORITY,false
420,COVAPIE_CYS_SG_EVENT_V1:3BHR:A:CYS:146-:SG:E:NDU:C6,3BHR,NDU,C6,NEW_INCREMENTAL_EXECUTION,NEW_INCREMENTAL_CANDIDATE,HUMAN_REVIEW_REQUIRED_PRE_CHEMISTRY,"[""PRE_CHEMISTRY_NOT_PRODUCTION_AUTHORITATIVE"",""NO_FAMILY_LEVEL_AUTO_ADMISSION""]",PASSED,true,POST_ONLY_V1_REVIEW_CANDIDATE,PUBLISHED_POST_ONLY_ELIGIBILITY:FEATURE_STAGE_PASSED_AND_HUMAN_REVIEW_REQUIRED_PRE_CHEMISTRY,COVAPIE_BULK_REVIEW_UNIT_3F001AD5FD754F45,COVAPIE_BULK_REVIEW_UNIT_3F001AD5FD754F45,NEG_V1_TS_DUMP_CATALYTIC_ADDUCT_EXACT,NOT_MATCHED,"PREDICATE_MISMATCH:exact_ccd_component_graph_sha256,exact_radius1_sha256,exact_radius2_sha256",NEG_V2_DTT_CRYSTALLIZATION_REDUCING_ADDUCT_EXACT,NOT_MATCHED,"PREDICATE_MISMATCH:automorphism_derived_dtt_sulfur_endpoint,exact_1fvg_reagent_protein_context,exact_1fvg_source_structure_context,exact_dtt_component_graph_sha256,exact_dtt_component_identity,exact_ligand_reactive_element,exact_local_topology,exact_radius1_sha256,exact_radius2_sha256,structured_source_boundary;UNAVAILABLE_OR_MALFORMED:exact_dtt_heavy_identity_and_charge[outcome.ccd_formal_charge_pattern:INVALID]",,HUMAN_REVIEW_REQUIRED,NO_SINGLE_EXACT_RULE_MATCHED_EVERY_EVENT;HUMAN_REVIEW_RETAINED,NO_NEW_HUMAN_AUTHORITY,false
421,COVAPIE_CYS_SG_EVENT_V1:3BLT:A:CYS:403-:SG:B:PSY:C8,3BLT,PSY,C8,NEW_INCREMENTAL_EXECUTION,NEW_INCREMENTAL_EXCLUDED,STRUCTURAL_EVIDENCE_INCOMPLETE,"[""MMCIF_EXACT_CYS_SG_STRUCT_CONN_NOT_RECOVERED""]",NOT_REACHED,false,OUTSIDE_STRUCTURAL_ELIGIBILITY,PUBLISHED_POST_ONLY_INELIGIBILITY:FEATURE_STAGE=NOT_REACHED;TERMINAL_OUTCOME=STRUCTURAL_EVIDENCE_INCOMPLETE,,,NEG_V1_TS_DUMP_CATALYTIC_ADDUCT_EXACT,NOT_EVALUATED_OUTSIDE_SUPPORTED_POST_ONLY_CANDIDATE,NOT_EVALUATED_OUTSIDE_SUPPORTED_POST_ONLY_CANDIDATE,NEG_V2_DTT_CRYSTALLIZATION_REDUCING_ADDUCT_EXACT,NOT_EVALUATED_OUTSIDE_SUPPORTED_POST_ONLY_CANDIDATE,NOT_EVALUATED_OUTSIDE_SUPPORTED_POST_ONLY_CANDIDATE,,STRUCTURAL_EVIDENCE_INCOMPLETE,BOUND_STRUCTURAL_EXECUTION_OUTCOME_RETAINED,NONE,false
422,COVAPIE_CYS_SG_EVENT_V1:3BLU:A:CYS:403-:SG:B:PVS:C8,3BLU,PVS,C8,NEW_INCREMENTAL_EXECUTION,NEW_INCREMENTAL_EXCLUDED,STRUCTURAL_EVIDENCE_INCOMPLETE,"[""MMCIF_EXACT_CYS_SG_STRUCT_CONN_NOT_RECOVERED""]",NOT_REACHED,false,OUTSIDE_STRUCTURAL_ELIGIBILITY,PUBLISHED_POST_ONLY_INELIGIBILITY:FEATURE_STAGE=NOT_REACHED;TERMINAL_OUTCOME=STRUCTURAL_EVIDENCE_INCOMPLETE,,,NEG_V1_TS_DUMP_CATALYTIC_ADDUCT_EXACT,NOT_EVALUATED_OUTSIDE_SUPPORTED_POST_ONLY_CANDIDATE,NOT_EVALUATED_OUTSIDE_SUPPORTED_POST_ONLY_CANDIDATE,NEG_V2_DTT_CRYSTALLIZATION_REDUCING_ADDUCT_EXACT,NOT_EVALUATED_OUTSIDE_SUPPORTED_POST_ONLY_CANDIDATE,NOT_EVALUATED_OUTSIDE_SUPPORTED_POST_ONLY_CANDIDATE,,STRUCTURAL_EVIDENCE_INCOMPLETE,BOUND_STRUCTURAL_EXECUTION_OUTCOME_RETAINED,NONE,false
423,COVAPIE_CYS_SG_EVENT_V1:3BM8:A:CYS:403-:SG:B:PSY:C8,3BM8,PSY,C8,NEW_INCREMENTAL_EXECUTION,NEW_INCREMENTAL_EXCLUDED,STRUCTURAL_EVIDENCE_INCOMPLETE,"[""MMCIF_EXACT_CYS_SG_STRUCT_CONN_NOT_RECOVERED""]",NOT_REACHED,false,OUTSIDE_STRUCTURAL_ELIGIBILITY,PUBLISHED_POST_ONLY_INELIGIBILITY:FEATURE_STAGE=NOT_REACHED;TERMINAL_OUTCOME=STRUCTURAL_EVIDENCE_INCOMPLETE,,,NEG_V1_TS_DUMP_CATALYTIC_ADDUCT_EXACT,NOT_EVALUATED_OUTSIDE_SUPPORTED_POST_ONLY_CANDIDATE,NOT_EVALUATED_OUTSIDE_SUPPORTED_POST_ONLY_CANDIDATE,NEG_V2_DTT_CRYSTALLIZATION_REDUCING_ADDUCT_EXACT,NOT_EVALUATED_OUTSIDE_SUPPORTED_POST_ONLY_CANDIDATE,NOT_EVALUATED_OUTSIDE_SUPPORTED_POST_ONLY_CANDIDATE,,STRUCTURAL_EVIDENCE_INCOMPLETE,BOUND_STRUCTURAL_EXECUTION_OUTCOME_RETAINED,NONE,false
424,COVAPIE_CYS_SG_EVENT_V1:3BWK:A:CYS:51-:SG:E:C1P:C18,3BWK,C1P,C18,NEW_INCREMENTAL_EXECUTION,NEW_INCREMENTAL_EXCLUDED,LEAKAGE_EXISTING_GROUP_CONFLICT,"[""LEAKAGE_EXISTING_GROUP_CONFLICT""]",PASSED,false,BLOCKED_EXISTING_GROUP_CONFLICT,PUBLISHED_POST_ONLY_INELIGIBILITY:FEATURE_STAGE=PASSED;TERMINAL_OUTCOME=LEAKAGE_EXISTING_GROUP_CONFLICT,,,NEG_V1_TS_DUMP_CATALYTIC_ADDUCT_EXACT,NOT_EVALUATED_OUTSIDE_SUPPORTED_POST_ONLY_CANDIDATE,NOT_EVALUATED_OUTSIDE_SUPPORTED_POST_ONLY_CANDIDATE,NEG_V2_DTT_CRYSTALLIZATION_REDUCING_ADDUCT_EXACT,NOT_EVALUATED_OUTSIDE_SUPPORTED_POST_ONLY_CANDIDATE,NOT_EVALUATED_OUTSIDE_SUPPORTED_POST_ONLY_CANDIDATE,,LEAKAGE_EXISTING_GROUP_CONFLICT,BOUND_STRUCTURAL_EXECUTION_OUTCOME_RETAINED,NONE,false
425,COVAPIE_CYS_SG_EVENT_V1:3BWK:B:CYS:51-:SG:G:C1P:C18,3BWK,C1P,C18,NEW_INCREMENTAL_EXECUTION,NEW_INCREMENTAL_EXCLUDED,LEAKAGE_EXISTING_GROUP_CONFLICT,"[""LEAKAGE_EXISTING_GROUP_CONFLICT""]",PASSED,false,BLOCKED_EXISTING_GROUP_CONFLICT,PUBLISHED_POST_ONLY_INELIGIBILITY:FEATURE_STAGE=PASSED;TERMINAL_OUTCOME=LEAKAGE_EXISTING_GROUP_CONFLICT,,,NEG_V1_TS_DUMP_CATALYTIC_ADDUCT_EXACT,NOT_EVALUATED_OUTSIDE_SUPPORTED_POST_ONLY_CANDIDATE,NOT_EVALUATED_OUTSIDE_SUPPORTED_POST_ONLY_CANDIDATE,NEG_V2_DTT_CRYSTALLIZATION_REDUCING_ADDUCT_EXACT,NOT_EVALUATED_OUTSIDE_SUPPORTED_POST_ONLY_CANDIDATE,NOT_EVALUATED_OUTSIDE_SUPPORTED_POST_ONLY_CANDIDATE,,LEAKAGE_EXISTING_GROUP_CONFLICT,BOUND_STRUCTURAL_EXECUTION_OUTCOME_RETAINED,NONE,false
426,COVAPIE_CYS_SG_EVENT_V1:3BWK:C:CYS:51-:SG:J:C1P:C18,3BWK,C1P,C18,NEW_INCREMENTAL_EXECUTION,NEW_INCREMENTAL_EXCLUDED,LEAKAGE_EXISTING_GROUP_CONFLICT,"[""LEAKAGE_EXISTING_GROUP_CONFLICT""]",PASSED,false,BLOCKED_EXISTING_GROUP_CONFLICT,PUBLISHED_POST_ONLY_INELIGIBILITY:FEATURE_STAGE=PASSED;TERMINAL_OUTCOME=LEAKAGE_EXISTING_GROUP_CONFLICT,,,NEG_V1_TS_DUMP_CATALYTIC_ADDUCT_EXACT,NOT_EVALUATED_OUTSIDE_SUPPORTED_POST_ONLY_CANDIDATE,NOT_EVALUATED_OUTSIDE_SUPPORTED_POST_ONLY_CANDIDATE,NEG_V2_DTT_CRYSTALLIZATION_REDUCING_ADDUCT_EXACT,NOT_EVALUATED_OUTSIDE_SUPPORTED_POST_ONLY_CANDIDATE,NOT_EVALUATED_OUTSIDE_SUPPORTED_POST_ONLY_CANDIDATE,,LEAKAGE_EXISTING_GROUP_CONFLICT,BOUND_STRUCTURAL_EXECUTION_OUTCOME_RETAINED,NONE,false
427,COVAPIE_CYS_SG_EVENT_V1:3BWK:D:CYS:51-:SG:L:C1P:C18,3BWK,C1P,C18,NEW_INCREMENTAL_EXECUTION,NEW_INCREMENTAL_EXCLUDED,LEAKAGE_EXISTING_GROUP_CONFLICT,"[""LEAKAGE_EXISTING_GROUP_CONFLICT""]",PASSED,false,BLOCKED_EXISTING_GROUP_CONFLICT,PUBLISHED_POST_ONLY_INELIGIBILITY:FEATURE_STAGE=PASSED;TERMINAL_OUTCOME=LEAKAGE_EXISTING_GROUP_CONFLICT,,,NEG_V1_TS_DUMP_CATALYTIC_ADDUCT_EXACT,NOT_EVALUATED_OUTSIDE_SUPPORTED_POST_ONLY_CANDIDATE,NOT_EVALUATED_OUTSIDE_SUPPORTED_POST_ONLY_CANDIDATE,NEG_V2_DTT_CRYSTALLIZATION_REDUCING_ADDUCT_EXACT,NOT_EVALUATED_OUTSIDE_SUPPORTED_POST_ONLY_CANDIDATE,NOT_EVALUATED_OUTSIDE_SUPPORTED_POST_ONLY_CANDIDATE,,LEAKAGE_EXISTING_GROUP_CONFLICT,BOUND_STRUCTURAL_EXECUTION_OUTCOME_RETAINED,NONE,false
428,COVAPIE_CYS_SG_EVENT_V1:3C9E:A:CYS:25-:SG:D:E64:C2,3C9E,E64,C2,NEW_INCREMENTAL_EXECUTION,NEW_INCREMENTAL_EXCLUDED,LEAKAGE_EXISTING_GROUP_CONFLICT,"[""LEAKAGE_EXISTING_GROUP_CONFLICT""]",PASSED,false,BLOCKED_EXISTING_GROUP_CONFLICT,PUBLISHED_POST_ONLY_INELIGIBILITY:FEATURE_STAGE=PASSED;TERMINAL_OUTCOME=LEAKAGE_EXISTING_GROUP_CONFLICT,,,NEG_V1_TS_DUMP_CATALYTIC_ADDUCT_EXACT,NOT_EVALUATED_OUTSIDE_SUPPORTED_POST_ONLY_CANDIDATE,NOT_EVALUATED_OUTSIDE_SUPPORTED_POST_ONLY_CANDIDATE,NEG_V2_DTT_CRYSTALLIZATION_REDUCING_ADDUCT_EXACT,NOT_EVALUATED_OUTSIDE_SUPPORTED_POST_ONLY_CANDIDATE,NOT_EVALUATED_OUTSIDE_SUPPORTED_POST_ONLY_CANDIDATE,,LEAKAGE_EXISTING_GROUP_CONFLICT,BOUND_STRUCTURAL_EXECUTION_OUTCOME_RETAINED,NONE,false
429,COVAPIE_CYS_SG_EVENT_V1:3C9W:A:CYS:164-:SG:C:HMY:C11,3C9W,HMY,C11,NEW_INCREMENTAL_EXECUTION,NEW_INCREMENTAL_CANDIDATE,HUMAN_REVIEW_REQUIRED_PRE_CHEMISTRY,"[""PRE_CHEMISTRY_NOT_PRODUCTION_AUTHORITATIVE"",""NO_FAMILY_LEVEL_AUTO_ADMISSION""]",PASSED,true,POST_ONLY_V1_REVIEW_CANDIDATE,PUBLISHED_POST_ONLY_ELIGIBILITY:FEATURE_STAGE_PASSED_AND_HUMAN_REVIEW_REQUIRED_PRE_CHEMISTRY,COVAPIE_BULK_REVIEW_UNIT_0E4BBC981ADBD5F5,COVAPIE_BULK_REVIEW_UNIT_0E4BBC981ADBD5F5,NEG_V1_TS_DUMP_CATALYTIC_ADDUCT_EXACT,NOT_MATCHED,"PREDICATE_MISMATCH:exact_ccd_component_graph_sha256,exact_ligand_reactive_atom,exact_radius1_sha256,exact_radius2_sha256,exact_ts_family_accession_sequence_key",NEG_V2_DTT_CRYSTALLIZATION_REDUCING_ADDUCT_EXACT,NOT_MATCHED,"PREDICATE_MISMATCH:automorphism_derived_dtt_sulfur_endpoint,exact_1fvg_reagent_protein_context,exact_1fvg_source_structure_context,exact_dtt_component_graph_sha256,exact_dtt_component_identity,exact_ligand_reactive_element,exact_local_topology,exact_radius1_sha256,exact_radius2_sha256;UNAVAILABLE_OR_MALFORMED:exact_dtt_heavy_identity_and_charge[outcome.ccd_formal_charge_pattern:INVALID]",,HUMAN_REVIEW_REQUIRED,NO_SINGLE_EXACT_RULE_MATCHED_EVERY_EVENT;HUMAN_REVIEW_RETAINED,NO_NEW_HUMAN_AUTHORITY,false
430,COVAPIE_CYS_SG_EVENT_V1:3C9W:B:CYS:164-:SG:D:HMY:C11,3C9W,HMY,C11,NEW_INCREMENTAL_EXECUTION,NEW_INCREMENTAL_CANDIDATE,HUMAN_REVIEW_REQUIRED_PRE_CHEMISTRY,"[""PRE_CHEMISTRY_NOT_PRODUCTION_AUTHORITATIVE"",""NO_FAMILY_LEVEL_AUTO_ADMISSION""]",PASSED,true,POST_ONLY_V1_REVIEW_CANDIDATE,PUBLISHED_POST_ONLY_ELIGIBILITY:FEATURE_STAGE_PASSED_AND_HUMAN_REVIEW_REQUIRED_PRE_CHEMISTRY,COVAPIE_BULK_REVIEW_UNIT_0E4BBC981ADBD5F5,COVAPIE_BULK_REVIEW_UNIT_0E4BBC981ADBD5F5,NEG_V1_TS_DUMP_CATALYTIC_ADDUCT_EXACT,NOT_MATCHED,"PREDICATE_MISMATCH:exact_ccd_component_graph_sha256,exact_ligand_reactive_atom,exact_radius1_sha256,exact_radius2_sha256,exact_ts_family_accession_sequence_key",NEG_V2_DTT_CRYSTALLIZATION_REDUCING_ADDUCT_EXACT,NOT_MATCHED,"PREDICATE_MISMATCH:automorphism_derived_dtt_sulfur_endpoint,exact_1fvg_reagent_protein_context,exact_1fvg_source_structure_context,exact_dtt_component_graph_sha256,exact_dtt_component_identity,exact_ligand_reactive_element,exact_local_topology,exact_radius1_sha256,exact_radius2_sha256;UNAVAILABLE_OR_MALFORMED:exact_dtt_heavy_identity_and_charge[outcome.ccd_formal_charge_pattern:INVALID]",,HUMAN_REVIEW_REQUIRED,NO_SINGLE_EXACT_RULE_MATCHED_EVERY_EVENT;HUMAN_REVIEW_RETAINED,NO_NEW_HUMAN_AUTHORITY,false
431,COVAPIE_CYS_SG_EVENT_V1:3D1L:A:CYS:179-:SG:C:MPR:S3,3D1L,MPR,S3,NEW_INCREMENTAL_EXECUTION,NEW_INCREMENTAL_CANDIDATE,HUMAN_REVIEW_REQUIRED_PRE_CHEMISTRY,"[""PRE_CHEMISTRY_NOT_PRODUCTION_AUTHORITATIVE"",""NO_FAMILY_LEVEL_AUTO_ADMISSION""]",PASSED,true,POST_ONLY_V1_REVIEW_CANDIDATE,PUBLISHED_POST_ONLY_ELIGIBILITY:FEATURE_STAGE_PASSED_AND_HUMAN_REVIEW_REQUIRED_PRE_CHEMISTRY,COVAPIE_BULK_REVIEW_UNIT_ED9881931B330C2B,COVAPIE_BULK_REVIEW_UNIT_ED9881931B330C2B,NEG_V1_TS_DUMP_CATALYTIC_ADDUCT_EXACT,NOT_MATCHED,"PREDICATE_MISMATCH:exact_ccd_component_graph_sha256,exact_ligand_reactive_atom,exact_ligand_reactive_element,exact_radius1_sha256,exact_radius2_sha256,exact_ts_family_accession_sequence_key",NEG_V2_DTT_CRYSTALLIZATION_REDUCING_ADDUCT_EXACT,NOT_MATCHED,"PREDICATE_MISMATCH:automorphism_derived_dtt_sulfur_endpoint,exact_1fvg_reagent_protein_context,exact_1fvg_source_structure_context,exact_dtt_component_graph_sha256,exact_dtt_component_identity;UNAVAILABLE_OR_MALFORMED:exact_dtt_heavy_identity_and_charge[outcome.ccd_formal_charge_pattern:INVALID]",,HUMAN_REVIEW_REQUIRED,NO_SINGLE_EXACT_RULE_MATCHED_EVERY_EVENT;HUMAN_REVIEW_RETAINED,NO_NEW_HUMAN_AUTHORITY,false
432,COVAPIE_CYS_SG_EVENT_V1:3D1L:B:CYS:179-:SG:E:MPR:S3,3D1L,MPR,S3,NEW_INCREMENTAL_EXECUTION,NEW_INCREMENTAL_CANDIDATE,HUMAN_REVIEW_REQUIRED_PRE_CHEMISTRY,"[""PRE_CHEMISTRY_NOT_PRODUCTION_AUTHORITATIVE"",""NO_FAMILY_LEVEL_AUTO_ADMISSION""]",PASSED,true,POST_ONLY_V1_REVIEW_CANDIDATE,PUBLISHED_POST_ONLY_ELIGIBILITY:FEATURE_STAGE_PASSED_AND_HUMAN_REVIEW_REQUIRED_PRE_CHEMISTRY,COVAPIE_BULK_REVIEW_UNIT_ED9881931B330C2B,COVAPIE_BULK_REVIEW_UNIT_ED9881931B330C2B,NEG_V1_TS_DUMP_CATALYTIC_ADDUCT_EXACT,NOT_MATCHED,"PREDICATE_MISMATCH:exact_ccd_component_graph_sha256,exact_ligand_reactive_atom,exact_ligand_reactive_element,exact_radius1_sha256,exact_radius2_sha256,exact_ts_family_accession_sequence_key",NEG_V2_DTT_CRYSTALLIZATION_REDUCING_ADDUCT_EXACT,NOT_MATCHED,"PREDICATE_MISMATCH:automorphism_derived_dtt_sulfur_endpoint,exact_1fvg_reagent_protein_context,exact_1fvg_source_structure_context,exact_dtt_component_graph_sha256,exact_dtt_component_identity;UNAVAILABLE_OR_MALFORMED:exact_dtt_heavy_identity_and_charge[outcome.ccd_formal_charge_pattern:INVALID]",,HUMAN_REVIEW_REQUIRED,NO_SINGLE_EXACT_RULE_MATCHED_EVERY_EVENT;HUMAN_REVIEW_RETAINED,NO_NEW_HUMAN_AUTHORITY,false
433,COVAPIE_CYS_SG_EVENT_V1:3D62:A:CYS:145-:SG:B:959:C16,3D62,959,C16,NEW_INCREMENTAL_EXECUTION,NEW_INCREMENTAL_EXCLUDED,STRUCTURAL_EVIDENCE_INCOMPLETE,"[""MMCIF_EXACT_CYS_SG_STRUCT_CONN_NOT_RECOVERED""]",NOT_REACHED,false,OUTSIDE_STRUCTURAL_ELIGIBILITY,PUBLISHED_POST_ONLY_INELIGIBILITY:FEATURE_STAGE=NOT_REACHED;TERMINAL_OUTCOME=STRUCTURAL_EVIDENCE_INCOMPLETE,,,NEG_V1_TS_DUMP_CATALYTIC_ADDUCT_EXACT,NOT_EVALUATED_OUTSIDE_SUPPORTED_POST_ONLY_CANDIDATE,NOT_EVALUATED_OUTSIDE_SUPPORTED_POST_ONLY_CANDIDATE,NEG_V2_DTT_CRYSTALLIZATION_REDUCING_ADDUCT_EXACT,NOT_EVALUATED_OUTSIDE_SUPPORTED_POST_ONLY_CANDIDATE,NOT_EVALUATED_OUTSIDE_SUPPORTED_POST_ONLY_CANDIDATE,,STRUCTURAL_EVIDENCE_INCOMPLETE,BOUND_STRUCTURAL_EXECUTION_OUTCOME_RETAINED,NONE,false
434,COVAPIE_CYS_SG_EVENT_V1:3DLA:A:CYS:176-:SG:I:ONL:CE,3DLA,ONL,CE,NEW_INCREMENTAL_EXECUTION,NEW_INCREMENTAL_CANDIDATE,HUMAN_REVIEW_REQUIRED_PRE_CHEMISTRY,"[""PRE_CHEMISTRY_NOT_PRODUCTION_AUTHORITATIVE"",""NO_FAMILY_LEVEL_AUTO_ADMISSION""]",PASSED,true,POST_ONLY_V1_REVIEW_CANDIDATE,PUBLISHED_POST_ONLY_ELIGIBILITY:FEATURE_STAGE_PASSED_AND_HUMAN_REVIEW_REQUIRED_PRE_CHEMISTRY,COVAPIE_BULK_REVIEW_UNIT_FC5A3060FADCBA74,COVAPIE_BULK_REVIEW_UNIT_FC5A3060FADCBA74,NEG_V1_TS_DUMP_CATALYTIC_ADDUCT_EXACT,NOT_MATCHED,"PREDICATE_MISMATCH:exact_ccd_component_graph_sha256,exact_ligand_reactive_atom,exact_radius1_sha256,exact_radius2_sha256,exact_ts_family_accession_sequence_key",NEG_V2_DTT_CRYSTALLIZATION_REDUCING_ADDUCT_EXACT,NOT_MATCHED,"PREDICATE_MISMATCH:automorphism_derived_dtt_sulfur_endpoint,exact_1fvg_reagent_protein_context,exact_1fvg_source_structure_context,exact_dtt_component_graph_sha256,exact_dtt_component_identity,exact_ligand_reactive_element,exact_local_topology,exact_radius1_sha256,exact_radius2_sha256;UNAVAILABLE_OR_MALFORMED:exact_dtt_heavy_identity_and_charge[outcome.ccd_formal_charge_pattern:INVALID]",,HUMAN_REVIEW_REQUIRED,NO_SINGLE_EXACT_RULE_MATCHED_EVERY_EVENT;HUMAN_REVIEW_RETAINED,NO_NEW_HUMAN_AUTHORITY,false
435,COVAPIE_CYS_SG_EVENT_V1:3DLA:B:CYS:176-:SG:F:ONL:CE,3DLA,ONL,CE,NEW_INCREMENTAL_EXECUTION,NEW_INCREMENTAL_CANDIDATE,HUMAN_REVIEW_REQUIRED_PRE_CHEMISTRY,"[""PRE_CHEMISTRY_NOT_PRODUCTION_AUTHORITATIVE"",""NO_FAMILY_LEVEL_AUTO_ADMISSION""]",PASSED,true,POST_ONLY_V1_REVIEW_CANDIDATE,PUBLISHED_POST_ONLY_ELIGIBILITY:FEATURE_STAGE_PASSED_AND_HUMAN_REVIEW_REQUIRED_PRE_CHEMISTRY,COVAPIE_BULK_REVIEW_UNIT_FC5A3060FADCBA74,COVAPIE_BULK_REVIEW_UNIT_FC5A3060FADCBA74,NEG_V1_TS_DUMP_CATALYTIC_ADDUCT_EXACT,NOT_MATCHED,"PREDICATE_MISMATCH:exact_ccd_component_graph_sha256,exact_ligand_reactive_atom,exact_radius1_sha256,exact_radius2_sha256,exact_ts_family_accession_sequence_key",NEG_V2_DTT_CRYSTALLIZATION_REDUCING_ADDUCT_EXACT,NOT_MATCHED,"PREDICATE_MISMATCH:automorphism_derived_dtt_sulfur_endpoint,exact_1fvg_reagent_protein_context,exact_1fvg_source_structure_context,exact_dtt_component_graph_sha256,exact_dtt_component_identity,exact_ligand_reactive_element,exact_local_topology,exact_radius1_sha256,exact_radius2_sha256;UNAVAILABLE_OR_MALFORMED:exact_dtt_heavy_identity_and_charge[outcome.ccd_formal_charge_pattern:INVALID]",,HUMAN_REVIEW_REQUIRED,NO_SINGLE_EXACT_RULE_MATCHED_EVERY_EVENT;HUMAN_REVIEW_RETAINED,NO_NEW_HUMAN_AUTHORITY,false
436,COVAPIE_CYS_SG_EVENT_V1:3DLA:C:CYS:176-:SG:G:ONL:CE,3DLA,ONL,CE,NEW_INCREMENTAL_EXECUTION,NEW_INCREMENTAL_CANDIDATE,HUMAN_REVIEW_REQUIRED_PRE_CHEMISTRY,"[""PRE_CHEMISTRY_NOT_PRODUCTION_AUTHORITATIVE"",""NO_FAMILY_LEVEL_AUTO_ADMISSION""]",PASSED,true,POST_ONLY_V1_REVIEW_CANDIDATE,PUBLISHED_POST_ONLY_ELIGIBILITY:FEATURE_STAGE_PASSED_AND_HUMAN_REVIEW_REQUIRED_PRE_CHEMISTRY,COVAPIE_BULK_REVIEW_UNIT_FC5A3060FADCBA74,COVAPIE_BULK_REVIEW_UNIT_FC5A3060FADCBA74,NEG_V1_TS_DUMP_CATALYTIC_ADDUCT_EXACT,NOT_MATCHED,"PREDICATE_MISMATCH:exact_ccd_component_graph_sha256,exact_ligand_reactive_atom,exact_radius1_sha256,exact_radius2_sha256,exact_ts_family_accession_sequence_key",NEG_V2_DTT_CRYSTALLIZATION_REDUCING_ADDUCT_EXACT,NOT_MATCHED,"PREDICATE_MISMATCH:automorphism_derived_dtt_sulfur_endpoint,exact_1fvg_reagent_protein_context,exact_1fvg_source_structure_context,exact_dtt_component_graph_sha256,exact_dtt_component_identity,exact_ligand_reactive_element,exact_local_topology,exact_radius1_sha256,exact_radius2_sha256;UNAVAILABLE_OR_MALFORMED:exact_dtt_heavy_identity_and_charge[outcome.ccd_formal_charge_pattern:INVALID]",,HUMAN_REVIEW_REQUIRED,NO_SINGLE_EXACT_RULE_MATCHED_EVERY_EVENT;HUMAN_REVIEW_RETAINED,NO_NEW_HUMAN_AUTHORITY,false
437,COVAPIE_CYS_SG_EVENT_V1:3DLA:D:CYS:176-:SG:H:ONL:CE,3DLA,ONL,CE,NEW_INCREMENTAL_EXECUTION,NEW_INCREMENTAL_CANDIDATE,HUMAN_REVIEW_REQUIRED_PRE_CHEMISTRY,"[""PRE_CHEMISTRY_NOT_PRODUCTION_AUTHORITATIVE"",""NO_FAMILY_LEVEL_AUTO_ADMISSION""]",PASSED,true,POST_ONLY_V1_REVIEW_CANDIDATE,PUBLISHED_POST_ONLY_ELIGIBILITY:FEATURE_STAGE_PASSED_AND_HUMAN_REVIEW_REQUIRED_PRE_CHEMISTRY,COVAPIE_BULK_REVIEW_UNIT_FC5A3060FADCBA74,COVAPIE_BULK_REVIEW_UNIT_FC5A3060FADCBA74,NEG_V1_TS_DUMP_CATALYTIC_ADDUCT_EXACT,NOT_MATCHED,"PREDICATE_MISMATCH:exact_ccd_component_graph_sha256,exact_ligand_reactive_atom,exact_radius1_sha256,exact_radius2_sha256,exact_ts_family_accession_sequence_key",NEG_V2_DTT_CRYSTALLIZATION_REDUCING_ADDUCT_EXACT,NOT_MATCHED,"PREDICATE_MISMATCH:automorphism_derived_dtt_sulfur_endpoint,exact_1fvg_reagent_protein_context,exact_1fvg_source_structure_context,exact_dtt_component_graph_sha256,exact_dtt_component_identity,exact_ligand_reactive_element,exact_local_topology,exact_radius1_sha256,exact_radius2_sha256;UNAVAILABLE_OR_MALFORMED:exact_dtt_heavy_identity_and_charge[outcome.ccd_formal_charge_pattern:INVALID]",,HUMAN_REVIEW_REQUIRED,NO_SINGLE_EXACT_RULE_MATCHED_EVERY_EVENT;HUMAN_REVIEW_RETAINED,NO_NEW_HUMAN_AUTHORITY,false
438,COVAPIE_CYS_SG_EVENT_V1:3FRZ:A:CYS:14-:SG:C:AG6:C15,3FRZ,AG6,C15,NEW_INCREMENTAL_EXECUTION,NEW_INCREMENTAL_EXCLUDED,LEAKAGE_EXISTING_GROUP_CONFLICT,"[""LEAKAGE_EXISTING_GROUP_CONFLICT""]",PASSED,false,BLOCKED_EXISTING_GROUP_CONFLICT,PUBLISHED_POST_ONLY_INELIGIBILITY:FEATURE_STAGE=PASSED;TERMINAL_OUTCOME=LEAKAGE_EXISTING_GROUP_CONFLICT,,,NEG_V1_TS_DUMP_CATALYTIC_ADDUCT_EXACT,NOT_EVALUATED_OUTSIDE_SUPPORTED_POST_ONLY_CANDIDATE,NOT_EVALUATED_OUTSIDE_SUPPORTED_POST_ONLY_CANDIDATE,NEG_V2_DTT_CRYSTALLIZATION_REDUCING_ADDUCT_EXACT,NOT_EVALUATED_OUTSIDE_SUPPORTED_POST_ONLY_CANDIDATE,NOT_EVALUATED_OUTSIDE_SUPPORTED_POST_ONLY_CANDIDATE,,LEAKAGE_EXISTING_GROUP_CONFLICT,BOUND_STRUCTURAL_EXECUTION_OUTCOME_RETAINED,NONE,false
439,COVAPIE_CYS_SG_EVENT_V1:3FRZ:A:CYS:223-:SG:D:BME:S2,3FRZ,BME,S2,NEW_INCREMENTAL_EXECUTION,NEW_INCREMENTAL_EXCLUDED,LEAKAGE_EXISTING_GROUP_CONFLICT,"[""LEAKAGE_EXISTING_GROUP_CONFLICT""]",PASSED,false,BLOCKED_EXISTING_GROUP_CONFLICT,PUBLISHED_POST_ONLY_INELIGIBILITY:FEATURE_STAGE=PASSED;TERMINAL_OUTCOME=LEAKAGE_EXISTING_GROUP_CONFLICT,,,NEG_V1_TS_DUMP_CATALYTIC_ADDUCT_EXACT,NOT_EVALUATED_OUTSIDE_SUPPORTED_POST_ONLY_CANDIDATE,NOT_EVALUATED_OUTSIDE_SUPPORTED_POST_ONLY_CANDIDATE,NEG_V2_DTT_CRYSTALLIZATION_REDUCING_ADDUCT_EXACT,NOT_EVALUATED_OUTSIDE_SUPPORTED_POST_ONLY_CANDIDATE,NOT_EVALUATED_OUTSIDE_SUPPORTED_POST_ONLY_CANDIDATE,,LEAKAGE_EXISTING_GROUP_CONFLICT,BOUND_STRUCTURAL_EXECUTION_OUTCOME_RETAINED,NONE,false
440,COVAPIE_CYS_SG_EVENT_V1:3GCD:A:CYS:140-:SG:E:AZ0:CAG,3GCD,AZ0,CAG,NEW_INCREMENTAL_EXECUTION,NEW_INCREMENTAL_EXCLUDED,LEAKAGE_EXISTING_GROUP_CONFLICT,"[""LEAKAGE_EXISTING_GROUP_CONFLICT""]",PASSED,false,BLOCKED_EXISTING_GROUP_CONFLICT,PUBLISHED_POST_ONLY_INELIGIBILITY:FEATURE_STAGE=PASSED;TERMINAL_OUTCOME=LEAKAGE_EXISTING_GROUP_CONFLICT,,,NEG_V1_TS_DUMP_CATALYTIC_ADDUCT_EXACT,NOT_EVALUATED_OUTSIDE_SUPPORTED_POST_ONLY_CANDIDATE,NOT_EVALUATED_OUTSIDE_SUPPORTED_POST_ONLY_CANDIDATE,NEG_V2_DTT_CRYSTALLIZATION_REDUCING_ADDUCT_EXACT,NOT_EVALUATED_OUTSIDE_SUPPORTED_POST_ONLY_CANDIDATE,NOT_EVALUATED_OUTSIDE_SUPPORTED_POST_ONLY_CANDIDATE,,LEAKAGE_EXISTING_GROUP_CONFLICT,BOUND_STRUCTURAL_EXECUTION_OUTCOME_RETAINED,NONE,false
441,COVAPIE_CYS_SG_EVENT_V1:3GCD:B:CYS:140-:SG:H:AZ0:CAG,3GCD,AZ0,CAG,NEW_INCREMENTAL_EXECUTION,NEW_INCREMENTAL_EXCLUDED,LEAKAGE_EXISTING_GROUP_CONFLICT,"[""LEAKAGE_EXISTING_GROUP_CONFLICT""]",PASSED,false,BLOCKED_EXISTING_GROUP_CONFLICT,PUBLISHED_POST_ONLY_INELIGIBILITY:FEATURE_STAGE=PASSED;TERMINAL_OUTCOME=LEAKAGE_EXISTING_GROUP_CONFLICT,,,NEG_V1_TS_DUMP_CATALYTIC_ADDUCT_EXACT,NOT_EVALUATED_OUTSIDE_SUPPORTED_POST_ONLY_CANDIDATE,NOT_EVALUATED_OUTSIDE_SUPPORTED_POST_ONLY_CANDIDATE,NEG_V2_DTT_CRYSTALLIZATION_REDUCING_ADDUCT_EXACT,NOT_EVALUATED_OUTSIDE_SUPPORTED_POST_ONLY_CANDIDATE,NOT_EVALUATED_OUTSIDE_SUPPORTED_POST_ONLY_CANDIDATE,,LEAKAGE_EXISTING_GROUP_CONFLICT,BOUND_STRUCTURAL_EXECUTION_OUTCOME_RETAINED,NONE,false
442,COVAPIE_CYS_SG_EVENT_V1:3GCD:C:CYS:140-:SG:K:AZ0:CAG,3GCD,AZ0,CAG,NEW_INCREMENTAL_EXECUTION,NEW_INCREMENTAL_EXCLUDED,LEAKAGE_EXISTING_GROUP_CONFLICT,"[""LEAKAGE_EXISTING_GROUP_CONFLICT""]",PASSED,false,BLOCKED_EXISTING_GROUP_CONFLICT,PUBLISHED_POST_ONLY_INELIGIBILITY:FEATURE_STAGE=PASSED;TERMINAL_OUTCOME=LEAKAGE_EXISTING_GROUP_CONFLICT,,,NEG_V1_TS_DUMP_CATALYTIC_ADDUCT_EXACT,NOT_EVALUATED_OUTSIDE_SUPPORTED_POST_ONLY_CANDIDATE,NOT_EVALUATED_OUTSIDE_SUPPORTED_POST_ONLY_CANDIDATE,NEG_V2_DTT_CRYSTALLIZATION_REDUCING_ADDUCT_EXACT,NOT_EVALUATED_OUTSIDE_SUPPORTED_POST_ONLY_CANDIDATE,NOT_EVALUATED_OUTSIDE_SUPPORTED_POST_ONLY_CANDIDATE,,LEAKAGE_EXISTING_GROUP_CONFLICT,BOUND_STRUCTURAL_EXECUTION_OUTCOME_RETAINED,NONE,false
443,COVAPIE_CYS_SG_EVENT_V1:3GCD:D:CYS:140-:SG:N:AZ0:CAG,3GCD,AZ0,CAG,NEW_INCREMENTAL_EXECUTION,NEW_INCREMENTAL_EXCLUDED,LEAKAGE_EXISTING_GROUP_CONFLICT,"[""LEAKAGE_EXISTING_GROUP_CONFLICT""]",PASSED,false,BLOCKED_EXISTING_GROUP_CONFLICT,PUBLISHED_POST_ONLY_INELIGIBILITY:FEATURE_STAGE=PASSED;TERMINAL_OUTCOME=LEAKAGE_EXISTING_GROUP_CONFLICT,,,NEG_V1_TS_DUMP_CATALYTIC_ADDUCT_EXACT,NOT_EVALUATED_OUTSIDE_SUPPORTED_POST_ONLY_CANDIDATE,NOT_EVALUATED_OUTSIDE_SUPPORTED_POST_ONLY_CANDIDATE,NEG_V2_DTT_CRYSTALLIZATION_REDUCING_ADDUCT_EXACT,NOT_EVALUATED_OUTSIDE_SUPPORTED_POST_ONLY_CANDIDATE,NOT_EVALUATED_OUTSIDE_SUPPORTED_POST_ONLY_CANDIDATE,,LEAKAGE_EXISTING_GROUP_CONFLICT,BOUND_STRUCTURAL_EXECUTION_OUTCOME_RETAINED,NONE,false
444,COVAPIE_CYS_SG_EVENT_V1:3H0E:A:CYS:163-:SG:C:H0E:C5,3H0E,H0E,C5,NEW_INCREMENTAL_EXECUTION,NEW_INCREMENTAL_EXCLUDED,LEAKAGE_EXISTING_GROUP_CONFLICT,"[""LEAKAGE_EXISTING_GROUP_CONFLICT""]",PASSED,false,BLOCKED_EXISTING_GROUP_CONFLICT,PUBLISHED_POST_ONLY_INELIGIBILITY:FEATURE_STAGE=PASSED;TERMINAL_OUTCOME=LEAKAGE_EXISTING_GROUP_CONFLICT,,,NEG_V1_TS_DUMP_CATALYTIC_ADDUCT_EXACT,NOT_EVALUATED_OUTSIDE_SUPPORTED_POST_ONLY_CANDIDATE,NOT_EVALUATED_OUTSIDE_SUPPORTED_POST_ONLY_CANDIDATE,NEG_V2_DTT_CRYSTALLIZATION_REDUCING_ADDUCT_EXACT,NOT_EVALUATED_OUTSIDE_SUPPORTED_POST_ONLY_CANDIDATE,NOT_EVALUATED_OUTSIDE_SUPPORTED_POST_ONLY_CANDIDATE,,LEAKAGE_EXISTING_GROUP_CONFLICT,BOUND_STRUCTURAL_EXECUTION_OUTCOME_RETAINED,NONE,false
445,COVAPIE_CYS_SG_EVENT_V1:3H0E:B:CYS:163-:SG:D:H0E:C5,3H0E,H0E,C5,NEW_INCREMENTAL_EXECUTION,NEW_INCREMENTAL_EXCLUDED,LEAKAGE_EXISTING_GROUP_CONFLICT,"[""LEAKAGE_EXISTING_GROUP_CONFLICT""]",PASSED,false,BLOCKED_EXISTING_GROUP_CONFLICT,PUBLISHED_POST_ONLY_INELIGIBILITY:FEATURE_STAGE=PASSED;TERMINAL_OUTCOME=LEAKAGE_EXISTING_GROUP_CONFLICT,,,NEG_V1_TS_DUMP_CATALYTIC_ADDUCT_EXACT,NOT_EVALUATED_OUTSIDE_SUPPORTED_POST_ONLY_CANDIDATE,NOT_EVALUATED_OUTSIDE_SUPPORTED_POST_ONLY_CANDIDATE,NEG_V2_DTT_CRYSTALLIZATION_REDUCING_ADDUCT_EXACT,NOT_EVALUATED_OUTSIDE_SUPPORTED_POST_ONLY_CANDIDATE,NOT_EVALUATED_OUTSIDE_SUPPORTED_POST_ONLY_CANDIDATE,,LEAKAGE_EXISTING_GROUP_CONFLICT,BOUND_STRUCTURAL_EXECUTION_OUTCOME_RETAINED,NONE,false
446,COVAPIE_CYS_SG_EVENT_V1:3HD3:A:CYS:25-:SG:C:25B:C10,3HD3,25B,C10,NEW_INCREMENTAL_EXECUTION,NEW_INCREMENTAL_EXCLUDED,LEAKAGE_EXISTING_GROUP_CONFLICT,"[""LEAKAGE_EXISTING_GROUP_CONFLICT""]",PASSED,false,BLOCKED_EXISTING_GROUP_CONFLICT,PUBLISHED_POST_ONLY_INELIGIBILITY:FEATURE_STAGE=PASSED;TERMINAL_OUTCOME=LEAKAGE_EXISTING_GROUP_CONFLICT,,,NEG_V1_TS_DUMP_CATALYTIC_ADDUCT_EXACT,NOT_EVALUATED_OUTSIDE_SUPPORTED_POST_ONLY_CANDIDATE,NOT_EVALUATED_OUTSIDE_SUPPORTED_POST_ONLY_CANDIDATE,NEG_V2_DTT_CRYSTALLIZATION_REDUCING_ADDUCT_EXACT,NOT_EVALUATED_OUTSIDE_SUPPORTED_POST_ONLY_CANDIDATE,NOT_EVALUATED_OUTSIDE_SUPPORTED_POST_ONLY_CANDIDATE,,LEAKAGE_EXISTING_GROUP_CONFLICT,BOUND_STRUCTURAL_EXECUTION_OUTCOME_RETAINED,NONE,false
447,COVAPIE_CYS_SG_EVENT_V1:3HD3:B:CYS:25-:SG:H:25B:C10,3HD3,25B,C10,NEW_INCREMENTAL_EXECUTION,NEW_INCREMENTAL_EXCLUDED,LEAKAGE_EXISTING_GROUP_CONFLICT,"[""LEAKAGE_EXISTING_GROUP_CONFLICT""]",PASSED,false,BLOCKED_EXISTING_GROUP_CONFLICT,PUBLISHED_POST_ONLY_INELIGIBILITY:FEATURE_STAGE=PASSED;TERMINAL_OUTCOME=LEAKAGE_EXISTING_GROUP_CONFLICT,,,NEG_V1_TS_DUMP_CATALYTIC_ADDUCT_EXACT,NOT_EVALUATED_OUTSIDE_SUPPORTED_POST_ONLY_CANDIDATE,NOT_EVALUATED_OUTSIDE_SUPPORTED_POST_ONLY_CANDIDATE,NEG_V2_DTT_CRYSTALLIZATION_REDUCING_ADDUCT_EXACT,NOT_EVALUATED_OUTSIDE_SUPPORTED_POST_ONLY_CANDIDATE,NOT_EVALUATED_OUTSIDE_SUPPORTED_POST_ONLY_CANDIDATE,,LEAKAGE_EXISTING_GROUP_CONFLICT,BOUND_STRUCTURAL_EXECUTION_OUTCOME_RETAINED,NONE,false
448,COVAPIE_CYS_SG_EVENT_V1:3HHA:A:CYS:25-:SG:E:NOW:C14,3HHA,NOW,C14,NEW_INCREMENTAL_EXECUTION,NEW_INCREMENTAL_EXCLUDED,LEAKAGE_EXISTING_GROUP_CONFLICT,"[""LEAKAGE_EXISTING_GROUP_CONFLICT""]",PASSED,false,BLOCKED_EXISTING_GROUP_CONFLICT,PUBLISHED_POST_ONLY_INELIGIBILITY:FEATURE_STAGE=PASSED;TERMINAL_OUTCOME=LEAKAGE_EXISTING_GROUP_CONFLICT,,,NEG_V1_TS_DUMP_CATALYTIC_ADDUCT_EXACT,NOT_EVALUATED_OUTSIDE_SUPPORTED_POST_ONLY_CANDIDATE,NOT_EVALUATED_OUTSIDE_SUPPORTED_POST_ONLY_CANDIDATE,NEG_V2_DTT_CRYSTALLIZATION_REDUCING_ADDUCT_EXACT,NOT_EVALUATED_OUTSIDE_SUPPORTED_POST_ONLY_CANDIDATE,NOT_EVALUATED_OUTSIDE_SUPPORTED_POST_ONLY_CANDIDATE,,LEAKAGE_EXISTING_GROUP_CONFLICT,BOUND_STRUCTURAL_EXECUTION_OUTCOME_RETAINED,NONE,false
449,COVAPIE_CYS_SG_EVENT_V1:3HHA:B:CYS:25-:SG:H:NOW:C14,3HHA,NOW,C14,NEW_INCREMENTAL_EXECUTION,NEW_INCREMENTAL_EXCLUDED,LEAKAGE_EXISTING_GROUP_CONFLICT,"[""LEAKAGE_EXISTING_GROUP_CONFLICT""]",PASSED,false,BLOCKED_EXISTING_GROUP_CONFLICT,PUBLISHED_POST_ONLY_INELIGIBILITY:FEATURE_STAGE=PASSED;TERMINAL_OUTCOME=LEAKAGE_EXISTING_GROUP_CONFLICT,,,NEG_V1_TS_DUMP_CATALYTIC_ADDUCT_EXACT,NOT_EVALUATED_OUTSIDE_SUPPORTED_POST_ONLY_CANDIDATE,NOT_EVALUATED_OUTSIDE_SUPPORTED_POST_ONLY_CANDIDATE,NEG_V2_DTT_CRYSTALLIZATION_REDUCING_ADDUCT_EXACT,NOT_EVALUATED_OUTSIDE_SUPPORTED_POST_ONLY_CANDIDATE,NOT_EVALUATED_OUTSIDE_SUPPORTED_POST_ONLY_CANDIDATE,,LEAKAGE_EXISTING_GROUP_CONFLICT,BOUND_STRUCTURAL_EXECUTION_OUTCOME_RETAINED,NONE,false
450,COVAPIE_CYS_SG_EVENT_V1:3HHA:C:CYS:25-:SG:J:NOW:C14,3HHA,NOW,C14,NEW_INCREMENTAL_EXECUTION,NEW_INCREMENTAL_EXCLUDED,LEAKAGE_EXISTING_GROUP_CONFLICT,"[""LEAKAGE_EXISTING_GROUP_CONFLICT""]",PASSED,false,BLOCKED_EXISTING_GROUP_CONFLICT,PUBLISHED_POST_ONLY_INELIGIBILITY:FEATURE_STAGE=PASSED;TERMINAL_OUTCOME=LEAKAGE_EXISTING_GROUP_CONFLICT,,,NEG_V1_TS_DUMP_CATALYTIC_ADDUCT_EXACT,NOT_EVALUATED_OUTSIDE_SUPPORTED_POST_ONLY_CANDIDATE,NOT_EVALUATED_OUTSIDE_SUPPORTED_POST_ONLY_CANDIDATE,NEG_V2_DTT_CRYSTALLIZATION_REDUCING_ADDUCT_EXACT,NOT_EVALUATED_OUTSIDE_SUPPORTED_POST_ONLY_CANDIDATE,NOT_EVALUATED_OUTSIDE_SUPPORTED_POST_ONLY_CANDIDATE,,LEAKAGE_EXISTING_GROUP_CONFLICT,BOUND_STRUCTURAL_EXECUTION_OUTCOME_RETAINED,NONE,false
451,COVAPIE_CYS_SG_EVENT_V1:3HHA:D:CYS:25-:SG:K:NOW:C14,3HHA,NOW,C14,NEW_INCREMENTAL_EXECUTION,NEW_INCREMENTAL_EXCLUDED,LEAKAGE_EXISTING_GROUP_CONFLICT,"[""LEAKAGE_EXISTING_GROUP_CONFLICT""]",PASSED,false,BLOCKED_EXISTING_GROUP_CONFLICT,PUBLISHED_POST_ONLY_INELIGIBILITY:FEATURE_STAGE=PASSED;TERMINAL_OUTCOME=LEAKAGE_EXISTING_GROUP_CONFLICT,,,NEG_V1_TS_DUMP_CATALYTIC_ADDUCT_EXACT,NOT_EVALUATED_OUTSIDE_SUPPORTED_POST_ONLY_CANDIDATE,NOT_EVALUATED_OUTSIDE_SUPPORTED_POST_ONLY_CANDIDATE,NEG_V2_DTT_CRYSTALLIZATION_REDUCING_ADDUCT_EXACT,NOT_EVALUATED_OUTSIDE_SUPPORTED_POST_ONLY_CANDIDATE,NOT_EVALUATED_OUTSIDE_SUPPORTED_POST_ONLY_CANDIDATE,,LEAKAGE_EXISTING_GROUP_CONFLICT,BOUND_STRUCTURAL_EXECUTION_OUTCOME_RETAINED,NONE,false
452,COVAPIE_CYS_SG_EVENT_V1:3HHI:A:CYS:122-:SG:C:074:C6,3HHI,074,C6,NEW_INCREMENTAL_EXECUTION,NEW_INCREMENTAL_EXCLUDED,LEAKAGE_EXISTING_GROUP_CONFLICT,"[""LEAKAGE_EXISTING_GROUP_CONFLICT""]",PASSED,false,BLOCKED_EXISTING_GROUP_CONFLICT,PUBLISHED_POST_ONLY_INELIGIBILITY:FEATURE_STAGE=PASSED;TERMINAL_OUTCOME=LEAKAGE_EXISTING_GROUP_CONFLICT,,,NEG_V1_TS_DUMP_CATALYTIC_ADDUCT_EXACT,NOT_EVALUATED_OUTSIDE_SUPPORTED_POST_ONLY_CANDIDATE,NOT_EVALUATED_OUTSIDE_SUPPORTED_POST_ONLY_CANDIDATE,NEG_V2_DTT_CRYSTALLIZATION_REDUCING_ADDUCT_EXACT,NOT_EVALUATED_OUTSIDE_SUPPORTED_POST_ONLY_CANDIDATE,NOT_EVALUATED_OUTSIDE_SUPPORTED_POST_ONLY_CANDIDATE,,LEAKAGE_EXISTING_GROUP_CONFLICT,BOUND_STRUCTURAL_EXECUTION_OUTCOME_RETAINED,NONE,false
453,COVAPIE_CYS_SG_EVENT_V1:3HHI:B:CYS:122-:SG:H:074:C6,3HHI,074,C6,NEW_INCREMENTAL_EXECUTION,NEW_INCREMENTAL_EXCLUDED,LEAKAGE_EXISTING_GROUP_CONFLICT,"[""LEAKAGE_EXISTING_GROUP_CONFLICT""]",PASSED,false,BLOCKED_EXISTING_GROUP_CONFLICT,PUBLISHED_POST_ONLY_INELIGIBILITY:FEATURE_STAGE=PASSED;TERMINAL_OUTCOME=LEAKAGE_EXISTING_GROUP_CONFLICT,,,NEG_V1_TS_DUMP_CATALYTIC_ADDUCT_EXACT,NOT_EVALUATED_OUTSIDE_SUPPORTED_POST_ONLY_CANDIDATE,NOT_EVALUATED_OUTSIDE_SUPPORTED_POST_ONLY_CANDIDATE,NEG_V2_DTT_CRYSTALLIZATION_REDUCING_ADDUCT_EXACT,NOT_EVALUATED_OUTSIDE_SUPPORTED_POST_ONLY_CANDIDATE,NOT_EVALUATED_OUTSIDE_SUPPORTED_POST_ONLY_CANDIDATE,,LEAKAGE_EXISTING_GROUP_CONFLICT,BOUND_STRUCTURAL_EXECUTION_OUTCOME_RETAINED,NONE,false
454,COVAPIE_CYS_SG_EVENT_V1:3HKE:B:CYS:241-:SG:H:T13:CAQ,3HKE,T13,CAQ,NEW_INCREMENTAL_EXECUTION,NEW_INCREMENTAL_EXCLUDED,QUARANTINE_REPRESENTATION_GAP,"[""PRE_ONLY_ATOMS_CANNOT_BE_DROPPED_OR_GIVEN_COORDINATES""]",PASSED,false,BLOCKED_REPRESENTATION_GAP,PUBLISHED_POST_ONLY_INELIGIBILITY:FEATURE_STAGE=PASSED;TERMINAL_OUTCOME=QUARANTINE_REPRESENTATION_GAP,,,NEG_V1_TS_DUMP_CATALYTIC_ADDUCT_EXACT,NOT_EVALUATED_OUTSIDE_SUPPORTED_POST_ONLY_CANDIDATE,NOT_EVALUATED_OUTSIDE_SUPPORTED_POST_ONLY_CANDIDATE,NEG_V2_DTT_CRYSTALLIZATION_REDUCING_ADDUCT_EXACT,NOT_EVALUATED_OUTSIDE_SUPPORTED_POST_ONLY_CANDIDATE,NOT_EVALUATED_OUTSIDE_SUPPORTED_POST_ONLY_CANDIDATE,,QUARANTINE_REPRESENTATION_GAP,BOUND_STRUCTURAL_EXECUTION_OUTCOME_RETAINED,NONE,false
455,COVAPIE_CYS_SG_EVENT_V1:3HKE:D:CYS:241-:SG:N:T13:CAQ,3HKE,T13,CAQ,NEW_INCREMENTAL_EXECUTION,NEW_INCREMENTAL_EXCLUDED,QUARANTINE_REPRESENTATION_GAP,"[""PRE_ONLY_ATOMS_CANNOT_BE_DROPPED_OR_GIVEN_COORDINATES""]",PASSED,false,BLOCKED_REPRESENTATION_GAP,PUBLISHED_POST_ONLY_INELIGIBILITY:FEATURE_STAGE=PASSED;TERMINAL_OUTCOME=QUARANTINE_REPRESENTATION_GAP,,,NEG_V1_TS_DUMP_CATALYTIC_ADDUCT_EXACT,NOT_EVALUATED_OUTSIDE_SUPPORTED_POST_ONLY_CANDIDATE,NOT_EVALUATED_OUTSIDE_SUPPORTED_POST_ONLY_CANDIDATE,NEG_V2_DTT_CRYSTALLIZATION_REDUCING_ADDUCT_EXACT,NOT_EVALUATED_OUTSIDE_SUPPORTED_POST_ONLY_CANDIDATE,NOT_EVALUATED_OUTSIDE_SUPPORTED_POST_ONLY_CANDIDATE,,QUARANTINE_REPRESENTATION_GAP,BOUND_STRUCTURAL_EXECUTION_OUTCOME_RETAINED,NONE,false
456,COVAPIE_CYS_SG_EVENT_V1:3HSR:B:CYS:13-:SG:E:BT6:S1,3HSR,BT6,S1,NEW_INCREMENTAL_EXECUTION,NEW_INCREMENTAL_EXCLUDED,LEAKAGE_EXISTING_GROUP_CONFLICT,"[""LEAKAGE_EXISTING_GROUP_CONFLICT""]",PASSED,false,BLOCKED_EXISTING_GROUP_CONFLICT,PUBLISHED_POST_ONLY_INELIGIBILITY:FEATURE_STAGE=PASSED;TERMINAL_OUTCOME=LEAKAGE_EXISTING_GROUP_CONFLICT,,,NEG_V1_TS_DUMP_CATALYTIC_ADDUCT_EXACT,NOT_EVALUATED_OUTSIDE_SUPPORTED_POST_ONLY_CANDIDATE,NOT_EVALUATED_OUTSIDE_SUPPORTED_POST_ONLY_CANDIDATE,NEG_V2_DTT_CRYSTALLIZATION_REDUCING_ADDUCT_EXACT,NOT_EVALUATED_OUTSIDE_SUPPORTED_POST_ONLY_CANDIDATE,NOT_EVALUATED_OUTSIDE_SUPPORTED_POST_ONLY_CANDIDATE,,LEAKAGE_EXISTING_GROUP_CONFLICT,BOUND_STRUCTURAL_EXECUTION_OUTCOME_RETAINED,NONE,false
457,COVAPIE_CYS_SG_EVENT_V1:3HSR:C:CYS:13-:SG:K:BT6:S1,3HSR,BT6,S1,NEW_INCREMENTAL_EXECUTION,NEW_INCREMENTAL_EXCLUDED,LEAKAGE_EXISTING_GROUP_CONFLICT,"[""LEAKAGE_EXISTING_GROUP_CONFLICT""]",PASSED,false,BLOCKED_EXISTING_GROUP_CONFLICT,PUBLISHED_POST_ONLY_INELIGIBILITY:FEATURE_STAGE=PASSED;TERMINAL_OUTCOME=LEAKAGE_EXISTING_GROUP_CONFLICT,,,NEG_V1_TS_DUMP_CATALYTIC_ADDUCT_EXACT,NOT_EVALUATED_OUTSIDE_SUPPORTED_POST_ONLY_CANDIDATE,NOT_EVALUATED_OUTSIDE_SUPPORTED_POST_ONLY_CANDIDATE,NEG_V2_DTT_CRYSTALLIZATION_REDUCING_ADDUCT_EXACT,NOT_EVALUATED_OUTSIDE_SUPPORTED_POST_ONLY_CANDIDATE,NOT_EVALUATED_OUTSIDE_SUPPORTED_POST_ONLY_CANDIDATE,,LEAKAGE_EXISTING_GROUP_CONFLICT,BOUND_STRUCTURAL_EXECUTION_OUTCOME_RETAINED,NONE,false
458,COVAPIE_CYS_SG_EVENT_V1:3HSR:D:CYS:13-:SG:N:BT6:S1,3HSR,BT6,S1,NEW_INCREMENTAL_EXECUTION,NEW_INCREMENTAL_EXCLUDED,LEAKAGE_EXISTING_GROUP_CONFLICT,"[""LEAKAGE_EXISTING_GROUP_CONFLICT""]",PASSED,false,BLOCKED_EXISTING_GROUP_CONFLICT,PUBLISHED_POST_ONLY_INELIGIBILITY:FEATURE_STAGE=PASSED;TERMINAL_OUTCOME=LEAKAGE_EXISTING_GROUP_CONFLICT,,,NEG_V1_TS_DUMP_CATALYTIC_ADDUCT_EXACT,NOT_EVALUATED_OUTSIDE_SUPPORTED_POST_ONLY_CANDIDATE,NOT_EVALUATED_OUTSIDE_SUPPORTED_POST_ONLY_CANDIDATE,NEG_V2_DTT_CRYSTALLIZATION_REDUCING_ADDUCT_EXACT,NOT_EVALUATED_OUTSIDE_SUPPORTED_POST_ONLY_CANDIDATE,NOT_EVALUATED_OUTSIDE_SUPPORTED_POST_ONLY_CANDIDATE,,LEAKAGE_EXISTING_GROUP_CONFLICT,BOUND_STRUCTURAL_EXECUTION_OUTCOME_RETAINED,NONE,false
459,COVAPIE_CYS_SG_EVENT_V1:3HWN:A:CYS:25-:SG:E:BD3:C24,3HWN,BD3,C24,NEW_INCREMENTAL_EXECUTION,NEW_INCREMENTAL_EXCLUDED,LEAKAGE_EXISTING_GROUP_CONFLICT,"[""LEAKAGE_EXISTING_GROUP_CONFLICT""]",PASSED,false,BLOCKED_EXISTING_GROUP_CONFLICT,PUBLISHED_POST_ONLY_INELIGIBILITY:FEATURE_STAGE=PASSED;TERMINAL_OUTCOME=LEAKAGE_EXISTING_GROUP_CONFLICT,,,NEG_V1_TS_DUMP_CATALYTIC_ADDUCT_EXACT,NOT_EVALUATED_OUTSIDE_SUPPORTED_POST_ONLY_CANDIDATE,NOT_EVALUATED_OUTSIDE_SUPPORTED_POST_ONLY_CANDIDATE,NEG_V2_DTT_CRYSTALLIZATION_REDUCING_ADDUCT_EXACT,NOT_EVALUATED_OUTSIDE_SUPPORTED_POST_ONLY_CANDIDATE,NOT_EVALUATED_OUTSIDE_SUPPORTED_POST_ONLY_CANDIDATE,,LEAKAGE_EXISTING_GROUP_CONFLICT,BOUND_STRUCTURAL_EXECUTION_OUTCOME_RETAINED,NONE,false
460,COVAPIE_CYS_SG_EVENT_V1:3HWN:B:CYS:25-:SG:F:BD3:C24,3HWN,BD3,C24,NEW_INCREMENTAL_EXECUTION,NEW_INCREMENTAL_EXCLUDED,LEAKAGE_EXISTING_GROUP_CONFLICT,"[""LEAKAGE_EXISTING_GROUP_CONFLICT""]",PASSED,false,BLOCKED_EXISTING_GROUP_CONFLICT,PUBLISHED_POST_ONLY_INELIGIBILITY:FEATURE_STAGE=PASSED;TERMINAL_OUTCOME=LEAKAGE_EXISTING_GROUP_CONFLICT,,,NEG_V1_TS_DUMP_CATALYTIC_ADDUCT_EXACT,NOT_EVALUATED_OUTSIDE_SUPPORTED_POST_ONLY_CANDIDATE,NOT_EVALUATED_OUTSIDE_SUPPORTED_POST_ONLY_CANDIDATE,NEG_V2_DTT_CRYSTALLIZATION_REDUCING_ADDUCT_EXACT,NOT_EVALUATED_OUTSIDE_SUPPORTED_POST_ONLY_CANDIDATE,NOT_EVALUATED_OUTSIDE_SUPPORTED_POST_ONLY_CANDIDATE,,LEAKAGE_EXISTING_GROUP_CONFLICT,BOUND_STRUCTURAL_EXECUTION_OUTCOME_RETAINED,NONE,false
461,COVAPIE_CYS_SG_EVENT_V1:3HWN:C:CYS:25-:SG:G:BD3:C24,3HWN,BD3,C24,NEW_INCREMENTAL_EXECUTION,NEW_INCREMENTAL_EXCLUDED,LEAKAGE_EXISTING_GROUP_CONFLICT,"[""LEAKAGE_EXISTING_GROUP_CONFLICT""]",PASSED,false,BLOCKED_EXISTING_GROUP_CONFLICT,PUBLISHED_POST_ONLY_INELIGIBILITY:FEATURE_STAGE=PASSED;TERMINAL_OUTCOME=LEAKAGE_EXISTING_GROUP_CONFLICT,,,NEG_V1_TS_DUMP_CATALYTIC_ADDUCT_EXACT,NOT_EVALUATED_OUTSIDE_SUPPORTED_POST_ONLY_CANDIDATE,NOT_EVALUATED_OUTSIDE_SUPPORTED_POST_ONLY_CANDIDATE,NEG_V2_DTT_CRYSTALLIZATION_REDUCING_ADDUCT_EXACT,NOT_EVALUATED_OUTSIDE_SUPPORTED_POST_ONLY_CANDIDATE,NOT_EVALUATED_OUTSIDE_SUPPORTED_POST_ONLY_CANDIDATE,,LEAKAGE_EXISTING_GROUP_CONFLICT,BOUND_STRUCTURAL_EXECUTION_OUTCOME_RETAINED,NONE,false
462,COVAPIE_CYS_SG_EVENT_V1:3HWN:D:CYS:25-:SG:H:BD3:C24,3HWN,BD3,C24,NEW_INCREMENTAL_EXECUTION,NEW_INCREMENTAL_EXCLUDED,LEAKAGE_EXISTING_GROUP_CONFLICT,"[""LEAKAGE_EXISTING_GROUP_CONFLICT""]",PASSED,false,BLOCKED_EXISTING_GROUP_CONFLICT,PUBLISHED_POST_ONLY_INELIGIBILITY:FEATURE_STAGE=PASSED;TERMINAL_OUTCOME=LEAKAGE_EXISTING_GROUP_CONFLICT,,,NEG_V1_TS_DUMP_CATALYTIC_ADDUCT_EXACT,NOT_EVALUATED_OUTSIDE_SUPPORTED_POST_ONLY_CANDIDATE,NOT_EVALUATED_OUTSIDE_SUPPORTED_POST_ONLY_CANDIDATE,NEG_V2_DTT_CRYSTALLIZATION_REDUCING_ADDUCT_EXACT,NOT_EVALUATED_OUTSIDE_SUPPORTED_POST_ONLY_CANDIDATE,NOT_EVALUATED_OUTSIDE_SUPPORTED_POST_ONLY_CANDIDATE,,LEAKAGE_EXISTING_GROUP_CONFLICT,BOUND_STRUCTURAL_EXECUTION_OUTCOME_RETAINED,NONE,false
463,COVAPIE_CYS_SG_EVENT_V1:3I06:A:CYS:25-:SG:B:QL2:CAS,3I06,QL2,CAS,NEW_INCREMENTAL_EXECUTION,NEW_INCREMENTAL_EXCLUDED,LEAKAGE_EXISTING_GROUP_CONFLICT,"[""LEAKAGE_EXISTING_GROUP_CONFLICT""]",PASSED,false,BLOCKED_EXISTING_GROUP_CONFLICT,PUBLISHED_POST_ONLY_INELIGIBILITY:FEATURE_STAGE=PASSED;TERMINAL_OUTCOME=LEAKAGE_EXISTING_GROUP_CONFLICT,,,NEG_V1_TS_DUMP_CATALYTIC_ADDUCT_EXACT,NOT_EVALUATED_OUTSIDE_SUPPORTED_POST_ONLY_CANDIDATE,NOT_EVALUATED_OUTSIDE_SUPPORTED_POST_ONLY_CANDIDATE,NEG_V2_DTT_CRYSTALLIZATION_REDUCING_ADDUCT_EXACT,NOT_EVALUATED_OUTSIDE_SUPPORTED_POST_ONLY_CANDIDATE,NOT_EVALUATED_OUTSIDE_SUPPORTED_POST_ONLY_CANDIDATE,,LEAKAGE_EXISTING_GROUP_CONFLICT,BOUND_STRUCTURAL_EXECUTION_OUTCOME_RETAINED,NONE,false
464,COVAPIE_CYS_SG_EVENT_V1:3I4A:A:CYS:274-:SG:C:LN5:CZ,3I4A,LN5,CZ,NEW_INCREMENTAL_EXECUTION,NEW_INCREMENTAL_CANDIDATE,HUMAN_REVIEW_REQUIRED_PRE_CHEMISTRY,"[""PRE_CHEMISTRY_NOT_PRODUCTION_AUTHORITATIVE"",""NO_FAMILY_LEVEL_AUTO_ADMISSION""]",PASSED,true,POST_ONLY_V1_REVIEW_CANDIDATE,PUBLISHED_POST_ONLY_ELIGIBILITY:FEATURE_STAGE_PASSED_AND_HUMAN_REVIEW_REQUIRED_PRE_CHEMISTRY,COVAPIE_BULK_REVIEW_UNIT_EBAE6C684690C8C9,COVAPIE_BULK_REVIEW_UNIT_EBAE6C684690C8C9,NEG_V1_TS_DUMP_CATALYTIC_ADDUCT_EXACT,NOT_MATCHED,"PREDICATE_MISMATCH:exact_ccd_component_graph_sha256,exact_ligand_reactive_atom,exact_radius1_sha256,exact_radius2_sha256,exact_ts_family_accession_sequence_key",NEG_V2_DTT_CRYSTALLIZATION_REDUCING_ADDUCT_EXACT,NOT_MATCHED,"PREDICATE_MISMATCH:automorphism_derived_dtt_sulfur_endpoint,exact_1fvg_reagent_protein_context,exact_1fvg_source_structure_context,exact_dtt_component_graph_sha256,exact_dtt_component_identity,exact_ligand_reactive_element,exact_local_topology,exact_radius1_sha256,exact_radius2_sha256;UNAVAILABLE_OR_MALFORMED:exact_dtt_heavy_identity_and_charge[outcome.ccd_formal_charge_pattern:INVALID]",,HUMAN_REVIEW_REQUIRED,NO_SINGLE_EXACT_RULE_MATCHED_EVERY_EVENT;HUMAN_REVIEW_RETAINED,NO_NEW_HUMAN_AUTHORITY,false
465,COVAPIE_CYS_SG_EVENT_V1:3I4A:B:CYS:274-:SG:D:LN5:CZ,3I4A,LN5,CZ,NEW_INCREMENTAL_EXECUTION,NEW_INCREMENTAL_CANDIDATE,HUMAN_REVIEW_REQUIRED_PRE_CHEMISTRY,"[""PRE_CHEMISTRY_NOT_PRODUCTION_AUTHORITATIVE"",""NO_FAMILY_LEVEL_AUTO_ADMISSION""]",PASSED,true,POST_ONLY_V1_REVIEW_CANDIDATE,PUBLISHED_POST_ONLY_ELIGIBILITY:FEATURE_STAGE_PASSED_AND_HUMAN_REVIEW_REQUIRED_PRE_CHEMISTRY,COVAPIE_BULK_REVIEW_UNIT_EBAE6C684690C8C9,COVAPIE_BULK_REVIEW_UNIT_EBAE6C684690C8C9,NEG_V1_TS_DUMP_CATALYTIC_ADDUCT_EXACT,NOT_MATCHED,"PREDICATE_MISMATCH:exact_ccd_component_graph_sha256,exact_ligand_reactive_atom,exact_radius1_sha256,exact_radius2_sha256,exact_ts_family_accession_sequence_key",NEG_V2_DTT_CRYSTALLIZATION_REDUCING_ADDUCT_EXACT,NOT_MATCHED,"PREDICATE_MISMATCH:automorphism_derived_dtt_sulfur_endpoint,exact_1fvg_reagent_protein_context,exact_1fvg_source_structure_context,exact_dtt_component_graph_sha256,exact_dtt_component_identity,exact_ligand_reactive_element,exact_local_topology,exact_radius1_sha256,exact_radius2_sha256;UNAVAILABLE_OR_MALFORMED:exact_dtt_heavy_identity_and_charge[outcome.ccd_formal_charge_pattern:INVALID]",,HUMAN_REVIEW_REQUIRED,NO_SINGLE_EXACT_RULE_MATCHED_EVERY_EVENT;HUMAN_REVIEW_RETAINED,NO_NEW_HUMAN_AUTHORITY,false
466,COVAPIE_CYS_SG_EVENT_V1:3IKA:A:CYS:797-:SG:C:0UN:CAP,3IKA,0UN,CAP,NEW_INCREMENTAL_EXECUTION,NEW_INCREMENTAL_EXCLUDED,STRUCTURAL_EVIDENCE_INCOMPLETE,"[""MMCIF_EXACT_CYS_SG_STRUCT_CONN_NOT_RECOVERED""]",NOT_REACHED,false,OUTSIDE_STRUCTURAL_ELIGIBILITY,PUBLISHED_POST_ONLY_INELIGIBILITY:FEATURE_STAGE=NOT_REACHED;TERMINAL_OUTCOME=STRUCTURAL_EVIDENCE_INCOMPLETE,,,NEG_V1_TS_DUMP_CATALYTIC_ADDUCT_EXACT,NOT_EVALUATED_OUTSIDE_SUPPORTED_POST_ONLY_CANDIDATE,NOT_EVALUATED_OUTSIDE_SUPPORTED_POST_ONLY_CANDIDATE,NEG_V2_DTT_CRYSTALLIZATION_REDUCING_ADDUCT_EXACT,NOT_EVALUATED_OUTSIDE_SUPPORTED_POST_ONLY_CANDIDATE,NOT_EVALUATED_OUTSIDE_SUPPORTED_POST_ONLY_CANDIDATE,,STRUCTURAL_EVIDENCE_INCOMPLETE,BOUND_STRUCTURAL_EXECUTION_OUTCOME_RETAINED,NONE,false
467,COVAPIE_CYS_SG_EVENT_V1:3IOQ:A:CYS:25-:SG:B:E64:C2,3IOQ,E64,C2,NEW_INCREMENTAL_EXECUTION,NEW_INCREMENTAL_EXCLUDED,LEAKAGE_EXISTING_GROUP_CONFLICT,"[""LEAKAGE_EXISTING_GROUP_CONFLICT""]",PASSED,false,BLOCKED_EXISTING_GROUP_CONFLICT,PUBLISHED_POST_ONLY_INELIGIBILITY:FEATURE_STAGE=PASSED;TERMINAL_OUTCOME=LEAKAGE_EXISTING_GROUP_CONFLICT,,,NEG_V1_TS_DUMP_CATALYTIC_ADDUCT_EXACT,NOT_EVALUATED_OUTSIDE_SUPPORTED_POST_ONLY_CANDIDATE,NOT_EVALUATED_OUTSIDE_SUPPORTED_POST_ONLY_CANDIDATE,NEG_V2_DTT_CRYSTALLIZATION_REDUCING_ADDUCT_EXACT,NOT_EVALUATED_OUTSIDE_SUPPORTED_POST_ONLY_CANDIDATE,NOT_EVALUATED_OUTSIDE_SUPPORTED_POST_ONLY_CANDIDATE,,LEAKAGE_EXISTING_GROUP_CONFLICT,BOUND_STRUCTURAL_EXECUTION_OUTCOME_RETAINED,NONE,false
468,COVAPIE_CYS_SG_EVENT_V1:3IUT:A:CYS:25-:SG:B:KB2:C22,3IUT,KB2,C22,NEW_INCREMENTAL_EXECUTION,NEW_INCREMENTAL_EXCLUDED,LEAKAGE_EXISTING_GROUP_CONFLICT,"[""LEAKAGE_EXISTING_GROUP_CONFLICT""]",PASSED,false,BLOCKED_EXISTING_GROUP_CONFLICT,PUBLISHED_POST_ONLY_INELIGIBILITY:FEATURE_STAGE=PASSED;TERMINAL_OUTCOME=LEAKAGE_EXISTING_GROUP_CONFLICT,,,NEG_V1_TS_DUMP_CATALYTIC_ADDUCT_EXACT,NOT_EVALUATED_OUTSIDE_SUPPORTED_POST_ONLY_CANDIDATE,NOT_EVALUATED_OUTSIDE_SUPPORTED_POST_ONLY_CANDIDATE,NEG_V2_DTT_CRYSTALLIZATION_REDUCING_ADDUCT_EXACT,NOT_EVALUATED_OUTSIDE_SUPPORTED_POST_ONLY_CANDIDATE,NOT_EVALUATED_OUTSIDE_SUPPORTED_POST_ONLY_CANDIDATE,,LEAKAGE_EXISTING_GROUP_CONFLICT,BOUND_STRUCTURAL_EXECUTION_OUTCOME_RETAINED,NONE,false
469,COVAPIE_CYS_SG_EVENT_V1:3KHU:A:CYS:276-:SG:G:UPG:C6',3KHU,UPG,C6',NEW_INCREMENTAL_EXECUTION,NEW_INCREMENTAL_CANDIDATE,HUMAN_REVIEW_REQUIRED_PRE_CHEMISTRY,"[""PRE_CHEMISTRY_NOT_PRODUCTION_AUTHORITATIVE"",""NO_FAMILY_LEVEL_AUTO_ADMISSION""]",PASSED,true,POST_ONLY_V1_REVIEW_CANDIDATE,PUBLISHED_POST_ONLY_ELIGIBILITY:FEATURE_STAGE_PASSED_AND_HUMAN_REVIEW_REQUIRED_PRE_CHEMISTRY,COVAPIE_BULK_REVIEW_UNIT_FF0D6AE54C3F23F4,COVAPIE_BULK_REVIEW_UNIT_FF0D6AE54C3F23F4,NEG_V1_TS_DUMP_CATALYTIC_ADDUCT_EXACT,NOT_MATCHED,"PREDICATE_MISMATCH:exact_ccd_component_graph_sha256,exact_ligand_reactive_atom,exact_radius1_sha256,exact_radius2_sha256,exact_ts_family_accession_sequence_key",NEG_V2_DTT_CRYSTALLIZATION_REDUCING_ADDUCT_EXACT,NOT_MATCHED,"PREDICATE_MISMATCH:automorphism_derived_dtt_sulfur_endpoint,exact_1fvg_reagent_protein_context,exact_1fvg_source_structure_context,exact_dtt_component_graph_sha256,exact_dtt_component_identity,exact_ligand_reactive_element,exact_local_topology,exact_radius1_sha256,exact_radius2_sha256;UNAVAILABLE_OR_MALFORMED:exact_dtt_heavy_identity_and_charge[outcome.ccd_formal_charge_pattern:INVALID]",,HUMAN_REVIEW_REQUIRED,NO_SINGLE_EXACT_RULE_MATCHED_EVERY_EVENT;HUMAN_REVIEW_RETAINED,NO_NEW_HUMAN_AUTHORITY,false
470,COVAPIE_CYS_SG_EVENT_V1:3KHU:B:CYS:276-:SG:L:UPG:C6',3KHU,UPG,C6',NEW_INCREMENTAL_EXECUTION,NEW_INCREMENTAL_CANDIDATE,HUMAN_REVIEW_REQUIRED_PRE_CHEMISTRY,"[""PRE_CHEMISTRY_NOT_PRODUCTION_AUTHORITATIVE"",""NO_FAMILY_LEVEL_AUTO_ADMISSION""]",PASSED,true,POST_ONLY_V1_REVIEW_CANDIDATE,PUBLISHED_POST_ONLY_ELIGIBILITY:FEATURE_STAGE_PASSED_AND_HUMAN_REVIEW_REQUIRED_PRE_CHEMISTRY,COVAPIE_BULK_REVIEW_UNIT_FF0D6AE54C3F23F4,COVAPIE_BULK_REVIEW_UNIT_FF0D6AE54C3F23F4,NEG_V1_TS_DUMP_CATALYTIC_ADDUCT_EXACT,NOT_MATCHED,"PREDICATE_MISMATCH:exact_ccd_component_graph_sha256,exact_ligand_reactive_atom,exact_radius1_sha256,exact_radius2_sha256,exact_ts_family_accession_sequence_key",NEG_V2_DTT_CRYSTALLIZATION_REDUCING_ADDUCT_EXACT,NOT_MATCHED,"PREDICATE_MISMATCH:automorphism_derived_dtt_sulfur_endpoint,exact_1fvg_reagent_protein_context,exact_1fvg_source_structure_context,exact_dtt_component_graph_sha256,exact_dtt_component_identity,exact_ligand_reactive_element,exact_local_topology,exact_radius1_sha256,exact_radius2_sha256;UNAVAILABLE_OR_MALFORMED:exact_dtt_heavy_identity_and_charge[outcome.ccd_formal_charge_pattern:INVALID]",,HUMAN_REVIEW_REQUIRED,NO_SINGLE_EXACT_RULE_MATCHED_EVERY_EVENT;HUMAN_REVIEW_RETAINED,NO_NEW_HUMAN_AUTHORITY,false
471,COVAPIE_CYS_SG_EVENT_V1:3KHU:C:CYS:276-:SG:S:UPG:C6',3KHU,UPG,C6',NEW_INCREMENTAL_EXECUTION,NEW_INCREMENTAL_CANDIDATE,HUMAN_REVIEW_REQUIRED_PRE_CHEMISTRY,"[""PRE_CHEMISTRY_NOT_PRODUCTION_AUTHORITATIVE"",""NO_FAMILY_LEVEL_AUTO_ADMISSION""]",PASSED,true,POST_ONLY_V1_REVIEW_CANDIDATE,PUBLISHED_POST_ONLY_ELIGIBILITY:FEATURE_STAGE_PASSED_AND_HUMAN_REVIEW_REQUIRED_PRE_CHEMISTRY,COVAPIE_BULK_REVIEW_UNIT_FF0D6AE54C3F23F4,COVAPIE_BULK_REVIEW_UNIT_FF0D6AE54C3F23F4,NEG_V1_TS_DUMP_CATALYTIC_ADDUCT_EXACT,NOT_MATCHED,"PREDICATE_MISMATCH:exact_ccd_component_graph_sha256,exact_ligand_reactive_atom,exact_radius1_sha256,exact_radius2_sha256,exact_ts_family_accession_sequence_key",NEG_V2_DTT_CRYSTALLIZATION_REDUCING_ADDUCT_EXACT,NOT_MATCHED,"PREDICATE_MISMATCH:automorphism_derived_dtt_sulfur_endpoint,exact_1fvg_reagent_protein_context,exact_1fvg_source_structure_context,exact_dtt_component_graph_sha256,exact_dtt_component_identity,exact_ligand_reactive_element,exact_local_topology,exact_radius1_sha256,exact_radius2_sha256;UNAVAILABLE_OR_MALFORMED:exact_dtt_heavy_identity_and_charge[outcome.ccd_formal_charge_pattern:INVALID]",,HUMAN_REVIEW_REQUIRED,NO_SINGLE_EXACT_RULE_MATCHED_EVERY_EVENT;HUMAN_REVIEW_RETAINED,NO_NEW_HUMAN_AUTHORITY,false
472,COVAPIE_CYS_SG_EVENT_V1:3KHU:D:CYS:276-:SG:X:UPG:C6',3KHU,UPG,C6',NEW_INCREMENTAL_EXECUTION,NEW_INCREMENTAL_CANDIDATE,HUMAN_REVIEW_REQUIRED_PRE_CHEMISTRY,"[""PRE_CHEMISTRY_NOT_PRODUCTION_AUTHORITATIVE"",""NO_FAMILY_LEVEL_AUTO_ADMISSION""]",PASSED,true,POST_ONLY_V1_REVIEW_CANDIDATE,PUBLISHED_POST_ONLY_ELIGIBILITY:FEATURE_STAGE_PASSED_AND_HUMAN_REVIEW_REQUIRED_PRE_CHEMISTRY,COVAPIE_BULK_REVIEW_UNIT_FF0D6AE54C3F23F4,COVAPIE_BULK_REVIEW_UNIT_FF0D6AE54C3F23F4,NEG_V1_TS_DUMP_CATALYTIC_ADDUCT_EXACT,NOT_MATCHED,"PREDICATE_MISMATCH:exact_ccd_component_graph_sha256,exact_ligand_reactive_atom,exact_radius1_sha256,exact_radius2_sha256,exact_ts_family_accession_sequence_key",NEG_V2_DTT_CRYSTALLIZATION_REDUCING_ADDUCT_EXACT,NOT_MATCHED,"PREDICATE_MISMATCH:automorphism_derived_dtt_sulfur_endpoint,exact_1fvg_reagent_protein_context,exact_1fvg_source_structure_context,exact_dtt_component_graph_sha256,exact_dtt_component_identity,exact_ligand_reactive_element,exact_local_topology,exact_radius1_sha256,exact_radius2_sha256;UNAVAILABLE_OR_MALFORMED:exact_dtt_heavy_identity_and_charge[outcome.ccd_formal_charge_pattern:INVALID]",,HUMAN_REVIEW_REQUIRED,NO_SINGLE_EXACT_RULE_MATCHED_EVERY_EVENT;HUMAN_REVIEW_RETAINED,NO_NEW_HUMAN_AUTHORITY,false
473,COVAPIE_CYS_SG_EVENT_V1:3KHU:E:CYS:276-:SG:AA:UPG:C6',3KHU,UPG,C6',NEW_INCREMENTAL_EXECUTION,NEW_INCREMENTAL_CANDIDATE,HUMAN_REVIEW_REQUIRED_PRE_CHEMISTRY,"[""PRE_CHEMISTRY_NOT_PRODUCTION_AUTHORITATIVE"",""NO_FAMILY_LEVEL_AUTO_ADMISSION""]",PASSED,true,POST_ONLY_V1_REVIEW_CANDIDATE,PUBLISHED_POST_ONLY_ELIGIBILITY:FEATURE_STAGE_PASSED_AND_HUMAN_REVIEW_REQUIRED_PRE_CHEMISTRY,COVAPIE_BULK_REVIEW_UNIT_FF0D6AE54C3F23F4,COVAPIE_BULK_REVIEW_UNIT_FF0D6AE54C3F23F4,NEG_V1_TS_DUMP_CATALYTIC_ADDUCT_EXACT,NOT_MATCHED,"PREDICATE_MISMATCH:exact_ccd_component_graph_sha256,exact_ligand_reactive_atom,exact_radius1_sha256,exact_radius2_sha256,exact_ts_family_accession_sequence_key",NEG_V2_DTT_CRYSTALLIZATION_REDUCING_ADDUCT_EXACT,NOT_MATCHED,"PREDICATE_MISMATCH:automorphism_derived_dtt_sulfur_endpoint,exact_1fvg_reagent_protein_context,exact_1fvg_source_structure_context,exact_dtt_component_graph_sha256,exact_dtt_component_identity,exact_ligand_reactive_element,exact_local_topology,exact_radius1_sha256,exact_radius2_sha256;UNAVAILABLE_OR_MALFORMED:exact_dtt_heavy_identity_and_charge[outcome.ccd_formal_charge_pattern:INVALID]",,HUMAN_REVIEW_REQUIRED,NO_SINGLE_EXACT_RULE_MATCHED_EVERY_EVENT;HUMAN_REVIEW_RETAINED,NO_NEW_HUMAN_AUTHORITY,false
474,COVAPIE_CYS_SG_EVENT_V1:3KHU:F:CYS:276-:SG:IA:UPG:C6',3KHU,UPG,C6',NEW_INCREMENTAL_EXECUTION,NEW_INCREMENTAL_CANDIDATE,HUMAN_REVIEW_REQUIRED_PRE_CHEMISTRY,"[""PRE_CHEMISTRY_NOT_PRODUCTION_AUTHORITATIVE"",""NO_FAMILY_LEVEL_AUTO_ADMISSION""]",PASSED,true,POST_ONLY_V1_REVIEW_CANDIDATE,PUBLISHED_POST_ONLY_ELIGIBILITY:FEATURE_STAGE_PASSED_AND_HUMAN_REVIEW_REQUIRED_PRE_CHEMISTRY,COVAPIE_BULK_REVIEW_UNIT_FF0D6AE54C3F23F4,COVAPIE_BULK_REVIEW_UNIT_FF0D6AE54C3F23F4,NEG_V1_TS_DUMP_CATALYTIC_ADDUCT_EXACT,NOT_MATCHED,"PREDICATE_MISMATCH:exact_ccd_component_graph_sha256,exact_ligand_reactive_atom,exact_radius1_sha256,exact_radius2_sha256,exact_ts_family_accession_sequence_key",NEG_V2_DTT_CRYSTALLIZATION_REDUCING_ADDUCT_EXACT,NOT_MATCHED,"PREDICATE_MISMATCH:automorphism_derived_dtt_sulfur_endpoint,exact_1fvg_reagent_protein_context,exact_1fvg_source_structure_context,exact_dtt_component_graph_sha256,exact_dtt_component_identity,exact_ligand_reactive_element,exact_local_topology,exact_radius1_sha256,exact_radius2_sha256;UNAVAILABLE_OR_MALFORMED:exact_dtt_heavy_identity_and_charge[outcome.ccd_formal_charge_pattern:INVALID]",,HUMAN_REVIEW_REQUIRED,NO_SINGLE_EXACT_RULE_MATCHED_EVERY_EVENT;HUMAN_REVIEW_RETAINED,NO_NEW_HUMAN_AUTHORITY,false
475,COVAPIE_CYS_SG_EVENT_V1:3KJF:A:CYS:163-:SG:C:B92:C1,3KJF,B92,C1,NEW_INCREMENTAL_EXECUTION,NEW_INCREMENTAL_EXCLUDED,STRUCTURAL_EVIDENCE_INCOMPLETE,"[""MMCIF_EXACT_CYS_SG_STRUCT_CONN_NOT_RECOVERED""]",NOT_REACHED,false,OUTSIDE_STRUCTURAL_ELIGIBILITY,PUBLISHED_POST_ONLY_INELIGIBILITY:FEATURE_STAGE=NOT_REACHED;TERMINAL_OUTCOME=STRUCTURAL_EVIDENCE_INCOMPLETE,,,NEG_V1_TS_DUMP_CATALYTIC_ADDUCT_EXACT,NOT_EVALUATED_OUTSIDE_SUPPORTED_POST_ONLY_CANDIDATE,NOT_EVALUATED_OUTSIDE_SUPPORTED_POST_ONLY_CANDIDATE,NEG_V2_DTT_CRYSTALLIZATION_REDUCING_ADDUCT_EXACT,NOT_EVALUATED_OUTSIDE_SUPPORTED_POST_ONLY_CANDIDATE,NOT_EVALUATED_OUTSIDE_SUPPORTED_POST_ONLY_CANDIDATE,,STRUCTURAL_EVIDENCE_INCOMPLETE,BOUND_STRUCTURAL_EXECUTION_OUTCOME_RETAINED,NONE,false
476,COVAPIE_CYS_SG_EVENT_V1:3KJN:A:CYS:360-:SG:D:B93:C1,3KJN,B93,C1,NEW_INCREMENTAL_EXECUTION,NEW_INCREMENTAL_EXCLUDED,STRUCTURAL_EVIDENCE_INCOMPLETE,"[""MMCIF_EXACT_CYS_SG_STRUCT_CONN_NOT_RECOVERED""]",NOT_REACHED,false,OUTSIDE_STRUCTURAL_ELIGIBILITY,PUBLISHED_POST_ONLY_INELIGIBILITY:FEATURE_STAGE=NOT_REACHED;TERMINAL_OUTCOME=STRUCTURAL_EVIDENCE_INCOMPLETE,,,NEG_V1_TS_DUMP_CATALYTIC_ADDUCT_EXACT,NOT_EVALUATED_OUTSIDE_SUPPORTED_POST_ONLY_CANDIDATE,NOT_EVALUATED_OUTSIDE_SUPPORTED_POST_ONLY_CANDIDATE,NEG_V2_DTT_CRYSTALLIZATION_REDUCING_ADDUCT_EXACT,NOT_EVALUATED_OUTSIDE_SUPPORTED_POST_ONLY_CANDIDATE,NOT_EVALUATED_OUTSIDE_SUPPORTED_POST_ONLY_CANDIDATE,,STRUCTURAL_EVIDENCE_INCOMPLETE,BOUND_STRUCTURAL_EXECUTION_OUTCOME_RETAINED,NONE,false
477,COVAPIE_CYS_SG_EVENT_V1:3KJQ:A:CYS:360-:SG:C:B94:C1,3KJQ,B94,C1,NEW_INCREMENTAL_EXECUTION,NEW_INCREMENTAL_EXCLUDED,STRUCTURAL_EVIDENCE_INCOMPLETE,"[""MMCIF_EXACT_CYS_SG_STRUCT_CONN_NOT_RECOVERED""]",NOT_REACHED,false,OUTSIDE_STRUCTURAL_ELIGIBILITY,PUBLISHED_POST_ONLY_INELIGIBILITY:FEATURE_STAGE=NOT_REACHED;TERMINAL_OUTCOME=STRUCTURAL_EVIDENCE_INCOMPLETE,,,NEG_V1_TS_DUMP_CATALYTIC_ADDUCT_EXACT,NOT_EVALUATED_OUTSIDE_SUPPORTED_POST_ONLY_CANDIDATE,NOT_EVALUATED_OUTSIDE_SUPPORTED_POST_ONLY_CANDIDATE,NEG_V2_DTT_CRYSTALLIZATION_REDUCING_ADDUCT_EXACT,NOT_EVALUATED_OUTSIDE_SUPPORTED_POST_ONLY_CANDIDATE,NOT_EVALUATED_OUTSIDE_SUPPORTED_POST_ONLY_CANDIDATE,,STRUCTURAL_EVIDENCE_INCOMPLETE,BOUND_STRUCTURAL_EXECUTION_OUTCOME_RETAINED,NONE,false
478,COVAPIE_CYS_SG_EVENT_V1:3KNE:A:CYS:64-:SG:D:DAW:S2,3KNE,DAW,S2,NEW_INCREMENTAL_EXECUTION,NEW_INCREMENTAL_EXCLUDED,LEAKAGE_EXISTING_GROUP_CONFLICT,"[""LEAKAGE_EXISTING_GROUP_CONFLICT""]",PASSED,false,BLOCKED_EXISTING_GROUP_CONFLICT,PUBLISHED_POST_ONLY_INELIGIBILITY:FEATURE_STAGE=PASSED;TERMINAL_OUTCOME=LEAKAGE_EXISTING_GROUP_CONFLICT,,,NEG_V1_TS_DUMP_CATALYTIC_ADDUCT_EXACT,NOT_EVALUATED_OUTSIDE_SUPPORTED_POST_ONLY_CANDIDATE,NOT_EVALUATED_OUTSIDE_SUPPORTED_POST_ONLY_CANDIDATE,NEG_V2_DTT_CRYSTALLIZATION_REDUCING_ADDUCT_EXACT,NOT_EVALUATED_OUTSIDE_SUPPORTED_POST_ONLY_CANDIDATE,NOT_EVALUATED_OUTSIDE_SUPPORTED_POST_ONLY_CANDIDATE,,LEAKAGE_EXISTING_GROUP_CONFLICT,BOUND_STRUCTURAL_EXECUTION_OUTCOME_RETAINED,NONE,false
479,COVAPIE_CYS_SG_EVENT_V1:3KR6:A:CYS:115-:SG:B:FFQ:C1,3KR6,FFQ,C1,NEW_INCREMENTAL_EXECUTION,NEW_INCREMENTAL_CANDIDATE,HUMAN_REVIEW_REQUIRED_PRE_CHEMISTRY,"[""PRE_CHEMISTRY_NOT_PRODUCTION_AUTHORITATIVE"",""NO_FAMILY_LEVEL_AUTO_ADMISSION""]",PASSED,true,POST_ONLY_V1_REVIEW_CANDIDATE,PUBLISHED_POST_ONLY_ELIGIBILITY:FEATURE_STAGE_PASSED_AND_HUMAN_REVIEW_REQUIRED_PRE_CHEMISTRY,COVAPIE_BULK_REVIEW_UNIT_5D533E4A6A44172C,COVAPIE_BULK_REVIEW_UNIT_5D533E4A6A44172C,NEG_V1_TS_DUMP_CATALYTIC_ADDUCT_EXACT,NOT_MATCHED,"PREDICATE_MISMATCH:exact_ccd_component_graph_sha256,exact_ligand_reactive_atom,exact_radius1_sha256,exact_radius2_sha256,exact_ts_family_accession_sequence_key",NEG_V2_DTT_CRYSTALLIZATION_REDUCING_ADDUCT_EXACT,NOT_MATCHED,"PREDICATE_MISMATCH:automorphism_derived_dtt_sulfur_endpoint,exact_1fvg_reagent_protein_context,exact_1fvg_source_structure_context,exact_dtt_component_graph_sha256,exact_dtt_component_identity,exact_ligand_reactive_element,exact_local_topology,exact_radius1_sha256,exact_radius2_sha256,structured_source_boundary;UNAVAILABLE_OR_MALFORMED:exact_dtt_heavy_identity_and_charge[outcome.ccd_formal_charge_pattern:INVALID]",,HUMAN_REVIEW_REQUIRED,NO_SINGLE_EXACT_RULE_MATCHED_EVERY_EVENT;HUMAN_REVIEW_RETAINED,NO_NEW_HUMAN_AUTHORITY,false
480,COVAPIE_CYS_SG_EVENT_V1:3KW5:A:CYS:90-:SG:C:GVE:CB,3KW5,GVE,CB,NEW_INCREMENTAL_EXECUTION,NEW_INCREMENTAL_CANDIDATE,HUMAN_REVIEW_REQUIRED_PRE_CHEMISTRY,"[""PRE_CHEMISTRY_NOT_PRODUCTION_AUTHORITATIVE"",""NO_FAMILY_LEVEL_AUTO_ADMISSION""]",PASSED,true,POST_ONLY_V1_REVIEW_CANDIDATE,PUBLISHED_POST_ONLY_ELIGIBILITY:FEATURE_STAGE_PASSED_AND_HUMAN_REVIEW_REQUIRED_PRE_CHEMISTRY,COVAPIE_BULK_REVIEW_UNIT_AAB4DCC7D3073222,COVAPIE_BULK_REVIEW_UNIT_AAB4DCC7D3073222,NEG_V1_TS_DUMP_CATALYTIC_ADDUCT_EXACT,NOT_MATCHED,"PREDICATE_MISMATCH:exact_ccd_component_graph_sha256,exact_ligand_reactive_atom,exact_radius1_sha256,exact_radius2_sha256,exact_ts_family_accession_sequence_key",NEG_V2_DTT_CRYSTALLIZATION_REDUCING_ADDUCT_EXACT,NOT_MATCHED,"PREDICATE_MISMATCH:automorphism_derived_dtt_sulfur_endpoint,exact_1fvg_reagent_protein_context,exact_1fvg_source_structure_context,exact_dtt_component_graph_sha256,exact_dtt_component_identity,exact_ligand_reactive_element,exact_local_topology,exact_radius1_sha256,exact_radius2_sha256;UNAVAILABLE_OR_MALFORMED:exact_dtt_heavy_identity_and_charge[outcome.ccd_formal_charge_pattern:INVALID]",,HUMAN_REVIEW_REQUIRED,NO_SINGLE_EXACT_RULE_MATCHED_EVERY_EVENT;HUMAN_REVIEW_RETAINED,NO_NEW_HUMAN_AUTHORITY,false
481,COVAPIE_CYS_SG_EVENT_V1:3KW9:A:CYS:25-:SG:B:ORG:C9,3KW9,ORG,C9,NEW_INCREMENTAL_EXECUTION,NEW_INCREMENTAL_EXCLUDED,LEAKAGE_EXISTING_GROUP_CONFLICT,"[""LEAKAGE_EXISTING_GROUP_CONFLICT""]",PASSED,false,BLOCKED_EXISTING_GROUP_CONFLICT,PUBLISHED_POST_ONLY_INELIGIBILITY:FEATURE_STAGE=PASSED;TERMINAL_OUTCOME=LEAKAGE_EXISTING_GROUP_CONFLICT,,,NEG_V1_TS_DUMP_CATALYTIC_ADDUCT_EXACT,NOT_EVALUATED_OUTSIDE_SUPPORTED_POST_ONLY_CANDIDATE,NOT_EVALUATED_OUTSIDE_SUPPORTED_POST_ONLY_CANDIDATE,NEG_V2_DTT_CRYSTALLIZATION_REDUCING_ADDUCT_EXACT,NOT_EVALUATED_OUTSIDE_SUPPORTED_POST_ONLY_CANDIDATE,NOT_EVALUATED_OUTSIDE_SUPPORTED_POST_ONLY_CANDIDATE,,LEAKAGE_EXISTING_GROUP_CONFLICT,BOUND_STRUCTURAL_EXECUTION_OUTCOME_RETAINED,NONE,false
482,COVAPIE_CYS_SG_EVENT_V1:3KWZ:A:CYS:25-:SG:H:KWZ:C26,3KWZ,KWZ,C26,NEW_INCREMENTAL_EXECUTION,NEW_INCREMENTAL_EXCLUDED,LEAKAGE_EXISTING_GROUP_CONFLICT,"[""LEAKAGE_EXISTING_GROUP_CONFLICT""]",PASSED,false,BLOCKED_EXISTING_GROUP_CONFLICT,PUBLISHED_POST_ONLY_INELIGIBILITY:FEATURE_STAGE=PASSED;TERMINAL_OUTCOME=LEAKAGE_EXISTING_GROUP_CONFLICT,,,NEG_V1_TS_DUMP_CATALYTIC_ADDUCT_EXACT,NOT_EVALUATED_OUTSIDE_SUPPORTED_POST_ONLY_CANDIDATE,NOT_EVALUATED_OUTSIDE_SUPPORTED_POST_ONLY_CANDIDATE,NEG_V2_DTT_CRYSTALLIZATION_REDUCING_ADDUCT_EXACT,NOT_EVALUATED_OUTSIDE_SUPPORTED_POST_ONLY_CANDIDATE,NOT_EVALUATED_OUTSIDE_SUPPORTED_POST_ONLY_CANDIDATE,,LEAKAGE_EXISTING_GROUP_CONFLICT,BOUND_STRUCTURAL_EXECUTION_OUTCOME_RETAINED,NONE,false
483,COVAPIE_CYS_SG_EVENT_V1:3LLE:A:CYS:84-:SG:E:SGE:CAG,3LLE,SGE,CAG,NEW_INCREMENTAL_EXECUTION,NEW_INCREMENTAL_CANDIDATE,HUMAN_REVIEW_REQUIRED_PRE_CHEMISTRY,"[""PRE_CHEMISTRY_NOT_PRODUCTION_AUTHORITATIVE"",""NO_FAMILY_LEVEL_AUTO_ADMISSION""]",PASSED,true,POST_ONLY_V1_REVIEW_CANDIDATE,PUBLISHED_POST_ONLY_ELIGIBILITY:FEATURE_STAGE_PASSED_AND_HUMAN_REVIEW_REQUIRED_PRE_CHEMISTRY,COVAPIE_BULK_REVIEW_UNIT_7C664723B3892EDE,COVAPIE_BULK_REVIEW_UNIT_7C664723B3892EDE,NEG_V1_TS_DUMP_CATALYTIC_ADDUCT_EXACT,NOT_MATCHED,"PREDICATE_MISMATCH:exact_ccd_component_graph_sha256,exact_ligand_reactive_atom,exact_radius1_sha256,exact_radius2_sha256,exact_ts_family_accession_sequence_key",NEG_V2_DTT_CRYSTALLIZATION_REDUCING_ADDUCT_EXACT,NOT_MATCHED,"PREDICATE_MISMATCH:automorphism_derived_dtt_sulfur_endpoint,exact_1fvg_reagent_protein_context,exact_1fvg_source_structure_context,exact_dtt_component_graph_sha256,exact_dtt_component_identity,exact_ligand_reactive_element,exact_local_topology,exact_radius1_sha256,exact_radius2_sha256;UNAVAILABLE_OR_MALFORMED:exact_dtt_heavy_identity_and_charge[outcome.ccd_formal_charge_pattern:INVALID]",,HUMAN_REVIEW_REQUIRED,NO_SINGLE_EXACT_RULE_MATCHED_EVERY_EVENT;HUMAN_REVIEW_RETAINED,NO_NEW_HUMAN_AUTHORITY,false
484,COVAPIE_CYS_SG_EVENT_V1:3LLE:B:CYS:84-:SG:H:SGE:CAG,3LLE,SGE,CAG,NEW_INCREMENTAL_EXECUTION,NEW_INCREMENTAL_CANDIDATE,HUMAN_REVIEW_REQUIRED_PRE_CHEMISTRY,"[""PRE_CHEMISTRY_NOT_PRODUCTION_AUTHORITATIVE"",""NO_FAMILY_LEVEL_AUTO_ADMISSION""]",PASSED,true,POST_ONLY_V1_REVIEW_CANDIDATE,PUBLISHED_POST_ONLY_ELIGIBILITY:FEATURE_STAGE_PASSED_AND_HUMAN_REVIEW_REQUIRED_PRE_CHEMISTRY,COVAPIE_BULK_REVIEW_UNIT_7C664723B3892EDE,COVAPIE_BULK_REVIEW_UNIT_7C664723B3892EDE,NEG_V1_TS_DUMP_CATALYTIC_ADDUCT_EXACT,NOT_MATCHED,"PREDICATE_MISMATCH:exact_ccd_component_graph_sha256,exact_ligand_reactive_atom,exact_radius1_sha256,exact_radius2_sha256,exact_ts_family_accession_sequence_key",NEG_V2_DTT_CRYSTALLIZATION_REDUCING_ADDUCT_EXACT,NOT_MATCHED,"PREDICATE_MISMATCH:automorphism_derived_dtt_sulfur_endpoint,exact_1fvg_reagent_protein_context,exact_1fvg_source_structure_context,exact_dtt_component_graph_sha256,exact_dtt_component_identity,exact_ligand_reactive_element,exact_local_topology,exact_radius1_sha256,exact_radius2_sha256;UNAVAILABLE_OR_MALFORMED:exact_dtt_heavy_identity_and_charge[outcome.ccd_formal_charge_pattern:INVALID]",,HUMAN_REVIEW_REQUIRED,NO_SINGLE_EXACT_RULE_MATCHED_EVERY_EVENT;HUMAN_REVIEW_RETAINED,NO_NEW_HUMAN_AUTHORITY,false
485,COVAPIE_CYS_SG_EVENT_V1:3LOK:A:CYS:345-:SG:C:DJK:C51,3LOK,DJK,C51,NEW_INCREMENTAL_EXECUTION,NEW_INCREMENTAL_CANDIDATE,HUMAN_REVIEW_REQUIRED_PRE_CHEMISTRY,"[""PRE_CHEMISTRY_NOT_PRODUCTION_AUTHORITATIVE"",""NO_FAMILY_LEVEL_AUTO_ADMISSION""]",PASSED,true,POST_ONLY_V1_REVIEW_CANDIDATE,PUBLISHED_POST_ONLY_ELIGIBILITY:FEATURE_STAGE_PASSED_AND_HUMAN_REVIEW_REQUIRED_PRE_CHEMISTRY,COVAPIE_BULK_REVIEW_UNIT_5720D0B933DA07F1,COVAPIE_BULK_REVIEW_UNIT_5720D0B933DA07F1,NEG_V1_TS_DUMP_CATALYTIC_ADDUCT_EXACT,NOT_MATCHED,"PREDICATE_MISMATCH:exact_ccd_component_graph_sha256,exact_ligand_reactive_atom,exact_radius1_sha256,exact_radius2_sha256,exact_ts_family_accession_sequence_key",NEG_V2_DTT_CRYSTALLIZATION_REDUCING_ADDUCT_EXACT,NOT_MATCHED,"PREDICATE_MISMATCH:automorphism_derived_dtt_sulfur_endpoint,exact_1fvg_reagent_protein_context,exact_1fvg_source_structure_context,exact_dtt_component_graph_sha256,exact_dtt_component_identity,exact_ligand_reactive_element,exact_local_topology,exact_radius1_sha256,exact_radius2_sha256;UNAVAILABLE_OR_MALFORMED:exact_dtt_heavy_identity_and_charge[outcome.ccd_formal_charge_pattern:INVALID]",,HUMAN_REVIEW_REQUIRED,NO_SINGLE_EXACT_RULE_MATCHED_EVERY_EVENT;HUMAN_REVIEW_RETAINED,NO_NEW_HUMAN_AUTHORITY,false
486,COVAPIE_CYS_SG_EVENT_V1:3LOK:B:CYS:345-:SG:D:DJK:C51,3LOK,DJK,C51,NEW_INCREMENTAL_EXECUTION,NEW_INCREMENTAL_CANDIDATE,HUMAN_REVIEW_REQUIRED_PRE_CHEMISTRY,"[""PRE_CHEMISTRY_NOT_PRODUCTION_AUTHORITATIVE"",""NO_FAMILY_LEVEL_AUTO_ADMISSION""]",PASSED,true,POST_ONLY_V1_REVIEW_CANDIDATE,PUBLISHED_POST_ONLY_ELIGIBILITY:FEATURE_STAGE_PASSED_AND_HUMAN_REVIEW_REQUIRED_PRE_CHEMISTRY,COVAPIE_BULK_REVIEW_UNIT_5720D0B933DA07F1,COVAPIE_BULK_REVIEW_UNIT_5720D0B933DA07F1,NEG_V1_TS_DUMP_CATALYTIC_ADDUCT_EXACT,NOT_MATCHED,"PREDICATE_MISMATCH:exact_ccd_component_graph_sha256,exact_ligand_reactive_atom,exact_radius1_sha256,exact_radius2_sha256,exact_ts_family_accession_sequence_key",NEG_V2_DTT_CRYSTALLIZATION_REDUCING_ADDUCT_EXACT,NOT_MATCHED,"PREDICATE_MISMATCH:automorphism_derived_dtt_sulfur_endpoint,exact_1fvg_reagent_protein_context,exact_1fvg_source_structure_context,exact_dtt_component_graph_sha256,exact_dtt_component_identity,exact_ligand_reactive_element,exact_local_topology,exact_radius1_sha256,exact_radius2_sha256;UNAVAILABLE_OR_MALFORMED:exact_dtt_heavy_identity_and_charge[outcome.ccd_formal_charge_pattern:INVALID]",,HUMAN_REVIEW_REQUIRED,NO_SINGLE_EXACT_RULE_MATCHED_EVERY_EVENT;HUMAN_REVIEW_RETAINED,NO_NEW_HUMAN_AUTHORITY,false
487,COVAPIE_CYS_SG_EVENT_V1:3LTH:A:CYS:115-:SG:B:FFQ:C1,3LTH,FFQ,C1,NEW_INCREMENTAL_EXECUTION,NEW_INCREMENTAL_CANDIDATE,HUMAN_REVIEW_REQUIRED_PRE_CHEMISTRY,"[""PRE_CHEMISTRY_NOT_PRODUCTION_AUTHORITATIVE"",""NO_FAMILY_LEVEL_AUTO_ADMISSION""]",PASSED,true,POST_ONLY_V1_REVIEW_CANDIDATE,PUBLISHED_POST_ONLY_ELIGIBILITY:FEATURE_STAGE_PASSED_AND_HUMAN_REVIEW_REQUIRED_PRE_CHEMISTRY,COVAPIE_BULK_REVIEW_UNIT_5D533E4A6A44172C,COVAPIE_BULK_REVIEW_UNIT_5D533E4A6A44172C,NEG_V1_TS_DUMP_CATALYTIC_ADDUCT_EXACT,NOT_MATCHED,"PREDICATE_MISMATCH:exact_ccd_component_graph_sha256,exact_ligand_reactive_atom,exact_radius1_sha256,exact_radius2_sha256,exact_ts_family_accession_sequence_key",NEG_V2_DTT_CRYSTALLIZATION_REDUCING_ADDUCT_EXACT,NOT_MATCHED,"PREDICATE_MISMATCH:automorphism_derived_dtt_sulfur_endpoint,exact_1fvg_reagent_protein_context,exact_1fvg_source_structure_context,exact_dtt_component_graph_sha256,exact_dtt_component_identity,exact_ligand_reactive_element,exact_local_topology,exact_radius1_sha256,exact_radius2_sha256,structured_source_boundary;UNAVAILABLE_OR_MALFORMED:exact_dtt_heavy_identity_and_charge[outcome.ccd_formal_charge_pattern:INVALID]",,HUMAN_REVIEW_REQUIRED,NO_SINGLE_EXACT_RULE_MATCHED_EVERY_EVENT;HUMAN_REVIEW_RETAINED,NO_NEW_HUMAN_AUTHORITY,false
488,COVAPIE_CYS_SG_EVENT_V1:3LXS:A:CYS:25-:SG:C:4MC:C27,3LXS,4MC,C27,NEW_INCREMENTAL_EXECUTION,NEW_INCREMENTAL_EXCLUDED,LEAKAGE_EXISTING_GROUP_CONFLICT,"[""LEAKAGE_EXISTING_GROUP_CONFLICT""]",PASSED,false,BLOCKED_EXISTING_GROUP_CONFLICT,PUBLISHED_POST_ONLY_INELIGIBILITY:FEATURE_STAGE=PASSED;TERMINAL_OUTCOME=LEAKAGE_EXISTING_GROUP_CONFLICT,,,NEG_V1_TS_DUMP_CATALYTIC_ADDUCT_EXACT,NOT_EVALUATED_OUTSIDE_SUPPORTED_POST_ONLY_CANDIDATE,NOT_EVALUATED_OUTSIDE_SUPPORTED_POST_ONLY_CANDIDATE,NEG_V2_DTT_CRYSTALLIZATION_REDUCING_ADDUCT_EXACT,NOT_EVALUATED_OUTSIDE_SUPPORTED_POST_ONLY_CANDIDATE,NOT_EVALUATED_OUTSIDE_SUPPORTED_POST_ONLY_CANDIDATE,,LEAKAGE_EXISTING_GROUP_CONFLICT,BOUND_STRUCTURAL_EXECUTION_OUTCOME_RETAINED,NONE,false
489,COVAPIE_CYS_SG_EVENT_V1:3M2Z:A:CYS:64-:SG:C:BFE:S12,3M2Z,BFE,S12,NEW_INCREMENTAL_EXECUTION,NEW_INCREMENTAL_EXCLUDED,LEAKAGE_EXISTING_GROUP_CONFLICT,"[""LEAKAGE_EXISTING_GROUP_CONFLICT""]",PASSED,false,BLOCKED_EXISTING_GROUP_CONFLICT,PUBLISHED_POST_ONLY_INELIGIBILITY:FEATURE_STAGE=PASSED;TERMINAL_OUTCOME=LEAKAGE_EXISTING_GROUP_CONFLICT,,,NEG_V1_TS_DUMP_CATALYTIC_ADDUCT_EXACT,NOT_EVALUATED_OUTSIDE_SUPPORTED_POST_ONLY_CANDIDATE,NOT_EVALUATED_OUTSIDE_SUPPORTED_POST_ONLY_CANDIDATE,NEG_V2_DTT_CRYSTALLIZATION_REDUCING_ADDUCT_EXACT,NOT_EVALUATED_OUTSIDE_SUPPORTED_POST_ONLY_CANDIDATE,NOT_EVALUATED_OUTSIDE_SUPPORTED_POST_ONLY_CANDIDATE,,LEAKAGE_EXISTING_GROUP_CONFLICT,BOUND_STRUCTURAL_EXECUTION_OUTCOME_RETAINED,NONE,false
490,COVAPIE_CYS_SG_EVENT_V1:3M5T:A:CYS:64-:SG:C:BFG:S20,3M5T,BFG,S20,NEW_INCREMENTAL_EXECUTION,NEW_INCREMENTAL_EXCLUDED,LEAKAGE_EXISTING_GROUP_CONFLICT,"[""LEAKAGE_EXISTING_GROUP_CONFLICT""]",PASSED,false,BLOCKED_EXISTING_GROUP_CONFLICT,PUBLISHED_POST_ONLY_INELIGIBILITY:FEATURE_STAGE=PASSED;TERMINAL_OUTCOME=LEAKAGE_EXISTING_GROUP_CONFLICT,,,NEG_V1_TS_DUMP_CATALYTIC_ADDUCT_EXACT,NOT_EVALUATED_OUTSIDE_SUPPORTED_POST_ONLY_CANDIDATE,NOT_EVALUATED_OUTSIDE_SUPPORTED_POST_ONLY_CANDIDATE,NEG_V2_DTT_CRYSTALLIZATION_REDUCING_ADDUCT_EXACT,NOT_EVALUATED_OUTSIDE_SUPPORTED_POST_ONLY_CANDIDATE,NOT_EVALUATED_OUTSIDE_SUPPORTED_POST_ONLY_CANDIDATE,,LEAKAGE_EXISTING_GROUP_CONFLICT,BOUND_STRUCTURAL_EXECUTION_OUTCOME_RETAINED,NONE,false
491,COVAPIE_CYS_SG_EVENT_V1:3N4C:A:CYS:25-:SG:C:EF3:C26,3N4C,EF3,C26,NEW_INCREMENTAL_EXECUTION,NEW_INCREMENTAL_EXCLUDED,LEAKAGE_EXISTING_GROUP_CONFLICT,"[""LEAKAGE_EXISTING_GROUP_CONFLICT""]",PASSED,false,BLOCKED_EXISTING_GROUP_CONFLICT,PUBLISHED_POST_ONLY_INELIGIBILITY:FEATURE_STAGE=PASSED;TERMINAL_OUTCOME=LEAKAGE_EXISTING_GROUP_CONFLICT,,,NEG_V1_TS_DUMP_CATALYTIC_ADDUCT_EXACT,NOT_EVALUATED_OUTSIDE_SUPPORTED_POST_ONLY_CANDIDATE,NOT_EVALUATED_OUTSIDE_SUPPORTED_POST_ONLY_CANDIDATE,NEG_V2_DTT_CRYSTALLIZATION_REDUCING_ADDUCT_EXACT,NOT_EVALUATED_OUTSIDE_SUPPORTED_POST_ONLY_CANDIDATE,NOT_EVALUATED_OUTSIDE_SUPPORTED_POST_ONLY_CANDIDATE,,LEAKAGE_EXISTING_GROUP_CONFLICT,BOUND_STRUCTURAL_EXECUTION_OUTCOME_RETAINED,NONE,false
492,COVAPIE_CYS_SG_EVENT_V1:3N4C:B:CYS:25-:SG:E:EF3:C26,3N4C,EF3,C26,NEW_INCREMENTAL_EXECUTION,NEW_INCREMENTAL_EXCLUDED,LEAKAGE_EXISTING_GROUP_CONFLICT,"[""LEAKAGE_EXISTING_GROUP_CONFLICT""]",PASSED,false,BLOCKED_EXISTING_GROUP_CONFLICT,PUBLISHED_POST_ONLY_INELIGIBILITY:FEATURE_STAGE=PASSED;TERMINAL_OUTCOME=LEAKAGE_EXISTING_GROUP_CONFLICT,,,NEG_V1_TS_DUMP_CATALYTIC_ADDUCT_EXACT,NOT_EVALUATED_OUTSIDE_SUPPORTED_POST_ONLY_CANDIDATE,NOT_EVALUATED_OUTSIDE_SUPPORTED_POST_ONLY_CANDIDATE,NEG_V2_DTT_CRYSTALLIZATION_REDUCING_ADDUCT_EXACT,NOT_EVALUATED_OUTSIDE_SUPPORTED_POST_ONLY_CANDIDATE,NOT_EVALUATED_OUTSIDE_SUPPORTED_POST_ONLY_CANDIDATE,,LEAKAGE_EXISTING_GROUP_CONFLICT,BOUND_STRUCTURAL_EXECUTION_OUTCOME_RETAINED,NONE,false
493,COVAPIE_CYS_SG_EVENT_V1:3NPL:B:CYS:97-:SG:F:RU8:C49,3NPL,RU8,C49,NEW_INCREMENTAL_EXECUTION,NEW_INCREMENTAL_EXCLUDED,STRUCTURAL_EVIDENCE_INCOMPLETE,"[""REQUIRED_CCD_PAYLOAD_UNAVAILABLE""]",NOT_REACHED,false,OUTSIDE_STRUCTURAL_ELIGIBILITY,PUBLISHED_POST_ONLY_INELIGIBILITY:FEATURE_STAGE=NOT_REACHED;TERMINAL_OUTCOME=STRUCTURAL_EVIDENCE_INCOMPLETE,,,NEG_V1_TS_DUMP_CATALYTIC_ADDUCT_EXACT,NOT_EVALUATED_OUTSIDE_SUPPORTED_POST_ONLY_CANDIDATE,NOT_EVALUATED_OUTSIDE_SUPPORTED_POST_ONLY_CANDIDATE,NEG_V2_DTT_CRYSTALLIZATION_REDUCING_ADDUCT_EXACT,NOT_EVALUATED_OUTSIDE_SUPPORTED_POST_ONLY_CANDIDATE,NOT_EVALUATED_OUTSIDE_SUPPORTED_POST_ONLY_CANDIDATE,,STRUCTURAL_EVIDENCE_INCOMPLETE,BOUND_STRUCTURAL_EXECUTION_OUTCOME_RETAINED,NONE,false
494,COVAPIE_CYS_SG_EVENT_V1:3O1G:A:CYS:25-:SG:D:O75:C7,3O1G,O75,C7,NEW_INCREMENTAL_EXECUTION,NEW_INCREMENTAL_EXCLUDED,LEAKAGE_EXISTING_GROUP_CONFLICT,"[""LEAKAGE_EXISTING_GROUP_CONFLICT""]",PASSED,false,BLOCKED_EXISTING_GROUP_CONFLICT,PUBLISHED_POST_ONLY_INELIGIBILITY:FEATURE_STAGE=PASSED;TERMINAL_OUTCOME=LEAKAGE_EXISTING_GROUP_CONFLICT,,,NEG_V1_TS_DUMP_CATALYTIC_ADDUCT_EXACT,NOT_EVALUATED_OUTSIDE_SUPPORTED_POST_ONLY_CANDIDATE,NOT_EVALUATED_OUTSIDE_SUPPORTED_POST_ONLY_CANDIDATE,NEG_V2_DTT_CRYSTALLIZATION_REDUCING_ADDUCT_EXACT,NOT_EVALUATED_OUTSIDE_SUPPORTED_POST_ONLY_CANDIDATE,NOT_EVALUATED_OUTSIDE_SUPPORTED_POST_ONLY_CANDIDATE,,LEAKAGE_EXISTING_GROUP_CONFLICT,BOUND_STRUCTURAL_EXECUTION_OUTCOME_RETAINED,NONE,false
495,COVAPIE_CYS_SG_EVENT_V1:3O6T:A:CYS:37-:SG:E:PX5:C15,3O6T,PX5,C15,NEW_INCREMENTAL_EXECUTION,NEW_INCREMENTAL_CANDIDATE,HUMAN_REVIEW_REQUIRED_PRE_CHEMISTRY,"[""PRE_CHEMISTRY_NOT_PRODUCTION_AUTHORITATIVE"",""NO_FAMILY_LEVEL_AUTO_ADMISSION""]",PASSED,true,POST_ONLY_V1_REVIEW_CANDIDATE,PUBLISHED_POST_ONLY_ELIGIBILITY:FEATURE_STAGE_PASSED_AND_HUMAN_REVIEW_REQUIRED_PRE_CHEMISTRY,COVAPIE_BULK_REVIEW_UNIT_F02164FD5061B6D5,COVAPIE_BULK_REVIEW_UNIT_F02164FD5061B6D5,NEG_V1_TS_DUMP_CATALYTIC_ADDUCT_EXACT,NOT_MATCHED,"PREDICATE_MISMATCH:exact_ccd_component_graph_sha256,exact_ligand_reactive_atom,exact_radius1_sha256,exact_radius2_sha256,exact_ts_family_accession_sequence_key",NEG_V2_DTT_CRYSTALLIZATION_REDUCING_ADDUCT_EXACT,NOT_MATCHED,"PREDICATE_MISMATCH:automorphism_derived_dtt_sulfur_endpoint,exact_1fvg_reagent_protein_context,exact_1fvg_source_structure_context,exact_dtt_component_graph_sha256,exact_dtt_component_identity,exact_ligand_reactive_element,exact_local_topology,exact_radius1_sha256,exact_radius2_sha256;UNAVAILABLE_OR_MALFORMED:exact_dtt_heavy_identity_and_charge[outcome.ccd_formal_charge_pattern:INVALID]",,HUMAN_REVIEW_REQUIRED,NO_SINGLE_EXACT_RULE_MATCHED_EVERY_EVENT;HUMAN_REVIEW_RETAINED,NO_NEW_HUMAN_AUTHORITY,false
496,COVAPIE_CYS_SG_EVENT_V1:3O6T:C:CYS:37-:SG:G:PX5:C15,3O6T,PX5,C15,NEW_INCREMENTAL_EXECUTION,NEW_INCREMENTAL_CANDIDATE,HUMAN_REVIEW_REQUIRED_PRE_CHEMISTRY,"[""PRE_CHEMISTRY_NOT_PRODUCTION_AUTHORITATIVE"",""NO_FAMILY_LEVEL_AUTO_ADMISSION""]",PASSED,true,POST_ONLY_V1_REVIEW_CANDIDATE,PUBLISHED_POST_ONLY_ELIGIBILITY:FEATURE_STAGE_PASSED_AND_HUMAN_REVIEW_REQUIRED_PRE_CHEMISTRY,COVAPIE_BULK_REVIEW_UNIT_F02164FD5061B6D5,COVAPIE_BULK_REVIEW_UNIT_F02164FD5061B6D5,NEG_V1_TS_DUMP_CATALYTIC_ADDUCT_EXACT,NOT_MATCHED,"PREDICATE_MISMATCH:exact_ccd_component_graph_sha256,exact_ligand_reactive_atom,exact_radius1_sha256,exact_radius2_sha256,exact_ts_family_accession_sequence_key",NEG_V2_DTT_CRYSTALLIZATION_REDUCING_ADDUCT_EXACT,NOT_MATCHED,"PREDICATE_MISMATCH:automorphism_derived_dtt_sulfur_endpoint,exact_1fvg_reagent_protein_context,exact_1fvg_source_structure_context,exact_dtt_component_graph_sha256,exact_dtt_component_identity,exact_ligand_reactive_element,exact_local_topology,exact_radius1_sha256,exact_radius2_sha256;UNAVAILABLE_OR_MALFORMED:exact_dtt_heavy_identity_and_charge[outcome.ccd_formal_charge_pattern:INVALID]",,HUMAN_REVIEW_REQUIRED,NO_SINGLE_EXACT_RULE_MATCHED_EVERY_EVENT;HUMAN_REVIEW_RETAINED,NO_NEW_HUMAN_AUTHORITY,false
497,COVAPIE_CYS_SG_EVENT_V1:3OF8:A:CYS:26-:SG:B:I0Y:C21,3OF8,I0Y,C21,NEW_INCREMENTAL_EXECUTION,NEW_INCREMENTAL_EXCLUDED,LEAKAGE_EXISTING_GROUP_CONFLICT,"[""LEAKAGE_EXISTING_GROUP_CONFLICT""]",PASSED,false,BLOCKED_EXISTING_GROUP_CONFLICT,PUBLISHED_POST_ONLY_INELIGIBILITY:FEATURE_STAGE=PASSED;TERMINAL_OUTCOME=LEAKAGE_EXISTING_GROUP_CONFLICT,,,NEG_V1_TS_DUMP_CATALYTIC_ADDUCT_EXACT,NOT_EVALUATED_OUTSIDE_SUPPORTED_POST_ONLY_CANDIDATE,NOT_EVALUATED_OUTSIDE_SUPPORTED_POST_ONLY_CANDIDATE,NEG_V2_DTT_CRYSTALLIZATION_REDUCING_ADDUCT_EXACT,NOT_EVALUATED_OUTSIDE_SUPPORTED_POST_ONLY_CANDIDATE,NOT_EVALUATED_OUTSIDE_SUPPORTED_POST_ONLY_CANDIDATE,,LEAKAGE_EXISTING_GROUP_CONFLICT,BOUND_STRUCTURAL_EXECUTION_OUTCOME_RETAINED,NONE,false
498,COVAPIE_CYS_SG_EVENT_V1:3OF9:A:CYS:26-:SG:B:I0X:C31,3OF9,I0X,C31,NEW_INCREMENTAL_EXECUTION,NEW_INCREMENTAL_EXCLUDED,LEAKAGE_EXISTING_GROUP_CONFLICT,"[""LEAKAGE_EXISTING_GROUP_CONFLICT""]",PASSED,false,BLOCKED_EXISTING_GROUP_CONFLICT,PUBLISHED_POST_ONLY_INELIGIBILITY:FEATURE_STAGE=PASSED;TERMINAL_OUTCOME=LEAKAGE_EXISTING_GROUP_CONFLICT,,,NEG_V1_TS_DUMP_CATALYTIC_ADDUCT_EXACT,NOT_EVALUATED_OUTSIDE_SUPPORTED_POST_ONLY_CANDIDATE,NOT_EVALUATED_OUTSIDE_SUPPORTED_POST_ONLY_CANDIDATE,NEG_V2_DTT_CRYSTALLIZATION_REDUCING_ADDUCT_EXACT,NOT_EVALUATED_OUTSIDE_SUPPORTED_POST_ONLY_CANDIDATE,NOT_EVALUATED_OUTSIDE_SUPPORTED_POST_ONLY_CANDIDATE,,LEAKAGE_EXISTING_GROUP_CONFLICT,BOUND_STRUCTURAL_EXECUTION_OUTCOME_RETAINED,NONE,false
499,COVAPIE_CYS_SG_EVENT_V1:3ORX:A:CYS:148-:SG:I:1F8:SD,3ORX,1F8,SD,NEW_INCREMENTAL_EXECUTION,NEW_INCREMENTAL_CANDIDATE,HUMAN_REVIEW_REQUIRED_PRE_CHEMISTRY,"[""PRE_CHEMISTRY_NOT_PRODUCTION_AUTHORITATIVE"",""NO_FAMILY_LEVEL_AUTO_ADMISSION""]",PASSED,true,POST_ONLY_V1_REVIEW_CANDIDATE,PUBLISHED_POST_ONLY_ELIGIBILITY:FEATURE_STAGE_PASSED_AND_HUMAN_REVIEW_REQUIRED_PRE_CHEMISTRY,COVAPIE_BULK_REVIEW_UNIT_9723B0F9EC07CC81,COVAPIE_BULK_REVIEW_UNIT_9723B0F9EC07CC81,NEG_V1_TS_DUMP_CATALYTIC_ADDUCT_EXACT,NOT_MATCHED,"PREDICATE_MISMATCH:exact_ccd_component_graph_sha256,exact_ligand_reactive_atom,exact_ligand_reactive_element,exact_radius1_sha256,exact_radius2_sha256,exact_ts_family_accession_sequence_key",NEG_V2_DTT_CRYSTALLIZATION_REDUCING_ADDUCT_EXACT,NOT_MATCHED,"PREDICATE_MISMATCH:automorphism_derived_dtt_sulfur_endpoint,exact_1fvg_reagent_protein_context,exact_1fvg_source_structure_context,exact_dtt_component_graph_sha256,exact_dtt_component_identity,structured_source_boundary;UNAVAILABLE_OR_MALFORMED:exact_dtt_heavy_identity_and_charge[outcome.ccd_formal_charge_pattern:INVALID]",,HUMAN_REVIEW_REQUIRED,NO_SINGLE_EXACT_RULE_MATCHED_EVERY_EVENT;HUMAN_REVIEW_RETAINED,NO_NEW_HUMAN_AUTHORITY,false
500,COVAPIE_CYS_SG_EVENT_V1:3ORX:B:CYS:148-:SG:K:1F8:SD,3ORX,1F8,SD,NEW_INCREMENTAL_EXECUTION,NEW_INCREMENTAL_CANDIDATE,HUMAN_REVIEW_REQUIRED_PRE_CHEMISTRY,"[""PRE_CHEMISTRY_NOT_PRODUCTION_AUTHORITATIVE"",""NO_FAMILY_LEVEL_AUTO_ADMISSION""]",PASSED,true,POST_ONLY_V1_REVIEW_CANDIDATE,PUBLISHED_POST_ONLY_ELIGIBILITY:FEATURE_STAGE_PASSED_AND_HUMAN_REVIEW_REQUIRED_PRE_CHEMISTRY,COVAPIE_BULK_REVIEW_UNIT_9723B0F9EC07CC81,COVAPIE_BULK_REVIEW_UNIT_9723B0F9EC07CC81,NEG_V1_TS_DUMP_CATALYTIC_ADDUCT_EXACT,NOT_MATCHED,"PREDICATE_MISMATCH:exact_ccd_component_graph_sha256,exact_ligand_reactive_atom,exact_ligand_reactive_element,exact_radius1_sha256,exact_radius2_sha256,exact_ts_family_accession_sequence_key",NEG_V2_DTT_CRYSTALLIZATION_REDUCING_ADDUCT_EXACT,NOT_MATCHED,"PREDICATE_MISMATCH:automorphism_derived_dtt_sulfur_endpoint,exact_1fvg_reagent_protein_context,exact_1fvg_source_structure_context,exact_dtt_component_graph_sha256,exact_dtt_component_identity,structured_source_boundary;UNAVAILABLE_OR_MALFORMED:exact_dtt_heavy_identity_and_charge[outcome.ccd_formal_charge_pattern:INVALID]",,HUMAN_REVIEW_REQUIRED,NO_SINGLE_EXACT_RULE_MATCHED_EVERY_EVENT;HUMAN_REVIEW_RETAINED,NO_NEW_HUMAN_AUTHORITY,false
