canonical_event_id,review_unit_id,pdb_id,ligand_component_id,target_cys_identity,protein_accession,protein_sequence_sha256,ccd_component_graph_sha256,ligand_reactive_atom,ligand_reactive_element,radius1_sha256,radius2_sha256,rule_id,evaluation_status,evaluation_reason,matched_predicates_json,human_review_state_if_any,review_unit_shadow_status,shadow_would_auto_negative
COVAPIE_CYS_SG_EVENT_V1:1BJG:A:CYS:146-:SG:B:UFP:C6,COVAPIE_BULK_REVIEW_UNIT_1E58101A3E611294,1BJG,UFP,1BJG:A:CYS:146:SG,P0A884,4fe8b14019730e060c4d6d145c39f9f1a0b9720eba0deb3bab502a87cece2434,b0a11ecaa554b18716e2cce629257fca90bf38b2f97fd73803509cfa5c9617b5,C6,C,9d8060b2268ba49a158fddd66dd1ec165d7ec06ed6a41a9ab4cce7ae93031ef9,2378be48c8563f2ac42953db7b53923eda2337aecce63f6737607f283299c279,NEG_V1_TS_DUMP_CATALYTIC_ADDUCT_EXACT,NOT_MATCHED,"PREDICATE_MISMATCH:exact_ccd_component_graph_sha256,exact_radius2_sha256","[""candidate_lane"",""structural_model_eligible"",""feature_compatible"",""explicit_cys_sg_covalent_evidence"",""usable_post_complex_structural_evidence"",""full_ligand_coordinates"",""exact_ccd_observed_heavy_atom_identity_coverage"",""exact_ccd_observed_heavy_atom_element_agreement"",""exact_reactive_ligand_atom_coverage"",""pocket_coordinates"",""outcome_candidate_route"",""outcome_feature_projection_passed"",""outcome_explicit_covalent_evidence"",""exact_connection_and_endpoint_coordinates"",""exact_ligand_reactive_atom"",""exact_ligand_reactive_element"",""exact_radius1_sha256"",""exact_ts_family_accession_sequence_key"",""structured_protein_identity_source_boundary"",""source_annotations_well_formed"",""no_source_annotation_conflict"",""no_existing_exact_positive_authority"",""no_production_approval"",""no_runtime_positive_override""]",UNREVIEWED,NOT_SHADOW_AUTO_NEGATIVE,false
COVAPIE_CYS_SG_EVENT_V1:1BQ1:A:CYS:146-:SG:C:UMP:C6,COVAPIE_BULK_REVIEW_UNIT_EB1C0FF8712C32A9,1BQ1,UMP,1BQ1:A:CYS:146:SG,P0A884,00f3d78a8f4943d37d0b8c82bc2ca84a1b018ad3a37124d248ab0a1107789aff,94a0c576d62f9955d6574009b4a79479396f2ebaa977c7340bc9b0ab4203d8f9,C6,C,9d8060b2268ba49a158fddd66dd1ec165d7ec06ed6a41a9ab4cce7ae93031ef9,cc17eb042e28bb3d8672f4c98c90659357dd42a1e2f3a33f5beeee7d73847b1e,NEG_V1_TS_DUMP_CATALYTIC_ADDUCT_EXACT,MATCHED_AUTO_NEGATIVE_EXACT,ALL_EXACT_PREDICATES_MATCHED,"[""candidate_lane"",""structural_model_eligible"",""feature_compatible"",""explicit_cys_sg_covalent_evidence"",""usable_post_complex_structural_evidence"",""full_ligand_coordinates"",""exact_ccd_observed_heavy_atom_identity_coverage"",""exact_ccd_observed_heavy_atom_element_agreement"",""exact_reactive_ligand_atom_coverage"",""pocket_coordinates"",""outcome_candidate_route"",""outcome_feature_projection_passed"",""outcome_explicit_covalent_evidence"",""exact_connection_and_endpoint_coordinates"",""exact_ccd_component_graph_sha256"",""exact_ligand_reactive_atom"",""exact_ligand_reactive_element"",""exact_radius1_sha256"",""exact_radius2_sha256"",""exact_ts_family_accession_sequence_key"",""structured_protein_identity_source_boundary"",""source_annotations_well_formed"",""no_source_annotation_conflict"",""no_existing_exact_positive_authority"",""no_production_approval"",""no_runtime_positive_override""]",UNREVIEWED,SHADOW_AUTO_NEGATIVE_EXACT,true
COVAPIE_CYS_SG_EVENT_V1:1BQ1:B:CYS:146-:SG:E:UMP:C6,COVAPIE_BULK_REVIEW_UNIT_EB1C0FF8712C32A9,1BQ1,UMP,1BQ1:B:CYS:146:SG,P0A884,00f3d78a8f4943d37d0b8c82bc2ca84a1b018ad3a37124d248ab0a1107789aff,94a0c576d62f9955d6574009b4a79479396f2ebaa977c7340bc9b0ab4203d8f9,C6,C,9d8060b2268ba49a158fddd66dd1ec165d7ec06ed6a41a9ab4cce7ae93031ef9,cc17eb042e28bb3d8672f4c98c90659357dd42a1e2f3a33f5beeee7d73847b1e,NEG_V1_TS_DUMP_CATALYTIC_ADDUCT_EXACT,MATCHED_AUTO_NEGATIVE_EXACT,ALL_EXACT_PREDICATES_MATCHED,"[""candidate_lane"",""structural_model_eligible"",""feature_compatible"",""explicit_cys_sg_covalent_evidence"",""usable_post_complex_structural_evidence"",""full_ligand_coordinates"",""exact_ccd_observed_heavy_atom_identity_coverage"",""exact_ccd_observed_heavy_atom_element_agreement"",""exact_reactive_ligand_atom_coverage"",""pocket_coordinates"",""outcome_candidate_route"",""outcome_feature_projection_passed"",""outcome_explicit_covalent_evidence"",""exact_connection_and_endpoint_coordinates"",""exact_ccd_component_graph_sha256"",""exact_ligand_reactive_atom"",""exact_ligand_reactive_element"",""exact_radius1_sha256"",""exact_radius2_sha256"",""exact_ts_family_accession_sequence_key"",""structured_protein_identity_source_boundary"",""source_annotations_well_formed"",""no_source_annotation_conflict"",""no_existing_exact_positive_authority"",""no_production_approval"",""no_runtime_positive_override""]",UNREVIEWED,SHADOW_AUTO_NEGATIVE_EXACT,true
COVAPIE_CYS_SG_EVENT_V1:1BWC:A:CYS:58-:SG:D:AJ3:S5,COVAPIE_BULK_REVIEW_UNIT_5662273FCD38234C,1BWC,AJ3,1BWC:A:CYS:58:SG,P00390,120c9188b9a69c57ce0390022a587fa1fabad4f8d272661a46a830f6c6efa8ea,a3cfc1f52445e5a5049c6e06cf73c26b144bca08154dd4697504a5010414f1e9,S5,S,e6ca1bc51fe2e6a441cee743e1e8351ac9e24a449cfdb678c4db60c12eec33b8,54d4e72a782ab57225cafb4e7d435e08ec1d6c1ba520fc8767a9d5f5d6c1f068,NEG_V1_TS_DUMP_CATALYTIC_ADDUCT_EXACT,NOT_MATCHED,"PREDICATE_MISMATCH:exact_ccd_component_graph_sha256,exact_ligand_reactive_atom,exact_ligand_reactive_element,exact_radius1_sha256,exact_radius2_sha256,exact_ts_family_accession_sequence_key,no_runtime_positive_override","[""candidate_lane"",""structural_model_eligible"",""feature_compatible"",""explicit_cys_sg_covalent_evidence"",""usable_post_complex_structural_evidence"",""full_ligand_coordinates"",""exact_ccd_observed_heavy_atom_identity_coverage"",""exact_ccd_observed_heavy_atom_element_agreement"",""exact_reactive_ligand_atom_coverage"",""pocket_coordinates"",""outcome_candidate_route"",""outcome_feature_projection_passed"",""outcome_explicit_covalent_evidence"",""exact_connection_and_endpoint_coordinates"",""structured_protein_identity_source_boundary"",""source_annotations_well_formed"",""no_source_annotation_conflict"",""no_existing_exact_positive_authority"",""no_production_approval""]",IN_PROGRESS:RELEVANT_FOR_COVAPIE_POST_ONLY_V1,NOT_SHADOW_AUTO_NEGATIVE,false
COVAPIE_CYS_SG_EVENT_V1:1CR5:A:CYS:146-:SG:E:NEN:C1,COVAPIE_BULK_REVIEW_UNIT_D88548D5B5FCAA3C,1CR5,NEN,1CR5:A:CYS:146:SG,P18759,0bb140edd39c650906668ad46df42ca237b0510a6da23e8449ea2a14ad76c52b,4f61a414ff74951e07bbe70ac6e3c671e4afbe11b7833a4c1f8d94f443db2e93,C1,C,d2671534b0762c2541e105e7ff6bff1377db0f8f49fb932ad12463c7cf42f909,0f95f50099dfd6703ccedefae393196c7793cf15ca10c350eba3d884b1e71d81,NEG_V1_TS_DUMP_CATALYTIC_ADDUCT_EXACT,NOT_MATCHED,"PREDICATE_MISMATCH:exact_ccd_component_graph_sha256,exact_ligand_reactive_atom,exact_radius1_sha256,exact_radius2_sha256,exact_ts_family_accession_sequence_key","[""candidate_lane"",""structural_model_eligible"",""feature_compatible"",""explicit_cys_sg_covalent_evidence"",""usable_post_complex_structural_evidence"",""full_ligand_coordinates"",""exact_ccd_observed_heavy_atom_identity_coverage"",""exact_ccd_observed_heavy_atom_element_agreement"",""exact_reactive_ligand_atom_coverage"",""pocket_coordinates"",""outcome_candidate_route"",""outcome_feature_projection_passed"",""outcome_explicit_covalent_evidence"",""exact_connection_and_endpoint_coordinates"",""exact_ligand_reactive_element"",""structured_protein_identity_source_boundary"",""source_annotations_well_formed"",""no_source_annotation_conflict"",""no_existing_exact_positive_authority"",""no_production_approval"",""no_runtime_positive_override""]",COMPLETED:NOT_RELEVANT_TO_COVAPIE_SMALL_MOLECULE_TASK,NOT_SHADOW_AUTO_NEGATIVE,false
COVAPIE_CYS_SG_EVENT_V1:1CR5:A:CYS:34-:SG:D:NEN:C1,COVAPIE_BULK_REVIEW_UNIT_D88548D5B5FCAA3C,1CR5,NEN,1CR5:A:CYS:34:SG,P18759,0bb140edd39c650906668ad46df42ca237b0510a6da23e8449ea2a14ad76c52b,4f61a414ff74951e07bbe70ac6e3c671e4afbe11b7833a4c1f8d94f443db2e93,C1,C,d2671534b0762c2541e105e7ff6bff1377db0f8f49fb932ad12463c7cf42f909,0f95f50099dfd6703ccedefae393196c7793cf15ca10c350eba3d884b1e71d81,NEG_V1_TS_DUMP_CATALYTIC_ADDUCT_EXACT,NOT_MATCHED,"PREDICATE_MISMATCH:exact_ccd_component_graph_sha256,exact_ligand_reactive_atom,exact_radius1_sha256,exact_radius2_sha256,exact_ts_family_accession_sequence_key","[""candidate_lane"",""structural_model_eligible"",""feature_compatible"",""explicit_cys_sg_covalent_evidence"",""usable_post_complex_structural_evidence"",""full_ligand_coordinates"",""exact_ccd_observed_heavy_atom_identity_coverage"",""exact_ccd_observed_heavy_atom_element_agreement"",""exact_reactive_ligand_atom_coverage"",""pocket_coordinates"",""outcome_candidate_route"",""outcome_feature_projection_passed"",""outcome_explicit_covalent_evidence"",""exact_connection_and_endpoint_coordinates"",""exact_ligand_reactive_element"",""structured_protein_identity_source_boundary"",""source_annotations_well_formed"",""no_source_annotation_conflict"",""no_existing_exact_positive_authority"",""no_production_approval"",""no_runtime_positive_override""]",COMPLETED:NOT_RELEVANT_TO_COVAPIE_SMALL_MOLECULE_TASK,NOT_SHADOW_AUTO_NEGATIVE,false
COVAPIE_CYS_SG_EVENT_V1:1CR5:B:CYS:146-:SG:G:NEN:C1,COVAPIE_BULK_REVIEW_UNIT_D88548D5B5FCAA3C,1CR5,NEN,1CR5:B:CYS:146:SG,P18759,0bb140edd39c650906668ad46df42ca237b0510a6da23e8449ea2a14ad76c52b,4f61a414ff74951e07bbe70ac6e3c671e4afbe11b7833a4c1f8d94f443db2e93,C1,C,d2671534b0762c2541e105e7ff6bff1377db0f8f49fb932ad12463c7cf42f909,0f95f50099dfd6703ccedefae393196c7793cf15ca10c350eba3d884b1e71d81,NEG_V1_TS_DUMP_CATALYTIC_ADDUCT_EXACT,NOT_MATCHED,"PREDICATE_MISMATCH:exact_ccd_component_graph_sha256,exact_ligand_reactive_atom,exact_radius1_sha256,exact_radius2_sha256,exact_ts_family_accession_sequence_key","[""candidate_lane"",""structural_model_eligible"",""feature_compatible"",""explicit_cys_sg_covalent_evidence"",""usable_post_complex_structural_evidence"",""full_ligand_coordinates"",""exact_ccd_observed_heavy_atom_identity_coverage"",""exact_ccd_observed_heavy_atom_element_agreement"",""exact_reactive_ligand_atom_coverage"",""pocket_coordinates"",""outcome_candidate_route"",""outcome_feature_projection_passed"",""outcome_explicit_covalent_evidence"",""exact_connection_and_endpoint_coordinates"",""exact_ligand_reactive_element"",""structured_protein_identity_source_boundary"",""source_annotations_well_formed"",""no_source_annotation_conflict"",""no_existing_exact_positive_authority"",""no_production_approval"",""no_runtime_positive_override""]",COMPLETED:NOT_RELEVANT_TO_COVAPIE_SMALL_MOLECULE_TASK,NOT_SHADOW_AUTO_NEGATIVE,false
COVAPIE_CYS_SG_EVENT_V1:1CR5:B:CYS:34-:SG:F:NEN:C1,COVAPIE_BULK_REVIEW_UNIT_D88548D5B5FCAA3C,1CR5,NEN,1CR5:B:CYS:34:SG,P18759,0bb140edd39c650906668ad46df42ca237b0510a6da23e8449ea2a14ad76c52b,4f61a414ff74951e07bbe70ac6e3c671e4afbe11b7833a4c1f8d94f443db2e93,C1,C,d2671534b0762c2541e105e7ff6bff1377db0f8f49fb932ad12463c7cf42f909,0f95f50099dfd6703ccedefae393196c7793cf15ca10c350eba3d884b1e71d81,NEG_V1_TS_DUMP_CATALYTIC_ADDUCT_EXACT,NOT_MATCHED,"PREDICATE_MISMATCH:exact_ccd_component_graph_sha256,exact_ligand_reactive_atom,exact_radius1_sha256,exact_radius2_sha256,exact_ts_family_accession_sequence_key","[""candidate_lane"",""structural_model_eligible"",""feature_compatible"",""explicit_cys_sg_covalent_evidence"",""usable_post_complex_structural_evidence"",""full_ligand_coordinates"",""exact_ccd_observed_heavy_atom_identity_coverage"",""exact_ccd_observed_heavy_atom_element_agreement"",""exact_reactive_ligand_atom_coverage"",""pocket_coordinates"",""outcome_candidate_route"",""outcome_feature_projection_passed"",""outcome_explicit_covalent_evidence"",""exact_connection_and_endpoint_coordinates"",""exact_ligand_reactive_element"",""structured_protein_identity_source_boundary"",""source_annotations_well_formed"",""no_source_annotation_conflict"",""no_existing_exact_positive_authority"",""no_production_approval"",""no_runtime_positive_override""]",COMPLETED:NOT_RELEVANT_TO_COVAPIE_SMALL_MOLECULE_TASK,NOT_SHADOW_AUTO_NEGATIVE,false
COVAPIE_CYS_SG_EVENT_V1:1CR5:C:CYS:146-:SG:I:NEN:C1,COVAPIE_BULK_REVIEW_UNIT_D88548D5B5FCAA3C,1CR5,NEN,1CR5:C:CYS:146:SG,P18759,0bb140edd39c650906668ad46df42ca237b0510a6da23e8449ea2a14ad76c52b,4f61a414ff74951e07bbe70ac6e3c671e4afbe11b7833a4c1f8d94f443db2e93,C1,C,d2671534b0762c2541e105e7ff6bff1377db0f8f49fb932ad12463c7cf42f909,0f95f50099dfd6703ccedefae393196c7793cf15ca10c350eba3d884b1e71d81,NEG_V1_TS_DUMP_CATALYTIC_ADDUCT_EXACT,NOT_MATCHED,"PREDICATE_MISMATCH:exact_ccd_component_graph_sha256,exact_ligand_reactive_atom,exact_radius1_sha256,exact_radius2_sha256,exact_ts_family_accession_sequence_key","[""candidate_lane"",""structural_model_eligible"",""feature_compatible"",""explicit_cys_sg_covalent_evidence"",""usable_post_complex_structural_evidence"",""full_ligand_coordinates"",""exact_ccd_observed_heavy_atom_identity_coverage"",""exact_ccd_observed_heavy_atom_element_agreement"",""exact_reactive_ligand_atom_coverage"",""pocket_coordinates"",""outcome_candidate_route"",""outcome_feature_projection_passed"",""outcome_explicit_covalent_evidence"",""exact_connection_and_endpoint_coordinates"",""exact_ligand_reactive_element"",""structured_protein_identity_source_boundary"",""source_annotations_well_formed"",""no_source_annotation_conflict"",""no_existing_exact_positive_authority"",""no_production_approval"",""no_runtime_positive_override""]",COMPLETED:NOT_RELEVANT_TO_COVAPIE_SMALL_MOLECULE_TASK,NOT_SHADOW_AUTO_NEGATIVE,false
COVAPIE_CYS_SG_EVENT_V1:1CR5:C:CYS:34-:SG:H:NEN:C1,COVAPIE_BULK_REVIEW_UNIT_D88548D5B5FCAA3C,1CR5,NEN,1CR5:C:CYS:34:SG,P18759,0bb140edd39c650906668ad46df42ca237b0510a6da23e8449ea2a14ad76c52b,4f61a414ff74951e07bbe70ac6e3c671e4afbe11b7833a4c1f8d94f443db2e93,C1,C,d2671534b0762c2541e105e7ff6bff1377db0f8f49fb932ad12463c7cf42f909,0f95f50099dfd6703ccedefae393196c7793cf15ca10c350eba3d884b1e71d81,NEG_V1_TS_DUMP_CATALYTIC_ADDUCT_EXACT,NOT_MATCHED,"PREDICATE_MISMATCH:exact_ccd_component_graph_sha256,exact_ligand_reactive_atom,exact_radius1_sha256,exact_radius2_sha256,exact_ts_family_accession_sequence_key","[""candidate_lane"",""structural_model_eligible"",""feature_compatible"",""explicit_cys_sg_covalent_evidence"",""usable_post_complex_structural_evidence"",""full_ligand_coordinates"",""exact_ccd_observed_heavy_atom_identity_coverage"",""exact_ccd_observed_heavy_atom_element_agreement"",""exact_reactive_ligand_atom_coverage"",""pocket_coordinates"",""outcome_candidate_route"",""outcome_feature_projection_passed"",""outcome_explicit_covalent_evidence"",""exact_connection_and_endpoint_coordinates"",""exact_ligand_reactive_element"",""structured_protein_identity_source_boundary"",""source_annotations_well_formed"",""no_source_annotation_conflict"",""no_existing_exact_positive_authority"",""no_production_approval"",""no_runtime_positive_override""]",COMPLETED:NOT_RELEVANT_TO_COVAPIE_SMALL_MOLECULE_TASK,NOT_SHADOW_AUTO_NEGATIVE,false
COVAPIE_CYS_SG_EVENT_V1:1DC4:A:CYS:149-:SG:C:G3P:C1,COVAPIE_BULK_REVIEW_UNIT_7ECA4E38FFF9D55A,1DC4,G3P,1DC4:A:CYS:149:SG,P0A9B2,c185e409c10d079092eee312245e3a007c74ee2fbbc561a041c9bfb5182afeca,a80febafdd1a957239c1b25358c830f15f48f9824891e39a38e8efd41193a0a8,C1,C,6640297989eb0bea53d9ea479366da0a85b814f464788a15e1152c9600e47ae3,7f5a3f467df2241f184015f98fea08e52f76734ceabdd1c7c558728f48aea087,NEG_V1_TS_DUMP_CATALYTIC_ADDUCT_EXACT,NOT_MATCHED,"PREDICATE_MISMATCH:exact_ccd_component_graph_sha256,exact_ligand_reactive_atom,exact_radius1_sha256,exact_radius2_sha256,exact_ts_family_accession_sequence_key","[""candidate_lane"",""structural_model_eligible"",""feature_compatible"",""explicit_cys_sg_covalent_evidence"",""usable_post_complex_structural_evidence"",""full_ligand_coordinates"",""exact_ccd_observed_heavy_atom_identity_coverage"",""exact_ccd_observed_heavy_atom_element_agreement"",""exact_reactive_ligand_atom_coverage"",""pocket_coordinates"",""outcome_candidate_route"",""outcome_feature_projection_passed"",""outcome_explicit_covalent_evidence"",""exact_connection_and_endpoint_coordinates"",""exact_ligand_reactive_element"",""structured_protein_identity_source_boundary"",""source_annotations_well_formed"",""no_source_annotation_conflict"",""no_existing_exact_positive_authority"",""no_production_approval"",""no_runtime_positive_override""]",UNREVIEWED,NOT_SHADOW_AUTO_NEGATIVE,false
COVAPIE_CYS_SG_EVENT_V1:1DC4:B:CYS:149-:SG:D:G3P:C1,COVAPIE_BULK_REVIEW_UNIT_7ECA4E38FFF9D55A,1DC4,G3P,1DC4:B:CYS:149:SG,P0A9B2,c185e409c10d079092eee312245e3a007c74ee2fbbc561a041c9bfb5182afeca,a80febafdd1a957239c1b25358c830f15f48f9824891e39a38e8efd41193a0a8,C1,C,6640297989eb0bea53d9ea479366da0a85b814f464788a15e1152c9600e47ae3,7f5a3f467df2241f184015f98fea08e52f76734ceabdd1c7c558728f48aea087,NEG_V1_TS_DUMP_CATALYTIC_ADDUCT_EXACT,NOT_MATCHED,"PREDICATE_MISMATCH:exact_ccd_component_graph_sha256,exact_ligand_reactive_atom,exact_radius1_sha256,exact_radius2_sha256,exact_ts_family_accession_sequence_key","[""candidate_lane"",""structural_model_eligible"",""feature_compatible"",""explicit_cys_sg_covalent_evidence"",""usable_post_complex_structural_evidence"",""full_ligand_coordinates"",""exact_ccd_observed_heavy_atom_identity_coverage"",""exact_ccd_observed_heavy_atom_element_agreement"",""exact_reactive_ligand_atom_coverage"",""pocket_coordinates"",""outcome_candidate_route"",""outcome_feature_projection_passed"",""outcome_explicit_covalent_evidence"",""exact_connection_and_endpoint_coordinates"",""exact_ligand_reactive_element"",""structured_protein_identity_source_boundary"",""source_annotations_well_formed"",""no_source_annotation_conflict"",""no_existing_exact_positive_authority"",""no_production_approval"",""no_runtime_positive_override""]",UNREVIEWED,NOT_SHADOW_AUTO_NEGATIVE,false
COVAPIE_CYS_SG_EVENT_V1:1ECC:A:CYS:1-:SG:E:ONL:CE,COVAPIE_BULK_REVIEW_UNIT_FC5A3060FADCBA74,1ECC,ONL,1ECC:A:CYS:1:SG,P00496,a63d2c964a52f4259aa14a8f5fbb5ef1f6214974f25b5b7cf2d276653060dafd,4f5da8da8d74363eedaacb6a29fa2b53e0c9c2103df1a3d9f8f69baa65a87bbd,CE,C,270399e12813ee583716a9b98b14a3a92b0ff33679d916e098ea8dd5a3862b15,a4ef2bdfced2cd00b0657a687d1f369c44fc79aef3f185422cfcd2c90519ac47,NEG_V1_TS_DUMP_CATALYTIC_ADDUCT_EXACT,NOT_MATCHED,"PREDICATE_MISMATCH:exact_ccd_component_graph_sha256,exact_ligand_reactive_atom,exact_radius1_sha256,exact_radius2_sha256,exact_ts_family_accession_sequence_key","[""candidate_lane"",""structural_model_eligible"",""feature_compatible"",""explicit_cys_sg_covalent_evidence"",""usable_post_complex_structural_evidence"",""full_ligand_coordinates"",""exact_ccd_observed_heavy_atom_identity_coverage"",""exact_ccd_observed_heavy_atom_element_agreement"",""exact_reactive_ligand_atom_coverage"",""pocket_coordinates"",""outcome_candidate_route"",""outcome_feature_projection_passed"",""outcome_explicit_covalent_evidence"",""exact_connection_and_endpoint_coordinates"",""exact_ligand_reactive_element"",""structured_protein_identity_source_boundary"",""source_annotations_well_formed"",""no_source_annotation_conflict"",""no_existing_exact_positive_authority"",""no_production_approval"",""no_runtime_positive_override""]",UNREVIEWED,NOT_SHADOW_AUTO_NEGATIVE,false
COVAPIE_CYS_SG_EVENT_V1:1ECC:B:CYS:1-:SG:J:ONL:CE,COVAPIE_BULK_REVIEW_UNIT_FC5A3060FADCBA74,1ECC,ONL,1ECC:B:CYS:1:SG,P00496,a63d2c964a52f4259aa14a8f5fbb5ef1f6214974f25b5b7cf2d276653060dafd,4f5da8da8d74363eedaacb6a29fa2b53e0c9c2103df1a3d9f8f69baa65a87bbd,CE,C,270399e12813ee583716a9b98b14a3a92b0ff33679d916e098ea8dd5a3862b15,a4ef2bdfced2cd00b0657a687d1f369c44fc79aef3f185422cfcd2c90519ac47,NEG_V1_TS_DUMP_CATALYTIC_ADDUCT_EXACT,NOT_MATCHED,"PREDICATE_MISMATCH:exact_ccd_component_graph_sha256,exact_ligand_reactive_atom,exact_radius1_sha256,exact_radius2_sha256,exact_ts_family_accession_sequence_key","[""candidate_lane"",""structural_model_eligible"",""feature_compatible"",""explicit_cys_sg_covalent_evidence"",""usable_post_complex_structural_evidence"",""full_ligand_coordinates"",""exact_ccd_observed_heavy_atom_identity_coverage"",""exact_ccd_observed_heavy_atom_element_agreement"",""exact_reactive_ligand_atom_coverage"",""pocket_coordinates"",""outcome_candidate_route"",""outcome_feature_projection_passed"",""outcome_explicit_covalent_evidence"",""exact_connection_and_endpoint_coordinates"",""exact_ligand_reactive_element"",""structured_protein_identity_source_boundary"",""source_annotations_well_formed"",""no_source_annotation_conflict"",""no_existing_exact_positive_authority"",""no_production_approval"",""no_runtime_positive_override""]",UNREVIEWED,NOT_SHADOW_AUTO_NEGATIVE,false
COVAPIE_CYS_SG_EVENT_V1:1ECG:A:CYS:1-:SG:C:ONL:CE,COVAPIE_BULK_REVIEW_UNIT_FC5A3060FADCBA74,1ECG,ONL,1ECG:A:CYS:1:SG,P00496,a63d2c964a52f4259aa14a8f5fbb5ef1f6214974f25b5b7cf2d276653060dafd,4f5da8da8d74363eedaacb6a29fa2b53e0c9c2103df1a3d9f8f69baa65a87bbd,CE,C,270399e12813ee583716a9b98b14a3a92b0ff33679d916e098ea8dd5a3862b15,a4ef2bdfced2cd00b0657a687d1f369c44fc79aef3f185422cfcd2c90519ac47,NEG_V1_TS_DUMP_CATALYTIC_ADDUCT_EXACT,NOT_MATCHED,"PREDICATE_MISMATCH:exact_ccd_component_graph_sha256,exact_ligand_reactive_atom,exact_radius1_sha256,exact_radius2_sha256,exact_ts_family_accession_sequence_key","[""candidate_lane"",""structural_model_eligible"",""feature_compatible"",""explicit_cys_sg_covalent_evidence"",""usable_post_complex_structural_evidence"",""full_ligand_coordinates"",""exact_ccd_observed_heavy_atom_identity_coverage"",""exact_ccd_observed_heavy_atom_element_agreement"",""exact_reactive_ligand_atom_coverage"",""pocket_coordinates"",""outcome_candidate_route"",""outcome_feature_projection_passed"",""outcome_explicit_covalent_evidence"",""exact_connection_and_endpoint_coordinates"",""exact_ligand_reactive_element"",""structured_protein_identity_source_boundary"",""source_annotations_well_formed"",""no_source_annotation_conflict"",""no_existing_exact_positive_authority"",""no_production_approval"",""no_runtime_positive_override""]",UNREVIEWED,NOT_SHADOW_AUTO_NEGATIVE,false
COVAPIE_CYS_SG_EVENT_V1:1ECG:B:CYS:1-:SG:G:ONL:CE,COVAPIE_BULK_REVIEW_UNIT_FC5A3060FADCBA74,1ECG,ONL,1ECG:B:CYS:1:SG,P00496,a63d2c964a52f4259aa14a8f5fbb5ef1f6214974f25b5b7cf2d276653060dafd,4f5da8da8d74363eedaacb6a29fa2b53e0c9c2103df1a3d9f8f69baa65a87bbd,CE,C,270399e12813ee583716a9b98b14a3a92b0ff33679d916e098ea8dd5a3862b15,a4ef2bdfced2cd00b0657a687d1f369c44fc79aef3f185422cfcd2c90519ac47,NEG_V1_TS_DUMP_CATALYTIC_ADDUCT_EXACT,NOT_MATCHED,"PREDICATE_MISMATCH:exact_ccd_component_graph_sha256,exact_ligand_reactive_atom,exact_radius1_sha256,exact_radius2_sha256,exact_ts_family_accession_sequence_key","[""candidate_lane"",""structural_model_eligible"",""feature_compatible"",""explicit_cys_sg_covalent_evidence"",""usable_post_complex_structural_evidence"",""full_ligand_coordinates"",""exact_ccd_observed_heavy_atom_identity_coverage"",""exact_ccd_observed_heavy_atom_element_agreement"",""exact_reactive_ligand_atom_coverage"",""pocket_coordinates"",""outcome_candidate_route"",""outcome_feature_projection_passed"",""outcome_explicit_covalent_evidence"",""exact_connection_and_endpoint_coordinates"",""exact_ligand_reactive_element"",""structured_protein_identity_source_boundary"",""source_annotations_well_formed"",""no_source_annotation_conflict"",""no_existing_exact_positive_authority"",""no_production_approval"",""no_runtime_positive_override""]",UNREVIEWED,NOT_SHADOW_AUTO_NEGATIVE,false
COVAPIE_CYS_SG_EVENT_V1:1F28:A:CYS:173-:SG:E:UMP:C6,COVAPIE_BULK_REVIEW_UNIT_EB1C0FF8712C32A9,1F28,UMP,1F28:A:CYS:173:SG,P13100,f59ac11a38155d82df6219e40e6cd5e1612cd5a58130294fcd840a05ac5b2ebd,94a0c576d62f9955d6574009b4a79479396f2ebaa977c7340bc9b0ab4203d8f9,C6,C,9d8060b2268ba49a158fddd66dd1ec165d7ec06ed6a41a9ab4cce7ae93031ef9,cc17eb042e28bb3d8672f4c98c90659357dd42a1e2f3a33f5beeee7d73847b1e,NEG_V1_TS_DUMP_CATALYTIC_ADDUCT_EXACT,MATCHED_AUTO_NEGATIVE_EXACT,ALL_EXACT_PREDICATES_MATCHED,"[""candidate_lane"",""structural_model_eligible"",""feature_compatible"",""explicit_cys_sg_covalent_evidence"",""usable_post_complex_structural_evidence"",""full_ligand_coordinates"",""exact_ccd_observed_heavy_atom_identity_coverage"",""exact_ccd_observed_heavy_atom_element_agreement"",""exact_reactive_ligand_atom_coverage"",""pocket_coordinates"",""outcome_candidate_route"",""outcome_feature_projection_passed"",""outcome_explicit_covalent_evidence"",""exact_connection_and_endpoint_coordinates"",""exact_ccd_component_graph_sha256"",""exact_ligand_reactive_atom"",""exact_ligand_reactive_element"",""exact_radius1_sha256"",""exact_radius2_sha256"",""exact_ts_family_accession_sequence_key"",""structured_protein_identity_source_boundary"",""source_annotations_well_formed"",""no_source_annotation_conflict"",""no_existing_exact_positive_authority"",""no_production_approval"",""no_runtime_positive_override""]",UNREVIEWED,SHADOW_AUTO_NEGATIVE_EXACT,true
COVAPIE_CYS_SG_EVENT_V1:1F28:C:CYS:173-:SG:I:UMP:C6,COVAPIE_BULK_REVIEW_UNIT_EB1C0FF8712C32A9,1F28,UMP,1F28:C:CYS:173:SG,P13100,f59ac11a38155d82df6219e40e6cd5e1612cd5a58130294fcd840a05ac5b2ebd,94a0c576d62f9955d6574009b4a79479396f2ebaa977c7340bc9b0ab4203d8f9,C6,C,9d8060b2268ba49a158fddd66dd1ec165d7ec06ed6a41a9ab4cce7ae93031ef9,cc17eb042e28bb3d8672f4c98c90659357dd42a1e2f3a33f5beeee7d73847b1e,NEG_V1_TS_DUMP_CATALYTIC_ADDUCT_EXACT,MATCHED_AUTO_NEGATIVE_EXACT,ALL_EXACT_PREDICATES_MATCHED,"[""candidate_lane"",""structural_model_eligible"",""feature_compatible"",""explicit_cys_sg_covalent_evidence"",""usable_post_complex_structural_evidence"",""full_ligand_coordinates"",""exact_ccd_observed_heavy_atom_identity_coverage"",""exact_ccd_observed_heavy_atom_element_agreement"",""exact_reactive_ligand_atom_coverage"",""pocket_coordinates"",""outcome_candidate_route"",""outcome_feature_projection_passed"",""outcome_explicit_covalent_evidence"",""exact_connection_and_endpoint_coordinates"",""exact_ccd_component_graph_sha256"",""exact_ligand_reactive_atom"",""exact_ligand_reactive_element"",""exact_radius1_sha256"",""exact_radius2_sha256"",""exact_ts_family_accession_sequence_key"",""structured_protein_identity_source_boundary"",""source_annotations_well_formed"",""no_source_annotation_conflict"",""no_existing_exact_positive_authority"",""no_production_approval"",""no_runtime_positive_override""]",UNREVIEWED,SHADOW_AUTO_NEGATIVE_EXACT,true
COVAPIE_CYS_SG_EVENT_V1:1F4C:A:CYS:146-:SG:F:TP2:S1,COVAPIE_BULK_REVIEW_UNIT_C750E9F706F9E0AF,1F4C,TP2,1F4C:A:CYS:146:SG,P0A884,b527eb652d12b87156fabde8bdad091e29e6c4b6c7f31b0dfecfbcbfedc448d7,9f191e623a07fafd3a157eed4023b97ae9aa7fcb4fe5ea2c9447e3ca6c5d673c,S1,S,e6ca1bc51fe2e6a441cee743e1e8351ac9e24a449cfdb678c4db60c12eec33b8,faffb9025d78c584582ffa19fda6801bc22e0f9e68def174a0a1683f1d7cb5aa,NEG_V1_TS_DUMP_CATALYTIC_ADDUCT_EXACT,NOT_MATCHED,"PREDICATE_MISMATCH:exact_ccd_component_graph_sha256,exact_ligand_reactive_atom,exact_ligand_reactive_element,exact_radius1_sha256,exact_radius2_sha256","[""candidate_lane"",""structural_model_eligible"",""feature_compatible"",""explicit_cys_sg_covalent_evidence"",""usable_post_complex_structural_evidence"",""full_ligand_coordinates"",""exact_ccd_observed_heavy_atom_identity_coverage"",""exact_ccd_observed_heavy_atom_element_agreement"",""exact_reactive_ligand_atom_coverage"",""pocket_coordinates"",""outcome_candidate_route"",""outcome_feature_projection_passed"",""outcome_explicit_covalent_evidence"",""exact_connection_and_endpoint_coordinates"",""exact_ts_family_accession_sequence_key"",""structured_protein_identity_source_boundary"",""source_annotations_well_formed"",""no_source_annotation_conflict"",""no_existing_exact_positive_authority"",""no_production_approval"",""no_runtime_positive_override""]",UNREVIEWED,NOT_SHADOW_AUTO_NEGATIVE,false
COVAPIE_CYS_SG_EVENT_V1:1F4C:B:CYS:146-:SG:I:TP2:S1,COVAPIE_BULK_REVIEW_UNIT_C750E9F706F9E0AF,1F4C,TP2,1F4C:B:CYS:146:SG,P0A884,b527eb652d12b87156fabde8bdad091e29e6c4b6c7f31b0dfecfbcbfedc448d7,9f191e623a07fafd3a157eed4023b97ae9aa7fcb4fe5ea2c9447e3ca6c5d673c,S1,S,e6ca1bc51fe2e6a441cee743e1e8351ac9e24a449cfdb678c4db60c12eec33b8,faffb9025d78c584582ffa19fda6801bc22e0f9e68def174a0a1683f1d7cb5aa,NEG_V1_TS_DUMP_CATALYTIC_ADDUCT_EXACT,NOT_MATCHED,"PREDICATE_MISMATCH:exact_ccd_component_graph_sha256,exact_ligand_reactive_atom,exact_ligand_reactive_element,exact_radius1_sha256,exact_radius2_sha256","[""candidate_lane"",""structural_model_eligible"",""feature_compatible"",""explicit_cys_sg_covalent_evidence"",""usable_post_complex_structural_evidence"",""full_ligand_coordinates"",""exact_ccd_observed_heavy_atom_identity_coverage"",""exact_ccd_observed_heavy_atom_element_agreement"",""exact_reactive_ligand_atom_coverage"",""pocket_coordinates"",""outcome_candidate_route"",""outcome_feature_projection_passed"",""outcome_explicit_covalent_evidence"",""exact_connection_and_endpoint_coordinates"",""exact_ts_family_accession_sequence_key"",""structured_protein_identity_source_boundary"",""source_annotations_well_formed"",""no_source_annotation_conflict"",""no_existing_exact_positive_authority"",""no_production_approval"",""no_runtime_positive_override""]",UNREVIEWED,NOT_SHADOW_AUTO_NEGATIVE,false
COVAPIE_CYS_SG_EVENT_V1:1F4D:A:CYS:143-:SG:E:TP2:S1,COVAPIE_BULK_REVIEW_UNIT_C750E9F706F9E0AF,1F4D,TP2,1F4D:A:CYS:143:SG,P0A884,a1ff6c99f11e348b528995a20783ddbb695ed4bdd8a4d1c9ee77c05fe38efd2b,9f191e623a07fafd3a157eed4023b97ae9aa7fcb4fe5ea2c9447e3ca6c5d673c,S1,S,e6ca1bc51fe2e6a441cee743e1e8351ac9e24a449cfdb678c4db60c12eec33b8,faffb9025d78c584582ffa19fda6801bc22e0f9e68def174a0a1683f1d7cb5aa,NEG_V1_TS_DUMP_CATALYTIC_ADDUCT_EXACT,NOT_MATCHED,"PREDICATE_MISMATCH:exact_ccd_component_graph_sha256,exact_ligand_reactive_atom,exact_ligand_reactive_element,exact_radius1_sha256,exact_radius2_sha256","[""candidate_lane"",""structural_model_eligible"",""feature_compatible"",""explicit_cys_sg_covalent_evidence"",""usable_post_complex_structural_evidence"",""full_ligand_coordinates"",""exact_ccd_observed_heavy_atom_identity_coverage"",""exact_ccd_observed_heavy_atom_element_agreement"",""exact_reactive_ligand_atom_coverage"",""pocket_coordinates"",""outcome_candidate_route"",""outcome_feature_projection_passed"",""outcome_explicit_covalent_evidence"",""exact_connection_and_endpoint_coordinates"",""exact_ts_family_accession_sequence_key"",""structured_protein_identity_source_boundary"",""source_annotations_well_formed"",""no_source_annotation_conflict"",""no_existing_exact_positive_authority"",""no_production_approval"",""no_runtime_positive_override""]",UNREVIEWED,NOT_SHADOW_AUTO_NEGATIVE,false
COVAPIE_CYS_SG_EVENT_V1:1F4D:B:CYS:143-:SG:I:TP2:S1,COVAPIE_BULK_REVIEW_UNIT_C750E9F706F9E0AF,1F4D,TP2,1F4D:B:CYS:143:SG,P0A884,a1ff6c99f11e348b528995a20783ddbb695ed4bdd8a4d1c9ee77c05fe38efd2b,9f191e623a07fafd3a157eed4023b97ae9aa7fcb4fe5ea2c9447e3ca6c5d673c,S1,S,e6ca1bc51fe2e6a441cee743e1e8351ac9e24a449cfdb678c4db60c12eec33b8,faffb9025d78c584582ffa19fda6801bc22e0f9e68def174a0a1683f1d7cb5aa,NEG_V1_TS_DUMP_CATALYTIC_ADDUCT_EXACT,NOT_MATCHED,"PREDICATE_MISMATCH:exact_ccd_component_graph_sha256,exact_ligand_reactive_atom,exact_ligand_reactive_element,exact_radius1_sha256,exact_radius2_sha256","[""candidate_lane"",""structural_model_eligible"",""feature_compatible"",""explicit_cys_sg_covalent_evidence"",""usable_post_complex_structural_evidence"",""full_ligand_coordinates"",""exact_ccd_observed_heavy_atom_identity_coverage"",""exact_ccd_observed_heavy_atom_element_agreement"",""exact_reactive_ligand_atom_coverage"",""pocket_coordinates"",""outcome_candidate_route"",""outcome_feature_projection_passed"",""outcome_explicit_covalent_evidence"",""exact_connection_and_endpoint_coordinates"",""exact_ts_family_accession_sequence_key"",""structured_protein_identity_source_boundary"",""source_annotations_well_formed"",""no_source_annotation_conflict"",""no_existing_exact_positive_authority"",""no_production_approval"",""no_runtime_positive_override""]",UNREVIEWED,NOT_SHADOW_AUTO_NEGATIVE,false
COVAPIE_CYS_SG_EVENT_V1:1F8M:A:CYS:191-:SG:F:PYR:CB,COVAPIE_BULK_REVIEW_UNIT_EB7468B0711B37A4,1F8M,PYR,1F8M:A:CYS:191:SG,P0A5H3,19152866580681953caff9c62e41723a6e8b1b74a89e5e3a8c3b17d9b76a1ce3,af16574b4629c4095d3c2999050d9d9f890cb47d3b14a04bd5a12bb967a04cb9,CB,C,270399e12813ee583716a9b98b14a3a92b0ff33679d916e098ea8dd5a3862b15,a4ef2bdfced2cd00b0657a687d1f369c44fc79aef3f185422cfcd2c90519ac47,NEG_V1_TS_DUMP_CATALYTIC_ADDUCT_EXACT,NOT_MATCHED,"PREDICATE_MISMATCH:exact_ccd_component_graph_sha256,exact_ligand_reactive_atom,exact_radius1_sha256,exact_radius2_sha256,exact_ts_family_accession_sequence_key","[""candidate_lane"",""structural_model_eligible"",""feature_compatible"",""explicit_cys_sg_covalent_evidence"",""usable_post_complex_structural_evidence"",""full_ligand_coordinates"",""exact_ccd_observed_heavy_atom_identity_coverage"",""exact_ccd_observed_heavy_atom_element_agreement"",""exact_reactive_ligand_atom_coverage"",""pocket_coordinates"",""outcome_candidate_route"",""outcome_feature_projection_passed"",""outcome_explicit_covalent_evidence"",""exact_connection_and_endpoint_coordinates"",""exact_ligand_reactive_element"",""structured_protein_identity_source_boundary"",""source_annotations_well_formed"",""no_source_annotation_conflict"",""no_existing_exact_positive_authority"",""no_production_approval"",""no_runtime_positive_override""]",UNREVIEWED,NOT_SHADOW_AUTO_NEGATIVE,false
COVAPIE_CYS_SG_EVENT_V1:1F8M:B:CYS:191-:SG:H:PYR:CB,COVAPIE_BULK_REVIEW_UNIT_EB7468B0711B37A4,1F8M,PYR,1F8M:B:CYS:191:SG,P0A5H3,19152866580681953caff9c62e41723a6e8b1b74a89e5e3a8c3b17d9b76a1ce3,af16574b4629c4095d3c2999050d9d9f890cb47d3b14a04bd5a12bb967a04cb9,CB,C,270399e12813ee583716a9b98b14a3a92b0ff33679d916e098ea8dd5a3862b15,a4ef2bdfced2cd00b0657a687d1f369c44fc79aef3f185422cfcd2c90519ac47,NEG_V1_TS_DUMP_CATALYTIC_ADDUCT_EXACT,NOT_MATCHED,"PREDICATE_MISMATCH:exact_ccd_component_graph_sha256,exact_ligand_reactive_atom,exact_radius1_sha256,exact_radius2_sha256,exact_ts_family_accession_sequence_key","[""candidate_lane"",""structural_model_eligible"",""feature_compatible"",""explicit_cys_sg_covalent_evidence"",""usable_post_complex_structural_evidence"",""full_ligand_coordinates"",""exact_ccd_observed_heavy_atom_identity_coverage"",""exact_ccd_observed_heavy_atom_element_agreement"",""exact_reactive_ligand_atom_coverage"",""pocket_coordinates"",""outcome_candidate_route"",""outcome_feature_projection_passed"",""outcome_explicit_covalent_evidence"",""exact_connection_and_endpoint_coordinates"",""exact_ligand_reactive_element"",""structured_protein_identity_source_boundary"",""source_annotations_well_formed"",""no_source_annotation_conflict"",""no_existing_exact_positive_authority"",""no_production_approval"",""no_runtime_positive_override""]",UNREVIEWED,NOT_SHADOW_AUTO_NEGATIVE,false
COVAPIE_CYS_SG_EVENT_V1:1F8M:C:CYS:191-:SG:J:PYR:CB,COVAPIE_BULK_REVIEW_UNIT_EB7468B0711B37A4,1F8M,PYR,1F8M:C:CYS:191:SG,P0A5H3,19152866580681953caff9c62e41723a6e8b1b74a89e5e3a8c3b17d9b76a1ce3,af16574b4629c4095d3c2999050d9d9f890cb47d3b14a04bd5a12bb967a04cb9,CB,C,270399e12813ee583716a9b98b14a3a92b0ff33679d916e098ea8dd5a3862b15,a4ef2bdfced2cd00b0657a687d1f369c44fc79aef3f185422cfcd2c90519ac47,NEG_V1_TS_DUMP_CATALYTIC_ADDUCT_EXACT,NOT_MATCHED,"PREDICATE_MISMATCH:exact_ccd_component_graph_sha256,exact_ligand_reactive_atom,exact_radius1_sha256,exact_radius2_sha256,exact_ts_family_accession_sequence_key","[""candidate_lane"",""structural_model_eligible"",""feature_compatible"",""explicit_cys_sg_covalent_evidence"",""usable_post_complex_structural_evidence"",""full_ligand_coordinates"",""exact_ccd_observed_heavy_atom_identity_coverage"",""exact_ccd_observed_heavy_atom_element_agreement"",""exact_reactive_ligand_atom_coverage"",""pocket_coordinates"",""outcome_candidate_route"",""outcome_feature_projection_passed"",""outcome_explicit_covalent_evidence"",""exact_connection_and_endpoint_coordinates"",""exact_ligand_reactive_element"",""structured_protein_identity_source_boundary"",""source_annotations_well_formed"",""no_source_annotation_conflict"",""no_existing_exact_positive_authority"",""no_production_approval"",""no_runtime_positive_override""]",UNREVIEWED,NOT_SHADOW_AUTO_NEGATIVE,false
COVAPIE_CYS_SG_EVENT_V1:1F8M:D:CYS:191-:SG:L:PYR:CB,COVAPIE_BULK_REVIEW_UNIT_EB7468B0711B37A4,1F8M,PYR,1F8M:D:CYS:191:SG,P0A5H3,19152866580681953caff9c62e41723a6e8b1b74a89e5e3a8c3b17d9b76a1ce3,af16574b4629c4095d3c2999050d9d9f890cb47d3b14a04bd5a12bb967a04cb9,CB,C,270399e12813ee583716a9b98b14a3a92b0ff33679d916e098ea8dd5a3862b15,a4ef2bdfced2cd00b0657a687d1f369c44fc79aef3f185422cfcd2c90519ac47,NEG_V1_TS_DUMP_CATALYTIC_ADDUCT_EXACT,NOT_MATCHED,"PREDICATE_MISMATCH:exact_ccd_component_graph_sha256,exact_ligand_reactive_atom,exact_radius1_sha256,exact_radius2_sha256,exact_ts_family_accession_sequence_key","[""candidate_lane"",""structural_model_eligible"",""feature_compatible"",""explicit_cys_sg_covalent_evidence"",""usable_post_complex_structural_evidence"",""full_ligand_coordinates"",""exact_ccd_observed_heavy_atom_identity_coverage"",""exact_ccd_observed_heavy_atom_element_agreement"",""exact_reactive_ligand_atom_coverage"",""pocket_coordinates"",""outcome_candidate_route"",""outcome_feature_projection_passed"",""outcome_explicit_covalent_evidence"",""exact_connection_and_endpoint_coordinates"",""exact_ligand_reactive_element"",""structured_protein_identity_source_boundary"",""source_annotations_well_formed"",""no_source_annotation_conflict"",""no_existing_exact_positive_authority"",""no_production_approval"",""no_runtime_positive_override""]",UNREVIEWED,NOT_SHADOW_AUTO_NEGATIVE,false
COVAPIE_CYS_SG_EVENT_V1:1FJ8:A:CYS:163-:SG:E:CER:C2,COVAPIE_BULK_REVIEW_UNIT_946339D19F961B4A,1FJ8,CER,1FJ8:A:CYS:163:SG,P0A953,fa56e153de5493765fb56e55226e3f73579bc65efa5f9162a80d2ffa0fecb69c,2dc979f921c33fe00916586e76e0cc897f81defcaaef06e719e7feb94d60d941,C2,C,d2671534b0762c2541e105e7ff6bff1377db0f8f49fb932ad12463c7cf42f909,e01635755dbe4532ec58885a669679fa2c7cc2fdca854d3d9aac5f2897fbde49,NEG_V1_TS_DUMP_CATALYTIC_ADDUCT_EXACT,NOT_MATCHED,"PREDICATE_MISMATCH:exact_ccd_component_graph_sha256,exact_ligand_reactive_atom,exact_radius1_sha256,exact_radius2_sha256,exact_ts_family_accession_sequence_key","[""candidate_lane"",""structural_model_eligible"",""feature_compatible"",""explicit_cys_sg_covalent_evidence"",""usable_post_complex_structural_evidence"",""full_ligand_coordinates"",""exact_ccd_observed_heavy_atom_identity_coverage"",""exact_ccd_observed_heavy_atom_element_agreement"",""exact_reactive_ligand_atom_coverage"",""pocket_coordinates"",""outcome_candidate_route"",""outcome_feature_projection_passed"",""outcome_explicit_covalent_evidence"",""exact_connection_and_endpoint_coordinates"",""exact_ligand_reactive_element"",""structured_protein_identity_source_boundary"",""source_annotations_well_formed"",""no_source_annotation_conflict"",""no_existing_exact_positive_authority"",""no_production_approval"",""no_runtime_positive_override""]",UNREVIEWED,NOT_SHADOW_AUTO_NEGATIVE,false
COVAPIE_CYS_SG_EVENT_V1:1FJ8:B:CYS:163-:SG:F:CER:C2,COVAPIE_BULK_REVIEW_UNIT_946339D19F961B4A,1FJ8,CER,1FJ8:B:CYS:163:SG,P0A953,fa56e153de5493765fb56e55226e3f73579bc65efa5f9162a80d2ffa0fecb69c,2dc979f921c33fe00916586e76e0cc897f81defcaaef06e719e7feb94d60d941,C2,C,d2671534b0762c2541e105e7ff6bff1377db0f8f49fb932ad12463c7cf42f909,e01635755dbe4532ec58885a669679fa2c7cc2fdca854d3d9aac5f2897fbde49,NEG_V1_TS_DUMP_CATALYTIC_ADDUCT_EXACT,NOT_MATCHED,"PREDICATE_MISMATCH:exact_ccd_component_graph_sha256,exact_ligand_reactive_atom,exact_radius1_sha256,exact_radius2_sha256,exact_ts_family_accession_sequence_key","[""candidate_lane"",""structural_model_eligible"",""feature_compatible"",""explicit_cys_sg_covalent_evidence"",""usable_post_complex_structural_evidence"",""full_ligand_coordinates"",""exact_ccd_observed_heavy_atom_identity_coverage"",""exact_ccd_observed_heavy_atom_element_agreement"",""exact_reactive_ligand_atom_coverage"",""pocket_coordinates"",""outcome_candidate_route"",""outcome_feature_projection_passed"",""outcome_explicit_covalent_evidence"",""exact_connection_and_endpoint_coordinates"",""exact_ligand_reactive_element"",""structured_protein_identity_source_boundary"",""source_annotations_well_formed"",""no_source_annotation_conflict"",""no_existing_exact_positive_authority"",""no_production_approval"",""no_runtime_positive_override""]",UNREVIEWED,NOT_SHADOW_AUTO_NEGATIVE,false
COVAPIE_CYS_SG_EVENT_V1:1FJ8:C:CYS:163-:SG:G:CER:C2,COVAPIE_BULK_REVIEW_UNIT_946339D19F961B4A,1FJ8,CER,1FJ8:C:CYS:163:SG,P0A953,fa56e153de5493765fb56e55226e3f73579bc65efa5f9162a80d2ffa0fecb69c,2dc979f921c33fe00916586e76e0cc897f81defcaaef06e719e7feb94d60d941,C2,C,d2671534b0762c2541e105e7ff6bff1377db0f8f49fb932ad12463c7cf42f909,e01635755dbe4532ec58885a669679fa2c7cc2fdca854d3d9aac5f2897fbde49,NEG_V1_TS_DUMP_CATALYTIC_ADDUCT_EXACT,NOT_MATCHED,"PREDICATE_MISMATCH:exact_ccd_component_graph_sha256,exact_ligand_reactive_atom,exact_radius1_sha256,exact_radius2_sha256,exact_ts_family_accession_sequence_key","[""candidate_lane"",""structural_model_eligible"",""feature_compatible"",""explicit_cys_sg_covalent_evidence"",""usable_post_complex_structural_evidence"",""full_ligand_coordinates"",""exact_ccd_observed_heavy_atom_identity_coverage"",""exact_ccd_observed_heavy_atom_element_agreement"",""exact_reactive_ligand_atom_coverage"",""pocket_coordinates"",""outcome_candidate_route"",""outcome_feature_projection_passed"",""outcome_explicit_covalent_evidence"",""exact_connection_and_endpoint_coordinates"",""exact_ligand_reactive_element"",""structured_protein_identity_source_boundary"",""source_annotations_well_formed"",""no_source_annotation_conflict"",""no_existing_exact_positive_authority"",""no_production_approval"",""no_runtime_positive_override""]",UNREVIEWED,NOT_SHADOW_AUTO_NEGATIVE,false
COVAPIE_CYS_SG_EVENT_V1:1FJ8:D:CYS:163-:SG:H:CER:C2,COVAPIE_BULK_REVIEW_UNIT_946339D19F961B4A,1FJ8,CER,1FJ8:D:CYS:163:SG,P0A953,fa56e153de5493765fb56e55226e3f73579bc65efa5f9162a80d2ffa0fecb69c,2dc979f921c33fe00916586e76e0cc897f81defcaaef06e719e7feb94d60d941,C2,C,d2671534b0762c2541e105e7ff6bff1377db0f8f49fb932ad12463c7cf42f909,e01635755dbe4532ec58885a669679fa2c7cc2fdca854d3d9aac5f2897fbde49,NEG_V1_TS_DUMP_CATALYTIC_ADDUCT_EXACT,NOT_MATCHED,"PREDICATE_MISMATCH:exact_ccd_component_graph_sha256,exact_ligand_reactive_atom,exact_radius1_sha256,exact_radius2_sha256,exact_ts_family_accession_sequence_key","[""candidate_lane"",""structural_model_eligible"",""feature_compatible"",""explicit_cys_sg_covalent_evidence"",""usable_post_complex_structural_evidence"",""full_ligand_coordinates"",""exact_ccd_observed_heavy_atom_identity_coverage"",""exact_ccd_observed_heavy_atom_element_agreement"",""exact_reactive_ligand_atom_coverage"",""pocket_coordinates"",""outcome_candidate_route"",""outcome_feature_projection_passed"",""outcome_explicit_covalent_evidence"",""exact_connection_and_endpoint_coordinates"",""exact_ligand_reactive_element"",""structured_protein_identity_source_boundary"",""source_annotations_well_formed"",""no_source_annotation_conflict"",""no_existing_exact_positive_authority"",""no_production_approval"",""no_runtime_positive_override""]",UNREVIEWED,NOT_SHADOW_AUTO_NEGATIVE,false
COVAPIE_CYS_SG_EVENT_V1:1FVG:A:CYS:218-:SG:B:DTT:S4,COVAPIE_BULK_REVIEW_UNIT_2EBCD325E1CD2081,1FVG,DTT,1FVG:A:CYS:218:SG,P54149,cd13b8e05f1d4143dc5067e327624d5d61694e00fc7c6166f13d60d522786b71,caf1efccafd3624f5eaf17143e96aa9bdd7df4a4e672f24c261fd9af3eb05520,S4,S,e6ca1bc51fe2e6a441cee743e1e8351ac9e24a449cfdb678c4db60c12eec33b8,faffb9025d78c584582ffa19fda6801bc22e0f9e68def174a0a1683f1d7cb5aa,NEG_V1_TS_DUMP_CATALYTIC_ADDUCT_EXACT,NOT_MATCHED,"PREDICATE_MISMATCH:exact_ccd_component_graph_sha256,exact_ligand_reactive_atom,exact_ligand_reactive_element,exact_radius1_sha256,exact_radius2_sha256,exact_ts_family_accession_sequence_key","[""candidate_lane"",""structural_model_eligible"",""feature_compatible"",""explicit_cys_sg_covalent_evidence"",""usable_post_complex_structural_evidence"",""full_ligand_coordinates"",""exact_ccd_observed_heavy_atom_identity_coverage"",""exact_ccd_observed_heavy_atom_element_agreement"",""exact_reactive_ligand_atom_coverage"",""pocket_coordinates"",""outcome_candidate_route"",""outcome_feature_projection_passed"",""outcome_explicit_covalent_evidence"",""exact_connection_and_endpoint_coordinates"",""structured_protein_identity_source_boundary"",""source_annotations_well_formed"",""no_source_annotation_conflict"",""no_existing_exact_positive_authority"",""no_production_approval"",""no_runtime_positive_override""]",COMPLETED:NOT_RELEVANT_TO_COVAPIE_SMALL_MOLECULE_TASK,NOT_SHADOW_AUTO_NEGATIVE,false
COVAPIE_CYS_SG_EVENT_V1:1FVG:A:CYS:72-:SG:B:DTT:S1,COVAPIE_BULK_REVIEW_UNIT_A3782D89BDEF47C1,1FVG,DTT,1FVG:A:CYS:72:SG,P54149,cd13b8e05f1d4143dc5067e327624d5d61694e00fc7c6166f13d60d522786b71,caf1efccafd3624f5eaf17143e96aa9bdd7df4a4e672f24c261fd9af3eb05520,S1,S,e6ca1bc51fe2e6a441cee743e1e8351ac9e24a449cfdb678c4db60c12eec33b8,faffb9025d78c584582ffa19fda6801bc22e0f9e68def174a0a1683f1d7cb5aa,NEG_V1_TS_DUMP_CATALYTIC_ADDUCT_EXACT,NOT_MATCHED,"PREDICATE_MISMATCH:exact_ccd_component_graph_sha256,exact_ligand_reactive_atom,exact_ligand_reactive_element,exact_radius1_sha256,exact_radius2_sha256,exact_ts_family_accession_sequence_key","[""candidate_lane"",""structural_model_eligible"",""feature_compatible"",""explicit_cys_sg_covalent_evidence"",""usable_post_complex_structural_evidence"",""full_ligand_coordinates"",""exact_ccd_observed_heavy_atom_identity_coverage"",""exact_ccd_observed_heavy_atom_element_agreement"",""exact_reactive_ligand_atom_coverage"",""pocket_coordinates"",""outcome_candidate_route"",""outcome_feature_projection_passed"",""outcome_explicit_covalent_evidence"",""exact_connection_and_endpoint_coordinates"",""structured_protein_identity_source_boundary"",""source_annotations_well_formed"",""no_source_annotation_conflict"",""no_existing_exact_positive_authority"",""no_production_approval"",""no_runtime_positive_override""]",UNREVIEWED,NOT_SHADOW_AUTO_NEGATIVE,false
COVAPIE_CYS_SG_EVENT_V1:1GSN:A:CYS:58-:SG:D:GSH:SG2,COVAPIE_BULK_REVIEW_UNIT_53F40FB515D7D1DF,1GSN,GSH,1GSN:A:CYS:58:SG,P00390,c2bee95e58c7a0390a53fe07d1bf8714e1668b13be72a707b36013dba54abde8,acdefcdc5a7167bb3d962d09b0ab4d179f8fb6acc870b524775a9fa4545963be,SG2,S,e6ca1bc51fe2e6a441cee743e1e8351ac9e24a449cfdb678c4db60c12eec33b8,faffb9025d78c584582ffa19fda6801bc22e0f9e68def174a0a1683f1d7cb5aa,NEG_V1_TS_DUMP_CATALYTIC_ADDUCT_EXACT,NOT_MATCHED,"PREDICATE_MISMATCH:exact_ccd_component_graph_sha256,exact_ligand_reactive_atom,exact_ligand_reactive_element,exact_radius1_sha256,exact_radius2_sha256,exact_ts_family_accession_sequence_key","[""candidate_lane"",""structural_model_eligible"",""feature_compatible"",""explicit_cys_sg_covalent_evidence"",""usable_post_complex_structural_evidence"",""full_ligand_coordinates"",""exact_ccd_observed_heavy_atom_identity_coverage"",""exact_ccd_observed_heavy_atom_element_agreement"",""exact_reactive_ligand_atom_coverage"",""pocket_coordinates"",""outcome_candidate_route"",""outcome_feature_projection_passed"",""outcome_explicit_covalent_evidence"",""exact_connection_and_endpoint_coordinates"",""structured_protein_identity_source_boundary"",""source_annotations_well_formed"",""no_source_annotation_conflict"",""no_existing_exact_positive_authority"",""no_production_approval"",""no_runtime_positive_override""]",COMPLETED:NOT_RELEVANT_TO_COVAPIE_SMALL_MOLECULE_TASK,NOT_SHADOW_AUTO_NEGATIVE,false
COVAPIE_CYS_SG_EVENT_V1:1HVY:A:CYS:195-:SG:F:UMP:C6,COVAPIE_BULK_REVIEW_UNIT_EB1C0FF8712C32A9,1HVY,UMP,1HVY:A:CYS:195:SG,P04818,e866ca36b0295fadc044640a2942dfa1bf76530053f35542988c4fdd778f5233,94a0c576d62f9955d6574009b4a79479396f2ebaa977c7340bc9b0ab4203d8f9,C6,C,9d8060b2268ba49a158fddd66dd1ec165d7ec06ed6a41a9ab4cce7ae93031ef9,cc17eb042e28bb3d8672f4c98c90659357dd42a1e2f3a33f5beeee7d73847b1e,NEG_V1_TS_DUMP_CATALYTIC_ADDUCT_EXACT,MATCHED_AUTO_NEGATIVE_EXACT,ALL_EXACT_PREDICATES_MATCHED,"[""candidate_lane"",""structural_model_eligible"",""feature_compatible"",""explicit_cys_sg_covalent_evidence"",""usable_post_complex_structural_evidence"",""full_ligand_coordinates"",""exact_ccd_observed_heavy_atom_identity_coverage"",""exact_ccd_observed_heavy_atom_element_agreement"",""exact_reactive_ligand_atom_coverage"",""pocket_coordinates"",""outcome_candidate_route"",""outcome_feature_projection_passed"",""outcome_explicit_covalent_evidence"",""exact_connection_and_endpoint_coordinates"",""exact_ccd_component_graph_sha256"",""exact_ligand_reactive_atom"",""exact_ligand_reactive_element"",""exact_radius1_sha256"",""exact_radius2_sha256"",""exact_ts_family_accession_sequence_key"",""structured_protein_identity_source_boundary"",""source_annotations_well_formed"",""no_source_annotation_conflict"",""no_existing_exact_positive_authority"",""no_production_approval"",""no_runtime_positive_override""]",UNREVIEWED,SHADOW_AUTO_NEGATIVE_EXACT,true
COVAPIE_CYS_SG_EVENT_V1:1HVY:B:CYS:195-:SG:I:UMP:C6,COVAPIE_BULK_REVIEW_UNIT_EB1C0FF8712C32A9,1HVY,UMP,1HVY:B:CYS:195:SG,P04818,e866ca36b0295fadc044640a2942dfa1bf76530053f35542988c4fdd778f5233,94a0c576d62f9955d6574009b4a79479396f2ebaa977c7340bc9b0ab4203d8f9,C6,C,9d8060b2268ba49a158fddd66dd1ec165d7ec06ed6a41a9ab4cce7ae93031ef9,cc17eb042e28bb3d8672f4c98c90659357dd42a1e2f3a33f5beeee7d73847b1e,NEG_V1_TS_DUMP_CATALYTIC_ADDUCT_EXACT,MATCHED_AUTO_NEGATIVE_EXACT,ALL_EXACT_PREDICATES_MATCHED,"[""candidate_lane"",""structural_model_eligible"",""feature_compatible"",""explicit_cys_sg_covalent_evidence"",""usable_post_complex_structural_evidence"",""full_ligand_coordinates"",""exact_ccd_observed_heavy_atom_identity_coverage"",""exact_ccd_observed_heavy_atom_element_agreement"",""exact_reactive_ligand_atom_coverage"",""pocket_coordinates"",""outcome_candidate_route"",""outcome_feature_projection_passed"",""outcome_explicit_covalent_evidence"",""exact_connection_and_endpoint_coordinates"",""exact_ccd_component_graph_sha256"",""exact_ligand_reactive_atom"",""exact_ligand_reactive_element"",""exact_radius1_sha256"",""exact_radius2_sha256"",""exact_ts_family_accession_sequence_key"",""structured_protein_identity_source_boundary"",""source_annotations_well_formed"",""no_source_annotation_conflict"",""no_existing_exact_positive_authority"",""no_production_approval"",""no_runtime_positive_override""]",UNREVIEWED,SHADOW_AUTO_NEGATIVE_EXACT,true
COVAPIE_CYS_SG_EVENT_V1:1HVY:C:CYS:195-:SG:L:UMP:C6,COVAPIE_BULK_REVIEW_UNIT_EB1C0FF8712C32A9,1HVY,UMP,1HVY:C:CYS:195:SG,P04818,e866ca36b0295fadc044640a2942dfa1bf76530053f35542988c4fdd778f5233,94a0c576d62f9955d6574009b4a79479396f2ebaa977c7340bc9b0ab4203d8f9,C6,C,9d8060b2268ba49a158fddd66dd1ec165d7ec06ed6a41a9ab4cce7ae93031ef9,cc17eb042e28bb3d8672f4c98c90659357dd42a1e2f3a33f5beeee7d73847b1e,NEG_V1_TS_DUMP_CATALYTIC_ADDUCT_EXACT,MATCHED_AUTO_NEGATIVE_EXACT,ALL_EXACT_PREDICATES_MATCHED,"[""candidate_lane"",""structural_model_eligible"",""feature_compatible"",""explicit_cys_sg_covalent_evidence"",""usable_post_complex_structural_evidence"",""full_ligand_coordinates"",""exact_ccd_observed_heavy_atom_identity_coverage"",""exact_ccd_observed_heavy_atom_element_agreement"",""exact_reactive_ligand_atom_coverage"",""pocket_coordinates"",""outcome_candidate_route"",""outcome_feature_projection_passed"",""outcome_explicit_covalent_evidence"",""exact_connection_and_endpoint_coordinates"",""exact_ccd_component_graph_sha256"",""exact_ligand_reactive_atom"",""exact_ligand_reactive_element"",""exact_radius1_sha256"",""exact_radius2_sha256"",""exact_ts_family_accession_sequence_key"",""structured_protein_identity_source_boundary"",""source_annotations_well_formed"",""no_source_annotation_conflict"",""no_existing_exact_positive_authority"",""no_production_approval"",""no_runtime_positive_override""]",UNREVIEWED,SHADOW_AUTO_NEGATIVE_EXACT,true
COVAPIE_CYS_SG_EVENT_V1:1HVY:D:CYS:195-:SG:O:UMP:C6,COVAPIE_BULK_REVIEW_UNIT_EB1C0FF8712C32A9,1HVY,UMP,1HVY:D:CYS:195:SG,P04818,e866ca36b0295fadc044640a2942dfa1bf76530053f35542988c4fdd778f5233,94a0c576d62f9955d6574009b4a79479396f2ebaa977c7340bc9b0ab4203d8f9,C6,C,9d8060b2268ba49a158fddd66dd1ec165d7ec06ed6a41a9ab4cce7ae93031ef9,cc17eb042e28bb3d8672f4c98c90659357dd42a1e2f3a33f5beeee7d73847b1e,NEG_V1_TS_DUMP_CATALYTIC_ADDUCT_EXACT,MATCHED_AUTO_NEGATIVE_EXACT,ALL_EXACT_PREDICATES_MATCHED,"[""candidate_lane"",""structural_model_eligible"",""feature_compatible"",""explicit_cys_sg_covalent_evidence"",""usable_post_complex_structural_evidence"",""full_ligand_coordinates"",""exact_ccd_observed_heavy_atom_identity_coverage"",""exact_ccd_observed_heavy_atom_element_agreement"",""exact_reactive_ligand_atom_coverage"",""pocket_coordinates"",""outcome_candidate_route"",""outcome_feature_projection_passed"",""outcome_explicit_covalent_evidence"",""exact_connection_and_endpoint_coordinates"",""exact_ccd_component_graph_sha256"",""exact_ligand_reactive_atom"",""exact_ligand_reactive_element"",""exact_radius1_sha256"",""exact_radius2_sha256"",""exact_ts_family_accession_sequence_key"",""structured_protein_identity_source_boundary"",""source_annotations_well_formed"",""no_source_annotation_conflict"",""no_existing_exact_positive_authority"",""no_production_approval"",""no_runtime_positive_override""]",UNREVIEWED,SHADOW_AUTO_NEGATIVE_EXACT,true
COVAPIE_CYS_SG_EVENT_V1:1JR1:A:CYS:331-:SG:D:IMP:C2,COVAPIE_BULK_REVIEW_UNIT_AAFC22DB88292B60,1JR1,IMP,1JR1:A:CYS:331:SG,P12269,9e80d38422d3a1f589912cb98596941abe86ea7f8c65148cb0c5644186cd7e87,f59f1f3a4c57bb967bdbcae56fd050af492f76dcb9e51feafbdbc3fed4659199,C2,C,9deb702f21f75077153227c996409eaea2310440ad9dd8214e34ccd665980065,f61d9674a94b6d450fd6b7e433bb7828393102557c0cea02e4cad73a9c6b77bc,NEG_V1_TS_DUMP_CATALYTIC_ADDUCT_EXACT,NOT_MATCHED,"PREDICATE_MISMATCH:exact_ccd_component_graph_sha256,exact_ligand_reactive_atom,exact_radius1_sha256,exact_radius2_sha256,exact_ts_family_accession_sequence_key","[""candidate_lane"",""structural_model_eligible"",""feature_compatible"",""explicit_cys_sg_covalent_evidence"",""usable_post_complex_structural_evidence"",""full_ligand_coordinates"",""exact_ccd_observed_heavy_atom_identity_coverage"",""exact_ccd_observed_heavy_atom_element_agreement"",""exact_reactive_ligand_atom_coverage"",""pocket_coordinates"",""outcome_candidate_route"",""outcome_feature_projection_passed"",""outcome_explicit_covalent_evidence"",""exact_connection_and_endpoint_coordinates"",""exact_ligand_reactive_element"",""structured_protein_identity_source_boundary"",""source_annotations_well_formed"",""no_source_annotation_conflict"",""no_existing_exact_positive_authority"",""no_production_approval"",""no_runtime_positive_override""]",UNREVIEWED,NOT_SHADOW_AUTO_NEGATIVE,false
COVAPIE_CYS_SG_EVENT_V1:1JTQ:A:CYS:146-:SG:C:UMP:C6,COVAPIE_BULK_REVIEW_UNIT_EB1C0FF8712C32A9,1JTQ,UMP,1JTQ:A:CYS:146:SG,P0A884,b527eb652d12b87156fabde8bdad091e29e6c4b6c7f31b0dfecfbcbfedc448d7,94a0c576d62f9955d6574009b4a79479396f2ebaa977c7340bc9b0ab4203d8f9,C6,C,9d8060b2268ba49a158fddd66dd1ec165d7ec06ed6a41a9ab4cce7ae93031ef9,cc17eb042e28bb3d8672f4c98c90659357dd42a1e2f3a33f5beeee7d73847b1e,NEG_V1_TS_DUMP_CATALYTIC_ADDUCT_EXACT,MATCHED_AUTO_NEGATIVE_EXACT,ALL_EXACT_PREDICATES_MATCHED,"[""candidate_lane"",""structural_model_eligible"",""feature_compatible"",""explicit_cys_sg_covalent_evidence"",""usable_post_complex_structural_evidence"",""full_ligand_coordinates"",""exact_ccd_observed_heavy_atom_identity_coverage"",""exact_ccd_observed_heavy_atom_element_agreement"",""exact_reactive_ligand_atom_coverage"",""pocket_coordinates"",""outcome_candidate_route"",""outcome_feature_projection_passed"",""outcome_explicit_covalent_evidence"",""exact_connection_and_endpoint_coordinates"",""exact_ccd_component_graph_sha256"",""exact_ligand_reactive_atom"",""exact_ligand_reactive_element"",""exact_radius1_sha256"",""exact_radius2_sha256"",""exact_ts_family_accession_sequence_key"",""structured_protein_identity_source_boundary"",""source_annotations_well_formed"",""no_source_annotation_conflict"",""no_existing_exact_positive_authority"",""no_production_approval"",""no_runtime_positive_override""]",UNREVIEWED,SHADOW_AUTO_NEGATIVE_EXACT,true
COVAPIE_CYS_SG_EVENT_V1:1JTQ:B:CYS:146-:SG:E:UMP:C6,COVAPIE_BULK_REVIEW_UNIT_EB1C0FF8712C32A9,1JTQ,UMP,1JTQ:B:CYS:146:SG,P0A884,b527eb652d12b87156fabde8bdad091e29e6c4b6c7f31b0dfecfbcbfedc448d7,94a0c576d62f9955d6574009b4a79479396f2ebaa977c7340bc9b0ab4203d8f9,C6,C,9d8060b2268ba49a158fddd66dd1ec165d7ec06ed6a41a9ab4cce7ae93031ef9,cc17eb042e28bb3d8672f4c98c90659357dd42a1e2f3a33f5beeee7d73847b1e,NEG_V1_TS_DUMP_CATALYTIC_ADDUCT_EXACT,MATCHED_AUTO_NEGATIVE_EXACT,ALL_EXACT_PREDICATES_MATCHED,"[""candidate_lane"",""structural_model_eligible"",""feature_compatible"",""explicit_cys_sg_covalent_evidence"",""usable_post_complex_structural_evidence"",""full_ligand_coordinates"",""exact_ccd_observed_heavy_atom_identity_coverage"",""exact_ccd_observed_heavy_atom_element_agreement"",""exact_reactive_ligand_atom_coverage"",""pocket_coordinates"",""outcome_candidate_route"",""outcome_feature_projection_passed"",""outcome_explicit_covalent_evidence"",""exact_connection_and_endpoint_coordinates"",""exact_ccd_component_graph_sha256"",""exact_ligand_reactive_atom"",""exact_ligand_reactive_element"",""exact_radius1_sha256"",""exact_radius2_sha256"",""exact_ts_family_accession_sequence_key"",""structured_protein_identity_source_boundary"",""source_annotations_well_formed"",""no_source_annotation_conflict"",""no_existing_exact_positive_authority"",""no_production_approval"",""no_runtime_positive_override""]",UNREVIEWED,SHADOW_AUTO_NEGATIVE_EXACT,true
COVAPIE_CYS_SG_EVENT_V1:1JTU:A:CYS:146-:SG:C:UMP:C6,COVAPIE_BULK_REVIEW_UNIT_EB1C0FF8712C32A9,1JTU,UMP,1JTU:A:CYS:146:SG,P0A884,b527eb652d12b87156fabde8bdad091e29e6c4b6c7f31b0dfecfbcbfedc448d7,94a0c576d62f9955d6574009b4a79479396f2ebaa977c7340bc9b0ab4203d8f9,C6,C,9d8060b2268ba49a158fddd66dd1ec165d7ec06ed6a41a9ab4cce7ae93031ef9,cc17eb042e28bb3d8672f4c98c90659357dd42a1e2f3a33f5beeee7d73847b1e,NEG_V1_TS_DUMP_CATALYTIC_ADDUCT_EXACT,MATCHED_AUTO_NEGATIVE_EXACT,ALL_EXACT_PREDICATES_MATCHED,"[""candidate_lane"",""structural_model_eligible"",""feature_compatible"",""explicit_cys_sg_covalent_evidence"",""usable_post_complex_structural_evidence"",""full_ligand_coordinates"",""exact_ccd_observed_heavy_atom_identity_coverage"",""exact_ccd_observed_heavy_atom_element_agreement"",""exact_reactive_ligand_atom_coverage"",""pocket_coordinates"",""outcome_candidate_route"",""outcome_feature_projection_passed"",""outcome_explicit_covalent_evidence"",""exact_connection_and_endpoint_coordinates"",""exact_ccd_component_graph_sha256"",""exact_ligand_reactive_atom"",""exact_ligand_reactive_element"",""exact_radius1_sha256"",""exact_radius2_sha256"",""exact_ts_family_accession_sequence_key"",""structured_protein_identity_source_boundary"",""source_annotations_well_formed"",""no_source_annotation_conflict"",""no_existing_exact_positive_authority"",""no_production_approval"",""no_runtime_positive_override""]",UNREVIEWED,SHADOW_AUTO_NEGATIVE_EXACT,true
COVAPIE_CYS_SG_EVENT_V1:1JTU:B:CYS:146-:SG:E:UMP:C6,COVAPIE_BULK_REVIEW_UNIT_EB1C0FF8712C32A9,1JTU,UMP,1JTU:B:CYS:146:SG,P0A884,b527eb652d12b87156fabde8bdad091e29e6c4b6c7f31b0dfecfbcbfedc448d7,94a0c576d62f9955d6574009b4a79479396f2ebaa977c7340bc9b0ab4203d8f9,C6,C,9d8060b2268ba49a158fddd66dd1ec165d7ec06ed6a41a9ab4cce7ae93031ef9,cc17eb042e28bb3d8672f4c98c90659357dd42a1e2f3a33f5beeee7d73847b1e,NEG_V1_TS_DUMP_CATALYTIC_ADDUCT_EXACT,MATCHED_AUTO_NEGATIVE_EXACT,ALL_EXACT_PREDICATES_MATCHED,"[""candidate_lane"",""structural_model_eligible"",""feature_compatible"",""explicit_cys_sg_covalent_evidence"",""usable_post_complex_structural_evidence"",""full_ligand_coordinates"",""exact_ccd_observed_heavy_atom_identity_coverage"",""exact_ccd_observed_heavy_atom_element_agreement"",""exact_reactive_ligand_atom_coverage"",""pocket_coordinates"",""outcome_candidate_route"",""outcome_feature_projection_passed"",""outcome_explicit_covalent_evidence"",""exact_connection_and_endpoint_coordinates"",""exact_ccd_component_graph_sha256"",""exact_ligand_reactive_atom"",""exact_ligand_reactive_element"",""exact_radius1_sha256"",""exact_radius2_sha256"",""exact_ts_family_accession_sequence_key"",""structured_protein_identity_source_boundary"",""source_annotations_well_formed"",""no_source_annotation_conflict"",""no_existing_exact_positive_authority"",""no_production_approval"",""no_runtime_positive_override""]",UNREVIEWED,SHADOW_AUTO_NEGATIVE_EXACT,true
COVAPIE_CYS_SG_EVENT_V1:1JU6:A:CYS:195-:SG:F:UMP:C6,COVAPIE_BULK_REVIEW_UNIT_EB1C0FF8712C32A9,1JU6,UMP,1JU6:A:CYS:195:SG,P04818,b3355cd684d2ecb0db5eaa39f1e10cec389628b85d2236ef4f1efce6d973c333,94a0c576d62f9955d6574009b4a79479396f2ebaa977c7340bc9b0ab4203d8f9,C6,C,9d8060b2268ba49a158fddd66dd1ec165d7ec06ed6a41a9ab4cce7ae93031ef9,cc17eb042e28bb3d8672f4c98c90659357dd42a1e2f3a33f5beeee7d73847b1e,NEG_V1_TS_DUMP_CATALYTIC_ADDUCT_EXACT,MATCHED_AUTO_NEGATIVE_EXACT,ALL_EXACT_PREDICATES_MATCHED,"[""candidate_lane"",""structural_model_eligible"",""feature_compatible"",""explicit_cys_sg_covalent_evidence"",""usable_post_complex_structural_evidence"",""full_ligand_coordinates"",""exact_ccd_observed_heavy_atom_identity_coverage"",""exact_ccd_observed_heavy_atom_element_agreement"",""exact_reactive_ligand_atom_coverage"",""pocket_coordinates"",""outcome_candidate_route"",""outcome_feature_projection_passed"",""outcome_explicit_covalent_evidence"",""exact_connection_and_endpoint_coordinates"",""exact_ccd_component_graph_sha256"",""exact_ligand_reactive_atom"",""exact_ligand_reactive_element"",""exact_radius1_sha256"",""exact_radius2_sha256"",""exact_ts_family_accession_sequence_key"",""structured_protein_identity_source_boundary"",""source_annotations_well_formed"",""no_source_annotation_conflict"",""no_existing_exact_positive_authority"",""no_production_approval"",""no_runtime_positive_override""]",UNREVIEWED,SHADOW_AUTO_NEGATIVE_EXACT,true
COVAPIE_CYS_SG_EVENT_V1:1JU6:B:CYS:195-:SG:H:UMP:C6,COVAPIE_BULK_REVIEW_UNIT_EB1C0FF8712C32A9,1JU6,UMP,1JU6:B:CYS:195:SG,P04818,b3355cd684d2ecb0db5eaa39f1e10cec389628b85d2236ef4f1efce6d973c333,94a0c576d62f9955d6574009b4a79479396f2ebaa977c7340bc9b0ab4203d8f9,C6,C,9d8060b2268ba49a158fddd66dd1ec165d7ec06ed6a41a9ab4cce7ae93031ef9,cc17eb042e28bb3d8672f4c98c90659357dd42a1e2f3a33f5beeee7d73847b1e,NEG_V1_TS_DUMP_CATALYTIC_ADDUCT_EXACT,MATCHED_AUTO_NEGATIVE_EXACT,ALL_EXACT_PREDICATES_MATCHED,"[""candidate_lane"",""structural_model_eligible"",""feature_compatible"",""explicit_cys_sg_covalent_evidence"",""usable_post_complex_structural_evidence"",""full_ligand_coordinates"",""exact_ccd_observed_heavy_atom_identity_coverage"",""exact_ccd_observed_heavy_atom_element_agreement"",""exact_reactive_ligand_atom_coverage"",""pocket_coordinates"",""outcome_candidate_route"",""outcome_feature_projection_passed"",""outcome_explicit_covalent_evidence"",""exact_connection_and_endpoint_coordinates"",""exact_ccd_component_graph_sha256"",""exact_ligand_reactive_atom"",""exact_ligand_reactive_element"",""exact_radius1_sha256"",""exact_radius2_sha256"",""exact_ts_family_accession_sequence_key"",""structured_protein_identity_source_boundary"",""source_annotations_well_formed"",""no_source_annotation_conflict"",""no_existing_exact_positive_authority"",""no_production_approval"",""no_runtime_positive_override""]",UNREVIEWED,SHADOW_AUTO_NEGATIVE_EXACT,true
COVAPIE_CYS_SG_EVENT_V1:1JU6:C:CYS:195-:SG:J:UMP:C6,COVAPIE_BULK_REVIEW_UNIT_EB1C0FF8712C32A9,1JU6,UMP,1JU6:C:CYS:195:SG,P04818,b3355cd684d2ecb0db5eaa39f1e10cec389628b85d2236ef4f1efce6d973c333,94a0c576d62f9955d6574009b4a79479396f2ebaa977c7340bc9b0ab4203d8f9,C6,C,9d8060b2268ba49a158fddd66dd1ec165d7ec06ed6a41a9ab4cce7ae93031ef9,cc17eb042e28bb3d8672f4c98c90659357dd42a1e2f3a33f5beeee7d73847b1e,NEG_V1_TS_DUMP_CATALYTIC_ADDUCT_EXACT,MATCHED_AUTO_NEGATIVE_EXACT,ALL_EXACT_PREDICATES_MATCHED,"[""candidate_lane"",""structural_model_eligible"",""feature_compatible"",""explicit_cys_sg_covalent_evidence"",""usable_post_complex_structural_evidence"",""full_ligand_coordinates"",""exact_ccd_observed_heavy_atom_identity_coverage"",""exact_ccd_observed_heavy_atom_element_agreement"",""exact_reactive_ligand_atom_coverage"",""pocket_coordinates"",""outcome_candidate_route"",""outcome_feature_projection_passed"",""outcome_explicit_covalent_evidence"",""exact_connection_and_endpoint_coordinates"",""exact_ccd_component_graph_sha256"",""exact_ligand_reactive_atom"",""exact_ligand_reactive_element"",""exact_radius1_sha256"",""exact_radius2_sha256"",""exact_ts_family_accession_sequence_key"",""structured_protein_identity_source_boundary"",""source_annotations_well_formed"",""no_source_annotation_conflict"",""no_existing_exact_positive_authority"",""no_production_approval"",""no_runtime_positive_override""]",UNREVIEWED,SHADOW_AUTO_NEGATIVE_EXACT,true
COVAPIE_CYS_SG_EVENT_V1:1JU6:D:CYS:195-:SG:L:UMP:C6,COVAPIE_BULK_REVIEW_UNIT_EB1C0FF8712C32A9,1JU6,UMP,1JU6:D:CYS:195:SG,P04818,b3355cd684d2ecb0db5eaa39f1e10cec389628b85d2236ef4f1efce6d973c333,94a0c576d62f9955d6574009b4a79479396f2ebaa977c7340bc9b0ab4203d8f9,C6,C,9d8060b2268ba49a158fddd66dd1ec165d7ec06ed6a41a9ab4cce7ae93031ef9,cc17eb042e28bb3d8672f4c98c90659357dd42a1e2f3a33f5beeee7d73847b1e,NEG_V1_TS_DUMP_CATALYTIC_ADDUCT_EXACT,MATCHED_AUTO_NEGATIVE_EXACT,ALL_EXACT_PREDICATES_MATCHED,"[""candidate_lane"",""structural_model_eligible"",""feature_compatible"",""explicit_cys_sg_covalent_evidence"",""usable_post_complex_structural_evidence"",""full_ligand_coordinates"",""exact_ccd_observed_heavy_atom_identity_coverage"",""exact_ccd_observed_heavy_atom_element_agreement"",""exact_reactive_ligand_atom_coverage"",""pocket_coordinates"",""outcome_candidate_route"",""outcome_feature_projection_passed"",""outcome_explicit_covalent_evidence"",""exact_connection_and_endpoint_coordinates"",""exact_ccd_component_graph_sha256"",""exact_ligand_reactive_atom"",""exact_ligand_reactive_element"",""exact_radius1_sha256"",""exact_radius2_sha256"",""exact_ts_family_accession_sequence_key"",""structured_protein_identity_source_boundary"",""source_annotations_well_formed"",""no_source_annotation_conflict"",""no_existing_exact_positive_authority"",""no_production_approval"",""no_runtime_positive_override""]",UNREVIEWED,SHADOW_AUTO_NEGATIVE_EXACT,true
COVAPIE_CYS_SG_EVENT_V1:1JUJ:A:CYS:195-:SG:E:UMP:C6,COVAPIE_BULK_REVIEW_UNIT_EB1C0FF8712C32A9,1JUJ,UMP,1JUJ:A:CYS:195:SG,P04818,b3355cd684d2ecb0db5eaa39f1e10cec389628b85d2236ef4f1efce6d973c333,94a0c576d62f9955d6574009b4a79479396f2ebaa977c7340bc9b0ab4203d8f9,C6,C,9d8060b2268ba49a158fddd66dd1ec165d7ec06ed6a41a9ab4cce7ae93031ef9,cc17eb042e28bb3d8672f4c98c90659357dd42a1e2f3a33f5beeee7d73847b1e,NEG_V1_TS_DUMP_CATALYTIC_ADDUCT_EXACT,MATCHED_AUTO_NEGATIVE_EXACT,ALL_EXACT_PREDICATES_MATCHED,"[""candidate_lane"",""structural_model_eligible"",""feature_compatible"",""explicit_cys_sg_covalent_evidence"",""usable_post_complex_structural_evidence"",""full_ligand_coordinates"",""exact_ccd_observed_heavy_atom_identity_coverage"",""exact_ccd_observed_heavy_atom_element_agreement"",""exact_reactive_ligand_atom_coverage"",""pocket_coordinates"",""outcome_candidate_route"",""outcome_feature_projection_passed"",""outcome_explicit_covalent_evidence"",""exact_connection_and_endpoint_coordinates"",""exact_ccd_component_graph_sha256"",""exact_ligand_reactive_atom"",""exact_ligand_reactive_element"",""exact_radius1_sha256"",""exact_radius2_sha256"",""exact_ts_family_accession_sequence_key"",""structured_protein_identity_source_boundary"",""source_annotations_well_formed"",""no_source_annotation_conflict"",""no_existing_exact_positive_authority"",""no_production_approval"",""no_runtime_positive_override""]",UNREVIEWED,SHADOW_AUTO_NEGATIVE_EXACT,true
COVAPIE_CYS_SG_EVENT_V1:1JUJ:B:CYS:195-:SG:G:UMP:C6,COVAPIE_BULK_REVIEW_UNIT_EB1C0FF8712C32A9,1JUJ,UMP,1JUJ:B:CYS:195:SG,P04818,b3355cd684d2ecb0db5eaa39f1e10cec389628b85d2236ef4f1efce6d973c333,94a0c576d62f9955d6574009b4a79479396f2ebaa977c7340bc9b0ab4203d8f9,C6,C,9d8060b2268ba49a158fddd66dd1ec165d7ec06ed6a41a9ab4cce7ae93031ef9,cc17eb042e28bb3d8672f4c98c90659357dd42a1e2f3a33f5beeee7d73847b1e,NEG_V1_TS_DUMP_CATALYTIC_ADDUCT_EXACT,MATCHED_AUTO_NEGATIVE_EXACT,ALL_EXACT_PREDICATES_MATCHED,"[""candidate_lane"",""structural_model_eligible"",""feature_compatible"",""explicit_cys_sg_covalent_evidence"",""usable_post_complex_structural_evidence"",""full_ligand_coordinates"",""exact_ccd_observed_heavy_atom_identity_coverage"",""exact_ccd_observed_heavy_atom_element_agreement"",""exact_reactive_ligand_atom_coverage"",""pocket_coordinates"",""outcome_candidate_route"",""outcome_feature_projection_passed"",""outcome_explicit_covalent_evidence"",""exact_connection_and_endpoint_coordinates"",""exact_ccd_component_graph_sha256"",""exact_ligand_reactive_atom"",""exact_ligand_reactive_element"",""exact_radius1_sha256"",""exact_radius2_sha256"",""exact_ts_family_accession_sequence_key"",""structured_protein_identity_source_boundary"",""source_annotations_well_formed"",""no_source_annotation_conflict"",""no_existing_exact_positive_authority"",""no_production_approval"",""no_runtime_positive_override""]",UNREVIEWED,SHADOW_AUTO_NEGATIVE_EXACT,true
COVAPIE_CYS_SG_EVENT_V1:1JUJ:C:CYS:195-:SG:I:UMP:C6,COVAPIE_BULK_REVIEW_UNIT_EB1C0FF8712C32A9,1JUJ,UMP,1JUJ:C:CYS:195:SG,P04818,b3355cd684d2ecb0db5eaa39f1e10cec389628b85d2236ef4f1efce6d973c333,94a0c576d62f9955d6574009b4a79479396f2ebaa977c7340bc9b0ab4203d8f9,C6,C,9d8060b2268ba49a158fddd66dd1ec165d7ec06ed6a41a9ab4cce7ae93031ef9,cc17eb042e28bb3d8672f4c98c90659357dd42a1e2f3a33f5beeee7d73847b1e,NEG_V1_TS_DUMP_CATALYTIC_ADDUCT_EXACT,MATCHED_AUTO_NEGATIVE_EXACT,ALL_EXACT_PREDICATES_MATCHED,"[""candidate_lane"",""structural_model_eligible"",""feature_compatible"",""explicit_cys_sg_covalent_evidence"",""usable_post_complex_structural_evidence"",""full_ligand_coordinates"",""exact_ccd_observed_heavy_atom_identity_coverage"",""exact_ccd_observed_heavy_atom_element_agreement"",""exact_reactive_ligand_atom_coverage"",""pocket_coordinates"",""outcome_candidate_route"",""outcome_feature_projection_passed"",""outcome_explicit_covalent_evidence"",""exact_connection_and_endpoint_coordinates"",""exact_ccd_component_graph_sha256"",""exact_ligand_reactive_atom"",""exact_ligand_reactive_element"",""exact_radius1_sha256"",""exact_radius2_sha256"",""exact_ts_family_accession_sequence_key"",""structured_protein_identity_source_boundary"",""source_annotations_well_formed"",""no_source_annotation_conflict"",""no_existing_exact_positive_authority"",""no_production_approval"",""no_runtime_positive_override""]",UNREVIEWED,SHADOW_AUTO_NEGATIVE_EXACT,true
COVAPIE_CYS_SG_EVENT_V1:1JUJ:D:CYS:195-:SG:K:UMP:C6,COVAPIE_BULK_REVIEW_UNIT_EB1C0FF8712C32A9,1JUJ,UMP,1JUJ:D:CYS:195:SG,P04818,b3355cd684d2ecb0db5eaa39f1e10cec389628b85d2236ef4f1efce6d973c333,94a0c576d62f9955d6574009b4a79479396f2ebaa977c7340bc9b0ab4203d8f9,C6,C,9d8060b2268ba49a158fddd66dd1ec165d7ec06ed6a41a9ab4cce7ae93031ef9,cc17eb042e28bb3d8672f4c98c90659357dd42a1e2f3a33f5beeee7d73847b1e,NEG_V1_TS_DUMP_CATALYTIC_ADDUCT_EXACT,MATCHED_AUTO_NEGATIVE_EXACT,ALL_EXACT_PREDICATES_MATCHED,"[""candidate_lane"",""structural_model_eligible"",""feature_compatible"",""explicit_cys_sg_covalent_evidence"",""usable_post_complex_structural_evidence"",""full_ligand_coordinates"",""exact_ccd_observed_heavy_atom_identity_coverage"",""exact_ccd_observed_heavy_atom_element_agreement"",""exact_reactive_ligand_atom_coverage"",""pocket_coordinates"",""outcome_candidate_route"",""outcome_feature_projection_passed"",""outcome_explicit_covalent_evidence"",""exact_connection_and_endpoint_coordinates"",""exact_ccd_component_graph_sha256"",""exact_ligand_reactive_atom"",""exact_ligand_reactive_element"",""exact_radius1_sha256"",""exact_radius2_sha256"",""exact_ts_family_accession_sequence_key"",""structured_protein_identity_source_boundary"",""source_annotations_well_formed"",""no_source_annotation_conflict"",""no_existing_exact_positive_authority"",""no_production_approval"",""no_runtime_positive_override""]",UNREVIEWED,SHADOW_AUTO_NEGATIVE_EXACT,true
COVAPIE_CYS_SG_EVENT_V1:1JUT:A:CYS:146-:SG:C:UMP:C6,COVAPIE_BULK_REVIEW_UNIT_EB1C0FF8712C32A9,1JUT,UMP,1JUT:A:CYS:146:SG,P0A884,b527eb652d12b87156fabde8bdad091e29e6c4b6c7f31b0dfecfbcbfedc448d7,94a0c576d62f9955d6574009b4a79479396f2ebaa977c7340bc9b0ab4203d8f9,C6,C,9d8060b2268ba49a158fddd66dd1ec165d7ec06ed6a41a9ab4cce7ae93031ef9,cc17eb042e28bb3d8672f4c98c90659357dd42a1e2f3a33f5beeee7d73847b1e,NEG_V1_TS_DUMP_CATALYTIC_ADDUCT_EXACT,MATCHED_AUTO_NEGATIVE_EXACT,ALL_EXACT_PREDICATES_MATCHED,"[""candidate_lane"",""structural_model_eligible"",""feature_compatible"",""explicit_cys_sg_covalent_evidence"",""usable_post_complex_structural_evidence"",""full_ligand_coordinates"",""exact_ccd_observed_heavy_atom_identity_coverage"",""exact_ccd_observed_heavy_atom_element_agreement"",""exact_reactive_ligand_atom_coverage"",""pocket_coordinates"",""outcome_candidate_route"",""outcome_feature_projection_passed"",""outcome_explicit_covalent_evidence"",""exact_connection_and_endpoint_coordinates"",""exact_ccd_component_graph_sha256"",""exact_ligand_reactive_atom"",""exact_ligand_reactive_element"",""exact_radius1_sha256"",""exact_radius2_sha256"",""exact_ts_family_accession_sequence_key"",""structured_protein_identity_source_boundary"",""source_annotations_well_formed"",""no_source_annotation_conflict"",""no_existing_exact_positive_authority"",""no_production_approval"",""no_runtime_positive_override""]",UNREVIEWED,SHADOW_AUTO_NEGATIVE_EXACT,true
COVAPIE_CYS_SG_EVENT_V1:1KEQ:A:CYS:131-:SG:E:4MZ:C4,COVAPIE_BULK_REVIEW_UNIT_90EE047F15B414B4,1KEQ,4MZ,1KEQ:A:CYS:131:SG,P23589,b0736a029dd527c6292ee20186d13fd8f15e5cfba01fa556fd5a3d50f7d922ce,5f0876eedd4787564f027488c67af4befc6751ddd0600e2311384d281a27f99c,C4,C,,,NEG_V1_TS_DUMP_CATALYTIC_ADDUCT_EXACT,NOT_MATCHED,"PREDICATE_MISMATCH:exact_ccd_component_graph_sha256,exact_ligand_reactive_atom,exact_ts_family_accession_sequence_key;UNAVAILABLE_OR_MALFORMED:exact_radius1_sha256[event.reactive_center_radius1_fingerprint:MISSING],exact_radius2_sha256[event.reactive_center_radius2_fingerprint:MISSING]","[""candidate_lane"",""structural_model_eligible"",""feature_compatible"",""explicit_cys_sg_covalent_evidence"",""usable_post_complex_structural_evidence"",""full_ligand_coordinates"",""exact_ccd_observed_heavy_atom_identity_coverage"",""exact_ccd_observed_heavy_atom_element_agreement"",""exact_reactive_ligand_atom_coverage"",""pocket_coordinates"",""outcome_candidate_route"",""outcome_feature_projection_passed"",""outcome_explicit_covalent_evidence"",""exact_connection_and_endpoint_coordinates"",""exact_ligand_reactive_element"",""structured_protein_identity_source_boundary"",""source_annotations_well_formed"",""no_source_annotation_conflict"",""no_existing_exact_positive_authority"",""no_production_approval"",""no_runtime_positive_override""]",UNREVIEWED,NOT_SHADOW_AUTO_NEGATIVE,false
COVAPIE_CYS_SG_EVENT_V1:1KEQ:A:CYS:188-:SG:G:4MZ:C4,COVAPIE_BULK_REVIEW_UNIT_90EE047F15B414B4,1KEQ,4MZ,1KEQ:A:CYS:188:SG,P23589,b0736a029dd527c6292ee20186d13fd8f15e5cfba01fa556fd5a3d50f7d922ce,5f0876eedd4787564f027488c67af4befc6751ddd0600e2311384d281a27f99c,C4,C,,,NEG_V1_TS_DUMP_CATALYTIC_ADDUCT_EXACT,NOT_MATCHED,"PREDICATE_MISMATCH:exact_ccd_component_graph_sha256,exact_ligand_reactive_atom,exact_ts_family_accession_sequence_key;UNAVAILABLE_OR_MALFORMED:exact_radius1_sha256[event.reactive_center_radius1_fingerprint:MISSING],exact_radius2_sha256[event.reactive_center_radius2_fingerprint:MISSING]","[""candidate_lane"",""structural_model_eligible"",""feature_compatible"",""explicit_cys_sg_covalent_evidence"",""usable_post_complex_structural_evidence"",""full_ligand_coordinates"",""exact_ccd_observed_heavy_atom_identity_coverage"",""exact_ccd_observed_heavy_atom_element_agreement"",""exact_reactive_ligand_atom_coverage"",""pocket_coordinates"",""outcome_candidate_route"",""outcome_feature_projection_passed"",""outcome_explicit_covalent_evidence"",""exact_connection_and_endpoint_coordinates"",""exact_ligand_reactive_element"",""structured_protein_identity_source_boundary"",""source_annotations_well_formed"",""no_source_annotation_conflict"",""no_existing_exact_positive_authority"",""no_production_approval"",""no_runtime_positive_override""]",UNREVIEWED,NOT_SHADOW_AUTO_NEGATIVE,false
COVAPIE_CYS_SG_EVENT_V1:1KEQ:B:CYS:188-:SG:L:4MZ:C4,COVAPIE_BULK_REVIEW_UNIT_90EE047F15B414B4,1KEQ,4MZ,1KEQ:B:CYS:188:SG,P23589,b0736a029dd527c6292ee20186d13fd8f15e5cfba01fa556fd5a3d50f7d922ce,5f0876eedd4787564f027488c67af4befc6751ddd0600e2311384d281a27f99c,C4,C,,,NEG_V1_TS_DUMP_CATALYTIC_ADDUCT_EXACT,NOT_MATCHED,"PREDICATE_MISMATCH:exact_ccd_component_graph_sha256,exact_ligand_reactive_atom,exact_ts_family_accession_sequence_key;UNAVAILABLE_OR_MALFORMED:exact_radius1_sha256[event.reactive_center_radius1_fingerprint:MISSING],exact_radius2_sha256[event.reactive_center_radius2_fingerprint:MISSING]","[""candidate_lane"",""structural_model_eligible"",""feature_compatible"",""explicit_cys_sg_covalent_evidence"",""usable_post_complex_structural_evidence"",""full_ligand_coordinates"",""exact_ccd_observed_heavy_atom_identity_coverage"",""exact_ccd_observed_heavy_atom_element_agreement"",""exact_reactive_ligand_atom_coverage"",""pocket_coordinates"",""outcome_candidate_route"",""outcome_feature_projection_passed"",""outcome_explicit_covalent_evidence"",""exact_connection_and_endpoint_coordinates"",""exact_ligand_reactive_element"",""structured_protein_identity_source_boundary"",""source_annotations_well_formed"",""no_source_annotation_conflict"",""no_existing_exact_positive_authority"",""no_production_approval"",""no_runtime_positive_override""]",UNREVIEWED,NOT_SHADOW_AUTO_NEGATIVE,false
COVAPIE_CYS_SG_EVENT_V1:1KWO:A:CYS:693-:SG:F:PDM:CP9,COVAPIE_BULK_REVIEW_UNIT_29BE63EC8EF2392B,1KWO,PDM,1KWO:A:CYS:693:SG,P24733,83c6059fb34daefada18fb8350db3115457623609560d5c33bc781e33b2d4b06,284081297eb30febf820189123e41ffbbb9531c14ae3bd5517f1027c798234bc,CP9,C,d2671534b0762c2541e105e7ff6bff1377db0f8f49fb932ad12463c7cf42f909,cad81d8138d6e0b0ff90b9e6e926ead978525f5ff39e8b3bbc282f07c38b0c3b,NEG_V1_TS_DUMP_CATALYTIC_ADDUCT_EXACT,NOT_MATCHED,"PREDICATE_MISMATCH:exact_ccd_component_graph_sha256,exact_ligand_reactive_atom,exact_radius1_sha256,exact_radius2_sha256,exact_ts_family_accession_sequence_key","[""candidate_lane"",""structural_model_eligible"",""feature_compatible"",""explicit_cys_sg_covalent_evidence"",""usable_post_complex_structural_evidence"",""full_ligand_coordinates"",""exact_ccd_observed_heavy_atom_identity_coverage"",""exact_ccd_observed_heavy_atom_element_agreement"",""exact_reactive_ligand_atom_coverage"",""pocket_coordinates"",""outcome_candidate_route"",""outcome_feature_projection_passed"",""outcome_explicit_covalent_evidence"",""exact_connection_and_endpoint_coordinates"",""exact_ligand_reactive_element"",""structured_protein_identity_source_boundary"",""source_annotations_well_formed"",""no_source_annotation_conflict"",""no_existing_exact_positive_authority"",""no_production_approval"",""no_runtime_positive_override""]",UNREVIEWED,NOT_SHADOW_AUTO_NEGATIVE,false
COVAPIE_CYS_SG_EVENT_V1:1KZI:A:CYS:146-:SG:F:UMP:C6,COVAPIE_BULK_REVIEW_UNIT_EB1C0FF8712C32A9,1KZI,UMP,1KZI:A:CYS:146:SG,P0A884,b527eb652d12b87156fabde8bdad091e29e6c4b6c7f31b0dfecfbcbfedc448d7,94a0c576d62f9955d6574009b4a79479396f2ebaa977c7340bc9b0ab4203d8f9,C6,C,9d8060b2268ba49a158fddd66dd1ec165d7ec06ed6a41a9ab4cce7ae93031ef9,cc17eb042e28bb3d8672f4c98c90659357dd42a1e2f3a33f5beeee7d73847b1e,NEG_V1_TS_DUMP_CATALYTIC_ADDUCT_EXACT,MATCHED_AUTO_NEGATIVE_EXACT,ALL_EXACT_PREDICATES_MATCHED,"[""candidate_lane"",""structural_model_eligible"",""feature_compatible"",""explicit_cys_sg_covalent_evidence"",""usable_post_complex_structural_evidence"",""full_ligand_coordinates"",""exact_ccd_observed_heavy_atom_identity_coverage"",""exact_ccd_observed_heavy_atom_element_agreement"",""exact_reactive_ligand_atom_coverage"",""pocket_coordinates"",""outcome_candidate_route"",""outcome_feature_projection_passed"",""outcome_explicit_covalent_evidence"",""exact_connection_and_endpoint_coordinates"",""exact_ccd_component_graph_sha256"",""exact_ligand_reactive_atom"",""exact_ligand_reactive_element"",""exact_radius1_sha256"",""exact_radius2_sha256"",""exact_ts_family_accession_sequence_key"",""structured_protein_identity_source_boundary"",""source_annotations_well_formed"",""no_source_annotation_conflict"",""no_existing_exact_positive_authority"",""no_production_approval"",""no_runtime_positive_override""]",UNREVIEWED,SHADOW_AUTO_NEGATIVE_EXACT,true
COVAPIE_CYS_SG_EVENT_V1:1KZI:A:CYS:192-:SG:H:DTU:S4,COVAPIE_BULK_REVIEW_UNIT_024EEB356034F83D,1KZI,DTU,1KZI:A:CYS:192:SG,P0A884,b527eb652d12b87156fabde8bdad091e29e6c4b6c7f31b0dfecfbcbfedc448d7,d5afdf263da823e28913f8e9dadd6b7748c2aa529ba3f8a49992bc74869536aa,S4,S,e6ca1bc51fe2e6a441cee743e1e8351ac9e24a449cfdb678c4db60c12eec33b8,faffb9025d78c584582ffa19fda6801bc22e0f9e68def174a0a1683f1d7cb5aa,NEG_V1_TS_DUMP_CATALYTIC_ADDUCT_EXACT,NOT_MATCHED,"PREDICATE_MISMATCH:exact_ccd_component_graph_sha256,exact_ligand_reactive_atom,exact_ligand_reactive_element,exact_radius1_sha256,exact_radius2_sha256","[""candidate_lane"",""structural_model_eligible"",""feature_compatible"",""explicit_cys_sg_covalent_evidence"",""usable_post_complex_structural_evidence"",""full_ligand_coordinates"",""exact_ccd_observed_heavy_atom_identity_coverage"",""exact_ccd_observed_heavy_atom_element_agreement"",""exact_reactive_ligand_atom_coverage"",""pocket_coordinates"",""outcome_candidate_route"",""outcome_feature_projection_passed"",""outcome_explicit_covalent_evidence"",""exact_connection_and_endpoint_coordinates"",""exact_ts_family_accession_sequence_key"",""structured_protein_identity_source_boundary"",""source_annotations_well_formed"",""no_source_annotation_conflict"",""no_existing_exact_positive_authority"",""no_production_approval"",""no_runtime_positive_override""]",UNREVIEWED,NOT_SHADOW_AUTO_NEGATIVE,false
COVAPIE_CYS_SG_EVENT_V1:1KZI:B:CYS:146-:SG:J:UMP:C6,COVAPIE_BULK_REVIEW_UNIT_EB1C0FF8712C32A9,1KZI,UMP,1KZI:B:CYS:146:SG,P0A884,b527eb652d12b87156fabde8bdad091e29e6c4b6c7f31b0dfecfbcbfedc448d7,94a0c576d62f9955d6574009b4a79479396f2ebaa977c7340bc9b0ab4203d8f9,C6,C,9d8060b2268ba49a158fddd66dd1ec165d7ec06ed6a41a9ab4cce7ae93031ef9,cc17eb042e28bb3d8672f4c98c90659357dd42a1e2f3a33f5beeee7d73847b1e,NEG_V1_TS_DUMP_CATALYTIC_ADDUCT_EXACT,MATCHED_AUTO_NEGATIVE_EXACT,ALL_EXACT_PREDICATES_MATCHED,"[""candidate_lane"",""structural_model_eligible"",""feature_compatible"",""explicit_cys_sg_covalent_evidence"",""usable_post_complex_structural_evidence"",""full_ligand_coordinates"",""exact_ccd_observed_heavy_atom_identity_coverage"",""exact_ccd_observed_heavy_atom_element_agreement"",""exact_reactive_ligand_atom_coverage"",""pocket_coordinates"",""outcome_candidate_route"",""outcome_feature_projection_passed"",""outcome_explicit_covalent_evidence"",""exact_connection_and_endpoint_coordinates"",""exact_ccd_component_graph_sha256"",""exact_ligand_reactive_atom"",""exact_ligand_reactive_element"",""exact_radius1_sha256"",""exact_radius2_sha256"",""exact_ts_family_accession_sequence_key"",""structured_protein_identity_source_boundary"",""source_annotations_well_formed"",""no_source_annotation_conflict"",""no_existing_exact_positive_authority"",""no_production_approval"",""no_runtime_positive_override""]",UNREVIEWED,SHADOW_AUTO_NEGATIVE_EXACT,true
COVAPIE_CYS_SG_EVENT_V1:1KZJ:A:CYS:146-:SG:G:UMP:C6,COVAPIE_BULK_REVIEW_UNIT_EB1C0FF8712C32A9,1KZJ,UMP,1KZJ:A:CYS:146:SG,P0A884,806d6b5980c0da47ac9bbf5427df25d9178759bb9917d17cd14781dfb5fa64bd,94a0c576d62f9955d6574009b4a79479396f2ebaa977c7340bc9b0ab4203d8f9,C6,C,9d8060b2268ba49a158fddd66dd1ec165d7ec06ed6a41a9ab4cce7ae93031ef9,cc17eb042e28bb3d8672f4c98c90659357dd42a1e2f3a33f5beeee7d73847b1e,NEG_V1_TS_DUMP_CATALYTIC_ADDUCT_EXACT,MATCHED_AUTO_NEGATIVE_EXACT,ALL_EXACT_PREDICATES_MATCHED,"[""candidate_lane"",""structural_model_eligible"",""feature_compatible"",""explicit_cys_sg_covalent_evidence"",""usable_post_complex_structural_evidence"",""full_ligand_coordinates"",""exact_ccd_observed_heavy_atom_identity_coverage"",""exact_ccd_observed_heavy_atom_element_agreement"",""exact_reactive_ligand_atom_coverage"",""pocket_coordinates"",""outcome_candidate_route"",""outcome_feature_projection_passed"",""outcome_explicit_covalent_evidence"",""exact_connection_and_endpoint_coordinates"",""exact_ccd_component_graph_sha256"",""exact_ligand_reactive_atom"",""exact_ligand_reactive_element"",""exact_radius1_sha256"",""exact_radius2_sha256"",""exact_ts_family_accession_sequence_key"",""structured_protein_identity_source_boundary"",""source_annotations_well_formed"",""no_source_annotation_conflict"",""no_existing_exact_positive_authority"",""no_production_approval"",""no_runtime_positive_override""]",UNREVIEWED,SHADOW_AUTO_NEGATIVE_EXACT,true
COVAPIE_CYS_SG_EVENT_V1:1KZJ:B:CYS:146-:SG:I:UMP:C6,COVAPIE_BULK_REVIEW_UNIT_EB1C0FF8712C32A9,1KZJ,UMP,1KZJ:B:CYS:146:SG,P0A884,806d6b5980c0da47ac9bbf5427df25d9178759bb9917d17cd14781dfb5fa64bd,94a0c576d62f9955d6574009b4a79479396f2ebaa977c7340bc9b0ab4203d8f9,C6,C,9d8060b2268ba49a158fddd66dd1ec165d7ec06ed6a41a9ab4cce7ae93031ef9,cc17eb042e28bb3d8672f4c98c90659357dd42a1e2f3a33f5beeee7d73847b1e,NEG_V1_TS_DUMP_CATALYTIC_ADDUCT_EXACT,MATCHED_AUTO_NEGATIVE_EXACT,ALL_EXACT_PREDICATES_MATCHED,"[""candidate_lane"",""structural_model_eligible"",""feature_compatible"",""explicit_cys_sg_covalent_evidence"",""usable_post_complex_structural_evidence"",""full_ligand_coordinates"",""exact_ccd_observed_heavy_atom_identity_coverage"",""exact_ccd_observed_heavy_atom_element_agreement"",""exact_reactive_ligand_atom_coverage"",""pocket_coordinates"",""outcome_candidate_route"",""outcome_feature_projection_passed"",""outcome_explicit_covalent_evidence"",""exact_connection_and_endpoint_coordinates"",""exact_ccd_component_graph_sha256"",""exact_ligand_reactive_atom"",""exact_ligand_reactive_element"",""exact_radius1_sha256"",""exact_radius2_sha256"",""exact_ts_family_accession_sequence_key"",""structured_protein_identity_source_boundary"",""source_annotations_well_formed"",""no_source_annotation_conflict"",""no_existing_exact_positive_authority"",""no_production_approval"",""no_runtime_positive_override""]",UNREVIEWED,SHADOW_AUTO_NEGATIVE_EXACT,true
COVAPIE_CYS_SG_EVENT_V1:1KZJ:C:CYS:146-:SG:K:UMP:C6,COVAPIE_BULK_REVIEW_UNIT_EB1C0FF8712C32A9,1KZJ,UMP,1KZJ:C:CYS:146:SG,P0A884,806d6b5980c0da47ac9bbf5427df25d9178759bb9917d17cd14781dfb5fa64bd,94a0c576d62f9955d6574009b4a79479396f2ebaa977c7340bc9b0ab4203d8f9,C6,C,9d8060b2268ba49a158fddd66dd1ec165d7ec06ed6a41a9ab4cce7ae93031ef9,cc17eb042e28bb3d8672f4c98c90659357dd42a1e2f3a33f5beeee7d73847b1e,NEG_V1_TS_DUMP_CATALYTIC_ADDUCT_EXACT,MATCHED_AUTO_NEGATIVE_EXACT,ALL_EXACT_PREDICATES_MATCHED,"[""candidate_lane"",""structural_model_eligible"",""feature_compatible"",""explicit_cys_sg_covalent_evidence"",""usable_post_complex_structural_evidence"",""full_ligand_coordinates"",""exact_ccd_observed_heavy_atom_identity_coverage"",""exact_ccd_observed_heavy_atom_element_agreement"",""exact_reactive_ligand_atom_coverage"",""pocket_coordinates"",""outcome_candidate_route"",""outcome_feature_projection_passed"",""outcome_explicit_covalent_evidence"",""exact_connection_and_endpoint_coordinates"",""exact_ccd_component_graph_sha256"",""exact_ligand_reactive_atom"",""exact_ligand_reactive_element"",""exact_radius1_sha256"",""exact_radius2_sha256"",""exact_ts_family_accession_sequence_key"",""structured_protein_identity_source_boundary"",""source_annotations_well_formed"",""no_source_annotation_conflict"",""no_existing_exact_positive_authority"",""no_production_approval"",""no_runtime_positive_override""]",UNREVIEWED,SHADOW_AUTO_NEGATIVE_EXACT,true
COVAPIE_CYS_SG_EVENT_V1:1KZJ:F:CYS:146-:SG:Q:UMP:C6,COVAPIE_BULK_REVIEW_UNIT_EB1C0FF8712C32A9,1KZJ,UMP,1KZJ:F:CYS:146:SG,P0A884,806d6b5980c0da47ac9bbf5427df25d9178759bb9917d17cd14781dfb5fa64bd,94a0c576d62f9955d6574009b4a79479396f2ebaa977c7340bc9b0ab4203d8f9,C6,C,9d8060b2268ba49a158fddd66dd1ec165d7ec06ed6a41a9ab4cce7ae93031ef9,cc17eb042e28bb3d8672f4c98c90659357dd42a1e2f3a33f5beeee7d73847b1e,NEG_V1_TS_DUMP_CATALYTIC_ADDUCT_EXACT,MATCHED_AUTO_NEGATIVE_EXACT,ALL_EXACT_PREDICATES_MATCHED,"[""candidate_lane"",""structural_model_eligible"",""feature_compatible"",""explicit_cys_sg_covalent_evidence"",""usable_post_complex_structural_evidence"",""full_ligand_coordinates"",""exact_ccd_observed_heavy_atom_identity_coverage"",""exact_ccd_observed_heavy_atom_element_agreement"",""exact_reactive_ligand_atom_coverage"",""pocket_coordinates"",""outcome_candidate_route"",""outcome_feature_projection_passed"",""outcome_explicit_covalent_evidence"",""exact_connection_and_endpoint_coordinates"",""exact_ccd_component_graph_sha256"",""exact_ligand_reactive_atom"",""exact_ligand_reactive_element"",""exact_radius1_sha256"",""exact_radius2_sha256"",""exact_ts_family_accession_sequence_key"",""structured_protein_identity_source_boundary"",""source_annotations_well_formed"",""no_source_annotation_conflict"",""no_existing_exact_positive_authority"",""no_production_approval"",""no_runtime_positive_override""]",UNREVIEWED,SHADOW_AUTO_NEGATIVE_EXACT,true
COVAPIE_CYS_SG_EVENT_V1:1LXY:A:CYS:398-:SG:C:CIR:C7,COVAPIE_BULK_REVIEW_UNIT_47AC17EBC8C3AFD6,1LXY,CIR,1LXY:A:CYS:398:SG,P23793,c260992fd0d5f5367721d9be5087a7d2e49c21d68ae475f84f49d8f24dbc530a,c505d97844a4bc18ff4129ea4060027d880d568bab08144ecffc606744b050db,C7,C,98d505a8fb42554fb2a88d60d8a9acbff58f5466d0bf287a232ad4d96990887f,b42ad0ca816d094a7729c9e80ca6be24528aaf643fcccebbe264b79844e456e0,NEG_V1_TS_DUMP_CATALYTIC_ADDUCT_EXACT,NOT_MATCHED,"PREDICATE_MISMATCH:exact_ccd_component_graph_sha256,exact_ligand_reactive_atom,exact_radius1_sha256,exact_radius2_sha256,exact_ts_family_accession_sequence_key","[""candidate_lane"",""structural_model_eligible"",""feature_compatible"",""explicit_cys_sg_covalent_evidence"",""usable_post_complex_structural_evidence"",""full_ligand_coordinates"",""exact_ccd_observed_heavy_atom_identity_coverage"",""exact_ccd_observed_heavy_atom_element_agreement"",""exact_reactive_ligand_atom_coverage"",""pocket_coordinates"",""outcome_candidate_route"",""outcome_feature_projection_passed"",""outcome_explicit_covalent_evidence"",""exact_connection_and_endpoint_coordinates"",""exact_ligand_reactive_element"",""structured_protein_identity_source_boundary"",""source_annotations_well_formed"",""no_source_annotation_conflict"",""no_existing_exact_positive_authority"",""no_production_approval"",""no_runtime_positive_override""]",UNREVIEWED,NOT_SHADOW_AUTO_NEGATIVE,false
COVAPIE_CYS_SG_EVENT_V1:1LXY:B:CYS:398-:SG:E:CIR:C7,COVAPIE_BULK_REVIEW_UNIT_47AC17EBC8C3AFD6,1LXY,CIR,1LXY:B:CYS:398:SG,P23793,c260992fd0d5f5367721d9be5087a7d2e49c21d68ae475f84f49d8f24dbc530a,c505d97844a4bc18ff4129ea4060027d880d568bab08144ecffc606744b050db,C7,C,98d505a8fb42554fb2a88d60d8a9acbff58f5466d0bf287a232ad4d96990887f,b42ad0ca816d094a7729c9e80ca6be24528aaf643fcccebbe264b79844e456e0,NEG_V1_TS_DUMP_CATALYTIC_ADDUCT_EXACT,NOT_MATCHED,"PREDICATE_MISMATCH:exact_ccd_component_graph_sha256,exact_ligand_reactive_atom,exact_radius1_sha256,exact_radius2_sha256,exact_ts_family_accession_sequence_key","[""candidate_lane"",""structural_model_eligible"",""feature_compatible"",""explicit_cys_sg_covalent_evidence"",""usable_post_complex_structural_evidence"",""full_ligand_coordinates"",""exact_ccd_observed_heavy_atom_identity_coverage"",""exact_ccd_observed_heavy_atom_element_agreement"",""exact_reactive_ligand_atom_coverage"",""pocket_coordinates"",""outcome_candidate_route"",""outcome_feature_projection_passed"",""outcome_explicit_covalent_evidence"",""exact_connection_and_endpoint_coordinates"",""exact_ligand_reactive_element"",""structured_protein_identity_source_boundary"",""source_annotations_well_formed"",""no_source_annotation_conflict"",""no_existing_exact_positive_authority"",""no_production_approval"",""no_runtime_positive_override""]",UNREVIEWED,NOT_SHADOW_AUTO_NEGATIVE,false
COVAPIE_CYS_SG_EVENT_V1:1ML3:B:CYS:166-:SG:F:CYX:C1,COVAPIE_BULK_REVIEW_UNIT_F405B411FF44DFF3,1ML3,CYX,1ML3:B:CYS:166:SG,P22513,b6c1fbb115a280a67570beeecc2fb4034414602d71ded1d5207659e26b216405,b1cddfdbb3857d3551036f46c9efedf1ff3cb3b1cbab021203f03db76cbb6d14,C1,C,55e43852e5e27f4d3d717d338f8f4cbda3987d8cf91a7cec5fcfcf58f7f326b9,2a8483cca634226ca02840902b7698ff37930782a36270248fa77eff7ae0dc2a,NEG_V1_TS_DUMP_CATALYTIC_ADDUCT_EXACT,NOT_MATCHED,"PREDICATE_MISMATCH:exact_ccd_component_graph_sha256,exact_ligand_reactive_atom,exact_radius1_sha256,exact_radius2_sha256,exact_ts_family_accession_sequence_key","[""candidate_lane"",""structural_model_eligible"",""feature_compatible"",""explicit_cys_sg_covalent_evidence"",""usable_post_complex_structural_evidence"",""full_ligand_coordinates"",""exact_ccd_observed_heavy_atom_identity_coverage"",""exact_ccd_observed_heavy_atom_element_agreement"",""exact_reactive_ligand_atom_coverage"",""pocket_coordinates"",""outcome_candidate_route"",""outcome_feature_projection_passed"",""outcome_explicit_covalent_evidence"",""exact_connection_and_endpoint_coordinates"",""exact_ligand_reactive_element"",""structured_protein_identity_source_boundary"",""source_annotations_well_formed"",""no_source_annotation_conflict"",""no_existing_exact_positive_authority"",""no_production_approval"",""no_runtime_positive_override""]",UNREVIEWED,NOT_SHADOW_AUTO_NEGATIVE,false
COVAPIE_CYS_SG_EVENT_V1:1ML3:C:CYS:166-:SG:H:CYX:C1,COVAPIE_BULK_REVIEW_UNIT_F405B411FF44DFF3,1ML3,CYX,1ML3:C:CYS:166:SG,P22513,b6c1fbb115a280a67570beeecc2fb4034414602d71ded1d5207659e26b216405,b1cddfdbb3857d3551036f46c9efedf1ff3cb3b1cbab021203f03db76cbb6d14,C1,C,55e43852e5e27f4d3d717d338f8f4cbda3987d8cf91a7cec5fcfcf58f7f326b9,2a8483cca634226ca02840902b7698ff37930782a36270248fa77eff7ae0dc2a,NEG_V1_TS_DUMP_CATALYTIC_ADDUCT_EXACT,NOT_MATCHED,"PREDICATE_MISMATCH:exact_ccd_component_graph_sha256,exact_ligand_reactive_atom,exact_radius1_sha256,exact_radius2_sha256,exact_ts_family_accession_sequence_key","[""candidate_lane"",""structural_model_eligible"",""feature_compatible"",""explicit_cys_sg_covalent_evidence"",""usable_post_complex_structural_evidence"",""full_ligand_coordinates"",""exact_ccd_observed_heavy_atom_identity_coverage"",""exact_ccd_observed_heavy_atom_element_agreement"",""exact_reactive_ligand_atom_coverage"",""pocket_coordinates"",""outcome_candidate_route"",""outcome_feature_projection_passed"",""outcome_explicit_covalent_evidence"",""exact_connection_and_endpoint_coordinates"",""exact_ligand_reactive_element"",""structured_protein_identity_source_boundary"",""source_annotations_well_formed"",""no_source_annotation_conflict"",""no_existing_exact_positive_authority"",""no_production_approval"",""no_runtime_positive_override""]",UNREVIEWED,NOT_SHADOW_AUTO_NEGATIVE,false
COVAPIE_CYS_SG_EVENT_V1:1ML3:D:CYS:166-:SG:J:CYX:C1,COVAPIE_BULK_REVIEW_UNIT_F405B411FF44DFF3,1ML3,CYX,1ML3:D:CYS:166:SG,P22513,b6c1fbb115a280a67570beeecc2fb4034414602d71ded1d5207659e26b216405,b1cddfdbb3857d3551036f46c9efedf1ff3cb3b1cbab021203f03db76cbb6d14,C1,C,55e43852e5e27f4d3d717d338f8f4cbda3987d8cf91a7cec5fcfcf58f7f326b9,2a8483cca634226ca02840902b7698ff37930782a36270248fa77eff7ae0dc2a,NEG_V1_TS_DUMP_CATALYTIC_ADDUCT_EXACT,NOT_MATCHED,"PREDICATE_MISMATCH:exact_ccd_component_graph_sha256,exact_ligand_reactive_atom,exact_radius1_sha256,exact_radius2_sha256,exact_ts_family_accession_sequence_key","[""candidate_lane"",""structural_model_eligible"",""feature_compatible"",""explicit_cys_sg_covalent_evidence"",""usable_post_complex_structural_evidence"",""full_ligand_coordinates"",""exact_ccd_observed_heavy_atom_identity_coverage"",""exact_ccd_observed_heavy_atom_element_agreement"",""exact_reactive_ligand_atom_coverage"",""pocket_coordinates"",""outcome_candidate_route"",""outcome_feature_projection_passed"",""outcome_explicit_covalent_evidence"",""exact_connection_and_endpoint_coordinates"",""exact_ligand_reactive_element"",""structured_protein_identity_source_boundary"",""source_annotations_well_formed"",""no_source_annotation_conflict"",""no_existing_exact_positive_authority"",""no_production_approval"",""no_runtime_positive_override""]",UNREVIEWED,NOT_SHADOW_AUTO_NEGATIVE,false
COVAPIE_CYS_SG_EVENT_V1:1NBP:A:CYS:31-:SG:C:MHC:S1,COVAPIE_BULK_REVIEW_UNIT_6F93A0730570186F,1NBP,MHC,1NBP:A:CYS:31:SG,P60568,84391952de9a2b6f9c3f14c3aec216d5e5187c4c3d63267a2ad7b3bc1ed83446,2436f2125966c1683c8e836a9acdc34f258cc88163868057a11c7e3e1a10b98f,S1,S,,,NEG_V1_TS_DUMP_CATALYTIC_ADDUCT_EXACT,NOT_MATCHED,"PREDICATE_MISMATCH:exact_ccd_component_graph_sha256,exact_ligand_reactive_atom,exact_ligand_reactive_element,exact_ts_family_accession_sequence_key;UNAVAILABLE_OR_MALFORMED:exact_radius1_sha256[event.reactive_center_radius1_fingerprint:MISSING],exact_radius2_sha256[event.reactive_center_radius2_fingerprint:MISSING]","[""candidate_lane"",""structural_model_eligible"",""feature_compatible"",""explicit_cys_sg_covalent_evidence"",""usable_post_complex_structural_evidence"",""full_ligand_coordinates"",""exact_ccd_observed_heavy_atom_identity_coverage"",""exact_ccd_observed_heavy_atom_element_agreement"",""exact_reactive_ligand_atom_coverage"",""pocket_coordinates"",""outcome_candidate_route"",""outcome_feature_projection_passed"",""outcome_explicit_covalent_evidence"",""exact_connection_and_endpoint_coordinates"",""structured_protein_identity_source_boundary"",""source_annotations_well_formed"",""no_source_annotation_conflict"",""no_existing_exact_positive_authority"",""no_production_approval"",""no_runtime_positive_override""]",UNREVIEWED,NOT_SHADOW_AUTO_NEGATIVE,false
COVAPIE_CYS_SG_EVENT_V1:1NFZ:A:CYS:67-:SG:E:EIP:C12,COVAPIE_BULK_REVIEW_UNIT_07BD3B72031BD7CC,1NFZ,EIP,1NFZ:A:CYS:67:SG,Q46822,dd2c4e153da060bf82cdc49af254722599b7803547937393cf90b32dc6747a11,f33d90d04fb4545af2a6daf896172e7fd19519c1251f6ee492059966c9e43205,C12,C,a52be936a65b15f90b8da8d1ed7d4abd0df845fd67ee12bdb4f97cb21c7f7001,f7acf2b06c8e593f8e30f67b5b3fd5cf4544ec7c898776d3fd83ea9eddd3f71e,NEG_V1_TS_DUMP_CATALYTIC_ADDUCT_EXACT,NOT_MATCHED,"PREDICATE_MISMATCH:exact_ccd_component_graph_sha256,exact_ligand_reactive_atom,exact_radius1_sha256,exact_radius2_sha256,exact_ts_family_accession_sequence_key,no_runtime_positive_override","[""candidate_lane"",""structural_model_eligible"",""feature_compatible"",""explicit_cys_sg_covalent_evidence"",""usable_post_complex_structural_evidence"",""full_ligand_coordinates"",""exact_ccd_observed_heavy_atom_identity_coverage"",""exact_ccd_observed_heavy_atom_element_agreement"",""exact_reactive_ligand_atom_coverage"",""pocket_coordinates"",""outcome_candidate_route"",""outcome_feature_projection_passed"",""outcome_explicit_covalent_evidence"",""exact_connection_and_endpoint_coordinates"",""exact_ligand_reactive_element"",""structured_protein_identity_source_boundary"",""source_annotations_well_formed"",""no_source_annotation_conflict"",""no_existing_exact_positive_authority"",""no_production_approval""]",COMPLETED:RELEVANT_FOR_COVAPIE_POST_ONLY_V1,NOT_SHADOW_AUTO_NEGATIVE,false
COVAPIE_CYS_SG_EVENT_V1:1NFZ:B:CYS:67-:SG:H:EIP:C12,COVAPIE_BULK_REVIEW_UNIT_07BD3B72031BD7CC,1NFZ,EIP,1NFZ:B:CYS:67:SG,Q46822,dd2c4e153da060bf82cdc49af254722599b7803547937393cf90b32dc6747a11,f33d90d04fb4545af2a6daf896172e7fd19519c1251f6ee492059966c9e43205,C12,C,a52be936a65b15f90b8da8d1ed7d4abd0df845fd67ee12bdb4f97cb21c7f7001,f7acf2b06c8e593f8e30f67b5b3fd5cf4544ec7c898776d3fd83ea9eddd3f71e,NEG_V1_TS_DUMP_CATALYTIC_ADDUCT_EXACT,NOT_MATCHED,"PREDICATE_MISMATCH:exact_ccd_component_graph_sha256,exact_ligand_reactive_atom,exact_radius1_sha256,exact_radius2_sha256,exact_ts_family_accession_sequence_key,no_runtime_positive_override","[""candidate_lane"",""structural_model_eligible"",""feature_compatible"",""explicit_cys_sg_covalent_evidence"",""usable_post_complex_structural_evidence"",""full_ligand_coordinates"",""exact_ccd_observed_heavy_atom_identity_coverage"",""exact_ccd_observed_heavy_atom_element_agreement"",""exact_reactive_ligand_atom_coverage"",""pocket_coordinates"",""outcome_candidate_route"",""outcome_feature_projection_passed"",""outcome_explicit_covalent_evidence"",""exact_connection_and_endpoint_coordinates"",""exact_ligand_reactive_element"",""structured_protein_identity_source_boundary"",""source_annotations_well_formed"",""no_source_annotation_conflict"",""no_existing_exact_positive_authority"",""no_production_approval""]",COMPLETED:RELEVANT_FOR_COVAPIE_POST_ONLY_V1,NOT_SHADOW_AUTO_NEGATIVE,false
COVAPIE_CYS_SG_EVENT_V1:1OFE:A:CYS:1-:SG:F:ONL:CE,COVAPIE_BULK_REVIEW_UNIT_FC5A3060FADCBA74,1OFE,ONL,1OFE:A:CYS:1:SG,P55038,f1e0669e3e57c4af874f04b653eabec3519d442e1166ec873b5fd1a564e7f244,4f5da8da8d74363eedaacb6a29fa2b53e0c9c2103df1a3d9f8f69baa65a87bbd,CE,C,270399e12813ee583716a9b98b14a3a92b0ff33679d916e098ea8dd5a3862b15,a4ef2bdfced2cd00b0657a687d1f369c44fc79aef3f185422cfcd2c90519ac47,NEG_V1_TS_DUMP_CATALYTIC_ADDUCT_EXACT,NOT_MATCHED,"PREDICATE_MISMATCH:exact_ccd_component_graph_sha256,exact_ligand_reactive_atom,exact_radius1_sha256,exact_radius2_sha256,exact_ts_family_accession_sequence_key","[""candidate_lane"",""structural_model_eligible"",""feature_compatible"",""explicit_cys_sg_covalent_evidence"",""usable_post_complex_structural_evidence"",""full_ligand_coordinates"",""exact_ccd_observed_heavy_atom_identity_coverage"",""exact_ccd_observed_heavy_atom_element_agreement"",""exact_reactive_ligand_atom_coverage"",""pocket_coordinates"",""outcome_candidate_route"",""outcome_feature_projection_passed"",""outcome_explicit_covalent_evidence"",""exact_connection_and_endpoint_coordinates"",""exact_ligand_reactive_element"",""structured_protein_identity_source_boundary"",""source_annotations_well_formed"",""no_source_annotation_conflict"",""no_existing_exact_positive_authority"",""no_production_approval"",""no_runtime_positive_override""]",UNREVIEWED,NOT_SHADOW_AUTO_NEGATIVE,false
COVAPIE_CYS_SG_EVENT_V1:1PY0:A:CYS:51-:SG:E:YMA:S1,COVAPIE_BULK_REVIEW_UNIT_5FFACB7F4984AD92,1PY0,YMA,1PY0:A:CYS:51:SG,P04377,b1084b026d291cabe3157585940ce5d140b08a8df67472e35f057cc9407c34c9,7ab514bd81aa0cbee5c31b769b69613ca2c8b5fcb26c094714abe2c63f38fdbd,S1,S,e6ca1bc51fe2e6a441cee743e1e8351ac9e24a449cfdb678c4db60c12eec33b8,faffb9025d78c584582ffa19fda6801bc22e0f9e68def174a0a1683f1d7cb5aa,NEG_V1_TS_DUMP_CATALYTIC_ADDUCT_EXACT,NOT_MATCHED,"PREDICATE_MISMATCH:exact_ccd_component_graph_sha256,exact_ligand_reactive_atom,exact_ligand_reactive_element,exact_radius1_sha256,exact_radius2_sha256,exact_ts_family_accession_sequence_key","[""candidate_lane"",""structural_model_eligible"",""feature_compatible"",""explicit_cys_sg_covalent_evidence"",""usable_post_complex_structural_evidence"",""full_ligand_coordinates"",""exact_ccd_observed_heavy_atom_identity_coverage"",""exact_ccd_observed_heavy_atom_element_agreement"",""exact_reactive_ligand_atom_coverage"",""pocket_coordinates"",""outcome_candidate_route"",""outcome_feature_projection_passed"",""outcome_explicit_covalent_evidence"",""exact_connection_and_endpoint_coordinates"",""structured_protein_identity_source_boundary"",""source_annotations_well_formed"",""no_source_annotation_conflict"",""no_existing_exact_positive_authority"",""no_production_approval"",""no_runtime_positive_override""]",COMPLETED:NOT_RELEVANT_TO_COVAPIE_SMALL_MOLECULE_TASK,NOT_SHADOW_AUTO_NEGATIVE,false
COVAPIE_CYS_SG_EVENT_V1:1PY0:A:CYS:54-:SG:E:YMA:S2,COVAPIE_BULK_REVIEW_UNIT_FDB85D5F243B76AA,1PY0,YMA,1PY0:A:CYS:54:SG,P04377,b1084b026d291cabe3157585940ce5d140b08a8df67472e35f057cc9407c34c9,7ab514bd81aa0cbee5c31b769b69613ca2c8b5fcb26c094714abe2c63f38fdbd,S2,S,e6ca1bc51fe2e6a441cee743e1e8351ac9e24a449cfdb678c4db60c12eec33b8,faffb9025d78c584582ffa19fda6801bc22e0f9e68def174a0a1683f1d7cb5aa,NEG_V1_TS_DUMP_CATALYTIC_ADDUCT_EXACT,NOT_MATCHED,"PREDICATE_MISMATCH:exact_ccd_component_graph_sha256,exact_ligand_reactive_atom,exact_ligand_reactive_element,exact_radius1_sha256,exact_radius2_sha256,exact_ts_family_accession_sequence_key","[""candidate_lane"",""structural_model_eligible"",""feature_compatible"",""explicit_cys_sg_covalent_evidence"",""usable_post_complex_structural_evidence"",""full_ligand_coordinates"",""exact_ccd_observed_heavy_atom_identity_coverage"",""exact_ccd_observed_heavy_atom_element_agreement"",""exact_reactive_ligand_atom_coverage"",""pocket_coordinates"",""outcome_candidate_route"",""outcome_feature_projection_passed"",""outcome_explicit_covalent_evidence"",""exact_connection_and_endpoint_coordinates"",""structured_protein_identity_source_boundary"",""source_annotations_well_formed"",""no_source_annotation_conflict"",""no_existing_exact_positive_authority"",""no_production_approval"",""no_runtime_positive_override""]",UNREVIEWED,NOT_SHADOW_AUTO_NEGATIVE,false
COVAPIE_CYS_SG_EVENT_V1:1QFM:A:CYS:532-:SG:E:SGM:S1,COVAPIE_BULK_REVIEW_UNIT_D01A4DF5C78EE065,1QFM,SGM,1QFM:A:CYS:532:SG,P23687,9e6f7a79102d1920ed8a6747bd84a0041025856a7f23bdd401faf52d795d4edf,bbbde0c485bae4dd72b4e43e6ac04fd971a643cbe5843bd0d73eb492da279656,S1,S,e6ca1bc51fe2e6a441cee743e1e8351ac9e24a449cfdb678c4db60c12eec33b8,faffb9025d78c584582ffa19fda6801bc22e0f9e68def174a0a1683f1d7cb5aa,NEG_V1_TS_DUMP_CATALYTIC_ADDUCT_EXACT,NOT_MATCHED,"PREDICATE_MISMATCH:exact_ccd_component_graph_sha256,exact_ligand_reactive_atom,exact_ligand_reactive_element,exact_radius1_sha256,exact_radius2_sha256,exact_ts_family_accession_sequence_key","[""candidate_lane"",""structural_model_eligible"",""feature_compatible"",""explicit_cys_sg_covalent_evidence"",""usable_post_complex_structural_evidence"",""full_ligand_coordinates"",""exact_ccd_observed_heavy_atom_identity_coverage"",""exact_ccd_observed_heavy_atom_element_agreement"",""exact_reactive_ligand_atom_coverage"",""pocket_coordinates"",""outcome_candidate_route"",""outcome_feature_projection_passed"",""outcome_explicit_covalent_evidence"",""exact_connection_and_endpoint_coordinates"",""structured_protein_identity_source_boundary"",""source_annotations_well_formed"",""no_source_annotation_conflict"",""no_existing_exact_positive_authority"",""no_production_approval"",""no_runtime_positive_override""]",UNREVIEWED,NOT_SHADOW_AUTO_NEGATIVE,false
COVAPIE_CYS_SG_EVENT_V1:1QFM:A:CYS:78-:SG:D:SGM:S1,COVAPIE_BULK_REVIEW_UNIT_D01A4DF5C78EE065,1QFM,SGM,1QFM:A:CYS:78:SG,P23687,9e6f7a79102d1920ed8a6747bd84a0041025856a7f23bdd401faf52d795d4edf,bbbde0c485bae4dd72b4e43e6ac04fd971a643cbe5843bd0d73eb492da279656,S1,S,e6ca1bc51fe2e6a441cee743e1e8351ac9e24a449cfdb678c4db60c12eec33b8,faffb9025d78c584582ffa19fda6801bc22e0f9e68def174a0a1683f1d7cb5aa,NEG_V1_TS_DUMP_CATALYTIC_ADDUCT_EXACT,NOT_MATCHED,"PREDICATE_MISMATCH:exact_ccd_component_graph_sha256,exact_ligand_reactive_atom,exact_ligand_reactive_element,exact_radius1_sha256,exact_radius2_sha256,exact_ts_family_accession_sequence_key","[""candidate_lane"",""structural_model_eligible"",""feature_compatible"",""explicit_cys_sg_covalent_evidence"",""usable_post_complex_structural_evidence"",""full_ligand_coordinates"",""exact_ccd_observed_heavy_atom_identity_coverage"",""exact_ccd_observed_heavy_atom_element_agreement"",""exact_reactive_ligand_atom_coverage"",""pocket_coordinates"",""outcome_candidate_route"",""outcome_feature_projection_passed"",""outcome_explicit_covalent_evidence"",""exact_connection_and_endpoint_coordinates"",""structured_protein_identity_source_boundary"",""source_annotations_well_formed"",""no_source_annotation_conflict"",""no_existing_exact_positive_authority"",""no_production_approval"",""no_runtime_positive_override""]",UNREVIEWED,NOT_SHADOW_AUTO_NEGATIVE,false
COVAPIE_CYS_SG_EVENT_V1:1RP4:A:CYS:208-:SG:D:NEN:C1,COVAPIE_BULK_REVIEW_UNIT_D88548D5B5FCAA3C,1RP4,NEN,1RP4:A:CYS:208:SG,Q03103,654c2e06028378637de6cb3aa2eb50901d86c12b15f3acc433bc19c2b00440fc,4f61a414ff74951e07bbe70ac6e3c671e4afbe11b7833a4c1f8d94f443db2e93,C1,C,d2671534b0762c2541e105e7ff6bff1377db0f8f49fb932ad12463c7cf42f909,0f95f50099dfd6703ccedefae393196c7793cf15ca10c350eba3d884b1e71d81,NEG_V1_TS_DUMP_CATALYTIC_ADDUCT_EXACT,NOT_MATCHED,"PREDICATE_MISMATCH:exact_ccd_component_graph_sha256,exact_ligand_reactive_atom,exact_radius1_sha256,exact_radius2_sha256,exact_ts_family_accession_sequence_key","[""candidate_lane"",""structural_model_eligible"",""feature_compatible"",""explicit_cys_sg_covalent_evidence"",""usable_post_complex_structural_evidence"",""full_ligand_coordinates"",""exact_ccd_observed_heavy_atom_identity_coverage"",""exact_ccd_observed_heavy_atom_element_agreement"",""exact_reactive_ligand_atom_coverage"",""pocket_coordinates"",""outcome_candidate_route"",""outcome_feature_projection_passed"",""outcome_explicit_covalent_evidence"",""exact_connection_and_endpoint_coordinates"",""exact_ligand_reactive_element"",""structured_protein_identity_source_boundary"",""source_annotations_well_formed"",""no_source_annotation_conflict"",""no_existing_exact_positive_authority"",""no_production_approval"",""no_runtime_positive_override""]",COMPLETED:NOT_RELEVANT_TO_COVAPIE_SMALL_MOLECULE_TASK,NOT_SHADOW_AUTO_NEGATIVE,false
COVAPIE_CYS_SG_EVENT_V1:1SHL:A:CYS:290-:SG:C:FXN:S19,COVAPIE_BULK_REVIEW_UNIT_EE27EA1094097660,1SHL,FXN,1SHL:A:CYS:290:SG,P55210,dea1b1fd70998225a3c1a846bf118a6e4727bbe0b64b185b049607e35496ceed,97010fbfe0c6d855ca18eecc60fb37c946c84a306c18f6a9d3f2d9ba221a665b,S19,S,,,NEG_V1_TS_DUMP_CATALYTIC_ADDUCT_EXACT,NOT_MATCHED,"PREDICATE_MISMATCH:exact_ccd_component_graph_sha256,exact_ligand_reactive_atom,exact_ligand_reactive_element,exact_ts_family_accession_sequence_key;UNAVAILABLE_OR_MALFORMED:exact_radius1_sha256[event.reactive_center_radius1_fingerprint:MISSING],exact_radius2_sha256[event.reactive_center_radius2_fingerprint:MISSING]","[""candidate_lane"",""structural_model_eligible"",""feature_compatible"",""explicit_cys_sg_covalent_evidence"",""usable_post_complex_structural_evidence"",""full_ligand_coordinates"",""exact_ccd_observed_heavy_atom_identity_coverage"",""exact_ccd_observed_heavy_atom_element_agreement"",""exact_reactive_ligand_atom_coverage"",""pocket_coordinates"",""outcome_candidate_route"",""outcome_feature_projection_passed"",""outcome_explicit_covalent_evidence"",""exact_connection_and_endpoint_coordinates"",""structured_protein_identity_source_boundary"",""source_annotations_well_formed"",""no_source_annotation_conflict"",""no_existing_exact_positive_authority"",""no_production_approval"",""no_runtime_positive_override""]",UNREVIEWED,NOT_SHADOW_AUTO_NEGATIVE,false
COVAPIE_CYS_SG_EVENT_V1:1SHL:B:CYS:290-:SG:D:FXN:S19,COVAPIE_BULK_REVIEW_UNIT_EE27EA1094097660,1SHL,FXN,1SHL:B:CYS:290:SG,P55210,dea1b1fd70998225a3c1a846bf118a6e4727bbe0b64b185b049607e35496ceed,97010fbfe0c6d855ca18eecc60fb37c946c84a306c18f6a9d3f2d9ba221a665b,S19,S,,,NEG_V1_TS_DUMP_CATALYTIC_ADDUCT_EXACT,NOT_MATCHED,"PREDICATE_MISMATCH:exact_ccd_component_graph_sha256,exact_ligand_reactive_atom,exact_ligand_reactive_element,exact_ts_family_accession_sequence_key;UNAVAILABLE_OR_MALFORMED:exact_radius1_sha256[event.reactive_center_radius1_fingerprint:MISSING],exact_radius2_sha256[event.reactive_center_radius2_fingerprint:MISSING]","[""candidate_lane"",""structural_model_eligible"",""feature_compatible"",""explicit_cys_sg_covalent_evidence"",""usable_post_complex_structural_evidence"",""full_ligand_coordinates"",""exact_ccd_observed_heavy_atom_identity_coverage"",""exact_ccd_observed_heavy_atom_element_agreement"",""exact_reactive_ligand_atom_coverage"",""pocket_coordinates"",""outcome_candidate_route"",""outcome_feature_projection_passed"",""outcome_explicit_covalent_evidence"",""exact_connection_and_endpoint_coordinates"",""structured_protein_identity_source_boundary"",""source_annotations_well_formed"",""no_source_annotation_conflict"",""no_existing_exact_positive_authority"",""no_production_approval"",""no_runtime_positive_override""]",UNREVIEWED,NOT_SHADOW_AUTO_NEGATIVE,false
COVAPIE_CYS_SG_EVENT_V1:1TLS:A:CYS:146-:SG:C:UFP:C6,COVAPIE_BULK_REVIEW_UNIT_CF6D3ADC970757BA,1TLS,UFP,1TLS:A:CYS:146:SG,P00470,b527eb652d12b87156fabde8bdad091e29e6c4b6c7f31b0dfecfbcbfedc448d7,b0a11ecaa554b18716e2cce629257fca90bf38b2f97fd73803509cfa5c9617b5,C6,C,9d8060b2268ba49a158fddd66dd1ec165d7ec06ed6a41a9ab4cce7ae93031ef9,2378be48c8563f2ac42953db7b53923eda2337aecce63f6737607f283299c279,NEG_V1_TS_DUMP_CATALYTIC_ADDUCT_EXACT,NOT_MATCHED,"PREDICATE_MISMATCH:exact_ccd_component_graph_sha256,exact_radius2_sha256","[""candidate_lane"",""structural_model_eligible"",""feature_compatible"",""explicit_cys_sg_covalent_evidence"",""usable_post_complex_structural_evidence"",""full_ligand_coordinates"",""exact_ccd_observed_heavy_atom_identity_coverage"",""exact_ccd_observed_heavy_atom_element_agreement"",""exact_reactive_ligand_atom_coverage"",""pocket_coordinates"",""outcome_candidate_route"",""outcome_feature_projection_passed"",""outcome_explicit_covalent_evidence"",""exact_connection_and_endpoint_coordinates"",""exact_ligand_reactive_atom"",""exact_ligand_reactive_element"",""exact_radius1_sha256"",""exact_ts_family_accession_sequence_key"",""structured_protein_identity_source_boundary"",""source_annotations_well_formed"",""no_source_annotation_conflict"",""no_existing_exact_positive_authority"",""no_production_approval"",""no_runtime_positive_override""]",UNREVIEWED,NOT_SHADOW_AUTO_NEGATIVE,false
COVAPIE_CYS_SG_EVENT_V1:1TLS:B:CYS:146-:SG:E:UFP:C6,COVAPIE_BULK_REVIEW_UNIT_CF6D3ADC970757BA,1TLS,UFP,1TLS:B:CYS:146:SG,P00470,b527eb652d12b87156fabde8bdad091e29e6c4b6c7f31b0dfecfbcbfedc448d7,b0a11ecaa554b18716e2cce629257fca90bf38b2f97fd73803509cfa5c9617b5,C6,C,9d8060b2268ba49a158fddd66dd1ec165d7ec06ed6a41a9ab4cce7ae93031ef9,2378be48c8563f2ac42953db7b53923eda2337aecce63f6737607f283299c279,NEG_V1_TS_DUMP_CATALYTIC_ADDUCT_EXACT,NOT_MATCHED,"PREDICATE_MISMATCH:exact_ccd_component_graph_sha256,exact_radius2_sha256","[""candidate_lane"",""structural_model_eligible"",""feature_compatible"",""explicit_cys_sg_covalent_evidence"",""usable_post_complex_structural_evidence"",""full_ligand_coordinates"",""exact_ccd_observed_heavy_atom_identity_coverage"",""exact_ccd_observed_heavy_atom_element_agreement"",""exact_reactive_ligand_atom_coverage"",""pocket_coordinates"",""outcome_candidate_route"",""outcome_feature_projection_passed"",""outcome_explicit_covalent_evidence"",""exact_connection_and_endpoint_coordinates"",""exact_ligand_reactive_atom"",""exact_ligand_reactive_element"",""exact_radius1_sha256"",""exact_ts_family_accession_sequence_key"",""structured_protein_identity_source_boundary"",""source_annotations_well_formed"",""no_source_annotation_conflict"",""no_existing_exact_positive_authority"",""no_production_approval"",""no_runtime_positive_override""]",UNREVIEWED,NOT_SHADOW_AUTO_NEGATIVE,false
COVAPIE_CYS_SG_EVENT_V1:1TRG:A:CYS:146-:SG:B:UMP:C6,COVAPIE_BULK_REVIEW_UNIT_EB1C0FF8712C32A9,1TRG,UMP,1TRG:A:CYS:146:SG,P0A884,6849a47d5ec3cec0497af74e1d1c765eaebffd9937b8d16a7b9da269f7e22050,94a0c576d62f9955d6574009b4a79479396f2ebaa977c7340bc9b0ab4203d8f9,C6,C,9d8060b2268ba49a158fddd66dd1ec165d7ec06ed6a41a9ab4cce7ae93031ef9,cc17eb042e28bb3d8672f4c98c90659357dd42a1e2f3a33f5beeee7d73847b1e,NEG_V1_TS_DUMP_CATALYTIC_ADDUCT_EXACT,MATCHED_AUTO_NEGATIVE_EXACT,ALL_EXACT_PREDICATES_MATCHED,"[""candidate_lane"",""structural_model_eligible"",""feature_compatible"",""explicit_cys_sg_covalent_evidence"",""usable_post_complex_structural_evidence"",""full_ligand_coordinates"",""exact_ccd_observed_heavy_atom_identity_coverage"",""exact_ccd_observed_heavy_atom_element_agreement"",""exact_reactive_ligand_atom_coverage"",""pocket_coordinates"",""outcome_candidate_route"",""outcome_feature_projection_passed"",""outcome_explicit_covalent_evidence"",""exact_connection_and_endpoint_coordinates"",""exact_ccd_component_graph_sha256"",""exact_ligand_reactive_atom"",""exact_ligand_reactive_element"",""exact_radius1_sha256"",""exact_radius2_sha256"",""exact_ts_family_accession_sequence_key"",""structured_protein_identity_source_boundary"",""source_annotations_well_formed"",""no_source_annotation_conflict"",""no_existing_exact_positive_authority"",""no_production_approval"",""no_runtime_positive_override""]",UNREVIEWED,SHADOW_AUTO_NEGATIVE_EXACT,true
COVAPIE_CYS_SG_EVENT_V1:1TU6:A:CYS:139-:SG:E:FSP:C23,COVAPIE_BULK_REVIEW_UNIT_E589158559EC7B15,1TU6,FSP,1TU6:A:CYS:139:SG,P43235,8db21c027375db3f037402864ce6c22e552b22b8a23f2e6414f447b2e7913295,1d57e3821315bd8b78329bc37d7b2ff124c29d335dc4c4729c61d2d460f66923,C23,C,,,NEG_V1_TS_DUMP_CATALYTIC_ADDUCT_EXACT,NOT_MATCHED,"PREDICATE_MISMATCH:exact_ccd_component_graph_sha256,exact_ligand_reactive_atom,exact_ts_family_accession_sequence_key;UNAVAILABLE_OR_MALFORMED:exact_radius1_sha256[event.reactive_center_radius1_fingerprint:MISSING],exact_radius2_sha256[event.reactive_center_radius2_fingerprint:MISSING]","[""candidate_lane"",""structural_model_eligible"",""feature_compatible"",""explicit_cys_sg_covalent_evidence"",""usable_post_complex_structural_evidence"",""full_ligand_coordinates"",""exact_ccd_observed_heavy_atom_identity_coverage"",""exact_ccd_observed_heavy_atom_element_agreement"",""exact_reactive_ligand_atom_coverage"",""pocket_coordinates"",""outcome_candidate_route"",""outcome_feature_projection_passed"",""outcome_explicit_covalent_evidence"",""exact_connection_and_endpoint_coordinates"",""exact_ligand_reactive_element"",""structured_protein_identity_source_boundary"",""source_annotations_well_formed"",""no_source_annotation_conflict"",""no_existing_exact_positive_authority"",""no_production_approval"",""no_runtime_positive_override""]",UNREVIEWED,NOT_SHADOW_AUTO_NEGATIVE,false
COVAPIE_CYS_SG_EVENT_V1:1TU6:B:CYS:139-:SG:G:FSP:C23,COVAPIE_BULK_REVIEW_UNIT_E589158559EC7B15,1TU6,FSP,1TU6:B:CYS:139:SG,P43235,8db21c027375db3f037402864ce6c22e552b22b8a23f2e6414f447b2e7913295,1d57e3821315bd8b78329bc37d7b2ff124c29d335dc4c4729c61d2d460f66923,C23,C,,,NEG_V1_TS_DUMP_CATALYTIC_ADDUCT_EXACT,NOT_MATCHED,"PREDICATE_MISMATCH:exact_ccd_component_graph_sha256,exact_ligand_reactive_atom,exact_ts_family_accession_sequence_key;UNAVAILABLE_OR_MALFORMED:exact_radius1_sha256[event.reactive_center_radius1_fingerprint:MISSING],exact_radius2_sha256[event.reactive_center_radius2_fingerprint:MISSING]","[""candidate_lane"",""structural_model_eligible"",""feature_compatible"",""explicit_cys_sg_covalent_evidence"",""usable_post_complex_structural_evidence"",""full_ligand_coordinates"",""exact_ccd_observed_heavy_atom_identity_coverage"",""exact_ccd_observed_heavy_atom_element_agreement"",""exact_reactive_ligand_atom_coverage"",""pocket_coordinates"",""outcome_candidate_route"",""outcome_feature_projection_passed"",""outcome_explicit_covalent_evidence"",""exact_connection_and_endpoint_coordinates"",""exact_ligand_reactive_element"",""structured_protein_identity_source_boundary"",""source_annotations_well_formed"",""no_source_annotation_conflict"",""no_existing_exact_positive_authority"",""no_production_approval"",""no_runtime_positive_override""]",UNREVIEWED,NOT_SHADOW_AUTO_NEGATIVE,false
COVAPIE_CYS_SG_EVENT_V1:1WOF:A:CYS:145-:SG:C:I12:C21,COVAPIE_BULK_REVIEW_UNIT_7D83F048AF8A2295,1WOF,I12,1WOF:A:CYS:145:SG,P59641,85ef85d57291055deb4b02fe71e24520aca08417505a3bb21ee8bd4ada5de761,b808b2b9c2f2da39e3653f20ab6d5aa8bf825ab6607601f411552931ac3630dd,C21,C,4e00ae9307adfb73f42afb7c413beb9eba4f615244bf4835cf839d3b7576685e,a977e87fa3bdaf2d0b587d975f372367bbd94d6ae25af9aa44241921fd304a6b,NEG_V1_TS_DUMP_CATALYTIC_ADDUCT_EXACT,NOT_MATCHED,"PREDICATE_MISMATCH:exact_ccd_component_graph_sha256,exact_ligand_reactive_atom,exact_radius1_sha256,exact_radius2_sha256,exact_ts_family_accession_sequence_key","[""candidate_lane"",""structural_model_eligible"",""feature_compatible"",""explicit_cys_sg_covalent_evidence"",""usable_post_complex_structural_evidence"",""full_ligand_coordinates"",""exact_ccd_observed_heavy_atom_identity_coverage"",""exact_ccd_observed_heavy_atom_element_agreement"",""exact_reactive_ligand_atom_coverage"",""pocket_coordinates"",""outcome_candidate_route"",""outcome_feature_projection_passed"",""outcome_explicit_covalent_evidence"",""exact_connection_and_endpoint_coordinates"",""exact_ligand_reactive_element"",""structured_protein_identity_source_boundary"",""source_annotations_well_formed"",""no_source_annotation_conflict"",""no_existing_exact_positive_authority"",""no_production_approval"",""no_runtime_positive_override""]",UNREVIEWED,NOT_SHADOW_AUTO_NEGATIVE,false
COVAPIE_CYS_SG_EVENT_V1:1WOF:B:CYS:145-:SG:D:I12:C21,COVAPIE_BULK_REVIEW_UNIT_7D83F048AF8A2295,1WOF,I12,1WOF:B:CYS:145:SG,P59641,85ef85d57291055deb4b02fe71e24520aca08417505a3bb21ee8bd4ada5de761,b808b2b9c2f2da39e3653f20ab6d5aa8bf825ab6607601f411552931ac3630dd,C21,C,4e00ae9307adfb73f42afb7c413beb9eba4f615244bf4835cf839d3b7576685e,a977e87fa3bdaf2d0b587d975f372367bbd94d6ae25af9aa44241921fd304a6b,NEG_V1_TS_DUMP_CATALYTIC_ADDUCT_EXACT,NOT_MATCHED,"PREDICATE_MISMATCH:exact_ccd_component_graph_sha256,exact_ligand_reactive_atom,exact_radius1_sha256,exact_radius2_sha256,exact_ts_family_accession_sequence_key","[""candidate_lane"",""structural_model_eligible"",""feature_compatible"",""explicit_cys_sg_covalent_evidence"",""usable_post_complex_structural_evidence"",""full_ligand_coordinates"",""exact_ccd_observed_heavy_atom_identity_coverage"",""exact_ccd_observed_heavy_atom_element_agreement"",""exact_reactive_ligand_atom_coverage"",""pocket_coordinates"",""outcome_candidate_route"",""outcome_feature_projection_passed"",""outcome_explicit_covalent_evidence"",""exact_connection_and_endpoint_coordinates"",""exact_ligand_reactive_element"",""structured_protein_identity_source_boundary"",""source_annotations_well_formed"",""no_source_annotation_conflict"",""no_existing_exact_positive_authority"",""no_production_approval"",""no_runtime_positive_override""]",UNREVIEWED,NOT_SHADOW_AUTO_NEGATIVE,false
COVAPIE_CYS_SG_EVENT_V1:1XD3:A:CYS:95-:SG:H:GVE:CB,COVAPIE_BULK_REVIEW_UNIT_AAB4DCC7D3073222,1XD3,GVE,1XD3:A:CYS:95:SG,P15374,2591fd60a87005f24b94bdd3bb8ae0363c83924934572efad838a1f78136876c,ac67854590c319bced12e9347686bf219dfae9969f39e506abe691fb7e7c8ce5,CB,C,d2671534b0762c2541e105e7ff6bff1377db0f8f49fb932ad12463c7cf42f909,167e5cc83a9da354fd48808202f616a2c9a834e528accac00063b5a13b6d1930,NEG_V1_TS_DUMP_CATALYTIC_ADDUCT_EXACT,NOT_MATCHED,"PREDICATE_MISMATCH:exact_ccd_component_graph_sha256,exact_ligand_reactive_atom,exact_radius1_sha256,exact_radius2_sha256,exact_ts_family_accession_sequence_key","[""candidate_lane"",""structural_model_eligible"",""feature_compatible"",""explicit_cys_sg_covalent_evidence"",""usable_post_complex_structural_evidence"",""full_ligand_coordinates"",""exact_ccd_observed_heavy_atom_identity_coverage"",""exact_ccd_observed_heavy_atom_element_agreement"",""exact_reactive_ligand_atom_coverage"",""pocket_coordinates"",""outcome_candidate_route"",""outcome_feature_projection_passed"",""outcome_explicit_covalent_evidence"",""exact_connection_and_endpoint_coordinates"",""exact_ligand_reactive_element"",""structured_protein_identity_source_boundary"",""source_annotations_well_formed"",""no_source_annotation_conflict"",""no_existing_exact_positive_authority"",""no_production_approval"",""no_runtime_positive_override""]",COMPLETED:NOT_RELEVANT_TO_COVAPIE_SMALL_MOLECULE_TASK,NOT_SHADOW_AUTO_NEGATIVE,false
COVAPIE_CYS_SG_EVENT_V1:1XD3:C:CYS:95-:SG:P:GVE:CB,COVAPIE_BULK_REVIEW_UNIT_AAB4DCC7D3073222,1XD3,GVE,1XD3:C:CYS:95:SG,P15374,2591fd60a87005f24b94bdd3bb8ae0363c83924934572efad838a1f78136876c,ac67854590c319bced12e9347686bf219dfae9969f39e506abe691fb7e7c8ce5,CB,C,d2671534b0762c2541e105e7ff6bff1377db0f8f49fb932ad12463c7cf42f909,167e5cc83a9da354fd48808202f616a2c9a834e528accac00063b5a13b6d1930,NEG_V1_TS_DUMP_CATALYTIC_ADDUCT_EXACT,NOT_MATCHED,"PREDICATE_MISMATCH:exact_ccd_component_graph_sha256,exact_ligand_reactive_atom,exact_radius1_sha256,exact_radius2_sha256,exact_ts_family_accession_sequence_key","[""candidate_lane"",""structural_model_eligible"",""feature_compatible"",""explicit_cys_sg_covalent_evidence"",""usable_post_complex_structural_evidence"",""full_ligand_coordinates"",""exact_ccd_observed_heavy_atom_identity_coverage"",""exact_ccd_observed_heavy_atom_element_agreement"",""exact_reactive_ligand_atom_coverage"",""pocket_coordinates"",""outcome_candidate_route"",""outcome_feature_projection_passed"",""outcome_explicit_covalent_evidence"",""exact_connection_and_endpoint_coordinates"",""exact_ligand_reactive_element"",""structured_protein_identity_source_boundary"",""source_annotations_well_formed"",""no_source_annotation_conflict"",""no_existing_exact_positive_authority"",""no_production_approval"",""no_runtime_positive_override""]",COMPLETED:NOT_RELEVANT_TO_COVAPIE_SMALL_MOLECULE_TASK,NOT_SHADOW_AUTO_NEGATIVE,false
COVAPIE_CYS_SG_EVENT_V1:1ZPR:A:CYS:146-:SG:C:UMP:C6,COVAPIE_BULK_REVIEW_UNIT_EB1C0FF8712C32A9,1ZPR,UMP,1ZPR:A:CYS:146:SG,P0A884,7424308ee00def68d923f7f7ab1052ff8b1faf45b16a5884882d6b49b230a730,94a0c576d62f9955d6574009b4a79479396f2ebaa977c7340bc9b0ab4203d8f9,C6,C,9d8060b2268ba49a158fddd66dd1ec165d7ec06ed6a41a9ab4cce7ae93031ef9,cc17eb042e28bb3d8672f4c98c90659357dd42a1e2f3a33f5beeee7d73847b1e,NEG_V1_TS_DUMP_CATALYTIC_ADDUCT_EXACT,MATCHED_AUTO_NEGATIVE_EXACT,ALL_EXACT_PREDICATES_MATCHED,"[""candidate_lane"",""structural_model_eligible"",""feature_compatible"",""explicit_cys_sg_covalent_evidence"",""usable_post_complex_structural_evidence"",""full_ligand_coordinates"",""exact_ccd_observed_heavy_atom_identity_coverage"",""exact_ccd_observed_heavy_atom_element_agreement"",""exact_reactive_ligand_atom_coverage"",""pocket_coordinates"",""outcome_candidate_route"",""outcome_feature_projection_passed"",""outcome_explicit_covalent_evidence"",""exact_connection_and_endpoint_coordinates"",""exact_ccd_component_graph_sha256"",""exact_ligand_reactive_atom"",""exact_ligand_reactive_element"",""exact_radius1_sha256"",""exact_radius2_sha256"",""exact_ts_family_accession_sequence_key"",""structured_protein_identity_source_boundary"",""source_annotations_well_formed"",""no_source_annotation_conflict"",""no_existing_exact_positive_authority"",""no_production_approval"",""no_runtime_positive_override""]",UNREVIEWED,SHADOW_AUTO_NEGATIVE_EXACT,true
COVAPIE_CYS_SG_EVENT_V1:207L:A:CYS:95-:SG:B:SC2:SG,COVAPIE_BULK_REVIEW_UNIT_971451AE7B5617B9,207L,SC2,207L:A:CYS:95:SG,P00695,7029a56e7ec991253716de12a58e9d80a6a2067e244c12a46fab78499ec26790,a6e90462fbf515057c5d8d792e1dcefbcd1e3c4f79ba04fd631a0f8b288356db,SG,S,e6ca1bc51fe2e6a441cee743e1e8351ac9e24a449cfdb678c4db60c12eec33b8,faffb9025d78c584582ffa19fda6801bc22e0f9e68def174a0a1683f1d7cb5aa,NEG_V1_TS_DUMP_CATALYTIC_ADDUCT_EXACT,NOT_MATCHED,"PREDICATE_MISMATCH:exact_ccd_component_graph_sha256,exact_ligand_reactive_atom,exact_ligand_reactive_element,exact_radius1_sha256,exact_radius2_sha256,exact_ts_family_accession_sequence_key","[""candidate_lane"",""structural_model_eligible"",""feature_compatible"",""explicit_cys_sg_covalent_evidence"",""usable_post_complex_structural_evidence"",""full_ligand_coordinates"",""exact_ccd_observed_heavy_atom_identity_coverage"",""exact_ccd_observed_heavy_atom_element_agreement"",""exact_reactive_ligand_atom_coverage"",""pocket_coordinates"",""outcome_candidate_route"",""outcome_feature_projection_passed"",""outcome_explicit_covalent_evidence"",""exact_connection_and_endpoint_coordinates"",""structured_protein_identity_source_boundary"",""source_annotations_well_formed"",""no_source_annotation_conflict"",""no_existing_exact_positive_authority"",""no_production_approval"",""no_runtime_positive_override""]",UNREVIEWED,NOT_SHADOW_AUTO_NEGATIVE,false
COVAPIE_CYS_SG_EVENT_V1:2A5I:A:CYS:145-:SG:B:AZP:CBM,COVAPIE_BULK_REVIEW_UNIT_7FB64BA2D198B24F,2A5I,AZP,2A5I:A:CYS:145:SG,P59641,e45aa4b7d47735593fec415100061de6e09e924df6768d796cebe49f325c3b31,7f2e08c2522e2dd36dfb505e039f31122e3df938ac343d4e59c35c5993471e3c,CBM,C,d2671534b0762c2541e105e7ff6bff1377db0f8f49fb932ad12463c7cf42f909,e01635755dbe4532ec58885a669679fa2c7cc2fdca854d3d9aac5f2897fbde49,NEG_V1_TS_DUMP_CATALYTIC_ADDUCT_EXACT,NOT_MATCHED,"PREDICATE_MISMATCH:exact_ccd_component_graph_sha256,exact_ligand_reactive_atom,exact_radius1_sha256,exact_radius2_sha256,exact_ts_family_accession_sequence_key","[""candidate_lane"",""structural_model_eligible"",""feature_compatible"",""explicit_cys_sg_covalent_evidence"",""usable_post_complex_structural_evidence"",""full_ligand_coordinates"",""exact_ccd_observed_heavy_atom_identity_coverage"",""exact_ccd_observed_heavy_atom_element_agreement"",""exact_reactive_ligand_atom_coverage"",""pocket_coordinates"",""outcome_candidate_route"",""outcome_feature_projection_passed"",""outcome_explicit_covalent_evidence"",""exact_connection_and_endpoint_coordinates"",""exact_ligand_reactive_element"",""structured_protein_identity_source_boundary"",""source_annotations_well_formed"",""no_source_annotation_conflict"",""no_existing_exact_positive_authority"",""no_production_approval"",""no_runtime_positive_override""]",UNREVIEWED,NOT_SHADOW_AUTO_NEGATIVE,false
COVAPIE_CYS_SG_EVENT_V1:2A5K:A:CYS:145-:SG:C:AZP:CBM,COVAPIE_BULK_REVIEW_UNIT_7FB64BA2D198B24F,2A5K,AZP,2A5K:A:CYS:145:SG,P59641,a60419fb313474999bce510fed0ffc446719184584448b5fed5bbd8d672a5b70,7f2e08c2522e2dd36dfb505e039f31122e3df938ac343d4e59c35c5993471e3c,CBM,C,d2671534b0762c2541e105e7ff6bff1377db0f8f49fb932ad12463c7cf42f909,e01635755dbe4532ec58885a669679fa2c7cc2fdca854d3d9aac5f2897fbde49,NEG_V1_TS_DUMP_CATALYTIC_ADDUCT_EXACT,NOT_MATCHED,"PREDICATE_MISMATCH:exact_ccd_component_graph_sha256,exact_ligand_reactive_atom,exact_radius1_sha256,exact_radius2_sha256,exact_ts_family_accession_sequence_key","[""candidate_lane"",""structural_model_eligible"",""feature_compatible"",""explicit_cys_sg_covalent_evidence"",""usable_post_complex_structural_evidence"",""full_ligand_coordinates"",""exact_ccd_observed_heavy_atom_identity_coverage"",""exact_ccd_observed_heavy_atom_element_agreement"",""exact_reactive_ligand_atom_coverage"",""pocket_coordinates"",""outcome_candidate_route"",""outcome_feature_projection_passed"",""outcome_explicit_covalent_evidence"",""exact_connection_and_endpoint_coordinates"",""exact_ligand_reactive_element"",""structured_protein_identity_source_boundary"",""source_annotations_well_formed"",""no_source_annotation_conflict"",""no_existing_exact_positive_authority"",""no_production_approval"",""no_runtime_positive_override""]",UNREVIEWED,NOT_SHADOW_AUTO_NEGATIVE,false
COVAPIE_CYS_SG_EVENT_V1:2A5K:B:CYS:145-:SG:D:AZP:CBM,COVAPIE_BULK_REVIEW_UNIT_7FB64BA2D198B24F,2A5K,AZP,2A5K:B:CYS:145:SG,P59641,a60419fb313474999bce510fed0ffc446719184584448b5fed5bbd8d672a5b70,7f2e08c2522e2dd36dfb505e039f31122e3df938ac343d4e59c35c5993471e3c,CBM,C,d2671534b0762c2541e105e7ff6bff1377db0f8f49fb932ad12463c7cf42f909,e01635755dbe4532ec58885a669679fa2c7cc2fdca854d3d9aac5f2897fbde49,NEG_V1_TS_DUMP_CATALYTIC_ADDUCT_EXACT,NOT_MATCHED,"PREDICATE_MISMATCH:exact_ccd_component_graph_sha256,exact_ligand_reactive_atom,exact_radius1_sha256,exact_radius2_sha256,exact_ts_family_accession_sequence_key","[""candidate_lane"",""structural_model_eligible"",""feature_compatible"",""explicit_cys_sg_covalent_evidence"",""usable_post_complex_structural_evidence"",""full_ligand_coordinates"",""exact_ccd_observed_heavy_atom_identity_coverage"",""exact_ccd_observed_heavy_atom_element_agreement"",""exact_reactive_ligand_atom_coverage"",""pocket_coordinates"",""outcome_candidate_route"",""outcome_feature_projection_passed"",""outcome_explicit_covalent_evidence"",""exact_connection_and_endpoint_coordinates"",""exact_ligand_reactive_element"",""structured_protein_identity_source_boundary"",""source_annotations_well_formed"",""no_source_annotation_conflict"",""no_existing_exact_positive_authority"",""no_production_approval"",""no_runtime_positive_override""]",UNREVIEWED,NOT_SHADOW_AUTO_NEGATIVE,false
COVAPIE_CYS_SG_EVENT_V1:2AAZ:A:CYS:187-:SG:Q:UMP:C6,COVAPIE_BULK_REVIEW_UNIT_5184266C4D495D18,2AAZ,UMP,2AAZ:A:CYS:187:SG,P45351,95a47a78dbcf434f60977032cbbafd33f1ed6b1aa3ed17439926aa8635d28776,94a0c576d62f9955d6574009b4a79479396f2ebaa977c7340bc9b0ab4203d8f9,C6,C,9d8060b2268ba49a158fddd66dd1ec165d7ec06ed6a41a9ab4cce7ae93031ef9,cc17eb042e28bb3d8672f4c98c90659357dd42a1e2f3a33f5beeee7d73847b1e,NEG_V1_TS_DUMP_CATALYTIC_ADDUCT_EXACT,MATCHED_AUTO_NEGATIVE_EXACT,ALL_EXACT_PREDICATES_MATCHED,"[""candidate_lane"",""structural_model_eligible"",""feature_compatible"",""explicit_cys_sg_covalent_evidence"",""usable_post_complex_structural_evidence"",""full_ligand_coordinates"",""exact_ccd_observed_heavy_atom_identity_coverage"",""exact_ccd_observed_heavy_atom_element_agreement"",""exact_reactive_ligand_atom_coverage"",""pocket_coordinates"",""outcome_candidate_route"",""outcome_feature_projection_passed"",""outcome_explicit_covalent_evidence"",""exact_connection_and_endpoint_coordinates"",""exact_ccd_component_graph_sha256"",""exact_ligand_reactive_atom"",""exact_ligand_reactive_element"",""exact_radius1_sha256"",""exact_radius2_sha256"",""exact_ts_family_accession_sequence_key"",""structured_protein_identity_source_boundary"",""source_annotations_well_formed"",""no_source_annotation_conflict"",""no_existing_exact_positive_authority"",""no_production_approval"",""no_runtime_positive_override""]",COMPLETED:NOT_RELEVANT_TO_COVAPIE_SMALL_MOLECULE_TASK,SHADOW_AUTO_NEGATIVE_EXACT,true
COVAPIE_CYS_SG_EVENT_V1:2AAZ:B:CYS:187-:SG:S:UMP:C6,COVAPIE_BULK_REVIEW_UNIT_5184266C4D495D18,2AAZ,UMP,2AAZ:B:CYS:187:SG,P45351,95a47a78dbcf434f60977032cbbafd33f1ed6b1aa3ed17439926aa8635d28776,94a0c576d62f9955d6574009b4a79479396f2ebaa977c7340bc9b0ab4203d8f9,C6,C,9d8060b2268ba49a158fddd66dd1ec165d7ec06ed6a41a9ab4cce7ae93031ef9,cc17eb042e28bb3d8672f4c98c90659357dd42a1e2f3a33f5beeee7d73847b1e,NEG_V1_TS_DUMP_CATALYTIC_ADDUCT_EXACT,MATCHED_AUTO_NEGATIVE_EXACT,ALL_EXACT_PREDICATES_MATCHED,"[""candidate_lane"",""structural_model_eligible"",""feature_compatible"",""explicit_cys_sg_covalent_evidence"",""usable_post_complex_structural_evidence"",""full_ligand_coordinates"",""exact_ccd_observed_heavy_atom_identity_coverage"",""exact_ccd_observed_heavy_atom_element_agreement"",""exact_reactive_ligand_atom_coverage"",""pocket_coordinates"",""outcome_candidate_route"",""outcome_feature_projection_passed"",""outcome_explicit_covalent_evidence"",""exact_connection_and_endpoint_coordinates"",""exact_ccd_component_graph_sha256"",""exact_ligand_reactive_atom"",""exact_ligand_reactive_element"",""exact_radius1_sha256"",""exact_radius2_sha256"",""exact_ts_family_accession_sequence_key"",""structured_protein_identity_source_boundary"",""source_annotations_well_formed"",""no_source_annotation_conflict"",""no_existing_exact_positive_authority"",""no_production_approval"",""no_runtime_positive_override""]",COMPLETED:NOT_RELEVANT_TO_COVAPIE_SMALL_MOLECULE_TASK,SHADOW_AUTO_NEGATIVE_EXACT,true
COVAPIE_CYS_SG_EVENT_V1:2AAZ:C:CYS:187-:SG:U:UMP:C6,COVAPIE_BULK_REVIEW_UNIT_5184266C4D495D18,2AAZ,UMP,2AAZ:C:CYS:187:SG,P45351,95a47a78dbcf434f60977032cbbafd33f1ed6b1aa3ed17439926aa8635d28776,94a0c576d62f9955d6574009b4a79479396f2ebaa977c7340bc9b0ab4203d8f9,C6,C,9d8060b2268ba49a158fddd66dd1ec165d7ec06ed6a41a9ab4cce7ae93031ef9,cc17eb042e28bb3d8672f4c98c90659357dd42a1e2f3a33f5beeee7d73847b1e,NEG_V1_TS_DUMP_CATALYTIC_ADDUCT_EXACT,MATCHED_AUTO_NEGATIVE_EXACT,ALL_EXACT_PREDICATES_MATCHED,"[""candidate_lane"",""structural_model_eligible"",""feature_compatible"",""explicit_cys_sg_covalent_evidence"",""usable_post_complex_structural_evidence"",""full_ligand_coordinates"",""exact_ccd_observed_heavy_atom_identity_coverage"",""exact_ccd_observed_heavy_atom_element_agreement"",""exact_reactive_ligand_atom_coverage"",""pocket_coordinates"",""outcome_candidate_route"",""outcome_feature_projection_passed"",""outcome_explicit_covalent_evidence"",""exact_connection_and_endpoint_coordinates"",""exact_ccd_component_graph_sha256"",""exact_ligand_reactive_atom"",""exact_ligand_reactive_element"",""exact_radius1_sha256"",""exact_radius2_sha256"",""exact_ts_family_accession_sequence_key"",""structured_protein_identity_source_boundary"",""source_annotations_well_formed"",""no_source_annotation_conflict"",""no_existing_exact_positive_authority"",""no_production_approval"",""no_runtime_positive_override""]",COMPLETED:NOT_RELEVANT_TO_COVAPIE_SMALL_MOLECULE_TASK,SHADOW_AUTO_NEGATIVE_EXACT,true
COVAPIE_CYS_SG_EVENT_V1:2AAZ:D:CYS:187-:SG:W:UMP:C6,COVAPIE_BULK_REVIEW_UNIT_5184266C4D495D18,2AAZ,UMP,2AAZ:D:CYS:187:SG,P45351,95a47a78dbcf434f60977032cbbafd33f1ed6b1aa3ed17439926aa8635d28776,94a0c576d62f9955d6574009b4a79479396f2ebaa977c7340bc9b0ab4203d8f9,C6,C,9d8060b2268ba49a158fddd66dd1ec165d7ec06ed6a41a9ab4cce7ae93031ef9,cc17eb042e28bb3d8672f4c98c90659357dd42a1e2f3a33f5beeee7d73847b1e,NEG_V1_TS_DUMP_CATALYTIC_ADDUCT_EXACT,MATCHED_AUTO_NEGATIVE_EXACT,ALL_EXACT_PREDICATES_MATCHED,"[""candidate_lane"",""structural_model_eligible"",""feature_compatible"",""explicit_cys_sg_covalent_evidence"",""usable_post_complex_structural_evidence"",""full_ligand_coordinates"",""exact_ccd_observed_heavy_atom_identity_coverage"",""exact_ccd_observed_heavy_atom_element_agreement"",""exact_reactive_ligand_atom_coverage"",""pocket_coordinates"",""outcome_candidate_route"",""outcome_feature_projection_passed"",""outcome_explicit_covalent_evidence"",""exact_connection_and_endpoint_coordinates"",""exact_ccd_component_graph_sha256"",""exact_ligand_reactive_atom"",""exact_ligand_reactive_element"",""exact_radius1_sha256"",""exact_radius2_sha256"",""exact_ts_family_accession_sequence_key"",""structured_protein_identity_source_boundary"",""source_annotations_well_formed"",""no_source_annotation_conflict"",""no_existing_exact_positive_authority"",""no_production_approval"",""no_runtime_positive_override""]",COMPLETED:NOT_RELEVANT_TO_COVAPIE_SMALL_MOLECULE_TASK,SHADOW_AUTO_NEGATIVE_EXACT,true
COVAPIE_CYS_SG_EVENT_V1:2AAZ:E:CYS:187-:SG:Y:UMP:C6,COVAPIE_BULK_REVIEW_UNIT_5184266C4D495D18,2AAZ,UMP,2AAZ:E:CYS:187:SG,P45351,95a47a78dbcf434f60977032cbbafd33f1ed6b1aa3ed17439926aa8635d28776,94a0c576d62f9955d6574009b4a79479396f2ebaa977c7340bc9b0ab4203d8f9,C6,C,9d8060b2268ba49a158fddd66dd1ec165d7ec06ed6a41a9ab4cce7ae93031ef9,cc17eb042e28bb3d8672f4c98c90659357dd42a1e2f3a33f5beeee7d73847b1e,NEG_V1_TS_DUMP_CATALYTIC_ADDUCT_EXACT,MATCHED_AUTO_NEGATIVE_EXACT,ALL_EXACT_PREDICATES_MATCHED,"[""candidate_lane"",""structural_model_eligible"",""feature_compatible"",""explicit_cys_sg_covalent_evidence"",""usable_post_complex_structural_evidence"",""full_ligand_coordinates"",""exact_ccd_observed_heavy_atom_identity_coverage"",""exact_ccd_observed_heavy_atom_element_agreement"",""exact_reactive_ligand_atom_coverage"",""pocket_coordinates"",""outcome_candidate_route"",""outcome_feature_projection_passed"",""outcome_explicit_covalent_evidence"",""exact_connection_and_endpoint_coordinates"",""exact_ccd_component_graph_sha256"",""exact_ligand_reactive_atom"",""exact_ligand_reactive_element"",""exact_radius1_sha256"",""exact_radius2_sha256"",""exact_ts_family_accession_sequence_key"",""structured_protein_identity_source_boundary"",""source_annotations_well_formed"",""no_source_annotation_conflict"",""no_existing_exact_positive_authority"",""no_production_approval"",""no_runtime_positive_override""]",COMPLETED:NOT_RELEVANT_TO_COVAPIE_SMALL_MOLECULE_TASK,SHADOW_AUTO_NEGATIVE_EXACT,true
COVAPIE_CYS_SG_EVENT_V1:2AAZ:F:CYS:187-:SG:AA:UMP:C6,COVAPIE_BULK_REVIEW_UNIT_5184266C4D495D18,2AAZ,UMP,2AAZ:F:CYS:187:SG,P45351,95a47a78dbcf434f60977032cbbafd33f1ed6b1aa3ed17439926aa8635d28776,94a0c576d62f9955d6574009b4a79479396f2ebaa977c7340bc9b0ab4203d8f9,C6,C,9d8060b2268ba49a158fddd66dd1ec165d7ec06ed6a41a9ab4cce7ae93031ef9,cc17eb042e28bb3d8672f4c98c90659357dd42a1e2f3a33f5beeee7d73847b1e,NEG_V1_TS_DUMP_CATALYTIC_ADDUCT_EXACT,MATCHED_AUTO_NEGATIVE_EXACT,ALL_EXACT_PREDICATES_MATCHED,"[""candidate_lane"",""structural_model_eligible"",""feature_compatible"",""explicit_cys_sg_covalent_evidence"",""usable_post_complex_structural_evidence"",""full_ligand_coordinates"",""exact_ccd_observed_heavy_atom_identity_coverage"",""exact_ccd_observed_heavy_atom_element_agreement"",""exact_reactive_ligand_atom_coverage"",""pocket_coordinates"",""outcome_candidate_route"",""outcome_feature_projection_passed"",""outcome_explicit_covalent_evidence"",""exact_connection_and_endpoint_coordinates"",""exact_ccd_component_graph_sha256"",""exact_ligand_reactive_atom"",""exact_ligand_reactive_element"",""exact_radius1_sha256"",""exact_radius2_sha256"",""exact_ts_family_accession_sequence_key"",""structured_protein_identity_source_boundary"",""source_annotations_well_formed"",""no_source_annotation_conflict"",""no_existing_exact_positive_authority"",""no_production_approval"",""no_runtime_positive_override""]",COMPLETED:NOT_RELEVANT_TO_COVAPIE_SMALL_MOLECULE_TASK,SHADOW_AUTO_NEGATIVE_EXACT,true
COVAPIE_CYS_SG_EVENT_V1:2AAZ:G:CYS:187-:SG:CA:UMP:C6,COVAPIE_BULK_REVIEW_UNIT_5184266C4D495D18,2AAZ,UMP,2AAZ:G:CYS:187:SG,P45351,95a47a78dbcf434f60977032cbbafd33f1ed6b1aa3ed17439926aa8635d28776,94a0c576d62f9955d6574009b4a79479396f2ebaa977c7340bc9b0ab4203d8f9,C6,C,9d8060b2268ba49a158fddd66dd1ec165d7ec06ed6a41a9ab4cce7ae93031ef9,cc17eb042e28bb3d8672f4c98c90659357dd42a1e2f3a33f5beeee7d73847b1e,NEG_V1_TS_DUMP_CATALYTIC_ADDUCT_EXACT,MATCHED_AUTO_NEGATIVE_EXACT,ALL_EXACT_PREDICATES_MATCHED,"[""candidate_lane"",""structural_model_eligible"",""feature_compatible"",""explicit_cys_sg_covalent_evidence"",""usable_post_complex_structural_evidence"",""full_ligand_coordinates"",""exact_ccd_observed_heavy_atom_identity_coverage"",""exact_ccd_observed_heavy_atom_element_agreement"",""exact_reactive_ligand_atom_coverage"",""pocket_coordinates"",""outcome_candidate_route"",""outcome_feature_projection_passed"",""outcome_explicit_covalent_evidence"",""exact_connection_and_endpoint_coordinates"",""exact_ccd_component_graph_sha256"",""exact_ligand_reactive_atom"",""exact_ligand_reactive_element"",""exact_radius1_sha256"",""exact_radius2_sha256"",""exact_ts_family_accession_sequence_key"",""structured_protein_identity_source_boundary"",""source_annotations_well_formed"",""no_source_annotation_conflict"",""no_existing_exact_positive_authority"",""no_production_approval"",""no_runtime_positive_override""]",COMPLETED:NOT_RELEVANT_TO_COVAPIE_SMALL_MOLECULE_TASK,SHADOW_AUTO_NEGATIVE_EXACT,true
COVAPIE_CYS_SG_EVENT_V1:2AAZ:H:CYS:187-:SG:EA:UMP:C6,COVAPIE_BULK_REVIEW_UNIT_5184266C4D495D18,2AAZ,UMP,2AAZ:H:CYS:187:SG,P45351,95a47a78dbcf434f60977032cbbafd33f1ed6b1aa3ed17439926aa8635d28776,94a0c576d62f9955d6574009b4a79479396f2ebaa977c7340bc9b0ab4203d8f9,C6,C,9d8060b2268ba49a158fddd66dd1ec165d7ec06ed6a41a9ab4cce7ae93031ef9,cc17eb042e28bb3d8672f4c98c90659357dd42a1e2f3a33f5beeee7d73847b1e,NEG_V1_TS_DUMP_CATALYTIC_ADDUCT_EXACT,MATCHED_AUTO_NEGATIVE_EXACT,ALL_EXACT_PREDICATES_MATCHED,"[""candidate_lane"",""structural_model_eligible"",""feature_compatible"",""explicit_cys_sg_covalent_evidence"",""usable_post_complex_structural_evidence"",""full_ligand_coordinates"",""exact_ccd_observed_heavy_atom_identity_coverage"",""exact_ccd_observed_heavy_atom_element_agreement"",""exact_reactive_ligand_atom_coverage"",""pocket_coordinates"",""outcome_candidate_route"",""outcome_feature_projection_passed"",""outcome_explicit_covalent_evidence"",""exact_connection_and_endpoint_coordinates"",""exact_ccd_component_graph_sha256"",""exact_ligand_reactive_atom"",""exact_ligand_reactive_element"",""exact_radius1_sha256"",""exact_radius2_sha256"",""exact_ts_family_accession_sequence_key"",""structured_protein_identity_source_boundary"",""source_annotations_well_formed"",""no_source_annotation_conflict"",""no_existing_exact_positive_authority"",""no_production_approval"",""no_runtime_positive_override""]",COMPLETED:NOT_RELEVANT_TO_COVAPIE_SMALL_MOLECULE_TASK,SHADOW_AUTO_NEGATIVE_EXACT,true
COVAPIE_CYS_SG_EVENT_V1:2AAZ:I:CYS:187-:SG:GA:UMP:C6,COVAPIE_BULK_REVIEW_UNIT_5184266C4D495D18,2AAZ,UMP,2AAZ:I:CYS:187:SG,P45351,95a47a78dbcf434f60977032cbbafd33f1ed6b1aa3ed17439926aa8635d28776,94a0c576d62f9955d6574009b4a79479396f2ebaa977c7340bc9b0ab4203d8f9,C6,C,9d8060b2268ba49a158fddd66dd1ec165d7ec06ed6a41a9ab4cce7ae93031ef9,cc17eb042e28bb3d8672f4c98c90659357dd42a1e2f3a33f5beeee7d73847b1e,NEG_V1_TS_DUMP_CATALYTIC_ADDUCT_EXACT,MATCHED_AUTO_NEGATIVE_EXACT,ALL_EXACT_PREDICATES_MATCHED,"[""candidate_lane"",""structural_model_eligible"",""feature_compatible"",""explicit_cys_sg_covalent_evidence"",""usable_post_complex_structural_evidence"",""full_ligand_coordinates"",""exact_ccd_observed_heavy_atom_identity_coverage"",""exact_ccd_observed_heavy_atom_element_agreement"",""exact_reactive_ligand_atom_coverage"",""pocket_coordinates"",""outcome_candidate_route"",""outcome_feature_projection_passed"",""outcome_explicit_covalent_evidence"",""exact_connection_and_endpoint_coordinates"",""exact_ccd_component_graph_sha256"",""exact_ligand_reactive_atom"",""exact_ligand_reactive_element"",""exact_radius1_sha256"",""exact_radius2_sha256"",""exact_ts_family_accession_sequence_key"",""structured_protein_identity_source_boundary"",""source_annotations_well_formed"",""no_source_annotation_conflict"",""no_existing_exact_positive_authority"",""no_production_approval"",""no_runtime_positive_override""]",COMPLETED:NOT_RELEVANT_TO_COVAPIE_SMALL_MOLECULE_TASK,SHADOW_AUTO_NEGATIVE_EXACT,true
COVAPIE_CYS_SG_EVENT_V1:2AAZ:J:CYS:187-:SG:HA:UMP:C6,COVAPIE_BULK_REVIEW_UNIT_5184266C4D495D18,2AAZ,UMP,2AAZ:J:CYS:187:SG,P45351,95a47a78dbcf434f60977032cbbafd33f1ed6b1aa3ed17439926aa8635d28776,94a0c576d62f9955d6574009b4a79479396f2ebaa977c7340bc9b0ab4203d8f9,C6,C,9d8060b2268ba49a158fddd66dd1ec165d7ec06ed6a41a9ab4cce7ae93031ef9,cc17eb042e28bb3d8672f4c98c90659357dd42a1e2f3a33f5beeee7d73847b1e,NEG_V1_TS_DUMP_CATALYTIC_ADDUCT_EXACT,MATCHED_AUTO_NEGATIVE_EXACT,ALL_EXACT_PREDICATES_MATCHED,"[""candidate_lane"",""structural_model_eligible"",""feature_compatible"",""explicit_cys_sg_covalent_evidence"",""usable_post_complex_structural_evidence"",""full_ligand_coordinates"",""exact_ccd_observed_heavy_atom_identity_coverage"",""exact_ccd_observed_heavy_atom_element_agreement"",""exact_reactive_ligand_atom_coverage"",""pocket_coordinates"",""outcome_candidate_route"",""outcome_feature_projection_passed"",""outcome_explicit_covalent_evidence"",""exact_connection_and_endpoint_coordinates"",""exact_ccd_component_graph_sha256"",""exact_ligand_reactive_atom"",""exact_ligand_reactive_element"",""exact_radius1_sha256"",""exact_radius2_sha256"",""exact_ts_family_accession_sequence_key"",""structured_protein_identity_source_boundary"",""source_annotations_well_formed"",""no_source_annotation_conflict"",""no_existing_exact_positive_authority"",""no_production_approval"",""no_runtime_positive_override""]",COMPLETED:NOT_RELEVANT_TO_COVAPIE_SMALL_MOLECULE_TASK,SHADOW_AUTO_NEGATIVE_EXACT,true
COVAPIE_CYS_SG_EVENT_V1:2AAZ:K:CYS:187-:SG:IA:UMP:C6,COVAPIE_BULK_REVIEW_UNIT_5184266C4D495D18,2AAZ,UMP,2AAZ:K:CYS:187:SG,P45351,95a47a78dbcf434f60977032cbbafd33f1ed6b1aa3ed17439926aa8635d28776,94a0c576d62f9955d6574009b4a79479396f2ebaa977c7340bc9b0ab4203d8f9,C6,C,9d8060b2268ba49a158fddd66dd1ec165d7ec06ed6a41a9ab4cce7ae93031ef9,cc17eb042e28bb3d8672f4c98c90659357dd42a1e2f3a33f5beeee7d73847b1e,NEG_V1_TS_DUMP_CATALYTIC_ADDUCT_EXACT,MATCHED_AUTO_NEGATIVE_EXACT,ALL_EXACT_PREDICATES_MATCHED,"[""candidate_lane"",""structural_model_eligible"",""feature_compatible"",""explicit_cys_sg_covalent_evidence"",""usable_post_complex_structural_evidence"",""full_ligand_coordinates"",""exact_ccd_observed_heavy_atom_identity_coverage"",""exact_ccd_observed_heavy_atom_element_agreement"",""exact_reactive_ligand_atom_coverage"",""pocket_coordinates"",""outcome_candidate_route"",""outcome_feature_projection_passed"",""outcome_explicit_covalent_evidence"",""exact_connection_and_endpoint_coordinates"",""exact_ccd_component_graph_sha256"",""exact_ligand_reactive_atom"",""exact_ligand_reactive_element"",""exact_radius1_sha256"",""exact_radius2_sha256"",""exact_ts_family_accession_sequence_key"",""structured_protein_identity_source_boundary"",""source_annotations_well_formed"",""no_source_annotation_conflict"",""no_existing_exact_positive_authority"",""no_production_approval"",""no_runtime_positive_override""]",COMPLETED:NOT_RELEVANT_TO_COVAPIE_SMALL_MOLECULE_TASK,SHADOW_AUTO_NEGATIVE_EXACT,true
COVAPIE_CYS_SG_EVENT_V1:2AAZ:L:CYS:187-:SG:JA:UMP:C6,COVAPIE_BULK_REVIEW_UNIT_5184266C4D495D18,2AAZ,UMP,2AAZ:L:CYS:187:SG,P45351,95a47a78dbcf434f60977032cbbafd33f1ed6b1aa3ed17439926aa8635d28776,94a0c576d62f9955d6574009b4a79479396f2ebaa977c7340bc9b0ab4203d8f9,C6,C,9d8060b2268ba49a158fddd66dd1ec165d7ec06ed6a41a9ab4cce7ae93031ef9,cc17eb042e28bb3d8672f4c98c90659357dd42a1e2f3a33f5beeee7d73847b1e,NEG_V1_TS_DUMP_CATALYTIC_ADDUCT_EXACT,MATCHED_AUTO_NEGATIVE_EXACT,ALL_EXACT_PREDICATES_MATCHED,"[""candidate_lane"",""structural_model_eligible"",""feature_compatible"",""explicit_cys_sg_covalent_evidence"",""usable_post_complex_structural_evidence"",""full_ligand_coordinates"",""exact_ccd_observed_heavy_atom_identity_coverage"",""exact_ccd_observed_heavy_atom_element_agreement"",""exact_reactive_ligand_atom_coverage"",""pocket_coordinates"",""outcome_candidate_route"",""outcome_feature_projection_passed"",""outcome_explicit_covalent_evidence"",""exact_connection_and_endpoint_coordinates"",""exact_ccd_component_graph_sha256"",""exact_ligand_reactive_atom"",""exact_ligand_reactive_element"",""exact_radius1_sha256"",""exact_radius2_sha256"",""exact_ts_family_accession_sequence_key"",""structured_protein_identity_source_boundary"",""source_annotations_well_formed"",""no_source_annotation_conflict"",""no_existing_exact_positive_authority"",""no_production_approval"",""no_runtime_positive_override""]",COMPLETED:NOT_RELEVANT_TO_COVAPIE_SMALL_MOLECULE_TASK,SHADOW_AUTO_NEGATIVE_EXACT,true
COVAPIE_CYS_SG_EVENT_V1:2AAZ:M:CYS:187-:SG:KA:UMP:C6,COVAPIE_BULK_REVIEW_UNIT_5184266C4D495D18,2AAZ,UMP,2AAZ:M:CYS:187:SG,P45351,95a47a78dbcf434f60977032cbbafd33f1ed6b1aa3ed17439926aa8635d28776,94a0c576d62f9955d6574009b4a79479396f2ebaa977c7340bc9b0ab4203d8f9,C6,C,9d8060b2268ba49a158fddd66dd1ec165d7ec06ed6a41a9ab4cce7ae93031ef9,cc17eb042e28bb3d8672f4c98c90659357dd42a1e2f3a33f5beeee7d73847b1e,NEG_V1_TS_DUMP_CATALYTIC_ADDUCT_EXACT,MATCHED_AUTO_NEGATIVE_EXACT,ALL_EXACT_PREDICATES_MATCHED,"[""candidate_lane"",""structural_model_eligible"",""feature_compatible"",""explicit_cys_sg_covalent_evidence"",""usable_post_complex_structural_evidence"",""full_ligand_coordinates"",""exact_ccd_observed_heavy_atom_identity_coverage"",""exact_ccd_observed_heavy_atom_element_agreement"",""exact_reactive_ligand_atom_coverage"",""pocket_coordinates"",""outcome_candidate_route"",""outcome_feature_projection_passed"",""outcome_explicit_covalent_evidence"",""exact_connection_and_endpoint_coordinates"",""exact_ccd_component_graph_sha256"",""exact_ligand_reactive_atom"",""exact_ligand_reactive_element"",""exact_radius1_sha256"",""exact_radius2_sha256"",""exact_ts_family_accession_sequence_key"",""structured_protein_identity_source_boundary"",""source_annotations_well_formed"",""no_source_annotation_conflict"",""no_existing_exact_positive_authority"",""no_production_approval"",""no_runtime_positive_override""]",COMPLETED:NOT_RELEVANT_TO_COVAPIE_SMALL_MOLECULE_TASK,SHADOW_AUTO_NEGATIVE_EXACT,true
COVAPIE_CYS_SG_EVENT_V1:2AAZ:N:CYS:187-:SG:LA:UMP:C6,COVAPIE_BULK_REVIEW_UNIT_5184266C4D495D18,2AAZ,UMP,2AAZ:N:CYS:187:SG,P45351,95a47a78dbcf434f60977032cbbafd33f1ed6b1aa3ed17439926aa8635d28776,94a0c576d62f9955d6574009b4a79479396f2ebaa977c7340bc9b0ab4203d8f9,C6,C,9d8060b2268ba49a158fddd66dd1ec165d7ec06ed6a41a9ab4cce7ae93031ef9,cc17eb042e28bb3d8672f4c98c90659357dd42a1e2f3a33f5beeee7d73847b1e,NEG_V1_TS_DUMP_CATALYTIC_ADDUCT_EXACT,MATCHED_AUTO_NEGATIVE_EXACT,ALL_EXACT_PREDICATES_MATCHED,"[""candidate_lane"",""structural_model_eligible"",""feature_compatible"",""explicit_cys_sg_covalent_evidence"",""usable_post_complex_structural_evidence"",""full_ligand_coordinates"",""exact_ccd_observed_heavy_atom_identity_coverage"",""exact_ccd_observed_heavy_atom_element_agreement"",""exact_reactive_ligand_atom_coverage"",""pocket_coordinates"",""outcome_candidate_route"",""outcome_feature_projection_passed"",""outcome_explicit_covalent_evidence"",""exact_connection_and_endpoint_coordinates"",""exact_ccd_component_graph_sha256"",""exact_ligand_reactive_atom"",""exact_ligand_reactive_element"",""exact_radius1_sha256"",""exact_radius2_sha256"",""exact_ts_family_accession_sequence_key"",""structured_protein_identity_source_boundary"",""source_annotations_well_formed"",""no_source_annotation_conflict"",""no_existing_exact_positive_authority"",""no_production_approval"",""no_runtime_positive_override""]",COMPLETED:NOT_RELEVANT_TO_COVAPIE_SMALL_MOLECULE_TASK,SHADOW_AUTO_NEGATIVE_EXACT,true
COVAPIE_CYS_SG_EVENT_V1:2AAZ:O:CYS:187-:SG:MA:UMP:C6,COVAPIE_BULK_REVIEW_UNIT_5184266C4D495D18,2AAZ,UMP,2AAZ:O:CYS:187:SG,P45351,95a47a78dbcf434f60977032cbbafd33f1ed6b1aa3ed17439926aa8635d28776,94a0c576d62f9955d6574009b4a79479396f2ebaa977c7340bc9b0ab4203d8f9,C6,C,9d8060b2268ba49a158fddd66dd1ec165d7ec06ed6a41a9ab4cce7ae93031ef9,cc17eb042e28bb3d8672f4c98c90659357dd42a1e2f3a33f5beeee7d73847b1e,NEG_V1_TS_DUMP_CATALYTIC_ADDUCT_EXACT,MATCHED_AUTO_NEGATIVE_EXACT,ALL_EXACT_PREDICATES_MATCHED,"[""candidate_lane"",""structural_model_eligible"",""feature_compatible"",""explicit_cys_sg_covalent_evidence"",""usable_post_complex_structural_evidence"",""full_ligand_coordinates"",""exact_ccd_observed_heavy_atom_identity_coverage"",""exact_ccd_observed_heavy_atom_element_agreement"",""exact_reactive_ligand_atom_coverage"",""pocket_coordinates"",""outcome_candidate_route"",""outcome_feature_projection_passed"",""outcome_explicit_covalent_evidence"",""exact_connection_and_endpoint_coordinates"",""exact_ccd_component_graph_sha256"",""exact_ligand_reactive_atom"",""exact_ligand_reactive_element"",""exact_radius1_sha256"",""exact_radius2_sha256"",""exact_ts_family_accession_sequence_key"",""structured_protein_identity_source_boundary"",""source_annotations_well_formed"",""no_source_annotation_conflict"",""no_existing_exact_positive_authority"",""no_production_approval"",""no_runtime_positive_override""]",COMPLETED:NOT_RELEVANT_TO_COVAPIE_SMALL_MOLECULE_TASK,SHADOW_AUTO_NEGATIVE_EXACT,true
COVAPIE_CYS_SG_EVENT_V1:2AAZ:P:CYS:187-:SG:NA:UMP:C6,COVAPIE_BULK_REVIEW_UNIT_5184266C4D495D18,2AAZ,UMP,2AAZ:P:CYS:187:SG,P45351,95a47a78dbcf434f60977032cbbafd33f1ed6b1aa3ed17439926aa8635d28776,94a0c576d62f9955d6574009b4a79479396f2ebaa977c7340bc9b0ab4203d8f9,C6,C,9d8060b2268ba49a158fddd66dd1ec165d7ec06ed6a41a9ab4cce7ae93031ef9,cc17eb042e28bb3d8672f4c98c90659357dd42a1e2f3a33f5beeee7d73847b1e,NEG_V1_TS_DUMP_CATALYTIC_ADDUCT_EXACT,MATCHED_AUTO_NEGATIVE_EXACT,ALL_EXACT_PREDICATES_MATCHED,"[""candidate_lane"",""structural_model_eligible"",""feature_compatible"",""explicit_cys_sg_covalent_evidence"",""usable_post_complex_structural_evidence"",""full_ligand_coordinates"",""exact_ccd_observed_heavy_atom_identity_coverage"",""exact_ccd_observed_heavy_atom_element_agreement"",""exact_reactive_ligand_atom_coverage"",""pocket_coordinates"",""outcome_candidate_route"",""outcome_feature_projection_passed"",""outcome_explicit_covalent_evidence"",""exact_connection_and_endpoint_coordinates"",""exact_ccd_component_graph_sha256"",""exact_ligand_reactive_atom"",""exact_ligand_reactive_element"",""exact_radius1_sha256"",""exact_radius2_sha256"",""exact_ts_family_accession_sequence_key"",""structured_protein_identity_source_boundary"",""source_annotations_well_formed"",""no_source_annotation_conflict"",""no_existing_exact_positive_authority"",""no_production_approval"",""no_runtime_positive_override""]",COMPLETED:NOT_RELEVANT_TO_COVAPIE_SMALL_MOLECULE_TASK,SHADOW_AUTO_NEGATIVE_EXACT,true
COVAPIE_CYS_SG_EVENT_V1:2AMD:A:CYS:145-:SG:C:9IN:C23,COVAPIE_BULK_REVIEW_UNIT_B4F514DC9BD2350E,2AMD,9IN,2AMD:A:CYS:145:SG,P59641,85ef85d57291055deb4b02fe71e24520aca08417505a3bb21ee8bd4ada5de761,2fe4b8821612fe92f27dfd5aea7f84406617d8188a7d74b7d1260d776e1ee98e,C23,C,4e00ae9307adfb73f42afb7c413beb9eba4f615244bf4835cf839d3b7576685e,a977e87fa3bdaf2d0b587d975f372367bbd94d6ae25af9aa44241921fd304a6b,NEG_V1_TS_DUMP_CATALYTIC_ADDUCT_EXACT,NOT_MATCHED,"PREDICATE_MISMATCH:exact_ccd_component_graph_sha256,exact_ligand_reactive_atom,exact_radius1_sha256,exact_radius2_sha256,exact_ts_family_accession_sequence_key","[""candidate_lane"",""structural_model_eligible"",""feature_compatible"",""explicit_cys_sg_covalent_evidence"",""usable_post_complex_structural_evidence"",""full_ligand_coordinates"",""exact_ccd_observed_heavy_atom_identity_coverage"",""exact_ccd_observed_heavy_atom_element_agreement"",""exact_reactive_ligand_atom_coverage"",""pocket_coordinates"",""outcome_candidate_route"",""outcome_feature_projection_passed"",""outcome_explicit_covalent_evidence"",""exact_connection_and_endpoint_coordinates"",""exact_ligand_reactive_element"",""structured_protein_identity_source_boundary"",""source_annotations_well_formed"",""no_source_annotation_conflict"",""no_existing_exact_positive_authority"",""no_production_approval"",""no_runtime_positive_override""]",UNREVIEWED,NOT_SHADOW_AUTO_NEGATIVE,false
COVAPIE_CYS_SG_EVENT_V1:2AMD:B:CYS:145-:SG:D:9IN:C23,COVAPIE_BULK_REVIEW_UNIT_B4F514DC9BD2350E,2AMD,9IN,2AMD:B:CYS:145:SG,P59641,85ef85d57291055deb4b02fe71e24520aca08417505a3bb21ee8bd4ada5de761,2fe4b8821612fe92f27dfd5aea7f84406617d8188a7d74b7d1260d776e1ee98e,C23,C,4e00ae9307adfb73f42afb7c413beb9eba4f615244bf4835cf839d3b7576685e,a977e87fa3bdaf2d0b587d975f372367bbd94d6ae25af9aa44241921fd304a6b,NEG_V1_TS_DUMP_CATALYTIC_ADDUCT_EXACT,NOT_MATCHED,"PREDICATE_MISMATCH:exact_ccd_component_graph_sha256,exact_ligand_reactive_atom,exact_radius1_sha256,exact_radius2_sha256,exact_ts_family_accession_sequence_key","[""candidate_lane"",""structural_model_eligible"",""feature_compatible"",""explicit_cys_sg_covalent_evidence"",""usable_post_complex_structural_evidence"",""full_ligand_coordinates"",""exact_ccd_observed_heavy_atom_identity_coverage"",""exact_ccd_observed_heavy_atom_element_agreement"",""exact_reactive_ligand_atom_coverage"",""pocket_coordinates"",""outcome_candidate_route"",""outcome_feature_projection_passed"",""outcome_explicit_covalent_evidence"",""exact_connection_and_endpoint_coordinates"",""exact_ligand_reactive_element"",""structured_protein_identity_source_boundary"",""source_annotations_well_formed"",""no_source_annotation_conflict"",""no_existing_exact_positive_authority"",""no_production_approval"",""no_runtime_positive_override""]",UNREVIEWED,NOT_SHADOW_AUTO_NEGATIVE,false
COVAPIE_CYS_SG_EVENT_V1:2AMP:A:CYS:144-:SG:C:I12:C21,COVAPIE_BULK_REVIEW_UNIT_7D83F048AF8A2295,2AMP,I12,2AMP:A:CYS:144:SG,Q9IW06,3297d06e0052bbcb870eb5b8b8b5e55ac47f29c741aeaf8b8f3eb4ff42124d29,b808b2b9c2f2da39e3653f20ab6d5aa8bf825ab6607601f411552931ac3630dd,C21,C,4e00ae9307adfb73f42afb7c413beb9eba4f615244bf4835cf839d3b7576685e,a977e87fa3bdaf2d0b587d975f372367bbd94d6ae25af9aa44241921fd304a6b,NEG_V1_TS_DUMP_CATALYTIC_ADDUCT_EXACT,NOT_MATCHED,"PREDICATE_MISMATCH:exact_ccd_component_graph_sha256,exact_ligand_reactive_atom,exact_radius1_sha256,exact_radius2_sha256,exact_ts_family_accession_sequence_key","[""candidate_lane"",""structural_model_eligible"",""feature_compatible"",""explicit_cys_sg_covalent_evidence"",""usable_post_complex_structural_evidence"",""full_ligand_coordinates"",""exact_ccd_observed_heavy_atom_identity_coverage"",""exact_ccd_observed_heavy_atom_element_agreement"",""exact_reactive_ligand_atom_coverage"",""pocket_coordinates"",""outcome_candidate_route"",""outcome_feature_projection_passed"",""outcome_explicit_covalent_evidence"",""exact_connection_and_endpoint_coordinates"",""exact_ligand_reactive_element"",""structured_protein_identity_source_boundary"",""source_annotations_well_formed"",""no_source_annotation_conflict"",""no_existing_exact_positive_authority"",""no_production_approval"",""no_runtime_positive_override""]",UNREVIEWED,NOT_SHADOW_AUTO_NEGATIVE,false
COVAPIE_CYS_SG_EVENT_V1:2AMP:B:CYS:144-:SG:D:I12:C21,COVAPIE_BULK_REVIEW_UNIT_7D83F048AF8A2295,2AMP,I12,2AMP:B:CYS:144:SG,Q9IW06,3297d06e0052bbcb870eb5b8b8b5e55ac47f29c741aeaf8b8f3eb4ff42124d29,b808b2b9c2f2da39e3653f20ab6d5aa8bf825ab6607601f411552931ac3630dd,C21,C,4e00ae9307adfb73f42afb7c413beb9eba4f615244bf4835cf839d3b7576685e,a977e87fa3bdaf2d0b587d975f372367bbd94d6ae25af9aa44241921fd304a6b,NEG_V1_TS_DUMP_CATALYTIC_ADDUCT_EXACT,NOT_MATCHED,"PREDICATE_MISMATCH:exact_ccd_component_graph_sha256,exact_ligand_reactive_atom,exact_radius1_sha256,exact_radius2_sha256,exact_ts_family_accession_sequence_key","[""candidate_lane"",""structural_model_eligible"",""feature_compatible"",""explicit_cys_sg_covalent_evidence"",""usable_post_complex_structural_evidence"",""full_ligand_coordinates"",""exact_ccd_observed_heavy_atom_identity_coverage"",""exact_ccd_observed_heavy_atom_element_agreement"",""exact_reactive_ligand_atom_coverage"",""pocket_coordinates"",""outcome_candidate_route"",""outcome_feature_projection_passed"",""outcome_explicit_covalent_evidence"",""exact_connection_and_endpoint_coordinates"",""exact_ligand_reactive_element"",""structured_protein_identity_source_boundary"",""source_annotations_well_formed"",""no_source_annotation_conflict"",""no_existing_exact_positive_authority"",""no_production_approval"",""no_runtime_positive_override""]",UNREVIEWED,NOT_SHADOW_AUTO_NEGATIVE,false
COVAPIE_CYS_SG_EVENT_V1:2AWZ:A:CYS:366-:SG:G:5H:C1,COVAPIE_BULK_REVIEW_UNIT_C7881E5B728B2D19,2AWZ,5H,2AWZ:A:CYS:366:SG,P26663,e4abd33d60806e30575f21d3d53acd367e939dc03bba27c05c4c9054a31c6796,29f8e60eff73124fc6d076df4917d35c6608d82177c622762bd940527d9077b0,C1,C,8462d40f48db4f113d1f544343e82038d9a375ffc54ab52f2d00684ccce8cca1,a9ae5cc18929566b3d4f99bc17388c2ebe23df6b55731080176e07c445481b9f,NEG_V1_TS_DUMP_CATALYTIC_ADDUCT_EXACT,NOT_MATCHED,"PREDICATE_MISMATCH:exact_ccd_component_graph_sha256,exact_ligand_reactive_atom,exact_radius1_sha256,exact_radius2_sha256,exact_ts_family_accession_sequence_key","[""candidate_lane"",""structural_model_eligible"",""feature_compatible"",""explicit_cys_sg_covalent_evidence"",""usable_post_complex_structural_evidence"",""full_ligand_coordinates"",""exact_ccd_observed_heavy_atom_identity_coverage"",""exact_ccd_observed_heavy_atom_element_agreement"",""exact_reactive_ligand_atom_coverage"",""pocket_coordinates"",""outcome_candidate_route"",""outcome_feature_projection_passed"",""outcome_explicit_covalent_evidence"",""exact_connection_and_endpoint_coordinates"",""exact_ligand_reactive_element"",""structured_protein_identity_source_boundary"",""source_annotations_well_formed"",""no_source_annotation_conflict"",""no_existing_exact_positive_authority"",""no_production_approval"",""no_runtime_positive_override""]",UNREVIEWED,NOT_SHADOW_AUTO_NEGATIVE,false
COVAPIE_CYS_SG_EVENT_V1:2AWZ:B:CYS:366-:SG:J:5H:C1,COVAPIE_BULK_REVIEW_UNIT_C7881E5B728B2D19,2AWZ,5H,2AWZ:B:CYS:366:SG,P26663,e4abd33d60806e30575f21d3d53acd367e939dc03bba27c05c4c9054a31c6796,29f8e60eff73124fc6d076df4917d35c6608d82177c622762bd940527d9077b0,C1,C,8462d40f48db4f113d1f544343e82038d9a375ffc54ab52f2d00684ccce8cca1,a9ae5cc18929566b3d4f99bc17388c2ebe23df6b55731080176e07c445481b9f,NEG_V1_TS_DUMP_CATALYTIC_ADDUCT_EXACT,NOT_MATCHED,"PREDICATE_MISMATCH:exact_ccd_component_graph_sha256,exact_ligand_reactive_atom,exact_radius1_sha256,exact_radius2_sha256,exact_ts_family_accession_sequence_key","[""candidate_lane"",""structural_model_eligible"",""feature_compatible"",""explicit_cys_sg_covalent_evidence"",""usable_post_complex_structural_evidence"",""full_ligand_coordinates"",""exact_ccd_observed_heavy_atom_identity_coverage"",""exact_ccd_observed_heavy_atom_element_agreement"",""exact_reactive_ligand_atom_coverage"",""pocket_coordinates"",""outcome_candidate_route"",""outcome_feature_projection_passed"",""outcome_explicit_covalent_evidence"",""exact_connection_and_endpoint_coordinates"",""exact_ligand_reactive_element"",""structured_protein_identity_source_boundary"",""source_annotations_well_formed"",""no_source_annotation_conflict"",""no_existing_exact_positive_authority"",""no_production_approval"",""no_runtime_positive_override""]",UNREVIEWED,NOT_SHADOW_AUTO_NEGATIVE,false
COVAPIE_CYS_SG_EVENT_V1:2AX0:A:CYS:366-:SG:F:5X:C1,COVAPIE_BULK_REVIEW_UNIT_59100AAB78E957D9,2AX0,5X,2AX0:A:CYS:366:SG,P26663,e4abd33d60806e30575f21d3d53acd367e939dc03bba27c05c4c9054a31c6796,0e9d7d4cd83c7af552cac6b0b3ff432333fb014254c3e368ffffe19ebc14d8f3,C1,C,d2671534b0762c2541e105e7ff6bff1377db0f8f49fb932ad12463c7cf42f909,5c9982dadfe38dc910bfe7737ec36aeb4773d0b89f1187ac6a042a95d06eb8a1,NEG_V1_TS_DUMP_CATALYTIC_ADDUCT_EXACT,NOT_MATCHED,"PREDICATE_MISMATCH:exact_ccd_component_graph_sha256,exact_ligand_reactive_atom,exact_radius1_sha256,exact_radius2_sha256,exact_ts_family_accession_sequence_key,no_runtime_positive_override","[""candidate_lane"",""structural_model_eligible"",""feature_compatible"",""explicit_cys_sg_covalent_evidence"",""usable_post_complex_structural_evidence"",""full_ligand_coordinates"",""exact_ccd_observed_heavy_atom_identity_coverage"",""exact_ccd_observed_heavy_atom_element_agreement"",""exact_reactive_ligand_atom_coverage"",""pocket_coordinates"",""outcome_candidate_route"",""outcome_feature_projection_passed"",""outcome_explicit_covalent_evidence"",""exact_connection_and_endpoint_coordinates"",""exact_ligand_reactive_element"",""structured_protein_identity_source_boundary"",""source_annotations_well_formed"",""no_source_annotation_conflict"",""no_existing_exact_positive_authority"",""no_production_approval""]",COMPLETED:RELEVANT_FOR_COVAPIE_POST_ONLY_V1,NOT_SHADOW_AUTO_NEGATIVE,false
COVAPIE_CYS_SG_EVENT_V1:2AX0:B:CYS:366-:SG:K:5X:C1,COVAPIE_BULK_REVIEW_UNIT_59100AAB78E957D9,2AX0,5X,2AX0:B:CYS:366:SG,P26663,e4abd33d60806e30575f21d3d53acd367e939dc03bba27c05c4c9054a31c6796,0e9d7d4cd83c7af552cac6b0b3ff432333fb014254c3e368ffffe19ebc14d8f3,C1,C,d2671534b0762c2541e105e7ff6bff1377db0f8f49fb932ad12463c7cf42f909,5c9982dadfe38dc910bfe7737ec36aeb4773d0b89f1187ac6a042a95d06eb8a1,NEG_V1_TS_DUMP_CATALYTIC_ADDUCT_EXACT,NOT_MATCHED,"PREDICATE_MISMATCH:exact_ccd_component_graph_sha256,exact_ligand_reactive_atom,exact_radius1_sha256,exact_radius2_sha256,exact_ts_family_accession_sequence_key,no_runtime_positive_override","[""candidate_lane"",""structural_model_eligible"",""feature_compatible"",""explicit_cys_sg_covalent_evidence"",""usable_post_complex_structural_evidence"",""full_ligand_coordinates"",""exact_ccd_observed_heavy_atom_identity_coverage"",""exact_ccd_observed_heavy_atom_element_agreement"",""exact_reactive_ligand_atom_coverage"",""pocket_coordinates"",""outcome_candidate_route"",""outcome_feature_projection_passed"",""outcome_explicit_covalent_evidence"",""exact_connection_and_endpoint_coordinates"",""exact_ligand_reactive_element"",""structured_protein_identity_source_boundary"",""source_annotations_well_formed"",""no_source_annotation_conflict"",""no_existing_exact_positive_authority"",""no_production_approval""]",COMPLETED:RELEVANT_FOR_COVAPIE_POST_ONLY_V1,NOT_SHADOW_AUTO_NEGATIVE,false
COVAPIE_CYS_SG_EVENT_V1:2AX1:A:CYS:366-:SG:G:5EE:C1,COVAPIE_BULK_REVIEW_UNIT_CB81A8FAB5EEF2F7,2AX1,5EE,2AX1:A:CYS:366:SG,P26663,e4abd33d60806e30575f21d3d53acd367e939dc03bba27c05c4c9054a31c6796,a3dab82e5225ca0064046584998134e268733e435526a10cf658c31d8a58a174,C1,C,8462d40f48db4f113d1f544343e82038d9a375ffc54ab52f2d00684ccce8cca1,a9ae5cc18929566b3d4f99bc17388c2ebe23df6b55731080176e07c445481b9f,NEG_V1_TS_DUMP_CATALYTIC_ADDUCT_EXACT,NOT_MATCHED,"PREDICATE_MISMATCH:exact_ccd_component_graph_sha256,exact_ligand_reactive_atom,exact_radius1_sha256,exact_radius2_sha256,exact_ts_family_accession_sequence_key","[""candidate_lane"",""structural_model_eligible"",""feature_compatible"",""explicit_cys_sg_covalent_evidence"",""usable_post_complex_structural_evidence"",""full_ligand_coordinates"",""exact_ccd_observed_heavy_atom_identity_coverage"",""exact_ccd_observed_heavy_atom_element_agreement"",""exact_reactive_ligand_atom_coverage"",""pocket_coordinates"",""outcome_candidate_route"",""outcome_feature_projection_passed"",""outcome_explicit_covalent_evidence"",""exact_connection_and_endpoint_coordinates"",""exact_ligand_reactive_element"",""structured_protein_identity_source_boundary"",""source_annotations_well_formed"",""no_source_annotation_conflict"",""no_existing_exact_positive_authority"",""no_production_approval"",""no_runtime_positive_override""]",UNREVIEWED,NOT_SHADOW_AUTO_NEGATIVE,false
COVAPIE_CYS_SG_EVENT_V1:2AX1:B:CYS:366-:SG:L:5EE:C1,COVAPIE_BULK_REVIEW_UNIT_CB81A8FAB5EEF2F7,2AX1,5EE,2AX1:B:CYS:366:SG,P26663,e4abd33d60806e30575f21d3d53acd367e939dc03bba27c05c4c9054a31c6796,a3dab82e5225ca0064046584998134e268733e435526a10cf658c31d8a58a174,C1,C,8462d40f48db4f113d1f544343e82038d9a375ffc54ab52f2d00684ccce8cca1,a9ae5cc18929566b3d4f99bc17388c2ebe23df6b55731080176e07c445481b9f,NEG_V1_TS_DUMP_CATALYTIC_ADDUCT_EXACT,NOT_MATCHED,"PREDICATE_MISMATCH:exact_ccd_component_graph_sha256,exact_ligand_reactive_atom,exact_radius1_sha256,exact_radius2_sha256,exact_ts_family_accession_sequence_key","[""candidate_lane"",""structural_model_eligible"",""feature_compatible"",""explicit_cys_sg_covalent_evidence"",""usable_post_complex_structural_evidence"",""full_ligand_coordinates"",""exact_ccd_observed_heavy_atom_identity_coverage"",""exact_ccd_observed_heavy_atom_element_agreement"",""exact_reactive_ligand_atom_coverage"",""pocket_coordinates"",""outcome_candidate_route"",""outcome_feature_projection_passed"",""outcome_explicit_covalent_evidence"",""exact_connection_and_endpoint_coordinates"",""exact_ligand_reactive_element"",""structured_protein_identity_source_boundary"",""source_annotations_well_formed"",""no_source_annotation_conflict"",""no_existing_exact_positive_authority"",""no_production_approval"",""no_runtime_positive_override""]",UNREVIEWED,NOT_SHADOW_AUTO_NEGATIVE,false
COVAPIE_CYS_SG_EVENT_V1:2BBQ:A:CYS:146-:SG:C:UMP:C6,COVAPIE_BULK_REVIEW_UNIT_EB1C0FF8712C32A9,2BBQ,UMP,2BBQ:A:CYS:146:SG,P0A884,060823e0f298266cbc2c6281505a6310f24bad94e74223f1af13a7cbe603da15,94a0c576d62f9955d6574009b4a79479396f2ebaa977c7340bc9b0ab4203d8f9,C6,C,9d8060b2268ba49a158fddd66dd1ec165d7ec06ed6a41a9ab4cce7ae93031ef9,cc17eb042e28bb3d8672f4c98c90659357dd42a1e2f3a33f5beeee7d73847b1e,NEG_V1_TS_DUMP_CATALYTIC_ADDUCT_EXACT,MATCHED_AUTO_NEGATIVE_EXACT,ALL_EXACT_PREDICATES_MATCHED,"[""candidate_lane"",""structural_model_eligible"",""feature_compatible"",""explicit_cys_sg_covalent_evidence"",""usable_post_complex_structural_evidence"",""full_ligand_coordinates"",""exact_ccd_observed_heavy_atom_identity_coverage"",""exact_ccd_observed_heavy_atom_element_agreement"",""exact_reactive_ligand_atom_coverage"",""pocket_coordinates"",""outcome_candidate_route"",""outcome_feature_projection_passed"",""outcome_explicit_covalent_evidence"",""exact_connection_and_endpoint_coordinates"",""exact_ccd_component_graph_sha256"",""exact_ligand_reactive_atom"",""exact_ligand_reactive_element"",""exact_radius1_sha256"",""exact_radius2_sha256"",""exact_ts_family_accession_sequence_key"",""structured_protein_identity_source_boundary"",""source_annotations_well_formed"",""no_source_annotation_conflict"",""no_existing_exact_positive_authority"",""no_production_approval"",""no_runtime_positive_override""]",UNREVIEWED,SHADOW_AUTO_NEGATIVE_EXACT,true
COVAPIE_CYS_SG_EVENT_V1:2BBQ:B:CYS:146-:SG:E:UMP:C6,COVAPIE_BULK_REVIEW_UNIT_EB1C0FF8712C32A9,2BBQ,UMP,2BBQ:B:CYS:146:SG,P0A884,060823e0f298266cbc2c6281505a6310f24bad94e74223f1af13a7cbe603da15,94a0c576d62f9955d6574009b4a79479396f2ebaa977c7340bc9b0ab4203d8f9,C6,C,9d8060b2268ba49a158fddd66dd1ec165d7ec06ed6a41a9ab4cce7ae93031ef9,cc17eb042e28bb3d8672f4c98c90659357dd42a1e2f3a33f5beeee7d73847b1e,NEG_V1_TS_DUMP_CATALYTIC_ADDUCT_EXACT,MATCHED_AUTO_NEGATIVE_EXACT,ALL_EXACT_PREDICATES_MATCHED,"[""candidate_lane"",""structural_model_eligible"",""feature_compatible"",""explicit_cys_sg_covalent_evidence"",""usable_post_complex_structural_evidence"",""full_ligand_coordinates"",""exact_ccd_observed_heavy_atom_identity_coverage"",""exact_ccd_observed_heavy_atom_element_agreement"",""exact_reactive_ligand_atom_coverage"",""pocket_coordinates"",""outcome_candidate_route"",""outcome_feature_projection_passed"",""outcome_explicit_covalent_evidence"",""exact_connection_and_endpoint_coordinates"",""exact_ccd_component_graph_sha256"",""exact_ligand_reactive_atom"",""exact_ligand_reactive_element"",""exact_radius1_sha256"",""exact_radius2_sha256"",""exact_ts_family_accession_sequence_key"",""structured_protein_identity_source_boundary"",""source_annotations_well_formed"",""no_source_annotation_conflict"",""no_existing_exact_positive_authority"",""no_production_approval"",""no_runtime_positive_override""]",UNREVIEWED,SHADOW_AUTO_NEGATIVE_EXACT,true
COVAPIE_CYS_SG_EVENT_V1:2C6Q:D:CYS:186-:SG:O:IMP:C2,COVAPIE_BULK_REVIEW_UNIT_AAFC22DB88292B60,2C6Q,IMP,2C6Q:D:CYS:186:SG,Q9P2T1,491bc51cd2fe36b6e3e50a57f5cde8f3f37f45fa8d063c0189a4915a175a306a,f59f1f3a4c57bb967bdbcae56fd050af492f76dcb9e51feafbdbc3fed4659199,C2,C,9deb702f21f75077153227c996409eaea2310440ad9dd8214e34ccd665980065,f61d9674a94b6d450fd6b7e433bb7828393102557c0cea02e4cad73a9c6b77bc,NEG_V1_TS_DUMP_CATALYTIC_ADDUCT_EXACT,NOT_MATCHED,"PREDICATE_MISMATCH:exact_ccd_component_graph_sha256,exact_ligand_reactive_atom,exact_radius1_sha256,exact_radius2_sha256,exact_ts_family_accession_sequence_key","[""candidate_lane"",""structural_model_eligible"",""feature_compatible"",""explicit_cys_sg_covalent_evidence"",""usable_post_complex_structural_evidence"",""full_ligand_coordinates"",""exact_ccd_observed_heavy_atom_identity_coverage"",""exact_ccd_observed_heavy_atom_element_agreement"",""exact_reactive_ligand_atom_coverage"",""pocket_coordinates"",""outcome_candidate_route"",""outcome_feature_projection_passed"",""outcome_explicit_covalent_evidence"",""exact_connection_and_endpoint_coordinates"",""exact_ligand_reactive_element"",""structured_protein_identity_source_boundary"",""source_annotations_well_formed"",""no_source_annotation_conflict"",""no_existing_exact_positive_authority"",""no_production_approval"",""no_runtime_positive_override""]",UNREVIEWED,NOT_SHADOW_AUTO_NEGATIVE,false
COVAPIE_CYS_SG_EVENT_V1:2EFT:A:CYS:112-:SG:E:MEE:S,COVAPIE_BULK_REVIEW_UNIT_164B59C21643F70A,2EFT,MEE,2EFT:A:CYS:112:SG,P0A6R0,84d4ccd1206a95cc2888f4125ac9068b8c0283fb421d6a4539f10373baccf587,a1eb433b783d481489b020ee9cf180b0aacf70c1390d0b25157115d1f013ba77,S,S,e6ca1bc51fe2e6a441cee743e1e8351ac9e24a449cfdb678c4db60c12eec33b8,63bce253f5b3c427b39467b52e3022de45a9a33ab30585f22230406c928934ac,NEG_V1_TS_DUMP_CATALYTIC_ADDUCT_EXACT,NOT_MATCHED,"PREDICATE_MISMATCH:exact_ccd_component_graph_sha256,exact_ligand_reactive_atom,exact_ligand_reactive_element,exact_radius1_sha256,exact_radius2_sha256,exact_ts_family_accession_sequence_key","[""candidate_lane"",""structural_model_eligible"",""feature_compatible"",""explicit_cys_sg_covalent_evidence"",""usable_post_complex_structural_evidence"",""full_ligand_coordinates"",""exact_ccd_observed_heavy_atom_identity_coverage"",""exact_ccd_observed_heavy_atom_element_agreement"",""exact_reactive_ligand_atom_coverage"",""pocket_coordinates"",""outcome_candidate_route"",""outcome_feature_projection_passed"",""outcome_explicit_covalent_evidence"",""exact_connection_and_endpoint_coordinates"",""structured_protein_identity_source_boundary"",""source_annotations_well_formed"",""no_source_annotation_conflict"",""no_existing_exact_positive_authority"",""no_production_approval"",""no_runtime_positive_override""]",COMPLETED:NOT_RELEVANT_TO_COVAPIE_SMALL_MOLECULE_TASK,NOT_SHADOW_AUTO_NEGATIVE,false
COVAPIE_CYS_SG_EVENT_V1:2EFT:B:CYS:103-:SG:G:MEE:S,COVAPIE_BULK_REVIEW_UNIT_164B59C21643F70A,2EFT,MEE,2EFT:B:CYS:103:SG,P0A6R0,84d4ccd1206a95cc2888f4125ac9068b8c0283fb421d6a4539f10373baccf587,a1eb433b783d481489b020ee9cf180b0aacf70c1390d0b25157115d1f013ba77,S,S,e6ca1bc51fe2e6a441cee743e1e8351ac9e24a449cfdb678c4db60c12eec33b8,63bce253f5b3c427b39467b52e3022de45a9a33ab30585f22230406c928934ac,NEG_V1_TS_DUMP_CATALYTIC_ADDUCT_EXACT,NOT_MATCHED,"PREDICATE_MISMATCH:exact_ccd_component_graph_sha256,exact_ligand_reactive_atom,exact_ligand_reactive_element,exact_radius1_sha256,exact_radius2_sha256,exact_ts_family_accession_sequence_key","[""candidate_lane"",""structural_model_eligible"",""feature_compatible"",""explicit_cys_sg_covalent_evidence"",""usable_post_complex_structural_evidence"",""full_ligand_coordinates"",""exact_ccd_observed_heavy_atom_identity_coverage"",""exact_ccd_observed_heavy_atom_element_agreement"",""exact_reactive_ligand_atom_coverage"",""pocket_coordinates"",""outcome_candidate_route"",""outcome_feature_projection_passed"",""outcome_explicit_covalent_evidence"",""exact_connection_and_endpoint_coordinates"",""structured_protein_identity_source_boundary"",""source_annotations_well_formed"",""no_source_annotation_conflict"",""no_existing_exact_positive_authority"",""no_production_approval"",""no_runtime_positive_override""]",COMPLETED:NOT_RELEVANT_TO_COVAPIE_SMALL_MOLECULE_TASK,NOT_SHADOW_AUTO_NEGATIVE,false
