canonical_event_id,review_unit_id,pdb_id,ligand_component_id,human_workflow_status,human_training_domain_relevance_decision,rule_id,gate_event_status,gate_event_reason,unit_final_task_domain_route,unit_final_route_reason,human_precedence_applied,effective_auto_negative,downstream_positive_chemistry_review_required
COVAPIE_CYS_SG_EVENT_V1:1BJG:A:CYS:146-:SG:B:UFP:C6,COVAPIE_BULK_REVIEW_UNIT_1E58101A3E611294,1BJG,UFP,UNREVIEWED,,NEG_V1_TS_DUMP_CATALYTIC_ADDUCT_EXACT,NOT_MATCHED,"PREDICATE_MISMATCH:exact_ccd_component_graph_sha256,exact_radius2_sha256",HUMAN_REVIEW_REQUIRED,NO_SINGLE_EXACT_RULE_MATCHED_EVERY_EVENT;HUMAN_REVIEW_RETAINED,false,false,false
COVAPIE_CYS_SG_EVENT_V1:1BJG:A:CYS:146-:SG:B:UFP:C6,COVAPIE_BULK_REVIEW_UNIT_1E58101A3E611294,1BJG,UFP,UNREVIEWED,,NEG_V2_DTT_CRYSTALLIZATION_REDUCING_ADDUCT_EXACT,NOT_MATCHED,"PREDICATE_MISMATCH:automorphism_derived_dtt_sulfur_endpoint,exact_1fvg_reagent_protein_context,exact_1fvg_source_structure_context,exact_dtt_component_graph_sha256,exact_dtt_component_identity,exact_ligand_reactive_element,exact_local_topology,exact_radius1_sha256,exact_radius2_sha256,structured_source_boundary;UNAVAILABLE_OR_MALFORMED:exact_dtt_heavy_identity_and_charge[outcome.ccd_formal_charge_pattern:INVALID]",HUMAN_REVIEW_REQUIRED,NO_SINGLE_EXACT_RULE_MATCHED_EVERY_EVENT;HUMAN_REVIEW_RETAINED,false,false,false
COVAPIE_CYS_SG_EVENT_V1:1BQ1:A:CYS:146-:SG:C:UMP:C6,COVAPIE_BULK_REVIEW_UNIT_EB1C0FF8712C32A9,1BQ1,UMP,UNREVIEWED,,NEG_V1_TS_DUMP_CATALYTIC_ADDUCT_EXACT,MATCHED_AUTO_NEGATIVE_EXACT,ALL_EXACT_PREDICATES_MATCHED,AUTO_NEGATIVE_EXACT_FINAL,EVERY_EVENT_IN_UNIT_MATCHED_SAME_EXACT_RULE_WITHOUT_OVERRIDE,false,true,false
COVAPIE_CYS_SG_EVENT_V1:1BQ1:A:CYS:146-:SG:C:UMP:C6,COVAPIE_BULK_REVIEW_UNIT_EB1C0FF8712C32A9,1BQ1,UMP,UNREVIEWED,,NEG_V2_DTT_CRYSTALLIZATION_REDUCING_ADDUCT_EXACT,NOT_MATCHED,"PREDICATE_MISMATCH:automorphism_derived_dtt_sulfur_endpoint,exact_1fvg_reagent_protein_context,exact_1fvg_source_structure_context,exact_dtt_component_graph_sha256,exact_dtt_component_identity,exact_ligand_reactive_element,exact_local_topology,exact_radius1_sha256,exact_radius2_sha256,structured_source_boundary;UNAVAILABLE_OR_MALFORMED:exact_dtt_heavy_identity_and_charge[outcome.ccd_formal_charge_pattern:INVALID]",AUTO_NEGATIVE_EXACT_FINAL,EVERY_EVENT_IN_UNIT_MATCHED_SAME_EXACT_RULE_WITHOUT_OVERRIDE,false,true,false
COVAPIE_CYS_SG_EVENT_V1:1BQ1:B:CYS:146-:SG:E:UMP:C6,COVAPIE_BULK_REVIEW_UNIT_EB1C0FF8712C32A9,1BQ1,UMP,UNREVIEWED,,NEG_V1_TS_DUMP_CATALYTIC_ADDUCT_EXACT,MATCHED_AUTO_NEGATIVE_EXACT,ALL_EXACT_PREDICATES_MATCHED,AUTO_NEGATIVE_EXACT_FINAL,EVERY_EVENT_IN_UNIT_MATCHED_SAME_EXACT_RULE_WITHOUT_OVERRIDE,false,true,false
COVAPIE_CYS_SG_EVENT_V1:1BQ1:B:CYS:146-:SG:E:UMP:C6,COVAPIE_BULK_REVIEW_UNIT_EB1C0FF8712C32A9,1BQ1,UMP,UNREVIEWED,,NEG_V2_DTT_CRYSTALLIZATION_REDUCING_ADDUCT_EXACT,NOT_MATCHED,"PREDICATE_MISMATCH:automorphism_derived_dtt_sulfur_endpoint,exact_1fvg_reagent_protein_context,exact_1fvg_source_structure_context,exact_dtt_component_graph_sha256,exact_dtt_component_identity,exact_ligand_reactive_element,exact_local_topology,exact_radius1_sha256,exact_radius2_sha256,structured_source_boundary;UNAVAILABLE_OR_MALFORMED:exact_dtt_heavy_identity_and_charge[outcome.ccd_formal_charge_pattern:INVALID]",AUTO_NEGATIVE_EXACT_FINAL,EVERY_EVENT_IN_UNIT_MATCHED_SAME_EXACT_RULE_WITHOUT_OVERRIDE,false,true,false
COVAPIE_CYS_SG_EVENT_V1:1BWC:A:CYS:58-:SG:D:AJ3:S5,COVAPIE_BULK_REVIEW_UNIT_5662273FCD38234C,1BWC,AJ3,IN_PROGRESS,RELEVANT_FOR_COVAPIE_POST_ONLY_V1,NEG_V1_TS_DUMP_CATALYTIC_ADDUCT_EXACT,NOT_MATCHED,"PREDICATE_MISMATCH:exact_ccd_component_graph_sha256,exact_ligand_reactive_atom,exact_ligand_reactive_element,exact_radius1_sha256,exact_radius2_sha256,exact_ts_family_accession_sequence_key,no_runtime_positive_override",HUMAN_RELEVANT_FINAL,CURRENT_HUMAN_RELEVANT_DECISION_HAS_FIRST_PRECEDENCE,true,false,true
COVAPIE_CYS_SG_EVENT_V1:1BWC:A:CYS:58-:SG:D:AJ3:S5,COVAPIE_BULK_REVIEW_UNIT_5662273FCD38234C,1BWC,AJ3,IN_PROGRESS,RELEVANT_FOR_COVAPIE_POST_ONLY_V1,NEG_V2_DTT_CRYSTALLIZATION_REDUCING_ADDUCT_EXACT,NOT_MATCHED,"PREDICATE_MISMATCH:automorphism_derived_dtt_sulfur_endpoint,exact_1fvg_reagent_protein_context,exact_1fvg_source_structure_context,exact_dtt_component_graph_sha256,exact_dtt_component_identity,exact_local_topology,exact_radius2_sha256,no_runtime_positive_override;UNAVAILABLE_OR_MALFORMED:exact_dtt_heavy_identity_and_charge[outcome.ccd_formal_charge_pattern:INVALID]",HUMAN_RELEVANT_FINAL,CURRENT_HUMAN_RELEVANT_DECISION_HAS_FIRST_PRECEDENCE,true,false,true
COVAPIE_CYS_SG_EVENT_V1:1CR5:A:CYS:146-:SG:E:NEN:C1,COVAPIE_BULK_REVIEW_UNIT_D88548D5B5FCAA3C,1CR5,NEN,COMPLETED,NOT_RELEVANT_TO_COVAPIE_SMALL_MOLECULE_TASK,NEG_V1_TS_DUMP_CATALYTIC_ADDUCT_EXACT,NOT_MATCHED,"PREDICATE_MISMATCH:exact_ccd_component_graph_sha256,exact_ligand_reactive_atom,exact_radius1_sha256,exact_radius2_sha256,exact_ts_family_accession_sequence_key",HUMAN_NOT_RELEVANT_FINAL,CURRENT_HUMAN_NOT_RELEVANT_DECISION_HAS_SECOND_PRECEDENCE,true,false,false
COVAPIE_CYS_SG_EVENT_V1:1CR5:A:CYS:146-:SG:E:NEN:C1,COVAPIE_BULK_REVIEW_UNIT_D88548D5B5FCAA3C,1CR5,NEN,COMPLETED,NOT_RELEVANT_TO_COVAPIE_SMALL_MOLECULE_TASK,NEG_V2_DTT_CRYSTALLIZATION_REDUCING_ADDUCT_EXACT,NOT_MATCHED,"PREDICATE_MISMATCH:automorphism_derived_dtt_sulfur_endpoint,exact_1fvg_reagent_protein_context,exact_1fvg_source_structure_context,exact_dtt_component_graph_sha256,exact_dtt_component_identity,exact_dtt_heavy_identity_and_charge,exact_ligand_reactive_element,exact_local_topology,exact_radius1_sha256,exact_radius2_sha256",HUMAN_NOT_RELEVANT_FINAL,CURRENT_HUMAN_NOT_RELEVANT_DECISION_HAS_SECOND_PRECEDENCE,true,false,false
COVAPIE_CYS_SG_EVENT_V1:1CR5:A:CYS:34-:SG:D:NEN:C1,COVAPIE_BULK_REVIEW_UNIT_D88548D5B5FCAA3C,1CR5,NEN,COMPLETED,NOT_RELEVANT_TO_COVAPIE_SMALL_MOLECULE_TASK,NEG_V1_TS_DUMP_CATALYTIC_ADDUCT_EXACT,NOT_MATCHED,"PREDICATE_MISMATCH:exact_ccd_component_graph_sha256,exact_ligand_reactive_atom,exact_radius1_sha256,exact_radius2_sha256,exact_ts_family_accession_sequence_key",HUMAN_NOT_RELEVANT_FINAL,CURRENT_HUMAN_NOT_RELEVANT_DECISION_HAS_SECOND_PRECEDENCE,true,false,false
COVAPIE_CYS_SG_EVENT_V1:1CR5:A:CYS:34-:SG:D:NEN:C1,COVAPIE_BULK_REVIEW_UNIT_D88548D5B5FCAA3C,1CR5,NEN,COMPLETED,NOT_RELEVANT_TO_COVAPIE_SMALL_MOLECULE_TASK,NEG_V2_DTT_CRYSTALLIZATION_REDUCING_ADDUCT_EXACT,NOT_MATCHED,"PREDICATE_MISMATCH:automorphism_derived_dtt_sulfur_endpoint,exact_1fvg_reagent_protein_context,exact_1fvg_source_structure_context,exact_dtt_component_graph_sha256,exact_dtt_component_identity,exact_dtt_heavy_identity_and_charge,exact_ligand_reactive_element,exact_local_topology,exact_radius1_sha256,exact_radius2_sha256",HUMAN_NOT_RELEVANT_FINAL,CURRENT_HUMAN_NOT_RELEVANT_DECISION_HAS_SECOND_PRECEDENCE,true,false,false
COVAPIE_CYS_SG_EVENT_V1:1CR5:B:CYS:146-:SG:G:NEN:C1,COVAPIE_BULK_REVIEW_UNIT_D88548D5B5FCAA3C,1CR5,NEN,COMPLETED,NOT_RELEVANT_TO_COVAPIE_SMALL_MOLECULE_TASK,NEG_V1_TS_DUMP_CATALYTIC_ADDUCT_EXACT,NOT_MATCHED,"PREDICATE_MISMATCH:exact_ccd_component_graph_sha256,exact_ligand_reactive_atom,exact_radius1_sha256,exact_radius2_sha256,exact_ts_family_accession_sequence_key",HUMAN_NOT_RELEVANT_FINAL,CURRENT_HUMAN_NOT_RELEVANT_DECISION_HAS_SECOND_PRECEDENCE,true,false,false
COVAPIE_CYS_SG_EVENT_V1:1CR5:B:CYS:146-:SG:G:NEN:C1,COVAPIE_BULK_REVIEW_UNIT_D88548D5B5FCAA3C,1CR5,NEN,COMPLETED,NOT_RELEVANT_TO_COVAPIE_SMALL_MOLECULE_TASK,NEG_V2_DTT_CRYSTALLIZATION_REDUCING_ADDUCT_EXACT,NOT_MATCHED,"PREDICATE_MISMATCH:automorphism_derived_dtt_sulfur_endpoint,exact_1fvg_reagent_protein_context,exact_1fvg_source_structure_context,exact_dtt_component_graph_sha256,exact_dtt_component_identity,exact_dtt_heavy_identity_and_charge,exact_ligand_reactive_element,exact_local_topology,exact_radius1_sha256,exact_radius2_sha256",HUMAN_NOT_RELEVANT_FINAL,CURRENT_HUMAN_NOT_RELEVANT_DECISION_HAS_SECOND_PRECEDENCE,true,false,false
COVAPIE_CYS_SG_EVENT_V1:1CR5:B:CYS:34-:SG:F:NEN:C1,COVAPIE_BULK_REVIEW_UNIT_D88548D5B5FCAA3C,1CR5,NEN,COMPLETED,NOT_RELEVANT_TO_COVAPIE_SMALL_MOLECULE_TASK,NEG_V1_TS_DUMP_CATALYTIC_ADDUCT_EXACT,NOT_MATCHED,"PREDICATE_MISMATCH:exact_ccd_component_graph_sha256,exact_ligand_reactive_atom,exact_radius1_sha256,exact_radius2_sha256,exact_ts_family_accession_sequence_key",HUMAN_NOT_RELEVANT_FINAL,CURRENT_HUMAN_NOT_RELEVANT_DECISION_HAS_SECOND_PRECEDENCE,true,false,false
COVAPIE_CYS_SG_EVENT_V1:1CR5:B:CYS:34-:SG:F:NEN:C1,COVAPIE_BULK_REVIEW_UNIT_D88548D5B5FCAA3C,1CR5,NEN,COMPLETED,NOT_RELEVANT_TO_COVAPIE_SMALL_MOLECULE_TASK,NEG_V2_DTT_CRYSTALLIZATION_REDUCING_ADDUCT_EXACT,NOT_MATCHED,"PREDICATE_MISMATCH:automorphism_derived_dtt_sulfur_endpoint,exact_1fvg_reagent_protein_context,exact_1fvg_source_structure_context,exact_dtt_component_graph_sha256,exact_dtt_component_identity,exact_dtt_heavy_identity_and_charge,exact_ligand_reactive_element,exact_local_topology,exact_radius1_sha256,exact_radius2_sha256",HUMAN_NOT_RELEVANT_FINAL,CURRENT_HUMAN_NOT_RELEVANT_DECISION_HAS_SECOND_PRECEDENCE,true,false,false
COVAPIE_CYS_SG_EVENT_V1:1CR5:C:CYS:146-:SG:I:NEN:C1,COVAPIE_BULK_REVIEW_UNIT_D88548D5B5FCAA3C,1CR5,NEN,COMPLETED,NOT_RELEVANT_TO_COVAPIE_SMALL_MOLECULE_TASK,NEG_V1_TS_DUMP_CATALYTIC_ADDUCT_EXACT,NOT_MATCHED,"PREDICATE_MISMATCH:exact_ccd_component_graph_sha256,exact_ligand_reactive_atom,exact_radius1_sha256,exact_radius2_sha256,exact_ts_family_accession_sequence_key",HUMAN_NOT_RELEVANT_FINAL,CURRENT_HUMAN_NOT_RELEVANT_DECISION_HAS_SECOND_PRECEDENCE,true,false,false
COVAPIE_CYS_SG_EVENT_V1:1CR5:C:CYS:146-:SG:I:NEN:C1,COVAPIE_BULK_REVIEW_UNIT_D88548D5B5FCAA3C,1CR5,NEN,COMPLETED,NOT_RELEVANT_TO_COVAPIE_SMALL_MOLECULE_TASK,NEG_V2_DTT_CRYSTALLIZATION_REDUCING_ADDUCT_EXACT,NOT_MATCHED,"PREDICATE_MISMATCH:automorphism_derived_dtt_sulfur_endpoint,exact_1fvg_reagent_protein_context,exact_1fvg_source_structure_context,exact_dtt_component_graph_sha256,exact_dtt_component_identity,exact_dtt_heavy_identity_and_charge,exact_ligand_reactive_element,exact_local_topology,exact_radius1_sha256,exact_radius2_sha256",HUMAN_NOT_RELEVANT_FINAL,CURRENT_HUMAN_NOT_RELEVANT_DECISION_HAS_SECOND_PRECEDENCE,true,false,false
COVAPIE_CYS_SG_EVENT_V1:1CR5:C:CYS:34-:SG:H:NEN:C1,COVAPIE_BULK_REVIEW_UNIT_D88548D5B5FCAA3C,1CR5,NEN,COMPLETED,NOT_RELEVANT_TO_COVAPIE_SMALL_MOLECULE_TASK,NEG_V1_TS_DUMP_CATALYTIC_ADDUCT_EXACT,NOT_MATCHED,"PREDICATE_MISMATCH:exact_ccd_component_graph_sha256,exact_ligand_reactive_atom,exact_radius1_sha256,exact_radius2_sha256,exact_ts_family_accession_sequence_key",HUMAN_NOT_RELEVANT_FINAL,CURRENT_HUMAN_NOT_RELEVANT_DECISION_HAS_SECOND_PRECEDENCE,true,false,false
COVAPIE_CYS_SG_EVENT_V1:1CR5:C:CYS:34-:SG:H:NEN:C1,COVAPIE_BULK_REVIEW_UNIT_D88548D5B5FCAA3C,1CR5,NEN,COMPLETED,NOT_RELEVANT_TO_COVAPIE_SMALL_MOLECULE_TASK,NEG_V2_DTT_CRYSTALLIZATION_REDUCING_ADDUCT_EXACT,NOT_MATCHED,"PREDICATE_MISMATCH:automorphism_derived_dtt_sulfur_endpoint,exact_1fvg_reagent_protein_context,exact_1fvg_source_structure_context,exact_dtt_component_graph_sha256,exact_dtt_component_identity,exact_dtt_heavy_identity_and_charge,exact_ligand_reactive_element,exact_local_topology,exact_radius1_sha256,exact_radius2_sha256",HUMAN_NOT_RELEVANT_FINAL,CURRENT_HUMAN_NOT_RELEVANT_DECISION_HAS_SECOND_PRECEDENCE,true,false,false
COVAPIE_CYS_SG_EVENT_V1:1DC4:A:CYS:149-:SG:C:G3P:C1,COVAPIE_BULK_REVIEW_UNIT_7ECA4E38FFF9D55A,1DC4,G3P,UNREVIEWED,,NEG_V1_TS_DUMP_CATALYTIC_ADDUCT_EXACT,NOT_MATCHED,"PREDICATE_MISMATCH:exact_ccd_component_graph_sha256,exact_ligand_reactive_atom,exact_radius1_sha256,exact_radius2_sha256,exact_ts_family_accession_sequence_key",HUMAN_REVIEW_REQUIRED,NO_SINGLE_EXACT_RULE_MATCHED_EVERY_EVENT;HUMAN_REVIEW_RETAINED,false,false,false
COVAPIE_CYS_SG_EVENT_V1:1DC4:A:CYS:149-:SG:C:G3P:C1,COVAPIE_BULK_REVIEW_UNIT_7ECA4E38FFF9D55A,1DC4,G3P,UNREVIEWED,,NEG_V2_DTT_CRYSTALLIZATION_REDUCING_ADDUCT_EXACT,NOT_MATCHED,"PREDICATE_MISMATCH:automorphism_derived_dtt_sulfur_endpoint,exact_1fvg_reagent_protein_context,exact_1fvg_source_structure_context,exact_dtt_component_graph_sha256,exact_dtt_component_identity,exact_ligand_reactive_element,exact_local_topology,exact_radius1_sha256,exact_radius2_sha256;UNAVAILABLE_OR_MALFORMED:exact_dtt_heavy_identity_and_charge[outcome.ccd_formal_charge_pattern:INVALID]",HUMAN_REVIEW_REQUIRED,NO_SINGLE_EXACT_RULE_MATCHED_EVERY_EVENT;HUMAN_REVIEW_RETAINED,false,false,false
COVAPIE_CYS_SG_EVENT_V1:1DC4:B:CYS:149-:SG:D:G3P:C1,COVAPIE_BULK_REVIEW_UNIT_7ECA4E38FFF9D55A,1DC4,G3P,UNREVIEWED,,NEG_V1_TS_DUMP_CATALYTIC_ADDUCT_EXACT,NOT_MATCHED,"PREDICATE_MISMATCH:exact_ccd_component_graph_sha256,exact_ligand_reactive_atom,exact_radius1_sha256,exact_radius2_sha256,exact_ts_family_accession_sequence_key",HUMAN_REVIEW_REQUIRED,NO_SINGLE_EXACT_RULE_MATCHED_EVERY_EVENT;HUMAN_REVIEW_RETAINED,false,false,false
COVAPIE_CYS_SG_EVENT_V1:1DC4:B:CYS:149-:SG:D:G3P:C1,COVAPIE_BULK_REVIEW_UNIT_7ECA4E38FFF9D55A,1DC4,G3P,UNREVIEWED,,NEG_V2_DTT_CRYSTALLIZATION_REDUCING_ADDUCT_EXACT,NOT_MATCHED,"PREDICATE_MISMATCH:automorphism_derived_dtt_sulfur_endpoint,exact_1fvg_reagent_protein_context,exact_1fvg_source_structure_context,exact_dtt_component_graph_sha256,exact_dtt_component_identity,exact_ligand_reactive_element,exact_local_topology,exact_radius1_sha256,exact_radius2_sha256;UNAVAILABLE_OR_MALFORMED:exact_dtt_heavy_identity_and_charge[outcome.ccd_formal_charge_pattern:INVALID]",HUMAN_REVIEW_REQUIRED,NO_SINGLE_EXACT_RULE_MATCHED_EVERY_EVENT;HUMAN_REVIEW_RETAINED,false,false,false
COVAPIE_CYS_SG_EVENT_V1:1ECC:A:CYS:1-:SG:E:ONL:CE,COVAPIE_BULK_REVIEW_UNIT_FC5A3060FADCBA74,1ECC,ONL,UNREVIEWED,,NEG_V1_TS_DUMP_CATALYTIC_ADDUCT_EXACT,NOT_MATCHED,"PREDICATE_MISMATCH:exact_ccd_component_graph_sha256,exact_ligand_reactive_atom,exact_radius1_sha256,exact_radius2_sha256,exact_ts_family_accession_sequence_key",HUMAN_REVIEW_REQUIRED,NO_SINGLE_EXACT_RULE_MATCHED_EVERY_EVENT;HUMAN_REVIEW_RETAINED,false,false,false
COVAPIE_CYS_SG_EVENT_V1:1ECC:A:CYS:1-:SG:E:ONL:CE,COVAPIE_BULK_REVIEW_UNIT_FC5A3060FADCBA74,1ECC,ONL,UNREVIEWED,,NEG_V2_DTT_CRYSTALLIZATION_REDUCING_ADDUCT_EXACT,NOT_MATCHED,"PREDICATE_MISMATCH:automorphism_derived_dtt_sulfur_endpoint,exact_1fvg_reagent_protein_context,exact_1fvg_source_structure_context,exact_dtt_component_graph_sha256,exact_dtt_component_identity,exact_ligand_reactive_element,exact_local_topology,exact_radius1_sha256,exact_radius2_sha256;UNAVAILABLE_OR_MALFORMED:exact_dtt_heavy_identity_and_charge[outcome.ccd_formal_charge_pattern:INVALID]",HUMAN_REVIEW_REQUIRED,NO_SINGLE_EXACT_RULE_MATCHED_EVERY_EVENT;HUMAN_REVIEW_RETAINED,false,false,false
COVAPIE_CYS_SG_EVENT_V1:1ECC:B:CYS:1-:SG:J:ONL:CE,COVAPIE_BULK_REVIEW_UNIT_FC5A3060FADCBA74,1ECC,ONL,UNREVIEWED,,NEG_V1_TS_DUMP_CATALYTIC_ADDUCT_EXACT,NOT_MATCHED,"PREDICATE_MISMATCH:exact_ccd_component_graph_sha256,exact_ligand_reactive_atom,exact_radius1_sha256,exact_radius2_sha256,exact_ts_family_accession_sequence_key",HUMAN_REVIEW_REQUIRED,NO_SINGLE_EXACT_RULE_MATCHED_EVERY_EVENT;HUMAN_REVIEW_RETAINED,false,false,false
COVAPIE_CYS_SG_EVENT_V1:1ECC:B:CYS:1-:SG:J:ONL:CE,COVAPIE_BULK_REVIEW_UNIT_FC5A3060FADCBA74,1ECC,ONL,UNREVIEWED,,NEG_V2_DTT_CRYSTALLIZATION_REDUCING_ADDUCT_EXACT,NOT_MATCHED,"PREDICATE_MISMATCH:automorphism_derived_dtt_sulfur_endpoint,exact_1fvg_reagent_protein_context,exact_1fvg_source_structure_context,exact_dtt_component_graph_sha256,exact_dtt_component_identity,exact_ligand_reactive_element,exact_local_topology,exact_radius1_sha256,exact_radius2_sha256;UNAVAILABLE_OR_MALFORMED:exact_dtt_heavy_identity_and_charge[outcome.ccd_formal_charge_pattern:INVALID]",HUMAN_REVIEW_REQUIRED,NO_SINGLE_EXACT_RULE_MATCHED_EVERY_EVENT;HUMAN_REVIEW_RETAINED,false,false,false
COVAPIE_CYS_SG_EVENT_V1:1ECG:A:CYS:1-:SG:C:ONL:CE,COVAPIE_BULK_REVIEW_UNIT_FC5A3060FADCBA74,1ECG,ONL,UNREVIEWED,,NEG_V1_TS_DUMP_CATALYTIC_ADDUCT_EXACT,NOT_MATCHED,"PREDICATE_MISMATCH:exact_ccd_component_graph_sha256,exact_ligand_reactive_atom,exact_radius1_sha256,exact_radius2_sha256,exact_ts_family_accession_sequence_key",HUMAN_REVIEW_REQUIRED,NO_SINGLE_EXACT_RULE_MATCHED_EVERY_EVENT;HUMAN_REVIEW_RETAINED,false,false,false
COVAPIE_CYS_SG_EVENT_V1:1ECG:A:CYS:1-:SG:C:ONL:CE,COVAPIE_BULK_REVIEW_UNIT_FC5A3060FADCBA74,1ECG,ONL,UNREVIEWED,,NEG_V2_DTT_CRYSTALLIZATION_REDUCING_ADDUCT_EXACT,NOT_MATCHED,"PREDICATE_MISMATCH:automorphism_derived_dtt_sulfur_endpoint,exact_1fvg_reagent_protein_context,exact_1fvg_source_structure_context,exact_dtt_component_graph_sha256,exact_dtt_component_identity,exact_ligand_reactive_element,exact_local_topology,exact_radius1_sha256,exact_radius2_sha256;UNAVAILABLE_OR_MALFORMED:exact_dtt_heavy_identity_and_charge[outcome.ccd_formal_charge_pattern:INVALID]",HUMAN_REVIEW_REQUIRED,NO_SINGLE_EXACT_RULE_MATCHED_EVERY_EVENT;HUMAN_REVIEW_RETAINED,false,false,false
COVAPIE_CYS_SG_EVENT_V1:1ECG:B:CYS:1-:SG:G:ONL:CE,COVAPIE_BULK_REVIEW_UNIT_FC5A3060FADCBA74,1ECG,ONL,UNREVIEWED,,NEG_V1_TS_DUMP_CATALYTIC_ADDUCT_EXACT,NOT_MATCHED,"PREDICATE_MISMATCH:exact_ccd_component_graph_sha256,exact_ligand_reactive_atom,exact_radius1_sha256,exact_radius2_sha256,exact_ts_family_accession_sequence_key",HUMAN_REVIEW_REQUIRED,NO_SINGLE_EXACT_RULE_MATCHED_EVERY_EVENT;HUMAN_REVIEW_RETAINED,false,false,false
COVAPIE_CYS_SG_EVENT_V1:1ECG:B:CYS:1-:SG:G:ONL:CE,COVAPIE_BULK_REVIEW_UNIT_FC5A3060FADCBA74,1ECG,ONL,UNREVIEWED,,NEG_V2_DTT_CRYSTALLIZATION_REDUCING_ADDUCT_EXACT,NOT_MATCHED,"PREDICATE_MISMATCH:automorphism_derived_dtt_sulfur_endpoint,exact_1fvg_reagent_protein_context,exact_1fvg_source_structure_context,exact_dtt_component_graph_sha256,exact_dtt_component_identity,exact_ligand_reactive_element,exact_local_topology,exact_radius1_sha256,exact_radius2_sha256;UNAVAILABLE_OR_MALFORMED:exact_dtt_heavy_identity_and_charge[outcome.ccd_formal_charge_pattern:INVALID]",HUMAN_REVIEW_REQUIRED,NO_SINGLE_EXACT_RULE_MATCHED_EVERY_EVENT;HUMAN_REVIEW_RETAINED,false,false,false
COVAPIE_CYS_SG_EVENT_V1:1F28:A:CYS:173-:SG:E:UMP:C6,COVAPIE_BULK_REVIEW_UNIT_EB1C0FF8712C32A9,1F28,UMP,UNREVIEWED,,NEG_V1_TS_DUMP_CATALYTIC_ADDUCT_EXACT,MATCHED_AUTO_NEGATIVE_EXACT,ALL_EXACT_PREDICATES_MATCHED,AUTO_NEGATIVE_EXACT_FINAL,EVERY_EVENT_IN_UNIT_MATCHED_SAME_EXACT_RULE_WITHOUT_OVERRIDE,false,true,false
COVAPIE_CYS_SG_EVENT_V1:1F28:A:CYS:173-:SG:E:UMP:C6,COVAPIE_BULK_REVIEW_UNIT_EB1C0FF8712C32A9,1F28,UMP,UNREVIEWED,,NEG_V2_DTT_CRYSTALLIZATION_REDUCING_ADDUCT_EXACT,NOT_MATCHED,"PREDICATE_MISMATCH:automorphism_derived_dtt_sulfur_endpoint,exact_1fvg_reagent_protein_context,exact_1fvg_source_structure_context,exact_dtt_component_graph_sha256,exact_dtt_component_identity,exact_ligand_reactive_element,exact_local_topology,exact_radius1_sha256,exact_radius2_sha256;UNAVAILABLE_OR_MALFORMED:exact_dtt_heavy_identity_and_charge[outcome.ccd_formal_charge_pattern:INVALID]",AUTO_NEGATIVE_EXACT_FINAL,EVERY_EVENT_IN_UNIT_MATCHED_SAME_EXACT_RULE_WITHOUT_OVERRIDE,false,true,false
COVAPIE_CYS_SG_EVENT_V1:1F28:C:CYS:173-:SG:I:UMP:C6,COVAPIE_BULK_REVIEW_UNIT_EB1C0FF8712C32A9,1F28,UMP,UNREVIEWED,,NEG_V1_TS_DUMP_CATALYTIC_ADDUCT_EXACT,MATCHED_AUTO_NEGATIVE_EXACT,ALL_EXACT_PREDICATES_MATCHED,AUTO_NEGATIVE_EXACT_FINAL,EVERY_EVENT_IN_UNIT_MATCHED_SAME_EXACT_RULE_WITHOUT_OVERRIDE,false,true,false
COVAPIE_CYS_SG_EVENT_V1:1F28:C:CYS:173-:SG:I:UMP:C6,COVAPIE_BULK_REVIEW_UNIT_EB1C0FF8712C32A9,1F28,UMP,UNREVIEWED,,NEG_V2_DTT_CRYSTALLIZATION_REDUCING_ADDUCT_EXACT,NOT_MATCHED,"PREDICATE_MISMATCH:automorphism_derived_dtt_sulfur_endpoint,exact_1fvg_reagent_protein_context,exact_1fvg_source_structure_context,exact_dtt_component_graph_sha256,exact_dtt_component_identity,exact_ligand_reactive_element,exact_local_topology,exact_radius1_sha256,exact_radius2_sha256;UNAVAILABLE_OR_MALFORMED:exact_dtt_heavy_identity_and_charge[outcome.ccd_formal_charge_pattern:INVALID]",AUTO_NEGATIVE_EXACT_FINAL,EVERY_EVENT_IN_UNIT_MATCHED_SAME_EXACT_RULE_WITHOUT_OVERRIDE,false,true,false
COVAPIE_CYS_SG_EVENT_V1:1F4C:A:CYS:146-:SG:F:TP2:S1,COVAPIE_BULK_REVIEW_UNIT_C750E9F706F9E0AF,1F4C,TP2,UNREVIEWED,,NEG_V1_TS_DUMP_CATALYTIC_ADDUCT_EXACT,NOT_MATCHED,"PREDICATE_MISMATCH:exact_ccd_component_graph_sha256,exact_ligand_reactive_atom,exact_ligand_reactive_element,exact_radius1_sha256,exact_radius2_sha256",HUMAN_REVIEW_REQUIRED,NO_SINGLE_EXACT_RULE_MATCHED_EVERY_EVENT;HUMAN_REVIEW_RETAINED,false,false,false
COVAPIE_CYS_SG_EVENT_V1:1F4C:A:CYS:146-:SG:F:TP2:S1,COVAPIE_BULK_REVIEW_UNIT_C750E9F706F9E0AF,1F4C,TP2,UNREVIEWED,,NEG_V2_DTT_CRYSTALLIZATION_REDUCING_ADDUCT_EXACT,NOT_MATCHED,"PREDICATE_MISMATCH:exact_1fvg_reagent_protein_context,exact_1fvg_source_structure_context,exact_dtt_component_graph_sha256,exact_dtt_component_identity,structured_source_boundary;UNAVAILABLE_OR_MALFORMED:exact_dtt_heavy_identity_and_charge[outcome.ccd_formal_charge_pattern:INVALID]",HUMAN_REVIEW_REQUIRED,NO_SINGLE_EXACT_RULE_MATCHED_EVERY_EVENT;HUMAN_REVIEW_RETAINED,false,false,false
COVAPIE_CYS_SG_EVENT_V1:1F4C:B:CYS:146-:SG:I:TP2:S1,COVAPIE_BULK_REVIEW_UNIT_C750E9F706F9E0AF,1F4C,TP2,UNREVIEWED,,NEG_V1_TS_DUMP_CATALYTIC_ADDUCT_EXACT,NOT_MATCHED,"PREDICATE_MISMATCH:exact_ccd_component_graph_sha256,exact_ligand_reactive_atom,exact_ligand_reactive_element,exact_radius1_sha256,exact_radius2_sha256",HUMAN_REVIEW_REQUIRED,NO_SINGLE_EXACT_RULE_MATCHED_EVERY_EVENT;HUMAN_REVIEW_RETAINED,false,false,false
COVAPIE_CYS_SG_EVENT_V1:1F4C:B:CYS:146-:SG:I:TP2:S1,COVAPIE_BULK_REVIEW_UNIT_C750E9F706F9E0AF,1F4C,TP2,UNREVIEWED,,NEG_V2_DTT_CRYSTALLIZATION_REDUCING_ADDUCT_EXACT,NOT_MATCHED,"PREDICATE_MISMATCH:exact_1fvg_reagent_protein_context,exact_1fvg_source_structure_context,exact_dtt_component_graph_sha256,exact_dtt_component_identity,structured_source_boundary;UNAVAILABLE_OR_MALFORMED:exact_dtt_heavy_identity_and_charge[outcome.ccd_formal_charge_pattern:INVALID]",HUMAN_REVIEW_REQUIRED,NO_SINGLE_EXACT_RULE_MATCHED_EVERY_EVENT;HUMAN_REVIEW_RETAINED,false,false,false
COVAPIE_CYS_SG_EVENT_V1:1F4D:A:CYS:143-:SG:E:TP2:S1,COVAPIE_BULK_REVIEW_UNIT_C750E9F706F9E0AF,1F4D,TP2,UNREVIEWED,,NEG_V1_TS_DUMP_CATALYTIC_ADDUCT_EXACT,NOT_MATCHED,"PREDICATE_MISMATCH:exact_ccd_component_graph_sha256,exact_ligand_reactive_atom,exact_ligand_reactive_element,exact_radius1_sha256,exact_radius2_sha256",HUMAN_REVIEW_REQUIRED,NO_SINGLE_EXACT_RULE_MATCHED_EVERY_EVENT;HUMAN_REVIEW_RETAINED,false,false,false
COVAPIE_CYS_SG_EVENT_V1:1F4D:A:CYS:143-:SG:E:TP2:S1,COVAPIE_BULK_REVIEW_UNIT_C750E9F706F9E0AF,1F4D,TP2,UNREVIEWED,,NEG_V2_DTT_CRYSTALLIZATION_REDUCING_ADDUCT_EXACT,NOT_MATCHED,"PREDICATE_MISMATCH:exact_1fvg_reagent_protein_context,exact_1fvg_source_structure_context,exact_dtt_component_graph_sha256,exact_dtt_component_identity,structured_source_boundary;UNAVAILABLE_OR_MALFORMED:exact_dtt_heavy_identity_and_charge[outcome.ccd_formal_charge_pattern:INVALID]",HUMAN_REVIEW_REQUIRED,NO_SINGLE_EXACT_RULE_MATCHED_EVERY_EVENT;HUMAN_REVIEW_RETAINED,false,false,false
COVAPIE_CYS_SG_EVENT_V1:1F4D:B:CYS:143-:SG:I:TP2:S1,COVAPIE_BULK_REVIEW_UNIT_C750E9F706F9E0AF,1F4D,TP2,UNREVIEWED,,NEG_V1_TS_DUMP_CATALYTIC_ADDUCT_EXACT,NOT_MATCHED,"PREDICATE_MISMATCH:exact_ccd_component_graph_sha256,exact_ligand_reactive_atom,exact_ligand_reactive_element,exact_radius1_sha256,exact_radius2_sha256",HUMAN_REVIEW_REQUIRED,NO_SINGLE_EXACT_RULE_MATCHED_EVERY_EVENT;HUMAN_REVIEW_RETAINED,false,false,false
COVAPIE_CYS_SG_EVENT_V1:1F4D:B:CYS:143-:SG:I:TP2:S1,COVAPIE_BULK_REVIEW_UNIT_C750E9F706F9E0AF,1F4D,TP2,UNREVIEWED,,NEG_V2_DTT_CRYSTALLIZATION_REDUCING_ADDUCT_EXACT,NOT_MATCHED,"PREDICATE_MISMATCH:exact_1fvg_reagent_protein_context,exact_1fvg_source_structure_context,exact_dtt_component_graph_sha256,exact_dtt_component_identity,structured_source_boundary;UNAVAILABLE_OR_MALFORMED:exact_dtt_heavy_identity_and_charge[outcome.ccd_formal_charge_pattern:INVALID]",HUMAN_REVIEW_REQUIRED,NO_SINGLE_EXACT_RULE_MATCHED_EVERY_EVENT;HUMAN_REVIEW_RETAINED,false,false,false
COVAPIE_CYS_SG_EVENT_V1:1F8M:A:CYS:191-:SG:F:PYR:CB,COVAPIE_BULK_REVIEW_UNIT_EB7468B0711B37A4,1F8M,PYR,UNREVIEWED,,NEG_V1_TS_DUMP_CATALYTIC_ADDUCT_EXACT,NOT_MATCHED,"PREDICATE_MISMATCH:exact_ccd_component_graph_sha256,exact_ligand_reactive_atom,exact_radius1_sha256,exact_radius2_sha256,exact_ts_family_accession_sequence_key",HUMAN_REVIEW_REQUIRED,NO_SINGLE_EXACT_RULE_MATCHED_EVERY_EVENT;HUMAN_REVIEW_RETAINED,false,false,false
COVAPIE_CYS_SG_EVENT_V1:1F8M:A:CYS:191-:SG:F:PYR:CB,COVAPIE_BULK_REVIEW_UNIT_EB7468B0711B37A4,1F8M,PYR,UNREVIEWED,,NEG_V2_DTT_CRYSTALLIZATION_REDUCING_ADDUCT_EXACT,NOT_MATCHED,"PREDICATE_MISMATCH:automorphism_derived_dtt_sulfur_endpoint,exact_1fvg_reagent_protein_context,exact_1fvg_source_structure_context,exact_dtt_component_graph_sha256,exact_dtt_component_identity,exact_ligand_reactive_element,exact_local_topology,exact_radius1_sha256,exact_radius2_sha256;UNAVAILABLE_OR_MALFORMED:exact_dtt_heavy_identity_and_charge[outcome.ccd_formal_charge_pattern:INVALID]",HUMAN_REVIEW_REQUIRED,NO_SINGLE_EXACT_RULE_MATCHED_EVERY_EVENT;HUMAN_REVIEW_RETAINED,false,false,false
COVAPIE_CYS_SG_EVENT_V1:1F8M:B:CYS:191-:SG:H:PYR:CB,COVAPIE_BULK_REVIEW_UNIT_EB7468B0711B37A4,1F8M,PYR,UNREVIEWED,,NEG_V1_TS_DUMP_CATALYTIC_ADDUCT_EXACT,NOT_MATCHED,"PREDICATE_MISMATCH:exact_ccd_component_graph_sha256,exact_ligand_reactive_atom,exact_radius1_sha256,exact_radius2_sha256,exact_ts_family_accession_sequence_key",HUMAN_REVIEW_REQUIRED,NO_SINGLE_EXACT_RULE_MATCHED_EVERY_EVENT;HUMAN_REVIEW_RETAINED,false,false,false
COVAPIE_CYS_SG_EVENT_V1:1F8M:B:CYS:191-:SG:H:PYR:CB,COVAPIE_BULK_REVIEW_UNIT_EB7468B0711B37A4,1F8M,PYR,UNREVIEWED,,NEG_V2_DTT_CRYSTALLIZATION_REDUCING_ADDUCT_EXACT,NOT_MATCHED,"PREDICATE_MISMATCH:automorphism_derived_dtt_sulfur_endpoint,exact_1fvg_reagent_protein_context,exact_1fvg_source_structure_context,exact_dtt_component_graph_sha256,exact_dtt_component_identity,exact_ligand_reactive_element,exact_local_topology,exact_radius1_sha256,exact_radius2_sha256;UNAVAILABLE_OR_MALFORMED:exact_dtt_heavy_identity_and_charge[outcome.ccd_formal_charge_pattern:INVALID]",HUMAN_REVIEW_REQUIRED,NO_SINGLE_EXACT_RULE_MATCHED_EVERY_EVENT;HUMAN_REVIEW_RETAINED,false,false,false
COVAPIE_CYS_SG_EVENT_V1:1F8M:C:CYS:191-:SG:J:PYR:CB,COVAPIE_BULK_REVIEW_UNIT_EB7468B0711B37A4,1F8M,PYR,UNREVIEWED,,NEG_V1_TS_DUMP_CATALYTIC_ADDUCT_EXACT,NOT_MATCHED,"PREDICATE_MISMATCH:exact_ccd_component_graph_sha256,exact_ligand_reactive_atom,exact_radius1_sha256,exact_radius2_sha256,exact_ts_family_accession_sequence_key",HUMAN_REVIEW_REQUIRED,NO_SINGLE_EXACT_RULE_MATCHED_EVERY_EVENT;HUMAN_REVIEW_RETAINED,false,false,false
COVAPIE_CYS_SG_EVENT_V1:1F8M:C:CYS:191-:SG:J:PYR:CB,COVAPIE_BULK_REVIEW_UNIT_EB7468B0711B37A4,1F8M,PYR,UNREVIEWED,,NEG_V2_DTT_CRYSTALLIZATION_REDUCING_ADDUCT_EXACT,NOT_MATCHED,"PREDICATE_MISMATCH:automorphism_derived_dtt_sulfur_endpoint,exact_1fvg_reagent_protein_context,exact_1fvg_source_structure_context,exact_dtt_component_graph_sha256,exact_dtt_component_identity,exact_ligand_reactive_element,exact_local_topology,exact_radius1_sha256,exact_radius2_sha256;UNAVAILABLE_OR_MALFORMED:exact_dtt_heavy_identity_and_charge[outcome.ccd_formal_charge_pattern:INVALID]",HUMAN_REVIEW_REQUIRED,NO_SINGLE_EXACT_RULE_MATCHED_EVERY_EVENT;HUMAN_REVIEW_RETAINED,false,false,false
COVAPIE_CYS_SG_EVENT_V1:1F8M:D:CYS:191-:SG:L:PYR:CB,COVAPIE_BULK_REVIEW_UNIT_EB7468B0711B37A4,1F8M,PYR,UNREVIEWED,,NEG_V1_TS_DUMP_CATALYTIC_ADDUCT_EXACT,NOT_MATCHED,"PREDICATE_MISMATCH:exact_ccd_component_graph_sha256,exact_ligand_reactive_atom,exact_radius1_sha256,exact_radius2_sha256,exact_ts_family_accession_sequence_key",HUMAN_REVIEW_REQUIRED,NO_SINGLE_EXACT_RULE_MATCHED_EVERY_EVENT;HUMAN_REVIEW_RETAINED,false,false,false
COVAPIE_CYS_SG_EVENT_V1:1F8M:D:CYS:191-:SG:L:PYR:CB,COVAPIE_BULK_REVIEW_UNIT_EB7468B0711B37A4,1F8M,PYR,UNREVIEWED,,NEG_V2_DTT_CRYSTALLIZATION_REDUCING_ADDUCT_EXACT,NOT_MATCHED,"PREDICATE_MISMATCH:automorphism_derived_dtt_sulfur_endpoint,exact_1fvg_reagent_protein_context,exact_1fvg_source_structure_context,exact_dtt_component_graph_sha256,exact_dtt_component_identity,exact_ligand_reactive_element,exact_local_topology,exact_radius1_sha256,exact_radius2_sha256;UNAVAILABLE_OR_MALFORMED:exact_dtt_heavy_identity_and_charge[outcome.ccd_formal_charge_pattern:INVALID]",HUMAN_REVIEW_REQUIRED,NO_SINGLE_EXACT_RULE_MATCHED_EVERY_EVENT;HUMAN_REVIEW_RETAINED,false,false,false
COVAPIE_CYS_SG_EVENT_V1:1FJ8:A:CYS:163-:SG:E:CER:C2,COVAPIE_BULK_REVIEW_UNIT_946339D19F961B4A,1FJ8,CER,UNREVIEWED,,NEG_V1_TS_DUMP_CATALYTIC_ADDUCT_EXACT,NOT_MATCHED,"PREDICATE_MISMATCH:exact_ccd_component_graph_sha256,exact_ligand_reactive_atom,exact_radius1_sha256,exact_radius2_sha256,exact_ts_family_accession_sequence_key",HUMAN_REVIEW_REQUIRED,NO_SINGLE_EXACT_RULE_MATCHED_EVERY_EVENT;HUMAN_REVIEW_RETAINED,false,false,false
COVAPIE_CYS_SG_EVENT_V1:1FJ8:A:CYS:163-:SG:E:CER:C2,COVAPIE_BULK_REVIEW_UNIT_946339D19F961B4A,1FJ8,CER,UNREVIEWED,,NEG_V2_DTT_CRYSTALLIZATION_REDUCING_ADDUCT_EXACT,NOT_MATCHED,"PREDICATE_MISMATCH:automorphism_derived_dtt_sulfur_endpoint,exact_1fvg_reagent_protein_context,exact_1fvg_source_structure_context,exact_dtt_component_graph_sha256,exact_dtt_component_identity,exact_ligand_reactive_element,exact_local_topology,exact_radius1_sha256,exact_radius2_sha256;UNAVAILABLE_OR_MALFORMED:exact_dtt_heavy_identity_and_charge[outcome.ccd_formal_charge_pattern:INVALID]",HUMAN_REVIEW_REQUIRED,NO_SINGLE_EXACT_RULE_MATCHED_EVERY_EVENT;HUMAN_REVIEW_RETAINED,false,false,false
COVAPIE_CYS_SG_EVENT_V1:1FJ8:B:CYS:163-:SG:F:CER:C2,COVAPIE_BULK_REVIEW_UNIT_946339D19F961B4A,1FJ8,CER,UNREVIEWED,,NEG_V1_TS_DUMP_CATALYTIC_ADDUCT_EXACT,NOT_MATCHED,"PREDICATE_MISMATCH:exact_ccd_component_graph_sha256,exact_ligand_reactive_atom,exact_radius1_sha256,exact_radius2_sha256,exact_ts_family_accession_sequence_key",HUMAN_REVIEW_REQUIRED,NO_SINGLE_EXACT_RULE_MATCHED_EVERY_EVENT;HUMAN_REVIEW_RETAINED,false,false,false
COVAPIE_CYS_SG_EVENT_V1:1FJ8:B:CYS:163-:SG:F:CER:C2,COVAPIE_BULK_REVIEW_UNIT_946339D19F961B4A,1FJ8,CER,UNREVIEWED,,NEG_V2_DTT_CRYSTALLIZATION_REDUCING_ADDUCT_EXACT,NOT_MATCHED,"PREDICATE_MISMATCH:automorphism_derived_dtt_sulfur_endpoint,exact_1fvg_reagent_protein_context,exact_1fvg_source_structure_context,exact_dtt_component_graph_sha256,exact_dtt_component_identity,exact_ligand_reactive_element,exact_local_topology,exact_radius1_sha256,exact_radius2_sha256;UNAVAILABLE_OR_MALFORMED:exact_dtt_heavy_identity_and_charge[outcome.ccd_formal_charge_pattern:INVALID]",HUMAN_REVIEW_REQUIRED,NO_SINGLE_EXACT_RULE_MATCHED_EVERY_EVENT;HUMAN_REVIEW_RETAINED,false,false,false
COVAPIE_CYS_SG_EVENT_V1:1FJ8:C:CYS:163-:SG:G:CER:C2,COVAPIE_BULK_REVIEW_UNIT_946339D19F961B4A,1FJ8,CER,UNREVIEWED,,NEG_V1_TS_DUMP_CATALYTIC_ADDUCT_EXACT,NOT_MATCHED,"PREDICATE_MISMATCH:exact_ccd_component_graph_sha256,exact_ligand_reactive_atom,exact_radius1_sha256,exact_radius2_sha256,exact_ts_family_accession_sequence_key",HUMAN_REVIEW_REQUIRED,NO_SINGLE_EXACT_RULE_MATCHED_EVERY_EVENT;HUMAN_REVIEW_RETAINED,false,false,false
COVAPIE_CYS_SG_EVENT_V1:1FJ8:C:CYS:163-:SG:G:CER:C2,COVAPIE_BULK_REVIEW_UNIT_946339D19F961B4A,1FJ8,CER,UNREVIEWED,,NEG_V2_DTT_CRYSTALLIZATION_REDUCING_ADDUCT_EXACT,NOT_MATCHED,"PREDICATE_MISMATCH:automorphism_derived_dtt_sulfur_endpoint,exact_1fvg_reagent_protein_context,exact_1fvg_source_structure_context,exact_dtt_component_graph_sha256,exact_dtt_component_identity,exact_ligand_reactive_element,exact_local_topology,exact_radius1_sha256,exact_radius2_sha256;UNAVAILABLE_OR_MALFORMED:exact_dtt_heavy_identity_and_charge[outcome.ccd_formal_charge_pattern:INVALID]",HUMAN_REVIEW_REQUIRED,NO_SINGLE_EXACT_RULE_MATCHED_EVERY_EVENT;HUMAN_REVIEW_RETAINED,false,false,false
COVAPIE_CYS_SG_EVENT_V1:1FJ8:D:CYS:163-:SG:H:CER:C2,COVAPIE_BULK_REVIEW_UNIT_946339D19F961B4A,1FJ8,CER,UNREVIEWED,,NEG_V1_TS_DUMP_CATALYTIC_ADDUCT_EXACT,NOT_MATCHED,"PREDICATE_MISMATCH:exact_ccd_component_graph_sha256,exact_ligand_reactive_atom,exact_radius1_sha256,exact_radius2_sha256,exact_ts_family_accession_sequence_key",HUMAN_REVIEW_REQUIRED,NO_SINGLE_EXACT_RULE_MATCHED_EVERY_EVENT;HUMAN_REVIEW_RETAINED,false,false,false
COVAPIE_CYS_SG_EVENT_V1:1FJ8:D:CYS:163-:SG:H:CER:C2,COVAPIE_BULK_REVIEW_UNIT_946339D19F961B4A,1FJ8,CER,UNREVIEWED,,NEG_V2_DTT_CRYSTALLIZATION_REDUCING_ADDUCT_EXACT,NOT_MATCHED,"PREDICATE_MISMATCH:automorphism_derived_dtt_sulfur_endpoint,exact_1fvg_reagent_protein_context,exact_1fvg_source_structure_context,exact_dtt_component_graph_sha256,exact_dtt_component_identity,exact_ligand_reactive_element,exact_local_topology,exact_radius1_sha256,exact_radius2_sha256;UNAVAILABLE_OR_MALFORMED:exact_dtt_heavy_identity_and_charge[outcome.ccd_formal_charge_pattern:INVALID]",HUMAN_REVIEW_REQUIRED,NO_SINGLE_EXACT_RULE_MATCHED_EVERY_EVENT;HUMAN_REVIEW_RETAINED,false,false,false
COVAPIE_CYS_SG_EVENT_V1:1FVG:A:CYS:218-:SG:B:DTT:S4,COVAPIE_BULK_REVIEW_UNIT_2EBCD325E1CD2081,1FVG,DTT,COMPLETED,NOT_RELEVANT_TO_COVAPIE_SMALL_MOLECULE_TASK,NEG_V1_TS_DUMP_CATALYTIC_ADDUCT_EXACT,NOT_MATCHED,"PREDICATE_MISMATCH:exact_ccd_component_graph_sha256,exact_ligand_reactive_atom,exact_ligand_reactive_element,exact_radius1_sha256,exact_radius2_sha256,exact_ts_family_accession_sequence_key",HUMAN_NOT_RELEVANT_FINAL,CURRENT_HUMAN_NOT_RELEVANT_DECISION_HAS_SECOND_PRECEDENCE,true,false,false
COVAPIE_CYS_SG_EVENT_V1:1FVG:A:CYS:218-:SG:B:DTT:S4,COVAPIE_BULK_REVIEW_UNIT_2EBCD325E1CD2081,1FVG,DTT,COMPLETED,NOT_RELEVANT_TO_COVAPIE_SMALL_MOLECULE_TASK,NEG_V2_DTT_CRYSTALLIZATION_REDUCING_ADDUCT_EXACT,MATCHED_AUTO_NEGATIVE_EXACT,ALL_EXACT_PREDICATES_MATCHED,HUMAN_NOT_RELEVANT_FINAL,CURRENT_HUMAN_NOT_RELEVANT_DECISION_HAS_SECOND_PRECEDENCE,true,false,false
COVAPIE_CYS_SG_EVENT_V1:1FVG:A:CYS:72-:SG:B:DTT:S1,COVAPIE_BULK_REVIEW_UNIT_A3782D89BDEF47C1,1FVG,DTT,UNREVIEWED,,NEG_V1_TS_DUMP_CATALYTIC_ADDUCT_EXACT,NOT_MATCHED,"PREDICATE_MISMATCH:exact_ccd_component_graph_sha256,exact_ligand_reactive_atom,exact_ligand_reactive_element,exact_radius1_sha256,exact_radius2_sha256,exact_ts_family_accession_sequence_key",AUTO_NEGATIVE_EXACT_FINAL,EVERY_EVENT_IN_UNIT_MATCHED_SAME_EXACT_RULE_WITHOUT_OVERRIDE,false,true,false
COVAPIE_CYS_SG_EVENT_V1:1FVG:A:CYS:72-:SG:B:DTT:S1,COVAPIE_BULK_REVIEW_UNIT_A3782D89BDEF47C1,1FVG,DTT,UNREVIEWED,,NEG_V2_DTT_CRYSTALLIZATION_REDUCING_ADDUCT_EXACT,MATCHED_AUTO_NEGATIVE_EXACT,ALL_EXACT_PREDICATES_MATCHED,AUTO_NEGATIVE_EXACT_FINAL,EVERY_EVENT_IN_UNIT_MATCHED_SAME_EXACT_RULE_WITHOUT_OVERRIDE,false,true,false
COVAPIE_CYS_SG_EVENT_V1:1GSN:A:CYS:58-:SG:D:GSH:SG2,COVAPIE_BULK_REVIEW_UNIT_53F40FB515D7D1DF,1GSN,GSH,COMPLETED,NOT_RELEVANT_TO_COVAPIE_SMALL_MOLECULE_TASK,NEG_V1_TS_DUMP_CATALYTIC_ADDUCT_EXACT,NOT_MATCHED,"PREDICATE_MISMATCH:exact_ccd_component_graph_sha256,exact_ligand_reactive_atom,exact_ligand_reactive_element,exact_radius1_sha256,exact_radius2_sha256,exact_ts_family_accession_sequence_key",HUMAN_NOT_RELEVANT_FINAL,CURRENT_HUMAN_NOT_RELEVANT_DECISION_HAS_SECOND_PRECEDENCE,true,false,false
COVAPIE_CYS_SG_EVENT_V1:1GSN:A:CYS:58-:SG:D:GSH:SG2,COVAPIE_BULK_REVIEW_UNIT_53F40FB515D7D1DF,1GSN,GSH,COMPLETED,NOT_RELEVANT_TO_COVAPIE_SMALL_MOLECULE_TASK,NEG_V2_DTT_CRYSTALLIZATION_REDUCING_ADDUCT_EXACT,NOT_MATCHED,"PREDICATE_MISMATCH:automorphism_derived_dtt_sulfur_endpoint,exact_1fvg_reagent_protein_context,exact_1fvg_source_structure_context,exact_dtt_component_graph_sha256,exact_dtt_component_identity,structured_source_boundary;UNAVAILABLE_OR_MALFORMED:exact_dtt_heavy_identity_and_charge[outcome.ccd_formal_charge_pattern:INVALID]",HUMAN_NOT_RELEVANT_FINAL,CURRENT_HUMAN_NOT_RELEVANT_DECISION_HAS_SECOND_PRECEDENCE,true,false,false
COVAPIE_CYS_SG_EVENT_V1:1HVY:A:CYS:195-:SG:F:UMP:C6,COVAPIE_BULK_REVIEW_UNIT_EB1C0FF8712C32A9,1HVY,UMP,UNREVIEWED,,NEG_V1_TS_DUMP_CATALYTIC_ADDUCT_EXACT,MATCHED_AUTO_NEGATIVE_EXACT,ALL_EXACT_PREDICATES_MATCHED,AUTO_NEGATIVE_EXACT_FINAL,EVERY_EVENT_IN_UNIT_MATCHED_SAME_EXACT_RULE_WITHOUT_OVERRIDE,false,true,false
COVAPIE_CYS_SG_EVENT_V1:1HVY:A:CYS:195-:SG:F:UMP:C6,COVAPIE_BULK_REVIEW_UNIT_EB1C0FF8712C32A9,1HVY,UMP,UNREVIEWED,,NEG_V2_DTT_CRYSTALLIZATION_REDUCING_ADDUCT_EXACT,NOT_MATCHED,"PREDICATE_MISMATCH:automorphism_derived_dtt_sulfur_endpoint,exact_1fvg_reagent_protein_context,exact_1fvg_source_structure_context,exact_dtt_component_graph_sha256,exact_dtt_component_identity,exact_ligand_reactive_element,exact_local_topology,exact_radius1_sha256,exact_radius2_sha256,structured_source_boundary;UNAVAILABLE_OR_MALFORMED:exact_dtt_heavy_identity_and_charge[outcome.ccd_formal_charge_pattern:INVALID]",AUTO_NEGATIVE_EXACT_FINAL,EVERY_EVENT_IN_UNIT_MATCHED_SAME_EXACT_RULE_WITHOUT_OVERRIDE,false,true,false
COVAPIE_CYS_SG_EVENT_V1:1HVY:B:CYS:195-:SG:I:UMP:C6,COVAPIE_BULK_REVIEW_UNIT_EB1C0FF8712C32A9,1HVY,UMP,UNREVIEWED,,NEG_V1_TS_DUMP_CATALYTIC_ADDUCT_EXACT,MATCHED_AUTO_NEGATIVE_EXACT,ALL_EXACT_PREDICATES_MATCHED,AUTO_NEGATIVE_EXACT_FINAL,EVERY_EVENT_IN_UNIT_MATCHED_SAME_EXACT_RULE_WITHOUT_OVERRIDE,false,true,false
COVAPIE_CYS_SG_EVENT_V1:1HVY:B:CYS:195-:SG:I:UMP:C6,COVAPIE_BULK_REVIEW_UNIT_EB1C0FF8712C32A9,1HVY,UMP,UNREVIEWED,,NEG_V2_DTT_CRYSTALLIZATION_REDUCING_ADDUCT_EXACT,NOT_MATCHED,"PREDICATE_MISMATCH:automorphism_derived_dtt_sulfur_endpoint,exact_1fvg_reagent_protein_context,exact_1fvg_source_structure_context,exact_dtt_component_graph_sha256,exact_dtt_component_identity,exact_ligand_reactive_element,exact_local_topology,exact_radius1_sha256,exact_radius2_sha256,structured_source_boundary;UNAVAILABLE_OR_MALFORMED:exact_dtt_heavy_identity_and_charge[outcome.ccd_formal_charge_pattern:INVALID]",AUTO_NEGATIVE_EXACT_FINAL,EVERY_EVENT_IN_UNIT_MATCHED_SAME_EXACT_RULE_WITHOUT_OVERRIDE,false,true,false
COVAPIE_CYS_SG_EVENT_V1:1HVY:C:CYS:195-:SG:L:UMP:C6,COVAPIE_BULK_REVIEW_UNIT_EB1C0FF8712C32A9,1HVY,UMP,UNREVIEWED,,NEG_V1_TS_DUMP_CATALYTIC_ADDUCT_EXACT,MATCHED_AUTO_NEGATIVE_EXACT,ALL_EXACT_PREDICATES_MATCHED,AUTO_NEGATIVE_EXACT_FINAL,EVERY_EVENT_IN_UNIT_MATCHED_SAME_EXACT_RULE_WITHOUT_OVERRIDE,false,true,false
COVAPIE_CYS_SG_EVENT_V1:1HVY:C:CYS:195-:SG:L:UMP:C6,COVAPIE_BULK_REVIEW_UNIT_EB1C0FF8712C32A9,1HVY,UMP,UNREVIEWED,,NEG_V2_DTT_CRYSTALLIZATION_REDUCING_ADDUCT_EXACT,NOT_MATCHED,"PREDICATE_MISMATCH:automorphism_derived_dtt_sulfur_endpoint,exact_1fvg_reagent_protein_context,exact_1fvg_source_structure_context,exact_dtt_component_graph_sha256,exact_dtt_component_identity,exact_ligand_reactive_element,exact_local_topology,exact_radius1_sha256,exact_radius2_sha256,structured_source_boundary;UNAVAILABLE_OR_MALFORMED:exact_dtt_heavy_identity_and_charge[outcome.ccd_formal_charge_pattern:INVALID]",AUTO_NEGATIVE_EXACT_FINAL,EVERY_EVENT_IN_UNIT_MATCHED_SAME_EXACT_RULE_WITHOUT_OVERRIDE,false,true,false
COVAPIE_CYS_SG_EVENT_V1:1HVY:D:CYS:195-:SG:O:UMP:C6,COVAPIE_BULK_REVIEW_UNIT_EB1C0FF8712C32A9,1HVY,UMP,UNREVIEWED,,NEG_V1_TS_DUMP_CATALYTIC_ADDUCT_EXACT,MATCHED_AUTO_NEGATIVE_EXACT,ALL_EXACT_PREDICATES_MATCHED,AUTO_NEGATIVE_EXACT_FINAL,EVERY_EVENT_IN_UNIT_MATCHED_SAME_EXACT_RULE_WITHOUT_OVERRIDE,false,true,false
COVAPIE_CYS_SG_EVENT_V1:1HVY:D:CYS:195-:SG:O:UMP:C6,COVAPIE_BULK_REVIEW_UNIT_EB1C0FF8712C32A9,1HVY,UMP,UNREVIEWED,,NEG_V2_DTT_CRYSTALLIZATION_REDUCING_ADDUCT_EXACT,NOT_MATCHED,"PREDICATE_MISMATCH:automorphism_derived_dtt_sulfur_endpoint,exact_1fvg_reagent_protein_context,exact_1fvg_source_structure_context,exact_dtt_component_graph_sha256,exact_dtt_component_identity,exact_ligand_reactive_element,exact_local_topology,exact_radius1_sha256,exact_radius2_sha256,structured_source_boundary;UNAVAILABLE_OR_MALFORMED:exact_dtt_heavy_identity_and_charge[outcome.ccd_formal_charge_pattern:INVALID]",AUTO_NEGATIVE_EXACT_FINAL,EVERY_EVENT_IN_UNIT_MATCHED_SAME_EXACT_RULE_WITHOUT_OVERRIDE,false,true,false
COVAPIE_CYS_SG_EVENT_V1:1JR1:A:CYS:331-:SG:D:IMP:C2,COVAPIE_BULK_REVIEW_UNIT_AAFC22DB88292B60,1JR1,IMP,UNREVIEWED,,NEG_V1_TS_DUMP_CATALYTIC_ADDUCT_EXACT,NOT_MATCHED,"PREDICATE_MISMATCH:exact_ccd_component_graph_sha256,exact_ligand_reactive_atom,exact_radius1_sha256,exact_radius2_sha256,exact_ts_family_accession_sequence_key",HUMAN_REVIEW_REQUIRED,NO_SINGLE_EXACT_RULE_MATCHED_EVERY_EVENT;HUMAN_REVIEW_RETAINED,false,false,false
COVAPIE_CYS_SG_EVENT_V1:1JR1:A:CYS:331-:SG:D:IMP:C2,COVAPIE_BULK_REVIEW_UNIT_AAFC22DB88292B60,1JR1,IMP,UNREVIEWED,,NEG_V2_DTT_CRYSTALLIZATION_REDUCING_ADDUCT_EXACT,NOT_MATCHED,"PREDICATE_MISMATCH:automorphism_derived_dtt_sulfur_endpoint,exact_1fvg_reagent_protein_context,exact_1fvg_source_structure_context,exact_dtt_component_graph_sha256,exact_dtt_component_identity,exact_ligand_reactive_element,exact_local_topology,exact_radius1_sha256,exact_radius2_sha256;UNAVAILABLE_OR_MALFORMED:exact_dtt_heavy_identity_and_charge[outcome.ccd_formal_charge_pattern:INVALID]",HUMAN_REVIEW_REQUIRED,NO_SINGLE_EXACT_RULE_MATCHED_EVERY_EVENT;HUMAN_REVIEW_RETAINED,false,false,false
COVAPIE_CYS_SG_EVENT_V1:1JTQ:A:CYS:146-:SG:C:UMP:C6,COVAPIE_BULK_REVIEW_UNIT_EB1C0FF8712C32A9,1JTQ,UMP,UNREVIEWED,,NEG_V1_TS_DUMP_CATALYTIC_ADDUCT_EXACT,MATCHED_AUTO_NEGATIVE_EXACT,ALL_EXACT_PREDICATES_MATCHED,AUTO_NEGATIVE_EXACT_FINAL,EVERY_EVENT_IN_UNIT_MATCHED_SAME_EXACT_RULE_WITHOUT_OVERRIDE,false,true,false
COVAPIE_CYS_SG_EVENT_V1:1JTQ:A:CYS:146-:SG:C:UMP:C6,COVAPIE_BULK_REVIEW_UNIT_EB1C0FF8712C32A9,1JTQ,UMP,UNREVIEWED,,NEG_V2_DTT_CRYSTALLIZATION_REDUCING_ADDUCT_EXACT,NOT_MATCHED,"PREDICATE_MISMATCH:automorphism_derived_dtt_sulfur_endpoint,exact_1fvg_reagent_protein_context,exact_1fvg_source_structure_context,exact_dtt_component_graph_sha256,exact_dtt_component_identity,exact_ligand_reactive_element,exact_local_topology,exact_radius1_sha256,exact_radius2_sha256,structured_source_boundary;UNAVAILABLE_OR_MALFORMED:exact_dtt_heavy_identity_and_charge[outcome.ccd_formal_charge_pattern:INVALID]",AUTO_NEGATIVE_EXACT_FINAL,EVERY_EVENT_IN_UNIT_MATCHED_SAME_EXACT_RULE_WITHOUT_OVERRIDE,false,true,false
COVAPIE_CYS_SG_EVENT_V1:1JTQ:B:CYS:146-:SG:E:UMP:C6,COVAPIE_BULK_REVIEW_UNIT_EB1C0FF8712C32A9,1JTQ,UMP,UNREVIEWED,,NEG_V1_TS_DUMP_CATALYTIC_ADDUCT_EXACT,MATCHED_AUTO_NEGATIVE_EXACT,ALL_EXACT_PREDICATES_MATCHED,AUTO_NEGATIVE_EXACT_FINAL,EVERY_EVENT_IN_UNIT_MATCHED_SAME_EXACT_RULE_WITHOUT_OVERRIDE,false,true,false
COVAPIE_CYS_SG_EVENT_V1:1JTQ:B:CYS:146-:SG:E:UMP:C6,COVAPIE_BULK_REVIEW_UNIT_EB1C0FF8712C32A9,1JTQ,UMP,UNREVIEWED,,NEG_V2_DTT_CRYSTALLIZATION_REDUCING_ADDUCT_EXACT,NOT_MATCHED,"PREDICATE_MISMATCH:automorphism_derived_dtt_sulfur_endpoint,exact_1fvg_reagent_protein_context,exact_1fvg_source_structure_context,exact_dtt_component_graph_sha256,exact_dtt_component_identity,exact_ligand_reactive_element,exact_local_topology,exact_radius1_sha256,exact_radius2_sha256,structured_source_boundary;UNAVAILABLE_OR_MALFORMED:exact_dtt_heavy_identity_and_charge[outcome.ccd_formal_charge_pattern:INVALID]",AUTO_NEGATIVE_EXACT_FINAL,EVERY_EVENT_IN_UNIT_MATCHED_SAME_EXACT_RULE_WITHOUT_OVERRIDE,false,true,false
COVAPIE_CYS_SG_EVENT_V1:1JTU:A:CYS:146-:SG:C:UMP:C6,COVAPIE_BULK_REVIEW_UNIT_EB1C0FF8712C32A9,1JTU,UMP,UNREVIEWED,,NEG_V1_TS_DUMP_CATALYTIC_ADDUCT_EXACT,MATCHED_AUTO_NEGATIVE_EXACT,ALL_EXACT_PREDICATES_MATCHED,AUTO_NEGATIVE_EXACT_FINAL,EVERY_EVENT_IN_UNIT_MATCHED_SAME_EXACT_RULE_WITHOUT_OVERRIDE,false,true,false
COVAPIE_CYS_SG_EVENT_V1:1JTU:A:CYS:146-:SG:C:UMP:C6,COVAPIE_BULK_REVIEW_UNIT_EB1C0FF8712C32A9,1JTU,UMP,UNREVIEWED,,NEG_V2_DTT_CRYSTALLIZATION_REDUCING_ADDUCT_EXACT,NOT_MATCHED,"PREDICATE_MISMATCH:automorphism_derived_dtt_sulfur_endpoint,exact_1fvg_reagent_protein_context,exact_1fvg_source_structure_context,exact_dtt_component_graph_sha256,exact_dtt_component_identity,exact_ligand_reactive_element,exact_local_topology,exact_radius1_sha256,exact_radius2_sha256,structured_source_boundary;UNAVAILABLE_OR_MALFORMED:exact_dtt_heavy_identity_and_charge[outcome.ccd_formal_charge_pattern:INVALID]",AUTO_NEGATIVE_EXACT_FINAL,EVERY_EVENT_IN_UNIT_MATCHED_SAME_EXACT_RULE_WITHOUT_OVERRIDE,false,true,false
COVAPIE_CYS_SG_EVENT_V1:1JTU:B:CYS:146-:SG:E:UMP:C6,COVAPIE_BULK_REVIEW_UNIT_EB1C0FF8712C32A9,1JTU,UMP,UNREVIEWED,,NEG_V1_TS_DUMP_CATALYTIC_ADDUCT_EXACT,MATCHED_AUTO_NEGATIVE_EXACT,ALL_EXACT_PREDICATES_MATCHED,AUTO_NEGATIVE_EXACT_FINAL,EVERY_EVENT_IN_UNIT_MATCHED_SAME_EXACT_RULE_WITHOUT_OVERRIDE,false,true,false
COVAPIE_CYS_SG_EVENT_V1:1JTU:B:CYS:146-:SG:E:UMP:C6,COVAPIE_BULK_REVIEW_UNIT_EB1C0FF8712C32A9,1JTU,UMP,UNREVIEWED,,NEG_V2_DTT_CRYSTALLIZATION_REDUCING_ADDUCT_EXACT,NOT_MATCHED,"PREDICATE_MISMATCH:automorphism_derived_dtt_sulfur_endpoint,exact_1fvg_reagent_protein_context,exact_1fvg_source_structure_context,exact_dtt_component_graph_sha256,exact_dtt_component_identity,exact_ligand_reactive_element,exact_local_topology,exact_radius1_sha256,exact_radius2_sha256,structured_source_boundary;UNAVAILABLE_OR_MALFORMED:exact_dtt_heavy_identity_and_charge[outcome.ccd_formal_charge_pattern:INVALID]",AUTO_NEGATIVE_EXACT_FINAL,EVERY_EVENT_IN_UNIT_MATCHED_SAME_EXACT_RULE_WITHOUT_OVERRIDE,false,true,false
COVAPIE_CYS_SG_EVENT_V1:1JU6:A:CYS:195-:SG:F:UMP:C6,COVAPIE_BULK_REVIEW_UNIT_EB1C0FF8712C32A9,1JU6,UMP,UNREVIEWED,,NEG_V1_TS_DUMP_CATALYTIC_ADDUCT_EXACT,MATCHED_AUTO_NEGATIVE_EXACT,ALL_EXACT_PREDICATES_MATCHED,AUTO_NEGATIVE_EXACT_FINAL,EVERY_EVENT_IN_UNIT_MATCHED_SAME_EXACT_RULE_WITHOUT_OVERRIDE,false,true,false
COVAPIE_CYS_SG_EVENT_V1:1JU6:A:CYS:195-:SG:F:UMP:C6,COVAPIE_BULK_REVIEW_UNIT_EB1C0FF8712C32A9,1JU6,UMP,UNREVIEWED,,NEG_V2_DTT_CRYSTALLIZATION_REDUCING_ADDUCT_EXACT,NOT_MATCHED,"PREDICATE_MISMATCH:automorphism_derived_dtt_sulfur_endpoint,exact_1fvg_reagent_protein_context,exact_1fvg_source_structure_context,exact_dtt_component_graph_sha256,exact_dtt_component_identity,exact_ligand_reactive_element,exact_local_topology,exact_radius1_sha256,exact_radius2_sha256;UNAVAILABLE_OR_MALFORMED:exact_dtt_heavy_identity_and_charge[outcome.ccd_formal_charge_pattern:INVALID]",AUTO_NEGATIVE_EXACT_FINAL,EVERY_EVENT_IN_UNIT_MATCHED_SAME_EXACT_RULE_WITHOUT_OVERRIDE,false,true,false
COVAPIE_CYS_SG_EVENT_V1:1JU6:B:CYS:195-:SG:H:UMP:C6,COVAPIE_BULK_REVIEW_UNIT_EB1C0FF8712C32A9,1JU6,UMP,UNREVIEWED,,NEG_V1_TS_DUMP_CATALYTIC_ADDUCT_EXACT,MATCHED_AUTO_NEGATIVE_EXACT,ALL_EXACT_PREDICATES_MATCHED,AUTO_NEGATIVE_EXACT_FINAL,EVERY_EVENT_IN_UNIT_MATCHED_SAME_EXACT_RULE_WITHOUT_OVERRIDE,false,true,false
COVAPIE_CYS_SG_EVENT_V1:1JU6:B:CYS:195-:SG:H:UMP:C6,COVAPIE_BULK_REVIEW_UNIT_EB1C0FF8712C32A9,1JU6,UMP,UNREVIEWED,,NEG_V2_DTT_CRYSTALLIZATION_REDUCING_ADDUCT_EXACT,NOT_MATCHED,"PREDICATE_MISMATCH:automorphism_derived_dtt_sulfur_endpoint,exact_1fvg_reagent_protein_context,exact_1fvg_source_structure_context,exact_dtt_component_graph_sha256,exact_dtt_component_identity,exact_ligand_reactive_element,exact_local_topology,exact_radius1_sha256,exact_radius2_sha256;UNAVAILABLE_OR_MALFORMED:exact_dtt_heavy_identity_and_charge[outcome.ccd_formal_charge_pattern:INVALID]",AUTO_NEGATIVE_EXACT_FINAL,EVERY_EVENT_IN_UNIT_MATCHED_SAME_EXACT_RULE_WITHOUT_OVERRIDE,false,true,false
COVAPIE_CYS_SG_EVENT_V1:1JU6:C:CYS:195-:SG:J:UMP:C6,COVAPIE_BULK_REVIEW_UNIT_EB1C0FF8712C32A9,1JU6,UMP,UNREVIEWED,,NEG_V1_TS_DUMP_CATALYTIC_ADDUCT_EXACT,MATCHED_AUTO_NEGATIVE_EXACT,ALL_EXACT_PREDICATES_MATCHED,AUTO_NEGATIVE_EXACT_FINAL,EVERY_EVENT_IN_UNIT_MATCHED_SAME_EXACT_RULE_WITHOUT_OVERRIDE,false,true,false
COVAPIE_CYS_SG_EVENT_V1:1JU6:C:CYS:195-:SG:J:UMP:C6,COVAPIE_BULK_REVIEW_UNIT_EB1C0FF8712C32A9,1JU6,UMP,UNREVIEWED,,NEG_V2_DTT_CRYSTALLIZATION_REDUCING_ADDUCT_EXACT,NOT_MATCHED,"PREDICATE_MISMATCH:automorphism_derived_dtt_sulfur_endpoint,exact_1fvg_reagent_protein_context,exact_1fvg_source_structure_context,exact_dtt_component_graph_sha256,exact_dtt_component_identity,exact_ligand_reactive_element,exact_local_topology,exact_radius1_sha256,exact_radius2_sha256;UNAVAILABLE_OR_MALFORMED:exact_dtt_heavy_identity_and_charge[outcome.ccd_formal_charge_pattern:INVALID]",AUTO_NEGATIVE_EXACT_FINAL,EVERY_EVENT_IN_UNIT_MATCHED_SAME_EXACT_RULE_WITHOUT_OVERRIDE,false,true,false
COVAPIE_CYS_SG_EVENT_V1:1JU6:D:CYS:195-:SG:L:UMP:C6,COVAPIE_BULK_REVIEW_UNIT_EB1C0FF8712C32A9,1JU6,UMP,UNREVIEWED,,NEG_V1_TS_DUMP_CATALYTIC_ADDUCT_EXACT,MATCHED_AUTO_NEGATIVE_EXACT,ALL_EXACT_PREDICATES_MATCHED,AUTO_NEGATIVE_EXACT_FINAL,EVERY_EVENT_IN_UNIT_MATCHED_SAME_EXACT_RULE_WITHOUT_OVERRIDE,false,true,false
COVAPIE_CYS_SG_EVENT_V1:1JU6:D:CYS:195-:SG:L:UMP:C6,COVAPIE_BULK_REVIEW_UNIT_EB1C0FF8712C32A9,1JU6,UMP,UNREVIEWED,,NEG_V2_DTT_CRYSTALLIZATION_REDUCING_ADDUCT_EXACT,NOT_MATCHED,"PREDICATE_MISMATCH:automorphism_derived_dtt_sulfur_endpoint,exact_1fvg_reagent_protein_context,exact_1fvg_source_structure_context,exact_dtt_component_graph_sha256,exact_dtt_component_identity,exact_ligand_reactive_element,exact_local_topology,exact_radius1_sha256,exact_radius2_sha256;UNAVAILABLE_OR_MALFORMED:exact_dtt_heavy_identity_and_charge[outcome.ccd_formal_charge_pattern:INVALID]",AUTO_NEGATIVE_EXACT_FINAL,EVERY_EVENT_IN_UNIT_MATCHED_SAME_EXACT_RULE_WITHOUT_OVERRIDE,false,true,false
COVAPIE_CYS_SG_EVENT_V1:1JUJ:A:CYS:195-:SG:E:UMP:C6,COVAPIE_BULK_REVIEW_UNIT_EB1C0FF8712C32A9,1JUJ,UMP,UNREVIEWED,,NEG_V1_TS_DUMP_CATALYTIC_ADDUCT_EXACT,MATCHED_AUTO_NEGATIVE_EXACT,ALL_EXACT_PREDICATES_MATCHED,AUTO_NEGATIVE_EXACT_FINAL,EVERY_EVENT_IN_UNIT_MATCHED_SAME_EXACT_RULE_WITHOUT_OVERRIDE,false,true,false
COVAPIE_CYS_SG_EVENT_V1:1JUJ:A:CYS:195-:SG:E:UMP:C6,COVAPIE_BULK_REVIEW_UNIT_EB1C0FF8712C32A9,1JUJ,UMP,UNREVIEWED,,NEG_V2_DTT_CRYSTALLIZATION_REDUCING_ADDUCT_EXACT,NOT_MATCHED,"PREDICATE_MISMATCH:automorphism_derived_dtt_sulfur_endpoint,exact_1fvg_reagent_protein_context,exact_1fvg_source_structure_context,exact_dtt_component_graph_sha256,exact_dtt_component_identity,exact_ligand_reactive_element,exact_local_topology,exact_radius1_sha256,exact_radius2_sha256;UNAVAILABLE_OR_MALFORMED:exact_dtt_heavy_identity_and_charge[outcome.ccd_formal_charge_pattern:INVALID]",AUTO_NEGATIVE_EXACT_FINAL,EVERY_EVENT_IN_UNIT_MATCHED_SAME_EXACT_RULE_WITHOUT_OVERRIDE,false,true,false
COVAPIE_CYS_SG_EVENT_V1:1JUJ:B:CYS:195-:SG:G:UMP:C6,COVAPIE_BULK_REVIEW_UNIT_EB1C0FF8712C32A9,1JUJ,UMP,UNREVIEWED,,NEG_V1_TS_DUMP_CATALYTIC_ADDUCT_EXACT,MATCHED_AUTO_NEGATIVE_EXACT,ALL_EXACT_PREDICATES_MATCHED,AUTO_NEGATIVE_EXACT_FINAL,EVERY_EVENT_IN_UNIT_MATCHED_SAME_EXACT_RULE_WITHOUT_OVERRIDE,false,true,false
COVAPIE_CYS_SG_EVENT_V1:1JUJ:B:CYS:195-:SG:G:UMP:C6,COVAPIE_BULK_REVIEW_UNIT_EB1C0FF8712C32A9,1JUJ,UMP,UNREVIEWED,,NEG_V2_DTT_CRYSTALLIZATION_REDUCING_ADDUCT_EXACT,NOT_MATCHED,"PREDICATE_MISMATCH:automorphism_derived_dtt_sulfur_endpoint,exact_1fvg_reagent_protein_context,exact_1fvg_source_structure_context,exact_dtt_component_graph_sha256,exact_dtt_component_identity,exact_ligand_reactive_element,exact_local_topology,exact_radius1_sha256,exact_radius2_sha256;UNAVAILABLE_OR_MALFORMED:exact_dtt_heavy_identity_and_charge[outcome.ccd_formal_charge_pattern:INVALID]",AUTO_NEGATIVE_EXACT_FINAL,EVERY_EVENT_IN_UNIT_MATCHED_SAME_EXACT_RULE_WITHOUT_OVERRIDE,false,true,false
COVAPIE_CYS_SG_EVENT_V1:1JUJ:C:CYS:195-:SG:I:UMP:C6,COVAPIE_BULK_REVIEW_UNIT_EB1C0FF8712C32A9,1JUJ,UMP,UNREVIEWED,,NEG_V1_TS_DUMP_CATALYTIC_ADDUCT_EXACT,MATCHED_AUTO_NEGATIVE_EXACT,ALL_EXACT_PREDICATES_MATCHED,AUTO_NEGATIVE_EXACT_FINAL,EVERY_EVENT_IN_UNIT_MATCHED_SAME_EXACT_RULE_WITHOUT_OVERRIDE,false,true,false
COVAPIE_CYS_SG_EVENT_V1:1JUJ:C:CYS:195-:SG:I:UMP:C6,COVAPIE_BULK_REVIEW_UNIT_EB1C0FF8712C32A9,1JUJ,UMP,UNREVIEWED,,NEG_V2_DTT_CRYSTALLIZATION_REDUCING_ADDUCT_EXACT,NOT_MATCHED,"PREDICATE_MISMATCH:automorphism_derived_dtt_sulfur_endpoint,exact_1fvg_reagent_protein_context,exact_1fvg_source_structure_context,exact_dtt_component_graph_sha256,exact_dtt_component_identity,exact_ligand_reactive_element,exact_local_topology,exact_radius1_sha256,exact_radius2_sha256;UNAVAILABLE_OR_MALFORMED:exact_dtt_heavy_identity_and_charge[outcome.ccd_formal_charge_pattern:INVALID]",AUTO_NEGATIVE_EXACT_FINAL,EVERY_EVENT_IN_UNIT_MATCHED_SAME_EXACT_RULE_WITHOUT_OVERRIDE,false,true,false
COVAPIE_CYS_SG_EVENT_V1:1JUJ:D:CYS:195-:SG:K:UMP:C6,COVAPIE_BULK_REVIEW_UNIT_EB1C0FF8712C32A9,1JUJ,UMP,UNREVIEWED,,NEG_V1_TS_DUMP_CATALYTIC_ADDUCT_EXACT,MATCHED_AUTO_NEGATIVE_EXACT,ALL_EXACT_PREDICATES_MATCHED,AUTO_NEGATIVE_EXACT_FINAL,EVERY_EVENT_IN_UNIT_MATCHED_SAME_EXACT_RULE_WITHOUT_OVERRIDE,false,true,false
COVAPIE_CYS_SG_EVENT_V1:1JUJ:D:CYS:195-:SG:K:UMP:C6,COVAPIE_BULK_REVIEW_UNIT_EB1C0FF8712C32A9,1JUJ,UMP,UNREVIEWED,,NEG_V2_DTT_CRYSTALLIZATION_REDUCING_ADDUCT_EXACT,NOT_MATCHED,"PREDICATE_MISMATCH:automorphism_derived_dtt_sulfur_endpoint,exact_1fvg_reagent_protein_context,exact_1fvg_source_structure_context,exact_dtt_component_graph_sha256,exact_dtt_component_identity,exact_ligand_reactive_element,exact_local_topology,exact_radius1_sha256,exact_radius2_sha256;UNAVAILABLE_OR_MALFORMED:exact_dtt_heavy_identity_and_charge[outcome.ccd_formal_charge_pattern:INVALID]",AUTO_NEGATIVE_EXACT_FINAL,EVERY_EVENT_IN_UNIT_MATCHED_SAME_EXACT_RULE_WITHOUT_OVERRIDE,false,true,false
COVAPIE_CYS_SG_EVENT_V1:1JUT:A:CYS:146-:SG:C:UMP:C6,COVAPIE_BULK_REVIEW_UNIT_EB1C0FF8712C32A9,1JUT,UMP,UNREVIEWED,,NEG_V1_TS_DUMP_CATALYTIC_ADDUCT_EXACT,MATCHED_AUTO_NEGATIVE_EXACT,ALL_EXACT_PREDICATES_MATCHED,AUTO_NEGATIVE_EXACT_FINAL,EVERY_EVENT_IN_UNIT_MATCHED_SAME_EXACT_RULE_WITHOUT_OVERRIDE,false,true,false
COVAPIE_CYS_SG_EVENT_V1:1JUT:A:CYS:146-:SG:C:UMP:C6,COVAPIE_BULK_REVIEW_UNIT_EB1C0FF8712C32A9,1JUT,UMP,UNREVIEWED,,NEG_V2_DTT_CRYSTALLIZATION_REDUCING_ADDUCT_EXACT,NOT_MATCHED,"PREDICATE_MISMATCH:automorphism_derived_dtt_sulfur_endpoint,exact_1fvg_reagent_protein_context,exact_1fvg_source_structure_context,exact_dtt_component_graph_sha256,exact_dtt_component_identity,exact_ligand_reactive_element,exact_local_topology,exact_radius1_sha256,exact_radius2_sha256,structured_source_boundary;UNAVAILABLE_OR_MALFORMED:exact_dtt_heavy_identity_and_charge[outcome.ccd_formal_charge_pattern:INVALID]",AUTO_NEGATIVE_EXACT_FINAL,EVERY_EVENT_IN_UNIT_MATCHED_SAME_EXACT_RULE_WITHOUT_OVERRIDE,false,true,false
COVAPIE_CYS_SG_EVENT_V1:1KEQ:A:CYS:131-:SG:E:4MZ:C4,COVAPIE_BULK_REVIEW_UNIT_90EE047F15B414B4,1KEQ,4MZ,UNREVIEWED,,NEG_V1_TS_DUMP_CATALYTIC_ADDUCT_EXACT,NOT_MATCHED,"PREDICATE_MISMATCH:exact_ccd_component_graph_sha256,exact_ligand_reactive_atom,exact_ts_family_accession_sequence_key;UNAVAILABLE_OR_MALFORMED:exact_radius1_sha256[event.reactive_center_radius1_fingerprint:MISSING],exact_radius2_sha256[event.reactive_center_radius2_fingerprint:MISSING]",HUMAN_REVIEW_REQUIRED,NO_SINGLE_EXACT_RULE_MATCHED_EVERY_EVENT;HUMAN_REVIEW_RETAINED,false,false,false
COVAPIE_CYS_SG_EVENT_V1:1KEQ:A:CYS:131-:SG:E:4MZ:C4,COVAPIE_BULK_REVIEW_UNIT_90EE047F15B414B4,1KEQ,4MZ,UNREVIEWED,,NEG_V2_DTT_CRYSTALLIZATION_REDUCING_ADDUCT_EXACT,NOT_MATCHED,"PREDICATE_MISMATCH:automorphism_derived_dtt_sulfur_endpoint,exact_1fvg_reagent_protein_context,exact_1fvg_source_structure_context,exact_dtt_component_graph_sha256,exact_dtt_component_identity,exact_ligand_reactive_element,structured_source_boundary;UNAVAILABLE_OR_MALFORMED:exact_dtt_heavy_identity_and_charge[outcome.ccd_formal_charge_pattern:INVALID],exact_local_topology[event.local_topology:MISSING],exact_radius1_sha256[event.reactive_center_radius1_fingerprint:MISSING],exact_radius2_sha256[event.reactive_center_radius2_fingerprint:MISSING]",HUMAN_REVIEW_REQUIRED,NO_SINGLE_EXACT_RULE_MATCHED_EVERY_EVENT;HUMAN_REVIEW_RETAINED,false,false,false
COVAPIE_CYS_SG_EVENT_V1:1KEQ:A:CYS:188-:SG:G:4MZ:C4,COVAPIE_BULK_REVIEW_UNIT_90EE047F15B414B4,1KEQ,4MZ,UNREVIEWED,,NEG_V1_TS_DUMP_CATALYTIC_ADDUCT_EXACT,NOT_MATCHED,"PREDICATE_MISMATCH:exact_ccd_component_graph_sha256,exact_ligand_reactive_atom,exact_ts_family_accession_sequence_key;UNAVAILABLE_OR_MALFORMED:exact_radius1_sha256[event.reactive_center_radius1_fingerprint:MISSING],exact_radius2_sha256[event.reactive_center_radius2_fingerprint:MISSING]",HUMAN_REVIEW_REQUIRED,NO_SINGLE_EXACT_RULE_MATCHED_EVERY_EVENT;HUMAN_REVIEW_RETAINED,false,false,false
COVAPIE_CYS_SG_EVENT_V1:1KEQ:A:CYS:188-:SG:G:4MZ:C4,COVAPIE_BULK_REVIEW_UNIT_90EE047F15B414B4,1KEQ,4MZ,UNREVIEWED,,NEG_V2_DTT_CRYSTALLIZATION_REDUCING_ADDUCT_EXACT,NOT_MATCHED,"PREDICATE_MISMATCH:automorphism_derived_dtt_sulfur_endpoint,exact_1fvg_reagent_protein_context,exact_1fvg_source_structure_context,exact_dtt_component_graph_sha256,exact_dtt_component_identity,exact_ligand_reactive_element,structured_source_boundary;UNAVAILABLE_OR_MALFORMED:exact_dtt_heavy_identity_and_charge[outcome.ccd_formal_charge_pattern:INVALID],exact_local_topology[event.local_topology:MISSING],exact_radius1_sha256[event.reactive_center_radius1_fingerprint:MISSING],exact_radius2_sha256[event.reactive_center_radius2_fingerprint:MISSING]",HUMAN_REVIEW_REQUIRED,NO_SINGLE_EXACT_RULE_MATCHED_EVERY_EVENT;HUMAN_REVIEW_RETAINED,false,false,false
COVAPIE_CYS_SG_EVENT_V1:1KEQ:B:CYS:188-:SG:L:4MZ:C4,COVAPIE_BULK_REVIEW_UNIT_90EE047F15B414B4,1KEQ,4MZ,UNREVIEWED,,NEG_V1_TS_DUMP_CATALYTIC_ADDUCT_EXACT,NOT_MATCHED,"PREDICATE_MISMATCH:exact_ccd_component_graph_sha256,exact_ligand_reactive_atom,exact_ts_family_accession_sequence_key;UNAVAILABLE_OR_MALFORMED:exact_radius1_sha256[event.reactive_center_radius1_fingerprint:MISSING],exact_radius2_sha256[event.reactive_center_radius2_fingerprint:MISSING]",HUMAN_REVIEW_REQUIRED,NO_SINGLE_EXACT_RULE_MATCHED_EVERY_EVENT;HUMAN_REVIEW_RETAINED,false,false,false
COVAPIE_CYS_SG_EVENT_V1:1KEQ:B:CYS:188-:SG:L:4MZ:C4,COVAPIE_BULK_REVIEW_UNIT_90EE047F15B414B4,1KEQ,4MZ,UNREVIEWED,,NEG_V2_DTT_CRYSTALLIZATION_REDUCING_ADDUCT_EXACT,NOT_MATCHED,"PREDICATE_MISMATCH:automorphism_derived_dtt_sulfur_endpoint,exact_1fvg_reagent_protein_context,exact_1fvg_source_structure_context,exact_dtt_component_graph_sha256,exact_dtt_component_identity,exact_ligand_reactive_element,structured_source_boundary;UNAVAILABLE_OR_MALFORMED:exact_dtt_heavy_identity_and_charge[outcome.ccd_formal_charge_pattern:INVALID],exact_local_topology[event.local_topology:MISSING],exact_radius1_sha256[event.reactive_center_radius1_fingerprint:MISSING],exact_radius2_sha256[event.reactive_center_radius2_fingerprint:MISSING]",HUMAN_REVIEW_REQUIRED,NO_SINGLE_EXACT_RULE_MATCHED_EVERY_EVENT;HUMAN_REVIEW_RETAINED,false,false,false
COVAPIE_CYS_SG_EVENT_V1:1KWO:A:CYS:693-:SG:F:PDM:CP9,COVAPIE_BULK_REVIEW_UNIT_29BE63EC8EF2392B,1KWO,PDM,UNREVIEWED,,NEG_V1_TS_DUMP_CATALYTIC_ADDUCT_EXACT,NOT_MATCHED,"PREDICATE_MISMATCH:exact_ccd_component_graph_sha256,exact_ligand_reactive_atom,exact_radius1_sha256,exact_radius2_sha256,exact_ts_family_accession_sequence_key",HUMAN_REVIEW_REQUIRED,NO_SINGLE_EXACT_RULE_MATCHED_EVERY_EVENT;HUMAN_REVIEW_RETAINED,false,false,false
COVAPIE_CYS_SG_EVENT_V1:1KWO:A:CYS:693-:SG:F:PDM:CP9,COVAPIE_BULK_REVIEW_UNIT_29BE63EC8EF2392B,1KWO,PDM,UNREVIEWED,,NEG_V2_DTT_CRYSTALLIZATION_REDUCING_ADDUCT_EXACT,NOT_MATCHED,"PREDICATE_MISMATCH:automorphism_derived_dtt_sulfur_endpoint,exact_1fvg_reagent_protein_context,exact_1fvg_source_structure_context,exact_dtt_component_graph_sha256,exact_dtt_component_identity,exact_ligand_reactive_element,exact_local_topology,exact_radius1_sha256,exact_radius2_sha256;UNAVAILABLE_OR_MALFORMED:exact_dtt_heavy_identity_and_charge[outcome.ccd_formal_charge_pattern:INVALID]",HUMAN_REVIEW_REQUIRED,NO_SINGLE_EXACT_RULE_MATCHED_EVERY_EVENT;HUMAN_REVIEW_RETAINED,false,false,false
COVAPIE_CYS_SG_EVENT_V1:1KZI:A:CYS:146-:SG:F:UMP:C6,COVAPIE_BULK_REVIEW_UNIT_EB1C0FF8712C32A9,1KZI,UMP,UNREVIEWED,,NEG_V1_TS_DUMP_CATALYTIC_ADDUCT_EXACT,MATCHED_AUTO_NEGATIVE_EXACT,ALL_EXACT_PREDICATES_MATCHED,AUTO_NEGATIVE_EXACT_FINAL,EVERY_EVENT_IN_UNIT_MATCHED_SAME_EXACT_RULE_WITHOUT_OVERRIDE,false,true,false
COVAPIE_CYS_SG_EVENT_V1:1KZI:A:CYS:146-:SG:F:UMP:C6,COVAPIE_BULK_REVIEW_UNIT_EB1C0FF8712C32A9,1KZI,UMP,UNREVIEWED,,NEG_V2_DTT_CRYSTALLIZATION_REDUCING_ADDUCT_EXACT,NOT_MATCHED,"PREDICATE_MISMATCH:automorphism_derived_dtt_sulfur_endpoint,exact_1fvg_reagent_protein_context,exact_1fvg_source_structure_context,exact_dtt_component_graph_sha256,exact_dtt_component_identity,exact_ligand_reactive_element,exact_local_topology,exact_radius1_sha256,exact_radius2_sha256,structured_source_boundary;UNAVAILABLE_OR_MALFORMED:exact_dtt_heavy_identity_and_charge[outcome.ccd_formal_charge_pattern:INVALID]",AUTO_NEGATIVE_EXACT_FINAL,EVERY_EVENT_IN_UNIT_MATCHED_SAME_EXACT_RULE_WITHOUT_OVERRIDE,false,true,false
COVAPIE_CYS_SG_EVENT_V1:1KZI:A:CYS:192-:SG:H:DTU:S4,COVAPIE_BULK_REVIEW_UNIT_024EEB356034F83D,1KZI,DTU,UNREVIEWED,,NEG_V1_TS_DUMP_CATALYTIC_ADDUCT_EXACT,NOT_MATCHED,"PREDICATE_MISMATCH:exact_ccd_component_graph_sha256,exact_ligand_reactive_atom,exact_ligand_reactive_element,exact_radius1_sha256,exact_radius2_sha256",HUMAN_REVIEW_REQUIRED,NO_SINGLE_EXACT_RULE_MATCHED_EVERY_EVENT;HUMAN_REVIEW_RETAINED,false,false,false
COVAPIE_CYS_SG_EVENT_V1:1KZI:A:CYS:192-:SG:H:DTU:S4,COVAPIE_BULK_REVIEW_UNIT_024EEB356034F83D,1KZI,DTU,UNREVIEWED,,NEG_V2_DTT_CRYSTALLIZATION_REDUCING_ADDUCT_EXACT,NOT_MATCHED,"PREDICATE_MISMATCH:exact_1fvg_reagent_protein_context,exact_1fvg_source_structure_context,exact_dtt_component_graph_sha256,exact_dtt_component_identity,structured_source_boundary",HUMAN_REVIEW_REQUIRED,NO_SINGLE_EXACT_RULE_MATCHED_EVERY_EVENT;HUMAN_REVIEW_RETAINED,false,false,false
COVAPIE_CYS_SG_EVENT_V1:1KZI:B:CYS:146-:SG:J:UMP:C6,COVAPIE_BULK_REVIEW_UNIT_EB1C0FF8712C32A9,1KZI,UMP,UNREVIEWED,,NEG_V1_TS_DUMP_CATALYTIC_ADDUCT_EXACT,MATCHED_AUTO_NEGATIVE_EXACT,ALL_EXACT_PREDICATES_MATCHED,AUTO_NEGATIVE_EXACT_FINAL,EVERY_EVENT_IN_UNIT_MATCHED_SAME_EXACT_RULE_WITHOUT_OVERRIDE,false,true,false
COVAPIE_CYS_SG_EVENT_V1:1KZI:B:CYS:146-:SG:J:UMP:C6,COVAPIE_BULK_REVIEW_UNIT_EB1C0FF8712C32A9,1KZI,UMP,UNREVIEWED,,NEG_V2_DTT_CRYSTALLIZATION_REDUCING_ADDUCT_EXACT,NOT_MATCHED,"PREDICATE_MISMATCH:automorphism_derived_dtt_sulfur_endpoint,exact_1fvg_reagent_protein_context,exact_1fvg_source_structure_context,exact_dtt_component_graph_sha256,exact_dtt_component_identity,exact_ligand_reactive_element,exact_local_topology,exact_radius1_sha256,exact_radius2_sha256,structured_source_boundary;UNAVAILABLE_OR_MALFORMED:exact_dtt_heavy_identity_and_charge[outcome.ccd_formal_charge_pattern:INVALID]",AUTO_NEGATIVE_EXACT_FINAL,EVERY_EVENT_IN_UNIT_MATCHED_SAME_EXACT_RULE_WITHOUT_OVERRIDE,false,true,false
COVAPIE_CYS_SG_EVENT_V1:1KZJ:A:CYS:146-:SG:G:UMP:C6,COVAPIE_BULK_REVIEW_UNIT_EB1C0FF8712C32A9,1KZJ,UMP,UNREVIEWED,,NEG_V1_TS_DUMP_CATALYTIC_ADDUCT_EXACT,MATCHED_AUTO_NEGATIVE_EXACT,ALL_EXACT_PREDICATES_MATCHED,AUTO_NEGATIVE_EXACT_FINAL,EVERY_EVENT_IN_UNIT_MATCHED_SAME_EXACT_RULE_WITHOUT_OVERRIDE,false,true,false
COVAPIE_CYS_SG_EVENT_V1:1KZJ:A:CYS:146-:SG:G:UMP:C6,COVAPIE_BULK_REVIEW_UNIT_EB1C0FF8712C32A9,1KZJ,UMP,UNREVIEWED,,NEG_V2_DTT_CRYSTALLIZATION_REDUCING_ADDUCT_EXACT,NOT_MATCHED,"PREDICATE_MISMATCH:automorphism_derived_dtt_sulfur_endpoint,exact_1fvg_reagent_protein_context,exact_1fvg_source_structure_context,exact_dtt_component_graph_sha256,exact_dtt_component_identity,exact_ligand_reactive_element,exact_local_topology,exact_radius1_sha256,exact_radius2_sha256,structured_source_boundary;UNAVAILABLE_OR_MALFORMED:exact_dtt_heavy_identity_and_charge[outcome.ccd_formal_charge_pattern:INVALID]",AUTO_NEGATIVE_EXACT_FINAL,EVERY_EVENT_IN_UNIT_MATCHED_SAME_EXACT_RULE_WITHOUT_OVERRIDE,false,true,false
COVAPIE_CYS_SG_EVENT_V1:1KZJ:B:CYS:146-:SG:I:UMP:C6,COVAPIE_BULK_REVIEW_UNIT_EB1C0FF8712C32A9,1KZJ,UMP,UNREVIEWED,,NEG_V1_TS_DUMP_CATALYTIC_ADDUCT_EXACT,MATCHED_AUTO_NEGATIVE_EXACT,ALL_EXACT_PREDICATES_MATCHED,AUTO_NEGATIVE_EXACT_FINAL,EVERY_EVENT_IN_UNIT_MATCHED_SAME_EXACT_RULE_WITHOUT_OVERRIDE,false,true,false
COVAPIE_CYS_SG_EVENT_V1:1KZJ:B:CYS:146-:SG:I:UMP:C6,COVAPIE_BULK_REVIEW_UNIT_EB1C0FF8712C32A9,1KZJ,UMP,UNREVIEWED,,NEG_V2_DTT_CRYSTALLIZATION_REDUCING_ADDUCT_EXACT,NOT_MATCHED,"PREDICATE_MISMATCH:automorphism_derived_dtt_sulfur_endpoint,exact_1fvg_reagent_protein_context,exact_1fvg_source_structure_context,exact_dtt_component_graph_sha256,exact_dtt_component_identity,exact_ligand_reactive_element,exact_local_topology,exact_radius1_sha256,exact_radius2_sha256,structured_source_boundary;UNAVAILABLE_OR_MALFORMED:exact_dtt_heavy_identity_and_charge[outcome.ccd_formal_charge_pattern:INVALID]",AUTO_NEGATIVE_EXACT_FINAL,EVERY_EVENT_IN_UNIT_MATCHED_SAME_EXACT_RULE_WITHOUT_OVERRIDE,false,true,false
COVAPIE_CYS_SG_EVENT_V1:1KZJ:C:CYS:146-:SG:K:UMP:C6,COVAPIE_BULK_REVIEW_UNIT_EB1C0FF8712C32A9,1KZJ,UMP,UNREVIEWED,,NEG_V1_TS_DUMP_CATALYTIC_ADDUCT_EXACT,MATCHED_AUTO_NEGATIVE_EXACT,ALL_EXACT_PREDICATES_MATCHED,AUTO_NEGATIVE_EXACT_FINAL,EVERY_EVENT_IN_UNIT_MATCHED_SAME_EXACT_RULE_WITHOUT_OVERRIDE,false,true,false
COVAPIE_CYS_SG_EVENT_V1:1KZJ:C:CYS:146-:SG:K:UMP:C6,COVAPIE_BULK_REVIEW_UNIT_EB1C0FF8712C32A9,1KZJ,UMP,UNREVIEWED,,NEG_V2_DTT_CRYSTALLIZATION_REDUCING_ADDUCT_EXACT,NOT_MATCHED,"PREDICATE_MISMATCH:automorphism_derived_dtt_sulfur_endpoint,exact_1fvg_reagent_protein_context,exact_1fvg_source_structure_context,exact_dtt_component_graph_sha256,exact_dtt_component_identity,exact_ligand_reactive_element,exact_local_topology,exact_radius1_sha256,exact_radius2_sha256,structured_source_boundary;UNAVAILABLE_OR_MALFORMED:exact_dtt_heavy_identity_and_charge[outcome.ccd_formal_charge_pattern:INVALID]",AUTO_NEGATIVE_EXACT_FINAL,EVERY_EVENT_IN_UNIT_MATCHED_SAME_EXACT_RULE_WITHOUT_OVERRIDE,false,true,false
COVAPIE_CYS_SG_EVENT_V1:1KZJ:F:CYS:146-:SG:Q:UMP:C6,COVAPIE_BULK_REVIEW_UNIT_EB1C0FF8712C32A9,1KZJ,UMP,UNREVIEWED,,NEG_V1_TS_DUMP_CATALYTIC_ADDUCT_EXACT,MATCHED_AUTO_NEGATIVE_EXACT,ALL_EXACT_PREDICATES_MATCHED,AUTO_NEGATIVE_EXACT_FINAL,EVERY_EVENT_IN_UNIT_MATCHED_SAME_EXACT_RULE_WITHOUT_OVERRIDE,false,true,false
COVAPIE_CYS_SG_EVENT_V1:1KZJ:F:CYS:146-:SG:Q:UMP:C6,COVAPIE_BULK_REVIEW_UNIT_EB1C0FF8712C32A9,1KZJ,UMP,UNREVIEWED,,NEG_V2_DTT_CRYSTALLIZATION_REDUCING_ADDUCT_EXACT,NOT_MATCHED,"PREDICATE_MISMATCH:automorphism_derived_dtt_sulfur_endpoint,exact_1fvg_reagent_protein_context,exact_1fvg_source_structure_context,exact_dtt_component_graph_sha256,exact_dtt_component_identity,exact_ligand_reactive_element,exact_local_topology,exact_radius1_sha256,exact_radius2_sha256,structured_source_boundary;UNAVAILABLE_OR_MALFORMED:exact_dtt_heavy_identity_and_charge[outcome.ccd_formal_charge_pattern:INVALID]",AUTO_NEGATIVE_EXACT_FINAL,EVERY_EVENT_IN_UNIT_MATCHED_SAME_EXACT_RULE_WITHOUT_OVERRIDE,false,true,false
COVAPIE_CYS_SG_EVENT_V1:1LXY:A:CYS:398-:SG:C:CIR:C7,COVAPIE_BULK_REVIEW_UNIT_47AC17EBC8C3AFD6,1LXY,CIR,UNREVIEWED,,NEG_V1_TS_DUMP_CATALYTIC_ADDUCT_EXACT,NOT_MATCHED,"PREDICATE_MISMATCH:exact_ccd_component_graph_sha256,exact_ligand_reactive_atom,exact_radius1_sha256,exact_radius2_sha256,exact_ts_family_accession_sequence_key",HUMAN_REVIEW_REQUIRED,NO_SINGLE_EXACT_RULE_MATCHED_EVERY_EVENT;HUMAN_REVIEW_RETAINED,false,false,false
COVAPIE_CYS_SG_EVENT_V1:1LXY:A:CYS:398-:SG:C:CIR:C7,COVAPIE_BULK_REVIEW_UNIT_47AC17EBC8C3AFD6,1LXY,CIR,UNREVIEWED,,NEG_V2_DTT_CRYSTALLIZATION_REDUCING_ADDUCT_EXACT,NOT_MATCHED,"PREDICATE_MISMATCH:automorphism_derived_dtt_sulfur_endpoint,exact_1fvg_reagent_protein_context,exact_1fvg_source_structure_context,exact_dtt_component_graph_sha256,exact_dtt_component_identity,exact_ligand_reactive_element,exact_local_topology,exact_radius1_sha256,exact_radius2_sha256;UNAVAILABLE_OR_MALFORMED:exact_dtt_heavy_identity_and_charge[outcome.ccd_formal_charge_pattern:INVALID]",HUMAN_REVIEW_REQUIRED,NO_SINGLE_EXACT_RULE_MATCHED_EVERY_EVENT;HUMAN_REVIEW_RETAINED,false,false,false
COVAPIE_CYS_SG_EVENT_V1:1LXY:B:CYS:398-:SG:E:CIR:C7,COVAPIE_BULK_REVIEW_UNIT_47AC17EBC8C3AFD6,1LXY,CIR,UNREVIEWED,,NEG_V1_TS_DUMP_CATALYTIC_ADDUCT_EXACT,NOT_MATCHED,"PREDICATE_MISMATCH:exact_ccd_component_graph_sha256,exact_ligand_reactive_atom,exact_radius1_sha256,exact_radius2_sha256,exact_ts_family_accession_sequence_key",HUMAN_REVIEW_REQUIRED,NO_SINGLE_EXACT_RULE_MATCHED_EVERY_EVENT;HUMAN_REVIEW_RETAINED,false,false,false
COVAPIE_CYS_SG_EVENT_V1:1LXY:B:CYS:398-:SG:E:CIR:C7,COVAPIE_BULK_REVIEW_UNIT_47AC17EBC8C3AFD6,1LXY,CIR,UNREVIEWED,,NEG_V2_DTT_CRYSTALLIZATION_REDUCING_ADDUCT_EXACT,NOT_MATCHED,"PREDICATE_MISMATCH:automorphism_derived_dtt_sulfur_endpoint,exact_1fvg_reagent_protein_context,exact_1fvg_source_structure_context,exact_dtt_component_graph_sha256,exact_dtt_component_identity,exact_ligand_reactive_element,exact_local_topology,exact_radius1_sha256,exact_radius2_sha256;UNAVAILABLE_OR_MALFORMED:exact_dtt_heavy_identity_and_charge[outcome.ccd_formal_charge_pattern:INVALID]",HUMAN_REVIEW_REQUIRED,NO_SINGLE_EXACT_RULE_MATCHED_EVERY_EVENT;HUMAN_REVIEW_RETAINED,false,false,false
COVAPIE_CYS_SG_EVENT_V1:1ML3:B:CYS:166-:SG:F:CYX:C1,COVAPIE_BULK_REVIEW_UNIT_F405B411FF44DFF3,1ML3,CYX,UNREVIEWED,,NEG_V1_TS_DUMP_CATALYTIC_ADDUCT_EXACT,NOT_MATCHED,"PREDICATE_MISMATCH:exact_ccd_component_graph_sha256,exact_ligand_reactive_atom,exact_radius1_sha256,exact_radius2_sha256,exact_ts_family_accession_sequence_key",HUMAN_REVIEW_REQUIRED,NO_SINGLE_EXACT_RULE_MATCHED_EVERY_EVENT;HUMAN_REVIEW_RETAINED,false,false,false
COVAPIE_CYS_SG_EVENT_V1:1ML3:B:CYS:166-:SG:F:CYX:C1,COVAPIE_BULK_REVIEW_UNIT_F405B411FF44DFF3,1ML3,CYX,UNREVIEWED,,NEG_V2_DTT_CRYSTALLIZATION_REDUCING_ADDUCT_EXACT,NOT_MATCHED,"PREDICATE_MISMATCH:automorphism_derived_dtt_sulfur_endpoint,exact_1fvg_reagent_protein_context,exact_1fvg_source_structure_context,exact_dtt_component_graph_sha256,exact_dtt_component_identity,exact_ligand_reactive_element,exact_local_topology,exact_radius1_sha256,exact_radius2_sha256;UNAVAILABLE_OR_MALFORMED:exact_dtt_heavy_identity_and_charge[outcome.ccd_formal_charge_pattern:INVALID]",HUMAN_REVIEW_REQUIRED,NO_SINGLE_EXACT_RULE_MATCHED_EVERY_EVENT;HUMAN_REVIEW_RETAINED,false,false,false
COVAPIE_CYS_SG_EVENT_V1:1ML3:C:CYS:166-:SG:H:CYX:C1,COVAPIE_BULK_REVIEW_UNIT_F405B411FF44DFF3,1ML3,CYX,UNREVIEWED,,NEG_V1_TS_DUMP_CATALYTIC_ADDUCT_EXACT,NOT_MATCHED,"PREDICATE_MISMATCH:exact_ccd_component_graph_sha256,exact_ligand_reactive_atom,exact_radius1_sha256,exact_radius2_sha256,exact_ts_family_accession_sequence_key",HUMAN_REVIEW_REQUIRED,NO_SINGLE_EXACT_RULE_MATCHED_EVERY_EVENT;HUMAN_REVIEW_RETAINED,false,false,false
COVAPIE_CYS_SG_EVENT_V1:1ML3:C:CYS:166-:SG:H:CYX:C1,COVAPIE_BULK_REVIEW_UNIT_F405B411FF44DFF3,1ML3,CYX,UNREVIEWED,,NEG_V2_DTT_CRYSTALLIZATION_REDUCING_ADDUCT_EXACT,NOT_MATCHED,"PREDICATE_MISMATCH:automorphism_derived_dtt_sulfur_endpoint,exact_1fvg_reagent_protein_context,exact_1fvg_source_structure_context,exact_dtt_component_graph_sha256,exact_dtt_component_identity,exact_ligand_reactive_element,exact_local_topology,exact_radius1_sha256,exact_radius2_sha256;UNAVAILABLE_OR_MALFORMED:exact_dtt_heavy_identity_and_charge[outcome.ccd_formal_charge_pattern:INVALID]",HUMAN_REVIEW_REQUIRED,NO_SINGLE_EXACT_RULE_MATCHED_EVERY_EVENT;HUMAN_REVIEW_RETAINED,false,false,false
COVAPIE_CYS_SG_EVENT_V1:1ML3:D:CYS:166-:SG:J:CYX:C1,COVAPIE_BULK_REVIEW_UNIT_F405B411FF44DFF3,1ML3,CYX,UNREVIEWED,,NEG_V1_TS_DUMP_CATALYTIC_ADDUCT_EXACT,NOT_MATCHED,"PREDICATE_MISMATCH:exact_ccd_component_graph_sha256,exact_ligand_reactive_atom,exact_radius1_sha256,exact_radius2_sha256,exact_ts_family_accession_sequence_key",HUMAN_REVIEW_REQUIRED,NO_SINGLE_EXACT_RULE_MATCHED_EVERY_EVENT;HUMAN_REVIEW_RETAINED,false,false,false
COVAPIE_CYS_SG_EVENT_V1:1ML3:D:CYS:166-:SG:J:CYX:C1,COVAPIE_BULK_REVIEW_UNIT_F405B411FF44DFF3,1ML3,CYX,UNREVIEWED,,NEG_V2_DTT_CRYSTALLIZATION_REDUCING_ADDUCT_EXACT,NOT_MATCHED,"PREDICATE_MISMATCH:automorphism_derived_dtt_sulfur_endpoint,exact_1fvg_reagent_protein_context,exact_1fvg_source_structure_context,exact_dtt_component_graph_sha256,exact_dtt_component_identity,exact_ligand_reactive_element,exact_local_topology,exact_radius1_sha256,exact_radius2_sha256;UNAVAILABLE_OR_MALFORMED:exact_dtt_heavy_identity_and_charge[outcome.ccd_formal_charge_pattern:INVALID]",HUMAN_REVIEW_REQUIRED,NO_SINGLE_EXACT_RULE_MATCHED_EVERY_EVENT;HUMAN_REVIEW_RETAINED,false,false,false
COVAPIE_CYS_SG_EVENT_V1:1NBP:A:CYS:31-:SG:C:MHC:S1,COVAPIE_BULK_REVIEW_UNIT_6F93A0730570186F,1NBP,MHC,UNREVIEWED,,NEG_V1_TS_DUMP_CATALYTIC_ADDUCT_EXACT,NOT_MATCHED,"PREDICATE_MISMATCH:exact_ccd_component_graph_sha256,exact_ligand_reactive_atom,exact_ligand_reactive_element,exact_ts_family_accession_sequence_key;UNAVAILABLE_OR_MALFORMED:exact_radius1_sha256[event.reactive_center_radius1_fingerprint:MISSING],exact_radius2_sha256[event.reactive_center_radius2_fingerprint:MISSING]",HUMAN_REVIEW_REQUIRED,NO_SINGLE_EXACT_RULE_MATCHED_EVERY_EVENT;HUMAN_REVIEW_RETAINED,false,false,false
COVAPIE_CYS_SG_EVENT_V1:1NBP:A:CYS:31-:SG:C:MHC:S1,COVAPIE_BULK_REVIEW_UNIT_6F93A0730570186F,1NBP,MHC,UNREVIEWED,,NEG_V2_DTT_CRYSTALLIZATION_REDUCING_ADDUCT_EXACT,NOT_MATCHED,"PREDICATE_MISMATCH:exact_1fvg_reagent_protein_context,exact_1fvg_source_structure_context,exact_dtt_component_graph_sha256,exact_dtt_component_identity,structured_source_boundary;UNAVAILABLE_OR_MALFORMED:exact_dtt_heavy_identity_and_charge[outcome.ccd_formal_charge_pattern:INVALID],exact_local_topology[event.local_topology:MISSING],exact_radius1_sha256[event.reactive_center_radius1_fingerprint:MISSING],exact_radius2_sha256[event.reactive_center_radius2_fingerprint:MISSING]",HUMAN_REVIEW_REQUIRED,NO_SINGLE_EXACT_RULE_MATCHED_EVERY_EVENT;HUMAN_REVIEW_RETAINED,false,false,false
COVAPIE_CYS_SG_EVENT_V1:1NFZ:A:CYS:67-:SG:E:EIP:C12,COVAPIE_BULK_REVIEW_UNIT_07BD3B72031BD7CC,1NFZ,EIP,COMPLETED,RELEVANT_FOR_COVAPIE_POST_ONLY_V1,NEG_V1_TS_DUMP_CATALYTIC_ADDUCT_EXACT,NOT_MATCHED,"PREDICATE_MISMATCH:exact_ccd_component_graph_sha256,exact_ligand_reactive_atom,exact_radius1_sha256,exact_radius2_sha256,exact_ts_family_accession_sequence_key,no_runtime_positive_override",HUMAN_RELEVANT_FINAL,CURRENT_HUMAN_RELEVANT_DECISION_HAS_FIRST_PRECEDENCE,true,false,false
COVAPIE_CYS_SG_EVENT_V1:1NFZ:A:CYS:67-:SG:E:EIP:C12,COVAPIE_BULK_REVIEW_UNIT_07BD3B72031BD7CC,1NFZ,EIP,COMPLETED,RELEVANT_FOR_COVAPIE_POST_ONLY_V1,NEG_V2_DTT_CRYSTALLIZATION_REDUCING_ADDUCT_EXACT,NOT_MATCHED,"PREDICATE_MISMATCH:automorphism_derived_dtt_sulfur_endpoint,exact_1fvg_reagent_protein_context,exact_1fvg_source_structure_context,exact_dtt_component_graph_sha256,exact_dtt_component_identity,exact_ligand_reactive_element,exact_local_topology,exact_radius1_sha256,exact_radius2_sha256,no_runtime_positive_override;UNAVAILABLE_OR_MALFORMED:exact_dtt_heavy_identity_and_charge[outcome.ccd_formal_charge_pattern:INVALID]",HUMAN_RELEVANT_FINAL,CURRENT_HUMAN_RELEVANT_DECISION_HAS_FIRST_PRECEDENCE,true,false,false
COVAPIE_CYS_SG_EVENT_V1:1NFZ:B:CYS:67-:SG:H:EIP:C12,COVAPIE_BULK_REVIEW_UNIT_07BD3B72031BD7CC,1NFZ,EIP,COMPLETED,RELEVANT_FOR_COVAPIE_POST_ONLY_V1,NEG_V1_TS_DUMP_CATALYTIC_ADDUCT_EXACT,NOT_MATCHED,"PREDICATE_MISMATCH:exact_ccd_component_graph_sha256,exact_ligand_reactive_atom,exact_radius1_sha256,exact_radius2_sha256,exact_ts_family_accession_sequence_key,no_runtime_positive_override",HUMAN_RELEVANT_FINAL,CURRENT_HUMAN_RELEVANT_DECISION_HAS_FIRST_PRECEDENCE,true,false,false
COVAPIE_CYS_SG_EVENT_V1:1NFZ:B:CYS:67-:SG:H:EIP:C12,COVAPIE_BULK_REVIEW_UNIT_07BD3B72031BD7CC,1NFZ,EIP,COMPLETED,RELEVANT_FOR_COVAPIE_POST_ONLY_V1,NEG_V2_DTT_CRYSTALLIZATION_REDUCING_ADDUCT_EXACT,NOT_MATCHED,"PREDICATE_MISMATCH:automorphism_derived_dtt_sulfur_endpoint,exact_1fvg_reagent_protein_context,exact_1fvg_source_structure_context,exact_dtt_component_graph_sha256,exact_dtt_component_identity,exact_ligand_reactive_element,exact_local_topology,exact_radius1_sha256,exact_radius2_sha256,no_runtime_positive_override;UNAVAILABLE_OR_MALFORMED:exact_dtt_heavy_identity_and_charge[outcome.ccd_formal_charge_pattern:INVALID]",HUMAN_RELEVANT_FINAL,CURRENT_HUMAN_RELEVANT_DECISION_HAS_FIRST_PRECEDENCE,true,false,false
COVAPIE_CYS_SG_EVENT_V1:1OFE:A:CYS:1-:SG:F:ONL:CE,COVAPIE_BULK_REVIEW_UNIT_FC5A3060FADCBA74,1OFE,ONL,UNREVIEWED,,NEG_V1_TS_DUMP_CATALYTIC_ADDUCT_EXACT,NOT_MATCHED,"PREDICATE_MISMATCH:exact_ccd_component_graph_sha256,exact_ligand_reactive_atom,exact_radius1_sha256,exact_radius2_sha256,exact_ts_family_accession_sequence_key",HUMAN_REVIEW_REQUIRED,NO_SINGLE_EXACT_RULE_MATCHED_EVERY_EVENT;HUMAN_REVIEW_RETAINED,false,false,false
COVAPIE_CYS_SG_EVENT_V1:1OFE:A:CYS:1-:SG:F:ONL:CE,COVAPIE_BULK_REVIEW_UNIT_FC5A3060FADCBA74,1OFE,ONL,UNREVIEWED,,NEG_V2_DTT_CRYSTALLIZATION_REDUCING_ADDUCT_EXACT,NOT_MATCHED,"PREDICATE_MISMATCH:automorphism_derived_dtt_sulfur_endpoint,exact_1fvg_reagent_protein_context,exact_1fvg_source_structure_context,exact_dtt_component_graph_sha256,exact_dtt_component_identity,exact_ligand_reactive_element,exact_local_topology,exact_radius1_sha256,exact_radius2_sha256;UNAVAILABLE_OR_MALFORMED:exact_dtt_heavy_identity_and_charge[outcome.ccd_formal_charge_pattern:INVALID]",HUMAN_REVIEW_REQUIRED,NO_SINGLE_EXACT_RULE_MATCHED_EVERY_EVENT;HUMAN_REVIEW_RETAINED,false,false,false
COVAPIE_CYS_SG_EVENT_V1:1PY0:A:CYS:51-:SG:E:YMA:S1,COVAPIE_BULK_REVIEW_UNIT_5FFACB7F4984AD92,1PY0,YMA,COMPLETED,NOT_RELEVANT_TO_COVAPIE_SMALL_MOLECULE_TASK,NEG_V1_TS_DUMP_CATALYTIC_ADDUCT_EXACT,NOT_MATCHED,"PREDICATE_MISMATCH:exact_ccd_component_graph_sha256,exact_ligand_reactive_atom,exact_ligand_reactive_element,exact_radius1_sha256,exact_radius2_sha256,exact_ts_family_accession_sequence_key",HUMAN_NOT_RELEVANT_FINAL,CURRENT_HUMAN_NOT_RELEVANT_DECISION_HAS_SECOND_PRECEDENCE,true,false,false
COVAPIE_CYS_SG_EVENT_V1:1PY0:A:CYS:51-:SG:E:YMA:S1,COVAPIE_BULK_REVIEW_UNIT_5FFACB7F4984AD92,1PY0,YMA,COMPLETED,NOT_RELEVANT_TO_COVAPIE_SMALL_MOLECULE_TASK,NEG_V2_DTT_CRYSTALLIZATION_REDUCING_ADDUCT_EXACT,NOT_MATCHED,"PREDICATE_MISMATCH:exact_1fvg_reagent_protein_context,exact_1fvg_source_structure_context,exact_dtt_component_graph_sha256,exact_dtt_component_identity;UNAVAILABLE_OR_MALFORMED:exact_dtt_heavy_identity_and_charge[outcome.ccd_formal_charge_pattern:INVALID]",HUMAN_NOT_RELEVANT_FINAL,CURRENT_HUMAN_NOT_RELEVANT_DECISION_HAS_SECOND_PRECEDENCE,true,false,false
COVAPIE_CYS_SG_EVENT_V1:1PY0:A:CYS:54-:SG:E:YMA:S2,COVAPIE_BULK_REVIEW_UNIT_FDB85D5F243B76AA,1PY0,YMA,UNREVIEWED,,NEG_V1_TS_DUMP_CATALYTIC_ADDUCT_EXACT,NOT_MATCHED,"PREDICATE_MISMATCH:exact_ccd_component_graph_sha256,exact_ligand_reactive_atom,exact_ligand_reactive_element,exact_radius1_sha256,exact_radius2_sha256,exact_ts_family_accession_sequence_key",HUMAN_REVIEW_REQUIRED,NO_SINGLE_EXACT_RULE_MATCHED_EVERY_EVENT;HUMAN_REVIEW_RETAINED,false,false,false
COVAPIE_CYS_SG_EVENT_V1:1PY0:A:CYS:54-:SG:E:YMA:S2,COVAPIE_BULK_REVIEW_UNIT_FDB85D5F243B76AA,1PY0,YMA,UNREVIEWED,,NEG_V2_DTT_CRYSTALLIZATION_REDUCING_ADDUCT_EXACT,NOT_MATCHED,"PREDICATE_MISMATCH:automorphism_derived_dtt_sulfur_endpoint,exact_1fvg_reagent_protein_context,exact_1fvg_source_structure_context,exact_dtt_component_graph_sha256,exact_dtt_component_identity;UNAVAILABLE_OR_MALFORMED:exact_dtt_heavy_identity_and_charge[outcome.ccd_formal_charge_pattern:INVALID]",HUMAN_REVIEW_REQUIRED,NO_SINGLE_EXACT_RULE_MATCHED_EVERY_EVENT;HUMAN_REVIEW_RETAINED,false,false,false
COVAPIE_CYS_SG_EVENT_V1:1QFM:A:CYS:532-:SG:E:SGM:S1,COVAPIE_BULK_REVIEW_UNIT_D01A4DF5C78EE065,1QFM,SGM,UNREVIEWED,,NEG_V1_TS_DUMP_CATALYTIC_ADDUCT_EXACT,NOT_MATCHED,"PREDICATE_MISMATCH:exact_ccd_component_graph_sha256,exact_ligand_reactive_atom,exact_ligand_reactive_element,exact_radius1_sha256,exact_radius2_sha256,exact_ts_family_accession_sequence_key",HUMAN_REVIEW_REQUIRED,NO_SINGLE_EXACT_RULE_MATCHED_EVERY_EVENT;HUMAN_REVIEW_RETAINED,false,false,false
COVAPIE_CYS_SG_EVENT_V1:1QFM:A:CYS:532-:SG:E:SGM:S1,COVAPIE_BULK_REVIEW_UNIT_D01A4DF5C78EE065,1QFM,SGM,UNREVIEWED,,NEG_V2_DTT_CRYSTALLIZATION_REDUCING_ADDUCT_EXACT,NOT_MATCHED,"PREDICATE_MISMATCH:exact_1fvg_reagent_protein_context,exact_1fvg_source_structure_context,exact_dtt_component_graph_sha256,exact_dtt_component_identity,structured_source_boundary;UNAVAILABLE_OR_MALFORMED:exact_dtt_heavy_identity_and_charge[outcome.ccd_formal_charge_pattern:INVALID]",HUMAN_REVIEW_REQUIRED,NO_SINGLE_EXACT_RULE_MATCHED_EVERY_EVENT;HUMAN_REVIEW_RETAINED,false,false,false
COVAPIE_CYS_SG_EVENT_V1:1QFM:A:CYS:78-:SG:D:SGM:S1,COVAPIE_BULK_REVIEW_UNIT_D01A4DF5C78EE065,1QFM,SGM,UNREVIEWED,,NEG_V1_TS_DUMP_CATALYTIC_ADDUCT_EXACT,NOT_MATCHED,"PREDICATE_MISMATCH:exact_ccd_component_graph_sha256,exact_ligand_reactive_atom,exact_ligand_reactive_element,exact_radius1_sha256,exact_radius2_sha256,exact_ts_family_accession_sequence_key",HUMAN_REVIEW_REQUIRED,NO_SINGLE_EXACT_RULE_MATCHED_EVERY_EVENT;HUMAN_REVIEW_RETAINED,false,false,false
COVAPIE_CYS_SG_EVENT_V1:1QFM:A:CYS:78-:SG:D:SGM:S1,COVAPIE_BULK_REVIEW_UNIT_D01A4DF5C78EE065,1QFM,SGM,UNREVIEWED,,NEG_V2_DTT_CRYSTALLIZATION_REDUCING_ADDUCT_EXACT,NOT_MATCHED,"PREDICATE_MISMATCH:exact_1fvg_reagent_protein_context,exact_1fvg_source_structure_context,exact_dtt_component_graph_sha256,exact_dtt_component_identity,structured_source_boundary;UNAVAILABLE_OR_MALFORMED:exact_dtt_heavy_identity_and_charge[outcome.ccd_formal_charge_pattern:INVALID]",HUMAN_REVIEW_REQUIRED,NO_SINGLE_EXACT_RULE_MATCHED_EVERY_EVENT;HUMAN_REVIEW_RETAINED,false,false,false
COVAPIE_CYS_SG_EVENT_V1:1RP4:A:CYS:208-:SG:D:NEN:C1,COVAPIE_BULK_REVIEW_UNIT_D88548D5B5FCAA3C,1RP4,NEN,COMPLETED,NOT_RELEVANT_TO_COVAPIE_SMALL_MOLECULE_TASK,NEG_V1_TS_DUMP_CATALYTIC_ADDUCT_EXACT,NOT_MATCHED,"PREDICATE_MISMATCH:exact_ccd_component_graph_sha256,exact_ligand_reactive_atom,exact_radius1_sha256,exact_radius2_sha256,exact_ts_family_accession_sequence_key",HUMAN_NOT_RELEVANT_FINAL,CURRENT_HUMAN_NOT_RELEVANT_DECISION_HAS_SECOND_PRECEDENCE,true,false,false
COVAPIE_CYS_SG_EVENT_V1:1RP4:A:CYS:208-:SG:D:NEN:C1,COVAPIE_BULK_REVIEW_UNIT_D88548D5B5FCAA3C,1RP4,NEN,COMPLETED,NOT_RELEVANT_TO_COVAPIE_SMALL_MOLECULE_TASK,NEG_V2_DTT_CRYSTALLIZATION_REDUCING_ADDUCT_EXACT,NOT_MATCHED,"PREDICATE_MISMATCH:automorphism_derived_dtt_sulfur_endpoint,exact_1fvg_reagent_protein_context,exact_1fvg_source_structure_context,exact_dtt_component_graph_sha256,exact_dtt_component_identity,exact_dtt_heavy_identity_and_charge,exact_ligand_reactive_element,exact_local_topology,exact_radius1_sha256,exact_radius2_sha256",HUMAN_NOT_RELEVANT_FINAL,CURRENT_HUMAN_NOT_RELEVANT_DECISION_HAS_SECOND_PRECEDENCE,true,false,false
COVAPIE_CYS_SG_EVENT_V1:1SHL:A:CYS:290-:SG:C:FXN:S19,COVAPIE_BULK_REVIEW_UNIT_EE27EA1094097660,1SHL,FXN,UNREVIEWED,,NEG_V1_TS_DUMP_CATALYTIC_ADDUCT_EXACT,NOT_MATCHED,"PREDICATE_MISMATCH:exact_ccd_component_graph_sha256,exact_ligand_reactive_atom,exact_ligand_reactive_element,exact_ts_family_accession_sequence_key;UNAVAILABLE_OR_MALFORMED:exact_radius1_sha256[event.reactive_center_radius1_fingerprint:MISSING],exact_radius2_sha256[event.reactive_center_radius2_fingerprint:MISSING]",HUMAN_REVIEW_REQUIRED,NO_SINGLE_EXACT_RULE_MATCHED_EVERY_EVENT;HUMAN_REVIEW_RETAINED,false,false,false
COVAPIE_CYS_SG_EVENT_V1:1SHL:A:CYS:290-:SG:C:FXN:S19,COVAPIE_BULK_REVIEW_UNIT_EE27EA1094097660,1SHL,FXN,UNREVIEWED,,NEG_V2_DTT_CRYSTALLIZATION_REDUCING_ADDUCT_EXACT,NOT_MATCHED,"PREDICATE_MISMATCH:automorphism_derived_dtt_sulfur_endpoint,exact_1fvg_reagent_protein_context,exact_1fvg_source_structure_context,exact_dtt_component_graph_sha256,exact_dtt_component_identity,structured_source_boundary;UNAVAILABLE_OR_MALFORMED:exact_dtt_heavy_identity_and_charge[outcome.ccd_formal_charge_pattern:INVALID],exact_local_topology[event.local_topology:MISSING],exact_radius1_sha256[event.reactive_center_radius1_fingerprint:MISSING],exact_radius2_sha256[event.reactive_center_radius2_fingerprint:MISSING]",HUMAN_REVIEW_REQUIRED,NO_SINGLE_EXACT_RULE_MATCHED_EVERY_EVENT;HUMAN_REVIEW_RETAINED,false,false,false
COVAPIE_CYS_SG_EVENT_V1:1SHL:B:CYS:290-:SG:D:FXN:S19,COVAPIE_BULK_REVIEW_UNIT_EE27EA1094097660,1SHL,FXN,UNREVIEWED,,NEG_V1_TS_DUMP_CATALYTIC_ADDUCT_EXACT,NOT_MATCHED,"PREDICATE_MISMATCH:exact_ccd_component_graph_sha256,exact_ligand_reactive_atom,exact_ligand_reactive_element,exact_ts_family_accession_sequence_key;UNAVAILABLE_OR_MALFORMED:exact_radius1_sha256[event.reactive_center_radius1_fingerprint:MISSING],exact_radius2_sha256[event.reactive_center_radius2_fingerprint:MISSING]",HUMAN_REVIEW_REQUIRED,NO_SINGLE_EXACT_RULE_MATCHED_EVERY_EVENT;HUMAN_REVIEW_RETAINED,false,false,false
COVAPIE_CYS_SG_EVENT_V1:1SHL:B:CYS:290-:SG:D:FXN:S19,COVAPIE_BULK_REVIEW_UNIT_EE27EA1094097660,1SHL,FXN,UNREVIEWED,,NEG_V2_DTT_CRYSTALLIZATION_REDUCING_ADDUCT_EXACT,NOT_MATCHED,"PREDICATE_MISMATCH:automorphism_derived_dtt_sulfur_endpoint,exact_1fvg_reagent_protein_context,exact_1fvg_source_structure_context,exact_dtt_component_graph_sha256,exact_dtt_component_identity,structured_source_boundary;UNAVAILABLE_OR_MALFORMED:exact_dtt_heavy_identity_and_charge[outcome.ccd_formal_charge_pattern:INVALID],exact_local_topology[event.local_topology:MISSING],exact_radius1_sha256[event.reactive_center_radius1_fingerprint:MISSING],exact_radius2_sha256[event.reactive_center_radius2_fingerprint:MISSING]",HUMAN_REVIEW_REQUIRED,NO_SINGLE_EXACT_RULE_MATCHED_EVERY_EVENT;HUMAN_REVIEW_RETAINED,false,false,false
COVAPIE_CYS_SG_EVENT_V1:1TLS:A:CYS:146-:SG:C:UFP:C6,COVAPIE_BULK_REVIEW_UNIT_CF6D3ADC970757BA,1TLS,UFP,UNREVIEWED,,NEG_V1_TS_DUMP_CATALYTIC_ADDUCT_EXACT,NOT_MATCHED,"PREDICATE_MISMATCH:exact_ccd_component_graph_sha256,exact_radius2_sha256",HUMAN_REVIEW_REQUIRED,NO_SINGLE_EXACT_RULE_MATCHED_EVERY_EVENT;HUMAN_REVIEW_RETAINED,false,false,false
COVAPIE_CYS_SG_EVENT_V1:1TLS:A:CYS:146-:SG:C:UFP:C6,COVAPIE_BULK_REVIEW_UNIT_CF6D3ADC970757BA,1TLS,UFP,UNREVIEWED,,NEG_V2_DTT_CRYSTALLIZATION_REDUCING_ADDUCT_EXACT,NOT_MATCHED,"PREDICATE_MISMATCH:automorphism_derived_dtt_sulfur_endpoint,exact_1fvg_reagent_protein_context,exact_1fvg_source_structure_context,exact_dtt_component_graph_sha256,exact_dtt_component_identity,exact_ligand_reactive_element,exact_local_topology,exact_radius1_sha256,exact_radius2_sha256,structured_source_boundary;UNAVAILABLE_OR_MALFORMED:exact_dtt_heavy_identity_and_charge[outcome.ccd_formal_charge_pattern:INVALID]",HUMAN_REVIEW_REQUIRED,NO_SINGLE_EXACT_RULE_MATCHED_EVERY_EVENT;HUMAN_REVIEW_RETAINED,false,false,false
COVAPIE_CYS_SG_EVENT_V1:1TLS:B:CYS:146-:SG:E:UFP:C6,COVAPIE_BULK_REVIEW_UNIT_CF6D3ADC970757BA,1TLS,UFP,UNREVIEWED,,NEG_V1_TS_DUMP_CATALYTIC_ADDUCT_EXACT,NOT_MATCHED,"PREDICATE_MISMATCH:exact_ccd_component_graph_sha256,exact_radius2_sha256",HUMAN_REVIEW_REQUIRED,NO_SINGLE_EXACT_RULE_MATCHED_EVERY_EVENT;HUMAN_REVIEW_RETAINED,false,false,false
COVAPIE_CYS_SG_EVENT_V1:1TLS:B:CYS:146-:SG:E:UFP:C6,COVAPIE_BULK_REVIEW_UNIT_CF6D3ADC970757BA,1TLS,UFP,UNREVIEWED,,NEG_V2_DTT_CRYSTALLIZATION_REDUCING_ADDUCT_EXACT,NOT_MATCHED,"PREDICATE_MISMATCH:automorphism_derived_dtt_sulfur_endpoint,exact_1fvg_reagent_protein_context,exact_1fvg_source_structure_context,exact_dtt_component_graph_sha256,exact_dtt_component_identity,exact_ligand_reactive_element,exact_local_topology,exact_radius1_sha256,exact_radius2_sha256,structured_source_boundary;UNAVAILABLE_OR_MALFORMED:exact_dtt_heavy_identity_and_charge[outcome.ccd_formal_charge_pattern:INVALID]",HUMAN_REVIEW_REQUIRED,NO_SINGLE_EXACT_RULE_MATCHED_EVERY_EVENT;HUMAN_REVIEW_RETAINED,false,false,false
COVAPIE_CYS_SG_EVENT_V1:1TRG:A:CYS:146-:SG:B:UMP:C6,COVAPIE_BULK_REVIEW_UNIT_EB1C0FF8712C32A9,1TRG,UMP,UNREVIEWED,,NEG_V1_TS_DUMP_CATALYTIC_ADDUCT_EXACT,MATCHED_AUTO_NEGATIVE_EXACT,ALL_EXACT_PREDICATES_MATCHED,AUTO_NEGATIVE_EXACT_FINAL,EVERY_EVENT_IN_UNIT_MATCHED_SAME_EXACT_RULE_WITHOUT_OVERRIDE,false,true,false
COVAPIE_CYS_SG_EVENT_V1:1TRG:A:CYS:146-:SG:B:UMP:C6,COVAPIE_BULK_REVIEW_UNIT_EB1C0FF8712C32A9,1TRG,UMP,UNREVIEWED,,NEG_V2_DTT_CRYSTALLIZATION_REDUCING_ADDUCT_EXACT,NOT_MATCHED,"PREDICATE_MISMATCH:automorphism_derived_dtt_sulfur_endpoint,exact_1fvg_reagent_protein_context,exact_1fvg_source_structure_context,exact_dtt_component_graph_sha256,exact_dtt_component_identity,exact_ligand_reactive_element,exact_local_topology,exact_radius1_sha256,exact_radius2_sha256,structured_source_boundary;UNAVAILABLE_OR_MALFORMED:exact_dtt_heavy_identity_and_charge[outcome.ccd_formal_charge_pattern:INVALID]",AUTO_NEGATIVE_EXACT_FINAL,EVERY_EVENT_IN_UNIT_MATCHED_SAME_EXACT_RULE_WITHOUT_OVERRIDE,false,true,false
COVAPIE_CYS_SG_EVENT_V1:1TU6:A:CYS:139-:SG:E:FSP:C23,COVAPIE_BULK_REVIEW_UNIT_E589158559EC7B15,1TU6,FSP,UNREVIEWED,,NEG_V1_TS_DUMP_CATALYTIC_ADDUCT_EXACT,NOT_MATCHED,"PREDICATE_MISMATCH:exact_ccd_component_graph_sha256,exact_ligand_reactive_atom,exact_ts_family_accession_sequence_key;UNAVAILABLE_OR_MALFORMED:exact_radius1_sha256[event.reactive_center_radius1_fingerprint:MISSING],exact_radius2_sha256[event.reactive_center_radius2_fingerprint:MISSING]",HUMAN_REVIEW_REQUIRED,NO_SINGLE_EXACT_RULE_MATCHED_EVERY_EVENT;HUMAN_REVIEW_RETAINED,false,false,false
COVAPIE_CYS_SG_EVENT_V1:1TU6:A:CYS:139-:SG:E:FSP:C23,COVAPIE_BULK_REVIEW_UNIT_E589158559EC7B15,1TU6,FSP,UNREVIEWED,,NEG_V2_DTT_CRYSTALLIZATION_REDUCING_ADDUCT_EXACT,NOT_MATCHED,"PREDICATE_MISMATCH:automorphism_derived_dtt_sulfur_endpoint,exact_1fvg_reagent_protein_context,exact_1fvg_source_structure_context,exact_dtt_component_graph_sha256,exact_dtt_component_identity,exact_ligand_reactive_element,structured_source_boundary;UNAVAILABLE_OR_MALFORMED:exact_dtt_heavy_identity_and_charge[outcome.ccd_formal_charge_pattern:INVALID],exact_local_topology[event.local_topology:MISSING],exact_radius1_sha256[event.reactive_center_radius1_fingerprint:MISSING],exact_radius2_sha256[event.reactive_center_radius2_fingerprint:MISSING]",HUMAN_REVIEW_REQUIRED,NO_SINGLE_EXACT_RULE_MATCHED_EVERY_EVENT;HUMAN_REVIEW_RETAINED,false,false,false
COVAPIE_CYS_SG_EVENT_V1:1TU6:B:CYS:139-:SG:G:FSP:C23,COVAPIE_BULK_REVIEW_UNIT_E589158559EC7B15,1TU6,FSP,UNREVIEWED,,NEG_V1_TS_DUMP_CATALYTIC_ADDUCT_EXACT,NOT_MATCHED,"PREDICATE_MISMATCH:exact_ccd_component_graph_sha256,exact_ligand_reactive_atom,exact_ts_family_accession_sequence_key;UNAVAILABLE_OR_MALFORMED:exact_radius1_sha256[event.reactive_center_radius1_fingerprint:MISSING],exact_radius2_sha256[event.reactive_center_radius2_fingerprint:MISSING]",HUMAN_REVIEW_REQUIRED,NO_SINGLE_EXACT_RULE_MATCHED_EVERY_EVENT;HUMAN_REVIEW_RETAINED,false,false,false
COVAPIE_CYS_SG_EVENT_V1:1TU6:B:CYS:139-:SG:G:FSP:C23,COVAPIE_BULK_REVIEW_UNIT_E589158559EC7B15,1TU6,FSP,UNREVIEWED,,NEG_V2_DTT_CRYSTALLIZATION_REDUCING_ADDUCT_EXACT,NOT_MATCHED,"PREDICATE_MISMATCH:automorphism_derived_dtt_sulfur_endpoint,exact_1fvg_reagent_protein_context,exact_1fvg_source_structure_context,exact_dtt_component_graph_sha256,exact_dtt_component_identity,exact_ligand_reactive_element,structured_source_boundary;UNAVAILABLE_OR_MALFORMED:exact_dtt_heavy_identity_and_charge[outcome.ccd_formal_charge_pattern:INVALID],exact_local_topology[event.local_topology:MISSING],exact_radius1_sha256[event.reactive_center_radius1_fingerprint:MISSING],exact_radius2_sha256[event.reactive_center_radius2_fingerprint:MISSING]",HUMAN_REVIEW_REQUIRED,NO_SINGLE_EXACT_RULE_MATCHED_EVERY_EVENT;HUMAN_REVIEW_RETAINED,false,false,false
COVAPIE_CYS_SG_EVENT_V1:1WOF:A:CYS:145-:SG:C:I12:C21,COVAPIE_BULK_REVIEW_UNIT_7D83F048AF8A2295,1WOF,I12,UNREVIEWED,,NEG_V1_TS_DUMP_CATALYTIC_ADDUCT_EXACT,NOT_MATCHED,"PREDICATE_MISMATCH:exact_ccd_component_graph_sha256,exact_ligand_reactive_atom,exact_radius1_sha256,exact_radius2_sha256,exact_ts_family_accession_sequence_key",HUMAN_REVIEW_REQUIRED,NO_SINGLE_EXACT_RULE_MATCHED_EVERY_EVENT;HUMAN_REVIEW_RETAINED,false,false,false
COVAPIE_CYS_SG_EVENT_V1:1WOF:A:CYS:145-:SG:C:I12:C21,COVAPIE_BULK_REVIEW_UNIT_7D83F048AF8A2295,1WOF,I12,UNREVIEWED,,NEG_V2_DTT_CRYSTALLIZATION_REDUCING_ADDUCT_EXACT,NOT_MATCHED,"PREDICATE_MISMATCH:automorphism_derived_dtt_sulfur_endpoint,exact_1fvg_reagent_protein_context,exact_1fvg_source_structure_context,exact_dtt_component_graph_sha256,exact_dtt_component_identity,exact_ligand_reactive_element,exact_local_topology,exact_radius1_sha256,exact_radius2_sha256;UNAVAILABLE_OR_MALFORMED:exact_dtt_heavy_identity_and_charge[outcome.ccd_formal_charge_pattern:INVALID]",HUMAN_REVIEW_REQUIRED,NO_SINGLE_EXACT_RULE_MATCHED_EVERY_EVENT;HUMAN_REVIEW_RETAINED,false,false,false
COVAPIE_CYS_SG_EVENT_V1:1WOF:B:CYS:145-:SG:D:I12:C21,COVAPIE_BULK_REVIEW_UNIT_7D83F048AF8A2295,1WOF,I12,UNREVIEWED,,NEG_V1_TS_DUMP_CATALYTIC_ADDUCT_EXACT,NOT_MATCHED,"PREDICATE_MISMATCH:exact_ccd_component_graph_sha256,exact_ligand_reactive_atom,exact_radius1_sha256,exact_radius2_sha256,exact_ts_family_accession_sequence_key",HUMAN_REVIEW_REQUIRED,NO_SINGLE_EXACT_RULE_MATCHED_EVERY_EVENT;HUMAN_REVIEW_RETAINED,false,false,false
COVAPIE_CYS_SG_EVENT_V1:1WOF:B:CYS:145-:SG:D:I12:C21,COVAPIE_BULK_REVIEW_UNIT_7D83F048AF8A2295,1WOF,I12,UNREVIEWED,,NEG_V2_DTT_CRYSTALLIZATION_REDUCING_ADDUCT_EXACT,NOT_MATCHED,"PREDICATE_MISMATCH:automorphism_derived_dtt_sulfur_endpoint,exact_1fvg_reagent_protein_context,exact_1fvg_source_structure_context,exact_dtt_component_graph_sha256,exact_dtt_component_identity,exact_ligand_reactive_element,exact_local_topology,exact_radius1_sha256,exact_radius2_sha256;UNAVAILABLE_OR_MALFORMED:exact_dtt_heavy_identity_and_charge[outcome.ccd_formal_charge_pattern:INVALID]",HUMAN_REVIEW_REQUIRED,NO_SINGLE_EXACT_RULE_MATCHED_EVERY_EVENT;HUMAN_REVIEW_RETAINED,false,false,false
COVAPIE_CYS_SG_EVENT_V1:1XD3:A:CYS:95-:SG:H:GVE:CB,COVAPIE_BULK_REVIEW_UNIT_AAB4DCC7D3073222,1XD3,GVE,COMPLETED,NOT_RELEVANT_TO_COVAPIE_SMALL_MOLECULE_TASK,NEG_V1_TS_DUMP_CATALYTIC_ADDUCT_EXACT,NOT_MATCHED,"PREDICATE_MISMATCH:exact_ccd_component_graph_sha256,exact_ligand_reactive_atom,exact_radius1_sha256,exact_radius2_sha256,exact_ts_family_accession_sequence_key",HUMAN_NOT_RELEVANT_FINAL,CURRENT_HUMAN_NOT_RELEVANT_DECISION_HAS_SECOND_PRECEDENCE,true,false,false
COVAPIE_CYS_SG_EVENT_V1:1XD3:A:CYS:95-:SG:H:GVE:CB,COVAPIE_BULK_REVIEW_UNIT_AAB4DCC7D3073222,1XD3,GVE,COMPLETED,NOT_RELEVANT_TO_COVAPIE_SMALL_MOLECULE_TASK,NEG_V2_DTT_CRYSTALLIZATION_REDUCING_ADDUCT_EXACT,NOT_MATCHED,"PREDICATE_MISMATCH:automorphism_derived_dtt_sulfur_endpoint,exact_1fvg_reagent_protein_context,exact_1fvg_source_structure_context,exact_dtt_component_graph_sha256,exact_dtt_component_identity,exact_ligand_reactive_element,exact_local_topology,exact_radius1_sha256,exact_radius2_sha256;UNAVAILABLE_OR_MALFORMED:exact_dtt_heavy_identity_and_charge[outcome.ccd_formal_charge_pattern:INVALID]",HUMAN_NOT_RELEVANT_FINAL,CURRENT_HUMAN_NOT_RELEVANT_DECISION_HAS_SECOND_PRECEDENCE,true,false,false
COVAPIE_CYS_SG_EVENT_V1:1XD3:C:CYS:95-:SG:P:GVE:CB,COVAPIE_BULK_REVIEW_UNIT_AAB4DCC7D3073222,1XD3,GVE,COMPLETED,NOT_RELEVANT_TO_COVAPIE_SMALL_MOLECULE_TASK,NEG_V1_TS_DUMP_CATALYTIC_ADDUCT_EXACT,NOT_MATCHED,"PREDICATE_MISMATCH:exact_ccd_component_graph_sha256,exact_ligand_reactive_atom,exact_radius1_sha256,exact_radius2_sha256,exact_ts_family_accession_sequence_key",HUMAN_NOT_RELEVANT_FINAL,CURRENT_HUMAN_NOT_RELEVANT_DECISION_HAS_SECOND_PRECEDENCE,true,false,false
COVAPIE_CYS_SG_EVENT_V1:1XD3:C:CYS:95-:SG:P:GVE:CB,COVAPIE_BULK_REVIEW_UNIT_AAB4DCC7D3073222,1XD3,GVE,COMPLETED,NOT_RELEVANT_TO_COVAPIE_SMALL_MOLECULE_TASK,NEG_V2_DTT_CRYSTALLIZATION_REDUCING_ADDUCT_EXACT,NOT_MATCHED,"PREDICATE_MISMATCH:automorphism_derived_dtt_sulfur_endpoint,exact_1fvg_reagent_protein_context,exact_1fvg_source_structure_context,exact_dtt_component_graph_sha256,exact_dtt_component_identity,exact_ligand_reactive_element,exact_local_topology,exact_radius1_sha256,exact_radius2_sha256;UNAVAILABLE_OR_MALFORMED:exact_dtt_heavy_identity_and_charge[outcome.ccd_formal_charge_pattern:INVALID]",HUMAN_NOT_RELEVANT_FINAL,CURRENT_HUMAN_NOT_RELEVANT_DECISION_HAS_SECOND_PRECEDENCE,true,false,false
COVAPIE_CYS_SG_EVENT_V1:1ZPR:A:CYS:146-:SG:C:UMP:C6,COVAPIE_BULK_REVIEW_UNIT_EB1C0FF8712C32A9,1ZPR,UMP,UNREVIEWED,,NEG_V1_TS_DUMP_CATALYTIC_ADDUCT_EXACT,MATCHED_AUTO_NEGATIVE_EXACT,ALL_EXACT_PREDICATES_MATCHED,AUTO_NEGATIVE_EXACT_FINAL,EVERY_EVENT_IN_UNIT_MATCHED_SAME_EXACT_RULE_WITHOUT_OVERRIDE,false,true,false
COVAPIE_CYS_SG_EVENT_V1:1ZPR:A:CYS:146-:SG:C:UMP:C6,COVAPIE_BULK_REVIEW_UNIT_EB1C0FF8712C32A9,1ZPR,UMP,UNREVIEWED,,NEG_V2_DTT_CRYSTALLIZATION_REDUCING_ADDUCT_EXACT,NOT_MATCHED,"PREDICATE_MISMATCH:automorphism_derived_dtt_sulfur_endpoint,exact_1fvg_reagent_protein_context,exact_1fvg_source_structure_context,exact_dtt_component_graph_sha256,exact_dtt_component_identity,exact_ligand_reactive_element,exact_local_topology,exact_radius1_sha256,exact_radius2_sha256,structured_source_boundary;UNAVAILABLE_OR_MALFORMED:exact_dtt_heavy_identity_and_charge[outcome.ccd_formal_charge_pattern:INVALID]",AUTO_NEGATIVE_EXACT_FINAL,EVERY_EVENT_IN_UNIT_MATCHED_SAME_EXACT_RULE_WITHOUT_OVERRIDE,false,true,false
COVAPIE_CYS_SG_EVENT_V1:207L:A:CYS:95-:SG:B:SC2:SG,COVAPIE_BULK_REVIEW_UNIT_971451AE7B5617B9,207L,SC2,UNREVIEWED,,NEG_V1_TS_DUMP_CATALYTIC_ADDUCT_EXACT,NOT_MATCHED,"PREDICATE_MISMATCH:exact_ccd_component_graph_sha256,exact_ligand_reactive_atom,exact_ligand_reactive_element,exact_radius1_sha256,exact_radius2_sha256,exact_ts_family_accession_sequence_key",HUMAN_REVIEW_REQUIRED,NO_SINGLE_EXACT_RULE_MATCHED_EVERY_EVENT;HUMAN_REVIEW_RETAINED,false,false,false
COVAPIE_CYS_SG_EVENT_V1:207L:A:CYS:95-:SG:B:SC2:SG,COVAPIE_BULK_REVIEW_UNIT_971451AE7B5617B9,207L,SC2,UNREVIEWED,,NEG_V2_DTT_CRYSTALLIZATION_REDUCING_ADDUCT_EXACT,NOT_MATCHED,"PREDICATE_MISMATCH:automorphism_derived_dtt_sulfur_endpoint,exact_1fvg_reagent_protein_context,exact_1fvg_source_structure_context,exact_dtt_component_graph_sha256,exact_dtt_component_identity;UNAVAILABLE_OR_MALFORMED:exact_dtt_heavy_identity_and_charge[outcome.ccd_formal_charge_pattern:INVALID]",HUMAN_REVIEW_REQUIRED,NO_SINGLE_EXACT_RULE_MATCHED_EVERY_EVENT;HUMAN_REVIEW_RETAINED,false,false,false
COVAPIE_CYS_SG_EVENT_V1:2A5I:A:CYS:145-:SG:B:AZP:CBM,COVAPIE_BULK_REVIEW_UNIT_7FB64BA2D198B24F,2A5I,AZP,UNREVIEWED,,NEG_V1_TS_DUMP_CATALYTIC_ADDUCT_EXACT,NOT_MATCHED,"PREDICATE_MISMATCH:exact_ccd_component_graph_sha256,exact_ligand_reactive_atom,exact_radius1_sha256,exact_radius2_sha256,exact_ts_family_accession_sequence_key",HUMAN_REVIEW_REQUIRED,NO_SINGLE_EXACT_RULE_MATCHED_EVERY_EVENT;HUMAN_REVIEW_RETAINED,false,false,false
COVAPIE_CYS_SG_EVENT_V1:2A5I:A:CYS:145-:SG:B:AZP:CBM,COVAPIE_BULK_REVIEW_UNIT_7FB64BA2D198B24F,2A5I,AZP,UNREVIEWED,,NEG_V2_DTT_CRYSTALLIZATION_REDUCING_ADDUCT_EXACT,NOT_MATCHED,"PREDICATE_MISMATCH:automorphism_derived_dtt_sulfur_endpoint,exact_1fvg_reagent_protein_context,exact_1fvg_source_structure_context,exact_dtt_component_graph_sha256,exact_dtt_component_identity,exact_ligand_reactive_element,exact_local_topology,exact_radius1_sha256,exact_radius2_sha256;UNAVAILABLE_OR_MALFORMED:exact_dtt_heavy_identity_and_charge[outcome.ccd_formal_charge_pattern:INVALID]",HUMAN_REVIEW_REQUIRED,NO_SINGLE_EXACT_RULE_MATCHED_EVERY_EVENT;HUMAN_REVIEW_RETAINED,false,false,false
COVAPIE_CYS_SG_EVENT_V1:2A5K:A:CYS:145-:SG:C:AZP:CBM,COVAPIE_BULK_REVIEW_UNIT_7FB64BA2D198B24F,2A5K,AZP,UNREVIEWED,,NEG_V1_TS_DUMP_CATALYTIC_ADDUCT_EXACT,NOT_MATCHED,"PREDICATE_MISMATCH:exact_ccd_component_graph_sha256,exact_ligand_reactive_atom,exact_radius1_sha256,exact_radius2_sha256,exact_ts_family_accession_sequence_key",HUMAN_REVIEW_REQUIRED,NO_SINGLE_EXACT_RULE_MATCHED_EVERY_EVENT;HUMAN_REVIEW_RETAINED,false,false,false
COVAPIE_CYS_SG_EVENT_V1:2A5K:A:CYS:145-:SG:C:AZP:CBM,COVAPIE_BULK_REVIEW_UNIT_7FB64BA2D198B24F,2A5K,AZP,UNREVIEWED,,NEG_V2_DTT_CRYSTALLIZATION_REDUCING_ADDUCT_EXACT,NOT_MATCHED,"PREDICATE_MISMATCH:automorphism_derived_dtt_sulfur_endpoint,exact_1fvg_reagent_protein_context,exact_1fvg_source_structure_context,exact_dtt_component_graph_sha256,exact_dtt_component_identity,exact_ligand_reactive_element,exact_local_topology,exact_radius1_sha256,exact_radius2_sha256;UNAVAILABLE_OR_MALFORMED:exact_dtt_heavy_identity_and_charge[outcome.ccd_formal_charge_pattern:INVALID]",HUMAN_REVIEW_REQUIRED,NO_SINGLE_EXACT_RULE_MATCHED_EVERY_EVENT;HUMAN_REVIEW_RETAINED,false,false,false
COVAPIE_CYS_SG_EVENT_V1:2A5K:B:CYS:145-:SG:D:AZP:CBM,COVAPIE_BULK_REVIEW_UNIT_7FB64BA2D198B24F,2A5K,AZP,UNREVIEWED,,NEG_V1_TS_DUMP_CATALYTIC_ADDUCT_EXACT,NOT_MATCHED,"PREDICATE_MISMATCH:exact_ccd_component_graph_sha256,exact_ligand_reactive_atom,exact_radius1_sha256,exact_radius2_sha256,exact_ts_family_accession_sequence_key",HUMAN_REVIEW_REQUIRED,NO_SINGLE_EXACT_RULE_MATCHED_EVERY_EVENT;HUMAN_REVIEW_RETAINED,false,false,false
COVAPIE_CYS_SG_EVENT_V1:2A5K:B:CYS:145-:SG:D:AZP:CBM,COVAPIE_BULK_REVIEW_UNIT_7FB64BA2D198B24F,2A5K,AZP,UNREVIEWED,,NEG_V2_DTT_CRYSTALLIZATION_REDUCING_ADDUCT_EXACT,NOT_MATCHED,"PREDICATE_MISMATCH:automorphism_derived_dtt_sulfur_endpoint,exact_1fvg_reagent_protein_context,exact_1fvg_source_structure_context,exact_dtt_component_graph_sha256,exact_dtt_component_identity,exact_ligand_reactive_element,exact_local_topology,exact_radius1_sha256,exact_radius2_sha256;UNAVAILABLE_OR_MALFORMED:exact_dtt_heavy_identity_and_charge[outcome.ccd_formal_charge_pattern:INVALID]",HUMAN_REVIEW_REQUIRED,NO_SINGLE_EXACT_RULE_MATCHED_EVERY_EVENT;HUMAN_REVIEW_RETAINED,false,false,false
COVAPIE_CYS_SG_EVENT_V1:2AAZ:A:CYS:187-:SG:Q:UMP:C6,COVAPIE_BULK_REVIEW_UNIT_5184266C4D495D18,2AAZ,UMP,COMPLETED,NOT_RELEVANT_TO_COVAPIE_SMALL_MOLECULE_TASK,NEG_V1_TS_DUMP_CATALYTIC_ADDUCT_EXACT,MATCHED_AUTO_NEGATIVE_EXACT,ALL_EXACT_PREDICATES_MATCHED,HUMAN_NOT_RELEVANT_FINAL,CURRENT_HUMAN_NOT_RELEVANT_DECISION_HAS_SECOND_PRECEDENCE,true,false,false
COVAPIE_CYS_SG_EVENT_V1:2AAZ:A:CYS:187-:SG:Q:UMP:C6,COVAPIE_BULK_REVIEW_UNIT_5184266C4D495D18,2AAZ,UMP,COMPLETED,NOT_RELEVANT_TO_COVAPIE_SMALL_MOLECULE_TASK,NEG_V2_DTT_CRYSTALLIZATION_REDUCING_ADDUCT_EXACT,NOT_MATCHED,"PREDICATE_MISMATCH:automorphism_derived_dtt_sulfur_endpoint,exact_1fvg_reagent_protein_context,exact_1fvg_source_structure_context,exact_dtt_component_graph_sha256,exact_dtt_component_identity,exact_ligand_reactive_element,exact_local_topology,exact_radius1_sha256,exact_radius2_sha256;UNAVAILABLE_OR_MALFORMED:exact_dtt_heavy_identity_and_charge[outcome.ccd_formal_charge_pattern:INVALID]",HUMAN_NOT_RELEVANT_FINAL,CURRENT_HUMAN_NOT_RELEVANT_DECISION_HAS_SECOND_PRECEDENCE,true,false,false
COVAPIE_CYS_SG_EVENT_V1:2AAZ:B:CYS:187-:SG:S:UMP:C6,COVAPIE_BULK_REVIEW_UNIT_5184266C4D495D18,2AAZ,UMP,COMPLETED,NOT_RELEVANT_TO_COVAPIE_SMALL_MOLECULE_TASK,NEG_V1_TS_DUMP_CATALYTIC_ADDUCT_EXACT,MATCHED_AUTO_NEGATIVE_EXACT,ALL_EXACT_PREDICATES_MATCHED,HUMAN_NOT_RELEVANT_FINAL,CURRENT_HUMAN_NOT_RELEVANT_DECISION_HAS_SECOND_PRECEDENCE,true,false,false
COVAPIE_CYS_SG_EVENT_V1:2AAZ:B:CYS:187-:SG:S:UMP:C6,COVAPIE_BULK_REVIEW_UNIT_5184266C4D495D18,2AAZ,UMP,COMPLETED,NOT_RELEVANT_TO_COVAPIE_SMALL_MOLECULE_TASK,NEG_V2_DTT_CRYSTALLIZATION_REDUCING_ADDUCT_EXACT,NOT_MATCHED,"PREDICATE_MISMATCH:automorphism_derived_dtt_sulfur_endpoint,exact_1fvg_reagent_protein_context,exact_1fvg_source_structure_context,exact_dtt_component_graph_sha256,exact_dtt_component_identity,exact_ligand_reactive_element,exact_local_topology,exact_radius1_sha256,exact_radius2_sha256;UNAVAILABLE_OR_MALFORMED:exact_dtt_heavy_identity_and_charge[outcome.ccd_formal_charge_pattern:INVALID]",HUMAN_NOT_RELEVANT_FINAL,CURRENT_HUMAN_NOT_RELEVANT_DECISION_HAS_SECOND_PRECEDENCE,true,false,false
COVAPIE_CYS_SG_EVENT_V1:2AAZ:C:CYS:187-:SG:U:UMP:C6,COVAPIE_BULK_REVIEW_UNIT_5184266C4D495D18,2AAZ,UMP,COMPLETED,NOT_RELEVANT_TO_COVAPIE_SMALL_MOLECULE_TASK,NEG_V1_TS_DUMP_CATALYTIC_ADDUCT_EXACT,MATCHED_AUTO_NEGATIVE_EXACT,ALL_EXACT_PREDICATES_MATCHED,HUMAN_NOT_RELEVANT_FINAL,CURRENT_HUMAN_NOT_RELEVANT_DECISION_HAS_SECOND_PRECEDENCE,true,false,false
COVAPIE_CYS_SG_EVENT_V1:2AAZ:C:CYS:187-:SG:U:UMP:C6,COVAPIE_BULK_REVIEW_UNIT_5184266C4D495D18,2AAZ,UMP,COMPLETED,NOT_RELEVANT_TO_COVAPIE_SMALL_MOLECULE_TASK,NEG_V2_DTT_CRYSTALLIZATION_REDUCING_ADDUCT_EXACT,NOT_MATCHED,"PREDICATE_MISMATCH:automorphism_derived_dtt_sulfur_endpoint,exact_1fvg_reagent_protein_context,exact_1fvg_source_structure_context,exact_dtt_component_graph_sha256,exact_dtt_component_identity,exact_ligand_reactive_element,exact_local_topology,exact_radius1_sha256,exact_radius2_sha256;UNAVAILABLE_OR_MALFORMED:exact_dtt_heavy_identity_and_charge[outcome.ccd_formal_charge_pattern:INVALID]",HUMAN_NOT_RELEVANT_FINAL,CURRENT_HUMAN_NOT_RELEVANT_DECISION_HAS_SECOND_PRECEDENCE,true,false,false
COVAPIE_CYS_SG_EVENT_V1:2AAZ:D:CYS:187-:SG:W:UMP:C6,COVAPIE_BULK_REVIEW_UNIT_5184266C4D495D18,2AAZ,UMP,COMPLETED,NOT_RELEVANT_TO_COVAPIE_SMALL_MOLECULE_TASK,NEG_V1_TS_DUMP_CATALYTIC_ADDUCT_EXACT,MATCHED_AUTO_NEGATIVE_EXACT,ALL_EXACT_PREDICATES_MATCHED,HUMAN_NOT_RELEVANT_FINAL,CURRENT_HUMAN_NOT_RELEVANT_DECISION_HAS_SECOND_PRECEDENCE,true,false,false
COVAPIE_CYS_SG_EVENT_V1:2AAZ:D:CYS:187-:SG:W:UMP:C6,COVAPIE_BULK_REVIEW_UNIT_5184266C4D495D18,2AAZ,UMP,COMPLETED,NOT_RELEVANT_TO_COVAPIE_SMALL_MOLECULE_TASK,NEG_V2_DTT_CRYSTALLIZATION_REDUCING_ADDUCT_EXACT,NOT_MATCHED,"PREDICATE_MISMATCH:automorphism_derived_dtt_sulfur_endpoint,exact_1fvg_reagent_protein_context,exact_1fvg_source_structure_context,exact_dtt_component_graph_sha256,exact_dtt_component_identity,exact_ligand_reactive_element,exact_local_topology,exact_radius1_sha256,exact_radius2_sha256;UNAVAILABLE_OR_MALFORMED:exact_dtt_heavy_identity_and_charge[outcome.ccd_formal_charge_pattern:INVALID]",HUMAN_NOT_RELEVANT_FINAL,CURRENT_HUMAN_NOT_RELEVANT_DECISION_HAS_SECOND_PRECEDENCE,true,false,false
COVAPIE_CYS_SG_EVENT_V1:2AAZ:E:CYS:187-:SG:Y:UMP:C6,COVAPIE_BULK_REVIEW_UNIT_5184266C4D495D18,2AAZ,UMP,COMPLETED,NOT_RELEVANT_TO_COVAPIE_SMALL_MOLECULE_TASK,NEG_V1_TS_DUMP_CATALYTIC_ADDUCT_EXACT,MATCHED_AUTO_NEGATIVE_EXACT,ALL_EXACT_PREDICATES_MATCHED,HUMAN_NOT_RELEVANT_FINAL,CURRENT_HUMAN_NOT_RELEVANT_DECISION_HAS_SECOND_PRECEDENCE,true,false,false
COVAPIE_CYS_SG_EVENT_V1:2AAZ:E:CYS:187-:SG:Y:UMP:C6,COVAPIE_BULK_REVIEW_UNIT_5184266C4D495D18,2AAZ,UMP,COMPLETED,NOT_RELEVANT_TO_COVAPIE_SMALL_MOLECULE_TASK,NEG_V2_DTT_CRYSTALLIZATION_REDUCING_ADDUCT_EXACT,NOT_MATCHED,"PREDICATE_MISMATCH:automorphism_derived_dtt_sulfur_endpoint,exact_1fvg_reagent_protein_context,exact_1fvg_source_structure_context,exact_dtt_component_graph_sha256,exact_dtt_component_identity,exact_ligand_reactive_element,exact_local_topology,exact_radius1_sha256,exact_radius2_sha256;UNAVAILABLE_OR_MALFORMED:exact_dtt_heavy_identity_and_charge[outcome.ccd_formal_charge_pattern:INVALID]",HUMAN_NOT_RELEVANT_FINAL,CURRENT_HUMAN_NOT_RELEVANT_DECISION_HAS_SECOND_PRECEDENCE,true,false,false
COVAPIE_CYS_SG_EVENT_V1:2AAZ:F:CYS:187-:SG:AA:UMP:C6,COVAPIE_BULK_REVIEW_UNIT_5184266C4D495D18,2AAZ,UMP,COMPLETED,NOT_RELEVANT_TO_COVAPIE_SMALL_MOLECULE_TASK,NEG_V1_TS_DUMP_CATALYTIC_ADDUCT_EXACT,MATCHED_AUTO_NEGATIVE_EXACT,ALL_EXACT_PREDICATES_MATCHED,HUMAN_NOT_RELEVANT_FINAL,CURRENT_HUMAN_NOT_RELEVANT_DECISION_HAS_SECOND_PRECEDENCE,true,false,false
COVAPIE_CYS_SG_EVENT_V1:2AAZ:F:CYS:187-:SG:AA:UMP:C6,COVAPIE_BULK_REVIEW_UNIT_5184266C4D495D18,2AAZ,UMP,COMPLETED,NOT_RELEVANT_TO_COVAPIE_SMALL_MOLECULE_TASK,NEG_V2_DTT_CRYSTALLIZATION_REDUCING_ADDUCT_EXACT,NOT_MATCHED,"PREDICATE_MISMATCH:automorphism_derived_dtt_sulfur_endpoint,exact_1fvg_reagent_protein_context,exact_1fvg_source_structure_context,exact_dtt_component_graph_sha256,exact_dtt_component_identity,exact_ligand_reactive_element,exact_local_topology,exact_radius1_sha256,exact_radius2_sha256;UNAVAILABLE_OR_MALFORMED:exact_dtt_heavy_identity_and_charge[outcome.ccd_formal_charge_pattern:INVALID]",HUMAN_NOT_RELEVANT_FINAL,CURRENT_HUMAN_NOT_RELEVANT_DECISION_HAS_SECOND_PRECEDENCE,true,false,false
COVAPIE_CYS_SG_EVENT_V1:2AAZ:G:CYS:187-:SG:CA:UMP:C6,COVAPIE_BULK_REVIEW_UNIT_5184266C4D495D18,2AAZ,UMP,COMPLETED,NOT_RELEVANT_TO_COVAPIE_SMALL_MOLECULE_TASK,NEG_V1_TS_DUMP_CATALYTIC_ADDUCT_EXACT,MATCHED_AUTO_NEGATIVE_EXACT,ALL_EXACT_PREDICATES_MATCHED,HUMAN_NOT_RELEVANT_FINAL,CURRENT_HUMAN_NOT_RELEVANT_DECISION_HAS_SECOND_PRECEDENCE,true,false,false
COVAPIE_CYS_SG_EVENT_V1:2AAZ:G:CYS:187-:SG:CA:UMP:C6,COVAPIE_BULK_REVIEW_UNIT_5184266C4D495D18,2AAZ,UMP,COMPLETED,NOT_RELEVANT_TO_COVAPIE_SMALL_MOLECULE_TASK,NEG_V2_DTT_CRYSTALLIZATION_REDUCING_ADDUCT_EXACT,NOT_MATCHED,"PREDICATE_MISMATCH:automorphism_derived_dtt_sulfur_endpoint,exact_1fvg_reagent_protein_context,exact_1fvg_source_structure_context,exact_dtt_component_graph_sha256,exact_dtt_component_identity,exact_ligand_reactive_element,exact_local_topology,exact_radius1_sha256,exact_radius2_sha256;UNAVAILABLE_OR_MALFORMED:exact_dtt_heavy_identity_and_charge[outcome.ccd_formal_charge_pattern:INVALID]",HUMAN_NOT_RELEVANT_FINAL,CURRENT_HUMAN_NOT_RELEVANT_DECISION_HAS_SECOND_PRECEDENCE,true,false,false
COVAPIE_CYS_SG_EVENT_V1:2AAZ:H:CYS:187-:SG:EA:UMP:C6,COVAPIE_BULK_REVIEW_UNIT_5184266C4D495D18,2AAZ,UMP,COMPLETED,NOT_RELEVANT_TO_COVAPIE_SMALL_MOLECULE_TASK,NEG_V1_TS_DUMP_CATALYTIC_ADDUCT_EXACT,MATCHED_AUTO_NEGATIVE_EXACT,ALL_EXACT_PREDICATES_MATCHED,HUMAN_NOT_RELEVANT_FINAL,CURRENT_HUMAN_NOT_RELEVANT_DECISION_HAS_SECOND_PRECEDENCE,true,false,false
COVAPIE_CYS_SG_EVENT_V1:2AAZ:H:CYS:187-:SG:EA:UMP:C6,COVAPIE_BULK_REVIEW_UNIT_5184266C4D495D18,2AAZ,UMP,COMPLETED,NOT_RELEVANT_TO_COVAPIE_SMALL_MOLECULE_TASK,NEG_V2_DTT_CRYSTALLIZATION_REDUCING_ADDUCT_EXACT,NOT_MATCHED,"PREDICATE_MISMATCH:automorphism_derived_dtt_sulfur_endpoint,exact_1fvg_reagent_protein_context,exact_1fvg_source_structure_context,exact_dtt_component_graph_sha256,exact_dtt_component_identity,exact_ligand_reactive_element,exact_local_topology,exact_radius1_sha256,exact_radius2_sha256;UNAVAILABLE_OR_MALFORMED:exact_dtt_heavy_identity_and_charge[outcome.ccd_formal_charge_pattern:INVALID]",HUMAN_NOT_RELEVANT_FINAL,CURRENT_HUMAN_NOT_RELEVANT_DECISION_HAS_SECOND_PRECEDENCE,true,false,false
COVAPIE_CYS_SG_EVENT_V1:2AAZ:I:CYS:187-:SG:GA:UMP:C6,COVAPIE_BULK_REVIEW_UNIT_5184266C4D495D18,2AAZ,UMP,COMPLETED,NOT_RELEVANT_TO_COVAPIE_SMALL_MOLECULE_TASK,NEG_V1_TS_DUMP_CATALYTIC_ADDUCT_EXACT,MATCHED_AUTO_NEGATIVE_EXACT,ALL_EXACT_PREDICATES_MATCHED,HUMAN_NOT_RELEVANT_FINAL,CURRENT_HUMAN_NOT_RELEVANT_DECISION_HAS_SECOND_PRECEDENCE,true,false,false
COVAPIE_CYS_SG_EVENT_V1:2AAZ:I:CYS:187-:SG:GA:UMP:C6,COVAPIE_BULK_REVIEW_UNIT_5184266C4D495D18,2AAZ,UMP,COMPLETED,NOT_RELEVANT_TO_COVAPIE_SMALL_MOLECULE_TASK,NEG_V2_DTT_CRYSTALLIZATION_REDUCING_ADDUCT_EXACT,NOT_MATCHED,"PREDICATE_MISMATCH:automorphism_derived_dtt_sulfur_endpoint,exact_1fvg_reagent_protein_context,exact_1fvg_source_structure_context,exact_dtt_component_graph_sha256,exact_dtt_component_identity,exact_ligand_reactive_element,exact_local_topology,exact_radius1_sha256,exact_radius2_sha256;UNAVAILABLE_OR_MALFORMED:exact_dtt_heavy_identity_and_charge[outcome.ccd_formal_charge_pattern:INVALID]",HUMAN_NOT_RELEVANT_FINAL,CURRENT_HUMAN_NOT_RELEVANT_DECISION_HAS_SECOND_PRECEDENCE,true,false,false
COVAPIE_CYS_SG_EVENT_V1:2AAZ:J:CYS:187-:SG:HA:UMP:C6,COVAPIE_BULK_REVIEW_UNIT_5184266C4D495D18,2AAZ,UMP,COMPLETED,NOT_RELEVANT_TO_COVAPIE_SMALL_MOLECULE_TASK,NEG_V1_TS_DUMP_CATALYTIC_ADDUCT_EXACT,MATCHED_AUTO_NEGATIVE_EXACT,ALL_EXACT_PREDICATES_MATCHED,HUMAN_NOT_RELEVANT_FINAL,CURRENT_HUMAN_NOT_RELEVANT_DECISION_HAS_SECOND_PRECEDENCE,true,false,false
COVAPIE_CYS_SG_EVENT_V1:2AAZ:J:CYS:187-:SG:HA:UMP:C6,COVAPIE_BULK_REVIEW_UNIT_5184266C4D495D18,2AAZ,UMP,COMPLETED,NOT_RELEVANT_TO_COVAPIE_SMALL_MOLECULE_TASK,NEG_V2_DTT_CRYSTALLIZATION_REDUCING_ADDUCT_EXACT,NOT_MATCHED,"PREDICATE_MISMATCH:automorphism_derived_dtt_sulfur_endpoint,exact_1fvg_reagent_protein_context,exact_1fvg_source_structure_context,exact_dtt_component_graph_sha256,exact_dtt_component_identity,exact_ligand_reactive_element,exact_local_topology,exact_radius1_sha256,exact_radius2_sha256;UNAVAILABLE_OR_MALFORMED:exact_dtt_heavy_identity_and_charge[outcome.ccd_formal_charge_pattern:INVALID]",HUMAN_NOT_RELEVANT_FINAL,CURRENT_HUMAN_NOT_RELEVANT_DECISION_HAS_SECOND_PRECEDENCE,true,false,false
COVAPIE_CYS_SG_EVENT_V1:2AAZ:K:CYS:187-:SG:IA:UMP:C6,COVAPIE_BULK_REVIEW_UNIT_5184266C4D495D18,2AAZ,UMP,COMPLETED,NOT_RELEVANT_TO_COVAPIE_SMALL_MOLECULE_TASK,NEG_V1_TS_DUMP_CATALYTIC_ADDUCT_EXACT,MATCHED_AUTO_NEGATIVE_EXACT,ALL_EXACT_PREDICATES_MATCHED,HUMAN_NOT_RELEVANT_FINAL,CURRENT_HUMAN_NOT_RELEVANT_DECISION_HAS_SECOND_PRECEDENCE,true,false,false
COVAPIE_CYS_SG_EVENT_V1:2AAZ:K:CYS:187-:SG:IA:UMP:C6,COVAPIE_BULK_REVIEW_UNIT_5184266C4D495D18,2AAZ,UMP,COMPLETED,NOT_RELEVANT_TO_COVAPIE_SMALL_MOLECULE_TASK,NEG_V2_DTT_CRYSTALLIZATION_REDUCING_ADDUCT_EXACT,NOT_MATCHED,"PREDICATE_MISMATCH:automorphism_derived_dtt_sulfur_endpoint,exact_1fvg_reagent_protein_context,exact_1fvg_source_structure_context,exact_dtt_component_graph_sha256,exact_dtt_component_identity,exact_ligand_reactive_element,exact_local_topology,exact_radius1_sha256,exact_radius2_sha256;UNAVAILABLE_OR_MALFORMED:exact_dtt_heavy_identity_and_charge[outcome.ccd_formal_charge_pattern:INVALID]",HUMAN_NOT_RELEVANT_FINAL,CURRENT_HUMAN_NOT_RELEVANT_DECISION_HAS_SECOND_PRECEDENCE,true,false,false
COVAPIE_CYS_SG_EVENT_V1:2AAZ:L:CYS:187-:SG:JA:UMP:C6,COVAPIE_BULK_REVIEW_UNIT_5184266C4D495D18,2AAZ,UMP,COMPLETED,NOT_RELEVANT_TO_COVAPIE_SMALL_MOLECULE_TASK,NEG_V1_TS_DUMP_CATALYTIC_ADDUCT_EXACT,MATCHED_AUTO_NEGATIVE_EXACT,ALL_EXACT_PREDICATES_MATCHED,HUMAN_NOT_RELEVANT_FINAL,CURRENT_HUMAN_NOT_RELEVANT_DECISION_HAS_SECOND_PRECEDENCE,true,false,false
COVAPIE_CYS_SG_EVENT_V1:2AAZ:L:CYS:187-:SG:JA:UMP:C6,COVAPIE_BULK_REVIEW_UNIT_5184266C4D495D18,2AAZ,UMP,COMPLETED,NOT_RELEVANT_TO_COVAPIE_SMALL_MOLECULE_TASK,NEG_V2_DTT_CRYSTALLIZATION_REDUCING_ADDUCT_EXACT,NOT_MATCHED,"PREDICATE_MISMATCH:automorphism_derived_dtt_sulfur_endpoint,exact_1fvg_reagent_protein_context,exact_1fvg_source_structure_context,exact_dtt_component_graph_sha256,exact_dtt_component_identity,exact_ligand_reactive_element,exact_local_topology,exact_radius1_sha256,exact_radius2_sha256;UNAVAILABLE_OR_MALFORMED:exact_dtt_heavy_identity_and_charge[outcome.ccd_formal_charge_pattern:INVALID]",HUMAN_NOT_RELEVANT_FINAL,CURRENT_HUMAN_NOT_RELEVANT_DECISION_HAS_SECOND_PRECEDENCE,true,false,false
COVAPIE_CYS_SG_EVENT_V1:2AAZ:M:CYS:187-:SG:KA:UMP:C6,COVAPIE_BULK_REVIEW_UNIT_5184266C4D495D18,2AAZ,UMP,COMPLETED,NOT_RELEVANT_TO_COVAPIE_SMALL_MOLECULE_TASK,NEG_V1_TS_DUMP_CATALYTIC_ADDUCT_EXACT,MATCHED_AUTO_NEGATIVE_EXACT,ALL_EXACT_PREDICATES_MATCHED,HUMAN_NOT_RELEVANT_FINAL,CURRENT_HUMAN_NOT_RELEVANT_DECISION_HAS_SECOND_PRECEDENCE,true,false,false
COVAPIE_CYS_SG_EVENT_V1:2AAZ:M:CYS:187-:SG:KA:UMP:C6,COVAPIE_BULK_REVIEW_UNIT_5184266C4D495D18,2AAZ,UMP,COMPLETED,NOT_RELEVANT_TO_COVAPIE_SMALL_MOLECULE_TASK,NEG_V2_DTT_CRYSTALLIZATION_REDUCING_ADDUCT_EXACT,NOT_MATCHED,"PREDICATE_MISMATCH:automorphism_derived_dtt_sulfur_endpoint,exact_1fvg_reagent_protein_context,exact_1fvg_source_structure_context,exact_dtt_component_graph_sha256,exact_dtt_component_identity,exact_ligand_reactive_element,exact_local_topology,exact_radius1_sha256,exact_radius2_sha256;UNAVAILABLE_OR_MALFORMED:exact_dtt_heavy_identity_and_charge[outcome.ccd_formal_charge_pattern:INVALID]",HUMAN_NOT_RELEVANT_FINAL,CURRENT_HUMAN_NOT_RELEVANT_DECISION_HAS_SECOND_PRECEDENCE,true,false,false
COVAPIE_CYS_SG_EVENT_V1:2AAZ:N:CYS:187-:SG:LA:UMP:C6,COVAPIE_BULK_REVIEW_UNIT_5184266C4D495D18,2AAZ,UMP,COMPLETED,NOT_RELEVANT_TO_COVAPIE_SMALL_MOLECULE_TASK,NEG_V1_TS_DUMP_CATALYTIC_ADDUCT_EXACT,MATCHED_AUTO_NEGATIVE_EXACT,ALL_EXACT_PREDICATES_MATCHED,HUMAN_NOT_RELEVANT_FINAL,CURRENT_HUMAN_NOT_RELEVANT_DECISION_HAS_SECOND_PRECEDENCE,true,false,false
COVAPIE_CYS_SG_EVENT_V1:2AAZ:N:CYS:187-:SG:LA:UMP:C6,COVAPIE_BULK_REVIEW_UNIT_5184266C4D495D18,2AAZ,UMP,COMPLETED,NOT_RELEVANT_TO_COVAPIE_SMALL_MOLECULE_TASK,NEG_V2_DTT_CRYSTALLIZATION_REDUCING_ADDUCT_EXACT,NOT_MATCHED,"PREDICATE_MISMATCH:automorphism_derived_dtt_sulfur_endpoint,exact_1fvg_reagent_protein_context,exact_1fvg_source_structure_context,exact_dtt_component_graph_sha256,exact_dtt_component_identity,exact_ligand_reactive_element,exact_local_topology,exact_radius1_sha256,exact_radius2_sha256;UNAVAILABLE_OR_MALFORMED:exact_dtt_heavy_identity_and_charge[outcome.ccd_formal_charge_pattern:INVALID]",HUMAN_NOT_RELEVANT_FINAL,CURRENT_HUMAN_NOT_RELEVANT_DECISION_HAS_SECOND_PRECEDENCE,true,false,false
COVAPIE_CYS_SG_EVENT_V1:2AAZ:O:CYS:187-:SG:MA:UMP:C6,COVAPIE_BULK_REVIEW_UNIT_5184266C4D495D18,2AAZ,UMP,COMPLETED,NOT_RELEVANT_TO_COVAPIE_SMALL_MOLECULE_TASK,NEG_V1_TS_DUMP_CATALYTIC_ADDUCT_EXACT,MATCHED_AUTO_NEGATIVE_EXACT,ALL_EXACT_PREDICATES_MATCHED,HUMAN_NOT_RELEVANT_FINAL,CURRENT_HUMAN_NOT_RELEVANT_DECISION_HAS_SECOND_PRECEDENCE,true,false,false
COVAPIE_CYS_SG_EVENT_V1:2AAZ:O:CYS:187-:SG:MA:UMP:C6,COVAPIE_BULK_REVIEW_UNIT_5184266C4D495D18,2AAZ,UMP,COMPLETED,NOT_RELEVANT_TO_COVAPIE_SMALL_MOLECULE_TASK,NEG_V2_DTT_CRYSTALLIZATION_REDUCING_ADDUCT_EXACT,NOT_MATCHED,"PREDICATE_MISMATCH:automorphism_derived_dtt_sulfur_endpoint,exact_1fvg_reagent_protein_context,exact_1fvg_source_structure_context,exact_dtt_component_graph_sha256,exact_dtt_component_identity,exact_ligand_reactive_element,exact_local_topology,exact_radius1_sha256,exact_radius2_sha256;UNAVAILABLE_OR_MALFORMED:exact_dtt_heavy_identity_and_charge[outcome.ccd_formal_charge_pattern:INVALID]",HUMAN_NOT_RELEVANT_FINAL,CURRENT_HUMAN_NOT_RELEVANT_DECISION_HAS_SECOND_PRECEDENCE,true,false,false
COVAPIE_CYS_SG_EVENT_V1:2AAZ:P:CYS:187-:SG:NA:UMP:C6,COVAPIE_BULK_REVIEW_UNIT_5184266C4D495D18,2AAZ,UMP,COMPLETED,NOT_RELEVANT_TO_COVAPIE_SMALL_MOLECULE_TASK,NEG_V1_TS_DUMP_CATALYTIC_ADDUCT_EXACT,MATCHED_AUTO_NEGATIVE_EXACT,ALL_EXACT_PREDICATES_MATCHED,HUMAN_NOT_RELEVANT_FINAL,CURRENT_HUMAN_NOT_RELEVANT_DECISION_HAS_SECOND_PRECEDENCE,true,false,false
COVAPIE_CYS_SG_EVENT_V1:2AAZ:P:CYS:187-:SG:NA:UMP:C6,COVAPIE_BULK_REVIEW_UNIT_5184266C4D495D18,2AAZ,UMP,COMPLETED,NOT_RELEVANT_TO_COVAPIE_SMALL_MOLECULE_TASK,NEG_V2_DTT_CRYSTALLIZATION_REDUCING_ADDUCT_EXACT,NOT_MATCHED,"PREDICATE_MISMATCH:automorphism_derived_dtt_sulfur_endpoint,exact_1fvg_reagent_protein_context,exact_1fvg_source_structure_context,exact_dtt_component_graph_sha256,exact_dtt_component_identity,exact_ligand_reactive_element,exact_local_topology,exact_radius1_sha256,exact_radius2_sha256;UNAVAILABLE_OR_MALFORMED:exact_dtt_heavy_identity_and_charge[outcome.ccd_formal_charge_pattern:INVALID]",HUMAN_NOT_RELEVANT_FINAL,CURRENT_HUMAN_NOT_RELEVANT_DECISION_HAS_SECOND_PRECEDENCE,true,false,false
COVAPIE_CYS_SG_EVENT_V1:2AMD:A:CYS:145-:SG:C:9IN:C23,COVAPIE_BULK_REVIEW_UNIT_B4F514DC9BD2350E,2AMD,9IN,UNREVIEWED,,NEG_V1_TS_DUMP_CATALYTIC_ADDUCT_EXACT,NOT_MATCHED,"PREDICATE_MISMATCH:exact_ccd_component_graph_sha256,exact_ligand_reactive_atom,exact_radius1_sha256,exact_radius2_sha256,exact_ts_family_accession_sequence_key",HUMAN_REVIEW_REQUIRED,NO_SINGLE_EXACT_RULE_MATCHED_EVERY_EVENT;HUMAN_REVIEW_RETAINED,false,false,false
COVAPIE_CYS_SG_EVENT_V1:2AMD:A:CYS:145-:SG:C:9IN:C23,COVAPIE_BULK_REVIEW_UNIT_B4F514DC9BD2350E,2AMD,9IN,UNREVIEWED,,NEG_V2_DTT_CRYSTALLIZATION_REDUCING_ADDUCT_EXACT,NOT_MATCHED,"PREDICATE_MISMATCH:automorphism_derived_dtt_sulfur_endpoint,exact_1fvg_reagent_protein_context,exact_1fvg_source_structure_context,exact_dtt_component_graph_sha256,exact_dtt_component_identity,exact_ligand_reactive_element,exact_local_topology,exact_radius1_sha256,exact_radius2_sha256;UNAVAILABLE_OR_MALFORMED:exact_dtt_heavy_identity_and_charge[outcome.ccd_formal_charge_pattern:INVALID]",HUMAN_REVIEW_REQUIRED,NO_SINGLE_EXACT_RULE_MATCHED_EVERY_EVENT;HUMAN_REVIEW_RETAINED,false,false,false
COVAPIE_CYS_SG_EVENT_V1:2AMD:B:CYS:145-:SG:D:9IN:C23,COVAPIE_BULK_REVIEW_UNIT_B4F514DC9BD2350E,2AMD,9IN,UNREVIEWED,,NEG_V1_TS_DUMP_CATALYTIC_ADDUCT_EXACT,NOT_MATCHED,"PREDICATE_MISMATCH:exact_ccd_component_graph_sha256,exact_ligand_reactive_atom,exact_radius1_sha256,exact_radius2_sha256,exact_ts_family_accession_sequence_key",HUMAN_REVIEW_REQUIRED,NO_SINGLE_EXACT_RULE_MATCHED_EVERY_EVENT;HUMAN_REVIEW_RETAINED,false,false,false
COVAPIE_CYS_SG_EVENT_V1:2AMD:B:CYS:145-:SG:D:9IN:C23,COVAPIE_BULK_REVIEW_UNIT_B4F514DC9BD2350E,2AMD,9IN,UNREVIEWED,,NEG_V2_DTT_CRYSTALLIZATION_REDUCING_ADDUCT_EXACT,NOT_MATCHED,"PREDICATE_MISMATCH:automorphism_derived_dtt_sulfur_endpoint,exact_1fvg_reagent_protein_context,exact_1fvg_source_structure_context,exact_dtt_component_graph_sha256,exact_dtt_component_identity,exact_ligand_reactive_element,exact_local_topology,exact_radius1_sha256,exact_radius2_sha256;UNAVAILABLE_OR_MALFORMED:exact_dtt_heavy_identity_and_charge[outcome.ccd_formal_charge_pattern:INVALID]",HUMAN_REVIEW_REQUIRED,NO_SINGLE_EXACT_RULE_MATCHED_EVERY_EVENT;HUMAN_REVIEW_RETAINED,false,false,false
COVAPIE_CYS_SG_EVENT_V1:2AMP:A:CYS:144-:SG:C:I12:C21,COVAPIE_BULK_REVIEW_UNIT_7D83F048AF8A2295,2AMP,I12,UNREVIEWED,,NEG_V1_TS_DUMP_CATALYTIC_ADDUCT_EXACT,NOT_MATCHED,"PREDICATE_MISMATCH:exact_ccd_component_graph_sha256,exact_ligand_reactive_atom,exact_radius1_sha256,exact_radius2_sha256,exact_ts_family_accession_sequence_key",HUMAN_REVIEW_REQUIRED,NO_SINGLE_EXACT_RULE_MATCHED_EVERY_EVENT;HUMAN_REVIEW_RETAINED,false,false,false
COVAPIE_CYS_SG_EVENT_V1:2AMP:A:CYS:144-:SG:C:I12:C21,COVAPIE_BULK_REVIEW_UNIT_7D83F048AF8A2295,2AMP,I12,UNREVIEWED,,NEG_V2_DTT_CRYSTALLIZATION_REDUCING_ADDUCT_EXACT,NOT_MATCHED,"PREDICATE_MISMATCH:automorphism_derived_dtt_sulfur_endpoint,exact_1fvg_reagent_protein_context,exact_1fvg_source_structure_context,exact_dtt_component_graph_sha256,exact_dtt_component_identity,exact_ligand_reactive_element,exact_local_topology,exact_radius1_sha256,exact_radius2_sha256;UNAVAILABLE_OR_MALFORMED:exact_dtt_heavy_identity_and_charge[outcome.ccd_formal_charge_pattern:INVALID]",HUMAN_REVIEW_REQUIRED,NO_SINGLE_EXACT_RULE_MATCHED_EVERY_EVENT;HUMAN_REVIEW_RETAINED,false,false,false
COVAPIE_CYS_SG_EVENT_V1:2AMP:B:CYS:144-:SG:D:I12:C21,COVAPIE_BULK_REVIEW_UNIT_7D83F048AF8A2295,2AMP,I12,UNREVIEWED,,NEG_V1_TS_DUMP_CATALYTIC_ADDUCT_EXACT,NOT_MATCHED,"PREDICATE_MISMATCH:exact_ccd_component_graph_sha256,exact_ligand_reactive_atom,exact_radius1_sha256,exact_radius2_sha256,exact_ts_family_accession_sequence_key",HUMAN_REVIEW_REQUIRED,NO_SINGLE_EXACT_RULE_MATCHED_EVERY_EVENT;HUMAN_REVIEW_RETAINED,false,false,false
COVAPIE_CYS_SG_EVENT_V1:2AMP:B:CYS:144-:SG:D:I12:C21,COVAPIE_BULK_REVIEW_UNIT_7D83F048AF8A2295,2AMP,I12,UNREVIEWED,,NEG_V2_DTT_CRYSTALLIZATION_REDUCING_ADDUCT_EXACT,NOT_MATCHED,"PREDICATE_MISMATCH:automorphism_derived_dtt_sulfur_endpoint,exact_1fvg_reagent_protein_context,exact_1fvg_source_structure_context,exact_dtt_component_graph_sha256,exact_dtt_component_identity,exact_ligand_reactive_element,exact_local_topology,exact_radius1_sha256,exact_radius2_sha256;UNAVAILABLE_OR_MALFORMED:exact_dtt_heavy_identity_and_charge[outcome.ccd_formal_charge_pattern:INVALID]",HUMAN_REVIEW_REQUIRED,NO_SINGLE_EXACT_RULE_MATCHED_EVERY_EVENT;HUMAN_REVIEW_RETAINED,false,false,false
COVAPIE_CYS_SG_EVENT_V1:2AWZ:A:CYS:366-:SG:G:5H:C1,COVAPIE_BULK_REVIEW_UNIT_C7881E5B728B2D19,2AWZ,5H,UNREVIEWED,,NEG_V1_TS_DUMP_CATALYTIC_ADDUCT_EXACT,NOT_MATCHED,"PREDICATE_MISMATCH:exact_ccd_component_graph_sha256,exact_ligand_reactive_atom,exact_radius1_sha256,exact_radius2_sha256,exact_ts_family_accession_sequence_key",HUMAN_REVIEW_REQUIRED,NO_SINGLE_EXACT_RULE_MATCHED_EVERY_EVENT;HUMAN_REVIEW_RETAINED,false,false,false
COVAPIE_CYS_SG_EVENT_V1:2AWZ:A:CYS:366-:SG:G:5H:C1,COVAPIE_BULK_REVIEW_UNIT_C7881E5B728B2D19,2AWZ,5H,UNREVIEWED,,NEG_V2_DTT_CRYSTALLIZATION_REDUCING_ADDUCT_EXACT,NOT_MATCHED,"PREDICATE_MISMATCH:automorphism_derived_dtt_sulfur_endpoint,exact_1fvg_reagent_protein_context,exact_1fvg_source_structure_context,exact_dtt_component_graph_sha256,exact_dtt_component_identity,exact_ligand_reactive_element,exact_local_topology,exact_radius1_sha256,exact_radius2_sha256;UNAVAILABLE_OR_MALFORMED:exact_dtt_heavy_identity_and_charge[outcome.ccd_formal_charge_pattern:INVALID]",HUMAN_REVIEW_REQUIRED,NO_SINGLE_EXACT_RULE_MATCHED_EVERY_EVENT;HUMAN_REVIEW_RETAINED,false,false,false
COVAPIE_CYS_SG_EVENT_V1:2AWZ:B:CYS:366-:SG:J:5H:C1,COVAPIE_BULK_REVIEW_UNIT_C7881E5B728B2D19,2AWZ,5H,UNREVIEWED,,NEG_V1_TS_DUMP_CATALYTIC_ADDUCT_EXACT,NOT_MATCHED,"PREDICATE_MISMATCH:exact_ccd_component_graph_sha256,exact_ligand_reactive_atom,exact_radius1_sha256,exact_radius2_sha256,exact_ts_family_accession_sequence_key",HUMAN_REVIEW_REQUIRED,NO_SINGLE_EXACT_RULE_MATCHED_EVERY_EVENT;HUMAN_REVIEW_RETAINED,false,false,false
COVAPIE_CYS_SG_EVENT_V1:2AWZ:B:CYS:366-:SG:J:5H:C1,COVAPIE_BULK_REVIEW_UNIT_C7881E5B728B2D19,2AWZ,5H,UNREVIEWED,,NEG_V2_DTT_CRYSTALLIZATION_REDUCING_ADDUCT_EXACT,NOT_MATCHED,"PREDICATE_MISMATCH:automorphism_derived_dtt_sulfur_endpoint,exact_1fvg_reagent_protein_context,exact_1fvg_source_structure_context,exact_dtt_component_graph_sha256,exact_dtt_component_identity,exact_ligand_reactive_element,exact_local_topology,exact_radius1_sha256,exact_radius2_sha256;UNAVAILABLE_OR_MALFORMED:exact_dtt_heavy_identity_and_charge[outcome.ccd_formal_charge_pattern:INVALID]",HUMAN_REVIEW_REQUIRED,NO_SINGLE_EXACT_RULE_MATCHED_EVERY_EVENT;HUMAN_REVIEW_RETAINED,false,false,false
COVAPIE_CYS_SG_EVENT_V1:2AX0:A:CYS:366-:SG:F:5X:C1,COVAPIE_BULK_REVIEW_UNIT_59100AAB78E957D9,2AX0,5X,COMPLETED,RELEVANT_FOR_COVAPIE_POST_ONLY_V1,NEG_V1_TS_DUMP_CATALYTIC_ADDUCT_EXACT,NOT_MATCHED,"PREDICATE_MISMATCH:exact_ccd_component_graph_sha256,exact_ligand_reactive_atom,exact_radius1_sha256,exact_radius2_sha256,exact_ts_family_accession_sequence_key,no_runtime_positive_override",HUMAN_RELEVANT_FINAL,CURRENT_HUMAN_RELEVANT_DECISION_HAS_FIRST_PRECEDENCE,true,false,false
COVAPIE_CYS_SG_EVENT_V1:2AX0:A:CYS:366-:SG:F:5X:C1,COVAPIE_BULK_REVIEW_UNIT_59100AAB78E957D9,2AX0,5X,COMPLETED,RELEVANT_FOR_COVAPIE_POST_ONLY_V1,NEG_V2_DTT_CRYSTALLIZATION_REDUCING_ADDUCT_EXACT,NOT_MATCHED,"PREDICATE_MISMATCH:automorphism_derived_dtt_sulfur_endpoint,exact_1fvg_reagent_protein_context,exact_1fvg_source_structure_context,exact_dtt_component_graph_sha256,exact_dtt_component_identity,exact_ligand_reactive_element,exact_local_topology,exact_radius1_sha256,exact_radius2_sha256,no_runtime_positive_override;UNAVAILABLE_OR_MALFORMED:exact_dtt_heavy_identity_and_charge[outcome.ccd_formal_charge_pattern:INVALID]",HUMAN_RELEVANT_FINAL,CURRENT_HUMAN_RELEVANT_DECISION_HAS_FIRST_PRECEDENCE,true,false,false
COVAPIE_CYS_SG_EVENT_V1:2AX0:B:CYS:366-:SG:K:5X:C1,COVAPIE_BULK_REVIEW_UNIT_59100AAB78E957D9,2AX0,5X,COMPLETED,RELEVANT_FOR_COVAPIE_POST_ONLY_V1,NEG_V1_TS_DUMP_CATALYTIC_ADDUCT_EXACT,NOT_MATCHED,"PREDICATE_MISMATCH:exact_ccd_component_graph_sha256,exact_ligand_reactive_atom,exact_radius1_sha256,exact_radius2_sha256,exact_ts_family_accession_sequence_key,no_runtime_positive_override",HUMAN_RELEVANT_FINAL,CURRENT_HUMAN_RELEVANT_DECISION_HAS_FIRST_PRECEDENCE,true,false,false
COVAPIE_CYS_SG_EVENT_V1:2AX0:B:CYS:366-:SG:K:5X:C1,COVAPIE_BULK_REVIEW_UNIT_59100AAB78E957D9,2AX0,5X,COMPLETED,RELEVANT_FOR_COVAPIE_POST_ONLY_V1,NEG_V2_DTT_CRYSTALLIZATION_REDUCING_ADDUCT_EXACT,NOT_MATCHED,"PREDICATE_MISMATCH:automorphism_derived_dtt_sulfur_endpoint,exact_1fvg_reagent_protein_context,exact_1fvg_source_structure_context,exact_dtt_component_graph_sha256,exact_dtt_component_identity,exact_ligand_reactive_element,exact_local_topology,exact_radius1_sha256,exact_radius2_sha256,no_runtime_positive_override;UNAVAILABLE_OR_MALFORMED:exact_dtt_heavy_identity_and_charge[outcome.ccd_formal_charge_pattern:INVALID]",HUMAN_RELEVANT_FINAL,CURRENT_HUMAN_RELEVANT_DECISION_HAS_FIRST_PRECEDENCE,true,false,false
COVAPIE_CYS_SG_EVENT_V1:2AX1:A:CYS:366-:SG:G:5EE:C1,COVAPIE_BULK_REVIEW_UNIT_CB81A8FAB5EEF2F7,2AX1,5EE,UNREVIEWED,,NEG_V1_TS_DUMP_CATALYTIC_ADDUCT_EXACT,NOT_MATCHED,"PREDICATE_MISMATCH:exact_ccd_component_graph_sha256,exact_ligand_reactive_atom,exact_radius1_sha256,exact_radius2_sha256,exact_ts_family_accession_sequence_key",HUMAN_REVIEW_REQUIRED,NO_SINGLE_EXACT_RULE_MATCHED_EVERY_EVENT;HUMAN_REVIEW_RETAINED,false,false,false
COVAPIE_CYS_SG_EVENT_V1:2AX1:A:CYS:366-:SG:G:5EE:C1,COVAPIE_BULK_REVIEW_UNIT_CB81A8FAB5EEF2F7,2AX1,5EE,UNREVIEWED,,NEG_V2_DTT_CRYSTALLIZATION_REDUCING_ADDUCT_EXACT,NOT_MATCHED,"PREDICATE_MISMATCH:automorphism_derived_dtt_sulfur_endpoint,exact_1fvg_reagent_protein_context,exact_1fvg_source_structure_context,exact_dtt_component_graph_sha256,exact_dtt_component_identity,exact_ligand_reactive_element,exact_local_topology,exact_radius1_sha256,exact_radius2_sha256;UNAVAILABLE_OR_MALFORMED:exact_dtt_heavy_identity_and_charge[outcome.ccd_formal_charge_pattern:INVALID]",HUMAN_REVIEW_REQUIRED,NO_SINGLE_EXACT_RULE_MATCHED_EVERY_EVENT;HUMAN_REVIEW_RETAINED,false,false,false
COVAPIE_CYS_SG_EVENT_V1:2AX1:B:CYS:366-:SG:L:5EE:C1,COVAPIE_BULK_REVIEW_UNIT_CB81A8FAB5EEF2F7,2AX1,5EE,UNREVIEWED,,NEG_V1_TS_DUMP_CATALYTIC_ADDUCT_EXACT,NOT_MATCHED,"PREDICATE_MISMATCH:exact_ccd_component_graph_sha256,exact_ligand_reactive_atom,exact_radius1_sha256,exact_radius2_sha256,exact_ts_family_accession_sequence_key",HUMAN_REVIEW_REQUIRED,NO_SINGLE_EXACT_RULE_MATCHED_EVERY_EVENT;HUMAN_REVIEW_RETAINED,false,false,false
COVAPIE_CYS_SG_EVENT_V1:2AX1:B:CYS:366-:SG:L:5EE:C1,COVAPIE_BULK_REVIEW_UNIT_CB81A8FAB5EEF2F7,2AX1,5EE,UNREVIEWED,,NEG_V2_DTT_CRYSTALLIZATION_REDUCING_ADDUCT_EXACT,NOT_MATCHED,"PREDICATE_MISMATCH:automorphism_derived_dtt_sulfur_endpoint,exact_1fvg_reagent_protein_context,exact_1fvg_source_structure_context,exact_dtt_component_graph_sha256,exact_dtt_component_identity,exact_ligand_reactive_element,exact_local_topology,exact_radius1_sha256,exact_radius2_sha256;UNAVAILABLE_OR_MALFORMED:exact_dtt_heavy_identity_and_charge[outcome.ccd_formal_charge_pattern:INVALID]",HUMAN_REVIEW_REQUIRED,NO_SINGLE_EXACT_RULE_MATCHED_EVERY_EVENT;HUMAN_REVIEW_RETAINED,false,false,false
COVAPIE_CYS_SG_EVENT_V1:2BBQ:A:CYS:146-:SG:C:UMP:C6,COVAPIE_BULK_REVIEW_UNIT_EB1C0FF8712C32A9,2BBQ,UMP,UNREVIEWED,,NEG_V1_TS_DUMP_CATALYTIC_ADDUCT_EXACT,MATCHED_AUTO_NEGATIVE_EXACT,ALL_EXACT_PREDICATES_MATCHED,AUTO_NEGATIVE_EXACT_FINAL,EVERY_EVENT_IN_UNIT_MATCHED_SAME_EXACT_RULE_WITHOUT_OVERRIDE,false,true,false
COVAPIE_CYS_SG_EVENT_V1:2BBQ:A:CYS:146-:SG:C:UMP:C6,COVAPIE_BULK_REVIEW_UNIT_EB1C0FF8712C32A9,2BBQ,UMP,UNREVIEWED,,NEG_V2_DTT_CRYSTALLIZATION_REDUCING_ADDUCT_EXACT,NOT_MATCHED,"PREDICATE_MISMATCH:automorphism_derived_dtt_sulfur_endpoint,exact_1fvg_reagent_protein_context,exact_1fvg_source_structure_context,exact_dtt_component_graph_sha256,exact_dtt_component_identity,exact_ligand_reactive_element,exact_local_topology,exact_radius1_sha256,exact_radius2_sha256;UNAVAILABLE_OR_MALFORMED:exact_dtt_heavy_identity_and_charge[outcome.ccd_formal_charge_pattern:INVALID]",AUTO_NEGATIVE_EXACT_FINAL,EVERY_EVENT_IN_UNIT_MATCHED_SAME_EXACT_RULE_WITHOUT_OVERRIDE,false,true,false
COVAPIE_CYS_SG_EVENT_V1:2BBQ:B:CYS:146-:SG:E:UMP:C6,COVAPIE_BULK_REVIEW_UNIT_EB1C0FF8712C32A9,2BBQ,UMP,UNREVIEWED,,NEG_V1_TS_DUMP_CATALYTIC_ADDUCT_EXACT,MATCHED_AUTO_NEGATIVE_EXACT,ALL_EXACT_PREDICATES_MATCHED,AUTO_NEGATIVE_EXACT_FINAL,EVERY_EVENT_IN_UNIT_MATCHED_SAME_EXACT_RULE_WITHOUT_OVERRIDE,false,true,false
COVAPIE_CYS_SG_EVENT_V1:2BBQ:B:CYS:146-:SG:E:UMP:C6,COVAPIE_BULK_REVIEW_UNIT_EB1C0FF8712C32A9,2BBQ,UMP,UNREVIEWED,,NEG_V2_DTT_CRYSTALLIZATION_REDUCING_ADDUCT_EXACT,NOT_MATCHED,"PREDICATE_MISMATCH:automorphism_derived_dtt_sulfur_endpoint,exact_1fvg_reagent_protein_context,exact_1fvg_source_structure_context,exact_dtt_component_graph_sha256,exact_dtt_component_identity,exact_ligand_reactive_element,exact_local_topology,exact_radius1_sha256,exact_radius2_sha256;UNAVAILABLE_OR_MALFORMED:exact_dtt_heavy_identity_and_charge[outcome.ccd_formal_charge_pattern:INVALID]",AUTO_NEGATIVE_EXACT_FINAL,EVERY_EVENT_IN_UNIT_MATCHED_SAME_EXACT_RULE_WITHOUT_OVERRIDE,false,true,false
COVAPIE_CYS_SG_EVENT_V1:2C6Q:D:CYS:186-:SG:O:IMP:C2,COVAPIE_BULK_REVIEW_UNIT_AAFC22DB88292B60,2C6Q,IMP,UNREVIEWED,,NEG_V1_TS_DUMP_CATALYTIC_ADDUCT_EXACT,NOT_MATCHED,"PREDICATE_MISMATCH:exact_ccd_component_graph_sha256,exact_ligand_reactive_atom,exact_radius1_sha256,exact_radius2_sha256,exact_ts_family_accession_sequence_key",HUMAN_REVIEW_REQUIRED,NO_SINGLE_EXACT_RULE_MATCHED_EVERY_EVENT;HUMAN_REVIEW_RETAINED,false,false,false
COVAPIE_CYS_SG_EVENT_V1:2C6Q:D:CYS:186-:SG:O:IMP:C2,COVAPIE_BULK_REVIEW_UNIT_AAFC22DB88292B60,2C6Q,IMP,UNREVIEWED,,NEG_V2_DTT_CRYSTALLIZATION_REDUCING_ADDUCT_EXACT,NOT_MATCHED,"PREDICATE_MISMATCH:automorphism_derived_dtt_sulfur_endpoint,exact_1fvg_reagent_protein_context,exact_1fvg_source_structure_context,exact_dtt_component_graph_sha256,exact_dtt_component_identity,exact_ligand_reactive_element,exact_local_topology,exact_radius1_sha256,exact_radius2_sha256;UNAVAILABLE_OR_MALFORMED:exact_dtt_heavy_identity_and_charge[outcome.ccd_formal_charge_pattern:INVALID]",HUMAN_REVIEW_REQUIRED,NO_SINGLE_EXACT_RULE_MATCHED_EVERY_EVENT;HUMAN_REVIEW_RETAINED,false,false,false
COVAPIE_CYS_SG_EVENT_V1:2EFT:A:CYS:112-:SG:E:MEE:S,COVAPIE_BULK_REVIEW_UNIT_164B59C21643F70A,2EFT,MEE,COMPLETED,NOT_RELEVANT_TO_COVAPIE_SMALL_MOLECULE_TASK,NEG_V1_TS_DUMP_CATALYTIC_ADDUCT_EXACT,NOT_MATCHED,"PREDICATE_MISMATCH:exact_ccd_component_graph_sha256,exact_ligand_reactive_atom,exact_ligand_reactive_element,exact_radius1_sha256,exact_radius2_sha256,exact_ts_family_accession_sequence_key",HUMAN_NOT_RELEVANT_FINAL,CURRENT_HUMAN_NOT_RELEVANT_DECISION_HAS_SECOND_PRECEDENCE,true,false,false
COVAPIE_CYS_SG_EVENT_V1:2EFT:A:CYS:112-:SG:E:MEE:S,COVAPIE_BULK_REVIEW_UNIT_164B59C21643F70A,2EFT,MEE,COMPLETED,NOT_RELEVANT_TO_COVAPIE_SMALL_MOLECULE_TASK,NEG_V2_DTT_CRYSTALLIZATION_REDUCING_ADDUCT_EXACT,NOT_MATCHED,"PREDICATE_MISMATCH:automorphism_derived_dtt_sulfur_endpoint,exact_1fvg_reagent_protein_context,exact_1fvg_source_structure_context,exact_dtt_component_graph_sha256,exact_dtt_component_identity,exact_local_topology,exact_radius2_sha256;UNAVAILABLE_OR_MALFORMED:exact_dtt_heavy_identity_and_charge[outcome.ccd_formal_charge_pattern:INVALID]",HUMAN_NOT_RELEVANT_FINAL,CURRENT_HUMAN_NOT_RELEVANT_DECISION_HAS_SECOND_PRECEDENCE,true,false,false
COVAPIE_CYS_SG_EVENT_V1:2EFT:B:CYS:103-:SG:G:MEE:S,COVAPIE_BULK_REVIEW_UNIT_164B59C21643F70A,2EFT,MEE,COMPLETED,NOT_RELEVANT_TO_COVAPIE_SMALL_MOLECULE_TASK,NEG_V1_TS_DUMP_CATALYTIC_ADDUCT_EXACT,NOT_MATCHED,"PREDICATE_MISMATCH:exact_ccd_component_graph_sha256,exact_ligand_reactive_atom,exact_ligand_reactive_element,exact_radius1_sha256,exact_radius2_sha256,exact_ts_family_accession_sequence_key",HUMAN_NOT_RELEVANT_FINAL,CURRENT_HUMAN_NOT_RELEVANT_DECISION_HAS_SECOND_PRECEDENCE,true,false,false
COVAPIE_CYS_SG_EVENT_V1:2EFT:B:CYS:103-:SG:G:MEE:S,COVAPIE_BULK_REVIEW_UNIT_164B59C21643F70A,2EFT,MEE,COMPLETED,NOT_RELEVANT_TO_COVAPIE_SMALL_MOLECULE_TASK,NEG_V2_DTT_CRYSTALLIZATION_REDUCING_ADDUCT_EXACT,NOT_MATCHED,"PREDICATE_MISMATCH:automorphism_derived_dtt_sulfur_endpoint,exact_1fvg_reagent_protein_context,exact_1fvg_source_structure_context,exact_dtt_component_graph_sha256,exact_dtt_component_identity,exact_local_topology,exact_radius2_sha256;UNAVAILABLE_OR_MALFORMED:exact_dtt_heavy_identity_and_charge[outcome.ccd_formal_charge_pattern:INVALID]",HUMAN_NOT_RELEVANT_FINAL,CURRENT_HUMAN_NOT_RELEVANT_DECISION_HAS_SECOND_PRECEDENCE,true,false,false
