canonical_event_id,review_unit_id,raw_priority_rank,current_review_status,ligand_component_id,ccd_component_graph_sha256,ccd_heavy_atom_graph_sha256,ccd_heavy_atom_count,formal_charge_representation_json,formal_charge_representation_authoritative,ligand_reactive_atom,ligand_reactive_element,reactive_center_radius1_sha256,reactive_center_radius2_sha256,ccd_retained_heavy_atom_coverage_complete,explicit_cys_sg_endpoint_semantics,source_atom_id_namespace,positive_reference_event_count,shadow_status,strict_shadow_match,matching_positive_reference_event_ids_json,matching_positive_reference_components_json,shadow_mapping_status,reactive_preserving_isomorphism_count,distinct_role_assignment_count,machine_role_transfer_candidate_only_json,shadow_authoritative,shadow_model_usable,shadow_training_admitted
COVAPIE_CYS_SG_EVENT_V1:1BJG:A:CYS:146-:SG:B:UFP:C6,COVAPIE_BULK_REVIEW_UNIT_1E58101A3E611294,92,CURRENTLY_UNREVIEWED,UFP,b0a11ecaa554b18716e2cce629257fca90bf38b2f97fd73803509cfa5c9617b5,bba707cfbe690d5e76220e9a8598c7f3c61765687f202a8d3e6590747948aa6e,21,"[[""C1'"",0],[""C2"",0],[""C2'"",0],[""C3'"",0],[""C4"",0],[""C4'"",0],[""C5"",0],[""C5'"",0],[""C6"",0],[""F5"",0],[""N1"",0],[""N3"",0],[""O1P"",0],[""O2"",0],[""O2P"",0],[""O3'"",0],[""O3P"",0],[""O4"",0],[""O4'"",0],[""O5'"",0],[""P"",0]]",false,C6,C,9d8060b2268ba49a158fddd66dd1ec165d7ec06ed6a41a9ab4cce7ae93031ef9,2378be48c8563f2ac42953db7b53923eda2337aecce63f6737607f283299c279,true,true,WWPDB_CCD_ATOM_ID,36,EXACT_COMPONENT_REACTIVE_CENTER_SHADOW,true,"[""COVAPIE_CYS_SG_EVENT_V1:1B02:A:CYS:161-:SG:B:UFP:C6""]","[""UFP""]",EXACT_CCD_ATOM_IDENTITY_NAMESPACE_MAPPING,1,0,{},false,false,false
COVAPIE_CYS_SG_EVENT_V1:1DC4:A:CYS:149-:SG:C:G3P:C1,COVAPIE_BULK_REVIEW_UNIT_7ECA4E38FFF9D55A,61,CURRENTLY_UNREVIEWED,G3P,a80febafdd1a957239c1b25358c830f15f48f9824891e39a38e8efd41193a0a8,1ef2089df52bd673fd96a798594720913fc7189332fa6b26b962feed88d78ac7,10,"[[""C1"",0],[""C2"",0],[""C3"",0],[""O1"",0],[""O1P"",0],[""O2"",0],[""O2P"",0],[""O3P"",0],[""O4P"",0],[""P"",0]]",false,C1,C,6640297989eb0bea53d9ea479366da0a85b814f464788a15e1152c9600e47ae3,7f5a3f467df2241f184015f98fea08e52f76734ceabdd1c7c558728f48aea087,true,true,WWPDB_CCD_ATOM_ID,36,NO_CURRENT_POSITIVE_SHADOW_MATCH,false,[],[],NO_EXACT_OR_ISOMORPHIC_REFERENCE_MATCH,0,0,{},false,false,false
COVAPIE_CYS_SG_EVENT_V1:1DC4:B:CYS:149-:SG:D:G3P:C1,COVAPIE_BULK_REVIEW_UNIT_7ECA4E38FFF9D55A,61,CURRENTLY_UNREVIEWED,G3P,a80febafdd1a957239c1b25358c830f15f48f9824891e39a38e8efd41193a0a8,1ef2089df52bd673fd96a798594720913fc7189332fa6b26b962feed88d78ac7,10,"[[""C1"",0],[""C2"",0],[""C3"",0],[""O1"",0],[""O1P"",0],[""O2"",0],[""O2P"",0],[""O3P"",0],[""O4P"",0],[""P"",0]]",false,C1,C,6640297989eb0bea53d9ea479366da0a85b814f464788a15e1152c9600e47ae3,7f5a3f467df2241f184015f98fea08e52f76734ceabdd1c7c558728f48aea087,true,true,WWPDB_CCD_ATOM_ID,36,NO_CURRENT_POSITIVE_SHADOW_MATCH,false,[],[],NO_EXACT_OR_ISOMORPHIC_REFERENCE_MATCH,0,0,{},false,false,false
COVAPIE_CYS_SG_EVENT_V1:1F4C:A:CYS:146-:SG:F:TP2:S1,COVAPIE_BULK_REVIEW_UNIT_C750E9F706F9E0AF,27,CURRENTLY_UNREVIEWED,TP2,9f191e623a07fafd3a157eed4023b97ae9aa7fcb4fe5ea2c9447e3ca6c5d673c,8a41cd14f45de50a25007a7f8ca67c76f1b27c84863e9abfbfe458c983b8dcb1,21,"[[""C10"",0],[""C11"",0],[""C12"",0],[""C13"",0],[""C14"",0],[""C15"",0],[""C18"",0],[""C19"",0],[""C2"",0],[""C20"",0],[""C3"",0],[""C5"",0],[""C6"",0],[""C9"",0],[""N4"",0],[""N7"",0],[""O16"",0],[""O17"",0],[""O21"",0],[""S1"",0],[""S8"",0]]",false,S1,S,e6ca1bc51fe2e6a441cee743e1e8351ac9e24a449cfdb678c4db60c12eec33b8,faffb9025d78c584582ffa19fda6801bc22e0f9e68def174a0a1683f1d7cb5aa,true,true,WWPDB_CCD_ATOM_ID,36,NO_CURRENT_POSITIVE_SHADOW_MATCH,false,[],[],NO_EXACT_OR_ISOMORPHIC_REFERENCE_MATCH,0,0,{},false,false,false
COVAPIE_CYS_SG_EVENT_V1:1F4C:B:CYS:146-:SG:I:TP2:S1,COVAPIE_BULK_REVIEW_UNIT_C750E9F706F9E0AF,27,CURRENTLY_UNREVIEWED,TP2,9f191e623a07fafd3a157eed4023b97ae9aa7fcb4fe5ea2c9447e3ca6c5d673c,8a41cd14f45de50a25007a7f8ca67c76f1b27c84863e9abfbfe458c983b8dcb1,21,"[[""C10"",0],[""C11"",0],[""C12"",0],[""C13"",0],[""C14"",0],[""C15"",0],[""C18"",0],[""C19"",0],[""C2"",0],[""C20"",0],[""C3"",0],[""C5"",0],[""C6"",0],[""C9"",0],[""N4"",0],[""N7"",0],[""O16"",0],[""O17"",0],[""O21"",0],[""S1"",0],[""S8"",0]]",false,S1,S,e6ca1bc51fe2e6a441cee743e1e8351ac9e24a449cfdb678c4db60c12eec33b8,faffb9025d78c584582ffa19fda6801bc22e0f9e68def174a0a1683f1d7cb5aa,true,true,WWPDB_CCD_ATOM_ID,36,NO_CURRENT_POSITIVE_SHADOW_MATCH,false,[],[],NO_EXACT_OR_ISOMORPHIC_REFERENCE_MATCH,0,0,{},false,false,false
COVAPIE_CYS_SG_EVENT_V1:1F4D:A:CYS:143-:SG:E:TP2:S1,COVAPIE_BULK_REVIEW_UNIT_C750E9F706F9E0AF,27,CURRENTLY_UNREVIEWED,TP2,9f191e623a07fafd3a157eed4023b97ae9aa7fcb4fe5ea2c9447e3ca6c5d673c,8a41cd14f45de50a25007a7f8ca67c76f1b27c84863e9abfbfe458c983b8dcb1,21,"[[""C10"",0],[""C11"",0],[""C12"",0],[""C13"",0],[""C14"",0],[""C15"",0],[""C18"",0],[""C19"",0],[""C2"",0],[""C20"",0],[""C3"",0],[""C5"",0],[""C6"",0],[""C9"",0],[""N4"",0],[""N7"",0],[""O16"",0],[""O17"",0],[""O21"",0],[""S1"",0],[""S8"",0]]",false,S1,S,e6ca1bc51fe2e6a441cee743e1e8351ac9e24a449cfdb678c4db60c12eec33b8,faffb9025d78c584582ffa19fda6801bc22e0f9e68def174a0a1683f1d7cb5aa,true,true,WWPDB_CCD_ATOM_ID,36,NO_CURRENT_POSITIVE_SHADOW_MATCH,false,[],[],NO_EXACT_OR_ISOMORPHIC_REFERENCE_MATCH,0,0,{},false,false,false
COVAPIE_CYS_SG_EVENT_V1:1F4D:B:CYS:143-:SG:I:TP2:S1,COVAPIE_BULK_REVIEW_UNIT_C750E9F706F9E0AF,27,CURRENTLY_UNREVIEWED,TP2,9f191e623a07fafd3a157eed4023b97ae9aa7fcb4fe5ea2c9447e3ca6c5d673c,8a41cd14f45de50a25007a7f8ca67c76f1b27c84863e9abfbfe458c983b8dcb1,21,"[[""C10"",0],[""C11"",0],[""C12"",0],[""C13"",0],[""C14"",0],[""C15"",0],[""C18"",0],[""C19"",0],[""C2"",0],[""C20"",0],[""C3"",0],[""C5"",0],[""C6"",0],[""C9"",0],[""N4"",0],[""N7"",0],[""O16"",0],[""O17"",0],[""O21"",0],[""S1"",0],[""S8"",0]]",false,S1,S,e6ca1bc51fe2e6a441cee743e1e8351ac9e24a449cfdb678c4db60c12eec33b8,faffb9025d78c584582ffa19fda6801bc22e0f9e68def174a0a1683f1d7cb5aa,true,true,WWPDB_CCD_ATOM_ID,36,NO_CURRENT_POSITIVE_SHADOW_MATCH,false,[],[],NO_EXACT_OR_ISOMORPHIC_REFERENCE_MATCH,0,0,{},false,false,false
COVAPIE_CYS_SG_EVENT_V1:1F8M:A:CYS:191-:SG:F:PYR:CB,COVAPIE_BULK_REVIEW_UNIT_EB7468B0711B37A4,30,CURRENTLY_UNREVIEWED,PYR,af16574b4629c4095d3c2999050d9d9f890cb47d3b14a04bd5a12bb967a04cb9,fae9d454d8f5cb8c76c65f4ca7014b23c1a79353d81b0d89b773800a6194e830,6,"[[""C"",0],[""CA"",0],[""CB"",0],[""O"",0],[""O3"",0],[""OXT"",0]]",false,CB,C,270399e12813ee583716a9b98b14a3a92b0ff33679d916e098ea8dd5a3862b15,a4ef2bdfced2cd00b0657a687d1f369c44fc79aef3f185422cfcd2c90519ac47,true,true,WWPDB_CCD_ATOM_ID,36,NO_CURRENT_POSITIVE_SHADOW_MATCH,false,[],[],NO_EXACT_OR_ISOMORPHIC_REFERENCE_MATCH,0,0,{},false,false,false
COVAPIE_CYS_SG_EVENT_V1:1F8M:B:CYS:191-:SG:H:PYR:CB,COVAPIE_BULK_REVIEW_UNIT_EB7468B0711B37A4,30,CURRENTLY_UNREVIEWED,PYR,af16574b4629c4095d3c2999050d9d9f890cb47d3b14a04bd5a12bb967a04cb9,fae9d454d8f5cb8c76c65f4ca7014b23c1a79353d81b0d89b773800a6194e830,6,"[[""C"",0],[""CA"",0],[""CB"",0],[""O"",0],[""O3"",0],[""OXT"",0]]",false,CB,C,270399e12813ee583716a9b98b14a3a92b0ff33679d916e098ea8dd5a3862b15,a4ef2bdfced2cd00b0657a687d1f369c44fc79aef3f185422cfcd2c90519ac47,true,true,WWPDB_CCD_ATOM_ID,36,NO_CURRENT_POSITIVE_SHADOW_MATCH,false,[],[],NO_EXACT_OR_ISOMORPHIC_REFERENCE_MATCH,0,0,{},false,false,false
COVAPIE_CYS_SG_EVENT_V1:1F8M:C:CYS:191-:SG:J:PYR:CB,COVAPIE_BULK_REVIEW_UNIT_EB7468B0711B37A4,30,CURRENTLY_UNREVIEWED,PYR,af16574b4629c4095d3c2999050d9d9f890cb47d3b14a04bd5a12bb967a04cb9,fae9d454d8f5cb8c76c65f4ca7014b23c1a79353d81b0d89b773800a6194e830,6,"[[""C"",0],[""CA"",0],[""CB"",0],[""O"",0],[""O3"",0],[""OXT"",0]]",false,CB,C,270399e12813ee583716a9b98b14a3a92b0ff33679d916e098ea8dd5a3862b15,a4ef2bdfced2cd00b0657a687d1f369c44fc79aef3f185422cfcd2c90519ac47,true,true,WWPDB_CCD_ATOM_ID,36,NO_CURRENT_POSITIVE_SHADOW_MATCH,false,[],[],NO_EXACT_OR_ISOMORPHIC_REFERENCE_MATCH,0,0,{},false,false,false
COVAPIE_CYS_SG_EVENT_V1:1F8M:D:CYS:191-:SG:L:PYR:CB,COVAPIE_BULK_REVIEW_UNIT_EB7468B0711B37A4,30,CURRENTLY_UNREVIEWED,PYR,af16574b4629c4095d3c2999050d9d9f890cb47d3b14a04bd5a12bb967a04cb9,fae9d454d8f5cb8c76c65f4ca7014b23c1a79353d81b0d89b773800a6194e830,6,"[[""C"",0],[""CA"",0],[""CB"",0],[""O"",0],[""O3"",0],[""OXT"",0]]",false,CB,C,270399e12813ee583716a9b98b14a3a92b0ff33679d916e098ea8dd5a3862b15,a4ef2bdfced2cd00b0657a687d1f369c44fc79aef3f185422cfcd2c90519ac47,true,true,WWPDB_CCD_ATOM_ID,36,NO_CURRENT_POSITIVE_SHADOW_MATCH,false,[],[],NO_EXACT_OR_ISOMORPHIC_REFERENCE_MATCH,0,0,{},false,false,false
COVAPIE_CYS_SG_EVENT_V1:1FJ8:A:CYS:163-:SG:E:CER:C2,COVAPIE_BULK_REVIEW_UNIT_946339D19F961B4A,19,CURRENTLY_UNREVIEWED,CER,2dc979f921c33fe00916586e76e0cc897f81defcaaef06e719e7feb94d60d941,46a012d149cb5d0d7824a5f89b3ac55a276f791adce7bb1c85e7377e4af2d9b7,16,"[[""C1"",0],[""C10"",0],[""C11"",0],[""C12"",0],[""C2"",0],[""C3"",0],[""C4"",0],[""C5"",0],[""C6"",0],[""C7"",0],[""C8"",0],[""C9"",0],[""N1"",0],[""O1"",0],[""O2"",0],[""O3"",0]]",false,C2,C,d2671534b0762c2541e105e7ff6bff1377db0f8f49fb932ad12463c7cf42f909,e01635755dbe4532ec58885a669679fa2c7cc2fdca854d3d9aac5f2897fbde49,true,true,WWPDB_CCD_ATOM_ID,36,NO_CURRENT_POSITIVE_SHADOW_MATCH,false,[],[],NO_EXACT_OR_ISOMORPHIC_REFERENCE_MATCH,0,0,{},false,false,false
COVAPIE_CYS_SG_EVENT_V1:1FJ8:B:CYS:163-:SG:F:CER:C2,COVAPIE_BULK_REVIEW_UNIT_946339D19F961B4A,19,CURRENTLY_UNREVIEWED,CER,2dc979f921c33fe00916586e76e0cc897f81defcaaef06e719e7feb94d60d941,46a012d149cb5d0d7824a5f89b3ac55a276f791adce7bb1c85e7377e4af2d9b7,16,"[[""C1"",0],[""C10"",0],[""C11"",0],[""C12"",0],[""C2"",0],[""C3"",0],[""C4"",0],[""C5"",0],[""C6"",0],[""C7"",0],[""C8"",0],[""C9"",0],[""N1"",0],[""O1"",0],[""O2"",0],[""O3"",0]]",false,C2,C,d2671534b0762c2541e105e7ff6bff1377db0f8f49fb932ad12463c7cf42f909,e01635755dbe4532ec58885a669679fa2c7cc2fdca854d3d9aac5f2897fbde49,true,true,WWPDB_CCD_ATOM_ID,36,NO_CURRENT_POSITIVE_SHADOW_MATCH,false,[],[],NO_EXACT_OR_ISOMORPHIC_REFERENCE_MATCH,0,0,{},false,false,false
COVAPIE_CYS_SG_EVENT_V1:1FJ8:C:CYS:163-:SG:G:CER:C2,COVAPIE_BULK_REVIEW_UNIT_946339D19F961B4A,19,CURRENTLY_UNREVIEWED,CER,2dc979f921c33fe00916586e76e0cc897f81defcaaef06e719e7feb94d60d941,46a012d149cb5d0d7824a5f89b3ac55a276f791adce7bb1c85e7377e4af2d9b7,16,"[[""C1"",0],[""C10"",0],[""C11"",0],[""C12"",0],[""C2"",0],[""C3"",0],[""C4"",0],[""C5"",0],[""C6"",0],[""C7"",0],[""C8"",0],[""C9"",0],[""N1"",0],[""O1"",0],[""O2"",0],[""O3"",0]]",false,C2,C,d2671534b0762c2541e105e7ff6bff1377db0f8f49fb932ad12463c7cf42f909,e01635755dbe4532ec58885a669679fa2c7cc2fdca854d3d9aac5f2897fbde49,true,true,WWPDB_CCD_ATOM_ID,36,NO_CURRENT_POSITIVE_SHADOW_MATCH,false,[],[],NO_EXACT_OR_ISOMORPHIC_REFERENCE_MATCH,0,0,{},false,false,false
COVAPIE_CYS_SG_EVENT_V1:1FJ8:D:CYS:163-:SG:H:CER:C2,COVAPIE_BULK_REVIEW_UNIT_946339D19F961B4A,19,CURRENTLY_UNREVIEWED,CER,2dc979f921c33fe00916586e76e0cc897f81defcaaef06e719e7feb94d60d941,46a012d149cb5d0d7824a5f89b3ac55a276f791adce7bb1c85e7377e4af2d9b7,16,"[[""C1"",0],[""C10"",0],[""C11"",0],[""C12"",0],[""C2"",0],[""C3"",0],[""C4"",0],[""C5"",0],[""C6"",0],[""C7"",0],[""C8"",0],[""C9"",0],[""N1"",0],[""O1"",0],[""O2"",0],[""O3"",0]]",false,C2,C,d2671534b0762c2541e105e7ff6bff1377db0f8f49fb932ad12463c7cf42f909,e01635755dbe4532ec58885a669679fa2c7cc2fdca854d3d9aac5f2897fbde49,true,true,WWPDB_CCD_ATOM_ID,36,NO_CURRENT_POSITIVE_SHADOW_MATCH,false,[],[],NO_EXACT_OR_ISOMORPHIC_REFERENCE_MATCH,0,0,{},false,false,false
COVAPIE_CYS_SG_EVENT_V1:1JR1:A:CYS:331-:SG:D:IMP:C2,COVAPIE_BULK_REVIEW_UNIT_AAFC22DB88292B60,68,CURRENTLY_UNREVIEWED,IMP,f59f1f3a4c57bb967bdbcae56fd050af492f76dcb9e51feafbdbc3fed4659199,b31e623e8ac36e904531454243b44587abffec0adf7c4021f01344e98363c334,23,"[[""C1'"",0],[""C2"",0],[""C2'"",0],[""C3'"",0],[""C4"",0],[""C4'"",0],[""C5"",0],[""C5'"",0],[""C6"",0],[""C8"",0],[""N1"",0],[""N3"",0],[""N7"",0],[""N9"",0],[""O1P"",0],[""O2'"",0],[""O2P"",0],[""O3'"",0],[""O3P"",0],[""O4'"",0],[""O5'"",0],[""O6"",0],[""P"",0]]",false,C2,C,9deb702f21f75077153227c996409eaea2310440ad9dd8214e34ccd665980065,f61d9674a94b6d450fd6b7e433bb7828393102557c0cea02e4cad73a9c6b77bc,true,true,WWPDB_CCD_ATOM_ID,36,NO_CURRENT_POSITIVE_SHADOW_MATCH,false,[],[],NO_EXACT_OR_ISOMORPHIC_REFERENCE_MATCH,0,0,{},false,false,false
COVAPIE_CYS_SG_EVENT_V1:1KEQ:A:CYS:131-:SG:E:4MZ:C4,COVAPIE_BULK_REVIEW_UNIT_90EE047F15B414B4,35,CURRENTLY_UNREVIEWED,4MZ,5f0876eedd4787564f027488c67af4befc6751ddd0600e2311384d281a27f99c,01a3153cf3ffdefe7742d722d291d212683d6e51a742d0650036e5de52cd4299,6,"[[""C4"",0],[""CD2"",0],[""CE1"",0],[""CG"",0],[""ND1"",0],[""NE2"",0]]",false,C4,C,,,true,true,WWPDB_CCD_ATOM_ID,36,NO_CURRENT_POSITIVE_SHADOW_MATCH,false,[],[],NO_EXACT_OR_ISOMORPHIC_REFERENCE_MATCH,0,0,{},false,false,false
COVAPIE_CYS_SG_EVENT_V1:1KEQ:A:CYS:188-:SG:G:4MZ:C4,COVAPIE_BULK_REVIEW_UNIT_90EE047F15B414B4,35,CURRENTLY_UNREVIEWED,4MZ,5f0876eedd4787564f027488c67af4befc6751ddd0600e2311384d281a27f99c,01a3153cf3ffdefe7742d722d291d212683d6e51a742d0650036e5de52cd4299,6,"[[""C4"",0],[""CD2"",0],[""CE1"",0],[""CG"",0],[""ND1"",0],[""NE2"",0]]",false,C4,C,,,true,true,WWPDB_CCD_ATOM_ID,36,NO_CURRENT_POSITIVE_SHADOW_MATCH,false,[],[],NO_EXACT_OR_ISOMORPHIC_REFERENCE_MATCH,0,0,{},false,false,false
COVAPIE_CYS_SG_EVENT_V1:1KEQ:B:CYS:188-:SG:L:4MZ:C4,COVAPIE_BULK_REVIEW_UNIT_90EE047F15B414B4,35,CURRENTLY_UNREVIEWED,4MZ,5f0876eedd4787564f027488c67af4befc6751ddd0600e2311384d281a27f99c,01a3153cf3ffdefe7742d722d291d212683d6e51a742d0650036e5de52cd4299,6,"[[""C4"",0],[""CD2"",0],[""CE1"",0],[""CG"",0],[""ND1"",0],[""NE2"",0]]",false,C4,C,,,true,true,WWPDB_CCD_ATOM_ID,36,NO_CURRENT_POSITIVE_SHADOW_MATCH,false,[],[],NO_EXACT_OR_ISOMORPHIC_REFERENCE_MATCH,0,0,{},false,false,false
COVAPIE_CYS_SG_EVENT_V1:1KWO:A:CYS:693-:SG:F:PDM:CP9,COVAPIE_BULK_REVIEW_UNIT_29BE63EC8EF2392B,94,CURRENTLY_UNREVIEWED,PDM,284081297eb30febf820189123e41ffbbb9531c14ae3bd5517f1027c798234bc,cbbe2ea337b18fbc6c047cf909d83d9d2192230d047fe78067b54abac67314ed,21,"[[""C10"",0],[""C11"",0],[""C12"",0],[""C13"",0],[""C14"",0],[""CP1"",0],[""CP2"",0],[""CP3"",0],[""CP4"",0],[""CP5"",0],[""CP6"",0],[""CP7"",0],[""CP8"",0],[""CP9"",0],[""NP1"",0],[""NP2"",0],[""OP1"",0],[""OP2"",0],[""OP3"",0],[""OP4"",0],[""OP5"",0]]",false,CP9,C,d2671534b0762c2541e105e7ff6bff1377db0f8f49fb932ad12463c7cf42f909,cad81d8138d6e0b0ff90b9e6e926ead978525f5ff39e8b3bbc282f07c38b0c3b,true,true,WWPDB_CCD_ATOM_ID,36,NO_CURRENT_POSITIVE_SHADOW_MATCH,false,[],[],NO_EXACT_OR_ISOMORPHIC_REFERENCE_MATCH,0,0,{},false,false,false
COVAPIE_CYS_SG_EVENT_V1:1KZI:A:CYS:192-:SG:H:DTU:S4,COVAPIE_BULK_REVIEW_UNIT_024EEB356034F83D,88,CURRENTLY_UNREVIEWED,DTU,d5afdf263da823e28913f8e9dadd6b7748c2aa529ba3f8a49992bc74869536aa,c815cc841bc3d16fd4c6a48919a47aa79536cef787a5ad5f5dbbcf350a793c54,8,"[[""C1"",0],[""C2"",0],[""C3"",0],[""C4"",0],[""O2"",0],[""O3"",0],[""S1"",0],[""S4"",0]]",false,S4,S,e6ca1bc51fe2e6a441cee743e1e8351ac9e24a449cfdb678c4db60c12eec33b8,faffb9025d78c584582ffa19fda6801bc22e0f9e68def174a0a1683f1d7cb5aa,true,true,WWPDB_CCD_ATOM_ID,36,NO_CURRENT_POSITIVE_SHADOW_MATCH,false,[],[],NO_EXACT_OR_ISOMORPHIC_REFERENCE_MATCH,0,0,{},false,false,false
COVAPIE_CYS_SG_EVENT_V1:1LXY:A:CYS:398-:SG:C:CIR:C7,COVAPIE_BULK_REVIEW_UNIT_47AC17EBC8C3AFD6,48,CURRENTLY_UNREVIEWED,CIR,c505d97844a4bc18ff4129ea4060027d880d568bab08144ecffc606744b050db,0d8e1bee47fbb53df21e27028f01ac60e1a58ca1b4efbd98ee3bb4b5ff4657d9,12,"[[""C"",0],[""C3"",0],[""C4"",0],[""C5"",0],[""C7"",0],[""CA"",0],[""N"",0],[""N6"",0],[""N8"",0],[""O"",0],[""O7"",0],[""OXT"",0]]",false,C7,C,98d505a8fb42554fb2a88d60d8a9acbff58f5466d0bf287a232ad4d96990887f,b42ad0ca816d094a7729c9e80ca6be24528aaf643fcccebbe264b79844e456e0,true,true,WWPDB_CCD_ATOM_ID,36,NO_CURRENT_POSITIVE_SHADOW_MATCH,false,[],[],NO_EXACT_OR_ISOMORPHIC_REFERENCE_MATCH,0,0,{},false,false,false
COVAPIE_CYS_SG_EVENT_V1:1LXY:B:CYS:398-:SG:E:CIR:C7,COVAPIE_BULK_REVIEW_UNIT_47AC17EBC8C3AFD6,48,CURRENTLY_UNREVIEWED,CIR,c505d97844a4bc18ff4129ea4060027d880d568bab08144ecffc606744b050db,0d8e1bee47fbb53df21e27028f01ac60e1a58ca1b4efbd98ee3bb4b5ff4657d9,12,"[[""C"",0],[""C3"",0],[""C4"",0],[""C5"",0],[""C7"",0],[""CA"",0],[""N"",0],[""N6"",0],[""N8"",0],[""O"",0],[""O7"",0],[""OXT"",0]]",false,C7,C,98d505a8fb42554fb2a88d60d8a9acbff58f5466d0bf287a232ad4d96990887f,b42ad0ca816d094a7729c9e80ca6be24528aaf643fcccebbe264b79844e456e0,true,true,WWPDB_CCD_ATOM_ID,36,NO_CURRENT_POSITIVE_SHADOW_MATCH,false,[],[],NO_EXACT_OR_ISOMORPHIC_REFERENCE_MATCH,0,0,{},false,false,false
COVAPIE_CYS_SG_EVENT_V1:1ML3:B:CYS:166-:SG:F:CYX:C1,COVAPIE_BULK_REVIEW_UNIT_F405B411FF44DFF3,38,CURRENTLY_UNREVIEWED,CYX,b1cddfdbb3857d3551036f46c9efedf1ff3cb3b1cbab021203f03db76cbb6d14,2411af409b09eb947ddcdd57f5f2f4feb76a8effc81821c3f4a195d61b4a016c,10,"[[""C1"",0],[""C2"",0],[""C4"",0],[""C5"",0],[""C6"",0],[""O10"",0],[""O3"",0],[""O8"",0],[""O9"",0],[""P7"",0]]",false,C1,C,55e43852e5e27f4d3d717d338f8f4cbda3987d8cf91a7cec5fcfcf58f7f326b9,2a8483cca634226ca02840902b7698ff37930782a36270248fa77eff7ae0dc2a,true,true,WWPDB_CCD_ATOM_ID,36,NO_CURRENT_POSITIVE_SHADOW_MATCH,false,[],[],NO_EXACT_OR_ISOMORPHIC_REFERENCE_MATCH,0,0,{},false,false,false
COVAPIE_CYS_SG_EVENT_V1:1ML3:C:CYS:166-:SG:H:CYX:C1,COVAPIE_BULK_REVIEW_UNIT_F405B411FF44DFF3,38,CURRENTLY_UNREVIEWED,CYX,b1cddfdbb3857d3551036f46c9efedf1ff3cb3b1cbab021203f03db76cbb6d14,2411af409b09eb947ddcdd57f5f2f4feb76a8effc81821c3f4a195d61b4a016c,10,"[[""C1"",0],[""C2"",0],[""C4"",0],[""C5"",0],[""C6"",0],[""O10"",0],[""O3"",0],[""O8"",0],[""O9"",0],[""P7"",0]]",false,C1,C,55e43852e5e27f4d3d717d338f8f4cbda3987d8cf91a7cec5fcfcf58f7f326b9,2a8483cca634226ca02840902b7698ff37930782a36270248fa77eff7ae0dc2a,true,true,WWPDB_CCD_ATOM_ID,36,NO_CURRENT_POSITIVE_SHADOW_MATCH,false,[],[],NO_EXACT_OR_ISOMORPHIC_REFERENCE_MATCH,0,0,{},false,false,false
COVAPIE_CYS_SG_EVENT_V1:1ML3:D:CYS:166-:SG:J:CYX:C1,COVAPIE_BULK_REVIEW_UNIT_F405B411FF44DFF3,38,CURRENTLY_UNREVIEWED,CYX,b1cddfdbb3857d3551036f46c9efedf1ff3cb3b1cbab021203f03db76cbb6d14,2411af409b09eb947ddcdd57f5f2f4feb76a8effc81821c3f4a195d61b4a016c,10,"[[""C1"",0],[""C2"",0],[""C4"",0],[""C5"",0],[""C6"",0],[""O10"",0],[""O3"",0],[""O8"",0],[""O9"",0],[""P7"",0]]",false,C1,C,55e43852e5e27f4d3d717d338f8f4cbda3987d8cf91a7cec5fcfcf58f7f326b9,2a8483cca634226ca02840902b7698ff37930782a36270248fa77eff7ae0dc2a,true,true,WWPDB_CCD_ATOM_ID,36,NO_CURRENT_POSITIVE_SHADOW_MATCH,false,[],[],NO_EXACT_OR_ISOMORPHIC_REFERENCE_MATCH,0,0,{},false,false,false
COVAPIE_CYS_SG_EVENT_V1:1NBP:A:CYS:31-:SG:C:MHC:S1,COVAPIE_BULK_REVIEW_UNIT_6F93A0730570186F,106,CURRENTLY_UNREVIEWED,MHC,2436f2125966c1683c8e836a9acdc34f258cc88163868057a11c7e3e1a10b98f,44427a2344def121661623662e9a382b14043c7e0585ae7d098308fe07b7e8db,18,"[[""C10"",0],[""C11"",0],[""C13"",0],[""C14"",0],[""C15"",0],[""C16"",0],[""C17"",0],[""C18"",0],[""C2"",0],[""C3"",0],[""C4"",0],[""C7"",0],[""C8"",0],[""C9"",0],[""N12"",0],[""N6"",0],[""O5"",0],[""S1"",0]]",false,S1,S,,,true,true,WWPDB_CCD_ATOM_ID,36,NO_CURRENT_POSITIVE_SHADOW_MATCH,false,[],[],NO_EXACT_OR_ISOMORPHIC_REFERENCE_MATCH,0,0,{},false,false,false
COVAPIE_CYS_SG_EVENT_V1:1PY0:A:CYS:54-:SG:E:YMA:S2,COVAPIE_BULK_REVIEW_UNIT_FDB85D5F243B76AA,131,CURRENTLY_UNREVIEWED,YMA,7ab514bd81aa0cbee5c31b769b69613ca2c8b5fcb26c094714abe2c63f38fdbd,4c532a29b7ba6d3b67f046709acb3921b4ad5001aa2dd959b7e3bd3f7cc9eb52,33,"[[""C1"",0],[""C10"",0],[""C11"",0],[""C12"",0],[""C13"",0],[""C14"",0],[""C15"",0],[""C16"",0],[""C17"",0],[""C18"",0],[""C2"",0],[""C3"",0],[""C4"",0],[""C5"",0],[""C6"",0],[""C7"",0],[""C8"",0],[""C9"",0],[""N1"",0],[""N2"",0],[""N3"",0],[""N4"",0],[""N5"",0],[""O1"",0],[""O2"",0],[""O3"",0],[""O4"",0],[""O5"",0],[""O6"",0],[""O7"",0],[""O8"",0],[""S1"",0],[""S2"",0]]",false,S2,S,e6ca1bc51fe2e6a441cee743e1e8351ac9e24a449cfdb678c4db60c12eec33b8,faffb9025d78c584582ffa19fda6801bc22e0f9e68def174a0a1683f1d7cb5aa,true,true,WWPDB_CCD_ATOM_ID,36,NO_CURRENT_POSITIVE_SHADOW_MATCH,false,[],[],NO_EXACT_OR_ISOMORPHIC_REFERENCE_MATCH,0,0,{},false,false,false
COVAPIE_CYS_SG_EVENT_V1:1QFM:A:CYS:532-:SG:E:SGM:S1,COVAPIE_BULK_REVIEW_UNIT_D01A4DF5C78EE065,79,CURRENTLY_UNREVIEWED,SGM,bbbde0c485bae4dd72b4e43e6ac04fd971a643cbe5843bd0d73eb492da279656,d7a675f3dff16568582cfa3d547ef603f0e6dd36a5f3994294eeb68d4f9bebfa,6,"[[""C1"",0],[""C2"",0],[""C3"",0],[""O2"",0],[""O3"",0],[""S1"",0]]",false,S1,S,e6ca1bc51fe2e6a441cee743e1e8351ac9e24a449cfdb678c4db60c12eec33b8,faffb9025d78c584582ffa19fda6801bc22e0f9e68def174a0a1683f1d7cb5aa,true,true,WWPDB_CCD_ATOM_ID,36,NO_CURRENT_POSITIVE_SHADOW_MATCH,false,[],[],NO_EXACT_OR_ISOMORPHIC_REFERENCE_MATCH,0,0,{},false,false,false
COVAPIE_CYS_SG_EVENT_V1:1QFM:A:CYS:78-:SG:D:SGM:S1,COVAPIE_BULK_REVIEW_UNIT_D01A4DF5C78EE065,79,CURRENTLY_UNREVIEWED,SGM,bbbde0c485bae4dd72b4e43e6ac04fd971a643cbe5843bd0d73eb492da279656,d7a675f3dff16568582cfa3d547ef603f0e6dd36a5f3994294eeb68d4f9bebfa,6,"[[""C1"",0],[""C2"",0],[""C3"",0],[""O2"",0],[""O3"",0],[""S1"",0]]",false,S1,S,e6ca1bc51fe2e6a441cee743e1e8351ac9e24a449cfdb678c4db60c12eec33b8,faffb9025d78c584582ffa19fda6801bc22e0f9e68def174a0a1683f1d7cb5aa,true,true,WWPDB_CCD_ATOM_ID,36,NO_CURRENT_POSITIVE_SHADOW_MATCH,false,[],[],NO_EXACT_OR_ISOMORPHIC_REFERENCE_MATCH,0,0,{},false,false,false
COVAPIE_CYS_SG_EVENT_V1:1SHL:A:CYS:290-:SG:C:FXN:S19,COVAPIE_BULK_REVIEW_UNIT_EE27EA1094097660,83,CURRENTLY_UNREVIEWED,FXN,97010fbfe0c6d855ca18eecc60fb37c946c84a306c18f6a9d3f2d9ba221a665b,2606b15f26446df4b2395638f36d336dd96092bc219a97f30479d95813959ded,16,"[[""C10"",0],[""C11"",0],[""C12"",0],[""C13"",0],[""C14"",0],[""C16"",0],[""C5"",0],[""C6"",0],[""C7"",0],[""C8"",0],[""C9"",0],[""F18"",0],[""N1"",0],[""N3"",0],[""O17"",0],[""S19"",0]]",false,S19,S,,,true,true,WWPDB_CCD_ATOM_ID,36,NO_CURRENT_POSITIVE_SHADOW_MATCH,false,[],[],NO_EXACT_OR_ISOMORPHIC_REFERENCE_MATCH,0,0,{},false,false,false
COVAPIE_CYS_SG_EVENT_V1:1SHL:B:CYS:290-:SG:D:FXN:S19,COVAPIE_BULK_REVIEW_UNIT_EE27EA1094097660,83,CURRENTLY_UNREVIEWED,FXN,97010fbfe0c6d855ca18eecc60fb37c946c84a306c18f6a9d3f2d9ba221a665b,2606b15f26446df4b2395638f36d336dd96092bc219a97f30479d95813959ded,16,"[[""C10"",0],[""C11"",0],[""C12"",0],[""C13"",0],[""C14"",0],[""C16"",0],[""C5"",0],[""C6"",0],[""C7"",0],[""C8"",0],[""C9"",0],[""F18"",0],[""N1"",0],[""N3"",0],[""O17"",0],[""S19"",0]]",false,S19,S,,,true,true,WWPDB_CCD_ATOM_ID,36,NO_CURRENT_POSITIVE_SHADOW_MATCH,false,[],[],NO_EXACT_OR_ISOMORPHIC_REFERENCE_MATCH,0,0,{},false,false,false
COVAPIE_CYS_SG_EVENT_V1:1TLS:A:CYS:146-:SG:C:UFP:C6,COVAPIE_BULK_REVIEW_UNIT_CF6D3ADC970757BA,78,CURRENTLY_UNREVIEWED,UFP,b0a11ecaa554b18716e2cce629257fca90bf38b2f97fd73803509cfa5c9617b5,bba707cfbe690d5e76220e9a8598c7f3c61765687f202a8d3e6590747948aa6e,21,"[[""C1'"",0],[""C2"",0],[""C2'"",0],[""C3'"",0],[""C4"",0],[""C4'"",0],[""C5"",0],[""C5'"",0],[""C6"",0],[""F5"",0],[""N1"",0],[""N3"",0],[""O1P"",0],[""O2"",0],[""O2P"",0],[""O3'"",0],[""O3P"",0],[""O4"",0],[""O4'"",0],[""O5'"",0],[""P"",0]]",false,C6,C,9d8060b2268ba49a158fddd66dd1ec165d7ec06ed6a41a9ab4cce7ae93031ef9,2378be48c8563f2ac42953db7b53923eda2337aecce63f6737607f283299c279,true,true,WWPDB_CCD_ATOM_ID,36,EXACT_COMPONENT_REACTIVE_CENTER_SHADOW,true,"[""COVAPIE_CYS_SG_EVENT_V1:1B02:A:CYS:161-:SG:B:UFP:C6""]","[""UFP""]",EXACT_CCD_ATOM_IDENTITY_NAMESPACE_MAPPING,1,0,{},false,false,false
COVAPIE_CYS_SG_EVENT_V1:1TLS:B:CYS:146-:SG:E:UFP:C6,COVAPIE_BULK_REVIEW_UNIT_CF6D3ADC970757BA,78,CURRENTLY_UNREVIEWED,UFP,b0a11ecaa554b18716e2cce629257fca90bf38b2f97fd73803509cfa5c9617b5,bba707cfbe690d5e76220e9a8598c7f3c61765687f202a8d3e6590747948aa6e,21,"[[""C1'"",0],[""C2"",0],[""C2'"",0],[""C3'"",0],[""C4"",0],[""C4'"",0],[""C5"",0],[""C5'"",0],[""C6"",0],[""F5"",0],[""N1"",0],[""N3"",0],[""O1P"",0],[""O2"",0],[""O2P"",0],[""O3'"",0],[""O3P"",0],[""O4"",0],[""O4'"",0],[""O5'"",0],[""P"",0]]",false,C6,C,9d8060b2268ba49a158fddd66dd1ec165d7ec06ed6a41a9ab4cce7ae93031ef9,2378be48c8563f2ac42953db7b53923eda2337aecce63f6737607f283299c279,true,true,WWPDB_CCD_ATOM_ID,36,EXACT_COMPONENT_REACTIVE_CENTER_SHADOW,true,"[""COVAPIE_CYS_SG_EVENT_V1:1B02:A:CYS:161-:SG:B:UFP:C6""]","[""UFP""]",EXACT_CCD_ATOM_IDENTITY_NAMESPACE_MAPPING,1,0,{},false,false,false
COVAPIE_CYS_SG_EVENT_V1:1TU6:A:CYS:139-:SG:E:FSP:C23,COVAPIE_BULK_REVIEW_UNIT_E589158559EC7B15,81,CURRENTLY_UNREVIEWED,FSP,1d57e3821315bd8b78329bc37d7b2ff124c29d335dc4c4729c61d2d460f66923,91031005ed7ab11189c1c0e4f69cd1d09d0301fbc21baaf07930105b27b67eda,32,"[[""C1"",0],[""C10"",0],[""C11"",0],[""C12"",0],[""C13"",0],[""C14"",0],[""C15"",0],[""C16"",0],[""C18"",0],[""C19"",0],[""C2"",0],[""C20"",0],[""C21"",0],[""C22"",0],[""C23"",0],[""C25"",0],[""C28"",0],[""C29"",0],[""C3"",0],[""C30"",0],[""C4"",0],[""C5"",0],[""C7"",0],[""F17"",0],[""N27"",0],[""N31"",0],[""N32"",0],[""N6"",0],[""O24"",0],[""O26"",0],[""O8"",0],[""O9"",0]]",false,C23,C,,,true,true,WWPDB_CCD_ATOM_ID,36,NO_CURRENT_POSITIVE_SHADOW_MATCH,false,[],[],NO_EXACT_OR_ISOMORPHIC_REFERENCE_MATCH,0,0,{},false,false,false
COVAPIE_CYS_SG_EVENT_V1:1TU6:B:CYS:139-:SG:G:FSP:C23,COVAPIE_BULK_REVIEW_UNIT_E589158559EC7B15,81,CURRENTLY_UNREVIEWED,FSP,1d57e3821315bd8b78329bc37d7b2ff124c29d335dc4c4729c61d2d460f66923,91031005ed7ab11189c1c0e4f69cd1d09d0301fbc21baaf07930105b27b67eda,32,"[[""C1"",0],[""C10"",0],[""C11"",0],[""C12"",0],[""C13"",0],[""C14"",0],[""C15"",0],[""C16"",0],[""C18"",0],[""C19"",0],[""C2"",0],[""C20"",0],[""C21"",0],[""C22"",0],[""C23"",0],[""C25"",0],[""C28"",0],[""C29"",0],[""C3"",0],[""C30"",0],[""C4"",0],[""C5"",0],[""C7"",0],[""F17"",0],[""N27"",0],[""N31"",0],[""N32"",0],[""N6"",0],[""O24"",0],[""O26"",0],[""O8"",0],[""O9"",0]]",false,C23,C,,,true,true,WWPDB_CCD_ATOM_ID,36,NO_CURRENT_POSITIVE_SHADOW_MATCH,false,[],[],NO_EXACT_OR_ISOMORPHIC_REFERENCE_MATCH,0,0,{},false,false,false
COVAPIE_CYS_SG_EVENT_V1:1WOF:A:CYS:145-:SG:C:I12:C21,COVAPIE_BULK_REVIEW_UNIT_7D83F048AF8A2295,17,CURRENTLY_UNREVIEWED,I12,b808b2b9c2f2da39e3653f20ab6d5aa8bf825ab6607601f411552931ac3630dd,359cdec774ee102b62d1f148b9c817fc330f88921de1a0691cfa777743d7e72a,44,"[[""C1"",0],[""C10"",0],[""C11"",0],[""C12"",0],[""C13"",0],[""C14"",0],[""C15"",0],[""C16"",0],[""C17"",0],[""C18"",0],[""C19"",0],[""C2"",0],[""C20"",0],[""C21"",0],[""C22"",0],[""C23"",0],[""C24"",0],[""C25"",0],[""C26"",0],[""C27"",0],[""C28"",0],[""C29"",0],[""C3"",0],[""C30"",0],[""C4"",0],[""C5"",0],[""C6"",0],[""C7"",0],[""C8"",0],[""C9"",0],[""N1"",0],[""N2"",0],[""N3"",0],[""N4"",0],[""N5"",0],[""N6"",0],[""O1"",0],[""O2"",0],[""O3"",0],[""O4"",0],[""O5"",0],[""O6"",0],[""O7"",0],[""O8"",0]]",false,C21,C,4e00ae9307adfb73f42afb7c413beb9eba4f615244bf4835cf839d3b7576685e,a977e87fa3bdaf2d0b587d975f372367bbd94d6ae25af9aa44241921fd304a6b,true,true,WWPDB_CCD_ATOM_ID,36,NO_CURRENT_POSITIVE_SHADOW_MATCH,false,[],[],NO_EXACT_OR_ISOMORPHIC_REFERENCE_MATCH,0,0,{},false,false,false
COVAPIE_CYS_SG_EVENT_V1:1WOF:B:CYS:145-:SG:D:I12:C21,COVAPIE_BULK_REVIEW_UNIT_7D83F048AF8A2295,17,CURRENTLY_UNREVIEWED,I12,b808b2b9c2f2da39e3653f20ab6d5aa8bf825ab6607601f411552931ac3630dd,359cdec774ee102b62d1f148b9c817fc330f88921de1a0691cfa777743d7e72a,44,"[[""C1"",0],[""C10"",0],[""C11"",0],[""C12"",0],[""C13"",0],[""C14"",0],[""C15"",0],[""C16"",0],[""C17"",0],[""C18"",0],[""C19"",0],[""C2"",0],[""C20"",0],[""C21"",0],[""C22"",0],[""C23"",0],[""C24"",0],[""C25"",0],[""C26"",0],[""C27"",0],[""C28"",0],[""C29"",0],[""C3"",0],[""C30"",0],[""C4"",0],[""C5"",0],[""C6"",0],[""C7"",0],[""C8"",0],[""C9"",0],[""N1"",0],[""N2"",0],[""N3"",0],[""N4"",0],[""N5"",0],[""N6"",0],[""O1"",0],[""O2"",0],[""O3"",0],[""O4"",0],[""O5"",0],[""O6"",0],[""O7"",0],[""O8"",0]]",false,C21,C,4e00ae9307adfb73f42afb7c413beb9eba4f615244bf4835cf839d3b7576685e,a977e87fa3bdaf2d0b587d975f372367bbd94d6ae25af9aa44241921fd304a6b,true,true,WWPDB_CCD_ATOM_ID,36,NO_CURRENT_POSITIVE_SHADOW_MATCH,false,[],[],NO_EXACT_OR_ISOMORPHIC_REFERENCE_MATCH,0,0,{},false,false,false
COVAPIE_CYS_SG_EVENT_V1:207L:A:CYS:95-:SG:B:SC2:SG,COVAPIE_BULK_REVIEW_UNIT_971451AE7B5617B9,116,CURRENTLY_UNREVIEWED,SC2,a6e90462fbf515057c5d8d792e1dcefbcd1e3c4f79ba04fd631a0f8b288356db,571a241c69a6f963d4f69f3d1a970baae51f2333ba88a4b2eb1b3d31ec0c2b55,10,"[[""C"",0],[""CA"",0],[""CB"",0],[""CM"",0],[""CT"",0],[""N"",0],[""O"",0],[""OT"",0],[""OXT"",0],[""SG"",0]]",false,SG,S,e6ca1bc51fe2e6a441cee743e1e8351ac9e24a449cfdb678c4db60c12eec33b8,faffb9025d78c584582ffa19fda6801bc22e0f9e68def174a0a1683f1d7cb5aa,true,true,WWPDB_CCD_ATOM_ID,36,NO_CURRENT_POSITIVE_SHADOW_MATCH,false,[],[],NO_EXACT_OR_ISOMORPHIC_REFERENCE_MATCH,0,0,{},false,false,false
COVAPIE_CYS_SG_EVENT_V1:2A5I:A:CYS:145-:SG:B:AZP:CBM,COVAPIE_BULK_REVIEW_UNIT_7FB64BA2D198B24F,34,CURRENTLY_UNREVIEWED,AZP,7f2e08c2522e2dd36dfb505e039f31122e3df938ac343d4e59c35c5993471e3c,5e3d0951337f485a50379edea6930761662af104f1fcda09656400c377a3ac62,46,"[[""C"",0],[""CA"",0],[""CAA"",0],[""CAB"",0],[""CAC"",0],[""CAD"",0],[""CAE"",0],[""CAF"",0],[""CAG"",0],[""CAI"",0],[""CAT"",0],[""CAU"",0],[""CAV"",0],[""CAW"",0],[""CB"",0],[""CBA"",0],[""CBB"",0],[""CBC"",0],[""CBF"",0],[""CBG"",0],[""CBH"",0],[""CBI"",0],[""CBJ"",0],[""CBK"",0],[""CBM"",0],[""CBO"",0],[""CBP"",0],[""CBS"",0],[""CBT"",0],[""CD1"",0],[""CD2"",0],[""CG"",0],[""N"",0],[""NAS"",0],[""NAX"",0],[""NAZ"",0],[""NBE"",0],[""O"",0],[""OAH"",0],[""OAL"",0],[""OAY"",0],[""OBD"",0],[""OBL"",0],[""OBN"",0],[""OBQ"",0],[""OBR"",0]]",false,CBM,C,d2671534b0762c2541e105e7ff6bff1377db0f8f49fb932ad12463c7cf42f909,e01635755dbe4532ec58885a669679fa2c7cc2fdca854d3d9aac5f2897fbde49,true,true,WWPDB_CCD_ATOM_ID,36,NO_CURRENT_POSITIVE_SHADOW_MATCH,false,[],[],NO_EXACT_OR_ISOMORPHIC_REFERENCE_MATCH,0,0,{},false,false,false
COVAPIE_CYS_SG_EVENT_V1:2A5K:A:CYS:145-:SG:C:AZP:CBM,COVAPIE_BULK_REVIEW_UNIT_7FB64BA2D198B24F,34,CURRENTLY_UNREVIEWED,AZP,7f2e08c2522e2dd36dfb505e039f31122e3df938ac343d4e59c35c5993471e3c,5e3d0951337f485a50379edea6930761662af104f1fcda09656400c377a3ac62,46,"[[""C"",0],[""CA"",0],[""CAA"",0],[""CAB"",0],[""CAC"",0],[""CAD"",0],[""CAE"",0],[""CAF"",0],[""CAG"",0],[""CAI"",0],[""CAT"",0],[""CAU"",0],[""CAV"",0],[""CAW"",0],[""CB"",0],[""CBA"",0],[""CBB"",0],[""CBC"",0],[""CBF"",0],[""CBG"",0],[""CBH"",0],[""CBI"",0],[""CBJ"",0],[""CBK"",0],[""CBM"",0],[""CBO"",0],[""CBP"",0],[""CBS"",0],[""CBT"",0],[""CD1"",0],[""CD2"",0],[""CG"",0],[""N"",0],[""NAS"",0],[""NAX"",0],[""NAZ"",0],[""NBE"",0],[""O"",0],[""OAH"",0],[""OAL"",0],[""OAY"",0],[""OBD"",0],[""OBL"",0],[""OBN"",0],[""OBQ"",0],[""OBR"",0]]",false,CBM,C,d2671534b0762c2541e105e7ff6bff1377db0f8f49fb932ad12463c7cf42f909,e01635755dbe4532ec58885a669679fa2c7cc2fdca854d3d9aac5f2897fbde49,true,true,WWPDB_CCD_ATOM_ID,36,NO_CURRENT_POSITIVE_SHADOW_MATCH,false,[],[],NO_EXACT_OR_ISOMORPHIC_REFERENCE_MATCH,0,0,{},false,false,false
COVAPIE_CYS_SG_EVENT_V1:2A5K:B:CYS:145-:SG:D:AZP:CBM,COVAPIE_BULK_REVIEW_UNIT_7FB64BA2D198B24F,34,CURRENTLY_UNREVIEWED,AZP,7f2e08c2522e2dd36dfb505e039f31122e3df938ac343d4e59c35c5993471e3c,5e3d0951337f485a50379edea6930761662af104f1fcda09656400c377a3ac62,46,"[[""C"",0],[""CA"",0],[""CAA"",0],[""CAB"",0],[""CAC"",0],[""CAD"",0],[""CAE"",0],[""CAF"",0],[""CAG"",0],[""CAI"",0],[""CAT"",0],[""CAU"",0],[""CAV"",0],[""CAW"",0],[""CB"",0],[""CBA"",0],[""CBB"",0],[""CBC"",0],[""CBF"",0],[""CBG"",0],[""CBH"",0],[""CBI"",0],[""CBJ"",0],[""CBK"",0],[""CBM"",0],[""CBO"",0],[""CBP"",0],[""CBS"",0],[""CBT"",0],[""CD1"",0],[""CD2"",0],[""CG"",0],[""N"",0],[""NAS"",0],[""NAX"",0],[""NAZ"",0],[""NBE"",0],[""O"",0],[""OAH"",0],[""OAL"",0],[""OAY"",0],[""OBD"",0],[""OBL"",0],[""OBN"",0],[""OBQ"",0],[""OBR"",0]]",false,CBM,C,d2671534b0762c2541e105e7ff6bff1377db0f8f49fb932ad12463c7cf42f909,e01635755dbe4532ec58885a669679fa2c7cc2fdca854d3d9aac5f2897fbde49,true,true,WWPDB_CCD_ATOM_ID,36,NO_CURRENT_POSITIVE_SHADOW_MATCH,false,[],[],NO_EXACT_OR_ISOMORPHIC_REFERENCE_MATCH,0,0,{},false,false,false
COVAPIE_CYS_SG_EVENT_V1:2AMD:A:CYS:145-:SG:C:9IN:C23,COVAPIE_BULK_REVIEW_UNIT_B4F514DC9BD2350E,72,CURRENTLY_UNREVIEWED,9IN,2fe4b8821612fe92f27dfd5aea7f84406617d8188a7d74b7d1260d776e1ee98e,9ca4468165a6d0367d572bfec147f336cd038cc5424da1e15d1b30dc6aacf018,45,"[[""C1"",0],[""C10"",0],[""C11"",0],[""C12"",0],[""C13"",0],[""C14"",0],[""C15"",0],[""C16"",0],[""C17"",0],[""C18"",0],[""C19"",0],[""C2"",0],[""C20"",0],[""C21"",0],[""C22"",0],[""C23"",0],[""C24"",0],[""C25"",0],[""C26"",0],[""C27"",0],[""C28"",0],[""C29"",0],[""C3"",0],[""C30"",0],[""C31"",0],[""C32"",0],[""C4"",0],[""C5"",0],[""C6"",0],[""C7"",0],[""C8"",0],[""C9"",0],[""N2"",0],[""N3"",0],[""N4"",0],[""N5"",0],[""N6"",0],[""O1"",0],[""O2"",0],[""O3"",0],[""O4"",0],[""O5"",0],[""O6"",0],[""O7"",0],[""O8"",0]]",false,C23,C,4e00ae9307adfb73f42afb7c413beb9eba4f615244bf4835cf839d3b7576685e,a977e87fa3bdaf2d0b587d975f372367bbd94d6ae25af9aa44241921fd304a6b,true,true,WWPDB_CCD_ATOM_ID,36,NO_CURRENT_POSITIVE_SHADOW_MATCH,false,[],[],NO_EXACT_OR_ISOMORPHIC_REFERENCE_MATCH,0,0,{},false,false,false
COVAPIE_CYS_SG_EVENT_V1:2AMD:B:CYS:145-:SG:D:9IN:C23,COVAPIE_BULK_REVIEW_UNIT_B4F514DC9BD2350E,72,CURRENTLY_UNREVIEWED,9IN,2fe4b8821612fe92f27dfd5aea7f84406617d8188a7d74b7d1260d776e1ee98e,9ca4468165a6d0367d572bfec147f336cd038cc5424da1e15d1b30dc6aacf018,45,"[[""C1"",0],[""C10"",0],[""C11"",0],[""C12"",0],[""C13"",0],[""C14"",0],[""C15"",0],[""C16"",0],[""C17"",0],[""C18"",0],[""C19"",0],[""C2"",0],[""C20"",0],[""C21"",0],[""C22"",0],[""C23"",0],[""C24"",0],[""C25"",0],[""C26"",0],[""C27"",0],[""C28"",0],[""C29"",0],[""C3"",0],[""C30"",0],[""C31"",0],[""C32"",0],[""C4"",0],[""C5"",0],[""C6"",0],[""C7"",0],[""C8"",0],[""C9"",0],[""N2"",0],[""N3"",0],[""N4"",0],[""N5"",0],[""N6"",0],[""O1"",0],[""O2"",0],[""O3"",0],[""O4"",0],[""O5"",0],[""O6"",0],[""O7"",0],[""O8"",0]]",false,C23,C,4e00ae9307adfb73f42afb7c413beb9eba4f615244bf4835cf839d3b7576685e,a977e87fa3bdaf2d0b587d975f372367bbd94d6ae25af9aa44241921fd304a6b,true,true,WWPDB_CCD_ATOM_ID,36,NO_CURRENT_POSITIVE_SHADOW_MATCH,false,[],[],NO_EXACT_OR_ISOMORPHIC_REFERENCE_MATCH,0,0,{},false,false,false
COVAPIE_CYS_SG_EVENT_V1:2AMP:A:CYS:144-:SG:C:I12:C21,COVAPIE_BULK_REVIEW_UNIT_7D83F048AF8A2295,17,CURRENTLY_UNREVIEWED,I12,b808b2b9c2f2da39e3653f20ab6d5aa8bf825ab6607601f411552931ac3630dd,359cdec774ee102b62d1f148b9c817fc330f88921de1a0691cfa777743d7e72a,44,"[[""C1"",0],[""C10"",0],[""C11"",0],[""C12"",0],[""C13"",0],[""C14"",0],[""C15"",0],[""C16"",0],[""C17"",0],[""C18"",0],[""C19"",0],[""C2"",0],[""C20"",0],[""C21"",0],[""C22"",0],[""C23"",0],[""C24"",0],[""C25"",0],[""C26"",0],[""C27"",0],[""C28"",0],[""C29"",0],[""C3"",0],[""C30"",0],[""C4"",0],[""C5"",0],[""C6"",0],[""C7"",0],[""C8"",0],[""C9"",0],[""N1"",0],[""N2"",0],[""N3"",0],[""N4"",0],[""N5"",0],[""N6"",0],[""O1"",0],[""O2"",0],[""O3"",0],[""O4"",0],[""O5"",0],[""O6"",0],[""O7"",0],[""O8"",0]]",false,C21,C,4e00ae9307adfb73f42afb7c413beb9eba4f615244bf4835cf839d3b7576685e,a977e87fa3bdaf2d0b587d975f372367bbd94d6ae25af9aa44241921fd304a6b,true,true,WWPDB_CCD_ATOM_ID,36,NO_CURRENT_POSITIVE_SHADOW_MATCH,false,[],[],NO_EXACT_OR_ISOMORPHIC_REFERENCE_MATCH,0,0,{},false,false,false
COVAPIE_CYS_SG_EVENT_V1:2AMP:B:CYS:144-:SG:D:I12:C21,COVAPIE_BULK_REVIEW_UNIT_7D83F048AF8A2295,17,CURRENTLY_UNREVIEWED,I12,b808b2b9c2f2da39e3653f20ab6d5aa8bf825ab6607601f411552931ac3630dd,359cdec774ee102b62d1f148b9c817fc330f88921de1a0691cfa777743d7e72a,44,"[[""C1"",0],[""C10"",0],[""C11"",0],[""C12"",0],[""C13"",0],[""C14"",0],[""C15"",0],[""C16"",0],[""C17"",0],[""C18"",0],[""C19"",0],[""C2"",0],[""C20"",0],[""C21"",0],[""C22"",0],[""C23"",0],[""C24"",0],[""C25"",0],[""C26"",0],[""C27"",0],[""C28"",0],[""C29"",0],[""C3"",0],[""C30"",0],[""C4"",0],[""C5"",0],[""C6"",0],[""C7"",0],[""C8"",0],[""C9"",0],[""N1"",0],[""N2"",0],[""N3"",0],[""N4"",0],[""N5"",0],[""N6"",0],[""O1"",0],[""O2"",0],[""O3"",0],[""O4"",0],[""O5"",0],[""O6"",0],[""O7"",0],[""O8"",0]]",false,C21,C,4e00ae9307adfb73f42afb7c413beb9eba4f615244bf4835cf839d3b7576685e,a977e87fa3bdaf2d0b587d975f372367bbd94d6ae25af9aa44241921fd304a6b,true,true,WWPDB_CCD_ATOM_ID,36,NO_CURRENT_POSITIVE_SHADOW_MATCH,false,[],[],NO_EXACT_OR_ISOMORPHIC_REFERENCE_MATCH,0,0,{},false,false,false
COVAPIE_CYS_SG_EVENT_V1:2AWZ:A:CYS:366-:SG:G:5H:C1,COVAPIE_BULK_REVIEW_UNIT_C7881E5B728B2D19,75,CURRENTLY_UNREVIEWED,5H,29f8e60eff73124fc6d076df4917d35c6608d82177c622762bd940527d9077b0,9119f4c4db081c364aec30411ce5a0cfb3b09a651545b9ac5df571e112a9812f,25,"[[""BR1"",0],[""C1"",0],[""C14"",0],[""C2"",0],[""C24"",0],[""C25"",0],[""C26"",0],[""C27"",0],[""C29"",0],[""C3"",0],[""C30"",0],[""C4"",0],[""C5"",0],[""C6"",0],[""C7"",0],[""C8"",0],[""C9"",0],[""N1"",0],[""N22"",0],[""O1"",0],[""O20"",0],[""O21"",0],[""S1"",0],[""S19"",0],[""S2"",0]]",false,C1,C,8462d40f48db4f113d1f544343e82038d9a375ffc54ab52f2d00684ccce8cca1,a9ae5cc18929566b3d4f99bc17388c2ebe23df6b55731080176e07c445481b9f,true,true,WWPDB_CCD_ATOM_ID,36,NO_CURRENT_POSITIVE_SHADOW_MATCH,false,[],[],NO_EXACT_OR_ISOMORPHIC_REFERENCE_MATCH,0,0,{},false,false,false
COVAPIE_CYS_SG_EVENT_V1:2AWZ:B:CYS:366-:SG:J:5H:C1,COVAPIE_BULK_REVIEW_UNIT_C7881E5B728B2D19,75,CURRENTLY_UNREVIEWED,5H,29f8e60eff73124fc6d076df4917d35c6608d82177c622762bd940527d9077b0,9119f4c4db081c364aec30411ce5a0cfb3b09a651545b9ac5df571e112a9812f,25,"[[""BR1"",0],[""C1"",0],[""C14"",0],[""C2"",0],[""C24"",0],[""C25"",0],[""C26"",0],[""C27"",0],[""C29"",0],[""C3"",0],[""C30"",0],[""C4"",0],[""C5"",0],[""C6"",0],[""C7"",0],[""C8"",0],[""C9"",0],[""N1"",0],[""N22"",0],[""O1"",0],[""O20"",0],[""O21"",0],[""S1"",0],[""S19"",0],[""S2"",0]]",false,C1,C,8462d40f48db4f113d1f544343e82038d9a375ffc54ab52f2d00684ccce8cca1,a9ae5cc18929566b3d4f99bc17388c2ebe23df6b55731080176e07c445481b9f,true,true,WWPDB_CCD_ATOM_ID,36,NO_CURRENT_POSITIVE_SHADOW_MATCH,false,[],[],NO_EXACT_OR_ISOMORPHIC_REFERENCE_MATCH,0,0,{},false,false,false
COVAPIE_CYS_SG_EVENT_V1:2AX1:A:CYS:366-:SG:G:5EE:C1,COVAPIE_BULK_REVIEW_UNIT_CB81A8FAB5EEF2F7,77,CURRENTLY_UNREVIEWED,5EE,a3dab82e5225ca0064046584998134e268733e435526a10cf658c31d8a58a174,6485dea1c4f54f25195fd109ee3dd0ccc0180c983f4bd96e0fabf3a2e86fa882,25,"[[""C1"",0],[""C14"",0],[""C2"",0],[""C24"",0],[""C27"",0],[""C29"",0],[""C3"",0],[""C30"",0],[""C4"",0],[""C5"",0],[""C6"",0],[""C7"",0],[""C8"",0],[""C9"",0],[""CL1"",0],[""CL2"",0],[""N1"",0],[""N22"",0],[""O1"",0],[""O20"",0],[""O21"",0],[""S1"",0],[""S19"",0],[""S2"",0],[""S3"",0]]",false,C1,C,8462d40f48db4f113d1f544343e82038d9a375ffc54ab52f2d00684ccce8cca1,a9ae5cc18929566b3d4f99bc17388c2ebe23df6b55731080176e07c445481b9f,true,true,WWPDB_CCD_ATOM_ID,36,NO_CURRENT_POSITIVE_SHADOW_MATCH,false,[],[],NO_EXACT_OR_ISOMORPHIC_REFERENCE_MATCH,0,0,{},false,false,false
COVAPIE_CYS_SG_EVENT_V1:2AX1:B:CYS:366-:SG:L:5EE:C1,COVAPIE_BULK_REVIEW_UNIT_CB81A8FAB5EEF2F7,77,CURRENTLY_UNREVIEWED,5EE,a3dab82e5225ca0064046584998134e268733e435526a10cf658c31d8a58a174,6485dea1c4f54f25195fd109ee3dd0ccc0180c983f4bd96e0fabf3a2e86fa882,25,"[[""C1"",0],[""C14"",0],[""C2"",0],[""C24"",0],[""C27"",0],[""C29"",0],[""C3"",0],[""C30"",0],[""C4"",0],[""C5"",0],[""C6"",0],[""C7"",0],[""C8"",0],[""C9"",0],[""CL1"",0],[""CL2"",0],[""N1"",0],[""N22"",0],[""O1"",0],[""O20"",0],[""O21"",0],[""S1"",0],[""S19"",0],[""S2"",0],[""S3"",0]]",false,C1,C,8462d40f48db4f113d1f544343e82038d9a375ffc54ab52f2d00684ccce8cca1,a9ae5cc18929566b3d4f99bc17388c2ebe23df6b55731080176e07c445481b9f,true,true,WWPDB_CCD_ATOM_ID,36,NO_CURRENT_POSITIVE_SHADOW_MATCH,false,[],[],NO_EXACT_OR_ISOMORPHIC_REFERENCE_MATCH,0,0,{},false,false,false
COVAPIE_CYS_SG_EVENT_V1:2C6Q:D:CYS:186-:SG:O:IMP:C2,COVAPIE_BULK_REVIEW_UNIT_AAFC22DB88292B60,68,CURRENTLY_UNREVIEWED,IMP,f59f1f3a4c57bb967bdbcae56fd050af492f76dcb9e51feafbdbc3fed4659199,b31e623e8ac36e904531454243b44587abffec0adf7c4021f01344e98363c334,23,"[[""C1'"",0],[""C2"",0],[""C2'"",0],[""C3'"",0],[""C4"",0],[""C4'"",0],[""C5"",0],[""C5'"",0],[""C6"",0],[""C8"",0],[""N1"",0],[""N3"",0],[""N7"",0],[""N9"",0],[""O1P"",0],[""O2'"",0],[""O2P"",0],[""O3'"",0],[""O3P"",0],[""O4'"",0],[""O5'"",0],[""O6"",0],[""P"",0]]",false,C2,C,9deb702f21f75077153227c996409eaea2310440ad9dd8214e34ccd665980065,f61d9674a94b6d450fd6b7e433bb7828393102557c0cea02e4cad73a9c6b77bc,true,true,WWPDB_CCD_ATOM_ID,36,NO_CURRENT_POSITIVE_SHADOW_MATCH,false,[],[],NO_EXACT_OR_ISOMORPHIC_REFERENCE_MATCH,0,0,{},false,false,false
COVAPIE_CYS_SG_EVENT_V1:2FQ9:A:CYS:25-:SG:C:CRJ:C32,COVAPIE_BULK_REVIEW_UNIT_57FF17B34C94F78F,51,CURRENTLY_UNREVIEWED,CRJ,b1c41129932543e1ccf684573be1e4f16f3322a392a6b07630aa0c34bf07be35,2adf7f6569c3b41c24db22f20f5aaa57cc5de155f3e6abfd1d2ad063723ba829,33,"[[""C1"",0],[""C10"",0],[""C11"",0],[""C12"",0],[""C13"",0],[""C15"",0],[""C18"",0],[""C19"",0],[""C2"",0],[""C20"",0],[""C21"",0],[""C24"",0],[""C25"",0],[""C26"",0],[""C3"",0],[""C32"",0],[""C4"",0],[""C5"",0],[""C6"",0],[""C8"",0],[""F29"",0],[""F30"",0],[""F31"",0],[""F7"",0],[""N16"",0],[""N22"",0],[""N33"",0],[""N9"",0],[""O17"",0],[""O23"",0],[""O27"",0],[""O28"",0],[""S14"",0]]",false,C32,C,06ec5368f37d9efa11cdcbf0e9d6d58ccb740d60bba59f07b220b18efe93a659,6152be529959edc375cd84974afbb66589f8f3be4ef8af4498eccbd21a385e55,true,true,WWPDB_CCD_ATOM_ID,36,NO_CURRENT_POSITIVE_SHADOW_MATCH,false,[],[],NO_EXACT_OR_ISOMORPHIC_REFERENCE_MATCH,0,0,{},false,false,false
COVAPIE_CYS_SG_EVENT_V1:2FQ9:B:CYS:25-:SG:D:CRJ:C32,COVAPIE_BULK_REVIEW_UNIT_57FF17B34C94F78F,51,CURRENTLY_UNREVIEWED,CRJ,b1c41129932543e1ccf684573be1e4f16f3322a392a6b07630aa0c34bf07be35,2adf7f6569c3b41c24db22f20f5aaa57cc5de155f3e6abfd1d2ad063723ba829,33,"[[""C1"",0],[""C10"",0],[""C11"",0],[""C12"",0],[""C13"",0],[""C15"",0],[""C18"",0],[""C19"",0],[""C2"",0],[""C20"",0],[""C21"",0],[""C24"",0],[""C25"",0],[""C26"",0],[""C3"",0],[""C32"",0],[""C4"",0],[""C5"",0],[""C6"",0],[""C8"",0],[""F29"",0],[""F30"",0],[""F31"",0],[""F7"",0],[""N16"",0],[""N22"",0],[""N33"",0],[""N9"",0],[""O17"",0],[""O23"",0],[""O27"",0],[""O28"",0],[""S14"",0]]",false,C32,C,06ec5368f37d9efa11cdcbf0e9d6d58ccb740d60bba59f07b220b18efe93a659,6152be529959edc375cd84974afbb66589f8f3be4ef8af4498eccbd21a385e55,true,true,WWPDB_CCD_ATOM_ID,36,NO_CURRENT_POSITIVE_SHADOW_MATCH,false,[],[],NO_EXACT_OR_ISOMORPHIC_REFERENCE_MATCH,0,0,{},false,false,false
COVAPIE_CYS_SG_EVENT_V1:2GH5:A:CYS:58-:SG:E:ELI:C17,COVAPIE_BULK_REVIEW_UNIT_A3B1026F5FBAFB4A,67,CURRENTLY_UNREVIEWED,ELI,b9a5bfabaf0776ffa590dc987df15ccfb430d293757625eab077387245d79079,bfa42500dae5640657ac06b449ea7244f236beff7f72cec8d0ebd2adb98d4a28,21,"[[""C1"",0],[""C10"",0],[""C11"",0],[""C14"",0],[""C15"",0],[""C17"",0],[""C18"",0],[""C19"",0],[""C2"",0],[""C20"",0],[""C23"",0],[""C26"",0],[""C3"",0],[""C4"",0],[""C43"",0],[""C5"",0],[""C6"",0],[""O16"",0],[""O44"",0],[""O45"",0],[""O7"",0]]",false,C17,C,270399e12813ee583716a9b98b14a3a92b0ff33679d916e098ea8dd5a3862b15,766c451a4f7d1605270c21ba98c33e77654f6d83c85e955d4f62e131bd8d6320,true,true,WWPDB_CCD_ATOM_ID,36,NO_CURRENT_POSITIVE_SHADOW_MATCH,false,[],[],NO_EXACT_OR_ISOMORPHIC_REFERENCE_MATCH,0,0,{},false,false,false
COVAPIE_CYS_SG_EVENT_V1:2GH5:B:CYS:58-:SG:N:ELI:C17,COVAPIE_BULK_REVIEW_UNIT_A3B1026F5FBAFB4A,67,CURRENTLY_UNREVIEWED,ELI,b9a5bfabaf0776ffa590dc987df15ccfb430d293757625eab077387245d79079,bfa42500dae5640657ac06b449ea7244f236beff7f72cec8d0ebd2adb98d4a28,21,"[[""C1"",0],[""C10"",0],[""C11"",0],[""C14"",0],[""C15"",0],[""C17"",0],[""C18"",0],[""C19"",0],[""C2"",0],[""C20"",0],[""C23"",0],[""C26"",0],[""C3"",0],[""C4"",0],[""C43"",0],[""C5"",0],[""C6"",0],[""O16"",0],[""O44"",0],[""O45"",0],[""O7"",0]]",false,C17,C,270399e12813ee583716a9b98b14a3a92b0ff33679d916e098ea8dd5a3862b15,766c451a4f7d1605270c21ba98c33e77654f6d83c85e955d4f62e131bd8d6320,true,true,WWPDB_CCD_ATOM_ID,36,NO_CURRENT_POSITIVE_SHADOW_MATCH,false,[],[],NO_EXACT_OR_ISOMORPHIC_REFERENCE_MATCH,0,0,{},false,false,false
COVAPIE_CYS_SG_EVENT_V1:2HWO:A:CYS:345-:SG:C:RBS:C51,COVAPIE_BULK_REVIEW_UNIT_F9447F8F5D8C3AE5,86,CURRENTLY_UNREVIEWED,RBS,3b105de479d9254dc52e27f5c7e99468e1aaf02440de704f47fb94e24935ff83,981ea183159924342448a95ff08b2422879432762542c9dbed620883eddfc706,22,"[[""C10"",0],[""C11"",0],[""C13"",0],[""C17"",0],[""C18"",0],[""C19"",0],[""C20"",0],[""C21"",0],[""C22"",0],[""C3"",0],[""C4"",0],[""C5"",0],[""C51"",0],[""C6"",0],[""C7"",0],[""C8"",0],[""C9"",0],[""N1"",0],[""N11"",0],[""N2"",0],[""N3"",0],[""O61"",0]]",false,C51,C,d27a527bb325efeb660dad0204cba256cd78e5080771c5a4e13db7f9ac6960d6,6699dfb505d316179034dfff8bb9ba27836df90b1ed75116c8f6d5f98ba818a9,true,true,WWPDB_CCD_ATOM_ID,36,NO_CURRENT_POSITIVE_SHADOW_MATCH,false,[],[],NO_EXACT_OR_ISOMORPHIC_REFERENCE_MATCH,0,0,{},false,false,false
COVAPIE_CYS_SG_EVENT_V1:2HWO:B:CYS:345-:SG:D:RBS:C51,COVAPIE_BULK_REVIEW_UNIT_F9447F8F5D8C3AE5,86,CURRENTLY_UNREVIEWED,RBS,3b105de479d9254dc52e27f5c7e99468e1aaf02440de704f47fb94e24935ff83,981ea183159924342448a95ff08b2422879432762542c9dbed620883eddfc706,22,"[[""C10"",0],[""C11"",0],[""C13"",0],[""C17"",0],[""C18"",0],[""C19"",0],[""C20"",0],[""C21"",0],[""C22"",0],[""C3"",0],[""C4"",0],[""C5"",0],[""C51"",0],[""C6"",0],[""C7"",0],[""C8"",0],[""C9"",0],[""N1"",0],[""N11"",0],[""N2"",0],[""N3"",0],[""O61"",0]]",false,C51,C,d27a527bb325efeb660dad0204cba256cd78e5080771c5a4e13db7f9ac6960d6,6699dfb505d316179034dfff8bb9ba27836df90b1ed75116c8f6d5f98ba818a9,true,true,WWPDB_CCD_ATOM_ID,36,NO_CURRENT_POSITIVE_SHADOW_MATCH,false,[],[],NO_EXACT_OR_ISOMORPHIC_REFERENCE_MATCH,0,0,{},false,false,false
COVAPIE_CYS_SG_EVENT_V1:2HWP:A:CYS:345-:SG:C:DJK:C51,COVAPIE_BULK_REVIEW_UNIT_0E25EAA0EAED92E1,39,CURRENTLY_UNREVIEWED,DJK,0997f78719c85a88403ee5be9ad40a840ecc0e943d7c2a679a8f48d2197a914f,000c1d49f3d2e6df28d097837a83264092e00cb5f4a5de32081650ccda1dc8b0,23,"[[""BR"",0],[""C10"",0],[""C11"",0],[""C13"",0],[""C17"",0],[""C18"",0],[""C19"",0],[""C20"",0],[""C21"",0],[""C22"",0],[""C3"",0],[""C4"",0],[""C5"",0],[""C51"",0],[""C6"",0],[""C7"",0],[""C8"",0],[""C9"",0],[""N1"",0],[""N11"",0],[""N2"",0],[""N3"",0],[""O61"",0]]",false,C51,C,d27a527bb325efeb660dad0204cba256cd78e5080771c5a4e13db7f9ac6960d6,6699dfb505d316179034dfff8bb9ba27836df90b1ed75116c8f6d5f98ba818a9,true,true,WWPDB_CCD_ATOM_ID,36,EXACT_COMPONENT_REACTIVE_CENTER_SHADOW,true,"[""COVAPIE_CYS_SG_EVENT_V1:3LOK:A:CYS:345-:SG:C:DJK:C51"",""COVAPIE_CYS_SG_EVENT_V1:3LOK:B:CYS:345-:SG:D:DJK:C51""]","[""DJK""]",EXACT_CCD_ATOM_IDENTITY_NAMESPACE_MAPPING,1,1,"{""authoritative"":false,""candidate_status"":""MACHINE_ROLE_TRANSFER_CANDIDATE_ONLY"",""exact_mapping_reference_to_candidate"":{""BR"":""BR"",""C10"":""C10"",""C11"":""C11"",""C13"":""C13"",""C17"":""C17"",""C18"":""C18"",""C19"":""C19"",""C20"":""C20"",""C21"":""C21"",""C22"":""C22"",""C3"":""C3"",""C4"":""C4"",""C5"":""C5"",""C51"":""C51"",""C6"":""C6"",""C7"":""C7"",""C8"":""C8"",""C9"":""C9"",""N1"":""N1"",""N11"":""N11"",""N2"":""N2"",""N3"":""N3"",""O61"":""O61""},""linker_candidate_atoms"":[""N11""],""mapping_uniqueness_proof"":{""all_reference_candidates_same_role_partition"":true,""distinct_role_assignment_count"":1,""mapping_status"":""EXACT_CCD_ATOM_IDENTITY_NAMESPACE_MAPPING"",""reactive_preserving_isomorphism_count"":1},""reference_positive_event_ids"":[""COVAPIE_CYS_SG_EVENT_V1:3LOK:A:CYS:345-:SG:C:DJK:C51"",""COVAPIE_CYS_SG_EVENT_V1:3LOK:B:CYS:345-:SG:D:DJK:C51""],""role_profile_candidate"":""STRICT_LINKER_PRESENT_V1"",""scaffold_candidate_atoms"":[""BR"",""C13"",""C17"",""C18"",""C19"",""C20"",""C21"",""C22"",""C3"",""C4"",""C5"",""C6"",""C7"",""C8"",""C9"",""N1"",""N2"",""N3""],""warhead_candidate_atoms"":[""C10"",""C11"",""C51"",""O61""]}",false,false,false
COVAPIE_CYS_SG_EVENT_V1:2HWP:B:CYS:345-:SG:D:DJK:C51,COVAPIE_BULK_REVIEW_UNIT_0E25EAA0EAED92E1,39,CURRENTLY_UNREVIEWED,DJK,0997f78719c85a88403ee5be9ad40a840ecc0e943d7c2a679a8f48d2197a914f,000c1d49f3d2e6df28d097837a83264092e00cb5f4a5de32081650ccda1dc8b0,23,"[[""BR"",0],[""C10"",0],[""C11"",0],[""C13"",0],[""C17"",0],[""C18"",0],[""C19"",0],[""C20"",0],[""C21"",0],[""C22"",0],[""C3"",0],[""C4"",0],[""C5"",0],[""C51"",0],[""C6"",0],[""C7"",0],[""C8"",0],[""C9"",0],[""N1"",0],[""N11"",0],[""N2"",0],[""N3"",0],[""O61"",0]]",false,C51,C,d27a527bb325efeb660dad0204cba256cd78e5080771c5a4e13db7f9ac6960d6,6699dfb505d316179034dfff8bb9ba27836df90b1ed75116c8f6d5f98ba818a9,true,true,WWPDB_CCD_ATOM_ID,36,EXACT_COMPONENT_REACTIVE_CENTER_SHADOW,true,"[""COVAPIE_CYS_SG_EVENT_V1:3LOK:A:CYS:345-:SG:C:DJK:C51"",""COVAPIE_CYS_SG_EVENT_V1:3LOK:B:CYS:345-:SG:D:DJK:C51""]","[""DJK""]",EXACT_CCD_ATOM_IDENTITY_NAMESPACE_MAPPING,1,1,"{""authoritative"":false,""candidate_status"":""MACHINE_ROLE_TRANSFER_CANDIDATE_ONLY"",""exact_mapping_reference_to_candidate"":{""BR"":""BR"",""C10"":""C10"",""C11"":""C11"",""C13"":""C13"",""C17"":""C17"",""C18"":""C18"",""C19"":""C19"",""C20"":""C20"",""C21"":""C21"",""C22"":""C22"",""C3"":""C3"",""C4"":""C4"",""C5"":""C5"",""C51"":""C51"",""C6"":""C6"",""C7"":""C7"",""C8"":""C8"",""C9"":""C9"",""N1"":""N1"",""N11"":""N11"",""N2"":""N2"",""N3"":""N3"",""O61"":""O61""},""linker_candidate_atoms"":[""N11""],""mapping_uniqueness_proof"":{""all_reference_candidates_same_role_partition"":true,""distinct_role_assignment_count"":1,""mapping_status"":""EXACT_CCD_ATOM_IDENTITY_NAMESPACE_MAPPING"",""reactive_preserving_isomorphism_count"":1},""reference_positive_event_ids"":[""COVAPIE_CYS_SG_EVENT_V1:3LOK:A:CYS:345-:SG:C:DJK:C51"",""COVAPIE_CYS_SG_EVENT_V1:3LOK:B:CYS:345-:SG:D:DJK:C51""],""role_profile_candidate"":""STRICT_LINKER_PRESENT_V1"",""scaffold_candidate_atoms"":[""BR"",""C13"",""C17"",""C18"",""C19"",""C20"",""C21"",""C22"",""C3"",""C4"",""C5"",""C6"",""C7"",""C8"",""C9"",""N1"",""N2"",""N3""],""warhead_candidate_atoms"":[""C10"",""C11"",""C51"",""O61""]}",false,false,false
COVAPIE_CYS_SG_EVENT_V1:2J6H:A:CYS:1-:SG:C:ONL:CE,COVAPIE_BULK_REVIEW_UNIT_237F3C222E15BEB8,45,CURRENTLY_UNREVIEWED,ONL,4f5da8da8d74363eedaacb6a29fa2b53e0c9c2103df1a3d9f8f69baa65a87bbd,494edc232d6f3d2a54ee5e71b0ad19c48a81f9e2dbe75f7818ea40cf8d433c51,10,"[[""C"",0],[""CA"",0],[""CB"",0],[""CD"",0],[""CE"",0],[""CG"",0],[""N"",0],[""O"",0],[""OD"",0],[""OXT"",0]]",false,CE,C,270399e12813ee583716a9b98b14a3a92b0ff33679d916e098ea8dd5a3862b15,a4ef2bdfced2cd00b0657a687d1f369c44fc79aef3f185422cfcd2c90519ac47,true,true,WWPDB_CCD_ATOM_ID,36,NO_CURRENT_POSITIVE_SHADOW_MATCH,false,[],[],NO_EXACT_OR_ISOMORPHIC_REFERENCE_MATCH,0,0,{},false,false,false
COVAPIE_CYS_SG_EVENT_V1:2J6H:B:CYS:1-:SG:E:ONL:CE,COVAPIE_BULK_REVIEW_UNIT_237F3C222E15BEB8,45,CURRENTLY_UNREVIEWED,ONL,4f5da8da8d74363eedaacb6a29fa2b53e0c9c2103df1a3d9f8f69baa65a87bbd,494edc232d6f3d2a54ee5e71b0ad19c48a81f9e2dbe75f7818ea40cf8d433c51,10,"[[""C"",0],[""CA"",0],[""CB"",0],[""CD"",0],[""CE"",0],[""CG"",0],[""N"",0],[""O"",0],[""OD"",0],[""OXT"",0]]",false,CE,C,270399e12813ee583716a9b98b14a3a92b0ff33679d916e098ea8dd5a3862b15,a4ef2bdfced2cd00b0657a687d1f369c44fc79aef3f185422cfcd2c90519ac47,true,true,WWPDB_CCD_ATOM_ID,36,NO_CURRENT_POSITIVE_SHADOW_MATCH,false,[],[],NO_EXACT_OR_ISOMORPHIC_REFERENCE_MATCH,0,0,{},false,false,false
COVAPIE_CYS_SG_EVENT_V1:2J7Q:A:CYS:23-:SG:F:GVE:CB,COVAPIE_BULK_REVIEW_UNIT_AAB4DCC7D3073222,23,CURRENTLY_UNREVIEWED,GVE,ac67854590c319bced12e9347686bf219dfae9969f39e506abe691fb7e7c8ce5,109f4b41f47d0ee10481c8737159878a31f58976928c1820f2e43ed587a7e478,8,"[[""C"",0],[""C1"",0],[""CB"",0],[""CG"",0],[""CH3"",0],[""N"",0],[""O"",0],[""OXT"",0]]",false,CB,C,d2671534b0762c2541e105e7ff6bff1377db0f8f49fb932ad12463c7cf42f909,167e5cc83a9da354fd48808202f616a2c9a834e528accac00063b5a13b6d1930,true,true,WWPDB_CCD_ATOM_ID,36,NO_CURRENT_POSITIVE_SHADOW_MATCH,false,[],[],NO_EXACT_OR_ISOMORPHIC_REFERENCE_MATCH,0,0,{},false,false,false
COVAPIE_CYS_SG_EVENT_V1:2J7Q:C:CYS:23-:SG:J:GVE:CB,COVAPIE_BULK_REVIEW_UNIT_AAB4DCC7D3073222,23,CURRENTLY_UNREVIEWED,GVE,ac67854590c319bced12e9347686bf219dfae9969f39e506abe691fb7e7c8ce5,109f4b41f47d0ee10481c8737159878a31f58976928c1820f2e43ed587a7e478,8,"[[""C"",0],[""C1"",0],[""CB"",0],[""CG"",0],[""CH3"",0],[""N"",0],[""O"",0],[""OXT"",0]]",false,CB,C,d2671534b0762c2541e105e7ff6bff1377db0f8f49fb932ad12463c7cf42f909,167e5cc83a9da354fd48808202f616a2c9a834e528accac00063b5a13b6d1930,true,true,WWPDB_CCD_ATOM_ID,36,NO_CURRENT_POSITIVE_SHADOW_MATCH,false,[],[],NO_EXACT_OR_ISOMORPHIC_REFERENCE_MATCH,0,0,{},false,false,false
COVAPIE_CYS_SG_EVENT_V1:2NQG:A:CYS:115-:SG:D:NQG:CBT,COVAPIE_BULK_REVIEW_UNIT_23C6195A794CF380,93,CURRENTLY_UNREVIEWED,NQG,77ecf59544c1091cada1086b5c9002631b624c925f0764cebd871540f117199f,f03bfb47f59b57475c5e032fb8ab0d89e08ad3773d10b2662d419cbaf0acac3f,44,"[[""C"",0],[""CA"",0],[""CAA"",0],[""CAM"",0],[""CAN"",0],[""CAO"",0],[""CAP"",0],[""CAQ"",0],[""CAR"",0],[""CAS"",0],[""CAT"",0],[""CAU"",0],[""CAV"",0],[""CAX"",0],[""CAY"",0],[""CB"",0],[""CBG"",0],[""CBH"",0],[""CBJ"",0],[""CBK"",0],[""CBL"",0],[""CBM"",0],[""CBN"",0],[""CBO"",0],[""CBQ"",0],[""CBR"",0],[""CBS"",0],[""CBT"",0],[""N"",0],[""NAC"",0],[""NAD"",0],[""NAE"",0],[""NAF"",0],[""NAZ"",0],[""NBA"",0],[""NBB"",0],[""NBD"",0],[""O"",0],[""OAG"",0],[""OAI"",0],[""OAJ"",0],[""OAK"",0],[""OAL"",0],[""OBE"",0]]",false,CBT,C,,,true,true,WWPDB_CCD_ATOM_ID,36,NO_CURRENT_POSITIVE_SHADOW_MATCH,false,[],[],NO_EXACT_OR_ISOMORPHIC_REFERENCE_MATCH,0,0,{},false,false,false
COVAPIE_CYS_SG_EVENT_V1:2NQI:A:CYS:115-:SG:D:NQI:CBS,COVAPIE_BULK_REVIEW_UNIT_89C5A5B714124981,111,CURRENTLY_UNREVIEWED,NQI,5ab916924fde1598ea654965bf92b20fc8b05c7135de2faef27854baa190a352,4a587a3b63786fb8c116353b730c600e093794a960361771176e9f8bfd298729,43,"[[""C"",0],[""CA"",0],[""CAA"",0],[""CAB"",0],[""CAM"",0],[""CAN"",0],[""CAO"",0],[""CAP"",0],[""CAQ"",0],[""CAR"",0],[""CAS"",0],[""CAT"",0],[""CAU"",0],[""CAW"",0],[""CAX"",0],[""CB"",0],[""CBF"",0],[""CBG"",0],[""CBI"",0],[""CBJ"",0],[""CBK"",0],[""CBL"",0],[""CBM"",0],[""CBN"",0],[""CBP"",0],[""CBQ"",0],[""CBR"",0],[""CBS"",0],[""N"",0],[""NAD"",0],[""NAE"",0],[""NAF"",0],[""NAY"",0],[""NAZ"",0],[""NBB"",0],[""NBC"",0],[""O"",0],[""OAG"",0],[""OAI"",0],[""OAJ"",0],[""OAK"",0],[""OAL"",0],[""OBD"",0]]",false,CBS,C,,,true,true,WWPDB_CCD_ATOM_ID,36,NO_CURRENT_POSITIVE_SHADOW_MATCH,false,[],[],NO_EXACT_OR_ISOMORPHIC_REFERENCE_MATCH,0,0,{},false,false,false
COVAPIE_CYS_SG_EVENT_V1:2QLQ:A:CYS:345-:SG:C:SR2:C51,COVAPIE_BULK_REVIEW_UNIT_A9BBD5309D7A5C08,22,CURRENTLY_UNREVIEWED,SR2,41cbb698b10fbc65391694b6d0d00d618ba4cf566a68030b75ff0fc31e03934a,6c286d272d3847bddd75bc2c14d4dc9a0cf11eb249b3f35bfba29ccda629d1e6,27,"[[""BRR1"",0],[""C10"",0],[""C11"",0],[""C13"",0],[""C17"",0],[""C18"",0],[""C19"",0],[""C20"",0],[""C21"",0],[""C22"",0],[""C3"",0],[""C4"",0],[""C5"",0],[""C51"",0],[""C6"",0],[""C61"",0],[""C65"",0],[""C67"",0],[""C7"",0],[""C8"",0],[""C9"",0],[""N1"",0],[""N11"",0],[""N2"",0],[""N3"",0],[""N63"",0],[""O61"",0]]",false,C51,C,4e00ae9307adfb73f42afb7c413beb9eba4f615244bf4835cf839d3b7576685e,f2e473970d4e42914c037071326561960941692a98be4b04ba98825db461c1f1,true,true,WWPDB_CCD_ATOM_ID,36,NO_CURRENT_POSITIVE_SHADOW_MATCH,false,[],[],NO_EXACT_OR_ISOMORPHIC_REFERENCE_MATCH,0,0,{},false,false,false
COVAPIE_CYS_SG_EVENT_V1:2QLQ:B:CYS:345-:SG:E:SR2:C51,COVAPIE_BULK_REVIEW_UNIT_A9BBD5309D7A5C08,22,CURRENTLY_UNREVIEWED,SR2,41cbb698b10fbc65391694b6d0d00d618ba4cf566a68030b75ff0fc31e03934a,6c286d272d3847bddd75bc2c14d4dc9a0cf11eb249b3f35bfba29ccda629d1e6,27,"[[""BRR1"",0],[""C10"",0],[""C11"",0],[""C13"",0],[""C17"",0],[""C18"",0],[""C19"",0],[""C20"",0],[""C21"",0],[""C22"",0],[""C3"",0],[""C4"",0],[""C5"",0],[""C51"",0],[""C6"",0],[""C61"",0],[""C65"",0],[""C67"",0],[""C7"",0],[""C8"",0],[""C9"",0],[""N1"",0],[""N11"",0],[""N2"",0],[""N3"",0],[""N63"",0],[""O61"",0]]",false,C51,C,4e00ae9307adfb73f42afb7c413beb9eba4f615244bf4835cf839d3b7576685e,f2e473970d4e42914c037071326561960941692a98be4b04ba98825db461c1f1,true,true,WWPDB_CCD_ATOM_ID,36,NO_CURRENT_POSITIVE_SHADOW_MATCH,false,[],[],NO_EXACT_OR_ISOMORPHIC_REFERENCE_MATCH,0,0,{},false,false,false
COVAPIE_CYS_SG_EVENT_V1:2QQ7:A:CYS:345-:SG:C:SR2:C51,COVAPIE_BULK_REVIEW_UNIT_A9BBD5309D7A5C08,22,CURRENTLY_UNREVIEWED,SR2,41cbb698b10fbc65391694b6d0d00d618ba4cf566a68030b75ff0fc31e03934a,6c286d272d3847bddd75bc2c14d4dc9a0cf11eb249b3f35bfba29ccda629d1e6,27,"[[""BRR1"",0],[""C10"",0],[""C11"",0],[""C13"",0],[""C17"",0],[""C18"",0],[""C19"",0],[""C20"",0],[""C21"",0],[""C22"",0],[""C3"",0],[""C4"",0],[""C5"",0],[""C51"",0],[""C6"",0],[""C61"",0],[""C65"",0],[""C67"",0],[""C7"",0],[""C8"",0],[""C9"",0],[""N1"",0],[""N11"",0],[""N2"",0],[""N3"",0],[""N63"",0],[""O61"",0]]",false,C51,C,4e00ae9307adfb73f42afb7c413beb9eba4f615244bf4835cf839d3b7576685e,f2e473970d4e42914c037071326561960941692a98be4b04ba98825db461c1f1,true,true,WWPDB_CCD_ATOM_ID,36,NO_CURRENT_POSITIVE_SHADOW_MATCH,false,[],[],NO_EXACT_OR_ISOMORPHIC_REFERENCE_MATCH,0,0,{},false,false,false
COVAPIE_CYS_SG_EVENT_V1:2QQ7:B:CYS:345-:SG:D:SR2:C51,COVAPIE_BULK_REVIEW_UNIT_A9BBD5309D7A5C08,22,CURRENTLY_UNREVIEWED,SR2,41cbb698b10fbc65391694b6d0d00d618ba4cf566a68030b75ff0fc31e03934a,6c286d272d3847bddd75bc2c14d4dc9a0cf11eb249b3f35bfba29ccda629d1e6,27,"[[""BRR1"",0],[""C10"",0],[""C11"",0],[""C13"",0],[""C17"",0],[""C18"",0],[""C19"",0],[""C20"",0],[""C21"",0],[""C22"",0],[""C3"",0],[""C4"",0],[""C5"",0],[""C51"",0],[""C6"",0],[""C61"",0],[""C65"",0],[""C67"",0],[""C7"",0],[""C8"",0],[""C9"",0],[""N1"",0],[""N11"",0],[""N2"",0],[""N3"",0],[""N63"",0],[""O61"",0]]",false,C51,C,4e00ae9307adfb73f42afb7c413beb9eba4f615244bf4835cf839d3b7576685e,f2e473970d4e42914c037071326561960941692a98be4b04ba98825db461c1f1,true,true,WWPDB_CCD_ATOM_ID,36,NO_CURRENT_POSITIVE_SHADOW_MATCH,false,[],[],NO_EXACT_OR_ISOMORPHIC_REFERENCE_MATCH,0,0,{},false,false,false
COVAPIE_CYS_SG_EVENT_V1:2W93:B:CYS:221-:SG:L:PY0:C2,COVAPIE_BULK_REVIEW_UNIT_EA929B6D5C86E86B,37,CURRENTLY_UNREVIEWED,PY0,e1df66372f81b2675695fbaa3b8185e2b7e365dd317aee396e39258f4766f309,ca7b8b085d4e7814e69dc97ec5cd8786a5470110ebb8a348bd41b4d725b7beb9,7,"[[""C1"",0],[""C2"",0],[""C3"",0],[""N"",0],[""O1"",0],[""O2"",-1],[""O3"",0]]",false,C2,C,5798309e205193cdafce08c52ada6271b2d6c4916926f95293aa77032bc48a12,57ce86d06a9b44daa4ff09e6d3b79f16b2966d3a19bd1b5b83140a1324fc81dd,true,true,WWPDB_CCD_ATOM_ID,36,NO_CURRENT_POSITIVE_SHADOW_MATCH,false,[],[],NO_EXACT_OR_ISOMORPHIC_REFERENCE_MATCH,0,0,{},false,false,false
COVAPIE_CYS_SG_EVENT_V1:2W93:C:CYS:221-:SG:P:PY0:C2,COVAPIE_BULK_REVIEW_UNIT_EA929B6D5C86E86B,37,CURRENTLY_UNREVIEWED,PY0,e1df66372f81b2675695fbaa3b8185e2b7e365dd317aee396e39258f4766f309,ca7b8b085d4e7814e69dc97ec5cd8786a5470110ebb8a348bd41b4d725b7beb9,7,"[[""C1"",0],[""C2"",0],[""C3"",0],[""N"",0],[""O1"",0],[""O2"",-1],[""O3"",0]]",false,C2,C,5798309e205193cdafce08c52ada6271b2d6c4916926f95293aa77032bc48a12,57ce86d06a9b44daa4ff09e6d3b79f16b2966d3a19bd1b5b83140a1324fc81dd,true,true,WWPDB_CCD_ATOM_ID,36,NO_CURRENT_POSITIVE_SHADOW_MATCH,false,[],[],NO_EXACT_OR_ISOMORPHIC_REFERENCE_MATCH,0,0,{},false,false,false
COVAPIE_CYS_SG_EVENT_V1:2W93:D:CYS:221-:SG:T:PY0:C2,COVAPIE_BULK_REVIEW_UNIT_EA929B6D5C86E86B,37,CURRENTLY_UNREVIEWED,PY0,e1df66372f81b2675695fbaa3b8185e2b7e365dd317aee396e39258f4766f309,ca7b8b085d4e7814e69dc97ec5cd8786a5470110ebb8a348bd41b4d725b7beb9,7,"[[""C1"",0],[""C2"",0],[""C3"",0],[""N"",0],[""O1"",0],[""O2"",-1],[""O3"",0]]",false,C2,C,5798309e205193cdafce08c52ada6271b2d6c4916926f95293aa77032bc48a12,57ce86d06a9b44daa4ff09e6d3b79f16b2966d3a19bd1b5b83140a1324fc81dd,true,true,WWPDB_CCD_ATOM_ID,36,NO_CURRENT_POSITIVE_SHADOW_MATCH,false,[],[],NO_EXACT_OR_ISOMORPHIC_REFERENCE_MATCH,0,0,{},false,false,false
COVAPIE_CYS_SG_EVENT_V1:2Y5Y:A:CYS:122-:SG:D:TGA:S15,COVAPIE_BULK_REVIEW_UNIT_849C00809BE09F89,64,CURRENTLY_UNREVIEWED,TGA,8dcbd15b2447e9100867cb87a6a0c80d3558414b989e7e7e573e6520fc3e203f,b595cce32481e3a880c45f0aaeafa5446fa3abead4830df28b6c9316c38d90d8,15,"[[""C1"",0],[""C13"",0],[""C14"",0],[""C2"",0],[""C3"",0],[""C4"",0],[""C5"",0],[""C6"",0],[""O1"",0],[""O2"",0],[""O3"",0],[""O4"",0],[""O5"",0],[""O6"",0],[""S15"",0]]",false,S15,S,e6ca1bc51fe2e6a441cee743e1e8351ac9e24a449cfdb678c4db60c12eec33b8,faffb9025d78c584582ffa19fda6801bc22e0f9e68def174a0a1683f1d7cb5aa,true,true,WWPDB_CCD_ATOM_ID,36,NO_CURRENT_POSITIVE_SHADOW_MATCH,false,[],[],NO_EXACT_OR_ISOMORPHIC_REFERENCE_MATCH,0,0,{},false,false,false
COVAPIE_CYS_SG_EVENT_V1:2Y5Y:B:CYS:122-:SG:F:TGA:S15,COVAPIE_BULK_REVIEW_UNIT_849C00809BE09F89,64,CURRENTLY_UNREVIEWED,TGA,8dcbd15b2447e9100867cb87a6a0c80d3558414b989e7e7e573e6520fc3e203f,b595cce32481e3a880c45f0aaeafa5446fa3abead4830df28b6c9316c38d90d8,15,"[[""C1"",0],[""C13"",0],[""C14"",0],[""C2"",0],[""C3"",0],[""C4"",0],[""C5"",0],[""C6"",0],[""O1"",0],[""O2"",0],[""O3"",0],[""O4"",0],[""O5"",0],[""O6"",0],[""S15"",0]]",false,S15,S,e6ca1bc51fe2e6a441cee743e1e8351ac9e24a449cfdb678c4db60c12eec33b8,faffb9025d78c584582ffa19fda6801bc22e0f9e68def174a0a1683f1d7cb5aa,true,true,WWPDB_CCD_ATOM_ID,36,NO_CURRENT_POSITIVE_SHADOW_MATCH,false,[],[],NO_EXACT_OR_ISOMORPHIC_REFERENCE_MATCH,0,0,{},false,false,false
COVAPIE_CYS_SG_EVENT_V1:2Y92:A:CYS:157-:SG:B:DTT:S1,COVAPIE_BULK_REVIEW_UNIT_A3782D89BDEF47C1,117,CURRENTLY_UNREVIEWED,DTT,caf1efccafd3624f5eaf17143e96aa9bdd7df4a4e672f24c261fd9af3eb05520,c815cc841bc3d16fd4c6a48919a47aa79536cef787a5ad5f5dbbcf350a793c54,8,"[[""C1"",0],[""C2"",0],[""C3"",0],[""C4"",0],[""O2"",0],[""O3"",0],[""S1"",0],[""S4"",0]]",false,S1,S,e6ca1bc51fe2e6a441cee743e1e8351ac9e24a449cfdb678c4db60c12eec33b8,faffb9025d78c584582ffa19fda6801bc22e0f9e68def174a0a1683f1d7cb5aa,true,true,WWPDB_CCD_ATOM_ID,36,NO_CURRENT_POSITIVE_SHADOW_MATCH,false,[],[],NO_EXACT_OR_ISOMORPHIC_REFERENCE_MATCH,0,0,{},false,false,false
COVAPIE_CYS_SG_EVENT_V1:2Y92:A:CYS:91-:SG:B:DTT:S4,COVAPIE_BULK_REVIEW_UNIT_2EBCD325E1CD2081,96,CURRENTLY_UNREVIEWED,DTT,caf1efccafd3624f5eaf17143e96aa9bdd7df4a4e672f24c261fd9af3eb05520,c815cc841bc3d16fd4c6a48919a47aa79536cef787a5ad5f5dbbcf350a793c54,8,"[[""C1"",0],[""C2"",0],[""C3"",0],[""C4"",0],[""O2"",0],[""O3"",0],[""S1"",0],[""S4"",0]]",false,S4,S,e6ca1bc51fe2e6a441cee743e1e8351ac9e24a449cfdb678c4db60c12eec33b8,faffb9025d78c584582ffa19fda6801bc22e0f9e68def174a0a1683f1d7cb5aa,true,true,WWPDB_CCD_ATOM_ID,36,NO_CURRENT_POSITIVE_SHADOW_MATCH,false,[],[],NO_EXACT_OR_ISOMORPHIC_REFERENCE_MATCH,0,0,{},false,false,false
COVAPIE_CYS_SG_EVENT_V1:2YNB:B:CYS:148-:SG:E:G85:C63,COVAPIE_BULK_REVIEW_UNIT_A49155DC51E78D3B,118,CURRENTLY_UNREVIEWED,G85,ab0c6cb8159468be99a471d57ef16962bddf55b700560c0289617eb01804b65f,a9adcbe35f29d2df2420b25b5526fccf76bc2774be0b75bde6688b21f84e7edb,47,"[[""C1"",0],[""C10"",0],[""C11"",0],[""C12"",0],[""C13"",0],[""C17"",0],[""C2"",0],[""C23"",0],[""C25"",0],[""C29"",0],[""C3"",0],[""C31"",0],[""C37"",0],[""C39"",0],[""C4"",0],[""C41"",0],[""C43"",0],[""C45"",0],[""C5"",0],[""C51"",0],[""C53"",0],[""C55"",0],[""C57"",0],[""C59"",0],[""C6"",0],[""C61"",0],[""C63"",0],[""C65"",0],[""C7"",0],[""C71"",0],[""C73"",0],[""C8"",0],[""C82"",0],[""C84"",0],[""C9"",0],[""N21"",0],[""N33"",0],[""N49"",0],[""N69"",0],[""O15"",0],[""O19"",0],[""O27"",0],[""O35"",0],[""O47"",0],[""O66"",0],[""O86"",0],[""O88"",0]]",false,C63,C,d2671534b0762c2541e105e7ff6bff1377db0f8f49fb932ad12463c7cf42f909,09d4b725711086163a793e4014f09e3378afc354810e01b093d2bcc013bc2152,true,true,WWPDB_CCD_ATOM_ID,36,NO_CURRENT_POSITIVE_SHADOW_MATCH,false,[],[],NO_EXACT_OR_ISOMORPHIC_REFERENCE_MATCH,0,0,{},false,false,false
COVAPIE_CYS_SG_EVENT_V1:2ZK3:A:CYS:285-:SG:C:OCX:C11,COVAPIE_BULK_REVIEW_UNIT_672DEEDD20BA4AE3,55,CURRENTLY_UNREVIEWED,OCX,47d6224c9ecde3fb3522b204e9bf56ba7619acf29e8c8169cfc4268ecac1762e,966d3fef2754c0f87e0f059536ea5d3dd841f3d9779c36764a748d7e19d2faa2,23,"[[""C1"",0],[""C10"",0],[""C11"",0],[""C13"",0],[""C14"",0],[""C16"",0],[""C17"",0],[""C18"",0],[""C19"",0],[""C2"",0],[""C20"",0],[""C21"",0],[""C22"",0],[""C3"",0],[""C4"",0],[""C5"",0],[""C6"",0],[""C7"",0],[""C8"",0],[""C9"",0],[""O15"",0],[""O23"",0],[""O24"",0]]",false,C11,C,4ede7dcc9c2422e87624692d89adfc0711e7dd3cc124658af8fa37184679703d,6c912a7c36cfbc6fa58fe22906fe57192d025a14e4ab1a0ad8f5e2c0cba3be46,true,true,WWPDB_CCD_ATOM_ID,36,NO_CURRENT_POSITIVE_SHADOW_MATCH,false,[],[],NO_EXACT_OR_ISOMORPHIC_REFERENCE_MATCH,0,0,{},false,false,false
COVAPIE_CYS_SG_EVENT_V1:2ZK3:B:CYS:285-:SG:D:OCX:C11,COVAPIE_BULK_REVIEW_UNIT_672DEEDD20BA4AE3,55,CURRENTLY_UNREVIEWED,OCX,47d6224c9ecde3fb3522b204e9bf56ba7619acf29e8c8169cfc4268ecac1762e,966d3fef2754c0f87e0f059536ea5d3dd841f3d9779c36764a748d7e19d2faa2,23,"[[""C1"",0],[""C10"",0],[""C11"",0],[""C13"",0],[""C14"",0],[""C16"",0],[""C17"",0],[""C18"",0],[""C19"",0],[""C2"",0],[""C20"",0],[""C21"",0],[""C22"",0],[""C3"",0],[""C4"",0],[""C5"",0],[""C6"",0],[""C7"",0],[""C8"",0],[""C9"",0],[""O15"",0],[""O23"",0],[""O24"",0]]",false,C11,C,4ede7dcc9c2422e87624692d89adfc0711e7dd3cc124658af8fa37184679703d,6c912a7c36cfbc6fa58fe22906fe57192d025a14e4ab1a0ad8f5e2c0cba3be46,true,true,WWPDB_CCD_ATOM_ID,36,NO_CURRENT_POSITIVE_SHADOW_MATCH,false,[],[],NO_EXACT_OR_ISOMORPHIC_REFERENCE_MATCH,0,0,{},false,false,false
COVAPIE_CYS_SG_EVENT_V1:2ZK4:A:CYS:285-:SG:C:OCR:C9,COVAPIE_BULK_REVIEW_UNIT_013E84BB94630904,40,CURRENTLY_UNREVIEWED,OCR,9b41db2f10bb0d2f2b6777ab461c75869c86b828b02a8ad58e30aef3260fb857,370ad9aa16312a06e2bf11860b5853295ed19824e52785b123fc4bc09529e92e,23,"[[""C1"",0],[""C11"",0],[""C12"",0],[""C13"",0],[""C14"",0],[""C15"",0],[""C16"",0],[""C17"",0],[""C18"",0],[""C19"",0],[""C2"",0],[""C20"",0],[""C21"",0],[""C22"",0],[""C3"",0],[""C4"",0],[""C5"",0],[""C6"",0],[""C8"",0],[""C9"",0],[""O23"",0],[""O24"",0],[""O7"",0]]",false,C9,C,4ede7dcc9c2422e87624692d89adfc0711e7dd3cc124658af8fa37184679703d,6c912a7c36cfbc6fa58fe22906fe57192d025a14e4ab1a0ad8f5e2c0cba3be46,true,true,WWPDB_CCD_ATOM_ID,36,NO_CURRENT_POSITIVE_SHADOW_MATCH,false,[],[],NO_EXACT_OR_ISOMORPHIC_REFERENCE_MATCH,0,0,{},false,false,false
COVAPIE_CYS_SG_EVENT_V1:2ZK4:B:CYS:285-:SG:D:OCR:C9,COVAPIE_BULK_REVIEW_UNIT_013E84BB94630904,40,CURRENTLY_UNREVIEWED,OCR,9b41db2f10bb0d2f2b6777ab461c75869c86b828b02a8ad58e30aef3260fb857,370ad9aa16312a06e2bf11860b5853295ed19824e52785b123fc4bc09529e92e,23,"[[""C1"",0],[""C11"",0],[""C12"",0],[""C13"",0],[""C14"",0],[""C15"",0],[""C16"",0],[""C17"",0],[""C18"",0],[""C19"",0],[""C2"",0],[""C20"",0],[""C21"",0],[""C22"",0],[""C3"",0],[""C4"",0],[""C5"",0],[""C6"",0],[""C8"",0],[""C9"",0],[""O23"",0],[""O24"",0],[""O7"",0]]",false,C9,C,4ede7dcc9c2422e87624692d89adfc0711e7dd3cc124658af8fa37184679703d,6c912a7c36cfbc6fa58fe22906fe57192d025a14e4ab1a0ad8f5e2c0cba3be46,true,true,WWPDB_CCD_ATOM_ID,36,NO_CURRENT_POSITIVE_SHADOW_MATCH,false,[],[],NO_EXACT_OR_ISOMORPHIC_REFERENCE_MATCH,0,0,{},false,false,false
COVAPIE_CYS_SG_EVENT_V1:2ZK5:A:CYS:285-:SG:C:NRO:C8,COVAPIE_BULK_REVIEW_UNIT_20296232043E53A1,44,CURRENTLY_UNREVIEWED,NRO,c94848313598e9c02b48f710b3b0c4dbccf46533b13d241fb335460f0431dfae,93b15477c581738c8c36e75da60dda9aecadcc69e121e89055c7715501999f76,22,"[[""C1"",0],[""C10"",0],[""C12"",0],[""C13"",0],[""C14"",0],[""C15"",0],[""C16"",0],[""C17"",0],[""C18"",0],[""C19"",0],[""C2"",0],[""C20"",0],[""C21"",0],[""C3"",0],[""C4"",0],[""C8"",0],[""N5"",1],[""O11"",0],[""O22"",0],[""O23"",0],[""O6"",0],[""O7"",-1]]",false,C8,C,fca989774c2f3f58a079136fb5cd71885a08660e6ba7dcf4f712fe4f7d13add2,b0441ba5ef5d51e87e00e64ef38d3fc54874073c8e052d97282e479e0a457898,true,true,WWPDB_CCD_ATOM_ID,36,NO_CURRENT_POSITIVE_SHADOW_MATCH,false,[],[],NO_EXACT_OR_ISOMORPHIC_REFERENCE_MATCH,0,0,{},false,false,false
COVAPIE_CYS_SG_EVENT_V1:2ZK5:B:CYS:285-:SG:D:NRO:C8,COVAPIE_BULK_REVIEW_UNIT_20296232043E53A1,44,CURRENTLY_UNREVIEWED,NRO,c94848313598e9c02b48f710b3b0c4dbccf46533b13d241fb335460f0431dfae,93b15477c581738c8c36e75da60dda9aecadcc69e121e89055c7715501999f76,22,"[[""C1"",0],[""C10"",0],[""C12"",0],[""C13"",0],[""C14"",0],[""C15"",0],[""C16"",0],[""C17"",0],[""C18"",0],[""C19"",0],[""C2"",0],[""C20"",0],[""C21"",0],[""C3"",0],[""C4"",0],[""C8"",0],[""N5"",1],[""O11"",0],[""O22"",0],[""O23"",0],[""O6"",0],[""O7"",-1]]",false,C8,C,fca989774c2f3f58a079136fb5cd71885a08660e6ba7dcf4f712fe4f7d13add2,b0441ba5ef5d51e87e00e64ef38d3fc54874073c8e052d97282e479e0a457898,true,true,WWPDB_CCD_ATOM_ID,36,NO_CURRENT_POSITIVE_SHADOW_MATCH,false,[],[],NO_EXACT_OR_ISOMORPHIC_REFERENCE_MATCH,0,0,{},false,false,false
COVAPIE_CYS_SG_EVENT_V1:3A2G:A:CYS:102-:SG:G:LCY:C1,COVAPIE_BULK_REVIEW_UNIT_51445761536A7C56,102,CURRENTLY_UNREVIEWED,LCY,81561cbc0ce5f14a766ff716055778e42e94655a7d59325d5c021958fc2fee6a,00fad4b040b8a8875fd354547225d14b7a5a4e439866fd4353542ae6515b2b6f,8,"[[""C1"",0],[""C2"",0],[""C3"",0],[""C4"",0],[""C5"",0],[""N1"",0],[""O1"",0],[""O2"",0]]",false,C1,C,d2671534b0762c2541e105e7ff6bff1377db0f8f49fb932ad12463c7cf42f909,0f95f50099dfd6703ccedefae393196c7793cf15ca10c350eba3d884b1e71d81,true,true,WWPDB_CCD_ATOM_ID,36,NO_CURRENT_POSITIVE_SHADOW_MATCH,false,[],[],NO_EXACT_OR_ISOMORPHIC_REFERENCE_MATCH,0,0,{},false,false,false
COVAPIE_CYS_SG_EVENT_V1:3ADW:A:CYS:285-:SG:D:OCR:C9,COVAPIE_BULK_REVIEW_UNIT_051699CAC7019ABA,41,CURRENTLY_UNREVIEWED,OCR,9b41db2f10bb0d2f2b6777ab461c75869c86b828b02a8ad58e30aef3260fb857,370ad9aa16312a06e2bf11860b5853295ed19824e52785b123fc4bc09529e92e,23,"[[""C1"",0],[""C11"",0],[""C12"",0],[""C13"",0],[""C14"",0],[""C15"",0],[""C16"",0],[""C17"",0],[""C18"",0],[""C19"",0],[""C2"",0],[""C20"",0],[""C21"",0],[""C22"",0],[""C3"",0],[""C4"",0],[""C5"",0],[""C6"",0],[""C8"",0],[""C9"",0],[""O23"",0],[""O24"",0],[""O7"",0]]",false,C9,C,4ede7dcc9c2422e87624692d89adfc0711e7dd3cc124658af8fa37184679703d,6c912a7c36cfbc6fa58fe22906fe57192d025a14e4ab1a0ad8f5e2c0cba3be46,true,true,WWPDB_CCD_ATOM_ID,36,NO_CURRENT_POSITIVE_SHADOW_MATCH,false,[],[],NO_EXACT_OR_ISOMORPHIC_REFERENCE_MATCH,0,0,{},false,false,false
COVAPIE_CYS_SG_EVENT_V1:3ADW:B:CYS:285-:SG:E:OCR:C9,COVAPIE_BULK_REVIEW_UNIT_051699CAC7019ABA,41,CURRENTLY_UNREVIEWED,OCR,9b41db2f10bb0d2f2b6777ab461c75869c86b828b02a8ad58e30aef3260fb857,370ad9aa16312a06e2bf11860b5853295ed19824e52785b123fc4bc09529e92e,23,"[[""C1"",0],[""C11"",0],[""C12"",0],[""C13"",0],[""C14"",0],[""C15"",0],[""C16"",0],[""C17"",0],[""C18"",0],[""C19"",0],[""C2"",0],[""C20"",0],[""C21"",0],[""C22"",0],[""C3"",0],[""C4"",0],[""C5"",0],[""C6"",0],[""C8"",0],[""C9"",0],[""O23"",0],[""O24"",0],[""O7"",0]]",false,C9,C,4ede7dcc9c2422e87624692d89adfc0711e7dd3cc124658af8fa37184679703d,6c912a7c36cfbc6fa58fe22906fe57192d025a14e4ab1a0ad8f5e2c0cba3be46,true,true,WWPDB_CCD_ATOM_ID,36,NO_CURRENT_POSITIVE_SHADOW_MATCH,false,[],[],NO_EXACT_OR_ISOMORPHIC_REFERENCE_MATCH,0,0,{},false,false,false
COVAPIE_CYS_SG_EVENT_V1:3C9W:A:CYS:164-:SG:C:HMY:C11,COVAPIE_BULK_REVIEW_UNIT_0E4BBC981ADBD5F5,43,CURRENTLY_UNREVIEWED,HMY,79c58aa2d3acc6daf63b2e9b59826e1f3eb86b8d3253a0b4e61782a666fca56e,cf7d47f66d39de323dcfeab96b8aadc80ab72b2ec34e29c3635314cd8fc2471f,27,"[[""C1"",0],[""C10"",0],[""C11"",0],[""C12"",0],[""C13"",0],[""C14"",0],[""C15"",0],[""C16"",0],[""C17"",0],[""C18"",0],[""C2"",0],[""C22"",0],[""C25"",0],[""C3"",0],[""C4"",0],[""C5"",0],[""C6"",0],[""C7"",0],[""C9"",0],[""O20"",0],[""O21"",0],[""O23"",0],[""O24"",0],[""O28"",0],[""O29"",0],[""O31"",0],[""O8"",0]]",false,C11,C,4e00ae9307adfb73f42afb7c413beb9eba4f615244bf4835cf839d3b7576685e,32dc6468fe36742237f462f4dcc5a245e86b601e5c73bd821a57477607349e73,true,true,WWPDB_CCD_ATOM_ID,36,NO_CURRENT_POSITIVE_SHADOW_MATCH,false,[],[],NO_EXACT_OR_ISOMORPHIC_REFERENCE_MATCH,0,0,{},false,false,false
COVAPIE_CYS_SG_EVENT_V1:3C9W:B:CYS:164-:SG:D:HMY:C11,COVAPIE_BULK_REVIEW_UNIT_0E4BBC981ADBD5F5,43,CURRENTLY_UNREVIEWED,HMY,79c58aa2d3acc6daf63b2e9b59826e1f3eb86b8d3253a0b4e61782a666fca56e,cf7d47f66d39de323dcfeab96b8aadc80ab72b2ec34e29c3635314cd8fc2471f,27,"[[""C1"",0],[""C10"",0],[""C11"",0],[""C12"",0],[""C13"",0],[""C14"",0],[""C15"",0],[""C16"",0],[""C17"",0],[""C18"",0],[""C2"",0],[""C22"",0],[""C25"",0],[""C3"",0],[""C4"",0],[""C5"",0],[""C6"",0],[""C7"",0],[""C9"",0],[""O20"",0],[""O21"",0],[""O23"",0],[""O24"",0],[""O28"",0],[""O29"",0],[""O31"",0],[""O8"",0]]",false,C11,C,4e00ae9307adfb73f42afb7c413beb9eba4f615244bf4835cf839d3b7576685e,32dc6468fe36742237f462f4dcc5a245e86b601e5c73bd821a57477607349e73,true,true,WWPDB_CCD_ATOM_ID,36,NO_CURRENT_POSITIVE_SHADOW_MATCH,false,[],[],NO_EXACT_OR_ISOMORPHIC_REFERENCE_MATCH,0,0,{},false,false,false
COVAPIE_CYS_SG_EVENT_V1:3D1L:A:CYS:179-:SG:C:MPR:S3,COVAPIE_BULK_REVIEW_UNIT_ED9881931B330C2B,82,CURRENTLY_UNREVIEWED,MPR,6464a633e026aa586a9f5dc2c57614c775483cf6bb93658f82f5aadf14b0abd8,e16b087df19dd6ac2f5f7be667dfae14229c6996fbc32ad6cbb4bbadc326910b,5,"[[""C1"",0],[""C2"",0],[""C3"",0],[""O"",0],[""S3"",0]]",false,S3,S,e6ca1bc51fe2e6a441cee743e1e8351ac9e24a449cfdb678c4db60c12eec33b8,faffb9025d78c584582ffa19fda6801bc22e0f9e68def174a0a1683f1d7cb5aa,true,true,WWPDB_CCD_ATOM_ID,36,NO_CURRENT_POSITIVE_SHADOW_MATCH,false,[],[],NO_EXACT_OR_ISOMORPHIC_REFERENCE_MATCH,0,0,{},false,false,false
COVAPIE_CYS_SG_EVENT_V1:3D1L:B:CYS:179-:SG:E:MPR:S3,COVAPIE_BULK_REVIEW_UNIT_ED9881931B330C2B,82,CURRENTLY_UNREVIEWED,MPR,6464a633e026aa586a9f5dc2c57614c775483cf6bb93658f82f5aadf14b0abd8,e16b087df19dd6ac2f5f7be667dfae14229c6996fbc32ad6cbb4bbadc326910b,5,"[[""C1"",0],[""C2"",0],[""C3"",0],[""O"",0],[""S3"",0]]",false,S3,S,e6ca1bc51fe2e6a441cee743e1e8351ac9e24a449cfdb678c4db60c12eec33b8,faffb9025d78c584582ffa19fda6801bc22e0f9e68def174a0a1683f1d7cb5aa,true,true,WWPDB_CCD_ATOM_ID,36,NO_CURRENT_POSITIVE_SHADOW_MATCH,false,[],[],NO_EXACT_OR_ISOMORPHIC_REFERENCE_MATCH,0,0,{},false,false,false
COVAPIE_CYS_SG_EVENT_V1:3KR6:A:CYS:115-:SG:B:FFQ:C1,COVAPIE_BULK_REVIEW_UNIT_5D533E4A6A44172C,53,CURRENTLY_UNREVIEWED,FFQ,46bd28827487d4f4cef6e6eee2a3ebd55480e47733240bb4211bdf29c27fae01,ec94c8e5153543cb7ce1db3ebef2c9d8783a9b862917af1430efa8aed2bab85c,8,"[[""C1"",0],[""C2"",0],[""C3"",0],[""O1"",0],[""O2"",0],[""O3"",0],[""O4"",0],[""P1"",0]]",false,C1,C,d2671534b0762c2541e105e7ff6bff1377db0f8f49fb932ad12463c7cf42f909,966fd61a103f730d039ed699f23927500c1b1753ff24c61404ee26b61ea74bda,true,true,WWPDB_CCD_ATOM_ID,36,NO_CURRENT_POSITIVE_SHADOW_MATCH,false,[],[],NO_EXACT_OR_ISOMORPHIC_REFERENCE_MATCH,0,0,{},false,false,false
COVAPIE_CYS_SG_EVENT_V1:3KW5:A:CYS:90-:SG:C:GVE:CB,COVAPIE_BULK_REVIEW_UNIT_AAB4DCC7D3073222,23,CURRENTLY_UNREVIEWED,GVE,ac67854590c319bced12e9347686bf219dfae9969f39e506abe691fb7e7c8ce5,109f4b41f47d0ee10481c8737159878a31f58976928c1820f2e43ed587a7e478,8,"[[""C"",0],[""C1"",0],[""CB"",0],[""CG"",0],[""CH3"",0],[""N"",0],[""O"",0],[""OXT"",0]]",false,CB,C,d2671534b0762c2541e105e7ff6bff1377db0f8f49fb932ad12463c7cf42f909,167e5cc83a9da354fd48808202f616a2c9a834e528accac00063b5a13b6d1930,true,true,WWPDB_CCD_ATOM_ID,36,NO_CURRENT_POSITIVE_SHADOW_MATCH,false,[],[],NO_EXACT_OR_ISOMORPHIC_REFERENCE_MATCH,0,0,{},false,false,false
COVAPIE_CYS_SG_EVENT_V1:3LLE:A:CYS:84-:SG:E:SGE:CAG,COVAPIE_BULK_REVIEW_UNIT_7C664723B3892EDE,59,CURRENTLY_UNREVIEWED,SGE,8895fabeb25dee40f6a5eb5618da035125d648d689e30e57bf67a98172bbf0cc,489fae57f192a8d9b2924157aea7e4c2449b13f5c39a4c75fe2111fe8fee688d,25,"[[""CAB"",0],[""CAC"",0],[""CAD"",0],[""CAE"",0],[""CAF"",0],[""CAG"",0],[""CAH"",0],[""CAI"",0],[""CAJ"",0],[""CAK"",0],[""CAL"",0],[""CAM"",0],[""CAN"",0],[""CAO"",0],[""CAP"",0],[""CAU"",0],[""CAV"",0],[""CAW"",0],[""CAX"",0],[""CAY"",0],[""NAA"",0],[""OAQ"",0],[""OAR"",0],[""OAS"",0],[""OAT"",0]]",false,CAG,C,3f228a8db80e44f52b6820134f38ddd5426295083fd65be04412a7e74296ced0,070da8ccf81b9642922ed59eb6fa771b3ce4456178a7c261d30061f9010e9a69,true,true,WWPDB_CCD_ATOM_ID,36,NO_CURRENT_POSITIVE_SHADOW_MATCH,false,[],[],NO_EXACT_OR_ISOMORPHIC_REFERENCE_MATCH,0,0,{},false,false,false
COVAPIE_CYS_SG_EVENT_V1:3LLE:B:CYS:84-:SG:H:SGE:CAG,COVAPIE_BULK_REVIEW_UNIT_7C664723B3892EDE,59,CURRENTLY_UNREVIEWED,SGE,8895fabeb25dee40f6a5eb5618da035125d648d689e30e57bf67a98172bbf0cc,489fae57f192a8d9b2924157aea7e4c2449b13f5c39a4c75fe2111fe8fee688d,25,"[[""CAB"",0],[""CAC"",0],[""CAD"",0],[""CAE"",0],[""CAF"",0],[""CAG"",0],[""CAH"",0],[""CAI"",0],[""CAJ"",0],[""CAK"",0],[""CAL"",0],[""CAM"",0],[""CAN"",0],[""CAO"",0],[""CAP"",0],[""CAU"",0],[""CAV"",0],[""CAW"",0],[""CAX"",0],[""CAY"",0],[""NAA"",0],[""OAQ"",0],[""OAR"",0],[""OAS"",0],[""OAT"",0]]",false,CAG,C,3f228a8db80e44f52b6820134f38ddd5426295083fd65be04412a7e74296ced0,070da8ccf81b9642922ed59eb6fa771b3ce4456178a7c261d30061f9010e9a69,true,true,WWPDB_CCD_ATOM_ID,36,NO_CURRENT_POSITIVE_SHADOW_MATCH,false,[],[],NO_EXACT_OR_ISOMORPHIC_REFERENCE_MATCH,0,0,{},false,false,false
COVAPIE_CYS_SG_EVENT_V1:3LTH:A:CYS:115-:SG:B:FFQ:C1,COVAPIE_BULK_REVIEW_UNIT_5D533E4A6A44172C,53,CURRENTLY_UNREVIEWED,FFQ,46bd28827487d4f4cef6e6eee2a3ebd55480e47733240bb4211bdf29c27fae01,ec94c8e5153543cb7ce1db3ebef2c9d8783a9b862917af1430efa8aed2bab85c,8,"[[""C1"",0],[""C2"",0],[""C3"",0],[""O1"",0],[""O2"",0],[""O3"",0],[""O4"",0],[""P1"",0]]",false,C1,C,d2671534b0762c2541e105e7ff6bff1377db0f8f49fb932ad12463c7cf42f909,966fd61a103f730d039ed699f23927500c1b1753ff24c61404ee26b61ea74bda,true,true,WWPDB_CCD_ATOM_ID,36,NO_CURRENT_POSITIVE_SHADOW_MATCH,false,[],[],NO_EXACT_OR_ISOMORPHIC_REFERENCE_MATCH,0,0,{},false,false,false
COVAPIE_CYS_SG_EVENT_V1:3ORX:A:CYS:148-:SG:I:1F8:SD,COVAPIE_BULK_REVIEW_UNIT_9723B0F9EC07CC81,8,CURRENTLY_UNREVIEWED,1F8,39530d2538d25f1a29011ee7368e340d31ffd44242aa4351aea5681aeedbd9e7,c994655c10ed258e5f92ea16daebabedfe7c28a25a2b1a8c86de6f065d69d332,16,"[[""C15"",0],[""C16"",0],[""C18"",0],[""C20"",0],[""C21"",0],[""C22"",0],[""C24"",0],[""C25"",0],[""C26"",0],[""C27"",0],[""C28"",0],[""C29"",0],[""N17"",0],[""O19"",0],[""O23"",0],[""SD"",0]]",false,SD,S,e6ca1bc51fe2e6a441cee743e1e8351ac9e24a449cfdb678c4db60c12eec33b8,faffb9025d78c584582ffa19fda6801bc22e0f9e68def174a0a1683f1d7cb5aa,true,true,WWPDB_CCD_ATOM_ID,36,NO_CURRENT_POSITIVE_SHADOW_MATCH,false,[],[],NO_EXACT_OR_ISOMORPHIC_REFERENCE_MATCH,0,0,{},false,false,false
COVAPIE_CYS_SG_EVENT_V1:3ORX:B:CYS:148-:SG:K:1F8:SD,COVAPIE_BULK_REVIEW_UNIT_9723B0F9EC07CC81,8,CURRENTLY_UNREVIEWED,1F8,39530d2538d25f1a29011ee7368e340d31ffd44242aa4351aea5681aeedbd9e7,c994655c10ed258e5f92ea16daebabedfe7c28a25a2b1a8c86de6f065d69d332,16,"[[""C15"",0],[""C16"",0],[""C18"",0],[""C20"",0],[""C21"",0],[""C22"",0],[""C24"",0],[""C25"",0],[""C26"",0],[""C27"",0],[""C28"",0],[""C29"",0],[""N17"",0],[""O19"",0],[""O23"",0],[""SD"",0]]",false,SD,S,e6ca1bc51fe2e6a441cee743e1e8351ac9e24a449cfdb678c4db60c12eec33b8,faffb9025d78c584582ffa19fda6801bc22e0f9e68def174a0a1683f1d7cb5aa,true,true,WWPDB_CCD_ATOM_ID,36,NO_CURRENT_POSITIVE_SHADOW_MATCH,false,[],[],NO_EXACT_OR_ISOMORPHIC_REFERENCE_MATCH,0,0,{},false,false,false
COVAPIE_CYS_SG_EVENT_V1:3ORX:C:CYS:148-:SG:M:1F8:SD,COVAPIE_BULK_REVIEW_UNIT_9723B0F9EC07CC81,8,CURRENTLY_UNREVIEWED,1F8,39530d2538d25f1a29011ee7368e340d31ffd44242aa4351aea5681aeedbd9e7,c994655c10ed258e5f92ea16daebabedfe7c28a25a2b1a8c86de6f065d69d332,16,"[[""C15"",0],[""C16"",0],[""C18"",0],[""C20"",0],[""C21"",0],[""C22"",0],[""C24"",0],[""C25"",0],[""C26"",0],[""C27"",0],[""C28"",0],[""C29"",0],[""N17"",0],[""O19"",0],[""O23"",0],[""SD"",0]]",false,SD,S,e6ca1bc51fe2e6a441cee743e1e8351ac9e24a449cfdb678c4db60c12eec33b8,faffb9025d78c584582ffa19fda6801bc22e0f9e68def174a0a1683f1d7cb5aa,true,true,WWPDB_CCD_ATOM_ID,36,NO_CURRENT_POSITIVE_SHADOW_MATCH,false,[],[],NO_EXACT_OR_ISOMORPHIC_REFERENCE_MATCH,0,0,{},false,false,false
COVAPIE_CYS_SG_EVENT_V1:3ORX:D:CYS:148-:SG:O:1F8:SD,COVAPIE_BULK_REVIEW_UNIT_9723B0F9EC07CC81,8,CURRENTLY_UNREVIEWED,1F8,39530d2538d25f1a29011ee7368e340d31ffd44242aa4351aea5681aeedbd9e7,c994655c10ed258e5f92ea16daebabedfe7c28a25a2b1a8c86de6f065d69d332,16,"[[""C15"",0],[""C16"",0],[""C18"",0],[""C20"",0],[""C21"",0],[""C22"",0],[""C24"",0],[""C25"",0],[""C26"",0],[""C27"",0],[""C28"",0],[""C29"",0],[""N17"",0],[""O19"",0],[""O23"",0],[""SD"",0]]",false,SD,S,e6ca1bc51fe2e6a441cee743e1e8351ac9e24a449cfdb678c4db60c12eec33b8,faffb9025d78c584582ffa19fda6801bc22e0f9e68def174a0a1683f1d7cb5aa,true,true,WWPDB_CCD_ATOM_ID,36,NO_CURRENT_POSITIVE_SHADOW_MATCH,false,[],[],NO_EXACT_OR_ISOMORPHIC_REFERENCE_MATCH,0,0,{},false,false,false
COVAPIE_CYS_SG_EVENT_V1:3ORX:E:CYS:148-:SG:Q:1F8:SD,COVAPIE_BULK_REVIEW_UNIT_9723B0F9EC07CC81,8,CURRENTLY_UNREVIEWED,1F8,39530d2538d25f1a29011ee7368e340d31ffd44242aa4351aea5681aeedbd9e7,c994655c10ed258e5f92ea16daebabedfe7c28a25a2b1a8c86de6f065d69d332,16,"[[""C15"",0],[""C16"",0],[""C18"",0],[""C20"",0],[""C21"",0],[""C22"",0],[""C24"",0],[""C25"",0],[""C26"",0],[""C27"",0],[""C28"",0],[""C29"",0],[""N17"",0],[""O19"",0],[""O23"",0],[""SD"",0]]",false,SD,S,e6ca1bc51fe2e6a441cee743e1e8351ac9e24a449cfdb678c4db60c12eec33b8,faffb9025d78c584582ffa19fda6801bc22e0f9e68def174a0a1683f1d7cb5aa,true,true,WWPDB_CCD_ATOM_ID,36,NO_CURRENT_POSITIVE_SHADOW_MATCH,false,[],[],NO_EXACT_OR_ISOMORPHIC_REFERENCE_MATCH,0,0,{},false,false,false
COVAPIE_CYS_SG_EVENT_V1:3ORX:F:CYS:148-:SG:R:1F8:SD,COVAPIE_BULK_REVIEW_UNIT_9723B0F9EC07CC81,8,CURRENTLY_UNREVIEWED,1F8,39530d2538d25f1a29011ee7368e340d31ffd44242aa4351aea5681aeedbd9e7,c994655c10ed258e5f92ea16daebabedfe7c28a25a2b1a8c86de6f065d69d332,16,"[[""C15"",0],[""C16"",0],[""C18"",0],[""C20"",0],[""C21"",0],[""C22"",0],[""C24"",0],[""C25"",0],[""C26"",0],[""C27"",0],[""C28"",0],[""C29"",0],[""N17"",0],[""O19"",0],[""O23"",0],[""SD"",0]]",false,SD,S,e6ca1bc51fe2e6a441cee743e1e8351ac9e24a449cfdb678c4db60c12eec33b8,faffb9025d78c584582ffa19fda6801bc22e0f9e68def174a0a1683f1d7cb5aa,true,true,WWPDB_CCD_ATOM_ID,36,NO_CURRENT_POSITIVE_SHADOW_MATCH,false,[],[],NO_EXACT_OR_ISOMORPHIC_REFERENCE_MATCH,0,0,{},false,false,false
COVAPIE_CYS_SG_EVENT_V1:3ORX:G:CYS:148-:SG:S:1F8:SD,COVAPIE_BULK_REVIEW_UNIT_9723B0F9EC07CC81,8,CURRENTLY_UNREVIEWED,1F8,39530d2538d25f1a29011ee7368e340d31ffd44242aa4351aea5681aeedbd9e7,c994655c10ed258e5f92ea16daebabedfe7c28a25a2b1a8c86de6f065d69d332,16,"[[""C15"",0],[""C16"",0],[""C18"",0],[""C20"",0],[""C21"",0],[""C22"",0],[""C24"",0],[""C25"",0],[""C26"",0],[""C27"",0],[""C28"",0],[""C29"",0],[""N17"",0],[""O19"",0],[""O23"",0],[""SD"",0]]",false,SD,S,e6ca1bc51fe2e6a441cee743e1e8351ac9e24a449cfdb678c4db60c12eec33b8,faffb9025d78c584582ffa19fda6801bc22e0f9e68def174a0a1683f1d7cb5aa,true,true,WWPDB_CCD_ATOM_ID,36,NO_CURRENT_POSITIVE_SHADOW_MATCH,false,[],[],NO_EXACT_OR_ISOMORPHIC_REFERENCE_MATCH,0,0,{},false,false,false
COVAPIE_CYS_SG_EVENT_V1:3ORX:H:CYS:148-:SG:T:1F8:SD,COVAPIE_BULK_REVIEW_UNIT_9723B0F9EC07CC81,8,CURRENTLY_UNREVIEWED,1F8,39530d2538d25f1a29011ee7368e340d31ffd44242aa4351aea5681aeedbd9e7,c994655c10ed258e5f92ea16daebabedfe7c28a25a2b1a8c86de6f065d69d332,16,"[[""C15"",0],[""C16"",0],[""C18"",0],[""C20"",0],[""C21"",0],[""C22"",0],[""C24"",0],[""C25"",0],[""C26"",0],[""C27"",0],[""C28"",0],[""C29"",0],[""N17"",0],[""O19"",0],[""O23"",0],[""SD"",0]]",false,SD,S,e6ca1bc51fe2e6a441cee743e1e8351ac9e24a449cfdb678c4db60c12eec33b8,faffb9025d78c584582ffa19fda6801bc22e0f9e68def174a0a1683f1d7cb5aa,true,true,WWPDB_CCD_ATOM_ID,36,NO_CURRENT_POSITIVE_SHADOW_MATCH,false,[],[],NO_EXACT_OR_ISOMORPHIC_REFERENCE_MATCH,0,0,{},false,false,false
COVAPIE_CYS_SG_EVENT_V1:3ORZ:A:CYS:148-:SG:E:2A2:SD,COVAPIE_BULK_REVIEW_UNIT_6B422BBF7FAD44F6,16,CURRENTLY_UNREVIEWED,2A2,ab52413934ca9dba239bfd2642917d7a70de884091535bf23ab0675cdc19c186,3330a14939477cac3b2c8f18add45838c03a28c296198c7a351564eb2f2b980f,19,"[[""C1"",0],[""C15"",0],[""C16"",0],[""C17"",0],[""C20"",0],[""C21"",0],[""C23"",0],[""C24"",0],[""C25"",0],[""C26"",0],[""C27"",0],[""C28"",0],[""C29"",0],[""C30"",0],[""CL99"",0],[""N19"",0],[""N22"",0],[""O18"",0],[""SD"",0]]",false,SD,S,e6ca1bc51fe2e6a441cee743e1e8351ac9e24a449cfdb678c4db60c12eec33b8,faffb9025d78c584582ffa19fda6801bc22e0f9e68def174a0a1683f1d7cb5aa,true,true,WWPDB_CCD_ATOM_ID,36,NO_CURRENT_POSITIVE_SHADOW_MATCH,false,[],[],NO_EXACT_OR_ISOMORPHIC_REFERENCE_MATCH,0,0,{},false,false,false
COVAPIE_CYS_SG_EVENT_V1:3ORZ:B:CYS:148-:SG:G:2A2:SD,COVAPIE_BULK_REVIEW_UNIT_6B422BBF7FAD44F6,16,CURRENTLY_UNREVIEWED,2A2,ab52413934ca9dba239bfd2642917d7a70de884091535bf23ab0675cdc19c186,3330a14939477cac3b2c8f18add45838c03a28c296198c7a351564eb2f2b980f,19,"[[""C1"",0],[""C15"",0],[""C16"",0],[""C17"",0],[""C20"",0],[""C21"",0],[""C23"",0],[""C24"",0],[""C25"",0],[""C26"",0],[""C27"",0],[""C28"",0],[""C29"",0],[""C30"",0],[""CL99"",0],[""N19"",0],[""N22"",0],[""O18"",0],[""SD"",0]]",false,SD,S,e6ca1bc51fe2e6a441cee743e1e8351ac9e24a449cfdb678c4db60c12eec33b8,faffb9025d78c584582ffa19fda6801bc22e0f9e68def174a0a1683f1d7cb5aa,true,true,WWPDB_CCD_ATOM_ID,36,NO_CURRENT_POSITIVE_SHADOW_MATCH,false,[],[],NO_EXACT_OR_ISOMORPHIC_REFERENCE_MATCH,0,0,{},false,false,false
COVAPIE_CYS_SG_EVENT_V1:3ORZ:C:CYS:148-:SG:I:2A2:SD,COVAPIE_BULK_REVIEW_UNIT_6B422BBF7FAD44F6,16,CURRENTLY_UNREVIEWED,2A2,ab52413934ca9dba239bfd2642917d7a70de884091535bf23ab0675cdc19c186,3330a14939477cac3b2c8f18add45838c03a28c296198c7a351564eb2f2b980f,19,"[[""C1"",0],[""C15"",0],[""C16"",0],[""C17"",0],[""C20"",0],[""C21"",0],[""C23"",0],[""C24"",0],[""C25"",0],[""C26"",0],[""C27"",0],[""C28"",0],[""C29"",0],[""C30"",0],[""CL99"",0],[""N19"",0],[""N22"",0],[""O18"",0],[""SD"",0]]",false,SD,S,e6ca1bc51fe2e6a441cee743e1e8351ac9e24a449cfdb678c4db60c12eec33b8,faffb9025d78c584582ffa19fda6801bc22e0f9e68def174a0a1683f1d7cb5aa,true,true,WWPDB_CCD_ATOM_ID,36,NO_CURRENT_POSITIVE_SHADOW_MATCH,false,[],[],NO_EXACT_OR_ISOMORPHIC_REFERENCE_MATCH,0,0,{},false,false,false
COVAPIE_CYS_SG_EVENT_V1:3ORZ:D:CYS:148-:SG:K:2A2:SD,COVAPIE_BULK_REVIEW_UNIT_6B422BBF7FAD44F6,16,CURRENTLY_UNREVIEWED,2A2,ab52413934ca9dba239bfd2642917d7a70de884091535bf23ab0675cdc19c186,3330a14939477cac3b2c8f18add45838c03a28c296198c7a351564eb2f2b980f,19,"[[""C1"",0],[""C15"",0],[""C16"",0],[""C17"",0],[""C20"",0],[""C21"",0],[""C23"",0],[""C24"",0],[""C25"",0],[""C26"",0],[""C27"",0],[""C28"",0],[""C29"",0],[""C30"",0],[""CL99"",0],[""N19"",0],[""N22"",0],[""O18"",0],[""SD"",0]]",false,SD,S,e6ca1bc51fe2e6a441cee743e1e8351ac9e24a449cfdb678c4db60c12eec33b8,faffb9025d78c584582ffa19fda6801bc22e0f9e68def174a0a1683f1d7cb5aa,true,true,WWPDB_CCD_ATOM_ID,36,NO_CURRENT_POSITIVE_SHADOW_MATCH,false,[],[],NO_EXACT_OR_ISOMORPHIC_REFERENCE_MATCH,0,0,{},false,false,false
COVAPIE_CYS_SG_EVENT_V1:3OTU:A:CYS:148-:SG:B:J30:SD,COVAPIE_BULK_REVIEW_UNIT_B93FBAAE3AAE0054,122,CURRENTLY_UNREVIEWED,J30,a1209e94dd80b85e6b8f0833cf460c2c963becc5bfb9df9c668ba60008846098,4c32cd46422aa092fdac356dd4d0b7433fd783297b99024a21d8be1f506856a5,23,"[[""C12"",0],[""C15"",0],[""C16"",0],[""C17"",0],[""C18"",0],[""C19"",0],[""C40"",0],[""C41"",0],[""C42"",0],[""C43"",0],[""C44"",0],[""C45"",0],[""C46"",0],[""C47"",0],[""C48"",0],[""C49"",0],[""CE"",0],[""CH"",0],[""CZ"",0],[""N14"",0],[""N17"",0],[""O13"",0],[""SD"",0]]",false,SD,S,e6ca1bc51fe2e6a441cee743e1e8351ac9e24a449cfdb678c4db60c12eec33b8,faffb9025d78c584582ffa19fda6801bc22e0f9e68def174a0a1683f1d7cb5aa,true,true,WWPDB_CCD_ATOM_ID,36,NO_CURRENT_POSITIVE_SHADOW_MATCH,false,[],[],NO_EXACT_OR_ISOMORPHIC_REFERENCE_MATCH,0,0,{},false,false,false
COVAPIE_CYS_SG_EVENT_V1:3P8E:A:CYS:274-:SG:C:LN7:CZ,COVAPIE_BULK_REVIEW_UNIT_761DF2EA30908AC8,57,CURRENTLY_UNREVIEWED,LN7,3a94da3e47fa298015f5bbc3c0b9ac5ae75703694ddd2891e0499f163cb9491b,45b95a02ace3f6e09e2ec281852c48767d04fcb5c13c47a18eb866cc71754e63,15,"[[""C"",0],[""CA"",0],[""CB"",0],[""CD"",0],[""CG"",0],[""CH1"",0],[""CI1"",0],[""CK1"",0],[""CT1"",0],[""CZ"",0],[""N"",0],[""NE"",0],[""NH2"",0],[""OA1"",0],[""OA2"",0]]",false,CZ,C,94b897609069b507d389e4ad3662105efbb87a633cfd611d5059bbb73fbabbbd,f1e70491d5c316df2074110aa138cb715f8cb159f2d0fc28c55e789213626bec,true,true,WWPDB_CCD_ATOM_ID,36,NO_CURRENT_POSITIVE_SHADOW_MATCH,false,[],[],NO_EXACT_OR_ISOMORPHIC_REFERENCE_MATCH,0,0,{},false,false,false
COVAPIE_CYS_SG_EVENT_V1:3P8E:B:CYS:274-:SG:D:LN7:CZ,COVAPIE_BULK_REVIEW_UNIT_761DF2EA30908AC8,57,CURRENTLY_UNREVIEWED,LN7,3a94da3e47fa298015f5bbc3c0b9ac5ae75703694ddd2891e0499f163cb9491b,45b95a02ace3f6e09e2ec281852c48767d04fcb5c13c47a18eb866cc71754e63,15,"[[""C"",0],[""CA"",0],[""CB"",0],[""CD"",0],[""CG"",0],[""CH1"",0],[""CI1"",0],[""CK1"",0],[""CT1"",0],[""CZ"",0],[""N"",0],[""NE"",0],[""NH2"",0],[""OA1"",0],[""OA2"",0]]",false,CZ,C,94b897609069b507d389e4ad3662105efbb87a633cfd611d5059bbb73fbabbbd,f1e70491d5c316df2074110aa138cb715f8cb159f2d0fc28c55e789213626bec,true,true,WWPDB_CCD_ATOM_ID,36,NO_CURRENT_POSITIVE_SHADOW_MATCH,false,[],[],NO_EXACT_OR_ISOMORPHIC_REFERENCE_MATCH,0,0,{},false,false,false
COVAPIE_CYS_SG_EVENT_V1:3PDS:A:CYS:93-:SG:B:ERC:S1,COVAPIE_BULK_REVIEW_UNIT_0A51B56B451AA067,89,CURRENTLY_UNREVIEWED,ERC,ee5a5e7a15b3e8386d3a559bed49223d190ddff6a1ce868015a8d4d717577c95,2671186647770a88ecc482298c198a94799ce041b070aa743c66e691ea298a3d,31,"[[""C1"",0],[""C10"",0],[""C11"",0],[""C12"",0],[""C13"",0],[""C14"",0],[""C15"",0],[""C16"",0],[""C17"",0],[""C18"",0],[""C19"",0],[""C2"",0],[""C20"",0],[""C21"",0],[""C22"",0],[""C23"",0],[""C3"",0],[""C4"",0],[""C5"",0],[""C6"",0],[""C7"",0],[""C8"",0],[""C9"",0],[""N1"",0],[""N2"",0],[""O1"",0],[""O2"",0],[""O3"",0],[""O4"",0],[""O5"",0],[""S1"",0]]",false,S1,S,e6ca1bc51fe2e6a441cee743e1e8351ac9e24a449cfdb678c4db60c12eec33b8,faffb9025d78c584582ffa19fda6801bc22e0f9e68def174a0a1683f1d7cb5aa,true,true,WWPDB_CCD_ATOM_ID,36,NO_CURRENT_POSITIVE_SHADOW_MATCH,false,[],[],NO_EXACT_OR_ISOMORPHIC_REFERENCE_MATCH,0,0,{},false,false,false
COVAPIE_CYS_SG_EVENT_V1:3QVY:A:CYS:82-:SG:O:ME7:CAG,COVAPIE_BULK_REVIEW_UNIT_8C17238B54AACE80,66,CURRENTLY_UNREVIEWED,ME7,113c8ee66e242cc825bcd57b971649f613b571ef11501414833f5e69ab9bd927,22a67686552967541ea40461b4bb1c0d97562ff2708d3489610925349620bc49,16,"[[""CAE"",0],[""CAF"",0],[""CAG"",0],[""CAH"",0],[""CAI"",0],[""CAJ"",0],[""CAK"",0],[""CAL"",0],[""CAM"",0],[""CAN"",0],[""NAO"",0],[""NAP"",0],[""OAA"",0],[""OAB"",0],[""OAC"",0],[""OAD"",0]]",false,CAG,C,4e00ae9307adfb73f42afb7c413beb9eba4f615244bf4835cf839d3b7576685e,a1d8b4d334b6ad9bc0d3077c9425132898e918b195d6e375e957943330b95345,true,true,WWPDB_CCD_ATOM_ID,36,NO_CURRENT_POSITIVE_SHADOW_MATCH,false,[],[],NO_EXACT_OR_ISOMORPHIC_REFERENCE_MATCH,0,0,{},false,false,false
COVAPIE_CYS_SG_EVENT_V1:3QVY:B:CYS:82-:SG:U:ME7:CAE,COVAPIE_BULK_REVIEW_UNIT_3CF0AB1696EEA129,32,CURRENTLY_UNREVIEWED,ME7,113c8ee66e242cc825bcd57b971649f613b571ef11501414833f5e69ab9bd927,22a67686552967541ea40461b4bb1c0d97562ff2708d3489610925349620bc49,16,"[[""CAE"",0],[""CAF"",0],[""CAG"",0],[""CAH"",0],[""CAI"",0],[""CAJ"",0],[""CAK"",0],[""CAL"",0],[""CAM"",0],[""CAN"",0],[""NAO"",0],[""NAP"",0],[""OAA"",0],[""OAB"",0],[""OAC"",0],[""OAD"",0]]",false,CAE,C,4e00ae9307adfb73f42afb7c413beb9eba4f615244bf4835cf839d3b7576685e,a1d8b4d334b6ad9bc0d3077c9425132898e918b195d6e375e957943330b95345,true,true,WWPDB_CCD_ATOM_ID,36,NO_CURRENT_POSITIVE_SHADOW_MATCH,false,[],[],NO_EXACT_OR_ISOMORPHIC_REFERENCE_MATCH,0,0,{},false,false,false
COVAPIE_CYS_SG_EVENT_V1:3QVY:C:CYS:82-:SG:O:ME7:CAE,COVAPIE_BULK_REVIEW_UNIT_3CF0AB1696EEA129,32,CURRENTLY_UNREVIEWED,ME7,113c8ee66e242cc825bcd57b971649f613b571ef11501414833f5e69ab9bd927,22a67686552967541ea40461b4bb1c0d97562ff2708d3489610925349620bc49,16,"[[""CAE"",0],[""CAF"",0],[""CAG"",0],[""CAH"",0],[""CAI"",0],[""CAJ"",0],[""CAK"",0],[""CAL"",0],[""CAM"",0],[""CAN"",0],[""NAO"",0],[""NAP"",0],[""OAA"",0],[""OAB"",0],[""OAC"",0],[""OAD"",0]]",false,CAE,C,4e00ae9307adfb73f42afb7c413beb9eba4f615244bf4835cf839d3b7576685e,a1d8b4d334b6ad9bc0d3077c9425132898e918b195d6e375e957943330b95345,true,true,WWPDB_CCD_ATOM_ID,36,NO_CURRENT_POSITIVE_SHADOW_MATCH,false,[],[],NO_EXACT_OR_ISOMORPHIC_REFERENCE_MATCH,0,0,{},false,false,false
COVAPIE_CYS_SG_EVENT_V1:3QVY:D:CYS:82-:SG:U:ME7:CAH,COVAPIE_BULK_REVIEW_UNIT_06A012CB91AC4F3B,42,CURRENTLY_UNREVIEWED,ME7,113c8ee66e242cc825bcd57b971649f613b571ef11501414833f5e69ab9bd927,22a67686552967541ea40461b4bb1c0d97562ff2708d3489610925349620bc49,16,"[[""CAE"",0],[""CAF"",0],[""CAG"",0],[""CAH"",0],[""CAI"",0],[""CAJ"",0],[""CAK"",0],[""CAL"",0],[""CAM"",0],[""CAN"",0],[""NAO"",0],[""NAP"",0],[""OAA"",0],[""OAB"",0],[""OAC"",0],[""OAD"",0]]",false,CAH,C,4e00ae9307adfb73f42afb7c413beb9eba4f615244bf4835cf839d3b7576685e,a1d8b4d334b6ad9bc0d3077c9425132898e918b195d6e375e957943330b95345,true,true,WWPDB_CCD_ATOM_ID,36,NO_CURRENT_POSITIVE_SHADOW_MATCH,false,[],[],NO_EXACT_OR_ISOMORPHIC_REFERENCE_MATCH,0,0,{},false,false,false
COVAPIE_CYS_SG_EVENT_V1:3QVZ:A:CYS:82-:SG:F:ME7:CAE,COVAPIE_BULK_REVIEW_UNIT_3CF0AB1696EEA129,32,CURRENTLY_UNREVIEWED,ME7,113c8ee66e242cc825bcd57b971649f613b571ef11501414833f5e69ab9bd927,22a67686552967541ea40461b4bb1c0d97562ff2708d3489610925349620bc49,16,"[[""CAE"",0],[""CAF"",0],[""CAG"",0],[""CAH"",0],[""CAI"",0],[""CAJ"",0],[""CAK"",0],[""CAL"",0],[""CAM"",0],[""CAN"",0],[""NAO"",0],[""NAP"",0],[""OAA"",0],[""OAB"",0],[""OAC"",0],[""OAD"",0]]",false,CAE,C,4e00ae9307adfb73f42afb7c413beb9eba4f615244bf4835cf839d3b7576685e,a1d8b4d334b6ad9bc0d3077c9425132898e918b195d6e375e957943330b95345,true,true,WWPDB_CCD_ATOM_ID,36,NO_CURRENT_POSITIVE_SHADOW_MATCH,false,[],[],NO_EXACT_OR_ISOMORPHIC_REFERENCE_MATCH,0,0,{},false,false,false
COVAPIE_CYS_SG_EVENT_V1:3QVZ:B:CYS:82-:SG:N:ME7:CAG,COVAPIE_BULK_REVIEW_UNIT_8C17238B54AACE80,66,CURRENTLY_UNREVIEWED,ME7,113c8ee66e242cc825bcd57b971649f613b571ef11501414833f5e69ab9bd927,22a67686552967541ea40461b4bb1c0d97562ff2708d3489610925349620bc49,16,"[[""CAE"",0],[""CAF"",0],[""CAG"",0],[""CAH"",0],[""CAI"",0],[""CAJ"",0],[""CAK"",0],[""CAL"",0],[""CAM"",0],[""CAN"",0],[""NAO"",0],[""NAP"",0],[""OAA"",0],[""OAB"",0],[""OAC"",0],[""OAD"",0]]",false,CAG,C,4e00ae9307adfb73f42afb7c413beb9eba4f615244bf4835cf839d3b7576685e,a1d8b4d334b6ad9bc0d3077c9425132898e918b195d6e375e957943330b95345,true,true,WWPDB_CCD_ATOM_ID,36,NO_CURRENT_POSITIVE_SHADOW_MATCH,false,[],[],NO_EXACT_OR_ISOMORPHIC_REFERENCE_MATCH,0,0,{},false,false,false
COVAPIE_CYS_SG_EVENT_V1:3QVZ:C:CYS:82-:SG:F:ME7:CAH,COVAPIE_BULK_REVIEW_UNIT_06A012CB91AC4F3B,42,CURRENTLY_UNREVIEWED,ME7,113c8ee66e242cc825bcd57b971649f613b571ef11501414833f5e69ab9bd927,22a67686552967541ea40461b4bb1c0d97562ff2708d3489610925349620bc49,16,"[[""CAE"",0],[""CAF"",0],[""CAG"",0],[""CAH"",0],[""CAI"",0],[""CAJ"",0],[""CAK"",0],[""CAL"",0],[""CAM"",0],[""CAN"",0],[""NAO"",0],[""NAP"",0],[""OAA"",0],[""OAB"",0],[""OAC"",0],[""OAD"",0]]",false,CAH,C,4e00ae9307adfb73f42afb7c413beb9eba4f615244bf4835cf839d3b7576685e,a1d8b4d334b6ad9bc0d3077c9425132898e918b195d6e375e957943330b95345,true,true,WWPDB_CCD_ATOM_ID,36,NO_CURRENT_POSITIVE_SHADOW_MATCH,false,[],[],NO_EXACT_OR_ISOMORPHIC_REFERENCE_MATCH,0,0,{},false,false,false
COVAPIE_CYS_SG_EVENT_V1:3QVZ:D:CYS:82-:SG:N:ME7:CAF,COVAPIE_BULK_REVIEW_UNIT_C3B618BB049D3C11,126,CURRENTLY_UNREVIEWED,ME7,113c8ee66e242cc825bcd57b971649f613b571ef11501414833f5e69ab9bd927,22a67686552967541ea40461b4bb1c0d97562ff2708d3489610925349620bc49,16,"[[""CAE"",0],[""CAF"",0],[""CAG"",0],[""CAH"",0],[""CAI"",0],[""CAJ"",0],[""CAK"",0],[""CAL"",0],[""CAM"",0],[""CAN"",0],[""NAO"",0],[""NAP"",0],[""OAA"",0],[""OAB"",0],[""OAC"",0],[""OAD"",0]]",false,CAF,C,4e00ae9307adfb73f42afb7c413beb9eba4f615244bf4835cf839d3b7576685e,a1d8b4d334b6ad9bc0d3077c9425132898e918b195d6e375e957943330b95345,true,true,WWPDB_CCD_ATOM_ID,36,NO_CURRENT_POSITIVE_SHADOW_MATCH,false,[],[],NO_EXACT_OR_ISOMORPHIC_REFERENCE_MATCH,0,0,{},false,false,false
COVAPIE_CYS_SG_EVENT_V1:3S19:A:CYS:194-:SG:E:PRF:C10,COVAPIE_BULK_REVIEW_UNIT_1569D77F66026B58,4,CURRENTLY_UNREVIEWED,PRF,6ada6548c84f87a83bf0013f6ffa30d0e4e5bbed6e26e171aafbbebd5a77b5c9,d736a77457aa6b8fc2969940ceef3d307e41b978a57a97be26df0a2fc4266620,13,"[[""C10"",0],[""C2"",0],[""C4"",0],[""C5"",0],[""C6"",0],[""C7"",0],[""C8"",0],[""N1"",0],[""N11"",0],[""N2"",0],[""N3"",0],[""N9"",0],[""O6"",0]]",false,C10,C,,,true,true,WWPDB_CCD_ATOM_ID,36,NO_CURRENT_POSITIVE_SHADOW_MATCH,false,[],[],NO_EXACT_OR_ISOMORPHIC_REFERENCE_MATCH,0,0,{},false,false,false
COVAPIE_CYS_SG_EVENT_V1:3S19:B:CYS:194-:SG:G:PRF:C10,COVAPIE_BULK_REVIEW_UNIT_1569D77F66026B58,4,CURRENTLY_UNREVIEWED,PRF,6ada6548c84f87a83bf0013f6ffa30d0e4e5bbed6e26e171aafbbebd5a77b5c9,d736a77457aa6b8fc2969940ceef3d307e41b978a57a97be26df0a2fc4266620,13,"[[""C10"",0],[""C2"",0],[""C4"",0],[""C5"",0],[""C6"",0],[""C7"",0],[""C8"",0],[""N1"",0],[""N11"",0],[""N2"",0],[""N3"",0],[""N9"",0],[""O6"",0]]",false,C10,C,,,true,true,WWPDB_CCD_ATOM_ID,36,NO_CURRENT_POSITIVE_SHADOW_MATCH,false,[],[],NO_EXACT_OR_ISOMORPHIC_REFERENCE_MATCH,0,0,{},false,false,false
COVAPIE_CYS_SG_EVENT_V1:3S19:C:CYS:194-:SG:I:PRF:C10,COVAPIE_BULK_REVIEW_UNIT_1569D77F66026B58,4,CURRENTLY_UNREVIEWED,PRF,6ada6548c84f87a83bf0013f6ffa30d0e4e5bbed6e26e171aafbbebd5a77b5c9,d736a77457aa6b8fc2969940ceef3d307e41b978a57a97be26df0a2fc4266620,13,"[[""C10"",0],[""C2"",0],[""C4"",0],[""C5"",0],[""C6"",0],[""C7"",0],[""C8"",0],[""N1"",0],[""N11"",0],[""N2"",0],[""N3"",0],[""N9"",0],[""O6"",0]]",false,C10,C,,,true,true,WWPDB_CCD_ATOM_ID,36,NO_CURRENT_POSITIVE_SHADOW_MATCH,false,[],[],NO_EXACT_OR_ISOMORPHIC_REFERENCE_MATCH,0,0,{},false,false,false
COVAPIE_CYS_SG_EVENT_V1:3S19:D:CYS:194-:SG:K:PRF:C10,COVAPIE_BULK_REVIEW_UNIT_1569D77F66026B58,4,CURRENTLY_UNREVIEWED,PRF,6ada6548c84f87a83bf0013f6ffa30d0e4e5bbed6e26e171aafbbebd5a77b5c9,d736a77457aa6b8fc2969940ceef3d307e41b978a57a97be26df0a2fc4266620,13,"[[""C10"",0],[""C2"",0],[""C4"",0],[""C5"",0],[""C6"",0],[""C7"",0],[""C8"",0],[""N1"",0],[""N11"",0],[""N2"",0],[""N3"",0],[""N9"",0],[""O6"",0]]",false,C10,C,,,true,true,WWPDB_CCD_ATOM_ID,36,NO_CURRENT_POSITIVE_SHADOW_MATCH,false,[],[],NO_EXACT_OR_ISOMORPHIC_REFERENCE_MATCH,0,0,{},false,false,false
COVAPIE_CYS_SG_EVENT_V1:3SVV:A:CYS:338-:SG:C:VSP:C18,COVAPIE_BULK_REVIEW_UNIT_54A1A932F9F22EBE,50,CURRENTLY_UNREVIEWED,VSP,a7f8fae6ddc8a980012f5332de33b17da8e1f6ae0f16eaab9f7258890f9e11fb,84a1702a324ce009b2921836a213ec3071bbc4a518af840ca82ce8b6eb7185d7,26,"[[""C02"",0],[""C03"",0],[""C04"",0],[""C06"",0],[""C07"",0],[""C08"",0],[""C10"",0],[""C11"",0],[""C12"",0],[""C13"",0],[""C14"",0],[""C17"",0],[""C18"",0],[""C21"",0],[""C22"",0],[""C23"",0],[""C25"",0],[""N01"",0],[""N05"",0],[""N09"",0],[""N15"",0],[""N24"",0],[""N26"",0],[""O19"",0],[""O20"",0],[""S16"",0]]",false,C18,C,270399e12813ee583716a9b98b14a3a92b0ff33679d916e098ea8dd5a3862b15,e8ca7fc7caf1f926200b119a66c0cf4525672574f0c584aceaf55a5c66b1fdde,true,true,WWPDB_CCD_ATOM_ID,36,NO_CURRENT_POSITIVE_SHADOW_MATCH,false,[],[],NO_EXACT_OR_ISOMORPHIC_REFERENCE_MATCH,0,0,{},false,false,false
COVAPIE_CYS_SG_EVENT_V1:3SVV:B:CYS:338-:SG:D:VSP:C18,COVAPIE_BULK_REVIEW_UNIT_54A1A932F9F22EBE,50,CURRENTLY_UNREVIEWED,VSP,a7f8fae6ddc8a980012f5332de33b17da8e1f6ae0f16eaab9f7258890f9e11fb,84a1702a324ce009b2921836a213ec3071bbc4a518af840ca82ce8b6eb7185d7,26,"[[""C02"",0],[""C03"",0],[""C04"",0],[""C06"",0],[""C07"",0],[""C08"",0],[""C10"",0],[""C11"",0],[""C12"",0],[""C13"",0],[""C14"",0],[""C17"",0],[""C18"",0],[""C21"",0],[""C22"",0],[""C23"",0],[""C25"",0],[""N01"",0],[""N05"",0],[""N09"",0],[""N15"",0],[""N24"",0],[""N26"",0],[""O19"",0],[""O20"",0],[""S16"",0]]",false,C18,C,270399e12813ee583716a9b98b14a3a92b0ff33679d916e098ea8dd5a3862b15,e8ca7fc7caf1f926200b119a66c0cf4525672574f0c584aceaf55a5c66b1fdde,true,true,WWPDB_CCD_ATOM_ID,36,NO_CURRENT_POSITIVE_SHADOW_MATCH,false,[],[],NO_EXACT_OR_ISOMORPHIC_REFERENCE_MATCH,0,0,{},false,false,false
COVAPIE_CYS_SG_EVENT_V1:3TAX:A:CYS:917-:SG:F:FOR:C,COVAPIE_BULK_REVIEW_UNIT_49424694FFEB1398,49,CURRENTLY_UNREVIEWED,FOR,bd8e5d7e7e3e2ac252c2663a2459b212957a4ad9e6b98a0e7368c4400c41b147,d45d951fb0139c51e2aa19d098b8dfac5ef4ba39aa183c0be047be6ed27e6790,2,"[[""C"",0],[""O"",0]]",false,C,C,6d76e6d7cae01178393c813d4ab31c5fbc1a968283dc5957e1360b188ecb96c5,93d94835fb0c3f1389e7b0a7a6bcea7572a68fd668cccbf18c19d7c042a7f66a,true,true,WWPDB_CCD_ATOM_ID,36,NO_CURRENT_POSITIVE_SHADOW_MATCH,false,[],[],NO_EXACT_OR_ISOMORPHIC_REFERENCE_MATCH,0,0,{},false,false,false
COVAPIE_CYS_SG_EVENT_V1:3TAX:C:CYS:917-:SG:K:FOR:C,COVAPIE_BULK_REVIEW_UNIT_49424694FFEB1398,49,CURRENTLY_UNREVIEWED,FOR,bd8e5d7e7e3e2ac252c2663a2459b212957a4ad9e6b98a0e7368c4400c41b147,d45d951fb0139c51e2aa19d098b8dfac5ef4ba39aa183c0be047be6ed27e6790,2,"[[""C"",0],[""O"",0]]",false,C,C,6d76e6d7cae01178393c813d4ab31c5fbc1a968283dc5957e1360b188ecb96c5,93d94835fb0c3f1389e7b0a7a6bcea7572a68fd668cccbf18c19d7c042a7f66a,true,true,WWPDB_CCD_ATOM_ID,36,NO_CURRENT_POSITIVE_SHADOW_MATCH,false,[],[],NO_EXACT_OR_ISOMORPHIC_REFERENCE_MATCH,0,0,{},false,false,false
COVAPIE_CYS_SG_EVENT_V1:3TEZ:A:CYS:337-:SG:F:ACN:C2,COVAPIE_BULK_REVIEW_UNIT_8E64FA42AC125327,112,CURRENTLY_UNREVIEWED,ACN,1b9ca42f2c6ef1e9f789c532e2bd283bab9fa59ff4eba9990e48e8cfd55dffde,0c27b3c3602ebd765c43053c5eb8f10afd7273c66eb4ae34de4589445092eca1,4,"[[""C"",0],[""C1"",0],[""C2"",0],[""O"",0]]",false,C2,C,270399e12813ee583716a9b98b14a3a92b0ff33679d916e098ea8dd5a3862b15,a4ef2bdfced2cd00b0657a687d1f369c44fc79aef3f185422cfcd2c90519ac47,true,true,WWPDB_CCD_ATOM_ID,36,NO_CURRENT_POSITIVE_SHADOW_MATCH,false,[],[],NO_EXACT_OR_ISOMORPHIC_REFERENCE_MATCH,0,0,{},false,false,false
COVAPIE_CYS_SG_EVENT_V1:3TEZ:A:CYS:664-:SG:F:ACN:C1,COVAPIE_BULK_REVIEW_UNIT_6CAB1BD6030468CD,105,CURRENTLY_UNREVIEWED,ACN,1b9ca42f2c6ef1e9f789c532e2bd283bab9fa59ff4eba9990e48e8cfd55dffde,0c27b3c3602ebd765c43053c5eb8f10afd7273c66eb4ae34de4589445092eca1,4,"[[""C"",0],[""C1"",0],[""C2"",0],[""O"",0]]",false,C1,C,270399e12813ee583716a9b98b14a3a92b0ff33679d916e098ea8dd5a3862b15,a4ef2bdfced2cd00b0657a687d1f369c44fc79aef3f185422cfcd2c90519ac47,true,true,WWPDB_CCD_ATOM_ID,36,NO_CURRENT_POSITIVE_SHADOW_MATCH,false,[],[],NO_EXACT_OR_ISOMORPHIC_REFERENCE_MATCH,0,0,{},false,false,false
COVAPIE_CYS_SG_EVENT_V1:3UXJ:A:CYS:194-:SG:E:PRF:C10,COVAPIE_BULK_REVIEW_UNIT_1569D77F66026B58,4,CURRENTLY_UNREVIEWED,PRF,6ada6548c84f87a83bf0013f6ffa30d0e4e5bbed6e26e171aafbbebd5a77b5c9,d736a77457aa6b8fc2969940ceef3d307e41b978a57a97be26df0a2fc4266620,13,"[[""C10"",0],[""C2"",0],[""C4"",0],[""C5"",0],[""C6"",0],[""C7"",0],[""C8"",0],[""N1"",0],[""N11"",0],[""N2"",0],[""N3"",0],[""N9"",0],[""O6"",0]]",false,C10,C,,,true,true,WWPDB_CCD_ATOM_ID,36,NO_CURRENT_POSITIVE_SHADOW_MATCH,false,[],[],NO_EXACT_OR_ISOMORPHIC_REFERENCE_MATCH,0,0,{},false,false,false
COVAPIE_CYS_SG_EVENT_V1:3UXJ:B:CYS:194-:SG:I:PRF:C10,COVAPIE_BULK_REVIEW_UNIT_1569D77F66026B58,4,CURRENTLY_UNREVIEWED,PRF,6ada6548c84f87a83bf0013f6ffa30d0e4e5bbed6e26e171aafbbebd5a77b5c9,d736a77457aa6b8fc2969940ceef3d307e41b978a57a97be26df0a2fc4266620,13,"[[""C10"",0],[""C2"",0],[""C4"",0],[""C5"",0],[""C6"",0],[""C7"",0],[""C8"",0],[""N1"",0],[""N11"",0],[""N2"",0],[""N3"",0],[""N9"",0],[""O6"",0]]",false,C10,C,,,true,true,WWPDB_CCD_ATOM_ID,36,NO_CURRENT_POSITIVE_SHADOW_MATCH,false,[],[],NO_EXACT_OR_ISOMORPHIC_REFERENCE_MATCH,0,0,{},false,false,false
COVAPIE_CYS_SG_EVENT_V1:3UXJ:C:CYS:194-:SG:O:PRF:C10,COVAPIE_BULK_REVIEW_UNIT_1569D77F66026B58,4,CURRENTLY_UNREVIEWED,PRF,6ada6548c84f87a83bf0013f6ffa30d0e4e5bbed6e26e171aafbbebd5a77b5c9,d736a77457aa6b8fc2969940ceef3d307e41b978a57a97be26df0a2fc4266620,13,"[[""C10"",0],[""C2"",0],[""C4"",0],[""C5"",0],[""C6"",0],[""C7"",0],[""C8"",0],[""N1"",0],[""N11"",0],[""N2"",0],[""N3"",0],[""N9"",0],[""O6"",0]]",false,C10,C,,,true,true,WWPDB_CCD_ATOM_ID,36,NO_CURRENT_POSITIVE_SHADOW_MATCH,false,[],[],NO_EXACT_OR_ISOMORPHIC_REFERENCE_MATCH,0,0,{},false,false,false
COVAPIE_CYS_SG_EVENT_V1:3UXJ:D:CYS:194-:SG:S:PRF:C10,COVAPIE_BULK_REVIEW_UNIT_1569D77F66026B58,4,CURRENTLY_UNREVIEWED,PRF,6ada6548c84f87a83bf0013f6ffa30d0e4e5bbed6e26e171aafbbebd5a77b5c9,d736a77457aa6b8fc2969940ceef3d307e41b978a57a97be26df0a2fc4266620,13,"[[""C10"",0],[""C2"",0],[""C4"",0],[""C5"",0],[""C6"",0],[""C7"",0],[""C8"",0],[""N1"",0],[""N11"",0],[""N2"",0],[""N3"",0],[""N9"",0],[""O6"",0]]",false,C10,C,,,true,true,WWPDB_CCD_ATOM_ID,36,NO_CURRENT_POSITIVE_SHADOW_MATCH,false,[],[],NO_EXACT_OR_ISOMORPHIC_REFERENCE_MATCH,0,0,{},false,false,false
COVAPIE_CYS_SG_EVENT_V1:3V4X:A:CYS:111-:SG:E:F24:C8,COVAPIE_BULK_REVIEW_UNIT_2557BFE1E3B5C4C5,14,CURRENTLY_UNREVIEWED,F24,5711a6beee039e4bac4fde6317e4b6f79b57915c793887b90324fc5aa5488f96,d7c79d3cbbfa107108d274cdda6819c918e3523f00c4649519d3257fb2317557,23,"[[""C1"",0],[""C10"",0],[""C11"",0],[""C12"",0],[""C13"",0],[""C14"",0],[""C16"",0],[""C18"",0],[""C2"",0],[""C20"",0],[""C21"",0],[""C3"",0],[""C4"",0],[""C5"",0],[""C6"",0],[""C7"",0],[""C8"",0],[""C9"",0],[""O1"",0],[""O2"",0],[""O4"",0],[""O5"",0],[""O6"",0]]",false,C8,C,55e43852e5e27f4d3d717d338f8f4cbda3987d8cf91a7cec5fcfcf58f7f326b9,e60fda4fa476c9a2a8acb93cd7ead5be32d5b27ebcfb8ae179732ffbb593d6c9,true,true,WWPDB_CCD_ATOM_ID,36,NO_CURRENT_POSITIVE_SHADOW_MATCH,false,[],[],NO_EXACT_OR_ISOMORPHIC_REFERENCE_MATCH,0,0,{},false,false,false
COVAPIE_CYS_SG_EVENT_V1:3V4X:B:CYS:111-:SG:F:F24:C8,COVAPIE_BULK_REVIEW_UNIT_2557BFE1E3B5C4C5,14,CURRENTLY_UNREVIEWED,F24,5711a6beee039e4bac4fde6317e4b6f79b57915c793887b90324fc5aa5488f96,d7c79d3cbbfa107108d274cdda6819c918e3523f00c4649519d3257fb2317557,23,"[[""C1"",0],[""C10"",0],[""C11"",0],[""C12"",0],[""C13"",0],[""C14"",0],[""C16"",0],[""C18"",0],[""C2"",0],[""C20"",0],[""C21"",0],[""C3"",0],[""C4"",0],[""C5"",0],[""C6"",0],[""C7"",0],[""C8"",0],[""C9"",0],[""O1"",0],[""O2"",0],[""O4"",0],[""O5"",0],[""O6"",0]]",false,C8,C,55e43852e5e27f4d3d717d338f8f4cbda3987d8cf91a7cec5fcfcf58f7f326b9,e60fda4fa476c9a2a8acb93cd7ead5be32d5b27ebcfb8ae179732ffbb593d6c9,true,true,WWPDB_CCD_ATOM_ID,36,NO_CURRENT_POSITIVE_SHADOW_MATCH,false,[],[],NO_EXACT_OR_ISOMORPHIC_REFERENCE_MATCH,0,0,{},false,false,false
COVAPIE_CYS_SG_EVENT_V1:3V4X:C:CYS:111-:SG:G:F24:C8,COVAPIE_BULK_REVIEW_UNIT_2557BFE1E3B5C4C5,14,CURRENTLY_UNREVIEWED,F24,5711a6beee039e4bac4fde6317e4b6f79b57915c793887b90324fc5aa5488f96,d7c79d3cbbfa107108d274cdda6819c918e3523f00c4649519d3257fb2317557,23,"[[""C1"",0],[""C10"",0],[""C11"",0],[""C12"",0],[""C13"",0],[""C14"",0],[""C16"",0],[""C18"",0],[""C2"",0],[""C20"",0],[""C21"",0],[""C3"",0],[""C4"",0],[""C5"",0],[""C6"",0],[""C7"",0],[""C8"",0],[""C9"",0],[""O1"",0],[""O2"",0],[""O4"",0],[""O5"",0],[""O6"",0]]",false,C8,C,55e43852e5e27f4d3d717d338f8f4cbda3987d8cf91a7cec5fcfcf58f7f326b9,e60fda4fa476c9a2a8acb93cd7ead5be32d5b27ebcfb8ae179732ffbb593d6c9,true,true,WWPDB_CCD_ATOM_ID,36,NO_CURRENT_POSITIVE_SHADOW_MATCH,false,[],[],NO_EXACT_OR_ISOMORPHIC_REFERENCE_MATCH,0,0,{},false,false,false
COVAPIE_CYS_SG_EVENT_V1:3V4X:D:CYS:111-:SG:H:F24:C8,COVAPIE_BULK_REVIEW_UNIT_2557BFE1E3B5C4C5,14,CURRENTLY_UNREVIEWED,F24,5711a6beee039e4bac4fde6317e4b6f79b57915c793887b90324fc5aa5488f96,d7c79d3cbbfa107108d274cdda6819c918e3523f00c4649519d3257fb2317557,23,"[[""C1"",0],[""C10"",0],[""C11"",0],[""C12"",0],[""C13"",0],[""C14"",0],[""C16"",0],[""C18"",0],[""C2"",0],[""C20"",0],[""C21"",0],[""C3"",0],[""C4"",0],[""C5"",0],[""C6"",0],[""C7"",0],[""C8"",0],[""C9"",0],[""O1"",0],[""O2"",0],[""O4"",0],[""O5"",0],[""O6"",0]]",false,C8,C,55e43852e5e27f4d3d717d338f8f4cbda3987d8cf91a7cec5fcfcf58f7f326b9,e60fda4fa476c9a2a8acb93cd7ead5be32d5b27ebcfb8ae179732ffbb593d6c9,true,true,WWPDB_CCD_ATOM_ID,36,NO_CURRENT_POSITIVE_SHADOW_MATCH,false,[],[],NO_EXACT_OR_ISOMORPHIC_REFERENCE_MATCH,0,0,{},false,false,false
COVAPIE_CYS_SG_EVENT_V1:3V61:B:CYS:22-:SG:P:NEQ:C3,COVAPIE_BULK_REVIEW_UNIT_0E0F340A9F98DA62,10,CURRENTLY_UNREVIEWED,NEQ,78923bdf3adbf21a4bdbe2d6d589e809bbad0b26a3f88d40a07bb6a2d34ad9db,f1c4b58a6bf08a92b07f8f25cf4c16e501f9db832f106ee57131032befd71377,9,"[[""C1"",0],[""C2"",0],[""C3"",0],[""C4"",0],[""C5"",0],[""C6"",0],[""N1"",0],[""O1"",0],[""O2"",0]]",false,C3,C,4e00ae9307adfb73f42afb7c413beb9eba4f615244bf4835cf839d3b7576685e,a1d8b4d334b6ad9bc0d3077c9425132898e918b195d6e375e957943330b95345,true,true,WWPDB_CCD_ATOM_ID,36,NO_CURRENT_POSITIVE_SHADOW_MATCH,false,[],[],NO_EXACT_OR_ISOMORPHIC_REFERENCE_MATCH,0,0,{},false,false,false
COVAPIE_CYS_SG_EVENT_V1:3V61:B:CYS:81-:SG:Q:NEQ:C3,COVAPIE_BULK_REVIEW_UNIT_0E0F340A9F98DA62,10,CURRENTLY_UNREVIEWED,NEQ,78923bdf3adbf21a4bdbe2d6d589e809bbad0b26a3f88d40a07bb6a2d34ad9db,f1c4b58a6bf08a92b07f8f25cf4c16e501f9db832f106ee57131032befd71377,9,"[[""C1"",0],[""C2"",0],[""C3"",0],[""C4"",0],[""C5"",0],[""C6"",0],[""N1"",0],[""O1"",0],[""O2"",0]]",false,C3,C,4e00ae9307adfb73f42afb7c413beb9eba4f615244bf4835cf839d3b7576685e,a1d8b4d334b6ad9bc0d3077c9425132898e918b195d6e375e957943330b95345,true,true,WWPDB_CCD_ATOM_ID,36,NO_CURRENT_POSITIVE_SHADOW_MATCH,false,[],[],NO_EXACT_OR_ISOMORPHIC_REFERENCE_MATCH,0,0,{},false,false,false
COVAPIE_CYS_SG_EVENT_V1:3V62:B:CYS:22-:SG:G:NEQ:C3,COVAPIE_BULK_REVIEW_UNIT_0E0F340A9F98DA62,10,CURRENTLY_UNREVIEWED,NEQ,78923bdf3adbf21a4bdbe2d6d589e809bbad0b26a3f88d40a07bb6a2d34ad9db,f1c4b58a6bf08a92b07f8f25cf4c16e501f9db832f106ee57131032befd71377,9,"[[""C1"",0],[""C2"",0],[""C3"",0],[""C4"",0],[""C5"",0],[""C6"",0],[""N1"",0],[""O1"",0],[""O2"",0]]",false,C3,C,4e00ae9307adfb73f42afb7c413beb9eba4f615244bf4835cf839d3b7576685e,a1d8b4d334b6ad9bc0d3077c9425132898e918b195d6e375e957943330b95345,true,true,WWPDB_CCD_ATOM_ID,36,NO_CURRENT_POSITIVE_SHADOW_MATCH,false,[],[],NO_EXACT_OR_ISOMORPHIC_REFERENCE_MATCH,0,0,{},false,false,false
COVAPIE_CYS_SG_EVENT_V1:3V62:B:CYS:81-:SG:H:NEQ:C3,COVAPIE_BULK_REVIEW_UNIT_0E0F340A9F98DA62,10,CURRENTLY_UNREVIEWED,NEQ,78923bdf3adbf21a4bdbe2d6d589e809bbad0b26a3f88d40a07bb6a2d34ad9db,f1c4b58a6bf08a92b07f8f25cf4c16e501f9db832f106ee57131032befd71377,9,"[[""C1"",0],[""C2"",0],[""C3"",0],[""C4"",0],[""C5"",0],[""C6"",0],[""N1"",0],[""O1"",0],[""O2"",0]]",false,C3,C,4e00ae9307adfb73f42afb7c413beb9eba4f615244bf4835cf839d3b7576685e,a1d8b4d334b6ad9bc0d3077c9425132898e918b195d6e375e957943330b95345,true,true,WWPDB_CCD_ATOM_ID,36,NO_CURRENT_POSITIVE_SHADOW_MATCH,false,[],[],NO_EXACT_OR_ISOMORPHIC_REFERENCE_MATCH,0,0,{},false,false,false
COVAPIE_CYS_SG_EVENT_V1:3V62:E:CYS:22-:SG:K:NEQ:C3,COVAPIE_BULK_REVIEW_UNIT_0E0F340A9F98DA62,10,CURRENTLY_UNREVIEWED,NEQ,78923bdf3adbf21a4bdbe2d6d589e809bbad0b26a3f88d40a07bb6a2d34ad9db,f1c4b58a6bf08a92b07f8f25cf4c16e501f9db832f106ee57131032befd71377,9,"[[""C1"",0],[""C2"",0],[""C3"",0],[""C4"",0],[""C5"",0],[""C6"",0],[""N1"",0],[""O1"",0],[""O2"",0]]",false,C3,C,4e00ae9307adfb73f42afb7c413beb9eba4f615244bf4835cf839d3b7576685e,a1d8b4d334b6ad9bc0d3077c9425132898e918b195d6e375e957943330b95345,true,true,WWPDB_CCD_ATOM_ID,36,NO_CURRENT_POSITIVE_SHADOW_MATCH,false,[],[],NO_EXACT_OR_ISOMORPHIC_REFERENCE_MATCH,0,0,{},false,false,false
COVAPIE_CYS_SG_EVENT_V1:3V62:E:CYS:81-:SG:L:NEQ:C3,COVAPIE_BULK_REVIEW_UNIT_0E0F340A9F98DA62,10,CURRENTLY_UNREVIEWED,NEQ,78923bdf3adbf21a4bdbe2d6d589e809bbad0b26a3f88d40a07bb6a2d34ad9db,f1c4b58a6bf08a92b07f8f25cf4c16e501f9db832f106ee57131032befd71377,9,"[[""C1"",0],[""C2"",0],[""C3"",0],[""C4"",0],[""C5"",0],[""C6"",0],[""N1"",0],[""O1"",0],[""O2"",0]]",false,C3,C,4e00ae9307adfb73f42afb7c413beb9eba4f615244bf4835cf839d3b7576685e,a1d8b4d334b6ad9bc0d3077c9425132898e918b195d6e375e957943330b95345,true,true,WWPDB_CCD_ATOM_ID,36,NO_CURRENT_POSITIVE_SHADOW_MATCH,false,[],[],NO_EXACT_OR_ISOMORPHIC_REFERENCE_MATCH,0,0,{},false,false,false
COVAPIE_CYS_SG_EVENT_V1:3V6R:A:CYS:154-:SG:C:CQQ:C33,COVAPIE_BULK_REVIEW_UNIT_CAD7598717A400DC,76,CURRENTLY_UNREVIEWED,CQQ,0c8549aa6746ceb6fc3e0c7be31622ca268c4a27791bfaf398b99e164268d8cd,41a7d770a49af4b91db9fc17df09c09854960c29eeb48bc68cedf4f39d18e2b0,37,"[[""C01"",0],[""C03"",0],[""C04"",0],[""C05"",0],[""C06"",0],[""C07"",0],[""C09"",0],[""C10"",0],[""C12"",0],[""C14"",0],[""C15"",0],[""C16"",0],[""C17"",0],[""C18"",0],[""C19"",0],[""C21"",0],[""C23"",0],[""C24"",0],[""C25"",0],[""C26"",0],[""C27"",0],[""C28"",0],[""C30"",0],[""C32"",0],[""C33"",0],[""C34"",0],[""C36"",0],[""C37"",0],[""N02"",0],[""N08"",0],[""N11"",0],[""N13"",0],[""N20"",0],[""N29"",0],[""N35"",0],[""O22"",0],[""O31"",0]]",false,C33,C,d2671534b0762c2541e105e7ff6bff1377db0f8f49fb932ad12463c7cf42f909,167e5cc83a9da354fd48808202f616a2c9a834e528accac00063b5a13b6d1930,true,true,WWPDB_CCD_ATOM_ID,36,NO_CURRENT_POSITIVE_SHADOW_MATCH,false,[],[],NO_EXACT_OR_ISOMORPHIC_REFERENCE_MATCH,0,0,{},false,false,false
COVAPIE_CYS_SG_EVENT_V1:3V6R:B:CYS:154-:SG:D:CQQ:C33,COVAPIE_BULK_REVIEW_UNIT_CAD7598717A400DC,76,CURRENTLY_UNREVIEWED,CQQ,0c8549aa6746ceb6fc3e0c7be31622ca268c4a27791bfaf398b99e164268d8cd,41a7d770a49af4b91db9fc17df09c09854960c29eeb48bc68cedf4f39d18e2b0,37,"[[""C01"",0],[""C03"",0],[""C04"",0],[""C05"",0],[""C06"",0],[""C07"",0],[""C09"",0],[""C10"",0],[""C12"",0],[""C14"",0],[""C15"",0],[""C16"",0],[""C17"",0],[""C18"",0],[""C19"",0],[""C21"",0],[""C23"",0],[""C24"",0],[""C25"",0],[""C26"",0],[""C27"",0],[""C28"",0],[""C30"",0],[""C32"",0],[""C33"",0],[""C34"",0],[""C36"",0],[""C37"",0],[""N02"",0],[""N08"",0],[""N11"",0],[""N13"",0],[""N20"",0],[""N29"",0],[""N35"",0],[""O22"",0],[""O31"",0]]",false,C33,C,d2671534b0762c2541e105e7ff6bff1377db0f8f49fb932ad12463c7cf42f909,167e5cc83a9da354fd48808202f616a2c9a834e528accac00063b5a13b6d1930,true,true,WWPDB_CCD_ATOM_ID,36,NO_CURRENT_POSITIVE_SHADOW_MATCH,false,[],[],NO_EXACT_OR_ISOMORPHIC_REFERENCE_MATCH,0,0,{},false,false,false
COVAPIE_CYS_SG_EVENT_V1:3V6S:A:CYS:154-:SG:C:0F0:C33,COVAPIE_BULK_REVIEW_UNIT_F3876B7F0EFC774D,84,CURRENTLY_UNREVIEWED,0F0,26bd4008cfe974502b1bfaab3114685b17b502cdd4046b3da367c0c987b23701,51edbd4f6ee3e9f832140a6b7adddd963f224107d595455b287f5f4339f754ab,37,"[[""C01"",0],[""C03"",0],[""C04"",0],[""C05"",0],[""C06"",0],[""C07"",0],[""C09"",0],[""C10"",0],[""C12"",0],[""C14"",0],[""C15"",0],[""C16"",0],[""C17"",0],[""C18"",0],[""C19"",0],[""C21"",0],[""C23"",0],[""C24"",0],[""C25"",0],[""C26"",0],[""C27"",0],[""C28"",0],[""C30"",0],[""C32"",0],[""C33"",0],[""C34"",0],[""C36"",0],[""C37"",0],[""N02"",0],[""N08"",0],[""N11"",0],[""N13"",0],[""N20"",0],[""N29"",0],[""N35"",0],[""O22"",0],[""O31"",0]]",false,C33,C,d2671534b0762c2541e105e7ff6bff1377db0f8f49fb932ad12463c7cf42f909,167e5cc83a9da354fd48808202f616a2c9a834e528accac00063b5a13b6d1930,true,true,WWPDB_CCD_ATOM_ID,36,NO_CURRENT_POSITIVE_SHADOW_MATCH,false,[],[],NO_EXACT_OR_ISOMORPHIC_REFERENCE_MATCH,0,0,{},false,false,false
COVAPIE_CYS_SG_EVENT_V1:3V6S:B:CYS:154-:SG:D:0F0:C33,COVAPIE_BULK_REVIEW_UNIT_F3876B7F0EFC774D,84,CURRENTLY_UNREVIEWED,0F0,26bd4008cfe974502b1bfaab3114685b17b502cdd4046b3da367c0c987b23701,51edbd4f6ee3e9f832140a6b7adddd963f224107d595455b287f5f4339f754ab,37,"[[""C01"",0],[""C03"",0],[""C04"",0],[""C05"",0],[""C06"",0],[""C07"",0],[""C09"",0],[""C10"",0],[""C12"",0],[""C14"",0],[""C15"",0],[""C16"",0],[""C17"",0],[""C18"",0],[""C19"",0],[""C21"",0],[""C23"",0],[""C24"",0],[""C25"",0],[""C26"",0],[""C27"",0],[""C28"",0],[""C30"",0],[""C32"",0],[""C33"",0],[""C34"",0],[""C36"",0],[""C37"",0],[""N02"",0],[""N08"",0],[""N11"",0],[""N13"",0],[""N20"",0],[""N29"",0],[""N35"",0],[""O22"",0],[""O31"",0]]",false,C33,C,d2671534b0762c2541e105e7ff6bff1377db0f8f49fb932ad12463c7cf42f909,167e5cc83a9da354fd48808202f616a2c9a834e528accac00063b5a13b6d1930,true,true,WWPDB_CCD_ATOM_ID,36,NO_CURRENT_POSITIVE_SHADOW_MATCH,false,[],[],NO_EXACT_OR_ISOMORPHIC_REFERENCE_MATCH,0,0,{},false,false,false
COVAPIE_CYS_SG_EVENT_V1:3VCY:A:CYS:116-:SG:E:FFQ:C1,COVAPIE_BULK_REVIEW_UNIT_431D2725ADFC9E9D,5,CURRENTLY_UNREVIEWED,FFQ,46bd28827487d4f4cef6e6eee2a3ebd55480e47733240bb4211bdf29c27fae01,ec94c8e5153543cb7ce1db3ebef2c9d8783a9b862917af1430efa8aed2bab85c,8,"[[""C1"",0],[""C2"",0],[""C3"",0],[""O1"",0],[""O2"",0],[""O3"",0],[""O4"",0],[""P1"",0]]",false,C1,C,d2671534b0762c2541e105e7ff6bff1377db0f8f49fb932ad12463c7cf42f909,966fd61a103f730d039ed699f23927500c1b1753ff24c61404ee26b61ea74bda,true,true,WWPDB_CCD_ATOM_ID,36,NO_CURRENT_POSITIVE_SHADOW_MATCH,false,[],[],NO_EXACT_OR_ISOMORPHIC_REFERENCE_MATCH,0,0,{},false,false,false
COVAPIE_CYS_SG_EVENT_V1:3VCY:B:CYS:116-:SG:J:FFQ:C1,COVAPIE_BULK_REVIEW_UNIT_431D2725ADFC9E9D,5,CURRENTLY_UNREVIEWED,FFQ,46bd28827487d4f4cef6e6eee2a3ebd55480e47733240bb4211bdf29c27fae01,ec94c8e5153543cb7ce1db3ebef2c9d8783a9b862917af1430efa8aed2bab85c,8,"[[""C1"",0],[""C2"",0],[""C3"",0],[""O1"",0],[""O2"",0],[""O3"",0],[""O4"",0],[""P1"",0]]",false,C1,C,d2671534b0762c2541e105e7ff6bff1377db0f8f49fb932ad12463c7cf42f909,966fd61a103f730d039ed699f23927500c1b1753ff24c61404ee26b61ea74bda,true,true,WWPDB_CCD_ATOM_ID,36,NO_CURRENT_POSITIVE_SHADOW_MATCH,false,[],[],NO_EXACT_OR_ISOMORPHIC_REFERENCE_MATCH,0,0,{},false,false,false
COVAPIE_CYS_SG_EVENT_V1:3VCY:C:CYS:116-:SG:O:FFQ:C1,COVAPIE_BULK_REVIEW_UNIT_431D2725ADFC9E9D,5,CURRENTLY_UNREVIEWED,FFQ,46bd28827487d4f4cef6e6eee2a3ebd55480e47733240bb4211bdf29c27fae01,ec94c8e5153543cb7ce1db3ebef2c9d8783a9b862917af1430efa8aed2bab85c,8,"[[""C1"",0],[""C2"",0],[""C3"",0],[""O1"",0],[""O2"",0],[""O3"",0],[""O4"",0],[""P1"",0]]",false,C1,C,d2671534b0762c2541e105e7ff6bff1377db0f8f49fb932ad12463c7cf42f909,966fd61a103f730d039ed699f23927500c1b1753ff24c61404ee26b61ea74bda,true,true,WWPDB_CCD_ATOM_ID,36,NO_CURRENT_POSITIVE_SHADOW_MATCH,false,[],[],NO_EXACT_OR_ISOMORPHIC_REFERENCE_MATCH,0,0,{},false,false,false
COVAPIE_CYS_SG_EVENT_V1:3VCY:D:CYS:116-:SG:T:FFQ:C1,COVAPIE_BULK_REVIEW_UNIT_431D2725ADFC9E9D,5,CURRENTLY_UNREVIEWED,FFQ,46bd28827487d4f4cef6e6eee2a3ebd55480e47733240bb4211bdf29c27fae01,ec94c8e5153543cb7ce1db3ebef2c9d8783a9b862917af1430efa8aed2bab85c,8,"[[""C1"",0],[""C2"",0],[""C3"",0],[""O1"",0],[""O2"",0],[""O3"",0],[""O4"",0],[""P1"",0]]",false,C1,C,d2671534b0762c2541e105e7ff6bff1377db0f8f49fb932ad12463c7cf42f909,966fd61a103f730d039ed699f23927500c1b1753ff24c61404ee26b61ea74bda,true,true,WWPDB_CCD_ATOM_ID,36,NO_CURRENT_POSITIVE_SHADOW_MATCH,false,[],[],NO_EXACT_OR_ISOMORPHIC_REFERENCE_MATCH,0,0,{},false,false,false
COVAPIE_CYS_SG_EVENT_V1:3VYP:A:CYS:354-:SG:D:MXR:C1,COVAPIE_BULK_REVIEW_UNIT_58CECA1BDCAD42A4,52,CURRENTLY_UNREVIEWED,MXR,4049b3ae6fc547fa7b7a0e249d38c5602e7fa0db8bb72f76e426d2238607ee32,1df84ad1fceed624bf9205005e31a34ead91972c1a5ba3bbbc0536e0b887e889,26,"[[""C1"",0],[""C11"",0],[""C15"",0],[""C16"",0],[""C17"",0],[""C18"",0],[""C2"",0],[""C20"",0],[""C21"",0],[""C22"",0],[""C25"",0],[""C26"",0],[""C3"",0],[""C4"",0],[""C5"",0],[""C7"",0],[""C9"",0],[""N10"",0],[""N19"",0],[""N23"",0],[""O12"",0],[""O13"",0],[""O24"",0],[""O6"",0],[""O8"",0],[""S14"",0]]",false,C1,C,55e43852e5e27f4d3d717d338f8f4cbda3987d8cf91a7cec5fcfcf58f7f326b9,e60fda4fa476c9a2a8acb93cd7ead5be32d5b27ebcfb8ae179732ffbb593d6c9,true,true,WWPDB_CCD_ATOM_ID,36,NO_CURRENT_POSITIVE_SHADOW_MATCH,false,[],[],NO_EXACT_OR_ISOMORPHIC_REFERENCE_MATCH,0,0,{},false,false,false
COVAPIE_CYS_SG_EVENT_V1:3VYP:B:CYS:354-:SG:F:MXR:C1,COVAPIE_BULK_REVIEW_UNIT_58CECA1BDCAD42A4,52,CURRENTLY_UNREVIEWED,MXR,4049b3ae6fc547fa7b7a0e249d38c5602e7fa0db8bb72f76e426d2238607ee32,1df84ad1fceed624bf9205005e31a34ead91972c1a5ba3bbbc0536e0b887e889,26,"[[""C1"",0],[""C11"",0],[""C15"",0],[""C16"",0],[""C17"",0],[""C18"",0],[""C2"",0],[""C20"",0],[""C21"",0],[""C22"",0],[""C25"",0],[""C26"",0],[""C3"",0],[""C4"",0],[""C5"",0],[""C7"",0],[""C9"",0],[""N10"",0],[""N19"",0],[""N23"",0],[""O12"",0],[""O13"",0],[""O24"",0],[""O6"",0],[""O8"",0],[""S14"",0]]",false,C1,C,55e43852e5e27f4d3d717d338f8f4cbda3987d8cf91a7cec5fcfcf58f7f326b9,e60fda4fa476c9a2a8acb93cd7ead5be32d5b27ebcfb8ae179732ffbb593d6c9,true,true,WWPDB_CCD_ATOM_ID,36,NO_CURRENT_POSITIVE_SHADOW_MATCH,false,[],[],NO_EXACT_OR_ISOMORPHIC_REFERENCE_MATCH,0,0,{},false,false,false
COVAPIE_CYS_SG_EVENT_V1:3X1H:A:CYS:285-:SG:C:5OX:C15,COVAPIE_BULK_REVIEW_UNIT_845FED011149B693,63,CURRENTLY_UNREVIEWED,5OX,177e8e18ce3a4b42ddb854c08752ed68ed408b3d1774d57458bb44ef312bb0ef,71e651c9bef03d99ff53a98b651ad2d3628e7299595b1c698b049b02ef74a020,26,"[[""C1"",0],[""C10"",0],[""C11"",0],[""C12"",0],[""C13"",0],[""C14"",0],[""C15"",0],[""C16"",0],[""C17"",0],[""C18"",0],[""C19"",0],[""C2"",0],[""C20"",0],[""C21"",0],[""C22"",0],[""C23"",0],[""C3"",0],[""C4"",0],[""C5"",0],[""C6"",0],[""C7"",0],[""C8"",0],[""C9"",0],[""O24"",0],[""O25"",0],[""O26"",0]]",false,C15,C,d2671534b0762c2541e105e7ff6bff1377db0f8f49fb932ad12463c7cf42f909,83ca1308306fb6795ec76126be58a42f0b3b1bba102d2dc4365cabfd05024c24,true,true,WWPDB_CCD_ATOM_ID,36,NO_CURRENT_POSITIVE_SHADOW_MATCH,false,[],[],NO_EXACT_OR_ISOMORPHIC_REFERENCE_MATCH,0,0,{},false,false,false
COVAPIE_CYS_SG_EVENT_V1:3X1H:B:CYS:285-:SG:D:5OX:C15,COVAPIE_BULK_REVIEW_UNIT_845FED011149B693,63,CURRENTLY_UNREVIEWED,5OX,177e8e18ce3a4b42ddb854c08752ed68ed408b3d1774d57458bb44ef312bb0ef,71e651c9bef03d99ff53a98b651ad2d3628e7299595b1c698b049b02ef74a020,26,"[[""C1"",0],[""C10"",0],[""C11"",0],[""C12"",0],[""C13"",0],[""C14"",0],[""C15"",0],[""C16"",0],[""C17"",0],[""C18"",0],[""C19"",0],[""C2"",0],[""C20"",0],[""C21"",0],[""C22"",0],[""C23"",0],[""C3"",0],[""C4"",0],[""C5"",0],[""C6"",0],[""C7"",0],[""C8"",0],[""C9"",0],[""O24"",0],[""O25"",0],[""O26"",0]]",false,C15,C,d2671534b0762c2541e105e7ff6bff1377db0f8f49fb932ad12463c7cf42f909,83ca1308306fb6795ec76126be58a42f0b3b1bba102d2dc4365cabfd05024c24,true,true,WWPDB_CCD_ATOM_ID,36,NO_CURRENT_POSITIVE_SHADOW_MATCH,false,[],[],NO_EXACT_OR_ISOMORPHIC_REFERENCE_MATCH,0,0,{},false,false,false
COVAPIE_CYS_SG_EVENT_V1:3X1I:A:CYS:285-:SG:C:66B:C15,COVAPIE_BULK_REVIEW_UNIT_BDF8A958BEDF5181,73,CURRENTLY_UNREVIEWED,66B,9946810089362a433d26875cc5eb5a0535f4366ac132fffa7d3f83464ad06631,ed9a9c5524725426d3c7b3296437424410844af8e15d523e6b1444049675bf5b,27,"[[""C1"",0],[""C10"",0],[""C11"",0],[""C12"",0],[""C13"",0],[""C14"",0],[""C15"",0],[""C16"",0],[""C17"",0],[""C18"",0],[""C19"",0],[""C2"",0],[""C20"",0],[""C21"",0],[""C22"",0],[""C23"",0],[""C24"",0],[""C3"",0],[""C4"",0],[""C5"",0],[""C6"",0],[""C7"",0],[""C8"",0],[""C9"",0],[""O25"",0],[""O26"",0],[""O27"",0]]",false,C15,C,d2671534b0762c2541e105e7ff6bff1377db0f8f49fb932ad12463c7cf42f909,83ca1308306fb6795ec76126be58a42f0b3b1bba102d2dc4365cabfd05024c24,true,true,WWPDB_CCD_ATOM_ID,36,NO_CURRENT_POSITIVE_SHADOW_MATCH,false,[],[],NO_EXACT_OR_ISOMORPHIC_REFERENCE_MATCH,0,0,{},false,false,false
COVAPIE_CYS_SG_EVENT_V1:3X1I:B:CYS:285-:SG:D:66B:C15,COVAPIE_BULK_REVIEW_UNIT_BDF8A958BEDF5181,73,CURRENTLY_UNREVIEWED,66B,9946810089362a433d26875cc5eb5a0535f4366ac132fffa7d3f83464ad06631,ed9a9c5524725426d3c7b3296437424410844af8e15d523e6b1444049675bf5b,27,"[[""C1"",0],[""C10"",0],[""C11"",0],[""C12"",0],[""C13"",0],[""C14"",0],[""C15"",0],[""C16"",0],[""C17"",0],[""C18"",0],[""C19"",0],[""C2"",0],[""C20"",0],[""C21"",0],[""C22"",0],[""C23"",0],[""C24"",0],[""C3"",0],[""C4"",0],[""C5"",0],[""C6"",0],[""C7"",0],[""C8"",0],[""C9"",0],[""O25"",0],[""O26"",0],[""O27"",0]]",false,C15,C,d2671534b0762c2541e105e7ff6bff1377db0f8f49fb932ad12463c7cf42f909,83ca1308306fb6795ec76126be58a42f0b3b1bba102d2dc4365cabfd05024c24,true,true,WWPDB_CCD_ATOM_ID,36,NO_CURRENT_POSITIVE_SHADOW_MATCH,false,[],[],NO_EXACT_OR_ISOMORPHIC_REFERENCE_MATCH,0,0,{},false,false,false
COVAPIE_CYS_SG_EVENT_V1:4CL8:A:CYS:168-:SG:E:OZJ:CAF,COVAPIE_BULK_REVIEW_UNIT_18734D9C06222450,13,CURRENTLY_UNREVIEWED,OZJ,16bdc88f7d1b0767ffd77f410c51c65a72801d2b45b0135406d0f11b749793fe,ab959c9640a9553db8d109bcad7bb6148e347db57294ce8efc2325804a5d8a40,21,"[[""C2"",0],[""C4"",0],[""C5"",0],[""C6"",0],[""CAE"",0],[""CAF"",0],[""CAG"",0],[""CAH"",0],[""CAI"",0],[""CAJ"",0],[""CAP"",0],[""CAQ"",0],[""CAR"",0],[""CAS"",0],[""N1"",0],[""N3"",0],[""NAA"",0],[""NAB"",0],[""NAC"",0],[""NAM"",0],[""OAD"",0]]",false,CAF,C,,,true,true,WWPDB_CCD_ATOM_ID,36,NO_CURRENT_POSITIVE_SHADOW_MATCH,false,[],[],NO_EXACT_OR_ISOMORPHIC_REFERENCE_MATCH,0,0,{},false,false,false
COVAPIE_CYS_SG_EVENT_V1:4CL8:B:CYS:168-:SG:I:OZJ:CAF,COVAPIE_BULK_REVIEW_UNIT_18734D9C06222450,13,CURRENTLY_UNREVIEWED,OZJ,16bdc88f7d1b0767ffd77f410c51c65a72801d2b45b0135406d0f11b749793fe,ab959c9640a9553db8d109bcad7bb6148e347db57294ce8efc2325804a5d8a40,21,"[[""C2"",0],[""C4"",0],[""C5"",0],[""C6"",0],[""CAE"",0],[""CAF"",0],[""CAG"",0],[""CAH"",0],[""CAI"",0],[""CAJ"",0],[""CAP"",0],[""CAQ"",0],[""CAR"",0],[""CAS"",0],[""N1"",0],[""N3"",0],[""NAA"",0],[""NAB"",0],[""NAC"",0],[""NAM"",0],[""OAD"",0]]",false,CAF,C,,,true,true,WWPDB_CCD_ATOM_ID,36,NO_CURRENT_POSITIVE_SHADOW_MATCH,false,[],[],NO_EXACT_OR_ISOMORPHIC_REFERENCE_MATCH,0,0,{},false,false,false
COVAPIE_CYS_SG_EVENT_V1:4CL8:C:CYS:168-:SG:L:OZJ:CAF,COVAPIE_BULK_REVIEW_UNIT_18734D9C06222450,13,CURRENTLY_UNREVIEWED,OZJ,16bdc88f7d1b0767ffd77f410c51c65a72801d2b45b0135406d0f11b749793fe,ab959c9640a9553db8d109bcad7bb6148e347db57294ce8efc2325804a5d8a40,21,"[[""C2"",0],[""C4"",0],[""C5"",0],[""C6"",0],[""CAE"",0],[""CAF"",0],[""CAG"",0],[""CAH"",0],[""CAI"",0],[""CAJ"",0],[""CAP"",0],[""CAQ"",0],[""CAR"",0],[""CAS"",0],[""N1"",0],[""N3"",0],[""NAA"",0],[""NAB"",0],[""NAC"",0],[""NAM"",0],[""OAD"",0]]",false,CAF,C,,,true,true,WWPDB_CCD_ATOM_ID,36,NO_CURRENT_POSITIVE_SHADOW_MATCH,false,[],[],NO_EXACT_OR_ISOMORPHIC_REFERENCE_MATCH,0,0,{},false,false,false
COVAPIE_CYS_SG_EVENT_V1:4CL8:D:CYS:168-:SG:O:OZJ:CAF,COVAPIE_BULK_REVIEW_UNIT_18734D9C06222450,13,CURRENTLY_UNREVIEWED,OZJ,16bdc88f7d1b0767ffd77f410c51c65a72801d2b45b0135406d0f11b749793fe,ab959c9640a9553db8d109bcad7bb6148e347db57294ce8efc2325804a5d8a40,21,"[[""C2"",0],[""C4"",0],[""C5"",0],[""C6"",0],[""CAE"",0],[""CAF"",0],[""CAG"",0],[""CAH"",0],[""CAI"",0],[""CAJ"",0],[""CAP"",0],[""CAQ"",0],[""CAR"",0],[""CAS"",0],[""N1"",0],[""N3"",0],[""NAA"",0],[""NAB"",0],[""NAC"",0],[""NAM"",0],[""OAD"",0]]",false,CAF,C,,,true,true,WWPDB_CCD_ATOM_ID,36,NO_CURRENT_POSITIVE_SHADOW_MATCH,false,[],[],NO_EXACT_OR_ISOMORPHIC_REFERENCE_MATCH,0,0,{},false,false,false
COVAPIE_CYS_SG_EVENT_V1:4CM5:A:CYS:168-:SG:F:NWJ:CAV,COVAPIE_BULK_REVIEW_UNIT_DE7AFABE9D079CDF,28,CURRENTLY_UNREVIEWED,NWJ,1fd0d7ff1e34cec7a9928737f2becdd36b20486f2b177233977edfa87ac7ab7f,da28b1745a937888d55e521ddd6ac74cfded5403b4885b0b933810bf973e2580,25,"[[""C2"",0],[""C4"",0],[""C5"",0],[""C6"",0],[""CAG"",0],[""CAH"",0],[""CAI"",0],[""CAJ"",0],[""CAK"",0],[""CAL"",0],[""CAM"",0],[""CAN"",0],[""CAO"",0],[""CAV"",0],[""CAX"",0],[""CAY"",0],[""CAZ"",0],[""CBA"",0],[""N1"",0],[""N3"",0],[""NAA"",0],[""NAB"",0],[""NAS"",0],[""NBF"",0],[""OAE"",0]]",false,CAV,C,,,true,true,WWPDB_CCD_ATOM_ID,36,NO_CURRENT_POSITIVE_SHADOW_MATCH,false,[],[],NO_EXACT_OR_ISOMORPHIC_REFERENCE_MATCH,0,0,{},false,false,false
COVAPIE_CYS_SG_EVENT_V1:4CM5:B:CYS:168-:SG:H:NWJ:CAV,COVAPIE_BULK_REVIEW_UNIT_DE7AFABE9D079CDF,28,CURRENTLY_UNREVIEWED,NWJ,1fd0d7ff1e34cec7a9928737f2becdd36b20486f2b177233977edfa87ac7ab7f,da28b1745a937888d55e521ddd6ac74cfded5403b4885b0b933810bf973e2580,25,"[[""C2"",0],[""C4"",0],[""C5"",0],[""C6"",0],[""CAG"",0],[""CAH"",0],[""CAI"",0],[""CAJ"",0],[""CAK"",0],[""CAL"",0],[""CAM"",0],[""CAN"",0],[""CAO"",0],[""CAV"",0],[""CAX"",0],[""CAY"",0],[""CAZ"",0],[""CBA"",0],[""N1"",0],[""N3"",0],[""NAA"",0],[""NAB"",0],[""NAS"",0],[""NBF"",0],[""OAE"",0]]",false,CAV,C,,,true,true,WWPDB_CCD_ATOM_ID,36,NO_CURRENT_POSITIVE_SHADOW_MATCH,false,[],[],NO_EXACT_OR_ISOMORPHIC_REFERENCE_MATCH,0,0,{},false,false,false
COVAPIE_CYS_SG_EVENT_V1:4CM5:C:CYS:168-:SG:J:NWJ:CAV,COVAPIE_BULK_REVIEW_UNIT_DE7AFABE9D079CDF,28,CURRENTLY_UNREVIEWED,NWJ,1fd0d7ff1e34cec7a9928737f2becdd36b20486f2b177233977edfa87ac7ab7f,da28b1745a937888d55e521ddd6ac74cfded5403b4885b0b933810bf973e2580,25,"[[""C2"",0],[""C4"",0],[""C5"",0],[""C6"",0],[""CAG"",0],[""CAH"",0],[""CAI"",0],[""CAJ"",0],[""CAK"",0],[""CAL"",0],[""CAM"",0],[""CAN"",0],[""CAO"",0],[""CAV"",0],[""CAX"",0],[""CAY"",0],[""CAZ"",0],[""CBA"",0],[""N1"",0],[""N3"",0],[""NAA"",0],[""NAB"",0],[""NAS"",0],[""NBF"",0],[""OAE"",0]]",false,CAV,C,,,true,true,WWPDB_CCD_ATOM_ID,36,NO_CURRENT_POSITIVE_SHADOW_MATCH,false,[],[],NO_EXACT_OR_ISOMORPHIC_REFERENCE_MATCH,0,0,{},false,false,false
COVAPIE_CYS_SG_EVENT_V1:4CM5:D:CYS:168-:SG:L:NWJ:CAV,COVAPIE_BULK_REVIEW_UNIT_DE7AFABE9D079CDF,28,CURRENTLY_UNREVIEWED,NWJ,1fd0d7ff1e34cec7a9928737f2becdd36b20486f2b177233977edfa87ac7ab7f,da28b1745a937888d55e521ddd6ac74cfded5403b4885b0b933810bf973e2580,25,"[[""C2"",0],[""C4"",0],[""C5"",0],[""C6"",0],[""CAG"",0],[""CAH"",0],[""CAI"",0],[""CAJ"",0],[""CAK"",0],[""CAL"",0],[""CAM"",0],[""CAN"",0],[""CAO"",0],[""CAV"",0],[""CAX"",0],[""CAY"",0],[""CAZ"",0],[""CBA"",0],[""N1"",0],[""N3"",0],[""NAA"",0],[""NAB"",0],[""NAS"",0],[""NBF"",0],[""OAE"",0]]",false,CAV,C,,,true,true,WWPDB_CCD_ATOM_ID,36,NO_CURRENT_POSITIVE_SHADOW_MATCH,false,[],[],NO_EXACT_OR_ISOMORPHIC_REFERENCE_MATCH,0,0,{},false,false,false
COVAPIE_CYS_SG_EVENT_V1:4D9U:A:CYS:436-:SG:B:0JH:C11,COVAPIE_BULK_REVIEW_UNIT_B741810967D3C99C,121,CURRENTLY_UNREVIEWED,0JH,6dc23b0321a3ae508cd071d0b06f1df40b7811b8b1b86dae46a344508fab1b40,fe127505524d8703de5d4591d50b7d29cf85724073c9bff1879e0ed28cac4509,32,"[[""C02"",0],[""C03"",0],[""C04"",0],[""C06"",0],[""C07"",0],[""C08"",0],[""C10"",0],[""C11"",0],[""C12"",0],[""C13"",0],[""C15"",0],[""C16"",0],[""C17"",0],[""C18"",0],[""C20"",0],[""C22"",0],[""C23"",0],[""C24"",0],[""C25"",0],[""C26"",0],[""C27"",0],[""C28"",0],[""C29"",0],[""C31"",0],[""N01"",0],[""N05"",0],[""N21"",0],[""N30"",0],[""N32"",0],[""O09"",0],[""O14"",0],[""O19"",0]]",false,C11,C,8462d40f48db4f113d1f544343e82038d9a375ffc54ab52f2d00684ccce8cca1,eba9dd9e80ed54abdd30068f7cb771813898939b1ad2ec9b2710578784e3bd3b,true,true,WWPDB_CCD_ATOM_ID,36,NO_CURRENT_POSITIVE_SHADOW_MATCH,false,[],[],NO_EXACT_OR_ISOMORPHIC_REFERENCE_MATCH,0,0,{},false,false,false
COVAPIE_CYS_SG_EVENT_V1:4DMY:A:CYS:25-:SG:C:0LC:C29,COVAPIE_BULK_REVIEW_UNIT_66D107A3E900A3B4,54,CURRENTLY_UNREVIEWED,0LC,e62b0f2e4a658c78d91452de9f2ed6f90a0ddd0ffdd17201123d449a45a63eeb,dc2f95922ebc1d744c753e3b54581acf1ab005c3c860501ce263d4f945c432bf,30,"[[""C1"",0],[""C11"",0],[""C12"",0],[""C13"",0],[""C15"",0],[""C17"",0],[""C18"",0],[""C19"",0],[""C2"",0],[""C20"",0],[""C21"",0],[""C22"",0],[""C23"",0],[""C26"",0],[""C27"",0],[""C28"",0],[""C29"",0],[""C4"",0],[""C5"",0],[""C6"",0],[""C7"",0],[""C8"",0],[""C9"",0],[""F14"",0],[""N10"",0],[""N25"",0],[""N3"",0],[""N30"",0],[""O16"",0],[""O24"",0]]",false,C29,C,,,true,true,WWPDB_CCD_ATOM_ID,36,NO_CURRENT_POSITIVE_SHADOW_MATCH,false,[],[],NO_EXACT_OR_ISOMORPHIC_REFERENCE_MATCH,0,0,{},false,false,false
COVAPIE_CYS_SG_EVENT_V1:4DMY:B:CYS:25-:SG:F:0LC:C29,COVAPIE_BULK_REVIEW_UNIT_66D107A3E900A3B4,54,CURRENTLY_UNREVIEWED,0LC,e62b0f2e4a658c78d91452de9f2ed6f90a0ddd0ffdd17201123d449a45a63eeb,dc2f95922ebc1d744c753e3b54581acf1ab005c3c860501ce263d4f945c432bf,30,"[[""C1"",0],[""C11"",0],[""C12"",0],[""C13"",0],[""C15"",0],[""C17"",0],[""C18"",0],[""C19"",0],[""C2"",0],[""C20"",0],[""C21"",0],[""C22"",0],[""C23"",0],[""C26"",0],[""C27"",0],[""C28"",0],[""C29"",0],[""C4"",0],[""C5"",0],[""C6"",0],[""C7"",0],[""C8"",0],[""C9"",0],[""F14"",0],[""N10"",0],[""N25"",0],[""N3"",0],[""N30"",0],[""O16"",0],[""O24"",0]]",false,C29,C,,,true,true,WWPDB_CCD_ATOM_ID,36,NO_CURRENT_POSITIVE_SHADOW_MATCH,false,[],[],NO_EXACT_OR_ISOMORPHIC_REFERENCE_MATCH,0,0,{},false,false,false
COVAPIE_CYS_SG_EVENT_V1:4F8B:B:CYS:55-:SG:F:GD1:C77,COVAPIE_BULK_REVIEW_UNIT_9FFA5A52A3113C6E,21,CURRENTLY_UNREVIEWED,GD1,520cefb55d2977980e4c889a17f6e67353ad1d7820bb431ad9ba0af2c2ccb505,27f7a5bfb5b85dd488883f802b7fc316a0839c37f2d5da248bf975767d74f31a,13,"[[""C2"",0],[""C4"",0],[""C5"",0],[""C6"",0],[""C7"",0],[""C77"",0],[""C8"",0],[""N1"",0],[""N2"",0],[""N3"",0],[""N77"",0],[""N9"",0],[""O6"",0]]",false,C77,C,,,true,true,WWPDB_CCD_ATOM_ID,36,NO_CURRENT_POSITIVE_SHADOW_MATCH,false,[],[],NO_EXACT_OR_ISOMORPHIC_REFERENCE_MATCH,0,0,{},false,false,false
COVAPIE_CYS_SG_EVENT_V1:4F8B:C:CYS:55-:SG:I:GD1:C77,COVAPIE_BULK_REVIEW_UNIT_9FFA5A52A3113C6E,21,CURRENTLY_UNREVIEWED,GD1,520cefb55d2977980e4c889a17f6e67353ad1d7820bb431ad9ba0af2c2ccb505,27f7a5bfb5b85dd488883f802b7fc316a0839c37f2d5da248bf975767d74f31a,13,"[[""C2"",0],[""C4"",0],[""C5"",0],[""C6"",0],[""C7"",0],[""C77"",0],[""C8"",0],[""N1"",0],[""N2"",0],[""N3"",0],[""N77"",0],[""N9"",0],[""O6"",0]]",false,C77,C,,,true,true,WWPDB_CCD_ATOM_ID,36,NO_CURRENT_POSITIVE_SHADOW_MATCH,false,[],[],NO_EXACT_OR_ISOMORPHIC_REFERENCE_MATCH,0,0,{},false,false,false
COVAPIE_CYS_SG_EVENT_V1:4F8B:D:CYS:55-:SG:K:GD1:C77,COVAPIE_BULK_REVIEW_UNIT_9FFA5A52A3113C6E,21,CURRENTLY_UNREVIEWED,GD1,520cefb55d2977980e4c889a17f6e67353ad1d7820bb431ad9ba0af2c2ccb505,27f7a5bfb5b85dd488883f802b7fc316a0839c37f2d5da248bf975767d74f31a,13,"[[""C2"",0],[""C4"",0],[""C5"",0],[""C6"",0],[""C7"",0],[""C77"",0],[""C8"",0],[""N1"",0],[""N2"",0],[""N3"",0],[""N77"",0],[""N9"",0],[""O6"",0]]",false,C77,C,,,true,true,WWPDB_CCD_ATOM_ID,36,NO_CURRENT_POSITIVE_SHADOW_MATCH,false,[],[],NO_EXACT_OR_ISOMORPHIC_REFERENCE_MATCH,0,0,{},false,false,false
COVAPIE_CYS_SG_EVENT_V1:4F8B:E:CYS:55-:SG:N:GD1:C77,COVAPIE_BULK_REVIEW_UNIT_9FFA5A52A3113C6E,21,CURRENTLY_UNREVIEWED,GD1,520cefb55d2977980e4c889a17f6e67353ad1d7820bb431ad9ba0af2c2ccb505,27f7a5bfb5b85dd488883f802b7fc316a0839c37f2d5da248bf975767d74f31a,13,"[[""C2"",0],[""C4"",0],[""C5"",0],[""C6"",0],[""C7"",0],[""C77"",0],[""C8"",0],[""N1"",0],[""N2"",0],[""N3"",0],[""N77"",0],[""N9"",0],[""O6"",0]]",false,C77,C,,,true,true,WWPDB_CCD_ATOM_ID,36,NO_CURRENT_POSITIVE_SHADOW_MATCH,false,[],[],NO_EXACT_OR_ISOMORPHIC_REFERENCE_MATCH,0,0,{},false,false,false
COVAPIE_CYS_SG_EVENT_V1:4GEV:A:CYS:146-:SG:C:UMC:C6,COVAPIE_BULK_REVIEW_UNIT_AFCA77A30B2F54B9,70,CURRENTLY_UNREVIEWED,UMC,1ec22d8694615a742f16b54b98b9e2aae91e9fbffa7092e87119f68432402f12,b51a553aed63bed85a7878eeeddd7e259a0a42cd18a6fb03358e0e3964a5ae08,20,"[[""C1'"",0],[""C2"",0],[""C2'"",0],[""C3'"",0],[""C4"",0],[""C4'"",0],[""C5"",0],[""C5'"",0],[""C6"",0],[""N1"",0],[""N3"",0],[""O1P"",0],[""O2"",0],[""O2P"",0],[""O3'"",0],[""O3P"",0],[""O4"",0],[""O4'"",0],[""O5'"",0],[""P"",0]]",false,C6,C,967888dc6503859e3a388307125786d5c01f90b83c58b11d2f70faeea646e8ea,5b5e727d47c868ef67d356fee772878624ae1a1aace432ad60dae2f98f51da1f,true,true,WWPDB_CCD_ATOM_ID,36,NO_CURRENT_POSITIVE_SHADOW_MATCH,false,[],[],NO_EXACT_OR_ISOMORPHIC_REFERENCE_MATCH,0,0,{},false,false,false
COVAPIE_CYS_SG_EVENT_V1:4GEV:B:CYS:146-:SG:E:UMC:C6,COVAPIE_BULK_REVIEW_UNIT_AFCA77A30B2F54B9,70,CURRENTLY_UNREVIEWED,UMC,1ec22d8694615a742f16b54b98b9e2aae91e9fbffa7092e87119f68432402f12,b51a553aed63bed85a7878eeeddd7e259a0a42cd18a6fb03358e0e3964a5ae08,20,"[[""C1'"",0],[""C2"",0],[""C2'"",0],[""C3'"",0],[""C4"",0],[""C4'"",0],[""C5"",0],[""C5'"",0],[""C6"",0],[""N1"",0],[""N3"",0],[""O1P"",0],[""O2"",0],[""O2P"",0],[""O3'"",0],[""O3P"",0],[""O4"",0],[""O4'"",0],[""O5'"",0],[""P"",0]]",false,C6,C,967888dc6503859e3a388307125786d5c01f90b83c58b11d2f70faeea646e8ea,5b5e727d47c868ef67d356fee772878624ae1a1aace432ad60dae2f98f51da1f,true,true,WWPDB_CCD_ATOM_ID,36,NO_CURRENT_POSITIVE_SHADOW_MATCH,false,[],[],NO_EXACT_OR_ISOMORPHIC_REFERENCE_MATCH,0,0,{},false,false,false
COVAPIE_CYS_SG_EVENT_V1:4GMX:C:CYS:539-:SG:G:K85:C3,COVAPIE_BULK_REVIEW_UNIT_3C7F1C15E11A6C32,100,CURRENTLY_UNREVIEWED,K85,57ea5090b8db5005265bf4db4a04ae72fef922c78a0c6354d00233cbb9050ddb,01cc16942651af71a345d2ca576d5d3c67afb15b6c39c289df49492ca7fee678,25,"[[""C1"",0],[""C10"",0],[""C11"",0],[""C12"",0],[""C13"",0],[""C14"",0],[""C16"",0],[""C17"",0],[""C2"",0],[""C2'"",0],[""C3"",0],[""C3'"",0],[""C4'"",0],[""C6"",0],[""C8"",0],[""C9"",0],[""F18"",0],[""F19"",0],[""F20"",0],[""N4"",0],[""N5"",0],[""N7"",0],[""O"",0],[""O1'"",0],[""O15"",0]]",false,C3,C,d157215f68b23462674e7fa29b465de4f2987f80b4671fe5b9d37c2dd9009b9a,e454ae9f2a74a403aed028b8637cc9a67bf441d429d43045d2761f50494588b3,true,true,WWPDB_CCD_ATOM_ID,36,NO_CURRENT_POSITIVE_SHADOW_MATCH,false,[],[],NO_EXACT_OR_ISOMORPHIC_REFERENCE_MATCH,0,0,{},false,false,false
COVAPIE_CYS_SG_EVENT_V1:4GPT:C:CYS:539-:SG:H:51K:C7,COVAPIE_BULK_REVIEW_UNIT_F696D0EAB53E5FAA,130,CURRENTLY_UNREVIEWED,51K,4e7321fe0d0058cda6662a0d52bee0a8c4302e22f49a77b7688ace8547862fc1,889c63b02a0ab43ce7f99ff17ad6c4c1fffa840cf78d7fb9d957f606f91f0b58,26,"[[""C10"",0],[""C12"",0],[""C13"",0],[""C14"",0],[""C15"",0],[""C16"",0],[""C17"",0],[""C18"",0],[""C19"",0],[""C2"",0],[""C23"",0],[""C5"",0],[""C6"",0],[""C7"",0],[""F20"",0],[""F21"",0],[""F22"",0],[""F24"",0],[""F25"",0],[""F26"",0],[""N11"",0],[""N3"",0],[""N4"",0],[""N8"",0],[""N9"",0],[""O1"",0]]",false,C7,C,d157215f68b23462674e7fa29b465de4f2987f80b4671fe5b9d37c2dd9009b9a,ab35f7c16d172248dbec3d7b1de11b0f0c093d090de8795edb4d5254481699e8,true,true,WWPDB_CCD_ATOM_ID,36,NO_CURRENT_POSITIVE_SHADOW_MATCH,false,[],[],NO_EXACT_OR_ISOMORPHIC_REFERENCE_MATCH,0,0,{},false,false,false
COVAPIE_CYS_SG_EVENT_V1:4HAT:C:CYS:539-:SG:G:LMB:C3,COVAPIE_BULK_REVIEW_UNIT_9C9E0519571BA9A5,36,CURRENTLY_UNREVIEWED,LMB,9dae0be7b2fd211ff57435b7424d8dad50f33f8055a85fa670e17c819f37018c,6f917e6ea9dccc23acb44d1a46876cb217236fc88ab552792179cd27a8370121,40,"[[""C1"",0],[""C10"",0],[""C11"",0],[""C12"",0],[""C13"",0],[""C14"",0],[""C15"",0],[""C16"",0],[""C17"",0],[""C18"",0],[""C19"",0],[""C2"",0],[""C20"",0],[""C21"",0],[""C22"",0],[""C23"",0],[""C24"",0],[""C25"",0],[""C26"",0],[""C27"",0],[""C28"",0],[""C29"",0],[""C3"",0],[""C30"",0],[""C31"",0],[""C32"",0],[""C33"",0],[""C4"",0],[""C5"",0],[""C6"",0],[""C7"",0],[""C8"",0],[""C9"",0],[""O1"",0],[""O1'"",0],[""O2"",0],[""O3"",0],[""O4"",0],[""O5"",0],[""O6"",0]]",false,C3,C,d2671534b0762c2541e105e7ff6bff1377db0f8f49fb932ad12463c7cf42f909,d2f4a517dbf8dc92a1bcf9411bd17f3688bf425deffe23ad5a018463b35e968b,true,true,WWPDB_CCD_ATOM_ID,36,NO_CURRENT_POSITIVE_SHADOW_MATCH,false,[],[],NO_EXACT_OR_ISOMORPHIC_REFERENCE_MATCH,0,0,{},false,false,false
COVAPIE_CYS_SG_EVENT_V1:4HAU:C:CYS:539-:SG:H:RJA:C3,COVAPIE_BULK_REVIEW_UNIT_63503DFD57471268,103,CURRENTLY_UNREVIEWED,RJA,578f1275691f668f997c67a400b80cd7584805d38c32dc6496d08de4b919b771,9daa338ac8addfa0f61dcffd4dc66ed07fc18c3e1c525c99ddf069e1f2b89f19,34,"[[""C1"",0],[""C10"",0],[""C11"",0],[""C12"",0],[""C13"",0],[""C14"",0],[""C15"",0],[""C16"",0],[""C17"",0],[""C18"",0],[""C19"",0],[""C2"",0],[""C20"",0],[""C21"",0],[""C22"",0],[""C23"",0],[""C24"",0],[""C25"",0],[""C26"",0],[""C27"",0],[""C28"",0],[""C3"",0],[""C4"",0],[""C5"",0],[""C6"",0],[""C7"",0],[""C8"",0],[""C9"",0],[""O1"",0],[""O1'"",0],[""O2"",0],[""O3"",0],[""O4"",0],[""O5"",0]]",false,C3,C,d2671534b0762c2541e105e7ff6bff1377db0f8f49fb932ad12463c7cf42f909,6ece4f119c7d5b9663033670b692b2a1fbe2c11fc260bf196548c20620d24f84,true,true,WWPDB_CCD_ATOM_ID,36,NO_CURRENT_POSITIVE_SHADOW_MATCH,false,[],[],NO_EXACT_OR_ISOMORPHIC_REFERENCE_MATCH,0,0,{},false,false,false
COVAPIE_CYS_SG_EVENT_V1:4HAV:C:CYS:539-:SG:G:AA8:C3,COVAPIE_BULK_REVIEW_UNIT_AAA86FEED2AFE2E6,120,CURRENTLY_UNREVIEWED,AA8,aeb4ed39444d891a83a0ee934118034ff7a008400cf34a2abee792a73d72a48c,fce829526c74e2c04d61079516d405c7e7629ae61f243bb8b7084de79fbbafde,38,"[[""C1"",0],[""C10"",0],[""C11"",0],[""C12"",0],[""C13"",0],[""C14"",0],[""C15"",0],[""C16"",0],[""C17"",0],[""C18"",0],[""C19"",0],[""C2"",0],[""C20"",0],[""C21"",0],[""C22"",0],[""C23"",0],[""C24"",0],[""C25"",0],[""C26"",0],[""C27"",0],[""C28"",0],[""C29"",0],[""C3"",0],[""C30"",0],[""C31"",0],[""C4"",0],[""C5"",0],[""C6"",0],[""C7"",0],[""C8"",0],[""C9"",0],[""O1"",0],[""O1'"",0],[""O2"",0],[""O3"",0],[""O4"",0],[""O5"",0],[""O6"",0]]",false,C3,C,d2671534b0762c2541e105e7ff6bff1377db0f8f49fb932ad12463c7cf42f909,6ece4f119c7d5b9663033670b692b2a1fbe2c11fc260bf196548c20620d24f84,true,true,WWPDB_CCD_ATOM_ID,36,NO_CURRENT_POSITIVE_SHADOW_MATCH,false,[],[],NO_EXACT_OR_ISOMORPHIC_REFERENCE_MATCH,0,0,{},false,false,false
COVAPIE_CYS_SG_EVENT_V1:4HAW:C:CYS:539-:SG:H:LMB:C3,COVAPIE_BULK_REVIEW_UNIT_9C9E0519571BA9A5,36,CURRENTLY_UNREVIEWED,LMB,9dae0be7b2fd211ff57435b7424d8dad50f33f8055a85fa670e17c819f37018c,6f917e6ea9dccc23acb44d1a46876cb217236fc88ab552792179cd27a8370121,40,"[[""C1"",0],[""C10"",0],[""C11"",0],[""C12"",0],[""C13"",0],[""C14"",0],[""C15"",0],[""C16"",0],[""C17"",0],[""C18"",0],[""C19"",0],[""C2"",0],[""C20"",0],[""C21"",0],[""C22"",0],[""C23"",0],[""C24"",0],[""C25"",0],[""C26"",0],[""C27"",0],[""C28"",0],[""C29"",0],[""C3"",0],[""C30"",0],[""C31"",0],[""C32"",0],[""C33"",0],[""C4"",0],[""C5"",0],[""C6"",0],[""C7"",0],[""C8"",0],[""C9"",0],[""O1"",0],[""O1'"",0],[""O2"",0],[""O3"",0],[""O4"",0],[""O5"",0],[""O6"",0]]",false,C3,C,d2671534b0762c2541e105e7ff6bff1377db0f8f49fb932ad12463c7cf42f909,d2f4a517dbf8dc92a1bcf9411bd17f3688bf425deffe23ad5a018463b35e968b,true,true,WWPDB_CCD_ATOM_ID,36,NO_CURRENT_POSITIVE_SHADOW_MATCH,false,[],[],NO_EXACT_OR_ISOMORPHIC_REFERENCE_MATCH,0,0,{},false,false,false
COVAPIE_CYS_SG_EVENT_V1:4HAY:C:CYS:539-:SG:G:LMB:C3,COVAPIE_BULK_REVIEW_UNIT_9C9E0519571BA9A5,36,CURRENTLY_UNREVIEWED,LMB,9dae0be7b2fd211ff57435b7424d8dad50f33f8055a85fa670e17c819f37018c,6f917e6ea9dccc23acb44d1a46876cb217236fc88ab552792179cd27a8370121,40,"[[""C1"",0],[""C10"",0],[""C11"",0],[""C12"",0],[""C13"",0],[""C14"",0],[""C15"",0],[""C16"",0],[""C17"",0],[""C18"",0],[""C19"",0],[""C2"",0],[""C20"",0],[""C21"",0],[""C22"",0],[""C23"",0],[""C24"",0],[""C25"",0],[""C26"",0],[""C27"",0],[""C28"",0],[""C29"",0],[""C3"",0],[""C30"",0],[""C31"",0],[""C32"",0],[""C33"",0],[""C4"",0],[""C5"",0],[""C6"",0],[""C7"",0],[""C8"",0],[""C9"",0],[""O1"",0],[""O1'"",0],[""O2"",0],[""O3"",0],[""O4"",0],[""O5"",0],[""O6"",0]]",false,C3,C,d2671534b0762c2541e105e7ff6bff1377db0f8f49fb932ad12463c7cf42f909,d2f4a517dbf8dc92a1bcf9411bd17f3688bf425deffe23ad5a018463b35e968b,true,true,WWPDB_CCD_ATOM_ID,36,NO_CURRENT_POSITIVE_SHADOW_MATCH,false,[],[],NO_EXACT_OR_ISOMORPHIC_REFERENCE_MATCH,0,0,{},false,false,false
COVAPIE_CYS_SG_EVENT_V1:4HAZ:C:CYS:539-:SG:G:LBF:C3,COVAPIE_BULK_REVIEW_UNIT_2CCFF436A6FA4BDF,95,CURRENTLY_UNREVIEWED,LBF,f3c8e3b716cb73228c100c81a8a212f5632ce16b26f5f983ccdf85ff03d906b6,82ee63bd2a42f42635e57510a2ecf74eb292241e69d4d3110f33aac068534a02,39,"[[""C1"",0],[""C10"",0],[""C11"",0],[""C12"",0],[""C13"",0],[""C14"",0],[""C15"",0],[""C16"",0],[""C17"",0],[""C18"",0],[""C19"",0],[""C2"",0],[""C20"",0],[""C21"",0],[""C22"",0],[""C23"",0],[""C24"",0],[""C25"",0],[""C26"",0],[""C27"",0],[""C28"",0],[""C29"",0],[""C3"",0],[""C30"",0],[""C31"",0],[""C32"",0],[""C33"",0],[""C4"",0],[""C5"",0],[""C6"",0],[""C7"",0],[""C8"",0],[""C9"",0],[""O1"",0],[""O2"",0],[""O3"",0],[""O4"",0],[""O5"",0],[""O6"",0]]",false,C3,C,4e00ae9307adfb73f42afb7c413beb9eba4f615244bf4835cf839d3b7576685e,e6719d10f792ca04c19b43b6bf8057e64db2fc438bed9642530d7457ef88532c,true,true,WWPDB_CCD_ATOM_ID,36,NO_CURRENT_POSITIVE_SHADOW_MATCH,false,[],[],NO_EXACT_OR_ISOMORPHIC_REFERENCE_MATCH,0,0,{},false,false,false
COVAPIE_CYS_SG_EVENT_V1:4HB0:C:CYS:539-:SG:F:LBF:C3,COVAPIE_BULK_REVIEW_UNIT_7684A2E396060310,108,CURRENTLY_UNREVIEWED,LBF,f3c8e3b716cb73228c100c81a8a212f5632ce16b26f5f983ccdf85ff03d906b6,82ee63bd2a42f42635e57510a2ecf74eb292241e69d4d3110f33aac068534a02,39,"[[""C1"",0],[""C10"",0],[""C11"",0],[""C12"",0],[""C13"",0],[""C14"",0],[""C15"",0],[""C16"",0],[""C17"",0],[""C18"",0],[""C19"",0],[""C2"",0],[""C20"",0],[""C21"",0],[""C22"",0],[""C23"",0],[""C24"",0],[""C25"",0],[""C26"",0],[""C27"",0],[""C28"",0],[""C29"",0],[""C3"",0],[""C30"",0],[""C31"",0],[""C32"",0],[""C33"",0],[""C4"",0],[""C5"",0],[""C6"",0],[""C7"",0],[""C8"",0],[""C9"",0],[""O1"",0],[""O2"",0],[""O3"",0],[""O4"",0],[""O5"",0],[""O6"",0]]",false,C3,C,4e00ae9307adfb73f42afb7c413beb9eba4f615244bf4835cf839d3b7576685e,e6719d10f792ca04c19b43b6bf8057e64db2fc438bed9642530d7457ef88532c,true,true,WWPDB_CCD_ATOM_ID,36,NO_CURRENT_POSITIVE_SHADOW_MATCH,false,[],[],NO_EXACT_OR_ISOMORPHIC_REFERENCE_MATCH,0,0,{},false,false,false
COVAPIE_CYS_SG_EVENT_V1:4HB4:C:CYS:539-:SG:G:LMB:C3,COVAPIE_BULK_REVIEW_UNIT_CB7ED5F9AB19F5BC,128,CURRENTLY_UNREVIEWED,LMB,9dae0be7b2fd211ff57435b7424d8dad50f33f8055a85fa670e17c819f37018c,6f917e6ea9dccc23acb44d1a46876cb217236fc88ab552792179cd27a8370121,40,"[[""C1"",0],[""C10"",0],[""C11"",0],[""C12"",0],[""C13"",0],[""C14"",0],[""C15"",0],[""C16"",0],[""C17"",0],[""C18"",0],[""C19"",0],[""C2"",0],[""C20"",0],[""C21"",0],[""C22"",0],[""C23"",0],[""C24"",0],[""C25"",0],[""C26"",0],[""C27"",0],[""C28"",0],[""C29"",0],[""C3"",0],[""C30"",0],[""C31"",0],[""C32"",0],[""C33"",0],[""C4"",0],[""C5"",0],[""C6"",0],[""C7"",0],[""C8"",0],[""C9"",0],[""O1"",0],[""O1'"",0],[""O2"",0],[""O3"",0],[""O4"",0],[""O5"",0],[""O6"",0]]",false,C3,C,d2671534b0762c2541e105e7ff6bff1377db0f8f49fb932ad12463c7cf42f909,d2f4a517dbf8dc92a1bcf9411bd17f3688bf425deffe23ad5a018463b35e968b,true,true,WWPDB_CCD_ATOM_ID,36,NO_CURRENT_POSITIVE_SHADOW_MATCH,false,[],[],NO_EXACT_OR_ISOMORPHIC_REFERENCE_MATCH,0,0,{},false,false,false
COVAPIE_CYS_SG_EVENT_V1:4I3U:A:CYS:291-:SG:I:POA:C2,COVAPIE_BULK_REVIEW_UNIT_6A4D564E712634EB,1,CURRENTLY_UNREVIEWED,POA,de4d99db2150936afcd392449ca1e8f08c2b0c9680bebe286327c3e3bdb33bc5,48dbf685bd93ad727bbcb78822a15602f4117ef477102b356d8bb5ce900c94ad,7,"[[""C1"",0],[""C2"",0],[""O1P"",0],[""O2"",0],[""O2P"",0],[""O3P"",0],[""P"",0]]",false,C2,C,55e43852e5e27f4d3d717d338f8f4cbda3987d8cf91a7cec5fcfcf58f7f326b9,a21a8dadc3ec01af1abf915ef5b61484921619bf1db05d9fea1837dabd9d814b,true,true,WWPDB_CCD_ATOM_ID,36,NO_CURRENT_POSITIVE_SHADOW_MATCH,false,[],[],NO_EXACT_OR_ISOMORPHIC_REFERENCE_MATCH,0,0,{},false,false,false
COVAPIE_CYS_SG_EVENT_V1:4I3U:B:CYS:291-:SG:J:POA:C2,COVAPIE_BULK_REVIEW_UNIT_6A4D564E712634EB,1,CURRENTLY_UNREVIEWED,POA,de4d99db2150936afcd392449ca1e8f08c2b0c9680bebe286327c3e3bdb33bc5,48dbf685bd93ad727bbcb78822a15602f4117ef477102b356d8bb5ce900c94ad,7,"[[""C1"",0],[""C2"",0],[""O1P"",0],[""O2"",0],[""O2P"",0],[""O3P"",0],[""P"",0]]",false,C2,C,55e43852e5e27f4d3d717d338f8f4cbda3987d8cf91a7cec5fcfcf58f7f326b9,a21a8dadc3ec01af1abf915ef5b61484921619bf1db05d9fea1837dabd9d814b,true,true,WWPDB_CCD_ATOM_ID,36,NO_CURRENT_POSITIVE_SHADOW_MATCH,false,[],[],NO_EXACT_OR_ISOMORPHIC_REFERENCE_MATCH,0,0,{},false,false,false
COVAPIE_CYS_SG_EVENT_V1:4I3U:C:CYS:291-:SG:K:POA:C2,COVAPIE_BULK_REVIEW_UNIT_6A4D564E712634EB,1,CURRENTLY_UNREVIEWED,POA,de4d99db2150936afcd392449ca1e8f08c2b0c9680bebe286327c3e3bdb33bc5,48dbf685bd93ad727bbcb78822a15602f4117ef477102b356d8bb5ce900c94ad,7,"[[""C1"",0],[""C2"",0],[""O1P"",0],[""O2"",0],[""O2P"",0],[""O3P"",0],[""P"",0]]",false,C2,C,55e43852e5e27f4d3d717d338f8f4cbda3987d8cf91a7cec5fcfcf58f7f326b9,a21a8dadc3ec01af1abf915ef5b61484921619bf1db05d9fea1837dabd9d814b,true,true,WWPDB_CCD_ATOM_ID,36,NO_CURRENT_POSITIVE_SHADOW_MATCH,false,[],[],NO_EXACT_OR_ISOMORPHIC_REFERENCE_MATCH,0,0,{},false,false,false
COVAPIE_CYS_SG_EVENT_V1:4I3U:D:CYS:291-:SG:L:POA:C2,COVAPIE_BULK_REVIEW_UNIT_6A4D564E712634EB,1,CURRENTLY_UNREVIEWED,POA,de4d99db2150936afcd392449ca1e8f08c2b0c9680bebe286327c3e3bdb33bc5,48dbf685bd93ad727bbcb78822a15602f4117ef477102b356d8bb5ce900c94ad,7,"[[""C1"",0],[""C2"",0],[""O1P"",0],[""O2"",0],[""O2P"",0],[""O3P"",0],[""P"",0]]",false,C2,C,55e43852e5e27f4d3d717d338f8f4cbda3987d8cf91a7cec5fcfcf58f7f326b9,a21a8dadc3ec01af1abf915ef5b61484921619bf1db05d9fea1837dabd9d814b,true,true,WWPDB_CCD_ATOM_ID,36,NO_CURRENT_POSITIVE_SHADOW_MATCH,false,[],[],NO_EXACT_OR_ISOMORPHIC_REFERENCE_MATCH,0,0,{},false,false,false
COVAPIE_CYS_SG_EVENT_V1:4I3U:E:CYS:291-:SG:M:POA:C2,COVAPIE_BULK_REVIEW_UNIT_6A4D564E712634EB,1,CURRENTLY_UNREVIEWED,POA,de4d99db2150936afcd392449ca1e8f08c2b0c9680bebe286327c3e3bdb33bc5,48dbf685bd93ad727bbcb78822a15602f4117ef477102b356d8bb5ce900c94ad,7,"[[""C1"",0],[""C2"",0],[""O1P"",0],[""O2"",0],[""O2P"",0],[""O3P"",0],[""P"",0]]",false,C2,C,55e43852e5e27f4d3d717d338f8f4cbda3987d8cf91a7cec5fcfcf58f7f326b9,a21a8dadc3ec01af1abf915ef5b61484921619bf1db05d9fea1837dabd9d814b,true,true,WWPDB_CCD_ATOM_ID,36,NO_CURRENT_POSITIVE_SHADOW_MATCH,false,[],[],NO_EXACT_OR_ISOMORPHIC_REFERENCE_MATCH,0,0,{},false,false,false
COVAPIE_CYS_SG_EVENT_V1:4I3U:F:CYS:291-:SG:N:POA:C2,COVAPIE_BULK_REVIEW_UNIT_6A4D564E712634EB,1,CURRENTLY_UNREVIEWED,POA,de4d99db2150936afcd392449ca1e8f08c2b0c9680bebe286327c3e3bdb33bc5,48dbf685bd93ad727bbcb78822a15602f4117ef477102b356d8bb5ce900c94ad,7,"[[""C1"",0],[""C2"",0],[""O1P"",0],[""O2"",0],[""O2P"",0],[""O3P"",0],[""P"",0]]",false,C2,C,55e43852e5e27f4d3d717d338f8f4cbda3987d8cf91a7cec5fcfcf58f7f326b9,a21a8dadc3ec01af1abf915ef5b61484921619bf1db05d9fea1837dabd9d814b,true,true,WWPDB_CCD_ATOM_ID,36,NO_CURRENT_POSITIVE_SHADOW_MATCH,false,[],[],NO_EXACT_OR_ISOMORPHIC_REFERENCE_MATCH,0,0,{},false,false,false
COVAPIE_CYS_SG_EVENT_V1:4I3U:G:CYS:291-:SG:O:POA:C2,COVAPIE_BULK_REVIEW_UNIT_6A4D564E712634EB,1,CURRENTLY_UNREVIEWED,POA,de4d99db2150936afcd392449ca1e8f08c2b0c9680bebe286327c3e3bdb33bc5,48dbf685bd93ad727bbcb78822a15602f4117ef477102b356d8bb5ce900c94ad,7,"[[""C1"",0],[""C2"",0],[""O1P"",0],[""O2"",0],[""O2P"",0],[""O3P"",0],[""P"",0]]",false,C2,C,55e43852e5e27f4d3d717d338f8f4cbda3987d8cf91a7cec5fcfcf58f7f326b9,a21a8dadc3ec01af1abf915ef5b61484921619bf1db05d9fea1837dabd9d814b,true,true,WWPDB_CCD_ATOM_ID,36,NO_CURRENT_POSITIVE_SHADOW_MATCH,false,[],[],NO_EXACT_OR_ISOMORPHIC_REFERENCE_MATCH,0,0,{},false,false,false
COVAPIE_CYS_SG_EVENT_V1:4I3U:H:CYS:291-:SG:P:POA:C2,COVAPIE_BULK_REVIEW_UNIT_6A4D564E712634EB,1,CURRENTLY_UNREVIEWED,POA,de4d99db2150936afcd392449ca1e8f08c2b0c9680bebe286327c3e3bdb33bc5,48dbf685bd93ad727bbcb78822a15602f4117ef477102b356d8bb5ce900c94ad,7,"[[""C1"",0],[""C2"",0],[""O1P"",0],[""O2"",0],[""O2P"",0],[""O3P"",0],[""P"",0]]",false,C2,C,55e43852e5e27f4d3d717d338f8f4cbda3987d8cf91a7cec5fcfcf58f7f326b9,a21a8dadc3ec01af1abf915ef5b61484921619bf1db05d9fea1837dabd9d814b,true,true,WWPDB_CCD_ATOM_ID,36,NO_CURRENT_POSITIVE_SHADOW_MATCH,false,[],[],NO_EXACT_OR_ISOMORPHIC_REFERENCE_MATCH,0,0,{},false,false,false
COVAPIE_CYS_SG_EVENT_V1:4I3V:A:CYS:291-:SG:J:POA:C2,COVAPIE_BULK_REVIEW_UNIT_6A4D564E712634EB,1,CURRENTLY_UNREVIEWED,POA,de4d99db2150936afcd392449ca1e8f08c2b0c9680bebe286327c3e3bdb33bc5,48dbf685bd93ad727bbcb78822a15602f4117ef477102b356d8bb5ce900c94ad,7,"[[""C1"",0],[""C2"",0],[""O1P"",0],[""O2"",0],[""O2P"",0],[""O3P"",0],[""P"",0]]",false,C2,C,55e43852e5e27f4d3d717d338f8f4cbda3987d8cf91a7cec5fcfcf58f7f326b9,a21a8dadc3ec01af1abf915ef5b61484921619bf1db05d9fea1837dabd9d814b,true,true,WWPDB_CCD_ATOM_ID,36,NO_CURRENT_POSITIVE_SHADOW_MATCH,false,[],[],NO_EXACT_OR_ISOMORPHIC_REFERENCE_MATCH,0,0,{},false,false,false
COVAPIE_CYS_SG_EVENT_V1:4I3V:B:CYS:291-:SG:L:POA:C2,COVAPIE_BULK_REVIEW_UNIT_6A4D564E712634EB,1,CURRENTLY_UNREVIEWED,POA,de4d99db2150936afcd392449ca1e8f08c2b0c9680bebe286327c3e3bdb33bc5,48dbf685bd93ad727bbcb78822a15602f4117ef477102b356d8bb5ce900c94ad,7,"[[""C1"",0],[""C2"",0],[""O1P"",0],[""O2"",0],[""O2P"",0],[""O3P"",0],[""P"",0]]",false,C2,C,55e43852e5e27f4d3d717d338f8f4cbda3987d8cf91a7cec5fcfcf58f7f326b9,a21a8dadc3ec01af1abf915ef5b61484921619bf1db05d9fea1837dabd9d814b,true,true,WWPDB_CCD_ATOM_ID,36,NO_CURRENT_POSITIVE_SHADOW_MATCH,false,[],[],NO_EXACT_OR_ISOMORPHIC_REFERENCE_MATCH,0,0,{},false,false,false
COVAPIE_CYS_SG_EVENT_V1:4I3V:C:CYS:291-:SG:N:POA:C2,COVAPIE_BULK_REVIEW_UNIT_6A4D564E712634EB,1,CURRENTLY_UNREVIEWED,POA,de4d99db2150936afcd392449ca1e8f08c2b0c9680bebe286327c3e3bdb33bc5,48dbf685bd93ad727bbcb78822a15602f4117ef477102b356d8bb5ce900c94ad,7,"[[""C1"",0],[""C2"",0],[""O1P"",0],[""O2"",0],[""O2P"",0],[""O3P"",0],[""P"",0]]",false,C2,C,55e43852e5e27f4d3d717d338f8f4cbda3987d8cf91a7cec5fcfcf58f7f326b9,a21a8dadc3ec01af1abf915ef5b61484921619bf1db05d9fea1837dabd9d814b,true,true,WWPDB_CCD_ATOM_ID,36,NO_CURRENT_POSITIVE_SHADOW_MATCH,false,[],[],NO_EXACT_OR_ISOMORPHIC_REFERENCE_MATCH,0,0,{},false,false,false
COVAPIE_CYS_SG_EVENT_V1:4I3V:D:CYS:291-:SG:P:POA:C2,COVAPIE_BULK_REVIEW_UNIT_6A4D564E712634EB,1,CURRENTLY_UNREVIEWED,POA,de4d99db2150936afcd392449ca1e8f08c2b0c9680bebe286327c3e3bdb33bc5,48dbf685bd93ad727bbcb78822a15602f4117ef477102b356d8bb5ce900c94ad,7,"[[""C1"",0],[""C2"",0],[""O1P"",0],[""O2"",0],[""O2P"",0],[""O3P"",0],[""P"",0]]",false,C2,C,55e43852e5e27f4d3d717d338f8f4cbda3987d8cf91a7cec5fcfcf58f7f326b9,a21a8dadc3ec01af1abf915ef5b61484921619bf1db05d9fea1837dabd9d814b,true,true,WWPDB_CCD_ATOM_ID,36,NO_CURRENT_POSITIVE_SHADOW_MATCH,false,[],[],NO_EXACT_OR_ISOMORPHIC_REFERENCE_MATCH,0,0,{},false,false,false
COVAPIE_CYS_SG_EVENT_V1:4I3V:E:CYS:291-:SG:R:POA:C2,COVAPIE_BULK_REVIEW_UNIT_6A4D564E712634EB,1,CURRENTLY_UNREVIEWED,POA,de4d99db2150936afcd392449ca1e8f08c2b0c9680bebe286327c3e3bdb33bc5,48dbf685bd93ad727bbcb78822a15602f4117ef477102b356d8bb5ce900c94ad,7,"[[""C1"",0],[""C2"",0],[""O1P"",0],[""O2"",0],[""O2P"",0],[""O3P"",0],[""P"",0]]",false,C2,C,55e43852e5e27f4d3d717d338f8f4cbda3987d8cf91a7cec5fcfcf58f7f326b9,a21a8dadc3ec01af1abf915ef5b61484921619bf1db05d9fea1837dabd9d814b,true,true,WWPDB_CCD_ATOM_ID,36,NO_CURRENT_POSITIVE_SHADOW_MATCH,false,[],[],NO_EXACT_OR_ISOMORPHIC_REFERENCE_MATCH,0,0,{},false,false,false
COVAPIE_CYS_SG_EVENT_V1:4I3V:F:CYS:291-:SG:T:POA:C2,COVAPIE_BULK_REVIEW_UNIT_6A4D564E712634EB,1,CURRENTLY_UNREVIEWED,POA,de4d99db2150936afcd392449ca1e8f08c2b0c9680bebe286327c3e3bdb33bc5,48dbf685bd93ad727bbcb78822a15602f4117ef477102b356d8bb5ce900c94ad,7,"[[""C1"",0],[""C2"",0],[""O1P"",0],[""O2"",0],[""O2P"",0],[""O3P"",0],[""P"",0]]",false,C2,C,55e43852e5e27f4d3d717d338f8f4cbda3987d8cf91a7cec5fcfcf58f7f326b9,a21a8dadc3ec01af1abf915ef5b61484921619bf1db05d9fea1837dabd9d814b,true,true,WWPDB_CCD_ATOM_ID,36,NO_CURRENT_POSITIVE_SHADOW_MATCH,false,[],[],NO_EXACT_OR_ISOMORPHIC_REFERENCE_MATCH,0,0,{},false,false,false
COVAPIE_CYS_SG_EVENT_V1:4I3V:G:CYS:291-:SG:V:POA:C2,COVAPIE_BULK_REVIEW_UNIT_6A4D564E712634EB,1,CURRENTLY_UNREVIEWED,POA,de4d99db2150936afcd392449ca1e8f08c2b0c9680bebe286327c3e3bdb33bc5,48dbf685bd93ad727bbcb78822a15602f4117ef477102b356d8bb5ce900c94ad,7,"[[""C1"",0],[""C2"",0],[""O1P"",0],[""O2"",0],[""O2P"",0],[""O3P"",0],[""P"",0]]",false,C2,C,55e43852e5e27f4d3d717d338f8f4cbda3987d8cf91a7cec5fcfcf58f7f326b9,a21a8dadc3ec01af1abf915ef5b61484921619bf1db05d9fea1837dabd9d814b,true,true,WWPDB_CCD_ATOM_ID,36,NO_CURRENT_POSITIVE_SHADOW_MATCH,false,[],[],NO_EXACT_OR_ISOMORPHIC_REFERENCE_MATCH,0,0,{},false,false,false
COVAPIE_CYS_SG_EVENT_V1:4I3V:H:CYS:291-:SG:W:POA:C2,COVAPIE_BULK_REVIEW_UNIT_6A4D564E712634EB,1,CURRENTLY_UNREVIEWED,POA,de4d99db2150936afcd392449ca1e8f08c2b0c9680bebe286327c3e3bdb33bc5,48dbf685bd93ad727bbcb78822a15602f4117ef477102b356d8bb5ce900c94ad,7,"[[""C1"",0],[""C2"",0],[""O1P"",0],[""O2"",0],[""O2P"",0],[""O3P"",0],[""P"",0]]",false,C2,C,55e43852e5e27f4d3d717d338f8f4cbda3987d8cf91a7cec5fcfcf58f7f326b9,a21a8dadc3ec01af1abf915ef5b61484921619bf1db05d9fea1837dabd9d814b,true,true,WWPDB_CCD_ATOM_ID,36,NO_CURRENT_POSITIVE_SHADOW_MATCH,false,[],[],NO_EXACT_OR_ISOMORPHIC_REFERENCE_MATCH,0,0,{},false,false,false
COVAPIE_CYS_SG_EVENT_V1:4I3W:A:CYS:291-:SG:I:G3H:C1,COVAPIE_BULK_REVIEW_UNIT_5C788252BB9BA078,7,CURRENTLY_UNREVIEWED,G3H,d7da5fea9892b76c858806940ec56aa921e5a00abe7b31ba06d20acac317c47b,8d8289d7a3792256dbdd0a131c8ccfd0a28e27e03c312d8fce2b3712c0743b11,10,"[[""C1"",0],[""C2"",0],[""C3"",0],[""O1"",0],[""O1P"",0],[""O2"",0],[""O2P"",0],[""O3P"",0],[""O4P"",0],[""P"",0]]",false,C1,C,55e43852e5e27f4d3d717d338f8f4cbda3987d8cf91a7cec5fcfcf58f7f326b9,4317a6c9447fb7aa4ab3046c0d84001e14e30dccaf5872babff070f0d321343a,true,true,WWPDB_CCD_ATOM_ID,36,NO_CURRENT_POSITIVE_SHADOW_MATCH,false,[],[],NO_EXACT_OR_ISOMORPHIC_REFERENCE_MATCH,0,0,{},false,false,false
COVAPIE_CYS_SG_EVENT_V1:4I3W:B:CYS:291-:SG:K:G3H:C1,COVAPIE_BULK_REVIEW_UNIT_5C788252BB9BA078,7,CURRENTLY_UNREVIEWED,G3H,d7da5fea9892b76c858806940ec56aa921e5a00abe7b31ba06d20acac317c47b,8d8289d7a3792256dbdd0a131c8ccfd0a28e27e03c312d8fce2b3712c0743b11,10,"[[""C1"",0],[""C2"",0],[""C3"",0],[""O1"",0],[""O1P"",0],[""O2"",0],[""O2P"",0],[""O3P"",0],[""O4P"",0],[""P"",0]]",false,C1,C,55e43852e5e27f4d3d717d338f8f4cbda3987d8cf91a7cec5fcfcf58f7f326b9,4317a6c9447fb7aa4ab3046c0d84001e14e30dccaf5872babff070f0d321343a,true,true,WWPDB_CCD_ATOM_ID,36,NO_CURRENT_POSITIVE_SHADOW_MATCH,false,[],[],NO_EXACT_OR_ISOMORPHIC_REFERENCE_MATCH,0,0,{},false,false,false
COVAPIE_CYS_SG_EVENT_V1:4I3W:C:CYS:291-:SG:M:G3H:C1,COVAPIE_BULK_REVIEW_UNIT_5C788252BB9BA078,7,CURRENTLY_UNREVIEWED,G3H,d7da5fea9892b76c858806940ec56aa921e5a00abe7b31ba06d20acac317c47b,8d8289d7a3792256dbdd0a131c8ccfd0a28e27e03c312d8fce2b3712c0743b11,10,"[[""C1"",0],[""C2"",0],[""C3"",0],[""O1"",0],[""O1P"",0],[""O2"",0],[""O2P"",0],[""O3P"",0],[""O4P"",0],[""P"",0]]",false,C1,C,55e43852e5e27f4d3d717d338f8f4cbda3987d8cf91a7cec5fcfcf58f7f326b9,4317a6c9447fb7aa4ab3046c0d84001e14e30dccaf5872babff070f0d321343a,true,true,WWPDB_CCD_ATOM_ID,36,NO_CURRENT_POSITIVE_SHADOW_MATCH,false,[],[],NO_EXACT_OR_ISOMORPHIC_REFERENCE_MATCH,0,0,{},false,false,false
COVAPIE_CYS_SG_EVENT_V1:4I3W:D:CYS:291-:SG:O:G3H:C1,COVAPIE_BULK_REVIEW_UNIT_5C788252BB9BA078,7,CURRENTLY_UNREVIEWED,G3H,d7da5fea9892b76c858806940ec56aa921e5a00abe7b31ba06d20acac317c47b,8d8289d7a3792256dbdd0a131c8ccfd0a28e27e03c312d8fce2b3712c0743b11,10,"[[""C1"",0],[""C2"",0],[""C3"",0],[""O1"",0],[""O1P"",0],[""O2"",0],[""O2P"",0],[""O3P"",0],[""O4P"",0],[""P"",0]]",false,C1,C,55e43852e5e27f4d3d717d338f8f4cbda3987d8cf91a7cec5fcfcf58f7f326b9,4317a6c9447fb7aa4ab3046c0d84001e14e30dccaf5872babff070f0d321343a,true,true,WWPDB_CCD_ATOM_ID,36,NO_CURRENT_POSITIVE_SHADOW_MATCH,false,[],[],NO_EXACT_OR_ISOMORPHIC_REFERENCE_MATCH,0,0,{},false,false,false
COVAPIE_CYS_SG_EVENT_V1:4I3W:E:CYS:291-:SG:Q:G3H:C1,COVAPIE_BULK_REVIEW_UNIT_5C788252BB9BA078,7,CURRENTLY_UNREVIEWED,G3H,d7da5fea9892b76c858806940ec56aa921e5a00abe7b31ba06d20acac317c47b,8d8289d7a3792256dbdd0a131c8ccfd0a28e27e03c312d8fce2b3712c0743b11,10,"[[""C1"",0],[""C2"",0],[""C3"",0],[""O1"",0],[""O1P"",0],[""O2"",0],[""O2P"",0],[""O3P"",0],[""O4P"",0],[""P"",0]]",false,C1,C,55e43852e5e27f4d3d717d338f8f4cbda3987d8cf91a7cec5fcfcf58f7f326b9,4317a6c9447fb7aa4ab3046c0d84001e14e30dccaf5872babff070f0d321343a,true,true,WWPDB_CCD_ATOM_ID,36,NO_CURRENT_POSITIVE_SHADOW_MATCH,false,[],[],NO_EXACT_OR_ISOMORPHIC_REFERENCE_MATCH,0,0,{},false,false,false
COVAPIE_CYS_SG_EVENT_V1:4I3W:F:CYS:291-:SG:S:G3H:C1,COVAPIE_BULK_REVIEW_UNIT_5C788252BB9BA078,7,CURRENTLY_UNREVIEWED,G3H,d7da5fea9892b76c858806940ec56aa921e5a00abe7b31ba06d20acac317c47b,8d8289d7a3792256dbdd0a131c8ccfd0a28e27e03c312d8fce2b3712c0743b11,10,"[[""C1"",0],[""C2"",0],[""C3"",0],[""O1"",0],[""O1P"",0],[""O2"",0],[""O2P"",0],[""O3P"",0],[""O4P"",0],[""P"",0]]",false,C1,C,55e43852e5e27f4d3d717d338f8f4cbda3987d8cf91a7cec5fcfcf58f7f326b9,4317a6c9447fb7aa4ab3046c0d84001e14e30dccaf5872babff070f0d321343a,true,true,WWPDB_CCD_ATOM_ID,36,NO_CURRENT_POSITIVE_SHADOW_MATCH,false,[],[],NO_EXACT_OR_ISOMORPHIC_REFERENCE_MATCH,0,0,{},false,false,false
COVAPIE_CYS_SG_EVENT_V1:4I3W:G:CYS:291-:SG:U:G3H:C1,COVAPIE_BULK_REVIEW_UNIT_5C788252BB9BA078,7,CURRENTLY_UNREVIEWED,G3H,d7da5fea9892b76c858806940ec56aa921e5a00abe7b31ba06d20acac317c47b,8d8289d7a3792256dbdd0a131c8ccfd0a28e27e03c312d8fce2b3712c0743b11,10,"[[""C1"",0],[""C2"",0],[""C3"",0],[""O1"",0],[""O1P"",0],[""O2"",0],[""O2P"",0],[""O3P"",0],[""O4P"",0],[""P"",0]]",false,C1,C,55e43852e5e27f4d3d717d338f8f4cbda3987d8cf91a7cec5fcfcf58f7f326b9,4317a6c9447fb7aa4ab3046c0d84001e14e30dccaf5872babff070f0d321343a,true,true,WWPDB_CCD_ATOM_ID,36,NO_CURRENT_POSITIVE_SHADOW_MATCH,false,[],[],NO_EXACT_OR_ISOMORPHIC_REFERENCE_MATCH,0,0,{},false,false,false
COVAPIE_CYS_SG_EVENT_V1:4I3W:H:CYS:291-:SG:W:G3H:C1,COVAPIE_BULK_REVIEW_UNIT_5C788252BB9BA078,7,CURRENTLY_UNREVIEWED,G3H,d7da5fea9892b76c858806940ec56aa921e5a00abe7b31ba06d20acac317c47b,8d8289d7a3792256dbdd0a131c8ccfd0a28e27e03c312d8fce2b3712c0743b11,10,"[[""C1"",0],[""C2"",0],[""C3"",0],[""O1"",0],[""O1P"",0],[""O2"",0],[""O2P"",0],[""O3P"",0],[""O4P"",0],[""P"",0]]",false,C1,C,55e43852e5e27f4d3d717d338f8f4cbda3987d8cf91a7cec5fcfcf58f7f326b9,4317a6c9447fb7aa4ab3046c0d84001e14e30dccaf5872babff070f0d321343a,true,true,WWPDB_CCD_ATOM_ID,36,NO_CURRENT_POSITIVE_SHADOW_MATCH,false,[],[],NO_EXACT_OR_ISOMORPHIC_REFERENCE_MATCH,0,0,{},false,false,false
COVAPIE_CYS_SG_EVENT_V1:4I9B:A:CYS:295-:SG:G:1KA:C1,COVAPIE_BULK_REVIEW_UNIT_A92A7A2291EA5E7E,119,CURRENTLY_UNREVIEWED,1KA,85781c8441651f002c30ac0c0029181ee4343327873dfab14f64435e018a0c6d,68cb5ae5916af7c49ef4ae6ef07314aaee3ea13d04f09bdfb4f054f597bce2be,7,"[[""C1"",0],[""C2"",0],[""C3"",0],[""C4"",0],[""O1"",0],[""O2"",0],[""O4"",0]]",false,C1,C,55e43852e5e27f4d3d717d338f8f4cbda3987d8cf91a7cec5fcfcf58f7f326b9,6c04a9aaf44942345478a1e001e58748ef3e577222d95ac98aa9e7a3c899d6e9,true,true,WWPDB_CCD_ATOM_ID,36,NO_CURRENT_POSITIVE_SHADOW_MATCH,false,[],[],NO_EXACT_OR_ISOMORPHIC_REFERENCE_MATCH,0,0,{},false,false,false
COVAPIE_CYS_SG_EVENT_V1:4I9O:A:CYS:664-:SG:B:KI1:S,COVAPIE_BULK_REVIEW_UNIT_719D7A632D886CAD,107,CURRENTLY_UNREVIEWED,KI1,4e5cceaa98b8d11b06a99068408a89689c195e47b8e47839e3dbfc2afaab6a33,37348d6446c7ad741498b164bbc497b0e600deaaa978695e735f1e019e707d39,23,"[[""C1"",0],[""C10"",0],[""C11"",0],[""C12"",0],[""C13"",0],[""C14"",0],[""C15"",0],[""C2"",0],[""C3"",0],[""C4"",0],[""C5"",0],[""C6"",0],[""C7"",0],[""C8"",0],[""C9"",0],[""CL"",0],[""F1"",0],[""F2"",0],[""F3"",0],[""N"",0],[""O1"",0],[""O2"",0],[""S"",0]]",false,S,S,e6ca1bc51fe2e6a441cee743e1e8351ac9e24a449cfdb678c4db60c12eec33b8,faffb9025d78c584582ffa19fda6801bc22e0f9e68def174a0a1683f1d7cb5aa,true,true,WWPDB_CCD_ATOM_ID,36,NO_CURRENT_POSITIVE_SHADOW_MATCH,false,[],[],NO_EXACT_OR_ISOMORPHIC_REFERENCE_MATCH,0,0,{},false,false,false
COVAPIE_CYS_SG_EVENT_V1:4ITB:A:CYS:262-:SG:D:SSN:C4,COVAPIE_BULK_REVIEW_UNIT_3895CEC8F2581B1B,46,CURRENTLY_UNREVIEWED,SSN,ccae67ae499cc3bcc03083400282faf33d8a9df2113c83f6418b53d460adb589,18425df47ac4ac76dbf7e34b3d6570b6a2d669560faf5cf816355da1a702642f,7,"[[""C1"",0],[""C2"",0],[""C3"",0],[""C4"",0],[""O1"",0],[""O2"",0],[""O4"",0]]",false,C4,C,55e43852e5e27f4d3d717d338f8f4cbda3987d8cf91a7cec5fcfcf58f7f326b9,5de7816ade2ebe1104e23dcc6a577f9f90d14a880c49a38bb54e7de4c448953f,true,true,WWPDB_CCD_ATOM_ID,36,NO_CURRENT_POSITIVE_SHADOW_MATCH,false,[],[],NO_EXACT_OR_ISOMORPHIC_REFERENCE_MATCH,0,0,{},false,false,false
COVAPIE_CYS_SG_EVENT_V1:4ITB:B:CYS:262-:SG:S:SSN:C4,COVAPIE_BULK_REVIEW_UNIT_3895CEC8F2581B1B,46,CURRENTLY_UNREVIEWED,SSN,ccae67ae499cc3bcc03083400282faf33d8a9df2113c83f6418b53d460adb589,18425df47ac4ac76dbf7e34b3d6570b6a2d669560faf5cf816355da1a702642f,7,"[[""C1"",0],[""C2"",0],[""C3"",0],[""C4"",0],[""O1"",0],[""O2"",0],[""O4"",0]]",false,C4,C,55e43852e5e27f4d3d717d338f8f4cbda3987d8cf91a7cec5fcfcf58f7f326b9,5de7816ade2ebe1104e23dcc6a577f9f90d14a880c49a38bb54e7de4c448953f,true,true,WWPDB_CCD_ATOM_ID,36,NO_CURRENT_POSITIVE_SHADOW_MATCH,false,[],[],NO_EXACT_OR_ISOMORPHIC_REFERENCE_MATCH,0,0,{},false,false,false
COVAPIE_CYS_SG_EVENT_V1:4JAO:B:CYS:138-:SG:F:JAO:CAE,COVAPIE_BULK_REVIEW_UNIT_F8C2FA4310FD8EEF,85,CURRENTLY_UNREVIEWED,JAO,8071423a3adade81df65247ae4ed4b37e2f61d678280b09fc8ee1d092ff356b8,bf1e0abd097211935de089aef6ee8a0beb2a0f0bb38b6cbaa8857560cacd412b,19,"[[""CAB"",0],[""CAE"",0],[""CAF"",0],[""CAG"",0],[""CAH"",0],[""CAI"",0],[""CAJ"",0],[""CAK"",0],[""CAL"",0],[""CAM"",0],[""CAN"",0],[""CAO"",0],[""CAP"",0],[""CAQ"",0],[""CAR"",0],[""CAS"",0],[""CAT"",0],[""CAU"",0],[""O3"",0]]",false,CAE,C,6640297989eb0bea53d9ea479366da0a85b814f464788a15e1152c9600e47ae3,de1fa80bb823ecf6176c7665a567937001926d08e04094ed3bb15805959b1d60,true,true,WWPDB_CCD_ATOM_ID,36,NO_CURRENT_POSITIVE_SHADOW_MATCH,false,[],[],NO_EXACT_OR_ISOMORPHIC_REFERENCE_MATCH,0,0,{},false,false,false
COVAPIE_CYS_SG_EVENT_V1:4JAO:C:CYS:138-:SG:G:JAO:CAE,COVAPIE_BULK_REVIEW_UNIT_F8C2FA4310FD8EEF,85,CURRENTLY_UNREVIEWED,JAO,8071423a3adade81df65247ae4ed4b37e2f61d678280b09fc8ee1d092ff356b8,bf1e0abd097211935de089aef6ee8a0beb2a0f0bb38b6cbaa8857560cacd412b,19,"[[""CAB"",0],[""CAE"",0],[""CAF"",0],[""CAG"",0],[""CAH"",0],[""CAI"",0],[""CAJ"",0],[""CAK"",0],[""CAL"",0],[""CAM"",0],[""CAN"",0],[""CAO"",0],[""CAP"",0],[""CAQ"",0],[""CAR"",0],[""CAS"",0],[""CAT"",0],[""CAU"",0],[""O3"",0]]",false,CAE,C,6640297989eb0bea53d9ea479366da0a85b814f464788a15e1152c9600e47ae3,de1fa80bb823ecf6176c7665a567937001926d08e04094ed3bb15805959b1d60,true,true,WWPDB_CCD_ATOM_ID,36,NO_CURRENT_POSITIVE_SHADOW_MATCH,false,[],[],NO_EXACT_OR_ISOMORPHIC_REFERENCE_MATCH,0,0,{},false,false,false
COVAPIE_CYS_SG_EVENT_V1:4JG6:A:CYS:436-:SG:B:1LB:C07,COVAPIE_BULK_REVIEW_UNIT_9040B09311648152,113,CURRENTLY_UNREVIEWED,1LB,d951d26b7fe31858f441d60cdff533f31f61642d86181d0c1d760880ac711d3b,e5c8e7a662df8fa445efd49f3b2a1691d9cf01d6f123e6005464af82474901ee,16,"[[""C01"",0],[""C02"",0],[""C04"",0],[""C07"",0],[""C08"",0],[""C09"",0],[""C10"",0],[""C11"",0],[""C14"",0],[""C15"",0],[""C16"",0],[""N03"",0],[""N05"",0],[""N12"",0],[""N13"",0],[""O06"",0]]",false,C07,C,,,true,true,WWPDB_CCD_ATOM_ID,36,NO_CURRENT_POSITIVE_SHADOW_MATCH,false,[],[],NO_EXACT_OR_ISOMORPHIC_REFERENCE_MATCH,0,0,{},false,false,false
COVAPIE_CYS_SG_EVENT_V1:4JG7:A:CYS:436-:SG:B:1LC:C06,COVAPIE_BULK_REVIEW_UNIT_B94F674E372C01E2,123,CURRENTLY_UNREVIEWED,1LC,45bfd4a3a7b69fc0c79ea26cac257700334da5afecb18eade5197837d7b624e2,c488c54f46ac0d4215853c114bad2e5160af9f17eacff0f5c2685af74b71599c,24,"[[""C02"",0],[""C03"",0],[""C04"",0],[""C05"",0],[""C06"",0],[""C07"",0],[""C08"",0],[""C10"",0],[""C13"",0],[""C14"",0],[""C15"",0],[""C16"",0],[""C17"",0],[""C19"",0],[""C21"",0],[""C22"",0],[""C23"",0],[""C24"",0],[""N09"",0],[""N11"",0],[""N18"",0],[""N20"",0],[""O01"",0],[""O12"",0]]",false,C06,C,,,true,true,WWPDB_CCD_ATOM_ID,36,NO_CURRENT_POSITIVE_SHADOW_MATCH,false,[],[],NO_EXACT_OR_ISOMORPHIC_REFERENCE_MATCH,0,0,{},false,false,false
COVAPIE_CYS_SG_EVENT_V1:4JG8:A:CYS:436-:SG:B:1LE:C12,COVAPIE_BULK_REVIEW_UNIT_C2CF563B5AA6CD83,125,CURRENTLY_UNREVIEWED,1LE,2916a4c38cd22ce4606094b0f328d42781b4dbabe86ce95a7365af2430768fd0,3623aae48c8e6b2cab349c0f1a511589d8880e36cbb6a4d70ad2779bb6f6a182,33,"[[""C02"",0],[""C04"",0],[""C05"",0],[""C06"",0],[""C07"",0],[""C09"",0],[""C10"",0],[""C12"",0],[""C13"",0],[""C14"",0],[""C15"",0],[""C16"",0],[""C19"",0],[""C20"",0],[""C21"",0],[""C22"",0],[""C24"",0],[""C25"",0],[""C27"",0],[""C28"",0],[""C30"",0],[""C31"",0],[""C32"",0],[""C33"",0],[""N03"",0],[""N11"",0],[""N17"",0],[""N18"",0],[""O01"",0],[""O08"",0],[""O23"",0],[""O26"",0],[""O29"",0]]",false,C12,C,,,true,true,WWPDB_CCD_ATOM_ID,36,NO_CURRENT_POSITIVE_SHADOW_MATCH,false,[],[],NO_EXACT_OR_ISOMORPHIC_REFERENCE_MATCH,0,0,{},false,false,false
COVAPIE_CYS_SG_EVENT_V1:4JWS:C:CYS:73-:SG:G:1N0:C16,COVAPIE_BULK_REVIEW_UNIT_80FE8023FD901B01,18,CURRENTLY_UNREVIEWED,1N0,331316aa55c9b55974e935df314b4768d9d8f0245d36ce32c3fbae9e20694800,59ecf3e306ed561201946615a8b0925d3959380d1a1570ef8e3a94a5a712f6c6,20,"[[""C1"",0],[""C10"",0],[""C11"",0],[""C12"",0],[""C13"",0],[""C15"",0],[""C16"",0],[""C17"",0],[""C18"",0],[""C2"",0],[""C3"",0],[""C5"",0],[""C8"",0],[""C9"",0],[""N14"",0],[""N4"",0],[""O19"",0],[""O20"",0],[""O6"",0],[""O7"",0]]",false,C16,C,d2671534b0762c2541e105e7ff6bff1377db0f8f49fb932ad12463c7cf42f909,0f95f50099dfd6703ccedefae393196c7793cf15ca10c350eba3d884b1e71d81,true,true,WWPDB_CCD_ATOM_ID,36,NO_CURRENT_POSITIVE_SHADOW_MATCH,false,[],[],NO_EXACT_OR_ISOMORPHIC_REFERENCE_MATCH,0,0,{},false,false,false
COVAPIE_CYS_SG_EVENT_V1:4JWS:D:CYS:73-:SG:J:1N0:C16,COVAPIE_BULK_REVIEW_UNIT_80FE8023FD901B01,18,CURRENTLY_UNREVIEWED,1N0,331316aa55c9b55974e935df314b4768d9d8f0245d36ce32c3fbae9e20694800,59ecf3e306ed561201946615a8b0925d3959380d1a1570ef8e3a94a5a712f6c6,20,"[[""C1"",0],[""C10"",0],[""C11"",0],[""C12"",0],[""C13"",0],[""C15"",0],[""C16"",0],[""C17"",0],[""C18"",0],[""C2"",0],[""C3"",0],[""C5"",0],[""C8"",0],[""C9"",0],[""N14"",0],[""N4"",0],[""O19"",0],[""O20"",0],[""O6"",0],[""O7"",0]]",false,C16,C,d2671534b0762c2541e105e7ff6bff1377db0f8f49fb932ad12463c7cf42f909,0f95f50099dfd6703ccedefae393196c7793cf15ca10c350eba3d884b1e71d81,true,true,WWPDB_CCD_ATOM_ID,36,NO_CURRENT_POSITIVE_SHADOW_MATCH,false,[],[],NO_EXACT_OR_ISOMORPHIC_REFERENCE_MATCH,0,0,{},false,false,false
COVAPIE_CYS_SG_EVENT_V1:4JWU:A:CYS:344-:SG:G:1N0:C2,COVAPIE_BULK_REVIEW_UNIT_D60E67E860A87B24,80,CURRENTLY_UNREVIEWED,1N0,331316aa55c9b55974e935df314b4768d9d8f0245d36ce32c3fbae9e20694800,59ecf3e306ed561201946615a8b0925d3959380d1a1570ef8e3a94a5a712f6c6,20,"[[""C1"",0],[""C10"",0],[""C11"",0],[""C12"",0],[""C13"",0],[""C15"",0],[""C16"",0],[""C17"",0],[""C18"",0],[""C2"",0],[""C3"",0],[""C5"",0],[""C8"",0],[""C9"",0],[""N14"",0],[""N4"",0],[""O19"",0],[""O20"",0],[""O6"",0],[""O7"",0]]",false,C2,C,d2671534b0762c2541e105e7ff6bff1377db0f8f49fb932ad12463c7cf42f909,0f95f50099dfd6703ccedefae393196c7793cf15ca10c350eba3d884b1e71d81,true,true,WWPDB_CCD_ATOM_ID,36,NO_CURRENT_POSITIVE_SHADOW_MATCH,false,[],[],NO_EXACT_OR_ISOMORPHIC_REFERENCE_MATCH,0,0,{},false,false,false
COVAPIE_CYS_SG_EVENT_V1:4JWU:C:CYS:19-:SG:G:1N0:C16,COVAPIE_BULK_REVIEW_UNIT_80FE8023FD901B01,18,CURRENTLY_UNREVIEWED,1N0,331316aa55c9b55974e935df314b4768d9d8f0245d36ce32c3fbae9e20694800,59ecf3e306ed561201946615a8b0925d3959380d1a1570ef8e3a94a5a712f6c6,20,"[[""C1"",0],[""C10"",0],[""C11"",0],[""C12"",0],[""C13"",0],[""C15"",0],[""C16"",0],[""C17"",0],[""C18"",0],[""C2"",0],[""C3"",0],[""C5"",0],[""C8"",0],[""C9"",0],[""N14"",0],[""N4"",0],[""O19"",0],[""O20"",0],[""O6"",0],[""O7"",0]]",false,C16,C,d2671534b0762c2541e105e7ff6bff1377db0f8f49fb932ad12463c7cf42f909,0f95f50099dfd6703ccedefae393196c7793cf15ca10c350eba3d884b1e71d81,true,true,WWPDB_CCD_ATOM_ID,36,NO_CURRENT_POSITIVE_SHADOW_MATCH,false,[],[],NO_EXACT_OR_ISOMORPHIC_REFERENCE_MATCH,0,0,{},false,false,false
COVAPIE_CYS_SG_EVENT_V1:4JX1:E:CYS:344-:SG:U:1N0:C2,COVAPIE_BULK_REVIEW_UNIT_D60E67E860A87B24,80,CURRENTLY_UNREVIEWED,1N0,331316aa55c9b55974e935df314b4768d9d8f0245d36ce32c3fbae9e20694800,59ecf3e306ed561201946615a8b0925d3959380d1a1570ef8e3a94a5a712f6c6,20,"[[""C1"",0],[""C10"",0],[""C11"",0],[""C12"",0],[""C13"",0],[""C15"",0],[""C16"",0],[""C17"",0],[""C18"",0],[""C2"",0],[""C3"",0],[""C5"",0],[""C8"",0],[""C9"",0],[""N14"",0],[""N4"",0],[""O19"",0],[""O20"",0],[""O6"",0],[""O7"",0]]",false,C2,C,d2671534b0762c2541e105e7ff6bff1377db0f8f49fb932ad12463c7cf42f909,0f95f50099dfd6703ccedefae393196c7793cf15ca10c350eba3d884b1e71d81,true,true,WWPDB_CCD_ATOM_ID,36,NO_CURRENT_POSITIVE_SHADOW_MATCH,false,[],[],NO_EXACT_OR_ISOMORPHIC_REFERENCE_MATCH,0,0,{},false,false,false
COVAPIE_CYS_SG_EVENT_V1:4JX1:G:CYS:19-:SG:U:1N0:C16,COVAPIE_BULK_REVIEW_UNIT_80FE8023FD901B01,18,CURRENTLY_UNREVIEWED,1N0,331316aa55c9b55974e935df314b4768d9d8f0245d36ce32c3fbae9e20694800,59ecf3e306ed561201946615a8b0925d3959380d1a1570ef8e3a94a5a712f6c6,20,"[[""C1"",0],[""C10"",0],[""C11"",0],[""C12"",0],[""C13"",0],[""C15"",0],[""C16"",0],[""C17"",0],[""C18"",0],[""C2"",0],[""C3"",0],[""C5"",0],[""C8"",0],[""C9"",0],[""N14"",0],[""N4"",0],[""O19"",0],[""O20"",0],[""O6"",0],[""O7"",0]]",false,C16,C,d2671534b0762c2541e105e7ff6bff1377db0f8f49fb932ad12463c7cf42f909,0f95f50099dfd6703ccedefae393196c7793cf15ca10c350eba3d884b1e71d81,true,true,WWPDB_CCD_ATOM_ID,36,NO_CURRENT_POSITIVE_SHADOW_MATCH,false,[],[],NO_EXACT_OR_ISOMORPHIC_REFERENCE_MATCH,0,0,{},false,false,false
COVAPIE_CYS_SG_EVENT_V1:4LL0:A:CYS:797-:SG:C:YUN:CAN,COVAPIE_BULK_REVIEW_UNIT_1138FFC288DFD03D,9,CURRENTLY_UNREVIEWED,YUN,82c789e6eedb2e2df290172c47fe7c76a78eb80e12de83ce07bf48ba89561e6d,cb2fd04fe4d6b849db7e19d783d46fac67449776da9f87551dbcc486731fc372,23,"[[""BR"",0],[""C2"",0],[""C4"",0],[""C5"",0],[""C6"",0],[""CAF"",0],[""CAH"",0],[""CAI"",0],[""CAJ"",0],[""CAK"",0],[""CAL"",0],[""CAM"",0],[""CAN"",0],[""CAO"",0],[""CAW"",0],[""CAX"",0],[""CAY"",0],[""CAZ"",0],[""N1"",0],[""N3"",0],[""NAS"",0],[""NAT"",0],[""OAC"",0]]",false,CAN,C,270399e12813ee583716a9b98b14a3a92b0ff33679d916e098ea8dd5a3862b15,c64c53e805a2130467e927da648b4c47c53c567272dca15dbd6018872d10ff3a,true,true,WWPDB_CCD_ATOM_ID,36,NO_CURRENT_POSITIVE_SHADOW_MATCH,false,[],[],NO_EXACT_OR_ISOMORPHIC_REFERENCE_MATCH,0,0,{},false,false,false
COVAPIE_CYS_SG_EVENT_V1:4LL0:B:CYS:797-:SG:D:YUN:CAN,COVAPIE_BULK_REVIEW_UNIT_1138FFC288DFD03D,9,CURRENTLY_UNREVIEWED,YUN,82c789e6eedb2e2df290172c47fe7c76a78eb80e12de83ce07bf48ba89561e6d,cb2fd04fe4d6b849db7e19d783d46fac67449776da9f87551dbcc486731fc372,23,"[[""BR"",0],[""C2"",0],[""C4"",0],[""C5"",0],[""C6"",0],[""CAF"",0],[""CAH"",0],[""CAI"",0],[""CAJ"",0],[""CAK"",0],[""CAL"",0],[""CAM"",0],[""CAN"",0],[""CAO"",0],[""CAW"",0],[""CAX"",0],[""CAY"",0],[""CAZ"",0],[""N1"",0],[""N3"",0],[""NAS"",0],[""NAT"",0],[""OAC"",0]]",false,CAN,C,270399e12813ee583716a9b98b14a3a92b0ff33679d916e098ea8dd5a3862b15,c64c53e805a2130467e927da648b4c47c53c567272dca15dbd6018872d10ff3a,true,true,WWPDB_CCD_ATOM_ID,36,NO_CURRENT_POSITIVE_SHADOW_MATCH,false,[],[],NO_EXACT_OR_ISOMORPHIC_REFERENCE_MATCH,0,0,{},false,false,false
COVAPIE_CYS_SG_EVENT_V1:4LRM:A:CYS:800-:SG:F:YUN:CAN,COVAPIE_BULK_REVIEW_UNIT_1138FFC288DFD03D,9,CURRENTLY_UNREVIEWED,YUN,82c789e6eedb2e2df290172c47fe7c76a78eb80e12de83ce07bf48ba89561e6d,cb2fd04fe4d6b849db7e19d783d46fac67449776da9f87551dbcc486731fc372,23,"[[""BR"",0],[""C2"",0],[""C4"",0],[""C5"",0],[""C6"",0],[""CAF"",0],[""CAH"",0],[""CAI"",0],[""CAJ"",0],[""CAK"",0],[""CAL"",0],[""CAM"",0],[""CAN"",0],[""CAO"",0],[""CAW"",0],[""CAX"",0],[""CAY"",0],[""CAZ"",0],[""N1"",0],[""N3"",0],[""NAS"",0],[""NAT"",0],[""OAC"",0]]",false,CAN,C,270399e12813ee583716a9b98b14a3a92b0ff33679d916e098ea8dd5a3862b15,c64c53e805a2130467e927da648b4c47c53c567272dca15dbd6018872d10ff3a,true,true,WWPDB_CCD_ATOM_ID,36,NO_CURRENT_POSITIVE_SHADOW_MATCH,false,[],[],NO_EXACT_OR_ISOMORPHIC_REFERENCE_MATCH,0,0,{},false,false,false
COVAPIE_CYS_SG_EVENT_V1:4LRM:B:CYS:800-:SG:G:YUN:CAN,COVAPIE_BULK_REVIEW_UNIT_1138FFC288DFD03D,9,CURRENTLY_UNREVIEWED,YUN,82c789e6eedb2e2df290172c47fe7c76a78eb80e12de83ce07bf48ba89561e6d,cb2fd04fe4d6b849db7e19d783d46fac67449776da9f87551dbcc486731fc372,23,"[[""BR"",0],[""C2"",0],[""C4"",0],[""C5"",0],[""C6"",0],[""CAF"",0],[""CAH"",0],[""CAI"",0],[""CAJ"",0],[""CAK"",0],[""CAL"",0],[""CAM"",0],[""CAN"",0],[""CAO"",0],[""CAW"",0],[""CAX"",0],[""CAY"",0],[""CAZ"",0],[""N1"",0],[""N3"",0],[""NAS"",0],[""NAT"",0],[""OAC"",0]]",false,CAN,C,270399e12813ee583716a9b98b14a3a92b0ff33679d916e098ea8dd5a3862b15,c64c53e805a2130467e927da648b4c47c53c567272dca15dbd6018872d10ff3a,true,true,WWPDB_CCD_ATOM_ID,36,NO_CURRENT_POSITIVE_SHADOW_MATCH,false,[],[],NO_EXACT_OR_ISOMORPHIC_REFERENCE_MATCH,0,0,{},false,false,false
COVAPIE_CYS_SG_EVENT_V1:4LRM:C:CYS:800-:SG:H:YUN:CAN,COVAPIE_BULK_REVIEW_UNIT_1138FFC288DFD03D,9,CURRENTLY_UNREVIEWED,YUN,82c789e6eedb2e2df290172c47fe7c76a78eb80e12de83ce07bf48ba89561e6d,cb2fd04fe4d6b849db7e19d783d46fac67449776da9f87551dbcc486731fc372,23,"[[""BR"",0],[""C2"",0],[""C4"",0],[""C5"",0],[""C6"",0],[""CAF"",0],[""CAH"",0],[""CAI"",0],[""CAJ"",0],[""CAK"",0],[""CAL"",0],[""CAM"",0],[""CAN"",0],[""CAO"",0],[""CAW"",0],[""CAX"",0],[""CAY"",0],[""CAZ"",0],[""N1"",0],[""N3"",0],[""NAS"",0],[""NAT"",0],[""OAC"",0]]",false,CAN,C,270399e12813ee583716a9b98b14a3a92b0ff33679d916e098ea8dd5a3862b15,c64c53e805a2130467e927da648b4c47c53c567272dca15dbd6018872d10ff3a,true,true,WWPDB_CCD_ATOM_ID,36,NO_CURRENT_POSITIVE_SHADOW_MATCH,false,[],[],NO_EXACT_OR_ISOMORPHIC_REFERENCE_MATCH,0,0,{},false,false,false
COVAPIE_CYS_SG_EVENT_V1:4LRM:D:CYS:800-:SG:I:YUN:CAN,COVAPIE_BULK_REVIEW_UNIT_1138FFC288DFD03D,9,CURRENTLY_UNREVIEWED,YUN,82c789e6eedb2e2df290172c47fe7c76a78eb80e12de83ce07bf48ba89561e6d,cb2fd04fe4d6b849db7e19d783d46fac67449776da9f87551dbcc486731fc372,23,"[[""BR"",0],[""C2"",0],[""C4"",0],[""C5"",0],[""C6"",0],[""CAF"",0],[""CAH"",0],[""CAI"",0],[""CAJ"",0],[""CAK"",0],[""CAL"",0],[""CAM"",0],[""CAN"",0],[""CAO"",0],[""CAW"",0],[""CAX"",0],[""CAY"",0],[""CAZ"",0],[""N1"",0],[""N3"",0],[""NAS"",0],[""NAT"",0],[""OAC"",0]]",false,CAN,C,270399e12813ee583716a9b98b14a3a92b0ff33679d916e098ea8dd5a3862b15,c64c53e805a2130467e927da648b4c47c53c567272dca15dbd6018872d10ff3a,true,true,WWPDB_CCD_ATOM_ID,36,NO_CURRENT_POSITIVE_SHADOW_MATCH,false,[],[],NO_EXACT_OR_ISOMORPHIC_REFERENCE_MATCH,0,0,{},false,false,false
COVAPIE_CYS_SG_EVENT_V1:4LRM:E:CYS:800-:SG:J:YUN:CAN,COVAPIE_BULK_REVIEW_UNIT_1138FFC288DFD03D,9,CURRENTLY_UNREVIEWED,YUN,82c789e6eedb2e2df290172c47fe7c76a78eb80e12de83ce07bf48ba89561e6d,cb2fd04fe4d6b849db7e19d783d46fac67449776da9f87551dbcc486731fc372,23,"[[""BR"",0],[""C2"",0],[""C4"",0],[""C5"",0],[""C6"",0],[""CAF"",0],[""CAH"",0],[""CAI"",0],[""CAJ"",0],[""CAK"",0],[""CAL"",0],[""CAM"",0],[""CAN"",0],[""CAO"",0],[""CAW"",0],[""CAX"",0],[""CAY"",0],[""CAZ"",0],[""N1"",0],[""N3"",0],[""NAS"",0],[""NAT"",0],[""OAC"",0]]",false,CAN,C,270399e12813ee583716a9b98b14a3a92b0ff33679d916e098ea8dd5a3862b15,c64c53e805a2130467e927da648b4c47c53c567272dca15dbd6018872d10ff3a,true,true,WWPDB_CCD_ATOM_ID,36,NO_CURRENT_POSITIVE_SHADOW_MATCH,false,[],[],NO_EXACT_OR_ISOMORPHIC_REFERENCE_MATCH,0,0,{},false,false,false
COVAPIE_CYS_SG_EVENT_V1:4LS8:A:CYS:164-:SG:C:1XG:C3,COVAPIE_BULK_REVIEW_UNIT_8B9A718D21F20B7D,65,CURRENTLY_UNREVIEWED,1XG,6a22499c88f3402ff7dc1e0863377ac95cc0087ccd397d2528868b3ff65d3406,46a012d149cb5d0d7824a5f89b3ac55a276f791adce7bb1c85e7377e4af2d9b7,16,"[[""C1"",0],[""C10"",0],[""C11"",0],[""C12"",0],[""C2"",0],[""C3"",0],[""C4"",0],[""C5"",0],[""C6"",0],[""C7"",0],[""C8"",0],[""C9"",0],[""N1"",0],[""O1"",0],[""O2"",0],[""O3"",0]]",false,C3,C,5798309e205193cdafce08c52ada6271b2d6c4916926f95293aa77032bc48a12,883057365c238bad4c571bd092dd8506bdc9ca43ac387f7e04341a77503a343b,true,true,WWPDB_CCD_ATOM_ID,36,NO_CURRENT_POSITIVE_SHADOW_MATCH,false,[],[],NO_EXACT_OR_ISOMORPHIC_REFERENCE_MATCH,0,0,{},false,false,false
COVAPIE_CYS_SG_EVENT_V1:4LS8:B:CYS:164-:SG:J:1XG:C3,COVAPIE_BULK_REVIEW_UNIT_8B9A718D21F20B7D,65,CURRENTLY_UNREVIEWED,1XG,6a22499c88f3402ff7dc1e0863377ac95cc0087ccd397d2528868b3ff65d3406,46a012d149cb5d0d7824a5f89b3ac55a276f791adce7bb1c85e7377e4af2d9b7,16,"[[""C1"",0],[""C10"",0],[""C11"",0],[""C12"",0],[""C2"",0],[""C3"",0],[""C4"",0],[""C5"",0],[""C6"",0],[""C7"",0],[""C8"",0],[""C9"",0],[""N1"",0],[""O1"",0],[""O2"",0],[""O3"",0]]",false,C3,C,5798309e205193cdafce08c52ada6271b2d6c4916926f95293aa77032bc48a12,883057365c238bad4c571bd092dd8506bdc9ca43ac387f7e04341a77503a343b,true,true,WWPDB_CCD_ATOM_ID,36,NO_CURRENT_POSITIVE_SHADOW_MATCH,false,[],[],NO_EXACT_OR_ISOMORPHIC_REFERENCE_MATCH,0,0,{},false,false,false
COVAPIE_CYS_SG_EVENT_V1:4MAO:A:CYS:436-:SG:B:28D:C09,COVAPIE_BULK_REVIEW_UNIT_82EEF3B33E6C2CFA,109,CURRENTLY_UNREVIEWED,28D,23afd5c3e8c4b4e6c14a935b42f961ea17866770d4bb2c4c3d6c2978ebf00605,505ff95add3514c6710264418b3d9d19fda51b143af0cb6215c5a7132679a315,30,"[[""C01"",0],[""C02"",0],[""C05"",0],[""C07"",0],[""C09"",0],[""C10"",0],[""C11"",0],[""C12"",0],[""C13"",0],[""C16"",0],[""C17"",0],[""C18"",0],[""C19"",0],[""C21"",0],[""C22"",0],[""C24"",0],[""C25"",0],[""C27"",0],[""C28"",0],[""C29"",0],[""C30"",0],[""N03"",0],[""N04"",0],[""N06"",0],[""N08"",0],[""N14"",0],[""N15"",0],[""O20"",0],[""O23"",0],[""O26"",0]]",false,C09,C,,,true,true,WWPDB_CCD_ATOM_ID,36,NO_CURRENT_POSITIVE_SHADOW_MATCH,false,[],[],NO_EXACT_OR_ISOMORPHIC_REFERENCE_MATCH,0,0,{},false,false,false
COVAPIE_CYS_SG_EVENT_V1:4MNX:B:CYS:12-:SG:F:29N:C16,COVAPIE_BULK_REVIEW_UNIT_8768356AAF93FAA4,110,CURRENTLY_UNREVIEWED,29N,349522754cee18b75992685ee8f0be50fbb06cf5b716e314ed39a17aeb09f086,e8d502ce9f1c0b6e0c679ece5bd044dd44c7eba5f3478d21a34d7cd3cc5905eb,18,"[[""C10"",0],[""C11"",0],[""C13"",0],[""C14"",0],[""C16"",0],[""C19"",0],[""C2"",0],[""C25"",0],[""C4"",0],[""C6"",0],[""C7"",0],[""C8"",0],[""N1"",0],[""N3"",0],[""N5"",0],[""O12"",0],[""O15"",0],[""O9"",0]]",false,C16,C,270399e12813ee583716a9b98b14a3a92b0ff33679d916e098ea8dd5a3862b15,c64c53e805a2130467e927da648b4c47c53c567272dca15dbd6018872d10ff3a,true,true,WWPDB_CCD_ATOM_ID,36,NO_CURRENT_POSITIVE_SHADOW_MATCH,false,[],[],NO_EXACT_OR_ISOMORPHIC_REFERENCE_MATCH,0,0,{},false,false,false
COVAPIE_CYS_SG_EVENT_V1:4MNX:B:CYS:2-:SG:F:29N:C19,COVAPIE_BULK_REVIEW_UNIT_4453BD6F0D2F7A65,101,CURRENTLY_UNREVIEWED,29N,349522754cee18b75992685ee8f0be50fbb06cf5b716e314ed39a17aeb09f086,e8d502ce9f1c0b6e0c679ece5bd044dd44c7eba5f3478d21a34d7cd3cc5905eb,18,"[[""C10"",0],[""C11"",0],[""C13"",0],[""C14"",0],[""C16"",0],[""C19"",0],[""C2"",0],[""C25"",0],[""C4"",0],[""C6"",0],[""C7"",0],[""C8"",0],[""N1"",0],[""N3"",0],[""N5"",0],[""O12"",0],[""O15"",0],[""O9"",0]]",false,C19,C,270399e12813ee583716a9b98b14a3a92b0ff33679d916e098ea8dd5a3862b15,c64c53e805a2130467e927da648b4c47c53c567272dca15dbd6018872d10ff3a,true,true,WWPDB_CCD_ATOM_ID,36,NO_CURRENT_POSITIVE_SHADOW_MATCH,false,[],[],NO_EXACT_OR_ISOMORPHIC_REFERENCE_MATCH,0,0,{},false,false,false
COVAPIE_CYS_SG_EVENT_V1:4MNX:B:CYS:7-:SG:F:29N:C25,COVAPIE_BULK_REVIEW_UNIT_93E931C8D09EA7BC,114,CURRENTLY_UNREVIEWED,29N,349522754cee18b75992685ee8f0be50fbb06cf5b716e314ed39a17aeb09f086,e8d502ce9f1c0b6e0c679ece5bd044dd44c7eba5f3478d21a34d7cd3cc5905eb,18,"[[""C10"",0],[""C11"",0],[""C13"",0],[""C14"",0],[""C16"",0],[""C19"",0],[""C2"",0],[""C25"",0],[""C4"",0],[""C6"",0],[""C7"",0],[""C8"",0],[""N1"",0],[""N3"",0],[""N5"",0],[""O12"",0],[""O15"",0],[""O9"",0]]",false,C25,C,270399e12813ee583716a9b98b14a3a92b0ff33679d916e098ea8dd5a3862b15,c64c53e805a2130467e927da648b4c47c53c567272dca15dbd6018872d10ff3a,true,true,WWPDB_CCD_ATOM_ID,36,NO_CURRENT_POSITIVE_SHADOW_MATCH,false,[],[],NO_EXACT_OR_ISOMORPHIC_REFERENCE_MATCH,0,0,{},false,false,false
COVAPIE_CYS_SG_EVENT_V1:4NCR:A:CYS:387-:SG:C:26J:NBE,COVAPIE_BULK_REVIEW_UNIT_C2AF4046BA8F151C,74,CURRENTLY_UNREVIEWED,26J,251753c0d636424fa1e76d44980d63e0a5c9d13231007bd6bbbbbb979cc9307a,ce89439196c166923a4f1b3bac9f75833966c0c923f776712143fa1bb5faf195,30,"[[""C30"",0],[""C31"",0],[""C32"",0],[""C33"",0],[""C34"",0],[""C35"",0],[""C36"",0],[""CAJ"",0],[""CAK"",0],[""CAL"",0],[""CAM"",0],[""CAN"",0],[""CAO"",0],[""CAW"",0],[""CAX"",0],[""CAY"",0],[""CAZ"",0],[""CBA"",0],[""CBB"",0],[""CBG"",0],[""FAF"",0],[""FAG"",0],[""FAH"",0],[""NAR"",0],[""NBE"",0],[""NBF"",0],[""NBH"",0],[""OAD"",0],[""OAE"",0],[""SAV"",0]]",false,NBE,N,3800975c01af2cc65e8fde3ea5efc34690cfad698c2e0ff41e7bd350bdabcf4d,9c90e61da34f82a6fd77b7555cac0f9a5015be45c72edb432265914b209c312d,true,true,WWPDB_CCD_ATOM_ID,36,NO_CURRENT_POSITIVE_SHADOW_MATCH,false,[],[],NO_EXACT_OR_ISOMORPHIC_REFERENCE_MATCH,0,0,{},false,false,false
COVAPIE_CYS_SG_EVENT_V1:4NCR:B:CYS:387-:SG:H:26J:NBE,COVAPIE_BULK_REVIEW_UNIT_C2AF4046BA8F151C,74,CURRENTLY_UNREVIEWED,26J,251753c0d636424fa1e76d44980d63e0a5c9d13231007bd6bbbbbb979cc9307a,ce89439196c166923a4f1b3bac9f75833966c0c923f776712143fa1bb5faf195,30,"[[""C30"",0],[""C31"",0],[""C32"",0],[""C33"",0],[""C34"",0],[""C35"",0],[""C36"",0],[""CAJ"",0],[""CAK"",0],[""CAL"",0],[""CAM"",0],[""CAN"",0],[""CAO"",0],[""CAW"",0],[""CAX"",0],[""CAY"",0],[""CAZ"",0],[""CBA"",0],[""CBB"",0],[""CBG"",0],[""FAF"",0],[""FAG"",0],[""FAH"",0],[""NAR"",0],[""NBE"",0],[""NBF"",0],[""NBH"",0],[""OAD"",0],[""OAE"",0],[""SAV"",0]]",false,NBE,N,3800975c01af2cc65e8fde3ea5efc34690cfad698c2e0ff41e7bd350bdabcf4d,9c90e61da34f82a6fd77b7555cac0f9a5015be45c72edb432265914b209c312d,true,true,WWPDB_CCD_ATOM_ID,36,NO_CURRENT_POSITIVE_SHADOW_MATCH,false,[],[],NO_EXACT_OR_ISOMORPHIC_REFERENCE_MATCH,0,0,{},false,false,false
COVAPIE_CYS_SG_EVENT_V1:4NI0:B:CYS:93-:SG:M:2P3:S1,COVAPIE_BULK_REVIEW_UNIT_0F1DA0216E1ABE09,90,CURRENTLY_UNREVIEWED,2P3,080668410619cc6cfc05acfd0c3f99ae8077207c863d5db38c2904f10e2df697,e7fd831f3c5f3e8e6a3a1439eb7d4987a7b583e6aa69265f82dab64b7981b6ad,16,"[[""C10"",0],[""C11"",0],[""C13"",0],[""C14"",0],[""C15"",0],[""C16"",0],[""C2"",0],[""C4"",0],[""C7"",0],[""C8"",0],[""N3"",0],[""N5"",0],[""N6"",0],[""O12"",0],[""O9"",0],[""S1"",0]]",false,S1,S,f7a0c197460dec25cf92b03f150586f9aa41f1ba3a68945d19c0cc90135febfd,5f1fc1a91bc186be708b82fa8a79070eeaf25234e65ebe96c8ef23d030ff0f2e,true,true,WWPDB_CCD_ATOM_ID,36,NO_CURRENT_POSITIVE_SHADOW_MATCH,false,[],[],NO_EXACT_OR_ISOMORPHIC_REFERENCE_MATCH,0,0,{},false,false,false
COVAPIE_CYS_SG_EVENT_V1:4NPI:A:CYS:302-:SG:G:2VS:CA6,COVAPIE_BULK_REVIEW_UNIT_5834329D9E2A1F22,6,CURRENTLY_UNREVIEWED,2VS,fb5209fb1fc6c530322fae17bc0291be81f41fd448dac2ff0fe16c83debc78b5,41430bce2f3ddded14da0bb0a5b326f8f8dfb11efc0b5a9424476faf7fe01979,10,"[[""CA1"",0],[""CA2"",0],[""CA3"",0],[""CA4"",0],[""CA5"",0],[""CA6"",0],[""OA1"",0],[""OA2"",0],[""OA3"",0],[""OA4"",0]]",false,CA6,C,55e43852e5e27f4d3d717d338f8f4cbda3987d8cf91a7cec5fcfcf58f7f326b9,00d432f38a76953803a3d467318a6ddcbb74788057903023f2c65cf7c85fe41b,true,true,WWPDB_CCD_ATOM_ID,36,NO_CURRENT_POSITIVE_SHADOW_MATCH,false,[],[],NO_EXACT_OR_ISOMORPHIC_REFERENCE_MATCH,0,0,{},false,false,false
COVAPIE_CYS_SG_EVENT_V1:4NPI:B:CYS:302-:SG:J:2VS:CA6,COVAPIE_BULK_REVIEW_UNIT_5834329D9E2A1F22,6,CURRENTLY_UNREVIEWED,2VS,fb5209fb1fc6c530322fae17bc0291be81f41fd448dac2ff0fe16c83debc78b5,41430bce2f3ddded14da0bb0a5b326f8f8dfb11efc0b5a9424476faf7fe01979,10,"[[""CA1"",0],[""CA2"",0],[""CA3"",0],[""CA4"",0],[""CA5"",0],[""CA6"",0],[""OA1"",0],[""OA2"",0],[""OA3"",0],[""OA4"",0]]",false,CA6,C,55e43852e5e27f4d3d717d338f8f4cbda3987d8cf91a7cec5fcfcf58f7f326b9,00d432f38a76953803a3d467318a6ddcbb74788057903023f2c65cf7c85fe41b,true,true,WWPDB_CCD_ATOM_ID,36,NO_CURRENT_POSITIVE_SHADOW_MATCH,false,[],[],NO_EXACT_OR_ISOMORPHIC_REFERENCE_MATCH,0,0,{},false,false,false
COVAPIE_CYS_SG_EVENT_V1:4NPI:C:CYS:302-:SG:M:2VS:CA6,COVAPIE_BULK_REVIEW_UNIT_5834329D9E2A1F22,6,CURRENTLY_UNREVIEWED,2VS,fb5209fb1fc6c530322fae17bc0291be81f41fd448dac2ff0fe16c83debc78b5,41430bce2f3ddded14da0bb0a5b326f8f8dfb11efc0b5a9424476faf7fe01979,10,"[[""CA1"",0],[""CA2"",0],[""CA3"",0],[""CA4"",0],[""CA5"",0],[""CA6"",0],[""OA1"",0],[""OA2"",0],[""OA3"",0],[""OA4"",0]]",false,CA6,C,55e43852e5e27f4d3d717d338f8f4cbda3987d8cf91a7cec5fcfcf58f7f326b9,00d432f38a76953803a3d467318a6ddcbb74788057903023f2c65cf7c85fe41b,true,true,WWPDB_CCD_ATOM_ID,36,NO_CURRENT_POSITIVE_SHADOW_MATCH,false,[],[],NO_EXACT_OR_ISOMORPHIC_REFERENCE_MATCH,0,0,{},false,false,false
COVAPIE_CYS_SG_EVENT_V1:4NPI:D:CYS:302-:SG:P:2VS:CA6,COVAPIE_BULK_REVIEW_UNIT_5834329D9E2A1F22,6,CURRENTLY_UNREVIEWED,2VS,fb5209fb1fc6c530322fae17bc0291be81f41fd448dac2ff0fe16c83debc78b5,41430bce2f3ddded14da0bb0a5b326f8f8dfb11efc0b5a9424476faf7fe01979,10,"[[""CA1"",0],[""CA2"",0],[""CA3"",0],[""CA4"",0],[""CA5"",0],[""CA6"",0],[""OA1"",0],[""OA2"",0],[""OA3"",0],[""OA4"",0]]",false,CA6,C,55e43852e5e27f4d3d717d338f8f4cbda3987d8cf91a7cec5fcfcf58f7f326b9,00d432f38a76953803a3d467318a6ddcbb74788057903023f2c65cf7c85fe41b,true,true,WWPDB_CCD_ATOM_ID,36,NO_CURRENT_POSITIVE_SHADOW_MATCH,false,[],[],NO_EXACT_OR_ISOMORPHIC_REFERENCE_MATCH,0,0,{},false,false,false
COVAPIE_CYS_SG_EVENT_V1:4OU2:A:CYS:302-:SG:G:6OA:C5,COVAPIE_BULK_REVIEW_UNIT_E800FEC791DFDA72,29,CURRENTLY_UNREVIEWED,6OA,7a522ea10d40d4e653cf994235c961d692b562253f7ba6b3e2cb35a5dc5904c1,87a4f505010f7dd4625a1670bba0216f560239f2e30093966d40535d76d0cf23,10,"[[""C"",0],[""C1"",0],[""C2"",0],[""C3"",0],[""C4"",0],[""C5"",0],[""O"",0],[""O1"",0],[""O2"",0],[""O3"",0]]",false,C5,C,6640297989eb0bea53d9ea479366da0a85b814f464788a15e1152c9600e47ae3,20b72bc7c04ff00fedff9538db41d7f0026d05f381b173cc3e6bf44bf6a148b4,true,true,WWPDB_CCD_ATOM_ID,36,NO_CURRENT_POSITIVE_SHADOW_MATCH,false,[],[],NO_EXACT_OR_ISOMORPHIC_REFERENCE_MATCH,0,0,{},false,false,false
COVAPIE_CYS_SG_EVENT_V1:4OU2:B:CYS:302-:SG:J:6OA:C5,COVAPIE_BULK_REVIEW_UNIT_E800FEC791DFDA72,29,CURRENTLY_UNREVIEWED,6OA,7a522ea10d40d4e653cf994235c961d692b562253f7ba6b3e2cb35a5dc5904c1,87a4f505010f7dd4625a1670bba0216f560239f2e30093966d40535d76d0cf23,10,"[[""C"",0],[""C1"",0],[""C2"",0],[""C3"",0],[""C4"",0],[""C5"",0],[""O"",0],[""O1"",0],[""O2"",0],[""O3"",0]]",false,C5,C,6640297989eb0bea53d9ea479366da0a85b814f464788a15e1152c9600e47ae3,20b72bc7c04ff00fedff9538db41d7f0026d05f381b173cc3e6bf44bf6a148b4,true,true,WWPDB_CCD_ATOM_ID,36,NO_CURRENT_POSITIVE_SHADOW_MATCH,false,[],[],NO_EXACT_OR_ISOMORPHIC_REFERENCE_MATCH,0,0,{},false,false,false
COVAPIE_CYS_SG_EVENT_V1:4OU2:C:CYS:302-:SG:M:6OA:C5,COVAPIE_BULK_REVIEW_UNIT_E800FEC791DFDA72,29,CURRENTLY_UNREVIEWED,6OA,7a522ea10d40d4e653cf994235c961d692b562253f7ba6b3e2cb35a5dc5904c1,87a4f505010f7dd4625a1670bba0216f560239f2e30093966d40535d76d0cf23,10,"[[""C"",0],[""C1"",0],[""C2"",0],[""C3"",0],[""C4"",0],[""C5"",0],[""O"",0],[""O1"",0],[""O2"",0],[""O3"",0]]",false,C5,C,6640297989eb0bea53d9ea479366da0a85b814f464788a15e1152c9600e47ae3,20b72bc7c04ff00fedff9538db41d7f0026d05f381b173cc3e6bf44bf6a148b4,true,true,WWPDB_CCD_ATOM_ID,36,NO_CURRENT_POSITIVE_SHADOW_MATCH,false,[],[],NO_EXACT_OR_ISOMORPHIC_REFERENCE_MATCH,0,0,{},false,false,false
COVAPIE_CYS_SG_EVENT_V1:4OU2:D:CYS:302-:SG:P:6OA:C5,COVAPIE_BULK_REVIEW_UNIT_E800FEC791DFDA72,29,CURRENTLY_UNREVIEWED,6OA,7a522ea10d40d4e653cf994235c961d692b562253f7ba6b3e2cb35a5dc5904c1,87a4f505010f7dd4625a1670bba0216f560239f2e30093966d40535d76d0cf23,10,"[[""C"",0],[""C1"",0],[""C2"",0],[""C3"",0],[""C4"",0],[""C5"",0],[""O"",0],[""O1"",0],[""O2"",0],[""O3"",0]]",false,C5,C,6640297989eb0bea53d9ea479366da0a85b814f464788a15e1152c9600e47ae3,20b72bc7c04ff00fedff9538db41d7f0026d05f381b173cc3e6bf44bf6a148b4,true,true,WWPDB_CCD_ATOM_ID,36,NO_CURRENT_POSITIVE_SHADOW_MATCH,false,[],[],NO_EXACT_OR_ISOMORPHIC_REFERENCE_MATCH,0,0,{},false,false,false
COVAPIE_CYS_SG_EVENT_V1:4OUB:A:CYS:302-:SG:G:2VS:CA6,COVAPIE_BULK_REVIEW_UNIT_5834329D9E2A1F22,6,CURRENTLY_UNREVIEWED,2VS,fb5209fb1fc6c530322fae17bc0291be81f41fd448dac2ff0fe16c83debc78b5,41430bce2f3ddded14da0bb0a5b326f8f8dfb11efc0b5a9424476faf7fe01979,10,"[[""CA1"",0],[""CA2"",0],[""CA3"",0],[""CA4"",0],[""CA5"",0],[""CA6"",0],[""OA1"",0],[""OA2"",0],[""OA3"",0],[""OA4"",0]]",false,CA6,C,55e43852e5e27f4d3d717d338f8f4cbda3987d8cf91a7cec5fcfcf58f7f326b9,00d432f38a76953803a3d467318a6ddcbb74788057903023f2c65cf7c85fe41b,true,true,WWPDB_CCD_ATOM_ID,36,NO_CURRENT_POSITIVE_SHADOW_MATCH,false,[],[],NO_EXACT_OR_ISOMORPHIC_REFERENCE_MATCH,0,0,{},false,false,false
COVAPIE_CYS_SG_EVENT_V1:4OUB:B:CYS:302-:SG:J:2VS:CA6,COVAPIE_BULK_REVIEW_UNIT_5834329D9E2A1F22,6,CURRENTLY_UNREVIEWED,2VS,fb5209fb1fc6c530322fae17bc0291be81f41fd448dac2ff0fe16c83debc78b5,41430bce2f3ddded14da0bb0a5b326f8f8dfb11efc0b5a9424476faf7fe01979,10,"[[""CA1"",0],[""CA2"",0],[""CA3"",0],[""CA4"",0],[""CA5"",0],[""CA6"",0],[""OA1"",0],[""OA2"",0],[""OA3"",0],[""OA4"",0]]",false,CA6,C,55e43852e5e27f4d3d717d338f8f4cbda3987d8cf91a7cec5fcfcf58f7f326b9,00d432f38a76953803a3d467318a6ddcbb74788057903023f2c65cf7c85fe41b,true,true,WWPDB_CCD_ATOM_ID,36,NO_CURRENT_POSITIVE_SHADOW_MATCH,false,[],[],NO_EXACT_OR_ISOMORPHIC_REFERENCE_MATCH,0,0,{},false,false,false
COVAPIE_CYS_SG_EVENT_V1:4OUB:C:CYS:302-:SG:M:2VS:CA6,COVAPIE_BULK_REVIEW_UNIT_5834329D9E2A1F22,6,CURRENTLY_UNREVIEWED,2VS,fb5209fb1fc6c530322fae17bc0291be81f41fd448dac2ff0fe16c83debc78b5,41430bce2f3ddded14da0bb0a5b326f8f8dfb11efc0b5a9424476faf7fe01979,10,"[[""CA1"",0],[""CA2"",0],[""CA3"",0],[""CA4"",0],[""CA5"",0],[""CA6"",0],[""OA1"",0],[""OA2"",0],[""OA3"",0],[""OA4"",0]]",false,CA6,C,55e43852e5e27f4d3d717d338f8f4cbda3987d8cf91a7cec5fcfcf58f7f326b9,00d432f38a76953803a3d467318a6ddcbb74788057903023f2c65cf7c85fe41b,true,true,WWPDB_CCD_ATOM_ID,36,NO_CURRENT_POSITIVE_SHADOW_MATCH,false,[],[],NO_EXACT_OR_ISOMORPHIC_REFERENCE_MATCH,0,0,{},false,false,false
COVAPIE_CYS_SG_EVENT_V1:4OUB:D:CYS:302-:SG:P:2VS:CA6,COVAPIE_BULK_REVIEW_UNIT_5834329D9E2A1F22,6,CURRENTLY_UNREVIEWED,2VS,fb5209fb1fc6c530322fae17bc0291be81f41fd448dac2ff0fe16c83debc78b5,41430bce2f3ddded14da0bb0a5b326f8f8dfb11efc0b5a9424476faf7fe01979,10,"[[""CA1"",0],[""CA2"",0],[""CA3"",0],[""CA4"",0],[""CA5"",0],[""CA6"",0],[""OA1"",0],[""OA2"",0],[""OA3"",0],[""OA4"",0]]",false,CA6,C,55e43852e5e27f4d3d717d338f8f4cbda3987d8cf91a7cec5fcfcf58f7f326b9,00d432f38a76953803a3d467318a6ddcbb74788057903023f2c65cf7c85fe41b,true,true,WWPDB_CCD_ATOM_ID,36,NO_CURRENT_POSITIVE_SHADOW_MATCH,false,[],[],NO_EXACT_OR_ISOMORPHIC_REFERENCE_MATCH,0,0,{},false,false,false
COVAPIE_CYS_SG_EVENT_V1:4PNC:A:CYS:59-:SG:B:7NP:CAN,COVAPIE_BULK_REVIEW_UNIT_C6D111D675520A58,127,CURRENTLY_UNREVIEWED,7NP,6020b168d5acf470f87ecf41941f2761d8bdae5020495656ca44c8f60b065a2d,5f69f331de7efd699ed9bc22cb86f45fd3e1dcc2d32f5b492c0120188139882f,14,"[[""CAA"",0],[""CAB"",0],[""CAC"",0],[""CAD"",0],[""CAE"",0],[""CAF"",0],[""CAG"",0],[""CAH"",0],[""CAI"",0],[""CAJ"",0],[""CAL"",0],[""CAN"",0],[""OAK"",0],[""OAM"",0]]",false,CAN,C,270399e12813ee583716a9b98b14a3a92b0ff33679d916e098ea8dd5a3862b15,3828597cdd70331cb9568ab80ad581db9ec152f59bd42a4ab58381ac525e1ff9,true,true,WWPDB_CCD_ATOM_ID,36,NO_CURRENT_POSITIVE_SHADOW_MATCH,false,[],[],NO_EXACT_OR_ISOMORPHIC_REFERENCE_MATCH,0,0,{},false,false,false
COVAPIE_CYS_SG_EVENT_V1:4PZZ:A:CYS:39-:SG:D:2XO:SAH,COVAPIE_BULK_REVIEW_UNIT_BE479F387D2FDA94,124,CURRENTLY_UNREVIEWED,2XO,6ba70929428e694ffce5a8f3480bec23a5497dad14cd3b47c3ac229cf6656567,db9910265a205e7c33db3e4eee04764c90e9f89cb09ba3accdfa41812b5b08f1,11,"[[""CAI"",0],[""CAJ"",0],[""CAL"",0],[""CAN"",0],[""CAO"",0],[""CAP"",0],[""CAQ"",0],[""CAR"",0],[""NAK"",0],[""NAM"",0],[""SAH"",0]]",false,SAH,S,,,true,true,WWPDB_CCD_ATOM_ID,36,NO_CURRENT_POSITIVE_SHADOW_MATCH,false,[],[],NO_EXACT_OR_ISOMORPHIC_REFERENCE_MATCH,0,0,{},false,false,false
COVAPIE_CYS_SG_EVENT_V1:4QKX:A:CYS:1093-:SG:E:35V:SAE,COVAPIE_BULK_REVIEW_UNIT_307957C37B074C01,97,CURRENTLY_UNREVIEWED,35V,700daa36f6cf7ad8513145e10aeb98737fc15f223003b8a0a5c73678163f284f,ad5ba686bbdc392adf87abc9e7ffb151c935a70958ff3f9c35960ab143ddfc49,26,"[[""CAA"",0],[""CAF"",0],[""CAG"",0],[""CAH"",0],[""CAI"",0],[""CAJ"",0],[""CAK"",0],[""CAL"",0],[""CAM"",0],[""CAN"",0],[""CAO"",0],[""CAP"",0],[""CAT"",0],[""CAU"",0],[""CAV"",0],[""CAW"",0],[""CAX"",0],[""CAY"",0],[""CAZ"",0],[""NAQ"",0],[""OAB"",0],[""OAC"",0],[""OAD"",0],[""OAR"",0],[""OAS"",0],[""SAE"",0]]",false,SAE,S,e6ca1bc51fe2e6a441cee743e1e8351ac9e24a449cfdb678c4db60c12eec33b8,faffb9025d78c584582ffa19fda6801bc22e0f9e68def174a0a1683f1d7cb5aa,true,true,WWPDB_CCD_ATOM_ID,36,NO_CURRENT_POSITIVE_SHADOW_MATCH,false,[],[],NO_EXACT_OR_ISOMORPHIC_REFERENCE_MATCH,0,0,{},false,false,false
COVAPIE_CYS_SG_EVENT_V1:4QPS:A:CYS:909-:SG:C:37Q:C1,COVAPIE_BULK_REVIEW_UNIT_DC71363A205F424E,129,CURRENTLY_UNREVIEWED,37Q,eb0ade9843c256a6a2e0d740db42dfceb2030eaa9e88e28d9054ed55264ec414,90d274e05b6654e03efaf3bd018731369c2409faa97a26ec021c351fe38b1c31,27,"[[""C1"",0],[""C10"",0],[""C11"",0],[""C12"",0],[""C13"",0],[""C14"",0],[""C15"",0],[""C16"",0],[""C17"",0],[""C18"",0],[""C19"",0],[""C2"",0],[""C20"",0],[""C3"",0],[""C4"",0],[""C5"",0],[""C6"",0],[""C7"",0],[""C8"",0],[""C9"",0],[""N21"",0],[""N22"",0],[""N23"",0],[""N24"",0],[""N25"",0],[""N26"",0],[""O27"",0]]",false,C1,C,d27a527bb325efeb660dad0204cba256cd78e5080771c5a4e13db7f9ac6960d6,6699dfb505d316179034dfff8bb9ba27836df90b1ed75116c8f6d5f98ba818a9,true,true,WWPDB_CCD_ATOM_ID,36,NO_CURRENT_POSITIVE_SHADOW_MATCH,false,[],[],NO_EXACT_OR_ISOMORPHIC_REFERENCE_MATCH,0,0,{},false,false,false
COVAPIE_CYS_SG_EVENT_V1:4R0O:A:CYS:45-:SG:F:LCY:C1,COVAPIE_BULK_REVIEW_UNIT_BA488AF51EDD8ED6,24,CURRENTLY_UNREVIEWED,LCY,81561cbc0ce5f14a766ff716055778e42e94655a7d59325d5c021958fc2fee6a,00fad4b040b8a8875fd354547225d14b7a5a4e439866fd4353542ae6515b2b6f,8,"[[""C1"",0],[""C2"",0],[""C3"",0],[""C4"",0],[""C5"",0],[""N1"",0],[""O1"",0],[""O2"",0]]",false,C1,C,d2671534b0762c2541e105e7ff6bff1377db0f8f49fb932ad12463c7cf42f909,0f95f50099dfd6703ccedefae393196c7793cf15ca10c350eba3d884b1e71d81,true,true,WWPDB_CCD_ATOM_ID,36,NO_CURRENT_POSITIVE_SHADOW_MATCH,false,[],[],NO_EXACT_OR_ISOMORPHIC_REFERENCE_MATCH,0,0,{},false,false,false
COVAPIE_CYS_SG_EVENT_V1:4R0O:B:CYS:45-:SG:H:LCY:C1,COVAPIE_BULK_REVIEW_UNIT_BA488AF51EDD8ED6,24,CURRENTLY_UNREVIEWED,LCY,81561cbc0ce5f14a766ff716055778e42e94655a7d59325d5c021958fc2fee6a,00fad4b040b8a8875fd354547225d14b7a5a4e439866fd4353542ae6515b2b6f,8,"[[""C1"",0],[""C2"",0],[""C3"",0],[""C4"",0],[""C5"",0],[""N1"",0],[""O1"",0],[""O2"",0]]",false,C1,C,d2671534b0762c2541e105e7ff6bff1377db0f8f49fb932ad12463c7cf42f909,0f95f50099dfd6703ccedefae393196c7793cf15ca10c350eba3d884b1e71d81,true,true,WWPDB_CCD_ATOM_ID,36,NO_CURRENT_POSITIVE_SHADOW_MATCH,false,[],[],NO_EXACT_OR_ISOMORPHIC_REFERENCE_MATCH,0,0,{},false,false,false
COVAPIE_CYS_SG_EVENT_V1:4R0O:C:CYS:45-:SG:J:LCY:C1,COVAPIE_BULK_REVIEW_UNIT_BA488AF51EDD8ED6,24,CURRENTLY_UNREVIEWED,LCY,81561cbc0ce5f14a766ff716055778e42e94655a7d59325d5c021958fc2fee6a,00fad4b040b8a8875fd354547225d14b7a5a4e439866fd4353542ae6515b2b6f,8,"[[""C1"",0],[""C2"",0],[""C3"",0],[""C4"",0],[""C5"",0],[""N1"",0],[""O1"",0],[""O2"",0]]",false,C1,C,d2671534b0762c2541e105e7ff6bff1377db0f8f49fb932ad12463c7cf42f909,0f95f50099dfd6703ccedefae393196c7793cf15ca10c350eba3d884b1e71d81,true,true,WWPDB_CCD_ATOM_ID,36,NO_CURRENT_POSITIVE_SHADOW_MATCH,false,[],[],NO_EXACT_OR_ISOMORPHIC_REFERENCE_MATCH,0,0,{},false,false,false
COVAPIE_CYS_SG_EVENT_V1:4R0O:D:CYS:45-:SG:L:LCY:C1,COVAPIE_BULK_REVIEW_UNIT_BA488AF51EDD8ED6,24,CURRENTLY_UNREVIEWED,LCY,81561cbc0ce5f14a766ff716055778e42e94655a7d59325d5c021958fc2fee6a,00fad4b040b8a8875fd354547225d14b7a5a4e439866fd4353542ae6515b2b6f,8,"[[""C1"",0],[""C2"",0],[""C3"",0],[""C4"",0],[""C5"",0],[""N1"",0],[""O1"",0],[""O2"",0]]",false,C1,C,d2671534b0762c2541e105e7ff6bff1377db0f8f49fb932ad12463c7cf42f909,0f95f50099dfd6703ccedefae393196c7793cf15ca10c350eba3d884b1e71d81,true,true,WWPDB_CCD_ATOM_ID,36,NO_CURRENT_POSITIVE_SHADOW_MATCH,false,[],[],NO_EXACT_OR_ISOMORPHIC_REFERENCE_MATCH,0,0,{},false,false,false
COVAPIE_CYS_SG_EVENT_V1:4R7U:A:CYS:116-:SG:F:FFQ:C1,COVAPIE_BULK_REVIEW_UNIT_431D2725ADFC9E9D,5,CURRENTLY_UNREVIEWED,FFQ,46bd28827487d4f4cef6e6eee2a3ebd55480e47733240bb4211bdf29c27fae01,ec94c8e5153543cb7ce1db3ebef2c9d8783a9b862917af1430efa8aed2bab85c,8,"[[""C1"",0],[""C2"",0],[""C3"",0],[""O1"",0],[""O2"",0],[""O3"",0],[""O4"",0],[""P1"",0]]",false,C1,C,d2671534b0762c2541e105e7ff6bff1377db0f8f49fb932ad12463c7cf42f909,966fd61a103f730d039ed699f23927500c1b1753ff24c61404ee26b61ea74bda,true,true,WWPDB_CCD_ATOM_ID,36,NO_CURRENT_POSITIVE_SHADOW_MATCH,false,[],[],NO_EXACT_OR_ISOMORPHIC_REFERENCE_MATCH,0,0,{},false,false,false
COVAPIE_CYS_SG_EVENT_V1:4R7U:B:CYS:116-:SG:J:FFQ:C1,COVAPIE_BULK_REVIEW_UNIT_431D2725ADFC9E9D,5,CURRENTLY_UNREVIEWED,FFQ,46bd28827487d4f4cef6e6eee2a3ebd55480e47733240bb4211bdf29c27fae01,ec94c8e5153543cb7ce1db3ebef2c9d8783a9b862917af1430efa8aed2bab85c,8,"[[""C1"",0],[""C2"",0],[""C3"",0],[""O1"",0],[""O2"",0],[""O3"",0],[""O4"",0],[""P1"",0]]",false,C1,C,d2671534b0762c2541e105e7ff6bff1377db0f8f49fb932ad12463c7cf42f909,966fd61a103f730d039ed699f23927500c1b1753ff24c61404ee26b61ea74bda,true,true,WWPDB_CCD_ATOM_ID,36,NO_CURRENT_POSITIVE_SHADOW_MATCH,false,[],[],NO_EXACT_OR_ISOMORPHIC_REFERENCE_MATCH,0,0,{},false,false,false
COVAPIE_CYS_SG_EVENT_V1:4R7U:C:CYS:116-:SG:M:FFQ:C1,COVAPIE_BULK_REVIEW_UNIT_431D2725ADFC9E9D,5,CURRENTLY_UNREVIEWED,FFQ,46bd28827487d4f4cef6e6eee2a3ebd55480e47733240bb4211bdf29c27fae01,ec94c8e5153543cb7ce1db3ebef2c9d8783a9b862917af1430efa8aed2bab85c,8,"[[""C1"",0],[""C2"",0],[""C3"",0],[""O1"",0],[""O2"",0],[""O3"",0],[""O4"",0],[""P1"",0]]",false,C1,C,d2671534b0762c2541e105e7ff6bff1377db0f8f49fb932ad12463c7cf42f909,966fd61a103f730d039ed699f23927500c1b1753ff24c61404ee26b61ea74bda,true,true,WWPDB_CCD_ATOM_ID,36,NO_CURRENT_POSITIVE_SHADOW_MATCH,false,[],[],NO_EXACT_OR_ISOMORPHIC_REFERENCE_MATCH,0,0,{},false,false,false
COVAPIE_CYS_SG_EVENT_V1:4R7U:D:CYS:116-:SG:Q:FFQ:C1,COVAPIE_BULK_REVIEW_UNIT_431D2725ADFC9E9D,5,CURRENTLY_UNREVIEWED,FFQ,46bd28827487d4f4cef6e6eee2a3ebd55480e47733240bb4211bdf29c27fae01,ec94c8e5153543cb7ce1db3ebef2c9d8783a9b862917af1430efa8aed2bab85c,8,"[[""C1"",0],[""C2"",0],[""C3"",0],[""O1"",0],[""O2"",0],[""O3"",0],[""O4"",0],[""P1"",0]]",false,C1,C,d2671534b0762c2541e105e7ff6bff1377db0f8f49fb932ad12463c7cf42f909,966fd61a103f730d039ed699f23927500c1b1753ff24c61404ee26b61ea74bda,true,true,WWPDB_CCD_ATOM_ID,36,NO_CURRENT_POSITIVE_SHADOW_MATCH,false,[],[],NO_EXACT_OR_ISOMORPHIC_REFERENCE_MATCH,0,0,{},false,false,false
COVAPIE_CYS_SG_EVENT_V1:4RBM:A:CYS:477-:SG:R:CKC:CAK,COVAPIE_BULK_REVIEW_UNIT_129302097024409B,91,CURRENTLY_UNREVIEWED,CKC,4b6baff819894351fbaa3f380140c4c01a0aedef5115bd39743c3f0395a362f1,f7afb216dc2f1d330cf35d21b3f6af2f60b5ecc8b36e043eebb8078dc202faa0,10,"[[""C"",0],[""CA"",0],[""CAG"",0],[""CAH"",0],[""CAI"",0],[""CAK"",0],[""CAL"",0],[""N"",0],[""NAM"",0],[""O"",0]]",false,CAK,C,270399e12813ee583716a9b98b14a3a92b0ff33679d916e098ea8dd5a3862b15,a4ef2bdfced2cd00b0657a687d1f369c44fc79aef3f185422cfcd2c90519ac47,true,true,WWPDB_CCD_ATOM_ID,36,NO_CURRENT_POSITIVE_SHADOW_MATCH,false,[],[],NO_EXACT_OR_ISOMORPHIC_REFERENCE_MATCH,0,0,{},false,false,false
COVAPIE_CYS_SG_EVENT_V1:4V37:A:CYS:450-:SG:F:0D8:C8,COVAPIE_BULK_REVIEW_UNIT_BF1809E89D22D405,25,CURRENTLY_UNREVIEWED,0D8,8b89bb9965e87110a7bec0b3decbdd2f345a03216db5534cd8140b29fda72c35,e2f9ec7c45093a61bde74a6f75541c6f769d2f09fffac3a68cb783af9c922b30,5,"[[""C7"",0],[""C8"",0],[""CA3"",0],[""N3"",0],[""OH"",0]]",false,C8,C,6640297989eb0bea53d9ea479366da0a85b814f464788a15e1152c9600e47ae3,622a4c9bb8d24c75b70d0b87ef01dfa2f8a1ba31552636c048eab1943c7d3b19,true,true,WWPDB_CCD_ATOM_ID,36,NO_CURRENT_POSITIVE_SHADOW_MATCH,false,[],[],NO_EXACT_OR_ISOMORPHIC_REFERENCE_MATCH,0,0,{},false,false,false
COVAPIE_CYS_SG_EVENT_V1:4V37:B:CYS:450-:SG:K:0D8:C8,COVAPIE_BULK_REVIEW_UNIT_BF1809E89D22D405,25,CURRENTLY_UNREVIEWED,0D8,8b89bb9965e87110a7bec0b3decbdd2f345a03216db5534cd8140b29fda72c35,e2f9ec7c45093a61bde74a6f75541c6f769d2f09fffac3a68cb783af9c922b30,5,"[[""C7"",0],[""C8"",0],[""CA3"",0],[""N3"",0],[""OH"",0]]",false,C8,C,6640297989eb0bea53d9ea479366da0a85b814f464788a15e1152c9600e47ae3,622a4c9bb8d24c75b70d0b87ef01dfa2f8a1ba31552636c048eab1943c7d3b19,true,true,WWPDB_CCD_ATOM_ID,36,NO_CURRENT_POSITIVE_SHADOW_MATCH,false,[],[],NO_EXACT_OR_ISOMORPHIC_REFERENCE_MATCH,0,0,{},false,false,false
COVAPIE_CYS_SG_EVENT_V1:4V37:C:CYS:450-:SG:P:0D8:C8,COVAPIE_BULK_REVIEW_UNIT_BF1809E89D22D405,25,CURRENTLY_UNREVIEWED,0D8,8b89bb9965e87110a7bec0b3decbdd2f345a03216db5534cd8140b29fda72c35,e2f9ec7c45093a61bde74a6f75541c6f769d2f09fffac3a68cb783af9c922b30,5,"[[""C7"",0],[""C8"",0],[""CA3"",0],[""N3"",0],[""OH"",0]]",false,C8,C,6640297989eb0bea53d9ea479366da0a85b814f464788a15e1152c9600e47ae3,622a4c9bb8d24c75b70d0b87ef01dfa2f8a1ba31552636c048eab1943c7d3b19,true,true,WWPDB_CCD_ATOM_ID,36,NO_CURRENT_POSITIVE_SHADOW_MATCH,false,[],[],NO_EXACT_OR_ISOMORPHIC_REFERENCE_MATCH,0,0,{},false,false,false
COVAPIE_CYS_SG_EVENT_V1:4V37:D:CYS:450-:SG:V:0D8:C8,COVAPIE_BULK_REVIEW_UNIT_BF1809E89D22D405,25,CURRENTLY_UNREVIEWED,0D8,8b89bb9965e87110a7bec0b3decbdd2f345a03216db5534cd8140b29fda72c35,e2f9ec7c45093a61bde74a6f75541c6f769d2f09fffac3a68cb783af9c922b30,5,"[[""C7"",0],[""C8"",0],[""CA3"",0],[""N3"",0],[""OH"",0]]",false,C8,C,6640297989eb0bea53d9ea479366da0a85b814f464788a15e1152c9600e47ae3,622a4c9bb8d24c75b70d0b87ef01dfa2f8a1ba31552636c048eab1943c7d3b19,true,true,WWPDB_CCD_ATOM_ID,36,NO_CURRENT_POSITIVE_SHADOW_MATCH,false,[],[],NO_EXACT_OR_ISOMORPHIC_REFERENCE_MATCH,0,0,{},false,false,false
COVAPIE_CYS_SG_EVENT_V1:4V3F:A:CYS:450-:SG:J:CHT:C4,COVAPIE_BULK_REVIEW_UNIT_BCA0E7B8C2B33410,12,CURRENTLY_UNREVIEWED,CHT,8534233ca549116e227c34fb9264abb4159562cdc8b5836ce170ad2bdd2aee27,daa3dd2177da59f9ee04fd48be74ebda5b738eb9286df6f15e80a98c12e8ce9c,7,"[[""C4"",0],[""C5"",0],[""C6"",0],[""C7"",0],[""C8"",0],[""N1"",1],[""O6"",0]]",false,C4,C,6640297989eb0bea53d9ea479366da0a85b814f464788a15e1152c9600e47ae3,b2c0abc8818076e32abdf840ea09334a4c1b474a785ac2d4a63a200955de5c98,true,true,WWPDB_CCD_ATOM_ID,36,NO_CURRENT_POSITIVE_SHADOW_MATCH,false,[],[],NO_EXACT_OR_ISOMORPHIC_REFERENCE_MATCH,0,0,{},false,false,false
COVAPIE_CYS_SG_EVENT_V1:4V3F:B:CYS:450-:SG:P:CHT:C4,COVAPIE_BULK_REVIEW_UNIT_BCA0E7B8C2B33410,12,CURRENTLY_UNREVIEWED,CHT,8534233ca549116e227c34fb9264abb4159562cdc8b5836ce170ad2bdd2aee27,daa3dd2177da59f9ee04fd48be74ebda5b738eb9286df6f15e80a98c12e8ce9c,7,"[[""C4"",0],[""C5"",0],[""C6"",0],[""C7"",0],[""C8"",0],[""N1"",1],[""O6"",0]]",false,C4,C,6640297989eb0bea53d9ea479366da0a85b814f464788a15e1152c9600e47ae3,b2c0abc8818076e32abdf840ea09334a4c1b474a785ac2d4a63a200955de5c98,true,true,WWPDB_CCD_ATOM_ID,36,NO_CURRENT_POSITIVE_SHADOW_MATCH,false,[],[],NO_EXACT_OR_ISOMORPHIC_REFERENCE_MATCH,0,0,{},false,false,false
COVAPIE_CYS_SG_EVENT_V1:4V3F:D:CYS:450-:SG:Z:CHT:C4,COVAPIE_BULK_REVIEW_UNIT_BCA0E7B8C2B33410,12,CURRENTLY_UNREVIEWED,CHT,8534233ca549116e227c34fb9264abb4159562cdc8b5836ce170ad2bdd2aee27,daa3dd2177da59f9ee04fd48be74ebda5b738eb9286df6f15e80a98c12e8ce9c,7,"[[""C4"",0],[""C5"",0],[""C6"",0],[""C7"",0],[""C8"",0],[""N1"",1],[""O6"",0]]",false,C4,C,6640297989eb0bea53d9ea479366da0a85b814f464788a15e1152c9600e47ae3,b2c0abc8818076e32abdf840ea09334a4c1b474a785ac2d4a63a200955de5c98,true,true,WWPDB_CCD_ATOM_ID,36,NO_CURRENT_POSITIVE_SHADOW_MATCH,false,[],[],NO_EXACT_OR_ISOMORPHIC_REFERENCE_MATCH,0,0,{},false,false,false
COVAPIE_CYS_SG_EVENT_V1:4WGF:A:CYS:118-:SG:I:ROP:CA,COVAPIE_BULK_REVIEW_UNIT_69F260545AC3F0C7,104,CURRENTLY_UNREVIEWED,ROP,8ba1fb1e25d050efe20d69b3f4c28a073574f6155f8b3a8b6951f7239f661806,a53e72492b8c676ef8afff91184e937459c601baaf487ce671290a67d9303a2f,5,"[[""CA"",0],[""CB"",0],[""CG"",0],[""ND2"",0],[""OD1"",0]]",false,CA,C,270399e12813ee583716a9b98b14a3a92b0ff33679d916e098ea8dd5a3862b15,c64c53e805a2130467e927da648b4c47c53c567272dca15dbd6018872d10ff3a,true,true,WWPDB_CCD_ATOM_ID,36,NO_CURRENT_POSITIVE_SHADOW_MATCH,false,[],[],NO_EXACT_OR_ISOMORPHIC_REFERENCE_MATCH,0,0,{},false,false,false
COVAPIE_CYS_SG_EVENT_V1:4WVF:C:CYS:539-:SG:H:K76:C3,COVAPIE_BULK_REVIEW_UNIT_30C39507C8F1DAB8,98,CURRENTLY_UNREVIEWED,K76,294a2d858ff371c54bd974b0e63c610bd1975ff9e9d24e466b872ccc48ca6265,451a05ff840e4504f7815efb5c9f104dfb646d57d9ebfb7a9d26da91abd0eb67,29,"[[""C1"",0],[""C1'"",0],[""C10"",0],[""C11"",0],[""C12"",0],[""C13"",0],[""C2"",0],[""C2'"",0],[""C3"",0],[""C3'"",0],[""C4"",0],[""C5"",0],[""C6"",0],[""C7"",0],[""C8"",0],[""C9"",0],[""F1"",0],[""F2"",0],[""F3"",0],[""F4"",0],[""F5"",0],[""F6"",0],[""F7"",0],[""F8"",0],[""N1"",0],[""N1'"",0],[""N2"",0],[""N3"",0],[""O"",0]]",false,C3,C,4fcc35fe1af5405a840b6d236623c0a59370c3b950259c8130821a0cfcbd7b1f,1bbf5a4c96d1469e3155a1bfaf08d93ad6cc6c50dc68a242260fc8aedbb9de85,true,true,WWPDB_CCD_ATOM_ID,36,NO_CURRENT_POSITIVE_SHADOW_MATCH,false,[],[],NO_EXACT_OR_ISOMORPHIC_REFERENCE_MATCH,0,0,{},false,false,false
COVAPIE_CYS_SG_EVENT_V1:4YHF:A:CYS:481-:SG:C:4C9:C1,COVAPIE_BULK_REVIEW_UNIT_7D3E873693F39848,60,CURRENTLY_UNREVIEWED,4C9,6a1c261d1f1294e013ca68e9effb65cbc601865efb0a63fd06e91967ec06b0f4,a0577cfafc5b4c3f72b61f1bed2e40bc81b646b85eea639a16c3099344c649ec,39,"[[""C1"",0],[""C10"",0],[""C11"",0],[""C12"",0],[""C13"",0],[""C14"",0],[""C15"",0],[""C16"",0],[""C17"",0],[""C18"",0],[""C19"",0],[""C2"",0],[""C20"",0],[""C21"",0],[""C22"",0],[""C23"",0],[""C24"",0],[""C25"",0],[""C26"",0],[""C27"",0],[""C28"",0],[""C29"",0],[""C3"",0],[""C30"",0],[""C4"",0],[""C5"",0],[""C6"",0],[""C7"",0],[""C8"",0],[""C9"",0],[""N1"",0],[""N2"",0],[""N3"",0],[""N4"",0],[""N5"",0],[""N6"",0],[""N7"",0],[""O1"",0],[""O2"",0]]",false,C1,C,d2671534b0762c2541e105e7ff6bff1377db0f8f49fb932ad12463c7cf42f909,c18e341579dc674471183c1dbcced0087e1ed25a99db9f76a5fb69b67cf8319a,true,true,WWPDB_CCD_ATOM_ID,36,NO_CURRENT_POSITIVE_SHADOW_MATCH,false,[],[],NO_EXACT_OR_ISOMORPHIC_REFERENCE_MATCH,0,0,{},false,false,false
COVAPIE_CYS_SG_EVENT_V1:4YHF:B:CYS:481-:SG:V:4C9:C1,COVAPIE_BULK_REVIEW_UNIT_7D3E873693F39848,60,CURRENTLY_UNREVIEWED,4C9,6a1c261d1f1294e013ca68e9effb65cbc601865efb0a63fd06e91967ec06b0f4,a0577cfafc5b4c3f72b61f1bed2e40bc81b646b85eea639a16c3099344c649ec,39,"[[""C1"",0],[""C10"",0],[""C11"",0],[""C12"",0],[""C13"",0],[""C14"",0],[""C15"",0],[""C16"",0],[""C17"",0],[""C18"",0],[""C19"",0],[""C2"",0],[""C20"",0],[""C21"",0],[""C22"",0],[""C23"",0],[""C24"",0],[""C25"",0],[""C26"",0],[""C27"",0],[""C28"",0],[""C29"",0],[""C3"",0],[""C30"",0],[""C4"",0],[""C5"",0],[""C6"",0],[""C7"",0],[""C8"",0],[""C9"",0],[""N1"",0],[""N2"",0],[""N3"",0],[""N4"",0],[""N5"",0],[""N6"",0],[""N7"",0],[""O1"",0],[""O2"",0]]",false,C1,C,d2671534b0762c2541e105e7ff6bff1377db0f8f49fb932ad12463c7cf42f909,c18e341579dc674471183c1dbcced0087e1ed25a99db9f76a5fb69b67cf8319a,true,true,WWPDB_CCD_ATOM_ID,36,NO_CURRENT_POSITIVE_SHADOW_MATCH,false,[],[],NO_EXACT_OR_ISOMORPHIC_REFERENCE_MATCH,0,0,{},false,false,false
COVAPIE_CYS_SG_EVENT_V1:4Z16:A:CYS:909-:SG:E:4LH:CAP,COVAPIE_BULK_REVIEW_UNIT_C4EFE734A5B0CF57,26,CURRENTLY_UNREVIEWED,4LH,9ed3c846b9cad06e12da82ef44e197c1f2da28212d60c524a0d402a75b530615,ae786ccfa833d8e10fc23d9d2c9b9b5bc3d2d6a94f3003f0b6ece662132079a7,36,"[[""C2"",0],[""C4"",0],[""C5"",0],[""C6"",0],[""CAA"",0],[""CAB"",0],[""CAH"",0],[""CAI"",0],[""CAJ"",0],[""CAK"",0],[""CAL"",0],[""CAN"",0],[""CAO"",0],[""CAP"",0],[""CAQ"",0],[""CAR"",0],[""CAS"",0],[""CAT"",0],[""CAU"",0],[""CAV"",0],[""CBE"",0],[""CBF"",0],[""CBH"",0],[""CBI"",0],[""CBK"",0],[""CBL"",0],[""CL5"",0],[""N1"",0],[""N3"",0],[""NAZ"",0],[""NBA"",0],[""NBB"",0],[""NBO"",0],[""NBP"",0],[""OAE"",0],[""OBC"",0]]",false,CAP,C,d27a527bb325efeb660dad0204cba256cd78e5080771c5a4e13db7f9ac6960d6,6699dfb505d316179034dfff8bb9ba27836df90b1ed75116c8f6d5f98ba818a9,true,true,WWPDB_CCD_ATOM_ID,36,NO_CURRENT_POSITIVE_SHADOW_MATCH,false,[],[],NO_EXACT_OR_ISOMORPHIC_REFERENCE_MATCH,0,0,{},false,false,false
COVAPIE_CYS_SG_EVENT_V1:4Z16:B:CYS:909-:SG:F:4LH:CAP,COVAPIE_BULK_REVIEW_UNIT_C4EFE734A5B0CF57,26,CURRENTLY_UNREVIEWED,4LH,9ed3c846b9cad06e12da82ef44e197c1f2da28212d60c524a0d402a75b530615,ae786ccfa833d8e10fc23d9d2c9b9b5bc3d2d6a94f3003f0b6ece662132079a7,36,"[[""C2"",0],[""C4"",0],[""C5"",0],[""C6"",0],[""CAA"",0],[""CAB"",0],[""CAH"",0],[""CAI"",0],[""CAJ"",0],[""CAK"",0],[""CAL"",0],[""CAN"",0],[""CAO"",0],[""CAP"",0],[""CAQ"",0],[""CAR"",0],[""CAS"",0],[""CAT"",0],[""CAU"",0],[""CAV"",0],[""CBE"",0],[""CBF"",0],[""CBH"",0],[""CBI"",0],[""CBK"",0],[""CBL"",0],[""CL5"",0],[""N1"",0],[""N3"",0],[""NAZ"",0],[""NBA"",0],[""NBB"",0],[""NBO"",0],[""NBP"",0],[""OAE"",0],[""OBC"",0]]",false,CAP,C,d27a527bb325efeb660dad0204cba256cd78e5080771c5a4e13db7f9ac6960d6,6699dfb505d316179034dfff8bb9ba27836df90b1ed75116c8f6d5f98ba818a9,true,true,WWPDB_CCD_ATOM_ID,36,NO_CURRENT_POSITIVE_SHADOW_MATCH,false,[],[],NO_EXACT_OR_ISOMORPHIC_REFERENCE_MATCH,0,0,{},false,false,false
COVAPIE_CYS_SG_EVENT_V1:4Z16:C:CYS:909-:SG:G:4LH:CAP,COVAPIE_BULK_REVIEW_UNIT_C4EFE734A5B0CF57,26,CURRENTLY_UNREVIEWED,4LH,9ed3c846b9cad06e12da82ef44e197c1f2da28212d60c524a0d402a75b530615,ae786ccfa833d8e10fc23d9d2c9b9b5bc3d2d6a94f3003f0b6ece662132079a7,36,"[[""C2"",0],[""C4"",0],[""C5"",0],[""C6"",0],[""CAA"",0],[""CAB"",0],[""CAH"",0],[""CAI"",0],[""CAJ"",0],[""CAK"",0],[""CAL"",0],[""CAN"",0],[""CAO"",0],[""CAP"",0],[""CAQ"",0],[""CAR"",0],[""CAS"",0],[""CAT"",0],[""CAU"",0],[""CAV"",0],[""CBE"",0],[""CBF"",0],[""CBH"",0],[""CBI"",0],[""CBK"",0],[""CBL"",0],[""CL5"",0],[""N1"",0],[""N3"",0],[""NAZ"",0],[""NBA"",0],[""NBB"",0],[""NBO"",0],[""NBP"",0],[""OAE"",0],[""OBC"",0]]",false,CAP,C,d27a527bb325efeb660dad0204cba256cd78e5080771c5a4e13db7f9ac6960d6,6699dfb505d316179034dfff8bb9ba27836df90b1ed75116c8f6d5f98ba818a9,true,true,WWPDB_CCD_ATOM_ID,36,NO_CURRENT_POSITIVE_SHADOW_MATCH,false,[],[],NO_EXACT_OR_ISOMORPHIC_REFERENCE_MATCH,0,0,{},false,false,false
COVAPIE_CYS_SG_EVENT_V1:4Z16:D:CYS:909-:SG:H:4LH:CAP,COVAPIE_BULK_REVIEW_UNIT_C4EFE734A5B0CF57,26,CURRENTLY_UNREVIEWED,4LH,9ed3c846b9cad06e12da82ef44e197c1f2da28212d60c524a0d402a75b530615,ae786ccfa833d8e10fc23d9d2c9b9b5bc3d2d6a94f3003f0b6ece662132079a7,36,"[[""C2"",0],[""C4"",0],[""C5"",0],[""C6"",0],[""CAA"",0],[""CAB"",0],[""CAH"",0],[""CAI"",0],[""CAJ"",0],[""CAK"",0],[""CAL"",0],[""CAN"",0],[""CAO"",0],[""CAP"",0],[""CAQ"",0],[""CAR"",0],[""CAS"",0],[""CAT"",0],[""CAU"",0],[""CAV"",0],[""CBE"",0],[""CBF"",0],[""CBH"",0],[""CBI"",0],[""CBK"",0],[""CBL"",0],[""CL5"",0],[""N1"",0],[""N3"",0],[""NAZ"",0],[""NBA"",0],[""NBB"",0],[""NBO"",0],[""NBP"",0],[""OAE"",0],[""OBC"",0]]",false,CAP,C,d27a527bb325efeb660dad0204cba256cd78e5080771c5a4e13db7f9ac6960d6,6699dfb505d316179034dfff8bb9ba27836df90b1ed75116c8f6d5f98ba818a9,true,true,WWPDB_CCD_ATOM_ID,36,NO_CURRENT_POSITIVE_SHADOW_MATCH,false,[],[],NO_EXACT_OR_ISOMORPHIC_REFERENCE_MATCH,0,0,{},false,false,false
COVAPIE_CYS_SG_EVENT_V1:4ZZM:A:CYS:166-:SG:C:CQ6:C,COVAPIE_BULK_REVIEW_UNIT_38C223FAB11B51EB,99,CURRENTLY_UNREVIEWED,CQ6,d7f06ffc8a1d45a9c7164a9dd87835de1f95d435e08cfa744b8f799b4700b7d0,443ef4b73d8c06c18c8d65e3b84942e9954aba8d66332bfed4c87972d0d5b1c7,22,"[[""C"",0],[""C1"",0],[""C10"",0],[""C11"",0],[""C12"",0],[""C13"",0],[""C2"",0],[""C3"",0],[""C4"",0],[""C5"",0],[""C6"",0],[""C7"",0],[""C8"",0],[""C9"",0],[""N"",0],[""N1"",0],[""N2"",0],[""N3"",0],[""O"",0],[""O1"",0],[""O2"",0],[""S"",0]]",false,C,C,270399e12813ee583716a9b98b14a3a92b0ff33679d916e098ea8dd5a3862b15,e8ca7fc7caf1f926200b119a66c0cf4525672574f0c584aceaf55a5c66b1fdde,true,true,WWPDB_CCD_ATOM_ID,36,NO_CURRENT_POSITIVE_SHADOW_MATCH,false,[],[],NO_EXACT_OR_ISOMORPHIC_REFERENCE_MATCH,0,0,{},false,false,false
COVAPIE_CYS_SG_EVENT_V1:4ZZO:A:CYS:166-:SG:C:CQ3:C,COVAPIE_BULK_REVIEW_UNIT_95677C7563FC2CC0,115,CURRENTLY_UNREVIEWED,CQ3,948549ce6b84cfc0475587dfd4f2957c766b5745788be2384cbb6f03221ab011,5198659978fa7579ee810a56e4e89c1c9441705860d720a3b174b48e819ad7f8,26,"[[""C"",0],[""C1"",0],[""C10"",0],[""C11"",0],[""C12"",0],[""C13"",0],[""C14"",0],[""C15"",0],[""C16"",0],[""C17"",0],[""C2"",0],[""C3"",0],[""C4"",0],[""C5"",0],[""C6"",0],[""C7"",0],[""C8"",0],[""C9"",0],[""CL"",0],[""N"",0],[""N1"",0],[""N2"",0],[""N3"",0],[""N4"",0],[""O"",0],[""O1"",0]]",false,C,C,270399e12813ee583716a9b98b14a3a92b0ff33679d916e098ea8dd5a3862b15,c64c53e805a2130467e927da648b4c47c53c567272dca15dbd6018872d10ff3a,true,true,WWPDB_CCD_ATOM_ID,36,NO_CURRENT_POSITIVE_SHADOW_MATCH,false,[],[],NO_EXACT_OR_ISOMORPHIC_REFERENCE_MATCH,0,0,{},false,false,false
COVAPIE_CYS_SG_EVENT_V1:5A2D:A:CYS:450-:SG:E:CHT:C4,COVAPIE_BULK_REVIEW_UNIT_BCA0E7B8C2B33410,12,CURRENTLY_UNREVIEWED,CHT,8534233ca549116e227c34fb9264abb4159562cdc8b5836ce170ad2bdd2aee27,daa3dd2177da59f9ee04fd48be74ebda5b738eb9286df6f15e80a98c12e8ce9c,7,"[[""C4"",0],[""C5"",0],[""C6"",0],[""C7"",0],[""C8"",0],[""N1"",1],[""O6"",0]]",false,C4,C,6640297989eb0bea53d9ea479366da0a85b814f464788a15e1152c9600e47ae3,b2c0abc8818076e32abdf840ea09334a4c1b474a785ac2d4a63a200955de5c98,true,true,WWPDB_CCD_ATOM_ID,36,NO_CURRENT_POSITIVE_SHADOW_MATCH,false,[],[],NO_EXACT_OR_ISOMORPHIC_REFERENCE_MATCH,0,0,{},false,false,false
COVAPIE_CYS_SG_EVENT_V1:5A2D:B:CYS:450-:SG:H:CHT:C4,COVAPIE_BULK_REVIEW_UNIT_BCA0E7B8C2B33410,12,CURRENTLY_UNREVIEWED,CHT,8534233ca549116e227c34fb9264abb4159562cdc8b5836ce170ad2bdd2aee27,daa3dd2177da59f9ee04fd48be74ebda5b738eb9286df6f15e80a98c12e8ce9c,7,"[[""C4"",0],[""C5"",0],[""C6"",0],[""C7"",0],[""C8"",0],[""N1"",1],[""O6"",0]]",false,C4,C,6640297989eb0bea53d9ea479366da0a85b814f464788a15e1152c9600e47ae3,b2c0abc8818076e32abdf840ea09334a4c1b474a785ac2d4a63a200955de5c98,true,true,WWPDB_CCD_ATOM_ID,36,NO_CURRENT_POSITIVE_SHADOW_MATCH,false,[],[],NO_EXACT_OR_ISOMORPHIC_REFERENCE_MATCH,0,0,{},false,false,false
COVAPIE_CYS_SG_EVENT_V1:5ACB:C:CYS:1039-:SG:E:5I1:CBL,COVAPIE_BULK_REVIEW_UNIT_FA486B2200732B4B,87,CURRENTLY_UNREVIEWED,5I1,f8cdb7b5e9e1201dd781188448e2614de8655ff667d85365cbf98e8d93776d0a,7f6466e7187e0b20b08ff7f8e8b604ae0ee023ab3368f2f07edaee404c14fb3c,40,"[[""C2"",0],[""C4"",0],[""C5"",0],[""C6"",0],[""CAB"",0],[""CAG"",0],[""CAH"",0],[""CAI"",0],[""CAJ"",0],[""CAK"",0],[""CAL"",0],[""CAM"",0],[""CAN"",0],[""CAO"",0],[""CAP"",0],[""CAT"",0],[""CAV"",0],[""CAW"",0],[""CAX"",0],[""CAY"",0],[""CAZ"",0],[""CBA"",0],[""CBD"",0],[""CBE"",0],[""CBG"",0],[""CBH"",0],[""CBJ"",0],[""CBL"",0],[""CBM"",0],[""CBN"",0],[""CL5"",0],[""N1"",0],[""N3"",0],[""NAD"",0],[""NAR"",0],[""NBB"",0],[""NBI"",0],[""NBK"",0],[""OAE"",0],[""OAU"",0]]",false,CBL,C,,,true,true,WWPDB_CCD_ATOM_ID,36,NO_CURRENT_POSITIVE_SHADOW_MATCH,false,[],[],NO_EXACT_OR_ISOMORPHIC_REFERENCE_MATCH,0,0,{},false,false,false
COVAPIE_CYS_SG_EVENT_V1:5ACB:D:CYS:1039-:SG:F:5I1:CBL,COVAPIE_BULK_REVIEW_UNIT_FA486B2200732B4B,87,CURRENTLY_UNREVIEWED,5I1,f8cdb7b5e9e1201dd781188448e2614de8655ff667d85365cbf98e8d93776d0a,7f6466e7187e0b20b08ff7f8e8b604ae0ee023ab3368f2f07edaee404c14fb3c,40,"[[""C2"",0],[""C4"",0],[""C5"",0],[""C6"",0],[""CAB"",0],[""CAG"",0],[""CAH"",0],[""CAI"",0],[""CAJ"",0],[""CAK"",0],[""CAL"",0],[""CAM"",0],[""CAN"",0],[""CAO"",0],[""CAP"",0],[""CAT"",0],[""CAV"",0],[""CAW"",0],[""CAX"",0],[""CAY"",0],[""CAZ"",0],[""CBA"",0],[""CBD"",0],[""CBE"",0],[""CBG"",0],[""CBH"",0],[""CBJ"",0],[""CBL"",0],[""CBM"",0],[""CBN"",0],[""CL5"",0],[""N1"",0],[""N3"",0],[""NAD"",0],[""NAR"",0],[""NBB"",0],[""NBI"",0],[""NBK"",0],[""OAE"",0],[""OAU"",0]]",false,CBL,C,,,true,true,WWPDB_CCD_ATOM_ID,36,NO_CURRENT_POSITIVE_SHADOW_MATCH,false,[],[],NO_EXACT_OR_ISOMORPHIC_REFERENCE_MATCH,0,0,{},false,false,false
COVAPIE_CYS_SG_EVENT_V1:5ARB:A:CYS:217-:SG:F:EI3:C1,COVAPIE_BULK_REVIEW_UNIT_79526304E5FB38A6,33,CURRENTLY_UNREVIEWED,EI3,b56342f532727db44ebfb440f931591283b2e606642ead578aae9e8f4af22703,905f692a58e4c359637c6e5c3de5b19a8b895fe83447a57ea16f9d07c4c785a3,14,"[[""C1"",0],[""C14"",0],[""C16"",0],[""C17"",0],[""C18"",0],[""C19"",0],[""C2"",0],[""C20"",0],[""C3"",0],[""C4"",0],[""C5"",0],[""C7"",0],[""N15"",0],[""N6"",0]]",false,C1,C,6032b0ddfe071f6909696b76f3b10f1efad28f6a732e51acb6c97629d54b940e,615cb253d90e28ad058d7a37b8f03e1483ed00119aab69920cfd6772a6f5d8ca,true,true,WWPDB_CCD_ATOM_ID,36,NO_CURRENT_POSITIVE_SHADOW_MATCH,false,[],[],NO_EXACT_OR_ISOMORPHIC_REFERENCE_MATCH,0,0,{},false,false,false
COVAPIE_CYS_SG_EVENT_V1:5ARC:A:CYS:217-:SG:C:EI3:C1,COVAPIE_BULK_REVIEW_UNIT_79526304E5FB38A6,33,CURRENTLY_UNREVIEWED,EI3,b56342f532727db44ebfb440f931591283b2e606642ead578aae9e8f4af22703,905f692a58e4c359637c6e5c3de5b19a8b895fe83447a57ea16f9d07c4c785a3,14,"[[""C1"",0],[""C14"",0],[""C16"",0],[""C17"",0],[""C18"",0],[""C19"",0],[""C2"",0],[""C20"",0],[""C3"",0],[""C4"",0],[""C5"",0],[""C7"",0],[""N15"",0],[""N6"",0]]",false,C1,C,6032b0ddfe071f6909696b76f3b10f1efad28f6a732e51acb6c97629d54b940e,615cb253d90e28ad058d7a37b8f03e1483ed00119aab69920cfd6772a6f5d8ca,true,true,WWPDB_CCD_ATOM_ID,36,NO_CURRENT_POSITIVE_SHADOW_MATCH,false,[],[],NO_EXACT_OR_ISOMORPHIC_REFERENCE_MATCH,0,0,{},false,false,false
COVAPIE_CYS_SG_EVENT_V1:5ARD:A:CYS:217-:SG:E:EI3:C1,COVAPIE_BULK_REVIEW_UNIT_79526304E5FB38A6,33,CURRENTLY_UNREVIEWED,EI3,b56342f532727db44ebfb440f931591283b2e606642ead578aae9e8f4af22703,905f692a58e4c359637c6e5c3de5b19a8b895fe83447a57ea16f9d07c4c785a3,14,"[[""C1"",0],[""C14"",0],[""C16"",0],[""C17"",0],[""C18"",0],[""C19"",0],[""C2"",0],[""C20"",0],[""C3"",0],[""C4"",0],[""C5"",0],[""C7"",0],[""N15"",0],[""N6"",0]]",false,C1,C,6032b0ddfe071f6909696b76f3b10f1efad28f6a732e51acb6c97629d54b940e,615cb253d90e28ad058d7a37b8f03e1483ed00119aab69920cfd6772a6f5d8ca,true,true,WWPDB_CCD_ATOM_ID,36,NO_CURRENT_POSITIVE_SHADOW_MATCH,false,[],[],NO_EXACT_OR_ISOMORPHIC_REFERENCE_MATCH,0,0,{},false,false,false
COVAPIE_CYS_SG_EVENT_V1:5AXS:A:CYS:119-:SG:B:4LF:C4,COVAPIE_BULK_REVIEW_UNIT_7AD1402BF631432F,58,CURRENTLY_UNREVIEWED,4LF,44499f1e9785e506a241fc582240fd898d0c2e52807b9a744ad7bff1778f03c7,dcede15946cf3cd93fb92f2d5b00a61bbc0d1f7b55b8cd9cf1b178e9a900b0f6,20,"[[""C10"",0],[""C11"",0],[""C12"",0],[""C13"",0],[""C14"",0],[""C15"",0],[""C16"",0],[""C4"",0],[""C5"",0],[""C6"",0],[""C7"",0],[""C8"",0],[""C9"",0],[""N2"",0],[""N3"",0],[""O2"",0],[""O3"",0],[""O4"",0],[""O5"",0],[""O6"",0]]",false,C4,C,4e00ae9307adfb73f42afb7c413beb9eba4f615244bf4835cf839d3b7576685e,a1d8b4d334b6ad9bc0d3077c9425132898e918b195d6e375e957943330b95345,true,true,WWPDB_CCD_ATOM_ID,36,NO_CURRENT_POSITIVE_SHADOW_MATCH,false,[],[],NO_EXACT_OR_ISOMORPHIC_REFERENCE_MATCH,0,0,{},false,false,false
COVAPIE_CYS_SG_EVENT_V1:5AZP:A:CYS:1-:SG:D:3PK:CG3,COVAPIE_BULK_REVIEW_UNIT_7ED21F0D26D0BA2F,62,CURRENTLY_UNREVIEWED,3PK,eede5bb71637fa71723bc8a97f1f25d2042a5b5fa89940f64af7c55b1498a8dd,5d821912d099923dfdc9a286f97de7592dbe618fded2b4ae3c8fc14d92581580,18,"[[""CA1"",0],[""CA2"",0],[""CA3"",0],[""CA4"",0],[""CA5"",0],[""CB1"",0],[""CB2"",0],[""CB3"",0],[""CB4"",0],[""CB5"",0],[""CB6"",0],[""CG1"",0],[""CG2"",0],[""CG3"",0],[""OA1"",0],[""OB1"",0],[""OG1"",0],[""OG2"",0]]",false,CG3,C,270399e12813ee583716a9b98b14a3a92b0ff33679d916e098ea8dd5a3862b15,fa5b36186c0853b5fd8fe1414fed6b4dce269dc622022072327cff49cf6b4544,true,true,WWPDB_CCD_ATOM_ID,36,NO_CURRENT_POSITIVE_SHADOW_MATCH,false,[],[],NO_EXACT_OR_ISOMORPHIC_REFERENCE_MATCH,0,0,{},false,false,false
COVAPIE_CYS_SG_EVENT_V1:5AZP:C:CYS:1-:SG:LA:3PK:CG3,COVAPIE_BULK_REVIEW_UNIT_7ED21F0D26D0BA2F,62,CURRENTLY_UNREVIEWED,3PK,eede5bb71637fa71723bc8a97f1f25d2042a5b5fa89940f64af7c55b1498a8dd,5d821912d099923dfdc9a286f97de7592dbe618fded2b4ae3c8fc14d92581580,18,"[[""CA1"",0],[""CA2"",0],[""CA3"",0],[""CA4"",0],[""CA5"",0],[""CB1"",0],[""CB2"",0],[""CB3"",0],[""CB4"",0],[""CB5"",0],[""CB6"",0],[""CG1"",0],[""CG2"",0],[""CG3"",0],[""OA1"",0],[""OB1"",0],[""OG1"",0],[""OG2"",0]]",false,CG3,C,270399e12813ee583716a9b98b14a3a92b0ff33679d916e098ea8dd5a3862b15,fa5b36186c0853b5fd8fe1414fed6b4dce269dc622022072327cff49cf6b4544,true,true,WWPDB_CCD_ATOM_ID,36,NO_CURRENT_POSITIVE_SHADOW_MATCH,false,[],[],NO_EXACT_OR_ISOMORPHIC_REFERENCE_MATCH,0,0,{},false,false,false
COVAPIE_CYS_SG_EVENT_V1:5AZT:A:CYS:275-:SG:D:4M5:C15,COVAPIE_BULK_REVIEW_UNIT_9E98765987D25C42,20,CURRENTLY_UNREVIEWED,4M5,9508fa34fdbce1d6c36d04fb0e3ce9505803fadba09425eec546450ef82d84a4,536ab0761db228b3cdcd1449c1263c75350af269a817244d4f8086e53572803a,25,"[[""C1"",0],[""C10"",0],[""C11"",0],[""C12"",0],[""C13"",0],[""C14"",0],[""C15"",0],[""C16"",0],[""C17"",0],[""C18"",0],[""C19"",0],[""C2"",0],[""C20"",0],[""C21"",0],[""C22"",0],[""C3"",0],[""C4"",0],[""C5"",0],[""C6"",0],[""C7"",0],[""C8"",0],[""C9"",0],[""O23"",0],[""O24"",0],[""O25"",0]]",false,C15,C,d2671534b0762c2541e105e7ff6bff1377db0f8f49fb932ad12463c7cf42f909,83ca1308306fb6795ec76126be58a42f0b3b1bba102d2dc4365cabfd05024c24,true,true,WWPDB_CCD_ATOM_ID,36,NO_CURRENT_POSITIVE_SHADOW_MATCH,false,[],[],NO_EXACT_OR_ISOMORPHIC_REFERENCE_MATCH,0,0,{},false,false,false
COVAPIE_CYS_SG_EVENT_V1:5AZT:B:CYS:275-:SG:E:4M5:C15,COVAPIE_BULK_REVIEW_UNIT_9E98765987D25C42,20,CURRENTLY_UNREVIEWED,4M5,9508fa34fdbce1d6c36d04fb0e3ce9505803fadba09425eec546450ef82d84a4,536ab0761db228b3cdcd1449c1263c75350af269a817244d4f8086e53572803a,25,"[[""C1"",0],[""C10"",0],[""C11"",0],[""C12"",0],[""C13"",0],[""C14"",0],[""C15"",0],[""C16"",0],[""C17"",0],[""C18"",0],[""C19"",0],[""C2"",0],[""C20"",0],[""C21"",0],[""C22"",0],[""C3"",0],[""C4"",0],[""C5"",0],[""C6"",0],[""C7"",0],[""C8"",0],[""C9"",0],[""O23"",0],[""O24"",0],[""O25"",0]]",false,C15,C,d2671534b0762c2541e105e7ff6bff1377db0f8f49fb932ad12463c7cf42f909,83ca1308306fb6795ec76126be58a42f0b3b1bba102d2dc4365cabfd05024c24,true,true,WWPDB_CCD_ATOM_ID,36,NO_CURRENT_POSITIVE_SHADOW_MATCH,false,[],[],NO_EXACT_OR_ISOMORPHIC_REFERENCE_MATCH,0,0,{},false,false,false
COVAPIE_CYS_SG_EVENT_V1:5AZV:A:CYS:285-:SG:C:4M5:C15,COVAPIE_BULK_REVIEW_UNIT_9E98765987D25C42,20,CURRENTLY_UNREVIEWED,4M5,9508fa34fdbce1d6c36d04fb0e3ce9505803fadba09425eec546450ef82d84a4,536ab0761db228b3cdcd1449c1263c75350af269a817244d4f8086e53572803a,25,"[[""C1"",0],[""C10"",0],[""C11"",0],[""C12"",0],[""C13"",0],[""C14"",0],[""C15"",0],[""C16"",0],[""C17"",0],[""C18"",0],[""C19"",0],[""C2"",0],[""C20"",0],[""C21"",0],[""C22"",0],[""C3"",0],[""C4"",0],[""C5"",0],[""C6"",0],[""C7"",0],[""C8"",0],[""C9"",0],[""O23"",0],[""O24"",0],[""O25"",0]]",false,C15,C,d2671534b0762c2541e105e7ff6bff1377db0f8f49fb932ad12463c7cf42f909,83ca1308306fb6795ec76126be58a42f0b3b1bba102d2dc4365cabfd05024c24,true,true,WWPDB_CCD_ATOM_ID,36,NO_CURRENT_POSITIVE_SHADOW_MATCH,false,[],[],NO_EXACT_OR_ISOMORPHIC_REFERENCE_MATCH,0,0,{},false,false,false
COVAPIE_CYS_SG_EVENT_V1:5AZV:B:CYS:285-:SG:D:4M5:C15,COVAPIE_BULK_REVIEW_UNIT_9E98765987D25C42,20,CURRENTLY_UNREVIEWED,4M5,9508fa34fdbce1d6c36d04fb0e3ce9505803fadba09425eec546450ef82d84a4,536ab0761db228b3cdcd1449c1263c75350af269a817244d4f8086e53572803a,25,"[[""C1"",0],[""C10"",0],[""C11"",0],[""C12"",0],[""C13"",0],[""C14"",0],[""C15"",0],[""C16"",0],[""C17"",0],[""C18"",0],[""C19"",0],[""C2"",0],[""C20"",0],[""C21"",0],[""C22"",0],[""C3"",0],[""C4"",0],[""C5"",0],[""C6"",0],[""C7"",0],[""C8"",0],[""C9"",0],[""O23"",0],[""O24"",0],[""O25"",0]]",false,C15,C,d2671534b0762c2541e105e7ff6bff1377db0f8f49fb932ad12463c7cf42f909,83ca1308306fb6795ec76126be58a42f0b3b1bba102d2dc4365cabfd05024c24,true,true,WWPDB_CCD_ATOM_ID,36,NO_CURRENT_POSITIVE_SHADOW_MATCH,false,[],[],NO_EXACT_OR_ISOMORPHIC_REFERENCE_MATCH,0,0,{},false,false,false
COVAPIE_CYS_SG_EVENT_V1:5C5O:A:CYS:145-:SG:C:SDJ:C20,COVAPIE_BULK_REVIEW_UNIT_B14901EBB288D9F1,71,CURRENTLY_UNREVIEWED,SDJ,125b81c6f4b70feefedbf5703ee2076298b9c3477dbc7a4f827bab97da3855a3,e83d85bc0497d73722e92d03f3545ba0a6b98d5ce0982b1d4fe4566aec108915,32,"[[""C"",0],[""C1"",0],[""C10"",0],[""C11"",0],[""C12"",0],[""C13"",0],[""C14"",0],[""C15"",0],[""C16"",0],[""C17"",0],[""C18"",0],[""C19"",0],[""C2"",0],[""C20"",0],[""C21"",0],[""C22"",0],[""C23"",0],[""C24"",0],[""C3"",0],[""C4"",0],[""C5"",0],[""C6"",0],[""C7"",0],[""C8"",0],[""C9"",0],[""N"",0],[""N1"",0],[""N2"",0],[""N3"",0],[""N4"",0],[""O"",0],[""O1"",0]]",false,C20,C,,,true,true,WWPDB_CCD_ATOM_ID,36,NO_CURRENT_POSITIVE_SHADOW_MATCH,false,[],[],NO_EXACT_OR_ISOMORPHIC_REFERENCE_MATCH,0,0,{},false,false,false
COVAPIE_CYS_SG_EVENT_V1:5C5O:B:CYS:145-:SG:D:SDJ:C20,COVAPIE_BULK_REVIEW_UNIT_B14901EBB288D9F1,71,CURRENTLY_UNREVIEWED,SDJ,125b81c6f4b70feefedbf5703ee2076298b9c3477dbc7a4f827bab97da3855a3,e83d85bc0497d73722e92d03f3545ba0a6b98d5ce0982b1d4fe4566aec108915,32,"[[""C"",0],[""C1"",0],[""C10"",0],[""C11"",0],[""C12"",0],[""C13"",0],[""C14"",0],[""C15"",0],[""C16"",0],[""C17"",0],[""C18"",0],[""C19"",0],[""C2"",0],[""C20"",0],[""C21"",0],[""C22"",0],[""C23"",0],[""C24"",0],[""C3"",0],[""C4"",0],[""C5"",0],[""C6"",0],[""C7"",0],[""C8"",0],[""C9"",0],[""N"",0],[""N1"",0],[""N2"",0],[""N3"",0],[""N4"",0],[""O"",0],[""O1"",0]]",false,C20,C,,,true,true,WWPDB_CCD_ATOM_ID,36,NO_CURRENT_POSITIVE_SHADOW_MATCH,false,[],[],NO_EXACT_OR_ISOMORPHIC_REFERENCE_MATCH,0,0,{},false,false,false
COVAPIE_CYS_SG_EVENT_V1:5CRA:A:CYS:118-:SG:K:GVE:CB,COVAPIE_BULK_REVIEW_UNIT_AAB4DCC7D3073222,23,CURRENTLY_UNREVIEWED,GVE,ac67854590c319bced12e9347686bf219dfae9969f39e506abe691fb7e7c8ce5,109f4b41f47d0ee10481c8737159878a31f58976928c1820f2e43ed587a7e478,8,"[[""C"",0],[""C1"",0],[""CB"",0],[""CG"",0],[""CH3"",0],[""N"",0],[""O"",0],[""OXT"",0]]",false,CB,C,d2671534b0762c2541e105e7ff6bff1377db0f8f49fb932ad12463c7cf42f909,167e5cc83a9da354fd48808202f616a2c9a834e528accac00063b5a13b6d1930,true,true,WWPDB_CCD_ATOM_ID,36,NO_CURRENT_POSITIVE_SHADOW_MATCH,false,[],[],NO_EXACT_OR_ISOMORPHIC_REFERENCE_MATCH,0,0,{},false,false,false
COVAPIE_CYS_SG_EVENT_V1:5CZU:A:CYS:119-:SG:B:4LF:C4,COVAPIE_BULK_REVIEW_UNIT_7AD1402BF631432F,58,CURRENTLY_UNREVIEWED,4LF,44499f1e9785e506a241fc582240fd898d0c2e52807b9a744ad7bff1778f03c7,dcede15946cf3cd93fb92f2d5b00a61bbc0d1f7b55b8cd9cf1b178e9a900b0f6,20,"[[""C10"",0],[""C11"",0],[""C12"",0],[""C13"",0],[""C14"",0],[""C15"",0],[""C16"",0],[""C4"",0],[""C5"",0],[""C6"",0],[""C7"",0],[""C8"",0],[""C9"",0],[""N2"",0],[""N3"",0],[""O2"",0],[""O3"",0],[""O4"",0],[""O5"",0],[""O6"",0]]",false,C4,C,4e00ae9307adfb73f42afb7c413beb9eba4f615244bf4835cf839d3b7576685e,a1d8b4d334b6ad9bc0d3077c9425132898e918b195d6e375e957943330b95345,true,true,WWPDB_CCD_ATOM_ID,36,NO_CURRENT_POSITIVE_SHADOW_MATCH,false,[],[],NO_EXACT_OR_ISOMORPHIC_REFERENCE_MATCH,0,0,{},false,false,false
COVAPIE_CYS_SG_EVENT_V1:5D11:A:CYS:345-:SG:D:56G:CAA,COVAPIE_BULK_REVIEW_UNIT_74274D761287CCCF,56,CURRENTLY_UNREVIEWED,56G,c7439a14db7545e6dc7e43a838cdf9a237b6979f0959a47ce4ff18f9e958a6c1,6c015f399362f71f0d389efb50014ad51acb2eebb8b4540a131a6801ac759b31,32,"[[""C2"",0],[""C4"",0],[""C5"",0],[""C6"",0],[""CAA"",0],[""CAB"",0],[""CAC"",0],[""CAE"",0],[""CAF"",0],[""CAG"",0],[""CAH"",0],[""CAI"",0],[""CAK"",0],[""CAL"",0],[""CAM"",0],[""CAN"",0],[""CAO"",0],[""CAW"",0],[""CAX"",0],[""CAY"",0],[""CAZ"",0],[""CBA"",0],[""N1"",0],[""N3"",0],[""NAP"",0],[""NAS"",0],[""NAT"",0],[""NAU"",0],[""NBE"",0],[""NBF"",0],[""OAD"",0],[""OAV"",0]]",false,CAA,C,,,true,true,WWPDB_CCD_ATOM_ID,36,NO_CURRENT_POSITIVE_SHADOW_MATCH,false,[],[],NO_EXACT_OR_ISOMORPHIC_REFERENCE_MATCH,0,0,{},false,false,false
COVAPIE_CYS_SG_EVENT_V1:5D11:B:CYS:345-:SG:F:56G:CAA,COVAPIE_BULK_REVIEW_UNIT_74274D761287CCCF,56,CURRENTLY_UNREVIEWED,56G,c7439a14db7545e6dc7e43a838cdf9a237b6979f0959a47ce4ff18f9e958a6c1,6c015f399362f71f0d389efb50014ad51acb2eebb8b4540a131a6801ac759b31,32,"[[""C2"",0],[""C4"",0],[""C5"",0],[""C6"",0],[""CAA"",0],[""CAB"",0],[""CAC"",0],[""CAE"",0],[""CAF"",0],[""CAG"",0],[""CAH"",0],[""CAI"",0],[""CAK"",0],[""CAL"",0],[""CAM"",0],[""CAN"",0],[""CAO"",0],[""CAW"",0],[""CAX"",0],[""CAY"",0],[""CAZ"",0],[""CBA"",0],[""N1"",0],[""N3"",0],[""NAP"",0],[""NAS"",0],[""NAT"",0],[""NAU"",0],[""NBE"",0],[""NBF"",0],[""OAD"",0],[""OAV"",0]]",false,CAA,C,,,true,true,WWPDB_CCD_ATOM_ID,36,NO_CURRENT_POSITIVE_SHADOW_MATCH,false,[],[],NO_EXACT_OR_ISOMORPHIC_REFERENCE_MATCH,0,0,{},false,false,false
COVAPIE_CYS_SG_EVENT_V1:5DC2:A:CYS:354-:SG:C:58U:C7,COVAPIE_BULK_REVIEW_UNIT_462BD93186C05FD2,47,CURRENTLY_UNREVIEWED,58U,28cb9c613c6a5a2f9ddaf47386df1dad93a5e55f818344237d5569ec4eb50019,a1bf73aa688c149103872b856fa24755cac8be3340efb84c0cd661df5ad76e2a,13,"[[""C1"",0],[""C10"",0],[""C11"",0],[""C2"",0],[""C3"",0],[""C5"",0],[""C6"",0],[""C7"",0],[""O12"",0],[""O13"",0],[""O14"",0],[""O16"",0],[""O4"",0]]",false,C7,C,55e43852e5e27f4d3d717d338f8f4cbda3987d8cf91a7cec5fcfcf58f7f326b9,5de7816ade2ebe1104e23dcc6a577f9f90d14a880c49a38bb54e7de4c448953f,true,true,WWPDB_CCD_ATOM_ID,36,NO_CURRENT_POSITIVE_SHADOW_MATCH,false,[],[],NO_EXACT_OR_ISOMORPHIC_REFERENCE_MATCH,0,0,{},false,false,false
COVAPIE_CYS_SG_EVENT_V1:5DC2:B:CYS:354-:SG:S:58U:C7,COVAPIE_BULK_REVIEW_UNIT_462BD93186C05FD2,47,CURRENTLY_UNREVIEWED,58U,28cb9c613c6a5a2f9ddaf47386df1dad93a5e55f818344237d5569ec4eb50019,a1bf73aa688c149103872b856fa24755cac8be3340efb84c0cd661df5ad76e2a,13,"[[""C1"",0],[""C10"",0],[""C11"",0],[""C2"",0],[""C3"",0],[""C5"",0],[""C6"",0],[""C7"",0],[""O12"",0],[""O13"",0],[""O14"",0],[""O16"",0],[""O4"",0]]",false,C7,C,55e43852e5e27f4d3d717d338f8f4cbda3987d8cf91a7cec5fcfcf58f7f326b9,5de7816ade2ebe1104e23dcc6a577f9f90d14a880c49a38bb54e7de4c448953f,true,true,WWPDB_CCD_ATOM_ID,36,NO_CURRENT_POSITIVE_SHADOW_MATCH,false,[],[],NO_EXACT_OR_ISOMORPHIC_REFERENCE_MATCH,0,0,{},false,false,false
COVAPIE_CYS_SG_EVENT_V1:5DCC:A:CYS:354-:SG:C:58U:C7,COVAPIE_BULK_REVIEW_UNIT_AD31D424D6E14AA0,69,CURRENTLY_UNREVIEWED,58U,28cb9c613c6a5a2f9ddaf47386df1dad93a5e55f818344237d5569ec4eb50019,a1bf73aa688c149103872b856fa24755cac8be3340efb84c0cd661df5ad76e2a,13,"[[""C1"",0],[""C10"",0],[""C11"",0],[""C2"",0],[""C3"",0],[""C5"",0],[""C6"",0],[""C7"",0],[""O12"",0],[""O13"",0],[""O14"",0],[""O16"",0],[""O4"",0]]",false,C7,C,55e43852e5e27f4d3d717d338f8f4cbda3987d8cf91a7cec5fcfcf58f7f326b9,5de7816ade2ebe1104e23dcc6a577f9f90d14a880c49a38bb54e7de4c448953f,true,true,WWPDB_CCD_ATOM_ID,36,NO_CURRENT_POSITIVE_SHADOW_MATCH,false,[],[],NO_EXACT_OR_ISOMORPHIC_REFERENCE_MATCH,0,0,{},false,false,false
COVAPIE_CYS_SG_EVENT_V1:5DCC:B:CYS:354-:SG:S:58U:C7,COVAPIE_BULK_REVIEW_UNIT_AD31D424D6E14AA0,69,CURRENTLY_UNREVIEWED,58U,28cb9c613c6a5a2f9ddaf47386df1dad93a5e55f818344237d5569ec4eb50019,a1bf73aa688c149103872b856fa24755cac8be3340efb84c0cd661df5ad76e2a,13,"[[""C1"",0],[""C10"",0],[""C11"",0],[""C2"",0],[""C3"",0],[""C5"",0],[""C6"",0],[""C7"",0],[""O12"",0],[""O13"",0],[""O14"",0],[""O16"",0],[""O4"",0]]",false,C7,C,55e43852e5e27f4d3d717d338f8f4cbda3987d8cf91a7cec5fcfcf58f7f326b9,5de7816ade2ebe1104e23dcc6a577f9f90d14a880c49a38bb54e7de4c448953f,true,true,WWPDB_CCD_ATOM_ID,36,NO_CURRENT_POSITIVE_SHADOW_MATCH,false,[],[],NO_EXACT_OR_ISOMORPHIC_REFERENCE_MATCH,0,0,{},false,false,false
