scaleup_rank,tranche,selection_priority_pass,canonical_event_id,pdb_id,protein_label_asym_id,protein_auth_chain,protein_residue_name,protein_residue_number,protein_reactive_atom,ligand_component_id,ligand_instance,ligand_reactive_atom,canonical_source_dataset_count,source_record_provenance_count,source_datasets_json,source_provenance_identities_json,historical_pilot_processed,historical_bulk_structure_acquisition_status,historical_terminal_route,historical_terminal_reasons_json,current_123_two_rule_routing_population_overlap,structure_execution_status,task_domain_rule_evaluation_status
1,HISTORICAL_PILOT_001_250,MULTI_SOURCE_PROVENANCE,COVAPIE_CYS_SG_EVENT_V1:1ATK:A:CYS:25-:SG:B:E64:C2,1ATK,A,,CYS,25,SG,E64,B,C2,2,2,"[""SOURCE_COVPDB"",""SOURCE_RCSB_PDB_DIRECT""]","[""SOURCE_COVPDB:CovPDB_complexes/1atk/1atk.pdb#LINK00310"",""SOURCE_RCSB_PDB_DIRECT:1ATK:covale1""]",true,PASSED,LEAKAGE_EXISTING_GROUP_CONFLICT,"[""LEAKAGE_EXISTING_GROUP_CONFLICT""]",false,HISTORICAL_PROCESSING_ALREADY_EXECUTED,HISTORICAL_PROCESSED_OUTSIDE_CURRENT_123_ROUTING_POPULATION
2,HISTORICAL_PILOT_001_250,MULTI_SOURCE_PROVENANCE,COVAPIE_CYS_SG_EVENT_V1:1AU0:A:CYS:25-:SG:B:SDK:C21,1AU0,A,,CYS,25,SG,SDK,B,C21,2,2,"[""SOURCE_COVBINDERINPDB"",""SOURCE_RCSB_PDB_DIRECT""]","[""SOURCE_COVBINDERINPDB:CBR002961"",""SOURCE_RCSB_PDB_DIRECT:1AU0:covale1""]",true,PASSED,LEAKAGE_EXISTING_GROUP_CONFLICT,"[""LEAKAGE_EXISTING_GROUP_CONFLICT""]",false,HISTORICAL_PROCESSING_ALREADY_EXECUTED,HISTORICAL_PROCESSED_OUTSIDE_CURRENT_123_ROUTING_POPULATION
3,HISTORICAL_PILOT_001_250,MULTI_SOURCE_PROVENANCE,COVAPIE_CYS_SG_EVENT_V1:1AU2:A:CYS:25-:SG:B:POS:C19,1AU2,A,,CYS,25,SG,POS,B,C19,2,2,"[""SOURCE_COVBINDERINPDB"",""SOURCE_RCSB_PDB_DIRECT""]","[""SOURCE_COVBINDERINPDB:CBR002948"",""SOURCE_RCSB_PDB_DIRECT:1AU2:covale1""]",true,PASSED,LEAKAGE_EXISTING_GROUP_CONFLICT,"[""LEAKAGE_EXISTING_GROUP_CONFLICT""]",false,HISTORICAL_PROCESSING_ALREADY_EXECUTED,HISTORICAL_PROCESSED_OUTSIDE_CURRENT_123_ROUTING_POPULATION
4,HISTORICAL_PILOT_001_250,MULTI_SOURCE_PROVENANCE,COVAPIE_CYS_SG_EVENT_V1:1BGO:A:CYS:25-:SG:B:I10:C31,1BGO,A,,CYS,25,SG,I10,B,C31,3,3,"[""SOURCE_COVBINDERINPDB"",""SOURCE_COVPDB"",""SOURCE_RCSB_PDB_DIRECT""]","[""SOURCE_COVBINDERINPDB:CBR001513"",""SOURCE_COVPDB:CovPDB_complexes/1bgo/1bgo.pdb#LINK00339"",""SOURCE_RCSB_PDB_DIRECT:1BGO:covale1""]",true,PASSED,LEAKAGE_EXISTING_GROUP_CONFLICT,"[""LEAKAGE_EXISTING_GROUP_CONFLICT""]",false,HISTORICAL_PROCESSING_ALREADY_EXECUTED,HISTORICAL_PROCESSED_OUTSIDE_CURRENT_123_ROUTING_POPULATION
5,HISTORICAL_PILOT_001_250,MULTI_SOURCE_PROVENANCE,COVAPIE_CYS_SG_EVENT_V1:1BJG:A:CYS:146-:SG:B:UFP:C6,1BJG,A,,CYS,146,SG,UFP,B,C6,2,2,"[""SOURCE_COVPDB"",""SOURCE_RCSB_PDB_DIRECT""]","[""SOURCE_COVPDB:CovPDB_complexes/1bjg/1bjg.pdb#LINK00478"",""SOURCE_RCSB_PDB_DIRECT:1BJG:covale2""]",true,PASSED,HUMAN_REVIEW_REQUIRED_PRE_CHEMISTRY,"[""PRE_CHEMISTRY_NOT_PRODUCTION_AUTHORITATIVE"",""NO_FAMILY_LEVEL_AUTO_ADMISSION""]",true,HISTORICAL_PROCESSING_ALREADY_EXECUTED,CURRENT_TWO_RULE_ROUTING_EVALUATED
6,HISTORICAL_PILOT_001_250,MULTI_SOURCE_PROVENANCE,COVAPIE_CYS_SG_EVENT_V1:1BMQ:A:CYS:285-:SG:C:MNO:C27,1BMQ,A,,CYS,285,SG,MNO,C,C27,3,3,"[""SOURCE_COVBINDERINPDB"",""SOURCE_COVPDB"",""SOURCE_RCSB_PDB_DIRECT""]","[""SOURCE_COVBINDERINPDB:CBR001955"",""SOURCE_COVPDB:CovPDB_complexes/1bmq/1bmq.pdb#LINK00378"",""SOURCE_RCSB_PDB_DIRECT:1BMQ:covale1""]",true,PASSED,STRUCTURAL_EVIDENCE_INCOMPLETE,"[""MMCIF_EXACT_CYS_SG_STRUCT_CONN_NOT_RECOVERED""]",false,HISTORICAL_PROCESSING_ALREADY_EXECUTED,HISTORICAL_PROCESSED_OUTSIDE_CURRENT_123_ROUTING_POPULATION
7,HISTORICAL_PILOT_001_250,MULTI_SOURCE_PROVENANCE,COVAPIE_CYS_SG_EVENT_V1:1BQ1:A:CYS:146-:SG:C:UMP:C6,1BQ1,A,,CYS,146,SG,UMP,C,C6,2,2,"[""SOURCE_COVBINDERINPDB"",""SOURCE_RCSB_PDB_DIRECT""]","[""SOURCE_COVBINDERINPDB:CBR004306"",""SOURCE_RCSB_PDB_DIRECT:1BQ1:covale2""]",true,PASSED,HUMAN_REVIEW_REQUIRED_PRE_CHEMISTRY,"[""PRE_CHEMISTRY_NOT_PRODUCTION_AUTHORITATIVE"",""NO_FAMILY_LEVEL_AUTO_ADMISSION""]",true,HISTORICAL_PROCESSING_ALREADY_EXECUTED,CURRENT_TWO_RULE_ROUTING_EVALUATED
8,HISTORICAL_PILOT_001_250,MULTI_SOURCE_PROVENANCE,COVAPIE_CYS_SG_EVENT_V1:1BQ1:B:CYS:146-:SG:E:UMP:C6,1BQ1,B,,CYS,146,SG,UMP,E,C6,2,2,"[""SOURCE_COVBINDERINPDB"",""SOURCE_RCSB_PDB_DIRECT""]","[""SOURCE_COVBINDERINPDB:CBR004307"",""SOURCE_RCSB_PDB_DIRECT:1BQ1:covale4""]",true,PASSED,HUMAN_REVIEW_REQUIRED_PRE_CHEMISTRY,"[""PRE_CHEMISTRY_NOT_PRODUCTION_AUTHORITATIVE"",""NO_FAMILY_LEVEL_AUTO_ADMISSION""]",true,HISTORICAL_PROCESSING_ALREADY_EXECUTED,CURRENT_TWO_RULE_ROUTING_EVALUATED
9,HISTORICAL_PILOT_001_250,MULTI_SOURCE_PROVENANCE,COVAPIE_CYS_SG_EVENT_V1:1BWC:A:CYS:58-:SG:D:AJ3:S5,1BWC,A,,CYS,58,SG,AJ3,D,S5,3,3,"[""SOURCE_COVBINDERINPDB"",""SOURCE_COVPDB"",""SOURCE_RCSB_PDB_DIRECT""]","[""SOURCE_COVBINDERINPDB:CBR001748"",""SOURCE_COVPDB:CovPDB_complexes/1bwc/1bwc.pdb#LINK00484"",""SOURCE_RCSB_PDB_DIRECT:1BWC:covale1""]",true,PASSED,HUMAN_REVIEW_REQUIRED_PRE_CHEMISTRY,"[""PRE_CHEMISTRY_NOT_PRODUCTION_AUTHORITATIVE"",""NO_FAMILY_LEVEL_AUTO_ADMISSION""]",true,HISTORICAL_PROCESSING_ALREADY_EXECUTED,CURRENT_TWO_RULE_ROUTING_EVALUATED
10,HISTORICAL_PILOT_001_250,MULTI_SOURCE_PROVENANCE,COVAPIE_CYS_SG_EVENT_V1:1CQQ:A:CYS:147-:SG:B:AG7:C19,1CQQ,A,,CYS,147,SG,AG7,B,C19,3,3,"[""SOURCE_COVBINDERINPDB"",""SOURCE_COVPDB"",""SOURCE_RCSB_PDB_DIRECT""]","[""SOURCE_COVBINDERINPDB:CBR003237"",""SOURCE_COVPDB:CovPDB_complexes/1cqq/1cqq.pdb#LINK00366"",""SOURCE_RCSB_PDB_DIRECT:1CQQ:covale1""]",true,PASSED,STRUCTURAL_EVIDENCE_INCOMPLETE,"[""MMCIF_EXACT_CYS_SG_STRUCT_CONN_NOT_RECOVERED""]",false,HISTORICAL_PROCESSING_ALREADY_EXECUTED,HISTORICAL_PROCESSED_OUTSIDE_CURRENT_123_ROUTING_POPULATION
11,HISTORICAL_PILOT_001_250,MULTI_SOURCE_PROVENANCE,COVAPIE_CYS_SG_EVENT_V1:1CR5:A:CYS:146-:SG:E:NEN:C1,1CR5,A,,CYS,146,SG,NEN,E,C1,2,2,"[""SOURCE_COVBINDERINPDB"",""SOURCE_RCSB_PDB_DIRECT""]","[""SOURCE_COVBINDERINPDB:CBR000955"",""SOURCE_RCSB_PDB_DIRECT:1CR5:covale2""]",true,PASSED,HUMAN_REVIEW_REQUIRED_PRE_CHEMISTRY,"[""PRE_CHEMISTRY_NOT_PRODUCTION_AUTHORITATIVE"",""NO_FAMILY_LEVEL_AUTO_ADMISSION""]",true,HISTORICAL_PROCESSING_ALREADY_EXECUTED,CURRENT_TWO_RULE_ROUTING_EVALUATED
12,HISTORICAL_PILOT_001_250,MULTI_SOURCE_PROVENANCE,COVAPIE_CYS_SG_EVENT_V1:1CR5:A:CYS:34-:SG:D:NEN:C1,1CR5,A,,CYS,34,SG,NEN,D,C1,2,2,"[""SOURCE_COVBINDERINPDB"",""SOURCE_RCSB_PDB_DIRECT""]","[""SOURCE_COVBINDERINPDB:CBR000954"",""SOURCE_RCSB_PDB_DIRECT:1CR5:covale1""]",true,PASSED,HUMAN_REVIEW_REQUIRED_PRE_CHEMISTRY,"[""PRE_CHEMISTRY_NOT_PRODUCTION_AUTHORITATIVE"",""NO_FAMILY_LEVEL_AUTO_ADMISSION""]",true,HISTORICAL_PROCESSING_ALREADY_EXECUTED,CURRENT_TWO_RULE_ROUTING_EVALUATED
13,HISTORICAL_PILOT_001_250,MULTI_SOURCE_PROVENANCE,COVAPIE_CYS_SG_EVENT_V1:1CR5:B:CYS:146-:SG:G:NEN:C1,1CR5,B,,CYS,146,SG,NEN,G,C1,2,2,"[""SOURCE_COVBINDERINPDB"",""SOURCE_RCSB_PDB_DIRECT""]","[""SOURCE_COVBINDERINPDB:CBR000957"",""SOURCE_RCSB_PDB_DIRECT:1CR5:covale4""]",true,PASSED,HUMAN_REVIEW_REQUIRED_PRE_CHEMISTRY,"[""PRE_CHEMISTRY_NOT_PRODUCTION_AUTHORITATIVE"",""NO_FAMILY_LEVEL_AUTO_ADMISSION""]",true,HISTORICAL_PROCESSING_ALREADY_EXECUTED,CURRENT_TWO_RULE_ROUTING_EVALUATED
14,HISTORICAL_PILOT_001_250,MULTI_SOURCE_PROVENANCE,COVAPIE_CYS_SG_EVENT_V1:1CR5:B:CYS:34-:SG:F:NEN:C1,1CR5,B,,CYS,34,SG,NEN,F,C1,2,2,"[""SOURCE_COVBINDERINPDB"",""SOURCE_RCSB_PDB_DIRECT""]","[""SOURCE_COVBINDERINPDB:CBR000956"",""SOURCE_RCSB_PDB_DIRECT:1CR5:covale3""]",true,PASSED,HUMAN_REVIEW_REQUIRED_PRE_CHEMISTRY,"[""PRE_CHEMISTRY_NOT_PRODUCTION_AUTHORITATIVE"",""NO_FAMILY_LEVEL_AUTO_ADMISSION""]",true,HISTORICAL_PROCESSING_ALREADY_EXECUTED,CURRENT_TWO_RULE_ROUTING_EVALUATED
15,HISTORICAL_PILOT_001_250,MULTI_SOURCE_PROVENANCE,COVAPIE_CYS_SG_EVENT_V1:1CR5:C:CYS:146-:SG:I:NEN:C1,1CR5,C,,CYS,146,SG,NEN,I,C1,2,2,"[""SOURCE_COVBINDERINPDB"",""SOURCE_RCSB_PDB_DIRECT""]","[""SOURCE_COVBINDERINPDB:CBR000959"",""SOURCE_RCSB_PDB_DIRECT:1CR5:covale6""]",true,PASSED,HUMAN_REVIEW_REQUIRED_PRE_CHEMISTRY,"[""PRE_CHEMISTRY_NOT_PRODUCTION_AUTHORITATIVE"",""NO_FAMILY_LEVEL_AUTO_ADMISSION""]",true,HISTORICAL_PROCESSING_ALREADY_EXECUTED,CURRENT_TWO_RULE_ROUTING_EVALUATED
16,HISTORICAL_PILOT_001_250,MULTI_SOURCE_PROVENANCE,COVAPIE_CYS_SG_EVENT_V1:1CR5:C:CYS:34-:SG:H:NEN:C1,1CR5,C,,CYS,34,SG,NEN,H,C1,2,2,"[""SOURCE_COVBINDERINPDB"",""SOURCE_RCSB_PDB_DIRECT""]","[""SOURCE_COVBINDERINPDB:CBR000958"",""SOURCE_RCSB_PDB_DIRECT:1CR5:covale5""]",true,PASSED,HUMAN_REVIEW_REQUIRED_PRE_CHEMISTRY,"[""PRE_CHEMISTRY_NOT_PRODUCTION_AUTHORITATIVE"",""NO_FAMILY_LEVEL_AUTO_ADMISSION""]",true,HISTORICAL_PROCESSING_ALREADY_EXECUTED,CURRENT_TWO_RULE_ROUTING_EVALUATED
17,HISTORICAL_PILOT_001_250,MULTI_SOURCE_PROVENANCE,COVAPIE_CYS_SG_EVENT_V1:1CTE:A:CYS:29-:SG:C:PYS:S2,1CTE,A,,CYS,29,SG,PYS,C,S2,3,3,"[""SOURCE_COVBINDERINPDB"",""SOURCE_COVPDB"",""SOURCE_RCSB_PDB_DIRECT""]","[""SOURCE_COVBINDERINPDB:CBR003402"",""SOURCE_COVPDB:CovPDB_complexes/1cte/1cte.pdb#LINK00544"",""SOURCE_RCSB_PDB_DIRECT:1CTE:covale1""]",true,PASSED,LEAKAGE_EXISTING_GROUP_CONFLICT,"[""LEAKAGE_EXISTING_GROUP_CONFLICT""]",false,HISTORICAL_PROCESSING_ALREADY_EXECUTED,HISTORICAL_PROCESSED_OUTSIDE_CURRENT_123_ROUTING_POPULATION
18,HISTORICAL_PILOT_001_250,MULTI_SOURCE_PROVENANCE,COVAPIE_CYS_SG_EVENT_V1:1CTE:B:CYS:29-:SG:D:PYS:S2,1CTE,B,,CYS,29,SG,PYS,D,S2,3,3,"[""SOURCE_COVBINDERINPDB"",""SOURCE_COVPDB"",""SOURCE_RCSB_PDB_DIRECT""]","[""SOURCE_COVBINDERINPDB:CBR003403"",""SOURCE_COVPDB:CovPDB_complexes/1cte/1cte.pdb#LINK00545"",""SOURCE_RCSB_PDB_DIRECT:1CTE:covale2""]",true,PASSED,LEAKAGE_EXISTING_GROUP_CONFLICT,"[""LEAKAGE_EXISTING_GROUP_CONFLICT""]",false,HISTORICAL_PROCESSING_ALREADY_EXECUTED,HISTORICAL_PROCESSED_OUTSIDE_CURRENT_123_ROUTING_POPULATION
19,HISTORICAL_PILOT_001_250,MULTI_SOURCE_PROVENANCE,COVAPIE_CYS_SG_EVENT_V1:1CV8:A:CYS:24-:SG:C:E64:C2,1CV8,A,,CYS,24,SG,E64,C,C2,2,2,"[""SOURCE_COVPDB"",""SOURCE_RCSB_PDB_DIRECT""]","[""SOURCE_COVPDB:CovPDB_complexes/1cv8/1cv8.pdb#LINK00363"",""SOURCE_RCSB_PDB_DIRECT:1CV8:covale1""]",true,PASSED,STRUCTURAL_EVIDENCE_INCOMPLETE,"[""MMCIF_EXACT_CYS_SG_STRUCT_CONN_NOT_RECOVERED""]",false,HISTORICAL_PROCESSING_ALREADY_EXECUTED,HISTORICAL_PROCESSED_OUTSIDE_CURRENT_123_ROUTING_POPULATION
20,HISTORICAL_PILOT_001_250,MULTI_SOURCE_PROVENANCE,COVAPIE_CYS_SG_EVENT_V1:1CVR:A:CYS:244-:SG:B:H37:C3,1CVR,A,,CYS,244,SG,H37,B,C3,2,2,"[""SOURCE_COVPDB"",""SOURCE_RCSB_PDB_DIRECT""]","[""SOURCE_COVPDB:CovPDB_complexes/1cvr/1cvr.pdb#LINK00568"",""SOURCE_RCSB_PDB_DIRECT:1CVR:covale1""]",true,PASSED,QUARANTINE_REPRESENTATION_GAP,"[""PRE_ONLY_ATOMS_CANNOT_BE_DROPPED_OR_GIVEN_COORDINATES""]",false,HISTORICAL_PROCESSING_ALREADY_EXECUTED,HISTORICAL_PROCESSED_OUTSIDE_CURRENT_123_ROUTING_POPULATION
21,HISTORICAL_PILOT_001_250,MULTI_SOURCE_PROVENANCE,COVAPIE_CYS_SG_EVENT_V1:1CVZ:A:CYS:25-:SG:B:C48:C10,1CVZ,A,,CYS,25,SG,C48,B,C10,2,2,"[""SOURCE_COVPDB"",""SOURCE_RCSB_PDB_DIRECT""]","[""SOURCE_COVPDB:CovPDB_complexes/1cvz/1cvz.pdb#LINK00344"",""SOURCE_RCSB_PDB_DIRECT:1CVZ:covale1""]",true,PASSED,LEAKAGE_EXISTING_GROUP_CONFLICT,"[""LEAKAGE_EXISTING_GROUP_CONFLICT""]",false,HISTORICAL_PROCESSING_ALREADY_EXECUTED,HISTORICAL_PROCESSED_OUTSIDE_CURRENT_123_ROUTING_POPULATION
22,HISTORICAL_PILOT_001_250,MULTI_SOURCE_PROVENANCE,COVAPIE_CYS_SG_EVENT_V1:1DC4:A:CYS:149-:SG:C:G3P:C1,1DC4,A,,CYS,149,SG,G3P,C,C1,2,2,"[""SOURCE_COVPDB"",""SOURCE_RCSB_PDB_DIRECT""]","[""SOURCE_COVPDB:CovPDB_complexes/1dc4/1dc4.pdb#LINK00562"",""SOURCE_RCSB_PDB_DIRECT:1DC4:covale9""]",true,PASSED,HUMAN_REVIEW_REQUIRED_PRE_CHEMISTRY,"[""PRE_CHEMISTRY_NOT_PRODUCTION_AUTHORITATIVE"",""NO_FAMILY_LEVEL_AUTO_ADMISSION""]",true,HISTORICAL_PROCESSING_ALREADY_EXECUTED,CURRENT_TWO_RULE_ROUTING_EVALUATED
23,HISTORICAL_PILOT_001_250,MULTI_SOURCE_PROVENANCE,COVAPIE_CYS_SG_EVENT_V1:1DC4:B:CYS:149-:SG:D:G3P:C1,1DC4,B,,CYS,149,SG,G3P,D,C1,2,2,"[""SOURCE_COVPDB"",""SOURCE_RCSB_PDB_DIRECT""]","[""SOURCE_COVPDB:CovPDB_complexes/1dc4/1dc4.pdb#LINK00563"",""SOURCE_RCSB_PDB_DIRECT:1DC4:covale24""]",true,PASSED,HUMAN_REVIEW_REQUIRED_PRE_CHEMISTRY,"[""PRE_CHEMISTRY_NOT_PRODUCTION_AUTHORITATIVE"",""NO_FAMILY_LEVEL_AUTO_ADMISSION""]",true,HISTORICAL_PROCESSING_ALREADY_EXECUTED,CURRENT_TWO_RULE_ROUTING_EVALUATED
24,HISTORICAL_PILOT_001_250,MULTI_SOURCE_PROVENANCE,COVAPIE_CYS_SG_EVENT_V1:1ECC:A:CYS:1-:SG:E:ONL:CE,1ECC,A,,CYS,1,SG,ONL,E,CE,3,3,"[""SOURCE_COVBINDERINPDB"",""SOURCE_COVPDB"",""SOURCE_RCSB_PDB_DIRECT""]","[""SOURCE_COVBINDERINPDB:CBR003690"",""SOURCE_COVPDB:CovPDB_complexes/1ecc/1ecc.pdb#LINK00656"",""SOURCE_RCSB_PDB_DIRECT:1ECC:covale1""]",true,PASSED,HUMAN_REVIEW_REQUIRED_PRE_CHEMISTRY,"[""PRE_CHEMISTRY_NOT_PRODUCTION_AUTHORITATIVE"",""NO_FAMILY_LEVEL_AUTO_ADMISSION""]",true,HISTORICAL_PROCESSING_ALREADY_EXECUTED,CURRENT_TWO_RULE_ROUTING_EVALUATED
25,HISTORICAL_PILOT_001_250,MULTI_SOURCE_PROVENANCE,COVAPIE_CYS_SG_EVENT_V1:1ECC:B:CYS:1-:SG:J:ONL:CE,1ECC,B,,CYS,1,SG,ONL,J,CE,3,3,"[""SOURCE_COVBINDERINPDB"",""SOURCE_COVPDB"",""SOURCE_RCSB_PDB_DIRECT""]","[""SOURCE_COVBINDERINPDB:CBR003691"",""SOURCE_COVPDB:CovPDB_complexes/1ecc/1ecc.pdb#LINK00663"",""SOURCE_RCSB_PDB_DIRECT:1ECC:covale2""]",true,PASSED,HUMAN_REVIEW_REQUIRED_PRE_CHEMISTRY,"[""PRE_CHEMISTRY_NOT_PRODUCTION_AUTHORITATIVE"",""NO_FAMILY_LEVEL_AUTO_ADMISSION""]",true,HISTORICAL_PROCESSING_ALREADY_EXECUTED,CURRENT_TWO_RULE_ROUTING_EVALUATED
26,HISTORICAL_PILOT_001_250,MULTI_SOURCE_PROVENANCE,COVAPIE_CYS_SG_EVENT_V1:1ECG:A:CYS:1-:SG:C:ONL:CE,1ECG,A,,CYS,1,SG,ONL,C,CE,3,3,"[""SOURCE_COVBINDERINPDB"",""SOURCE_COVPDB"",""SOURCE_RCSB_PDB_DIRECT""]","[""SOURCE_COVBINDERINPDB:CBR003692"",""SOURCE_COVPDB:CovPDB_complexes/1ecg/1ecg.pdb#LINK00684"",""SOURCE_RCSB_PDB_DIRECT:1ECG:covale1""]",true,PASSED,HUMAN_REVIEW_REQUIRED_PRE_CHEMISTRY,"[""PRE_CHEMISTRY_NOT_PRODUCTION_AUTHORITATIVE"",""NO_FAMILY_LEVEL_AUTO_ADMISSION""]",true,HISTORICAL_PROCESSING_ALREADY_EXECUTED,CURRENT_TWO_RULE_ROUTING_EVALUATED
27,HISTORICAL_PILOT_001_250,MULTI_SOURCE_PROVENANCE,COVAPIE_CYS_SG_EVENT_V1:1ECG:B:CYS:1-:SG:G:ONL:CE,1ECG,B,,CYS,1,SG,ONL,G,CE,3,3,"[""SOURCE_COVBINDERINPDB"",""SOURCE_COVPDB"",""SOURCE_RCSB_PDB_DIRECT""]","[""SOURCE_COVBINDERINPDB:CBR003693"",""SOURCE_COVPDB:CovPDB_complexes/1ecg/1ecg.pdb#LINK00685"",""SOURCE_RCSB_PDB_DIRECT:1ECG:covale2""]",true,PASSED,HUMAN_REVIEW_REQUIRED_PRE_CHEMISTRY,"[""PRE_CHEMISTRY_NOT_PRODUCTION_AUTHORITATIVE"",""NO_FAMILY_LEVEL_AUTO_ADMISSION""]",true,HISTORICAL_PROCESSING_ALREADY_EXECUTED,CURRENT_TWO_RULE_ROUTING_EVALUATED
28,HISTORICAL_PILOT_001_250,MULTI_SOURCE_PROVENANCE,COVAPIE_CYS_SG_EVENT_V1:1EWL:A:CYS:25-:SG:B:R99:C2,1EWL,A,,CYS,25,SG,R99,B,C2,2,2,"[""SOURCE_COVPDB"",""SOURCE_RCSB_PDB_DIRECT""]","[""SOURCE_COVPDB:CovPDB_complexes/1ewl/1ewl.pdb#LINK00420"",""SOURCE_RCSB_PDB_DIRECT:1EWL:covale1""]",true,PASSED,LEAKAGE_EXISTING_GROUP_CONFLICT,"[""LEAKAGE_EXISTING_GROUP_CONFLICT""]",false,HISTORICAL_PROCESSING_ALREADY_EXECUTED,HISTORICAL_PROCESSED_OUTSIDE_CURRENT_123_ROUTING_POPULATION
29,HISTORICAL_PILOT_001_250,MULTI_SOURCE_PROVENANCE,COVAPIE_CYS_SG_EVENT_V1:1EWM:A:CYS:25-:SG:B:RL2:C2,1EWM,A,,CYS,25,SG,RL2,B,C2,2,2,"[""SOURCE_COVPDB"",""SOURCE_RCSB_PDB_DIRECT""]","[""SOURCE_COVPDB:CovPDB_complexes/1ewm/1ewm.pdb#LINK00415"",""SOURCE_RCSB_PDB_DIRECT:1EWM:covale1""]",true,PASSED,LEAKAGE_EXISTING_GROUP_CONFLICT,"[""LEAKAGE_EXISTING_GROUP_CONFLICT""]",false,HISTORICAL_PROCESSING_ALREADY_EXECUTED,HISTORICAL_PROCESSED_OUTSIDE_CURRENT_123_ROUTING_POPULATION
30,HISTORICAL_PILOT_001_250,MULTI_SOURCE_PROVENANCE,COVAPIE_CYS_SG_EVENT_V1:1EWO:A:CYS:25-:SG:B:VSC:C32,1EWO,A,,CYS,25,SG,VSC,B,C32,2,2,"[""SOURCE_COVPDB"",""SOURCE_RCSB_PDB_DIRECT""]","[""SOURCE_COVPDB:CovPDB_complexes/1ewo/1ewo.pdb#LINK00370"",""SOURCE_RCSB_PDB_DIRECT:1EWO:covale1""]",true,PASSED,LEAKAGE_EXISTING_GROUP_CONFLICT,"[""LEAKAGE_EXISTING_GROUP_CONFLICT""]",false,HISTORICAL_PROCESSING_ALREADY_EXECUTED,HISTORICAL_PROCESSED_OUTSIDE_CURRENT_123_ROUTING_POPULATION
31,HISTORICAL_PILOT_001_250,MULTI_SOURCE_PROVENANCE,COVAPIE_CYS_SG_EVENT_V1:1EWP:A:CYS:25-:SG:B:0I5:CM,1EWP,A,,CYS,25,SG,0I5,B,CM,2,2,"[""SOURCE_COVPDB"",""SOURCE_RCSB_PDB_DIRECT""]","[""SOURCE_COVPDB:CovPDB_complexes/1ewp/1ewp.pdb#LINK00423"",""SOURCE_RCSB_PDB_DIRECT:1EWP:covale1""]",true,PASSED,LEAKAGE_EXISTING_GROUP_CONFLICT,"[""LEAKAGE_EXISTING_GROUP_CONFLICT""]",false,HISTORICAL_PROCESSING_ALREADY_EXECUTED,HISTORICAL_PROCESSED_OUTSIDE_CURRENT_123_ROUTING_POPULATION
32,HISTORICAL_PILOT_001_250,MULTI_SOURCE_PROVENANCE,COVAPIE_CYS_SG_EVENT_V1:1F28:A:CYS:173-:SG:E:UMP:C6,1F28,A,,CYS,173,SG,UMP,E,C6,3,3,"[""SOURCE_COVBINDERINPDB"",""SOURCE_COVPDB"",""SOURCE_RCSB_PDB_DIRECT""]","[""SOURCE_COVBINDERINPDB:CBR004625"",""SOURCE_COVPDB:CovPDB_complexes/1f28/1f28.pdb#LINK00626"",""SOURCE_RCSB_PDB_DIRECT:1F28:covale1""]",true,PASSED,HUMAN_REVIEW_REQUIRED_PRE_CHEMISTRY,"[""PRE_CHEMISTRY_NOT_PRODUCTION_AUTHORITATIVE"",""NO_FAMILY_LEVEL_AUTO_ADMISSION""]",true,HISTORICAL_PROCESSING_ALREADY_EXECUTED,CURRENT_TWO_RULE_ROUTING_EVALUATED
33,HISTORICAL_PILOT_001_250,MULTI_SOURCE_PROVENANCE,COVAPIE_CYS_SG_EVENT_V1:1F28:C:CYS:173-:SG:I:UMP:C6,1F28,C,,CYS,173,SG,UMP,I,C6,3,3,"[""SOURCE_COVBINDERINPDB"",""SOURCE_COVPDB"",""SOURCE_RCSB_PDB_DIRECT""]","[""SOURCE_COVBINDERINPDB:CBR004626"",""SOURCE_COVPDB:CovPDB_complexes/1f28/1f28.pdb#LINK00627"",""SOURCE_RCSB_PDB_DIRECT:1F28:covale2""]",true,PASSED,HUMAN_REVIEW_REQUIRED_PRE_CHEMISTRY,"[""PRE_CHEMISTRY_NOT_PRODUCTION_AUTHORITATIVE"",""NO_FAMILY_LEVEL_AUTO_ADMISSION""]",true,HISTORICAL_PROCESSING_ALREADY_EXECUTED,CURRENT_TWO_RULE_ROUTING_EVALUATED
34,HISTORICAL_PILOT_001_250,MULTI_SOURCE_PROVENANCE,COVAPIE_CYS_SG_EVENT_V1:1F29:A:CYS:25-:SG:D:VS1:C22,1F29,A,,CYS,25,SG,VS1,D,C22,3,3,"[""SOURCE_COVBINDERINPDB"",""SOURCE_COVPDB"",""SOURCE_RCSB_PDB_DIRECT""]","[""SOURCE_COVBINDERINPDB:CBR004621"",""SOURCE_COVPDB:CovPDB_complexes/1f29/1f29.pdb#LINK00456"",""SOURCE_RCSB_PDB_DIRECT:1F29:covale1""]",true,PASSED,LEAKAGE_EXISTING_GROUP_CONFLICT,"[""LEAKAGE_EXISTING_GROUP_CONFLICT""]",false,HISTORICAL_PROCESSING_ALREADY_EXECUTED,HISTORICAL_PROCESSED_OUTSIDE_CURRENT_123_ROUTING_POPULATION
35,HISTORICAL_PILOT_001_250,MULTI_SOURCE_PROVENANCE,COVAPIE_CYS_SG_EVENT_V1:1F29:B:CYS:25-:SG:E:VS1:C22,1F29,B,,CYS,25,SG,VS1,E,C22,3,3,"[""SOURCE_COVBINDERINPDB"",""SOURCE_COVPDB"",""SOURCE_RCSB_PDB_DIRECT""]","[""SOURCE_COVBINDERINPDB:CBR004622"",""SOURCE_COVPDB:CovPDB_complexes/1f29/1f29.pdb#LINK00457"",""SOURCE_RCSB_PDB_DIRECT:1F29:covale2""]",true,PASSED,LEAKAGE_EXISTING_GROUP_CONFLICT,"[""LEAKAGE_EXISTING_GROUP_CONFLICT""]",false,HISTORICAL_PROCESSING_ALREADY_EXECUTED,HISTORICAL_PROCESSED_OUTSIDE_CURRENT_123_ROUTING_POPULATION
36,HISTORICAL_PILOT_001_250,MULTI_SOURCE_PROVENANCE,COVAPIE_CYS_SG_EVENT_V1:1F29:C:CYS:25-:SG:F:VS1:C22,1F29,C,,CYS,25,SG,VS1,F,C22,3,3,"[""SOURCE_COVBINDERINPDB"",""SOURCE_COVPDB"",""SOURCE_RCSB_PDB_DIRECT""]","[""SOURCE_COVBINDERINPDB:CBR004623"",""SOURCE_COVPDB:CovPDB_complexes/1f29/1f29.pdb#LINK00458"",""SOURCE_RCSB_PDB_DIRECT:1F29:covale3""]",true,PASSED,LEAKAGE_EXISTING_GROUP_CONFLICT,"[""LEAKAGE_EXISTING_GROUP_CONFLICT""]",false,HISTORICAL_PROCESSING_ALREADY_EXECUTED,HISTORICAL_PROCESSED_OUTSIDE_CURRENT_123_ROUTING_POPULATION
37,HISTORICAL_PILOT_001_250,MULTI_SOURCE_PROVENANCE,COVAPIE_CYS_SG_EVENT_V1:1F2A:A:CYS:25-:SG:B:VS2:C27,1F2A,A,,CYS,25,SG,VS2,B,C27,3,3,"[""SOURCE_COVBINDERINPDB"",""SOURCE_COVPDB"",""SOURCE_RCSB_PDB_DIRECT""]","[""SOURCE_COVBINDERINPDB:CBR004617"",""SOURCE_COVPDB:CovPDB_complexes/1f2a/1f2a.pdb#LINK00320"",""SOURCE_RCSB_PDB_DIRECT:1F2A:covale1""]",true,PASSED,LEAKAGE_EXISTING_GROUP_CONFLICT,"[""LEAKAGE_EXISTING_GROUP_CONFLICT""]",false,HISTORICAL_PROCESSING_ALREADY_EXECUTED,HISTORICAL_PROCESSED_OUTSIDE_CURRENT_123_ROUTING_POPULATION
38,HISTORICAL_PILOT_001_250,MULTI_SOURCE_PROVENANCE,COVAPIE_CYS_SG_EVENT_V1:1F2B:A:CYS:25-:SG:B:VS3:C27,1F2B,A,,CYS,25,SG,VS3,B,C27,3,3,"[""SOURCE_COVBINDERINPDB"",""SOURCE_COVPDB"",""SOURCE_RCSB_PDB_DIRECT""]","[""SOURCE_COVBINDERINPDB:CBR004615"",""SOURCE_COVPDB:CovPDB_complexes/1f2b/1f2b.pdb#LINK00323"",""SOURCE_RCSB_PDB_DIRECT:1F2B:covale1""]",true,PASSED,LEAKAGE_EXISTING_GROUP_CONFLICT,"[""LEAKAGE_EXISTING_GROUP_CONFLICT""]",false,HISTORICAL_PROCESSING_ALREADY_EXECUTED,HISTORICAL_PROCESSED_OUTSIDE_CURRENT_123_ROUTING_POPULATION
39,HISTORICAL_PILOT_001_250,MULTI_SOURCE_PROVENANCE,COVAPIE_CYS_SG_EVENT_V1:1F2C:A:CYS:25-:SG:B:VS4:C27,1F2C,A,,CYS,25,SG,VS4,B,C27,3,3,"[""SOURCE_COVBINDERINPDB"",""SOURCE_COVPDB"",""SOURCE_RCSB_PDB_DIRECT""]","[""SOURCE_COVBINDERINPDB:CBR004624"",""SOURCE_COVPDB:CovPDB_complexes/1f2c/1f2c.pdb#LINK00324"",""SOURCE_RCSB_PDB_DIRECT:1F2C:covale1""]",true,PASSED,LEAKAGE_EXISTING_GROUP_CONFLICT,"[""LEAKAGE_EXISTING_GROUP_CONFLICT""]",false,HISTORICAL_PROCESSING_ALREADY_EXECUTED,HISTORICAL_PROCESSED_OUTSIDE_CURRENT_123_ROUTING_POPULATION
40,HISTORICAL_PILOT_001_250,MULTI_SOURCE_PROVENANCE,COVAPIE_CYS_SG_EVENT_V1:1F42:A:CYS:177-:SG:C:MNB:S5,1F42,A,,CYS,177,SG,MNB,C,S5,2,2,"[""SOURCE_COVPDB"",""SOURCE_RCSB_PDB_DIRECT""]","[""SOURCE_COVPDB:CovPDB_complexes/1f42/1f42.pdb#LINK00442"",""SOURCE_RCSB_PDB_DIRECT:1F42:covale1""]",true,PASSED,LEAKAGE_EXISTING_GROUP_CONFLICT,"[""LEAKAGE_EXISTING_GROUP_CONFLICT""]",false,HISTORICAL_PROCESSING_ALREADY_EXECUTED,HISTORICAL_PROCESSED_OUTSIDE_CURRENT_123_ROUTING_POPULATION
41,HISTORICAL_PILOT_001_250,MULTI_SOURCE_PROVENANCE,COVAPIE_CYS_SG_EVENT_V1:1F42:A:CYS:252-:SG:D:MNB:S5,1F42,A,,CYS,252,SG,MNB,D,S5,2,2,"[""SOURCE_COVPDB"",""SOURCE_RCSB_PDB_DIRECT""]","[""SOURCE_COVPDB:CovPDB_complexes/1f42/1f42.pdb#LINK00444"",""SOURCE_RCSB_PDB_DIRECT:1F42:covale3""]",true,PASSED,LEAKAGE_EXISTING_GROUP_CONFLICT,"[""LEAKAGE_EXISTING_GROUP_CONFLICT""]",false,HISTORICAL_PROCESSING_ALREADY_EXECUTED,HISTORICAL_PROCESSED_OUTSIDE_CURRENT_123_ROUTING_POPULATION
42,HISTORICAL_PILOT_001_250,MULTI_SOURCE_PROVENANCE,COVAPIE_CYS_SG_EVENT_V1:1F4C:A:CYS:146-:SG:F:TP2:S1,1F4C,A,,CYS,146,SG,TP2,F,S1,2,2,"[""SOURCE_COVPDB"",""SOURCE_RCSB_PDB_DIRECT""]","[""SOURCE_COVPDB:CovPDB_complexes/1f4c/1f4c.pdb#LINK00485"",""SOURCE_RCSB_PDB_DIRECT:1F4C:covale2""]",true,PASSED,HUMAN_REVIEW_REQUIRED_PRE_CHEMISTRY,"[""PRE_CHEMISTRY_NOT_PRODUCTION_AUTHORITATIVE"",""NO_FAMILY_LEVEL_AUTO_ADMISSION""]",true,HISTORICAL_PROCESSING_ALREADY_EXECUTED,CURRENT_TWO_RULE_ROUTING_EVALUATED
43,HISTORICAL_PILOT_001_250,MULTI_SOURCE_PROVENANCE,COVAPIE_CYS_SG_EVENT_V1:1F4C:B:CYS:146-:SG:I:TP2:S1,1F4C,B,,CYS,146,SG,TP2,I,S1,2,2,"[""SOURCE_COVPDB"",""SOURCE_RCSB_PDB_DIRECT""]","[""SOURCE_COVPDB:CovPDB_complexes/1f4c/1f4c.pdb#LINK00486"",""SOURCE_RCSB_PDB_DIRECT:1F4C:covale4""]",true,PASSED,HUMAN_REVIEW_REQUIRED_PRE_CHEMISTRY,"[""PRE_CHEMISTRY_NOT_PRODUCTION_AUTHORITATIVE"",""NO_FAMILY_LEVEL_AUTO_ADMISSION""]",true,HISTORICAL_PROCESSING_ALREADY_EXECUTED,CURRENT_TWO_RULE_ROUTING_EVALUATED
44,HISTORICAL_PILOT_001_250,MULTI_SOURCE_PROVENANCE,COVAPIE_CYS_SG_EVENT_V1:1F4D:A:CYS:143-:SG:E:TP2:S1,1F4D,A,,CYS,143,SG,TP2,E,S1,2,2,"[""SOURCE_COVPDB"",""SOURCE_RCSB_PDB_DIRECT""]","[""SOURCE_COVPDB:CovPDB_complexes/1f4d/1f4d.pdb#LINK00530"",""SOURCE_RCSB_PDB_DIRECT:1F4D:covale2""]",true,PASSED,HUMAN_REVIEW_REQUIRED_PRE_CHEMISTRY,"[""PRE_CHEMISTRY_NOT_PRODUCTION_AUTHORITATIVE"",""NO_FAMILY_LEVEL_AUTO_ADMISSION""]",true,HISTORICAL_PROCESSING_ALREADY_EXECUTED,CURRENT_TWO_RULE_ROUTING_EVALUATED
45,HISTORICAL_PILOT_001_250,MULTI_SOURCE_PROVENANCE,COVAPIE_CYS_SG_EVENT_V1:1F4D:B:CYS:143-:SG:I:TP2:S1,1F4D,B,,CYS,143,SG,TP2,I,S1,2,2,"[""SOURCE_COVPDB"",""SOURCE_RCSB_PDB_DIRECT""]","[""SOURCE_COVPDB:CovPDB_complexes/1f4d/1f4d.pdb#LINK00531"",""SOURCE_RCSB_PDB_DIRECT:1F4D:covale4""]",true,PASSED,HUMAN_REVIEW_REQUIRED_PRE_CHEMISTRY,"[""PRE_CHEMISTRY_NOT_PRODUCTION_AUTHORITATIVE"",""NO_FAMILY_LEVEL_AUTO_ADMISSION""]",true,HISTORICAL_PROCESSING_ALREADY_EXECUTED,CURRENT_TWO_RULE_ROUTING_EVALUATED
46,HISTORICAL_PILOT_001_250,MULTI_SOURCE_PROVENANCE,COVAPIE_CYS_SG_EVENT_V1:1F8M:A:CYS:191-:SG:F:PYR:CB,1F8M,A,,CYS,191,SG,PYR,F,CB,2,2,"[""SOURCE_COVBINDERINPDB"",""SOURCE_RCSB_PDB_DIRECT""]","[""SOURCE_COVBINDERINPDB:CBR002054"",""SOURCE_RCSB_PDB_DIRECT:1F8M:covale1""]",true,PASSED,HUMAN_REVIEW_REQUIRED_PRE_CHEMISTRY,"[""PRE_CHEMISTRY_NOT_PRODUCTION_AUTHORITATIVE"",""NO_FAMILY_LEVEL_AUTO_ADMISSION""]",true,HISTORICAL_PROCESSING_ALREADY_EXECUTED,CURRENT_TWO_RULE_ROUTING_EVALUATED
47,HISTORICAL_PILOT_001_250,MULTI_SOURCE_PROVENANCE,COVAPIE_CYS_SG_EVENT_V1:1F8M:B:CYS:191-:SG:H:PYR:CB,1F8M,B,,CYS,191,SG,PYR,H,CB,2,2,"[""SOURCE_COVBINDERINPDB"",""SOURCE_RCSB_PDB_DIRECT""]","[""SOURCE_COVBINDERINPDB:CBR002055"",""SOURCE_RCSB_PDB_DIRECT:1F8M:covale2""]",true,PASSED,HUMAN_REVIEW_REQUIRED_PRE_CHEMISTRY,"[""PRE_CHEMISTRY_NOT_PRODUCTION_AUTHORITATIVE"",""NO_FAMILY_LEVEL_AUTO_ADMISSION""]",true,HISTORICAL_PROCESSING_ALREADY_EXECUTED,CURRENT_TWO_RULE_ROUTING_EVALUATED
48,HISTORICAL_PILOT_001_250,MULTI_SOURCE_PROVENANCE,COVAPIE_CYS_SG_EVENT_V1:1F8M:C:CYS:191-:SG:J:PYR:CB,1F8M,C,,CYS,191,SG,PYR,J,CB,2,2,"[""SOURCE_COVBINDERINPDB"",""SOURCE_RCSB_PDB_DIRECT""]","[""SOURCE_COVBINDERINPDB:CBR002056"",""SOURCE_RCSB_PDB_DIRECT:1F8M:covale3""]",true,PASSED,HUMAN_REVIEW_REQUIRED_PRE_CHEMISTRY,"[""PRE_CHEMISTRY_NOT_PRODUCTION_AUTHORITATIVE"",""NO_FAMILY_LEVEL_AUTO_ADMISSION""]",true,HISTORICAL_PROCESSING_ALREADY_EXECUTED,CURRENT_TWO_RULE_ROUTING_EVALUATED
49,HISTORICAL_PILOT_001_250,MULTI_SOURCE_PROVENANCE,COVAPIE_CYS_SG_EVENT_V1:1F8M:D:CYS:191-:SG:L:PYR:CB,1F8M,D,,CYS,191,SG,PYR,L,CB,2,2,"[""SOURCE_COVBINDERINPDB"",""SOURCE_RCSB_PDB_DIRECT""]","[""SOURCE_COVBINDERINPDB:CBR002057"",""SOURCE_RCSB_PDB_DIRECT:1F8M:covale4""]",true,PASSED,HUMAN_REVIEW_REQUIRED_PRE_CHEMISTRY,"[""PRE_CHEMISTRY_NOT_PRODUCTION_AUTHORITATIVE"",""NO_FAMILY_LEVEL_AUTO_ADMISSION""]",true,HISTORICAL_PROCESSING_ALREADY_EXECUTED,CURRENT_TWO_RULE_ROUTING_EVALUATED
50,HISTORICAL_PILOT_001_250,MULTI_SOURCE_PROVENANCE,COVAPIE_CYS_SG_EVENT_V1:1FH0:A:CYS:25-:SG:C:0IW:C21,1FH0,A,,CYS,25,SG,0IW,C,C21,3,3,"[""SOURCE_COVBINDERINPDB"",""SOURCE_COVPDB"",""SOURCE_RCSB_PDB_DIRECT""]","[""SOURCE_COVBINDERINPDB:CBR002638"",""SOURCE_COVPDB:CovPDB_complexes/1fh0/1fh0.pdb#LINK00473"",""SOURCE_RCSB_PDB_DIRECT:1FH0:covale1""]",true,PASSED,LEAKAGE_EXISTING_GROUP_CONFLICT,"[""LEAKAGE_EXISTING_GROUP_CONFLICT""]",false,HISTORICAL_PROCESSING_ALREADY_EXECUTED,HISTORICAL_PROCESSED_OUTSIDE_CURRENT_123_ROUTING_POPULATION
51,HISTORICAL_PILOT_001_250,MULTI_SOURCE_PROVENANCE,COVAPIE_CYS_SG_EVENT_V1:1FH0:B:CYS:2025-:SG:E:0IW:C21,1FH0,B,,CYS,2025,SG,0IW,E,C21,3,3,"[""SOURCE_COVBINDERINPDB"",""SOURCE_COVPDB"",""SOURCE_RCSB_PDB_DIRECT""]","[""SOURCE_COVBINDERINPDB:CBR002639"",""SOURCE_COVPDB:CovPDB_complexes/1fh0/1fh0.pdb#LINK00474"",""SOURCE_RCSB_PDB_DIRECT:1FH0:covale2""]",true,PASSED,LEAKAGE_EXISTING_GROUP_CONFLICT,"[""LEAKAGE_EXISTING_GROUP_CONFLICT""]",false,HISTORICAL_PROCESSING_ALREADY_EXECUTED,HISTORICAL_PROCESSED_OUTSIDE_CURRENT_123_ROUTING_POPULATION
52,HISTORICAL_PILOT_001_250,MULTI_SOURCE_PROVENANCE,COVAPIE_CYS_SG_EVENT_V1:1FJ8:A:CYS:163-:SG:E:CER:C2,1FJ8,A,,CYS,163,SG,CER,E,C2,2,2,"[""SOURCE_COVPDB"",""SOURCE_RCSB_PDB_DIRECT""]","[""SOURCE_COVPDB:CovPDB_complexes/1fj8/1fj8.pdb#LINK00656"",""SOURCE_RCSB_PDB_DIRECT:1FJ8:covale1""]",true,PASSED,HUMAN_REVIEW_REQUIRED_PRE_CHEMISTRY,"[""PRE_CHEMISTRY_NOT_PRODUCTION_AUTHORITATIVE"",""NO_FAMILY_LEVEL_AUTO_ADMISSION""]",true,HISTORICAL_PROCESSING_ALREADY_EXECUTED,CURRENT_TWO_RULE_ROUTING_EVALUATED
53,HISTORICAL_PILOT_001_250,MULTI_SOURCE_PROVENANCE,COVAPIE_CYS_SG_EVENT_V1:1FJ8:B:CYS:163-:SG:F:CER:C2,1FJ8,B,,CYS,163,SG,CER,F,C2,2,2,"[""SOURCE_COVPDB"",""SOURCE_RCSB_PDB_DIRECT""]","[""SOURCE_COVPDB:CovPDB_complexes/1fj8/1fj8.pdb#LINK00657"",""SOURCE_RCSB_PDB_DIRECT:1FJ8:covale2""]",true,PASSED,HUMAN_REVIEW_REQUIRED_PRE_CHEMISTRY,"[""PRE_CHEMISTRY_NOT_PRODUCTION_AUTHORITATIVE"",""NO_FAMILY_LEVEL_AUTO_ADMISSION""]",true,HISTORICAL_PROCESSING_ALREADY_EXECUTED,CURRENT_TWO_RULE_ROUTING_EVALUATED
54,HISTORICAL_PILOT_001_250,MULTI_SOURCE_PROVENANCE,COVAPIE_CYS_SG_EVENT_V1:1FJ8:C:CYS:163-:SG:G:CER:C2,1FJ8,C,,CYS,163,SG,CER,G,C2,2,2,"[""SOURCE_COVPDB"",""SOURCE_RCSB_PDB_DIRECT""]","[""SOURCE_COVPDB:CovPDB_complexes/1fj8/1fj8.pdb#LINK00658"",""SOURCE_RCSB_PDB_DIRECT:1FJ8:covale3""]",true,PASSED,HUMAN_REVIEW_REQUIRED_PRE_CHEMISTRY,"[""PRE_CHEMISTRY_NOT_PRODUCTION_AUTHORITATIVE"",""NO_FAMILY_LEVEL_AUTO_ADMISSION""]",true,HISTORICAL_PROCESSING_ALREADY_EXECUTED,CURRENT_TWO_RULE_ROUTING_EVALUATED
55,HISTORICAL_PILOT_001_250,MULTI_SOURCE_PROVENANCE,COVAPIE_CYS_SG_EVENT_V1:1FJ8:D:CYS:163-:SG:H:CER:C2,1FJ8,D,,CYS,163,SG,CER,H,C2,2,2,"[""SOURCE_COVPDB"",""SOURCE_RCSB_PDB_DIRECT""]","[""SOURCE_COVPDB:CovPDB_complexes/1fj8/1fj8.pdb#LINK00659"",""SOURCE_RCSB_PDB_DIRECT:1FJ8:covale4""]",true,PASSED,HUMAN_REVIEW_REQUIRED_PRE_CHEMISTRY,"[""PRE_CHEMISTRY_NOT_PRODUCTION_AUTHORITATIVE"",""NO_FAMILY_LEVEL_AUTO_ADMISSION""]",true,HISTORICAL_PROCESSING_ALREADY_EXECUTED,CURRENT_TWO_RULE_ROUTING_EVALUATED
56,HISTORICAL_PILOT_001_250,MULTI_SOURCE_PROVENANCE,COVAPIE_CYS_SG_EVENT_V1:1FVG:A:CYS:218-:SG:B:DTT:S4,1FVG,A,,CYS,218,SG,DTT,B,S4,2,2,"[""SOURCE_COVBINDERINPDB"",""SOURCE_RCSB_PDB_DIRECT""]","[""SOURCE_COVBINDERINPDB:CBR003143"",""SOURCE_RCSB_PDB_DIRECT:1FVG:covale8""]",true,PASSED,HUMAN_REVIEW_REQUIRED_PRE_CHEMISTRY,"[""PRE_CHEMISTRY_NOT_PRODUCTION_AUTHORITATIVE"",""NO_FAMILY_LEVEL_AUTO_ADMISSION""]",true,HISTORICAL_PROCESSING_ALREADY_EXECUTED,CURRENT_TWO_RULE_ROUTING_EVALUATED
57,HISTORICAL_PILOT_001_250,MULTI_SOURCE_PROVENANCE,COVAPIE_CYS_SG_EVENT_V1:1FVG:A:CYS:72-:SG:B:DTT:S1,1FVG,A,,CYS,72,SG,DTT,B,S1,2,2,"[""SOURCE_COVBINDERINPDB"",""SOURCE_RCSB_PDB_DIRECT""]","[""SOURCE_COVBINDERINPDB:CBR003142"",""SOURCE_RCSB_PDB_DIRECT:1FVG:covale5""]",true,PASSED,HUMAN_REVIEW_REQUIRED_PRE_CHEMISTRY,"[""PRE_CHEMISTRY_NOT_PRODUCTION_AUTHORITATIVE"",""NO_FAMILY_LEVEL_AUTO_ADMISSION""]",true,HISTORICAL_PROCESSING_ALREADY_EXECUTED,CURRENT_TWO_RULE_ROUTING_EVALUATED
58,HISTORICAL_PILOT_001_250,MULTI_SOURCE_PROVENANCE,COVAPIE_CYS_SG_EVENT_V1:1GFW:A:CYS:163-:SG:C:MSI:C3,1GFW,A,,CYS,163,SG,MSI,C,C3,2,2,"[""SOURCE_COVBINDERINPDB"",""SOURCE_RCSB_PDB_DIRECT""]","[""SOURCE_COVBINDERINPDB:CBR002042"",""SOURCE_RCSB_PDB_DIRECT:1GFW:covale1""]",true,PASSED,STRUCTURAL_EVIDENCE_INCOMPLETE,"[""MMCIF_EXACT_CYS_SG_STRUCT_CONN_NOT_RECOVERED""]",false,HISTORICAL_PROCESSING_ALREADY_EXECUTED,HISTORICAL_PROCESSED_OUTSIDE_CURRENT_123_ROUTING_POPULATION
59,HISTORICAL_PILOT_001_250,MULTI_SOURCE_PROVENANCE,COVAPIE_CYS_SG_EVENT_V1:1GMY:A:CYS:29-:SG:D:AEM:C1,1GMY,A,,CYS,29,SG,AEM,D,C1,3,3,"[""SOURCE_COVBINDERINPDB"",""SOURCE_COVPDB"",""SOURCE_RCSB_PDB_DIRECT""]","[""SOURCE_COVBINDERINPDB:CBR004634"",""SOURCE_COVPDB:CovPDB_complexes/1gmy/1gmy.pdb#LINK00597"",""SOURCE_RCSB_PDB_DIRECT:1GMY:covale1""]",true,PASSED,LEAKAGE_EXISTING_GROUP_CONFLICT,"[""LEAKAGE_EXISTING_GROUP_CONFLICT""]",false,HISTORICAL_PROCESSING_ALREADY_EXECUTED,HISTORICAL_PROCESSED_OUTSIDE_CURRENT_123_ROUTING_POPULATION
60,HISTORICAL_PILOT_001_250,MULTI_SOURCE_PROVENANCE,COVAPIE_CYS_SG_EVENT_V1:1GMY:B:CYS:29-:SG:G:AEM:C1,1GMY,B,,CYS,29,SG,AEM,G,C1,3,3,"[""SOURCE_COVBINDERINPDB"",""SOURCE_COVPDB"",""SOURCE_RCSB_PDB_DIRECT""]","[""SOURCE_COVBINDERINPDB:CBR004635"",""SOURCE_COVPDB:CovPDB_complexes/1gmy/1gmy.pdb#LINK00600"",""SOURCE_RCSB_PDB_DIRECT:1GMY:covale4""]",true,PASSED,LEAKAGE_EXISTING_GROUP_CONFLICT,"[""LEAKAGE_EXISTING_GROUP_CONFLICT""]",false,HISTORICAL_PROCESSING_ALREADY_EXECUTED,HISTORICAL_PROCESSED_OUTSIDE_CURRENT_123_ROUTING_POPULATION
61,HISTORICAL_PILOT_001_250,MULTI_SOURCE_PROVENANCE,COVAPIE_CYS_SG_EVENT_V1:1GMY:C:CYS:29-:SG:J:AEM:C1,1GMY,C,,CYS,29,SG,AEM,J,C1,3,3,"[""SOURCE_COVBINDERINPDB"",""SOURCE_COVPDB"",""SOURCE_RCSB_PDB_DIRECT""]","[""SOURCE_COVBINDERINPDB:CBR004636"",""SOURCE_COVPDB:CovPDB_complexes/1gmy/1gmy.pdb#LINK00603"",""SOURCE_RCSB_PDB_DIRECT:1GMY:covale7""]",true,PASSED,LEAKAGE_EXISTING_GROUP_CONFLICT,"[""LEAKAGE_EXISTING_GROUP_CONFLICT""]",false,HISTORICAL_PROCESSING_ALREADY_EXECUTED,HISTORICAL_PROCESSED_OUTSIDE_CURRENT_123_ROUTING_POPULATION
62,HISTORICAL_PILOT_001_250,MULTI_SOURCE_PROVENANCE,COVAPIE_CYS_SG_EVENT_V1:1GRH:A:CYS:58-:SG:D:EOH:C2,1GRH,A,,CYS,58,SG,EOH,D,C2,2,2,"[""SOURCE_COVBINDERINPDB"",""SOURCE_RCSB_PDB_DIRECT""]","[""SOURCE_COVBINDERINPDB:CBR004601"",""SOURCE_RCSB_PDB_DIRECT:1GRH:covale1""]",true,PASSED,STRUCTURAL_EVIDENCE_INCOMPLETE,"[""MMCIF_EXACT_CYS_SG_STRUCT_CONN_NOT_RECOVERED""]",false,HISTORICAL_PROCESSING_ALREADY_EXECUTED,HISTORICAL_PROCESSED_OUTSIDE_CURRENT_123_ROUTING_POPULATION
63,HISTORICAL_PILOT_001_250,MULTI_SOURCE_PROVENANCE,COVAPIE_CYS_SG_EVENT_V1:1GSN:A:CYS:58-:SG:D:GSH:SG2,1GSN,A,,CYS,58,SG,GSH,D,SG2,2,2,"[""SOURCE_COVBINDERINPDB"",""SOURCE_RCSB_PDB_DIRECT""]","[""SOURCE_COVBINDERINPDB:CBR002080"",""SOURCE_RCSB_PDB_DIRECT:1GSN:covale1""]",true,PASSED,HUMAN_REVIEW_REQUIRED_PRE_CHEMISTRY,"[""PRE_CHEMISTRY_NOT_PRODUCTION_AUTHORITATIVE"",""NO_FAMILY_LEVEL_AUTO_ADMISSION""]",true,HISTORICAL_PROCESSING_ALREADY_EXECUTED,CURRENT_TWO_RULE_ROUTING_EVALUATED
64,HISTORICAL_PILOT_001_250,MULTI_SOURCE_PROVENANCE,COVAPIE_CYS_SG_EVENT_V1:1GXF:A:CYS:53-:SG:F:QUM:C26,1GXF,A,,CYS,53,SG,QUM,F,C26,2,2,"[""SOURCE_COVBINDERINPDB"",""SOURCE_RCSB_PDB_DIRECT""]","[""SOURCE_COVBINDERINPDB:CBR005019"",""SOURCE_RCSB_PDB_DIRECT:1GXF:covale1""]",true,PASSED,QUARANTINE_REPRESENTATION_GAP,"[""PRE_ONLY_ATOMS_CANNOT_BE_DROPPED_OR_GIVEN_COORDINATES""]",false,HISTORICAL_PROCESSING_ALREADY_EXECUTED,HISTORICAL_PROCESSED_OUTSIDE_CURRENT_123_ROUTING_POPULATION
65,HISTORICAL_PILOT_001_250,MULTI_SOURCE_PROVENANCE,COVAPIE_CYS_SG_EVENT_V1:1GXF:B:CYS:53-:SG:I:QUM:C26,1GXF,B,,CYS,53,SG,QUM,I,C26,2,2,"[""SOURCE_COVBINDERINPDB"",""SOURCE_RCSB_PDB_DIRECT""]","[""SOURCE_COVBINDERINPDB:CBR005022"",""SOURCE_RCSB_PDB_DIRECT:1GXF:covale4""]",true,PASSED,QUARANTINE_REPRESENTATION_GAP,"[""PRE_ONLY_ATOMS_CANNOT_BE_DROPPED_OR_GIVEN_COORDINATES""]",false,HISTORICAL_PROCESSING_ALREADY_EXECUTED,HISTORICAL_PROCESSED_OUTSIDE_CURRENT_123_ROUTING_POPULATION
66,HISTORICAL_PILOT_001_250,MULTI_SOURCE_PROVENANCE,COVAPIE_CYS_SG_EVENT_V1:1HVY:A:CYS:195-:SG:F:UMP:C6,1HVY,A,,CYS,195,SG,UMP,F,C6,3,3,"[""SOURCE_COVBINDERINPDB"",""SOURCE_COVPDB"",""SOURCE_RCSB_PDB_DIRECT""]","[""SOURCE_COVBINDERINPDB:CBR001322"",""SOURCE_COVPDB:CovPDB_complexes/1hvy/1hvy.pdb#LINK00583"",""SOURCE_RCSB_PDB_DIRECT:1HVY:covale3""]",true,PASSED,HUMAN_REVIEW_REQUIRED_PRE_CHEMISTRY,"[""PRE_CHEMISTRY_NOT_PRODUCTION_AUTHORITATIVE"",""NO_FAMILY_LEVEL_AUTO_ADMISSION""]",true,HISTORICAL_PROCESSING_ALREADY_EXECUTED,CURRENT_TWO_RULE_ROUTING_EVALUATED
67,HISTORICAL_PILOT_001_250,MULTI_SOURCE_PROVENANCE,COVAPIE_CYS_SG_EVENT_V1:1HVY:B:CYS:195-:SG:I:UMP:C6,1HVY,B,,CYS,195,SG,UMP,I,C6,3,3,"[""SOURCE_COVBINDERINPDB"",""SOURCE_COVPDB"",""SOURCE_RCSB_PDB_DIRECT""]","[""SOURCE_COVBINDERINPDB:CBR001320"",""SOURCE_COVPDB:CovPDB_complexes/1hvy/1hvy.pdb#LINK00581"",""SOURCE_RCSB_PDB_DIRECT:1HVY:covale6""]",true,PASSED,HUMAN_REVIEW_REQUIRED_PRE_CHEMISTRY,"[""PRE_CHEMISTRY_NOT_PRODUCTION_AUTHORITATIVE"",""NO_FAMILY_LEVEL_AUTO_ADMISSION""]",true,HISTORICAL_PROCESSING_ALREADY_EXECUTED,CURRENT_TWO_RULE_ROUTING_EVALUATED
68,HISTORICAL_PILOT_001_250,MULTI_SOURCE_PROVENANCE,COVAPIE_CYS_SG_EVENT_V1:1HVY:C:CYS:195-:SG:L:UMP:C6,1HVY,C,,CYS,195,SG,UMP,L,C6,3,3,"[""SOURCE_COVBINDERINPDB"",""SOURCE_COVPDB"",""SOURCE_RCSB_PDB_DIRECT""]","[""SOURCE_COVBINDERINPDB:CBR001321"",""SOURCE_COVPDB:CovPDB_complexes/1hvy/1hvy.pdb#LINK00582"",""SOURCE_RCSB_PDB_DIRECT:1HVY:covale9""]",true,PASSED,HUMAN_REVIEW_REQUIRED_PRE_CHEMISTRY,"[""PRE_CHEMISTRY_NOT_PRODUCTION_AUTHORITATIVE"",""NO_FAMILY_LEVEL_AUTO_ADMISSION""]",true,HISTORICAL_PROCESSING_ALREADY_EXECUTED,CURRENT_TWO_RULE_ROUTING_EVALUATED
69,HISTORICAL_PILOT_001_250,MULTI_SOURCE_PROVENANCE,COVAPIE_CYS_SG_EVENT_V1:1HVY:D:CYS:195-:SG:O:UMP:C6,1HVY,D,,CYS,195,SG,UMP,O,C6,3,3,"[""SOURCE_COVBINDERINPDB"",""SOURCE_COVPDB"",""SOURCE_RCSB_PDB_DIRECT""]","[""SOURCE_COVBINDERINPDB:CBR001319"",""SOURCE_COVPDB:CovPDB_complexes/1hvy/1hvy.pdb#LINK00580"",""SOURCE_RCSB_PDB_DIRECT:1HVY:covale12""]",true,PASSED,HUMAN_REVIEW_REQUIRED_PRE_CHEMISTRY,"[""PRE_CHEMISTRY_NOT_PRODUCTION_AUTHORITATIVE"",""NO_FAMILY_LEVEL_AUTO_ADMISSION""]",true,HISTORICAL_PROCESSING_ALREADY_EXECUTED,CURRENT_TWO_RULE_ROUTING_EVALUATED
70,HISTORICAL_PILOT_001_250,MULTI_SOURCE_PROVENANCE,COVAPIE_CYS_SG_EVENT_V1:1I5G:A:CYS:41-:SG:C:TS5:SG2,1I5G,A,,CYS,41,SG,TS5,C,SG2,2,2,"[""SOURCE_COVBINDERINPDB"",""SOURCE_RCSB_PDB_DIRECT""]","[""SOURCE_COVBINDERINPDB:CBR001865"",""SOURCE_RCSB_PDB_DIRECT:1I5G:covale1""]",true,PASSED,STRUCTURAL_EVIDENCE_INCOMPLETE,"[""MMCIF_EXACT_CYS_SG_STRUCT_CONN_NOT_RECOVERED""]",false,HISTORICAL_PROCESSING_ALREADY_EXECUTED,HISTORICAL_PROCESSED_OUTSIDE_CURRENT_123_ROUTING_POPULATION
71,HISTORICAL_PILOT_001_250,MULTI_SOURCE_PROVENANCE,COVAPIE_CYS_SG_EVENT_V1:1ITO:A:CYS:29-:SG:B:E6C:C2,1ITO,A,,CYS,29,SG,E6C,B,C2,2,2,"[""SOURCE_COVPDB"",""SOURCE_RCSB_PDB_DIRECT""]","[""SOURCE_COVPDB:CovPDB_complexes/1ito/1ito.pdb#LINK00366"",""SOURCE_RCSB_PDB_DIRECT:1ITO:covale1""]",true,PASSED,LEAKAGE_EXISTING_GROUP_CONFLICT,"[""LEAKAGE_EXISTING_GROUP_CONFLICT""]",false,HISTORICAL_PROCESSING_ALREADY_EXECUTED,HISTORICAL_PROCESSED_OUTSIDE_CURRENT_123_ROUTING_POPULATION
72,HISTORICAL_PILOT_001_250,MULTI_SOURCE_PROVENANCE,COVAPIE_CYS_SG_EVENT_V1:1JR1:A:CYS:331-:SG:D:IMP:C2,1JR1,A,,CYS,331,SG,IMP,D,C2,2,2,"[""SOURCE_COVBINDERINPDB"",""SOURCE_RCSB_PDB_DIRECT""]","[""SOURCE_COVBINDERINPDB:CBR004555"",""SOURCE_RCSB_PDB_DIRECT:1JR1:covale1""]",true,PASSED,HUMAN_REVIEW_REQUIRED_PRE_CHEMISTRY,"[""PRE_CHEMISTRY_NOT_PRODUCTION_AUTHORITATIVE"",""NO_FAMILY_LEVEL_AUTO_ADMISSION""]",true,HISTORICAL_PROCESSING_ALREADY_EXECUTED,CURRENT_TWO_RULE_ROUTING_EVALUATED
73,HISTORICAL_PILOT_001_250,MULTI_SOURCE_PROVENANCE,COVAPIE_CYS_SG_EVENT_V1:1JTQ:A:CYS:146-:SG:C:UMP:C6,1JTQ,A,,CYS,146,SG,UMP,C,C6,2,2,"[""SOURCE_COVBINDERINPDB"",""SOURCE_RCSB_PDB_DIRECT""]","[""SOURCE_COVBINDERINPDB:CBR004200"",""SOURCE_RCSB_PDB_DIRECT:1JTQ:covale2""]",true,PASSED,HUMAN_REVIEW_REQUIRED_PRE_CHEMISTRY,"[""PRE_CHEMISTRY_NOT_PRODUCTION_AUTHORITATIVE"",""NO_FAMILY_LEVEL_AUTO_ADMISSION""]",true,HISTORICAL_PROCESSING_ALREADY_EXECUTED,CURRENT_TWO_RULE_ROUTING_EVALUATED
74,HISTORICAL_PILOT_001_250,MULTI_SOURCE_PROVENANCE,COVAPIE_CYS_SG_EVENT_V1:1JTQ:B:CYS:146-:SG:E:UMP:C6,1JTQ,B,,CYS,146,SG,UMP,E,C6,2,2,"[""SOURCE_COVBINDERINPDB"",""SOURCE_RCSB_PDB_DIRECT""]","[""SOURCE_COVBINDERINPDB:CBR004201"",""SOURCE_RCSB_PDB_DIRECT:1JTQ:covale4""]",true,PASSED,HUMAN_REVIEW_REQUIRED_PRE_CHEMISTRY,"[""PRE_CHEMISTRY_NOT_PRODUCTION_AUTHORITATIVE"",""NO_FAMILY_LEVEL_AUTO_ADMISSION""]",true,HISTORICAL_PROCESSING_ALREADY_EXECUTED,CURRENT_TWO_RULE_ROUTING_EVALUATED
75,HISTORICAL_PILOT_001_250,MULTI_SOURCE_PROVENANCE,COVAPIE_CYS_SG_EVENT_V1:1JTU:A:CYS:146-:SG:C:UMP:C6,1JTU,A,,CYS,146,SG,UMP,C,C6,2,2,"[""SOURCE_COVBINDERINPDB"",""SOURCE_RCSB_PDB_DIRECT""]","[""SOURCE_COVBINDERINPDB:CBR004203"",""SOURCE_RCSB_PDB_DIRECT:1JTU:covale2""]",true,PASSED,HUMAN_REVIEW_REQUIRED_PRE_CHEMISTRY,"[""PRE_CHEMISTRY_NOT_PRODUCTION_AUTHORITATIVE"",""NO_FAMILY_LEVEL_AUTO_ADMISSION""]",true,HISTORICAL_PROCESSING_ALREADY_EXECUTED,CURRENT_TWO_RULE_ROUTING_EVALUATED
76,HISTORICAL_PILOT_001_250,MULTI_SOURCE_PROVENANCE,COVAPIE_CYS_SG_EVENT_V1:1JTU:B:CYS:146-:SG:E:UMP:C6,1JTU,B,,CYS,146,SG,UMP,E,C6,2,2,"[""SOURCE_COVBINDERINPDB"",""SOURCE_RCSB_PDB_DIRECT""]","[""SOURCE_COVBINDERINPDB:CBR004204"",""SOURCE_RCSB_PDB_DIRECT:1JTU:covale4""]",true,PASSED,HUMAN_REVIEW_REQUIRED_PRE_CHEMISTRY,"[""PRE_CHEMISTRY_NOT_PRODUCTION_AUTHORITATIVE"",""NO_FAMILY_LEVEL_AUTO_ADMISSION""]",true,HISTORICAL_PROCESSING_ALREADY_EXECUTED,CURRENT_TWO_RULE_ROUTING_EVALUATED
77,HISTORICAL_PILOT_001_250,MULTI_SOURCE_PROVENANCE,COVAPIE_CYS_SG_EVENT_V1:1JU6:A:CYS:195-:SG:F:UMP:C6,1JU6,A,,CYS,195,SG,UMP,F,C6,2,2,"[""SOURCE_COVBINDERINPDB"",""SOURCE_RCSB_PDB_DIRECT""]","[""SOURCE_COVBINDERINPDB:CBR001791"",""SOURCE_RCSB_PDB_DIRECT:1JU6:covale1""]",true,PASSED,HUMAN_REVIEW_REQUIRED_PRE_CHEMISTRY,"[""PRE_CHEMISTRY_NOT_PRODUCTION_AUTHORITATIVE"",""NO_FAMILY_LEVEL_AUTO_ADMISSION""]",true,HISTORICAL_PROCESSING_ALREADY_EXECUTED,CURRENT_TWO_RULE_ROUTING_EVALUATED
78,HISTORICAL_PILOT_001_250,MULTI_SOURCE_PROVENANCE,COVAPIE_CYS_SG_EVENT_V1:1JU6:B:CYS:195-:SG:H:UMP:C6,1JU6,B,,CYS,195,SG,UMP,H,C6,2,2,"[""SOURCE_COVBINDERINPDB"",""SOURCE_RCSB_PDB_DIRECT""]","[""SOURCE_COVBINDERINPDB:CBR001792"",""SOURCE_RCSB_PDB_DIRECT:1JU6:covale2""]",true,PASSED,HUMAN_REVIEW_REQUIRED_PRE_CHEMISTRY,"[""PRE_CHEMISTRY_NOT_PRODUCTION_AUTHORITATIVE"",""NO_FAMILY_LEVEL_AUTO_ADMISSION""]",true,HISTORICAL_PROCESSING_ALREADY_EXECUTED,CURRENT_TWO_RULE_ROUTING_EVALUATED
79,HISTORICAL_PILOT_001_250,MULTI_SOURCE_PROVENANCE,COVAPIE_CYS_SG_EVENT_V1:1JU6:C:CYS:195-:SG:J:UMP:C6,1JU6,C,,CYS,195,SG,UMP,J,C6,2,2,"[""SOURCE_COVBINDERINPDB"",""SOURCE_RCSB_PDB_DIRECT""]","[""SOURCE_COVBINDERINPDB:CBR001793"",""SOURCE_RCSB_PDB_DIRECT:1JU6:covale3""]",true,PASSED,HUMAN_REVIEW_REQUIRED_PRE_CHEMISTRY,"[""PRE_CHEMISTRY_NOT_PRODUCTION_AUTHORITATIVE"",""NO_FAMILY_LEVEL_AUTO_ADMISSION""]",true,HISTORICAL_PROCESSING_ALREADY_EXECUTED,CURRENT_TWO_RULE_ROUTING_EVALUATED
80,HISTORICAL_PILOT_001_250,MULTI_SOURCE_PROVENANCE,COVAPIE_CYS_SG_EVENT_V1:1JU6:D:CYS:195-:SG:L:UMP:C6,1JU6,D,,CYS,195,SG,UMP,L,C6,2,2,"[""SOURCE_COVBINDERINPDB"",""SOURCE_RCSB_PDB_DIRECT""]","[""SOURCE_COVBINDERINPDB:CBR001794"",""SOURCE_RCSB_PDB_DIRECT:1JU6:covale4""]",true,PASSED,HUMAN_REVIEW_REQUIRED_PRE_CHEMISTRY,"[""PRE_CHEMISTRY_NOT_PRODUCTION_AUTHORITATIVE"",""NO_FAMILY_LEVEL_AUTO_ADMISSION""]",true,HISTORICAL_PROCESSING_ALREADY_EXECUTED,CURRENT_TWO_RULE_ROUTING_EVALUATED
81,HISTORICAL_PILOT_001_250,MULTI_SOURCE_PROVENANCE,COVAPIE_CYS_SG_EVENT_V1:1JUJ:A:CYS:195-:SG:E:UMP:C6,1JUJ,A,,CYS,195,SG,UMP,E,C6,2,2,"[""SOURCE_COVBINDERINPDB"",""SOURCE_RCSB_PDB_DIRECT""]","[""SOURCE_COVBINDERINPDB:CBR001787"",""SOURCE_RCSB_PDB_DIRECT:1JUJ:covale1""]",true,PASSED,HUMAN_REVIEW_REQUIRED_PRE_CHEMISTRY,"[""PRE_CHEMISTRY_NOT_PRODUCTION_AUTHORITATIVE"",""NO_FAMILY_LEVEL_AUTO_ADMISSION""]",true,HISTORICAL_PROCESSING_ALREADY_EXECUTED,CURRENT_TWO_RULE_ROUTING_EVALUATED
82,HISTORICAL_PILOT_001_250,MULTI_SOURCE_PROVENANCE,COVAPIE_CYS_SG_EVENT_V1:1JUJ:B:CYS:195-:SG:G:UMP:C6,1JUJ,B,,CYS,195,SG,UMP,G,C6,2,2,"[""SOURCE_COVBINDERINPDB"",""SOURCE_RCSB_PDB_DIRECT""]","[""SOURCE_COVBINDERINPDB:CBR001788"",""SOURCE_RCSB_PDB_DIRECT:1JUJ:covale2""]",true,PASSED,HUMAN_REVIEW_REQUIRED_PRE_CHEMISTRY,"[""PRE_CHEMISTRY_NOT_PRODUCTION_AUTHORITATIVE"",""NO_FAMILY_LEVEL_AUTO_ADMISSION""]",true,HISTORICAL_PROCESSING_ALREADY_EXECUTED,CURRENT_TWO_RULE_ROUTING_EVALUATED
83,HISTORICAL_PILOT_001_250,MULTI_SOURCE_PROVENANCE,COVAPIE_CYS_SG_EVENT_V1:1JUJ:C:CYS:195-:SG:I:UMP:C6,1JUJ,C,,CYS,195,SG,UMP,I,C6,2,2,"[""SOURCE_COVBINDERINPDB"",""SOURCE_RCSB_PDB_DIRECT""]","[""SOURCE_COVBINDERINPDB:CBR001789"",""SOURCE_RCSB_PDB_DIRECT:1JUJ:covale3""]",true,PASSED,HUMAN_REVIEW_REQUIRED_PRE_CHEMISTRY,"[""PRE_CHEMISTRY_NOT_PRODUCTION_AUTHORITATIVE"",""NO_FAMILY_LEVEL_AUTO_ADMISSION""]",true,HISTORICAL_PROCESSING_ALREADY_EXECUTED,CURRENT_TWO_RULE_ROUTING_EVALUATED
84,HISTORICAL_PILOT_001_250,MULTI_SOURCE_PROVENANCE,COVAPIE_CYS_SG_EVENT_V1:1JUJ:D:CYS:195-:SG:K:UMP:C6,1JUJ,D,,CYS,195,SG,UMP,K,C6,2,2,"[""SOURCE_COVBINDERINPDB"",""SOURCE_RCSB_PDB_DIRECT""]","[""SOURCE_COVBINDERINPDB:CBR001790"",""SOURCE_RCSB_PDB_DIRECT:1JUJ:covale4""]",true,PASSED,HUMAN_REVIEW_REQUIRED_PRE_CHEMISTRY,"[""PRE_CHEMISTRY_NOT_PRODUCTION_AUTHORITATIVE"",""NO_FAMILY_LEVEL_AUTO_ADMISSION""]",true,HISTORICAL_PROCESSING_ALREADY_EXECUTED,CURRENT_TWO_RULE_ROUTING_EVALUATED
85,HISTORICAL_PILOT_001_250,MULTI_SOURCE_PROVENANCE,COVAPIE_CYS_SG_EVENT_V1:1JUT:A:CYS:146-:SG:C:UMP:C6,1JUT,A,,CYS,146,SG,UMP,C,C6,2,2,"[""SOURCE_COVBINDERINPDB"",""SOURCE_RCSB_PDB_DIRECT""]","[""SOURCE_COVBINDERINPDB:CBR001805"",""SOURCE_RCSB_PDB_DIRECT:1JUT:covale2""]",true,PASSED,HUMAN_REVIEW_REQUIRED_PRE_CHEMISTRY,"[""PRE_CHEMISTRY_NOT_PRODUCTION_AUTHORITATIVE"",""NO_FAMILY_LEVEL_AUTO_ADMISSION""]",true,HISTORICAL_PROCESSING_ALREADY_EXECUTED,CURRENT_TWO_RULE_ROUTING_EVALUATED
86,HISTORICAL_PILOT_001_250,MULTI_SOURCE_PROVENANCE,COVAPIE_CYS_SG_EVENT_V1:1KEQ:A:CYS:131-:SG:E:4MZ:C4,1KEQ,A,,CYS,131,SG,4MZ,E,C4,2,3,"[""SOURCE_COVPDB"",""SOURCE_RCSB_PDB_DIRECT""]","[""SOURCE_COVPDB:CovPDB_complexes/1keq/1keq.pdb#LINK00554"",""SOURCE_COVPDB:CovPDB_complexes/1keq/1keq.pdb#LINK00555"",""SOURCE_RCSB_PDB_DIRECT:1KEQ:covale2""]",true,PASSED,HUMAN_REVIEW_REQUIRED_PRE_CHEMISTRY,"[""PRE_CHEMISTRY_NOT_PRODUCTION_AUTHORITATIVE"",""NO_FAMILY_LEVEL_AUTO_ADMISSION""]",true,HISTORICAL_PROCESSING_ALREADY_EXECUTED,CURRENT_TWO_RULE_ROUTING_EVALUATED
87,HISTORICAL_PILOT_001_250,MULTI_SOURCE_PROVENANCE,COVAPIE_CYS_SG_EVENT_V1:1KEQ:A:CYS:183-:SG:F:4MZ:C4,1KEQ,A,,CYS,183,SG,4MZ,F,C4,2,2,"[""SOURCE_COVPDB"",""SOURCE_RCSB_PDB_DIRECT""]","[""SOURCE_COVPDB:CovPDB_complexes/1keq/1keq.pdb#LINK00550"",""SOURCE_RCSB_PDB_DIRECT:1KEQ:covale3""]",true,PASSED,QUARANTINE_REPRESENTATION_GAP,"[""PRE_ONLY_ATOMS_CANNOT_BE_DROPPED_OR_GIVEN_COORDINATES""]",false,HISTORICAL_PROCESSING_ALREADY_EXECUTED,HISTORICAL_PROCESSED_OUTSIDE_CURRENT_123_ROUTING_POPULATION
88,HISTORICAL_PILOT_001_250,MULTI_SOURCE_PROVENANCE,COVAPIE_CYS_SG_EVENT_V1:1KEQ:A:CYS:188-:SG:G:4MZ:C4,1KEQ,A,,CYS,188,SG,4MZ,G,C4,2,2,"[""SOURCE_COVPDB"",""SOURCE_RCSB_PDB_DIRECT""]","[""SOURCE_COVPDB:CovPDB_complexes/1keq/1keq.pdb#LINK00552"",""SOURCE_RCSB_PDB_DIRECT:1KEQ:covale4""]",true,PASSED,HUMAN_REVIEW_REQUIRED_PRE_CHEMISTRY,"[""PRE_CHEMISTRY_NOT_PRODUCTION_AUTHORITATIVE"",""NO_FAMILY_LEVEL_AUTO_ADMISSION""]",true,HISTORICAL_PROCESSING_ALREADY_EXECUTED,CURRENT_TWO_RULE_ROUTING_EVALUATED
89,HISTORICAL_PILOT_001_250,MULTI_SOURCE_PROVENANCE,COVAPIE_CYS_SG_EVENT_V1:1KEQ:B:CYS:183-:SG:K:4MZ:C4,1KEQ,B,,CYS,183,SG,4MZ,K,C4,2,2,"[""SOURCE_COVPDB"",""SOURCE_RCSB_PDB_DIRECT""]","[""SOURCE_COVPDB:CovPDB_complexes/1keq/1keq.pdb#LINK00551"",""SOURCE_RCSB_PDB_DIRECT:1KEQ:covale5""]",true,PASSED,QUARANTINE_REPRESENTATION_GAP,"[""PRE_ONLY_ATOMS_CANNOT_BE_DROPPED_OR_GIVEN_COORDINATES""]",false,HISTORICAL_PROCESSING_ALREADY_EXECUTED,HISTORICAL_PROCESSED_OUTSIDE_CURRENT_123_ROUTING_POPULATION
90,HISTORICAL_PILOT_001_250,MULTI_SOURCE_PROVENANCE,COVAPIE_CYS_SG_EVENT_V1:1KEQ:B:CYS:188-:SG:L:4MZ:C4,1KEQ,B,,CYS,188,SG,4MZ,L,C4,2,2,"[""SOURCE_COVPDB"",""SOURCE_RCSB_PDB_DIRECT""]","[""SOURCE_COVPDB:CovPDB_complexes/1keq/1keq.pdb#LINK00553"",""SOURCE_RCSB_PDB_DIRECT:1KEQ:covale6""]",true,PASSED,HUMAN_REVIEW_REQUIRED_PRE_CHEMISTRY,"[""PRE_CHEMISTRY_NOT_PRODUCTION_AUTHORITATIVE"",""NO_FAMILY_LEVEL_AUTO_ADMISSION""]",true,HISTORICAL_PROCESSING_ALREADY_EXECUTED,CURRENT_TWO_RULE_ROUTING_EVALUATED
91,HISTORICAL_PILOT_001_250,MULTI_SOURCE_PROVENANCE,COVAPIE_CYS_SG_EVENT_V1:1KOU:A:CYS:69-:SG:B:DHC:C1,1KOU,A,,CYS,69,SG,DHC,B,C1,2,2,"[""SOURCE_COVPDB"",""SOURCE_RCSB_PDB_DIRECT""]","[""SOURCE_COVPDB:CovPDB_complexes/1kou/1kou.pdb#LINK00356"",""SOURCE_RCSB_PDB_DIRECT:1KOU:covale1""]",true,PASSED,STRUCTURAL_EVIDENCE_INCOMPLETE,"[""MMCIF_EXACT_CYS_SG_STRUCT_CONN_NOT_RECOVERED""]",false,HISTORICAL_PROCESSING_ALREADY_EXECUTED,HISTORICAL_PROCESSED_OUTSIDE_CURRENT_123_ROUTING_POPULATION
92,HISTORICAL_PILOT_001_250,MULTI_SOURCE_PROVENANCE,COVAPIE_CYS_SG_EVENT_V1:1KWO:A:CYS:693-:SG:F:PDM:CP9,1KWO,A,,CYS,693,SG,PDM,F,CP9,2,2,"[""SOURCE_COVBINDERINPDB"",""SOURCE_RCSB_PDB_DIRECT""]","[""SOURCE_COVBINDERINPDB:CBR003364"",""SOURCE_RCSB_PDB_DIRECT:1KWO:covale1""]",true,PASSED,HUMAN_REVIEW_REQUIRED_PRE_CHEMISTRY,"[""PRE_CHEMISTRY_NOT_PRODUCTION_AUTHORITATIVE"",""NO_FAMILY_LEVEL_AUTO_ADMISSION""]",true,HISTORICAL_PROCESSING_ALREADY_EXECUTED,CURRENT_TWO_RULE_ROUTING_EVALUATED
93,HISTORICAL_PILOT_001_250,MULTI_SOURCE_PROVENANCE,COVAPIE_CYS_SG_EVENT_V1:1KZI:A:CYS:146-:SG:F:UMP:C6,1KZI,A,,CYS,146,SG,UMP,F,C6,3,3,"[""SOURCE_COVBINDERINPDB"",""SOURCE_COVPDB"",""SOURCE_RCSB_PDB_DIRECT""]","[""SOURCE_COVBINDERINPDB:CBR003572"",""SOURCE_COVPDB:CovPDB_complexes/1kzi/1kzi.pdb#LINK00472"",""SOURCE_RCSB_PDB_DIRECT:1KZI:covale2""]",true,PASSED,HUMAN_REVIEW_REQUIRED_PRE_CHEMISTRY,"[""PRE_CHEMISTRY_NOT_PRODUCTION_AUTHORITATIVE"",""NO_FAMILY_LEVEL_AUTO_ADMISSION""]",true,HISTORICAL_PROCESSING_ALREADY_EXECUTED,CURRENT_TWO_RULE_ROUTING_EVALUATED
94,HISTORICAL_PILOT_001_250,MULTI_SOURCE_PROVENANCE,COVAPIE_CYS_SG_EVENT_V1:1KZI:A:CYS:192-:SG:H:DTU:S4,1KZI,A,,CYS,192,SG,DTU,H,S4,2,2,"[""SOURCE_COVPDB"",""SOURCE_RCSB_PDB_DIRECT""]","[""SOURCE_COVPDB:CovPDB_complexes/1kzi/1kzi.pdb#LINK00474"",""SOURCE_RCSB_PDB_DIRECT:1KZI:covale3""]",true,PASSED,HUMAN_REVIEW_REQUIRED_PRE_CHEMISTRY,"[""PRE_CHEMISTRY_NOT_PRODUCTION_AUTHORITATIVE"",""NO_FAMILY_LEVEL_AUTO_ADMISSION""]",true,HISTORICAL_PROCESSING_ALREADY_EXECUTED,CURRENT_TWO_RULE_ROUTING_EVALUATED
95,HISTORICAL_PILOT_001_250,MULTI_SOURCE_PROVENANCE,COVAPIE_CYS_SG_EVENT_V1:1KZI:B:CYS:146-:SG:J:UMP:C6,1KZI,B,,CYS,146,SG,UMP,J,C6,3,3,"[""SOURCE_COVBINDERINPDB"",""SOURCE_COVPDB"",""SOURCE_RCSB_PDB_DIRECT""]","[""SOURCE_COVBINDERINPDB:CBR003573"",""SOURCE_COVPDB:CovPDB_complexes/1kzi/1kzi.pdb#LINK00473"",""SOURCE_RCSB_PDB_DIRECT:1KZI:covale5""]",true,PASSED,HUMAN_REVIEW_REQUIRED_PRE_CHEMISTRY,"[""PRE_CHEMISTRY_NOT_PRODUCTION_AUTHORITATIVE"",""NO_FAMILY_LEVEL_AUTO_ADMISSION""]",true,HISTORICAL_PROCESSING_ALREADY_EXECUTED,CURRENT_TWO_RULE_ROUTING_EVALUATED
96,HISTORICAL_PILOT_001_250,MULTI_SOURCE_PROVENANCE,COVAPIE_CYS_SG_EVENT_V1:1KZJ:A:CYS:146-:SG:G:UMP:C6,1KZJ,A,,CYS,146,SG,UMP,G,C6,2,2,"[""SOURCE_COVBINDERINPDB"",""SOURCE_RCSB_PDB_DIRECT""]","[""SOURCE_COVBINDERINPDB:CBR003574"",""SOURCE_RCSB_PDB_DIRECT:1KZJ:covale2""]",true,PASSED,HUMAN_REVIEW_REQUIRED_PRE_CHEMISTRY,"[""PRE_CHEMISTRY_NOT_PRODUCTION_AUTHORITATIVE"",""NO_FAMILY_LEVEL_AUTO_ADMISSION""]",true,HISTORICAL_PROCESSING_ALREADY_EXECUTED,CURRENT_TWO_RULE_ROUTING_EVALUATED
97,HISTORICAL_PILOT_001_250,MULTI_SOURCE_PROVENANCE,COVAPIE_CYS_SG_EVENT_V1:1KZJ:B:CYS:146-:SG:I:UMP:C6,1KZJ,B,,CYS,146,SG,UMP,I,C6,2,2,"[""SOURCE_COVBINDERINPDB"",""SOURCE_RCSB_PDB_DIRECT""]","[""SOURCE_COVBINDERINPDB:CBR003575"",""SOURCE_RCSB_PDB_DIRECT:1KZJ:covale4""]",true,PASSED,HUMAN_REVIEW_REQUIRED_PRE_CHEMISTRY,"[""PRE_CHEMISTRY_NOT_PRODUCTION_AUTHORITATIVE"",""NO_FAMILY_LEVEL_AUTO_ADMISSION""]",true,HISTORICAL_PROCESSING_ALREADY_EXECUTED,CURRENT_TWO_RULE_ROUTING_EVALUATED
98,HISTORICAL_PILOT_001_250,MULTI_SOURCE_PROVENANCE,COVAPIE_CYS_SG_EVENT_V1:1KZJ:C:CYS:146-:SG:K:UMP:C6,1KZJ,C,,CYS,146,SG,UMP,K,C6,2,2,"[""SOURCE_COVBINDERINPDB"",""SOURCE_RCSB_PDB_DIRECT""]","[""SOURCE_COVBINDERINPDB:CBR003576"",""SOURCE_RCSB_PDB_DIRECT:1KZJ:covale6""]",true,PASSED,HUMAN_REVIEW_REQUIRED_PRE_CHEMISTRY,"[""PRE_CHEMISTRY_NOT_PRODUCTION_AUTHORITATIVE"",""NO_FAMILY_LEVEL_AUTO_ADMISSION""]",true,HISTORICAL_PROCESSING_ALREADY_EXECUTED,CURRENT_TWO_RULE_ROUTING_EVALUATED
99,HISTORICAL_PILOT_001_250,MULTI_SOURCE_PROVENANCE,COVAPIE_CYS_SG_EVENT_V1:1KZJ:F:CYS:146-:SG:Q:UMP:C6,1KZJ,F,,CYS,146,SG,UMP,Q,C6,2,2,"[""SOURCE_COVBINDERINPDB"",""SOURCE_RCSB_PDB_DIRECT""]","[""SOURCE_COVBINDERINPDB:CBR003577"",""SOURCE_RCSB_PDB_DIRECT:1KZJ:covale10""]",true,PASSED,HUMAN_REVIEW_REQUIRED_PRE_CHEMISTRY,"[""PRE_CHEMISTRY_NOT_PRODUCTION_AUTHORITATIVE"",""NO_FAMILY_LEVEL_AUTO_ADMISSION""]",true,HISTORICAL_PROCESSING_ALREADY_EXECUTED,CURRENT_TWO_RULE_ROUTING_EVALUATED
100,HISTORICAL_PILOT_001_250,MULTI_SOURCE_PROVENANCE,COVAPIE_CYS_SG_EVENT_V1:1LXY:A:CYS:398-:SG:C:CIR:C7,1LXY,A,,CYS,398,SG,CIR,C,C7,3,3,"[""SOURCE_COVBINDERINPDB"",""SOURCE_COVPDB"",""SOURCE_RCSB_PDB_DIRECT""]","[""SOURCE_COVBINDERINPDB:CBR000199"",""SOURCE_COVPDB:CovPDB_complexes/1lxy/1lxy.pdb#LINK00445"",""SOURCE_RCSB_PDB_DIRECT:1LXY:covale1""]",true,PASSED,HUMAN_REVIEW_REQUIRED_PRE_CHEMISTRY,"[""PRE_CHEMISTRY_NOT_PRODUCTION_AUTHORITATIVE"",""NO_FAMILY_LEVEL_AUTO_ADMISSION""]",true,HISTORICAL_PROCESSING_ALREADY_EXECUTED,CURRENT_TWO_RULE_ROUTING_EVALUATED
101,HISTORICAL_PILOT_001_250,MULTI_SOURCE_PROVENANCE,COVAPIE_CYS_SG_EVENT_V1:1LXY:B:CYS:398-:SG:E:CIR:C7,1LXY,B,,CYS,398,SG,CIR,E,C7,3,3,"[""SOURCE_COVBINDERINPDB"",""SOURCE_COVPDB"",""SOURCE_RCSB_PDB_DIRECT""]","[""SOURCE_COVBINDERINPDB:CBR000200"",""SOURCE_COVPDB:CovPDB_complexes/1lxy/1lxy.pdb#LINK00446"",""SOURCE_RCSB_PDB_DIRECT:1LXY:covale2""]",true,PASSED,HUMAN_REVIEW_REQUIRED_PRE_CHEMISTRY,"[""PRE_CHEMISTRY_NOT_PRODUCTION_AUTHORITATIVE"",""NO_FAMILY_LEVEL_AUTO_ADMISSION""]",true,HISTORICAL_PROCESSING_ALREADY_EXECUTED,CURRENT_TWO_RULE_ROUTING_EVALUATED
102,HISTORICAL_PILOT_001_250,MULTI_SOURCE_PROVENANCE,COVAPIE_CYS_SG_EVENT_V1:1M4A:A:CYS:31-:SG:B:MPE:S1,1M4A,A,,CYS,31,SG,MPE,B,S1,3,3,"[""SOURCE_COVBINDERINPDB"",""SOURCE_COVPDB"",""SOURCE_RCSB_PDB_DIRECT""]","[""SOURCE_COVBINDERINPDB:CBR000555"",""SOURCE_COVPDB:CovPDB_complexes/1m4a/1m4a.pdb#LINK00372"",""SOURCE_RCSB_PDB_DIRECT:1M4A:covale1""]",true,PASSED,STRUCTURAL_EVIDENCE_INCOMPLETE,"[""MMCIF_EXACT_CYS_SG_STRUCT_CONN_NOT_RECOVERED""]",false,HISTORICAL_PROCESSING_ALREADY_EXECUTED,HISTORICAL_PROCESSED_OUTSIDE_CURRENT_123_ROUTING_POPULATION
103,HISTORICAL_PILOT_001_250,MULTI_SOURCE_PROVENANCE,COVAPIE_CYS_SG_EVENT_V1:1M4B:A:CYS:43-:SG:B:NMP:S27,1M4B,A,,CYS,43,SG,NMP,B,S27,3,3,"[""SOURCE_COVBINDERINPDB"",""SOURCE_COVPDB"",""SOURCE_RCSB_PDB_DIRECT""]","[""SOURCE_COVBINDERINPDB:CBR000554"",""SOURCE_COVPDB:CovPDB_complexes/1m4b/1m4b.pdb#LINK00359"",""SOURCE_RCSB_PDB_DIRECT:1M4B:covale1""]",true,PASSED,LEAKAGE_EXISTING_GROUP_CONFLICT,"[""LEAKAGE_EXISTING_GROUP_CONFLICT""]",false,HISTORICAL_PROCESSING_ALREADY_EXECUTED,HISTORICAL_PROCESSED_OUTSIDE_CURRENT_123_ROUTING_POPULATION
104,HISTORICAL_PILOT_001_250,MULTI_SOURCE_PROVENANCE,COVAPIE_CYS_SG_EVENT_V1:1MEG:A:CYS:25-:SG:B:E64:C2,1MEG,A,,CYS,25,SG,E64,B,C2,2,2,"[""SOURCE_COVPDB"",""SOURCE_RCSB_PDB_DIRECT""]","[""SOURCE_COVPDB:CovPDB_complexes/1meg/1meg.pdb#LINK00358"",""SOURCE_RCSB_PDB_DIRECT:1MEG:covale1""]",true,PASSED,LEAKAGE_EXISTING_GROUP_CONFLICT,"[""LEAKAGE_EXISTING_GROUP_CONFLICT""]",false,HISTORICAL_PROCESSING_ALREADY_EXECUTED,HISTORICAL_PROCESSED_OUTSIDE_CURRENT_123_ROUTING_POPULATION
105,HISTORICAL_PILOT_001_250,MULTI_SOURCE_PROVENANCE,COVAPIE_CYS_SG_EVENT_V1:1MEM:A:CYS:25-:SG:B:0D6:C21,1MEM,A,,CYS,25,SG,0D6,B,C21,2,2,"[""SOURCE_COVPDB"",""SOURCE_RCSB_PDB_DIRECT""]","[""SOURCE_COVPDB:CovPDB_complexes/1mem/1mem.pdb#LINK00416"",""SOURCE_RCSB_PDB_DIRECT:1MEM:covale1""]",true,PASSED,LEAKAGE_EXISTING_GROUP_CONFLICT,"[""LEAKAGE_EXISTING_GROUP_CONFLICT""]",false,HISTORICAL_PROCESSING_ALREADY_EXECUTED,HISTORICAL_PROCESSED_OUTSIDE_CURRENT_123_ROUTING_POPULATION
106,HISTORICAL_PILOT_001_250,MULTI_SOURCE_PROVENANCE,COVAPIE_CYS_SG_EVENT_V1:1ML3:B:CYS:166-:SG:F:CYX:C1,1ML3,B,,CYS,166,SG,CYX,F,C1,3,4,"[""SOURCE_COVBINDERINPDB"",""SOURCE_COVPDB"",""SOURCE_RCSB_PDB_DIRECT""]","[""SOURCE_COVBINDERINPDB:CBR004018"",""SOURCE_COVPDB:CovPDB_complexes/1ml3/1ml3.pdb#LINK00726"",""SOURCE_COVPDB:CovPDB_complexes/1ml3/1ml3.pdb#LINK00727"",""SOURCE_RCSB_PDB_DIRECT:1ML3:covale2""]",true,PASSED,HUMAN_REVIEW_REQUIRED_PRE_CHEMISTRY,"[""PRE_CHEMISTRY_NOT_PRODUCTION_AUTHORITATIVE"",""NO_FAMILY_LEVEL_AUTO_ADMISSION""]",true,HISTORICAL_PROCESSING_ALREADY_EXECUTED,CURRENT_TWO_RULE_ROUTING_EVALUATED
107,HISTORICAL_PILOT_001_250,MULTI_SOURCE_PROVENANCE,COVAPIE_CYS_SG_EVENT_V1:1ML3:C:CYS:166-:SG:H:CYX:C1,1ML3,C,,CYS,166,SG,CYX,H,C1,3,4,"[""SOURCE_COVBINDERINPDB"",""SOURCE_COVPDB"",""SOURCE_RCSB_PDB_DIRECT""]","[""SOURCE_COVBINDERINPDB:CBR004020"",""SOURCE_COVPDB:CovPDB_complexes/1ml3/1ml3.pdb#LINK00728"",""SOURCE_COVPDB:CovPDB_complexes/1ml3/1ml3.pdb#LINK00729"",""SOURCE_RCSB_PDB_DIRECT:1ML3:covale4""]",true,PASSED,HUMAN_REVIEW_REQUIRED_PRE_CHEMISTRY,"[""PRE_CHEMISTRY_NOT_PRODUCTION_AUTHORITATIVE"",""NO_FAMILY_LEVEL_AUTO_ADMISSION""]",true,HISTORICAL_PROCESSING_ALREADY_EXECUTED,CURRENT_TWO_RULE_ROUTING_EVALUATED
108,HISTORICAL_PILOT_001_250,MULTI_SOURCE_PROVENANCE,COVAPIE_CYS_SG_EVENT_V1:1ML3:D:CYS:166-:SG:J:CYX:C1,1ML3,D,,CYS,166,SG,CYX,J,C1,3,3,"[""SOURCE_COVBINDERINPDB"",""SOURCE_COVPDB"",""SOURCE_RCSB_PDB_DIRECT""]","[""SOURCE_COVBINDERINPDB:CBR004022"",""SOURCE_COVPDB:CovPDB_complexes/1ml3/1ml3.pdb#LINK00730"",""SOURCE_RCSB_PDB_DIRECT:1ML3:covale5""]",true,PASSED,HUMAN_REVIEW_REQUIRED_PRE_CHEMISTRY,"[""PRE_CHEMISTRY_NOT_PRODUCTION_AUTHORITATIVE"",""NO_FAMILY_LEVEL_AUTO_ADMISSION""]",true,HISTORICAL_PROCESSING_ALREADY_EXECUTED,CURRENT_TWO_RULE_ROUTING_EVALUATED
109,HISTORICAL_PILOT_001_250,MULTI_SOURCE_PROVENANCE,COVAPIE_CYS_SG_EVENT_V1:1MS6:A:CYS:25-:SG:B:BLN:C',1MS6,A,,CYS,25,SG,BLN,B,C',2,2,"[""SOURCE_COVPDB"",""SOURCE_RCSB_PDB_DIRECT""]","[""SOURCE_COVPDB:CovPDB_complexes/1ms6/1ms6.pdb#LINK00341"",""SOURCE_RCSB_PDB_DIRECT:1MS6:covale1""]",true,PASSED,LEAKAGE_EXISTING_GROUP_CONFLICT,"[""LEAKAGE_EXISTING_GROUP_CONFLICT""]",false,HISTORICAL_PROCESSING_ALREADY_EXECUTED,HISTORICAL_PROCESSED_OUTSIDE_CURRENT_123_ROUTING_POPULATION
110,HISTORICAL_PILOT_001_250,MULTI_SOURCE_PROVENANCE,COVAPIE_CYS_SG_EVENT_V1:1NBP:A:CYS:31-:SG:C:MHC:S1,1NBP,A,,CYS,31,SG,MHC,C,S1,3,3,"[""SOURCE_COVBINDERINPDB"",""SOURCE_COVPDB"",""SOURCE_RCSB_PDB_DIRECT""]","[""SOURCE_COVBINDERINPDB:CBR000523"",""SOURCE_COVPDB:CovPDB_complexes/1nbp/1nbp.pdb#LINK00338"",""SOURCE_RCSB_PDB_DIRECT:1NBP:covale1""]",true,PASSED,HUMAN_REVIEW_REQUIRED_PRE_CHEMISTRY,"[""PRE_CHEMISTRY_NOT_PRODUCTION_AUTHORITATIVE"",""NO_FAMILY_LEVEL_AUTO_ADMISSION""]",true,HISTORICAL_PROCESSING_ALREADY_EXECUTED,CURRENT_TWO_RULE_ROUTING_EVALUATED
111,HISTORICAL_PILOT_001_250,MULTI_SOURCE_PROVENANCE,COVAPIE_CYS_SG_EVENT_V1:1NFZ:A:CYS:67-:SG:E:EIP:C12,1NFZ,A,,CYS,67,SG,EIP,E,C12,2,2,"[""SOURCE_COVBINDERINPDB"",""SOURCE_RCSB_PDB_DIRECT""]","[""SOURCE_COVBINDERINPDB:CBR002681"",""SOURCE_RCSB_PDB_DIRECT:1NFZ:covale1""]",true,PASSED,HUMAN_REVIEW_REQUIRED_PRE_CHEMISTRY,"[""PRE_CHEMISTRY_NOT_PRODUCTION_AUTHORITATIVE"",""NO_FAMILY_LEVEL_AUTO_ADMISSION""]",true,HISTORICAL_PROCESSING_ALREADY_EXECUTED,CURRENT_TWO_RULE_ROUTING_EVALUATED
112,HISTORICAL_PILOT_001_250,MULTI_SOURCE_PROVENANCE,COVAPIE_CYS_SG_EVENT_V1:1NFZ:B:CYS:67-:SG:H:EIP:C12,1NFZ,B,,CYS,67,SG,EIP,H,C12,2,2,"[""SOURCE_COVBINDERINPDB"",""SOURCE_RCSB_PDB_DIRECT""]","[""SOURCE_COVBINDERINPDB:CBR002682"",""SOURCE_RCSB_PDB_DIRECT:1NFZ:covale2""]",true,PASSED,HUMAN_REVIEW_REQUIRED_PRE_CHEMISTRY,"[""PRE_CHEMISTRY_NOT_PRODUCTION_AUTHORITATIVE"",""NO_FAMILY_LEVEL_AUTO_ADMISSION""]",true,HISTORICAL_PROCESSING_ALREADY_EXECUTED,CURRENT_TWO_RULE_ROUTING_EVALUATED
113,HISTORICAL_PILOT_001_250,MULTI_SOURCE_PROVENANCE,COVAPIE_CYS_SG_EVENT_V1:1NL6:A:CYS:25-:SG:C:750:C31,1NL6,A,,CYS,25,SG,750,C,C31,2,2,"[""SOURCE_COVBINDERINPDB"",""SOURCE_RCSB_PDB_DIRECT""]","[""SOURCE_COVBINDERINPDB:CBR003075"",""SOURCE_RCSB_PDB_DIRECT:1NL6:covale1""]",true,PASSED,LEAKAGE_EXISTING_GROUP_CONFLICT,"[""LEAKAGE_EXISTING_GROUP_CONFLICT""]",false,HISTORICAL_PROCESSING_ALREADY_EXECUTED,HISTORICAL_PROCESSED_OUTSIDE_CURRENT_123_ROUTING_POPULATION
114,HISTORICAL_PILOT_001_250,MULTI_SOURCE_PROVENANCE,COVAPIE_CYS_SG_EVENT_V1:1NL6:B:CYS:25-:SG:D:750:C31,1NL6,B,,CYS,25,SG,750,D,C31,2,2,"[""SOURCE_COVBINDERINPDB"",""SOURCE_RCSB_PDB_DIRECT""]","[""SOURCE_COVBINDERINPDB:CBR003076"",""SOURCE_RCSB_PDB_DIRECT:1NL6:covale2""]",true,PASSED,LEAKAGE_EXISTING_GROUP_CONFLICT,"[""LEAKAGE_EXISTING_GROUP_CONFLICT""]",false,HISTORICAL_PROCESSING_ALREADY_EXECUTED,HISTORICAL_PROCESSED_OUTSIDE_CURRENT_123_ROUTING_POPULATION
115,HISTORICAL_PILOT_001_250,MULTI_SOURCE_PROVENANCE,COVAPIE_CYS_SG_EVENT_V1:1NLJ:A:CYS:25-:SG:C:2CA:C07,1NLJ,A,,CYS,25,SG,2CA,C,C07,3,3,"[""SOURCE_COVBINDERINPDB"",""SOURCE_COVPDB"",""SOURCE_RCSB_PDB_DIRECT""]","[""SOURCE_COVBINDERINPDB:CBR003072"",""SOURCE_COVPDB:CovPDB_complexes/1nlj/1nlj.pdb#LINK00405"",""SOURCE_RCSB_PDB_DIRECT:1NLJ:covale1""]",true,PASSED,LEAKAGE_EXISTING_GROUP_CONFLICT,"[""LEAKAGE_EXISTING_GROUP_CONFLICT""]",false,HISTORICAL_PROCESSING_ALREADY_EXECUTED,HISTORICAL_PROCESSED_OUTSIDE_CURRENT_123_ROUTING_POPULATION
116,HISTORICAL_PILOT_001_250,MULTI_SOURCE_PROVENANCE,COVAPIE_CYS_SG_EVENT_V1:1NLJ:B:CYS:25-:SG:D:2CA:C07,1NLJ,B,,CYS,25,SG,2CA,D,C07,3,3,"[""SOURCE_COVBINDERINPDB"",""SOURCE_COVPDB"",""SOURCE_RCSB_PDB_DIRECT""]","[""SOURCE_COVBINDERINPDB:CBR003073"",""SOURCE_COVPDB:CovPDB_complexes/1nlj/1nlj.pdb#LINK00406"",""SOURCE_RCSB_PDB_DIRECT:1NLJ:covale2""]",true,PASSED,LEAKAGE_EXISTING_GROUP_CONFLICT,"[""LEAKAGE_EXISTING_GROUP_CONFLICT""]",false,HISTORICAL_PROCESSING_ALREADY_EXECUTED,HISTORICAL_PROCESSED_OUTSIDE_CURRENT_123_ROUTING_POPULATION
117,HISTORICAL_PILOT_001_250,MULTI_SOURCE_PROVENANCE,COVAPIE_CYS_SG_EVENT_V1:1NME:A:CYS:163-:SG:C:158:C1,1NME,A,,CYS,163,SG,158,C,C1,2,2,"[""SOURCE_COVPDB"",""SOURCE_RCSB_PDB_DIRECT""]","[""SOURCE_COVPDB:CovPDB_complexes/1nme/1nme.pdb#LINK00459"",""SOURCE_RCSB_PDB_DIRECT:1NME:covale1""]",true,PASSED,STRUCTURAL_EVIDENCE_INCOMPLETE,"[""MMCIF_EXACT_CYS_SG_STRUCT_CONN_NOT_RECOVERED""]",false,HISTORICAL_PROCESSING_ALREADY_EXECUTED,HISTORICAL_PROCESSED_OUTSIDE_CURRENT_123_ROUTING_POPULATION
118,HISTORICAL_PILOT_001_250,MULTI_SOURCE_PROVENANCE,COVAPIE_CYS_SG_EVENT_V1:1NMQ:A:CYS:163-:SG:C:160:C1,1NMQ,A,,CYS,163,SG,160,C,C1,2,2,"[""SOURCE_COVPDB"",""SOURCE_RCSB_PDB_DIRECT""]","[""SOURCE_COVPDB:CovPDB_complexes/1nmq/1nmq.pdb#LINK00460"",""SOURCE_RCSB_PDB_DIRECT:1NMQ:covale1""]",true,PASSED,LEAKAGE_EXISTING_GROUP_CONFLICT,"[""LEAKAGE_EXISTING_GROUP_CONFLICT""]",false,HISTORICAL_PROCESSING_ALREADY_EXECUTED,HISTORICAL_PROCESSED_OUTSIDE_CURRENT_123_ROUTING_POPULATION
119,HISTORICAL_PILOT_001_250,MULTI_SOURCE_PROVENANCE,COVAPIE_CYS_SG_EVENT_V1:1NMQ:B:CYS:163-:SG:D:160:C1,1NMQ,B,,CYS,163,SG,160,D,C1,2,2,"[""SOURCE_COVPDB"",""SOURCE_RCSB_PDB_DIRECT""]","[""SOURCE_COVPDB:CovPDB_complexes/1nmq/1nmq.pdb#LINK00461"",""SOURCE_RCSB_PDB_DIRECT:1NMQ:covale2""]",true,PASSED,LEAKAGE_EXISTING_GROUP_CONFLICT,"[""LEAKAGE_EXISTING_GROUP_CONFLICT""]",false,HISTORICAL_PROCESSING_ALREADY_EXECUTED,HISTORICAL_PROCESSED_OUTSIDE_CURRENT_123_ROUTING_POPULATION
120,HISTORICAL_PILOT_001_250,MULTI_SOURCE_PROVENANCE,COVAPIE_CYS_SG_EVENT_V1:1NMS:A:CYS:163-:SG:C:161:C1,1NMS,A,,CYS,163,SG,161,C,C1,2,2,"[""SOURCE_COVPDB"",""SOURCE_RCSB_PDB_DIRECT""]","[""SOURCE_COVPDB:CovPDB_complexes/1nms/1nms.pdb#LINK00469"",""SOURCE_RCSB_PDB_DIRECT:1NMS:covale1""]",true,PASSED,LEAKAGE_EXISTING_GROUP_CONFLICT,"[""LEAKAGE_EXISTING_GROUP_CONFLICT""]",false,HISTORICAL_PROCESSING_ALREADY_EXECUTED,HISTORICAL_PROCESSED_OUTSIDE_CURRENT_123_ROUTING_POPULATION
121,HISTORICAL_PILOT_001_250,MULTI_SOURCE_PROVENANCE,COVAPIE_CYS_SG_EVENT_V1:1NMS:B:CYS:163-:SG:D:161:C1,1NMS,B,,CYS,163,SG,161,D,C1,2,2,"[""SOURCE_COVPDB"",""SOURCE_RCSB_PDB_DIRECT""]","[""SOURCE_COVPDB:CovPDB_complexes/1nms/1nms.pdb#LINK00470"",""SOURCE_RCSB_PDB_DIRECT:1NMS:covale2""]",true,PASSED,LEAKAGE_EXISTING_GROUP_CONFLICT,"[""LEAKAGE_EXISTING_GROUP_CONFLICT""]",false,HISTORICAL_PROCESSING_ALREADY_EXECUTED,HISTORICAL_PROCESSED_OUTSIDE_CURRENT_123_ROUTING_POPULATION
122,HISTORICAL_PILOT_001_250,MULTI_SOURCE_PROVENANCE,COVAPIE_CYS_SG_EVENT_V1:1NPZ:A:CYS:25-:SG:C:C1P:C18,1NPZ,A,,CYS,25,SG,C1P,C,C18,2,2,"[""SOURCE_COVPDB"",""SOURCE_RCSB_PDB_DIRECT""]","[""SOURCE_COVPDB:CovPDB_complexes/1npz/1npz.pdb#LINK00443"",""SOURCE_RCSB_PDB_DIRECT:1NPZ:covale1""]",true,PASSED,LEAKAGE_EXISTING_GROUP_CONFLICT,"[""LEAKAGE_EXISTING_GROUP_CONFLICT""]",false,HISTORICAL_PROCESSING_ALREADY_EXECUTED,HISTORICAL_PROCESSED_OUTSIDE_CURRENT_123_ROUTING_POPULATION
123,HISTORICAL_PILOT_001_250,MULTI_SOURCE_PROVENANCE,COVAPIE_CYS_SG_EVENT_V1:1NPZ:B:CYS:275-:SG:D:C1P:C18,1NPZ,B,,CYS,275,SG,C1P,D,C18,2,2,"[""SOURCE_COVPDB"",""SOURCE_RCSB_PDB_DIRECT""]","[""SOURCE_COVPDB:CovPDB_complexes/1npz/1npz.pdb#LINK00444"",""SOURCE_RCSB_PDB_DIRECT:1NPZ:covale2""]",true,PASSED,LEAKAGE_EXISTING_GROUP_CONFLICT,"[""LEAKAGE_EXISTING_GROUP_CONFLICT""]",false,HISTORICAL_PROCESSING_ALREADY_EXECUTED,HISTORICAL_PROCESSED_OUTSIDE_CURRENT_123_ROUTING_POPULATION
124,HISTORICAL_PILOT_001_250,MULTI_SOURCE_PROVENANCE,COVAPIE_CYS_SG_EVENT_V1:1NQC:A:CYS:25-:SG:B:C4P:C56,1NQC,A,,CYS,25,SG,C4P,B,C56,3,3,"[""SOURCE_COVBINDERINPDB"",""SOURCE_COVPDB"",""SOURCE_RCSB_PDB_DIRECT""]","[""SOURCE_COVBINDERINPDB:CBR003018"",""SOURCE_COVPDB:CovPDB_complexes/1nqc/1nqc.pdb#LINK00356"",""SOURCE_RCSB_PDB_DIRECT:1NQC:covale1""]",true,PASSED,LEAKAGE_EXISTING_GROUP_CONFLICT,"[""LEAKAGE_EXISTING_GROUP_CONFLICT""]",false,HISTORICAL_PROCESSING_ALREADY_EXECUTED,HISTORICAL_PROCESSED_OUTSIDE_CURRENT_123_ROUTING_POPULATION
125,HISTORICAL_PILOT_001_250,MULTI_SOURCE_PROVENANCE,COVAPIE_CYS_SG_EVENT_V1:1NWE:A:CYS:47-:SG:B:FG1:C2,1NWE,A,,CYS,47,SG,FG1,B,C2,2,2,"[""SOURCE_COVBINDERINPDB"",""SOURCE_RCSB_PDB_DIRECT""]","[""SOURCE_COVBINDERINPDB:CBR000686"",""SOURCE_RCSB_PDB_DIRECT:1NWE:covale1""]",true,PASSED,STRUCTURAL_EVIDENCE_INCOMPLETE,"[""MMCIF_EXACT_CYS_SG_STRUCT_CONN_NOT_RECOVERED""]",false,HISTORICAL_PROCESSING_ALREADY_EXECUTED,HISTORICAL_PROCESSED_OUTSIDE_CURRENT_123_ROUTING_POPULATION
126,HISTORICAL_PILOT_001_250,MULTI_SOURCE_PROVENANCE,COVAPIE_CYS_SG_EVENT_V1:1O41:A:CYS:44-:SG:B:300:C10,1O41,A,,CYS,44,SG,300,B,C10,2,2,"[""SOURCE_COVPDB"",""SOURCE_RCSB_PDB_DIRECT""]","[""SOURCE_COVPDB:CovPDB_complexes/1o41/1o41.pdb#LINK00320"",""SOURCE_RCSB_PDB_DIRECT:1O41:covale1""]",true,PASSED,STRUCTURAL_EVIDENCE_INCOMPLETE,"[""MMCIF_EXACT_CYS_SG_STRUCT_CONN_NOT_RECOVERED""]",false,HISTORICAL_PROCESSING_ALREADY_EXECUTED,HISTORICAL_PROCESSED_OUTSIDE_CURRENT_123_ROUTING_POPULATION
127,HISTORICAL_PILOT_001_250,MULTI_SOURCE_PROVENANCE,COVAPIE_CYS_SG_EVENT_V1:1O43:A:CYS:44-:SG:B:821:C71,1O43,A,,CYS,44,SG,821,B,C71,2,2,"[""SOURCE_COVPDB"",""SOURCE_RCSB_PDB_DIRECT""]","[""SOURCE_COVPDB:CovPDB_complexes/1o43/1o43.pdb#LINK00309"",""SOURCE_RCSB_PDB_DIRECT:1O43:covale1""]",true,PASSED,STRUCTURAL_EVIDENCE_INCOMPLETE,"[""MMCIF_EXACT_CYS_SG_STRUCT_CONN_NOT_RECOVERED""]",false,HISTORICAL_PROCESSING_ALREADY_EXECUTED,HISTORICAL_PROCESSED_OUTSIDE_CURRENT_123_ROUTING_POPULATION
128,HISTORICAL_PILOT_001_250,MULTI_SOURCE_PROVENANCE,COVAPIE_CYS_SG_EVENT_V1:1O45:A:CYS:44-:SG:B:687:C75,1O45,A,,CYS,44,SG,687,B,C75,2,2,"[""SOURCE_COVPDB"",""SOURCE_RCSB_PDB_DIRECT""]","[""SOURCE_COVPDB:CovPDB_complexes/1o45/1o45.pdb#LINK00326"",""SOURCE_RCSB_PDB_DIRECT:1O45:covale1""]",true,PASSED,STRUCTURAL_EVIDENCE_INCOMPLETE,"[""MMCIF_EXACT_CYS_SG_STRUCT_CONN_NOT_RECOVERED""]",false,HISTORICAL_PROCESSING_ALREADY_EXECUTED,HISTORICAL_PROCESSED_OUTSIDE_CURRENT_123_ROUTING_POPULATION
129,HISTORICAL_PILOT_001_250,MULTI_SOURCE_PROVENANCE,COVAPIE_CYS_SG_EVENT_V1:1O4A:A:CYS:44-:SG:B:197:C71,1O4A,A,,CYS,44,SG,197,B,C71,2,2,"[""SOURCE_COVPDB"",""SOURCE_RCSB_PDB_DIRECT""]","[""SOURCE_COVPDB:CovPDB_complexes/1o4a/1o4a.pdb#LINK00326"",""SOURCE_RCSB_PDB_DIRECT:1O4A:covale1""]",true,PASSED,STRUCTURAL_EVIDENCE_INCOMPLETE,"[""MMCIF_EXACT_CYS_SG_STRUCT_CONN_NOT_RECOVERED""]",false,HISTORICAL_PROCESSING_ALREADY_EXECUTED,HISTORICAL_PROCESSED_OUTSIDE_CURRENT_123_ROUTING_POPULATION
130,HISTORICAL_PILOT_001_250,MULTI_SOURCE_PROVENANCE,COVAPIE_CYS_SG_EVENT_V1:1O4D:A:CYS:44-:SG:B:262:C7,1O4D,A,,CYS,44,SG,262,B,C7,2,2,"[""SOURCE_COVPDB"",""SOURCE_RCSB_PDB_DIRECT""]","[""SOURCE_COVPDB:CovPDB_complexes/1o4d/1o4d.pdb#LINK00302"",""SOURCE_RCSB_PDB_DIRECT:1O4D:covale1""]",true,PASSED,STRUCTURAL_EVIDENCE_INCOMPLETE,"[""MMCIF_EXACT_CYS_SG_STRUCT_CONN_NOT_RECOVERED""]",false,HISTORICAL_PROCESSING_ALREADY_EXECUTED,HISTORICAL_PROCESSED_OUTSIDE_CURRENT_123_ROUTING_POPULATION
131,HISTORICAL_PILOT_001_250,MULTI_SOURCE_PROVENANCE,COVAPIE_CYS_SG_EVENT_V1:1O4E:A:CYS:44-:SG:B:299:C11,1O4E,A,,CYS,44,SG,299,B,C11,2,2,"[""SOURCE_COVPDB"",""SOURCE_RCSB_PDB_DIRECT""]","[""SOURCE_COVPDB:CovPDB_complexes/1o4e/1o4e.pdb#LINK00315"",""SOURCE_RCSB_PDB_DIRECT:1O4E:covale1""]",true,PASSED,STRUCTURAL_EVIDENCE_INCOMPLETE,"[""MMCIF_EXACT_CYS_SG_STRUCT_CONN_NOT_RECOVERED""]",false,HISTORICAL_PROCESSING_ALREADY_EXECUTED,HISTORICAL_PROCESSED_OUTSIDE_CURRENT_123_ROUTING_POPULATION
132,HISTORICAL_PILOT_001_250,MULTI_SOURCE_PROVENANCE,COVAPIE_CYS_SG_EVENT_V1:1O4I:A:CYS:44-:SG:B:219:C7,1O4I,A,,CYS,44,SG,219,B,C7,2,2,"[""SOURCE_COVPDB"",""SOURCE_RCSB_PDB_DIRECT""]","[""SOURCE_COVPDB:CovPDB_complexes/1o4i/1o4i.pdb#LINK00340"",""SOURCE_RCSB_PDB_DIRECT:1O4I:covale1""]",true,PASSED,STRUCTURAL_EVIDENCE_INCOMPLETE,"[""MMCIF_EXACT_CYS_SG_STRUCT_CONN_NOT_RECOVERED""]",false,HISTORICAL_PROCESSING_ALREADY_EXECUTED,HISTORICAL_PROCESSED_OUTSIDE_CURRENT_123_ROUTING_POPULATION
133,HISTORICAL_PILOT_001_250,MULTI_SOURCE_PROVENANCE,COVAPIE_CYS_SG_EVENT_V1:1O4K:A:CYS:44-:SG:B:PSN:C7,1O4K,A,,CYS,44,SG,PSN,B,C7,2,2,"[""SOURCE_COVPDB"",""SOURCE_RCSB_PDB_DIRECT""]","[""SOURCE_COVPDB:CovPDB_complexes/1o4k/1o4k.pdb#LINK00296"",""SOURCE_RCSB_PDB_DIRECT:1O4K:covale1""]",true,PASSED,STRUCTURAL_EVIDENCE_INCOMPLETE,"[""MMCIF_EXACT_CYS_SG_STRUCT_CONN_NOT_RECOVERED""]",false,HISTORICAL_PROCESSING_ALREADY_EXECUTED,HISTORICAL_PROCESSED_OUTSIDE_CURRENT_123_ROUTING_POPULATION
134,HISTORICAL_PILOT_001_250,MULTI_SOURCE_PROVENANCE,COVAPIE_CYS_SG_EVENT_V1:1OFE:A:CYS:1-:SG:F:ONL:CE,1OFE,A,,CYS,1,SG,ONL,F,CE,3,3,"[""SOURCE_COVBINDERINPDB"",""SOURCE_COVPDB"",""SOURCE_RCSB_PDB_DIRECT""]","[""SOURCE_COVBINDERINPDB:CBR001756"",""SOURCE_COVPDB:CovPDB_complexes/1ofe/1ofe.pdb#LINK01350"",""SOURCE_RCSB_PDB_DIRECT:1OFE:covale1""]",true,PASSED,HUMAN_REVIEW_REQUIRED_PRE_CHEMISTRY,"[""PRE_CHEMISTRY_NOT_PRODUCTION_AUTHORITATIVE"",""NO_FAMILY_LEVEL_AUTO_ADMISSION""]",true,HISTORICAL_PROCESSING_ALREADY_EXECUTED,CURRENT_TWO_RULE_ROUTING_EVALUATED
135,HISTORICAL_PILOT_001_250,MULTI_SOURCE_PROVENANCE,COVAPIE_CYS_SG_EVENT_V1:1PE6:A:CYS:25-:SG:B:E6C:C2,1PE6,A,,CYS,25,SG,E6C,B,C2,2,2,"[""SOURCE_COVPDB"",""SOURCE_RCSB_PDB_DIRECT""]","[""SOURCE_COVPDB:CovPDB_complexes/1pe6/1pe6.pdb#LINK00474"",""SOURCE_RCSB_PDB_DIRECT:1PE6:covale1""]",true,PASSED,LEAKAGE_EXISTING_GROUP_CONFLICT,"[""LEAKAGE_EXISTING_GROUP_CONFLICT""]",false,HISTORICAL_PROCESSING_ALREADY_EXECUTED,HISTORICAL_PROCESSED_OUTSIDE_CURRENT_123_ROUTING_POPULATION
136,HISTORICAL_PILOT_001_250,MULTI_SOURCE_PROVENANCE,COVAPIE_CYS_SG_EVENT_V1:1PPP:A:CYS:25-:SG:B:E6C:C2,1PPP,A,,CYS,25,SG,E6C,B,C2,3,3,"[""SOURCE_COVBINDERINPDB"",""SOURCE_COVPDB"",""SOURCE_RCSB_PDB_DIRECT""]","[""SOURCE_COVBINDERINPDB:CBR003561"",""SOURCE_COVPDB:CovPDB_complexes/1ppp/1ppp.pdb#LINK00537"",""SOURCE_RCSB_PDB_DIRECT:1PPP:covale1""]",true,PASSED,LEAKAGE_EXISTING_GROUP_CONFLICT,"[""LEAKAGE_EXISTING_GROUP_CONFLICT""]",false,HISTORICAL_PROCESSING_ALREADY_EXECUTED,HISTORICAL_PROCESSED_OUTSIDE_CURRENT_123_ROUTING_POPULATION
137,HISTORICAL_PILOT_001_250,MULTI_SOURCE_PROVENANCE,COVAPIE_CYS_SG_EVENT_V1:1PPV:B:CYS:67-:SG:H:BHI:C10,1PPV,B,,CYS,67,SG,BHI,H,C10,2,2,"[""SOURCE_COVBINDERINPDB"",""SOURCE_RCSB_PDB_DIRECT""]","[""SOURCE_COVBINDERINPDB:CBR003565"",""SOURCE_RCSB_PDB_DIRECT:1PPV:covale2""]",true,PASSED,QUARANTINE_REPRESENTATION_GAP,"[""PRE_ONLY_ATOMS_CANNOT_BE_DROPPED_OR_GIVEN_COORDINATES""]",false,HISTORICAL_PROCESSING_ALREADY_EXECUTED,HISTORICAL_PROCESSED_OUTSIDE_CURRENT_123_ROUTING_POPULATION
138,HISTORICAL_PILOT_001_250,MULTI_SOURCE_PROVENANCE,COVAPIE_CYS_SG_EVENT_V1:1PY0:A:CYS:51-:SG:E:YMA:S1,1PY0,A,,CYS,51,SG,YMA,E,S1,2,2,"[""SOURCE_COVBINDERINPDB"",""SOURCE_RCSB_PDB_DIRECT""]","[""SOURCE_COVBINDERINPDB:CBR001259"",""SOURCE_RCSB_PDB_DIRECT:1PY0:covale1""]",true,PASSED,HUMAN_REVIEW_REQUIRED_PRE_CHEMISTRY,"[""PRE_CHEMISTRY_NOT_PRODUCTION_AUTHORITATIVE"",""NO_FAMILY_LEVEL_AUTO_ADMISSION""]",true,HISTORICAL_PROCESSING_ALREADY_EXECUTED,CURRENT_TWO_RULE_ROUTING_EVALUATED
139,HISTORICAL_PILOT_001_250,MULTI_SOURCE_PROVENANCE,COVAPIE_CYS_SG_EVENT_V1:1PY0:A:CYS:54-:SG:E:YMA:S2,1PY0,A,,CYS,54,SG,YMA,E,S2,2,2,"[""SOURCE_COVBINDERINPDB"",""SOURCE_RCSB_PDB_DIRECT""]","[""SOURCE_COVBINDERINPDB:CBR001260"",""SOURCE_RCSB_PDB_DIRECT:1PY0:covale2""]",true,PASSED,HUMAN_REVIEW_REQUIRED_PRE_CHEMISTRY,"[""PRE_CHEMISTRY_NOT_PRODUCTION_AUTHORITATIVE"",""NO_FAMILY_LEVEL_AUTO_ADMISSION""]",true,HISTORICAL_PROCESSING_ALREADY_EXECUTED,CURRENT_TWO_RULE_ROUTING_EVALUATED
140,HISTORICAL_PILOT_001_250,MULTI_SOURCE_PROVENANCE,COVAPIE_CYS_SG_EVENT_V1:1Q6K:A:CYS:25-:SG:C:TCO:C,1Q6K,A,,CYS,25,SG,TCO,C,C,2,2,"[""SOURCE_COVPDB"",""SOURCE_RCSB_PDB_DIRECT""]","[""SOURCE_COVPDB:CovPDB_complexes/1q6k/1q6k.pdb#LINK00330"",""SOURCE_RCSB_PDB_DIRECT:1Q6K:covale1""]",true,PASSED,LEAKAGE_EXISTING_GROUP_CONFLICT,"[""LEAKAGE_EXISTING_GROUP_CONFLICT""]",false,HISTORICAL_PROCESSING_ALREADY_EXECUTED,HISTORICAL_PROCESSED_OUTSIDE_CURRENT_123_ROUTING_POPULATION
141,HISTORICAL_PILOT_001_250,MULTI_SOURCE_PROVENANCE,COVAPIE_CYS_SG_EVENT_V1:1QA7:A:CYS:172-:SG:E:IVF:CH3,1QA7,A,,CYS,172,SG,IVF,E,CH3,3,3,"[""SOURCE_COVBINDERINPDB"",""SOURCE_COVPDB"",""SOURCE_RCSB_PDB_DIRECT""]","[""SOURCE_COVBINDERINPDB:CBR000028"",""SOURCE_COVPDB:CovPDB_complexes/1qa7/1qa7.pdb#LINK00698"",""SOURCE_RCSB_PDB_DIRECT:1QA7:covale1""]",true,PASSED,LEAKAGE_EXISTING_GROUP_CONFLICT,"[""LEAKAGE_EXISTING_GROUP_CONFLICT""]",false,HISTORICAL_PROCESSING_ALREADY_EXECUTED,HISTORICAL_PROCESSED_OUTSIDE_CURRENT_123_ROUTING_POPULATION
142,HISTORICAL_PILOT_001_250,MULTI_SOURCE_PROVENANCE,COVAPIE_CYS_SG_EVENT_V1:1QA7:B:CYS:172-:SG:F:IVF:CH3,1QA7,B,,CYS,172,SG,IVF,F,CH3,3,3,"[""SOURCE_COVBINDERINPDB"",""SOURCE_COVPDB"",""SOURCE_RCSB_PDB_DIRECT""]","[""SOURCE_COVBINDERINPDB:CBR000025"",""SOURCE_COVPDB:CovPDB_complexes/1qa7/1qa7.pdb#LINK00695"",""SOURCE_RCSB_PDB_DIRECT:1QA7:covale2""]",true,PASSED,LEAKAGE_EXISTING_GROUP_CONFLICT,"[""LEAKAGE_EXISTING_GROUP_CONFLICT""]",false,HISTORICAL_PROCESSING_ALREADY_EXECUTED,HISTORICAL_PROCESSED_OUTSIDE_CURRENT_123_ROUTING_POPULATION
143,HISTORICAL_PILOT_001_250,MULTI_SOURCE_PROVENANCE,COVAPIE_CYS_SG_EVENT_V1:1QA7:C:CYS:172-:SG:G:IVF:CH3,1QA7,C,,CYS,172,SG,IVF,G,CH3,3,3,"[""SOURCE_COVBINDERINPDB"",""SOURCE_COVPDB"",""SOURCE_RCSB_PDB_DIRECT""]","[""SOURCE_COVBINDERINPDB:CBR000027"",""SOURCE_COVPDB:CovPDB_complexes/1qa7/1qa7.pdb#LINK00697"",""SOURCE_RCSB_PDB_DIRECT:1QA7:covale3""]",true,PASSED,LEAKAGE_EXISTING_GROUP_CONFLICT,"[""LEAKAGE_EXISTING_GROUP_CONFLICT""]",false,HISTORICAL_PROCESSING_ALREADY_EXECUTED,HISTORICAL_PROCESSED_OUTSIDE_CURRENT_123_ROUTING_POPULATION
144,HISTORICAL_PILOT_001_250,MULTI_SOURCE_PROVENANCE,COVAPIE_CYS_SG_EVENT_V1:1QA7:D:CYS:172-:SG:H:IVF:CH3,1QA7,D,,CYS,172,SG,IVF,H,CH3,3,3,"[""SOURCE_COVBINDERINPDB"",""SOURCE_COVPDB"",""SOURCE_RCSB_PDB_DIRECT""]","[""SOURCE_COVBINDERINPDB:CBR000026"",""SOURCE_COVPDB:CovPDB_complexes/1qa7/1qa7.pdb#LINK00696"",""SOURCE_RCSB_PDB_DIRECT:1QA7:covale4""]",true,PASSED,LEAKAGE_EXISTING_GROUP_CONFLICT,"[""LEAKAGE_EXISTING_GROUP_CONFLICT""]",false,HISTORICAL_PROCESSING_ALREADY_EXECUTED,HISTORICAL_PROCESSED_OUTSIDE_CURRENT_123_ROUTING_POPULATION
145,HISTORICAL_PILOT_001_250,MULTI_SOURCE_PROVENANCE,COVAPIE_CYS_SG_EVENT_V1:1QDQ:A:CYS:29-:SG:B:074:C6,1QDQ,A,,CYS,29,SG,074,B,C6,3,3,"[""SOURCE_COVBINDERINPDB"",""SOURCE_COVPDB"",""SOURCE_RCSB_PDB_DIRECT""]","[""SOURCE_COVBINDERINPDB:CBR000260"",""SOURCE_COVPDB:CovPDB_complexes/1qdq/1qdq.pdb#LINK00423"",""SOURCE_RCSB_PDB_DIRECT:1QDQ:covale1""]",true,PASSED,LEAKAGE_EXISTING_GROUP_CONFLICT,"[""LEAKAGE_EXISTING_GROUP_CONFLICT""]",false,HISTORICAL_PROCESSING_ALREADY_EXECUTED,HISTORICAL_PROCESSED_OUTSIDE_CURRENT_123_ROUTING_POPULATION
146,HISTORICAL_PILOT_001_250,MULTI_SOURCE_PROVENANCE,COVAPIE_CYS_SG_EVENT_V1:1QFM:A:CYS:532-:SG:E:SGM:S1,1QFM,A,,CYS,532,SG,SGM,E,S1,2,2,"[""SOURCE_COVPDB"",""SOURCE_RCSB_PDB_DIRECT""]","[""SOURCE_COVPDB:CovPDB_complexes/1qfm/1qfm.pdb#LINK00482"",""SOURCE_RCSB_PDB_DIRECT:1QFM:covale10""]",true,PASSED,HUMAN_REVIEW_REQUIRED_PRE_CHEMISTRY,"[""PRE_CHEMISTRY_NOT_PRODUCTION_AUTHORITATIVE"",""NO_FAMILY_LEVEL_AUTO_ADMISSION""]",true,HISTORICAL_PROCESSING_ALREADY_EXECUTED,CURRENT_TWO_RULE_ROUTING_EVALUATED
147,HISTORICAL_PILOT_001_250,MULTI_SOURCE_PROVENANCE,COVAPIE_CYS_SG_EVENT_V1:1QFM:A:CYS:78-:SG:D:SGM:S1,1QFM,A,,CYS,78,SG,SGM,D,S1,2,2,"[""SOURCE_COVPDB"",""SOURCE_RCSB_PDB_DIRECT""]","[""SOURCE_COVPDB:CovPDB_complexes/1qfm/1qfm.pdb#LINK00481"",""SOURCE_RCSB_PDB_DIRECT:1QFM:covale5""]",true,PASSED,HUMAN_REVIEW_REQUIRED_PRE_CHEMISTRY,"[""PRE_CHEMISTRY_NOT_PRODUCTION_AUTHORITATIVE"",""NO_FAMILY_LEVEL_AUTO_ADMISSION""]",true,HISTORICAL_PROCESSING_ALREADY_EXECUTED,CURRENT_TWO_RULE_ROUTING_EVALUATED
148,HISTORICAL_PILOT_001_250,MULTI_SOURCE_PROVENANCE,COVAPIE_CYS_SG_EVENT_V1:1QWZ:A:CYS:223-:SG:G:ETM:SD,1QWZ,A,,CYS,223,SG,ETM,G,SD,2,2,"[""SOURCE_COVPDB"",""SOURCE_RCSB_PDB_DIRECT""]","[""SOURCE_COVPDB:CovPDB_complexes/1qwz/1qwz.pdb#LINK00403"",""SOURCE_RCSB_PDB_DIRECT:1QWZ:covale1""]",true,PASSED,LEAKAGE_EXISTING_GROUP_CONFLICT,"[""LEAKAGE_EXISTING_GROUP_CONFLICT""]",false,HISTORICAL_PROCESSING_ALREADY_EXECUTED,HISTORICAL_PROCESSED_OUTSIDE_CURRENT_123_ROUTING_POPULATION
149,HISTORICAL_PILOT_001_250,MULTI_SOURCE_PROVENANCE,COVAPIE_CYS_SG_EVENT_V1:1QX6:A:CYS:223-:SG:B:E64:C2,1QX6,A,,CYS,223,SG,E64,B,C2,2,2,"[""SOURCE_COVBINDERINPDB"",""SOURCE_RCSB_PDB_DIRECT""]","[""SOURCE_COVBINDERINPDB:CBR002564"",""SOURCE_RCSB_PDB_DIRECT:1QX6:covale11""]",true,PASSED,LEAKAGE_EXISTING_GROUP_CONFLICT,"[""LEAKAGE_EXISTING_GROUP_CONFLICT""]",false,HISTORICAL_PROCESSING_ALREADY_EXECUTED,HISTORICAL_PROCESSED_OUTSIDE_CURRENT_123_ROUTING_POPULATION
150,HISTORICAL_PILOT_001_250,MULTI_SOURCE_PROVENANCE,COVAPIE_CYS_SG_EVENT_V1:1QXA:A:CYS:223-:SG:C:ETM:SD,1QXA,A,,CYS,223,SG,ETM,C,SD,3,3,"[""SOURCE_COVBINDERINPDB"",""SOURCE_COVPDB"",""SOURCE_RCSB_PDB_DIRECT""]","[""SOURCE_COVBINDERINPDB:CBR002561"",""SOURCE_COVPDB:CovPDB_complexes/1qxa/1qxa.pdb#LINK00394"",""SOURCE_RCSB_PDB_DIRECT:1QXA:covale1""]",true,PASSED,STRUCTURAL_EVIDENCE_INCOMPLETE,"[""MMCIF_EXACT_CYS_SG_STRUCT_CONN_NOT_RECOVERED""]",false,HISTORICAL_PROCESSING_ALREADY_EXECUTED,HISTORICAL_PROCESSED_OUTSIDE_CURRENT_123_ROUTING_POPULATION
151,HISTORICAL_PILOT_001_250,MULTI_SOURCE_PROVENANCE,COVAPIE_CYS_SG_EVENT_V1:1RE1:A:CYS:285-:SG:C:NA3:C4,1RE1,A,,CYS,285,SG,NA3,C,C4,3,3,"[""SOURCE_COVBINDERINPDB"",""SOURCE_COVPDB"",""SOURCE_RCSB_PDB_DIRECT""]","[""SOURCE_COVBINDERINPDB:CBR004084"",""SOURCE_COVPDB:CovPDB_complexes/1re1/1re1.pdb#LINK00427"",""SOURCE_RCSB_PDB_DIRECT:1RE1:covale1""]",true,PASSED,STRUCTURAL_EVIDENCE_INCOMPLETE,"[""MMCIF_EXACT_CYS_SG_STRUCT_CONN_NOT_RECOVERED""]",false,HISTORICAL_PROCESSING_ALREADY_EXECUTED,HISTORICAL_PROCESSED_OUTSIDE_CURRENT_123_ROUTING_POPULATION
152,HISTORICAL_PILOT_001_250,MULTI_SOURCE_PROVENANCE,COVAPIE_CYS_SG_EVENT_V1:1RHJ:A:CYS:285-:SG:E:PZN:C9,1RHJ,A,,CYS,285,SG,PZN,E,C9,2,2,"[""SOURCE_COVBINDERINPDB"",""SOURCE_RCSB_PDB_DIRECT""]","[""SOURCE_COVBINDERINPDB:CBR001485"",""SOURCE_RCSB_PDB_DIRECT:1RHJ:covale1""]",true,PASSED,LEAKAGE_EXISTING_GROUP_CONFLICT,"[""LEAKAGE_EXISTING_GROUP_CONFLICT""]",false,HISTORICAL_PROCESSING_ALREADY_EXECUTED,HISTORICAL_PROCESSED_OUTSIDE_CURRENT_123_ROUTING_POPULATION
153,HISTORICAL_PILOT_001_250,MULTI_SOURCE_PROVENANCE,COVAPIE_CYS_SG_EVENT_V1:1RHJ:C:CYS:785-:SG:F:PZN:C9,1RHJ,C,,CYS,785,SG,PZN,F,C9,2,2,"[""SOURCE_COVBINDERINPDB"",""SOURCE_RCSB_PDB_DIRECT""]","[""SOURCE_COVBINDERINPDB:CBR001486"",""SOURCE_RCSB_PDB_DIRECT:1RHJ:covale2""]",true,PASSED,LEAKAGE_EXISTING_GROUP_CONFLICT,"[""LEAKAGE_EXISTING_GROUP_CONFLICT""]",false,HISTORICAL_PROCESSING_ALREADY_EXECUTED,HISTORICAL_PROCESSED_OUTSIDE_CURRENT_123_ROUTING_POPULATION
154,HISTORICAL_PILOT_001_250,MULTI_SOURCE_PROVENANCE,COVAPIE_CYS_SG_EVENT_V1:1RHM:A:CYS:285-:SG:E:NA4:C4,1RHM,A,,CYS,285,SG,NA4,E,C4,2,2,"[""SOURCE_COVBINDERINPDB"",""SOURCE_RCSB_PDB_DIRECT""]","[""SOURCE_COVBINDERINPDB:CBR001474"",""SOURCE_RCSB_PDB_DIRECT:1RHM:covale1""]",true,PASSED,LEAKAGE_EXISTING_GROUP_CONFLICT,"[""LEAKAGE_EXISTING_GROUP_CONFLICT""]",false,HISTORICAL_PROCESSING_ALREADY_EXECUTED,HISTORICAL_PROCESSED_OUTSIDE_CURRENT_123_ROUTING_POPULATION
155,HISTORICAL_PILOT_001_250,MULTI_SOURCE_PROVENANCE,COVAPIE_CYS_SG_EVENT_V1:1RHM:C:CYS:785-:SG:F:NA4:C4,1RHM,C,,CYS,785,SG,NA4,F,C4,2,2,"[""SOURCE_COVBINDERINPDB"",""SOURCE_RCSB_PDB_DIRECT""]","[""SOURCE_COVBINDERINPDB:CBR001475"",""SOURCE_RCSB_PDB_DIRECT:1RHM:covale2""]",true,PASSED,LEAKAGE_EXISTING_GROUP_CONFLICT,"[""LEAKAGE_EXISTING_GROUP_CONFLICT""]",false,HISTORICAL_PROCESSING_ALREADY_EXECUTED,HISTORICAL_PROCESSED_OUTSIDE_CURRENT_123_ROUTING_POPULATION
156,HISTORICAL_PILOT_001_250,MULTI_SOURCE_PROVENANCE,COVAPIE_CYS_SG_EVENT_V1:1RHQ:A:CYS:285-:SG:E:0ZZ:C9,1RHQ,A,,CYS,285,SG,0ZZ,E,C9,2,2,"[""SOURCE_COVBINDERINPDB"",""SOURCE_RCSB_PDB_DIRECT""]","[""SOURCE_COVBINDERINPDB:CBR001476"",""SOURCE_RCSB_PDB_DIRECT:1RHQ:covale1""]",true,PASSED,LEAKAGE_EXISTING_GROUP_CONFLICT,"[""LEAKAGE_EXISTING_GROUP_CONFLICT""]",false,HISTORICAL_PROCESSING_ALREADY_EXECUTED,HISTORICAL_PROCESSED_OUTSIDE_CURRENT_123_ROUTING_POPULATION
157,HISTORICAL_PILOT_001_250,MULTI_SOURCE_PROVENANCE,COVAPIE_CYS_SG_EVENT_V1:1RHR:A:CYS:285-:SG:C:CNE:C9,1RHR,A,,CYS,285,SG,CNE,C,C9,2,2,"[""SOURCE_COVBINDERINPDB"",""SOURCE_RCSB_PDB_DIRECT""]","[""SOURCE_COVBINDERINPDB:CBR001488"",""SOURCE_RCSB_PDB_DIRECT:1RHR:covale1""]",true,PASSED,STRUCTURAL_EVIDENCE_INCOMPLETE,"[""MMCIF_EXACT_CYS_SG_STRUCT_CONN_NOT_RECOVERED""]",false,HISTORICAL_PROCESSING_ALREADY_EXECUTED,HISTORICAL_PROCESSED_OUTSIDE_CURRENT_123_ROUTING_POPULATION
158,HISTORICAL_PILOT_001_250,MULTI_SOURCE_PROVENANCE,COVAPIE_CYS_SG_EVENT_V1:1RHU:A:CYS:285-:SG:C:3CY:C9,1RHU,A,,CYS,285,SG,3CY,C,C9,2,2,"[""SOURCE_COVBINDERINPDB"",""SOURCE_RCSB_PDB_DIRECT""]","[""SOURCE_COVBINDERINPDB:CBR001478"",""SOURCE_RCSB_PDB_DIRECT:1RHU:covale1""]",true,PASSED,STRUCTURAL_EVIDENCE_INCOMPLETE,"[""MMCIF_EXACT_CYS_SG_STRUCT_CONN_NOT_RECOVERED""]",false,HISTORICAL_PROCESSING_ALREADY_EXECUTED,HISTORICAL_PROCESSED_OUTSIDE_CURRENT_123_ROUTING_POPULATION
159,HISTORICAL_PILOT_001_250,MULTI_SOURCE_PROVENANCE,COVAPIE_CYS_SG_EVENT_V1:1RP4:A:CYS:208-:SG:D:NEN:C1,1RP4,A,,CYS,208,SG,NEN,D,C1,2,2,"[""SOURCE_COVBINDERINPDB"",""SOURCE_RCSB_PDB_DIRECT""]","[""SOURCE_COVBINDERINPDB:CBR001561"",""SOURCE_RCSB_PDB_DIRECT:1RP4:covale3""]",true,PASSED,HUMAN_REVIEW_REQUIRED_PRE_CHEMISTRY,"[""PRE_CHEMISTRY_NOT_PRODUCTION_AUTHORITATIVE"",""NO_FAMILY_LEVEL_AUTO_ADMISSION""]",true,HISTORICAL_PROCESSING_ALREADY_EXECUTED,CURRENT_TWO_RULE_ROUTING_EVALUATED
160,HISTORICAL_PILOT_001_250,MULTI_SOURCE_PROVENANCE,COVAPIE_CYS_SG_EVENT_V1:1RWK:A:CYS:285-:SG:C:158:C1,1RWK,A,,CYS,285,SG,158,C,C1,2,2,"[""SOURCE_COVPDB"",""SOURCE_RCSB_PDB_DIRECT""]","[""SOURCE_COVPDB:CovPDB_complexes/1rwk/1rwk.pdb#LINK00423"",""SOURCE_RCSB_PDB_DIRECT:1RWK:covale1""]",true,PASSED,STRUCTURAL_EVIDENCE_INCOMPLETE,"[""MMCIF_EXACT_CYS_SG_STRUCT_CONN_NOT_RECOVERED""]",false,HISTORICAL_PROCESSING_ALREADY_EXECUTED,HISTORICAL_PROCESSED_OUTSIDE_CURRENT_123_ROUTING_POPULATION
161,HISTORICAL_PILOT_001_250,MULTI_SOURCE_PROVENANCE,COVAPIE_CYS_SG_EVENT_V1:1RWN:A:CYS:285-:SG:C:4QB:C18,1RWN,A,,CYS,285,SG,4QB,C,C18,2,2,"[""SOURCE_COVPDB"",""SOURCE_RCSB_PDB_DIRECT""]","[""SOURCE_COVPDB:CovPDB_complexes/1rwn/1rwn.pdb#LINK00450"",""SOURCE_RCSB_PDB_DIRECT:1RWN:covale1""]",true,PASSED,STRUCTURAL_EVIDENCE_INCOMPLETE,"[""MMCIF_EXACT_CYS_SG_STRUCT_CONN_NOT_RECOVERED""]",false,HISTORICAL_PROCESSING_ALREADY_EXECUTED,HISTORICAL_PROCESSED_OUTSIDE_CURRENT_123_ROUTING_POPULATION
162,HISTORICAL_PILOT_001_250,MULTI_SOURCE_PROVENANCE,COVAPIE_CYS_SG_EVENT_V1:1RWO:A:CYS:285-:SG:C:BTH:C31,1RWO,A,,CYS,285,SG,BTH,C,C31,2,2,"[""SOURCE_COVPDB"",""SOURCE_RCSB_PDB_DIRECT""]","[""SOURCE_COVPDB:CovPDB_complexes/1rwo/1rwo.pdb#LINK00449"",""SOURCE_RCSB_PDB_DIRECT:1RWO:covale1""]",true,PASSED,STRUCTURAL_EVIDENCE_INCOMPLETE,"[""MMCIF_EXACT_CYS_SG_STRUCT_CONN_NOT_RECOVERED""]",false,HISTORICAL_PROCESSING_ALREADY_EXECUTED,HISTORICAL_PROCESSED_OUTSIDE_CURRENT_123_ROUTING_POPULATION
163,HISTORICAL_PILOT_001_250,MULTI_SOURCE_PROVENANCE,COVAPIE_CYS_SG_EVENT_V1:1RWP:A:CYS:285-:SG:C:HQC:C20,1RWP,A,,CYS,285,SG,HQC,C,C20,2,2,"[""SOURCE_COVPDB"",""SOURCE_RCSB_PDB_DIRECT""]","[""SOURCE_COVPDB:CovPDB_complexes/1rwp/1rwp.pdb#LINK00436"",""SOURCE_RCSB_PDB_DIRECT:1RWP:covale1""]",true,PASSED,STRUCTURAL_EVIDENCE_INCOMPLETE,"[""MMCIF_EXACT_CYS_SG_STRUCT_CONN_NOT_RECOVERED""]",false,HISTORICAL_PROCESSING_ALREADY_EXECUTED,HISTORICAL_PROCESSED_OUTSIDE_CURRENT_123_ROUTING_POPULATION
164,HISTORICAL_PILOT_001_250,MULTI_SOURCE_PROVENANCE,COVAPIE_CYS_SG_EVENT_V1:1RWV:A:CYS:285-:SG:C:5PH:C36,1RWV,A,,CYS,285,SG,5PH,C,C36,2,2,"[""SOURCE_COVPDB"",""SOURCE_RCSB_PDB_DIRECT""]","[""SOURCE_COVPDB:CovPDB_complexes/1rwv/1rwv.pdb#LINK00444"",""SOURCE_RCSB_PDB_DIRECT:1RWV:covale1""]",true,PASSED,STRUCTURAL_EVIDENCE_INCOMPLETE,"[""MMCIF_EXACT_CYS_SG_STRUCT_CONN_NOT_RECOVERED""]",false,HISTORICAL_PROCESSING_ALREADY_EXECUTED,HISTORICAL_PROCESSED_OUTSIDE_CURRENT_123_ROUTING_POPULATION
165,HISTORICAL_PILOT_001_250,MULTI_SOURCE_PROVENANCE,COVAPIE_CYS_SG_EVENT_V1:1RWX:A:CYS:285-:SG:C:YBH:C31,1RWX,A,,CYS,285,SG,YBH,C,C31,2,2,"[""SOURCE_COVPDB"",""SOURCE_RCSB_PDB_DIRECT""]","[""SOURCE_COVPDB:CovPDB_complexes/1rwx/1rwx.pdb#LINK00419"",""SOURCE_RCSB_PDB_DIRECT:1RWX:covale1""]",true,PASSED,STRUCTURAL_EVIDENCE_INCOMPLETE,"[""MMCIF_EXACT_CYS_SG_STRUCT_CONN_NOT_RECOVERED""]",false,HISTORICAL_PROCESSING_ALREADY_EXECUTED,HISTORICAL_PROCESSED_OUTSIDE_CURRENT_123_ROUTING_POPULATION
166,HISTORICAL_PILOT_001_250,MULTI_SOURCE_PROVENANCE,COVAPIE_CYS_SG_EVENT_V1:1RXE:A:CYS:89-:SG:D:MNB:S5,1RXE,A,,CYS,89,SG,MNB,D,S5,3,3,"[""SOURCE_COVBINDERINPDB"",""SOURCE_COVPDB"",""SOURCE_RCSB_PDB_DIRECT""]","[""SOURCE_COVBINDERINPDB:CBR001638"",""SOURCE_COVPDB:CovPDB_complexes/1rxe/1rxe.pdb#LINK00354"",""SOURCE_RCSB_PDB_DIRECT:1RXE:covale1""]",true,PASSED,LEAKAGE_EXISTING_GROUP_CONFLICT,"[""LEAKAGE_EXISTING_GROUP_CONFLICT""]",false,HISTORICAL_PROCESSING_ALREADY_EXECUTED,HISTORICAL_PROCESSED_OUTSIDE_CURRENT_123_ROUTING_POPULATION
167,HISTORICAL_PILOT_001_250,MULTI_SOURCE_PROVENANCE,COVAPIE_CYS_SG_EVENT_V1:1SHJ:A:CYS:290-:SG:D:NXN:S19,1SHJ,A,,CYS,290,SG,NXN,D,S19,2,2,"[""SOURCE_COVBINDERINPDB"",""SOURCE_RCSB_PDB_DIRECT""]","[""SOURCE_COVBINDERINPDB:CBR000644"",""SOURCE_RCSB_PDB_DIRECT:1SHJ:covale1""]",true,PASSED,LEAKAGE_EXISTING_GROUP_CONFLICT,"[""LEAKAGE_EXISTING_GROUP_CONFLICT""]",false,HISTORICAL_PROCESSING_ALREADY_EXECUTED,HISTORICAL_PROCESSED_OUTSIDE_CURRENT_123_ROUTING_POPULATION
168,HISTORICAL_PILOT_001_250,MULTI_SOURCE_PROVENANCE,COVAPIE_CYS_SG_EVENT_V1:1SHJ:B:CYS:290-:SG:G:NXN:S19,1SHJ,B,,CYS,290,SG,NXN,G,S19,2,2,"[""SOURCE_COVBINDERINPDB"",""SOURCE_RCSB_PDB_DIRECT""]","[""SOURCE_COVBINDERINPDB:CBR000645"",""SOURCE_RCSB_PDB_DIRECT:1SHJ:covale2""]",true,PASSED,LEAKAGE_EXISTING_GROUP_CONFLICT,"[""LEAKAGE_EXISTING_GROUP_CONFLICT""]",false,HISTORICAL_PROCESSING_ALREADY_EXECUTED,HISTORICAL_PROCESSED_OUTSIDE_CURRENT_123_ROUTING_POPULATION
169,HISTORICAL_PILOT_001_250,MULTI_SOURCE_PROVENANCE,COVAPIE_CYS_SG_EVENT_V1:1SHL:A:CYS:290-:SG:C:FXN:S19,1SHL,A,,CYS,290,SG,FXN,C,S19,2,2,"[""SOURCE_COVBINDERINPDB"",""SOURCE_RCSB_PDB_DIRECT""]","[""SOURCE_COVBINDERINPDB:CBR000682"",""SOURCE_RCSB_PDB_DIRECT:1SHL:covale1""]",true,PASSED,HUMAN_REVIEW_REQUIRED_PRE_CHEMISTRY,"[""PRE_CHEMISTRY_NOT_PRODUCTION_AUTHORITATIVE"",""NO_FAMILY_LEVEL_AUTO_ADMISSION""]",true,HISTORICAL_PROCESSING_ALREADY_EXECUTED,CURRENT_TWO_RULE_ROUTING_EVALUATED
170,HISTORICAL_PILOT_001_250,MULTI_SOURCE_PROVENANCE,COVAPIE_CYS_SG_EVENT_V1:1SHL:B:CYS:290-:SG:D:FXN:S19,1SHL,B,,CYS,290,SG,FXN,D,S19,2,2,"[""SOURCE_COVBINDERINPDB"",""SOURCE_RCSB_PDB_DIRECT""]","[""SOURCE_COVBINDERINPDB:CBR000683"",""SOURCE_RCSB_PDB_DIRECT:1SHL:covale2""]",true,PASSED,HUMAN_REVIEW_REQUIRED_PRE_CHEMISTRY,"[""PRE_CHEMISTRY_NOT_PRODUCTION_AUTHORITATIVE"",""NO_FAMILY_LEVEL_AUTO_ADMISSION""]",true,HISTORICAL_PROCESSING_ALREADY_EXECUTED,CURRENT_TWO_RULE_ROUTING_EVALUATED
171,HISTORICAL_PILOT_001_250,MULTI_SOURCE_PROVENANCE,COVAPIE_CYS_SG_EVENT_V1:1SNK:A:CYS:25-:SG:E:MYE:C26,1SNK,A,,CYS,25,SG,MYE,E,C26,3,3,"[""SOURCE_COVBINDERINPDB"",""SOURCE_COVPDB"",""SOURCE_RCSB_PDB_DIRECT""]","[""SOURCE_COVBINDERINPDB:CBR000989"",""SOURCE_COVPDB:CovPDB_complexes/1snk/1snk.pdb#LINK00359"",""SOURCE_RCSB_PDB_DIRECT:1SNK:covale1""]",true,PASSED,LEAKAGE_EXISTING_GROUP_CONFLICT,"[""LEAKAGE_EXISTING_GROUP_CONFLICT""]",false,HISTORICAL_PROCESSING_ALREADY_EXECUTED,HISTORICAL_PROCESSED_OUTSIDE_CURRENT_123_ROUTING_POPULATION
172,HISTORICAL_PILOT_001_250,MULTI_SOURCE_PROVENANCE,COVAPIE_CYS_SG_EVENT_V1:1TD2:A:CYS:122-:SG:C:PXL:C4A,1TD2,A,,CYS,122,SG,PXL,C,C4A,2,2,"[""SOURCE_COVBINDERINPDB"",""SOURCE_RCSB_PDB_DIRECT""]","[""SOURCE_COVBINDERINPDB:CBR004842"",""SOURCE_RCSB_PDB_DIRECT:1TD2:covale1""]",true,PASSED,STRUCTURAL_EVIDENCE_INCOMPLETE,"[""MMCIF_EXACT_CYS_SG_STRUCT_CONN_NOT_RECOVERED""]",false,HISTORICAL_PROCESSING_ALREADY_EXECUTED,HISTORICAL_PROCESSED_OUTSIDE_CURRENT_123_ROUTING_POPULATION
173,HISTORICAL_PILOT_001_250,MULTI_SOURCE_PROVENANCE,COVAPIE_CYS_SG_EVENT_V1:1THE:A:CYS:29-:SG:C:0E6:C11,1THE,A,,CYS,29,SG,0E6,C,C11,2,2,"[""SOURCE_COVPDB"",""SOURCE_RCSB_PDB_DIRECT""]","[""SOURCE_COVPDB:CovPDB_complexes/1the/1the.pdb#LINK00552"",""SOURCE_RCSB_PDB_DIRECT:1THE:covale1""]",true,PASSED,LEAKAGE_EXISTING_GROUP_CONFLICT,"[""LEAKAGE_EXISTING_GROUP_CONFLICT""]",false,HISTORICAL_PROCESSING_ALREADY_EXECUTED,HISTORICAL_PROCESSED_OUTSIDE_CURRENT_123_ROUTING_POPULATION
174,HISTORICAL_PILOT_001_250,MULTI_SOURCE_PROVENANCE,COVAPIE_CYS_SG_EVENT_V1:1THE:B:CYS:29-:SG:D:0E6:C11,1THE,B,,CYS,29,SG,0E6,D,C11,2,2,"[""SOURCE_COVPDB"",""SOURCE_RCSB_PDB_DIRECT""]","[""SOURCE_COVPDB:CovPDB_complexes/1the/1the.pdb#LINK00553"",""SOURCE_RCSB_PDB_DIRECT:1THE:covale2""]",true,PASSED,LEAKAGE_EXISTING_GROUP_CONFLICT,"[""LEAKAGE_EXISTING_GROUP_CONFLICT""]",false,HISTORICAL_PROCESSING_ALREADY_EXECUTED,HISTORICAL_PROCESSED_OUTSIDE_CURRENT_123_ROUTING_POPULATION
175,HISTORICAL_PILOT_001_250,MULTI_SOURCE_PROVENANCE,COVAPIE_CYS_SG_EVENT_V1:1TLO:A:CYS:115-:SG:D:E64:C2,1TLO,A,,CYS,115,SG,E64,D,C2,3,3,"[""SOURCE_COVBINDERINPDB"",""SOURCE_COVPDB"",""SOURCE_RCSB_PDB_DIRECT""]","[""SOURCE_COVBINDERINPDB:CBR004971"",""SOURCE_COVPDB:CovPDB_complexes/1tlo/1tlo.pdb#LINK00440"",""SOURCE_RCSB_PDB_DIRECT:1TLO:covale1""]",true,PASSED,LEAKAGE_EXISTING_GROUP_CONFLICT,"[""LEAKAGE_EXISTING_GROUP_CONFLICT""]",false,HISTORICAL_PROCESSING_ALREADY_EXECUTED,HISTORICAL_PROCESSED_OUTSIDE_CURRENT_123_ROUTING_POPULATION
176,HISTORICAL_PILOT_001_250,MULTI_SOURCE_PROVENANCE,COVAPIE_CYS_SG_EVENT_V1:1TLS:A:CYS:146-:SG:C:UFP:C6,1TLS,A,,CYS,146,SG,UFP,C,C6,2,2,"[""SOURCE_COVBINDERINPDB"",""SOURCE_RCSB_PDB_DIRECT""]","[""SOURCE_COVBINDERINPDB:CBR004969"",""SOURCE_RCSB_PDB_DIRECT:1TLS:covale2""]",true,PASSED,HUMAN_REVIEW_REQUIRED_PRE_CHEMISTRY,"[""PRE_CHEMISTRY_NOT_PRODUCTION_AUTHORITATIVE"",""NO_FAMILY_LEVEL_AUTO_ADMISSION""]",true,HISTORICAL_PROCESSING_ALREADY_EXECUTED,CURRENT_TWO_RULE_ROUTING_EVALUATED
177,HISTORICAL_PILOT_001_250,MULTI_SOURCE_PROVENANCE,COVAPIE_CYS_SG_EVENT_V1:1TLS:B:CYS:146-:SG:E:UFP:C6,1TLS,B,,CYS,146,SG,UFP,E,C6,2,2,"[""SOURCE_COVBINDERINPDB"",""SOURCE_RCSB_PDB_DIRECT""]","[""SOURCE_COVBINDERINPDB:CBR004970"",""SOURCE_RCSB_PDB_DIRECT:1TLS:covale6""]",true,PASSED,HUMAN_REVIEW_REQUIRED_PRE_CHEMISTRY,"[""PRE_CHEMISTRY_NOT_PRODUCTION_AUTHORITATIVE"",""NO_FAMILY_LEVEL_AUTO_ADMISSION""]",true,HISTORICAL_PROCESSING_ALREADY_EXECUTED,CURRENT_TWO_RULE_ROUTING_EVALUATED
178,HISTORICAL_PILOT_001_250,MULTI_SOURCE_PROVENANCE,COVAPIE_CYS_SG_EVENT_V1:1TRG:A:CYS:146-:SG:B:UMP:C6,1TRG,A,,CYS,146,SG,UMP,B,C6,3,3,"[""SOURCE_COVBINDERINPDB"",""SOURCE_COVPDB"",""SOURCE_RCSB_PDB_DIRECT""]","[""SOURCE_COVBINDERINPDB:CBR002246"",""SOURCE_COVPDB:CovPDB_complexes/1trg/1trg.pdb#LINK00367"",""SOURCE_RCSB_PDB_DIRECT:1TRG:covale3""]",true,PASSED,HUMAN_REVIEW_REQUIRED_PRE_CHEMISTRY,"[""PRE_CHEMISTRY_NOT_PRODUCTION_AUTHORITATIVE"",""NO_FAMILY_LEVEL_AUTO_ADMISSION""]",true,HISTORICAL_PROCESSING_ALREADY_EXECUTED,CURRENT_TWO_RULE_ROUTING_EVALUATED
179,HISTORICAL_PILOT_001_250,MULTI_SOURCE_PROVENANCE,COVAPIE_CYS_SG_EVENT_V1:1TU6:A:CYS:139-:SG:E:FSP:C23,1TU6,A,,CYS,139,SG,FSP,E,C23,3,3,"[""SOURCE_COVBINDERINPDB"",""SOURCE_COVPDB"",""SOURCE_RCSB_PDB_DIRECT""]","[""SOURCE_COVBINDERINPDB:CBR002423"",""SOURCE_COVPDB:CovPDB_complexes/1tu6/1tu6.pdb#LINK00382"",""SOURCE_RCSB_PDB_DIRECT:1TU6:covale1""]",true,PASSED,HUMAN_REVIEW_REQUIRED_PRE_CHEMISTRY,"[""PRE_CHEMISTRY_NOT_PRODUCTION_AUTHORITATIVE"",""NO_FAMILY_LEVEL_AUTO_ADMISSION""]",true,HISTORICAL_PROCESSING_ALREADY_EXECUTED,CURRENT_TWO_RULE_ROUTING_EVALUATED
180,HISTORICAL_PILOT_001_250,MULTI_SOURCE_PROVENANCE,COVAPIE_CYS_SG_EVENT_V1:1TU6:B:CYS:139-:SG:G:FSP:C23,1TU6,B,,CYS,139,SG,FSP,G,C23,3,3,"[""SOURCE_COVBINDERINPDB"",""SOURCE_COVPDB"",""SOURCE_RCSB_PDB_DIRECT""]","[""SOURCE_COVBINDERINPDB:CBR002424"",""SOURCE_COVPDB:CovPDB_complexes/1tu6/1tu6.pdb#LINK00383"",""SOURCE_RCSB_PDB_DIRECT:1TU6:covale2""]",true,PASSED,HUMAN_REVIEW_REQUIRED_PRE_CHEMISTRY,"[""PRE_CHEMISTRY_NOT_PRODUCTION_AUTHORITATIVE"",""NO_FAMILY_LEVEL_AUTO_ADMISSION""]",true,HISTORICAL_PROCESSING_ALREADY_EXECUTED,CURRENT_TWO_RULE_ROUTING_EVALUATED
181,HISTORICAL_PILOT_001_250,MULTI_SOURCE_PROVENANCE,COVAPIE_CYS_SG_EVENT_V1:1U9V:A:CYS:25-:SG:B:IHE:C27,1U9V,A,,CYS,25,SG,IHE,B,C27,3,3,"[""SOURCE_COVBINDERINPDB"",""SOURCE_COVPDB"",""SOURCE_RCSB_PDB_DIRECT""]","[""SOURCE_COVBINDERINPDB:CBR002921"",""SOURCE_COVPDB:CovPDB_complexes/1u9v/1u9v.pdb#LINK00348"",""SOURCE_RCSB_PDB_DIRECT:1U9V:covale1""]",true,PASSED,LEAKAGE_EXISTING_GROUP_CONFLICT,"[""LEAKAGE_EXISTING_GROUP_CONFLICT""]",false,HISTORICAL_PROCESSING_ALREADY_EXECUTED,HISTORICAL_PROCESSED_OUTSIDE_CURRENT_123_ROUTING_POPULATION
182,HISTORICAL_PILOT_001_250,MULTI_SOURCE_PROVENANCE,COVAPIE_CYS_SG_EVENT_V1:1U9W:A:CYS:25-:SG:B:IHI:C26,1U9W,A,,CYS,25,SG,IHI,B,C26,3,3,"[""SOURCE_COVBINDERINPDB"",""SOURCE_COVPDB"",""SOURCE_RCSB_PDB_DIRECT""]","[""SOURCE_COVBINDERINPDB:CBR002920"",""SOURCE_COVPDB:CovPDB_complexes/1u9w/1u9w.pdb#LINK00352"",""SOURCE_RCSB_PDB_DIRECT:1U9W:covale1""]",true,PASSED,LEAKAGE_EXISTING_GROUP_CONFLICT,"[""LEAKAGE_EXISTING_GROUP_CONFLICT""]",false,HISTORICAL_PROCESSING_ALREADY_EXECUTED,HISTORICAL_PROCESSED_OUTSIDE_CURRENT_123_ROUTING_POPULATION
183,HISTORICAL_PILOT_001_250,MULTI_SOURCE_PROVENANCE,COVAPIE_CYS_SG_EVENT_V1:1U9X:A:CYS:25-:SG:B:IHJ:C12,1U9X,A,,CYS,25,SG,IHJ,B,C12,3,3,"[""SOURCE_COVBINDERINPDB"",""SOURCE_COVPDB"",""SOURCE_RCSB_PDB_DIRECT""]","[""SOURCE_COVBINDERINPDB:CBR002924"",""SOURCE_COVPDB:CovPDB_complexes/1u9x/1u9x.pdb#LINK00366"",""SOURCE_RCSB_PDB_DIRECT:1U9X:covale1""]",true,PASSED,LEAKAGE_EXISTING_GROUP_CONFLICT,"[""LEAKAGE_EXISTING_GROUP_CONFLICT""]",false,HISTORICAL_PROCESSING_ALREADY_EXECUTED,HISTORICAL_PROCESSED_OUTSIDE_CURRENT_123_ROUTING_POPULATION
184,HISTORICAL_PILOT_001_250,MULTI_SOURCE_PROVENANCE,COVAPIE_CYS_SG_EVENT_V1:1VSN:A:CYS:25-:SG:B:NFT:C44,1VSN,A,,CYS,25,SG,NFT,B,C44,2,2,"[""SOURCE_COVPDB"",""SOURCE_RCSB_PDB_DIRECT""]","[""SOURCE_COVPDB:CovPDB_complexes/1vsn/1vsn.pdb#LINK00355"",""SOURCE_RCSB_PDB_DIRECT:1VSN:covale1""]",true,PASSED,LEAKAGE_EXISTING_GROUP_CONFLICT,"[""LEAKAGE_EXISTING_GROUP_CONFLICT""]",false,HISTORICAL_PROCESSING_ALREADY_EXECUTED,HISTORICAL_PROCESSED_OUTSIDE_CURRENT_123_ROUTING_POPULATION
185,HISTORICAL_PILOT_001_250,MULTI_SOURCE_PROVENANCE,COVAPIE_CYS_SG_EVENT_V1:1VZE:A:CYS:198-:SG:B:UMP:C6,1VZE,A,,CYS,198,SG,UMP,B,C6,3,3,"[""SOURCE_COVBINDERINPDB"",""SOURCE_COVPDB"",""SOURCE_RCSB_PDB_DIRECT""]","[""SOURCE_COVBINDERINPDB:CBR000591"",""SOURCE_COVPDB:CovPDB_complexes/1vze/1vze.pdb#LINK00651"",""SOURCE_RCSB_PDB_DIRECT:1VZE:covale1""]",true,PASSED,STRUCTURAL_EVIDENCE_INCOMPLETE,"[""MMCIF_EXACT_CYS_SG_STRUCT_CONN_NOT_RECOVERED""]",false,HISTORICAL_PROCESSING_ALREADY_EXECUTED,HISTORICAL_PROCESSED_OUTSIDE_CURRENT_123_ROUTING_POPULATION
186,HISTORICAL_PILOT_001_250,MULTI_SOURCE_PROVENANCE,COVAPIE_CYS_SG_EVENT_V1:1W66:A:CYS:176-:SG:B:DKA:C3,1W66,A,,CYS,176,SG,DKA,B,C3,2,2,"[""SOURCE_COVBINDERINPDB"",""SOURCE_RCSB_PDB_DIRECT""]","[""SOURCE_COVBINDERINPDB:CBR003633"",""SOURCE_RCSB_PDB_DIRECT:1W66:covale1""]",true,PASSED,STRUCTURAL_EVIDENCE_INCOMPLETE,"[""MMCIF_EXACT_CYS_SG_STRUCT_CONN_NOT_RECOVERED""]",false,HISTORICAL_PROCESSING_ALREADY_EXECUTED,HISTORICAL_PROCESSED_OUTSIDE_CURRENT_123_ROUTING_POPULATION
187,HISTORICAL_PILOT_001_250,MULTI_SOURCE_PROVENANCE,COVAPIE_CYS_SG_EVENT_V1:1WOF:A:CYS:145-:SG:C:I12:C21,1WOF,A,,CYS,145,SG,I12,C,C21,3,3,"[""SOURCE_COVBINDERINPDB"",""SOURCE_COVPDB"",""SOURCE_RCSB_PDB_DIRECT""]","[""SOURCE_COVBINDERINPDB:CBR002098"",""SOURCE_COVPDB:CovPDB_complexes/1wof/1wof.pdb#LINK00420"",""SOURCE_RCSB_PDB_DIRECT:1WOF:covale1""]",true,PASSED,HUMAN_REVIEW_REQUIRED_PRE_CHEMISTRY,"[""PRE_CHEMISTRY_NOT_PRODUCTION_AUTHORITATIVE"",""NO_FAMILY_LEVEL_AUTO_ADMISSION""]",true,HISTORICAL_PROCESSING_ALREADY_EXECUTED,CURRENT_TWO_RULE_ROUTING_EVALUATED
188,HISTORICAL_PILOT_001_250,MULTI_SOURCE_PROVENANCE,COVAPIE_CYS_SG_EVENT_V1:1WOF:B:CYS:145-:SG:D:I12:C21,1WOF,B,,CYS,145,SG,I12,D,C21,3,3,"[""SOURCE_COVBINDERINPDB"",""SOURCE_COVPDB"",""SOURCE_RCSB_PDB_DIRECT""]","[""SOURCE_COVBINDERINPDB:CBR002099"",""SOURCE_COVPDB:CovPDB_complexes/1wof/1wof.pdb#LINK00421"",""SOURCE_RCSB_PDB_DIRECT:1WOF:covale2""]",true,PASSED,HUMAN_REVIEW_REQUIRED_PRE_CHEMISTRY,"[""PRE_CHEMISTRY_NOT_PRODUCTION_AUTHORITATIVE"",""NO_FAMILY_LEVEL_AUTO_ADMISSION""]",true,HISTORICAL_PROCESSING_ALREADY_EXECUTED,CURRENT_TWO_RULE_ROUTING_EVALUATED
189,HISTORICAL_PILOT_001_250,MULTI_SOURCE_PROVENANCE,COVAPIE_CYS_SG_EVENT_V1:1XD3:A:CYS:95-:SG:H:GVE:CB,1XD3,A,,CYS,95,SG,GVE,H,CB,2,2,"[""SOURCE_COVBINDERINPDB"",""SOURCE_RCSB_PDB_DIRECT""]","[""SOURCE_COVBINDERINPDB:CBR000930"",""SOURCE_RCSB_PDB_DIRECT:1XD3:covale2""]",true,PASSED,HUMAN_REVIEW_REQUIRED_PRE_CHEMISTRY,"[""PRE_CHEMISTRY_NOT_PRODUCTION_AUTHORITATIVE"",""NO_FAMILY_LEVEL_AUTO_ADMISSION""]",true,HISTORICAL_PROCESSING_ALREADY_EXECUTED,CURRENT_TWO_RULE_ROUTING_EVALUATED
190,HISTORICAL_PILOT_001_250,MULTI_SOURCE_PROVENANCE,COVAPIE_CYS_SG_EVENT_V1:1XD3:C:CYS:95-:SG:P:GVE:CB,1XD3,C,,CYS,95,SG,GVE,P,CB,2,2,"[""SOURCE_COVBINDERINPDB"",""SOURCE_RCSB_PDB_DIRECT""]","[""SOURCE_COVBINDERINPDB:CBR000929"",""SOURCE_RCSB_PDB_DIRECT:1XD3:covale6""]",true,PASSED,HUMAN_REVIEW_REQUIRED_PRE_CHEMISTRY,"[""PRE_CHEMISTRY_NOT_PRODUCTION_AUTHORITATIVE"",""NO_FAMILY_LEVEL_AUTO_ADMISSION""]",true,HISTORICAL_PROCESSING_ALREADY_EXECUTED,CURRENT_TWO_RULE_ROUTING_EVALUATED
191,HISTORICAL_PILOT_001_250,MULTI_SOURCE_PROVENANCE,COVAPIE_CYS_SG_EVENT_V1:1YK7:A:CYS:25-:SG:B:NBL:C25,1YK7,A,,CYS,25,SG,NBL,B,C25,3,3,"[""SOURCE_COVBINDERINPDB"",""SOURCE_COVPDB"",""SOURCE_RCSB_PDB_DIRECT""]","[""SOURCE_COVBINDERINPDB:CBR002353"",""SOURCE_COVPDB:CovPDB_complexes/1yk7/1yk7.pdb#LINK00321"",""SOURCE_RCSB_PDB_DIRECT:1YK7:covale1""]",true,PASSED,LEAKAGE_EXISTING_GROUP_CONFLICT,"[""LEAKAGE_EXISTING_GROUP_CONFLICT""]",false,HISTORICAL_PROCESSING_ALREADY_EXECUTED,HISTORICAL_PROCESSED_OUTSIDE_CURRENT_123_ROUTING_POPULATION
192,HISTORICAL_PILOT_001_250,MULTI_SOURCE_PROVENANCE,COVAPIE_CYS_SG_EVENT_V1:1YK8:A:CYS:139-:SG:B:T2M:C11,1YK8,A,,CYS,139,SG,T2M,B,C11,2,2,"[""SOURCE_COVBINDERINPDB"",""SOURCE_RCSB_PDB_DIRECT""]","[""SOURCE_COVBINDERINPDB:CBR002352"",""SOURCE_RCSB_PDB_DIRECT:1YK8:covale1""]",true,PASSED,LEAKAGE_EXISTING_GROUP_CONFLICT,"[""LEAKAGE_EXISTING_GROUP_CONFLICT""]",false,HISTORICAL_PROCESSING_ALREADY_EXECUTED,HISTORICAL_PROCESSED_OUTSIDE_CURRENT_123_ROUTING_POPULATION
193,HISTORICAL_PILOT_001_250,MULTI_SOURCE_PROVENANCE,COVAPIE_CYS_SG_EVENT_V1:1YT7:A:CYS:25-:SG:D:3FC:C31,1YT7,A,,CYS,25,SG,3FC,D,C31,3,3,"[""SOURCE_COVBINDERINPDB"",""SOURCE_COVPDB"",""SOURCE_RCSB_PDB_DIRECT""]","[""SOURCE_COVBINDERINPDB:CBR000247"",""SOURCE_COVPDB:CovPDB_complexes/1yt7/1yt7.pdb#LINK00359"",""SOURCE_RCSB_PDB_DIRECT:1YT7:covale1""]",true,PASSED,LEAKAGE_EXISTING_GROUP_CONFLICT,"[""LEAKAGE_EXISTING_GROUP_CONFLICT""]",false,HISTORICAL_PROCESSING_ALREADY_EXECUTED,HISTORICAL_PROCESSED_OUTSIDE_CURRENT_123_ROUTING_POPULATION
194,HISTORICAL_PILOT_001_250,MULTI_SOURCE_PROVENANCE,COVAPIE_CYS_SG_EVENT_V1:1ZCM:A:CYS:115-:SG:D:C1N:C32,1ZCM,A,,CYS,115,SG,C1N,D,C32,3,3,"[""SOURCE_COVBINDERINPDB"",""SOURCE_COVPDB"",""SOURCE_RCSB_PDB_DIRECT""]","[""SOURCE_COVBINDERINPDB:CBR004138"",""SOURCE_COVPDB:CovPDB_complexes/1zcm/1zcm.pdb#LINK00383"",""SOURCE_RCSB_PDB_DIRECT:1ZCM:covale1""]",true,PASSED,LEAKAGE_EXISTING_GROUP_CONFLICT,"[""LEAKAGE_EXISTING_GROUP_CONFLICT""]",false,HISTORICAL_PROCESSING_ALREADY_EXECUTED,HISTORICAL_PROCESSED_OUTSIDE_CURRENT_123_ROUTING_POPULATION
195,HISTORICAL_PILOT_001_250,MULTI_SOURCE_PROVENANCE,COVAPIE_CYS_SG_EVENT_V1:1ZPR:A:CYS:146-:SG:C:UMP:C6,1ZPR,A,,CYS,146,SG,UMP,C,C6,2,2,"[""SOURCE_COVBINDERINPDB"",""SOURCE_RCSB_PDB_DIRECT""]","[""SOURCE_COVBINDERINPDB:CBR004230"",""SOURCE_RCSB_PDB_DIRECT:1ZPR:covale2""]",true,PASSED,HUMAN_REVIEW_REQUIRED_PRE_CHEMISTRY,"[""PRE_CHEMISTRY_NOT_PRODUCTION_AUTHORITATIVE"",""NO_FAMILY_LEVEL_AUTO_ADMISSION""]",true,HISTORICAL_PROCESSING_ALREADY_EXECUTED,CURRENT_TWO_RULE_ROUTING_EVALUATED
196,HISTORICAL_PILOT_001_250,MULTI_SOURCE_PROVENANCE,COVAPIE_CYS_SG_EVENT_V1:207L:A:CYS:95-:SG:B:SC2:SG,207L,A,,CYS,95,SG,SC2,B,SG,2,2,"[""SOURCE_COVPDB"",""SOURCE_RCSB_PDB_DIRECT""]","[""SOURCE_COVPDB:CovPDB_complexes/207l/207l.pdb#LINK00333"",""SOURCE_RCSB_PDB_DIRECT:207L:covale1""]",true,PASSED,HUMAN_REVIEW_REQUIRED_PRE_CHEMISTRY,"[""PRE_CHEMISTRY_NOT_PRODUCTION_AUTHORITATIVE"",""NO_FAMILY_LEVEL_AUTO_ADMISSION""]",true,HISTORICAL_PROCESSING_ALREADY_EXECUTED,CURRENT_TWO_RULE_ROUTING_EVALUATED
197,HISTORICAL_PILOT_001_250,MULTI_SOURCE_PROVENANCE,COVAPIE_CYS_SG_EVENT_V1:2A4O:A:CYS:172-:SG:C:ACE:CH3,2A4O,A,,CYS,172,SG,ACE,C,CH3,2,2,"[""SOURCE_COVPDB"",""SOURCE_RCSB_PDB_DIRECT""]","[""SOURCE_COVPDB:CovPDB_complexes/2a4o/2a4o.pdb#LINK00401"",""SOURCE_RCSB_PDB_DIRECT:2A4O:covale2""]",true,PASSED,LEAKAGE_EXISTING_GROUP_CONFLICT,"[""LEAKAGE_EXISTING_GROUP_CONFLICT""]",false,HISTORICAL_PROCESSING_ALREADY_EXECUTED,HISTORICAL_PROCESSED_OUTSIDE_CURRENT_123_ROUTING_POPULATION
198,HISTORICAL_PILOT_001_250,MULTI_SOURCE_PROVENANCE,COVAPIE_CYS_SG_EVENT_V1:2A4T:A:CYS:131-:SG:B:R7A:SD,2A4T,A,,CYS,131,SG,R7A,B,SD,2,2,"[""SOURCE_COVBINDERINPDB"",""SOURCE_RCSB_PDB_DIRECT""]","[""SOURCE_COVBINDERINPDB:CBR001570"",""SOURCE_RCSB_PDB_DIRECT:2A4T:covale2""]",true,PASSED,QUARANTINE_REPRESENTATION_GAP,"[""PRE_ONLY_ATOMS_CANNOT_BE_DROPPED_OR_GIVEN_COORDINATES""]",false,HISTORICAL_PROCESSING_ALREADY_EXECUTED,HISTORICAL_PROCESSED_OUTSIDE_CURRENT_123_ROUTING_POPULATION
199,HISTORICAL_PILOT_001_250,MULTI_SOURCE_PROVENANCE,COVAPIE_CYS_SG_EVENT_V1:2A5I:A:CYS:145-:SG:B:AZP:CBM,2A5I,A,,CYS,145,SG,AZP,B,CBM,2,2,"[""SOURCE_COVPDB"",""SOURCE_RCSB_PDB_DIRECT""]","[""SOURCE_COVPDB:CovPDB_complexes/2a5i/2a5i.pdb#LINK00516"",""SOURCE_RCSB_PDB_DIRECT:2A5I:covale1""]",true,PASSED,HUMAN_REVIEW_REQUIRED_PRE_CHEMISTRY,"[""PRE_CHEMISTRY_NOT_PRODUCTION_AUTHORITATIVE"",""NO_FAMILY_LEVEL_AUTO_ADMISSION""]",true,HISTORICAL_PROCESSING_ALREADY_EXECUTED,CURRENT_TWO_RULE_ROUTING_EVALUATED
200,HISTORICAL_PILOT_001_250,MULTI_SOURCE_PROVENANCE,COVAPIE_CYS_SG_EVENT_V1:2A5K:A:CYS:145-:SG:C:AZP:CBM,2A5K,A,,CYS,145,SG,AZP,C,CBM,2,2,"[""SOURCE_COVPDB"",""SOURCE_RCSB_PDB_DIRECT""]","[""SOURCE_COVPDB:CovPDB_complexes/2a5k/2a5k.pdb#LINK00519"",""SOURCE_RCSB_PDB_DIRECT:2A5K:covale1""]",true,PASSED,HUMAN_REVIEW_REQUIRED_PRE_CHEMISTRY,"[""PRE_CHEMISTRY_NOT_PRODUCTION_AUTHORITATIVE"",""NO_FAMILY_LEVEL_AUTO_ADMISSION""]",true,HISTORICAL_PROCESSING_ALREADY_EXECUTED,CURRENT_TWO_RULE_ROUTING_EVALUATED
201,HISTORICAL_PILOT_001_250,MULTI_SOURCE_PROVENANCE,COVAPIE_CYS_SG_EVENT_V1:2A5K:B:CYS:145-:SG:D:AZP:CBM,2A5K,B,,CYS,145,SG,AZP,D,CBM,2,2,"[""SOURCE_COVPDB"",""SOURCE_RCSB_PDB_DIRECT""]","[""SOURCE_COVPDB:CovPDB_complexes/2a5k/2a5k.pdb#LINK00520"",""SOURCE_RCSB_PDB_DIRECT:2A5K:covale2""]",true,PASSED,HUMAN_REVIEW_REQUIRED_PRE_CHEMISTRY,"[""PRE_CHEMISTRY_NOT_PRODUCTION_AUTHORITATIVE"",""NO_FAMILY_LEVEL_AUTO_ADMISSION""]",true,HISTORICAL_PROCESSING_ALREADY_EXECUTED,CURRENT_TWO_RULE_ROUTING_EVALUATED
202,HISTORICAL_PILOT_001_250,MULTI_SOURCE_PROVENANCE,COVAPIE_CYS_SG_EVENT_V1:2AAZ:A:CYS:187-:SG:Q:UMP:C6,2AAZ,A,,CYS,187,SG,UMP,Q,C6,2,2,"[""SOURCE_COVPDB"",""SOURCE_RCSB_PDB_DIRECT""]","[""SOURCE_COVPDB:CovPDB_complexes/2aaz/2aaz.pdb#LINK02392"",""SOURCE_RCSB_PDB_DIRECT:2AAZ:covale1""]",true,PASSED,HUMAN_REVIEW_REQUIRED_PRE_CHEMISTRY,"[""PRE_CHEMISTRY_NOT_PRODUCTION_AUTHORITATIVE"",""NO_FAMILY_LEVEL_AUTO_ADMISSION""]",true,HISTORICAL_PROCESSING_ALREADY_EXECUTED,CURRENT_TWO_RULE_ROUTING_EVALUATED
203,HISTORICAL_PILOT_001_250,MULTI_SOURCE_PROVENANCE,COVAPIE_CYS_SG_EVENT_V1:2AAZ:B:CYS:187-:SG:S:UMP:C6,2AAZ,B,,CYS,187,SG,UMP,S,C6,2,2,"[""SOURCE_COVPDB"",""SOURCE_RCSB_PDB_DIRECT""]","[""SOURCE_COVPDB:CovPDB_complexes/2aaz/2aaz.pdb#LINK02393"",""SOURCE_RCSB_PDB_DIRECT:2AAZ:covale2""]",true,PASSED,HUMAN_REVIEW_REQUIRED_PRE_CHEMISTRY,"[""PRE_CHEMISTRY_NOT_PRODUCTION_AUTHORITATIVE"",""NO_FAMILY_LEVEL_AUTO_ADMISSION""]",true,HISTORICAL_PROCESSING_ALREADY_EXECUTED,CURRENT_TWO_RULE_ROUTING_EVALUATED
204,HISTORICAL_PILOT_001_250,MULTI_SOURCE_PROVENANCE,COVAPIE_CYS_SG_EVENT_V1:2AAZ:C:CYS:187-:SG:U:UMP:C6,2AAZ,C,,CYS,187,SG,UMP,U,C6,2,2,"[""SOURCE_COVPDB"",""SOURCE_RCSB_PDB_DIRECT""]","[""SOURCE_COVPDB:CovPDB_complexes/2aaz/2aaz.pdb#LINK02394"",""SOURCE_RCSB_PDB_DIRECT:2AAZ:covale3""]",true,PASSED,HUMAN_REVIEW_REQUIRED_PRE_CHEMISTRY,"[""PRE_CHEMISTRY_NOT_PRODUCTION_AUTHORITATIVE"",""NO_FAMILY_LEVEL_AUTO_ADMISSION""]",true,HISTORICAL_PROCESSING_ALREADY_EXECUTED,CURRENT_TWO_RULE_ROUTING_EVALUATED
205,HISTORICAL_PILOT_001_250,MULTI_SOURCE_PROVENANCE,COVAPIE_CYS_SG_EVENT_V1:2AAZ:D:CYS:187-:SG:W:UMP:C6,2AAZ,D,,CYS,187,SG,UMP,W,C6,2,2,"[""SOURCE_COVPDB"",""SOURCE_RCSB_PDB_DIRECT""]","[""SOURCE_COVPDB:CovPDB_complexes/2aaz/2aaz.pdb#LINK02395"",""SOURCE_RCSB_PDB_DIRECT:2AAZ:covale4""]",true,PASSED,HUMAN_REVIEW_REQUIRED_PRE_CHEMISTRY,"[""PRE_CHEMISTRY_NOT_PRODUCTION_AUTHORITATIVE"",""NO_FAMILY_LEVEL_AUTO_ADMISSION""]",true,HISTORICAL_PROCESSING_ALREADY_EXECUTED,CURRENT_TWO_RULE_ROUTING_EVALUATED
206,HISTORICAL_PILOT_001_250,MULTI_SOURCE_PROVENANCE,COVAPIE_CYS_SG_EVENT_V1:2AAZ:E:CYS:187-:SG:Y:UMP:C6,2AAZ,E,,CYS,187,SG,UMP,Y,C6,2,2,"[""SOURCE_COVPDB"",""SOURCE_RCSB_PDB_DIRECT""]","[""SOURCE_COVPDB:CovPDB_complexes/2aaz/2aaz.pdb#LINK02396"",""SOURCE_RCSB_PDB_DIRECT:2AAZ:covale5""]",true,PASSED,HUMAN_REVIEW_REQUIRED_PRE_CHEMISTRY,"[""PRE_CHEMISTRY_NOT_PRODUCTION_AUTHORITATIVE"",""NO_FAMILY_LEVEL_AUTO_ADMISSION""]",true,HISTORICAL_PROCESSING_ALREADY_EXECUTED,CURRENT_TWO_RULE_ROUTING_EVALUATED
207,HISTORICAL_PILOT_001_250,MULTI_SOURCE_PROVENANCE,COVAPIE_CYS_SG_EVENT_V1:2AAZ:F:CYS:187-:SG:AA:UMP:C6,2AAZ,F,,CYS,187,SG,UMP,AA,C6,2,2,"[""SOURCE_COVPDB"",""SOURCE_RCSB_PDB_DIRECT""]","[""SOURCE_COVPDB:CovPDB_complexes/2aaz/2aaz.pdb#LINK02397"",""SOURCE_RCSB_PDB_DIRECT:2AAZ:covale6""]",true,PASSED,HUMAN_REVIEW_REQUIRED_PRE_CHEMISTRY,"[""PRE_CHEMISTRY_NOT_PRODUCTION_AUTHORITATIVE"",""NO_FAMILY_LEVEL_AUTO_ADMISSION""]",true,HISTORICAL_PROCESSING_ALREADY_EXECUTED,CURRENT_TWO_RULE_ROUTING_EVALUATED
208,HISTORICAL_PILOT_001_250,MULTI_SOURCE_PROVENANCE,COVAPIE_CYS_SG_EVENT_V1:2AAZ:G:CYS:187-:SG:CA:UMP:C6,2AAZ,G,,CYS,187,SG,UMP,CA,C6,2,2,"[""SOURCE_COVPDB"",""SOURCE_RCSB_PDB_DIRECT""]","[""SOURCE_COVPDB:CovPDB_complexes/2aaz/2aaz.pdb#LINK02398"",""SOURCE_RCSB_PDB_DIRECT:2AAZ:covale7""]",true,PASSED,HUMAN_REVIEW_REQUIRED_PRE_CHEMISTRY,"[""PRE_CHEMISTRY_NOT_PRODUCTION_AUTHORITATIVE"",""NO_FAMILY_LEVEL_AUTO_ADMISSION""]",true,HISTORICAL_PROCESSING_ALREADY_EXECUTED,CURRENT_TWO_RULE_ROUTING_EVALUATED
209,HISTORICAL_PILOT_001_250,MULTI_SOURCE_PROVENANCE,COVAPIE_CYS_SG_EVENT_V1:2AAZ:H:CYS:187-:SG:EA:UMP:C6,2AAZ,H,,CYS,187,SG,UMP,EA,C6,2,2,"[""SOURCE_COVPDB"",""SOURCE_RCSB_PDB_DIRECT""]","[""SOURCE_COVPDB:CovPDB_complexes/2aaz/2aaz.pdb#LINK02399"",""SOURCE_RCSB_PDB_DIRECT:2AAZ:covale8""]",true,PASSED,HUMAN_REVIEW_REQUIRED_PRE_CHEMISTRY,"[""PRE_CHEMISTRY_NOT_PRODUCTION_AUTHORITATIVE"",""NO_FAMILY_LEVEL_AUTO_ADMISSION""]",true,HISTORICAL_PROCESSING_ALREADY_EXECUTED,CURRENT_TWO_RULE_ROUTING_EVALUATED
210,HISTORICAL_PILOT_001_250,MULTI_SOURCE_PROVENANCE,COVAPIE_CYS_SG_EVENT_V1:2AAZ:I:CYS:187-:SG:GA:UMP:C6,2AAZ,I,,CYS,187,SG,UMP,GA,C6,2,2,"[""SOURCE_COVPDB"",""SOURCE_RCSB_PDB_DIRECT""]","[""SOURCE_COVPDB:CovPDB_complexes/2aaz/2aaz.pdb#LINK02400"",""SOURCE_RCSB_PDB_DIRECT:2AAZ:covale9""]",true,PASSED,HUMAN_REVIEW_REQUIRED_PRE_CHEMISTRY,"[""PRE_CHEMISTRY_NOT_PRODUCTION_AUTHORITATIVE"",""NO_FAMILY_LEVEL_AUTO_ADMISSION""]",true,HISTORICAL_PROCESSING_ALREADY_EXECUTED,CURRENT_TWO_RULE_ROUTING_EVALUATED
211,HISTORICAL_PILOT_001_250,MULTI_SOURCE_PROVENANCE,COVAPIE_CYS_SG_EVENT_V1:2AAZ:J:CYS:187-:SG:HA:UMP:C6,2AAZ,J,,CYS,187,SG,UMP,HA,C6,2,2,"[""SOURCE_COVPDB"",""SOURCE_RCSB_PDB_DIRECT""]","[""SOURCE_COVPDB:CovPDB_complexes/2aaz/2aaz.pdb#LINK02401"",""SOURCE_RCSB_PDB_DIRECT:2AAZ:covale10""]",true,PASSED,HUMAN_REVIEW_REQUIRED_PRE_CHEMISTRY,"[""PRE_CHEMISTRY_NOT_PRODUCTION_AUTHORITATIVE"",""NO_FAMILY_LEVEL_AUTO_ADMISSION""]",true,HISTORICAL_PROCESSING_ALREADY_EXECUTED,CURRENT_TWO_RULE_ROUTING_EVALUATED
212,HISTORICAL_PILOT_001_250,MULTI_SOURCE_PROVENANCE,COVAPIE_CYS_SG_EVENT_V1:2AAZ:K:CYS:187-:SG:IA:UMP:C6,2AAZ,K,,CYS,187,SG,UMP,IA,C6,2,2,"[""SOURCE_COVPDB"",""SOURCE_RCSB_PDB_DIRECT""]","[""SOURCE_COVPDB:CovPDB_complexes/2aaz/2aaz.pdb#LINK02402"",""SOURCE_RCSB_PDB_DIRECT:2AAZ:covale11""]",true,PASSED,HUMAN_REVIEW_REQUIRED_PRE_CHEMISTRY,"[""PRE_CHEMISTRY_NOT_PRODUCTION_AUTHORITATIVE"",""NO_FAMILY_LEVEL_AUTO_ADMISSION""]",true,HISTORICAL_PROCESSING_ALREADY_EXECUTED,CURRENT_TWO_RULE_ROUTING_EVALUATED
213,HISTORICAL_PILOT_001_250,MULTI_SOURCE_PROVENANCE,COVAPIE_CYS_SG_EVENT_V1:2AAZ:L:CYS:187-:SG:JA:UMP:C6,2AAZ,L,,CYS,187,SG,UMP,JA,C6,2,2,"[""SOURCE_COVPDB"",""SOURCE_RCSB_PDB_DIRECT""]","[""SOURCE_COVPDB:CovPDB_complexes/2aaz/2aaz.pdb#LINK02403"",""SOURCE_RCSB_PDB_DIRECT:2AAZ:covale12""]",true,PASSED,HUMAN_REVIEW_REQUIRED_PRE_CHEMISTRY,"[""PRE_CHEMISTRY_NOT_PRODUCTION_AUTHORITATIVE"",""NO_FAMILY_LEVEL_AUTO_ADMISSION""]",true,HISTORICAL_PROCESSING_ALREADY_EXECUTED,CURRENT_TWO_RULE_ROUTING_EVALUATED
214,HISTORICAL_PILOT_001_250,MULTI_SOURCE_PROVENANCE,COVAPIE_CYS_SG_EVENT_V1:2AAZ:M:CYS:187-:SG:KA:UMP:C6,2AAZ,M,,CYS,187,SG,UMP,KA,C6,2,2,"[""SOURCE_COVPDB"",""SOURCE_RCSB_PDB_DIRECT""]","[""SOURCE_COVPDB:CovPDB_complexes/2aaz/2aaz.pdb#LINK02404"",""SOURCE_RCSB_PDB_DIRECT:2AAZ:covale13""]",true,PASSED,HUMAN_REVIEW_REQUIRED_PRE_CHEMISTRY,"[""PRE_CHEMISTRY_NOT_PRODUCTION_AUTHORITATIVE"",""NO_FAMILY_LEVEL_AUTO_ADMISSION""]",true,HISTORICAL_PROCESSING_ALREADY_EXECUTED,CURRENT_TWO_RULE_ROUTING_EVALUATED
215,HISTORICAL_PILOT_001_250,MULTI_SOURCE_PROVENANCE,COVAPIE_CYS_SG_EVENT_V1:2AAZ:N:CYS:187-:SG:LA:UMP:C6,2AAZ,N,,CYS,187,SG,UMP,LA,C6,2,2,"[""SOURCE_COVPDB"",""SOURCE_RCSB_PDB_DIRECT""]","[""SOURCE_COVPDB:CovPDB_complexes/2aaz/2aaz.pdb#LINK02405"",""SOURCE_RCSB_PDB_DIRECT:2AAZ:covale14""]",true,PASSED,HUMAN_REVIEW_REQUIRED_PRE_CHEMISTRY,"[""PRE_CHEMISTRY_NOT_PRODUCTION_AUTHORITATIVE"",""NO_FAMILY_LEVEL_AUTO_ADMISSION""]",true,HISTORICAL_PROCESSING_ALREADY_EXECUTED,CURRENT_TWO_RULE_ROUTING_EVALUATED
216,HISTORICAL_PILOT_001_250,MULTI_SOURCE_PROVENANCE,COVAPIE_CYS_SG_EVENT_V1:2AAZ:O:CYS:187-:SG:MA:UMP:C6,2AAZ,O,,CYS,187,SG,UMP,MA,C6,2,2,"[""SOURCE_COVPDB"",""SOURCE_RCSB_PDB_DIRECT""]","[""SOURCE_COVPDB:CovPDB_complexes/2aaz/2aaz.pdb#LINK02406"",""SOURCE_RCSB_PDB_DIRECT:2AAZ:covale15""]",true,PASSED,HUMAN_REVIEW_REQUIRED_PRE_CHEMISTRY,"[""PRE_CHEMISTRY_NOT_PRODUCTION_AUTHORITATIVE"",""NO_FAMILY_LEVEL_AUTO_ADMISSION""]",true,HISTORICAL_PROCESSING_ALREADY_EXECUTED,CURRENT_TWO_RULE_ROUTING_EVALUATED
217,HISTORICAL_PILOT_001_250,MULTI_SOURCE_PROVENANCE,COVAPIE_CYS_SG_EVENT_V1:2AAZ:P:CYS:187-:SG:NA:UMP:C6,2AAZ,P,,CYS,187,SG,UMP,NA,C6,2,2,"[""SOURCE_COVPDB"",""SOURCE_RCSB_PDB_DIRECT""]","[""SOURCE_COVPDB:CovPDB_complexes/2aaz/2aaz.pdb#LINK02407"",""SOURCE_RCSB_PDB_DIRECT:2AAZ:covale16""]",true,PASSED,HUMAN_REVIEW_REQUIRED_PRE_CHEMISTRY,"[""PRE_CHEMISTRY_NOT_PRODUCTION_AUTHORITATIVE"",""NO_FAMILY_LEVEL_AUTO_ADMISSION""]",true,HISTORICAL_PROCESSING_ALREADY_EXECUTED,CURRENT_TWO_RULE_ROUTING_EVALUATED
218,HISTORICAL_PILOT_001_250,MULTI_SOURCE_PROVENANCE,COVAPIE_CYS_SG_EVENT_V1:2AIM:A:CYS:25-:SG:B:ZRA:CM,2AIM,A,,CYS,25,SG,ZRA,B,CM,2,2,"[""SOURCE_COVPDB"",""SOURCE_RCSB_PDB_DIRECT""]","[""SOURCE_COVPDB:CovPDB_complexes/2aim/2aim.pdb#LINK00425"",""SOURCE_RCSB_PDB_DIRECT:2AIM:covale1""]",true,PASSED,LEAKAGE_EXISTING_GROUP_CONFLICT,"[""LEAKAGE_EXISTING_GROUP_CONFLICT""]",false,HISTORICAL_PROCESSING_ALREADY_EXECUTED,HISTORICAL_PROCESSED_OUTSIDE_CURRENT_123_ROUTING_POPULATION
219,HISTORICAL_PILOT_001_250,MULTI_SOURCE_PROVENANCE,COVAPIE_CYS_SG_EVENT_V1:2ALV:A:CYS:145-:SG:B:CY6:C33,2ALV,A,,CYS,145,SG,CY6,B,C33,2,2,"[""SOURCE_COVPDB"",""SOURCE_RCSB_PDB_DIRECT""]","[""SOURCE_COVPDB:CovPDB_complexes/2alv/2alv.pdb#LINK00431"",""SOURCE_RCSB_PDB_DIRECT:2ALV:covale1""]",true,PASSED,STRUCTURAL_EVIDENCE_INCOMPLETE,"[""MMCIF_EXACT_CYS_SG_STRUCT_CONN_NOT_RECOVERED""]",false,HISTORICAL_PROCESSING_ALREADY_EXECUTED,HISTORICAL_PROCESSED_OUTSIDE_CURRENT_123_ROUTING_POPULATION
220,HISTORICAL_PILOT_001_250,MULTI_SOURCE_PROVENANCE,COVAPIE_CYS_SG_EVENT_V1:2AMD:A:CYS:145-:SG:C:9IN:C23,2AMD,A,,CYS,145,SG,9IN,C,C23,3,3,"[""SOURCE_COVBINDERINPDB"",""SOURCE_COVPDB"",""SOURCE_RCSB_PDB_DIRECT""]","[""SOURCE_COVBINDERINPDB:CBR002799"",""SOURCE_COVPDB:CovPDB_complexes/2amd/2amd.pdb#LINK00424"",""SOURCE_RCSB_PDB_DIRECT:2AMD:covale1""]",true,PASSED,HUMAN_REVIEW_REQUIRED_PRE_CHEMISTRY,"[""PRE_CHEMISTRY_NOT_PRODUCTION_AUTHORITATIVE"",""NO_FAMILY_LEVEL_AUTO_ADMISSION""]",true,HISTORICAL_PROCESSING_ALREADY_EXECUTED,CURRENT_TWO_RULE_ROUTING_EVALUATED
221,HISTORICAL_PILOT_001_250,MULTI_SOURCE_PROVENANCE,COVAPIE_CYS_SG_EVENT_V1:2AMD:B:CYS:145-:SG:D:9IN:C23,2AMD,B,,CYS,145,SG,9IN,D,C23,3,3,"[""SOURCE_COVBINDERINPDB"",""SOURCE_COVPDB"",""SOURCE_RCSB_PDB_DIRECT""]","[""SOURCE_COVBINDERINPDB:CBR002800"",""SOURCE_COVPDB:CovPDB_complexes/2amd/2amd.pdb#LINK00425"",""SOURCE_RCSB_PDB_DIRECT:2AMD:covale2""]",true,PASSED,HUMAN_REVIEW_REQUIRED_PRE_CHEMISTRY,"[""PRE_CHEMISTRY_NOT_PRODUCTION_AUTHORITATIVE"",""NO_FAMILY_LEVEL_AUTO_ADMISSION""]",true,HISTORICAL_PROCESSING_ALREADY_EXECUTED,CURRENT_TWO_RULE_ROUTING_EVALUATED
222,HISTORICAL_PILOT_001_250,MULTI_SOURCE_PROVENANCE,COVAPIE_CYS_SG_EVENT_V1:2AMP:A:CYS:144-:SG:C:I12:C21,2AMP,A,,CYS,144,SG,I12,C,C21,2,2,"[""SOURCE_COVBINDERINPDB"",""SOURCE_RCSB_PDB_DIRECT""]","[""SOURCE_COVBINDERINPDB:CBR002794"",""SOURCE_RCSB_PDB_DIRECT:2AMP:covale1""]",true,PASSED,HUMAN_REVIEW_REQUIRED_PRE_CHEMISTRY,"[""PRE_CHEMISTRY_NOT_PRODUCTION_AUTHORITATIVE"",""NO_FAMILY_LEVEL_AUTO_ADMISSION""]",true,HISTORICAL_PROCESSING_ALREADY_EXECUTED,CURRENT_TWO_RULE_ROUTING_EVALUATED
223,HISTORICAL_PILOT_001_250,MULTI_SOURCE_PROVENANCE,COVAPIE_CYS_SG_EVENT_V1:2AMP:B:CYS:144-:SG:D:I12:C21,2AMP,B,,CYS,144,SG,I12,D,C21,2,2,"[""SOURCE_COVBINDERINPDB"",""SOURCE_RCSB_PDB_DIRECT""]","[""SOURCE_COVBINDERINPDB:CBR002795"",""SOURCE_RCSB_PDB_DIRECT:2AMP:covale2""]",true,PASSED,HUMAN_REVIEW_REQUIRED_PRE_CHEMISTRY,"[""PRE_CHEMISTRY_NOT_PRODUCTION_AUTHORITATIVE"",""NO_FAMILY_LEVEL_AUTO_ADMISSION""]",true,HISTORICAL_PROCESSING_ALREADY_EXECUTED,CURRENT_TWO_RULE_ROUTING_EVALUATED
224,HISTORICAL_PILOT_001_250,MULTI_SOURCE_PROVENANCE,COVAPIE_CYS_SG_EVENT_V1:2AUX:A:CYS:25-:SG:B:CT1:C6,2AUX,A,,CYS,25,SG,CT1,B,C6,3,3,"[""SOURCE_COVBINDERINPDB"",""SOURCE_COVPDB"",""SOURCE_RCSB_PDB_DIRECT""]","[""SOURCE_COVBINDERINPDB:CBR002951"",""SOURCE_COVPDB:CovPDB_complexes/2aux/2aux.pdb#LINK00391"",""SOURCE_RCSB_PDB_DIRECT:2AUX:covale1""]",true,PASSED,LEAKAGE_EXISTING_GROUP_CONFLICT,"[""LEAKAGE_EXISTING_GROUP_CONFLICT""]",false,HISTORICAL_PROCESSING_ALREADY_EXECUTED,HISTORICAL_PROCESSED_OUTSIDE_CURRENT_123_ROUTING_POPULATION
225,HISTORICAL_PILOT_001_250,MULTI_SOURCE_PROVENANCE,COVAPIE_CYS_SG_EVENT_V1:2AUZ:A:CYS:25-:SG:E:CT2:C6,2AUZ,A,,CYS,25,SG,CT2,E,C6,3,3,"[""SOURCE_COVBINDERINPDB"",""SOURCE_COVPDB"",""SOURCE_RCSB_PDB_DIRECT""]","[""SOURCE_COVBINDERINPDB:CBR002968"",""SOURCE_COVPDB:CovPDB_complexes/2auz/2auz.pdb#LINK00393"",""SOURCE_RCSB_PDB_DIRECT:2AUZ:covale1""]",true,PASSED,LEAKAGE_EXISTING_GROUP_CONFLICT,"[""LEAKAGE_EXISTING_GROUP_CONFLICT""]",false,HISTORICAL_PROCESSING_ALREADY_EXECUTED,HISTORICAL_PROCESSED_OUTSIDE_CURRENT_123_ROUTING_POPULATION
226,HISTORICAL_PILOT_001_250,MULTI_SOURCE_PROVENANCE,COVAPIE_CYS_SG_EVENT_V1:2AWZ:A:CYS:366-:SG:G:5H:C1,2AWZ,A,,CYS,366,SG,5H,G,C1,3,3,"[""SOURCE_COVBINDERINPDB"",""SOURCE_COVPDB"",""SOURCE_RCSB_PDB_DIRECT""]","[""SOURCE_COVBINDERINPDB:CBR002671"",""SOURCE_COVPDB:CovPDB_complexes/2awz/2awz.pdb#LINK00613"",""SOURCE_RCSB_PDB_DIRECT:2AWZ:covale1""]",true,PASSED,HUMAN_REVIEW_REQUIRED_PRE_CHEMISTRY,"[""PRE_CHEMISTRY_NOT_PRODUCTION_AUTHORITATIVE"",""NO_FAMILY_LEVEL_AUTO_ADMISSION""]",true,HISTORICAL_PROCESSING_ALREADY_EXECUTED,CURRENT_TWO_RULE_ROUTING_EVALUATED
227,HISTORICAL_PILOT_001_250,MULTI_SOURCE_PROVENANCE,COVAPIE_CYS_SG_EVENT_V1:2AWZ:B:CYS:366-:SG:J:5H:C1,2AWZ,B,,CYS,366,SG,5H,J,C1,3,3,"[""SOURCE_COVBINDERINPDB"",""SOURCE_COVPDB"",""SOURCE_RCSB_PDB_DIRECT""]","[""SOURCE_COVBINDERINPDB:CBR002672"",""SOURCE_COVPDB:CovPDB_complexes/2awz/2awz.pdb#LINK00614"",""SOURCE_RCSB_PDB_DIRECT:2AWZ:covale2""]",true,PASSED,HUMAN_REVIEW_REQUIRED_PRE_CHEMISTRY,"[""PRE_CHEMISTRY_NOT_PRODUCTION_AUTHORITATIVE"",""NO_FAMILY_LEVEL_AUTO_ADMISSION""]",true,HISTORICAL_PROCESSING_ALREADY_EXECUTED,CURRENT_TWO_RULE_ROUTING_EVALUATED
228,HISTORICAL_PILOT_001_250,MULTI_SOURCE_PROVENANCE,COVAPIE_CYS_SG_EVENT_V1:2AX0:A:CYS:366-:SG:F:5X:C1,2AX0,A,,CYS,366,SG,5X,F,C1,3,3,"[""SOURCE_COVBINDERINPDB"",""SOURCE_COVPDB"",""SOURCE_RCSB_PDB_DIRECT""]","[""SOURCE_COVBINDERINPDB:CBR000465"",""SOURCE_COVPDB:CovPDB_complexes/2ax0/2ax0.pdb#LINK00612"",""SOURCE_RCSB_PDB_DIRECT:2AX0:covale1""]",true,PASSED,HUMAN_REVIEW_REQUIRED_PRE_CHEMISTRY,"[""PRE_CHEMISTRY_NOT_PRODUCTION_AUTHORITATIVE"",""NO_FAMILY_LEVEL_AUTO_ADMISSION""]",true,HISTORICAL_PROCESSING_ALREADY_EXECUTED,CURRENT_TWO_RULE_ROUTING_EVALUATED
229,HISTORICAL_PILOT_001_250,MULTI_SOURCE_PROVENANCE,COVAPIE_CYS_SG_EVENT_V1:2AX0:B:CYS:366-:SG:K:5X:C1,2AX0,B,,CYS,366,SG,5X,K,C1,3,3,"[""SOURCE_COVBINDERINPDB"",""SOURCE_COVPDB"",""SOURCE_RCSB_PDB_DIRECT""]","[""SOURCE_COVBINDERINPDB:CBR000466"",""SOURCE_COVPDB:CovPDB_complexes/2ax0/2ax0.pdb#LINK00613"",""SOURCE_RCSB_PDB_DIRECT:2AX0:covale2""]",true,PASSED,HUMAN_REVIEW_REQUIRED_PRE_CHEMISTRY,"[""PRE_CHEMISTRY_NOT_PRODUCTION_AUTHORITATIVE"",""NO_FAMILY_LEVEL_AUTO_ADMISSION""]",true,HISTORICAL_PROCESSING_ALREADY_EXECUTED,CURRENT_TWO_RULE_ROUTING_EVALUATED
230,HISTORICAL_PILOT_001_250,MULTI_SOURCE_PROVENANCE,COVAPIE_CYS_SG_EVENT_V1:2AX1:A:CYS:366-:SG:G:5EE:C1,2AX1,A,,CYS,366,SG,5EE,G,C1,3,3,"[""SOURCE_COVBINDERINPDB"",""SOURCE_COVPDB"",""SOURCE_RCSB_PDB_DIRECT""]","[""SOURCE_COVBINDERINPDB:CBR000462"",""SOURCE_COVPDB:CovPDB_complexes/2ax1/2ax1.pdb#LINK00613"",""SOURCE_RCSB_PDB_DIRECT:2AX1:covale1""]",true,PASSED,HUMAN_REVIEW_REQUIRED_PRE_CHEMISTRY,"[""PRE_CHEMISTRY_NOT_PRODUCTION_AUTHORITATIVE"",""NO_FAMILY_LEVEL_AUTO_ADMISSION""]",true,HISTORICAL_PROCESSING_ALREADY_EXECUTED,CURRENT_TWO_RULE_ROUTING_EVALUATED
231,HISTORICAL_PILOT_001_250,MULTI_SOURCE_PROVENANCE,COVAPIE_CYS_SG_EVENT_V1:2AX1:B:CYS:366-:SG:L:5EE:C1,2AX1,B,,CYS,366,SG,5EE,L,C1,3,3,"[""SOURCE_COVBINDERINPDB"",""SOURCE_COVPDB"",""SOURCE_RCSB_PDB_DIRECT""]","[""SOURCE_COVBINDERINPDB:CBR000463"",""SOURCE_COVPDB:CovPDB_complexes/2ax1/2ax1.pdb#LINK00614"",""SOURCE_RCSB_PDB_DIRECT:2AX1:covale2""]",true,PASSED,HUMAN_REVIEW_REQUIRED_PRE_CHEMISTRY,"[""PRE_CHEMISTRY_NOT_PRODUCTION_AUTHORITATIVE"",""NO_FAMILY_LEVEL_AUTO_ADMISSION""]",true,HISTORICAL_PROCESSING_ALREADY_EXECUTED,CURRENT_TWO_RULE_ROUTING_EVALUATED
232,HISTORICAL_PILOT_001_250,MULTI_SOURCE_PROVENANCE,COVAPIE_CYS_SG_EVENT_V1:2BBQ:A:CYS:146-:SG:C:UMP:C6,2BBQ,A,,CYS,146,SG,UMP,C,C6,2,2,"[""SOURCE_COVBINDERINPDB"",""SOURCE_RCSB_PDB_DIRECT""]","[""SOURCE_COVBINDERINPDB:CBR001563"",""SOURCE_RCSB_PDB_DIRECT:2BBQ:covale1""]",true,PASSED,HUMAN_REVIEW_REQUIRED_PRE_CHEMISTRY,"[""PRE_CHEMISTRY_NOT_PRODUCTION_AUTHORITATIVE"",""NO_FAMILY_LEVEL_AUTO_ADMISSION""]",true,HISTORICAL_PROCESSING_ALREADY_EXECUTED,CURRENT_TWO_RULE_ROUTING_EVALUATED
233,HISTORICAL_PILOT_001_250,MULTI_SOURCE_PROVENANCE,COVAPIE_CYS_SG_EVENT_V1:2BBQ:B:CYS:146-:SG:E:UMP:C6,2BBQ,B,,CYS,146,SG,UMP,E,C6,2,2,"[""SOURCE_COVBINDERINPDB"",""SOURCE_RCSB_PDB_DIRECT""]","[""SOURCE_COVBINDERINPDB:CBR001564"",""SOURCE_RCSB_PDB_DIRECT:2BBQ:covale2""]",true,PASSED,HUMAN_REVIEW_REQUIRED_PRE_CHEMISTRY,"[""PRE_CHEMISTRY_NOT_PRODUCTION_AUTHORITATIVE"",""NO_FAMILY_LEVEL_AUTO_ADMISSION""]",true,HISTORICAL_PROCESSING_ALREADY_EXECUTED,CURRENT_TWO_RULE_ROUTING_EVALUATED
234,HISTORICAL_PILOT_001_250,MULTI_SOURCE_PROVENANCE,COVAPIE_CYS_SG_EVENT_V1:2BDL:A:CYS:25-:SG:B:4PR:C19,2BDL,A,,CYS,25,SG,4PR,B,C19,3,3,"[""SOURCE_COVBINDERINPDB"",""SOURCE_COVPDB"",""SOURCE_RCSB_PDB_DIRECT""]","[""SOURCE_COVBINDERINPDB:CBR004219"",""SOURCE_COVPDB:CovPDB_complexes/2bdl/2bdl.pdb#LINK00348"",""SOURCE_RCSB_PDB_DIRECT:2BDL:covale1""]",true,PASSED,LEAKAGE_EXISTING_GROUP_CONFLICT,"[""LEAKAGE_EXISTING_GROUP_CONFLICT""]",false,HISTORICAL_PROCESSING_ALREADY_EXECUTED,HISTORICAL_PROCESSED_OUTSIDE_CURRENT_123_ROUTING_POPULATION
235,HISTORICAL_PILOT_001_250,MULTI_SOURCE_PROVENANCE,COVAPIE_CYS_SG_EVENT_V1:2BDZ:A:CYS:25-:SG:E:E64:C2,2BDZ,A,,CYS,25,SG,E64,E,C2,2,2,"[""SOURCE_COVBINDERINPDB"",""SOURCE_RCSB_PDB_DIRECT""]","[""SOURCE_COVBINDERINPDB:CBR004215"",""SOURCE_RCSB_PDB_DIRECT:2BDZ:covale1""]",true,PASSED,LEAKAGE_EXISTING_GROUP_CONFLICT,"[""LEAKAGE_EXISTING_GROUP_CONFLICT""]",false,HISTORICAL_PROCESSING_ALREADY_EXECUTED,HISTORICAL_PROCESSED_OUTSIDE_CURRENT_123_ROUTING_POPULATION
236,HISTORICAL_PILOT_001_250,MULTI_SOURCE_PROVENANCE,COVAPIE_CYS_SG_EVENT_V1:2BDZ:B:CYS:25-:SG:F:E64:C2,2BDZ,B,,CYS,25,SG,E64,F,C2,2,2,"[""SOURCE_COVBINDERINPDB"",""SOURCE_RCSB_PDB_DIRECT""]","[""SOURCE_COVBINDERINPDB:CBR004216"",""SOURCE_RCSB_PDB_DIRECT:2BDZ:covale2""]",true,PASSED,LEAKAGE_EXISTING_GROUP_CONFLICT,"[""LEAKAGE_EXISTING_GROUP_CONFLICT""]",false,HISTORICAL_PROCESSING_ALREADY_EXECUTED,HISTORICAL_PROCESSED_OUTSIDE_CURRENT_123_ROUTING_POPULATION
237,HISTORICAL_PILOT_001_250,MULTI_SOURCE_PROVENANCE,COVAPIE_CYS_SG_EVENT_V1:2BDZ:C:CYS:25-:SG:G:E64:C2,2BDZ,C,,CYS,25,SG,E64,G,C2,2,2,"[""SOURCE_COVBINDERINPDB"",""SOURCE_RCSB_PDB_DIRECT""]","[""SOURCE_COVBINDERINPDB:CBR004217"",""SOURCE_RCSB_PDB_DIRECT:2BDZ:covale3""]",true,PASSED,LEAKAGE_EXISTING_GROUP_CONFLICT,"[""LEAKAGE_EXISTING_GROUP_CONFLICT""]",false,HISTORICAL_PROCESSING_ALREADY_EXECUTED,HISTORICAL_PROCESSED_OUTSIDE_CURRENT_123_ROUTING_POPULATION
238,HISTORICAL_PILOT_001_250,MULTI_SOURCE_PROVENANCE,COVAPIE_CYS_SG_EVENT_V1:2BDZ:D:CYS:25-:SG:H:E64:C2,2BDZ,D,,CYS,25,SG,E64,H,C2,2,2,"[""SOURCE_COVBINDERINPDB"",""SOURCE_RCSB_PDB_DIRECT""]","[""SOURCE_COVBINDERINPDB:CBR004218"",""SOURCE_RCSB_PDB_DIRECT:2BDZ:covale4""]",true,PASSED,LEAKAGE_EXISTING_GROUP_CONFLICT,"[""LEAKAGE_EXISTING_GROUP_CONFLICT""]",false,HISTORICAL_PROCESSING_ALREADY_EXECUTED,HISTORICAL_PROCESSED_OUTSIDE_CURRENT_123_ROUTING_POPULATION
239,HISTORICAL_PILOT_001_250,MULTI_SOURCE_PROVENANCE,COVAPIE_CYS_SG_EVENT_V1:2C6Q:D:CYS:186-:SG:O:IMP:C2,2C6Q,D,,CYS,186,SG,IMP,O,C2,2,2,"[""SOURCE_COVBINDERINPDB"",""SOURCE_RCSB_PDB_DIRECT""]","[""SOURCE_COVBINDERINPDB:CBR002274"",""SOURCE_RCSB_PDB_DIRECT:2C6Q:covale1""]",true,PASSED,HUMAN_REVIEW_REQUIRED_PRE_CHEMISTRY,"[""PRE_CHEMISTRY_NOT_PRODUCTION_AUTHORITATIVE"",""NO_FAMILY_LEVEL_AUTO_ADMISSION""]",true,HISTORICAL_PROCESSING_ALREADY_EXECUTED,CURRENT_TWO_RULE_ROUTING_EVALUATED
240,HISTORICAL_PILOT_001_250,MULTI_SOURCE_PROVENANCE,COVAPIE_CYS_SG_EVENT_V1:2DC6:A:CYS:29-:SG:C:73V:C2,2DC6,A,,CYS,29,SG,73V,C,C2,2,2,"[""SOURCE_COVPDB"",""SOURCE_RCSB_PDB_DIRECT""]","[""SOURCE_COVPDB:CovPDB_complexes/2dc6/2dc6.pdb#LINK00393"",""SOURCE_RCSB_PDB_DIRECT:2DC6:covale1""]",true,PASSED,LEAKAGE_EXISTING_GROUP_CONFLICT,"[""LEAKAGE_EXISTING_GROUP_CONFLICT""]",false,HISTORICAL_PROCESSING_ALREADY_EXECUTED,HISTORICAL_PROCESSED_OUTSIDE_CURRENT_123_ROUTING_POPULATION
241,HISTORICAL_PILOT_001_250,MULTI_SOURCE_PROVENANCE,COVAPIE_CYS_SG_EVENT_V1:2DC7:A:CYS:29-:SG:C:042:C3,2DC7,A,,CYS,29,SG,042,C,C3,2,2,"[""SOURCE_COVPDB"",""SOURCE_RCSB_PDB_DIRECT""]","[""SOURCE_COVPDB:CovPDB_complexes/2dc7/2dc7.pdb#LINK00393"",""SOURCE_RCSB_PDB_DIRECT:2DC7:covale1""]",true,PASSED,LEAKAGE_EXISTING_GROUP_CONFLICT,"[""LEAKAGE_EXISTING_GROUP_CONFLICT""]",false,HISTORICAL_PROCESSING_ALREADY_EXECUTED,HISTORICAL_PROCESSED_OUTSIDE_CURRENT_123_ROUTING_POPULATION
242,HISTORICAL_PILOT_001_250,MULTI_SOURCE_PROVENANCE,COVAPIE_CYS_SG_EVENT_V1:2DC8:A:CYS:29-:SG:C:59A:C3,2DC8,A,,CYS,29,SG,59A,C,C3,2,2,"[""SOURCE_COVPDB"",""SOURCE_RCSB_PDB_DIRECT""]","[""SOURCE_COVPDB:CovPDB_complexes/2dc8/2dc8.pdb#LINK00395"",""SOURCE_RCSB_PDB_DIRECT:2DC8:covale1""]",true,PASSED,LEAKAGE_EXISTING_GROUP_CONFLICT,"[""LEAKAGE_EXISTING_GROUP_CONFLICT""]",false,HISTORICAL_PROCESSING_ALREADY_EXECUTED,HISTORICAL_PROCESSED_OUTSIDE_CURRENT_123_ROUTING_POPULATION
243,HISTORICAL_PILOT_001_250,MULTI_SOURCE_PROVENANCE,COVAPIE_CYS_SG_EVENT_V1:2DC9:A:CYS:29-:SG:C:74M:C3,2DC9,A,,CYS,29,SG,74M,C,C3,2,2,"[""SOURCE_COVPDB"",""SOURCE_RCSB_PDB_DIRECT""]","[""SOURCE_COVPDB:CovPDB_complexes/2dc9/2dc9.pdb#LINK00404"",""SOURCE_RCSB_PDB_DIRECT:2DC9:covale1""]",true,PASSED,LEAKAGE_EXISTING_GROUP_CONFLICT,"[""LEAKAGE_EXISTING_GROUP_CONFLICT""]",false,HISTORICAL_PROCESSING_ALREADY_EXECUTED,HISTORICAL_PROCESSED_OUTSIDE_CURRENT_123_ROUTING_POPULATION
244,HISTORICAL_PILOT_001_250,MULTI_SOURCE_PROVENANCE,COVAPIE_CYS_SG_EVENT_V1:2DCA:A:CYS:29-:SG:C:75V:C3,2DCA,A,,CYS,29,SG,75V,C,C3,2,2,"[""SOURCE_COVPDB"",""SOURCE_RCSB_PDB_DIRECT""]","[""SOURCE_COVPDB:CovPDB_complexes/2dca/2dca.pdb#LINK00396"",""SOURCE_RCSB_PDB_DIRECT:2DCA:covale1""]",true,PASSED,LEAKAGE_EXISTING_GROUP_CONFLICT,"[""LEAKAGE_EXISTING_GROUP_CONFLICT""]",false,HISTORICAL_PROCESSING_ALREADY_EXECUTED,HISTORICAL_PROCESSED_OUTSIDE_CURRENT_123_ROUTING_POPULATION
245,HISTORICAL_PILOT_001_250,MULTI_SOURCE_PROVENANCE,COVAPIE_CYS_SG_EVENT_V1:2DCB:A:CYS:29-:SG:C:76V:C3,2DCB,A,,CYS,29,SG,76V,C,C3,2,2,"[""SOURCE_COVPDB"",""SOURCE_RCSB_PDB_DIRECT""]","[""SOURCE_COVPDB:CovPDB_complexes/2dcb/2dcb.pdb#LINK00395"",""SOURCE_RCSB_PDB_DIRECT:2DCB:covale1""]",true,PASSED,LEAKAGE_EXISTING_GROUP_CONFLICT,"[""LEAKAGE_EXISTING_GROUP_CONFLICT""]",false,HISTORICAL_PROCESSING_ALREADY_EXECUTED,HISTORICAL_PROCESSED_OUTSIDE_CURRENT_123_ROUTING_POPULATION
246,HISTORICAL_PILOT_001_250,MULTI_SOURCE_PROVENANCE,COVAPIE_CYS_SG_EVENT_V1:2DCC:A:CYS:29-:SG:C:77B:C2,2DCC,A,,CYS,29,SG,77B,C,C2,2,2,"[""SOURCE_COVPDB"",""SOURCE_RCSB_PDB_DIRECT""]","[""SOURCE_COVPDB:CovPDB_complexes/2dcc/2dcc.pdb#LINK00395"",""SOURCE_RCSB_PDB_DIRECT:2DCC:covale1""]",true,PASSED,LEAKAGE_EXISTING_GROUP_CONFLICT,"[""LEAKAGE_EXISTING_GROUP_CONFLICT""]",false,HISTORICAL_PROCESSING_ALREADY_EXECUTED,HISTORICAL_PROCESSED_OUTSIDE_CURRENT_123_ROUTING_POPULATION
247,HISTORICAL_PILOT_001_250,MULTI_SOURCE_PROVENANCE,COVAPIE_CYS_SG_EVENT_V1:2DCD:A:CYS:29-:SG:C:78A:C3,2DCD,A,,CYS,29,SG,78A,C,C3,2,2,"[""SOURCE_COVPDB"",""SOURCE_RCSB_PDB_DIRECT""]","[""SOURCE_COVPDB:CovPDB_complexes/2dcd/2dcd.pdb#LINK00395"",""SOURCE_RCSB_PDB_DIRECT:2DCD:covale1""]",true,PASSED,LEAKAGE_EXISTING_GROUP_CONFLICT,"[""LEAKAGE_EXISTING_GROUP_CONFLICT""]",false,HISTORICAL_PROCESSING_ALREADY_EXECUTED,HISTORICAL_PROCESSED_OUTSIDE_CURRENT_123_ROUTING_POPULATION
248,HISTORICAL_PILOT_001_250,MULTI_SOURCE_PROVENANCE,COVAPIE_CYS_SG_EVENT_V1:2DW5:A:CYS:645-:SG:J:BFB:CAP,2DW5,A,,CYS,645,SG,BFB,J,CAP,2,2,"[""SOURCE_COVBINDERINPDB"",""SOURCE_RCSB_PDB_DIRECT""]","[""SOURCE_COVBINDERINPDB:CBR002604"",""SOURCE_RCSB_PDB_DIRECT:2DW5:covale1""]",true,PASSED,LEAKAGE_EXISTING_GROUP_CONFLICT,"[""LEAKAGE_EXISTING_GROUP_CONFLICT""]",false,HISTORICAL_PROCESSING_ALREADY_EXECUTED,HISTORICAL_PROCESSED_OUTSIDE_CURRENT_123_ROUTING_POPULATION
249,HISTORICAL_PILOT_001_250,MULTI_SOURCE_PROVENANCE,COVAPIE_CYS_SG_EVENT_V1:2EFT:A:CYS:112-:SG:E:MEE:S,2EFT,A,,CYS,112,SG,MEE,E,S,2,2,"[""SOURCE_COVBINDERINPDB"",""SOURCE_RCSB_PDB_DIRECT""]","[""SOURCE_COVBINDERINPDB:CBR003862"",""SOURCE_RCSB_PDB_DIRECT:2EFT:covale1""]",true,PASSED,HUMAN_REVIEW_REQUIRED_PRE_CHEMISTRY,"[""PRE_CHEMISTRY_NOT_PRODUCTION_AUTHORITATIVE"",""NO_FAMILY_LEVEL_AUTO_ADMISSION""]",true,HISTORICAL_PROCESSING_ALREADY_EXECUTED,CURRENT_TWO_RULE_ROUTING_EVALUATED
250,HISTORICAL_PILOT_001_250,MULTI_SOURCE_PROVENANCE,COVAPIE_CYS_SG_EVENT_V1:2EFT:B:CYS:103-:SG:G:MEE:S,2EFT,B,,CYS,103,SG,MEE,G,S,2,2,"[""SOURCE_COVBINDERINPDB"",""SOURCE_RCSB_PDB_DIRECT""]","[""SOURCE_COVBINDERINPDB:CBR003863"",""SOURCE_RCSB_PDB_DIRECT:2EFT:covale2""]",true,PASSED,HUMAN_REVIEW_REQUIRED_PRE_CHEMISTRY,"[""PRE_CHEMISTRY_NOT_PRODUCTION_AUTHORITATIVE"",""NO_FAMILY_LEVEL_AUTO_ADMISSION""]",true,HISTORICAL_PROCESSING_ALREADY_EXECUTED,CURRENT_TWO_RULE_ROUTING_EVALUATED
251,INCREMENTAL_251_500,MULTI_SOURCE_PROVENANCE,COVAPIE_CYS_SG_EVENT_V1:2F7D:A:CYS:25-:SG:B:NOQ:C20,2F7D,A,,CYS,25,SG,NOQ,B,C20,3,3,"[""SOURCE_COVBINDERINPDB"",""SOURCE_COVPDB"",""SOURCE_RCSB_PDB_DIRECT""]","[""SOURCE_COVBINDERINPDB:CBR004592"",""SOURCE_COVPDB:CovPDB_complexes/2f7d/2f7d.pdb#LINK00342"",""SOURCE_RCSB_PDB_DIRECT:2F7D:covale1""]",false,,,[],NOT_APPLICABLE_NOT_YET_PROCESSED,NOT_YET_EXECUTED,PENDING_STRUCTURE_PROCESSING_NOT_YET_RULE_EVALUABLE
252,INCREMENTAL_251_500,MULTI_SOURCE_PROVENANCE,COVAPIE_CYS_SG_EVENT_V1:2FQ9:A:CYS:25-:SG:C:CRJ:C32,2FQ9,A,,CYS,25,SG,CRJ,C,C32,2,2,"[""SOURCE_COVPDB"",""SOURCE_RCSB_PDB_DIRECT""]","[""SOURCE_COVPDB:CovPDB_complexes/2fq9/2fq9.pdb#LINK00460"",""SOURCE_RCSB_PDB_DIRECT:2FQ9:covale1""]",false,,,[],NOT_APPLICABLE_NOT_YET_PROCESSED,NOT_YET_EXECUTED,PENDING_STRUCTURE_PROCESSING_NOT_YET_RULE_EVALUABLE
253,INCREMENTAL_251_500,MULTI_SOURCE_PROVENANCE,COVAPIE_CYS_SG_EVENT_V1:2FQ9:B:CYS:25-:SG:D:CRJ:C32,2FQ9,B,,CYS,25,SG,CRJ,D,C32,2,2,"[""SOURCE_COVPDB"",""SOURCE_RCSB_PDB_DIRECT""]","[""SOURCE_COVPDB:CovPDB_complexes/2fq9/2fq9.pdb#LINK00461"",""SOURCE_RCSB_PDB_DIRECT:2FQ9:covale2""]",false,,,[],NOT_APPLICABLE_NOT_YET_PROCESSED,NOT_YET_EXECUTED,PENDING_STRUCTURE_PROCESSING_NOT_YET_RULE_EVALUABLE
254,INCREMENTAL_251_500,MULTI_SOURCE_PROVENANCE,COVAPIE_CYS_SG_EVENT_V1:2FQQ:B:CYS:331-:SG:C:F1G:S1,2FQQ,B,,CYS,331,SG,F1G,C,S1,2,2,"[""SOURCE_COVBINDERINPDB"",""SOURCE_RCSB_PDB_DIRECT""]","[""SOURCE_COVBINDERINPDB:CBR000565"",""SOURCE_RCSB_PDB_DIRECT:2FQQ:covale1""]",false,,,[],NOT_APPLICABLE_NOT_YET_PROCESSED,NOT_YET_EXECUTED,PENDING_STRUCTURE_PROCESSING_NOT_YET_RULE_EVALUABLE
255,INCREMENTAL_251_500,MULTI_SOURCE_PROVENANCE,COVAPIE_CYS_SG_EVENT_V1:2FRA:A:CYS:25-:SG:C:CRV:C16,2FRA,A,,CYS,25,SG,CRV,C,C16,2,2,"[""SOURCE_COVPDB"",""SOURCE_RCSB_PDB_DIRECT""]","[""SOURCE_COVPDB:CovPDB_complexes/2fra/2fra.pdb#LINK00446"",""SOURCE_RCSB_PDB_DIRECT:2FRA:covale1""]",false,,,[],NOT_APPLICABLE_NOT_YET_PROCESSED,NOT_YET_EXECUTED,PENDING_STRUCTURE_PROCESSING_NOT_YET_RULE_EVALUABLE
256,INCREMENTAL_251_500,MULTI_SOURCE_PROVENANCE,COVAPIE_CYS_SG_EVENT_V1:2FRA:B:CYS:25-:SG:D:CRV:C16,2FRA,B,,CYS,25,SG,CRV,D,C16,2,2,"[""SOURCE_COVPDB"",""SOURCE_RCSB_PDB_DIRECT""]","[""SOURCE_COVPDB:CovPDB_complexes/2fra/2fra.pdb#LINK00447"",""SOURCE_RCSB_PDB_DIRECT:2FRA:covale2""]",false,,,[],NOT_APPLICABLE_NOT_YET_PROCESSED,NOT_YET_EXECUTED,PENDING_STRUCTURE_PROCESSING_NOT_YET_RULE_EVALUABLE
257,INCREMENTAL_251_500,MULTI_SOURCE_PROVENANCE,COVAPIE_CYS_SG_EVENT_V1:2FRQ:A:CYS:25-:SG:C:C71:C16,2FRQ,A,,CYS,25,SG,C71,C,C16,2,2,"[""SOURCE_COVPDB"",""SOURCE_RCSB_PDB_DIRECT""]","[""SOURCE_COVPDB:CovPDB_complexes/2frq/2frq.pdb#LINK00457"",""SOURCE_RCSB_PDB_DIRECT:2FRQ:covale1""]",false,,,[],NOT_APPLICABLE_NOT_YET_PROCESSED,NOT_YET_EXECUTED,PENDING_STRUCTURE_PROCESSING_NOT_YET_RULE_EVALUABLE
258,INCREMENTAL_251_500,MULTI_SOURCE_PROVENANCE,COVAPIE_CYS_SG_EVENT_V1:2FRQ:B:CYS:25-:SG:D:C71:C16,2FRQ,B,,CYS,25,SG,C71,D,C16,2,2,"[""SOURCE_COVPDB"",""SOURCE_RCSB_PDB_DIRECT""]","[""SOURCE_COVPDB:CovPDB_complexes/2frq/2frq.pdb#LINK00458"",""SOURCE_RCSB_PDB_DIRECT:2FRQ:covale2""]",false,,,[],NOT_APPLICABLE_NOT_YET_PROCESSED,NOT_YET_EXECUTED,PENDING_STRUCTURE_PROCESSING_NOT_YET_RULE_EVALUABLE
259,INCREMENTAL_251_500,MULTI_SOURCE_PROVENANCE,COVAPIE_CYS_SG_EVENT_V1:2FT2:A:CYS:25-:SG:C:C28:C31,2FT2,A,,CYS,25,SG,C28,C,C31,2,2,"[""SOURCE_COVPDB"",""SOURCE_RCSB_PDB_DIRECT""]","[""SOURCE_COVPDB:CovPDB_complexes/2ft2/2ft2.pdb#LINK00459"",""SOURCE_RCSB_PDB_DIRECT:2FT2:covale1""]",false,,,[],NOT_APPLICABLE_NOT_YET_PROCESSED,NOT_YET_EXECUTED,PENDING_STRUCTURE_PROCESSING_NOT_YET_RULE_EVALUABLE
260,INCREMENTAL_251_500,MULTI_SOURCE_PROVENANCE,COVAPIE_CYS_SG_EVENT_V1:2FT2:B:CYS:25-:SG:D:C28:C31,2FT2,B,,CYS,25,SG,C28,D,C31,2,2,"[""SOURCE_COVPDB"",""SOURCE_RCSB_PDB_DIRECT""]","[""SOURCE_COVPDB:CovPDB_complexes/2ft2/2ft2.pdb#LINK00460"",""SOURCE_RCSB_PDB_DIRECT:2FT2:covale2""]",false,,,[],NOT_APPLICABLE_NOT_YET_PROCESSED,NOT_YET_EXECUTED,PENDING_STRUCTURE_PROCESSING_NOT_YET_RULE_EVALUABLE
261,INCREMENTAL_251_500,MULTI_SOURCE_PROVENANCE,COVAPIE_CYS_SG_EVENT_V1:2FTD:A:CYS:25-:SG:C:ILI:C12,2FTD,A,,CYS,25,SG,ILI,C,C12,2,2,"[""SOURCE_COVBINDERINPDB"",""SOURCE_RCSB_PDB_DIRECT""]","[""SOURCE_COVBINDERINPDB:CBR000772"",""SOURCE_RCSB_PDB_DIRECT:2FTD:covale1""]",false,,,[],NOT_APPLICABLE_NOT_YET_PROCESSED,NOT_YET_EXECUTED,PENDING_STRUCTURE_PROCESSING_NOT_YET_RULE_EVALUABLE
262,INCREMENTAL_251_500,MULTI_SOURCE_PROVENANCE,COVAPIE_CYS_SG_EVENT_V1:2FTD:B:CYS:25-:SG:D:ILI:C12,2FTD,B,,CYS,25,SG,ILI,D,C12,2,2,"[""SOURCE_COVBINDERINPDB"",""SOURCE_RCSB_PDB_DIRECT""]","[""SOURCE_COVBINDERINPDB:CBR000773"",""SOURCE_RCSB_PDB_DIRECT:2FTD:covale2""]",false,,,[],NOT_APPLICABLE_NOT_YET_PROCESSED,NOT_YET_EXECUTED,PENDING_STRUCTURE_PROCESSING_NOT_YET_RULE_EVALUABLE
263,INCREMENTAL_251_500,MULTI_SOURCE_PROVENANCE,COVAPIE_CYS_SG_EVENT_V1:2FUD:A:CYS:25-:SG:C:CRL:C9,2FUD,A,,CYS,25,SG,CRL,C,C9,2,2,"[""SOURCE_COVPDB"",""SOURCE_RCSB_PDB_DIRECT""]","[""SOURCE_COVPDB:CovPDB_complexes/2fud/2fud.pdb#LINK00475"",""SOURCE_RCSB_PDB_DIRECT:2FUD:covale1""]",false,,,[],NOT_APPLICABLE_NOT_YET_PROCESSED,NOT_YET_EXECUTED,PENDING_STRUCTURE_PROCESSING_NOT_YET_RULE_EVALUABLE
264,INCREMENTAL_251_500,MULTI_SOURCE_PROVENANCE,COVAPIE_CYS_SG_EVENT_V1:2FUD:B:CYS:25-:SG:D:CRL:C9,2FUD,B,,CYS,25,SG,CRL,D,C9,2,2,"[""SOURCE_COVPDB"",""SOURCE_RCSB_PDB_DIRECT""]","[""SOURCE_COVPDB:CovPDB_complexes/2fud/2fud.pdb#LINK00476"",""SOURCE_RCSB_PDB_DIRECT:2FUD:covale2""]",false,,,[],NOT_APPLICABLE_NOT_YET_PROCESSED,NOT_YET_EXECUTED,PENDING_STRUCTURE_PROCESSING_NOT_YET_RULE_EVALUABLE
265,INCREMENTAL_251_500,MULTI_SOURCE_PROVENANCE,COVAPIE_CYS_SG_EVENT_V1:2FYE:A:CYS:25-:SG:B:BCQ:CT,2FYE,A,,CYS,25,SG,BCQ,B,CT,2,2,"[""SOURCE_COVPDB"",""SOURCE_RCSB_PDB_DIRECT""]","[""SOURCE_COVPDB:CovPDB_complexes/2fye/2fye.pdb#LINK00356"",""SOURCE_RCSB_PDB_DIRECT:2FYE:covale1""]",false,,,[],NOT_APPLICABLE_NOT_YET_PROCESSED,NOT_YET_EXECUTED,PENDING_STRUCTURE_PROCESSING_NOT_YET_RULE_EVALUABLE
266,INCREMENTAL_251_500,MULTI_SOURCE_PROVENANCE,COVAPIE_CYS_SG_EVENT_V1:2G6D:A:CYS:25-:SG:B:MQQ:CT,2G6D,A,,CYS,25,SG,MQQ,B,CT,2,2,"[""SOURCE_COVPDB"",""SOURCE_RCSB_PDB_DIRECT""]","[""SOURCE_COVPDB:CovPDB_complexes/2g6d/2g6d.pdb#LINK00354"",""SOURCE_RCSB_PDB_DIRECT:2G6D:covale1""]",false,,,[],NOT_APPLICABLE_NOT_YET_PROCESSED,NOT_YET_EXECUTED,PENDING_STRUCTURE_PROCESSING_NOT_YET_RULE_EVALUABLE
267,INCREMENTAL_251_500,MULTI_SOURCE_PROVENANCE,COVAPIE_CYS_SG_EVENT_V1:2G8E:A:CYS:115-:SG:D:0M6:CAX,2G8E,A,,CYS,115,SG,0M6,D,CAX,3,3,"[""SOURCE_COVBINDERINPDB"",""SOURCE_COVPDB"",""SOURCE_RCSB_PDB_DIRECT""]","[""SOURCE_COVBINDERINPDB:CBR001162"",""SOURCE_COVPDB:CovPDB_complexes/2g8e/2g8e.pdb#LINK00544"",""SOURCE_RCSB_PDB_DIRECT:2G8E:covale1""]",false,,,[],NOT_APPLICABLE_NOT_YET_PROCESSED,NOT_YET_EXECUTED,PENDING_STRUCTURE_PROCESSING_NOT_YET_RULE_EVALUABLE
268,INCREMENTAL_251_500,MULTI_SOURCE_PROVENANCE,COVAPIE_CYS_SG_EVENT_V1:2G8J:A:CYS:115-:SG:D:D7G:C1,2G8J,A,,CYS,115,SG,D7G,D,C1,3,3,"[""SOURCE_COVBINDERINPDB"",""SOURCE_COVPDB"",""SOURCE_RCSB_PDB_DIRECT""]","[""SOURCE_COVBINDERINPDB:CBR001155"",""SOURCE_COVPDB:CovPDB_complexes/2g8j/2g8j.pdb#LINK00457"",""SOURCE_RCSB_PDB_DIRECT:2G8J:covale1""]",false,,,[],NOT_APPLICABLE_NOT_YET_PROCESSED,NOT_YET_EXECUTED,PENDING_STRUCTURE_PROCESSING_NOT_YET_RULE_EVALUABLE
269,INCREMENTAL_251_500,MULTI_SOURCE_PROVENANCE,COVAPIE_CYS_SG_EVENT_V1:2GH5:A:CYS:58-:SG:E:ELI:C17,2GH5,A,,CYS,58,SG,ELI,E,C17,2,2,"[""SOURCE_COVBINDERINPDB"",""SOURCE_RCSB_PDB_DIRECT""]","[""SOURCE_COVBINDERINPDB:CBR004720"",""SOURCE_RCSB_PDB_DIRECT:2GH5:covale1""]",false,,,[],NOT_APPLICABLE_NOT_YET_PROCESSED,NOT_YET_EXECUTED,PENDING_STRUCTURE_PROCESSING_NOT_YET_RULE_EVALUABLE
270,INCREMENTAL_251_500,MULTI_SOURCE_PROVENANCE,COVAPIE_CYS_SG_EVENT_V1:2GH5:B:CYS:58-:SG:N:ELI:C17,2GH5,B,,CYS,58,SG,ELI,N,C17,2,2,"[""SOURCE_COVBINDERINPDB"",""SOURCE_RCSB_PDB_DIRECT""]","[""SOURCE_COVBINDERINPDB:CBR004721"",""SOURCE_RCSB_PDB_DIRECT:2GH5:covale2""]",false,,,[],NOT_APPLICABLE_NOT_YET_PROCESSED,NOT_YET_EXECUTED,PENDING_STRUCTURE_PROCESSING_NOT_YET_RULE_EVALUABLE
271,INCREMENTAL_251_500,MULTI_SOURCE_PROVENANCE,COVAPIE_CYS_SG_EVENT_V1:2GKE:A:CYS:73-:SG:B:ZDP:CAN,2GKE,A,,CYS,73,SG,ZDP,B,CAN,3,3,"[""SOURCE_COVBINDERINPDB"",""SOURCE_COVPDB"",""SOURCE_RCSB_PDB_DIRECT""]","[""SOURCE_COVBINDERINPDB:CBR001968"",""SOURCE_COVPDB:CovPDB_complexes/2gke/2gke.pdb#LINK00403"",""SOURCE_RCSB_PDB_DIRECT:2GKE:covale1""]",false,,,[],NOT_APPLICABLE_NOT_YET_PROCESSED,NOT_YET_EXECUTED,PENDING_STRUCTURE_PROCESSING_NOT_YET_RULE_EVALUABLE
272,INCREMENTAL_251_500,MULTI_SOURCE_PROVENANCE,COVAPIE_CYS_SG_EVENT_V1:2GKJ:A:CYS:217-:SG:B:ZDR:CAN,2GKJ,A,,CYS,217,SG,ZDR,B,CAN,3,3,"[""SOURCE_COVBINDERINPDB"",""SOURCE_COVPDB"",""SOURCE_RCSB_PDB_DIRECT""]","[""SOURCE_COVBINDERINPDB:CBR001965"",""SOURCE_COVPDB:CovPDB_complexes/2gkj/2gkj.pdb#LINK00409"",""SOURCE_RCSB_PDB_DIRECT:2GKJ:covale1""]",false,,,[],NOT_APPLICABLE_NOT_YET_PROCESSED,NOT_YET_EXECUTED,PENDING_STRUCTURE_PROCESSING_NOT_YET_RULE_EVALUABLE
273,INCREMENTAL_251_500,MULTI_SOURCE_PROVENANCE,COVAPIE_CYS_SG_EVENT_V1:2GTB:A:CYS:145-:SG:B:AZP:CBM,2GTB,A,,CYS,145,SG,AZP,B,CBM,2,2,"[""SOURCE_COVPDB"",""SOURCE_RCSB_PDB_DIRECT""]","[""SOURCE_COVPDB:CovPDB_complexes/2gtb/2gtb.pdb#LINK00512"",""SOURCE_RCSB_PDB_DIRECT:2GTB:covale1""]",false,,,[],NOT_APPLICABLE_NOT_YET_PROCESSED,NOT_YET_EXECUTED,PENDING_STRUCTURE_PROCESSING_NOT_YET_RULE_EVALUABLE
274,INCREMENTAL_251_500,MULTI_SOURCE_PROVENANCE,COVAPIE_CYS_SG_EVENT_V1:2GX4:A:CYS:145-:SG:B:NOL:C35,2GX4,A,,CYS,145,SG,NOL,B,C35,3,3,"[""SOURCE_COVBINDERINPDB"",""SOURCE_COVPDB"",""SOURCE_RCSB_PDB_DIRECT""]","[""SOURCE_COVBINDERINPDB:CBR005026"",""SOURCE_COVPDB:CovPDB_complexes/2gx4/2gx4.pdb#LINK00395"",""SOURCE_RCSB_PDB_DIRECT:2GX4:covale1""]",false,,,[],NOT_APPLICABLE_NOT_YET_PROCESSED,NOT_YET_EXECUTED,PENDING_STRUCTURE_PROCESSING_NOT_YET_RULE_EVALUABLE
275,INCREMENTAL_251_500,MULTI_SOURCE_PROVENANCE,COVAPIE_CYS_SG_EVENT_V1:2GYO:A:CYS:112-:SG:D:MEE:S,2GYO,A,,CYS,112,SG,MEE,D,S,2,2,"[""SOURCE_COVBINDERINPDB"",""SOURCE_RCSB_PDB_DIRECT""]","[""SOURCE_COVBINDERINPDB:CBR002390"",""SOURCE_RCSB_PDB_DIRECT:2GYO:covale1""]",false,,,[],NOT_APPLICABLE_NOT_YET_PROCESSED,NOT_YET_EXECUTED,PENDING_STRUCTURE_PROCESSING_NOT_YET_RULE_EVALUABLE
276,INCREMENTAL_251_500,MULTI_SOURCE_PROVENANCE,COVAPIE_CYS_SG_EVENT_V1:2GZ3:A:CYS:128-:SG:F:AS2:CG,2GZ3,A,,CYS,128,SG,AS2,F,CG,3,3,"[""SOURCE_COVBINDERINPDB"",""SOURCE_COVPDB"",""SOURCE_RCSB_PDB_DIRECT""]","[""SOURCE_COVBINDERINPDB:CBR004697"",""SOURCE_COVPDB:CovPDB_complexes/2gz3/2gz3.pdb#LINK00813"",""SOURCE_RCSB_PDB_DIRECT:2GZ3:covale1""]",false,,,[],NOT_APPLICABLE_NOT_YET_PROCESSED,NOT_YET_EXECUTED,PENDING_STRUCTURE_PROCESSING_NOT_YET_RULE_EVALUABLE
277,INCREMENTAL_251_500,MULTI_SOURCE_PROVENANCE,COVAPIE_CYS_SG_EVENT_V1:2GZ3:B:CYS:128-:SG:H:AS2:CG,2GZ3,B,,CYS,128,SG,AS2,H,CG,3,3,"[""SOURCE_COVBINDERINPDB"",""SOURCE_COVPDB"",""SOURCE_RCSB_PDB_DIRECT""]","[""SOURCE_COVBINDERINPDB:CBR004698"",""SOURCE_COVPDB:CovPDB_complexes/2gz3/2gz3.pdb#LINK00814"",""SOURCE_RCSB_PDB_DIRECT:2GZ3:covale2""]",false,,,[],NOT_APPLICABLE_NOT_YET_PROCESSED,NOT_YET_EXECUTED,PENDING_STRUCTURE_PROCESSING_NOT_YET_RULE_EVALUABLE
278,INCREMENTAL_251_500,MULTI_SOURCE_PROVENANCE,COVAPIE_CYS_SG_EVENT_V1:2GZ3:C:CYS:128-:SG:J:AS2:CG,2GZ3,C,,CYS,128,SG,AS2,J,CG,3,3,"[""SOURCE_COVBINDERINPDB"",""SOURCE_COVPDB"",""SOURCE_RCSB_PDB_DIRECT""]","[""SOURCE_COVBINDERINPDB:CBR004699"",""SOURCE_COVPDB:CovPDB_complexes/2gz3/2gz3.pdb#LINK00815"",""SOURCE_RCSB_PDB_DIRECT:2GZ3:covale3""]",false,,,[],NOT_APPLICABLE_NOT_YET_PROCESSED,NOT_YET_EXECUTED,PENDING_STRUCTURE_PROCESSING_NOT_YET_RULE_EVALUABLE
279,INCREMENTAL_251_500,MULTI_SOURCE_PROVENANCE,COVAPIE_CYS_SG_EVENT_V1:2GZ3:D:CYS:128-:SG:L:AS2:CG,2GZ3,D,,CYS,128,SG,AS2,L,CG,3,3,"[""SOURCE_COVBINDERINPDB"",""SOURCE_COVPDB"",""SOURCE_RCSB_PDB_DIRECT""]","[""SOURCE_COVBINDERINPDB:CBR004700"",""SOURCE_COVPDB:CovPDB_complexes/2gz3/2gz3.pdb#LINK00816"",""SOURCE_RCSB_PDB_DIRECT:2GZ3:covale4""]",false,,,[],NOT_APPLICABLE_NOT_YET_PROCESSED,NOT_YET_EXECUTED,PENDING_STRUCTURE_PROCESSING_NOT_YET_RULE_EVALUABLE
280,INCREMENTAL_251_500,MULTI_SOURCE_PROVENANCE,COVAPIE_CYS_SG_EVENT_V1:2HWO:A:CYS:345-:SG:C:RBS:C51,2HWO,A,,CYS,345,SG,RBS,C,C51,2,2,"[""SOURCE_COVPDB"",""SOURCE_RCSB_PDB_DIRECT""]","[""SOURCE_COVPDB:CovPDB_complexes/2hwo/2hwo.pdb#LINK00585"",""SOURCE_RCSB_PDB_DIRECT:2HWO:covale1""]",false,,,[],NOT_APPLICABLE_NOT_YET_PROCESSED,NOT_YET_EXECUTED,PENDING_STRUCTURE_PROCESSING_NOT_YET_RULE_EVALUABLE
281,INCREMENTAL_251_500,MULTI_SOURCE_PROVENANCE,COVAPIE_CYS_SG_EVENT_V1:2HWO:B:CYS:345-:SG:D:RBS:C51,2HWO,B,,CYS,345,SG,RBS,D,C51,2,2,"[""SOURCE_COVPDB"",""SOURCE_RCSB_PDB_DIRECT""]","[""SOURCE_COVPDB:CovPDB_complexes/2hwo/2hwo.pdb#LINK00586"",""SOURCE_RCSB_PDB_DIRECT:2HWO:covale2""]",false,,,[],NOT_APPLICABLE_NOT_YET_PROCESSED,NOT_YET_EXECUTED,PENDING_STRUCTURE_PROCESSING_NOT_YET_RULE_EVALUABLE
282,INCREMENTAL_251_500,MULTI_SOURCE_PROVENANCE,COVAPIE_CYS_SG_EVENT_V1:2HWP:A:CYS:345-:SG:C:DJK:C51,2HWP,A,,CYS,345,SG,DJK,C,C51,2,2,"[""SOURCE_COVPDB"",""SOURCE_RCSB_PDB_DIRECT""]","[""SOURCE_COVPDB:CovPDB_complexes/2hwp/2hwp.pdb#LINK00578"",""SOURCE_RCSB_PDB_DIRECT:2HWP:covale1""]",false,,,[],NOT_APPLICABLE_NOT_YET_PROCESSED,NOT_YET_EXECUTED,PENDING_STRUCTURE_PROCESSING_NOT_YET_RULE_EVALUABLE
283,INCREMENTAL_251_500,MULTI_SOURCE_PROVENANCE,COVAPIE_CYS_SG_EVENT_V1:2HWP:B:CYS:345-:SG:D:DJK:C51,2HWP,B,,CYS,345,SG,DJK,D,C51,2,2,"[""SOURCE_COVPDB"",""SOURCE_RCSB_PDB_DIRECT""]","[""SOURCE_COVPDB:CovPDB_complexes/2hwp/2hwp.pdb#LINK00579"",""SOURCE_RCSB_PDB_DIRECT:2HWP:covale2""]",false,,,[],NOT_APPLICABLE_NOT_YET_PROCESSED,NOT_YET_EXECUTED,PENDING_STRUCTURE_PROCESSING_NOT_YET_RULE_EVALUABLE
284,INCREMENTAL_251_500,MULTI_SOURCE_PROVENANCE,COVAPIE_CYS_SG_EVENT_V1:2HXZ:A:CYS:25-:SG:E:H7J:C,2HXZ,A,,CYS,25,SG,H7J,E,C,3,3,"[""SOURCE_COVBINDERINPDB"",""SOURCE_COVPDB"",""SOURCE_RCSB_PDB_DIRECT""]","[""SOURCE_COVBINDERINPDB:CBR003806"",""SOURCE_COVPDB:CovPDB_complexes/2hxz/2hxz.pdb#LINK00509"",""SOURCE_RCSB_PDB_DIRECT:2HXZ:covale1""]",false,,,[],NOT_APPLICABLE_NOT_YET_PROCESSED,NOT_YET_EXECUTED,PENDING_STRUCTURE_PROCESSING_NOT_YET_RULE_EVALUABLE
285,INCREMENTAL_251_500,MULTI_SOURCE_PROVENANCE,COVAPIE_CYS_SG_EVENT_V1:2HXZ:B:CYS:25-:SG:F:H7J:C,2HXZ,B,,CYS,25,SG,H7J,F,C,3,3,"[""SOURCE_COVBINDERINPDB"",""SOURCE_COVPDB"",""SOURCE_RCSB_PDB_DIRECT""]","[""SOURCE_COVBINDERINPDB:CBR003807"",""SOURCE_COVPDB:CovPDB_complexes/2hxz/2hxz.pdb#LINK00510"",""SOURCE_RCSB_PDB_DIRECT:2HXZ:covale2""]",false,,,[],NOT_APPLICABLE_NOT_YET_PROCESSED,NOT_YET_EXECUTED,PENDING_STRUCTURE_PROCESSING_NOT_YET_RULE_EVALUABLE
286,INCREMENTAL_251_500,MULTI_SOURCE_PROVENANCE,COVAPIE_CYS_SG_EVENT_V1:2HXZ:C:CYS:25-:SG:G:H7J:C,2HXZ,C,,CYS,25,SG,H7J,G,C,3,3,"[""SOURCE_COVBINDERINPDB"",""SOURCE_COVPDB"",""SOURCE_RCSB_PDB_DIRECT""]","[""SOURCE_COVBINDERINPDB:CBR003808"",""SOURCE_COVPDB:CovPDB_complexes/2hxz/2hxz.pdb#LINK00511"",""SOURCE_RCSB_PDB_DIRECT:2HXZ:covale3""]",false,,,[],NOT_APPLICABLE_NOT_YET_PROCESSED,NOT_YET_EXECUTED,PENDING_STRUCTURE_PROCESSING_NOT_YET_RULE_EVALUABLE
287,INCREMENTAL_251_500,MULTI_SOURCE_PROVENANCE,COVAPIE_CYS_SG_EVENT_V1:2IJN:A:CYS:366-:SG:C:221:S14,2IJN,A,,CYS,366,SG,221,C,S14,3,3,"[""SOURCE_COVBINDERINPDB"",""SOURCE_COVPDB"",""SOURCE_RCSB_PDB_DIRECT""]","[""SOURCE_COVBINDERINPDB:CBR002397"",""SOURCE_COVPDB:CovPDB_complexes/2ijn/2ijn.pdb#LINK00545"",""SOURCE_RCSB_PDB_DIRECT:2IJN:covale1""]",false,,,[],NOT_APPLICABLE_NOT_YET_PROCESSED,NOT_YET_EXECUTED,PENDING_STRUCTURE_PROCESSING_NOT_YET_RULE_EVALUABLE
288,INCREMENTAL_251_500,MULTI_SOURCE_PROVENANCE,COVAPIE_CYS_SG_EVENT_V1:2IJN:B:CYS:366-:SG:D:221:S14,2IJN,B,,CYS,366,SG,221,D,S14,3,3,"[""SOURCE_COVBINDERINPDB"",""SOURCE_COVPDB"",""SOURCE_RCSB_PDB_DIRECT""]","[""SOURCE_COVBINDERINPDB:CBR002398"",""SOURCE_COVPDB:CovPDB_complexes/2ijn/2ijn.pdb#LINK00546"",""SOURCE_RCSB_PDB_DIRECT:2IJN:covale2""]",false,,,[],NOT_APPLICABLE_NOT_YET_PROCESSED,NOT_YET_EXECUTED,PENDING_STRUCTURE_PROCESSING_NOT_YET_RULE_EVALUABLE
289,INCREMENTAL_251_500,MULTI_SOURCE_PROVENANCE,COVAPIE_CYS_SG_EVENT_V1:2IPH:A:CYS:1139-:SG:C:LGG:C30,2IPH,A,,CYS,1139,SG,LGG,C,C30,3,3,"[""SOURCE_COVBINDERINPDB"",""SOURCE_COVPDB"",""SOURCE_RCSB_PDB_DIRECT""]","[""SOURCE_COVBINDERINPDB:CBR002755"",""SOURCE_COVPDB:CovPDB_complexes/2iph/2iph.pdb#LINK00357"",""SOURCE_RCSB_PDB_DIRECT:2IPH:covale1""]",false,,,[],NOT_APPLICABLE_NOT_YET_PROCESSED,NOT_YET_EXECUTED,PENDING_STRUCTURE_PROCESSING_NOT_YET_RULE_EVALUABLE
290,INCREMENTAL_251_500,MULTI_SOURCE_PROVENANCE,COVAPIE_CYS_SG_EVENT_V1:2IPH:B:CYS:2139-:SG:D:LGG:C30,2IPH,B,,CYS,2139,SG,LGG,D,C30,3,3,"[""SOURCE_COVBINDERINPDB"",""SOURCE_COVPDB"",""SOURCE_RCSB_PDB_DIRECT""]","[""SOURCE_COVBINDERINPDB:CBR002756"",""SOURCE_COVPDB:CovPDB_complexes/2iph/2iph.pdb#LINK00358"",""SOURCE_RCSB_PDB_DIRECT:2IPH:covale2""]",false,,,[],NOT_APPLICABLE_NOT_YET_PROCESSED,NOT_YET_EXECUTED,PENDING_STRUCTURE_PROCESSING_NOT_YET_RULE_EVALUABLE
291,INCREMENTAL_251_500,MULTI_SOURCE_PROVENANCE,COVAPIE_CYS_SG_EVENT_V1:2IPP:A:CYS:29-:SG:C:PYS:S2,2IPP,A,,CYS,29,SG,PYS,C,S2,2,2,"[""SOURCE_COVPDB"",""SOURCE_RCSB_PDB_DIRECT""]","[""SOURCE_COVPDB:CovPDB_complexes/2ipp/2ipp.pdb#LINK00382"",""SOURCE_RCSB_PDB_DIRECT:2IPP:covale1""]",false,,,[],NOT_APPLICABLE_NOT_YET_PROCESSED,NOT_YET_EXECUTED,PENDING_STRUCTURE_PROCESSING_NOT_YET_RULE_EVALUABLE
292,INCREMENTAL_251_500,MULTI_SOURCE_PROVENANCE,COVAPIE_CYS_SG_EVENT_V1:2J5F:A:CYS:797-:SG:B:DJK:C51,2J5F,A,,CYS,797,SG,DJK,B,C51,2,2,"[""SOURCE_COVBINDERINPDB"",""SOURCE_RCSB_PDB_DIRECT""]","[""SOURCE_COVBINDERINPDB:CBR000948"",""SOURCE_RCSB_PDB_DIRECT:2J5F:covale1""]",false,,,[],NOT_APPLICABLE_NOT_YET_PROCESSED,NOT_YET_EXECUTED,PENDING_STRUCTURE_PROCESSING_NOT_YET_RULE_EVALUABLE
293,INCREMENTAL_251_500,MULTI_SOURCE_PROVENANCE,COVAPIE_CYS_SG_EVENT_V1:2J6H:A:CYS:1-:SG:C:ONL:CE,2J6H,A,,CYS,1,SG,ONL,C,CE,2,2,"[""SOURCE_COVPDB"",""SOURCE_RCSB_PDB_DIRECT""]","[""SOURCE_COVPDB:CovPDB_complexes/2j6h/2j6h.pdb#LINK00723"",""SOURCE_RCSB_PDB_DIRECT:2J6H:covale1""]",false,,,[],NOT_APPLICABLE_NOT_YET_PROCESSED,NOT_YET_EXECUTED,PENDING_STRUCTURE_PROCESSING_NOT_YET_RULE_EVALUABLE
294,INCREMENTAL_251_500,MULTI_SOURCE_PROVENANCE,COVAPIE_CYS_SG_EVENT_V1:2J6H:B:CYS:1-:SG:E:ONL:CE,2J6H,B,,CYS,1,SG,ONL,E,CE,2,2,"[""SOURCE_COVPDB"",""SOURCE_RCSB_PDB_DIRECT""]","[""SOURCE_COVPDB:CovPDB_complexes/2j6h/2j6h.pdb#LINK00724"",""SOURCE_RCSB_PDB_DIRECT:2J6H:covale2""]",false,,,[],NOT_APPLICABLE_NOT_YET_PROCESSED,NOT_YET_EXECUTED,PENDING_STRUCTURE_PROCESSING_NOT_YET_RULE_EVALUABLE
295,INCREMENTAL_251_500,MULTI_SOURCE_PROVENANCE,COVAPIE_CYS_SG_EVENT_V1:2J7Q:A:CYS:23-:SG:F:GVE:CB,2J7Q,A,,CYS,23,SG,GVE,F,CB,2,2,"[""SOURCE_COVBINDERINPDB"",""SOURCE_RCSB_PDB_DIRECT""]","[""SOURCE_COVBINDERINPDB:CBR003382"",""SOURCE_RCSB_PDB_DIRECT:2J7Q:covale3""]",false,,,[],NOT_APPLICABLE_NOT_YET_PROCESSED,NOT_YET_EXECUTED,PENDING_STRUCTURE_PROCESSING_NOT_YET_RULE_EVALUABLE
296,INCREMENTAL_251_500,MULTI_SOURCE_PROVENANCE,COVAPIE_CYS_SG_EVENT_V1:2J7Q:C:CYS:23-:SG:J:GVE:CB,2J7Q,C,,CYS,23,SG,GVE,J,CB,2,2,"[""SOURCE_COVBINDERINPDB"",""SOURCE_RCSB_PDB_DIRECT""]","[""SOURCE_COVBINDERINPDB:CBR003383"",""SOURCE_RCSB_PDB_DIRECT:2J7Q:covale16""]",false,,,[],NOT_APPLICABLE_NOT_YET_PROCESSED,NOT_YET_EXECUTED,PENDING_STRUCTURE_PROCESSING_NOT_YET_RULE_EVALUABLE
297,INCREMENTAL_251_500,MULTI_SOURCE_PROVENANCE,COVAPIE_CYS_SG_EVENT_V1:2JU4:A:CYS:10-:SG:B:RCY:C1S,2JU4,A,,CYS,10,SG,RCY,B,C1S,2,2,"[""SOURCE_COVBINDERINPDB"",""SOURCE_RCSB_PDB_DIRECT""]","[""SOURCE_COVBINDERINPDB:CBR001795"",""SOURCE_RCSB_PDB_DIRECT:2JU4:covale1""]",false,,,[],NOT_APPLICABLE_NOT_YET_PROCESSED,NOT_YET_EXECUTED,PENDING_STRUCTURE_PROCESSING_NOT_YET_RULE_EVALUABLE
298,INCREMENTAL_251_500,MULTI_SOURCE_PROVENANCE,COVAPIE_CYS_SG_EVENT_V1:2JU4:A:CYS:21-:SG:C:RCY:C1S,2JU4,A,,CYS,21,SG,RCY,C,C1S,2,2,"[""SOURCE_COVBINDERINPDB"",""SOURCE_RCSB_PDB_DIRECT""]","[""SOURCE_COVBINDERINPDB:CBR001796"",""SOURCE_RCSB_PDB_DIRECT:2JU4:covale2""]",false,,,[],NOT_APPLICABLE_NOT_YET_PROCESSED,NOT_YET_EXECUTED,PENDING_STRUCTURE_PROCESSING_NOT_YET_RULE_EVALUABLE
299,INCREMENTAL_251_500,MULTI_SOURCE_PROVENANCE,COVAPIE_CYS_SG_EVENT_V1:2JU4:A:CYS:30-:SG:D:RCY:C1S,2JU4,A,,CYS,30,SG,RCY,D,C1S,2,2,"[""SOURCE_COVBINDERINPDB"",""SOURCE_RCSB_PDB_DIRECT""]","[""SOURCE_COVBINDERINPDB:CBR001797"",""SOURCE_RCSB_PDB_DIRECT:2JU4:covale3""]",false,,,[],NOT_APPLICABLE_NOT_YET_PROCESSED,NOT_YET_EXECUTED,PENDING_STRUCTURE_PROCESSING_NOT_YET_RULE_EVALUABLE
300,INCREMENTAL_251_500,MULTI_SOURCE_PROVENANCE,COVAPIE_CYS_SG_EVENT_V1:2JU4:A:CYS:38-:SG:E:RCY:C1S,2JU4,A,,CYS,38,SG,RCY,E,C1S,2,2,"[""SOURCE_COVBINDERINPDB"",""SOURCE_RCSB_PDB_DIRECT""]","[""SOURCE_COVBINDERINPDB:CBR001798"",""SOURCE_RCSB_PDB_DIRECT:2JU4:covale4""]",false,,,[],NOT_APPLICABLE_NOT_YET_PROCESSED,NOT_YET_EXECUTED,PENDING_STRUCTURE_PROCESSING_NOT_YET_RULE_EVALUABLE
301,INCREMENTAL_251_500,MULTI_SOURCE_PROVENANCE,COVAPIE_CYS_SG_EVENT_V1:2JU4:A:CYS:50-:SG:F:RCY:C1S,2JU4,A,,CYS,50,SG,RCY,F,C1S,2,2,"[""SOURCE_COVBINDERINPDB"",""SOURCE_RCSB_PDB_DIRECT""]","[""SOURCE_COVBINDERINPDB:CBR001799"",""SOURCE_RCSB_PDB_DIRECT:2JU4:covale5""]",false,,,[],NOT_APPLICABLE_NOT_YET_PROCESSED,NOT_YET_EXECUTED,PENDING_STRUCTURE_PROCESSING_NOT_YET_RULE_EVALUABLE
302,INCREMENTAL_251_500,MULTI_SOURCE_PROVENANCE,COVAPIE_CYS_SG_EVENT_V1:2JU4:A:CYS:60-:SG:G:RCY:C1S,2JU4,A,,CYS,60,SG,RCY,G,C1S,2,2,"[""SOURCE_COVBINDERINPDB"",""SOURCE_RCSB_PDB_DIRECT""]","[""SOURCE_COVBINDERINPDB:CBR001800"",""SOURCE_RCSB_PDB_DIRECT:2JU4:covale6""]",false,,,[],NOT_APPLICABLE_NOT_YET_PROCESSED,NOT_YET_EXECUTED,PENDING_STRUCTURE_PROCESSING_NOT_YET_RULE_EVALUABLE
303,INCREMENTAL_251_500,MULTI_SOURCE_PROVENANCE,COVAPIE_CYS_SG_EVENT_V1:2JU4:A:CYS:68-:SG:H:RCY:C1S,2JU4,A,,CYS,68,SG,RCY,H,C1S,2,2,"[""SOURCE_COVBINDERINPDB"",""SOURCE_RCSB_PDB_DIRECT""]","[""SOURCE_COVBINDERINPDB:CBR001801"",""SOURCE_RCSB_PDB_DIRECT:2JU4:covale7""]",false,,,[],NOT_APPLICABLE_NOT_YET_PROCESSED,NOT_YET_EXECUTED,PENDING_STRUCTURE_PROCESSING_NOT_YET_RULE_EVALUABLE
304,INCREMENTAL_251_500,MULTI_SOURCE_PROVENANCE,COVAPIE_CYS_SG_EVENT_V1:2JU4:A:CYS:73-:SG:I:RCY:C1S,2JU4,A,,CYS,73,SG,RCY,I,C1S,2,2,"[""SOURCE_COVBINDERINPDB"",""SOURCE_RCSB_PDB_DIRECT""]","[""SOURCE_COVBINDERINPDB:CBR001802"",""SOURCE_RCSB_PDB_DIRECT:2JU4:covale8""]",false,,,[],NOT_APPLICABLE_NOT_YET_PROCESSED,NOT_YET_EXECUTED,PENDING_STRUCTURE_PROCESSING_NOT_YET_RULE_EVALUABLE
305,INCREMENTAL_251_500,MULTI_SOURCE_PROVENANCE,COVAPIE_CYS_SG_EVENT_V1:2JU4:A:CYS:76-:SG:J:RCY:C1S,2JU4,A,,CYS,76,SG,RCY,J,C1S,2,2,"[""SOURCE_COVBINDERINPDB"",""SOURCE_RCSB_PDB_DIRECT""]","[""SOURCE_COVBINDERINPDB:CBR001803"",""SOURCE_RCSB_PDB_DIRECT:2JU4:covale9""]",false,,,[],NOT_APPLICABLE_NOT_YET_PROCESSED,NOT_YET_EXECUTED,PENDING_STRUCTURE_PROCESSING_NOT_YET_RULE_EVALUABLE
306,INCREMENTAL_251_500,MULTI_SOURCE_PROVENANCE,COVAPIE_CYS_SG_EVENT_V1:2JU4:A:CYS:87-:SG:K:RCY:C1S,2JU4,A,,CYS,87,SG,RCY,K,C1S,2,2,"[""SOURCE_COVBINDERINPDB"",""SOURCE_RCSB_PDB_DIRECT""]","[""SOURCE_COVBINDERINPDB:CBR001804"",""SOURCE_RCSB_PDB_DIRECT:2JU4:covale10""]",false,,,[],NOT_APPLICABLE_NOT_YET_PROCESSED,NOT_YET_EXECUTED,PENDING_STRUCTURE_PROCESSING_NOT_YET_RULE_EVALUABLE
307,INCREMENTAL_251_500,MULTI_SOURCE_PROVENANCE,COVAPIE_CYS_SG_EVENT_V1:2LP8:B:CYS:1003-:SG:C:33B:C1,2LP8,B,,CYS,1003,SG,33B,C,C1,3,3,"[""SOURCE_COVBINDERINPDB"",""SOURCE_COVPDB"",""SOURCE_RCSB_PDB_DIRECT""]","[""SOURCE_COVBINDERINPDB:CBR000042"",""SOURCE_COVPDB:CovPDB_complexes/2lp8/2lp8.pdb#LINK00326"",""SOURCE_RCSB_PDB_DIRECT:2LP8:covale2""]",false,,,[],NOT_APPLICABLE_NOT_YET_PROCESSED,NOT_YET_EXECUTED,PENDING_STRUCTURE_PROCESSING_NOT_YET_RULE_EVALUABLE
308,INCREMENTAL_251_500,MULTI_SOURCE_PROVENANCE,COVAPIE_CYS_SG_EVENT_V1:2LP8:B:CYS:1014-:SG:C:33B:C20,2LP8,B,,CYS,1014,SG,33B,C,C20,3,3,"[""SOURCE_COVBINDERINPDB"",""SOURCE_COVPDB"",""SOURCE_RCSB_PDB_DIRECT""]","[""SOURCE_COVBINDERINPDB:CBR000043"",""SOURCE_COVPDB:CovPDB_complexes/2lp8/2lp8.pdb#LINK00327"",""SOURCE_RCSB_PDB_DIRECT:2LP8:covale3""]",false,,,[],NOT_APPLICABLE_NOT_YET_PROCESSED,NOT_YET_EXECUTED,PENDING_STRUCTURE_PROCESSING_NOT_YET_RULE_EVALUABLE
309,INCREMENTAL_251_500,MULTI_SOURCE_PROVENANCE,COVAPIE_CYS_SG_EVENT_V1:2LXY:A:CYS:34-:SG:B:HTS:S1,2LXY,A,,CYS,34,SG,HTS,B,S1,2,2,"[""SOURCE_COVPDB"",""SOURCE_RCSB_PDB_DIRECT""]","[""SOURCE_COVPDB:CovPDB_complexes/2lxy/2lxy.pdb#LINK00247"",""SOURCE_RCSB_PDB_DIRECT:2LXY:covale1""]",false,,,[],NOT_APPLICABLE_NOT_YET_PROCESSED,NOT_YET_EXECUTED,PENDING_STRUCTURE_PROCESSING_NOT_YET_RULE_EVALUABLE
310,INCREMENTAL_251_500,MULTI_SOURCE_PROVENANCE,COVAPIE_CYS_SG_EVENT_V1:2M0Z:A:CYS:22-:SG:B:33B:C1,2M0Z,A,,CYS,22,SG,33B,B,C1,2,2,"[""SOURCE_COVPDB"",""SOURCE_RCSB_PDB_DIRECT""]","[""SOURCE_COVPDB:CovPDB_complexes/2m0z/2m0z.pdb#LINK00243"",""SOURCE_RCSB_PDB_DIRECT:2M0Z:covale1""]",false,,,[],NOT_APPLICABLE_NOT_YET_PROCESSED,NOT_YET_EXECUTED,PENDING_STRUCTURE_PROCESSING_NOT_YET_RULE_EVALUABLE
311,INCREMENTAL_251_500,MULTI_SOURCE_PROVENANCE,COVAPIE_CYS_SG_EVENT_V1:2M0Z:A:CYS:77-:SG:B:33B:C20,2M0Z,A,,CYS,77,SG,33B,B,C20,2,2,"[""SOURCE_COVPDB"",""SOURCE_RCSB_PDB_DIRECT""]","[""SOURCE_COVPDB:CovPDB_complexes/2m0z/2m0z.pdb#LINK00244"",""SOURCE_RCSB_PDB_DIRECT:2M0Z:covale2""]",false,,,[],NOT_APPLICABLE_NOT_YET_PROCESSED,NOT_YET_EXECUTED,PENDING_STRUCTURE_PROCESSING_NOT_YET_RULE_EVALUABLE
312,INCREMENTAL_251_500,MULTI_SOURCE_PROVENANCE,COVAPIE_CYS_SG_EVENT_V1:2M10:A:CYS:22-:SG:B:33B:C1,2M10,A,,CYS,22,SG,33B,B,C1,3,3,"[""SOURCE_COVBINDERINPDB"",""SOURCE_COVPDB"",""SOURCE_RCSB_PDB_DIRECT""]","[""SOURCE_COVBINDERINPDB:CBR003055"",""SOURCE_COVPDB:CovPDB_complexes/2m10/2m10.pdb#LINK00280"",""SOURCE_RCSB_PDB_DIRECT:2M10:covale1""]",false,,,[],NOT_APPLICABLE_NOT_YET_PROCESSED,NOT_YET_EXECUTED,PENDING_STRUCTURE_PROCESSING_NOT_YET_RULE_EVALUABLE
313,INCREMENTAL_251_500,MULTI_SOURCE_PROVENANCE,COVAPIE_CYS_SG_EVENT_V1:2M10:A:CYS:77-:SG:B:33B:C20,2M10,A,,CYS,77,SG,33B,B,C20,3,3,"[""SOURCE_COVBINDERINPDB"",""SOURCE_COVPDB"",""SOURCE_RCSB_PDB_DIRECT""]","[""SOURCE_COVBINDERINPDB:CBR003056"",""SOURCE_COVPDB:CovPDB_complexes/2m10/2m10.pdb#LINK00281"",""SOURCE_RCSB_PDB_DIRECT:2M10:covale2""]",false,,,[],NOT_APPLICABLE_NOT_YET_PROCESSED,NOT_YET_EXECUTED,PENDING_STRUCTURE_PROCESSING_NOT_YET_RULE_EVALUABLE
314,INCREMENTAL_251_500,MULTI_SOURCE_PROVENANCE,COVAPIE_CYS_SG_EVENT_V1:2MLM:A:CYS:126-:SG:B:2W7:S2,2MLM,A,,CYS,126,SG,2W7,B,S2,3,3,"[""SOURCE_COVBINDERINPDB"",""SOURCE_COVPDB"",""SOURCE_RCSB_PDB_DIRECT""]","[""SOURCE_COVBINDERINPDB:CBR004024"",""SOURCE_COVPDB:CovPDB_complexes/2mlm/2mlm.pdb#LINK00223"",""SOURCE_RCSB_PDB_DIRECT:2MLM:covale1""]",false,,,[],NOT_APPLICABLE_NOT_YET_PROCESSED,NOT_YET_EXECUTED,PENDING_STRUCTURE_PROCESSING_NOT_YET_RULE_EVALUABLE
315,INCREMENTAL_251_500,MULTI_SOURCE_PROVENANCE,COVAPIE_CYS_SG_EVENT_V1:2NQG:A:CYS:115-:SG:D:NQG:CBT,2NQG,A,,CYS,115,SG,NQG,D,CBT,3,3,"[""SOURCE_COVBINDERINPDB"",""SOURCE_COVPDB"",""SOURCE_RCSB_PDB_DIRECT""]","[""SOURCE_COVBINDERINPDB:CBR003019"",""SOURCE_COVPDB:CovPDB_complexes/2nqg/2nqg.pdb#LINK00486"",""SOURCE_RCSB_PDB_DIRECT:2NQG:covale1""]",false,,,[],NOT_APPLICABLE_NOT_YET_PROCESSED,NOT_YET_EXECUTED,PENDING_STRUCTURE_PROCESSING_NOT_YET_RULE_EVALUABLE
316,INCREMENTAL_251_500,MULTI_SOURCE_PROVENANCE,COVAPIE_CYS_SG_EVENT_V1:2NQI:A:CYS:115-:SG:D:NQI:CBS,2NQI,A,,CYS,115,SG,NQI,D,CBS,3,3,"[""SOURCE_COVBINDERINPDB"",""SOURCE_COVPDB"",""SOURCE_RCSB_PDB_DIRECT""]","[""SOURCE_COVBINDERINPDB:CBR003023"",""SOURCE_COVPDB:CovPDB_complexes/2nqi/2nqi.pdb#LINK00492"",""SOURCE_RCSB_PDB_DIRECT:2NQI:covale1""]",false,,,[],NOT_APPLICABLE_NOT_YET_PROCESSED,NOT_YET_EXECUTED,PENDING_STRUCTURE_PROCESSING_NOT_YET_RULE_EVALUABLE
317,INCREMENTAL_251_500,MULTI_SOURCE_PROVENANCE,COVAPIE_CYS_SG_EVENT_V1:2NTG:A:CYS:115-:SG:B:R7A:SD,2NTG,A,,CYS,115,SG,R7A,B,SD,2,2,"[""SOURCE_COVBINDERINPDB"",""SOURCE_RCSB_PDB_DIRECT""]","[""SOURCE_COVBINDERINPDB:CBR003158"",""SOURCE_RCSB_PDB_DIRECT:2NTG:covale1""]",false,,,[],NOT_APPLICABLE_NOT_YET_PROCESSED,NOT_YET_EXECUTED,PENDING_STRUCTURE_PROCESSING_NOT_YET_RULE_EVALUABLE
318,INCREMENTAL_251_500,MULTI_SOURCE_PROVENANCE,COVAPIE_CYS_SG_EVENT_V1:2OZ2:A:CYS:25-:SG:F:D1R:C27,2OZ2,A,,CYS,25,SG,D1R,F,C27,2,2,"[""SOURCE_COVPDB"",""SOURCE_RCSB_PDB_DIRECT""]","[""SOURCE_COVPDB:CovPDB_complexes/2oz2/2oz2.pdb#LINK00460"",""SOURCE_RCSB_PDB_DIRECT:2OZ2:covale1""]",false,,,[],NOT_APPLICABLE_NOT_YET_PROCESSED,NOT_YET_EXECUTED,PENDING_STRUCTURE_PROCESSING_NOT_YET_RULE_EVALUABLE
319,INCREMENTAL_251_500,MULTI_SOURCE_PROVENANCE,COVAPIE_CYS_SG_EVENT_V1:2P7U:A:CYS:25-:SG:B:D1R:C27,2P7U,A,,CYS,25,SG,D1R,B,C27,2,2,"[""SOURCE_COVPDB"",""SOURCE_RCSB_PDB_DIRECT""]","[""SOURCE_COVPDB:CovPDB_complexes/2p7u/2p7u.pdb#LINK00330"",""SOURCE_RCSB_PDB_DIRECT:2P7U:covale1""]",false,,,[],NOT_APPLICABLE_NOT_YET_PROCESSED,NOT_YET_EXECUTED,PENDING_STRUCTURE_PROCESSING_NOT_YET_RULE_EVALUABLE
320,INCREMENTAL_251_500,MULTI_SOURCE_PROVENANCE,COVAPIE_CYS_SG_EVENT_V1:2P86:A:CYS:25-:SG:B:VS1:C22,2P86,A,,CYS,25,SG,VS1,B,C22,2,2,"[""SOURCE_COVPDB"",""SOURCE_RCSB_PDB_DIRECT""]","[""SOURCE_COVPDB:CovPDB_complexes/2p86/2p86.pdb#LINK00436"",""SOURCE_RCSB_PDB_DIRECT:2P86:covale1""]",false,,,[],NOT_APPLICABLE_NOT_YET_PROCESSED,NOT_YET_EXECUTED,PENDING_STRUCTURE_PROCESSING_NOT_YET_RULE_EVALUABLE
321,INCREMENTAL_251_500,MULTI_SOURCE_PROVENANCE,COVAPIE_CYS_SG_EVENT_V1:2QLQ:A:CYS:345-:SG:C:SR2:C51,2QLQ,A,,CYS,345,SG,SR2,C,C51,3,4,"[""SOURCE_COVBINDERINPDB"",""SOURCE_COVPDB"",""SOURCE_RCSB_PDB_DIRECT""]","[""SOURCE_COVBINDERINPDB:CBR000388"",""SOURCE_COVPDB:CovPDB_complexes/2qlq/2qlq.pdb#LINK00646"",""SOURCE_COVPDB:CovPDB_complexes/2qlq/2qlq.pdb#LINK00647"",""SOURCE_RCSB_PDB_DIRECT:2QLQ:covale2""]",false,,,[],NOT_APPLICABLE_NOT_YET_PROCESSED,NOT_YET_EXECUTED,PENDING_STRUCTURE_PROCESSING_NOT_YET_RULE_EVALUABLE
322,INCREMENTAL_251_500,MULTI_SOURCE_PROVENANCE,COVAPIE_CYS_SG_EVENT_V1:2QLQ:A:CYS:483-:SG:D:SR2:C51,2QLQ,A,,CYS,483,SG,SR2,D,C51,3,3,"[""SOURCE_COVBINDERINPDB"",""SOURCE_COVPDB"",""SOURCE_RCSB_PDB_DIRECT""]","[""SOURCE_COVBINDERINPDB:CBR000390"",""SOURCE_COVPDB:CovPDB_complexes/2qlq/2qlq.pdb#LINK00648"",""SOURCE_RCSB_PDB_DIRECT:2QLQ:covale3""]",false,,,[],NOT_APPLICABLE_NOT_YET_PROCESSED,NOT_YET_EXECUTED,PENDING_STRUCTURE_PROCESSING_NOT_YET_RULE_EVALUABLE
323,INCREMENTAL_251_500,MULTI_SOURCE_PROVENANCE,COVAPIE_CYS_SG_EVENT_V1:2QLQ:B:CYS:345-:SG:E:SR2:C51,2QLQ,B,,CYS,345,SG,SR2,E,C51,3,3,"[""SOURCE_COVBINDERINPDB"",""SOURCE_COVPDB"",""SOURCE_RCSB_PDB_DIRECT""]","[""SOURCE_COVBINDERINPDB:CBR000391"",""SOURCE_COVPDB:CovPDB_complexes/2qlq/2qlq.pdb#LINK00649"",""SOURCE_RCSB_PDB_DIRECT:2QLQ:covale4""]",false,,,[],NOT_APPLICABLE_NOT_YET_PROCESSED,NOT_YET_EXECUTED,PENDING_STRUCTURE_PROCESSING_NOT_YET_RULE_EVALUABLE
324,INCREMENTAL_251_500,MULTI_SOURCE_PROVENANCE,COVAPIE_CYS_SG_EVENT_V1:2QNX:A:CYS:112-:SG:D:MDX:S1,2QNX,A,,CYS,112,SG,MDX,D,S1,2,2,"[""SOURCE_COVBINDERINPDB"",""SOURCE_RCSB_PDB_DIRECT""]","[""SOURCE_COVBINDERINPDB:CBR002764"",""SOURCE_RCSB_PDB_DIRECT:2QNX:covale1""]",false,,,[],NOT_APPLICABLE_NOT_YET_PROCESSED,NOT_YET_EXECUTED,PENDING_STRUCTURE_PROCESSING_NOT_YET_RULE_EVALUABLE
325,INCREMENTAL_251_500,MULTI_SOURCE_PROVENANCE,COVAPIE_CYS_SG_EVENT_V1:2QNX:B:CYS:112-:SG:F:MDX:S1,2QNX,B,,CYS,112,SG,MDX,F,S1,2,2,"[""SOURCE_COVBINDERINPDB"",""SOURCE_RCSB_PDB_DIRECT""]","[""SOURCE_COVBINDERINPDB:CBR002765"",""SOURCE_RCSB_PDB_DIRECT:2QNX:covale2""]",false,,,[],NOT_APPLICABLE_NOT_YET_PROCESSED,NOT_YET_EXECUTED,PENDING_STRUCTURE_PROCESSING_NOT_YET_RULE_EVALUABLE
326,INCREMENTAL_251_500,MULTI_SOURCE_PROVENANCE,COVAPIE_CYS_SG_EVENT_V1:2QNY:A:CYS:112-:SG:C:DFD:C1,2QNY,A,,CYS,112,SG,DFD,C,C1,3,4,"[""SOURCE_COVBINDERINPDB"",""SOURCE_COVPDB"",""SOURCE_RCSB_PDB_DIRECT""]","[""SOURCE_COVBINDERINPDB:CBR002758"",""SOURCE_COVPDB:CovPDB_complexes/2qny/2qny.pdb#LINK00594"",""SOURCE_COVPDB:CovPDB_complexes/2qny/2qny.pdb#LINK00596"",""SOURCE_RCSB_PDB_DIRECT:2QNY:covale3""]",false,,,[],NOT_APPLICABLE_NOT_YET_PROCESSED,NOT_YET_EXECUTED,PENDING_STRUCTURE_PROCESSING_NOT_YET_RULE_EVALUABLE
327,INCREMENTAL_251_500,MULTI_SOURCE_PROVENANCE,COVAPIE_CYS_SG_EVENT_V1:2QNY:A:CYS:154-:SG:E:BME:S2,2QNY,A,,CYS,154,SG,BME,E,S2,2,2,"[""SOURCE_COVPDB"",""SOURCE_RCSB_PDB_DIRECT""]","[""SOURCE_COVPDB:CovPDB_complexes/2qny/2qny.pdb#LINK00597"",""SOURCE_RCSB_PDB_DIRECT:2QNY:covale4""]",false,,,[],NOT_APPLICABLE_NOT_YET_PROCESSED,NOT_YET_EXECUTED,PENDING_STRUCTURE_PROCESSING_NOT_YET_RULE_EVALUABLE
328,INCREMENTAL_251_500,MULTI_SOURCE_PROVENANCE,COVAPIE_CYS_SG_EVENT_V1:2QNY:A:CYS:23-:SG:D:BME:S2,2QNY,A,,CYS,23,SG,BME,D,S2,2,2,"[""SOURCE_COVPDB"",""SOURCE_RCSB_PDB_DIRECT""]","[""SOURCE_COVPDB:CovPDB_complexes/2qny/2qny.pdb#LINK00598"",""SOURCE_RCSB_PDB_DIRECT:2QNY:covale1""]",false,,,[],NOT_APPLICABLE_NOT_YET_PROCESSED,NOT_YET_EXECUTED,PENDING_STRUCTURE_PROCESSING_NOT_YET_RULE_EVALUABLE
329,INCREMENTAL_251_500,MULTI_SOURCE_PROVENANCE,COVAPIE_CYS_SG_EVENT_V1:2QNY:B:CYS:112-:SG:F:DFD:C1,2QNY,B,,CYS,112,SG,DFD,F,C1,3,4,"[""SOURCE_COVBINDERINPDB"",""SOURCE_COVPDB"",""SOURCE_RCSB_PDB_DIRECT""]","[""SOURCE_COVBINDERINPDB:CBR002757"",""SOURCE_COVPDB:CovPDB_complexes/2qny/2qny.pdb#LINK00593"",""SOURCE_COVPDB:CovPDB_complexes/2qny/2qny.pdb#LINK00595"",""SOURCE_RCSB_PDB_DIRECT:2QNY:covale7""]",false,,,[],NOT_APPLICABLE_NOT_YET_PROCESSED,NOT_YET_EXECUTED,PENDING_STRUCTURE_PROCESSING_NOT_YET_RULE_EVALUABLE
330,INCREMENTAL_251_500,MULTI_SOURCE_PROVENANCE,COVAPIE_CYS_SG_EVENT_V1:2QNY:B:CYS:23-:SG:G:BME:S2,2QNY,B,,CYS,23,SG,BME,G,S2,2,2,"[""SOURCE_COVPDB"",""SOURCE_RCSB_PDB_DIRECT""]","[""SOURCE_COVPDB:CovPDB_complexes/2qny/2qny.pdb#LINK00599"",""SOURCE_RCSB_PDB_DIRECT:2QNY:covale5""]",false,,,[],NOT_APPLICABLE_NOT_YET_PROCESSED,NOT_YET_EXECUTED,PENDING_STRUCTURE_PROCESSING_NOT_YET_RULE_EVALUABLE
331,INCREMENTAL_251_500,MULTI_SOURCE_PROVENANCE,COVAPIE_CYS_SG_EVENT_V1:2QNZ:A:CYS:112-:SG:C:DFD:C1,2QNZ,A,,CYS,112,SG,DFD,C,C1,3,4,"[""SOURCE_COVBINDERINPDB"",""SOURCE_COVPDB"",""SOURCE_RCSB_PDB_DIRECT""]","[""SOURCE_COVBINDERINPDB:CBR002770"",""SOURCE_COVPDB:CovPDB_complexes/2qnz/2qnz.pdb#LINK00530"",""SOURCE_COVPDB:CovPDB_complexes/2qnz/2qnz.pdb#LINK00531"",""SOURCE_RCSB_PDB_DIRECT:2QNZ:covale2""]",false,,,[],NOT_APPLICABLE_NOT_YET_PROCESSED,NOT_YET_EXECUTED,PENDING_STRUCTURE_PROCESSING_NOT_YET_RULE_EVALUABLE
332,INCREMENTAL_251_500,MULTI_SOURCE_PROVENANCE,COVAPIE_CYS_SG_EVENT_V1:2QNZ:A:CYS:154-:SG:D:BME:S2,2QNZ,A,,CYS,154,SG,BME,D,S2,2,2,"[""SOURCE_COVPDB"",""SOURCE_RCSB_PDB_DIRECT""]","[""SOURCE_COVPDB:CovPDB_complexes/2qnz/2qnz.pdb#LINK00534"",""SOURCE_RCSB_PDB_DIRECT:2QNZ:covale3""]",false,,,[],NOT_APPLICABLE_NOT_YET_PROCESSED,NOT_YET_EXECUTED,PENDING_STRUCTURE_PROCESSING_NOT_YET_RULE_EVALUABLE
333,INCREMENTAL_251_500,MULTI_SOURCE_PROVENANCE,COVAPIE_CYS_SG_EVENT_V1:2QNZ:B:CYS:112-:SG:E:DFD:C1,2QNZ,B,,CYS,112,SG,DFD,E,C1,3,4,"[""SOURCE_COVBINDERINPDB"",""SOURCE_COVPDB"",""SOURCE_RCSB_PDB_DIRECT""]","[""SOURCE_COVBINDERINPDB:CBR002772"",""SOURCE_COVPDB:CovPDB_complexes/2qnz/2qnz.pdb#LINK00532"",""SOURCE_COVPDB:CovPDB_complexes/2qnz/2qnz.pdb#LINK00533"",""SOURCE_RCSB_PDB_DIRECT:2QNZ:covale5""]",false,,,[],NOT_APPLICABLE_NOT_YET_PROCESSED,NOT_YET_EXECUTED,PENDING_STRUCTURE_PROCESSING_NOT_YET_RULE_EVALUABLE
334,INCREMENTAL_251_500,MULTI_SOURCE_PROVENANCE,COVAPIE_CYS_SG_EVENT_V1:2QNZ:B:CYS:154-:SG:F:BME:S2,2QNZ,B,,CYS,154,SG,BME,F,S2,2,2,"[""SOURCE_COVPDB"",""SOURCE_RCSB_PDB_DIRECT""]","[""SOURCE_COVPDB:CovPDB_complexes/2qnz/2qnz.pdb#LINK00535"",""SOURCE_RCSB_PDB_DIRECT:2QNZ:covale6""]",false,,,[],NOT_APPLICABLE_NOT_YET_PROCESSED,NOT_YET_EXECUTED,PENDING_STRUCTURE_PROCESSING_NOT_YET_RULE_EVALUABLE
335,INCREMENTAL_251_500,MULTI_SOURCE_PROVENANCE,COVAPIE_CYS_SG_EVENT_V1:2QO0:A:CYS:112-:SG:C:D1T:S1,2QO0,A,,CYS,112,SG,D1T,C,S1,2,2,"[""SOURCE_COVPDB"",""SOURCE_RCSB_PDB_DIRECT""]","[""SOURCE_COVPDB:CovPDB_complexes/2qo0/2qo0.pdb#LINK00535"",""SOURCE_RCSB_PDB_DIRECT:2QO0:covale1""]",false,,,[],NOT_APPLICABLE_NOT_YET_PROCESSED,NOT_YET_EXECUTED,PENDING_STRUCTURE_PROCESSING_NOT_YET_RULE_EVALUABLE
336,INCREMENTAL_251_500,MULTI_SOURCE_PROVENANCE,COVAPIE_CYS_SG_EVENT_V1:2QO0:B:CYS:112-:SG:D:D1T:S1,2QO0,B,,CYS,112,SG,D1T,D,S1,2,2,"[""SOURCE_COVPDB"",""SOURCE_RCSB_PDB_DIRECT""]","[""SOURCE_COVPDB:CovPDB_complexes/2qo0/2qo0.pdb#LINK00536"",""SOURCE_RCSB_PDB_DIRECT:2QO0:covale2""]",false,,,[],NOT_APPLICABLE_NOT_YET_PROCESSED,NOT_YET_EXECUTED,PENDING_STRUCTURE_PROCESSING_NOT_YET_RULE_EVALUABLE
337,INCREMENTAL_251_500,MULTI_SOURCE_PROVENANCE,COVAPIE_CYS_SG_EVENT_V1:2QQ7:A:CYS:345-:SG:C:SR2:C51,2QQ7,A,,CYS,345,SG,SR2,C,C51,3,3,"[""SOURCE_COVBINDERINPDB"",""SOURCE_COVPDB"",""SOURCE_RCSB_PDB_DIRECT""]","[""SOURCE_COVBINDERINPDB:CBR000300"",""SOURCE_COVPDB:CovPDB_complexes/2qq7/2qq7.pdb#LINK00567"",""SOURCE_RCSB_PDB_DIRECT:2QQ7:covale1""]",false,,,[],NOT_APPLICABLE_NOT_YET_PROCESSED,NOT_YET_EXECUTED,PENDING_STRUCTURE_PROCESSING_NOT_YET_RULE_EVALUABLE
338,INCREMENTAL_251_500,MULTI_SOURCE_PROVENANCE,COVAPIE_CYS_SG_EVENT_V1:2QQ7:B:CYS:345-:SG:D:SR2:C51,2QQ7,B,,CYS,345,SG,SR2,D,C51,3,3,"[""SOURCE_COVBINDERINPDB"",""SOURCE_COVPDB"",""SOURCE_RCSB_PDB_DIRECT""]","[""SOURCE_COVBINDERINPDB:CBR000301"",""SOURCE_COVPDB:CovPDB_complexes/2qq7/2qq7.pdb#LINK00568"",""SOURCE_RCSB_PDB_DIRECT:2QQ7:covale2""]",false,,,[],NOT_APPLICABLE_NOT_YET_PROCESSED,NOT_YET_EXECUTED,PENDING_STRUCTURE_PROCESSING_NOT_YET_RULE_EVALUABLE
339,INCREMENTAL_251_500,MULTI_SOURCE_PROVENANCE,COVAPIE_CYS_SG_EVENT_V1:2QX1:A:CYS:112-:SG:D:D1T:S1,2QX1,A,,CYS,112,SG,D1T,D,S1,2,2,"[""SOURCE_COVBINDERINPDB"",""SOURCE_RCSB_PDB_DIRECT""]","[""SOURCE_COVBINDERINPDB:CBR002571"",""SOURCE_RCSB_PDB_DIRECT:2QX1:covale1""]",false,,,[],NOT_APPLICABLE_NOT_YET_PROCESSED,NOT_YET_EXECUTED,PENDING_STRUCTURE_PROCESSING_NOT_YET_RULE_EVALUABLE
340,INCREMENTAL_251_500,MULTI_SOURCE_PROVENANCE,COVAPIE_CYS_SG_EVENT_V1:2QX1:B:CYS:112-:SG:E:D1T:S1,2QX1,B,,CYS,112,SG,D1T,E,S1,2,2,"[""SOURCE_COVBINDERINPDB"",""SOURCE_RCSB_PDB_DIRECT""]","[""SOURCE_COVBINDERINPDB:CBR002572"",""SOURCE_RCSB_PDB_DIRECT:2QX1:covale2""]",false,,,[],NOT_APPLICABLE_NOT_YET_PROCESSED,NOT_YET_EXECUTED,PENDING_STRUCTURE_PROCESSING_NOT_YET_RULE_EVALUABLE
341,INCREMENTAL_251_500,MULTI_SOURCE_PROVENANCE,COVAPIE_CYS_SG_EVENT_V1:2R6N:A:CYS:25-:SG:B:CKE:C09,2R6N,A,,CYS,25,SG,CKE,B,C09,2,2,"[""SOURCE_COVPDB"",""SOURCE_RCSB_PDB_DIRECT""]","[""SOURCE_COVPDB:CovPDB_complexes/2r6n/2r6n.pdb#LINK00366"",""SOURCE_RCSB_PDB_DIRECT:2R6N:covale1""]",false,,,[],NOT_APPLICABLE_NOT_YET_PROCESSED,NOT_YET_EXECUTED,PENDING_STRUCTURE_PROCESSING_NOT_YET_RULE_EVALUABLE
342,INCREMENTAL_251_500,MULTI_SOURCE_PROVENANCE,COVAPIE_CYS_SG_EVENT_V1:2RL2:A:CYS:117-:SG:E:GG6:C2,2RL2,A,,CYS,117,SG,GG6,E,C2,2,2,"[""SOURCE_COVPDB"",""SOURCE_RCSB_PDB_DIRECT""]","[""SOURCE_COVPDB:CovPDB_complexes/2rl2/2rl2.pdb#LINK00442"",""SOURCE_RCSB_PDB_DIRECT:2RL2:covale1""]",false,,,[],NOT_APPLICABLE_NOT_YET_PROCESSED,NOT_YET_EXECUTED,PENDING_STRUCTURE_PROCESSING_NOT_YET_RULE_EVALUABLE
343,INCREMENTAL_251_500,MULTI_SOURCE_PROVENANCE,COVAPIE_CYS_SG_EVENT_V1:2TOD:A:CYS:360-:SG:E:DMO:CO,2TOD,A,,CYS,360,SG,DMO,E,CO,2,2,"[""SOURCE_COVPDB"",""SOURCE_RCSB_PDB_DIRECT""]","[""SOURCE_COVPDB:CovPDB_complexes/2tod/2tod.pdb#LINK01159"",""SOURCE_RCSB_PDB_DIRECT:2TOD:covale1""]",false,,,[],NOT_APPLICABLE_NOT_YET_PROCESSED,NOT_YET_EXECUTED,PENDING_STRUCTURE_PROCESSING_NOT_YET_RULE_EVALUABLE
344,INCREMENTAL_251_500,MULTI_SOURCE_PROVENANCE,COVAPIE_CYS_SG_EVENT_V1:2TOD:B:CYS:360-:SG:H:DMO:CO,2TOD,B,,CYS,360,SG,DMO,H,CO,2,2,"[""SOURCE_COVPDB"",""SOURCE_RCSB_PDB_DIRECT""]","[""SOURCE_COVPDB:CovPDB_complexes/2tod/2tod.pdb#LINK01161"",""SOURCE_RCSB_PDB_DIRECT:2TOD:covale4""]",false,,,[],NOT_APPLICABLE_NOT_YET_PROCESSED,NOT_YET_EXECUTED,PENDING_STRUCTURE_PROCESSING_NOT_YET_RULE_EVALUABLE
345,INCREMENTAL_251_500,MULTI_SOURCE_PROVENANCE,COVAPIE_CYS_SG_EVENT_V1:2TOD:C:CYS:360-:SG:I:DMO:CO,2TOD,C,,CYS,360,SG,DMO,I,CO,2,2,"[""SOURCE_COVPDB"",""SOURCE_RCSB_PDB_DIRECT""]","[""SOURCE_COVPDB:CovPDB_complexes/2tod/2tod.pdb#LINK01163"",""SOURCE_RCSB_PDB_DIRECT:2TOD:covale5""]",false,,,[],NOT_APPLICABLE_NOT_YET_PROCESSED,NOT_YET_EXECUTED,PENDING_STRUCTURE_PROCESSING_NOT_YET_RULE_EVALUABLE
346,INCREMENTAL_251_500,MULTI_SOURCE_PROVENANCE,COVAPIE_CYS_SG_EVENT_V1:2TOD:D:CYS:360-:SG:L:DMO:CO,2TOD,D,,CYS,360,SG,DMO,L,CO,2,2,"[""SOURCE_COVPDB"",""SOURCE_RCSB_PDB_DIRECT""]","[""SOURCE_COVPDB:CovPDB_complexes/2tod/2tod.pdb#LINK01165"",""SOURCE_RCSB_PDB_DIRECT:2TOD:covale8""]",false,,,[],NOT_APPLICABLE_NOT_YET_PROCESSED,NOT_YET_EXECUTED,PENDING_STRUCTURE_PROCESSING_NOT_YET_RULE_EVALUABLE
347,INCREMENTAL_251_500,MULTI_SOURCE_PROVENANCE,COVAPIE_CYS_SG_EVENT_V1:2UZJ:A:CYS:47-:SG:C:E64:C2,2UZJ,A,,CYS,47,SG,E64,C,C2,3,3,"[""SOURCE_COVBINDERINPDB"",""SOURCE_COVPDB"",""SOURCE_RCSB_PDB_DIRECT""]","[""SOURCE_COVBINDERINPDB:CBR001450"",""SOURCE_COVPDB:CovPDB_complexes/2uzj/2uzj.pdb#LINK00425"",""SOURCE_RCSB_PDB_DIRECT:2UZJ:covale1""]",false,,,[],NOT_APPLICABLE_NOT_YET_PROCESSED,NOT_YET_EXECUTED,PENDING_STRUCTURE_PROCESSING_NOT_YET_RULE_EVALUABLE
348,INCREMENTAL_251_500,MULTI_SOURCE_PROVENANCE,COVAPIE_CYS_SG_EVENT_V1:2UZJ:B:CYS:47-:SG:D:E64:C2,2UZJ,B,,CYS,47,SG,E64,D,C2,3,3,"[""SOURCE_COVBINDERINPDB"",""SOURCE_COVPDB"",""SOURCE_RCSB_PDB_DIRECT""]","[""SOURCE_COVBINDERINPDB:CBR001451"",""SOURCE_COVPDB:CovPDB_complexes/2uzj/2uzj.pdb#LINK00426"",""SOURCE_RCSB_PDB_DIRECT:2UZJ:covale2""]",false,,,[],NOT_APPLICABLE_NOT_YET_PROCESSED,NOT_YET_EXECUTED,PENDING_STRUCTURE_PROCESSING_NOT_YET_RULE_EVALUABLE
349,INCREMENTAL_251_500,MULTI_SOURCE_PROVENANCE,COVAPIE_CYS_SG_EVENT_V1:2V6N:A:CYS:145-:SG:B:XP1:CAC,2V6N,A,,CYS,145,SG,XP1,B,CAC,3,3,"[""SOURCE_COVBINDERINPDB"",""SOURCE_COVPDB"",""SOURCE_RCSB_PDB_DIRECT""]","[""SOURCE_COVBINDERINPDB:CBR004807"",""SOURCE_COVPDB:CovPDB_complexes/2v6n/2v6n.pdb#LINK00559"",""SOURCE_RCSB_PDB_DIRECT:2V6N:covale1""]",false,,,[],NOT_APPLICABLE_NOT_YET_PROCESSED,NOT_YET_EXECUTED,PENDING_STRUCTURE_PROCESSING_NOT_YET_RULE_EVALUABLE
350,INCREMENTAL_251_500,MULTI_SOURCE_PROVENANCE,COVAPIE_CYS_SG_EVENT_V1:2VJY:A:CYS:221-:SG:H:ALK:C2,2VJY,A,,CYS,221,SG,ALK,H,C2,2,2,"[""SOURCE_COVBINDERINPDB"",""SOURCE_RCSB_PDB_DIRECT""]","[""SOURCE_COVBINDERINPDB:CBR000415"",""SOURCE_RCSB_PDB_DIRECT:2VJY:covale1""]",false,,,[],NOT_APPLICABLE_NOT_YET_PROCESSED,NOT_YET_EXECUTED,PENDING_STRUCTURE_PROCESSING_NOT_YET_RULE_EVALUABLE
351,INCREMENTAL_251_500,MULTI_SOURCE_PROVENANCE,COVAPIE_CYS_SG_EVENT_V1:2VJY:B:CYS:221-:SG:M:ALK:C2,2VJY,B,,CYS,221,SG,ALK,M,C2,2,2,"[""SOURCE_COVBINDERINPDB"",""SOURCE_RCSB_PDB_DIRECT""]","[""SOURCE_COVBINDERINPDB:CBR000416"",""SOURCE_RCSB_PDB_DIRECT:2VJY:covale2""]",false,,,[],NOT_APPLICABLE_NOT_YET_PROCESSED,NOT_YET_EXECUTED,PENDING_STRUCTURE_PROCESSING_NOT_YET_RULE_EVALUABLE
352,INCREMENTAL_251_500,MULTI_SOURCE_PROVENANCE,COVAPIE_CYS_SG_EVENT_V1:2VJY:C:CYS:221-:SG:R:ALK:C2,2VJY,C,,CYS,221,SG,ALK,R,C2,2,2,"[""SOURCE_COVBINDERINPDB"",""SOURCE_RCSB_PDB_DIRECT""]","[""SOURCE_COVBINDERINPDB:CBR000417"",""SOURCE_RCSB_PDB_DIRECT:2VJY:covale3""]",false,,,[],NOT_APPLICABLE_NOT_YET_PROCESSED,NOT_YET_EXECUTED,PENDING_STRUCTURE_PROCESSING_NOT_YET_RULE_EVALUABLE
353,INCREMENTAL_251_500,MULTI_SOURCE_PROVENANCE,COVAPIE_CYS_SG_EVENT_V1:2VJY:D:CYS:221-:SG:W:ALK:C2,2VJY,D,,CYS,221,SG,ALK,W,C2,2,2,"[""SOURCE_COVBINDERINPDB"",""SOURCE_RCSB_PDB_DIRECT""]","[""SOURCE_COVBINDERINPDB:CBR000418"",""SOURCE_RCSB_PDB_DIRECT:2VJY:covale4""]",false,,,[],NOT_APPLICABLE_NOT_YET_PROCESSED,NOT_YET_EXECUTED,PENDING_STRUCTURE_PROCESSING_NOT_YET_RULE_EVALUABLE
354,INCREMENTAL_251_500,MULTI_SOURCE_PROVENANCE,COVAPIE_CYS_SG_EVENT_V1:2VV4:A:CYS:285-:SG:C:6OC:C8,2VV4,A,,CYS,285,SG,6OC,C,C8,2,2,"[""SOURCE_COVPDB"",""SOURCE_RCSB_PDB_DIRECT""]","[""SOURCE_COVPDB:CovPDB_complexes/2vv4/2vv4.pdb#LINK00553"",""SOURCE_RCSB_PDB_DIRECT:2VV4:covale1""]",false,,,[],NOT_APPLICABLE_NOT_YET_PROCESSED,NOT_YET_EXECUTED,PENDING_STRUCTURE_PROCESSING_NOT_YET_RULE_EVALUABLE
355,INCREMENTAL_251_500,MULTI_SOURCE_PROVENANCE,COVAPIE_CYS_SG_EVENT_V1:2VV4:B:CYS:285-:SG:D:6OB:C10,2VV4,B,,CYS,285,SG,6OB,D,C10,2,2,"[""SOURCE_COVPDB"",""SOURCE_RCSB_PDB_DIRECT""]","[""SOURCE_COVPDB:CovPDB_complexes/2vv4/2vv4.pdb#LINK00554"",""SOURCE_RCSB_PDB_DIRECT:2VV4:covale2""]",false,,,[],NOT_APPLICABLE_NOT_YET_PROCESSED,NOT_YET_EXECUTED,PENDING_STRUCTURE_PROCESSING_NOT_YET_RULE_EVALUABLE
356,INCREMENTAL_251_500,MULTI_SOURCE_PROVENANCE,COVAPIE_CYS_SG_EVENT_V1:2W93:B:CYS:221-:SG:L:PY0:C2,2W93,B,,CYS,221,SG,PY0,L,C2,2,2,"[""SOURCE_COVBINDERINPDB"",""SOURCE_RCSB_PDB_DIRECT""]","[""SOURCE_COVBINDERINPDB:CBR001110"",""SOURCE_RCSB_PDB_DIRECT:2W93:covale1""]",false,,,[],NOT_APPLICABLE_NOT_YET_PROCESSED,NOT_YET_EXECUTED,PENDING_STRUCTURE_PROCESSING_NOT_YET_RULE_EVALUABLE
357,INCREMENTAL_251_500,MULTI_SOURCE_PROVENANCE,COVAPIE_CYS_SG_EVENT_V1:2W93:C:CYS:221-:SG:P:PY0:C2,2W93,C,,CYS,221,SG,PY0,P,C2,2,2,"[""SOURCE_COVBINDERINPDB"",""SOURCE_RCSB_PDB_DIRECT""]","[""SOURCE_COVBINDERINPDB:CBR001111"",""SOURCE_RCSB_PDB_DIRECT:2W93:covale2""]",false,,,[],NOT_APPLICABLE_NOT_YET_PROCESSED,NOT_YET_EXECUTED,PENDING_STRUCTURE_PROCESSING_NOT_YET_RULE_EVALUABLE
358,INCREMENTAL_251_500,MULTI_SOURCE_PROVENANCE,COVAPIE_CYS_SG_EVENT_V1:2W93:D:CYS:221-:SG:T:PY0:C2,2W93,D,,CYS,221,SG,PY0,T,C2,2,2,"[""SOURCE_COVBINDERINPDB"",""SOURCE_RCSB_PDB_DIRECT""]","[""SOURCE_COVBINDERINPDB:CBR001112"",""SOURCE_RCSB_PDB_DIRECT:2W93:covale3""]",false,,,[],NOT_APPLICABLE_NOT_YET_PROCESSED,NOT_YET_EXECUTED,PENDING_STRUCTURE_PROCESSING_NOT_YET_RULE_EVALUABLE
359,INCREMENTAL_251_500,MULTI_SOURCE_PROVENANCE,COVAPIE_CYS_SG_EVENT_V1:2WVP:A:CYS:209-:SG:B:420:C1,2WVP,A,,CYS,209,SG,420,B,C1,2,2,"[""SOURCE_COVBINDERINPDB"",""SOURCE_RCSB_PDB_DIRECT""]","[""SOURCE_COVBINDERINPDB:CBR004713"",""SOURCE_RCSB_PDB_DIRECT:2WVP:covale2""]",false,,,[],NOT_APPLICABLE_NOT_YET_PROCESSED,NOT_YET_EXECUTED,PENDING_STRUCTURE_PROCESSING_NOT_YET_RULE_EVALUABLE
360,INCREMENTAL_251_500,MULTI_SOURCE_PROVENANCE,COVAPIE_CYS_SG_EVENT_V1:2XLQ:A:CYS:215-:SG:E:34H:C2,2XLQ,A,,CYS,215,SG,34H,E,C2,3,3,"[""SOURCE_COVBINDERINPDB"",""SOURCE_COVPDB"",""SOURCE_RCSB_PDB_DIRECT""]","[""SOURCE_COVBINDERINPDB:CBR001029"",""SOURCE_COVPDB:CovPDB_complexes/2xlq/2xlq.pdb#LINK00517"",""SOURCE_RCSB_PDB_DIRECT:2XLQ:covale1""]",false,,,[],NOT_APPLICABLE_NOT_YET_PROCESSED,NOT_YET_EXECUTED,PENDING_STRUCTURE_PROCESSING_NOT_YET_RULE_EVALUABLE
361,INCREMENTAL_251_500,MULTI_SOURCE_PROVENANCE,COVAPIE_CYS_SG_EVENT_V1:2XM7:A:CYS:215-:SG:B:34H:C2,2XM7,A,,CYS,215,SG,34H,B,C2,2,2,"[""SOURCE_COVPDB"",""SOURCE_RCSB_PDB_DIRECT""]","[""SOURCE_COVPDB:CovPDB_complexes/2xm7/2xm7.pdb#LINK00544"",""SOURCE_RCSB_PDB_DIRECT:2XM7:covale1""]",false,,,[],NOT_APPLICABLE_NOT_YET_PROCESSED,NOT_YET_EXECUTED,PENDING_STRUCTURE_PROCESSING_NOT_YET_RULE_EVALUABLE
362,INCREMENTAL_251_500,MULTI_SOURCE_PROVENANCE,COVAPIE_CYS_SG_EVENT_V1:2XU1:A:CYS:25-:SG:E:424:C15,2XU1,A,,CYS,25,SG,424,E,C15,2,2,"[""SOURCE_COVPDB"",""SOURCE_RCSB_PDB_DIRECT""]","[""SOURCE_COVPDB:CovPDB_complexes/2xu1/2xu1.pdb#LINK00618"",""SOURCE_RCSB_PDB_DIRECT:2XU1:covale1""]",false,,,[],NOT_APPLICABLE_NOT_YET_PROCESSED,NOT_YET_EXECUTED,PENDING_STRUCTURE_PROCESSING_NOT_YET_RULE_EVALUABLE
363,INCREMENTAL_251_500,MULTI_SOURCE_PROVENANCE,COVAPIE_CYS_SG_EVENT_V1:2XU1:B:CYS:25-:SG:F:424:C15,2XU1,B,,CYS,25,SG,424,F,C15,2,2,"[""SOURCE_COVPDB"",""SOURCE_RCSB_PDB_DIRECT""]","[""SOURCE_COVPDB:CovPDB_complexes/2xu1/2xu1.pdb#LINK00619"",""SOURCE_RCSB_PDB_DIRECT:2XU1:covale2""]",false,,,[],NOT_APPLICABLE_NOT_YET_PROCESSED,NOT_YET_EXECUTED,PENDING_STRUCTURE_PROCESSING_NOT_YET_RULE_EVALUABLE
364,INCREMENTAL_251_500,MULTI_SOURCE_PROVENANCE,COVAPIE_CYS_SG_EVENT_V1:2XU1:C:CYS:25-:SG:G:424:C15,2XU1,C,,CYS,25,SG,424,G,C15,2,2,"[""SOURCE_COVPDB"",""SOURCE_RCSB_PDB_DIRECT""]","[""SOURCE_COVPDB:CovPDB_complexes/2xu1/2xu1.pdb#LINK00620"",""SOURCE_RCSB_PDB_DIRECT:2XU1:covale3""]",false,,,[],NOT_APPLICABLE_NOT_YET_PROCESSED,NOT_YET_EXECUTED,PENDING_STRUCTURE_PROCESSING_NOT_YET_RULE_EVALUABLE
365,INCREMENTAL_251_500,MULTI_SOURCE_PROVENANCE,COVAPIE_CYS_SG_EVENT_V1:2XU1:D:CYS:25-:SG:H:424:C15,2XU1,D,,CYS,25,SG,424,H,C15,2,2,"[""SOURCE_COVPDB"",""SOURCE_RCSB_PDB_DIRECT""]","[""SOURCE_COVPDB:CovPDB_complexes/2xu1/2xu1.pdb#LINK00621"",""SOURCE_RCSB_PDB_DIRECT:2XU1:covale4""]",false,,,[],NOT_APPLICABLE_NOT_YET_PROCESSED,NOT_YET_EXECUTED,PENDING_STRUCTURE_PROCESSING_NOT_YET_RULE_EVALUABLE
366,INCREMENTAL_251_500,MULTI_SOURCE_PROVENANCE,COVAPIE_CYS_SG_EVENT_V1:2XU3:A:CYS:25-:SG:B:XU3:C19,2XU3,A,,CYS,25,SG,XU3,B,C19,2,3,"[""SOURCE_COVPDB"",""SOURCE_RCSB_PDB_DIRECT""]","[""SOURCE_COVPDB:CovPDB_complexes/2xu3/2xu3.pdb#LINK00393"",""SOURCE_COVPDB:CovPDB_complexes/2xu3/2xu3.pdb#LINK00394"",""SOURCE_RCSB_PDB_DIRECT:2XU3:covale2""]",false,,,[],NOT_APPLICABLE_NOT_YET_PROCESSED,NOT_YET_EXECUTED,PENDING_STRUCTURE_PROCESSING_NOT_YET_RULE_EVALUABLE
367,INCREMENTAL_251_500,MULTI_SOURCE_PROVENANCE,COVAPIE_CYS_SG_EVENT_V1:2XU4:A:CYS:25-:SG:B:DJT:C5,2XU4,A,,CYS,25,SG,DJT,B,C5,2,2,"[""SOURCE_COVPDB"",""SOURCE_RCSB_PDB_DIRECT""]","[""SOURCE_COVPDB:CovPDB_complexes/2xu4/2xu4.pdb#LINK00398"",""SOURCE_RCSB_PDB_DIRECT:2XU4:covale1""]",false,,,[],NOT_APPLICABLE_NOT_YET_PROCESSED,NOT_YET_EXECUTED,PENDING_STRUCTURE_PROCESSING_NOT_YET_RULE_EVALUABLE
368,INCREMENTAL_251_500,MULTI_SOURCE_PROVENANCE,COVAPIE_CYS_SG_EVENT_V1:2XU5:A:CYS:25-:SG:B:XU5:C5,2XU5,A,,CYS,25,SG,XU5,B,C5,2,2,"[""SOURCE_COVPDB"",""SOURCE_RCSB_PDB_DIRECT""]","[""SOURCE_COVPDB:CovPDB_complexes/2xu5/2xu5.pdb#LINK00388"",""SOURCE_RCSB_PDB_DIRECT:2XU5:covale1""]",false,,,[],NOT_APPLICABLE_NOT_YET_PROCESSED,NOT_YET_EXECUTED,PENDING_STRUCTURE_PROCESSING_NOT_YET_RULE_EVALUABLE
369,INCREMENTAL_251_500,MULTI_SOURCE_PROVENANCE,COVAPIE_CYS_SG_EVENT_V1:2XYG:A:CYS:163-:SG:C:TQ8:C22,2XYG,A,,CYS,163,SG,TQ8,C,C22,3,3,"[""SOURCE_COVBINDERINPDB"",""SOURCE_COVPDB"",""SOURCE_RCSB_PDB_DIRECT""]","[""SOURCE_COVBINDERINPDB:CBR003762"",""SOURCE_COVPDB:CovPDB_complexes/2xyg/2xyg.pdb#LINK00495"",""SOURCE_RCSB_PDB_DIRECT:2XYG:covale1""]",false,,,[],NOT_APPLICABLE_NOT_YET_PROCESSED,NOT_YET_EXECUTED,PENDING_STRUCTURE_PROCESSING_NOT_YET_RULE_EVALUABLE
370,INCREMENTAL_251_500,MULTI_SOURCE_PROVENANCE,COVAPIE_CYS_SG_EVENT_V1:2XYH:A:CYS:163-:SG:C:TQ9:C91,2XYH,A,,CYS,163,SG,TQ9,C,C91,3,3,"[""SOURCE_COVBINDERINPDB"",""SOURCE_COVPDB"",""SOURCE_RCSB_PDB_DIRECT""]","[""SOURCE_COVBINDERINPDB:CBR003757"",""SOURCE_COVPDB:CovPDB_complexes/2xyh/2xyh.pdb#LINK00475"",""SOURCE_RCSB_PDB_DIRECT:2XYH:covale1""]",false,,,[],NOT_APPLICABLE_NOT_YET_PROCESSED,NOT_YET_EXECUTED,PENDING_STRUCTURE_PROCESSING_NOT_YET_RULE_EVALUABLE
371,INCREMENTAL_251_500,MULTI_SOURCE_PROVENANCE,COVAPIE_CYS_SG_EVENT_V1:2XZ6:A:CYS:53-:SG:K:ETM:SD,2XZ6,A,,CYS,53,SG,ETM,K,SD,2,2,"[""SOURCE_COVBINDERINPDB"",""SOURCE_RCSB_PDB_DIRECT""]","[""SOURCE_COVBINDERINPDB:CBR001431"",""SOURCE_RCSB_PDB_DIRECT:2XZ6:covale1""]",false,,,[],NOT_APPLICABLE_NOT_YET_PROCESSED,NOT_YET_EXECUTED,PENDING_STRUCTURE_PROCESSING_NOT_YET_RULE_EVALUABLE
372,INCREMENTAL_251_500,MULTI_SOURCE_PROVENANCE,COVAPIE_CYS_SG_EVENT_V1:2XZ6:B:CYS:53-:SG:L:ETM:SD,2XZ6,B,,CYS,53,SG,ETM,L,SD,2,2,"[""SOURCE_COVBINDERINPDB"",""SOURCE_RCSB_PDB_DIRECT""]","[""SOURCE_COVBINDERINPDB:CBR001432"",""SOURCE_RCSB_PDB_DIRECT:2XZ6:covale2""]",false,,,[],NOT_APPLICABLE_NOT_YET_PROCESSED,NOT_YET_EXECUTED,PENDING_STRUCTURE_PROCESSING_NOT_YET_RULE_EVALUABLE
373,INCREMENTAL_251_500,MULTI_SOURCE_PROVENANCE,COVAPIE_CYS_SG_EVENT_V1:2XZ6:C:CYS:53-:SG:M:ETM:SD,2XZ6,C,,CYS,53,SG,ETM,M,SD,2,2,"[""SOURCE_COVBINDERINPDB"",""SOURCE_RCSB_PDB_DIRECT""]","[""SOURCE_COVBINDERINPDB:CBR001433"",""SOURCE_RCSB_PDB_DIRECT:2XZ6:covale3""]",false,,,[],NOT_APPLICABLE_NOT_YET_PROCESSED,NOT_YET_EXECUTED,PENDING_STRUCTURE_PROCESSING_NOT_YET_RULE_EVALUABLE
374,INCREMENTAL_251_500,MULTI_SOURCE_PROVENANCE,COVAPIE_CYS_SG_EVENT_V1:2XZ6:D:CYS:53-:SG:N:ETM:SD,2XZ6,D,,CYS,53,SG,ETM,N,SD,2,2,"[""SOURCE_COVBINDERINPDB"",""SOURCE_RCSB_PDB_DIRECT""]","[""SOURCE_COVBINDERINPDB:CBR001434"",""SOURCE_RCSB_PDB_DIRECT:2XZ6:covale4""]",false,,,[],NOT_APPLICABLE_NOT_YET_PROCESSED,NOT_YET_EXECUTED,PENDING_STRUCTURE_PROCESSING_NOT_YET_RULE_EVALUABLE
375,INCREMENTAL_251_500,MULTI_SOURCE_PROVENANCE,COVAPIE_CYS_SG_EVENT_V1:2XZ6:E:CYS:53-:SG:O:ETM:SD,2XZ6,E,,CYS,53,SG,ETM,O,SD,2,2,"[""SOURCE_COVBINDERINPDB"",""SOURCE_RCSB_PDB_DIRECT""]","[""SOURCE_COVBINDERINPDB:CBR001435"",""SOURCE_RCSB_PDB_DIRECT:2XZ6:covale5""]",false,,,[],NOT_APPLICABLE_NOT_YET_PROCESSED,NOT_YET_EXECUTED,PENDING_STRUCTURE_PROCESSING_NOT_YET_RULE_EVALUABLE
376,INCREMENTAL_251_500,MULTI_SOURCE_PROVENANCE,COVAPIE_CYS_SG_EVENT_V1:2XZ6:F:CYS:53-:SG:P:ETM:SD,2XZ6,F,,CYS,53,SG,ETM,P,SD,2,2,"[""SOURCE_COVBINDERINPDB"",""SOURCE_RCSB_PDB_DIRECT""]","[""SOURCE_COVBINDERINPDB:CBR001436"",""SOURCE_RCSB_PDB_DIRECT:2XZ6:covale6""]",false,,,[],NOT_APPLICABLE_NOT_YET_PROCESSED,NOT_YET_EXECUTED,PENDING_STRUCTURE_PROCESSING_NOT_YET_RULE_EVALUABLE
377,INCREMENTAL_251_500,MULTI_SOURCE_PROVENANCE,COVAPIE_CYS_SG_EVENT_V1:2XZ6:G:CYS:53-:SG:Q:ETM:SD,2XZ6,G,,CYS,53,SG,ETM,Q,SD,2,2,"[""SOURCE_COVBINDERINPDB"",""SOURCE_RCSB_PDB_DIRECT""]","[""SOURCE_COVBINDERINPDB:CBR001437"",""SOURCE_RCSB_PDB_DIRECT:2XZ6:covale7""]",false,,,[],NOT_APPLICABLE_NOT_YET_PROCESSED,NOT_YET_EXECUTED,PENDING_STRUCTURE_PROCESSING_NOT_YET_RULE_EVALUABLE
378,INCREMENTAL_251_500,MULTI_SOURCE_PROVENANCE,COVAPIE_CYS_SG_EVENT_V1:2XZ6:H:CYS:53-:SG:R:ETM:SD,2XZ6,H,,CYS,53,SG,ETM,R,SD,2,2,"[""SOURCE_COVBINDERINPDB"",""SOURCE_RCSB_PDB_DIRECT""]","[""SOURCE_COVBINDERINPDB:CBR001438"",""SOURCE_RCSB_PDB_DIRECT:2XZ6:covale8""]",false,,,[],NOT_APPLICABLE_NOT_YET_PROCESSED,NOT_YET_EXECUTED,PENDING_STRUCTURE_PROCESSING_NOT_YET_RULE_EVALUABLE
379,INCREMENTAL_251_500,MULTI_SOURCE_PROVENANCE,COVAPIE_CYS_SG_EVENT_V1:2XZ6:I:CYS:53-:SG:S:ETM:SD,2XZ6,I,,CYS,53,SG,ETM,S,SD,2,2,"[""SOURCE_COVBINDERINPDB"",""SOURCE_RCSB_PDB_DIRECT""]","[""SOURCE_COVBINDERINPDB:CBR001439"",""SOURCE_RCSB_PDB_DIRECT:2XZ6:covale9""]",false,,,[],NOT_APPLICABLE_NOT_YET_PROCESSED,NOT_YET_EXECUTED,PENDING_STRUCTURE_PROCESSING_NOT_YET_RULE_EVALUABLE
380,INCREMENTAL_251_500,MULTI_SOURCE_PROVENANCE,COVAPIE_CYS_SG_EVENT_V1:2XZ6:J:CYS:53-:SG:T:ETM:SD,2XZ6,J,,CYS,53,SG,ETM,T,SD,2,2,"[""SOURCE_COVBINDERINPDB"",""SOURCE_RCSB_PDB_DIRECT""]","[""SOURCE_COVBINDERINPDB:CBR001440"",""SOURCE_RCSB_PDB_DIRECT:2XZ6:covale10""]",false,,,[],NOT_APPLICABLE_NOT_YET_PROCESSED,NOT_YET_EXECUTED,PENDING_STRUCTURE_PROCESSING_NOT_YET_RULE_EVALUABLE
381,INCREMENTAL_251_500,MULTI_SOURCE_PROVENANCE,COVAPIE_CYS_SG_EVENT_V1:2Y5Y:A:CYS:122-:SG:D:TGA:S15,2Y5Y,A,,CYS,122,SG,TGA,D,S15,2,2,"[""SOURCE_COVBINDERINPDB"",""SOURCE_RCSB_PDB_DIRECT""]","[""SOURCE_COVBINDERINPDB:CBR004169"",""SOURCE_RCSB_PDB_DIRECT:2Y5Y:covale1""]",false,,,[],NOT_APPLICABLE_NOT_YET_PROCESSED,NOT_YET_EXECUTED,PENDING_STRUCTURE_PROCESSING_NOT_YET_RULE_EVALUABLE
382,INCREMENTAL_251_500,MULTI_SOURCE_PROVENANCE,COVAPIE_CYS_SG_EVENT_V1:2Y5Y:B:CYS:122-:SG:F:TGA:S15,2Y5Y,B,,CYS,122,SG,TGA,F,S15,2,2,"[""SOURCE_COVBINDERINPDB"",""SOURCE_RCSB_PDB_DIRECT""]","[""SOURCE_COVBINDERINPDB:CBR004170"",""SOURCE_RCSB_PDB_DIRECT:2Y5Y:covale2""]",false,,,[],NOT_APPLICABLE_NOT_YET_PROCESSED,NOT_YET_EXECUTED,PENDING_STRUCTURE_PROCESSING_NOT_YET_RULE_EVALUABLE
383,INCREMENTAL_251_500,MULTI_SOURCE_PROVENANCE,COVAPIE_CYS_SG_EVENT_V1:2Y92:A:CYS:157-:SG:B:DTT:S1,2Y92,A,,CYS,157,SG,DTT,B,S1,2,2,"[""SOURCE_COVBINDERINPDB"",""SOURCE_RCSB_PDB_DIRECT""]","[""SOURCE_COVBINDERINPDB:CBR001989"",""SOURCE_RCSB_PDB_DIRECT:2Y92:covale2""]",false,,,[],NOT_APPLICABLE_NOT_YET_PROCESSED,NOT_YET_EXECUTED,PENDING_STRUCTURE_PROCESSING_NOT_YET_RULE_EVALUABLE
384,INCREMENTAL_251_500,MULTI_SOURCE_PROVENANCE,COVAPIE_CYS_SG_EVENT_V1:2Y92:A:CYS:91-:SG:B:DTT:S4,2Y92,A,,CYS,91,SG,DTT,B,S4,2,2,"[""SOURCE_COVBINDERINPDB"",""SOURCE_RCSB_PDB_DIRECT""]","[""SOURCE_COVBINDERINPDB:CBR001988"",""SOURCE_RCSB_PDB_DIRECT:2Y92:covale1""]",false,,,[],NOT_APPLICABLE_NOT_YET_PROCESSED,NOT_YET_EXECUTED,PENDING_STRUCTURE_PROCESSING_NOT_YET_RULE_EVALUABLE
385,INCREMENTAL_251_500,MULTI_SOURCE_PROVENANCE,COVAPIE_CYS_SG_EVENT_V1:2YJ0:A:CYS:59-:SG:G:420:C1,2YJ0,A,,CYS,59,SG,420,G,C1,3,4,"[""SOURCE_COVBINDERINPDB"",""SOURCE_COVPDB"",""SOURCE_RCSB_PDB_DIRECT""]","[""SOURCE_COVBINDERINPDB:CBR000399"",""SOURCE_COVPDB:CovPDB_complexes/2yj0/2yj0.pdb#LINK00731"",""SOURCE_COVPDB:CovPDB_complexes/2yj0/2yj0.pdb#LINK00732"",""SOURCE_RCSB_PDB_DIRECT:2YJ0:covale2""]",false,,,[],NOT_APPLICABLE_NOT_YET_PROCESSED,NOT_YET_EXECUTED,PENDING_STRUCTURE_PROCESSING_NOT_YET_RULE_EVALUABLE
386,INCREMENTAL_251_500,MULTI_SOURCE_PROVENANCE,COVAPIE_CYS_SG_EVENT_V1:2YJ0:B:CYS:59-:SG:K:420:C1,2YJ0,B,,CYS,59,SG,420,K,C1,3,4,"[""SOURCE_COVBINDERINPDB"",""SOURCE_COVPDB"",""SOURCE_RCSB_PDB_DIRECT""]","[""SOURCE_COVBINDERINPDB:CBR000401"",""SOURCE_COVPDB:CovPDB_complexes/2yj0/2yj0.pdb#LINK00733"",""SOURCE_COVPDB:CovPDB_complexes/2yj0/2yj0.pdb#LINK00734"",""SOURCE_RCSB_PDB_DIRECT:2YJ0:covale4""]",false,,,[],NOT_APPLICABLE_NOT_YET_PROCESSED,NOT_YET_EXECUTED,PENDING_STRUCTURE_PROCESSING_NOT_YET_RULE_EVALUABLE
387,INCREMENTAL_251_500,MULTI_SOURCE_PROVENANCE,COVAPIE_CYS_SG_EVENT_V1:2YJ0:C:CYS:59-:SG:P:420:C1,2YJ0,C,,CYS,59,SG,420,P,C1,3,4,"[""SOURCE_COVBINDERINPDB"",""SOURCE_COVPDB"",""SOURCE_RCSB_PDB_DIRECT""]","[""SOURCE_COVBINDERINPDB:CBR000403"",""SOURCE_COVPDB:CovPDB_complexes/2yj0/2yj0.pdb#LINK00735"",""SOURCE_COVPDB:CovPDB_complexes/2yj0/2yj0.pdb#LINK00736"",""SOURCE_RCSB_PDB_DIRECT:2YJ0:covale6""]",false,,,[],NOT_APPLICABLE_NOT_YET_PROCESSED,NOT_YET_EXECUTED,PENDING_STRUCTURE_PROCESSING_NOT_YET_RULE_EVALUABLE
388,INCREMENTAL_251_500,MULTI_SOURCE_PROVENANCE,COVAPIE_CYS_SG_EVENT_V1:2YJ0:D:CYS:59-:SG:S:420:C1,2YJ0,D,,CYS,59,SG,420,S,C1,3,4,"[""SOURCE_COVBINDERINPDB"",""SOURCE_COVPDB"",""SOURCE_RCSB_PDB_DIRECT""]","[""SOURCE_COVBINDERINPDB:CBR000405"",""SOURCE_COVPDB:CovPDB_complexes/2yj0/2yj0.pdb#LINK00737"",""SOURCE_COVPDB:CovPDB_complexes/2yj0/2yj0.pdb#LINK00738"",""SOURCE_RCSB_PDB_DIRECT:2YJ0:covale8""]",false,,,[],NOT_APPLICABLE_NOT_YET_PROCESSED,NOT_YET_EXECUTED,PENDING_STRUCTURE_PROCESSING_NOT_YET_RULE_EVALUABLE
389,INCREMENTAL_251_500,MULTI_SOURCE_PROVENANCE,COVAPIE_CYS_SG_EVENT_V1:2YJ0:E:CYS:59-:SG:W:420:C1,2YJ0,E,,CYS,59,SG,420,W,C1,3,4,"[""SOURCE_COVBINDERINPDB"",""SOURCE_COVPDB"",""SOURCE_RCSB_PDB_DIRECT""]","[""SOURCE_COVBINDERINPDB:CBR000407"",""SOURCE_COVPDB:CovPDB_complexes/2yj0/2yj0.pdb#LINK00739"",""SOURCE_COVPDB:CovPDB_complexes/2yj0/2yj0.pdb#LINK00740"",""SOURCE_RCSB_PDB_DIRECT:2YJ0:covale9""]",false,,,[],NOT_APPLICABLE_NOT_YET_PROCESSED,NOT_YET_EXECUTED,PENDING_STRUCTURE_PROCESSING_NOT_YET_RULE_EVALUABLE
390,INCREMENTAL_251_500,MULTI_SOURCE_PROVENANCE,COVAPIE_CYS_SG_EVENT_V1:2YJ0:F:CYS:59-:SG:AA:420:C1,2YJ0,F,,CYS,59,SG,420,AA,C1,3,4,"[""SOURCE_COVBINDERINPDB"",""SOURCE_COVPDB"",""SOURCE_RCSB_PDB_DIRECT""]","[""SOURCE_COVBINDERINPDB:CBR000409"",""SOURCE_COVPDB:CovPDB_complexes/2yj0/2yj0.pdb#LINK00741"",""SOURCE_COVPDB:CovPDB_complexes/2yj0/2yj0.pdb#LINK00742"",""SOURCE_RCSB_PDB_DIRECT:2YJ0:covale12""]",false,,,[],NOT_APPLICABLE_NOT_YET_PROCESSED,NOT_YET_EXECUTED,PENDING_STRUCTURE_PROCESSING_NOT_YET_RULE_EVALUABLE
391,INCREMENTAL_251_500,MULTI_SOURCE_PROVENANCE,COVAPIE_CYS_SG_EVENT_V1:2YJ2:A:CYS:25-:SG:B:YJ2:C18,2YJ2,A,,CYS,25,SG,YJ2,B,C18,3,3,"[""SOURCE_COVBINDERINPDB"",""SOURCE_COVPDB"",""SOURCE_RCSB_PDB_DIRECT""]","[""SOURCE_COVBINDERINPDB:CBR000398"",""SOURCE_COVPDB:CovPDB_complexes/2yj2/2yj2.pdb#LINK00406"",""SOURCE_RCSB_PDB_DIRECT:2YJ2:covale1""]",false,,,[],NOT_APPLICABLE_NOT_YET_PROCESSED,NOT_YET_EXECUTED,PENDING_STRUCTURE_PROCESSING_NOT_YET_RULE_EVALUABLE
392,INCREMENTAL_251_500,MULTI_SOURCE_PROVENANCE,COVAPIE_CYS_SG_EVENT_V1:2YJ8:A:CYS:25-:SG:B:YJ8:C18,2YJ8,A,,CYS,25,SG,YJ8,B,C18,3,3,"[""SOURCE_COVBINDERINPDB"",""SOURCE_COVPDB"",""SOURCE_RCSB_PDB_DIRECT""]","[""SOURCE_COVBINDERINPDB:CBR000413"",""SOURCE_COVPDB:CovPDB_complexes/2yj8/2yj8.pdb#LINK00393"",""SOURCE_RCSB_PDB_DIRECT:2YJ8:covale1""]",false,,,[],NOT_APPLICABLE_NOT_YET_PROCESSED,NOT_YET_EXECUTED,PENDING_STRUCTURE_PROCESSING_NOT_YET_RULE_EVALUABLE
393,INCREMENTAL_251_500,MULTI_SOURCE_PROVENANCE,COVAPIE_CYS_SG_EVENT_V1:2YJ9:A:CYS:25-:SG:B:YJ9:C5,2YJ9,A,,CYS,25,SG,YJ9,B,C5,3,3,"[""SOURCE_COVBINDERINPDB"",""SOURCE_COVPDB"",""SOURCE_RCSB_PDB_DIRECT""]","[""SOURCE_COVBINDERINPDB:CBR000411"",""SOURCE_COVPDB:CovPDB_complexes/2yj9/2yj9.pdb#LINK00397"",""SOURCE_RCSB_PDB_DIRECT:2YJ9:covale1""]",false,,,[],NOT_APPLICABLE_NOT_YET_PROCESSED,NOT_YET_EXECUTED,PENDING_STRUCTURE_PROCESSING_NOT_YET_RULE_EVALUABLE
394,INCREMENTAL_251_500,MULTI_SOURCE_PROVENANCE,COVAPIE_CYS_SG_EVENT_V1:2YJB:A:CYS:25-:SG:B:YJ9:C5,2YJB,A,,CYS,25,SG,YJ9,B,C5,3,3,"[""SOURCE_COVBINDERINPDB"",""SOURCE_COVPDB"",""SOURCE_RCSB_PDB_DIRECT""]","[""SOURCE_COVBINDERINPDB:CBR000414"",""SOURCE_COVPDB:CovPDB_complexes/2yjb/2yjb.pdb#LINK00391"",""SOURCE_RCSB_PDB_DIRECT:2YJB:covale1""]",false,,,[],NOT_APPLICABLE_NOT_YET_PROCESSED,NOT_YET_EXECUTED,PENDING_STRUCTURE_PROCESSING_NOT_YET_RULE_EVALUABLE
395,INCREMENTAL_251_500,MULTI_SOURCE_PROVENANCE,COVAPIE_CYS_SG_EVENT_V1:2YJC:A:CYS:25-:SG:B:424:C15,2YJC,A,,CYS,25,SG,424,B,C15,3,3,"[""SOURCE_COVBINDERINPDB"",""SOURCE_COVPDB"",""SOURCE_RCSB_PDB_DIRECT""]","[""SOURCE_COVBINDERINPDB:CBR000412"",""SOURCE_COVPDB:CovPDB_complexes/2yjc/2yjc.pdb#LINK00416"",""SOURCE_RCSB_PDB_DIRECT:2YJC:covale1""]",false,,,[],NOT_APPLICABLE_NOT_YET_PROCESSED,NOT_YET_EXECUTED,PENDING_STRUCTURE_PROCESSING_NOT_YET_RULE_EVALUABLE
396,INCREMENTAL_251_500,MULTI_SOURCE_PROVENANCE,COVAPIE_CYS_SG_EVENT_V1:2YNB:B:CYS:148-:SG:E:G85:C63,2YNB,B,,CYS,148,SG,G85,E,C63,2,2,"[""SOURCE_COVPDB"",""SOURCE_RCSB_PDB_DIRECT""]","[""SOURCE_COVPDB:CovPDB_complexes/2ynb/2ynb.pdb#LINK00529"",""SOURCE_RCSB_PDB_DIRECT:2YNB:covale1""]",false,,,[],NOT_APPLICABLE_NOT_YET_PROCESSED,NOT_YET_EXECUTED,PENDING_STRUCTURE_PROCESSING_NOT_YET_RULE_EVALUABLE
397,INCREMENTAL_251_500,MULTI_SOURCE_PROVENANCE,COVAPIE_CYS_SG_EVENT_V1:2ZK1:A:CYS:285-:SG:C:PTG:C8,2ZK1,A,,CYS,285,SG,PTG,C,C8,2,2,"[""SOURCE_COVBINDERINPDB"",""SOURCE_RCSB_PDB_DIRECT""]","[""SOURCE_COVBINDERINPDB:CBR004313"",""SOURCE_RCSB_PDB_DIRECT:2ZK1:covale1""]",false,,,[],NOT_APPLICABLE_NOT_YET_PROCESSED,NOT_YET_EXECUTED,PENDING_STRUCTURE_PROCESSING_NOT_YET_RULE_EVALUABLE
398,INCREMENTAL_251_500,MULTI_SOURCE_PROVENANCE,COVAPIE_CYS_SG_EVENT_V1:2ZK1:B:CYS:285-:SG:D:PTG:C8,2ZK1,B,,CYS,285,SG,PTG,D,C8,2,2,"[""SOURCE_COVBINDERINPDB"",""SOURCE_RCSB_PDB_DIRECT""]","[""SOURCE_COVBINDERINPDB:CBR004314"",""SOURCE_RCSB_PDB_DIRECT:2ZK1:covale2""]",false,,,[],NOT_APPLICABLE_NOT_YET_PROCESSED,NOT_YET_EXECUTED,PENDING_STRUCTURE_PROCESSING_NOT_YET_RULE_EVALUABLE
399,INCREMENTAL_251_500,MULTI_SOURCE_PROVENANCE,COVAPIE_CYS_SG_EVENT_V1:2ZK2:A:CYS:285-:SG:D:PTG:C8,2ZK2,A,,CYS,285,SG,PTG,D,C8,3,3,"[""SOURCE_COVBINDERINPDB"",""SOURCE_COVPDB"",""SOURCE_RCSB_PDB_DIRECT""]","[""SOURCE_COVBINDERINPDB:CBR004326"",""SOURCE_COVPDB:CovPDB_complexes/2zk2/2zk2.pdb#LINK00513"",""SOURCE_RCSB_PDB_DIRECT:2ZK2:covale2""]",false,,,[],NOT_APPLICABLE_NOT_YET_PROCESSED,NOT_YET_EXECUTED,PENDING_STRUCTURE_PROCESSING_NOT_YET_RULE_EVALUABLE
400,INCREMENTAL_251_500,MULTI_SOURCE_PROVENANCE,COVAPIE_CYS_SG_EVENT_V1:2ZK3:A:CYS:285-:SG:C:OCX:C11,2ZK3,A,,CYS,285,SG,OCX,C,C11,2,2,"[""SOURCE_COVBINDERINPDB"",""SOURCE_RCSB_PDB_DIRECT""]","[""SOURCE_COVBINDERINPDB:CBR004323"",""SOURCE_RCSB_PDB_DIRECT:2ZK3:covale1""]",false,,,[],NOT_APPLICABLE_NOT_YET_PROCESSED,NOT_YET_EXECUTED,PENDING_STRUCTURE_PROCESSING_NOT_YET_RULE_EVALUABLE
401,INCREMENTAL_251_500,MULTI_SOURCE_PROVENANCE,COVAPIE_CYS_SG_EVENT_V1:2ZK3:B:CYS:285-:SG:D:OCX:C11,2ZK3,B,,CYS,285,SG,OCX,D,C11,2,2,"[""SOURCE_COVBINDERINPDB"",""SOURCE_RCSB_PDB_DIRECT""]","[""SOURCE_COVBINDERINPDB:CBR004324"",""SOURCE_RCSB_PDB_DIRECT:2ZK3:covale2""]",false,,,[],NOT_APPLICABLE_NOT_YET_PROCESSED,NOT_YET_EXECUTED,PENDING_STRUCTURE_PROCESSING_NOT_YET_RULE_EVALUABLE
402,INCREMENTAL_251_500,MULTI_SOURCE_PROVENANCE,COVAPIE_CYS_SG_EVENT_V1:2ZK4:A:CYS:285-:SG:C:OCR:C9,2ZK4,A,,CYS,285,SG,OCR,C,C9,2,2,"[""SOURCE_COVBINDERINPDB"",""SOURCE_RCSB_PDB_DIRECT""]","[""SOURCE_COVBINDERINPDB:CBR004321"",""SOURCE_RCSB_PDB_DIRECT:2ZK4:covale1""]",false,,,[],NOT_APPLICABLE_NOT_YET_PROCESSED,NOT_YET_EXECUTED,PENDING_STRUCTURE_PROCESSING_NOT_YET_RULE_EVALUABLE
403,INCREMENTAL_251_500,MULTI_SOURCE_PROVENANCE,COVAPIE_CYS_SG_EVENT_V1:2ZK4:B:CYS:285-:SG:D:OCR:C9,2ZK4,B,,CYS,285,SG,OCR,D,C9,2,2,"[""SOURCE_COVBINDERINPDB"",""SOURCE_RCSB_PDB_DIRECT""]","[""SOURCE_COVBINDERINPDB:CBR004322"",""SOURCE_RCSB_PDB_DIRECT:2ZK4:covale2""]",false,,,[],NOT_APPLICABLE_NOT_YET_PROCESSED,NOT_YET_EXECUTED,PENDING_STRUCTURE_PROCESSING_NOT_YET_RULE_EVALUABLE
404,INCREMENTAL_251_500,MULTI_SOURCE_PROVENANCE,COVAPIE_CYS_SG_EVENT_V1:2ZK5:A:CYS:285-:SG:C:NRO:C8,2ZK5,A,,CYS,285,SG,NRO,C,C8,3,3,"[""SOURCE_COVBINDERINPDB"",""SOURCE_COVPDB"",""SOURCE_RCSB_PDB_DIRECT""]","[""SOURCE_COVBINDERINPDB:CBR004315"",""SOURCE_COVPDB:CovPDB_complexes/2zk5/2zk5.pdb#LINK00510"",""SOURCE_RCSB_PDB_DIRECT:2ZK5:covale1""]",false,,,[],NOT_APPLICABLE_NOT_YET_PROCESSED,NOT_YET_EXECUTED,PENDING_STRUCTURE_PROCESSING_NOT_YET_RULE_EVALUABLE
405,INCREMENTAL_251_500,MULTI_SOURCE_PROVENANCE,COVAPIE_CYS_SG_EVENT_V1:2ZK5:B:CYS:285-:SG:D:NRO:C8,2ZK5,B,,CYS,285,SG,NRO,D,C8,3,3,"[""SOURCE_COVBINDERINPDB"",""SOURCE_COVPDB"",""SOURCE_RCSB_PDB_DIRECT""]","[""SOURCE_COVBINDERINPDB:CBR004316"",""SOURCE_COVPDB:CovPDB_complexes/2zk5/2zk5.pdb#LINK00511"",""SOURCE_RCSB_PDB_DIRECT:2ZK5:covale2""]",false,,,[],NOT_APPLICABLE_NOT_YET_PROCESSED,NOT_YET_EXECUTED,PENDING_STRUCTURE_PROCESSING_NOT_YET_RULE_EVALUABLE
406,INCREMENTAL_251_500,MULTI_SOURCE_PROVENANCE,COVAPIE_CYS_SG_EVENT_V1:2ZU3:A:CYS:147-:SG:B:ZU3:C63,2ZU3,A,,CYS,147,SG,ZU3,B,C63,3,3,"[""SOURCE_COVBINDERINPDB"",""SOURCE_COVPDB"",""SOURCE_RCSB_PDB_DIRECT""]","[""SOURCE_COVBINDERINPDB:CBR004071"",""SOURCE_COVPDB:CovPDB_complexes/2zu3/2zu3.pdb#LINK00474"",""SOURCE_RCSB_PDB_DIRECT:2ZU3:covale1""]",false,,,[],NOT_APPLICABLE_NOT_YET_PROCESSED,NOT_YET_EXECUTED,PENDING_STRUCTURE_PROCESSING_NOT_YET_RULE_EVALUABLE
407,INCREMENTAL_251_500,MULTI_SOURCE_PROVENANCE,COVAPIE_CYS_SG_EVENT_V1:2ZU4:A:CYS:145-:SG:B:ZU3:C63,2ZU4,A,,CYS,145,SG,ZU3,B,C63,3,3,"[""SOURCE_COVBINDERINPDB"",""SOURCE_COVPDB"",""SOURCE_RCSB_PDB_DIRECT""]","[""SOURCE_COVBINDERINPDB:CBR004073"",""SOURCE_COVPDB:CovPDB_complexes/2zu4/2zu4.pdb#LINK00491"",""SOURCE_RCSB_PDB_DIRECT:2ZU4:covale1""]",false,,,[],NOT_APPLICABLE_NOT_YET_PROCESSED,NOT_YET_EXECUTED,PENDING_STRUCTURE_PROCESSING_NOT_YET_RULE_EVALUABLE
408,INCREMENTAL_251_500,MULTI_SOURCE_PROVENANCE,COVAPIE_CYS_SG_EVENT_V1:2ZU5:A:CYS:145-:SG:B:ZU5:C11,2ZU5,A,,CYS,145,SG,ZU5,B,C11,3,3,"[""SOURCE_COVBINDERINPDB"",""SOURCE_COVPDB"",""SOURCE_RCSB_PDB_DIRECT""]","[""SOURCE_COVBINDERINPDB:CBR004072"",""SOURCE_COVPDB:CovPDB_complexes/2zu5/2zu5.pdb#LINK00452"",""SOURCE_RCSB_PDB_DIRECT:2ZU5:covale1""]",false,,,[],NOT_APPLICABLE_NOT_YET_PROCESSED,NOT_YET_EXECUTED,PENDING_STRUCTURE_PROCESSING_NOT_YET_RULE_EVALUABLE
409,INCREMENTAL_251_500,MULTI_SOURCE_PROVENANCE,COVAPIE_CYS_SG_EVENT_V1:3A2G:A:CYS:102-:SG:G:LCY:C1,3A2G,A,,CYS,102,SG,LCY,G,C1,2,2,"[""SOURCE_COVBINDERINPDB"",""SOURCE_RCSB_PDB_DIRECT""]","[""SOURCE_COVBINDERINPDB:CBR001933"",""SOURCE_RCSB_PDB_DIRECT:3A2G:covale2""]",false,,,[],NOT_APPLICABLE_NOT_YET_PROCESSED,NOT_YET_EXECUTED,PENDING_STRUCTURE_PROCESSING_NOT_YET_RULE_EVALUABLE
410,INCREMENTAL_251_500,MULTI_SOURCE_PROVENANCE,COVAPIE_CYS_SG_EVENT_V1:3ADW:A:CYS:285-:SG:D:OCR:C9,3ADW,A,,CYS,285,SG,OCR,D,C9,2,2,"[""SOURCE_COVPDB"",""SOURCE_RCSB_PDB_DIRECT""]","[""SOURCE_COVPDB:CovPDB_complexes/3adw/3adw.pdb#LINK00487"",""SOURCE_RCSB_PDB_DIRECT:3ADW:covale1""]",false,,,[],NOT_APPLICABLE_NOT_YET_PROCESSED,NOT_YET_EXECUTED,PENDING_STRUCTURE_PROCESSING_NOT_YET_RULE_EVALUABLE
411,INCREMENTAL_251_500,MULTI_SOURCE_PROVENANCE,COVAPIE_CYS_SG_EVENT_V1:3ADW:B:CYS:285-:SG:E:OCR:C9,3ADW,B,,CYS,285,SG,OCR,E,C9,2,2,"[""SOURCE_COVPDB"",""SOURCE_RCSB_PDB_DIRECT""]","[""SOURCE_COVPDB:CovPDB_complexes/3adw/3adw.pdb#LINK00488"",""SOURCE_RCSB_PDB_DIRECT:3ADW:covale2""]",false,,,[],NOT_APPLICABLE_NOT_YET_PROCESSED,NOT_YET_EXECUTED,PENDING_STRUCTURE_PROCESSING_NOT_YET_RULE_EVALUABLE
412,INCREMENTAL_251_500,MULTI_SOURCE_PROVENANCE,COVAPIE_CYS_SG_EVENT_V1:3ADX:A:CYS:285-:SG:C:NRO:C8,3ADX,A,,CYS,285,SG,NRO,C,C8,2,2,"[""SOURCE_COVPDB"",""SOURCE_RCSB_PDB_DIRECT""]","[""SOURCE_COVPDB:CovPDB_complexes/3adx/3adx.pdb#LINK00502"",""SOURCE_RCSB_PDB_DIRECT:3ADX:covale1""]",false,,,[],NOT_APPLICABLE_NOT_YET_PROCESSED,NOT_YET_EXECUTED,PENDING_STRUCTURE_PROCESSING_NOT_YET_RULE_EVALUABLE
413,INCREMENTAL_251_500,MULTI_SOURCE_PROVENANCE,COVAPIE_CYS_SG_EVENT_V1:3B0R:A:CYS:285-:SG:C:GW9:C9,3B0R,A,,CYS,285,SG,GW9,C,C9,2,2,"[""SOURCE_COVPDB"",""SOURCE_RCSB_PDB_DIRECT""]","[""SOURCE_COVPDB:CovPDB_complexes/3b0r/3b0r.pdb#LINK00485"",""SOURCE_RCSB_PDB_DIRECT:3B0R:covale1""]",false,,,[],NOT_APPLICABLE_NOT_YET_PROCESSED,NOT_YET_EXECUTED,PENDING_STRUCTURE_PROCESSING_NOT_YET_RULE_EVALUABLE
414,INCREMENTAL_251_500,MULTI_SOURCE_PROVENANCE,COVAPIE_CYS_SG_EVENT_V1:3B0R:B:CYS:285-:SG:D:GW9:C9,3B0R,B,,CYS,285,SG,GW9,D,C9,2,2,"[""SOURCE_COVPDB"",""SOURCE_RCSB_PDB_DIRECT""]","[""SOURCE_COVPDB:CovPDB_complexes/3b0r/3b0r.pdb#LINK00486"",""SOURCE_RCSB_PDB_DIRECT:3B0R:covale2""]",false,,,[],NOT_APPLICABLE_NOT_YET_PROCESSED,NOT_YET_EXECUTED,PENDING_STRUCTURE_PROCESSING_NOT_YET_RULE_EVALUABLE
415,INCREMENTAL_251_500,MULTI_SOURCE_PROVENANCE,COVAPIE_CYS_SG_EVENT_V1:3B1T:A:CYS:645-:SG:B:YCL:CAP,3B1T,A,,CYS,645,SG,YCL,B,CAP,2,2,"[""SOURCE_COVBINDERINPDB"",""SOURCE_RCSB_PDB_DIRECT""]","[""SOURCE_COVBINDERINPDB:CBR003265"",""SOURCE_RCSB_PDB_DIRECT:3B1T:covale1""]",false,,,[],NOT_APPLICABLE_NOT_YET_PROCESSED,NOT_YET_EXECUTED,PENDING_STRUCTURE_PROCESSING_NOT_YET_RULE_EVALUABLE
416,INCREMENTAL_251_500,MULTI_SOURCE_PROVENANCE,COVAPIE_CYS_SG_EVENT_V1:3B1U:A:CYS:645-:SG:B:YFF:CAP,3B1U,A,,CYS,645,SG,YFF,B,CAP,2,2,"[""SOURCE_COVBINDERINPDB"",""SOURCE_RCSB_PDB_DIRECT""]","[""SOURCE_COVBINDERINPDB:CBR003258"",""SOURCE_RCSB_PDB_DIRECT:3B1U:covale1""]",false,,,[],NOT_APPLICABLE_NOT_YET_PROCESSED,NOT_YET_EXECUTED,PENDING_STRUCTURE_PROCESSING_NOT_YET_RULE_EVALUABLE
417,INCREMENTAL_251_500,MULTI_SOURCE_PROVENANCE,COVAPIE_CYS_SG_EVENT_V1:3B9H:A:CYS:146-:SG:D:NDU:C6,3B9H,A,,CYS,146,SG,NDU,D,C6,2,2,"[""SOURCE_COVPDB"",""SOURCE_RCSB_PDB_DIRECT""]","[""SOURCE_COVPDB:CovPDB_complexes/3b9h/3b9h.pdb#LINK00374"",""SOURCE_RCSB_PDB_DIRECT:3B9H:covale2""]",false,,,[],NOT_APPLICABLE_NOT_YET_PROCESSED,NOT_YET_EXECUTED,PENDING_STRUCTURE_PROCESSING_NOT_YET_RULE_EVALUABLE
418,INCREMENTAL_251_500,MULTI_SOURCE_PROVENANCE,COVAPIE_CYS_SG_EVENT_V1:3BHL:A:CYS:146-:SG:C:NDU:C6,3BHL,A,,CYS,146,SG,NDU,C,C6,2,2,"[""SOURCE_COVPDB"",""SOURCE_RCSB_PDB_DIRECT""]","[""SOURCE_COVPDB:CovPDB_complexes/3bhl/3bhl.pdb#LINK00459"",""SOURCE_RCSB_PDB_DIRECT:3BHL:covale2""]",false,,,[],NOT_APPLICABLE_NOT_YET_PROCESSED,NOT_YET_EXECUTED,PENDING_STRUCTURE_PROCESSING_NOT_YET_RULE_EVALUABLE
419,INCREMENTAL_251_500,MULTI_SOURCE_PROVENANCE,COVAPIE_CYS_SG_EVENT_V1:3BHL:B:CYS:146-:SG:G:NDU:C6,3BHL,B,,CYS,146,SG,NDU,G,C6,2,2,"[""SOURCE_COVPDB"",""SOURCE_RCSB_PDB_DIRECT""]","[""SOURCE_COVPDB:CovPDB_complexes/3bhl/3bhl.pdb#LINK00460"",""SOURCE_RCSB_PDB_DIRECT:3BHL:covale4""]",false,,,[],NOT_APPLICABLE_NOT_YET_PROCESSED,NOT_YET_EXECUTED,PENDING_STRUCTURE_PROCESSING_NOT_YET_RULE_EVALUABLE
420,INCREMENTAL_251_500,MULTI_SOURCE_PROVENANCE,COVAPIE_CYS_SG_EVENT_V1:3BHR:A:CYS:146-:SG:E:NDU:C6,3BHR,A,,CYS,146,SG,NDU,E,C6,2,2,"[""SOURCE_COVPDB"",""SOURCE_RCSB_PDB_DIRECT""]","[""SOURCE_COVPDB:CovPDB_complexes/3bhr/3bhr.pdb#LINK00412"",""SOURCE_RCSB_PDB_DIRECT:3BHR:covale2""]",false,,,[],NOT_APPLICABLE_NOT_YET_PROCESSED,NOT_YET_EXECUTED,PENDING_STRUCTURE_PROCESSING_NOT_YET_RULE_EVALUABLE
421,INCREMENTAL_251_500,MULTI_SOURCE_PROVENANCE,COVAPIE_CYS_SG_EVENT_V1:3BLT:A:CYS:403-:SG:B:PSY:C8,3BLT,A,,CYS,403,SG,PSY,B,C8,3,3,"[""SOURCE_COVBINDERINPDB"",""SOURCE_COVPDB"",""SOURCE_RCSB_PDB_DIRECT""]","[""SOURCE_COVBINDERINPDB:CBR004366"",""SOURCE_COVPDB:CovPDB_complexes/3blt/3blt.pdb#LINK00358"",""SOURCE_RCSB_PDB_DIRECT:3BLT:covale1""]",false,,,[],NOT_APPLICABLE_NOT_YET_PROCESSED,NOT_YET_EXECUTED,PENDING_STRUCTURE_PROCESSING_NOT_YET_RULE_EVALUABLE
422,INCREMENTAL_251_500,MULTI_SOURCE_PROVENANCE,COVAPIE_CYS_SG_EVENT_V1:3BLU:A:CYS:403-:SG:B:PVS:C8,3BLU,A,,CYS,403,SG,PVS,B,C8,3,3,"[""SOURCE_COVBINDERINPDB"",""SOURCE_COVPDB"",""SOURCE_RCSB_PDB_DIRECT""]","[""SOURCE_COVBINDERINPDB:CBR004364"",""SOURCE_COVPDB:CovPDB_complexes/3blu/3blu.pdb#LINK00359"",""SOURCE_RCSB_PDB_DIRECT:3BLU:covale1""]",false,,,[],NOT_APPLICABLE_NOT_YET_PROCESSED,NOT_YET_EXECUTED,PENDING_STRUCTURE_PROCESSING_NOT_YET_RULE_EVALUABLE
423,INCREMENTAL_251_500,MULTI_SOURCE_PROVENANCE,COVAPIE_CYS_SG_EVENT_V1:3BM8:A:CYS:403-:SG:B:PSY:C8,3BM8,A,,CYS,403,SG,PSY,B,C8,2,2,"[""SOURCE_COVBINDERINPDB"",""SOURCE_RCSB_PDB_DIRECT""]","[""SOURCE_COVBINDERINPDB:CBR001956"",""SOURCE_RCSB_PDB_DIRECT:3BM8:covale1""]",false,,,[],NOT_APPLICABLE_NOT_YET_PROCESSED,NOT_YET_EXECUTED,PENDING_STRUCTURE_PROCESSING_NOT_YET_RULE_EVALUABLE
424,INCREMENTAL_251_500,MULTI_SOURCE_PROVENANCE,COVAPIE_CYS_SG_EVENT_V1:3BWK:A:CYS:51-:SG:E:C1P:C18,3BWK,A,,CYS,51,SG,C1P,E,C18,2,2,"[""SOURCE_COVBINDERINPDB"",""SOURCE_RCSB_PDB_DIRECT""]","[""SOURCE_COVBINDERINPDB:CBR001750"",""SOURCE_RCSB_PDB_DIRECT:3BWK:covale1""]",false,,,[],NOT_APPLICABLE_NOT_YET_PROCESSED,NOT_YET_EXECUTED,PENDING_STRUCTURE_PROCESSING_NOT_YET_RULE_EVALUABLE
425,INCREMENTAL_251_500,MULTI_SOURCE_PROVENANCE,COVAPIE_CYS_SG_EVENT_V1:3BWK:B:CYS:51-:SG:G:C1P:C18,3BWK,B,,CYS,51,SG,C1P,G,C18,2,2,"[""SOURCE_COVBINDERINPDB"",""SOURCE_RCSB_PDB_DIRECT""]","[""SOURCE_COVBINDERINPDB:CBR001751"",""SOURCE_RCSB_PDB_DIRECT:3BWK:covale2""]",false,,,[],NOT_APPLICABLE_NOT_YET_PROCESSED,NOT_YET_EXECUTED,PENDING_STRUCTURE_PROCESSING_NOT_YET_RULE_EVALUABLE
426,INCREMENTAL_251_500,MULTI_SOURCE_PROVENANCE,COVAPIE_CYS_SG_EVENT_V1:3BWK:C:CYS:51-:SG:J:C1P:C18,3BWK,C,,CYS,51,SG,C1P,J,C18,2,2,"[""SOURCE_COVBINDERINPDB"",""SOURCE_RCSB_PDB_DIRECT""]","[""SOURCE_COVBINDERINPDB:CBR001752"",""SOURCE_RCSB_PDB_DIRECT:3BWK:covale3""]",false,,,[],NOT_APPLICABLE_NOT_YET_PROCESSED,NOT_YET_EXECUTED,PENDING_STRUCTURE_PROCESSING_NOT_YET_RULE_EVALUABLE
427,INCREMENTAL_251_500,MULTI_SOURCE_PROVENANCE,COVAPIE_CYS_SG_EVENT_V1:3BWK:D:CYS:51-:SG:L:C1P:C18,3BWK,D,,CYS,51,SG,C1P,L,C18,2,2,"[""SOURCE_COVBINDERINPDB"",""SOURCE_RCSB_PDB_DIRECT""]","[""SOURCE_COVBINDERINPDB:CBR001753"",""SOURCE_RCSB_PDB_DIRECT:3BWK:covale4""]",false,,,[],NOT_APPLICABLE_NOT_YET_PROCESSED,NOT_YET_EXECUTED,PENDING_STRUCTURE_PROCESSING_NOT_YET_RULE_EVALUABLE
428,INCREMENTAL_251_500,MULTI_SOURCE_PROVENANCE,COVAPIE_CYS_SG_EVENT_V1:3C9E:A:CYS:25-:SG:D:E64:C2,3C9E,A,,CYS,25,SG,E64,D,C2,2,2,"[""SOURCE_COVBINDERINPDB"",""SOURCE_RCSB_PDB_DIRECT""]","[""SOURCE_COVBINDERINPDB:CBR002425"",""SOURCE_RCSB_PDB_DIRECT:3C9E:covale1""]",false,,,[],NOT_APPLICABLE_NOT_YET_PROCESSED,NOT_YET_EXECUTED,PENDING_STRUCTURE_PROCESSING_NOT_YET_RULE_EVALUABLE
429,INCREMENTAL_251_500,MULTI_SOURCE_PROVENANCE,COVAPIE_CYS_SG_EVENT_V1:3C9W:A:CYS:164-:SG:C:HMY:C11,3C9W,A,,CYS,164,SG,HMY,C,C11,3,3,"[""SOURCE_COVBINDERINPDB"",""SOURCE_COVPDB"",""SOURCE_RCSB_PDB_DIRECT""]","[""SOURCE_COVBINDERINPDB:CBR002426"",""SOURCE_COVPDB:CovPDB_complexes/3c9w/3c9w.pdb#LINK00518"",""SOURCE_RCSB_PDB_DIRECT:3C9W:covale1""]",false,,,[],NOT_APPLICABLE_NOT_YET_PROCESSED,NOT_YET_EXECUTED,PENDING_STRUCTURE_PROCESSING_NOT_YET_RULE_EVALUABLE
430,INCREMENTAL_251_500,MULTI_SOURCE_PROVENANCE,COVAPIE_CYS_SG_EVENT_V1:3C9W:B:CYS:164-:SG:D:HMY:C11,3C9W,B,,CYS,164,SG,HMY,D,C11,3,3,"[""SOURCE_COVBINDERINPDB"",""SOURCE_COVPDB"",""SOURCE_RCSB_PDB_DIRECT""]","[""SOURCE_COVBINDERINPDB:CBR002427"",""SOURCE_COVPDB:CovPDB_complexes/3c9w/3c9w.pdb#LINK00519"",""SOURCE_RCSB_PDB_DIRECT:3C9W:covale2""]",false,,,[],NOT_APPLICABLE_NOT_YET_PROCESSED,NOT_YET_EXECUTED,PENDING_STRUCTURE_PROCESSING_NOT_YET_RULE_EVALUABLE
431,INCREMENTAL_251_500,MULTI_SOURCE_PROVENANCE,COVAPIE_CYS_SG_EVENT_V1:3D1L:A:CYS:179-:SG:C:MPR:S3,3D1L,A,,CYS,179,SG,MPR,C,S3,2,2,"[""SOURCE_COVPDB"",""SOURCE_RCSB_PDB_DIRECT""]","[""SOURCE_COVPDB:CovPDB_complexes/3d1l/3d1l.pdb#LINK00806"",""SOURCE_RCSB_PDB_DIRECT:3D1L:covale7""]",false,,,[],NOT_APPLICABLE_NOT_YET_PROCESSED,NOT_YET_EXECUTED,PENDING_STRUCTURE_PROCESSING_NOT_YET_RULE_EVALUABLE
432,INCREMENTAL_251_500,MULTI_SOURCE_PROVENANCE,COVAPIE_CYS_SG_EVENT_V1:3D1L:B:CYS:179-:SG:E:MPR:S3,3D1L,B,,CYS,179,SG,MPR,E,S3,2,2,"[""SOURCE_COVPDB"",""SOURCE_RCSB_PDB_DIRECT""]","[""SOURCE_COVPDB:CovPDB_complexes/3d1l/3d1l.pdb#LINK00807"",""SOURCE_RCSB_PDB_DIRECT:3D1L:covale22""]",false,,,[],NOT_APPLICABLE_NOT_YET_PROCESSED,NOT_YET_EXECUTED,PENDING_STRUCTURE_PROCESSING_NOT_YET_RULE_EVALUABLE
433,INCREMENTAL_251_500,MULTI_SOURCE_PROVENANCE,COVAPIE_CYS_SG_EVENT_V1:3D62:A:CYS:145-:SG:B:959:C16,3D62,A,,CYS,145,SG,959,B,C16,2,2,"[""SOURCE_COVBINDERINPDB"",""SOURCE_RCSB_PDB_DIRECT""]","[""SOURCE_COVBINDERINPDB:CBR001408"",""SOURCE_RCSB_PDB_DIRECT:3D62:covale1""]",false,,,[],NOT_APPLICABLE_NOT_YET_PROCESSED,NOT_YET_EXECUTED,PENDING_STRUCTURE_PROCESSING_NOT_YET_RULE_EVALUABLE
434,INCREMENTAL_251_500,MULTI_SOURCE_PROVENANCE,COVAPIE_CYS_SG_EVENT_V1:3DLA:A:CYS:176-:SG:I:ONL:CE,3DLA,A,,CYS,176,SG,ONL,I,CE,3,3,"[""SOURCE_COVBINDERINPDB"",""SOURCE_COVPDB"",""SOURCE_RCSB_PDB_DIRECT""]","[""SOURCE_COVBINDERINPDB:CBR002375"",""SOURCE_COVPDB:CovPDB_complexes/3dla/3dla.pdb#LINK01395"",""SOURCE_RCSB_PDB_DIRECT:3DLA:covale1""]",false,,,[],NOT_APPLICABLE_NOT_YET_PROCESSED,NOT_YET_EXECUTED,PENDING_STRUCTURE_PROCESSING_NOT_YET_RULE_EVALUABLE
435,INCREMENTAL_251_500,MULTI_SOURCE_PROVENANCE,COVAPIE_CYS_SG_EVENT_V1:3DLA:B:CYS:176-:SG:F:ONL:CE,3DLA,B,,CYS,176,SG,ONL,F,CE,3,4,"[""SOURCE_COVBINDERINPDB"",""SOURCE_COVPDB"",""SOURCE_RCSB_PDB_DIRECT""]","[""SOURCE_COVBINDERINPDB:CBR002376"",""SOURCE_COVPDB:CovPDB_complexes/3dla/3dla.pdb#LINK01396"",""SOURCE_COVPDB:CovPDB_complexes/3dla/3dla.pdb#LINK01397"",""SOURCE_RCSB_PDB_DIRECT:3DLA:covale3""]",false,,,[],NOT_APPLICABLE_NOT_YET_PROCESSED,NOT_YET_EXECUTED,PENDING_STRUCTURE_PROCESSING_NOT_YET_RULE_EVALUABLE
436,INCREMENTAL_251_500,MULTI_SOURCE_PROVENANCE,COVAPIE_CYS_SG_EVENT_V1:3DLA:C:CYS:176-:SG:G:ONL:CE,3DLA,C,,CYS,176,SG,ONL,G,CE,3,3,"[""SOURCE_COVBINDERINPDB"",""SOURCE_COVPDB"",""SOURCE_RCSB_PDB_DIRECT""]","[""SOURCE_COVBINDERINPDB:CBR002378"",""SOURCE_COVPDB:CovPDB_complexes/3dla/3dla.pdb#LINK01398"",""SOURCE_RCSB_PDB_DIRECT:3DLA:covale4""]",false,,,[],NOT_APPLICABLE_NOT_YET_PROCESSED,NOT_YET_EXECUTED,PENDING_STRUCTURE_PROCESSING_NOT_YET_RULE_EVALUABLE
437,INCREMENTAL_251_500,MULTI_SOURCE_PROVENANCE,COVAPIE_CYS_SG_EVENT_V1:3DLA:D:CYS:176-:SG:H:ONL:CE,3DLA,D,,CYS,176,SG,ONL,H,CE,3,3,"[""SOURCE_COVBINDERINPDB"",""SOURCE_COVPDB"",""SOURCE_RCSB_PDB_DIRECT""]","[""SOURCE_COVBINDERINPDB:CBR002379"",""SOURCE_COVPDB:CovPDB_complexes/3dla/3dla.pdb#LINK01399"",""SOURCE_RCSB_PDB_DIRECT:3DLA:covale5""]",false,,,[],NOT_APPLICABLE_NOT_YET_PROCESSED,NOT_YET_EXECUTED,PENDING_STRUCTURE_PROCESSING_NOT_YET_RULE_EVALUABLE
438,INCREMENTAL_251_500,MULTI_SOURCE_PROVENANCE,COVAPIE_CYS_SG_EVENT_V1:3FRZ:A:CYS:14-:SG:C:AG6:C15,3FRZ,A,,CYS,14,SG,AG6,C,C15,2,2,"[""SOURCE_COVPDB"",""SOURCE_RCSB_PDB_DIRECT""]","[""SOURCE_COVPDB:CovPDB_complexes/3frz/3frz.pdb#LINK00541"",""SOURCE_RCSB_PDB_DIRECT:3FRZ:covale1""]",false,,,[],NOT_APPLICABLE_NOT_YET_PROCESSED,NOT_YET_EXECUTED,PENDING_STRUCTURE_PROCESSING_NOT_YET_RULE_EVALUABLE
439,INCREMENTAL_251_500,MULTI_SOURCE_PROVENANCE,COVAPIE_CYS_SG_EVENT_V1:3FRZ:A:CYS:223-:SG:D:BME:S2,3FRZ,A,,CYS,223,SG,BME,D,S2,2,2,"[""SOURCE_COVPDB"",""SOURCE_RCSB_PDB_DIRECT""]","[""SOURCE_COVPDB:CovPDB_complexes/3frz/3frz.pdb#LINK00540"",""SOURCE_RCSB_PDB_DIRECT:3FRZ:covale2""]",false,,,[],NOT_APPLICABLE_NOT_YET_PROCESSED,NOT_YET_EXECUTED,PENDING_STRUCTURE_PROCESSING_NOT_YET_RULE_EVALUABLE
440,INCREMENTAL_251_500,MULTI_SOURCE_PROVENANCE,COVAPIE_CYS_SG_EVENT_V1:3GCD:A:CYS:140-:SG:E:AZ0:CAG,3GCD,A,,CYS,140,SG,AZ0,E,CAG,3,3,"[""SOURCE_COVBINDERINPDB"",""SOURCE_COVPDB"",""SOURCE_RCSB_PDB_DIRECT""]","[""SOURCE_COVBINDERINPDB:CBR001875"",""SOURCE_COVPDB:CovPDB_complexes/3gcd/3gcd.pdb#LINK00966"",""SOURCE_RCSB_PDB_DIRECT:3GCD:covale1""]",false,,,[],NOT_APPLICABLE_NOT_YET_PROCESSED,NOT_YET_EXECUTED,PENDING_STRUCTURE_PROCESSING_NOT_YET_RULE_EVALUABLE
441,INCREMENTAL_251_500,MULTI_SOURCE_PROVENANCE,COVAPIE_CYS_SG_EVENT_V1:3GCD:B:CYS:140-:SG:H:AZ0:CAG,3GCD,B,,CYS,140,SG,AZ0,H,CAG,3,3,"[""SOURCE_COVBINDERINPDB"",""SOURCE_COVPDB"",""SOURCE_RCSB_PDB_DIRECT""]","[""SOURCE_COVBINDERINPDB:CBR001876"",""SOURCE_COVPDB:CovPDB_complexes/3gcd/3gcd.pdb#LINK00967"",""SOURCE_RCSB_PDB_DIRECT:3GCD:covale2""]",false,,,[],NOT_APPLICABLE_NOT_YET_PROCESSED,NOT_YET_EXECUTED,PENDING_STRUCTURE_PROCESSING_NOT_YET_RULE_EVALUABLE
442,INCREMENTAL_251_500,MULTI_SOURCE_PROVENANCE,COVAPIE_CYS_SG_EVENT_V1:3GCD:C:CYS:140-:SG:K:AZ0:CAG,3GCD,C,,CYS,140,SG,AZ0,K,CAG,3,3,"[""SOURCE_COVBINDERINPDB"",""SOURCE_COVPDB"",""SOURCE_RCSB_PDB_DIRECT""]","[""SOURCE_COVBINDERINPDB:CBR001877"",""SOURCE_COVPDB:CovPDB_complexes/3gcd/3gcd.pdb#LINK00968"",""SOURCE_RCSB_PDB_DIRECT:3GCD:covale3""]",false,,,[],NOT_APPLICABLE_NOT_YET_PROCESSED,NOT_YET_EXECUTED,PENDING_STRUCTURE_PROCESSING_NOT_YET_RULE_EVALUABLE
443,INCREMENTAL_251_500,MULTI_SOURCE_PROVENANCE,COVAPIE_CYS_SG_EVENT_V1:3GCD:D:CYS:140-:SG:N:AZ0:CAG,3GCD,D,,CYS,140,SG,AZ0,N,CAG,3,3,"[""SOURCE_COVBINDERINPDB"",""SOURCE_COVPDB"",""SOURCE_RCSB_PDB_DIRECT""]","[""SOURCE_COVBINDERINPDB:CBR001878"",""SOURCE_COVPDB:CovPDB_complexes/3gcd/3gcd.pdb#LINK00969"",""SOURCE_RCSB_PDB_DIRECT:3GCD:covale4""]",false,,,[],NOT_APPLICABLE_NOT_YET_PROCESSED,NOT_YET_EXECUTED,PENDING_STRUCTURE_PROCESSING_NOT_YET_RULE_EVALUABLE
444,INCREMENTAL_251_500,MULTI_SOURCE_PROVENANCE,COVAPIE_CYS_SG_EVENT_V1:3H0E:A:CYS:163-:SG:C:H0E:C5,3H0E,A,,CYS,163,SG,H0E,C,C5,3,3,"[""SOURCE_COVBINDERINPDB"",""SOURCE_COVPDB"",""SOURCE_RCSB_PDB_DIRECT""]","[""SOURCE_COVBINDERINPDB:CBR000177"",""SOURCE_COVPDB:CovPDB_complexes/3h0e/3h0e.pdb#LINK00463"",""SOURCE_RCSB_PDB_DIRECT:3H0E:covale1""]",false,,,[],NOT_APPLICABLE_NOT_YET_PROCESSED,NOT_YET_EXECUTED,PENDING_STRUCTURE_PROCESSING_NOT_YET_RULE_EVALUABLE
445,INCREMENTAL_251_500,MULTI_SOURCE_PROVENANCE,COVAPIE_CYS_SG_EVENT_V1:3H0E:B:CYS:163-:SG:D:H0E:C5,3H0E,B,,CYS,163,SG,H0E,D,C5,3,3,"[""SOURCE_COVBINDERINPDB"",""SOURCE_COVPDB"",""SOURCE_RCSB_PDB_DIRECT""]","[""SOURCE_COVBINDERINPDB:CBR000178"",""SOURCE_COVPDB:CovPDB_complexes/3h0e/3h0e.pdb#LINK00464"",""SOURCE_RCSB_PDB_DIRECT:3H0E:covale2""]",false,,,[],NOT_APPLICABLE_NOT_YET_PROCESSED,NOT_YET_EXECUTED,PENDING_STRUCTURE_PROCESSING_NOT_YET_RULE_EVALUABLE
446,INCREMENTAL_251_500,MULTI_SOURCE_PROVENANCE,COVAPIE_CYS_SG_EVENT_V1:3HD3:A:CYS:25-:SG:C:25B:C10,3HD3,A,,CYS,25,SG,25B,C,C10,2,2,"[""SOURCE_COVPDB"",""SOURCE_RCSB_PDB_DIRECT""]","[""SOURCE_COVPDB:CovPDB_complexes/3hd3/3hd3.pdb#LINK00510"",""SOURCE_RCSB_PDB_DIRECT:3HD3:covale1""]",false,,,[],NOT_APPLICABLE_NOT_YET_PROCESSED,NOT_YET_EXECUTED,PENDING_STRUCTURE_PROCESSING_NOT_YET_RULE_EVALUABLE
447,INCREMENTAL_251_500,MULTI_SOURCE_PROVENANCE,COVAPIE_CYS_SG_EVENT_V1:3HD3:B:CYS:25-:SG:H:25B:C10,3HD3,B,,CYS,25,SG,25B,H,C10,2,2,"[""SOURCE_COVPDB"",""SOURCE_RCSB_PDB_DIRECT""]","[""SOURCE_COVPDB:CovPDB_complexes/3hd3/3hd3.pdb#LINK00511"",""SOURCE_RCSB_PDB_DIRECT:3HD3:covale2""]",false,,,[],NOT_APPLICABLE_NOT_YET_PROCESSED,NOT_YET_EXECUTED,PENDING_STRUCTURE_PROCESSING_NOT_YET_RULE_EVALUABLE
448,INCREMENTAL_251_500,MULTI_SOURCE_PROVENANCE,COVAPIE_CYS_SG_EVENT_V1:3HHA:A:CYS:25-:SG:E:NOW:C14,3HHA,A,,CYS,25,SG,NOW,E,C14,3,3,"[""SOURCE_COVBINDERINPDB"",""SOURCE_COVPDB"",""SOURCE_RCSB_PDB_DIRECT""]","[""SOURCE_COVBINDERINPDB:CBR003612"",""SOURCE_COVPDB:CovPDB_complexes/3hha/3hha.pdb#LINK00685"",""SOURCE_RCSB_PDB_DIRECT:3HHA:covale1""]",false,,,[],NOT_APPLICABLE_NOT_YET_PROCESSED,NOT_YET_EXECUTED,PENDING_STRUCTURE_PROCESSING_NOT_YET_RULE_EVALUABLE
449,INCREMENTAL_251_500,MULTI_SOURCE_PROVENANCE,COVAPIE_CYS_SG_EVENT_V1:3HHA:B:CYS:25-:SG:H:NOW:C14,3HHA,B,,CYS,25,SG,NOW,H,C14,3,3,"[""SOURCE_COVBINDERINPDB"",""SOURCE_COVPDB"",""SOURCE_RCSB_PDB_DIRECT""]","[""SOURCE_COVBINDERINPDB:CBR003613"",""SOURCE_COVPDB:CovPDB_complexes/3hha/3hha.pdb#LINK00686"",""SOURCE_RCSB_PDB_DIRECT:3HHA:covale2""]",false,,,[],NOT_APPLICABLE_NOT_YET_PROCESSED,NOT_YET_EXECUTED,PENDING_STRUCTURE_PROCESSING_NOT_YET_RULE_EVALUABLE
450,INCREMENTAL_251_500,MULTI_SOURCE_PROVENANCE,COVAPIE_CYS_SG_EVENT_V1:3HHA:C:CYS:25-:SG:J:NOW:C14,3HHA,C,,CYS,25,SG,NOW,J,C14,3,3,"[""SOURCE_COVBINDERINPDB"",""SOURCE_COVPDB"",""SOURCE_RCSB_PDB_DIRECT""]","[""SOURCE_COVBINDERINPDB:CBR003614"",""SOURCE_COVPDB:CovPDB_complexes/3hha/3hha.pdb#LINK00687"",""SOURCE_RCSB_PDB_DIRECT:3HHA:covale3""]",false,,,[],NOT_APPLICABLE_NOT_YET_PROCESSED,NOT_YET_EXECUTED,PENDING_STRUCTURE_PROCESSING_NOT_YET_RULE_EVALUABLE
451,INCREMENTAL_251_500,MULTI_SOURCE_PROVENANCE,COVAPIE_CYS_SG_EVENT_V1:3HHA:D:CYS:25-:SG:K:NOW:C14,3HHA,D,,CYS,25,SG,NOW,K,C14,3,3,"[""SOURCE_COVBINDERINPDB"",""SOURCE_COVPDB"",""SOURCE_RCSB_PDB_DIRECT""]","[""SOURCE_COVBINDERINPDB:CBR003615"",""SOURCE_COVPDB:CovPDB_complexes/3hha/3hha.pdb#LINK00688"",""SOURCE_RCSB_PDB_DIRECT:3HHA:covale4""]",false,,,[],NOT_APPLICABLE_NOT_YET_PROCESSED,NOT_YET_EXECUTED,PENDING_STRUCTURE_PROCESSING_NOT_YET_RULE_EVALUABLE
452,INCREMENTAL_251_500,MULTI_SOURCE_PROVENANCE,COVAPIE_CYS_SG_EVENT_V1:3HHI:A:CYS:122-:SG:C:074:C6,3HHI,A,,CYS,122,SG,074,C,C6,3,3,"[""SOURCE_COVBINDERINPDB"",""SOURCE_COVPDB"",""SOURCE_RCSB_PDB_DIRECT""]","[""SOURCE_COVBINDERINPDB:CBR003617"",""SOURCE_COVPDB:CovPDB_complexes/3hhi/3hhi.pdb#LINK00750"",""SOURCE_RCSB_PDB_DIRECT:3HHI:covale1""]",false,,,[],NOT_APPLICABLE_NOT_YET_PROCESSED,NOT_YET_EXECUTED,PENDING_STRUCTURE_PROCESSING_NOT_YET_RULE_EVALUABLE
453,INCREMENTAL_251_500,MULTI_SOURCE_PROVENANCE,COVAPIE_CYS_SG_EVENT_V1:3HHI:B:CYS:122-:SG:H:074:C6,3HHI,B,,CYS,122,SG,074,H,C6,3,3,"[""SOURCE_COVBINDERINPDB"",""SOURCE_COVPDB"",""SOURCE_RCSB_PDB_DIRECT""]","[""SOURCE_COVBINDERINPDB:CBR003618"",""SOURCE_COVPDB:CovPDB_complexes/3hhi/3hhi.pdb#LINK00749"",""SOURCE_RCSB_PDB_DIRECT:3HHI:covale2""]",false,,,[],NOT_APPLICABLE_NOT_YET_PROCESSED,NOT_YET_EXECUTED,PENDING_STRUCTURE_PROCESSING_NOT_YET_RULE_EVALUABLE
454,INCREMENTAL_251_500,MULTI_SOURCE_PROVENANCE,COVAPIE_CYS_SG_EVENT_V1:3HKE:B:CYS:241-:SG:H:T13:CAQ,3HKE,B,,CYS,241,SG,T13,H,CAQ,2,2,"[""SOURCE_COVBINDERINPDB"",""SOURCE_RCSB_PDB_DIRECT""]","[""SOURCE_COVBINDERINPDB:CBR001058"",""SOURCE_RCSB_PDB_DIRECT:3HKE:covale1""]",false,,,[],NOT_APPLICABLE_NOT_YET_PROCESSED,NOT_YET_EXECUTED,PENDING_STRUCTURE_PROCESSING_NOT_YET_RULE_EVALUABLE
455,INCREMENTAL_251_500,MULTI_SOURCE_PROVENANCE,COVAPIE_CYS_SG_EVENT_V1:3HKE:D:CYS:241-:SG:N:T13:CAQ,3HKE,D,,CYS,241,SG,T13,N,CAQ,2,2,"[""SOURCE_COVBINDERINPDB"",""SOURCE_RCSB_PDB_DIRECT""]","[""SOURCE_COVBINDERINPDB:CBR001059"",""SOURCE_RCSB_PDB_DIRECT:3HKE:covale2""]",false,,,[],NOT_APPLICABLE_NOT_YET_PROCESSED,NOT_YET_EXECUTED,PENDING_STRUCTURE_PROCESSING_NOT_YET_RULE_EVALUABLE
456,INCREMENTAL_251_500,MULTI_SOURCE_PROVENANCE,COVAPIE_CYS_SG_EVENT_V1:3HSR:B:CYS:13-:SG:E:BT6:S1,3HSR,B,,CYS,13,SG,BT6,E,S1,2,2,"[""SOURCE_COVBINDERINPDB"",""SOURCE_RCSB_PDB_DIRECT""]","[""SOURCE_COVBINDERINPDB:CBR001189"",""SOURCE_RCSB_PDB_DIRECT:3HSR:covale1""]",false,,,[],NOT_APPLICABLE_NOT_YET_PROCESSED,NOT_YET_EXECUTED,PENDING_STRUCTURE_PROCESSING_NOT_YET_RULE_EVALUABLE
457,INCREMENTAL_251_500,MULTI_SOURCE_PROVENANCE,COVAPIE_CYS_SG_EVENT_V1:3HSR:C:CYS:13-:SG:K:BT6:S1,3HSR,C,,CYS,13,SG,BT6,K,S1,2,2,"[""SOURCE_COVBINDERINPDB"",""SOURCE_RCSB_PDB_DIRECT""]","[""SOURCE_COVBINDERINPDB:CBR001187"",""SOURCE_RCSB_PDB_DIRECT:3HSR:covale2""]",false,,,[],NOT_APPLICABLE_NOT_YET_PROCESSED,NOT_YET_EXECUTED,PENDING_STRUCTURE_PROCESSING_NOT_YET_RULE_EVALUABLE
458,INCREMENTAL_251_500,MULTI_SOURCE_PROVENANCE,COVAPIE_CYS_SG_EVENT_V1:3HSR:D:CYS:13-:SG:N:BT6:S1,3HSR,D,,CYS,13,SG,BT6,N,S1,2,2,"[""SOURCE_COVBINDERINPDB"",""SOURCE_RCSB_PDB_DIRECT""]","[""SOURCE_COVBINDERINPDB:CBR001188"",""SOURCE_RCSB_PDB_DIRECT:3HSR:covale3""]",false,,,[],NOT_APPLICABLE_NOT_YET_PROCESSED,NOT_YET_EXECUTED,PENDING_STRUCTURE_PROCESSING_NOT_YET_RULE_EVALUABLE
459,INCREMENTAL_251_500,MULTI_SOURCE_PROVENANCE,COVAPIE_CYS_SG_EVENT_V1:3HWN:A:CYS:25-:SG:E:BD3:C24,3HWN,A,,CYS,25,SG,BD3,E,C24,2,2,"[""SOURCE_COVPDB"",""SOURCE_RCSB_PDB_DIRECT""]","[""SOURCE_COVPDB:CovPDB_complexes/3hwn/3hwn.pdb#LINK00741"",""SOURCE_RCSB_PDB_DIRECT:3HWN:covale1""]",false,,,[],NOT_APPLICABLE_NOT_YET_PROCESSED,NOT_YET_EXECUTED,PENDING_STRUCTURE_PROCESSING_NOT_YET_RULE_EVALUABLE
460,INCREMENTAL_251_500,MULTI_SOURCE_PROVENANCE,COVAPIE_CYS_SG_EVENT_V1:3HWN:B:CYS:25-:SG:F:BD3:C24,3HWN,B,,CYS,25,SG,BD3,F,C24,2,2,"[""SOURCE_COVPDB"",""SOURCE_RCSB_PDB_DIRECT""]","[""SOURCE_COVPDB:CovPDB_complexes/3hwn/3hwn.pdb#LINK00742"",""SOURCE_RCSB_PDB_DIRECT:3HWN:covale2""]",false,,,[],NOT_APPLICABLE_NOT_YET_PROCESSED,NOT_YET_EXECUTED,PENDING_STRUCTURE_PROCESSING_NOT_YET_RULE_EVALUABLE
461,INCREMENTAL_251_500,MULTI_SOURCE_PROVENANCE,COVAPIE_CYS_SG_EVENT_V1:3HWN:C:CYS:25-:SG:G:BD3:C24,3HWN,C,,CYS,25,SG,BD3,G,C24,2,2,"[""SOURCE_COVPDB"",""SOURCE_RCSB_PDB_DIRECT""]","[""SOURCE_COVPDB:CovPDB_complexes/3hwn/3hwn.pdb#LINK00743"",""SOURCE_RCSB_PDB_DIRECT:3HWN:covale3""]",false,,,[],NOT_APPLICABLE_NOT_YET_PROCESSED,NOT_YET_EXECUTED,PENDING_STRUCTURE_PROCESSING_NOT_YET_RULE_EVALUABLE
462,INCREMENTAL_251_500,MULTI_SOURCE_PROVENANCE,COVAPIE_CYS_SG_EVENT_V1:3HWN:D:CYS:25-:SG:H:BD3:C24,3HWN,D,,CYS,25,SG,BD3,H,C24,2,2,"[""SOURCE_COVPDB"",""SOURCE_RCSB_PDB_DIRECT""]","[""SOURCE_COVPDB:CovPDB_complexes/3hwn/3hwn.pdb#LINK00744"",""SOURCE_RCSB_PDB_DIRECT:3HWN:covale4""]",false,,,[],NOT_APPLICABLE_NOT_YET_PROCESSED,NOT_YET_EXECUTED,PENDING_STRUCTURE_PROCESSING_NOT_YET_RULE_EVALUABLE
463,INCREMENTAL_251_500,MULTI_SOURCE_PROVENANCE,COVAPIE_CYS_SG_EVENT_V1:3I06:A:CYS:25-:SG:B:QL2:CAS,3I06,A,,CYS,25,SG,QL2,B,CAS,2,2,"[""SOURCE_COVPDB"",""SOURCE_RCSB_PDB_DIRECT""]","[""SOURCE_COVPDB:CovPDB_complexes/3i06/3i06.pdb#LINK00410"",""SOURCE_RCSB_PDB_DIRECT:3I06:covale1""]",false,,,[],NOT_APPLICABLE_NOT_YET_PROCESSED,NOT_YET_EXECUTED,PENDING_STRUCTURE_PROCESSING_NOT_YET_RULE_EVALUABLE
464,INCREMENTAL_251_500,MULTI_SOURCE_PROVENANCE,COVAPIE_CYS_SG_EVENT_V1:3I4A:A:CYS:274-:SG:C:LN5:CZ,3I4A,A,,CYS,274,SG,LN5,C,CZ,3,3,"[""SOURCE_COVBINDERINPDB"",""SOURCE_COVPDB"",""SOURCE_RCSB_PDB_DIRECT""]","[""SOURCE_COVBINDERINPDB:CBR004258"",""SOURCE_COVPDB:CovPDB_complexes/3i4a/3i4a.pdb#LINK00576"",""SOURCE_RCSB_PDB_DIRECT:3I4A:covale1""]",false,,,[],NOT_APPLICABLE_NOT_YET_PROCESSED,NOT_YET_EXECUTED,PENDING_STRUCTURE_PROCESSING_NOT_YET_RULE_EVALUABLE
465,INCREMENTAL_251_500,MULTI_SOURCE_PROVENANCE,COVAPIE_CYS_SG_EVENT_V1:3I4A:B:CYS:274-:SG:D:LN5:CZ,3I4A,B,,CYS,274,SG,LN5,D,CZ,3,3,"[""SOURCE_COVBINDERINPDB"",""SOURCE_COVPDB"",""SOURCE_RCSB_PDB_DIRECT""]","[""SOURCE_COVBINDERINPDB:CBR004259"",""SOURCE_COVPDB:CovPDB_complexes/3i4a/3i4a.pdb#LINK00577"",""SOURCE_RCSB_PDB_DIRECT:3I4A:covale2""]",false,,,[],NOT_APPLICABLE_NOT_YET_PROCESSED,NOT_YET_EXECUTED,PENDING_STRUCTURE_PROCESSING_NOT_YET_RULE_EVALUABLE
466,INCREMENTAL_251_500,MULTI_SOURCE_PROVENANCE,COVAPIE_CYS_SG_EVENT_V1:3IKA:A:CYS:797-:SG:C:0UN:CAP,3IKA,A,,CYS,797,SG,0UN,C,CAP,2,2,"[""SOURCE_COVBINDERINPDB"",""SOURCE_RCSB_PDB_DIRECT""]","[""SOURCE_COVBINDERINPDB:CBR000181"",""SOURCE_RCSB_PDB_DIRECT:3IKA:covale1""]",false,,,[],NOT_APPLICABLE_NOT_YET_PROCESSED,NOT_YET_EXECUTED,PENDING_STRUCTURE_PROCESSING_NOT_YET_RULE_EVALUABLE
467,INCREMENTAL_251_500,MULTI_SOURCE_PROVENANCE,COVAPIE_CYS_SG_EVENT_V1:3IOQ:A:CYS:25-:SG:B:E64:C2,3IOQ,A,,CYS,25,SG,E64,B,C2,2,2,"[""SOURCE_COVPDB"",""SOURCE_RCSB_PDB_DIRECT""]","[""SOURCE_COVPDB:CovPDB_complexes/3ioq/3ioq.pdb#LINK00457"",""SOURCE_RCSB_PDB_DIRECT:3IOQ:covale1""]",false,,,[],NOT_APPLICABLE_NOT_YET_PROCESSED,NOT_YET_EXECUTED,PENDING_STRUCTURE_PROCESSING_NOT_YET_RULE_EVALUABLE
468,INCREMENTAL_251_500,MULTI_SOURCE_PROVENANCE,COVAPIE_CYS_SG_EVENT_V1:3IUT:A:CYS:25-:SG:B:KB2:C22,3IUT,A,,CYS,25,SG,KB2,B,C22,3,3,"[""SOURCE_COVBINDERINPDB"",""SOURCE_COVPDB"",""SOURCE_RCSB_PDB_DIRECT""]","[""SOURCE_COVBINDERINPDB:CBR002691"",""SOURCE_COVPDB:CovPDB_complexes/3iut/3iut.pdb#LINK00422"",""SOURCE_RCSB_PDB_DIRECT:3IUT:covale1""]",false,,,[],NOT_APPLICABLE_NOT_YET_PROCESSED,NOT_YET_EXECUTED,PENDING_STRUCTURE_PROCESSING_NOT_YET_RULE_EVALUABLE
469,INCREMENTAL_251_500,MULTI_SOURCE_PROVENANCE,COVAPIE_CYS_SG_EVENT_V1:3KHU:A:CYS:276-:SG:G:UPG:C6',3KHU,A,,CYS,276,SG,UPG,G,C6',3,3,"[""SOURCE_COVBINDERINPDB"",""SOURCE_COVPDB"",""SOURCE_RCSB_PDB_DIRECT""]","[""SOURCE_COVBINDERINPDB:CBR000889"",""SOURCE_COVPDB:CovPDB_complexes/3khu/3khu.pdb#LINK01591"",""SOURCE_RCSB_PDB_DIRECT:3KHU:covale1""]",false,,,[],NOT_APPLICABLE_NOT_YET_PROCESSED,NOT_YET_EXECUTED,PENDING_STRUCTURE_PROCESSING_NOT_YET_RULE_EVALUABLE
470,INCREMENTAL_251_500,MULTI_SOURCE_PROVENANCE,COVAPIE_CYS_SG_EVENT_V1:3KHU:B:CYS:276-:SG:L:UPG:C6',3KHU,B,,CYS,276,SG,UPG,L,C6',3,3,"[""SOURCE_COVBINDERINPDB"",""SOURCE_COVPDB"",""SOURCE_RCSB_PDB_DIRECT""]","[""SOURCE_COVBINDERINPDB:CBR000890"",""SOURCE_COVPDB:CovPDB_complexes/3khu/3khu.pdb#LINK01592"",""SOURCE_RCSB_PDB_DIRECT:3KHU:covale2""]",false,,,[],NOT_APPLICABLE_NOT_YET_PROCESSED,NOT_YET_EXECUTED,PENDING_STRUCTURE_PROCESSING_NOT_YET_RULE_EVALUABLE
471,INCREMENTAL_251_500,MULTI_SOURCE_PROVENANCE,COVAPIE_CYS_SG_EVENT_V1:3KHU:C:CYS:276-:SG:S:UPG:C6',3KHU,C,,CYS,276,SG,UPG,S,C6',3,3,"[""SOURCE_COVBINDERINPDB"",""SOURCE_COVPDB"",""SOURCE_RCSB_PDB_DIRECT""]","[""SOURCE_COVBINDERINPDB:CBR000891"",""SOURCE_COVPDB:CovPDB_complexes/3khu/3khu.pdb#LINK01593"",""SOURCE_RCSB_PDB_DIRECT:3KHU:covale3""]",false,,,[],NOT_APPLICABLE_NOT_YET_PROCESSED,NOT_YET_EXECUTED,PENDING_STRUCTURE_PROCESSING_NOT_YET_RULE_EVALUABLE
472,INCREMENTAL_251_500,MULTI_SOURCE_PROVENANCE,COVAPIE_CYS_SG_EVENT_V1:3KHU:D:CYS:276-:SG:X:UPG:C6',3KHU,D,,CYS,276,SG,UPG,X,C6',3,3,"[""SOURCE_COVBINDERINPDB"",""SOURCE_COVPDB"",""SOURCE_RCSB_PDB_DIRECT""]","[""SOURCE_COVBINDERINPDB:CBR000892"",""SOURCE_COVPDB:CovPDB_complexes/3khu/3khu.pdb#LINK01594"",""SOURCE_RCSB_PDB_DIRECT:3KHU:covale4""]",false,,,[],NOT_APPLICABLE_NOT_YET_PROCESSED,NOT_YET_EXECUTED,PENDING_STRUCTURE_PROCESSING_NOT_YET_RULE_EVALUABLE
473,INCREMENTAL_251_500,MULTI_SOURCE_PROVENANCE,COVAPIE_CYS_SG_EVENT_V1:3KHU:E:CYS:276-:SG:AA:UPG:C6',3KHU,E,,CYS,276,SG,UPG,AA,C6',3,3,"[""SOURCE_COVBINDERINPDB"",""SOURCE_COVPDB"",""SOURCE_RCSB_PDB_DIRECT""]","[""SOURCE_COVBINDERINPDB:CBR000893"",""SOURCE_COVPDB:CovPDB_complexes/3khu/3khu.pdb#LINK01595"",""SOURCE_RCSB_PDB_DIRECT:3KHU:covale5""]",false,,,[],NOT_APPLICABLE_NOT_YET_PROCESSED,NOT_YET_EXECUTED,PENDING_STRUCTURE_PROCESSING_NOT_YET_RULE_EVALUABLE
474,INCREMENTAL_251_500,MULTI_SOURCE_PROVENANCE,COVAPIE_CYS_SG_EVENT_V1:3KHU:F:CYS:276-:SG:IA:UPG:C6',3KHU,F,,CYS,276,SG,UPG,IA,C6',3,3,"[""SOURCE_COVBINDERINPDB"",""SOURCE_COVPDB"",""SOURCE_RCSB_PDB_DIRECT""]","[""SOURCE_COVBINDERINPDB:CBR000894"",""SOURCE_COVPDB:CovPDB_complexes/3khu/3khu.pdb#LINK01596"",""SOURCE_RCSB_PDB_DIRECT:3KHU:covale6""]",false,,,[],NOT_APPLICABLE_NOT_YET_PROCESSED,NOT_YET_EXECUTED,PENDING_STRUCTURE_PROCESSING_NOT_YET_RULE_EVALUABLE
475,INCREMENTAL_251_500,MULTI_SOURCE_PROVENANCE,COVAPIE_CYS_SG_EVENT_V1:3KJF:A:CYS:163-:SG:C:B92:C1,3KJF,A,,CYS,163,SG,B92,C,C1,3,3,"[""SOURCE_COVBINDERINPDB"",""SOURCE_COVPDB"",""SOURCE_RCSB_PDB_DIRECT""]","[""SOURCE_COVBINDERINPDB:CBR003312"",""SOURCE_COVPDB:CovPDB_complexes/3kjf/3kjf.pdb#LINK00425"",""SOURCE_RCSB_PDB_DIRECT:3KJF:covale1""]",false,,,[],NOT_APPLICABLE_NOT_YET_PROCESSED,NOT_YET_EXECUTED,PENDING_STRUCTURE_PROCESSING_NOT_YET_RULE_EVALUABLE
476,INCREMENTAL_251_500,MULTI_SOURCE_PROVENANCE,COVAPIE_CYS_SG_EVENT_V1:3KJN:A:CYS:360-:SG:D:B93:C1,3KJN,A,,CYS,360,SG,B93,D,C1,3,3,"[""SOURCE_COVBINDERINPDB"",""SOURCE_COVPDB"",""SOURCE_RCSB_PDB_DIRECT""]","[""SOURCE_COVBINDERINPDB:CBR003313"",""SOURCE_COVPDB:CovPDB_complexes/3kjn/3kjn.pdb#LINK00454"",""SOURCE_RCSB_PDB_DIRECT:3KJN:covale1""]",false,,,[],NOT_APPLICABLE_NOT_YET_PROCESSED,NOT_YET_EXECUTED,PENDING_STRUCTURE_PROCESSING_NOT_YET_RULE_EVALUABLE
477,INCREMENTAL_251_500,MULTI_SOURCE_PROVENANCE,COVAPIE_CYS_SG_EVENT_V1:3KJQ:A:CYS:360-:SG:C:B94:C1,3KJQ,A,,CYS,360,SG,B94,C,C1,3,3,"[""SOURCE_COVBINDERINPDB"",""SOURCE_COVPDB"",""SOURCE_RCSB_PDB_DIRECT""]","[""SOURCE_COVBINDERINPDB:CBR003314"",""SOURCE_COVPDB:CovPDB_complexes/3kjq/3kjq.pdb#LINK00427"",""SOURCE_RCSB_PDB_DIRECT:3KJQ:covale1""]",false,,,[],NOT_APPLICABLE_NOT_YET_PROCESSED,NOT_YET_EXECUTED,PENDING_STRUCTURE_PROCESSING_NOT_YET_RULE_EVALUABLE
478,INCREMENTAL_251_500,MULTI_SOURCE_PROVENANCE,COVAPIE_CYS_SG_EVENT_V1:3KNE:A:CYS:64-:SG:D:DAW:S2,3KNE,A,,CYS,64,SG,DAW,D,S2,2,2,"[""SOURCE_COVPDB"",""SOURCE_RCSB_PDB_DIRECT""]","[""SOURCE_COVPDB:CovPDB_complexes/3kne/3kne.pdb#LINK00388"",""SOURCE_RCSB_PDB_DIRECT:3KNE:covale1""]",false,,,[],NOT_APPLICABLE_NOT_YET_PROCESSED,NOT_YET_EXECUTED,PENDING_STRUCTURE_PROCESSING_NOT_YET_RULE_EVALUABLE
479,INCREMENTAL_251_500,MULTI_SOURCE_PROVENANCE,COVAPIE_CYS_SG_EVENT_V1:3KR6:A:CYS:115-:SG:B:FFQ:C1,3KR6,A,,CYS,115,SG,FFQ,B,C1,3,3,"[""SOURCE_COVBINDERINPDB"",""SOURCE_COVPDB"",""SOURCE_RCSB_PDB_DIRECT""]","[""SOURCE_COVBINDERINPDB:CBR003417"",""SOURCE_COVPDB:CovPDB_complexes/3kr6/3kr6.pdb#LINK00420"",""SOURCE_RCSB_PDB_DIRECT:3KR6:covale3""]",false,,,[],NOT_APPLICABLE_NOT_YET_PROCESSED,NOT_YET_EXECUTED,PENDING_STRUCTURE_PROCESSING_NOT_YET_RULE_EVALUABLE
480,INCREMENTAL_251_500,MULTI_SOURCE_PROVENANCE,COVAPIE_CYS_SG_EVENT_V1:3KW5:A:CYS:90-:SG:C:GVE:CB,3KW5,A,,CYS,90,SG,GVE,C,CB,2,2,"[""SOURCE_COVBINDERINPDB"",""SOURCE_RCSB_PDB_DIRECT""]","[""SOURCE_COVBINDERINPDB:CBR003358"",""SOURCE_RCSB_PDB_DIRECT:3KW5:covale1""]",false,,,[],NOT_APPLICABLE_NOT_YET_PROCESSED,NOT_YET_EXECUTED,PENDING_STRUCTURE_PROCESSING_NOT_YET_RULE_EVALUABLE
481,INCREMENTAL_251_500,MULTI_SOURCE_PROVENANCE,COVAPIE_CYS_SG_EVENT_V1:3KW9:A:CYS:25-:SG:B:ORG:C9,3KW9,A,,CYS,25,SG,ORG,B,C9,3,3,"[""SOURCE_COVBINDERINPDB"",""SOURCE_COVPDB"",""SOURCE_RCSB_PDB_DIRECT""]","[""SOURCE_COVBINDERINPDB:CBR003362"",""SOURCE_COVPDB:CovPDB_complexes/3kw9/3kw9.pdb#LINK00349"",""SOURCE_RCSB_PDB_DIRECT:3KW9:covale1""]",false,,,[],NOT_APPLICABLE_NOT_YET_PROCESSED,NOT_YET_EXECUTED,PENDING_STRUCTURE_PROCESSING_NOT_YET_RULE_EVALUABLE
482,INCREMENTAL_251_500,MULTI_SOURCE_PROVENANCE,COVAPIE_CYS_SG_EVENT_V1:3KWZ:A:CYS:25-:SG:H:KWZ:C26,3KWZ,A,,CYS,25,SG,KWZ,H,C26,3,3,"[""SOURCE_COVBINDERINPDB"",""SOURCE_COVPDB"",""SOURCE_RCSB_PDB_DIRECT""]","[""SOURCE_COVBINDERINPDB:CBR003361"",""SOURCE_COVPDB:CovPDB_complexes/3kwz/3kwz.pdb#LINK00414"",""SOURCE_RCSB_PDB_DIRECT:3KWZ:covale1""]",false,,,[],NOT_APPLICABLE_NOT_YET_PROCESSED,NOT_YET_EXECUTED,PENDING_STRUCTURE_PROCESSING_NOT_YET_RULE_EVALUABLE
483,INCREMENTAL_251_500,MULTI_SOURCE_PROVENANCE,COVAPIE_CYS_SG_EVENT_V1:3LLE:A:CYS:84-:SG:E:SGE:CAG,3LLE,A,,CYS,84,SG,SGE,E,CAG,2,2,"[""SOURCE_COVBINDERINPDB"",""SOURCE_RCSB_PDB_DIRECT""]","[""SOURCE_COVBINDERINPDB:CBR002124"",""SOURCE_RCSB_PDB_DIRECT:3LLE:covale1""]",false,,,[],NOT_APPLICABLE_NOT_YET_PROCESSED,NOT_YET_EXECUTED,PENDING_STRUCTURE_PROCESSING_NOT_YET_RULE_EVALUABLE
484,INCREMENTAL_251_500,MULTI_SOURCE_PROVENANCE,COVAPIE_CYS_SG_EVENT_V1:3LLE:B:CYS:84-:SG:H:SGE:CAG,3LLE,B,,CYS,84,SG,SGE,H,CAG,2,2,"[""SOURCE_COVBINDERINPDB"",""SOURCE_RCSB_PDB_DIRECT""]","[""SOURCE_COVBINDERINPDB:CBR002125"",""SOURCE_RCSB_PDB_DIRECT:3LLE:covale2""]",false,,,[],NOT_APPLICABLE_NOT_YET_PROCESSED,NOT_YET_EXECUTED,PENDING_STRUCTURE_PROCESSING_NOT_YET_RULE_EVALUABLE
485,INCREMENTAL_251_500,MULTI_SOURCE_PROVENANCE,COVAPIE_CYS_SG_EVENT_V1:3LOK:A:CYS:345-:SG:C:DJK:C51,3LOK,A,,CYS,345,SG,DJK,C,C51,3,3,"[""SOURCE_COVBINDERINPDB"",""SOURCE_COVPDB"",""SOURCE_RCSB_PDB_DIRECT""]","[""SOURCE_COVBINDERINPDB:CBR002316"",""SOURCE_COVPDB:CovPDB_complexes/3lok/3lok.pdb#LINK00594"",""SOURCE_RCSB_PDB_DIRECT:3LOK:covale1""]",false,,,[],NOT_APPLICABLE_NOT_YET_PROCESSED,NOT_YET_EXECUTED,PENDING_STRUCTURE_PROCESSING_NOT_YET_RULE_EVALUABLE
486,INCREMENTAL_251_500,MULTI_SOURCE_PROVENANCE,COVAPIE_CYS_SG_EVENT_V1:3LOK:B:CYS:345-:SG:D:DJK:C51,3LOK,B,,CYS,345,SG,DJK,D,C51,3,3,"[""SOURCE_COVBINDERINPDB"",""SOURCE_COVPDB"",""SOURCE_RCSB_PDB_DIRECT""]","[""SOURCE_COVBINDERINPDB:CBR002317"",""SOURCE_COVPDB:CovPDB_complexes/3lok/3lok.pdb#LINK00595"",""SOURCE_RCSB_PDB_DIRECT:3LOK:covale2""]",false,,,[],NOT_APPLICABLE_NOT_YET_PROCESSED,NOT_YET_EXECUTED,PENDING_STRUCTURE_PROCESSING_NOT_YET_RULE_EVALUABLE
487,INCREMENTAL_251_500,MULTI_SOURCE_PROVENANCE,COVAPIE_CYS_SG_EVENT_V1:3LTH:A:CYS:115-:SG:B:FFQ:C1,3LTH,A,,CYS,115,SG,FFQ,B,C1,3,3,"[""SOURCE_COVBINDERINPDB"",""SOURCE_COVPDB"",""SOURCE_RCSB_PDB_DIRECT""]","[""SOURCE_COVBINDERINPDB:CBR002220"",""SOURCE_COVPDB:CovPDB_complexes/3lth/3lth.pdb#LINK00413"",""SOURCE_RCSB_PDB_DIRECT:3LTH:covale3""]",false,,,[],NOT_APPLICABLE_NOT_YET_PROCESSED,NOT_YET_EXECUTED,PENDING_STRUCTURE_PROCESSING_NOT_YET_RULE_EVALUABLE
488,INCREMENTAL_251_500,MULTI_SOURCE_PROVENANCE,COVAPIE_CYS_SG_EVENT_V1:3LXS:A:CYS:25-:SG:C:4MC:C27,3LXS,A,,CYS,25,SG,4MC,C,C27,3,3,"[""SOURCE_COVBINDERINPDB"",""SOURCE_COVPDB"",""SOURCE_RCSB_PDB_DIRECT""]","[""SOURCE_COVBINDERINPDB:CBR000197"",""SOURCE_COVPDB:CovPDB_complexes/3lxs/3lxs.pdb#LINK00544"",""SOURCE_RCSB_PDB_DIRECT:3LXS:covale1""]",false,,,[],NOT_APPLICABLE_NOT_YET_PROCESSED,NOT_YET_EXECUTED,PENDING_STRUCTURE_PROCESSING_NOT_YET_RULE_EVALUABLE
489,INCREMENTAL_251_500,MULTI_SOURCE_PROVENANCE,COVAPIE_CYS_SG_EVENT_V1:3M2Z:A:CYS:64-:SG:C:BFE:S12,3M2Z,A,,CYS,64,SG,BFE,C,S12,2,2,"[""SOURCE_COVPDB"",""SOURCE_RCSB_PDB_DIRECT""]","[""SOURCE_COVPDB:CovPDB_complexes/3m2z/3m2z.pdb#LINK00378"",""SOURCE_RCSB_PDB_DIRECT:3M2Z:covale1""]",false,,,[],NOT_APPLICABLE_NOT_YET_PROCESSED,NOT_YET_EXECUTED,PENDING_STRUCTURE_PROCESSING_NOT_YET_RULE_EVALUABLE
490,INCREMENTAL_251_500,MULTI_SOURCE_PROVENANCE,COVAPIE_CYS_SG_EVENT_V1:3M5T:A:CYS:64-:SG:C:BFG:S20,3M5T,A,,CYS,64,SG,BFG,C,S20,2,2,"[""SOURCE_COVPDB"",""SOURCE_RCSB_PDB_DIRECT""]","[""SOURCE_COVPDB:CovPDB_complexes/3m5t/3m5t.pdb#LINK00381"",""SOURCE_RCSB_PDB_DIRECT:3M5T:covale1""]",false,,,[],NOT_APPLICABLE_NOT_YET_PROCESSED,NOT_YET_EXECUTED,PENDING_STRUCTURE_PROCESSING_NOT_YET_RULE_EVALUABLE
491,INCREMENTAL_251_500,MULTI_SOURCE_PROVENANCE,COVAPIE_CYS_SG_EVENT_V1:3N4C:A:CYS:25-:SG:C:EF3:C26,3N4C,A,,CYS,25,SG,EF3,C,C26,2,2,"[""SOURCE_COVPDB"",""SOURCE_RCSB_PDB_DIRECT""]","[""SOURCE_COVPDB:CovPDB_complexes/3n4c/3n4c.pdb#LINK00456"",""SOURCE_RCSB_PDB_DIRECT:3N4C:covale1""]",false,,,[],NOT_APPLICABLE_NOT_YET_PROCESSED,NOT_YET_EXECUTED,PENDING_STRUCTURE_PROCESSING_NOT_YET_RULE_EVALUABLE
492,INCREMENTAL_251_500,MULTI_SOURCE_PROVENANCE,COVAPIE_CYS_SG_EVENT_V1:3N4C:B:CYS:25-:SG:E:EF3:C26,3N4C,B,,CYS,25,SG,EF3,E,C26,2,2,"[""SOURCE_COVPDB"",""SOURCE_RCSB_PDB_DIRECT""]","[""SOURCE_COVPDB:CovPDB_complexes/3n4c/3n4c.pdb#LINK00457"",""SOURCE_RCSB_PDB_DIRECT:3N4C:covale2""]",false,,,[],NOT_APPLICABLE_NOT_YET_PROCESSED,NOT_YET_EXECUTED,PENDING_STRUCTURE_PROCESSING_NOT_YET_RULE_EVALUABLE
493,INCREMENTAL_251_500,MULTI_SOURCE_PROVENANCE,COVAPIE_CYS_SG_EVENT_V1:3NPL:B:CYS:97-:SG:F:RU8:C49,3NPL,B,,CYS,97,SG,RU8,F,C49,2,2,"[""SOURCE_COVPDB"",""SOURCE_RCSB_PDB_DIRECT""]","[""SOURCE_COVPDB:CovPDB_complexes/3npl/3npl.pdb#LINK00586"",""SOURCE_RCSB_PDB_DIRECT:3NPL:covale1""]",false,,,[],NOT_APPLICABLE_NOT_YET_PROCESSED,NOT_YET_EXECUTED,PENDING_STRUCTURE_PROCESSING_NOT_YET_RULE_EVALUABLE
494,INCREMENTAL_251_500,MULTI_SOURCE_PROVENANCE,COVAPIE_CYS_SG_EVENT_V1:3O1G:A:CYS:25-:SG:D:O75:C7,3O1G,A,,CYS,25,SG,O75,D,C7,3,3,"[""SOURCE_COVBINDERINPDB"",""SOURCE_COVPDB"",""SOURCE_RCSB_PDB_DIRECT""]","[""SOURCE_COVBINDERINPDB:CBR001237"",""SOURCE_COVPDB:CovPDB_complexes/3o1g/3o1g.pdb#LINK00372"",""SOURCE_RCSB_PDB_DIRECT:3O1G:covale1""]",false,,,[],NOT_APPLICABLE_NOT_YET_PROCESSED,NOT_YET_EXECUTED,PENDING_STRUCTURE_PROCESSING_NOT_YET_RULE_EVALUABLE
495,INCREMENTAL_251_500,MULTI_SOURCE_PROVENANCE,COVAPIE_CYS_SG_EVENT_V1:3O6T:A:CYS:37-:SG:E:PX5:C15,3O6T,A,,CYS,37,SG,PX5,E,C15,3,3,"[""SOURCE_COVBINDERINPDB"",""SOURCE_COVPDB"",""SOURCE_RCSB_PDB_DIRECT""]","[""SOURCE_COVBINDERINPDB:CBR001181"",""SOURCE_COVPDB:CovPDB_complexes/3o6t/3o6t.pdb#LINK00472"",""SOURCE_RCSB_PDB_DIRECT:3O6T:covale1""]",false,,,[],NOT_APPLICABLE_NOT_YET_PROCESSED,NOT_YET_EXECUTED,PENDING_STRUCTURE_PROCESSING_NOT_YET_RULE_EVALUABLE
496,INCREMENTAL_251_500,MULTI_SOURCE_PROVENANCE,COVAPIE_CYS_SG_EVENT_V1:3O6T:C:CYS:37-:SG:G:PX5:C15,3O6T,C,,CYS,37,SG,PX5,G,C15,3,3,"[""SOURCE_COVBINDERINPDB"",""SOURCE_COVPDB"",""SOURCE_RCSB_PDB_DIRECT""]","[""SOURCE_COVBINDERINPDB:CBR001182"",""SOURCE_COVPDB:CovPDB_complexes/3o6t/3o6t.pdb#LINK00473"",""SOURCE_RCSB_PDB_DIRECT:3O6T:covale2""]",false,,,[],NOT_APPLICABLE_NOT_YET_PROCESSED,NOT_YET_EXECUTED,PENDING_STRUCTURE_PROCESSING_NOT_YET_RULE_EVALUABLE
497,INCREMENTAL_251_500,MULTI_SOURCE_PROVENANCE,COVAPIE_CYS_SG_EVENT_V1:3OF8:A:CYS:26-:SG:B:I0Y:C21,3OF8,A,,CYS,26,SG,I0Y,B,C21,3,3,"[""SOURCE_COVBINDERINPDB"",""SOURCE_COVPDB"",""SOURCE_RCSB_PDB_DIRECT""]","[""SOURCE_COVBINDERINPDB:CBR001761"",""SOURCE_COVPDB:CovPDB_complexes/3of8/3of8.pdb#LINK00349"",""SOURCE_RCSB_PDB_DIRECT:3OF8:covale1""]",false,,,[],NOT_APPLICABLE_NOT_YET_PROCESSED,NOT_YET_EXECUTED,PENDING_STRUCTURE_PROCESSING_NOT_YET_RULE_EVALUABLE
498,INCREMENTAL_251_500,MULTI_SOURCE_PROVENANCE,COVAPIE_CYS_SG_EVENT_V1:3OF9:A:CYS:26-:SG:B:I0X:C31,3OF9,A,,CYS,26,SG,I0X,B,C31,3,3,"[""SOURCE_COVBINDERINPDB"",""SOURCE_COVPDB"",""SOURCE_RCSB_PDB_DIRECT""]","[""SOURCE_COVBINDERINPDB:CBR001760"",""SOURCE_COVPDB:CovPDB_complexes/3of9/3of9.pdb#LINK00350"",""SOURCE_RCSB_PDB_DIRECT:3OF9:covale1""]",false,,,[],NOT_APPLICABLE_NOT_YET_PROCESSED,NOT_YET_EXECUTED,PENDING_STRUCTURE_PROCESSING_NOT_YET_RULE_EVALUABLE
499,INCREMENTAL_251_500,MULTI_SOURCE_PROVENANCE,COVAPIE_CYS_SG_EVENT_V1:3ORX:A:CYS:148-:SG:I:1F8:SD,3ORX,A,,CYS,148,SG,1F8,I,SD,2,2,"[""SOURCE_COVPDB"",""SOURCE_RCSB_PDB_DIRECT""]","[""SOURCE_COVPDB:CovPDB_complexes/3orx/3orx.pdb#LINK01468"",""SOURCE_RCSB_PDB_DIRECT:3ORX:covale1""]",false,,,[],NOT_APPLICABLE_NOT_YET_PROCESSED,NOT_YET_EXECUTED,PENDING_STRUCTURE_PROCESSING_NOT_YET_RULE_EVALUABLE
500,INCREMENTAL_251_500,MULTI_SOURCE_PROVENANCE,COVAPIE_CYS_SG_EVENT_V1:3ORX:B:CYS:148-:SG:K:1F8:SD,3ORX,B,,CYS,148,SG,1F8,K,SD,2,2,"[""SOURCE_COVPDB"",""SOURCE_RCSB_PDB_DIRECT""]","[""SOURCE_COVPDB:CovPDB_complexes/3orx/3orx.pdb#LINK01469"",""SOURCE_RCSB_PDB_DIRECT:3ORX:covale4""]",false,,,[],NOT_APPLICABLE_NOT_YET_PROCESSED,NOT_YET_EXECUTED,PENDING_STRUCTURE_PROCESSING_NOT_YET_RULE_EVALUABLE
