case_order,case_id,case_group,scope_id_representation,vector_type,input_rule_ids,input_outcomes,expected_outcome,observed_outcome,expected_reason,observed_reason,required_rule_ids,evaluated_rule_ids,invalid_rule_ids,blocked_rule_ids,failing_rule_ids,rule_evaluations_retained,input_tuple_identity_retained,aggregation_io_used,dispatcher_calls,handler_calls,current_permission,authorized_execution_count,case_passed
1,download_execution_permission__all_pass,canonical_all_pass,download_execution_permission,tuple,ADMIT_001|ADMIT_002|ADMIT_003|ADMIT_004|ADMIT_005|ADMIT_006|ADMIT_007|ADMIT_008|ADMIT_009|ADMIT_011|ADMIT_014,passed|passed|passed|passed|passed|passed|passed|passed|passed|passed|passed,passed,passed,,,ADMIT_001|ADMIT_002|ADMIT_003|ADMIT_004|ADMIT_005|ADMIT_006|ADMIT_007|ADMIT_008|ADMIT_009|ADMIT_011|ADMIT_014,ADMIT_001|ADMIT_002|ADMIT_003|ADMIT_004|ADMIT_005|ADMIT_006|ADMIT_007|ADMIT_008|ADMIT_009|ADMIT_011|ADMIT_014,,,,true,true,false,0,0,false,0,true
2,download_execution_permission__ADMIT_001__blocked,every_required_rule_blocked,download_execution_permission,tuple,ADMIT_001|ADMIT_002|ADMIT_003|ADMIT_004|ADMIT_005|ADMIT_006|ADMIT_007|ADMIT_008|ADMIT_009|ADMIT_011|ADMIT_014,blocked|passed|passed|passed|passed|passed|passed|passed|passed|passed|passed,blocked,blocked,COMBINED_ADMISSION_REQUIRED_RULE_BLOCKED,COMBINED_ADMISSION_REQUIRED_RULE_BLOCKED,ADMIT_001|ADMIT_002|ADMIT_003|ADMIT_004|ADMIT_005|ADMIT_006|ADMIT_007|ADMIT_008|ADMIT_009|ADMIT_011|ADMIT_014,ADMIT_001|ADMIT_002|ADMIT_003|ADMIT_004|ADMIT_005|ADMIT_006|ADMIT_007|ADMIT_008|ADMIT_009|ADMIT_011|ADMIT_014,,ADMIT_001,ADMIT_001,true,true,false,0,0,false,0,true
3,download_execution_permission__ADMIT_001__invalid,every_required_rule_invalid,download_execution_permission,tuple,ADMIT_001|ADMIT_002|ADMIT_003|ADMIT_004|ADMIT_005|ADMIT_006|ADMIT_007|ADMIT_008|ADMIT_009|ADMIT_011|ADMIT_014,invalid|passed|passed|passed|passed|passed|passed|passed|passed|passed|passed,invalid,invalid,COMBINED_ADMISSION_REQUIRED_RULE_INVALID,COMBINED_ADMISSION_REQUIRED_RULE_INVALID,ADMIT_001|ADMIT_002|ADMIT_003|ADMIT_004|ADMIT_005|ADMIT_006|ADMIT_007|ADMIT_008|ADMIT_009|ADMIT_011|ADMIT_014,ADMIT_001|ADMIT_002|ADMIT_003|ADMIT_004|ADMIT_005|ADMIT_006|ADMIT_007|ADMIT_008|ADMIT_009|ADMIT_011|ADMIT_014,ADMIT_001,,ADMIT_001,true,true,false,0,0,false,0,true
4,download_execution_permission__ADMIT_002__blocked,every_required_rule_blocked,download_execution_permission,tuple,ADMIT_001|ADMIT_002|ADMIT_003|ADMIT_004|ADMIT_005|ADMIT_006|ADMIT_007|ADMIT_008|ADMIT_009|ADMIT_011|ADMIT_014,passed|blocked|passed|passed|passed|passed|passed|passed|passed|passed|passed,blocked,blocked,COMBINED_ADMISSION_REQUIRED_RULE_BLOCKED,COMBINED_ADMISSION_REQUIRED_RULE_BLOCKED,ADMIT_001|ADMIT_002|ADMIT_003|ADMIT_004|ADMIT_005|ADMIT_006|ADMIT_007|ADMIT_008|ADMIT_009|ADMIT_011|ADMIT_014,ADMIT_001|ADMIT_002|ADMIT_003|ADMIT_004|ADMIT_005|ADMIT_006|ADMIT_007|ADMIT_008|ADMIT_009|ADMIT_011|ADMIT_014,,ADMIT_002,ADMIT_002,true,true,false,0,0,false,0,true
5,download_execution_permission__ADMIT_002__invalid,every_required_rule_invalid,download_execution_permission,tuple,ADMIT_001|ADMIT_002|ADMIT_003|ADMIT_004|ADMIT_005|ADMIT_006|ADMIT_007|ADMIT_008|ADMIT_009|ADMIT_011|ADMIT_014,passed|invalid|passed|passed|passed|passed|passed|passed|passed|passed|passed,invalid,invalid,COMBINED_ADMISSION_REQUIRED_RULE_INVALID,COMBINED_ADMISSION_REQUIRED_RULE_INVALID,ADMIT_001|ADMIT_002|ADMIT_003|ADMIT_004|ADMIT_005|ADMIT_006|ADMIT_007|ADMIT_008|ADMIT_009|ADMIT_011|ADMIT_014,ADMIT_001|ADMIT_002|ADMIT_003|ADMIT_004|ADMIT_005|ADMIT_006|ADMIT_007|ADMIT_008|ADMIT_009|ADMIT_011|ADMIT_014,ADMIT_002,,ADMIT_002,true,true,false,0,0,false,0,true
6,download_execution_permission__ADMIT_003__blocked,every_required_rule_blocked,download_execution_permission,tuple,ADMIT_001|ADMIT_002|ADMIT_003|ADMIT_004|ADMIT_005|ADMIT_006|ADMIT_007|ADMIT_008|ADMIT_009|ADMIT_011|ADMIT_014,passed|passed|blocked|passed|passed|passed|passed|passed|passed|passed|passed,blocked,blocked,COMBINED_ADMISSION_REQUIRED_RULE_BLOCKED,COMBINED_ADMISSION_REQUIRED_RULE_BLOCKED,ADMIT_001|ADMIT_002|ADMIT_003|ADMIT_004|ADMIT_005|ADMIT_006|ADMIT_007|ADMIT_008|ADMIT_009|ADMIT_011|ADMIT_014,ADMIT_001|ADMIT_002|ADMIT_003|ADMIT_004|ADMIT_005|ADMIT_006|ADMIT_007|ADMIT_008|ADMIT_009|ADMIT_011|ADMIT_014,,ADMIT_003,ADMIT_003,true,true,false,0,0,false,0,true
7,download_execution_permission__ADMIT_003__invalid,every_required_rule_invalid,download_execution_permission,tuple,ADMIT_001|ADMIT_002|ADMIT_003|ADMIT_004|ADMIT_005|ADMIT_006|ADMIT_007|ADMIT_008|ADMIT_009|ADMIT_011|ADMIT_014,passed|passed|invalid|passed|passed|passed|passed|passed|passed|passed|passed,invalid,invalid,COMBINED_ADMISSION_REQUIRED_RULE_INVALID,COMBINED_ADMISSION_REQUIRED_RULE_INVALID,ADMIT_001|ADMIT_002|ADMIT_003|ADMIT_004|ADMIT_005|ADMIT_006|ADMIT_007|ADMIT_008|ADMIT_009|ADMIT_011|ADMIT_014,ADMIT_001|ADMIT_002|ADMIT_003|ADMIT_004|ADMIT_005|ADMIT_006|ADMIT_007|ADMIT_008|ADMIT_009|ADMIT_011|ADMIT_014,ADMIT_003,,ADMIT_003,true,true,false,0,0,false,0,true
8,download_execution_permission__ADMIT_004__blocked,every_required_rule_blocked,download_execution_permission,tuple,ADMIT_001|ADMIT_002|ADMIT_003|ADMIT_004|ADMIT_005|ADMIT_006|ADMIT_007|ADMIT_008|ADMIT_009|ADMIT_011|ADMIT_014,passed|passed|passed|blocked|passed|passed|passed|passed|passed|passed|passed,blocked,blocked,COMBINED_ADMISSION_REQUIRED_RULE_BLOCKED,COMBINED_ADMISSION_REQUIRED_RULE_BLOCKED,ADMIT_001|ADMIT_002|ADMIT_003|ADMIT_004|ADMIT_005|ADMIT_006|ADMIT_007|ADMIT_008|ADMIT_009|ADMIT_011|ADMIT_014,ADMIT_001|ADMIT_002|ADMIT_003|ADMIT_004|ADMIT_005|ADMIT_006|ADMIT_007|ADMIT_008|ADMIT_009|ADMIT_011|ADMIT_014,,ADMIT_004,ADMIT_004,true,true,false,0,0,false,0,true
9,download_execution_permission__ADMIT_004__invalid,every_required_rule_invalid,download_execution_permission,tuple,ADMIT_001|ADMIT_002|ADMIT_003|ADMIT_004|ADMIT_005|ADMIT_006|ADMIT_007|ADMIT_008|ADMIT_009|ADMIT_011|ADMIT_014,passed|passed|passed|invalid|passed|passed|passed|passed|passed|passed|passed,invalid,invalid,COMBINED_ADMISSION_REQUIRED_RULE_INVALID,COMBINED_ADMISSION_REQUIRED_RULE_INVALID,ADMIT_001|ADMIT_002|ADMIT_003|ADMIT_004|ADMIT_005|ADMIT_006|ADMIT_007|ADMIT_008|ADMIT_009|ADMIT_011|ADMIT_014,ADMIT_001|ADMIT_002|ADMIT_003|ADMIT_004|ADMIT_005|ADMIT_006|ADMIT_007|ADMIT_008|ADMIT_009|ADMIT_011|ADMIT_014,ADMIT_004,,ADMIT_004,true,true,false,0,0,false,0,true
10,download_execution_permission__ADMIT_005__blocked,every_required_rule_blocked,download_execution_permission,tuple,ADMIT_001|ADMIT_002|ADMIT_003|ADMIT_004|ADMIT_005|ADMIT_006|ADMIT_007|ADMIT_008|ADMIT_009|ADMIT_011|ADMIT_014,passed|passed|passed|passed|blocked|passed|passed|passed|passed|passed|passed,blocked,blocked,COMBINED_ADMISSION_REQUIRED_RULE_BLOCKED,COMBINED_ADMISSION_REQUIRED_RULE_BLOCKED,ADMIT_001|ADMIT_002|ADMIT_003|ADMIT_004|ADMIT_005|ADMIT_006|ADMIT_007|ADMIT_008|ADMIT_009|ADMIT_011|ADMIT_014,ADMIT_001|ADMIT_002|ADMIT_003|ADMIT_004|ADMIT_005|ADMIT_006|ADMIT_007|ADMIT_008|ADMIT_009|ADMIT_011|ADMIT_014,,ADMIT_005,ADMIT_005,true,true,false,0,0,false,0,true
11,download_execution_permission__ADMIT_005__invalid,every_required_rule_invalid,download_execution_permission,tuple,ADMIT_001|ADMIT_002|ADMIT_003|ADMIT_004|ADMIT_005|ADMIT_006|ADMIT_007|ADMIT_008|ADMIT_009|ADMIT_011|ADMIT_014,passed|passed|passed|passed|invalid|passed|passed|passed|passed|passed|passed,invalid,invalid,COMBINED_ADMISSION_REQUIRED_RULE_INVALID,COMBINED_ADMISSION_REQUIRED_RULE_INVALID,ADMIT_001|ADMIT_002|ADMIT_003|ADMIT_004|ADMIT_005|ADMIT_006|ADMIT_007|ADMIT_008|ADMIT_009|ADMIT_011|ADMIT_014,ADMIT_001|ADMIT_002|ADMIT_003|ADMIT_004|ADMIT_005|ADMIT_006|ADMIT_007|ADMIT_008|ADMIT_009|ADMIT_011|ADMIT_014,ADMIT_005,,ADMIT_005,true,true,false,0,0,false,0,true
12,download_execution_permission__ADMIT_006__blocked,every_required_rule_blocked,download_execution_permission,tuple,ADMIT_001|ADMIT_002|ADMIT_003|ADMIT_004|ADMIT_005|ADMIT_006|ADMIT_007|ADMIT_008|ADMIT_009|ADMIT_011|ADMIT_014,passed|passed|passed|passed|passed|blocked|passed|passed|passed|passed|passed,blocked,blocked,COMBINED_ADMISSION_REQUIRED_RULE_BLOCKED,COMBINED_ADMISSION_REQUIRED_RULE_BLOCKED,ADMIT_001|ADMIT_002|ADMIT_003|ADMIT_004|ADMIT_005|ADMIT_006|ADMIT_007|ADMIT_008|ADMIT_009|ADMIT_011|ADMIT_014,ADMIT_001|ADMIT_002|ADMIT_003|ADMIT_004|ADMIT_005|ADMIT_006|ADMIT_007|ADMIT_008|ADMIT_009|ADMIT_011|ADMIT_014,,ADMIT_006,ADMIT_006,true,true,false,0,0,false,0,true
13,download_execution_permission__ADMIT_006__invalid,every_required_rule_invalid,download_execution_permission,tuple,ADMIT_001|ADMIT_002|ADMIT_003|ADMIT_004|ADMIT_005|ADMIT_006|ADMIT_007|ADMIT_008|ADMIT_009|ADMIT_011|ADMIT_014,passed|passed|passed|passed|passed|invalid|passed|passed|passed|passed|passed,invalid,invalid,COMBINED_ADMISSION_REQUIRED_RULE_INVALID,COMBINED_ADMISSION_REQUIRED_RULE_INVALID,ADMIT_001|ADMIT_002|ADMIT_003|ADMIT_004|ADMIT_005|ADMIT_006|ADMIT_007|ADMIT_008|ADMIT_009|ADMIT_011|ADMIT_014,ADMIT_001|ADMIT_002|ADMIT_003|ADMIT_004|ADMIT_005|ADMIT_006|ADMIT_007|ADMIT_008|ADMIT_009|ADMIT_011|ADMIT_014,ADMIT_006,,ADMIT_006,true,true,false,0,0,false,0,true
14,download_execution_permission__ADMIT_007__blocked,every_required_rule_blocked,download_execution_permission,tuple,ADMIT_001|ADMIT_002|ADMIT_003|ADMIT_004|ADMIT_005|ADMIT_006|ADMIT_007|ADMIT_008|ADMIT_009|ADMIT_011|ADMIT_014,passed|passed|passed|passed|passed|passed|blocked|passed|passed|passed|passed,blocked,blocked,COMBINED_ADMISSION_REQUIRED_RULE_BLOCKED,COMBINED_ADMISSION_REQUIRED_RULE_BLOCKED,ADMIT_001|ADMIT_002|ADMIT_003|ADMIT_004|ADMIT_005|ADMIT_006|ADMIT_007|ADMIT_008|ADMIT_009|ADMIT_011|ADMIT_014,ADMIT_001|ADMIT_002|ADMIT_003|ADMIT_004|ADMIT_005|ADMIT_006|ADMIT_007|ADMIT_008|ADMIT_009|ADMIT_011|ADMIT_014,,ADMIT_007,ADMIT_007,true,true,false,0,0,false,0,true
15,download_execution_permission__ADMIT_007__invalid,every_required_rule_invalid,download_execution_permission,tuple,ADMIT_001|ADMIT_002|ADMIT_003|ADMIT_004|ADMIT_005|ADMIT_006|ADMIT_007|ADMIT_008|ADMIT_009|ADMIT_011|ADMIT_014,passed|passed|passed|passed|passed|passed|invalid|passed|passed|passed|passed,invalid,invalid,COMBINED_ADMISSION_REQUIRED_RULE_INVALID,COMBINED_ADMISSION_REQUIRED_RULE_INVALID,ADMIT_001|ADMIT_002|ADMIT_003|ADMIT_004|ADMIT_005|ADMIT_006|ADMIT_007|ADMIT_008|ADMIT_009|ADMIT_011|ADMIT_014,ADMIT_001|ADMIT_002|ADMIT_003|ADMIT_004|ADMIT_005|ADMIT_006|ADMIT_007|ADMIT_008|ADMIT_009|ADMIT_011|ADMIT_014,ADMIT_007,,ADMIT_007,true,true,false,0,0,false,0,true
16,download_execution_permission__ADMIT_008__blocked,every_required_rule_blocked,download_execution_permission,tuple,ADMIT_001|ADMIT_002|ADMIT_003|ADMIT_004|ADMIT_005|ADMIT_006|ADMIT_007|ADMIT_008|ADMIT_009|ADMIT_011|ADMIT_014,passed|passed|passed|passed|passed|passed|passed|blocked|passed|passed|passed,blocked,blocked,COMBINED_ADMISSION_REQUIRED_RULE_BLOCKED,COMBINED_ADMISSION_REQUIRED_RULE_BLOCKED,ADMIT_001|ADMIT_002|ADMIT_003|ADMIT_004|ADMIT_005|ADMIT_006|ADMIT_007|ADMIT_008|ADMIT_009|ADMIT_011|ADMIT_014,ADMIT_001|ADMIT_002|ADMIT_003|ADMIT_004|ADMIT_005|ADMIT_006|ADMIT_007|ADMIT_008|ADMIT_009|ADMIT_011|ADMIT_014,,ADMIT_008,ADMIT_008,true,true,false,0,0,false,0,true
17,download_execution_permission__ADMIT_008__invalid,every_required_rule_invalid,download_execution_permission,tuple,ADMIT_001|ADMIT_002|ADMIT_003|ADMIT_004|ADMIT_005|ADMIT_006|ADMIT_007|ADMIT_008|ADMIT_009|ADMIT_011|ADMIT_014,passed|passed|passed|passed|passed|passed|passed|invalid|passed|passed|passed,invalid,invalid,COMBINED_ADMISSION_REQUIRED_RULE_INVALID,COMBINED_ADMISSION_REQUIRED_RULE_INVALID,ADMIT_001|ADMIT_002|ADMIT_003|ADMIT_004|ADMIT_005|ADMIT_006|ADMIT_007|ADMIT_008|ADMIT_009|ADMIT_011|ADMIT_014,ADMIT_001|ADMIT_002|ADMIT_003|ADMIT_004|ADMIT_005|ADMIT_006|ADMIT_007|ADMIT_008|ADMIT_009|ADMIT_011|ADMIT_014,ADMIT_008,,ADMIT_008,true,true,false,0,0,false,0,true
18,download_execution_permission__ADMIT_009__blocked,every_required_rule_blocked,download_execution_permission,tuple,ADMIT_001|ADMIT_002|ADMIT_003|ADMIT_004|ADMIT_005|ADMIT_006|ADMIT_007|ADMIT_008|ADMIT_009|ADMIT_011|ADMIT_014,passed|passed|passed|passed|passed|passed|passed|passed|blocked|passed|passed,blocked,blocked,COMBINED_ADMISSION_REQUIRED_RULE_BLOCKED,COMBINED_ADMISSION_REQUIRED_RULE_BLOCKED,ADMIT_001|ADMIT_002|ADMIT_003|ADMIT_004|ADMIT_005|ADMIT_006|ADMIT_007|ADMIT_008|ADMIT_009|ADMIT_011|ADMIT_014,ADMIT_001|ADMIT_002|ADMIT_003|ADMIT_004|ADMIT_005|ADMIT_006|ADMIT_007|ADMIT_008|ADMIT_009|ADMIT_011|ADMIT_014,,ADMIT_009,ADMIT_009,true,true,false,0,0,false,0,true
19,download_execution_permission__ADMIT_009__invalid,every_required_rule_invalid,download_execution_permission,tuple,ADMIT_001|ADMIT_002|ADMIT_003|ADMIT_004|ADMIT_005|ADMIT_006|ADMIT_007|ADMIT_008|ADMIT_009|ADMIT_011|ADMIT_014,passed|passed|passed|passed|passed|passed|passed|passed|invalid|passed|passed,invalid,invalid,COMBINED_ADMISSION_REQUIRED_RULE_INVALID,COMBINED_ADMISSION_REQUIRED_RULE_INVALID,ADMIT_001|ADMIT_002|ADMIT_003|ADMIT_004|ADMIT_005|ADMIT_006|ADMIT_007|ADMIT_008|ADMIT_009|ADMIT_011|ADMIT_014,ADMIT_001|ADMIT_002|ADMIT_003|ADMIT_004|ADMIT_005|ADMIT_006|ADMIT_007|ADMIT_008|ADMIT_009|ADMIT_011|ADMIT_014,ADMIT_009,,ADMIT_009,true,true,false,0,0,false,0,true
20,download_execution_permission__ADMIT_011__blocked,every_required_rule_blocked,download_execution_permission,tuple,ADMIT_001|ADMIT_002|ADMIT_003|ADMIT_004|ADMIT_005|ADMIT_006|ADMIT_007|ADMIT_008|ADMIT_009|ADMIT_011|ADMIT_014,passed|passed|passed|passed|passed|passed|passed|passed|passed|blocked|passed,blocked,blocked,COMBINED_ADMISSION_REQUIRED_RULE_BLOCKED,COMBINED_ADMISSION_REQUIRED_RULE_BLOCKED,ADMIT_001|ADMIT_002|ADMIT_003|ADMIT_004|ADMIT_005|ADMIT_006|ADMIT_007|ADMIT_008|ADMIT_009|ADMIT_011|ADMIT_014,ADMIT_001|ADMIT_002|ADMIT_003|ADMIT_004|ADMIT_005|ADMIT_006|ADMIT_007|ADMIT_008|ADMIT_009|ADMIT_011|ADMIT_014,,ADMIT_011,ADMIT_011,true,true,false,0,0,false,0,true
21,download_execution_permission__ADMIT_011__invalid,every_required_rule_invalid,download_execution_permission,tuple,ADMIT_001|ADMIT_002|ADMIT_003|ADMIT_004|ADMIT_005|ADMIT_006|ADMIT_007|ADMIT_008|ADMIT_009|ADMIT_011|ADMIT_014,passed|passed|passed|passed|passed|passed|passed|passed|passed|invalid|passed,invalid,invalid,COMBINED_ADMISSION_REQUIRED_RULE_INVALID,COMBINED_ADMISSION_REQUIRED_RULE_INVALID,ADMIT_001|ADMIT_002|ADMIT_003|ADMIT_004|ADMIT_005|ADMIT_006|ADMIT_007|ADMIT_008|ADMIT_009|ADMIT_011|ADMIT_014,ADMIT_001|ADMIT_002|ADMIT_003|ADMIT_004|ADMIT_005|ADMIT_006|ADMIT_007|ADMIT_008|ADMIT_009|ADMIT_011|ADMIT_014,ADMIT_011,,ADMIT_011,true,true,false,0,0,false,0,true
22,download_execution_permission__ADMIT_014__blocked,every_required_rule_blocked,download_execution_permission,tuple,ADMIT_001|ADMIT_002|ADMIT_003|ADMIT_004|ADMIT_005|ADMIT_006|ADMIT_007|ADMIT_008|ADMIT_009|ADMIT_011|ADMIT_014,passed|passed|passed|passed|passed|passed|passed|passed|passed|passed|blocked,blocked,blocked,COMBINED_ADMISSION_REQUIRED_RULE_BLOCKED,COMBINED_ADMISSION_REQUIRED_RULE_BLOCKED,ADMIT_001|ADMIT_002|ADMIT_003|ADMIT_004|ADMIT_005|ADMIT_006|ADMIT_007|ADMIT_008|ADMIT_009|ADMIT_011|ADMIT_014,ADMIT_001|ADMIT_002|ADMIT_003|ADMIT_004|ADMIT_005|ADMIT_006|ADMIT_007|ADMIT_008|ADMIT_009|ADMIT_011|ADMIT_014,,ADMIT_014,ADMIT_014,true,true,false,0,0,false,0,true
23,download_execution_permission__ADMIT_014__invalid,every_required_rule_invalid,download_execution_permission,tuple,ADMIT_001|ADMIT_002|ADMIT_003|ADMIT_004|ADMIT_005|ADMIT_006|ADMIT_007|ADMIT_008|ADMIT_009|ADMIT_011|ADMIT_014,passed|passed|passed|passed|passed|passed|passed|passed|passed|passed|invalid,invalid,invalid,COMBINED_ADMISSION_REQUIRED_RULE_INVALID,COMBINED_ADMISSION_REQUIRED_RULE_INVALID,ADMIT_001|ADMIT_002|ADMIT_003|ADMIT_004|ADMIT_005|ADMIT_006|ADMIT_007|ADMIT_008|ADMIT_009|ADMIT_011|ADMIT_014,ADMIT_001|ADMIT_002|ADMIT_003|ADMIT_004|ADMIT_005|ADMIT_006|ADMIT_007|ADMIT_008|ADMIT_009|ADMIT_011|ADMIT_014,ADMIT_014,,ADMIT_014,true,true,false,0,0,false,0,true
24,download_execution_permission__missing_first,missing_required,download_execution_permission,tuple,ADMIT_002|ADMIT_003|ADMIT_004|ADMIT_005|ADMIT_006|ADMIT_007|ADMIT_008|ADMIT_009|ADMIT_011|ADMIT_014,passed|passed|passed|passed|passed|passed|passed|passed|passed|passed,invalid,invalid,COMBINED_ADMISSION_RULE_MEMBERSHIP_INVALID,COMBINED_ADMISSION_RULE_MEMBERSHIP_INVALID,ADMIT_001|ADMIT_002|ADMIT_003|ADMIT_004|ADMIT_005|ADMIT_006|ADMIT_007|ADMIT_008|ADMIT_009|ADMIT_011|ADMIT_014,ADMIT_002|ADMIT_003|ADMIT_004|ADMIT_005|ADMIT_006|ADMIT_007|ADMIT_008|ADMIT_009|ADMIT_011|ADMIT_014,,,,false,false,false,0,0,false,0,true
25,download_execution_permission__missing_middle,missing_required,download_execution_permission,tuple,ADMIT_001|ADMIT_002|ADMIT_003|ADMIT_004|ADMIT_005|ADMIT_007|ADMIT_008|ADMIT_009|ADMIT_011|ADMIT_014,passed|passed|passed|passed|passed|passed|passed|passed|passed|passed,invalid,invalid,COMBINED_ADMISSION_RULE_MEMBERSHIP_INVALID,COMBINED_ADMISSION_RULE_MEMBERSHIP_INVALID,ADMIT_001|ADMIT_002|ADMIT_003|ADMIT_004|ADMIT_005|ADMIT_006|ADMIT_007|ADMIT_008|ADMIT_009|ADMIT_011|ADMIT_014,ADMIT_001|ADMIT_002|ADMIT_003|ADMIT_004|ADMIT_005|ADMIT_007|ADMIT_008|ADMIT_009|ADMIT_011|ADMIT_014,,,,false,false,false,0,0,false,0,true
26,download_execution_permission__missing_last,missing_required,download_execution_permission,tuple,ADMIT_001|ADMIT_002|ADMIT_003|ADMIT_004|ADMIT_005|ADMIT_006|ADMIT_007|ADMIT_008|ADMIT_009|ADMIT_011,passed|passed|passed|passed|passed|passed|passed|passed|passed|passed,invalid,invalid,COMBINED_ADMISSION_RULE_MEMBERSHIP_INVALID,COMBINED_ADMISSION_RULE_MEMBERSHIP_INVALID,ADMIT_001|ADMIT_002|ADMIT_003|ADMIT_004|ADMIT_005|ADMIT_006|ADMIT_007|ADMIT_008|ADMIT_009|ADMIT_011|ADMIT_014,ADMIT_001|ADMIT_002|ADMIT_003|ADMIT_004|ADMIT_005|ADMIT_006|ADMIT_007|ADMIT_008|ADMIT_009|ADMIT_011,,,,false,false,false,0,0,false,0,true
27,download_execution_permission__multi_blocked,multi_blocked_full_collection,download_execution_permission,tuple,ADMIT_001|ADMIT_002|ADMIT_003|ADMIT_004|ADMIT_005|ADMIT_006|ADMIT_007|ADMIT_008|ADMIT_009|ADMIT_011|ADMIT_014,blocked|passed|passed|passed|passed|passed|passed|passed|passed|passed|blocked,blocked,blocked,COMBINED_ADMISSION_REQUIRED_RULE_BLOCKED,COMBINED_ADMISSION_REQUIRED_RULE_BLOCKED,ADMIT_001|ADMIT_002|ADMIT_003|ADMIT_004|ADMIT_005|ADMIT_006|ADMIT_007|ADMIT_008|ADMIT_009|ADMIT_011|ADMIT_014,ADMIT_001|ADMIT_002|ADMIT_003|ADMIT_004|ADMIT_005|ADMIT_006|ADMIT_007|ADMIT_008|ADMIT_009|ADMIT_011|ADMIT_014,,ADMIT_001|ADMIT_014,ADMIT_001|ADMIT_014,true,true,false,0,0,false,0,true
28,download_execution_permission__multi_invalid,multi_invalid_full_collection,download_execution_permission,tuple,ADMIT_001|ADMIT_002|ADMIT_003|ADMIT_004|ADMIT_005|ADMIT_006|ADMIT_007|ADMIT_008|ADMIT_009|ADMIT_011|ADMIT_014,invalid|passed|passed|passed|passed|passed|passed|passed|passed|passed|invalid,invalid,invalid,COMBINED_ADMISSION_REQUIRED_RULE_INVALID,COMBINED_ADMISSION_REQUIRED_RULE_INVALID,ADMIT_001|ADMIT_002|ADMIT_003|ADMIT_004|ADMIT_005|ADMIT_006|ADMIT_007|ADMIT_008|ADMIT_009|ADMIT_011|ADMIT_014,ADMIT_001|ADMIT_002|ADMIT_003|ADMIT_004|ADMIT_005|ADMIT_006|ADMIT_007|ADMIT_008|ADMIT_009|ADMIT_011|ADMIT_014,ADMIT_001|ADMIT_014,,ADMIT_001|ADMIT_014,true,true,false,0,0,false,0,true
29,download_execution_permission__invalid_and_blocked,invalid_blocked_full_collection,download_execution_permission,tuple,ADMIT_001|ADMIT_002|ADMIT_003|ADMIT_004|ADMIT_005|ADMIT_006|ADMIT_007|ADMIT_008|ADMIT_009|ADMIT_011|ADMIT_014,blocked|invalid|passed|passed|passed|passed|passed|passed|passed|passed|passed,invalid,invalid,COMBINED_ADMISSION_REQUIRED_RULE_INVALID,COMBINED_ADMISSION_REQUIRED_RULE_INVALID,ADMIT_001|ADMIT_002|ADMIT_003|ADMIT_004|ADMIT_005|ADMIT_006|ADMIT_007|ADMIT_008|ADMIT_009|ADMIT_011|ADMIT_014,ADMIT_001|ADMIT_002|ADMIT_003|ADMIT_004|ADMIT_005|ADMIT_006|ADMIT_007|ADMIT_008|ADMIT_009|ADMIT_011|ADMIT_014,ADMIT_002,ADMIT_001,ADMIT_001|ADMIT_002,true,true,false,0,0,false,0,true
30,download_execution_permission__all_blocked,all_blocked_full_collection,download_execution_permission,tuple,ADMIT_001|ADMIT_002|ADMIT_003|ADMIT_004|ADMIT_005|ADMIT_006|ADMIT_007|ADMIT_008|ADMIT_009|ADMIT_011|ADMIT_014,blocked|blocked|blocked|blocked|blocked|blocked|blocked|blocked|blocked|blocked|blocked,blocked,blocked,COMBINED_ADMISSION_REQUIRED_RULE_BLOCKED,COMBINED_ADMISSION_REQUIRED_RULE_BLOCKED,ADMIT_001|ADMIT_002|ADMIT_003|ADMIT_004|ADMIT_005|ADMIT_006|ADMIT_007|ADMIT_008|ADMIT_009|ADMIT_011|ADMIT_014,ADMIT_001|ADMIT_002|ADMIT_003|ADMIT_004|ADMIT_005|ADMIT_006|ADMIT_007|ADMIT_008|ADMIT_009|ADMIT_011|ADMIT_014,,ADMIT_001|ADMIT_002|ADMIT_003|ADMIT_004|ADMIT_005|ADMIT_006|ADMIT_007|ADMIT_008|ADMIT_009|ADMIT_011|ADMIT_014,ADMIT_001|ADMIT_002|ADMIT_003|ADMIT_004|ADMIT_005|ADMIT_006|ADMIT_007|ADMIT_008|ADMIT_009|ADMIT_011|ADMIT_014,true,true,false,0,0,false,0,true
31,download_execution_permission__all_invalid,all_invalid_full_collection,download_execution_permission,tuple,ADMIT_001|ADMIT_002|ADMIT_003|ADMIT_004|ADMIT_005|ADMIT_006|ADMIT_007|ADMIT_008|ADMIT_009|ADMIT_011|ADMIT_014,invalid|invalid|invalid|invalid|invalid|invalid|invalid|invalid|invalid|invalid|invalid,invalid,invalid,COMBINED_ADMISSION_REQUIRED_RULE_INVALID,COMBINED_ADMISSION_REQUIRED_RULE_INVALID,ADMIT_001|ADMIT_002|ADMIT_003|ADMIT_004|ADMIT_005|ADMIT_006|ADMIT_007|ADMIT_008|ADMIT_009|ADMIT_011|ADMIT_014,ADMIT_001|ADMIT_002|ADMIT_003|ADMIT_004|ADMIT_005|ADMIT_006|ADMIT_007|ADMIT_008|ADMIT_009|ADMIT_011|ADMIT_014,ADMIT_001|ADMIT_002|ADMIT_003|ADMIT_004|ADMIT_005|ADMIT_006|ADMIT_007|ADMIT_008|ADMIT_009|ADMIT_011|ADMIT_014,,ADMIT_001|ADMIT_002|ADMIT_003|ADMIT_004|ADMIT_005|ADMIT_006|ADMIT_007|ADMIT_008|ADMIT_009|ADMIT_011|ADMIT_014,true,true,false,0,0,false,0,true
32,download_execution_permission__extra,extra_rule,download_execution_permission,tuple,ADMIT_001|ADMIT_002|ADMIT_003|ADMIT_004|ADMIT_005|ADMIT_006|ADMIT_007|ADMIT_008|ADMIT_009|ADMIT_011|ADMIT_014|ADMIT_010,passed|passed|passed|passed|passed|passed|passed|passed|passed|passed|passed|passed,invalid,invalid,COMBINED_ADMISSION_RULE_MEMBERSHIP_INVALID,COMBINED_ADMISSION_RULE_MEMBERSHIP_INVALID,ADMIT_001|ADMIT_002|ADMIT_003|ADMIT_004|ADMIT_005|ADMIT_006|ADMIT_007|ADMIT_008|ADMIT_009|ADMIT_011|ADMIT_014,ADMIT_001|ADMIT_002|ADMIT_003|ADMIT_004|ADMIT_005|ADMIT_006|ADMIT_007|ADMIT_008|ADMIT_009|ADMIT_011|ADMIT_014|ADMIT_010,,,,false,false,false,0,0,false,0,true
33,download_execution_permission__duplicate,duplicate_rule,download_execution_permission,tuple,ADMIT_001|ADMIT_002|ADMIT_003|ADMIT_004|ADMIT_005|ADMIT_006|ADMIT_007|ADMIT_008|ADMIT_009|ADMIT_011|ADMIT_014|ADMIT_001,passed|passed|passed|passed|passed|passed|passed|passed|passed|passed|passed|passed,invalid,invalid,COMBINED_ADMISSION_RULE_MEMBERSHIP_INVALID,COMBINED_ADMISSION_RULE_MEMBERSHIP_INVALID,ADMIT_001|ADMIT_002|ADMIT_003|ADMIT_004|ADMIT_005|ADMIT_006|ADMIT_007|ADMIT_008|ADMIT_009|ADMIT_011|ADMIT_014,ADMIT_001|ADMIT_002|ADMIT_003|ADMIT_004|ADMIT_005|ADMIT_006|ADMIT_007|ADMIT_008|ADMIT_009|ADMIT_011|ADMIT_014|ADMIT_001,,,,false,false,false,0,0,false,0,true
34,download_execution_permission__reorder,reordered_rule,download_execution_permission,tuple,ADMIT_002|ADMIT_001|ADMIT_003|ADMIT_004|ADMIT_005|ADMIT_006|ADMIT_007|ADMIT_008|ADMIT_009|ADMIT_011|ADMIT_014,passed|passed|passed|passed|passed|passed|passed|passed|passed|passed|passed,invalid,invalid,COMBINED_ADMISSION_RULE_MEMBERSHIP_INVALID,COMBINED_ADMISSION_RULE_MEMBERSHIP_INVALID,ADMIT_001|ADMIT_002|ADMIT_003|ADMIT_004|ADMIT_005|ADMIT_006|ADMIT_007|ADMIT_008|ADMIT_009|ADMIT_011|ADMIT_014,ADMIT_002|ADMIT_001|ADMIT_003|ADMIT_004|ADMIT_005|ADMIT_006|ADMIT_007|ADMIT_008|ADMIT_009|ADMIT_011|ADMIT_014,,,,false,false,false,0,0,false,0,true
35,download_execution_permission__unknown,unknown_rule,download_execution_permission,tuple,ADMIT_001|ADMIT_002|ADMIT_003|ADMIT_004|ADMIT_005|ADMIT_006|ADMIT_007|ADMIT_008|ADMIT_009|ADMIT_011|ADMIT_999,passed|passed|passed|passed|passed|passed|passed|passed|passed|passed|passed,invalid,invalid,COMBINED_ADMISSION_RULE_MEMBERSHIP_INVALID,COMBINED_ADMISSION_RULE_MEMBERSHIP_INVALID,ADMIT_001|ADMIT_002|ADMIT_003|ADMIT_004|ADMIT_005|ADMIT_006|ADMIT_007|ADMIT_008|ADMIT_009|ADMIT_011|ADMIT_014,ADMIT_001|ADMIT_002|ADMIT_003|ADMIT_004|ADMIT_005|ADMIT_006|ADMIT_007|ADMIT_008|ADMIT_009|ADMIT_011|ADMIT_999,,,,false,false,false,0,0,false,0,true
36,download_execution_permission__scope_external_substitution,scope_external_substitution,download_execution_permission,tuple,ADMIT_001|ADMIT_002|ADMIT_003|ADMIT_004|ADMIT_005|ADMIT_006|ADMIT_007|ADMIT_008|ADMIT_009|ADMIT_011|ADMIT_010,passed|passed|passed|passed|passed|passed|passed|passed|passed|passed|passed,invalid,invalid,COMBINED_ADMISSION_RULE_MEMBERSHIP_INVALID,COMBINED_ADMISSION_RULE_MEMBERSHIP_INVALID,ADMIT_001|ADMIT_002|ADMIT_003|ADMIT_004|ADMIT_005|ADMIT_006|ADMIT_007|ADMIT_008|ADMIT_009|ADMIT_011|ADMIT_014,ADMIT_001|ADMIT_002|ADMIT_003|ADMIT_004|ADMIT_005|ADMIT_006|ADMIT_007|ADMIT_008|ADMIT_009|ADMIT_011|ADMIT_010,,,,false,false,false,0,0,false,0,true
37,post_download_acceptance_permission__all_pass,canonical_all_pass,post_download_acceptance_permission,tuple,ADMIT_001|ADMIT_002|ADMIT_003|ADMIT_004|ADMIT_005|ADMIT_006|ADMIT_007|ADMIT_008|ADMIT_009|ADMIT_011|ADMIT_012|ADMIT_013|ADMIT_014,passed|passed|passed|passed|passed|passed|passed|passed|passed|passed|passed|passed|passed,passed,passed,,,ADMIT_001|ADMIT_002|ADMIT_003|ADMIT_004|ADMIT_005|ADMIT_006|ADMIT_007|ADMIT_008|ADMIT_009|ADMIT_011|ADMIT_012|ADMIT_013|ADMIT_014,ADMIT_001|ADMIT_002|ADMIT_003|ADMIT_004|ADMIT_005|ADMIT_006|ADMIT_007|ADMIT_008|ADMIT_009|ADMIT_011|ADMIT_012|ADMIT_013|ADMIT_014,,,,true,true,false,0,0,false,0,true
38,post_download_acceptance_permission__ADMIT_001__blocked,every_required_rule_blocked,post_download_acceptance_permission,tuple,ADMIT_001|ADMIT_002|ADMIT_003|ADMIT_004|ADMIT_005|ADMIT_006|ADMIT_007|ADMIT_008|ADMIT_009|ADMIT_011|ADMIT_012|ADMIT_013|ADMIT_014,blocked|passed|passed|passed|passed|passed|passed|passed|passed|passed|passed|passed|passed,blocked,blocked,COMBINED_ADMISSION_REQUIRED_RULE_BLOCKED,COMBINED_ADMISSION_REQUIRED_RULE_BLOCKED,ADMIT_001|ADMIT_002|ADMIT_003|ADMIT_004|ADMIT_005|ADMIT_006|ADMIT_007|ADMIT_008|ADMIT_009|ADMIT_011|ADMIT_012|ADMIT_013|ADMIT_014,ADMIT_001|ADMIT_002|ADMIT_003|ADMIT_004|ADMIT_005|ADMIT_006|ADMIT_007|ADMIT_008|ADMIT_009|ADMIT_011|ADMIT_012|ADMIT_013|ADMIT_014,,ADMIT_001,ADMIT_001,true,true,false,0,0,false,0,true
39,post_download_acceptance_permission__ADMIT_001__invalid,every_required_rule_invalid,post_download_acceptance_permission,tuple,ADMIT_001|ADMIT_002|ADMIT_003|ADMIT_004|ADMIT_005|ADMIT_006|ADMIT_007|ADMIT_008|ADMIT_009|ADMIT_011|ADMIT_012|ADMIT_013|ADMIT_014,invalid|passed|passed|passed|passed|passed|passed|passed|passed|passed|passed|passed|passed,invalid,invalid,COMBINED_ADMISSION_REQUIRED_RULE_INVALID,COMBINED_ADMISSION_REQUIRED_RULE_INVALID,ADMIT_001|ADMIT_002|ADMIT_003|ADMIT_004|ADMIT_005|ADMIT_006|ADMIT_007|ADMIT_008|ADMIT_009|ADMIT_011|ADMIT_012|ADMIT_013|ADMIT_014,ADMIT_001|ADMIT_002|ADMIT_003|ADMIT_004|ADMIT_005|ADMIT_006|ADMIT_007|ADMIT_008|ADMIT_009|ADMIT_011|ADMIT_012|ADMIT_013|ADMIT_014,ADMIT_001,,ADMIT_001,true,true,false,0,0,false,0,true
40,post_download_acceptance_permission__ADMIT_002__blocked,every_required_rule_blocked,post_download_acceptance_permission,tuple,ADMIT_001|ADMIT_002|ADMIT_003|ADMIT_004|ADMIT_005|ADMIT_006|ADMIT_007|ADMIT_008|ADMIT_009|ADMIT_011|ADMIT_012|ADMIT_013|ADMIT_014,passed|blocked|passed|passed|passed|passed|passed|passed|passed|passed|passed|passed|passed,blocked,blocked,COMBINED_ADMISSION_REQUIRED_RULE_BLOCKED,COMBINED_ADMISSION_REQUIRED_RULE_BLOCKED,ADMIT_001|ADMIT_002|ADMIT_003|ADMIT_004|ADMIT_005|ADMIT_006|ADMIT_007|ADMIT_008|ADMIT_009|ADMIT_011|ADMIT_012|ADMIT_013|ADMIT_014,ADMIT_001|ADMIT_002|ADMIT_003|ADMIT_004|ADMIT_005|ADMIT_006|ADMIT_007|ADMIT_008|ADMIT_009|ADMIT_011|ADMIT_012|ADMIT_013|ADMIT_014,,ADMIT_002,ADMIT_002,true,true,false,0,0,false,0,true
41,post_download_acceptance_permission__ADMIT_002__invalid,every_required_rule_invalid,post_download_acceptance_permission,tuple,ADMIT_001|ADMIT_002|ADMIT_003|ADMIT_004|ADMIT_005|ADMIT_006|ADMIT_007|ADMIT_008|ADMIT_009|ADMIT_011|ADMIT_012|ADMIT_013|ADMIT_014,passed|invalid|passed|passed|passed|passed|passed|passed|passed|passed|passed|passed|passed,invalid,invalid,COMBINED_ADMISSION_REQUIRED_RULE_INVALID,COMBINED_ADMISSION_REQUIRED_RULE_INVALID,ADMIT_001|ADMIT_002|ADMIT_003|ADMIT_004|ADMIT_005|ADMIT_006|ADMIT_007|ADMIT_008|ADMIT_009|ADMIT_011|ADMIT_012|ADMIT_013|ADMIT_014,ADMIT_001|ADMIT_002|ADMIT_003|ADMIT_004|ADMIT_005|ADMIT_006|ADMIT_007|ADMIT_008|ADMIT_009|ADMIT_011|ADMIT_012|ADMIT_013|ADMIT_014,ADMIT_002,,ADMIT_002,true,true,false,0,0,false,0,true
42,post_download_acceptance_permission__ADMIT_003__blocked,every_required_rule_blocked,post_download_acceptance_permission,tuple,ADMIT_001|ADMIT_002|ADMIT_003|ADMIT_004|ADMIT_005|ADMIT_006|ADMIT_007|ADMIT_008|ADMIT_009|ADMIT_011|ADMIT_012|ADMIT_013|ADMIT_014,passed|passed|blocked|passed|passed|passed|passed|passed|passed|passed|passed|passed|passed,blocked,blocked,COMBINED_ADMISSION_REQUIRED_RULE_BLOCKED,COMBINED_ADMISSION_REQUIRED_RULE_BLOCKED,ADMIT_001|ADMIT_002|ADMIT_003|ADMIT_004|ADMIT_005|ADMIT_006|ADMIT_007|ADMIT_008|ADMIT_009|ADMIT_011|ADMIT_012|ADMIT_013|ADMIT_014,ADMIT_001|ADMIT_002|ADMIT_003|ADMIT_004|ADMIT_005|ADMIT_006|ADMIT_007|ADMIT_008|ADMIT_009|ADMIT_011|ADMIT_012|ADMIT_013|ADMIT_014,,ADMIT_003,ADMIT_003,true,true,false,0,0,false,0,true
43,post_download_acceptance_permission__ADMIT_003__invalid,every_required_rule_invalid,post_download_acceptance_permission,tuple,ADMIT_001|ADMIT_002|ADMIT_003|ADMIT_004|ADMIT_005|ADMIT_006|ADMIT_007|ADMIT_008|ADMIT_009|ADMIT_011|ADMIT_012|ADMIT_013|ADMIT_014,passed|passed|invalid|passed|passed|passed|passed|passed|passed|passed|passed|passed|passed,invalid,invalid,COMBINED_ADMISSION_REQUIRED_RULE_INVALID,COMBINED_ADMISSION_REQUIRED_RULE_INVALID,ADMIT_001|ADMIT_002|ADMIT_003|ADMIT_004|ADMIT_005|ADMIT_006|ADMIT_007|ADMIT_008|ADMIT_009|ADMIT_011|ADMIT_012|ADMIT_013|ADMIT_014,ADMIT_001|ADMIT_002|ADMIT_003|ADMIT_004|ADMIT_005|ADMIT_006|ADMIT_007|ADMIT_008|ADMIT_009|ADMIT_011|ADMIT_012|ADMIT_013|ADMIT_014,ADMIT_003,,ADMIT_003,true,true,false,0,0,false,0,true
44,post_download_acceptance_permission__ADMIT_004__blocked,every_required_rule_blocked,post_download_acceptance_permission,tuple,ADMIT_001|ADMIT_002|ADMIT_003|ADMIT_004|ADMIT_005|ADMIT_006|ADMIT_007|ADMIT_008|ADMIT_009|ADMIT_011|ADMIT_012|ADMIT_013|ADMIT_014,passed|passed|passed|blocked|passed|passed|passed|passed|passed|passed|passed|passed|passed,blocked,blocked,COMBINED_ADMISSION_REQUIRED_RULE_BLOCKED,COMBINED_ADMISSION_REQUIRED_RULE_BLOCKED,ADMIT_001|ADMIT_002|ADMIT_003|ADMIT_004|ADMIT_005|ADMIT_006|ADMIT_007|ADMIT_008|ADMIT_009|ADMIT_011|ADMIT_012|ADMIT_013|ADMIT_014,ADMIT_001|ADMIT_002|ADMIT_003|ADMIT_004|ADMIT_005|ADMIT_006|ADMIT_007|ADMIT_008|ADMIT_009|ADMIT_011|ADMIT_012|ADMIT_013|ADMIT_014,,ADMIT_004,ADMIT_004,true,true,false,0,0,false,0,true
45,post_download_acceptance_permission__ADMIT_004__invalid,every_required_rule_invalid,post_download_acceptance_permission,tuple,ADMIT_001|ADMIT_002|ADMIT_003|ADMIT_004|ADMIT_005|ADMIT_006|ADMIT_007|ADMIT_008|ADMIT_009|ADMIT_011|ADMIT_012|ADMIT_013|ADMIT_014,passed|passed|passed|invalid|passed|passed|passed|passed|passed|passed|passed|passed|passed,invalid,invalid,COMBINED_ADMISSION_REQUIRED_RULE_INVALID,COMBINED_ADMISSION_REQUIRED_RULE_INVALID,ADMIT_001|ADMIT_002|ADMIT_003|ADMIT_004|ADMIT_005|ADMIT_006|ADMIT_007|ADMIT_008|ADMIT_009|ADMIT_011|ADMIT_012|ADMIT_013|ADMIT_014,ADMIT_001|ADMIT_002|ADMIT_003|ADMIT_004|ADMIT_005|ADMIT_006|ADMIT_007|ADMIT_008|ADMIT_009|ADMIT_011|ADMIT_012|ADMIT_013|ADMIT_014,ADMIT_004,,ADMIT_004,true,true,false,0,0,false,0,true
46,post_download_acceptance_permission__ADMIT_005__blocked,every_required_rule_blocked,post_download_acceptance_permission,tuple,ADMIT_001|ADMIT_002|ADMIT_003|ADMIT_004|ADMIT_005|ADMIT_006|ADMIT_007|ADMIT_008|ADMIT_009|ADMIT_011|ADMIT_012|ADMIT_013|ADMIT_014,passed|passed|passed|passed|blocked|passed|passed|passed|passed|passed|passed|passed|passed,blocked,blocked,COMBINED_ADMISSION_REQUIRED_RULE_BLOCKED,COMBINED_ADMISSION_REQUIRED_RULE_BLOCKED,ADMIT_001|ADMIT_002|ADMIT_003|ADMIT_004|ADMIT_005|ADMIT_006|ADMIT_007|ADMIT_008|ADMIT_009|ADMIT_011|ADMIT_012|ADMIT_013|ADMIT_014,ADMIT_001|ADMIT_002|ADMIT_003|ADMIT_004|ADMIT_005|ADMIT_006|ADMIT_007|ADMIT_008|ADMIT_009|ADMIT_011|ADMIT_012|ADMIT_013|ADMIT_014,,ADMIT_005,ADMIT_005,true,true,false,0,0,false,0,true
47,post_download_acceptance_permission__ADMIT_005__invalid,every_required_rule_invalid,post_download_acceptance_permission,tuple,ADMIT_001|ADMIT_002|ADMIT_003|ADMIT_004|ADMIT_005|ADMIT_006|ADMIT_007|ADMIT_008|ADMIT_009|ADMIT_011|ADMIT_012|ADMIT_013|ADMIT_014,passed|passed|passed|passed|invalid|passed|passed|passed|passed|passed|passed|passed|passed,invalid,invalid,COMBINED_ADMISSION_REQUIRED_RULE_INVALID,COMBINED_ADMISSION_REQUIRED_RULE_INVALID,ADMIT_001|ADMIT_002|ADMIT_003|ADMIT_004|ADMIT_005|ADMIT_006|ADMIT_007|ADMIT_008|ADMIT_009|ADMIT_011|ADMIT_012|ADMIT_013|ADMIT_014,ADMIT_001|ADMIT_002|ADMIT_003|ADMIT_004|ADMIT_005|ADMIT_006|ADMIT_007|ADMIT_008|ADMIT_009|ADMIT_011|ADMIT_012|ADMIT_013|ADMIT_014,ADMIT_005,,ADMIT_005,true,true,false,0,0,false,0,true
48,post_download_acceptance_permission__ADMIT_006__blocked,every_required_rule_blocked,post_download_acceptance_permission,tuple,ADMIT_001|ADMIT_002|ADMIT_003|ADMIT_004|ADMIT_005|ADMIT_006|ADMIT_007|ADMIT_008|ADMIT_009|ADMIT_011|ADMIT_012|ADMIT_013|ADMIT_014,passed|passed|passed|passed|passed|blocked|passed|passed|passed|passed|passed|passed|passed,blocked,blocked,COMBINED_ADMISSION_REQUIRED_RULE_BLOCKED,COMBINED_ADMISSION_REQUIRED_RULE_BLOCKED,ADMIT_001|ADMIT_002|ADMIT_003|ADMIT_004|ADMIT_005|ADMIT_006|ADMIT_007|ADMIT_008|ADMIT_009|ADMIT_011|ADMIT_012|ADMIT_013|ADMIT_014,ADMIT_001|ADMIT_002|ADMIT_003|ADMIT_004|ADMIT_005|ADMIT_006|ADMIT_007|ADMIT_008|ADMIT_009|ADMIT_011|ADMIT_012|ADMIT_013|ADMIT_014,,ADMIT_006,ADMIT_006,true,true,false,0,0,false,0,true
49,post_download_acceptance_permission__ADMIT_006__invalid,every_required_rule_invalid,post_download_acceptance_permission,tuple,ADMIT_001|ADMIT_002|ADMIT_003|ADMIT_004|ADMIT_005|ADMIT_006|ADMIT_007|ADMIT_008|ADMIT_009|ADMIT_011|ADMIT_012|ADMIT_013|ADMIT_014,passed|passed|passed|passed|passed|invalid|passed|passed|passed|passed|passed|passed|passed,invalid,invalid,COMBINED_ADMISSION_REQUIRED_RULE_INVALID,COMBINED_ADMISSION_REQUIRED_RULE_INVALID,ADMIT_001|ADMIT_002|ADMIT_003|ADMIT_004|ADMIT_005|ADMIT_006|ADMIT_007|ADMIT_008|ADMIT_009|ADMIT_011|ADMIT_012|ADMIT_013|ADMIT_014,ADMIT_001|ADMIT_002|ADMIT_003|ADMIT_004|ADMIT_005|ADMIT_006|ADMIT_007|ADMIT_008|ADMIT_009|ADMIT_011|ADMIT_012|ADMIT_013|ADMIT_014,ADMIT_006,,ADMIT_006,true,true,false,0,0,false,0,true
50,post_download_acceptance_permission__ADMIT_007__blocked,every_required_rule_blocked,post_download_acceptance_permission,tuple,ADMIT_001|ADMIT_002|ADMIT_003|ADMIT_004|ADMIT_005|ADMIT_006|ADMIT_007|ADMIT_008|ADMIT_009|ADMIT_011|ADMIT_012|ADMIT_013|ADMIT_014,passed|passed|passed|passed|passed|passed|blocked|passed|passed|passed|passed|passed|passed,blocked,blocked,COMBINED_ADMISSION_REQUIRED_RULE_BLOCKED,COMBINED_ADMISSION_REQUIRED_RULE_BLOCKED,ADMIT_001|ADMIT_002|ADMIT_003|ADMIT_004|ADMIT_005|ADMIT_006|ADMIT_007|ADMIT_008|ADMIT_009|ADMIT_011|ADMIT_012|ADMIT_013|ADMIT_014,ADMIT_001|ADMIT_002|ADMIT_003|ADMIT_004|ADMIT_005|ADMIT_006|ADMIT_007|ADMIT_008|ADMIT_009|ADMIT_011|ADMIT_012|ADMIT_013|ADMIT_014,,ADMIT_007,ADMIT_007,true,true,false,0,0,false,0,true
51,post_download_acceptance_permission__ADMIT_007__invalid,every_required_rule_invalid,post_download_acceptance_permission,tuple,ADMIT_001|ADMIT_002|ADMIT_003|ADMIT_004|ADMIT_005|ADMIT_006|ADMIT_007|ADMIT_008|ADMIT_009|ADMIT_011|ADMIT_012|ADMIT_013|ADMIT_014,passed|passed|passed|passed|passed|passed|invalid|passed|passed|passed|passed|passed|passed,invalid,invalid,COMBINED_ADMISSION_REQUIRED_RULE_INVALID,COMBINED_ADMISSION_REQUIRED_RULE_INVALID,ADMIT_001|ADMIT_002|ADMIT_003|ADMIT_004|ADMIT_005|ADMIT_006|ADMIT_007|ADMIT_008|ADMIT_009|ADMIT_011|ADMIT_012|ADMIT_013|ADMIT_014,ADMIT_001|ADMIT_002|ADMIT_003|ADMIT_004|ADMIT_005|ADMIT_006|ADMIT_007|ADMIT_008|ADMIT_009|ADMIT_011|ADMIT_012|ADMIT_013|ADMIT_014,ADMIT_007,,ADMIT_007,true,true,false,0,0,false,0,true
52,post_download_acceptance_permission__ADMIT_008__blocked,every_required_rule_blocked,post_download_acceptance_permission,tuple,ADMIT_001|ADMIT_002|ADMIT_003|ADMIT_004|ADMIT_005|ADMIT_006|ADMIT_007|ADMIT_008|ADMIT_009|ADMIT_011|ADMIT_012|ADMIT_013|ADMIT_014,passed|passed|passed|passed|passed|passed|passed|blocked|passed|passed|passed|passed|passed,blocked,blocked,COMBINED_ADMISSION_REQUIRED_RULE_BLOCKED,COMBINED_ADMISSION_REQUIRED_RULE_BLOCKED,ADMIT_001|ADMIT_002|ADMIT_003|ADMIT_004|ADMIT_005|ADMIT_006|ADMIT_007|ADMIT_008|ADMIT_009|ADMIT_011|ADMIT_012|ADMIT_013|ADMIT_014,ADMIT_001|ADMIT_002|ADMIT_003|ADMIT_004|ADMIT_005|ADMIT_006|ADMIT_007|ADMIT_008|ADMIT_009|ADMIT_011|ADMIT_012|ADMIT_013|ADMIT_014,,ADMIT_008,ADMIT_008,true,true,false,0,0,false,0,true
53,post_download_acceptance_permission__ADMIT_008__invalid,every_required_rule_invalid,post_download_acceptance_permission,tuple,ADMIT_001|ADMIT_002|ADMIT_003|ADMIT_004|ADMIT_005|ADMIT_006|ADMIT_007|ADMIT_008|ADMIT_009|ADMIT_011|ADMIT_012|ADMIT_013|ADMIT_014,passed|passed|passed|passed|passed|passed|passed|invalid|passed|passed|passed|passed|passed,invalid,invalid,COMBINED_ADMISSION_REQUIRED_RULE_INVALID,COMBINED_ADMISSION_REQUIRED_RULE_INVALID,ADMIT_001|ADMIT_002|ADMIT_003|ADMIT_004|ADMIT_005|ADMIT_006|ADMIT_007|ADMIT_008|ADMIT_009|ADMIT_011|ADMIT_012|ADMIT_013|ADMIT_014,ADMIT_001|ADMIT_002|ADMIT_003|ADMIT_004|ADMIT_005|ADMIT_006|ADMIT_007|ADMIT_008|ADMIT_009|ADMIT_011|ADMIT_012|ADMIT_013|ADMIT_014,ADMIT_008,,ADMIT_008,true,true,false,0,0,false,0,true
54,post_download_acceptance_permission__ADMIT_009__blocked,every_required_rule_blocked,post_download_acceptance_permission,tuple,ADMIT_001|ADMIT_002|ADMIT_003|ADMIT_004|ADMIT_005|ADMIT_006|ADMIT_007|ADMIT_008|ADMIT_009|ADMIT_011|ADMIT_012|ADMIT_013|ADMIT_014,passed|passed|passed|passed|passed|passed|passed|passed|blocked|passed|passed|passed|passed,blocked,blocked,COMBINED_ADMISSION_REQUIRED_RULE_BLOCKED,COMBINED_ADMISSION_REQUIRED_RULE_BLOCKED,ADMIT_001|ADMIT_002|ADMIT_003|ADMIT_004|ADMIT_005|ADMIT_006|ADMIT_007|ADMIT_008|ADMIT_009|ADMIT_011|ADMIT_012|ADMIT_013|ADMIT_014,ADMIT_001|ADMIT_002|ADMIT_003|ADMIT_004|ADMIT_005|ADMIT_006|ADMIT_007|ADMIT_008|ADMIT_009|ADMIT_011|ADMIT_012|ADMIT_013|ADMIT_014,,ADMIT_009,ADMIT_009,true,true,false,0,0,false,0,true
55,post_download_acceptance_permission__ADMIT_009__invalid,every_required_rule_invalid,post_download_acceptance_permission,tuple,ADMIT_001|ADMIT_002|ADMIT_003|ADMIT_004|ADMIT_005|ADMIT_006|ADMIT_007|ADMIT_008|ADMIT_009|ADMIT_011|ADMIT_012|ADMIT_013|ADMIT_014,passed|passed|passed|passed|passed|passed|passed|passed|invalid|passed|passed|passed|passed,invalid,invalid,COMBINED_ADMISSION_REQUIRED_RULE_INVALID,COMBINED_ADMISSION_REQUIRED_RULE_INVALID,ADMIT_001|ADMIT_002|ADMIT_003|ADMIT_004|ADMIT_005|ADMIT_006|ADMIT_007|ADMIT_008|ADMIT_009|ADMIT_011|ADMIT_012|ADMIT_013|ADMIT_014,ADMIT_001|ADMIT_002|ADMIT_003|ADMIT_004|ADMIT_005|ADMIT_006|ADMIT_007|ADMIT_008|ADMIT_009|ADMIT_011|ADMIT_012|ADMIT_013|ADMIT_014,ADMIT_009,,ADMIT_009,true,true,false,0,0,false,0,true
56,post_download_acceptance_permission__ADMIT_011__blocked,every_required_rule_blocked,post_download_acceptance_permission,tuple,ADMIT_001|ADMIT_002|ADMIT_003|ADMIT_004|ADMIT_005|ADMIT_006|ADMIT_007|ADMIT_008|ADMIT_009|ADMIT_011|ADMIT_012|ADMIT_013|ADMIT_014,passed|passed|passed|passed|passed|passed|passed|passed|passed|blocked|passed|passed|passed,blocked,blocked,COMBINED_ADMISSION_REQUIRED_RULE_BLOCKED,COMBINED_ADMISSION_REQUIRED_RULE_BLOCKED,ADMIT_001|ADMIT_002|ADMIT_003|ADMIT_004|ADMIT_005|ADMIT_006|ADMIT_007|ADMIT_008|ADMIT_009|ADMIT_011|ADMIT_012|ADMIT_013|ADMIT_014,ADMIT_001|ADMIT_002|ADMIT_003|ADMIT_004|ADMIT_005|ADMIT_006|ADMIT_007|ADMIT_008|ADMIT_009|ADMIT_011|ADMIT_012|ADMIT_013|ADMIT_014,,ADMIT_011,ADMIT_011,true,true,false,0,0,false,0,true
57,post_download_acceptance_permission__ADMIT_011__invalid,every_required_rule_invalid,post_download_acceptance_permission,tuple,ADMIT_001|ADMIT_002|ADMIT_003|ADMIT_004|ADMIT_005|ADMIT_006|ADMIT_007|ADMIT_008|ADMIT_009|ADMIT_011|ADMIT_012|ADMIT_013|ADMIT_014,passed|passed|passed|passed|passed|passed|passed|passed|passed|invalid|passed|passed|passed,invalid,invalid,COMBINED_ADMISSION_REQUIRED_RULE_INVALID,COMBINED_ADMISSION_REQUIRED_RULE_INVALID,ADMIT_001|ADMIT_002|ADMIT_003|ADMIT_004|ADMIT_005|ADMIT_006|ADMIT_007|ADMIT_008|ADMIT_009|ADMIT_011|ADMIT_012|ADMIT_013|ADMIT_014,ADMIT_001|ADMIT_002|ADMIT_003|ADMIT_004|ADMIT_005|ADMIT_006|ADMIT_007|ADMIT_008|ADMIT_009|ADMIT_011|ADMIT_012|ADMIT_013|ADMIT_014,ADMIT_011,,ADMIT_011,true,true,false,0,0,false,0,true
58,post_download_acceptance_permission__ADMIT_012__blocked,every_required_rule_blocked,post_download_acceptance_permission,tuple,ADMIT_001|ADMIT_002|ADMIT_003|ADMIT_004|ADMIT_005|ADMIT_006|ADMIT_007|ADMIT_008|ADMIT_009|ADMIT_011|ADMIT_012|ADMIT_013|ADMIT_014,passed|passed|passed|passed|passed|passed|passed|passed|passed|passed|blocked|passed|passed,blocked,blocked,COMBINED_ADMISSION_REQUIRED_RULE_BLOCKED,COMBINED_ADMISSION_REQUIRED_RULE_BLOCKED,ADMIT_001|ADMIT_002|ADMIT_003|ADMIT_004|ADMIT_005|ADMIT_006|ADMIT_007|ADMIT_008|ADMIT_009|ADMIT_011|ADMIT_012|ADMIT_013|ADMIT_014,ADMIT_001|ADMIT_002|ADMIT_003|ADMIT_004|ADMIT_005|ADMIT_006|ADMIT_007|ADMIT_008|ADMIT_009|ADMIT_011|ADMIT_012|ADMIT_013|ADMIT_014,,ADMIT_012,ADMIT_012,true,true,false,0,0,false,0,true
59,post_download_acceptance_permission__ADMIT_012__invalid,every_required_rule_invalid,post_download_acceptance_permission,tuple,ADMIT_001|ADMIT_002|ADMIT_003|ADMIT_004|ADMIT_005|ADMIT_006|ADMIT_007|ADMIT_008|ADMIT_009|ADMIT_011|ADMIT_012|ADMIT_013|ADMIT_014,passed|passed|passed|passed|passed|passed|passed|passed|passed|passed|invalid|passed|passed,invalid,invalid,COMBINED_ADMISSION_REQUIRED_RULE_INVALID,COMBINED_ADMISSION_REQUIRED_RULE_INVALID,ADMIT_001|ADMIT_002|ADMIT_003|ADMIT_004|ADMIT_005|ADMIT_006|ADMIT_007|ADMIT_008|ADMIT_009|ADMIT_011|ADMIT_012|ADMIT_013|ADMIT_014,ADMIT_001|ADMIT_002|ADMIT_003|ADMIT_004|ADMIT_005|ADMIT_006|ADMIT_007|ADMIT_008|ADMIT_009|ADMIT_011|ADMIT_012|ADMIT_013|ADMIT_014,ADMIT_012,,ADMIT_012,true,true,false,0,0,false,0,true
60,post_download_acceptance_permission__ADMIT_013__blocked,every_required_rule_blocked,post_download_acceptance_permission,tuple,ADMIT_001|ADMIT_002|ADMIT_003|ADMIT_004|ADMIT_005|ADMIT_006|ADMIT_007|ADMIT_008|ADMIT_009|ADMIT_011|ADMIT_012|ADMIT_013|ADMIT_014,passed|passed|passed|passed|passed|passed|passed|passed|passed|passed|passed|blocked|passed,blocked,blocked,COMBINED_ADMISSION_REQUIRED_RULE_BLOCKED,COMBINED_ADMISSION_REQUIRED_RULE_BLOCKED,ADMIT_001|ADMIT_002|ADMIT_003|ADMIT_004|ADMIT_005|ADMIT_006|ADMIT_007|ADMIT_008|ADMIT_009|ADMIT_011|ADMIT_012|ADMIT_013|ADMIT_014,ADMIT_001|ADMIT_002|ADMIT_003|ADMIT_004|ADMIT_005|ADMIT_006|ADMIT_007|ADMIT_008|ADMIT_009|ADMIT_011|ADMIT_012|ADMIT_013|ADMIT_014,,ADMIT_013,ADMIT_013,true,true,false,0,0,false,0,true
61,post_download_acceptance_permission__ADMIT_013__invalid,every_required_rule_invalid,post_download_acceptance_permission,tuple,ADMIT_001|ADMIT_002|ADMIT_003|ADMIT_004|ADMIT_005|ADMIT_006|ADMIT_007|ADMIT_008|ADMIT_009|ADMIT_011|ADMIT_012|ADMIT_013|ADMIT_014,passed|passed|passed|passed|passed|passed|passed|passed|passed|passed|passed|invalid|passed,invalid,invalid,COMBINED_ADMISSION_REQUIRED_RULE_INVALID,COMBINED_ADMISSION_REQUIRED_RULE_INVALID,ADMIT_001|ADMIT_002|ADMIT_003|ADMIT_004|ADMIT_005|ADMIT_006|ADMIT_007|ADMIT_008|ADMIT_009|ADMIT_011|ADMIT_012|ADMIT_013|ADMIT_014,ADMIT_001|ADMIT_002|ADMIT_003|ADMIT_004|ADMIT_005|ADMIT_006|ADMIT_007|ADMIT_008|ADMIT_009|ADMIT_011|ADMIT_012|ADMIT_013|ADMIT_014,ADMIT_013,,ADMIT_013,true,true,false,0,0,false,0,true
62,post_download_acceptance_permission__ADMIT_014__blocked,every_required_rule_blocked,post_download_acceptance_permission,tuple,ADMIT_001|ADMIT_002|ADMIT_003|ADMIT_004|ADMIT_005|ADMIT_006|ADMIT_007|ADMIT_008|ADMIT_009|ADMIT_011|ADMIT_012|ADMIT_013|ADMIT_014,passed|passed|passed|passed|passed|passed|passed|passed|passed|passed|passed|passed|blocked,blocked,blocked,COMBINED_ADMISSION_REQUIRED_RULE_BLOCKED,COMBINED_ADMISSION_REQUIRED_RULE_BLOCKED,ADMIT_001|ADMIT_002|ADMIT_003|ADMIT_004|ADMIT_005|ADMIT_006|ADMIT_007|ADMIT_008|ADMIT_009|ADMIT_011|ADMIT_012|ADMIT_013|ADMIT_014,ADMIT_001|ADMIT_002|ADMIT_003|ADMIT_004|ADMIT_005|ADMIT_006|ADMIT_007|ADMIT_008|ADMIT_009|ADMIT_011|ADMIT_012|ADMIT_013|ADMIT_014,,ADMIT_014,ADMIT_014,true,true,false,0,0,false,0,true
63,post_download_acceptance_permission__ADMIT_014__invalid,every_required_rule_invalid,post_download_acceptance_permission,tuple,ADMIT_001|ADMIT_002|ADMIT_003|ADMIT_004|ADMIT_005|ADMIT_006|ADMIT_007|ADMIT_008|ADMIT_009|ADMIT_011|ADMIT_012|ADMIT_013|ADMIT_014,passed|passed|passed|passed|passed|passed|passed|passed|passed|passed|passed|passed|invalid,invalid,invalid,COMBINED_ADMISSION_REQUIRED_RULE_INVALID,COMBINED_ADMISSION_REQUIRED_RULE_INVALID,ADMIT_001|ADMIT_002|ADMIT_003|ADMIT_004|ADMIT_005|ADMIT_006|ADMIT_007|ADMIT_008|ADMIT_009|ADMIT_011|ADMIT_012|ADMIT_013|ADMIT_014,ADMIT_001|ADMIT_002|ADMIT_003|ADMIT_004|ADMIT_005|ADMIT_006|ADMIT_007|ADMIT_008|ADMIT_009|ADMIT_011|ADMIT_012|ADMIT_013|ADMIT_014,ADMIT_014,,ADMIT_014,true,true,false,0,0,false,0,true
64,post_download_acceptance_permission__missing_first,missing_required,post_download_acceptance_permission,tuple,ADMIT_002|ADMIT_003|ADMIT_004|ADMIT_005|ADMIT_006|ADMIT_007|ADMIT_008|ADMIT_009|ADMIT_011|ADMIT_012|ADMIT_013|ADMIT_014,passed|passed|passed|passed|passed|passed|passed|passed|passed|passed|passed|passed,invalid,invalid,COMBINED_ADMISSION_RULE_MEMBERSHIP_INVALID,COMBINED_ADMISSION_RULE_MEMBERSHIP_INVALID,ADMIT_001|ADMIT_002|ADMIT_003|ADMIT_004|ADMIT_005|ADMIT_006|ADMIT_007|ADMIT_008|ADMIT_009|ADMIT_011|ADMIT_012|ADMIT_013|ADMIT_014,ADMIT_002|ADMIT_003|ADMIT_004|ADMIT_005|ADMIT_006|ADMIT_007|ADMIT_008|ADMIT_009|ADMIT_011|ADMIT_012|ADMIT_013|ADMIT_014,,,,false,false,false,0,0,false,0,true
65,post_download_acceptance_permission__missing_middle,missing_required,post_download_acceptance_permission,tuple,ADMIT_001|ADMIT_002|ADMIT_003|ADMIT_004|ADMIT_005|ADMIT_006|ADMIT_008|ADMIT_009|ADMIT_011|ADMIT_012|ADMIT_013|ADMIT_014,passed|passed|passed|passed|passed|passed|passed|passed|passed|passed|passed|passed,invalid,invalid,COMBINED_ADMISSION_RULE_MEMBERSHIP_INVALID,COMBINED_ADMISSION_RULE_MEMBERSHIP_INVALID,ADMIT_001|ADMIT_002|ADMIT_003|ADMIT_004|ADMIT_005|ADMIT_006|ADMIT_007|ADMIT_008|ADMIT_009|ADMIT_011|ADMIT_012|ADMIT_013|ADMIT_014,ADMIT_001|ADMIT_002|ADMIT_003|ADMIT_004|ADMIT_005|ADMIT_006|ADMIT_008|ADMIT_009|ADMIT_011|ADMIT_012|ADMIT_013|ADMIT_014,,,,false,false,false,0,0,false,0,true
66,post_download_acceptance_permission__missing_last,missing_required,post_download_acceptance_permission,tuple,ADMIT_001|ADMIT_002|ADMIT_003|ADMIT_004|ADMIT_005|ADMIT_006|ADMIT_007|ADMIT_008|ADMIT_009|ADMIT_011|ADMIT_012|ADMIT_013,passed|passed|passed|passed|passed|passed|passed|passed|passed|passed|passed|passed,invalid,invalid,COMBINED_ADMISSION_RULE_MEMBERSHIP_INVALID,COMBINED_ADMISSION_RULE_MEMBERSHIP_INVALID,ADMIT_001|ADMIT_002|ADMIT_003|ADMIT_004|ADMIT_005|ADMIT_006|ADMIT_007|ADMIT_008|ADMIT_009|ADMIT_011|ADMIT_012|ADMIT_013|ADMIT_014,ADMIT_001|ADMIT_002|ADMIT_003|ADMIT_004|ADMIT_005|ADMIT_006|ADMIT_007|ADMIT_008|ADMIT_009|ADMIT_011|ADMIT_012|ADMIT_013,,,,false,false,false,0,0,false,0,true
67,post_download_acceptance_permission__multi_blocked,multi_blocked_full_collection,post_download_acceptance_permission,tuple,ADMIT_001|ADMIT_002|ADMIT_003|ADMIT_004|ADMIT_005|ADMIT_006|ADMIT_007|ADMIT_008|ADMIT_009|ADMIT_011|ADMIT_012|ADMIT_013|ADMIT_014,blocked|passed|passed|passed|passed|passed|passed|passed|passed|passed|passed|passed|blocked,blocked,blocked,COMBINED_ADMISSION_REQUIRED_RULE_BLOCKED,COMBINED_ADMISSION_REQUIRED_RULE_BLOCKED,ADMIT_001|ADMIT_002|ADMIT_003|ADMIT_004|ADMIT_005|ADMIT_006|ADMIT_007|ADMIT_008|ADMIT_009|ADMIT_011|ADMIT_012|ADMIT_013|ADMIT_014,ADMIT_001|ADMIT_002|ADMIT_003|ADMIT_004|ADMIT_005|ADMIT_006|ADMIT_007|ADMIT_008|ADMIT_009|ADMIT_011|ADMIT_012|ADMIT_013|ADMIT_014,,ADMIT_001|ADMIT_014,ADMIT_001|ADMIT_014,true,true,false,0,0,false,0,true
68,post_download_acceptance_permission__multi_invalid,multi_invalid_full_collection,post_download_acceptance_permission,tuple,ADMIT_001|ADMIT_002|ADMIT_003|ADMIT_004|ADMIT_005|ADMIT_006|ADMIT_007|ADMIT_008|ADMIT_009|ADMIT_011|ADMIT_012|ADMIT_013|ADMIT_014,invalid|passed|passed|passed|passed|passed|passed|passed|passed|passed|passed|passed|invalid,invalid,invalid,COMBINED_ADMISSION_REQUIRED_RULE_INVALID,COMBINED_ADMISSION_REQUIRED_RULE_INVALID,ADMIT_001|ADMIT_002|ADMIT_003|ADMIT_004|ADMIT_005|ADMIT_006|ADMIT_007|ADMIT_008|ADMIT_009|ADMIT_011|ADMIT_012|ADMIT_013|ADMIT_014,ADMIT_001|ADMIT_002|ADMIT_003|ADMIT_004|ADMIT_005|ADMIT_006|ADMIT_007|ADMIT_008|ADMIT_009|ADMIT_011|ADMIT_012|ADMIT_013|ADMIT_014,ADMIT_001|ADMIT_014,,ADMIT_001|ADMIT_014,true,true,false,0,0,false,0,true
69,post_download_acceptance_permission__invalid_and_blocked,invalid_blocked_full_collection,post_download_acceptance_permission,tuple,ADMIT_001|ADMIT_002|ADMIT_003|ADMIT_004|ADMIT_005|ADMIT_006|ADMIT_007|ADMIT_008|ADMIT_009|ADMIT_011|ADMIT_012|ADMIT_013|ADMIT_014,blocked|invalid|passed|passed|passed|passed|passed|passed|passed|passed|passed|passed|passed,invalid,invalid,COMBINED_ADMISSION_REQUIRED_RULE_INVALID,COMBINED_ADMISSION_REQUIRED_RULE_INVALID,ADMIT_001|ADMIT_002|ADMIT_003|ADMIT_004|ADMIT_005|ADMIT_006|ADMIT_007|ADMIT_008|ADMIT_009|ADMIT_011|ADMIT_012|ADMIT_013|ADMIT_014,ADMIT_001|ADMIT_002|ADMIT_003|ADMIT_004|ADMIT_005|ADMIT_006|ADMIT_007|ADMIT_008|ADMIT_009|ADMIT_011|ADMIT_012|ADMIT_013|ADMIT_014,ADMIT_002,ADMIT_001,ADMIT_001|ADMIT_002,true,true,false,0,0,false,0,true
70,post_download_acceptance_permission__all_blocked,all_blocked_full_collection,post_download_acceptance_permission,tuple,ADMIT_001|ADMIT_002|ADMIT_003|ADMIT_004|ADMIT_005|ADMIT_006|ADMIT_007|ADMIT_008|ADMIT_009|ADMIT_011|ADMIT_012|ADMIT_013|ADMIT_014,blocked|blocked|blocked|blocked|blocked|blocked|blocked|blocked|blocked|blocked|blocked|blocked|blocked,blocked,blocked,COMBINED_ADMISSION_REQUIRED_RULE_BLOCKED,COMBINED_ADMISSION_REQUIRED_RULE_BLOCKED,ADMIT_001|ADMIT_002|ADMIT_003|ADMIT_004|ADMIT_005|ADMIT_006|ADMIT_007|ADMIT_008|ADMIT_009|ADMIT_011|ADMIT_012|ADMIT_013|ADMIT_014,ADMIT_001|ADMIT_002|ADMIT_003|ADMIT_004|ADMIT_005|ADMIT_006|ADMIT_007|ADMIT_008|ADMIT_009|ADMIT_011|ADMIT_012|ADMIT_013|ADMIT_014,,ADMIT_001|ADMIT_002|ADMIT_003|ADMIT_004|ADMIT_005|ADMIT_006|ADMIT_007|ADMIT_008|ADMIT_009|ADMIT_011|ADMIT_012|ADMIT_013|ADMIT_014,ADMIT_001|ADMIT_002|ADMIT_003|ADMIT_004|ADMIT_005|ADMIT_006|ADMIT_007|ADMIT_008|ADMIT_009|ADMIT_011|ADMIT_012|ADMIT_013|ADMIT_014,true,true,false,0,0,false,0,true
71,post_download_acceptance_permission__all_invalid,all_invalid_full_collection,post_download_acceptance_permission,tuple,ADMIT_001|ADMIT_002|ADMIT_003|ADMIT_004|ADMIT_005|ADMIT_006|ADMIT_007|ADMIT_008|ADMIT_009|ADMIT_011|ADMIT_012|ADMIT_013|ADMIT_014,invalid|invalid|invalid|invalid|invalid|invalid|invalid|invalid|invalid|invalid|invalid|invalid|invalid,invalid,invalid,COMBINED_ADMISSION_REQUIRED_RULE_INVALID,COMBINED_ADMISSION_REQUIRED_RULE_INVALID,ADMIT_001|ADMIT_002|ADMIT_003|ADMIT_004|ADMIT_005|ADMIT_006|ADMIT_007|ADMIT_008|ADMIT_009|ADMIT_011|ADMIT_012|ADMIT_013|ADMIT_014,ADMIT_001|ADMIT_002|ADMIT_003|ADMIT_004|ADMIT_005|ADMIT_006|ADMIT_007|ADMIT_008|ADMIT_009|ADMIT_011|ADMIT_012|ADMIT_013|ADMIT_014,ADMIT_001|ADMIT_002|ADMIT_003|ADMIT_004|ADMIT_005|ADMIT_006|ADMIT_007|ADMIT_008|ADMIT_009|ADMIT_011|ADMIT_012|ADMIT_013|ADMIT_014,,ADMIT_001|ADMIT_002|ADMIT_003|ADMIT_004|ADMIT_005|ADMIT_006|ADMIT_007|ADMIT_008|ADMIT_009|ADMIT_011|ADMIT_012|ADMIT_013|ADMIT_014,true,true,false,0,0,false,0,true
72,post_download_acceptance_permission__extra,extra_rule,post_download_acceptance_permission,tuple,ADMIT_001|ADMIT_002|ADMIT_003|ADMIT_004|ADMIT_005|ADMIT_006|ADMIT_007|ADMIT_008|ADMIT_009|ADMIT_011|ADMIT_012|ADMIT_013|ADMIT_014|ADMIT_010,passed|passed|passed|passed|passed|passed|passed|passed|passed|passed|passed|passed|passed|passed,invalid,invalid,COMBINED_ADMISSION_RULE_MEMBERSHIP_INVALID,COMBINED_ADMISSION_RULE_MEMBERSHIP_INVALID,ADMIT_001|ADMIT_002|ADMIT_003|ADMIT_004|ADMIT_005|ADMIT_006|ADMIT_007|ADMIT_008|ADMIT_009|ADMIT_011|ADMIT_012|ADMIT_013|ADMIT_014,ADMIT_001|ADMIT_002|ADMIT_003|ADMIT_004|ADMIT_005|ADMIT_006|ADMIT_007|ADMIT_008|ADMIT_009|ADMIT_011|ADMIT_012|ADMIT_013|ADMIT_014|ADMIT_010,,,,false,false,false,0,0,false,0,true
73,post_download_acceptance_permission__duplicate,duplicate_rule,post_download_acceptance_permission,tuple,ADMIT_001|ADMIT_002|ADMIT_003|ADMIT_004|ADMIT_005|ADMIT_006|ADMIT_007|ADMIT_008|ADMIT_009|ADMIT_011|ADMIT_012|ADMIT_013|ADMIT_014|ADMIT_001,passed|passed|passed|passed|passed|passed|passed|passed|passed|passed|passed|passed|passed|passed,invalid,invalid,COMBINED_ADMISSION_RULE_MEMBERSHIP_INVALID,COMBINED_ADMISSION_RULE_MEMBERSHIP_INVALID,ADMIT_001|ADMIT_002|ADMIT_003|ADMIT_004|ADMIT_005|ADMIT_006|ADMIT_007|ADMIT_008|ADMIT_009|ADMIT_011|ADMIT_012|ADMIT_013|ADMIT_014,ADMIT_001|ADMIT_002|ADMIT_003|ADMIT_004|ADMIT_005|ADMIT_006|ADMIT_007|ADMIT_008|ADMIT_009|ADMIT_011|ADMIT_012|ADMIT_013|ADMIT_014|ADMIT_001,,,,false,false,false,0,0,false,0,true
74,post_download_acceptance_permission__reorder,reordered_rule,post_download_acceptance_permission,tuple,ADMIT_002|ADMIT_001|ADMIT_003|ADMIT_004|ADMIT_005|ADMIT_006|ADMIT_007|ADMIT_008|ADMIT_009|ADMIT_011|ADMIT_012|ADMIT_013|ADMIT_014,passed|passed|passed|passed|passed|passed|passed|passed|passed|passed|passed|passed|passed,invalid,invalid,COMBINED_ADMISSION_RULE_MEMBERSHIP_INVALID,COMBINED_ADMISSION_RULE_MEMBERSHIP_INVALID,ADMIT_001|ADMIT_002|ADMIT_003|ADMIT_004|ADMIT_005|ADMIT_006|ADMIT_007|ADMIT_008|ADMIT_009|ADMIT_011|ADMIT_012|ADMIT_013|ADMIT_014,ADMIT_002|ADMIT_001|ADMIT_003|ADMIT_004|ADMIT_005|ADMIT_006|ADMIT_007|ADMIT_008|ADMIT_009|ADMIT_011|ADMIT_012|ADMIT_013|ADMIT_014,,,,false,false,false,0,0,false,0,true
75,post_download_acceptance_permission__unknown,unknown_rule,post_download_acceptance_permission,tuple,ADMIT_001|ADMIT_002|ADMIT_003|ADMIT_004|ADMIT_005|ADMIT_006|ADMIT_007|ADMIT_008|ADMIT_009|ADMIT_011|ADMIT_012|ADMIT_013|ADMIT_999,passed|passed|passed|passed|passed|passed|passed|passed|passed|passed|passed|passed|passed,invalid,invalid,COMBINED_ADMISSION_RULE_MEMBERSHIP_INVALID,COMBINED_ADMISSION_RULE_MEMBERSHIP_INVALID,ADMIT_001|ADMIT_002|ADMIT_003|ADMIT_004|ADMIT_005|ADMIT_006|ADMIT_007|ADMIT_008|ADMIT_009|ADMIT_011|ADMIT_012|ADMIT_013|ADMIT_014,ADMIT_001|ADMIT_002|ADMIT_003|ADMIT_004|ADMIT_005|ADMIT_006|ADMIT_007|ADMIT_008|ADMIT_009|ADMIT_011|ADMIT_012|ADMIT_013|ADMIT_999,,,,false,false,false,0,0,false,0,true
76,post_download_acceptance_permission__scope_external_substitution,scope_external_substitution,post_download_acceptance_permission,tuple,ADMIT_001|ADMIT_002|ADMIT_003|ADMIT_004|ADMIT_005|ADMIT_006|ADMIT_007|ADMIT_008|ADMIT_009|ADMIT_011|ADMIT_012|ADMIT_013|ADMIT_010,passed|passed|passed|passed|passed|passed|passed|passed|passed|passed|passed|passed|passed,invalid,invalid,COMBINED_ADMISSION_RULE_MEMBERSHIP_INVALID,COMBINED_ADMISSION_RULE_MEMBERSHIP_INVALID,ADMIT_001|ADMIT_002|ADMIT_003|ADMIT_004|ADMIT_005|ADMIT_006|ADMIT_007|ADMIT_008|ADMIT_009|ADMIT_011|ADMIT_012|ADMIT_013|ADMIT_014,ADMIT_001|ADMIT_002|ADMIT_003|ADMIT_004|ADMIT_005|ADMIT_006|ADMIT_007|ADMIT_008|ADMIT_009|ADMIT_011|ADMIT_012|ADMIT_013|ADMIT_010,,,,false,false,false,0,0,false,0,true
77,pre_final_split_acceptance_permission__all_pass,canonical_all_pass,pre_final_split_acceptance_permission,tuple,ADMIT_001|ADMIT_002|ADMIT_003|ADMIT_004|ADMIT_005|ADMIT_006|ADMIT_007|ADMIT_008|ADMIT_009|ADMIT_010|ADMIT_011|ADMIT_012|ADMIT_013|ADMIT_014,passed|passed|passed|passed|passed|passed|passed|passed|passed|passed|passed|passed|passed|passed,passed,passed,,,ADMIT_001|ADMIT_002|ADMIT_003|ADMIT_004|ADMIT_005|ADMIT_006|ADMIT_007|ADMIT_008|ADMIT_009|ADMIT_010|ADMIT_011|ADMIT_012|ADMIT_013|ADMIT_014,ADMIT_001|ADMIT_002|ADMIT_003|ADMIT_004|ADMIT_005|ADMIT_006|ADMIT_007|ADMIT_008|ADMIT_009|ADMIT_010|ADMIT_011|ADMIT_012|ADMIT_013|ADMIT_014,,,,true,true,false,0,0,false,0,true
78,pre_final_split_acceptance_permission__ADMIT_001__blocked,every_required_rule_blocked,pre_final_split_acceptance_permission,tuple,ADMIT_001|ADMIT_002|ADMIT_003|ADMIT_004|ADMIT_005|ADMIT_006|ADMIT_007|ADMIT_008|ADMIT_009|ADMIT_010|ADMIT_011|ADMIT_012|ADMIT_013|ADMIT_014,blocked|passed|passed|passed|passed|passed|passed|passed|passed|passed|passed|passed|passed|passed,blocked,blocked,COMBINED_ADMISSION_REQUIRED_RULE_BLOCKED,COMBINED_ADMISSION_REQUIRED_RULE_BLOCKED,ADMIT_001|ADMIT_002|ADMIT_003|ADMIT_004|ADMIT_005|ADMIT_006|ADMIT_007|ADMIT_008|ADMIT_009|ADMIT_010|ADMIT_011|ADMIT_012|ADMIT_013|ADMIT_014,ADMIT_001|ADMIT_002|ADMIT_003|ADMIT_004|ADMIT_005|ADMIT_006|ADMIT_007|ADMIT_008|ADMIT_009|ADMIT_010|ADMIT_011|ADMIT_012|ADMIT_013|ADMIT_014,,ADMIT_001,ADMIT_001,true,true,false,0,0,false,0,true
79,pre_final_split_acceptance_permission__ADMIT_001__invalid,every_required_rule_invalid,pre_final_split_acceptance_permission,tuple,ADMIT_001|ADMIT_002|ADMIT_003|ADMIT_004|ADMIT_005|ADMIT_006|ADMIT_007|ADMIT_008|ADMIT_009|ADMIT_010|ADMIT_011|ADMIT_012|ADMIT_013|ADMIT_014,invalid|passed|passed|passed|passed|passed|passed|passed|passed|passed|passed|passed|passed|passed,invalid,invalid,COMBINED_ADMISSION_REQUIRED_RULE_INVALID,COMBINED_ADMISSION_REQUIRED_RULE_INVALID,ADMIT_001|ADMIT_002|ADMIT_003|ADMIT_004|ADMIT_005|ADMIT_006|ADMIT_007|ADMIT_008|ADMIT_009|ADMIT_010|ADMIT_011|ADMIT_012|ADMIT_013|ADMIT_014,ADMIT_001|ADMIT_002|ADMIT_003|ADMIT_004|ADMIT_005|ADMIT_006|ADMIT_007|ADMIT_008|ADMIT_009|ADMIT_010|ADMIT_011|ADMIT_012|ADMIT_013|ADMIT_014,ADMIT_001,,ADMIT_001,true,true,false,0,0,false,0,true
80,pre_final_split_acceptance_permission__ADMIT_002__blocked,every_required_rule_blocked,pre_final_split_acceptance_permission,tuple,ADMIT_001|ADMIT_002|ADMIT_003|ADMIT_004|ADMIT_005|ADMIT_006|ADMIT_007|ADMIT_008|ADMIT_009|ADMIT_010|ADMIT_011|ADMIT_012|ADMIT_013|ADMIT_014,passed|blocked|passed|passed|passed|passed|passed|passed|passed|passed|passed|passed|passed|passed,blocked,blocked,COMBINED_ADMISSION_REQUIRED_RULE_BLOCKED,COMBINED_ADMISSION_REQUIRED_RULE_BLOCKED,ADMIT_001|ADMIT_002|ADMIT_003|ADMIT_004|ADMIT_005|ADMIT_006|ADMIT_007|ADMIT_008|ADMIT_009|ADMIT_010|ADMIT_011|ADMIT_012|ADMIT_013|ADMIT_014,ADMIT_001|ADMIT_002|ADMIT_003|ADMIT_004|ADMIT_005|ADMIT_006|ADMIT_007|ADMIT_008|ADMIT_009|ADMIT_010|ADMIT_011|ADMIT_012|ADMIT_013|ADMIT_014,,ADMIT_002,ADMIT_002,true,true,false,0,0,false,0,true
81,pre_final_split_acceptance_permission__ADMIT_002__invalid,every_required_rule_invalid,pre_final_split_acceptance_permission,tuple,ADMIT_001|ADMIT_002|ADMIT_003|ADMIT_004|ADMIT_005|ADMIT_006|ADMIT_007|ADMIT_008|ADMIT_009|ADMIT_010|ADMIT_011|ADMIT_012|ADMIT_013|ADMIT_014,passed|invalid|passed|passed|passed|passed|passed|passed|passed|passed|passed|passed|passed|passed,invalid,invalid,COMBINED_ADMISSION_REQUIRED_RULE_INVALID,COMBINED_ADMISSION_REQUIRED_RULE_INVALID,ADMIT_001|ADMIT_002|ADMIT_003|ADMIT_004|ADMIT_005|ADMIT_006|ADMIT_007|ADMIT_008|ADMIT_009|ADMIT_010|ADMIT_011|ADMIT_012|ADMIT_013|ADMIT_014,ADMIT_001|ADMIT_002|ADMIT_003|ADMIT_004|ADMIT_005|ADMIT_006|ADMIT_007|ADMIT_008|ADMIT_009|ADMIT_010|ADMIT_011|ADMIT_012|ADMIT_013|ADMIT_014,ADMIT_002,,ADMIT_002,true,true,false,0,0,false,0,true
82,pre_final_split_acceptance_permission__ADMIT_003__blocked,every_required_rule_blocked,pre_final_split_acceptance_permission,tuple,ADMIT_001|ADMIT_002|ADMIT_003|ADMIT_004|ADMIT_005|ADMIT_006|ADMIT_007|ADMIT_008|ADMIT_009|ADMIT_010|ADMIT_011|ADMIT_012|ADMIT_013|ADMIT_014,passed|passed|blocked|passed|passed|passed|passed|passed|passed|passed|passed|passed|passed|passed,blocked,blocked,COMBINED_ADMISSION_REQUIRED_RULE_BLOCKED,COMBINED_ADMISSION_REQUIRED_RULE_BLOCKED,ADMIT_001|ADMIT_002|ADMIT_003|ADMIT_004|ADMIT_005|ADMIT_006|ADMIT_007|ADMIT_008|ADMIT_009|ADMIT_010|ADMIT_011|ADMIT_012|ADMIT_013|ADMIT_014,ADMIT_001|ADMIT_002|ADMIT_003|ADMIT_004|ADMIT_005|ADMIT_006|ADMIT_007|ADMIT_008|ADMIT_009|ADMIT_010|ADMIT_011|ADMIT_012|ADMIT_013|ADMIT_014,,ADMIT_003,ADMIT_003,true,true,false,0,0,false,0,true
83,pre_final_split_acceptance_permission__ADMIT_003__invalid,every_required_rule_invalid,pre_final_split_acceptance_permission,tuple,ADMIT_001|ADMIT_002|ADMIT_003|ADMIT_004|ADMIT_005|ADMIT_006|ADMIT_007|ADMIT_008|ADMIT_009|ADMIT_010|ADMIT_011|ADMIT_012|ADMIT_013|ADMIT_014,passed|passed|invalid|passed|passed|passed|passed|passed|passed|passed|passed|passed|passed|passed,invalid,invalid,COMBINED_ADMISSION_REQUIRED_RULE_INVALID,COMBINED_ADMISSION_REQUIRED_RULE_INVALID,ADMIT_001|ADMIT_002|ADMIT_003|ADMIT_004|ADMIT_005|ADMIT_006|ADMIT_007|ADMIT_008|ADMIT_009|ADMIT_010|ADMIT_011|ADMIT_012|ADMIT_013|ADMIT_014,ADMIT_001|ADMIT_002|ADMIT_003|ADMIT_004|ADMIT_005|ADMIT_006|ADMIT_007|ADMIT_008|ADMIT_009|ADMIT_010|ADMIT_011|ADMIT_012|ADMIT_013|ADMIT_014,ADMIT_003,,ADMIT_003,true,true,false,0,0,false,0,true
84,pre_final_split_acceptance_permission__ADMIT_004__blocked,every_required_rule_blocked,pre_final_split_acceptance_permission,tuple,ADMIT_001|ADMIT_002|ADMIT_003|ADMIT_004|ADMIT_005|ADMIT_006|ADMIT_007|ADMIT_008|ADMIT_009|ADMIT_010|ADMIT_011|ADMIT_012|ADMIT_013|ADMIT_014,passed|passed|passed|blocked|passed|passed|passed|passed|passed|passed|passed|passed|passed|passed,blocked,blocked,COMBINED_ADMISSION_REQUIRED_RULE_BLOCKED,COMBINED_ADMISSION_REQUIRED_RULE_BLOCKED,ADMIT_001|ADMIT_002|ADMIT_003|ADMIT_004|ADMIT_005|ADMIT_006|ADMIT_007|ADMIT_008|ADMIT_009|ADMIT_010|ADMIT_011|ADMIT_012|ADMIT_013|ADMIT_014,ADMIT_001|ADMIT_002|ADMIT_003|ADMIT_004|ADMIT_005|ADMIT_006|ADMIT_007|ADMIT_008|ADMIT_009|ADMIT_010|ADMIT_011|ADMIT_012|ADMIT_013|ADMIT_014,,ADMIT_004,ADMIT_004,true,true,false,0,0,false,0,true
85,pre_final_split_acceptance_permission__ADMIT_004__invalid,every_required_rule_invalid,pre_final_split_acceptance_permission,tuple,ADMIT_001|ADMIT_002|ADMIT_003|ADMIT_004|ADMIT_005|ADMIT_006|ADMIT_007|ADMIT_008|ADMIT_009|ADMIT_010|ADMIT_011|ADMIT_012|ADMIT_013|ADMIT_014,passed|passed|passed|invalid|passed|passed|passed|passed|passed|passed|passed|passed|passed|passed,invalid,invalid,COMBINED_ADMISSION_REQUIRED_RULE_INVALID,COMBINED_ADMISSION_REQUIRED_RULE_INVALID,ADMIT_001|ADMIT_002|ADMIT_003|ADMIT_004|ADMIT_005|ADMIT_006|ADMIT_007|ADMIT_008|ADMIT_009|ADMIT_010|ADMIT_011|ADMIT_012|ADMIT_013|ADMIT_014,ADMIT_001|ADMIT_002|ADMIT_003|ADMIT_004|ADMIT_005|ADMIT_006|ADMIT_007|ADMIT_008|ADMIT_009|ADMIT_010|ADMIT_011|ADMIT_012|ADMIT_013|ADMIT_014,ADMIT_004,,ADMIT_004,true,true,false,0,0,false,0,true
86,pre_final_split_acceptance_permission__ADMIT_005__blocked,every_required_rule_blocked,pre_final_split_acceptance_permission,tuple,ADMIT_001|ADMIT_002|ADMIT_003|ADMIT_004|ADMIT_005|ADMIT_006|ADMIT_007|ADMIT_008|ADMIT_009|ADMIT_010|ADMIT_011|ADMIT_012|ADMIT_013|ADMIT_014,passed|passed|passed|passed|blocked|passed|passed|passed|passed|passed|passed|passed|passed|passed,blocked,blocked,COMBINED_ADMISSION_REQUIRED_RULE_BLOCKED,COMBINED_ADMISSION_REQUIRED_RULE_BLOCKED,ADMIT_001|ADMIT_002|ADMIT_003|ADMIT_004|ADMIT_005|ADMIT_006|ADMIT_007|ADMIT_008|ADMIT_009|ADMIT_010|ADMIT_011|ADMIT_012|ADMIT_013|ADMIT_014,ADMIT_001|ADMIT_002|ADMIT_003|ADMIT_004|ADMIT_005|ADMIT_006|ADMIT_007|ADMIT_008|ADMIT_009|ADMIT_010|ADMIT_011|ADMIT_012|ADMIT_013|ADMIT_014,,ADMIT_005,ADMIT_005,true,true,false,0,0,false,0,true
87,pre_final_split_acceptance_permission__ADMIT_005__invalid,every_required_rule_invalid,pre_final_split_acceptance_permission,tuple,ADMIT_001|ADMIT_002|ADMIT_003|ADMIT_004|ADMIT_005|ADMIT_006|ADMIT_007|ADMIT_008|ADMIT_009|ADMIT_010|ADMIT_011|ADMIT_012|ADMIT_013|ADMIT_014,passed|passed|passed|passed|invalid|passed|passed|passed|passed|passed|passed|passed|passed|passed,invalid,invalid,COMBINED_ADMISSION_REQUIRED_RULE_INVALID,COMBINED_ADMISSION_REQUIRED_RULE_INVALID,ADMIT_001|ADMIT_002|ADMIT_003|ADMIT_004|ADMIT_005|ADMIT_006|ADMIT_007|ADMIT_008|ADMIT_009|ADMIT_010|ADMIT_011|ADMIT_012|ADMIT_013|ADMIT_014,ADMIT_001|ADMIT_002|ADMIT_003|ADMIT_004|ADMIT_005|ADMIT_006|ADMIT_007|ADMIT_008|ADMIT_009|ADMIT_010|ADMIT_011|ADMIT_012|ADMIT_013|ADMIT_014,ADMIT_005,,ADMIT_005,true,true,false,0,0,false,0,true
88,pre_final_split_acceptance_permission__ADMIT_006__blocked,every_required_rule_blocked,pre_final_split_acceptance_permission,tuple,ADMIT_001|ADMIT_002|ADMIT_003|ADMIT_004|ADMIT_005|ADMIT_006|ADMIT_007|ADMIT_008|ADMIT_009|ADMIT_010|ADMIT_011|ADMIT_012|ADMIT_013|ADMIT_014,passed|passed|passed|passed|passed|blocked|passed|passed|passed|passed|passed|passed|passed|passed,blocked,blocked,COMBINED_ADMISSION_REQUIRED_RULE_BLOCKED,COMBINED_ADMISSION_REQUIRED_RULE_BLOCKED,ADMIT_001|ADMIT_002|ADMIT_003|ADMIT_004|ADMIT_005|ADMIT_006|ADMIT_007|ADMIT_008|ADMIT_009|ADMIT_010|ADMIT_011|ADMIT_012|ADMIT_013|ADMIT_014,ADMIT_001|ADMIT_002|ADMIT_003|ADMIT_004|ADMIT_005|ADMIT_006|ADMIT_007|ADMIT_008|ADMIT_009|ADMIT_010|ADMIT_011|ADMIT_012|ADMIT_013|ADMIT_014,,ADMIT_006,ADMIT_006,true,true,false,0,0,false,0,true
89,pre_final_split_acceptance_permission__ADMIT_006__invalid,every_required_rule_invalid,pre_final_split_acceptance_permission,tuple,ADMIT_001|ADMIT_002|ADMIT_003|ADMIT_004|ADMIT_005|ADMIT_006|ADMIT_007|ADMIT_008|ADMIT_009|ADMIT_010|ADMIT_011|ADMIT_012|ADMIT_013|ADMIT_014,passed|passed|passed|passed|passed|invalid|passed|passed|passed|passed|passed|passed|passed|passed,invalid,invalid,COMBINED_ADMISSION_REQUIRED_RULE_INVALID,COMBINED_ADMISSION_REQUIRED_RULE_INVALID,ADMIT_001|ADMIT_002|ADMIT_003|ADMIT_004|ADMIT_005|ADMIT_006|ADMIT_007|ADMIT_008|ADMIT_009|ADMIT_010|ADMIT_011|ADMIT_012|ADMIT_013|ADMIT_014,ADMIT_001|ADMIT_002|ADMIT_003|ADMIT_004|ADMIT_005|ADMIT_006|ADMIT_007|ADMIT_008|ADMIT_009|ADMIT_010|ADMIT_011|ADMIT_012|ADMIT_013|ADMIT_014,ADMIT_006,,ADMIT_006,true,true,false,0,0,false,0,true
90,pre_final_split_acceptance_permission__ADMIT_007__blocked,every_required_rule_blocked,pre_final_split_acceptance_permission,tuple,ADMIT_001|ADMIT_002|ADMIT_003|ADMIT_004|ADMIT_005|ADMIT_006|ADMIT_007|ADMIT_008|ADMIT_009|ADMIT_010|ADMIT_011|ADMIT_012|ADMIT_013|ADMIT_014,passed|passed|passed|passed|passed|passed|blocked|passed|passed|passed|passed|passed|passed|passed,blocked,blocked,COMBINED_ADMISSION_REQUIRED_RULE_BLOCKED,COMBINED_ADMISSION_REQUIRED_RULE_BLOCKED,ADMIT_001|ADMIT_002|ADMIT_003|ADMIT_004|ADMIT_005|ADMIT_006|ADMIT_007|ADMIT_008|ADMIT_009|ADMIT_010|ADMIT_011|ADMIT_012|ADMIT_013|ADMIT_014,ADMIT_001|ADMIT_002|ADMIT_003|ADMIT_004|ADMIT_005|ADMIT_006|ADMIT_007|ADMIT_008|ADMIT_009|ADMIT_010|ADMIT_011|ADMIT_012|ADMIT_013|ADMIT_014,,ADMIT_007,ADMIT_007,true,true,false,0,0,false,0,true
91,pre_final_split_acceptance_permission__ADMIT_007__invalid,every_required_rule_invalid,pre_final_split_acceptance_permission,tuple,ADMIT_001|ADMIT_002|ADMIT_003|ADMIT_004|ADMIT_005|ADMIT_006|ADMIT_007|ADMIT_008|ADMIT_009|ADMIT_010|ADMIT_011|ADMIT_012|ADMIT_013|ADMIT_014,passed|passed|passed|passed|passed|passed|invalid|passed|passed|passed|passed|passed|passed|passed,invalid,invalid,COMBINED_ADMISSION_REQUIRED_RULE_INVALID,COMBINED_ADMISSION_REQUIRED_RULE_INVALID,ADMIT_001|ADMIT_002|ADMIT_003|ADMIT_004|ADMIT_005|ADMIT_006|ADMIT_007|ADMIT_008|ADMIT_009|ADMIT_010|ADMIT_011|ADMIT_012|ADMIT_013|ADMIT_014,ADMIT_001|ADMIT_002|ADMIT_003|ADMIT_004|ADMIT_005|ADMIT_006|ADMIT_007|ADMIT_008|ADMIT_009|ADMIT_010|ADMIT_011|ADMIT_012|ADMIT_013|ADMIT_014,ADMIT_007,,ADMIT_007,true,true,false,0,0,false,0,true
92,pre_final_split_acceptance_permission__ADMIT_008__blocked,every_required_rule_blocked,pre_final_split_acceptance_permission,tuple,ADMIT_001|ADMIT_002|ADMIT_003|ADMIT_004|ADMIT_005|ADMIT_006|ADMIT_007|ADMIT_008|ADMIT_009|ADMIT_010|ADMIT_011|ADMIT_012|ADMIT_013|ADMIT_014,passed|passed|passed|passed|passed|passed|passed|blocked|passed|passed|passed|passed|passed|passed,blocked,blocked,COMBINED_ADMISSION_REQUIRED_RULE_BLOCKED,COMBINED_ADMISSION_REQUIRED_RULE_BLOCKED,ADMIT_001|ADMIT_002|ADMIT_003|ADMIT_004|ADMIT_005|ADMIT_006|ADMIT_007|ADMIT_008|ADMIT_009|ADMIT_010|ADMIT_011|ADMIT_012|ADMIT_013|ADMIT_014,ADMIT_001|ADMIT_002|ADMIT_003|ADMIT_004|ADMIT_005|ADMIT_006|ADMIT_007|ADMIT_008|ADMIT_009|ADMIT_010|ADMIT_011|ADMIT_012|ADMIT_013|ADMIT_014,,ADMIT_008,ADMIT_008,true,true,false,0,0,false,0,true
93,pre_final_split_acceptance_permission__ADMIT_008__invalid,every_required_rule_invalid,pre_final_split_acceptance_permission,tuple,ADMIT_001|ADMIT_002|ADMIT_003|ADMIT_004|ADMIT_005|ADMIT_006|ADMIT_007|ADMIT_008|ADMIT_009|ADMIT_010|ADMIT_011|ADMIT_012|ADMIT_013|ADMIT_014,passed|passed|passed|passed|passed|passed|passed|invalid|passed|passed|passed|passed|passed|passed,invalid,invalid,COMBINED_ADMISSION_REQUIRED_RULE_INVALID,COMBINED_ADMISSION_REQUIRED_RULE_INVALID,ADMIT_001|ADMIT_002|ADMIT_003|ADMIT_004|ADMIT_005|ADMIT_006|ADMIT_007|ADMIT_008|ADMIT_009|ADMIT_010|ADMIT_011|ADMIT_012|ADMIT_013|ADMIT_014,ADMIT_001|ADMIT_002|ADMIT_003|ADMIT_004|ADMIT_005|ADMIT_006|ADMIT_007|ADMIT_008|ADMIT_009|ADMIT_010|ADMIT_011|ADMIT_012|ADMIT_013|ADMIT_014,ADMIT_008,,ADMIT_008,true,true,false,0,0,false,0,true
94,pre_final_split_acceptance_permission__ADMIT_009__blocked,every_required_rule_blocked,pre_final_split_acceptance_permission,tuple,ADMIT_001|ADMIT_002|ADMIT_003|ADMIT_004|ADMIT_005|ADMIT_006|ADMIT_007|ADMIT_008|ADMIT_009|ADMIT_010|ADMIT_011|ADMIT_012|ADMIT_013|ADMIT_014,passed|passed|passed|passed|passed|passed|passed|passed|blocked|passed|passed|passed|passed|passed,blocked,blocked,COMBINED_ADMISSION_REQUIRED_RULE_BLOCKED,COMBINED_ADMISSION_REQUIRED_RULE_BLOCKED,ADMIT_001|ADMIT_002|ADMIT_003|ADMIT_004|ADMIT_005|ADMIT_006|ADMIT_007|ADMIT_008|ADMIT_009|ADMIT_010|ADMIT_011|ADMIT_012|ADMIT_013|ADMIT_014,ADMIT_001|ADMIT_002|ADMIT_003|ADMIT_004|ADMIT_005|ADMIT_006|ADMIT_007|ADMIT_008|ADMIT_009|ADMIT_010|ADMIT_011|ADMIT_012|ADMIT_013|ADMIT_014,,ADMIT_009,ADMIT_009,true,true,false,0,0,false,0,true
95,pre_final_split_acceptance_permission__ADMIT_009__invalid,every_required_rule_invalid,pre_final_split_acceptance_permission,tuple,ADMIT_001|ADMIT_002|ADMIT_003|ADMIT_004|ADMIT_005|ADMIT_006|ADMIT_007|ADMIT_008|ADMIT_009|ADMIT_010|ADMIT_011|ADMIT_012|ADMIT_013|ADMIT_014,passed|passed|passed|passed|passed|passed|passed|passed|invalid|passed|passed|passed|passed|passed,invalid,invalid,COMBINED_ADMISSION_REQUIRED_RULE_INVALID,COMBINED_ADMISSION_REQUIRED_RULE_INVALID,ADMIT_001|ADMIT_002|ADMIT_003|ADMIT_004|ADMIT_005|ADMIT_006|ADMIT_007|ADMIT_008|ADMIT_009|ADMIT_010|ADMIT_011|ADMIT_012|ADMIT_013|ADMIT_014,ADMIT_001|ADMIT_002|ADMIT_003|ADMIT_004|ADMIT_005|ADMIT_006|ADMIT_007|ADMIT_008|ADMIT_009|ADMIT_010|ADMIT_011|ADMIT_012|ADMIT_013|ADMIT_014,ADMIT_009,,ADMIT_009,true,true,false,0,0,false,0,true
96,pre_final_split_acceptance_permission__ADMIT_010__blocked,every_required_rule_blocked,pre_final_split_acceptance_permission,tuple,ADMIT_001|ADMIT_002|ADMIT_003|ADMIT_004|ADMIT_005|ADMIT_006|ADMIT_007|ADMIT_008|ADMIT_009|ADMIT_010|ADMIT_011|ADMIT_012|ADMIT_013|ADMIT_014,passed|passed|passed|passed|passed|passed|passed|passed|passed|blocked|passed|passed|passed|passed,blocked,blocked,COMBINED_ADMISSION_REQUIRED_RULE_BLOCKED,COMBINED_ADMISSION_REQUIRED_RULE_BLOCKED,ADMIT_001|ADMIT_002|ADMIT_003|ADMIT_004|ADMIT_005|ADMIT_006|ADMIT_007|ADMIT_008|ADMIT_009|ADMIT_010|ADMIT_011|ADMIT_012|ADMIT_013|ADMIT_014,ADMIT_001|ADMIT_002|ADMIT_003|ADMIT_004|ADMIT_005|ADMIT_006|ADMIT_007|ADMIT_008|ADMIT_009|ADMIT_010|ADMIT_011|ADMIT_012|ADMIT_013|ADMIT_014,,ADMIT_010,ADMIT_010,true,true,false,0,0,false,0,true
97,pre_final_split_acceptance_permission__ADMIT_010__invalid,every_required_rule_invalid,pre_final_split_acceptance_permission,tuple,ADMIT_001|ADMIT_002|ADMIT_003|ADMIT_004|ADMIT_005|ADMIT_006|ADMIT_007|ADMIT_008|ADMIT_009|ADMIT_010|ADMIT_011|ADMIT_012|ADMIT_013|ADMIT_014,passed|passed|passed|passed|passed|passed|passed|passed|passed|invalid|passed|passed|passed|passed,invalid,invalid,COMBINED_ADMISSION_REQUIRED_RULE_INVALID,COMBINED_ADMISSION_REQUIRED_RULE_INVALID,ADMIT_001|ADMIT_002|ADMIT_003|ADMIT_004|ADMIT_005|ADMIT_006|ADMIT_007|ADMIT_008|ADMIT_009|ADMIT_010|ADMIT_011|ADMIT_012|ADMIT_013|ADMIT_014,ADMIT_001|ADMIT_002|ADMIT_003|ADMIT_004|ADMIT_005|ADMIT_006|ADMIT_007|ADMIT_008|ADMIT_009|ADMIT_010|ADMIT_011|ADMIT_012|ADMIT_013|ADMIT_014,ADMIT_010,,ADMIT_010,true,true,false,0,0,false,0,true
98,pre_final_split_acceptance_permission__ADMIT_011__blocked,every_required_rule_blocked,pre_final_split_acceptance_permission,tuple,ADMIT_001|ADMIT_002|ADMIT_003|ADMIT_004|ADMIT_005|ADMIT_006|ADMIT_007|ADMIT_008|ADMIT_009|ADMIT_010|ADMIT_011|ADMIT_012|ADMIT_013|ADMIT_014,passed|passed|passed|passed|passed|passed|passed|passed|passed|passed|blocked|passed|passed|passed,blocked,blocked,COMBINED_ADMISSION_REQUIRED_RULE_BLOCKED,COMBINED_ADMISSION_REQUIRED_RULE_BLOCKED,ADMIT_001|ADMIT_002|ADMIT_003|ADMIT_004|ADMIT_005|ADMIT_006|ADMIT_007|ADMIT_008|ADMIT_009|ADMIT_010|ADMIT_011|ADMIT_012|ADMIT_013|ADMIT_014,ADMIT_001|ADMIT_002|ADMIT_003|ADMIT_004|ADMIT_005|ADMIT_006|ADMIT_007|ADMIT_008|ADMIT_009|ADMIT_010|ADMIT_011|ADMIT_012|ADMIT_013|ADMIT_014,,ADMIT_011,ADMIT_011,true,true,false,0,0,false,0,true
99,pre_final_split_acceptance_permission__ADMIT_011__invalid,every_required_rule_invalid,pre_final_split_acceptance_permission,tuple,ADMIT_001|ADMIT_002|ADMIT_003|ADMIT_004|ADMIT_005|ADMIT_006|ADMIT_007|ADMIT_008|ADMIT_009|ADMIT_010|ADMIT_011|ADMIT_012|ADMIT_013|ADMIT_014,passed|passed|passed|passed|passed|passed|passed|passed|passed|passed|invalid|passed|passed|passed,invalid,invalid,COMBINED_ADMISSION_REQUIRED_RULE_INVALID,COMBINED_ADMISSION_REQUIRED_RULE_INVALID,ADMIT_001|ADMIT_002|ADMIT_003|ADMIT_004|ADMIT_005|ADMIT_006|ADMIT_007|ADMIT_008|ADMIT_009|ADMIT_010|ADMIT_011|ADMIT_012|ADMIT_013|ADMIT_014,ADMIT_001|ADMIT_002|ADMIT_003|ADMIT_004|ADMIT_005|ADMIT_006|ADMIT_007|ADMIT_008|ADMIT_009|ADMIT_010|ADMIT_011|ADMIT_012|ADMIT_013|ADMIT_014,ADMIT_011,,ADMIT_011,true,true,false,0,0,false,0,true
100,pre_final_split_acceptance_permission__ADMIT_012__blocked,every_required_rule_blocked,pre_final_split_acceptance_permission,tuple,ADMIT_001|ADMIT_002|ADMIT_003|ADMIT_004|ADMIT_005|ADMIT_006|ADMIT_007|ADMIT_008|ADMIT_009|ADMIT_010|ADMIT_011|ADMIT_012|ADMIT_013|ADMIT_014,passed|passed|passed|passed|passed|passed|passed|passed|passed|passed|passed|blocked|passed|passed,blocked,blocked,COMBINED_ADMISSION_REQUIRED_RULE_BLOCKED,COMBINED_ADMISSION_REQUIRED_RULE_BLOCKED,ADMIT_001|ADMIT_002|ADMIT_003|ADMIT_004|ADMIT_005|ADMIT_006|ADMIT_007|ADMIT_008|ADMIT_009|ADMIT_010|ADMIT_011|ADMIT_012|ADMIT_013|ADMIT_014,ADMIT_001|ADMIT_002|ADMIT_003|ADMIT_004|ADMIT_005|ADMIT_006|ADMIT_007|ADMIT_008|ADMIT_009|ADMIT_010|ADMIT_011|ADMIT_012|ADMIT_013|ADMIT_014,,ADMIT_012,ADMIT_012,true,true,false,0,0,false,0,true
101,pre_final_split_acceptance_permission__ADMIT_012__invalid,every_required_rule_invalid,pre_final_split_acceptance_permission,tuple,ADMIT_001|ADMIT_002|ADMIT_003|ADMIT_004|ADMIT_005|ADMIT_006|ADMIT_007|ADMIT_008|ADMIT_009|ADMIT_010|ADMIT_011|ADMIT_012|ADMIT_013|ADMIT_014,passed|passed|passed|passed|passed|passed|passed|passed|passed|passed|passed|invalid|passed|passed,invalid,invalid,COMBINED_ADMISSION_REQUIRED_RULE_INVALID,COMBINED_ADMISSION_REQUIRED_RULE_INVALID,ADMIT_001|ADMIT_002|ADMIT_003|ADMIT_004|ADMIT_005|ADMIT_006|ADMIT_007|ADMIT_008|ADMIT_009|ADMIT_010|ADMIT_011|ADMIT_012|ADMIT_013|ADMIT_014,ADMIT_001|ADMIT_002|ADMIT_003|ADMIT_004|ADMIT_005|ADMIT_006|ADMIT_007|ADMIT_008|ADMIT_009|ADMIT_010|ADMIT_011|ADMIT_012|ADMIT_013|ADMIT_014,ADMIT_012,,ADMIT_012,true,true,false,0,0,false,0,true
102,pre_final_split_acceptance_permission__ADMIT_013__blocked,every_required_rule_blocked,pre_final_split_acceptance_permission,tuple,ADMIT_001|ADMIT_002|ADMIT_003|ADMIT_004|ADMIT_005|ADMIT_006|ADMIT_007|ADMIT_008|ADMIT_009|ADMIT_010|ADMIT_011|ADMIT_012|ADMIT_013|ADMIT_014,passed|passed|passed|passed|passed|passed|passed|passed|passed|passed|passed|passed|blocked|passed,blocked,blocked,COMBINED_ADMISSION_REQUIRED_RULE_BLOCKED,COMBINED_ADMISSION_REQUIRED_RULE_BLOCKED,ADMIT_001|ADMIT_002|ADMIT_003|ADMIT_004|ADMIT_005|ADMIT_006|ADMIT_007|ADMIT_008|ADMIT_009|ADMIT_010|ADMIT_011|ADMIT_012|ADMIT_013|ADMIT_014,ADMIT_001|ADMIT_002|ADMIT_003|ADMIT_004|ADMIT_005|ADMIT_006|ADMIT_007|ADMIT_008|ADMIT_009|ADMIT_010|ADMIT_011|ADMIT_012|ADMIT_013|ADMIT_014,,ADMIT_013,ADMIT_013,true,true,false,0,0,false,0,true
103,pre_final_split_acceptance_permission__ADMIT_013__invalid,every_required_rule_invalid,pre_final_split_acceptance_permission,tuple,ADMIT_001|ADMIT_002|ADMIT_003|ADMIT_004|ADMIT_005|ADMIT_006|ADMIT_007|ADMIT_008|ADMIT_009|ADMIT_010|ADMIT_011|ADMIT_012|ADMIT_013|ADMIT_014,passed|passed|passed|passed|passed|passed|passed|passed|passed|passed|passed|passed|invalid|passed,invalid,invalid,COMBINED_ADMISSION_REQUIRED_RULE_INVALID,COMBINED_ADMISSION_REQUIRED_RULE_INVALID,ADMIT_001|ADMIT_002|ADMIT_003|ADMIT_004|ADMIT_005|ADMIT_006|ADMIT_007|ADMIT_008|ADMIT_009|ADMIT_010|ADMIT_011|ADMIT_012|ADMIT_013|ADMIT_014,ADMIT_001|ADMIT_002|ADMIT_003|ADMIT_004|ADMIT_005|ADMIT_006|ADMIT_007|ADMIT_008|ADMIT_009|ADMIT_010|ADMIT_011|ADMIT_012|ADMIT_013|ADMIT_014,ADMIT_013,,ADMIT_013,true,true,false,0,0,false,0,true
104,pre_final_split_acceptance_permission__ADMIT_014__blocked,every_required_rule_blocked,pre_final_split_acceptance_permission,tuple,ADMIT_001|ADMIT_002|ADMIT_003|ADMIT_004|ADMIT_005|ADMIT_006|ADMIT_007|ADMIT_008|ADMIT_009|ADMIT_010|ADMIT_011|ADMIT_012|ADMIT_013|ADMIT_014,passed|passed|passed|passed|passed|passed|passed|passed|passed|passed|passed|passed|passed|blocked,blocked,blocked,COMBINED_ADMISSION_REQUIRED_RULE_BLOCKED,COMBINED_ADMISSION_REQUIRED_RULE_BLOCKED,ADMIT_001|ADMIT_002|ADMIT_003|ADMIT_004|ADMIT_005|ADMIT_006|ADMIT_007|ADMIT_008|ADMIT_009|ADMIT_010|ADMIT_011|ADMIT_012|ADMIT_013|ADMIT_014,ADMIT_001|ADMIT_002|ADMIT_003|ADMIT_004|ADMIT_005|ADMIT_006|ADMIT_007|ADMIT_008|ADMIT_009|ADMIT_010|ADMIT_011|ADMIT_012|ADMIT_013|ADMIT_014,,ADMIT_014,ADMIT_014,true,true,false,0,0,false,0,true
105,pre_final_split_acceptance_permission__ADMIT_014__invalid,every_required_rule_invalid,pre_final_split_acceptance_permission,tuple,ADMIT_001|ADMIT_002|ADMIT_003|ADMIT_004|ADMIT_005|ADMIT_006|ADMIT_007|ADMIT_008|ADMIT_009|ADMIT_010|ADMIT_011|ADMIT_012|ADMIT_013|ADMIT_014,passed|passed|passed|passed|passed|passed|passed|passed|passed|passed|passed|passed|passed|invalid,invalid,invalid,COMBINED_ADMISSION_REQUIRED_RULE_INVALID,COMBINED_ADMISSION_REQUIRED_RULE_INVALID,ADMIT_001|ADMIT_002|ADMIT_003|ADMIT_004|ADMIT_005|ADMIT_006|ADMIT_007|ADMIT_008|ADMIT_009|ADMIT_010|ADMIT_011|ADMIT_012|ADMIT_013|ADMIT_014,ADMIT_001|ADMIT_002|ADMIT_003|ADMIT_004|ADMIT_005|ADMIT_006|ADMIT_007|ADMIT_008|ADMIT_009|ADMIT_010|ADMIT_011|ADMIT_012|ADMIT_013|ADMIT_014,ADMIT_014,,ADMIT_014,true,true,false,0,0,false,0,true
106,pre_final_split_acceptance_permission__missing_first,missing_required,pre_final_split_acceptance_permission,tuple,ADMIT_002|ADMIT_003|ADMIT_004|ADMIT_005|ADMIT_006|ADMIT_007|ADMIT_008|ADMIT_009|ADMIT_010|ADMIT_011|ADMIT_012|ADMIT_013|ADMIT_014,passed|passed|passed|passed|passed|passed|passed|passed|passed|passed|passed|passed|passed,invalid,invalid,COMBINED_ADMISSION_RULE_MEMBERSHIP_INVALID,COMBINED_ADMISSION_RULE_MEMBERSHIP_INVALID,ADMIT_001|ADMIT_002|ADMIT_003|ADMIT_004|ADMIT_005|ADMIT_006|ADMIT_007|ADMIT_008|ADMIT_009|ADMIT_010|ADMIT_011|ADMIT_012|ADMIT_013|ADMIT_014,ADMIT_002|ADMIT_003|ADMIT_004|ADMIT_005|ADMIT_006|ADMIT_007|ADMIT_008|ADMIT_009|ADMIT_010|ADMIT_011|ADMIT_012|ADMIT_013|ADMIT_014,,,,false,false,false,0,0,false,0,true
107,pre_final_split_acceptance_permission__missing_middle,missing_required,pre_final_split_acceptance_permission,tuple,ADMIT_001|ADMIT_002|ADMIT_003|ADMIT_004|ADMIT_005|ADMIT_006|ADMIT_007|ADMIT_009|ADMIT_010|ADMIT_011|ADMIT_012|ADMIT_013|ADMIT_014,passed|passed|passed|passed|passed|passed|passed|passed|passed|passed|passed|passed|passed,invalid,invalid,COMBINED_ADMISSION_RULE_MEMBERSHIP_INVALID,COMBINED_ADMISSION_RULE_MEMBERSHIP_INVALID,ADMIT_001|ADMIT_002|ADMIT_003|ADMIT_004|ADMIT_005|ADMIT_006|ADMIT_007|ADMIT_008|ADMIT_009|ADMIT_010|ADMIT_011|ADMIT_012|ADMIT_013|ADMIT_014,ADMIT_001|ADMIT_002|ADMIT_003|ADMIT_004|ADMIT_005|ADMIT_006|ADMIT_007|ADMIT_009|ADMIT_010|ADMIT_011|ADMIT_012|ADMIT_013|ADMIT_014,,,,false,false,false,0,0,false,0,true
108,pre_final_split_acceptance_permission__missing_last,missing_required,pre_final_split_acceptance_permission,tuple,ADMIT_001|ADMIT_002|ADMIT_003|ADMIT_004|ADMIT_005|ADMIT_006|ADMIT_007|ADMIT_008|ADMIT_009|ADMIT_010|ADMIT_011|ADMIT_012|ADMIT_013,passed|passed|passed|passed|passed|passed|passed|passed|passed|passed|passed|passed|passed,invalid,invalid,COMBINED_ADMISSION_RULE_MEMBERSHIP_INVALID,COMBINED_ADMISSION_RULE_MEMBERSHIP_INVALID,ADMIT_001|ADMIT_002|ADMIT_003|ADMIT_004|ADMIT_005|ADMIT_006|ADMIT_007|ADMIT_008|ADMIT_009|ADMIT_010|ADMIT_011|ADMIT_012|ADMIT_013|ADMIT_014,ADMIT_001|ADMIT_002|ADMIT_003|ADMIT_004|ADMIT_005|ADMIT_006|ADMIT_007|ADMIT_008|ADMIT_009|ADMIT_010|ADMIT_011|ADMIT_012|ADMIT_013,,,,false,false,false,0,0,false,0,true
109,pre_final_split_acceptance_permission__multi_blocked,multi_blocked_full_collection,pre_final_split_acceptance_permission,tuple,ADMIT_001|ADMIT_002|ADMIT_003|ADMIT_004|ADMIT_005|ADMIT_006|ADMIT_007|ADMIT_008|ADMIT_009|ADMIT_010|ADMIT_011|ADMIT_012|ADMIT_013|ADMIT_014,blocked|passed|passed|passed|passed|passed|passed|passed|passed|passed|passed|passed|passed|blocked,blocked,blocked,COMBINED_ADMISSION_REQUIRED_RULE_BLOCKED,COMBINED_ADMISSION_REQUIRED_RULE_BLOCKED,ADMIT_001|ADMIT_002|ADMIT_003|ADMIT_004|ADMIT_005|ADMIT_006|ADMIT_007|ADMIT_008|ADMIT_009|ADMIT_010|ADMIT_011|ADMIT_012|ADMIT_013|ADMIT_014,ADMIT_001|ADMIT_002|ADMIT_003|ADMIT_004|ADMIT_005|ADMIT_006|ADMIT_007|ADMIT_008|ADMIT_009|ADMIT_010|ADMIT_011|ADMIT_012|ADMIT_013|ADMIT_014,,ADMIT_001|ADMIT_014,ADMIT_001|ADMIT_014,true,true,false,0,0,false,0,true
110,pre_final_split_acceptance_permission__multi_invalid,multi_invalid_full_collection,pre_final_split_acceptance_permission,tuple,ADMIT_001|ADMIT_002|ADMIT_003|ADMIT_004|ADMIT_005|ADMIT_006|ADMIT_007|ADMIT_008|ADMIT_009|ADMIT_010|ADMIT_011|ADMIT_012|ADMIT_013|ADMIT_014,invalid|passed|passed|passed|passed|passed|passed|passed|passed|passed|passed|passed|passed|invalid,invalid,invalid,COMBINED_ADMISSION_REQUIRED_RULE_INVALID,COMBINED_ADMISSION_REQUIRED_RULE_INVALID,ADMIT_001|ADMIT_002|ADMIT_003|ADMIT_004|ADMIT_005|ADMIT_006|ADMIT_007|ADMIT_008|ADMIT_009|ADMIT_010|ADMIT_011|ADMIT_012|ADMIT_013|ADMIT_014,ADMIT_001|ADMIT_002|ADMIT_003|ADMIT_004|ADMIT_005|ADMIT_006|ADMIT_007|ADMIT_008|ADMIT_009|ADMIT_010|ADMIT_011|ADMIT_012|ADMIT_013|ADMIT_014,ADMIT_001|ADMIT_014,,ADMIT_001|ADMIT_014,true,true,false,0,0,false,0,true
111,pre_final_split_acceptance_permission__invalid_and_blocked,invalid_blocked_full_collection,pre_final_split_acceptance_permission,tuple,ADMIT_001|ADMIT_002|ADMIT_003|ADMIT_004|ADMIT_005|ADMIT_006|ADMIT_007|ADMIT_008|ADMIT_009|ADMIT_010|ADMIT_011|ADMIT_012|ADMIT_013|ADMIT_014,blocked|invalid|passed|passed|passed|passed|passed|passed|passed|passed|passed|passed|passed|passed,invalid,invalid,COMBINED_ADMISSION_REQUIRED_RULE_INVALID,COMBINED_ADMISSION_REQUIRED_RULE_INVALID,ADMIT_001|ADMIT_002|ADMIT_003|ADMIT_004|ADMIT_005|ADMIT_006|ADMIT_007|ADMIT_008|ADMIT_009|ADMIT_010|ADMIT_011|ADMIT_012|ADMIT_013|ADMIT_014,ADMIT_001|ADMIT_002|ADMIT_003|ADMIT_004|ADMIT_005|ADMIT_006|ADMIT_007|ADMIT_008|ADMIT_009|ADMIT_010|ADMIT_011|ADMIT_012|ADMIT_013|ADMIT_014,ADMIT_002,ADMIT_001,ADMIT_001|ADMIT_002,true,true,false,0,0,false,0,true
112,pre_final_split_acceptance_permission__all_blocked,all_blocked_full_collection,pre_final_split_acceptance_permission,tuple,ADMIT_001|ADMIT_002|ADMIT_003|ADMIT_004|ADMIT_005|ADMIT_006|ADMIT_007|ADMIT_008|ADMIT_009|ADMIT_010|ADMIT_011|ADMIT_012|ADMIT_013|ADMIT_014,blocked|blocked|blocked|blocked|blocked|blocked|blocked|blocked|blocked|blocked|blocked|blocked|blocked|blocked,blocked,blocked,COMBINED_ADMISSION_REQUIRED_RULE_BLOCKED,COMBINED_ADMISSION_REQUIRED_RULE_BLOCKED,ADMIT_001|ADMIT_002|ADMIT_003|ADMIT_004|ADMIT_005|ADMIT_006|ADMIT_007|ADMIT_008|ADMIT_009|ADMIT_010|ADMIT_011|ADMIT_012|ADMIT_013|ADMIT_014,ADMIT_001|ADMIT_002|ADMIT_003|ADMIT_004|ADMIT_005|ADMIT_006|ADMIT_007|ADMIT_008|ADMIT_009|ADMIT_010|ADMIT_011|ADMIT_012|ADMIT_013|ADMIT_014,,ADMIT_001|ADMIT_002|ADMIT_003|ADMIT_004|ADMIT_005|ADMIT_006|ADMIT_007|ADMIT_008|ADMIT_009|ADMIT_010|ADMIT_011|ADMIT_012|ADMIT_013|ADMIT_014,ADMIT_001|ADMIT_002|ADMIT_003|ADMIT_004|ADMIT_005|ADMIT_006|ADMIT_007|ADMIT_008|ADMIT_009|ADMIT_010|ADMIT_011|ADMIT_012|ADMIT_013|ADMIT_014,true,true,false,0,0,false,0,true
113,pre_final_split_acceptance_permission__all_invalid,all_invalid_full_collection,pre_final_split_acceptance_permission,tuple,ADMIT_001|ADMIT_002|ADMIT_003|ADMIT_004|ADMIT_005|ADMIT_006|ADMIT_007|ADMIT_008|ADMIT_009|ADMIT_010|ADMIT_011|ADMIT_012|ADMIT_013|ADMIT_014,invalid|invalid|invalid|invalid|invalid|invalid|invalid|invalid|invalid|invalid|invalid|invalid|invalid|invalid,invalid,invalid,COMBINED_ADMISSION_REQUIRED_RULE_INVALID,COMBINED_ADMISSION_REQUIRED_RULE_INVALID,ADMIT_001|ADMIT_002|ADMIT_003|ADMIT_004|ADMIT_005|ADMIT_006|ADMIT_007|ADMIT_008|ADMIT_009|ADMIT_010|ADMIT_011|ADMIT_012|ADMIT_013|ADMIT_014,ADMIT_001|ADMIT_002|ADMIT_003|ADMIT_004|ADMIT_005|ADMIT_006|ADMIT_007|ADMIT_008|ADMIT_009|ADMIT_010|ADMIT_011|ADMIT_012|ADMIT_013|ADMIT_014,ADMIT_001|ADMIT_002|ADMIT_003|ADMIT_004|ADMIT_005|ADMIT_006|ADMIT_007|ADMIT_008|ADMIT_009|ADMIT_010|ADMIT_011|ADMIT_012|ADMIT_013|ADMIT_014,,ADMIT_001|ADMIT_002|ADMIT_003|ADMIT_004|ADMIT_005|ADMIT_006|ADMIT_007|ADMIT_008|ADMIT_009|ADMIT_010|ADMIT_011|ADMIT_012|ADMIT_013|ADMIT_014,true,true,false,0,0,false,0,true
114,pre_final_split_acceptance_permission__extra,extra_rule,pre_final_split_acceptance_permission,tuple,ADMIT_001|ADMIT_002|ADMIT_003|ADMIT_004|ADMIT_005|ADMIT_006|ADMIT_007|ADMIT_008|ADMIT_009|ADMIT_010|ADMIT_011|ADMIT_012|ADMIT_013|ADMIT_014|ADMIT_015,passed|passed|passed|passed|passed|passed|passed|passed|passed|passed|passed|passed|passed|passed|passed,invalid,invalid,COMBINED_ADMISSION_RULE_MEMBERSHIP_INVALID,COMBINED_ADMISSION_RULE_MEMBERSHIP_INVALID,ADMIT_001|ADMIT_002|ADMIT_003|ADMIT_004|ADMIT_005|ADMIT_006|ADMIT_007|ADMIT_008|ADMIT_009|ADMIT_010|ADMIT_011|ADMIT_012|ADMIT_013|ADMIT_014,ADMIT_001|ADMIT_002|ADMIT_003|ADMIT_004|ADMIT_005|ADMIT_006|ADMIT_007|ADMIT_008|ADMIT_009|ADMIT_010|ADMIT_011|ADMIT_012|ADMIT_013|ADMIT_014|ADMIT_015,,,,false,false,false,0,0,false,0,true
115,pre_final_split_acceptance_permission__duplicate,duplicate_rule,pre_final_split_acceptance_permission,tuple,ADMIT_001|ADMIT_002|ADMIT_003|ADMIT_004|ADMIT_005|ADMIT_006|ADMIT_007|ADMIT_008|ADMIT_009|ADMIT_010|ADMIT_011|ADMIT_012|ADMIT_013|ADMIT_014|ADMIT_001,passed|passed|passed|passed|passed|passed|passed|passed|passed|passed|passed|passed|passed|passed|passed,invalid,invalid,COMBINED_ADMISSION_RULE_MEMBERSHIP_INVALID,COMBINED_ADMISSION_RULE_MEMBERSHIP_INVALID,ADMIT_001|ADMIT_002|ADMIT_003|ADMIT_004|ADMIT_005|ADMIT_006|ADMIT_007|ADMIT_008|ADMIT_009|ADMIT_010|ADMIT_011|ADMIT_012|ADMIT_013|ADMIT_014,ADMIT_001|ADMIT_002|ADMIT_003|ADMIT_004|ADMIT_005|ADMIT_006|ADMIT_007|ADMIT_008|ADMIT_009|ADMIT_010|ADMIT_011|ADMIT_012|ADMIT_013|ADMIT_014|ADMIT_001,,,,false,false,false,0,0,false,0,true
116,pre_final_split_acceptance_permission__reorder,reordered_rule,pre_final_split_acceptance_permission,tuple,ADMIT_002|ADMIT_001|ADMIT_003|ADMIT_004|ADMIT_005|ADMIT_006|ADMIT_007|ADMIT_008|ADMIT_009|ADMIT_010|ADMIT_011|ADMIT_012|ADMIT_013|ADMIT_014,passed|passed|passed|passed|passed|passed|passed|passed|passed|passed|passed|passed|passed|passed,invalid,invalid,COMBINED_ADMISSION_RULE_MEMBERSHIP_INVALID,COMBINED_ADMISSION_RULE_MEMBERSHIP_INVALID,ADMIT_001|ADMIT_002|ADMIT_003|ADMIT_004|ADMIT_005|ADMIT_006|ADMIT_007|ADMIT_008|ADMIT_009|ADMIT_010|ADMIT_011|ADMIT_012|ADMIT_013|ADMIT_014,ADMIT_002|ADMIT_001|ADMIT_003|ADMIT_004|ADMIT_005|ADMIT_006|ADMIT_007|ADMIT_008|ADMIT_009|ADMIT_010|ADMIT_011|ADMIT_012|ADMIT_013|ADMIT_014,,,,false,false,false,0,0,false,0,true
117,pre_final_split_acceptance_permission__unknown,unknown_rule,pre_final_split_acceptance_permission,tuple,ADMIT_001|ADMIT_002|ADMIT_003|ADMIT_004|ADMIT_005|ADMIT_006|ADMIT_007|ADMIT_008|ADMIT_009|ADMIT_010|ADMIT_011|ADMIT_012|ADMIT_013|ADMIT_999,passed|passed|passed|passed|passed|passed|passed|passed|passed|passed|passed|passed|passed|passed,invalid,invalid,COMBINED_ADMISSION_RULE_MEMBERSHIP_INVALID,COMBINED_ADMISSION_RULE_MEMBERSHIP_INVALID,ADMIT_001|ADMIT_002|ADMIT_003|ADMIT_004|ADMIT_005|ADMIT_006|ADMIT_007|ADMIT_008|ADMIT_009|ADMIT_010|ADMIT_011|ADMIT_012|ADMIT_013|ADMIT_014,ADMIT_001|ADMIT_002|ADMIT_003|ADMIT_004|ADMIT_005|ADMIT_006|ADMIT_007|ADMIT_008|ADMIT_009|ADMIT_010|ADMIT_011|ADMIT_012|ADMIT_013|ADMIT_999,,,,false,false,false,0,0,false,0,true
118,pre_final_split_acceptance_permission__scope_external_substitution,scope_external_substitution,pre_final_split_acceptance_permission,tuple,ADMIT_001|ADMIT_002|ADMIT_003|ADMIT_004|ADMIT_005|ADMIT_006|ADMIT_007|ADMIT_008|ADMIT_009|ADMIT_010|ADMIT_011|ADMIT_012|ADMIT_013|ADMIT_015,passed|passed|passed|passed|passed|passed|passed|passed|passed|passed|passed|passed|passed|passed,invalid,invalid,COMBINED_ADMISSION_RULE_MEMBERSHIP_INVALID,COMBINED_ADMISSION_RULE_MEMBERSHIP_INVALID,ADMIT_001|ADMIT_002|ADMIT_003|ADMIT_004|ADMIT_005|ADMIT_006|ADMIT_007|ADMIT_008|ADMIT_009|ADMIT_010|ADMIT_011|ADMIT_012|ADMIT_013|ADMIT_014,ADMIT_001|ADMIT_002|ADMIT_003|ADMIT_004|ADMIT_005|ADMIT_006|ADMIT_007|ADMIT_008|ADMIT_009|ADMIT_010|ADMIT_011|ADMIT_012|ADMIT_013|ADMIT_015,,,,false,false,false,0,0,false,0,true
119,training_execution_admission_permission__all_pass,canonical_all_pass,training_execution_admission_permission,tuple,ADMIT_001|ADMIT_002|ADMIT_003|ADMIT_004|ADMIT_005|ADMIT_006|ADMIT_007|ADMIT_008|ADMIT_009|ADMIT_010|ADMIT_011|ADMIT_012|ADMIT_013|ADMIT_014|ADMIT_015,passed|passed|passed|passed|passed|passed|passed|passed|passed|passed|passed|passed|passed|passed|passed,passed,passed,,,ADMIT_001|ADMIT_002|ADMIT_003|ADMIT_004|ADMIT_005|ADMIT_006|ADMIT_007|ADMIT_008|ADMIT_009|ADMIT_010|ADMIT_011|ADMIT_012|ADMIT_013|ADMIT_014|ADMIT_015,ADMIT_001|ADMIT_002|ADMIT_003|ADMIT_004|ADMIT_005|ADMIT_006|ADMIT_007|ADMIT_008|ADMIT_009|ADMIT_010|ADMIT_011|ADMIT_012|ADMIT_013|ADMIT_014|ADMIT_015,,,,true,true,false,0,0,false,0,true
120,training_execution_admission_permission__ADMIT_001__blocked,every_required_rule_blocked,training_execution_admission_permission,tuple,ADMIT_001|ADMIT_002|ADMIT_003|ADMIT_004|ADMIT_005|ADMIT_006|ADMIT_007|ADMIT_008|ADMIT_009|ADMIT_010|ADMIT_011|ADMIT_012|ADMIT_013|ADMIT_014|ADMIT_015,blocked|passed|passed|passed|passed|passed|passed|passed|passed|passed|passed|passed|passed|passed|passed,blocked,blocked,COMBINED_ADMISSION_REQUIRED_RULE_BLOCKED,COMBINED_ADMISSION_REQUIRED_RULE_BLOCKED,ADMIT_001|ADMIT_002|ADMIT_003|ADMIT_004|ADMIT_005|ADMIT_006|ADMIT_007|ADMIT_008|ADMIT_009|ADMIT_010|ADMIT_011|ADMIT_012|ADMIT_013|ADMIT_014|ADMIT_015,ADMIT_001|ADMIT_002|ADMIT_003|ADMIT_004|ADMIT_005|ADMIT_006|ADMIT_007|ADMIT_008|ADMIT_009|ADMIT_010|ADMIT_011|ADMIT_012|ADMIT_013|ADMIT_014|ADMIT_015,,ADMIT_001,ADMIT_001,true,true,false,0,0,false,0,true
121,training_execution_admission_permission__ADMIT_001__invalid,every_required_rule_invalid,training_execution_admission_permission,tuple,ADMIT_001|ADMIT_002|ADMIT_003|ADMIT_004|ADMIT_005|ADMIT_006|ADMIT_007|ADMIT_008|ADMIT_009|ADMIT_010|ADMIT_011|ADMIT_012|ADMIT_013|ADMIT_014|ADMIT_015,invalid|passed|passed|passed|passed|passed|passed|passed|passed|passed|passed|passed|passed|passed|passed,invalid,invalid,COMBINED_ADMISSION_REQUIRED_RULE_INVALID,COMBINED_ADMISSION_REQUIRED_RULE_INVALID,ADMIT_001|ADMIT_002|ADMIT_003|ADMIT_004|ADMIT_005|ADMIT_006|ADMIT_007|ADMIT_008|ADMIT_009|ADMIT_010|ADMIT_011|ADMIT_012|ADMIT_013|ADMIT_014|ADMIT_015,ADMIT_001|ADMIT_002|ADMIT_003|ADMIT_004|ADMIT_005|ADMIT_006|ADMIT_007|ADMIT_008|ADMIT_009|ADMIT_010|ADMIT_011|ADMIT_012|ADMIT_013|ADMIT_014|ADMIT_015,ADMIT_001,,ADMIT_001,true,true,false,0,0,false,0,true
122,training_execution_admission_permission__ADMIT_002__blocked,every_required_rule_blocked,training_execution_admission_permission,tuple,ADMIT_001|ADMIT_002|ADMIT_003|ADMIT_004|ADMIT_005|ADMIT_006|ADMIT_007|ADMIT_008|ADMIT_009|ADMIT_010|ADMIT_011|ADMIT_012|ADMIT_013|ADMIT_014|ADMIT_015,passed|blocked|passed|passed|passed|passed|passed|passed|passed|passed|passed|passed|passed|passed|passed,blocked,blocked,COMBINED_ADMISSION_REQUIRED_RULE_BLOCKED,COMBINED_ADMISSION_REQUIRED_RULE_BLOCKED,ADMIT_001|ADMIT_002|ADMIT_003|ADMIT_004|ADMIT_005|ADMIT_006|ADMIT_007|ADMIT_008|ADMIT_009|ADMIT_010|ADMIT_011|ADMIT_012|ADMIT_013|ADMIT_014|ADMIT_015,ADMIT_001|ADMIT_002|ADMIT_003|ADMIT_004|ADMIT_005|ADMIT_006|ADMIT_007|ADMIT_008|ADMIT_009|ADMIT_010|ADMIT_011|ADMIT_012|ADMIT_013|ADMIT_014|ADMIT_015,,ADMIT_002,ADMIT_002,true,true,false,0,0,false,0,true
123,training_execution_admission_permission__ADMIT_002__invalid,every_required_rule_invalid,training_execution_admission_permission,tuple,ADMIT_001|ADMIT_002|ADMIT_003|ADMIT_004|ADMIT_005|ADMIT_006|ADMIT_007|ADMIT_008|ADMIT_009|ADMIT_010|ADMIT_011|ADMIT_012|ADMIT_013|ADMIT_014|ADMIT_015,passed|invalid|passed|passed|passed|passed|passed|passed|passed|passed|passed|passed|passed|passed|passed,invalid,invalid,COMBINED_ADMISSION_REQUIRED_RULE_INVALID,COMBINED_ADMISSION_REQUIRED_RULE_INVALID,ADMIT_001|ADMIT_002|ADMIT_003|ADMIT_004|ADMIT_005|ADMIT_006|ADMIT_007|ADMIT_008|ADMIT_009|ADMIT_010|ADMIT_011|ADMIT_012|ADMIT_013|ADMIT_014|ADMIT_015,ADMIT_001|ADMIT_002|ADMIT_003|ADMIT_004|ADMIT_005|ADMIT_006|ADMIT_007|ADMIT_008|ADMIT_009|ADMIT_010|ADMIT_011|ADMIT_012|ADMIT_013|ADMIT_014|ADMIT_015,ADMIT_002,,ADMIT_002,true,true,false,0,0,false,0,true
124,training_execution_admission_permission__ADMIT_003__blocked,every_required_rule_blocked,training_execution_admission_permission,tuple,ADMIT_001|ADMIT_002|ADMIT_003|ADMIT_004|ADMIT_005|ADMIT_006|ADMIT_007|ADMIT_008|ADMIT_009|ADMIT_010|ADMIT_011|ADMIT_012|ADMIT_013|ADMIT_014|ADMIT_015,passed|passed|blocked|passed|passed|passed|passed|passed|passed|passed|passed|passed|passed|passed|passed,blocked,blocked,COMBINED_ADMISSION_REQUIRED_RULE_BLOCKED,COMBINED_ADMISSION_REQUIRED_RULE_BLOCKED,ADMIT_001|ADMIT_002|ADMIT_003|ADMIT_004|ADMIT_005|ADMIT_006|ADMIT_007|ADMIT_008|ADMIT_009|ADMIT_010|ADMIT_011|ADMIT_012|ADMIT_013|ADMIT_014|ADMIT_015,ADMIT_001|ADMIT_002|ADMIT_003|ADMIT_004|ADMIT_005|ADMIT_006|ADMIT_007|ADMIT_008|ADMIT_009|ADMIT_010|ADMIT_011|ADMIT_012|ADMIT_013|ADMIT_014|ADMIT_015,,ADMIT_003,ADMIT_003,true,true,false,0,0,false,0,true
125,training_execution_admission_permission__ADMIT_003__invalid,every_required_rule_invalid,training_execution_admission_permission,tuple,ADMIT_001|ADMIT_002|ADMIT_003|ADMIT_004|ADMIT_005|ADMIT_006|ADMIT_007|ADMIT_008|ADMIT_009|ADMIT_010|ADMIT_011|ADMIT_012|ADMIT_013|ADMIT_014|ADMIT_015,passed|passed|invalid|passed|passed|passed|passed|passed|passed|passed|passed|passed|passed|passed|passed,invalid,invalid,COMBINED_ADMISSION_REQUIRED_RULE_INVALID,COMBINED_ADMISSION_REQUIRED_RULE_INVALID,ADMIT_001|ADMIT_002|ADMIT_003|ADMIT_004|ADMIT_005|ADMIT_006|ADMIT_007|ADMIT_008|ADMIT_009|ADMIT_010|ADMIT_011|ADMIT_012|ADMIT_013|ADMIT_014|ADMIT_015,ADMIT_001|ADMIT_002|ADMIT_003|ADMIT_004|ADMIT_005|ADMIT_006|ADMIT_007|ADMIT_008|ADMIT_009|ADMIT_010|ADMIT_011|ADMIT_012|ADMIT_013|ADMIT_014|ADMIT_015,ADMIT_003,,ADMIT_003,true,true,false,0,0,false,0,true
126,training_execution_admission_permission__ADMIT_004__blocked,every_required_rule_blocked,training_execution_admission_permission,tuple,ADMIT_001|ADMIT_002|ADMIT_003|ADMIT_004|ADMIT_005|ADMIT_006|ADMIT_007|ADMIT_008|ADMIT_009|ADMIT_010|ADMIT_011|ADMIT_012|ADMIT_013|ADMIT_014|ADMIT_015,passed|passed|passed|blocked|passed|passed|passed|passed|passed|passed|passed|passed|passed|passed|passed,blocked,blocked,COMBINED_ADMISSION_REQUIRED_RULE_BLOCKED,COMBINED_ADMISSION_REQUIRED_RULE_BLOCKED,ADMIT_001|ADMIT_002|ADMIT_003|ADMIT_004|ADMIT_005|ADMIT_006|ADMIT_007|ADMIT_008|ADMIT_009|ADMIT_010|ADMIT_011|ADMIT_012|ADMIT_013|ADMIT_014|ADMIT_015,ADMIT_001|ADMIT_002|ADMIT_003|ADMIT_004|ADMIT_005|ADMIT_006|ADMIT_007|ADMIT_008|ADMIT_009|ADMIT_010|ADMIT_011|ADMIT_012|ADMIT_013|ADMIT_014|ADMIT_015,,ADMIT_004,ADMIT_004,true,true,false,0,0,false,0,true
127,training_execution_admission_permission__ADMIT_004__invalid,every_required_rule_invalid,training_execution_admission_permission,tuple,ADMIT_001|ADMIT_002|ADMIT_003|ADMIT_004|ADMIT_005|ADMIT_006|ADMIT_007|ADMIT_008|ADMIT_009|ADMIT_010|ADMIT_011|ADMIT_012|ADMIT_013|ADMIT_014|ADMIT_015,passed|passed|passed|invalid|passed|passed|passed|passed|passed|passed|passed|passed|passed|passed|passed,invalid,invalid,COMBINED_ADMISSION_REQUIRED_RULE_INVALID,COMBINED_ADMISSION_REQUIRED_RULE_INVALID,ADMIT_001|ADMIT_002|ADMIT_003|ADMIT_004|ADMIT_005|ADMIT_006|ADMIT_007|ADMIT_008|ADMIT_009|ADMIT_010|ADMIT_011|ADMIT_012|ADMIT_013|ADMIT_014|ADMIT_015,ADMIT_001|ADMIT_002|ADMIT_003|ADMIT_004|ADMIT_005|ADMIT_006|ADMIT_007|ADMIT_008|ADMIT_009|ADMIT_010|ADMIT_011|ADMIT_012|ADMIT_013|ADMIT_014|ADMIT_015,ADMIT_004,,ADMIT_004,true,true,false,0,0,false,0,true
128,training_execution_admission_permission__ADMIT_005__blocked,every_required_rule_blocked,training_execution_admission_permission,tuple,ADMIT_001|ADMIT_002|ADMIT_003|ADMIT_004|ADMIT_005|ADMIT_006|ADMIT_007|ADMIT_008|ADMIT_009|ADMIT_010|ADMIT_011|ADMIT_012|ADMIT_013|ADMIT_014|ADMIT_015,passed|passed|passed|passed|blocked|passed|passed|passed|passed|passed|passed|passed|passed|passed|passed,blocked,blocked,COMBINED_ADMISSION_REQUIRED_RULE_BLOCKED,COMBINED_ADMISSION_REQUIRED_RULE_BLOCKED,ADMIT_001|ADMIT_002|ADMIT_003|ADMIT_004|ADMIT_005|ADMIT_006|ADMIT_007|ADMIT_008|ADMIT_009|ADMIT_010|ADMIT_011|ADMIT_012|ADMIT_013|ADMIT_014|ADMIT_015,ADMIT_001|ADMIT_002|ADMIT_003|ADMIT_004|ADMIT_005|ADMIT_006|ADMIT_007|ADMIT_008|ADMIT_009|ADMIT_010|ADMIT_011|ADMIT_012|ADMIT_013|ADMIT_014|ADMIT_015,,ADMIT_005,ADMIT_005,true,true,false,0,0,false,0,true
129,training_execution_admission_permission__ADMIT_005__invalid,every_required_rule_invalid,training_execution_admission_permission,tuple,ADMIT_001|ADMIT_002|ADMIT_003|ADMIT_004|ADMIT_005|ADMIT_006|ADMIT_007|ADMIT_008|ADMIT_009|ADMIT_010|ADMIT_011|ADMIT_012|ADMIT_013|ADMIT_014|ADMIT_015,passed|passed|passed|passed|invalid|passed|passed|passed|passed|passed|passed|passed|passed|passed|passed,invalid,invalid,COMBINED_ADMISSION_REQUIRED_RULE_INVALID,COMBINED_ADMISSION_REQUIRED_RULE_INVALID,ADMIT_001|ADMIT_002|ADMIT_003|ADMIT_004|ADMIT_005|ADMIT_006|ADMIT_007|ADMIT_008|ADMIT_009|ADMIT_010|ADMIT_011|ADMIT_012|ADMIT_013|ADMIT_014|ADMIT_015,ADMIT_001|ADMIT_002|ADMIT_003|ADMIT_004|ADMIT_005|ADMIT_006|ADMIT_007|ADMIT_008|ADMIT_009|ADMIT_010|ADMIT_011|ADMIT_012|ADMIT_013|ADMIT_014|ADMIT_015,ADMIT_005,,ADMIT_005,true,true,false,0,0,false,0,true
130,training_execution_admission_permission__ADMIT_006__blocked,every_required_rule_blocked,training_execution_admission_permission,tuple,ADMIT_001|ADMIT_002|ADMIT_003|ADMIT_004|ADMIT_005|ADMIT_006|ADMIT_007|ADMIT_008|ADMIT_009|ADMIT_010|ADMIT_011|ADMIT_012|ADMIT_013|ADMIT_014|ADMIT_015,passed|passed|passed|passed|passed|blocked|passed|passed|passed|passed|passed|passed|passed|passed|passed,blocked,blocked,COMBINED_ADMISSION_REQUIRED_RULE_BLOCKED,COMBINED_ADMISSION_REQUIRED_RULE_BLOCKED,ADMIT_001|ADMIT_002|ADMIT_003|ADMIT_004|ADMIT_005|ADMIT_006|ADMIT_007|ADMIT_008|ADMIT_009|ADMIT_010|ADMIT_011|ADMIT_012|ADMIT_013|ADMIT_014|ADMIT_015,ADMIT_001|ADMIT_002|ADMIT_003|ADMIT_004|ADMIT_005|ADMIT_006|ADMIT_007|ADMIT_008|ADMIT_009|ADMIT_010|ADMIT_011|ADMIT_012|ADMIT_013|ADMIT_014|ADMIT_015,,ADMIT_006,ADMIT_006,true,true,false,0,0,false,0,true
131,training_execution_admission_permission__ADMIT_006__invalid,every_required_rule_invalid,training_execution_admission_permission,tuple,ADMIT_001|ADMIT_002|ADMIT_003|ADMIT_004|ADMIT_005|ADMIT_006|ADMIT_007|ADMIT_008|ADMIT_009|ADMIT_010|ADMIT_011|ADMIT_012|ADMIT_013|ADMIT_014|ADMIT_015,passed|passed|passed|passed|passed|invalid|passed|passed|passed|passed|passed|passed|passed|passed|passed,invalid,invalid,COMBINED_ADMISSION_REQUIRED_RULE_INVALID,COMBINED_ADMISSION_REQUIRED_RULE_INVALID,ADMIT_001|ADMIT_002|ADMIT_003|ADMIT_004|ADMIT_005|ADMIT_006|ADMIT_007|ADMIT_008|ADMIT_009|ADMIT_010|ADMIT_011|ADMIT_012|ADMIT_013|ADMIT_014|ADMIT_015,ADMIT_001|ADMIT_002|ADMIT_003|ADMIT_004|ADMIT_005|ADMIT_006|ADMIT_007|ADMIT_008|ADMIT_009|ADMIT_010|ADMIT_011|ADMIT_012|ADMIT_013|ADMIT_014|ADMIT_015,ADMIT_006,,ADMIT_006,true,true,false,0,0,false,0,true
132,training_execution_admission_permission__ADMIT_007__blocked,every_required_rule_blocked,training_execution_admission_permission,tuple,ADMIT_001|ADMIT_002|ADMIT_003|ADMIT_004|ADMIT_005|ADMIT_006|ADMIT_007|ADMIT_008|ADMIT_009|ADMIT_010|ADMIT_011|ADMIT_012|ADMIT_013|ADMIT_014|ADMIT_015,passed|passed|passed|passed|passed|passed|blocked|passed|passed|passed|passed|passed|passed|passed|passed,blocked,blocked,COMBINED_ADMISSION_REQUIRED_RULE_BLOCKED,COMBINED_ADMISSION_REQUIRED_RULE_BLOCKED,ADMIT_001|ADMIT_002|ADMIT_003|ADMIT_004|ADMIT_005|ADMIT_006|ADMIT_007|ADMIT_008|ADMIT_009|ADMIT_010|ADMIT_011|ADMIT_012|ADMIT_013|ADMIT_014|ADMIT_015,ADMIT_001|ADMIT_002|ADMIT_003|ADMIT_004|ADMIT_005|ADMIT_006|ADMIT_007|ADMIT_008|ADMIT_009|ADMIT_010|ADMIT_011|ADMIT_012|ADMIT_013|ADMIT_014|ADMIT_015,,ADMIT_007,ADMIT_007,true,true,false,0,0,false,0,true
133,training_execution_admission_permission__ADMIT_007__invalid,every_required_rule_invalid,training_execution_admission_permission,tuple,ADMIT_001|ADMIT_002|ADMIT_003|ADMIT_004|ADMIT_005|ADMIT_006|ADMIT_007|ADMIT_008|ADMIT_009|ADMIT_010|ADMIT_011|ADMIT_012|ADMIT_013|ADMIT_014|ADMIT_015,passed|passed|passed|passed|passed|passed|invalid|passed|passed|passed|passed|passed|passed|passed|passed,invalid,invalid,COMBINED_ADMISSION_REQUIRED_RULE_INVALID,COMBINED_ADMISSION_REQUIRED_RULE_INVALID,ADMIT_001|ADMIT_002|ADMIT_003|ADMIT_004|ADMIT_005|ADMIT_006|ADMIT_007|ADMIT_008|ADMIT_009|ADMIT_010|ADMIT_011|ADMIT_012|ADMIT_013|ADMIT_014|ADMIT_015,ADMIT_001|ADMIT_002|ADMIT_003|ADMIT_004|ADMIT_005|ADMIT_006|ADMIT_007|ADMIT_008|ADMIT_009|ADMIT_010|ADMIT_011|ADMIT_012|ADMIT_013|ADMIT_014|ADMIT_015,ADMIT_007,,ADMIT_007,true,true,false,0,0,false,0,true
134,training_execution_admission_permission__ADMIT_008__blocked,every_required_rule_blocked,training_execution_admission_permission,tuple,ADMIT_001|ADMIT_002|ADMIT_003|ADMIT_004|ADMIT_005|ADMIT_006|ADMIT_007|ADMIT_008|ADMIT_009|ADMIT_010|ADMIT_011|ADMIT_012|ADMIT_013|ADMIT_014|ADMIT_015,passed|passed|passed|passed|passed|passed|passed|blocked|passed|passed|passed|passed|passed|passed|passed,blocked,blocked,COMBINED_ADMISSION_REQUIRED_RULE_BLOCKED,COMBINED_ADMISSION_REQUIRED_RULE_BLOCKED,ADMIT_001|ADMIT_002|ADMIT_003|ADMIT_004|ADMIT_005|ADMIT_006|ADMIT_007|ADMIT_008|ADMIT_009|ADMIT_010|ADMIT_011|ADMIT_012|ADMIT_013|ADMIT_014|ADMIT_015,ADMIT_001|ADMIT_002|ADMIT_003|ADMIT_004|ADMIT_005|ADMIT_006|ADMIT_007|ADMIT_008|ADMIT_009|ADMIT_010|ADMIT_011|ADMIT_012|ADMIT_013|ADMIT_014|ADMIT_015,,ADMIT_008,ADMIT_008,true,true,false,0,0,false,0,true
135,training_execution_admission_permission__ADMIT_008__invalid,every_required_rule_invalid,training_execution_admission_permission,tuple,ADMIT_001|ADMIT_002|ADMIT_003|ADMIT_004|ADMIT_005|ADMIT_006|ADMIT_007|ADMIT_008|ADMIT_009|ADMIT_010|ADMIT_011|ADMIT_012|ADMIT_013|ADMIT_014|ADMIT_015,passed|passed|passed|passed|passed|passed|passed|invalid|passed|passed|passed|passed|passed|passed|passed,invalid,invalid,COMBINED_ADMISSION_REQUIRED_RULE_INVALID,COMBINED_ADMISSION_REQUIRED_RULE_INVALID,ADMIT_001|ADMIT_002|ADMIT_003|ADMIT_004|ADMIT_005|ADMIT_006|ADMIT_007|ADMIT_008|ADMIT_009|ADMIT_010|ADMIT_011|ADMIT_012|ADMIT_013|ADMIT_014|ADMIT_015,ADMIT_001|ADMIT_002|ADMIT_003|ADMIT_004|ADMIT_005|ADMIT_006|ADMIT_007|ADMIT_008|ADMIT_009|ADMIT_010|ADMIT_011|ADMIT_012|ADMIT_013|ADMIT_014|ADMIT_015,ADMIT_008,,ADMIT_008,true,true,false,0,0,false,0,true
136,training_execution_admission_permission__ADMIT_009__blocked,every_required_rule_blocked,training_execution_admission_permission,tuple,ADMIT_001|ADMIT_002|ADMIT_003|ADMIT_004|ADMIT_005|ADMIT_006|ADMIT_007|ADMIT_008|ADMIT_009|ADMIT_010|ADMIT_011|ADMIT_012|ADMIT_013|ADMIT_014|ADMIT_015,passed|passed|passed|passed|passed|passed|passed|passed|blocked|passed|passed|passed|passed|passed|passed,blocked,blocked,COMBINED_ADMISSION_REQUIRED_RULE_BLOCKED,COMBINED_ADMISSION_REQUIRED_RULE_BLOCKED,ADMIT_001|ADMIT_002|ADMIT_003|ADMIT_004|ADMIT_005|ADMIT_006|ADMIT_007|ADMIT_008|ADMIT_009|ADMIT_010|ADMIT_011|ADMIT_012|ADMIT_013|ADMIT_014|ADMIT_015,ADMIT_001|ADMIT_002|ADMIT_003|ADMIT_004|ADMIT_005|ADMIT_006|ADMIT_007|ADMIT_008|ADMIT_009|ADMIT_010|ADMIT_011|ADMIT_012|ADMIT_013|ADMIT_014|ADMIT_015,,ADMIT_009,ADMIT_009,true,true,false,0,0,false,0,true
137,training_execution_admission_permission__ADMIT_009__invalid,every_required_rule_invalid,training_execution_admission_permission,tuple,ADMIT_001|ADMIT_002|ADMIT_003|ADMIT_004|ADMIT_005|ADMIT_006|ADMIT_007|ADMIT_008|ADMIT_009|ADMIT_010|ADMIT_011|ADMIT_012|ADMIT_013|ADMIT_014|ADMIT_015,passed|passed|passed|passed|passed|passed|passed|passed|invalid|passed|passed|passed|passed|passed|passed,invalid,invalid,COMBINED_ADMISSION_REQUIRED_RULE_INVALID,COMBINED_ADMISSION_REQUIRED_RULE_INVALID,ADMIT_001|ADMIT_002|ADMIT_003|ADMIT_004|ADMIT_005|ADMIT_006|ADMIT_007|ADMIT_008|ADMIT_009|ADMIT_010|ADMIT_011|ADMIT_012|ADMIT_013|ADMIT_014|ADMIT_015,ADMIT_001|ADMIT_002|ADMIT_003|ADMIT_004|ADMIT_005|ADMIT_006|ADMIT_007|ADMIT_008|ADMIT_009|ADMIT_010|ADMIT_011|ADMIT_012|ADMIT_013|ADMIT_014|ADMIT_015,ADMIT_009,,ADMIT_009,true,true,false,0,0,false,0,true
138,training_execution_admission_permission__ADMIT_010__blocked,every_required_rule_blocked,training_execution_admission_permission,tuple,ADMIT_001|ADMIT_002|ADMIT_003|ADMIT_004|ADMIT_005|ADMIT_006|ADMIT_007|ADMIT_008|ADMIT_009|ADMIT_010|ADMIT_011|ADMIT_012|ADMIT_013|ADMIT_014|ADMIT_015,passed|passed|passed|passed|passed|passed|passed|passed|passed|blocked|passed|passed|passed|passed|passed,blocked,blocked,COMBINED_ADMISSION_REQUIRED_RULE_BLOCKED,COMBINED_ADMISSION_REQUIRED_RULE_BLOCKED,ADMIT_001|ADMIT_002|ADMIT_003|ADMIT_004|ADMIT_005|ADMIT_006|ADMIT_007|ADMIT_008|ADMIT_009|ADMIT_010|ADMIT_011|ADMIT_012|ADMIT_013|ADMIT_014|ADMIT_015,ADMIT_001|ADMIT_002|ADMIT_003|ADMIT_004|ADMIT_005|ADMIT_006|ADMIT_007|ADMIT_008|ADMIT_009|ADMIT_010|ADMIT_011|ADMIT_012|ADMIT_013|ADMIT_014|ADMIT_015,,ADMIT_010,ADMIT_010,true,true,false,0,0,false,0,true
139,training_execution_admission_permission__ADMIT_010__invalid,every_required_rule_invalid,training_execution_admission_permission,tuple,ADMIT_001|ADMIT_002|ADMIT_003|ADMIT_004|ADMIT_005|ADMIT_006|ADMIT_007|ADMIT_008|ADMIT_009|ADMIT_010|ADMIT_011|ADMIT_012|ADMIT_013|ADMIT_014|ADMIT_015,passed|passed|passed|passed|passed|passed|passed|passed|passed|invalid|passed|passed|passed|passed|passed,invalid,invalid,COMBINED_ADMISSION_REQUIRED_RULE_INVALID,COMBINED_ADMISSION_REQUIRED_RULE_INVALID,ADMIT_001|ADMIT_002|ADMIT_003|ADMIT_004|ADMIT_005|ADMIT_006|ADMIT_007|ADMIT_008|ADMIT_009|ADMIT_010|ADMIT_011|ADMIT_012|ADMIT_013|ADMIT_014|ADMIT_015,ADMIT_001|ADMIT_002|ADMIT_003|ADMIT_004|ADMIT_005|ADMIT_006|ADMIT_007|ADMIT_008|ADMIT_009|ADMIT_010|ADMIT_011|ADMIT_012|ADMIT_013|ADMIT_014|ADMIT_015,ADMIT_010,,ADMIT_010,true,true,false,0,0,false,0,true
140,training_execution_admission_permission__ADMIT_011__blocked,every_required_rule_blocked,training_execution_admission_permission,tuple,ADMIT_001|ADMIT_002|ADMIT_003|ADMIT_004|ADMIT_005|ADMIT_006|ADMIT_007|ADMIT_008|ADMIT_009|ADMIT_010|ADMIT_011|ADMIT_012|ADMIT_013|ADMIT_014|ADMIT_015,passed|passed|passed|passed|passed|passed|passed|passed|passed|passed|blocked|passed|passed|passed|passed,blocked,blocked,COMBINED_ADMISSION_REQUIRED_RULE_BLOCKED,COMBINED_ADMISSION_REQUIRED_RULE_BLOCKED,ADMIT_001|ADMIT_002|ADMIT_003|ADMIT_004|ADMIT_005|ADMIT_006|ADMIT_007|ADMIT_008|ADMIT_009|ADMIT_010|ADMIT_011|ADMIT_012|ADMIT_013|ADMIT_014|ADMIT_015,ADMIT_001|ADMIT_002|ADMIT_003|ADMIT_004|ADMIT_005|ADMIT_006|ADMIT_007|ADMIT_008|ADMIT_009|ADMIT_010|ADMIT_011|ADMIT_012|ADMIT_013|ADMIT_014|ADMIT_015,,ADMIT_011,ADMIT_011,true,true,false,0,0,false,0,true
141,training_execution_admission_permission__ADMIT_011__invalid,every_required_rule_invalid,training_execution_admission_permission,tuple,ADMIT_001|ADMIT_002|ADMIT_003|ADMIT_004|ADMIT_005|ADMIT_006|ADMIT_007|ADMIT_008|ADMIT_009|ADMIT_010|ADMIT_011|ADMIT_012|ADMIT_013|ADMIT_014|ADMIT_015,passed|passed|passed|passed|passed|passed|passed|passed|passed|passed|invalid|passed|passed|passed|passed,invalid,invalid,COMBINED_ADMISSION_REQUIRED_RULE_INVALID,COMBINED_ADMISSION_REQUIRED_RULE_INVALID,ADMIT_001|ADMIT_002|ADMIT_003|ADMIT_004|ADMIT_005|ADMIT_006|ADMIT_007|ADMIT_008|ADMIT_009|ADMIT_010|ADMIT_011|ADMIT_012|ADMIT_013|ADMIT_014|ADMIT_015,ADMIT_001|ADMIT_002|ADMIT_003|ADMIT_004|ADMIT_005|ADMIT_006|ADMIT_007|ADMIT_008|ADMIT_009|ADMIT_010|ADMIT_011|ADMIT_012|ADMIT_013|ADMIT_014|ADMIT_015,ADMIT_011,,ADMIT_011,true,true,false,0,0,false,0,true
142,training_execution_admission_permission__ADMIT_012__blocked,every_required_rule_blocked,training_execution_admission_permission,tuple,ADMIT_001|ADMIT_002|ADMIT_003|ADMIT_004|ADMIT_005|ADMIT_006|ADMIT_007|ADMIT_008|ADMIT_009|ADMIT_010|ADMIT_011|ADMIT_012|ADMIT_013|ADMIT_014|ADMIT_015,passed|passed|passed|passed|passed|passed|passed|passed|passed|passed|passed|blocked|passed|passed|passed,blocked,blocked,COMBINED_ADMISSION_REQUIRED_RULE_BLOCKED,COMBINED_ADMISSION_REQUIRED_RULE_BLOCKED,ADMIT_001|ADMIT_002|ADMIT_003|ADMIT_004|ADMIT_005|ADMIT_006|ADMIT_007|ADMIT_008|ADMIT_009|ADMIT_010|ADMIT_011|ADMIT_012|ADMIT_013|ADMIT_014|ADMIT_015,ADMIT_001|ADMIT_002|ADMIT_003|ADMIT_004|ADMIT_005|ADMIT_006|ADMIT_007|ADMIT_008|ADMIT_009|ADMIT_010|ADMIT_011|ADMIT_012|ADMIT_013|ADMIT_014|ADMIT_015,,ADMIT_012,ADMIT_012,true,true,false,0,0,false,0,true
143,training_execution_admission_permission__ADMIT_012__invalid,every_required_rule_invalid,training_execution_admission_permission,tuple,ADMIT_001|ADMIT_002|ADMIT_003|ADMIT_004|ADMIT_005|ADMIT_006|ADMIT_007|ADMIT_008|ADMIT_009|ADMIT_010|ADMIT_011|ADMIT_012|ADMIT_013|ADMIT_014|ADMIT_015,passed|passed|passed|passed|passed|passed|passed|passed|passed|passed|passed|invalid|passed|passed|passed,invalid,invalid,COMBINED_ADMISSION_REQUIRED_RULE_INVALID,COMBINED_ADMISSION_REQUIRED_RULE_INVALID,ADMIT_001|ADMIT_002|ADMIT_003|ADMIT_004|ADMIT_005|ADMIT_006|ADMIT_007|ADMIT_008|ADMIT_009|ADMIT_010|ADMIT_011|ADMIT_012|ADMIT_013|ADMIT_014|ADMIT_015,ADMIT_001|ADMIT_002|ADMIT_003|ADMIT_004|ADMIT_005|ADMIT_006|ADMIT_007|ADMIT_008|ADMIT_009|ADMIT_010|ADMIT_011|ADMIT_012|ADMIT_013|ADMIT_014|ADMIT_015,ADMIT_012,,ADMIT_012,true,true,false,0,0,false,0,true
144,training_execution_admission_permission__ADMIT_013__blocked,every_required_rule_blocked,training_execution_admission_permission,tuple,ADMIT_001|ADMIT_002|ADMIT_003|ADMIT_004|ADMIT_005|ADMIT_006|ADMIT_007|ADMIT_008|ADMIT_009|ADMIT_010|ADMIT_011|ADMIT_012|ADMIT_013|ADMIT_014|ADMIT_015,passed|passed|passed|passed|passed|passed|passed|passed|passed|passed|passed|passed|blocked|passed|passed,blocked,blocked,COMBINED_ADMISSION_REQUIRED_RULE_BLOCKED,COMBINED_ADMISSION_REQUIRED_RULE_BLOCKED,ADMIT_001|ADMIT_002|ADMIT_003|ADMIT_004|ADMIT_005|ADMIT_006|ADMIT_007|ADMIT_008|ADMIT_009|ADMIT_010|ADMIT_011|ADMIT_012|ADMIT_013|ADMIT_014|ADMIT_015,ADMIT_001|ADMIT_002|ADMIT_003|ADMIT_004|ADMIT_005|ADMIT_006|ADMIT_007|ADMIT_008|ADMIT_009|ADMIT_010|ADMIT_011|ADMIT_012|ADMIT_013|ADMIT_014|ADMIT_015,,ADMIT_013,ADMIT_013,true,true,false,0,0,false,0,true
145,training_execution_admission_permission__ADMIT_013__invalid,every_required_rule_invalid,training_execution_admission_permission,tuple,ADMIT_001|ADMIT_002|ADMIT_003|ADMIT_004|ADMIT_005|ADMIT_006|ADMIT_007|ADMIT_008|ADMIT_009|ADMIT_010|ADMIT_011|ADMIT_012|ADMIT_013|ADMIT_014|ADMIT_015,passed|passed|passed|passed|passed|passed|passed|passed|passed|passed|passed|passed|invalid|passed|passed,invalid,invalid,COMBINED_ADMISSION_REQUIRED_RULE_INVALID,COMBINED_ADMISSION_REQUIRED_RULE_INVALID,ADMIT_001|ADMIT_002|ADMIT_003|ADMIT_004|ADMIT_005|ADMIT_006|ADMIT_007|ADMIT_008|ADMIT_009|ADMIT_010|ADMIT_011|ADMIT_012|ADMIT_013|ADMIT_014|ADMIT_015,ADMIT_001|ADMIT_002|ADMIT_003|ADMIT_004|ADMIT_005|ADMIT_006|ADMIT_007|ADMIT_008|ADMIT_009|ADMIT_010|ADMIT_011|ADMIT_012|ADMIT_013|ADMIT_014|ADMIT_015,ADMIT_013,,ADMIT_013,true,true,false,0,0,false,0,true
146,training_execution_admission_permission__ADMIT_014__blocked,every_required_rule_blocked,training_execution_admission_permission,tuple,ADMIT_001|ADMIT_002|ADMIT_003|ADMIT_004|ADMIT_005|ADMIT_006|ADMIT_007|ADMIT_008|ADMIT_009|ADMIT_010|ADMIT_011|ADMIT_012|ADMIT_013|ADMIT_014|ADMIT_015,passed|passed|passed|passed|passed|passed|passed|passed|passed|passed|passed|passed|passed|blocked|passed,blocked,blocked,COMBINED_ADMISSION_REQUIRED_RULE_BLOCKED,COMBINED_ADMISSION_REQUIRED_RULE_BLOCKED,ADMIT_001|ADMIT_002|ADMIT_003|ADMIT_004|ADMIT_005|ADMIT_006|ADMIT_007|ADMIT_008|ADMIT_009|ADMIT_010|ADMIT_011|ADMIT_012|ADMIT_013|ADMIT_014|ADMIT_015,ADMIT_001|ADMIT_002|ADMIT_003|ADMIT_004|ADMIT_005|ADMIT_006|ADMIT_007|ADMIT_008|ADMIT_009|ADMIT_010|ADMIT_011|ADMIT_012|ADMIT_013|ADMIT_014|ADMIT_015,,ADMIT_014,ADMIT_014,true,true,false,0,0,false,0,true
147,training_execution_admission_permission__ADMIT_014__invalid,every_required_rule_invalid,training_execution_admission_permission,tuple,ADMIT_001|ADMIT_002|ADMIT_003|ADMIT_004|ADMIT_005|ADMIT_006|ADMIT_007|ADMIT_008|ADMIT_009|ADMIT_010|ADMIT_011|ADMIT_012|ADMIT_013|ADMIT_014|ADMIT_015,passed|passed|passed|passed|passed|passed|passed|passed|passed|passed|passed|passed|passed|invalid|passed,invalid,invalid,COMBINED_ADMISSION_REQUIRED_RULE_INVALID,COMBINED_ADMISSION_REQUIRED_RULE_INVALID,ADMIT_001|ADMIT_002|ADMIT_003|ADMIT_004|ADMIT_005|ADMIT_006|ADMIT_007|ADMIT_008|ADMIT_009|ADMIT_010|ADMIT_011|ADMIT_012|ADMIT_013|ADMIT_014|ADMIT_015,ADMIT_001|ADMIT_002|ADMIT_003|ADMIT_004|ADMIT_005|ADMIT_006|ADMIT_007|ADMIT_008|ADMIT_009|ADMIT_010|ADMIT_011|ADMIT_012|ADMIT_013|ADMIT_014|ADMIT_015,ADMIT_014,,ADMIT_014,true,true,false,0,0,false,0,true
148,training_execution_admission_permission__ADMIT_015__blocked,every_required_rule_blocked,training_execution_admission_permission,tuple,ADMIT_001|ADMIT_002|ADMIT_003|ADMIT_004|ADMIT_005|ADMIT_006|ADMIT_007|ADMIT_008|ADMIT_009|ADMIT_010|ADMIT_011|ADMIT_012|ADMIT_013|ADMIT_014|ADMIT_015,passed|passed|passed|passed|passed|passed|passed|passed|passed|passed|passed|passed|passed|passed|blocked,blocked,blocked,COMBINED_ADMISSION_REQUIRED_RULE_BLOCKED,COMBINED_ADMISSION_REQUIRED_RULE_BLOCKED,ADMIT_001|ADMIT_002|ADMIT_003|ADMIT_004|ADMIT_005|ADMIT_006|ADMIT_007|ADMIT_008|ADMIT_009|ADMIT_010|ADMIT_011|ADMIT_012|ADMIT_013|ADMIT_014|ADMIT_015,ADMIT_001|ADMIT_002|ADMIT_003|ADMIT_004|ADMIT_005|ADMIT_006|ADMIT_007|ADMIT_008|ADMIT_009|ADMIT_010|ADMIT_011|ADMIT_012|ADMIT_013|ADMIT_014|ADMIT_015,,ADMIT_015,ADMIT_015,true,true,false,0,0,false,0,true
149,training_execution_admission_permission__ADMIT_015__invalid,every_required_rule_invalid,training_execution_admission_permission,tuple,ADMIT_001|ADMIT_002|ADMIT_003|ADMIT_004|ADMIT_005|ADMIT_006|ADMIT_007|ADMIT_008|ADMIT_009|ADMIT_010|ADMIT_011|ADMIT_012|ADMIT_013|ADMIT_014|ADMIT_015,passed|passed|passed|passed|passed|passed|passed|passed|passed|passed|passed|passed|passed|passed|invalid,invalid,invalid,COMBINED_ADMISSION_REQUIRED_RULE_INVALID,COMBINED_ADMISSION_REQUIRED_RULE_INVALID,ADMIT_001|ADMIT_002|ADMIT_003|ADMIT_004|ADMIT_005|ADMIT_006|ADMIT_007|ADMIT_008|ADMIT_009|ADMIT_010|ADMIT_011|ADMIT_012|ADMIT_013|ADMIT_014|ADMIT_015,ADMIT_001|ADMIT_002|ADMIT_003|ADMIT_004|ADMIT_005|ADMIT_006|ADMIT_007|ADMIT_008|ADMIT_009|ADMIT_010|ADMIT_011|ADMIT_012|ADMIT_013|ADMIT_014|ADMIT_015,ADMIT_015,,ADMIT_015,true,true,false,0,0,false,0,true
150,training_execution_admission_permission__missing_first,missing_required,training_execution_admission_permission,tuple,ADMIT_002|ADMIT_003|ADMIT_004|ADMIT_005|ADMIT_006|ADMIT_007|ADMIT_008|ADMIT_009|ADMIT_010|ADMIT_011|ADMIT_012|ADMIT_013|ADMIT_014|ADMIT_015,passed|passed|passed|passed|passed|passed|passed|passed|passed|passed|passed|passed|passed|passed,invalid,invalid,COMBINED_ADMISSION_RULE_MEMBERSHIP_INVALID,COMBINED_ADMISSION_RULE_MEMBERSHIP_INVALID,ADMIT_001|ADMIT_002|ADMIT_003|ADMIT_004|ADMIT_005|ADMIT_006|ADMIT_007|ADMIT_008|ADMIT_009|ADMIT_010|ADMIT_011|ADMIT_012|ADMIT_013|ADMIT_014|ADMIT_015,ADMIT_002|ADMIT_003|ADMIT_004|ADMIT_005|ADMIT_006|ADMIT_007|ADMIT_008|ADMIT_009|ADMIT_010|ADMIT_011|ADMIT_012|ADMIT_013|ADMIT_014|ADMIT_015,,,,false,false,false,0,0,false,0,true
151,training_execution_admission_permission__missing_middle,missing_required,training_execution_admission_permission,tuple,ADMIT_001|ADMIT_002|ADMIT_003|ADMIT_004|ADMIT_005|ADMIT_006|ADMIT_007|ADMIT_009|ADMIT_010|ADMIT_011|ADMIT_012|ADMIT_013|ADMIT_014|ADMIT_015,passed|passed|passed|passed|passed|passed|passed|passed|passed|passed|passed|passed|passed|passed,invalid,invalid,COMBINED_ADMISSION_RULE_MEMBERSHIP_INVALID,COMBINED_ADMISSION_RULE_MEMBERSHIP_INVALID,ADMIT_001|ADMIT_002|ADMIT_003|ADMIT_004|ADMIT_005|ADMIT_006|ADMIT_007|ADMIT_008|ADMIT_009|ADMIT_010|ADMIT_011|ADMIT_012|ADMIT_013|ADMIT_014|ADMIT_015,ADMIT_001|ADMIT_002|ADMIT_003|ADMIT_004|ADMIT_005|ADMIT_006|ADMIT_007|ADMIT_009|ADMIT_010|ADMIT_011|ADMIT_012|ADMIT_013|ADMIT_014|ADMIT_015,,,,false,false,false,0,0,false,0,true
152,training_execution_admission_permission__missing_last,missing_required,training_execution_admission_permission,tuple,ADMIT_001|ADMIT_002|ADMIT_003|ADMIT_004|ADMIT_005|ADMIT_006|ADMIT_007|ADMIT_008|ADMIT_009|ADMIT_010|ADMIT_011|ADMIT_012|ADMIT_013|ADMIT_014,passed|passed|passed|passed|passed|passed|passed|passed|passed|passed|passed|passed|passed|passed,invalid,invalid,COMBINED_ADMISSION_RULE_MEMBERSHIP_INVALID,COMBINED_ADMISSION_RULE_MEMBERSHIP_INVALID,ADMIT_001|ADMIT_002|ADMIT_003|ADMIT_004|ADMIT_005|ADMIT_006|ADMIT_007|ADMIT_008|ADMIT_009|ADMIT_010|ADMIT_011|ADMIT_012|ADMIT_013|ADMIT_014|ADMIT_015,ADMIT_001|ADMIT_002|ADMIT_003|ADMIT_004|ADMIT_005|ADMIT_006|ADMIT_007|ADMIT_008|ADMIT_009|ADMIT_010|ADMIT_011|ADMIT_012|ADMIT_013|ADMIT_014,,,,false,false,false,0,0,false,0,true
153,training_execution_admission_permission__multi_blocked,multi_blocked_full_collection,training_execution_admission_permission,tuple,ADMIT_001|ADMIT_002|ADMIT_003|ADMIT_004|ADMIT_005|ADMIT_006|ADMIT_007|ADMIT_008|ADMIT_009|ADMIT_010|ADMIT_011|ADMIT_012|ADMIT_013|ADMIT_014|ADMIT_015,blocked|passed|passed|passed|passed|passed|passed|passed|passed|passed|passed|passed|passed|passed|blocked,blocked,blocked,COMBINED_ADMISSION_REQUIRED_RULE_BLOCKED,COMBINED_ADMISSION_REQUIRED_RULE_BLOCKED,ADMIT_001|ADMIT_002|ADMIT_003|ADMIT_004|ADMIT_005|ADMIT_006|ADMIT_007|ADMIT_008|ADMIT_009|ADMIT_010|ADMIT_011|ADMIT_012|ADMIT_013|ADMIT_014|ADMIT_015,ADMIT_001|ADMIT_002|ADMIT_003|ADMIT_004|ADMIT_005|ADMIT_006|ADMIT_007|ADMIT_008|ADMIT_009|ADMIT_010|ADMIT_011|ADMIT_012|ADMIT_013|ADMIT_014|ADMIT_015,,ADMIT_001|ADMIT_015,ADMIT_001|ADMIT_015,true,true,false,0,0,false,0,true
154,training_execution_admission_permission__multi_invalid,multi_invalid_full_collection,training_execution_admission_permission,tuple,ADMIT_001|ADMIT_002|ADMIT_003|ADMIT_004|ADMIT_005|ADMIT_006|ADMIT_007|ADMIT_008|ADMIT_009|ADMIT_010|ADMIT_011|ADMIT_012|ADMIT_013|ADMIT_014|ADMIT_015,invalid|passed|passed|passed|passed|passed|passed|passed|passed|passed|passed|passed|passed|passed|invalid,invalid,invalid,COMBINED_ADMISSION_REQUIRED_RULE_INVALID,COMBINED_ADMISSION_REQUIRED_RULE_INVALID,ADMIT_001|ADMIT_002|ADMIT_003|ADMIT_004|ADMIT_005|ADMIT_006|ADMIT_007|ADMIT_008|ADMIT_009|ADMIT_010|ADMIT_011|ADMIT_012|ADMIT_013|ADMIT_014|ADMIT_015,ADMIT_001|ADMIT_002|ADMIT_003|ADMIT_004|ADMIT_005|ADMIT_006|ADMIT_007|ADMIT_008|ADMIT_009|ADMIT_010|ADMIT_011|ADMIT_012|ADMIT_013|ADMIT_014|ADMIT_015,ADMIT_001|ADMIT_015,,ADMIT_001|ADMIT_015,true,true,false,0,0,false,0,true
155,training_execution_admission_permission__invalid_and_blocked,invalid_blocked_full_collection,training_execution_admission_permission,tuple,ADMIT_001|ADMIT_002|ADMIT_003|ADMIT_004|ADMIT_005|ADMIT_006|ADMIT_007|ADMIT_008|ADMIT_009|ADMIT_010|ADMIT_011|ADMIT_012|ADMIT_013|ADMIT_014|ADMIT_015,blocked|invalid|passed|passed|passed|passed|passed|passed|passed|passed|passed|passed|passed|passed|passed,invalid,invalid,COMBINED_ADMISSION_REQUIRED_RULE_INVALID,COMBINED_ADMISSION_REQUIRED_RULE_INVALID,ADMIT_001|ADMIT_002|ADMIT_003|ADMIT_004|ADMIT_005|ADMIT_006|ADMIT_007|ADMIT_008|ADMIT_009|ADMIT_010|ADMIT_011|ADMIT_012|ADMIT_013|ADMIT_014|ADMIT_015,ADMIT_001|ADMIT_002|ADMIT_003|ADMIT_004|ADMIT_005|ADMIT_006|ADMIT_007|ADMIT_008|ADMIT_009|ADMIT_010|ADMIT_011|ADMIT_012|ADMIT_013|ADMIT_014|ADMIT_015,ADMIT_002,ADMIT_001,ADMIT_001|ADMIT_002,true,true,false,0,0,false,0,true
156,training_execution_admission_permission__all_blocked,all_blocked_full_collection,training_execution_admission_permission,tuple,ADMIT_001|ADMIT_002|ADMIT_003|ADMIT_004|ADMIT_005|ADMIT_006|ADMIT_007|ADMIT_008|ADMIT_009|ADMIT_010|ADMIT_011|ADMIT_012|ADMIT_013|ADMIT_014|ADMIT_015,blocked|blocked|blocked|blocked|blocked|blocked|blocked|blocked|blocked|blocked|blocked|blocked|blocked|blocked|blocked,blocked,blocked,COMBINED_ADMISSION_REQUIRED_RULE_BLOCKED,COMBINED_ADMISSION_REQUIRED_RULE_BLOCKED,ADMIT_001|ADMIT_002|ADMIT_003|ADMIT_004|ADMIT_005|ADMIT_006|ADMIT_007|ADMIT_008|ADMIT_009|ADMIT_010|ADMIT_011|ADMIT_012|ADMIT_013|ADMIT_014|ADMIT_015,ADMIT_001|ADMIT_002|ADMIT_003|ADMIT_004|ADMIT_005|ADMIT_006|ADMIT_007|ADMIT_008|ADMIT_009|ADMIT_010|ADMIT_011|ADMIT_012|ADMIT_013|ADMIT_014|ADMIT_015,,ADMIT_001|ADMIT_002|ADMIT_003|ADMIT_004|ADMIT_005|ADMIT_006|ADMIT_007|ADMIT_008|ADMIT_009|ADMIT_010|ADMIT_011|ADMIT_012|ADMIT_013|ADMIT_014|ADMIT_015,ADMIT_001|ADMIT_002|ADMIT_003|ADMIT_004|ADMIT_005|ADMIT_006|ADMIT_007|ADMIT_008|ADMIT_009|ADMIT_010|ADMIT_011|ADMIT_012|ADMIT_013|ADMIT_014|ADMIT_015,true,true,false,0,0,false,0,true
157,training_execution_admission_permission__all_invalid,all_invalid_full_collection,training_execution_admission_permission,tuple,ADMIT_001|ADMIT_002|ADMIT_003|ADMIT_004|ADMIT_005|ADMIT_006|ADMIT_007|ADMIT_008|ADMIT_009|ADMIT_010|ADMIT_011|ADMIT_012|ADMIT_013|ADMIT_014|ADMIT_015,invalid|invalid|invalid|invalid|invalid|invalid|invalid|invalid|invalid|invalid|invalid|invalid|invalid|invalid|invalid,invalid,invalid,COMBINED_ADMISSION_REQUIRED_RULE_INVALID,COMBINED_ADMISSION_REQUIRED_RULE_INVALID,ADMIT_001|ADMIT_002|ADMIT_003|ADMIT_004|ADMIT_005|ADMIT_006|ADMIT_007|ADMIT_008|ADMIT_009|ADMIT_010|ADMIT_011|ADMIT_012|ADMIT_013|ADMIT_014|ADMIT_015,ADMIT_001|ADMIT_002|ADMIT_003|ADMIT_004|ADMIT_005|ADMIT_006|ADMIT_007|ADMIT_008|ADMIT_009|ADMIT_010|ADMIT_011|ADMIT_012|ADMIT_013|ADMIT_014|ADMIT_015,ADMIT_001|ADMIT_002|ADMIT_003|ADMIT_004|ADMIT_005|ADMIT_006|ADMIT_007|ADMIT_008|ADMIT_009|ADMIT_010|ADMIT_011|ADMIT_012|ADMIT_013|ADMIT_014|ADMIT_015,,ADMIT_001|ADMIT_002|ADMIT_003|ADMIT_004|ADMIT_005|ADMIT_006|ADMIT_007|ADMIT_008|ADMIT_009|ADMIT_010|ADMIT_011|ADMIT_012|ADMIT_013|ADMIT_014|ADMIT_015,true,true,false,0,0,false,0,true
158,training_execution_admission_permission__extra,extra_rule,training_execution_admission_permission,tuple,ADMIT_001|ADMIT_002|ADMIT_003|ADMIT_004|ADMIT_005|ADMIT_006|ADMIT_007|ADMIT_008|ADMIT_009|ADMIT_010|ADMIT_011|ADMIT_012|ADMIT_013|ADMIT_014|ADMIT_015|ADMIT_999,passed|passed|passed|passed|passed|passed|passed|passed|passed|passed|passed|passed|passed|passed|passed|passed,invalid,invalid,COMBINED_ADMISSION_RULE_MEMBERSHIP_INVALID,COMBINED_ADMISSION_RULE_MEMBERSHIP_INVALID,ADMIT_001|ADMIT_002|ADMIT_003|ADMIT_004|ADMIT_005|ADMIT_006|ADMIT_007|ADMIT_008|ADMIT_009|ADMIT_010|ADMIT_011|ADMIT_012|ADMIT_013|ADMIT_014|ADMIT_015,ADMIT_001|ADMIT_002|ADMIT_003|ADMIT_004|ADMIT_005|ADMIT_006|ADMIT_007|ADMIT_008|ADMIT_009|ADMIT_010|ADMIT_011|ADMIT_012|ADMIT_013|ADMIT_014|ADMIT_015|ADMIT_999,,,,false,false,false,0,0,false,0,true
159,training_execution_admission_permission__duplicate,duplicate_rule,training_execution_admission_permission,tuple,ADMIT_001|ADMIT_002|ADMIT_003|ADMIT_004|ADMIT_005|ADMIT_006|ADMIT_007|ADMIT_008|ADMIT_009|ADMIT_010|ADMIT_011|ADMIT_012|ADMIT_013|ADMIT_014|ADMIT_015|ADMIT_001,passed|passed|passed|passed|passed|passed|passed|passed|passed|passed|passed|passed|passed|passed|passed|passed,invalid,invalid,COMBINED_ADMISSION_RULE_MEMBERSHIP_INVALID,COMBINED_ADMISSION_RULE_MEMBERSHIP_INVALID,ADMIT_001|ADMIT_002|ADMIT_003|ADMIT_004|ADMIT_005|ADMIT_006|ADMIT_007|ADMIT_008|ADMIT_009|ADMIT_010|ADMIT_011|ADMIT_012|ADMIT_013|ADMIT_014|ADMIT_015,ADMIT_001|ADMIT_002|ADMIT_003|ADMIT_004|ADMIT_005|ADMIT_006|ADMIT_007|ADMIT_008|ADMIT_009|ADMIT_010|ADMIT_011|ADMIT_012|ADMIT_013|ADMIT_014|ADMIT_015|ADMIT_001,,,,false,false,false,0,0,false,0,true
160,training_execution_admission_permission__reorder,reordered_rule,training_execution_admission_permission,tuple,ADMIT_002|ADMIT_001|ADMIT_003|ADMIT_004|ADMIT_005|ADMIT_006|ADMIT_007|ADMIT_008|ADMIT_009|ADMIT_010|ADMIT_011|ADMIT_012|ADMIT_013|ADMIT_014|ADMIT_015,passed|passed|passed|passed|passed|passed|passed|passed|passed|passed|passed|passed|passed|passed|passed,invalid,invalid,COMBINED_ADMISSION_RULE_MEMBERSHIP_INVALID,COMBINED_ADMISSION_RULE_MEMBERSHIP_INVALID,ADMIT_001|ADMIT_002|ADMIT_003|ADMIT_004|ADMIT_005|ADMIT_006|ADMIT_007|ADMIT_008|ADMIT_009|ADMIT_010|ADMIT_011|ADMIT_012|ADMIT_013|ADMIT_014|ADMIT_015,ADMIT_002|ADMIT_001|ADMIT_003|ADMIT_004|ADMIT_005|ADMIT_006|ADMIT_007|ADMIT_008|ADMIT_009|ADMIT_010|ADMIT_011|ADMIT_012|ADMIT_013|ADMIT_014|ADMIT_015,,,,false,false,false,0,0,false,0,true
161,training_execution_admission_permission__unknown,unknown_rule,training_execution_admission_permission,tuple,ADMIT_001|ADMIT_002|ADMIT_003|ADMIT_004|ADMIT_005|ADMIT_006|ADMIT_007|ADMIT_008|ADMIT_009|ADMIT_010|ADMIT_011|ADMIT_012|ADMIT_013|ADMIT_014|ADMIT_999,passed|passed|passed|passed|passed|passed|passed|passed|passed|passed|passed|passed|passed|passed|passed,invalid,invalid,COMBINED_ADMISSION_RULE_MEMBERSHIP_INVALID,COMBINED_ADMISSION_RULE_MEMBERSHIP_INVALID,ADMIT_001|ADMIT_002|ADMIT_003|ADMIT_004|ADMIT_005|ADMIT_006|ADMIT_007|ADMIT_008|ADMIT_009|ADMIT_010|ADMIT_011|ADMIT_012|ADMIT_013|ADMIT_014|ADMIT_015,ADMIT_001|ADMIT_002|ADMIT_003|ADMIT_004|ADMIT_005|ADMIT_006|ADMIT_007|ADMIT_008|ADMIT_009|ADMIT_010|ADMIT_011|ADMIT_012|ADMIT_013|ADMIT_014|ADMIT_999,,,,false,false,false,0,0,false,0,true
162,training_execution_admission_permission__scope_external_substitution,scope_external_substitution,training_execution_admission_permission,tuple,ADMIT_001|ADMIT_002|ADMIT_003|ADMIT_004|ADMIT_005|ADMIT_006|ADMIT_007|ADMIT_008|ADMIT_009|ADMIT_010|ADMIT_011|ADMIT_012|ADMIT_013|ADMIT_014|ADMIT_999,passed|passed|passed|passed|passed|passed|passed|passed|passed|passed|passed|passed|passed|passed|passed,invalid,invalid,COMBINED_ADMISSION_RULE_MEMBERSHIP_INVALID,COMBINED_ADMISSION_RULE_MEMBERSHIP_INVALID,ADMIT_001|ADMIT_002|ADMIT_003|ADMIT_004|ADMIT_005|ADMIT_006|ADMIT_007|ADMIT_008|ADMIT_009|ADMIT_010|ADMIT_011|ADMIT_012|ADMIT_013|ADMIT_014|ADMIT_015,ADMIT_001|ADMIT_002|ADMIT_003|ADMIT_004|ADMIT_005|ADMIT_006|ADMIT_007|ADMIT_008|ADMIT_009|ADMIT_010|ADMIT_011|ADMIT_012|ADMIT_013|ADMIT_014|ADMIT_999,,,,false,false,false,0,0,false,0,true
163,exact13_field_type_mutation__schema_version,exact13_field_invariant_mutation,download_execution_permission,tuple,ADMIT_001|ADMIT_002|ADMIT_003|ADMIT_004|ADMIT_005|ADMIT_006|ADMIT_007|ADMIT_008|ADMIT_009|ADMIT_011|ADMIT_014,passed|passed|passed|passed|passed|passed|passed|passed|passed|passed|passed,invalid,invalid,COMBINED_ADMISSION_RULE_EVALUATION_INVARIANT_INVALID,COMBINED_ADMISSION_RULE_EVALUATION_INVARIANT_INVALID,ADMIT_001|ADMIT_002|ADMIT_003|ADMIT_004|ADMIT_005|ADMIT_006|ADMIT_007|ADMIT_008|ADMIT_009|ADMIT_011|ADMIT_014,,,,,false,false,false,0,0,false,0,true
164,exact13_field_type_mutation__admission_rule_id,exact13_field_invariant_mutation,download_execution_permission,tuple,<UnifiedAdmissionRuleEvaluationContractDesign>|ADMIT_002|ADMIT_003|ADMIT_004|ADMIT_005|ADMIT_006|ADMIT_007|ADMIT_008|ADMIT_009|ADMIT_011|ADMIT_014,passed|passed|passed|passed|passed|passed|passed|passed|passed|passed|passed,invalid,invalid,COMBINED_ADMISSION_RULE_EVALUATION_INVARIANT_INVALID,COMBINED_ADMISSION_RULE_EVALUATION_INVARIANT_INVALID,ADMIT_001|ADMIT_002|ADMIT_003|ADMIT_004|ADMIT_005|ADMIT_006|ADMIT_007|ADMIT_008|ADMIT_009|ADMIT_011|ADMIT_014,,,,,false,false,false,0,0,false,0,true
165,exact13_field_type_mutation__admission_rule_name,exact13_field_invariant_mutation,download_execution_permission,tuple,ADMIT_001|ADMIT_002|ADMIT_003|ADMIT_004|ADMIT_005|ADMIT_006|ADMIT_007|ADMIT_008|ADMIT_009|ADMIT_011|ADMIT_014,passed|passed|passed|passed|passed|passed|passed|passed|passed|passed|passed,invalid,invalid,COMBINED_ADMISSION_RULE_EVALUATION_INVARIANT_INVALID,COMBINED_ADMISSION_RULE_EVALUATION_INVARIANT_INVALID,ADMIT_001|ADMIT_002|ADMIT_003|ADMIT_004|ADMIT_005|ADMIT_006|ADMIT_007|ADMIT_008|ADMIT_009|ADMIT_011|ADMIT_014,,,,,false,false,false,0,0,false,0,true
166,exact13_field_type_mutation__outcome,exact13_field_invariant_mutation,download_execution_permission,tuple,ADMIT_001|ADMIT_002|ADMIT_003|ADMIT_004|ADMIT_005|ADMIT_006|ADMIT_007|ADMIT_008|ADMIT_009|ADMIT_011|ADMIT_014,<UnifiedAdmissionRuleEvaluationContractDesign>|passed|passed|passed|passed|passed|passed|passed|passed|passed|passed,invalid,invalid,COMBINED_ADMISSION_RULE_EVALUATION_INVARIANT_INVALID,COMBINED_ADMISSION_RULE_EVALUATION_INVARIANT_INVALID,ADMIT_001|ADMIT_002|ADMIT_003|ADMIT_004|ADMIT_005|ADMIT_006|ADMIT_007|ADMIT_008|ADMIT_009|ADMIT_011|ADMIT_014,,,,,false,false,false,0,0,false,0,true
167,exact13_field_type_mutation__passed,exact13_field_invariant_mutation,download_execution_permission,tuple,ADMIT_001|ADMIT_002|ADMIT_003|ADMIT_004|ADMIT_005|ADMIT_006|ADMIT_007|ADMIT_008|ADMIT_009|ADMIT_011|ADMIT_014,passed|passed|passed|passed|passed|passed|passed|passed|passed|passed|passed,invalid,invalid,COMBINED_ADMISSION_RULE_EVALUATION_INVARIANT_INVALID,COMBINED_ADMISSION_RULE_EVALUATION_INVARIANT_INVALID,ADMIT_001|ADMIT_002|ADMIT_003|ADMIT_004|ADMIT_005|ADMIT_006|ADMIT_007|ADMIT_008|ADMIT_009|ADMIT_011|ADMIT_014,,,,,false,false,false,0,0,false,0,true
168,exact13_field_type_mutation__blocks_candidate,exact13_field_invariant_mutation,download_execution_permission,tuple,ADMIT_001|ADMIT_002|ADMIT_003|ADMIT_004|ADMIT_005|ADMIT_006|ADMIT_007|ADMIT_008|ADMIT_009|ADMIT_011|ADMIT_014,passed|passed|passed|passed|passed|passed|passed|passed|passed|passed|passed,invalid,invalid,COMBINED_ADMISSION_RULE_EVALUATION_INVARIANT_INVALID,COMBINED_ADMISSION_RULE_EVALUATION_INVARIANT_INVALID,ADMIT_001|ADMIT_002|ADMIT_003|ADMIT_004|ADMIT_005|ADMIT_006|ADMIT_007|ADMIT_008|ADMIT_009|ADMIT_011|ADMIT_014,,,,,false,false,false,0,0,false,0,true
169,exact13_field_type_mutation__reason,exact13_field_invariant_mutation,download_execution_permission,tuple,ADMIT_001|ADMIT_002|ADMIT_003|ADMIT_004|ADMIT_005|ADMIT_006|ADMIT_007|ADMIT_008|ADMIT_009|ADMIT_011|ADMIT_014,passed|passed|passed|passed|passed|passed|passed|passed|passed|passed|passed,invalid,invalid,COMBINED_ADMISSION_RULE_EVALUATION_INVARIANT_INVALID,COMBINED_ADMISSION_RULE_EVALUATION_INVARIANT_INVALID,ADMIT_001|ADMIT_002|ADMIT_003|ADMIT_004|ADMIT_005|ADMIT_006|ADMIT_007|ADMIT_008|ADMIT_009|ADMIT_011|ADMIT_014,,,,,false,false,false,0,0,false,0,true
170,exact13_field_type_mutation__normalized_values,exact13_field_invariant_mutation,download_execution_permission,tuple,ADMIT_001|ADMIT_002|ADMIT_003|ADMIT_004|ADMIT_005|ADMIT_006|ADMIT_007|ADMIT_008|ADMIT_009|ADMIT_011|ADMIT_014,passed|passed|passed|passed|passed|passed|passed|passed|passed|passed|passed,invalid,invalid,COMBINED_ADMISSION_RULE_EVALUATION_INVARIANT_INVALID,COMBINED_ADMISSION_RULE_EVALUATION_INVARIANT_INVALID,ADMIT_001|ADMIT_002|ADMIT_003|ADMIT_004|ADMIT_005|ADMIT_006|ADMIT_007|ADMIT_008|ADMIT_009|ADMIT_011|ADMIT_014,,,,,false,false,false,0,0,false,0,true
171,exact13_field_type_mutation__validated_candidate_fields,exact13_field_invariant_mutation,download_execution_permission,tuple,ADMIT_001|ADMIT_002|ADMIT_003|ADMIT_004|ADMIT_005|ADMIT_006|ADMIT_007|ADMIT_008|ADMIT_009|ADMIT_011|ADMIT_014,passed|passed|passed|passed|passed|passed|passed|passed|passed|passed|passed,invalid,invalid,COMBINED_ADMISSION_RULE_EVALUATION_INVARIANT_INVALID,COMBINED_ADMISSION_RULE_EVALUATION_INVARIANT_INVALID,ADMIT_001|ADMIT_002|ADMIT_003|ADMIT_004|ADMIT_005|ADMIT_006|ADMIT_007|ADMIT_008|ADMIT_009|ADMIT_011|ADMIT_014,,,,,false,false,false,0,0,false,0,true
172,exact13_field_type_mutation__consumed_candidate_fields,exact13_field_invariant_mutation,download_execution_permission,tuple,ADMIT_001|ADMIT_002|ADMIT_003|ADMIT_004|ADMIT_005|ADMIT_006|ADMIT_007|ADMIT_008|ADMIT_009|ADMIT_011|ADMIT_014,passed|passed|passed|passed|passed|passed|passed|passed|passed|passed|passed,invalid,invalid,COMBINED_ADMISSION_RULE_EVALUATION_INVARIANT_INVALID,COMBINED_ADMISSION_RULE_EVALUATION_INVARIANT_INVALID,ADMIT_001|ADMIT_002|ADMIT_003|ADMIT_004|ADMIT_005|ADMIT_006|ADMIT_007|ADMIT_008|ADMIT_009|ADMIT_011|ADMIT_014,,,,,false,false,false,0,0,false,0,true
173,exact13_field_type_mutation__consumed_context_items,exact13_field_invariant_mutation,download_execution_permission,tuple,ADMIT_001|ADMIT_002|ADMIT_003|ADMIT_004|ADMIT_005|ADMIT_006|ADMIT_007|ADMIT_008|ADMIT_009|ADMIT_011|ADMIT_014,passed|passed|passed|passed|passed|passed|passed|passed|passed|passed|passed,invalid,invalid,COMBINED_ADMISSION_RULE_EVALUATION_INVARIANT_INVALID,COMBINED_ADMISSION_RULE_EVALUATION_INVARIANT_INVALID,ADMIT_001|ADMIT_002|ADMIT_003|ADMIT_004|ADMIT_005|ADMIT_006|ADMIT_007|ADMIT_008|ADMIT_009|ADMIT_011|ADMIT_014,,,,,false,false,false,0,0,false,0,true
174,exact13_field_type_mutation__evaluator_io_used,exact13_field_invariant_mutation,download_execution_permission,tuple,ADMIT_001|ADMIT_002|ADMIT_003|ADMIT_004|ADMIT_005|ADMIT_006|ADMIT_007|ADMIT_008|ADMIT_009|ADMIT_011|ADMIT_014,passed|passed|passed|passed|passed|passed|passed|passed|passed|passed|passed,invalid,invalid,COMBINED_ADMISSION_RULE_EVALUATION_INVARIANT_INVALID,COMBINED_ADMISSION_RULE_EVALUATION_INVARIANT_INVALID,ADMIT_001|ADMIT_002|ADMIT_003|ADMIT_004|ADMIT_005|ADMIT_006|ADMIT_007|ADMIT_008|ADMIT_009|ADMIT_011|ADMIT_014,,,,,false,false,false,0,0,false,0,true
175,exact13_field_type_mutation__adapter_id,exact13_field_invariant_mutation,download_execution_permission,tuple,ADMIT_001|ADMIT_002|ADMIT_003|ADMIT_004|ADMIT_005|ADMIT_006|ADMIT_007|ADMIT_008|ADMIT_009|ADMIT_011|ADMIT_014,passed|passed|passed|passed|passed|passed|passed|passed|passed|passed|passed,invalid,invalid,COMBINED_ADMISSION_RULE_EVALUATION_INVARIANT_INVALID,COMBINED_ADMISSION_RULE_EVALUATION_INVARIANT_INVALID,ADMIT_001|ADMIT_002|ADMIT_003|ADMIT_004|ADMIT_005|ADMIT_006|ADMIT_007|ADMIT_008|ADMIT_009|ADMIT_011|ADMIT_014,,,,,false,false,false,0,0,false,0,true
176,schema_mismatch,child_invariant_mutation,download_execution_permission,tuple,ADMIT_001|ADMIT_002|ADMIT_003|ADMIT_004|ADMIT_005|ADMIT_006|ADMIT_007|ADMIT_008|ADMIT_009|ADMIT_011|ADMIT_014,passed|passed|passed|passed|passed|passed|passed|passed|passed|passed|passed,invalid,invalid,COMBINED_ADMISSION_RULE_EVALUATION_INVARIANT_INVALID,COMBINED_ADMISSION_RULE_EVALUATION_INVARIANT_INVALID,ADMIT_001|ADMIT_002|ADMIT_003|ADMIT_004|ADMIT_005|ADMIT_006|ADMIT_007|ADMIT_008|ADMIT_009|ADMIT_011|ADMIT_014,,,,,false,false,false,0,0,false,0,true
177,rule_name_mismatch,child_invariant_mutation,download_execution_permission,tuple,ADMIT_001|ADMIT_002|ADMIT_003|ADMIT_004|ADMIT_005|ADMIT_006|ADMIT_007|ADMIT_008|ADMIT_009|ADMIT_011|ADMIT_014,passed|passed|passed|passed|passed|passed|passed|passed|passed|passed|passed,invalid,invalid,COMBINED_ADMISSION_RULE_EVALUATION_INVARIANT_INVALID,COMBINED_ADMISSION_RULE_EVALUATION_INVARIANT_INVALID,ADMIT_001|ADMIT_002|ADMIT_003|ADMIT_004|ADMIT_005|ADMIT_006|ADMIT_007|ADMIT_008|ADMIT_009|ADMIT_011|ADMIT_014,,,,,false,false,false,0,0,false,0,true
178,adapter_id_mismatch,child_invariant_mutation,download_execution_permission,tuple,ADMIT_001|ADMIT_002|ADMIT_003|ADMIT_004|ADMIT_005|ADMIT_006|ADMIT_007|ADMIT_008|ADMIT_009|ADMIT_011|ADMIT_014,passed|passed|passed|passed|passed|passed|passed|passed|passed|passed|passed,invalid,invalid,COMBINED_ADMISSION_RULE_EVALUATION_INVARIANT_INVALID,COMBINED_ADMISSION_RULE_EVALUATION_INVARIANT_INVALID,ADMIT_001|ADMIT_002|ADMIT_003|ADMIT_004|ADMIT_005|ADMIT_006|ADMIT_007|ADMIT_008|ADMIT_009|ADMIT_011|ADMIT_014,,,,,false,false,false,0,0,false,0,true
179,passed_outcome_mismatch,child_invariant_mutation,download_execution_permission,tuple,ADMIT_001|ADMIT_002|ADMIT_003|ADMIT_004|ADMIT_005|ADMIT_006|ADMIT_007|ADMIT_008|ADMIT_009|ADMIT_011|ADMIT_014,passed|passed|passed|passed|passed|passed|passed|passed|passed|passed|passed,invalid,invalid,COMBINED_ADMISSION_RULE_EVALUATION_INVARIANT_INVALID,COMBINED_ADMISSION_RULE_EVALUATION_INVARIANT_INVALID,ADMIT_001|ADMIT_002|ADMIT_003|ADMIT_004|ADMIT_005|ADMIT_006|ADMIT_007|ADMIT_008|ADMIT_009|ADMIT_011|ADMIT_014,,,,,false,false,false,0,0,false,0,true
180,blocks_candidate_mismatch,child_invariant_mutation,download_execution_permission,tuple,ADMIT_001|ADMIT_002|ADMIT_003|ADMIT_004|ADMIT_005|ADMIT_006|ADMIT_007|ADMIT_008|ADMIT_009|ADMIT_011|ADMIT_014,passed|passed|passed|passed|passed|passed|passed|passed|passed|passed|passed,invalid,invalid,COMBINED_ADMISSION_RULE_EVALUATION_INVARIANT_INVALID,COMBINED_ADMISSION_RULE_EVALUATION_INVARIANT_INVALID,ADMIT_001|ADMIT_002|ADMIT_003|ADMIT_004|ADMIT_005|ADMIT_006|ADMIT_007|ADMIT_008|ADMIT_009|ADMIT_011|ADMIT_014,,,,,false,false,false,0,0,false,0,true
181,pass_reason_nonempty,child_invariant_mutation,download_execution_permission,tuple,ADMIT_001|ADMIT_002|ADMIT_003|ADMIT_004|ADMIT_005|ADMIT_006|ADMIT_007|ADMIT_008|ADMIT_009|ADMIT_011|ADMIT_014,passed|passed|passed|passed|passed|passed|passed|passed|passed|passed|passed,invalid,invalid,COMBINED_ADMISSION_RULE_EVALUATION_INVARIANT_INVALID,COMBINED_ADMISSION_RULE_EVALUATION_INVARIANT_INVALID,ADMIT_001|ADMIT_002|ADMIT_003|ADMIT_004|ADMIT_005|ADMIT_006|ADMIT_007|ADMIT_008|ADMIT_009|ADMIT_011|ADMIT_014,,,,,false,false,false,0,0,false,0,true
182,failure_reason_empty,child_invariant_mutation,download_execution_permission,tuple,ADMIT_001|ADMIT_002|ADMIT_003|ADMIT_004|ADMIT_005|ADMIT_006|ADMIT_007|ADMIT_008|ADMIT_009|ADMIT_011|ADMIT_014,blocked|passed|passed|passed|passed|passed|passed|passed|passed|passed|passed,invalid,invalid,COMBINED_ADMISSION_RULE_EVALUATION_INVARIANT_INVALID,COMBINED_ADMISSION_RULE_EVALUATION_INVARIANT_INVALID,ADMIT_001|ADMIT_002|ADMIT_003|ADMIT_004|ADMIT_005|ADMIT_006|ADMIT_007|ADMIT_008|ADMIT_009|ADMIT_011|ADMIT_014,,,,,false,false,false,0,0,false,0,true
183,malformed_normalized_values,child_invariant_mutation,download_execution_permission,tuple,ADMIT_001|ADMIT_002|ADMIT_003|ADMIT_004|ADMIT_005|ADMIT_006|ADMIT_007|ADMIT_008|ADMIT_009|ADMIT_011|ADMIT_014,passed|passed|passed|passed|passed|passed|passed|passed|passed|passed|passed,invalid,invalid,COMBINED_ADMISSION_RULE_EVALUATION_INVARIANT_INVALID,COMBINED_ADMISSION_RULE_EVALUATION_INVARIANT_INVALID,ADMIT_001|ADMIT_002|ADMIT_003|ADMIT_004|ADMIT_005|ADMIT_006|ADMIT_007|ADMIT_008|ADMIT_009|ADMIT_011|ADMIT_014,,,,,false,false,false,0,0,false,0,true
184,malformed_validated_fields,child_invariant_mutation,download_execution_permission,tuple,ADMIT_001|ADMIT_002|ADMIT_003|ADMIT_004|ADMIT_005|ADMIT_006|ADMIT_007|ADMIT_008|ADMIT_009|ADMIT_011|ADMIT_014,passed|passed|passed|passed|passed|passed|passed|passed|passed|passed|passed,invalid,invalid,COMBINED_ADMISSION_RULE_EVALUATION_INVARIANT_INVALID,COMBINED_ADMISSION_RULE_EVALUATION_INVARIANT_INVALID,ADMIT_001|ADMIT_002|ADMIT_003|ADMIT_004|ADMIT_005|ADMIT_006|ADMIT_007|ADMIT_008|ADMIT_009|ADMIT_011|ADMIT_014,,,,,false,false,false,0,0,false,0,true
185,runtime_rejected_outcome_is_aggregation_inadmissible,runtime_valid_rejected_aggregation_inadmissible,download_execution_permission,tuple,ADMIT_001|ADMIT_002|ADMIT_003|ADMIT_004|ADMIT_005|ADMIT_006|ADMIT_007|ADMIT_008|ADMIT_009|ADMIT_011|ADMIT_014,rejected|passed|passed|passed|passed|passed|passed|passed|passed|passed|passed,invalid,invalid,COMBINED_ADMISSION_RULE_EVALUATION_INVARIANT_INVALID,COMBINED_ADMISSION_RULE_EVALUATION_INVARIANT_INVALID,ADMIT_001|ADMIT_002|ADMIT_003|ADMIT_004|ADMIT_005|ADMIT_006|ADMIT_007|ADMIT_008|ADMIT_009|ADMIT_011|ADMIT_014,,,,,false,false,false,0,0,false,0,true
186,unknown_outcome_string,child_invariant_mutation,download_execution_permission,tuple,ADMIT_001|ADMIT_002|ADMIT_003|ADMIT_004|ADMIT_005|ADMIT_006|ADMIT_007|ADMIT_008|ADMIT_009|ADMIT_011|ADMIT_014,unknown_outcome|passed|passed|passed|passed|passed|passed|passed|passed|passed|passed,invalid,invalid,COMBINED_ADMISSION_RULE_EVALUATION_INVARIANT_INVALID,COMBINED_ADMISSION_RULE_EVALUATION_INVARIANT_INVALID,ADMIT_001|ADMIT_002|ADMIT_003|ADMIT_004|ADMIT_005|ADMIT_006|ADMIT_007|ADMIT_008|ADMIT_009|ADMIT_011|ADMIT_014,,,,,false,false,false,0,0,false,0,true
187,duplicate_normalized_keys,runtime_valid_duplicate_nested_compatibility,download_execution_permission,tuple,ADMIT_001|ADMIT_002|ADMIT_003|ADMIT_004|ADMIT_005|ADMIT_006|ADMIT_007|ADMIT_008|ADMIT_009|ADMIT_011|ADMIT_014,passed|passed|passed|passed|passed|passed|passed|passed|passed|passed|passed,passed,passed,,,ADMIT_001|ADMIT_002|ADMIT_003|ADMIT_004|ADMIT_005|ADMIT_006|ADMIT_007|ADMIT_008|ADMIT_009|ADMIT_011|ADMIT_014,ADMIT_001|ADMIT_002|ADMIT_003|ADMIT_004|ADMIT_005|ADMIT_006|ADMIT_007|ADMIT_008|ADMIT_009|ADMIT_011|ADMIT_014,,,,true,true,false,0,0,false,0,true
188,duplicate_validated_fields,runtime_valid_duplicate_nested_compatibility,download_execution_permission,tuple,ADMIT_001|ADMIT_002|ADMIT_003|ADMIT_004|ADMIT_005|ADMIT_006|ADMIT_007|ADMIT_008|ADMIT_009|ADMIT_011|ADMIT_014,passed|passed|passed|passed|passed|passed|passed|passed|passed|passed|passed,passed,passed,,,ADMIT_001|ADMIT_002|ADMIT_003|ADMIT_004|ADMIT_005|ADMIT_006|ADMIT_007|ADMIT_008|ADMIT_009|ADMIT_011|ADMIT_014,ADMIT_001|ADMIT_002|ADMIT_003|ADMIT_004|ADMIT_005|ADMIT_006|ADMIT_007|ADMIT_008|ADMIT_009|ADMIT_011|ADMIT_014,,,,true,true,false,0,0,false,0,true
189,duplicate_consumed_candidate_fields,runtime_valid_duplicate_nested_compatibility,download_execution_permission,tuple,ADMIT_001|ADMIT_002|ADMIT_003|ADMIT_004|ADMIT_005|ADMIT_006|ADMIT_007|ADMIT_008|ADMIT_009|ADMIT_011|ADMIT_014,passed|passed|passed|passed|passed|passed|passed|passed|passed|passed|passed,passed,passed,,,ADMIT_001|ADMIT_002|ADMIT_003|ADMIT_004|ADMIT_005|ADMIT_006|ADMIT_007|ADMIT_008|ADMIT_009|ADMIT_011|ADMIT_014,ADMIT_001|ADMIT_002|ADMIT_003|ADMIT_004|ADMIT_005|ADMIT_006|ADMIT_007|ADMIT_008|ADMIT_009|ADMIT_011|ADMIT_014,,,,true,true,false,0,0,false,0,true
190,duplicate_consumed_context_items,runtime_valid_duplicate_nested_compatibility,download_execution_permission,tuple,ADMIT_001|ADMIT_002|ADMIT_003|ADMIT_004|ADMIT_005|ADMIT_006|ADMIT_007|ADMIT_008|ADMIT_009|ADMIT_011|ADMIT_014,passed|passed|passed|passed|passed|passed|passed|passed|passed|passed|passed,passed,passed,,,ADMIT_001|ADMIT_002|ADMIT_003|ADMIT_004|ADMIT_005|ADMIT_006|ADMIT_007|ADMIT_008|ADMIT_009|ADMIT_011|ADMIT_014,ADMIT_001|ADMIT_002|ADMIT_003|ADMIT_004|ADMIT_005|ADMIT_006|ADMIT_007|ADMIT_008|ADMIT_009|ADMIT_011|ADMIT_014,,,,true,true,false,0,0,false,0,true
191,unknown_scope,scope_invalid,unknown,tuple,,,invalid,invalid,COMBINED_ADMISSION_SCOPE_ID_INVALID,COMBINED_ADMISSION_SCOPE_ID_INVALID,,,,,,false,false,false,0,0,false,0,true
192,scope_bool,scope_invalid,<bool>,tuple,,,invalid,invalid,COMBINED_ADMISSION_SCOPE_ID_INVALID,COMBINED_ADMISSION_SCOPE_ID_INVALID,,,,,,false,false,false,0,0,false,0,true
193,scope_none,scope_invalid,None,tuple,,,invalid,invalid,COMBINED_ADMISSION_SCOPE_ID_INVALID,COMBINED_ADMISSION_SCOPE_ID_INVALID,,,,,,false,false,false,0,0,false,0,true
194,vector_list,vector_type_invalid,download_execution_permission,list,,,invalid,invalid,COMBINED_ADMISSION_RULE_EVALUATION_VECTOR_TYPE_INVALID,COMBINED_ADMISSION_RULE_EVALUATION_VECTOR_TYPE_INVALID,ADMIT_001|ADMIT_002|ADMIT_003|ADMIT_004|ADMIT_005|ADMIT_006|ADMIT_007|ADMIT_008|ADMIT_009|ADMIT_011|ADMIT_014,,,,,false,false,false,0,0,false,0,true
195,vector_dict,vector_type_invalid,download_execution_permission,dict,,,invalid,invalid,COMBINED_ADMISSION_RULE_EVALUATION_VECTOR_TYPE_INVALID,COMBINED_ADMISSION_RULE_EVALUATION_VECTOR_TYPE_INVALID,ADMIT_001|ADMIT_002|ADMIT_003|ADMIT_004|ADMIT_005|ADMIT_006|ADMIT_007|ADMIT_008|ADMIT_009|ADMIT_011|ADMIT_014,,,,,false,false,false,0,0,false,0,true
196,vector_string,vector_type_invalid,download_execution_permission,str,,,invalid,invalid,COMBINED_ADMISSION_RULE_EVALUATION_VECTOR_TYPE_INVALID,COMBINED_ADMISSION_RULE_EVALUATION_VECTOR_TYPE_INVALID,ADMIT_001|ADMIT_002|ADMIT_003|ADMIT_004|ADMIT_005|ADMIT_006|ADMIT_007|ADMIT_008|ADMIT_009|ADMIT_011|ADMIT_014,,,,,false,false,false,0,0,false,0,true
197,vector_none,vector_type_invalid,download_execution_permission,NoneType,,,invalid,invalid,COMBINED_ADMISSION_RULE_EVALUATION_VECTOR_TYPE_INVALID,COMBINED_ADMISSION_RULE_EVALUATION_VECTOR_TYPE_INVALID,ADMIT_001|ADMIT_002|ADMIT_003|ADMIT_004|ADMIT_005|ADMIT_006|ADMIT_007|ADMIT_008|ADMIT_009|ADMIT_011|ADMIT_014,,,,,false,false,false,0,0,false,0,true
198,wrong_child_type,child_type_invalid,download_execution_permission,tuple,<object>|ADMIT_002|ADMIT_003|ADMIT_004|ADMIT_005|ADMIT_006|ADMIT_007|ADMIT_008|ADMIT_009|ADMIT_011|ADMIT_014,<object>|passed|passed|passed|passed|passed|passed|passed|passed|passed|passed,invalid,invalid,COMBINED_ADMISSION_RULE_EVALUATION_INVARIANT_INVALID,COMBINED_ADMISSION_RULE_EVALUATION_INVARIANT_INVALID,ADMIT_001|ADMIT_002|ADMIT_003|ADMIT_004|ADMIT_005|ADMIT_006|ADMIT_007|ADMIT_008|ADMIT_009|ADMIT_011|ADMIT_014,,,,,false,false,false,0,0,false,0,true
199,child_subclass,child_type_invalid,download_execution_permission,tuple,ADMIT_001|ADMIT_002|ADMIT_003|ADMIT_004|ADMIT_005|ADMIT_006|ADMIT_007|ADMIT_008|ADMIT_009|ADMIT_011|ADMIT_014,passed|passed|passed|passed|passed|passed|passed|passed|passed|passed|passed,invalid,invalid,COMBINED_ADMISSION_RULE_EVALUATION_INVARIANT_INVALID,COMBINED_ADMISSION_RULE_EVALUATION_INVARIANT_INVALID,ADMIT_001|ADMIT_002|ADMIT_003|ADMIT_004|ADMIT_005|ADMIT_006|ADMIT_007|ADMIT_008|ADMIT_009|ADMIT_011|ADMIT_014,,,,,false,false,false,0,0,false,0,true
200,valid_tuple_identity,identity_preservation,download_execution_permission,tuple,ADMIT_001|ADMIT_002|ADMIT_003|ADMIT_004|ADMIT_005|ADMIT_006|ADMIT_007|ADMIT_008|ADMIT_009|ADMIT_011|ADMIT_014,passed|passed|passed|passed|passed|passed|passed|passed|passed|passed|passed,passed,passed,,,ADMIT_001|ADMIT_002|ADMIT_003|ADMIT_004|ADMIT_005|ADMIT_006|ADMIT_007|ADMIT_008|ADMIT_009|ADMIT_011|ADMIT_014,ADMIT_001|ADMIT_002|ADMIT_003|ADMIT_004|ADMIT_005|ADMIT_006|ADMIT_007|ADMIT_008|ADMIT_009|ADMIT_011|ADMIT_014,,,,true,true,false,0,0,false,0,true
201,synthetic_pass_no_mutation,no_permission_mutation,training_execution_admission_permission,tuple,ADMIT_001|ADMIT_002|ADMIT_003|ADMIT_004|ADMIT_005|ADMIT_006|ADMIT_007|ADMIT_008|ADMIT_009|ADMIT_010|ADMIT_011|ADMIT_012|ADMIT_013|ADMIT_014|ADMIT_015,passed|passed|passed|passed|passed|passed|passed|passed|passed|passed|passed|passed|passed|passed|passed,passed,passed,,,ADMIT_001|ADMIT_002|ADMIT_003|ADMIT_004|ADMIT_005|ADMIT_006|ADMIT_007|ADMIT_008|ADMIT_009|ADMIT_010|ADMIT_011|ADMIT_012|ADMIT_013|ADMIT_014|ADMIT_015,ADMIT_001|ADMIT_002|ADMIT_003|ADMIT_004|ADMIT_005|ADMIT_006|ADMIT_007|ADMIT_008|ADMIT_009|ADMIT_010|ADMIT_011|ADMIT_012|ADMIT_013|ADMIT_014|ADMIT_015,,,,true,true,false,0,0,false,0,true
