case_group,case_id,decision_field,expected_value,design_value,runtime_value,expected_exact_type,design_exact_type,runtime_exact_type,design_parity_verified,runtime_parity_verified,three_way_parity_verified
input_cardinality,both_missing,schema_version,covapie_bulk_download_stage_orchestration_call_site_decision_v1,covapie_bulk_download_stage_orchestration_call_site_decision_v1,covapie_bulk_download_stage_orchestration_call_site_decision_v1,str,str,str,true,true,true
input_cardinality,both_missing,outcome,invalid,invalid,invalid,str,str,str,true,true,true
input_cardinality,both_missing,passed,false,false,false,bool,bool,bool,true,true,true
input_cardinality,both_missing,blocks_download,true,true,true,bool,bool,bool,true,true,true
input_cardinality,both_missing,reason,BULK_DOWNLOAD_CALL_SITE_INPUT_CARDINALITY_INVALID,BULK_DOWNLOAD_CALL_SITE_INPUT_CARDINALITY_INVALID,BULK_DOWNLOAD_CALL_SITE_INPUT_CARDINALITY_INVALID,str,str,str,true,true,true
input_cardinality,both_missing,source_kind,invalid_input,invalid_input,invalid_input,str,str,str,true,true,true
input_cardinality,both_missing,source_scope_id,,,,str,str,str,true,true,true
input_cardinality,both_missing,source_error_code,,,,str,str,str,true,true,true
input_cardinality,both_missing,candidate_count,0,0,0,int,int,int,true,true,true
input_cardinality,both_missing,invalid_candidate_indexes,[],[],[],tuple,tuple,tuple,true,true,true
input_cardinality,both_missing,blocked_candidate_indexes,[],[],[],tuple,tuple,tuple,true,true,true
input_cardinality,both_missing,failing_candidate_indexes,[],[],[],tuple,tuple,tuple,true,true,true
input_cardinality,both_missing,action_permission_granted,false,false,false,bool,bool,bool,true,true,true
input_cardinality,both_missing,download_action_invoked,false,false,false,bool,bool,bool,true,true,true
input_cardinality,both_missing,call_site_io_used,false,false,false,bool,bool,bool,true,true,true
input_cardinality,both_present,schema_version,covapie_bulk_download_stage_orchestration_call_site_decision_v1,covapie_bulk_download_stage_orchestration_call_site_decision_v1,covapie_bulk_download_stage_orchestration_call_site_decision_v1,str,str,str,true,true,true
input_cardinality,both_present,outcome,invalid,invalid,invalid,str,str,str,true,true,true
input_cardinality,both_present,passed,false,false,false,bool,bool,bool,true,true,true
input_cardinality,both_present,blocks_download,true,true,true,bool,bool,bool,true,true,true
input_cardinality,both_present,reason,BULK_DOWNLOAD_CALL_SITE_INPUT_CARDINALITY_INVALID,BULK_DOWNLOAD_CALL_SITE_INPUT_CARDINALITY_INVALID,BULK_DOWNLOAD_CALL_SITE_INPUT_CARDINALITY_INVALID,str,str,str,true,true,true
input_cardinality,both_present,source_kind,invalid_input,invalid_input,invalid_input,str,str,str,true,true,true
input_cardinality,both_present,source_scope_id,,,,str,str,str,true,true,true
input_cardinality,both_present,source_error_code,,,,str,str,str,true,true,true
input_cardinality,both_present,candidate_count,0,0,0,int,int,int,true,true,true
input_cardinality,both_present,invalid_candidate_indexes,[],[],[],tuple,tuple,tuple,true,true,true
input_cardinality,both_present,blocked_candidate_indexes,[],[],[],tuple,tuple,tuple,true,true,true
input_cardinality,both_present,failing_candidate_indexes,[],[],[],tuple,tuple,tuple,true,true,true
input_cardinality,both_present,action_permission_granted,false,false,false,bool,bool,bool,true,true,true
input_cardinality,both_present,download_action_invoked,false,false,false,bool,bool,bool,true,true,true
input_cardinality,both_present,call_site_io_used,false,false,false,bool,bool,bool,true,true,true
input_cardinality,result_only,schema_version,covapie_bulk_download_stage_orchestration_call_site_decision_v1,covapie_bulk_download_stage_orchestration_call_site_decision_v1,covapie_bulk_download_stage_orchestration_call_site_decision_v1,str,str,str,true,true,true
input_cardinality,result_only,outcome,blocked,blocked,blocked,str,str,str,true,true,true
input_cardinality,result_only,passed,false,false,false,bool,bool,bool,true,true,true
input_cardinality,result_only,blocks_download,true,true,true,bool,bool,bool,true,true,true
input_cardinality,result_only,reason,BULK_DOWNLOAD_CANDIDATE_VERDICT_BLOCKED,BULK_DOWNLOAD_CANDIDATE_VERDICT_BLOCKED,BULK_DOWNLOAD_CANDIDATE_VERDICT_BLOCKED,str,str,str,true,true,true
input_cardinality,result_only,source_kind,orchestration_result,orchestration_result,orchestration_result,str,str,str,true,true,true
input_cardinality,result_only,source_scope_id,download_execution_permission,download_execution_permission,download_execution_permission,str,str,str,true,true,true
input_cardinality,result_only,source_error_code,,,,str,str,str,true,true,true
input_cardinality,result_only,candidate_count,1,1,1,int,int,int,true,true,true
input_cardinality,result_only,invalid_candidate_indexes,[],[],[],tuple,tuple,tuple,true,true,true
input_cardinality,result_only,blocked_candidate_indexes,[0],[0],[0],tuple,tuple,tuple,true,true,true
input_cardinality,result_only,failing_candidate_indexes,[0],[0],[0],tuple,tuple,tuple,true,true,true
input_cardinality,result_only,action_permission_granted,false,false,false,bool,bool,bool,true,true,true
input_cardinality,result_only,download_action_invoked,false,false,false,bool,bool,bool,true,true,true
input_cardinality,result_only,call_site_io_used,false,false,false,bool,bool,bool,true,true,true
input_cardinality,error_only,schema_version,covapie_bulk_download_stage_orchestration_call_site_decision_v1,covapie_bulk_download_stage_orchestration_call_site_decision_v1,covapie_bulk_download_stage_orchestration_call_site_decision_v1,str,str,str,true,true,true
input_cardinality,error_only,outcome,invalid,invalid,invalid,str,str,str,true,true,true
input_cardinality,error_only,passed,false,false,false,bool,bool,bool,true,true,true
input_cardinality,error_only,blocks_download,true,true,true,bool,bool,bool,true,true,true
input_cardinality,error_only,reason,BULK_DOWNLOAD_ORCHESTRATION_ERROR_FAIL_CLOSED,BULK_DOWNLOAD_ORCHESTRATION_ERROR_FAIL_CLOSED,BULK_DOWNLOAD_ORCHESTRATION_ERROR_FAIL_CLOSED,str,str,str,true,true,true
input_cardinality,error_only,source_kind,orchestration_error,orchestration_error,orchestration_error,str,str,str,true,true,true
input_cardinality,error_only,source_scope_id,download_execution_permission,download_execution_permission,download_execution_permission,str,str,str,true,true,true
input_cardinality,error_only,source_error_code,STAGE_ORCHESTRATION_SCOPE_ID_INVALID,STAGE_ORCHESTRATION_SCOPE_ID_INVALID,STAGE_ORCHESTRATION_SCOPE_ID_INVALID,str,str,str,true,true,true
input_cardinality,error_only,candidate_count,0,0,0,int,int,int,true,true,true
input_cardinality,error_only,invalid_candidate_indexes,[],[],[],tuple,tuple,tuple,true,true,true
input_cardinality,error_only,blocked_candidate_indexes,[],[],[],tuple,tuple,tuple,true,true,true
input_cardinality,error_only,failing_candidate_indexes,[],[],[],tuple,tuple,tuple,true,true,true
input_cardinality,error_only,action_permission_granted,false,false,false,bool,bool,bool,true,true,true
input_cardinality,error_only,download_action_invoked,false,false,false,bool,bool,bool,true,true,true
input_cardinality,error_only,call_site_io_used,false,false,false,bool,bool,bool,true,true,true
type,result_wrong_type,schema_version,covapie_bulk_download_stage_orchestration_call_site_decision_v1,covapie_bulk_download_stage_orchestration_call_site_decision_v1,covapie_bulk_download_stage_orchestration_call_site_decision_v1,str,str,str,true,true,true
type,result_wrong_type,outcome,invalid,invalid,invalid,str,str,str,true,true,true
type,result_wrong_type,passed,false,false,false,bool,bool,bool,true,true,true
type,result_wrong_type,blocks_download,true,true,true,bool,bool,bool,true,true,true
type,result_wrong_type,reason,BULK_DOWNLOAD_CALL_SITE_RESULT_TYPE_INVALID,BULK_DOWNLOAD_CALL_SITE_RESULT_TYPE_INVALID,BULK_DOWNLOAD_CALL_SITE_RESULT_TYPE_INVALID,str,str,str,true,true,true
type,result_wrong_type,source_kind,orchestration_result,orchestration_result,orchestration_result,str,str,str,true,true,true
type,result_wrong_type,source_scope_id,,,,str,str,str,true,true,true
type,result_wrong_type,source_error_code,,,,str,str,str,true,true,true
type,result_wrong_type,candidate_count,0,0,0,int,int,int,true,true,true
type,result_wrong_type,invalid_candidate_indexes,[],[],[],tuple,tuple,tuple,true,true,true
type,result_wrong_type,blocked_candidate_indexes,[],[],[],tuple,tuple,tuple,true,true,true
type,result_wrong_type,failing_candidate_indexes,[],[],[],tuple,tuple,tuple,true,true,true
type,result_wrong_type,action_permission_granted,false,false,false,bool,bool,bool,true,true,true
type,result_wrong_type,download_action_invoked,false,false,false,bool,bool,bool,true,true,true
type,result_wrong_type,call_site_io_used,false,false,false,bool,bool,bool,true,true,true
type,result_subclass,schema_version,covapie_bulk_download_stage_orchestration_call_site_decision_v1,covapie_bulk_download_stage_orchestration_call_site_decision_v1,covapie_bulk_download_stage_orchestration_call_site_decision_v1,str,str,str,true,true,true
type,result_subclass,outcome,invalid,invalid,invalid,str,str,str,true,true,true
type,result_subclass,passed,false,false,false,bool,bool,bool,true,true,true
type,result_subclass,blocks_download,true,true,true,bool,bool,bool,true,true,true
type,result_subclass,reason,BULK_DOWNLOAD_CALL_SITE_RESULT_TYPE_INVALID,BULK_DOWNLOAD_CALL_SITE_RESULT_TYPE_INVALID,BULK_DOWNLOAD_CALL_SITE_RESULT_TYPE_INVALID,str,str,str,true,true,true
type,result_subclass,source_kind,orchestration_result,orchestration_result,orchestration_result,str,str,str,true,true,true
type,result_subclass,source_scope_id,,,,str,str,str,true,true,true
type,result_subclass,source_error_code,,,,str,str,str,true,true,true
type,result_subclass,candidate_count,0,0,0,int,int,int,true,true,true
type,result_subclass,invalid_candidate_indexes,[],[],[],tuple,tuple,tuple,true,true,true
type,result_subclass,blocked_candidate_indexes,[],[],[],tuple,tuple,tuple,true,true,true
type,result_subclass,failing_candidate_indexes,[],[],[],tuple,tuple,tuple,true,true,true
type,result_subclass,action_permission_granted,false,false,false,bool,bool,bool,true,true,true
type,result_subclass,download_action_invoked,false,false,false,bool,bool,bool,true,true,true
type,result_subclass,call_site_io_used,false,false,false,bool,bool,bool,true,true,true
type,error_wrong_type,schema_version,covapie_bulk_download_stage_orchestration_call_site_decision_v1,covapie_bulk_download_stage_orchestration_call_site_decision_v1,covapie_bulk_download_stage_orchestration_call_site_decision_v1,str,str,str,true,true,true
type,error_wrong_type,outcome,invalid,invalid,invalid,str,str,str,true,true,true
type,error_wrong_type,passed,false,false,false,bool,bool,bool,true,true,true
type,error_wrong_type,blocks_download,true,true,true,bool,bool,bool,true,true,true
type,error_wrong_type,reason,BULK_DOWNLOAD_CALL_SITE_ERROR_TYPE_INVALID,BULK_DOWNLOAD_CALL_SITE_ERROR_TYPE_INVALID,BULK_DOWNLOAD_CALL_SITE_ERROR_TYPE_INVALID,str,str,str,true,true,true
type,error_wrong_type,source_kind,orchestration_error,orchestration_error,orchestration_error,str,str,str,true,true,true
type,error_wrong_type,source_scope_id,,,,str,str,str,true,true,true
type,error_wrong_type,source_error_code,,,,str,str,str,true,true,true
type,error_wrong_type,candidate_count,0,0,0,int,int,int,true,true,true
type,error_wrong_type,invalid_candidate_indexes,[],[],[],tuple,tuple,tuple,true,true,true
type,error_wrong_type,blocked_candidate_indexes,[],[],[],tuple,tuple,tuple,true,true,true
type,error_wrong_type,failing_candidate_indexes,[],[],[],tuple,tuple,tuple,true,true,true
type,error_wrong_type,action_permission_granted,false,false,false,bool,bool,bool,true,true,true
type,error_wrong_type,download_action_invoked,false,false,false,bool,bool,bool,true,true,true
type,error_wrong_type,call_site_io_used,false,false,false,bool,bool,bool,true,true,true
type,error_subclass,schema_version,covapie_bulk_download_stage_orchestration_call_site_decision_v1,covapie_bulk_download_stage_orchestration_call_site_decision_v1,covapie_bulk_download_stage_orchestration_call_site_decision_v1,str,str,str,true,true,true
type,error_subclass,outcome,invalid,invalid,invalid,str,str,str,true,true,true
type,error_subclass,passed,false,false,false,bool,bool,bool,true,true,true
type,error_subclass,blocks_download,true,true,true,bool,bool,bool,true,true,true
type,error_subclass,reason,BULK_DOWNLOAD_CALL_SITE_ERROR_TYPE_INVALID,BULK_DOWNLOAD_CALL_SITE_ERROR_TYPE_INVALID,BULK_DOWNLOAD_CALL_SITE_ERROR_TYPE_INVALID,str,str,str,true,true,true
type,error_subclass,source_kind,orchestration_error,orchestration_error,orchestration_error,str,str,str,true,true,true
type,error_subclass,source_scope_id,,,,str,str,str,true,true,true
type,error_subclass,source_error_code,,,,str,str,str,true,true,true
type,error_subclass,candidate_count,0,0,0,int,int,int,true,true,true
type,error_subclass,invalid_candidate_indexes,[],[],[],tuple,tuple,tuple,true,true,true
type,error_subclass,blocked_candidate_indexes,[],[],[],tuple,tuple,tuple,true,true,true
type,error_subclass,failing_candidate_indexes,[],[],[],tuple,tuple,tuple,true,true,true
type,error_subclass,action_permission_granted,false,false,false,bool,bool,bool,true,true,true
type,error_subclass,download_action_invoked,false,false,false,bool,bool,bool,true,true,true
type,error_subclass,call_site_io_used,false,false,false,bool,bool,bool,true,true,true
error_invariant,error_code,schema_version,covapie_bulk_download_stage_orchestration_call_site_decision_v1,covapie_bulk_download_stage_orchestration_call_site_decision_v1,covapie_bulk_download_stage_orchestration_call_site_decision_v1,str,str,str,true,true,true
error_invariant,error_code,outcome,invalid,invalid,invalid,str,str,str,true,true,true
error_invariant,error_code,passed,false,false,false,bool,bool,bool,true,true,true
error_invariant,error_code,blocks_download,true,true,true,bool,bool,bool,true,true,true
error_invariant,error_code,reason,BULK_DOWNLOAD_ORCHESTRATION_ERROR_INVARIANT_INVALID,BULK_DOWNLOAD_ORCHESTRATION_ERROR_INVARIANT_INVALID,BULK_DOWNLOAD_ORCHESTRATION_ERROR_INVARIANT_INVALID,str,str,str,true,true,true
error_invariant,error_code,source_kind,orchestration_error,orchestration_error,orchestration_error,str,str,str,true,true,true
error_invariant,error_code,source_scope_id,,,,str,str,str,true,true,true
error_invariant,error_code,source_error_code,,,,str,str,str,true,true,true
error_invariant,error_code,candidate_count,0,0,0,int,int,int,true,true,true
error_invariant,error_code,invalid_candidate_indexes,[],[],[],tuple,tuple,tuple,true,true,true
error_invariant,error_code,blocked_candidate_indexes,[],[],[],tuple,tuple,tuple,true,true,true
error_invariant,error_code,failing_candidate_indexes,[],[],[],tuple,tuple,tuple,true,true,true
error_invariant,error_code,action_permission_granted,false,false,false,bool,bool,bool,true,true,true
error_invariant,error_code,download_action_invoked,false,false,false,bool,bool,bool,true,true,true
error_invariant,error_code,call_site_io_used,false,false,false,bool,bool,bool,true,true,true
error_invariant,error_scope_type,schema_version,covapie_bulk_download_stage_orchestration_call_site_decision_v1,covapie_bulk_download_stage_orchestration_call_site_decision_v1,covapie_bulk_download_stage_orchestration_call_site_decision_v1,str,str,str,true,true,true
error_invariant,error_scope_type,outcome,invalid,invalid,invalid,str,str,str,true,true,true
error_invariant,error_scope_type,passed,false,false,false,bool,bool,bool,true,true,true
error_invariant,error_scope_type,blocks_download,true,true,true,bool,bool,bool,true,true,true
error_invariant,error_scope_type,reason,BULK_DOWNLOAD_ORCHESTRATION_ERROR_INVARIANT_INVALID,BULK_DOWNLOAD_ORCHESTRATION_ERROR_INVARIANT_INVALID,BULK_DOWNLOAD_ORCHESTRATION_ERROR_INVARIANT_INVALID,str,str,str,true,true,true
error_invariant,error_scope_type,source_kind,orchestration_error,orchestration_error,orchestration_error,str,str,str,true,true,true
error_invariant,error_scope_type,source_scope_id,,,,str,str,str,true,true,true
error_invariant,error_scope_type,source_error_code,,,,str,str,str,true,true,true
error_invariant,error_scope_type,candidate_count,0,0,0,int,int,int,true,true,true
error_invariant,error_scope_type,invalid_candidate_indexes,[],[],[],tuple,tuple,tuple,true,true,true
error_invariant,error_scope_type,blocked_candidate_indexes,[],[],[],tuple,tuple,tuple,true,true,true
error_invariant,error_scope_type,failing_candidate_indexes,[],[],[],tuple,tuple,tuple,true,true,true
error_invariant,error_scope_type,action_permission_granted,false,false,false,bool,bool,bool,true,true,true
error_invariant,error_scope_type,download_action_invoked,false,false,false,bool,bool,bool,true,true,true
error_invariant,error_scope_type,call_site_io_used,false,false,false,bool,bool,bool,true,true,true
error_invariant,error_candidate_index,schema_version,covapie_bulk_download_stage_orchestration_call_site_decision_v1,covapie_bulk_download_stage_orchestration_call_site_decision_v1,covapie_bulk_download_stage_orchestration_call_site_decision_v1,str,str,str,true,true,true
error_invariant,error_candidate_index,outcome,invalid,invalid,invalid,str,str,str,true,true,true
error_invariant,error_candidate_index,passed,false,false,false,bool,bool,bool,true,true,true
error_invariant,error_candidate_index,blocks_download,true,true,true,bool,bool,bool,true,true,true
error_invariant,error_candidate_index,reason,BULK_DOWNLOAD_ORCHESTRATION_ERROR_INVARIANT_INVALID,BULK_DOWNLOAD_ORCHESTRATION_ERROR_INVARIANT_INVALID,BULK_DOWNLOAD_ORCHESTRATION_ERROR_INVARIANT_INVALID,str,str,str,true,true,true
error_invariant,error_candidate_index,source_kind,orchestration_error,orchestration_error,orchestration_error,str,str,str,true,true,true
error_invariant,error_candidate_index,source_scope_id,,,,str,str,str,true,true,true
error_invariant,error_candidate_index,source_error_code,,,,str,str,str,true,true,true
error_invariant,error_candidate_index,candidate_count,0,0,0,int,int,int,true,true,true
error_invariant,error_candidate_index,invalid_candidate_indexes,[],[],[],tuple,tuple,tuple,true,true,true
error_invariant,error_candidate_index,blocked_candidate_indexes,[],[],[],tuple,tuple,tuple,true,true,true
error_invariant,error_candidate_index,failing_candidate_indexes,[],[],[],tuple,tuple,tuple,true,true,true
error_invariant,error_candidate_index,action_permission_granted,false,false,false,bool,bool,bool,true,true,true
error_invariant,error_candidate_index,download_action_invoked,false,false,false,bool,bool,bool,true,true,true
error_invariant,error_candidate_index,call_site_io_used,false,false,false,bool,bool,bool,true,true,true
error_invariant,error_rule_type,schema_version,covapie_bulk_download_stage_orchestration_call_site_decision_v1,covapie_bulk_download_stage_orchestration_call_site_decision_v1,covapie_bulk_download_stage_orchestration_call_site_decision_v1,str,str,str,true,true,true
error_invariant,error_rule_type,outcome,invalid,invalid,invalid,str,str,str,true,true,true
error_invariant,error_rule_type,passed,false,false,false,bool,bool,bool,true,true,true
error_invariant,error_rule_type,blocks_download,true,true,true,bool,bool,bool,true,true,true
error_invariant,error_rule_type,reason,BULK_DOWNLOAD_ORCHESTRATION_ERROR_INVARIANT_INVALID,BULK_DOWNLOAD_ORCHESTRATION_ERROR_INVARIANT_INVALID,BULK_DOWNLOAD_ORCHESTRATION_ERROR_INVARIANT_INVALID,str,str,str,true,true,true
error_invariant,error_rule_type,source_kind,orchestration_error,orchestration_error,orchestration_error,str,str,str,true,true,true
error_invariant,error_rule_type,source_scope_id,,,,str,str,str,true,true,true
error_invariant,error_rule_type,source_error_code,,,,str,str,str,true,true,true
error_invariant,error_rule_type,candidate_count,0,0,0,int,int,int,true,true,true
error_invariant,error_rule_type,invalid_candidate_indexes,[],[],[],tuple,tuple,tuple,true,true,true
error_invariant,error_rule_type,blocked_candidate_indexes,[],[],[],tuple,tuple,tuple,true,true,true
error_invariant,error_rule_type,failing_candidate_indexes,[],[],[],tuple,tuple,tuple,true,true,true
error_invariant,error_rule_type,action_permission_granted,false,false,false,bool,bool,bool,true,true,true
error_invariant,error_rule_type,download_action_invoked,false,false,false,bool,bool,bool,true,true,true
error_invariant,error_rule_type,call_site_io_used,false,false,false,bool,bool,bool,true,true,true
error_invariant,error_dispatcher_bool_as_int,schema_version,covapie_bulk_download_stage_orchestration_call_site_decision_v1,covapie_bulk_download_stage_orchestration_call_site_decision_v1,covapie_bulk_download_stage_orchestration_call_site_decision_v1,str,str,str,true,true,true
error_invariant,error_dispatcher_bool_as_int,outcome,invalid,invalid,invalid,str,str,str,true,true,true
error_invariant,error_dispatcher_bool_as_int,passed,false,false,false,bool,bool,bool,true,true,true
error_invariant,error_dispatcher_bool_as_int,blocks_download,true,true,true,bool,bool,bool,true,true,true
error_invariant,error_dispatcher_bool_as_int,reason,BULK_DOWNLOAD_ORCHESTRATION_ERROR_INVARIANT_INVALID,BULK_DOWNLOAD_ORCHESTRATION_ERROR_INVARIANT_INVALID,BULK_DOWNLOAD_ORCHESTRATION_ERROR_INVARIANT_INVALID,str,str,str,true,true,true
error_invariant,error_dispatcher_bool_as_int,source_kind,orchestration_error,orchestration_error,orchestration_error,str,str,str,true,true,true
error_invariant,error_dispatcher_bool_as_int,source_scope_id,,,,str,str,str,true,true,true
error_invariant,error_dispatcher_bool_as_int,source_error_code,,,,str,str,str,true,true,true
error_invariant,error_dispatcher_bool_as_int,candidate_count,0,0,0,int,int,int,true,true,true
error_invariant,error_dispatcher_bool_as_int,invalid_candidate_indexes,[],[],[],tuple,tuple,tuple,true,true,true
error_invariant,error_dispatcher_bool_as_int,blocked_candidate_indexes,[],[],[],tuple,tuple,tuple,true,true,true
error_invariant,error_dispatcher_bool_as_int,failing_candidate_indexes,[],[],[],tuple,tuple,tuple,true,true,true
error_invariant,error_dispatcher_bool_as_int,action_permission_granted,false,false,false,bool,bool,bool,true,true,true
error_invariant,error_dispatcher_bool_as_int,download_action_invoked,false,false,false,bool,bool,bool,true,true,true
error_invariant,error_dispatcher_bool_as_int,call_site_io_used,false,false,false,bool,bool,bool,true,true,true
error_invariant,error_aggregator_negative,schema_version,covapie_bulk_download_stage_orchestration_call_site_decision_v1,covapie_bulk_download_stage_orchestration_call_site_decision_v1,covapie_bulk_download_stage_orchestration_call_site_decision_v1,str,str,str,true,true,true
error_invariant,error_aggregator_negative,outcome,invalid,invalid,invalid,str,str,str,true,true,true
error_invariant,error_aggregator_negative,passed,false,false,false,bool,bool,bool,true,true,true
error_invariant,error_aggregator_negative,blocks_download,true,true,true,bool,bool,bool,true,true,true
error_invariant,error_aggregator_negative,reason,BULK_DOWNLOAD_ORCHESTRATION_ERROR_INVARIANT_INVALID,BULK_DOWNLOAD_ORCHESTRATION_ERROR_INVARIANT_INVALID,BULK_DOWNLOAD_ORCHESTRATION_ERROR_INVARIANT_INVALID,str,str,str,true,true,true
error_invariant,error_aggregator_negative,source_kind,orchestration_error,orchestration_error,orchestration_error,str,str,str,true,true,true
error_invariant,error_aggregator_negative,source_scope_id,,,,str,str,str,true,true,true
error_invariant,error_aggregator_negative,source_error_code,,,,str,str,str,true,true,true
error_invariant,error_aggregator_negative,candidate_count,0,0,0,int,int,int,true,true,true
error_invariant,error_aggregator_negative,invalid_candidate_indexes,[],[],[],tuple,tuple,tuple,true,true,true
error_invariant,error_aggregator_negative,blocked_candidate_indexes,[],[],[],tuple,tuple,tuple,true,true,true
error_invariant,error_aggregator_negative,failing_candidate_indexes,[],[],[],tuple,tuple,tuple,true,true,true
error_invariant,error_aggregator_negative,action_permission_granted,false,false,false,bool,bool,bool,true,true,true
error_invariant,error_aggregator_negative,download_action_invoked,false,false,false,bool,bool,bool,true,true,true
error_invariant,error_aggregator_negative,call_site_io_used,false,false,false,bool,bool,bool,true,true,true
error_invariant,error_reason_empty,schema_version,covapie_bulk_download_stage_orchestration_call_site_decision_v1,covapie_bulk_download_stage_orchestration_call_site_decision_v1,covapie_bulk_download_stage_orchestration_call_site_decision_v1,str,str,str,true,true,true
error_invariant,error_reason_empty,outcome,invalid,invalid,invalid,str,str,str,true,true,true
error_invariant,error_reason_empty,passed,false,false,false,bool,bool,bool,true,true,true
error_invariant,error_reason_empty,blocks_download,true,true,true,bool,bool,bool,true,true,true
error_invariant,error_reason_empty,reason,BULK_DOWNLOAD_ORCHESTRATION_ERROR_INVARIANT_INVALID,BULK_DOWNLOAD_ORCHESTRATION_ERROR_INVARIANT_INVALID,BULK_DOWNLOAD_ORCHESTRATION_ERROR_INVARIANT_INVALID,str,str,str,true,true,true
error_invariant,error_reason_empty,source_kind,orchestration_error,orchestration_error,orchestration_error,str,str,str,true,true,true
error_invariant,error_reason_empty,source_scope_id,,,,str,str,str,true,true,true
error_invariant,error_reason_empty,source_error_code,,,,str,str,str,true,true,true
error_invariant,error_reason_empty,candidate_count,0,0,0,int,int,int,true,true,true
error_invariant,error_reason_empty,invalid_candidate_indexes,[],[],[],tuple,tuple,tuple,true,true,true
error_invariant,error_reason_empty,blocked_candidate_indexes,[],[],[],tuple,tuple,tuple,true,true,true
error_invariant,error_reason_empty,failing_candidate_indexes,[],[],[],tuple,tuple,tuple,true,true,true
error_invariant,error_reason_empty,action_permission_granted,false,false,false,bool,bool,bool,true,true,true
error_invariant,error_reason_empty,download_action_invoked,false,false,false,bool,bool,bool,true,true,true
error_invariant,error_reason_empty,call_site_io_used,false,false,false,bool,bool,bool,true,true,true
error_invariant,error_cause_type,schema_version,covapie_bulk_download_stage_orchestration_call_site_decision_v1,covapie_bulk_download_stage_orchestration_call_site_decision_v1,covapie_bulk_download_stage_orchestration_call_site_decision_v1,str,str,str,true,true,true
error_invariant,error_cause_type,outcome,invalid,invalid,invalid,str,str,str,true,true,true
error_invariant,error_cause_type,passed,false,false,false,bool,bool,bool,true,true,true
error_invariant,error_cause_type,blocks_download,true,true,true,bool,bool,bool,true,true,true
error_invariant,error_cause_type,reason,BULK_DOWNLOAD_ORCHESTRATION_ERROR_INVARIANT_INVALID,BULK_DOWNLOAD_ORCHESTRATION_ERROR_INVARIANT_INVALID,BULK_DOWNLOAD_ORCHESTRATION_ERROR_INVARIANT_INVALID,str,str,str,true,true,true
error_invariant,error_cause_type,source_kind,orchestration_error,orchestration_error,orchestration_error,str,str,str,true,true,true
error_invariant,error_cause_type,source_scope_id,,,,str,str,str,true,true,true
error_invariant,error_cause_type,source_error_code,,,,str,str,str,true,true,true
error_invariant,error_cause_type,candidate_count,0,0,0,int,int,int,true,true,true
error_invariant,error_cause_type,invalid_candidate_indexes,[],[],[],tuple,tuple,tuple,true,true,true
error_invariant,error_cause_type,blocked_candidate_indexes,[],[],[],tuple,tuple,tuple,true,true,true
error_invariant,error_cause_type,failing_candidate_indexes,[],[],[],tuple,tuple,tuple,true,true,true
error_invariant,error_cause_type,action_permission_granted,false,false,false,bool,bool,bool,true,true,true
error_invariant,error_cause_type,download_action_invoked,false,false,false,bool,bool,bool,true,true,true
error_invariant,error_cause_type,call_site_io_used,false,false,false,bool,bool,bool,true,true,true
error_invariant,error_reversed_storage,schema_version,covapie_bulk_download_stage_orchestration_call_site_decision_v1,covapie_bulk_download_stage_orchestration_call_site_decision_v1,covapie_bulk_download_stage_orchestration_call_site_decision_v1,str,str,str,true,true,true
error_invariant,error_reversed_storage,outcome,invalid,invalid,invalid,str,str,str,true,true,true
error_invariant,error_reversed_storage,passed,false,false,false,bool,bool,bool,true,true,true
error_invariant,error_reversed_storage,blocks_download,true,true,true,bool,bool,bool,true,true,true
error_invariant,error_reversed_storage,reason,BULK_DOWNLOAD_ORCHESTRATION_ERROR_INVARIANT_INVALID,BULK_DOWNLOAD_ORCHESTRATION_ERROR_INVARIANT_INVALID,BULK_DOWNLOAD_ORCHESTRATION_ERROR_INVARIANT_INVALID,str,str,str,true,true,true
error_invariant,error_reversed_storage,source_kind,orchestration_error,orchestration_error,orchestration_error,str,str,str,true,true,true
error_invariant,error_reversed_storage,source_scope_id,,,,str,str,str,true,true,true
error_invariant,error_reversed_storage,source_error_code,,,,str,str,str,true,true,true
error_invariant,error_reversed_storage,candidate_count,0,0,0,int,int,int,true,true,true
error_invariant,error_reversed_storage,invalid_candidate_indexes,[],[],[],tuple,tuple,tuple,true,true,true
error_invariant,error_reversed_storage,blocked_candidate_indexes,[],[],[],tuple,tuple,tuple,true,true,true
error_invariant,error_reversed_storage,failing_candidate_indexes,[],[],[],tuple,tuple,tuple,true,true,true
error_invariant,error_reversed_storage,action_permission_granted,false,false,false,bool,bool,bool,true,true,true
error_invariant,error_reversed_storage,download_action_invoked,false,false,false,bool,bool,bool,true,true,true
error_invariant,error_reversed_storage,call_site_io_used,false,false,false,bool,bool,bool,true,true,true
error_exact8_codes,STAGE_ORCHESTRATION_SCOPE_ID_INVALID,schema_version,covapie_bulk_download_stage_orchestration_call_site_decision_v1,covapie_bulk_download_stage_orchestration_call_site_decision_v1,covapie_bulk_download_stage_orchestration_call_site_decision_v1,str,str,str,true,true,true
error_exact8_codes,STAGE_ORCHESTRATION_SCOPE_ID_INVALID,outcome,invalid,invalid,invalid,str,str,str,true,true,true
error_exact8_codes,STAGE_ORCHESTRATION_SCOPE_ID_INVALID,passed,false,false,false,bool,bool,bool,true,true,true
error_exact8_codes,STAGE_ORCHESTRATION_SCOPE_ID_INVALID,blocks_download,true,true,true,bool,bool,bool,true,true,true
error_exact8_codes,STAGE_ORCHESTRATION_SCOPE_ID_INVALID,reason,BULK_DOWNLOAD_ORCHESTRATION_ERROR_FAIL_CLOSED,BULK_DOWNLOAD_ORCHESTRATION_ERROR_FAIL_CLOSED,BULK_DOWNLOAD_ORCHESTRATION_ERROR_FAIL_CLOSED,str,str,str,true,true,true
error_exact8_codes,STAGE_ORCHESTRATION_SCOPE_ID_INVALID,source_kind,orchestration_error,orchestration_error,orchestration_error,str,str,str,true,true,true
error_exact8_codes,STAGE_ORCHESTRATION_SCOPE_ID_INVALID,source_scope_id,download_execution_permission,download_execution_permission,download_execution_permission,str,str,str,true,true,true
error_exact8_codes,STAGE_ORCHESTRATION_SCOPE_ID_INVALID,source_error_code,STAGE_ORCHESTRATION_SCOPE_ID_INVALID,STAGE_ORCHESTRATION_SCOPE_ID_INVALID,STAGE_ORCHESTRATION_SCOPE_ID_INVALID,str,str,str,true,true,true
error_exact8_codes,STAGE_ORCHESTRATION_SCOPE_ID_INVALID,candidate_count,0,0,0,int,int,int,true,true,true
error_exact8_codes,STAGE_ORCHESTRATION_SCOPE_ID_INVALID,invalid_candidate_indexes,[],[],[],tuple,tuple,tuple,true,true,true
error_exact8_codes,STAGE_ORCHESTRATION_SCOPE_ID_INVALID,blocked_candidate_indexes,[],[],[],tuple,tuple,tuple,true,true,true
error_exact8_codes,STAGE_ORCHESTRATION_SCOPE_ID_INVALID,failing_candidate_indexes,[],[],[],tuple,tuple,tuple,true,true,true
error_exact8_codes,STAGE_ORCHESTRATION_SCOPE_ID_INVALID,action_permission_granted,false,false,false,bool,bool,bool,true,true,true
error_exact8_codes,STAGE_ORCHESTRATION_SCOPE_ID_INVALID,download_action_invoked,false,false,false,bool,bool,bool,true,true,true
error_exact8_codes,STAGE_ORCHESTRATION_SCOPE_ID_INVALID,call_site_io_used,false,false,false,bool,bool,bool,true,true,true
error_exact8_codes,STAGE_ORCHESTRATION_CANDIDATE_INPUT_VECTOR_INVALID,schema_version,covapie_bulk_download_stage_orchestration_call_site_decision_v1,covapie_bulk_download_stage_orchestration_call_site_decision_v1,covapie_bulk_download_stage_orchestration_call_site_decision_v1,str,str,str,true,true,true
error_exact8_codes,STAGE_ORCHESTRATION_CANDIDATE_INPUT_VECTOR_INVALID,outcome,invalid,invalid,invalid,str,str,str,true,true,true
error_exact8_codes,STAGE_ORCHESTRATION_CANDIDATE_INPUT_VECTOR_INVALID,passed,false,false,false,bool,bool,bool,true,true,true
error_exact8_codes,STAGE_ORCHESTRATION_CANDIDATE_INPUT_VECTOR_INVALID,blocks_download,true,true,true,bool,bool,bool,true,true,true
error_exact8_codes,STAGE_ORCHESTRATION_CANDIDATE_INPUT_VECTOR_INVALID,reason,BULK_DOWNLOAD_ORCHESTRATION_ERROR_FAIL_CLOSED,BULK_DOWNLOAD_ORCHESTRATION_ERROR_FAIL_CLOSED,BULK_DOWNLOAD_ORCHESTRATION_ERROR_FAIL_CLOSED,str,str,str,true,true,true
error_exact8_codes,STAGE_ORCHESTRATION_CANDIDATE_INPUT_VECTOR_INVALID,source_kind,orchestration_error,orchestration_error,orchestration_error,str,str,str,true,true,true
error_exact8_codes,STAGE_ORCHESTRATION_CANDIDATE_INPUT_VECTOR_INVALID,source_scope_id,download_execution_permission,download_execution_permission,download_execution_permission,str,str,str,true,true,true
error_exact8_codes,STAGE_ORCHESTRATION_CANDIDATE_INPUT_VECTOR_INVALID,source_error_code,STAGE_ORCHESTRATION_CANDIDATE_INPUT_VECTOR_INVALID,STAGE_ORCHESTRATION_CANDIDATE_INPUT_VECTOR_INVALID,STAGE_ORCHESTRATION_CANDIDATE_INPUT_VECTOR_INVALID,str,str,str,true,true,true
error_exact8_codes,STAGE_ORCHESTRATION_CANDIDATE_INPUT_VECTOR_INVALID,candidate_count,0,0,0,int,int,int,true,true,true
error_exact8_codes,STAGE_ORCHESTRATION_CANDIDATE_INPUT_VECTOR_INVALID,invalid_candidate_indexes,[],[],[],tuple,tuple,tuple,true,true,true
error_exact8_codes,STAGE_ORCHESTRATION_CANDIDATE_INPUT_VECTOR_INVALID,blocked_candidate_indexes,[],[],[],tuple,tuple,tuple,true,true,true
error_exact8_codes,STAGE_ORCHESTRATION_CANDIDATE_INPUT_VECTOR_INVALID,failing_candidate_indexes,[],[],[],tuple,tuple,tuple,true,true,true
error_exact8_codes,STAGE_ORCHESTRATION_CANDIDATE_INPUT_VECTOR_INVALID,action_permission_granted,false,false,false,bool,bool,bool,true,true,true
error_exact8_codes,STAGE_ORCHESTRATION_CANDIDATE_INPUT_VECTOR_INVALID,download_action_invoked,false,false,false,bool,bool,bool,true,true,true
error_exact8_codes,STAGE_ORCHESTRATION_CANDIDATE_INPUT_VECTOR_INVALID,call_site_io_used,false,false,false,bool,bool,bool,true,true,true
error_exact8_codes,STAGE_ORCHESTRATION_CANDIDATE_INPUT_INVARIANT_INVALID,schema_version,covapie_bulk_download_stage_orchestration_call_site_decision_v1,covapie_bulk_download_stage_orchestration_call_site_decision_v1,covapie_bulk_download_stage_orchestration_call_site_decision_v1,str,str,str,true,true,true
error_exact8_codes,STAGE_ORCHESTRATION_CANDIDATE_INPUT_INVARIANT_INVALID,outcome,invalid,invalid,invalid,str,str,str,true,true,true
error_exact8_codes,STAGE_ORCHESTRATION_CANDIDATE_INPUT_INVARIANT_INVALID,passed,false,false,false,bool,bool,bool,true,true,true
error_exact8_codes,STAGE_ORCHESTRATION_CANDIDATE_INPUT_INVARIANT_INVALID,blocks_download,true,true,true,bool,bool,bool,true,true,true
error_exact8_codes,STAGE_ORCHESTRATION_CANDIDATE_INPUT_INVARIANT_INVALID,reason,BULK_DOWNLOAD_ORCHESTRATION_ERROR_FAIL_CLOSED,BULK_DOWNLOAD_ORCHESTRATION_ERROR_FAIL_CLOSED,BULK_DOWNLOAD_ORCHESTRATION_ERROR_FAIL_CLOSED,str,str,str,true,true,true
error_exact8_codes,STAGE_ORCHESTRATION_CANDIDATE_INPUT_INVARIANT_INVALID,source_kind,orchestration_error,orchestration_error,orchestration_error,str,str,str,true,true,true
error_exact8_codes,STAGE_ORCHESTRATION_CANDIDATE_INPUT_INVARIANT_INVALID,source_scope_id,download_execution_permission,download_execution_permission,download_execution_permission,str,str,str,true,true,true
error_exact8_codes,STAGE_ORCHESTRATION_CANDIDATE_INPUT_INVARIANT_INVALID,source_error_code,STAGE_ORCHESTRATION_CANDIDATE_INPUT_INVARIANT_INVALID,STAGE_ORCHESTRATION_CANDIDATE_INPUT_INVARIANT_INVALID,STAGE_ORCHESTRATION_CANDIDATE_INPUT_INVARIANT_INVALID,str,str,str,true,true,true
error_exact8_codes,STAGE_ORCHESTRATION_CANDIDATE_INPUT_INVARIANT_INVALID,candidate_count,0,0,0,int,int,int,true,true,true
error_exact8_codes,STAGE_ORCHESTRATION_CANDIDATE_INPUT_INVARIANT_INVALID,invalid_candidate_indexes,[],[],[],tuple,tuple,tuple,true,true,true
error_exact8_codes,STAGE_ORCHESTRATION_CANDIDATE_INPUT_INVARIANT_INVALID,blocked_candidate_indexes,[],[],[],tuple,tuple,tuple,true,true,true
error_exact8_codes,STAGE_ORCHESTRATION_CANDIDATE_INPUT_INVARIANT_INVALID,failing_candidate_indexes,[],[],[],tuple,tuple,tuple,true,true,true
error_exact8_codes,STAGE_ORCHESTRATION_CANDIDATE_INPUT_INVARIANT_INVALID,action_permission_granted,false,false,false,bool,bool,bool,true,true,true
error_exact8_codes,STAGE_ORCHESTRATION_CANDIDATE_INPUT_INVARIANT_INVALID,download_action_invoked,false,false,false,bool,bool,bool,true,true,true
error_exact8_codes,STAGE_ORCHESTRATION_CANDIDATE_INPUT_INVARIANT_INVALID,call_site_io_used,false,false,false,bool,bool,bool,true,true,true
error_exact8_codes,STAGE_ORCHESTRATION_BATCH_CONTEXT_INVALID,schema_version,covapie_bulk_download_stage_orchestration_call_site_decision_v1,covapie_bulk_download_stage_orchestration_call_site_decision_v1,covapie_bulk_download_stage_orchestration_call_site_decision_v1,str,str,str,true,true,true
error_exact8_codes,STAGE_ORCHESTRATION_BATCH_CONTEXT_INVALID,outcome,invalid,invalid,invalid,str,str,str,true,true,true
error_exact8_codes,STAGE_ORCHESTRATION_BATCH_CONTEXT_INVALID,passed,false,false,false,bool,bool,bool,true,true,true
error_exact8_codes,STAGE_ORCHESTRATION_BATCH_CONTEXT_INVALID,blocks_download,true,true,true,bool,bool,bool,true,true,true
error_exact8_codes,STAGE_ORCHESTRATION_BATCH_CONTEXT_INVALID,reason,BULK_DOWNLOAD_ORCHESTRATION_ERROR_FAIL_CLOSED,BULK_DOWNLOAD_ORCHESTRATION_ERROR_FAIL_CLOSED,BULK_DOWNLOAD_ORCHESTRATION_ERROR_FAIL_CLOSED,str,str,str,true,true,true
error_exact8_codes,STAGE_ORCHESTRATION_BATCH_CONTEXT_INVALID,source_kind,orchestration_error,orchestration_error,orchestration_error,str,str,str,true,true,true
error_exact8_codes,STAGE_ORCHESTRATION_BATCH_CONTEXT_INVALID,source_scope_id,download_execution_permission,download_execution_permission,download_execution_permission,str,str,str,true,true,true
error_exact8_codes,STAGE_ORCHESTRATION_BATCH_CONTEXT_INVALID,source_error_code,STAGE_ORCHESTRATION_BATCH_CONTEXT_INVALID,STAGE_ORCHESTRATION_BATCH_CONTEXT_INVALID,STAGE_ORCHESTRATION_BATCH_CONTEXT_INVALID,str,str,str,true,true,true
error_exact8_codes,STAGE_ORCHESTRATION_BATCH_CONTEXT_INVALID,candidate_count,0,0,0,int,int,int,true,true,true
error_exact8_codes,STAGE_ORCHESTRATION_BATCH_CONTEXT_INVALID,invalid_candidate_indexes,[],[],[],tuple,tuple,tuple,true,true,true
error_exact8_codes,STAGE_ORCHESTRATION_BATCH_CONTEXT_INVALID,blocked_candidate_indexes,[],[],[],tuple,tuple,tuple,true,true,true
error_exact8_codes,STAGE_ORCHESTRATION_BATCH_CONTEXT_INVALID,failing_candidate_indexes,[],[],[],tuple,tuple,tuple,true,true,true
error_exact8_codes,STAGE_ORCHESTRATION_BATCH_CONTEXT_INVALID,action_permission_granted,false,false,false,bool,bool,bool,true,true,true
error_exact8_codes,STAGE_ORCHESTRATION_BATCH_CONTEXT_INVALID,download_action_invoked,false,false,false,bool,bool,bool,true,true,true
error_exact8_codes,STAGE_ORCHESTRATION_BATCH_CONTEXT_INVALID,call_site_io_used,false,false,false,bool,bool,bool,true,true,true
error_exact8_codes,STAGE_ORCHESTRATION_STAGE_AUTHORIZATION_CONTEXT_INVALID,schema_version,covapie_bulk_download_stage_orchestration_call_site_decision_v1,covapie_bulk_download_stage_orchestration_call_site_decision_v1,covapie_bulk_download_stage_orchestration_call_site_decision_v1,str,str,str,true,true,true
error_exact8_codes,STAGE_ORCHESTRATION_STAGE_AUTHORIZATION_CONTEXT_INVALID,outcome,invalid,invalid,invalid,str,str,str,true,true,true
error_exact8_codes,STAGE_ORCHESTRATION_STAGE_AUTHORIZATION_CONTEXT_INVALID,passed,false,false,false,bool,bool,bool,true,true,true
error_exact8_codes,STAGE_ORCHESTRATION_STAGE_AUTHORIZATION_CONTEXT_INVALID,blocks_download,true,true,true,bool,bool,bool,true,true,true
error_exact8_codes,STAGE_ORCHESTRATION_STAGE_AUTHORIZATION_CONTEXT_INVALID,reason,BULK_DOWNLOAD_ORCHESTRATION_ERROR_FAIL_CLOSED,BULK_DOWNLOAD_ORCHESTRATION_ERROR_FAIL_CLOSED,BULK_DOWNLOAD_ORCHESTRATION_ERROR_FAIL_CLOSED,str,str,str,true,true,true
error_exact8_codes,STAGE_ORCHESTRATION_STAGE_AUTHORIZATION_CONTEXT_INVALID,source_kind,orchestration_error,orchestration_error,orchestration_error,str,str,str,true,true,true
error_exact8_codes,STAGE_ORCHESTRATION_STAGE_AUTHORIZATION_CONTEXT_INVALID,source_scope_id,download_execution_permission,download_execution_permission,download_execution_permission,str,str,str,true,true,true
error_exact8_codes,STAGE_ORCHESTRATION_STAGE_AUTHORIZATION_CONTEXT_INVALID,source_error_code,STAGE_ORCHESTRATION_STAGE_AUTHORIZATION_CONTEXT_INVALID,STAGE_ORCHESTRATION_STAGE_AUTHORIZATION_CONTEXT_INVALID,STAGE_ORCHESTRATION_STAGE_AUTHORIZATION_CONTEXT_INVALID,str,str,str,true,true,true
error_exact8_codes,STAGE_ORCHESTRATION_STAGE_AUTHORIZATION_CONTEXT_INVALID,candidate_count,0,0,0,int,int,int,true,true,true
error_exact8_codes,STAGE_ORCHESTRATION_STAGE_AUTHORIZATION_CONTEXT_INVALID,invalid_candidate_indexes,[],[],[],tuple,tuple,tuple,true,true,true
error_exact8_codes,STAGE_ORCHESTRATION_STAGE_AUTHORIZATION_CONTEXT_INVALID,blocked_candidate_indexes,[],[],[],tuple,tuple,tuple,true,true,true
error_exact8_codes,STAGE_ORCHESTRATION_STAGE_AUTHORIZATION_CONTEXT_INVALID,failing_candidate_indexes,[],[],[],tuple,tuple,tuple,true,true,true
error_exact8_codes,STAGE_ORCHESTRATION_STAGE_AUTHORIZATION_CONTEXT_INVALID,action_permission_granted,false,false,false,bool,bool,bool,true,true,true
error_exact8_codes,STAGE_ORCHESTRATION_STAGE_AUTHORIZATION_CONTEXT_INVALID,download_action_invoked,false,false,false,bool,bool,bool,true,true,true
error_exact8_codes,STAGE_ORCHESTRATION_STAGE_AUTHORIZATION_CONTEXT_INVALID,call_site_io_used,false,false,false,bool,bool,bool,true,true,true
error_exact8_codes,STAGE_ORCHESTRATION_DISPATCH_ERROR,schema_version,covapie_bulk_download_stage_orchestration_call_site_decision_v1,covapie_bulk_download_stage_orchestration_call_site_decision_v1,covapie_bulk_download_stage_orchestration_call_site_decision_v1,str,str,str,true,true,true
error_exact8_codes,STAGE_ORCHESTRATION_DISPATCH_ERROR,outcome,invalid,invalid,invalid,str,str,str,true,true,true
error_exact8_codes,STAGE_ORCHESTRATION_DISPATCH_ERROR,passed,false,false,false,bool,bool,bool,true,true,true
error_exact8_codes,STAGE_ORCHESTRATION_DISPATCH_ERROR,blocks_download,true,true,true,bool,bool,bool,true,true,true
error_exact8_codes,STAGE_ORCHESTRATION_DISPATCH_ERROR,reason,BULK_DOWNLOAD_ORCHESTRATION_ERROR_FAIL_CLOSED,BULK_DOWNLOAD_ORCHESTRATION_ERROR_FAIL_CLOSED,BULK_DOWNLOAD_ORCHESTRATION_ERROR_FAIL_CLOSED,str,str,str,true,true,true
error_exact8_codes,STAGE_ORCHESTRATION_DISPATCH_ERROR,source_kind,orchestration_error,orchestration_error,orchestration_error,str,str,str,true,true,true
error_exact8_codes,STAGE_ORCHESTRATION_DISPATCH_ERROR,source_scope_id,download_execution_permission,download_execution_permission,download_execution_permission,str,str,str,true,true,true
error_exact8_codes,STAGE_ORCHESTRATION_DISPATCH_ERROR,source_error_code,STAGE_ORCHESTRATION_DISPATCH_ERROR,STAGE_ORCHESTRATION_DISPATCH_ERROR,STAGE_ORCHESTRATION_DISPATCH_ERROR,str,str,str,true,true,true
error_exact8_codes,STAGE_ORCHESTRATION_DISPATCH_ERROR,candidate_count,0,0,0,int,int,int,true,true,true
error_exact8_codes,STAGE_ORCHESTRATION_DISPATCH_ERROR,invalid_candidate_indexes,[],[],[],tuple,tuple,tuple,true,true,true
error_exact8_codes,STAGE_ORCHESTRATION_DISPATCH_ERROR,blocked_candidate_indexes,[],[],[],tuple,tuple,tuple,true,true,true
error_exact8_codes,STAGE_ORCHESTRATION_DISPATCH_ERROR,failing_candidate_indexes,[],[],[],tuple,tuple,tuple,true,true,true
error_exact8_codes,STAGE_ORCHESTRATION_DISPATCH_ERROR,action_permission_granted,false,false,false,bool,bool,bool,true,true,true
error_exact8_codes,STAGE_ORCHESTRATION_DISPATCH_ERROR,download_action_invoked,false,false,false,bool,bool,bool,true,true,true
error_exact8_codes,STAGE_ORCHESTRATION_DISPATCH_ERROR,call_site_io_used,false,false,false,bool,bool,bool,true,true,true
error_exact8_codes,STAGE_ORCHESTRATION_RULE_RESULT_INVARIANT_INVALID,schema_version,covapie_bulk_download_stage_orchestration_call_site_decision_v1,covapie_bulk_download_stage_orchestration_call_site_decision_v1,covapie_bulk_download_stage_orchestration_call_site_decision_v1,str,str,str,true,true,true
error_exact8_codes,STAGE_ORCHESTRATION_RULE_RESULT_INVARIANT_INVALID,outcome,invalid,invalid,invalid,str,str,str,true,true,true
error_exact8_codes,STAGE_ORCHESTRATION_RULE_RESULT_INVARIANT_INVALID,passed,false,false,false,bool,bool,bool,true,true,true
error_exact8_codes,STAGE_ORCHESTRATION_RULE_RESULT_INVARIANT_INVALID,blocks_download,true,true,true,bool,bool,bool,true,true,true
error_exact8_codes,STAGE_ORCHESTRATION_RULE_RESULT_INVARIANT_INVALID,reason,BULK_DOWNLOAD_ORCHESTRATION_ERROR_FAIL_CLOSED,BULK_DOWNLOAD_ORCHESTRATION_ERROR_FAIL_CLOSED,BULK_DOWNLOAD_ORCHESTRATION_ERROR_FAIL_CLOSED,str,str,str,true,true,true
error_exact8_codes,STAGE_ORCHESTRATION_RULE_RESULT_INVARIANT_INVALID,source_kind,orchestration_error,orchestration_error,orchestration_error,str,str,str,true,true,true
error_exact8_codes,STAGE_ORCHESTRATION_RULE_RESULT_INVARIANT_INVALID,source_scope_id,download_execution_permission,download_execution_permission,download_execution_permission,str,str,str,true,true,true
error_exact8_codes,STAGE_ORCHESTRATION_RULE_RESULT_INVARIANT_INVALID,source_error_code,STAGE_ORCHESTRATION_RULE_RESULT_INVARIANT_INVALID,STAGE_ORCHESTRATION_RULE_RESULT_INVARIANT_INVALID,STAGE_ORCHESTRATION_RULE_RESULT_INVARIANT_INVALID,str,str,str,true,true,true
error_exact8_codes,STAGE_ORCHESTRATION_RULE_RESULT_INVARIANT_INVALID,candidate_count,0,0,0,int,int,int,true,true,true
error_exact8_codes,STAGE_ORCHESTRATION_RULE_RESULT_INVARIANT_INVALID,invalid_candidate_indexes,[],[],[],tuple,tuple,tuple,true,true,true
error_exact8_codes,STAGE_ORCHESTRATION_RULE_RESULT_INVARIANT_INVALID,blocked_candidate_indexes,[],[],[],tuple,tuple,tuple,true,true,true
error_exact8_codes,STAGE_ORCHESTRATION_RULE_RESULT_INVARIANT_INVALID,failing_candidate_indexes,[],[],[],tuple,tuple,tuple,true,true,true
error_exact8_codes,STAGE_ORCHESTRATION_RULE_RESULT_INVARIANT_INVALID,action_permission_granted,false,false,false,bool,bool,bool,true,true,true
error_exact8_codes,STAGE_ORCHESTRATION_RULE_RESULT_INVARIANT_INVALID,download_action_invoked,false,false,false,bool,bool,bool,true,true,true
error_exact8_codes,STAGE_ORCHESTRATION_RULE_RESULT_INVARIANT_INVALID,call_site_io_used,false,false,false,bool,bool,bool,true,true,true
error_exact8_codes,STAGE_ORCHESTRATION_AGGREGATOR_RESULT_INVARIANT_INVALID,schema_version,covapie_bulk_download_stage_orchestration_call_site_decision_v1,covapie_bulk_download_stage_orchestration_call_site_decision_v1,covapie_bulk_download_stage_orchestration_call_site_decision_v1,str,str,str,true,true,true
error_exact8_codes,STAGE_ORCHESTRATION_AGGREGATOR_RESULT_INVARIANT_INVALID,outcome,invalid,invalid,invalid,str,str,str,true,true,true
error_exact8_codes,STAGE_ORCHESTRATION_AGGREGATOR_RESULT_INVARIANT_INVALID,passed,false,false,false,bool,bool,bool,true,true,true
error_exact8_codes,STAGE_ORCHESTRATION_AGGREGATOR_RESULT_INVARIANT_INVALID,blocks_download,true,true,true,bool,bool,bool,true,true,true
error_exact8_codes,STAGE_ORCHESTRATION_AGGREGATOR_RESULT_INVARIANT_INVALID,reason,BULK_DOWNLOAD_ORCHESTRATION_ERROR_FAIL_CLOSED,BULK_DOWNLOAD_ORCHESTRATION_ERROR_FAIL_CLOSED,BULK_DOWNLOAD_ORCHESTRATION_ERROR_FAIL_CLOSED,str,str,str,true,true,true
error_exact8_codes,STAGE_ORCHESTRATION_AGGREGATOR_RESULT_INVARIANT_INVALID,source_kind,orchestration_error,orchestration_error,orchestration_error,str,str,str,true,true,true
error_exact8_codes,STAGE_ORCHESTRATION_AGGREGATOR_RESULT_INVARIANT_INVALID,source_scope_id,download_execution_permission,download_execution_permission,download_execution_permission,str,str,str,true,true,true
error_exact8_codes,STAGE_ORCHESTRATION_AGGREGATOR_RESULT_INVARIANT_INVALID,source_error_code,STAGE_ORCHESTRATION_AGGREGATOR_RESULT_INVARIANT_INVALID,STAGE_ORCHESTRATION_AGGREGATOR_RESULT_INVARIANT_INVALID,STAGE_ORCHESTRATION_AGGREGATOR_RESULT_INVARIANT_INVALID,str,str,str,true,true,true
error_exact8_codes,STAGE_ORCHESTRATION_AGGREGATOR_RESULT_INVARIANT_INVALID,candidate_count,0,0,0,int,int,int,true,true,true
error_exact8_codes,STAGE_ORCHESTRATION_AGGREGATOR_RESULT_INVARIANT_INVALID,invalid_candidate_indexes,[],[],[],tuple,tuple,tuple,true,true,true
error_exact8_codes,STAGE_ORCHESTRATION_AGGREGATOR_RESULT_INVARIANT_INVALID,blocked_candidate_indexes,[],[],[],tuple,tuple,tuple,true,true,true
error_exact8_codes,STAGE_ORCHESTRATION_AGGREGATOR_RESULT_INVARIANT_INVALID,failing_candidate_indexes,[],[],[],tuple,tuple,tuple,true,true,true
error_exact8_codes,STAGE_ORCHESTRATION_AGGREGATOR_RESULT_INVARIANT_INVALID,action_permission_granted,false,false,false,bool,bool,bool,true,true,true
error_exact8_codes,STAGE_ORCHESTRATION_AGGREGATOR_RESULT_INVARIANT_INVALID,download_action_invoked,false,false,false,bool,bool,bool,true,true,true
error_exact8_codes,STAGE_ORCHESTRATION_AGGREGATOR_RESULT_INVARIANT_INVALID,call_site_io_used,false,false,false,bool,bool,bool,true,true,true
stage_result_invariant,schema,schema_version,covapie_bulk_download_stage_orchestration_call_site_decision_v1,covapie_bulk_download_stage_orchestration_call_site_decision_v1,covapie_bulk_download_stage_orchestration_call_site_decision_v1,str,str,str,true,true,true
stage_result_invariant,schema,outcome,invalid,invalid,invalid,str,str,str,true,true,true
stage_result_invariant,schema,passed,false,false,false,bool,bool,bool,true,true,true
stage_result_invariant,schema,blocks_download,true,true,true,bool,bool,bool,true,true,true
stage_result_invariant,schema,reason,BULK_DOWNLOAD_STAGE_RESULT_INVARIANT_INVALID,BULK_DOWNLOAD_STAGE_RESULT_INVARIANT_INVALID,BULK_DOWNLOAD_STAGE_RESULT_INVARIANT_INVALID,str,str,str,true,true,true
stage_result_invariant,schema,source_kind,orchestration_result,orchestration_result,orchestration_result,str,str,str,true,true,true
stage_result_invariant,schema,source_scope_id,,,,str,str,str,true,true,true
stage_result_invariant,schema,source_error_code,,,,str,str,str,true,true,true
stage_result_invariant,schema,candidate_count,0,0,0,int,int,int,true,true,true
stage_result_invariant,schema,invalid_candidate_indexes,[],[],[],tuple,tuple,tuple,true,true,true
stage_result_invariant,schema,blocked_candidate_indexes,[],[],[],tuple,tuple,tuple,true,true,true
stage_result_invariant,schema,failing_candidate_indexes,[],[],[],tuple,tuple,tuple,true,true,true
stage_result_invariant,schema,action_permission_granted,false,false,false,bool,bool,bool,true,true,true
stage_result_invariant,schema,download_action_invoked,false,false,false,bool,bool,bool,true,true,true
stage_result_invariant,schema,call_site_io_used,false,false,false,bool,bool,bool,true,true,true
stage_result_invariant,unknown_scope,schema_version,covapie_bulk_download_stage_orchestration_call_site_decision_v1,covapie_bulk_download_stage_orchestration_call_site_decision_v1,covapie_bulk_download_stage_orchestration_call_site_decision_v1,str,str,str,true,true,true
stage_result_invariant,unknown_scope,outcome,invalid,invalid,invalid,str,str,str,true,true,true
stage_result_invariant,unknown_scope,passed,false,false,false,bool,bool,bool,true,true,true
stage_result_invariant,unknown_scope,blocks_download,true,true,true,bool,bool,bool,true,true,true
stage_result_invariant,unknown_scope,reason,BULK_DOWNLOAD_STAGE_RESULT_INVARIANT_INVALID,BULK_DOWNLOAD_STAGE_RESULT_INVARIANT_INVALID,BULK_DOWNLOAD_STAGE_RESULT_INVARIANT_INVALID,str,str,str,true,true,true
stage_result_invariant,unknown_scope,source_kind,orchestration_result,orchestration_result,orchestration_result,str,str,str,true,true,true
stage_result_invariant,unknown_scope,source_scope_id,,,,str,str,str,true,true,true
stage_result_invariant,unknown_scope,source_error_code,,,,str,str,str,true,true,true
stage_result_invariant,unknown_scope,candidate_count,0,0,0,int,int,int,true,true,true
stage_result_invariant,unknown_scope,invalid_candidate_indexes,[],[],[],tuple,tuple,tuple,true,true,true
stage_result_invariant,unknown_scope,blocked_candidate_indexes,[],[],[],tuple,tuple,tuple,true,true,true
stage_result_invariant,unknown_scope,failing_candidate_indexes,[],[],[],tuple,tuple,tuple,true,true,true
stage_result_invariant,unknown_scope,action_permission_granted,false,false,false,bool,bool,bool,true,true,true
stage_result_invariant,unknown_scope,download_action_invoked,false,false,false,bool,bool,bool,true,true,true
stage_result_invariant,unknown_scope,call_site_io_used,false,false,false,bool,bool,bool,true,true,true
stage_result_invariant,candidate_count_zero,schema_version,covapie_bulk_download_stage_orchestration_call_site_decision_v1,covapie_bulk_download_stage_orchestration_call_site_decision_v1,covapie_bulk_download_stage_orchestration_call_site_decision_v1,str,str,str,true,true,true
stage_result_invariant,candidate_count_zero,outcome,invalid,invalid,invalid,str,str,str,true,true,true
stage_result_invariant,candidate_count_zero,passed,false,false,false,bool,bool,bool,true,true,true
stage_result_invariant,candidate_count_zero,blocks_download,true,true,true,bool,bool,bool,true,true,true
stage_result_invariant,candidate_count_zero,reason,BULK_DOWNLOAD_STAGE_RESULT_INVARIANT_INVALID,BULK_DOWNLOAD_STAGE_RESULT_INVARIANT_INVALID,BULK_DOWNLOAD_STAGE_RESULT_INVARIANT_INVALID,str,str,str,true,true,true
stage_result_invariant,candidate_count_zero,source_kind,orchestration_result,orchestration_result,orchestration_result,str,str,str,true,true,true
stage_result_invariant,candidate_count_zero,source_scope_id,,,,str,str,str,true,true,true
stage_result_invariant,candidate_count_zero,source_error_code,,,,str,str,str,true,true,true
stage_result_invariant,candidate_count_zero,candidate_count,0,0,0,int,int,int,true,true,true
stage_result_invariant,candidate_count_zero,invalid_candidate_indexes,[],[],[],tuple,tuple,tuple,true,true,true
stage_result_invariant,candidate_count_zero,blocked_candidate_indexes,[],[],[],tuple,tuple,tuple,true,true,true
stage_result_invariant,candidate_count_zero,failing_candidate_indexes,[],[],[],tuple,tuple,tuple,true,true,true
stage_result_invariant,candidate_count_zero,action_permission_granted,false,false,false,bool,bool,bool,true,true,true
stage_result_invariant,candidate_count_zero,download_action_invoked,false,false,false,bool,bool,bool,true,true,true
stage_result_invariant,candidate_count_zero,call_site_io_used,false,false,false,bool,bool,bool,true,true,true
stage_result_invariant,candidate_count_bool_as_int,schema_version,covapie_bulk_download_stage_orchestration_call_site_decision_v1,covapie_bulk_download_stage_orchestration_call_site_decision_v1,covapie_bulk_download_stage_orchestration_call_site_decision_v1,str,str,str,true,true,true
stage_result_invariant,candidate_count_bool_as_int,outcome,invalid,invalid,invalid,str,str,str,true,true,true
stage_result_invariant,candidate_count_bool_as_int,passed,false,false,false,bool,bool,bool,true,true,true
stage_result_invariant,candidate_count_bool_as_int,blocks_download,true,true,true,bool,bool,bool,true,true,true
stage_result_invariant,candidate_count_bool_as_int,reason,BULK_DOWNLOAD_STAGE_RESULT_INVARIANT_INVALID,BULK_DOWNLOAD_STAGE_RESULT_INVARIANT_INVALID,BULK_DOWNLOAD_STAGE_RESULT_INVARIANT_INVALID,str,str,str,true,true,true
stage_result_invariant,candidate_count_bool_as_int,source_kind,orchestration_result,orchestration_result,orchestration_result,str,str,str,true,true,true
stage_result_invariant,candidate_count_bool_as_int,source_scope_id,,,,str,str,str,true,true,true
stage_result_invariant,candidate_count_bool_as_int,source_error_code,,,,str,str,str,true,true,true
stage_result_invariant,candidate_count_bool_as_int,candidate_count,0,0,0,int,int,int,true,true,true
stage_result_invariant,candidate_count_bool_as_int,invalid_candidate_indexes,[],[],[],tuple,tuple,tuple,true,true,true
stage_result_invariant,candidate_count_bool_as_int,blocked_candidate_indexes,[],[],[],tuple,tuple,tuple,true,true,true
stage_result_invariant,candidate_count_bool_as_int,failing_candidate_indexes,[],[],[],tuple,tuple,tuple,true,true,true
stage_result_invariant,candidate_count_bool_as_int,action_permission_granted,false,false,false,bool,bool,bool,true,true,true
stage_result_invariant,candidate_count_bool_as_int,download_action_invoked,false,false,false,bool,bool,bool,true,true,true
stage_result_invariant,candidate_count_bool_as_int,call_site_io_used,false,false,false,bool,bool,bool,true,true,true
stage_result_invariant,required_membership,schema_version,covapie_bulk_download_stage_orchestration_call_site_decision_v1,covapie_bulk_download_stage_orchestration_call_site_decision_v1,covapie_bulk_download_stage_orchestration_call_site_decision_v1,str,str,str,true,true,true
stage_result_invariant,required_membership,outcome,invalid,invalid,invalid,str,str,str,true,true,true
stage_result_invariant,required_membership,passed,false,false,false,bool,bool,bool,true,true,true
stage_result_invariant,required_membership,blocks_download,true,true,true,bool,bool,bool,true,true,true
stage_result_invariant,required_membership,reason,BULK_DOWNLOAD_STAGE_RESULT_INVARIANT_INVALID,BULK_DOWNLOAD_STAGE_RESULT_INVARIANT_INVALID,BULK_DOWNLOAD_STAGE_RESULT_INVARIANT_INVALID,str,str,str,true,true,true
stage_result_invariant,required_membership,source_kind,orchestration_result,orchestration_result,orchestration_result,str,str,str,true,true,true
stage_result_invariant,required_membership,source_scope_id,,,,str,str,str,true,true,true
stage_result_invariant,required_membership,source_error_code,,,,str,str,str,true,true,true
stage_result_invariant,required_membership,candidate_count,0,0,0,int,int,int,true,true,true
stage_result_invariant,required_membership,invalid_candidate_indexes,[],[],[],tuple,tuple,tuple,true,true,true
stage_result_invariant,required_membership,blocked_candidate_indexes,[],[],[],tuple,tuple,tuple,true,true,true
stage_result_invariant,required_membership,failing_candidate_indexes,[],[],[],tuple,tuple,tuple,true,true,true
stage_result_invariant,required_membership,action_permission_granted,false,false,false,bool,bool,bool,true,true,true
stage_result_invariant,required_membership,download_action_invoked,false,false,false,bool,bool,bool,true,true,true
stage_result_invariant,required_membership,call_site_io_used,false,false,false,bool,bool,bool,true,true,true
stage_result_invariant,stage_membership,schema_version,covapie_bulk_download_stage_orchestration_call_site_decision_v1,covapie_bulk_download_stage_orchestration_call_site_decision_v1,covapie_bulk_download_stage_orchestration_call_site_decision_v1,str,str,str,true,true,true
stage_result_invariant,stage_membership,outcome,invalid,invalid,invalid,str,str,str,true,true,true
stage_result_invariant,stage_membership,passed,false,false,false,bool,bool,bool,true,true,true
stage_result_invariant,stage_membership,blocks_download,true,true,true,bool,bool,bool,true,true,true
stage_result_invariant,stage_membership,reason,BULK_DOWNLOAD_STAGE_RESULT_INVARIANT_INVALID,BULK_DOWNLOAD_STAGE_RESULT_INVARIANT_INVALID,BULK_DOWNLOAD_STAGE_RESULT_INVARIANT_INVALID,str,str,str,true,true,true
stage_result_invariant,stage_membership,source_kind,orchestration_result,orchestration_result,orchestration_result,str,str,str,true,true,true
stage_result_invariant,stage_membership,source_scope_id,,,,str,str,str,true,true,true
stage_result_invariant,stage_membership,source_error_code,,,,str,str,str,true,true,true
stage_result_invariant,stage_membership,candidate_count,0,0,0,int,int,int,true,true,true
stage_result_invariant,stage_membership,invalid_candidate_indexes,[],[],[],tuple,tuple,tuple,true,true,true
stage_result_invariant,stage_membership,blocked_candidate_indexes,[],[],[],tuple,tuple,tuple,true,true,true
stage_result_invariant,stage_membership,failing_candidate_indexes,[],[],[],tuple,tuple,tuple,true,true,true
stage_result_invariant,stage_membership,action_permission_granted,false,false,false,bool,bool,bool,true,true,true
stage_result_invariant,stage_membership,download_action_invoked,false,false,false,bool,bool,bool,true,true,true
stage_result_invariant,stage_membership,call_site_io_used,false,false,false,bool,bool,bool,true,true,true
stage_result_invariant,candidate_membership,schema_version,covapie_bulk_download_stage_orchestration_call_site_decision_v1,covapie_bulk_download_stage_orchestration_call_site_decision_v1,covapie_bulk_download_stage_orchestration_call_site_decision_v1,str,str,str,true,true,true
stage_result_invariant,candidate_membership,outcome,invalid,invalid,invalid,str,str,str,true,true,true
stage_result_invariant,candidate_membership,passed,false,false,false,bool,bool,bool,true,true,true
stage_result_invariant,candidate_membership,blocks_download,true,true,true,bool,bool,bool,true,true,true
stage_result_invariant,candidate_membership,reason,BULK_DOWNLOAD_STAGE_RESULT_INVARIANT_INVALID,BULK_DOWNLOAD_STAGE_RESULT_INVARIANT_INVALID,BULK_DOWNLOAD_STAGE_RESULT_INVARIANT_INVALID,str,str,str,true,true,true
stage_result_invariant,candidate_membership,source_kind,orchestration_result,orchestration_result,orchestration_result,str,str,str,true,true,true
stage_result_invariant,candidate_membership,source_scope_id,,,,str,str,str,true,true,true
stage_result_invariant,candidate_membership,source_error_code,,,,str,str,str,true,true,true
stage_result_invariant,candidate_membership,candidate_count,0,0,0,int,int,int,true,true,true
stage_result_invariant,candidate_membership,invalid_candidate_indexes,[],[],[],tuple,tuple,tuple,true,true,true
stage_result_invariant,candidate_membership,blocked_candidate_indexes,[],[],[],tuple,tuple,tuple,true,true,true
stage_result_invariant,candidate_membership,failing_candidate_indexes,[],[],[],tuple,tuple,tuple,true,true,true
stage_result_invariant,candidate_membership,action_permission_granted,false,false,false,bool,bool,bool,true,true,true
stage_result_invariant,candidate_membership,download_action_invoked,false,false,false,bool,bool,bool,true,true,true
stage_result_invariant,candidate_membership,call_site_io_used,false,false,false,bool,bool,bool,true,true,true
stage_result_invariant,stage_result_tuple_subclass,schema_version,covapie_bulk_download_stage_orchestration_call_site_decision_v1,covapie_bulk_download_stage_orchestration_call_site_decision_v1,covapie_bulk_download_stage_orchestration_call_site_decision_v1,str,str,str,true,true,true
stage_result_invariant,stage_result_tuple_subclass,outcome,invalid,invalid,invalid,str,str,str,true,true,true
stage_result_invariant,stage_result_tuple_subclass,passed,false,false,false,bool,bool,bool,true,true,true
stage_result_invariant,stage_result_tuple_subclass,blocks_download,true,true,true,bool,bool,bool,true,true,true
stage_result_invariant,stage_result_tuple_subclass,reason,BULK_DOWNLOAD_STAGE_RESULT_INVARIANT_INVALID,BULK_DOWNLOAD_STAGE_RESULT_INVARIANT_INVALID,BULK_DOWNLOAD_STAGE_RESULT_INVARIANT_INVALID,str,str,str,true,true,true
stage_result_invariant,stage_result_tuple_subclass,source_kind,orchestration_result,orchestration_result,orchestration_result,str,str,str,true,true,true
stage_result_invariant,stage_result_tuple_subclass,source_scope_id,,,,str,str,str,true,true,true
stage_result_invariant,stage_result_tuple_subclass,source_error_code,,,,str,str,str,true,true,true
stage_result_invariant,stage_result_tuple_subclass,candidate_count,0,0,0,int,int,int,true,true,true
stage_result_invariant,stage_result_tuple_subclass,invalid_candidate_indexes,[],[],[],tuple,tuple,tuple,true,true,true
stage_result_invariant,stage_result_tuple_subclass,blocked_candidate_indexes,[],[],[],tuple,tuple,tuple,true,true,true
stage_result_invariant,stage_result_tuple_subclass,failing_candidate_indexes,[],[],[],tuple,tuple,tuple,true,true,true
stage_result_invariant,stage_result_tuple_subclass,action_permission_granted,false,false,false,bool,bool,bool,true,true,true
stage_result_invariant,stage_result_tuple_subclass,download_action_invoked,false,false,false,bool,bool,bool,true,true,true
stage_result_invariant,stage_result_tuple_subclass,call_site_io_used,false,false,false,bool,bool,bool,true,true,true
stage_result_invariant,candidate_result_tuple_subclass,schema_version,covapie_bulk_download_stage_orchestration_call_site_decision_v1,covapie_bulk_download_stage_orchestration_call_site_decision_v1,covapie_bulk_download_stage_orchestration_call_site_decision_v1,str,str,str,true,true,true
stage_result_invariant,candidate_result_tuple_subclass,outcome,invalid,invalid,invalid,str,str,str,true,true,true
stage_result_invariant,candidate_result_tuple_subclass,passed,false,false,false,bool,bool,bool,true,true,true
stage_result_invariant,candidate_result_tuple_subclass,blocks_download,true,true,true,bool,bool,bool,true,true,true
stage_result_invariant,candidate_result_tuple_subclass,reason,BULK_DOWNLOAD_STAGE_RESULT_INVARIANT_INVALID,BULK_DOWNLOAD_STAGE_RESULT_INVARIANT_INVALID,BULK_DOWNLOAD_STAGE_RESULT_INVARIANT_INVALID,str,str,str,true,true,true
stage_result_invariant,candidate_result_tuple_subclass,source_kind,orchestration_result,orchestration_result,orchestration_result,str,str,str,true,true,true
stage_result_invariant,candidate_result_tuple_subclass,source_scope_id,,,,str,str,str,true,true,true
stage_result_invariant,candidate_result_tuple_subclass,source_error_code,,,,str,str,str,true,true,true
stage_result_invariant,candidate_result_tuple_subclass,candidate_count,0,0,0,int,int,int,true,true,true
stage_result_invariant,candidate_result_tuple_subclass,invalid_candidate_indexes,[],[],[],tuple,tuple,tuple,true,true,true
stage_result_invariant,candidate_result_tuple_subclass,blocked_candidate_indexes,[],[],[],tuple,tuple,tuple,true,true,true
stage_result_invariant,candidate_result_tuple_subclass,failing_candidate_indexes,[],[],[],tuple,tuple,tuple,true,true,true
stage_result_invariant,candidate_result_tuple_subclass,action_permission_granted,false,false,false,bool,bool,bool,true,true,true
stage_result_invariant,candidate_result_tuple_subclass,download_action_invoked,false,false,false,bool,bool,bool,true,true,true
stage_result_invariant,candidate_result_tuple_subclass,call_site_io_used,false,false,false,bool,bool,bool,true,true,true
stage_result_invariant,dispatcher_count,schema_version,covapie_bulk_download_stage_orchestration_call_site_decision_v1,covapie_bulk_download_stage_orchestration_call_site_decision_v1,covapie_bulk_download_stage_orchestration_call_site_decision_v1,str,str,str,true,true,true
stage_result_invariant,dispatcher_count,outcome,invalid,invalid,invalid,str,str,str,true,true,true
stage_result_invariant,dispatcher_count,passed,false,false,false,bool,bool,bool,true,true,true
stage_result_invariant,dispatcher_count,blocks_download,true,true,true,bool,bool,bool,true,true,true
stage_result_invariant,dispatcher_count,reason,BULK_DOWNLOAD_STAGE_RESULT_INVARIANT_INVALID,BULK_DOWNLOAD_STAGE_RESULT_INVARIANT_INVALID,BULK_DOWNLOAD_STAGE_RESULT_INVARIANT_INVALID,str,str,str,true,true,true
stage_result_invariant,dispatcher_count,source_kind,orchestration_result,orchestration_result,orchestration_result,str,str,str,true,true,true
stage_result_invariant,dispatcher_count,source_scope_id,,,,str,str,str,true,true,true
stage_result_invariant,dispatcher_count,source_error_code,,,,str,str,str,true,true,true
stage_result_invariant,dispatcher_count,candidate_count,0,0,0,int,int,int,true,true,true
stage_result_invariant,dispatcher_count,invalid_candidate_indexes,[],[],[],tuple,tuple,tuple,true,true,true
stage_result_invariant,dispatcher_count,blocked_candidate_indexes,[],[],[],tuple,tuple,tuple,true,true,true
stage_result_invariant,dispatcher_count,failing_candidate_indexes,[],[],[],tuple,tuple,tuple,true,true,true
stage_result_invariant,dispatcher_count,action_permission_granted,false,false,false,bool,bool,bool,true,true,true
stage_result_invariant,dispatcher_count,download_action_invoked,false,false,false,bool,bool,bool,true,true,true
stage_result_invariant,dispatcher_count,call_site_io_used,false,false,false,bool,bool,bool,true,true,true
stage_result_invariant,aggregator_count,schema_version,covapie_bulk_download_stage_orchestration_call_site_decision_v1,covapie_bulk_download_stage_orchestration_call_site_decision_v1,covapie_bulk_download_stage_orchestration_call_site_decision_v1,str,str,str,true,true,true
stage_result_invariant,aggregator_count,outcome,invalid,invalid,invalid,str,str,str,true,true,true
stage_result_invariant,aggregator_count,passed,false,false,false,bool,bool,bool,true,true,true
stage_result_invariant,aggregator_count,blocks_download,true,true,true,bool,bool,bool,true,true,true
stage_result_invariant,aggregator_count,reason,BULK_DOWNLOAD_STAGE_RESULT_INVARIANT_INVALID,BULK_DOWNLOAD_STAGE_RESULT_INVARIANT_INVALID,BULK_DOWNLOAD_STAGE_RESULT_INVARIANT_INVALID,str,str,str,true,true,true
stage_result_invariant,aggregator_count,source_kind,orchestration_result,orchestration_result,orchestration_result,str,str,str,true,true,true
stage_result_invariant,aggregator_count,source_scope_id,,,,str,str,str,true,true,true
stage_result_invariant,aggregator_count,source_error_code,,,,str,str,str,true,true,true
stage_result_invariant,aggregator_count,candidate_count,0,0,0,int,int,int,true,true,true
stage_result_invariant,aggregator_count,invalid_candidate_indexes,[],[],[],tuple,tuple,tuple,true,true,true
stage_result_invariant,aggregator_count,blocked_candidate_indexes,[],[],[],tuple,tuple,tuple,true,true,true
stage_result_invariant,aggregator_count,failing_candidate_indexes,[],[],[],tuple,tuple,tuple,true,true,true
stage_result_invariant,aggregator_count,action_permission_granted,false,false,false,bool,bool,bool,true,true,true
stage_result_invariant,aggregator_count,download_action_invoked,false,false,false,bool,bool,bool,true,true,true
stage_result_invariant,aggregator_count,call_site_io_used,false,false,false,bool,bool,bool,true,true,true
stage_result_invariant,io_bool_as_int,schema_version,covapie_bulk_download_stage_orchestration_call_site_decision_v1,covapie_bulk_download_stage_orchestration_call_site_decision_v1,covapie_bulk_download_stage_orchestration_call_site_decision_v1,str,str,str,true,true,true
stage_result_invariant,io_bool_as_int,outcome,invalid,invalid,invalid,str,str,str,true,true,true
stage_result_invariant,io_bool_as_int,passed,false,false,false,bool,bool,bool,true,true,true
stage_result_invariant,io_bool_as_int,blocks_download,true,true,true,bool,bool,bool,true,true,true
stage_result_invariant,io_bool_as_int,reason,BULK_DOWNLOAD_STAGE_RESULT_INVARIANT_INVALID,BULK_DOWNLOAD_STAGE_RESULT_INVARIANT_INVALID,BULK_DOWNLOAD_STAGE_RESULT_INVARIANT_INVALID,str,str,str,true,true,true
stage_result_invariant,io_bool_as_int,source_kind,orchestration_result,orchestration_result,orchestration_result,str,str,str,true,true,true
stage_result_invariant,io_bool_as_int,source_scope_id,,,,str,str,str,true,true,true
stage_result_invariant,io_bool_as_int,source_error_code,,,,str,str,str,true,true,true
stage_result_invariant,io_bool_as_int,candidate_count,0,0,0,int,int,int,true,true,true
stage_result_invariant,io_bool_as_int,invalid_candidate_indexes,[],[],[],tuple,tuple,tuple,true,true,true
stage_result_invariant,io_bool_as_int,blocked_candidate_indexes,[],[],[],tuple,tuple,tuple,true,true,true
stage_result_invariant,io_bool_as_int,failing_candidate_indexes,[],[],[],tuple,tuple,tuple,true,true,true
stage_result_invariant,io_bool_as_int,action_permission_granted,false,false,false,bool,bool,bool,true,true,true
stage_result_invariant,io_bool_as_int,download_action_invoked,false,false,false,bool,bool,bool,true,true,true
stage_result_invariant,io_bool_as_int,call_site_io_used,false,false,false,bool,bool,bool,true,true,true
stage_result_invariant,permission_bool_as_int,schema_version,covapie_bulk_download_stage_orchestration_call_site_decision_v1,covapie_bulk_download_stage_orchestration_call_site_decision_v1,covapie_bulk_download_stage_orchestration_call_site_decision_v1,str,str,str,true,true,true
stage_result_invariant,permission_bool_as_int,outcome,invalid,invalid,invalid,str,str,str,true,true,true
stage_result_invariant,permission_bool_as_int,passed,false,false,false,bool,bool,bool,true,true,true
stage_result_invariant,permission_bool_as_int,blocks_download,true,true,true,bool,bool,bool,true,true,true
stage_result_invariant,permission_bool_as_int,reason,BULK_DOWNLOAD_STAGE_RESULT_INVARIANT_INVALID,BULK_DOWNLOAD_STAGE_RESULT_INVARIANT_INVALID,BULK_DOWNLOAD_STAGE_RESULT_INVARIANT_INVALID,str,str,str,true,true,true
stage_result_invariant,permission_bool_as_int,source_kind,orchestration_result,orchestration_result,orchestration_result,str,str,str,true,true,true
stage_result_invariant,permission_bool_as_int,source_scope_id,,,,str,str,str,true,true,true
stage_result_invariant,permission_bool_as_int,source_error_code,,,,str,str,str,true,true,true
stage_result_invariant,permission_bool_as_int,candidate_count,0,0,0,int,int,int,true,true,true
stage_result_invariant,permission_bool_as_int,invalid_candidate_indexes,[],[],[],tuple,tuple,tuple,true,true,true
stage_result_invariant,permission_bool_as_int,blocked_candidate_indexes,[],[],[],tuple,tuple,tuple,true,true,true
stage_result_invariant,permission_bool_as_int,failing_candidate_indexes,[],[],[],tuple,tuple,tuple,true,true,true
stage_result_invariant,permission_bool_as_int,action_permission_granted,false,false,false,bool,bool,bool,true,true,true
stage_result_invariant,permission_bool_as_int,download_action_invoked,false,false,false,bool,bool,bool,true,true,true
stage_result_invariant,permission_bool_as_int,call_site_io_used,false,false,false,bool,bool,bool,true,true,true
stage_result_invariant,reversed_storage,schema_version,covapie_bulk_download_stage_orchestration_call_site_decision_v1,covapie_bulk_download_stage_orchestration_call_site_decision_v1,covapie_bulk_download_stage_orchestration_call_site_decision_v1,str,str,str,true,true,true
stage_result_invariant,reversed_storage,outcome,invalid,invalid,invalid,str,str,str,true,true,true
stage_result_invariant,reversed_storage,passed,false,false,false,bool,bool,bool,true,true,true
stage_result_invariant,reversed_storage,blocks_download,true,true,true,bool,bool,bool,true,true,true
stage_result_invariant,reversed_storage,reason,BULK_DOWNLOAD_STAGE_RESULT_INVARIANT_INVALID,BULK_DOWNLOAD_STAGE_RESULT_INVARIANT_INVALID,BULK_DOWNLOAD_STAGE_RESULT_INVARIANT_INVALID,str,str,str,true,true,true
stage_result_invariant,reversed_storage,source_kind,orchestration_result,orchestration_result,orchestration_result,str,str,str,true,true,true
stage_result_invariant,reversed_storage,source_scope_id,,,,str,str,str,true,true,true
stage_result_invariant,reversed_storage,source_error_code,,,,str,str,str,true,true,true
stage_result_invariant,reversed_storage,candidate_count,0,0,0,int,int,int,true,true,true
stage_result_invariant,reversed_storage,invalid_candidate_indexes,[],[],[],tuple,tuple,tuple,true,true,true
stage_result_invariant,reversed_storage,blocked_candidate_indexes,[],[],[],tuple,tuple,tuple,true,true,true
stage_result_invariant,reversed_storage,failing_candidate_indexes,[],[],[],tuple,tuple,tuple,true,true,true
stage_result_invariant,reversed_storage,action_permission_granted,false,false,false,bool,bool,bool,true,true,true
stage_result_invariant,reversed_storage,download_action_invoked,false,false,false,bool,bool,bool,true,true,true
stage_result_invariant,reversed_storage,call_site_io_used,false,false,false,bool,bool,bool,true,true,true
stage_result_invariant,reconstruction_mismatch,schema_version,covapie_bulk_download_stage_orchestration_call_site_decision_v1,covapie_bulk_download_stage_orchestration_call_site_decision_v1,covapie_bulk_download_stage_orchestration_call_site_decision_v1,str,str,str,true,true,true
stage_result_invariant,reconstruction_mismatch,outcome,invalid,invalid,invalid,str,str,str,true,true,true
stage_result_invariant,reconstruction_mismatch,passed,false,false,false,bool,bool,bool,true,true,true
stage_result_invariant,reconstruction_mismatch,blocks_download,true,true,true,bool,bool,bool,true,true,true
stage_result_invariant,reconstruction_mismatch,reason,BULK_DOWNLOAD_STAGE_RESULT_INVARIANT_INVALID,BULK_DOWNLOAD_STAGE_RESULT_INVARIANT_INVALID,BULK_DOWNLOAD_STAGE_RESULT_INVARIANT_INVALID,str,str,str,true,true,true
stage_result_invariant,reconstruction_mismatch,source_kind,orchestration_result,orchestration_result,orchestration_result,str,str,str,true,true,true
stage_result_invariant,reconstruction_mismatch,source_scope_id,,,,str,str,str,true,true,true
stage_result_invariant,reconstruction_mismatch,source_error_code,,,,str,str,str,true,true,true
stage_result_invariant,reconstruction_mismatch,candidate_count,0,0,0,int,int,int,true,true,true
stage_result_invariant,reconstruction_mismatch,invalid_candidate_indexes,[],[],[],tuple,tuple,tuple,true,true,true
stage_result_invariant,reconstruction_mismatch,blocked_candidate_indexes,[],[],[],tuple,tuple,tuple,true,true,true
stage_result_invariant,reconstruction_mismatch,failing_candidate_indexes,[],[],[],tuple,tuple,tuple,true,true,true
stage_result_invariant,reconstruction_mismatch,action_permission_granted,false,false,false,bool,bool,bool,true,true,true
stage_result_invariant,reconstruction_mismatch,download_action_invoked,false,false,false,bool,bool,bool,true,true,true
stage_result_invariant,reconstruction_mismatch,call_site_io_used,false,false,false,bool,bool,bool,true,true,true
stage_result_invariant,candidate_reversed_storage,schema_version,covapie_bulk_download_stage_orchestration_call_site_decision_v1,covapie_bulk_download_stage_orchestration_call_site_decision_v1,covapie_bulk_download_stage_orchestration_call_site_decision_v1,str,str,str,true,true,true
stage_result_invariant,candidate_reversed_storage,outcome,invalid,invalid,invalid,str,str,str,true,true,true
stage_result_invariant,candidate_reversed_storage,passed,false,false,false,bool,bool,bool,true,true,true
stage_result_invariant,candidate_reversed_storage,blocks_download,true,true,true,bool,bool,bool,true,true,true
stage_result_invariant,candidate_reversed_storage,reason,BULK_DOWNLOAD_STAGE_RESULT_INVARIANT_INVALID,BULK_DOWNLOAD_STAGE_RESULT_INVARIANT_INVALID,BULK_DOWNLOAD_STAGE_RESULT_INVARIANT_INVALID,str,str,str,true,true,true
stage_result_invariant,candidate_reversed_storage,source_kind,orchestration_result,orchestration_result,orchestration_result,str,str,str,true,true,true
stage_result_invariant,candidate_reversed_storage,source_scope_id,,,,str,str,str,true,true,true
stage_result_invariant,candidate_reversed_storage,source_error_code,,,,str,str,str,true,true,true
stage_result_invariant,candidate_reversed_storage,candidate_count,0,0,0,int,int,int,true,true,true
stage_result_invariant,candidate_reversed_storage,invalid_candidate_indexes,[],[],[],tuple,tuple,tuple,true,true,true
stage_result_invariant,candidate_reversed_storage,blocked_candidate_indexes,[],[],[],tuple,tuple,tuple,true,true,true
stage_result_invariant,candidate_reversed_storage,failing_candidate_indexes,[],[],[],tuple,tuple,tuple,true,true,true
stage_result_invariant,candidate_reversed_storage,action_permission_granted,false,false,false,bool,bool,bool,true,true,true
stage_result_invariant,candidate_reversed_storage,download_action_invoked,false,false,false,bool,bool,bool,true,true,true
stage_result_invariant,candidate_reversed_storage,call_site_io_used,false,false,false,bool,bool,bool,true,true,true
stage_result_invariant,candidate_index_mismatch,schema_version,covapie_bulk_download_stage_orchestration_call_site_decision_v1,covapie_bulk_download_stage_orchestration_call_site_decision_v1,covapie_bulk_download_stage_orchestration_call_site_decision_v1,str,str,str,true,true,true
stage_result_invariant,candidate_index_mismatch,outcome,invalid,invalid,invalid,str,str,str,true,true,true
stage_result_invariant,candidate_index_mismatch,passed,false,false,false,bool,bool,bool,true,true,true
stage_result_invariant,candidate_index_mismatch,blocks_download,true,true,true,bool,bool,bool,true,true,true
stage_result_invariant,candidate_index_mismatch,reason,BULK_DOWNLOAD_STAGE_RESULT_INVARIANT_INVALID,BULK_DOWNLOAD_STAGE_RESULT_INVARIANT_INVALID,BULK_DOWNLOAD_STAGE_RESULT_INVARIANT_INVALID,str,str,str,true,true,true
stage_result_invariant,candidate_index_mismatch,source_kind,orchestration_result,orchestration_result,orchestration_result,str,str,str,true,true,true
stage_result_invariant,candidate_index_mismatch,source_scope_id,,,,str,str,str,true,true,true
stage_result_invariant,candidate_index_mismatch,source_error_code,,,,str,str,str,true,true,true
stage_result_invariant,candidate_index_mismatch,candidate_count,0,0,0,int,int,int,true,true,true
stage_result_invariant,candidate_index_mismatch,invalid_candidate_indexes,[],[],[],tuple,tuple,tuple,true,true,true
stage_result_invariant,candidate_index_mismatch,blocked_candidate_indexes,[],[],[],tuple,tuple,tuple,true,true,true
stage_result_invariant,candidate_index_mismatch,failing_candidate_indexes,[],[],[],tuple,tuple,tuple,true,true,true
stage_result_invariant,candidate_index_mismatch,action_permission_granted,false,false,false,bool,bool,bool,true,true,true
stage_result_invariant,candidate_index_mismatch,download_action_invoked,false,false,false,bool,bool,bool,true,true,true
stage_result_invariant,candidate_index_mismatch,call_site_io_used,false,false,false,bool,bool,bool,true,true,true
stage_result_invariant,candidate_dispatcher_count,schema_version,covapie_bulk_download_stage_orchestration_call_site_decision_v1,covapie_bulk_download_stage_orchestration_call_site_decision_v1,covapie_bulk_download_stage_orchestration_call_site_decision_v1,str,str,str,true,true,true
stage_result_invariant,candidate_dispatcher_count,outcome,invalid,invalid,invalid,str,str,str,true,true,true
stage_result_invariant,candidate_dispatcher_count,passed,false,false,false,bool,bool,bool,true,true,true
stage_result_invariant,candidate_dispatcher_count,blocks_download,true,true,true,bool,bool,bool,true,true,true
stage_result_invariant,candidate_dispatcher_count,reason,BULK_DOWNLOAD_STAGE_RESULT_INVARIANT_INVALID,BULK_DOWNLOAD_STAGE_RESULT_INVARIANT_INVALID,BULK_DOWNLOAD_STAGE_RESULT_INVARIANT_INVALID,str,str,str,true,true,true
stage_result_invariant,candidate_dispatcher_count,source_kind,orchestration_result,orchestration_result,orchestration_result,str,str,str,true,true,true
stage_result_invariant,candidate_dispatcher_count,source_scope_id,,,,str,str,str,true,true,true
stage_result_invariant,candidate_dispatcher_count,source_error_code,,,,str,str,str,true,true,true
stage_result_invariant,candidate_dispatcher_count,candidate_count,0,0,0,int,int,int,true,true,true
stage_result_invariant,candidate_dispatcher_count,invalid_candidate_indexes,[],[],[],tuple,tuple,tuple,true,true,true
stage_result_invariant,candidate_dispatcher_count,blocked_candidate_indexes,[],[],[],tuple,tuple,tuple,true,true,true
stage_result_invariant,candidate_dispatcher_count,failing_candidate_indexes,[],[],[],tuple,tuple,tuple,true,true,true
stage_result_invariant,candidate_dispatcher_count,action_permission_granted,false,false,false,bool,bool,bool,true,true,true
stage_result_invariant,candidate_dispatcher_count,download_action_invoked,false,false,false,bool,bool,bool,true,true,true
stage_result_invariant,candidate_dispatcher_count,call_site_io_used,false,false,false,bool,bool,bool,true,true,true
stage_result_invariant,candidate_aggregator_count,schema_version,covapie_bulk_download_stage_orchestration_call_site_decision_v1,covapie_bulk_download_stage_orchestration_call_site_decision_v1,covapie_bulk_download_stage_orchestration_call_site_decision_v1,str,str,str,true,true,true
stage_result_invariant,candidate_aggregator_count,outcome,invalid,invalid,invalid,str,str,str,true,true,true
stage_result_invariant,candidate_aggregator_count,passed,false,false,false,bool,bool,bool,true,true,true
stage_result_invariant,candidate_aggregator_count,blocks_download,true,true,true,bool,bool,bool,true,true,true
stage_result_invariant,candidate_aggregator_count,reason,BULK_DOWNLOAD_STAGE_RESULT_INVARIANT_INVALID,BULK_DOWNLOAD_STAGE_RESULT_INVARIANT_INVALID,BULK_DOWNLOAD_STAGE_RESULT_INVARIANT_INVALID,str,str,str,true,true,true
stage_result_invariant,candidate_aggregator_count,source_kind,orchestration_result,orchestration_result,orchestration_result,str,str,str,true,true,true
stage_result_invariant,candidate_aggregator_count,source_scope_id,,,,str,str,str,true,true,true
stage_result_invariant,candidate_aggregator_count,source_error_code,,,,str,str,str,true,true,true
stage_result_invariant,candidate_aggregator_count,candidate_count,0,0,0,int,int,int,true,true,true
stage_result_invariant,candidate_aggregator_count,invalid_candidate_indexes,[],[],[],tuple,tuple,tuple,true,true,true
stage_result_invariant,candidate_aggregator_count,blocked_candidate_indexes,[],[],[],tuple,tuple,tuple,true,true,true
stage_result_invariant,candidate_aggregator_count,failing_candidate_indexes,[],[],[],tuple,tuple,tuple,true,true,true
stage_result_invariant,candidate_aggregator_count,action_permission_granted,false,false,false,bool,bool,bool,true,true,true
stage_result_invariant,candidate_aggregator_count,download_action_invoked,false,false,false,bool,bool,bool,true,true,true
stage_result_invariant,candidate_aggregator_count,call_site_io_used,false,false,false,bool,bool,bool,true,true,true
stage_result_invariant,unified_rule_invariant_mutation,schema_version,covapie_bulk_download_stage_orchestration_call_site_decision_v1,covapie_bulk_download_stage_orchestration_call_site_decision_v1,covapie_bulk_download_stage_orchestration_call_site_decision_v1,str,str,str,true,true,true
stage_result_invariant,unified_rule_invariant_mutation,outcome,invalid,invalid,invalid,str,str,str,true,true,true
stage_result_invariant,unified_rule_invariant_mutation,passed,false,false,false,bool,bool,bool,true,true,true
stage_result_invariant,unified_rule_invariant_mutation,blocks_download,true,true,true,bool,bool,bool,true,true,true
stage_result_invariant,unified_rule_invariant_mutation,reason,BULK_DOWNLOAD_STAGE_RESULT_INVARIANT_INVALID,BULK_DOWNLOAD_STAGE_RESULT_INVARIANT_INVALID,BULK_DOWNLOAD_STAGE_RESULT_INVARIANT_INVALID,str,str,str,true,true,true
stage_result_invariant,unified_rule_invariant_mutation,source_kind,orchestration_result,orchestration_result,orchestration_result,str,str,str,true,true,true
stage_result_invariant,unified_rule_invariant_mutation,source_scope_id,,,,str,str,str,true,true,true
stage_result_invariant,unified_rule_invariant_mutation,source_error_code,,,,str,str,str,true,true,true
stage_result_invariant,unified_rule_invariant_mutation,candidate_count,0,0,0,int,int,int,true,true,true
stage_result_invariant,unified_rule_invariant_mutation,invalid_candidate_indexes,[],[],[],tuple,tuple,tuple,true,true,true
stage_result_invariant,unified_rule_invariant_mutation,blocked_candidate_indexes,[],[],[],tuple,tuple,tuple,true,true,true
stage_result_invariant,unified_rule_invariant_mutation,failing_candidate_indexes,[],[],[],tuple,tuple,tuple,true,true,true
stage_result_invariant,unified_rule_invariant_mutation,action_permission_granted,false,false,false,bool,bool,bool,true,true,true
stage_result_invariant,unified_rule_invariant_mutation,download_action_invoked,false,false,false,bool,bool,bool,true,true,true
stage_result_invariant,unified_rule_invariant_mutation,call_site_io_used,false,false,false,bool,bool,bool,true,true,true
scope,download_execution_permission,schema_version,covapie_bulk_download_stage_orchestration_call_site_decision_v1,covapie_bulk_download_stage_orchestration_call_site_decision_v1,covapie_bulk_download_stage_orchestration_call_site_decision_v1,str,str,str,true,true,true
scope,download_execution_permission,outcome,blocked,blocked,blocked,str,str,str,true,true,true
scope,download_execution_permission,passed,false,false,false,bool,bool,bool,true,true,true
scope,download_execution_permission,blocks_download,true,true,true,bool,bool,bool,true,true,true
scope,download_execution_permission,reason,BULK_DOWNLOAD_CANDIDATE_VERDICT_BLOCKED,BULK_DOWNLOAD_CANDIDATE_VERDICT_BLOCKED,BULK_DOWNLOAD_CANDIDATE_VERDICT_BLOCKED,str,str,str,true,true,true
scope,download_execution_permission,source_kind,orchestration_result,orchestration_result,orchestration_result,str,str,str,true,true,true
scope,download_execution_permission,source_scope_id,download_execution_permission,download_execution_permission,download_execution_permission,str,str,str,true,true,true
scope,download_execution_permission,source_error_code,,,,str,str,str,true,true,true
scope,download_execution_permission,candidate_count,1,1,1,int,int,int,true,true,true
scope,download_execution_permission,invalid_candidate_indexes,[],[],[],tuple,tuple,tuple,true,true,true
scope,download_execution_permission,blocked_candidate_indexes,[0],[0],[0],tuple,tuple,tuple,true,true,true
scope,download_execution_permission,failing_candidate_indexes,[0],[0],[0],tuple,tuple,tuple,true,true,true
scope,download_execution_permission,action_permission_granted,false,false,false,bool,bool,bool,true,true,true
scope,download_execution_permission,download_action_invoked,false,false,false,bool,bool,bool,true,true,true
scope,download_execution_permission,call_site_io_used,false,false,false,bool,bool,bool,true,true,true
scope,post_download_acceptance_permission,schema_version,covapie_bulk_download_stage_orchestration_call_site_decision_v1,covapie_bulk_download_stage_orchestration_call_site_decision_v1,covapie_bulk_download_stage_orchestration_call_site_decision_v1,str,str,str,true,true,true
scope,post_download_acceptance_permission,outcome,invalid,invalid,invalid,str,str,str,true,true,true
scope,post_download_acceptance_permission,passed,false,false,false,bool,bool,bool,true,true,true
scope,post_download_acceptance_permission,blocks_download,true,true,true,bool,bool,bool,true,true,true
scope,post_download_acceptance_permission,reason,BULK_DOWNLOAD_STAGE_SCOPE_INVALID,BULK_DOWNLOAD_STAGE_SCOPE_INVALID,BULK_DOWNLOAD_STAGE_SCOPE_INVALID,str,str,str,true,true,true
scope,post_download_acceptance_permission,source_kind,orchestration_result,orchestration_result,orchestration_result,str,str,str,true,true,true
scope,post_download_acceptance_permission,source_scope_id,post_download_acceptance_permission,post_download_acceptance_permission,post_download_acceptance_permission,str,str,str,true,true,true
scope,post_download_acceptance_permission,source_error_code,,,,str,str,str,true,true,true
scope,post_download_acceptance_permission,candidate_count,1,1,1,int,int,int,true,true,true
scope,post_download_acceptance_permission,invalid_candidate_indexes,[],[],[],tuple,tuple,tuple,true,true,true
scope,post_download_acceptance_permission,blocked_candidate_indexes,[],[],[],tuple,tuple,tuple,true,true,true
scope,post_download_acceptance_permission,failing_candidate_indexes,[],[],[],tuple,tuple,tuple,true,true,true
scope,post_download_acceptance_permission,action_permission_granted,false,false,false,bool,bool,bool,true,true,true
scope,post_download_acceptance_permission,download_action_invoked,false,false,false,bool,bool,bool,true,true,true
scope,post_download_acceptance_permission,call_site_io_used,false,false,false,bool,bool,bool,true,true,true
scope,pre_final_split_acceptance_permission,schema_version,covapie_bulk_download_stage_orchestration_call_site_decision_v1,covapie_bulk_download_stage_orchestration_call_site_decision_v1,covapie_bulk_download_stage_orchestration_call_site_decision_v1,str,str,str,true,true,true
scope,pre_final_split_acceptance_permission,outcome,invalid,invalid,invalid,str,str,str,true,true,true
scope,pre_final_split_acceptance_permission,passed,false,false,false,bool,bool,bool,true,true,true
scope,pre_final_split_acceptance_permission,blocks_download,true,true,true,bool,bool,bool,true,true,true
scope,pre_final_split_acceptance_permission,reason,BULK_DOWNLOAD_STAGE_SCOPE_INVALID,BULK_DOWNLOAD_STAGE_SCOPE_INVALID,BULK_DOWNLOAD_STAGE_SCOPE_INVALID,str,str,str,true,true,true
scope,pre_final_split_acceptance_permission,source_kind,orchestration_result,orchestration_result,orchestration_result,str,str,str,true,true,true
scope,pre_final_split_acceptance_permission,source_scope_id,pre_final_split_acceptance_permission,pre_final_split_acceptance_permission,pre_final_split_acceptance_permission,str,str,str,true,true,true
scope,pre_final_split_acceptance_permission,source_error_code,,,,str,str,str,true,true,true
scope,pre_final_split_acceptance_permission,candidate_count,1,1,1,int,int,int,true,true,true
scope,pre_final_split_acceptance_permission,invalid_candidate_indexes,[],[],[],tuple,tuple,tuple,true,true,true
scope,pre_final_split_acceptance_permission,blocked_candidate_indexes,[],[],[],tuple,tuple,tuple,true,true,true
scope,pre_final_split_acceptance_permission,failing_candidate_indexes,[],[],[],tuple,tuple,tuple,true,true,true
scope,pre_final_split_acceptance_permission,action_permission_granted,false,false,false,bool,bool,bool,true,true,true
scope,pre_final_split_acceptance_permission,download_action_invoked,false,false,false,bool,bool,bool,true,true,true
scope,pre_final_split_acceptance_permission,call_site_io_used,false,false,false,bool,bool,bool,true,true,true
scope,training_execution_admission_permission,schema_version,covapie_bulk_download_stage_orchestration_call_site_decision_v1,covapie_bulk_download_stage_orchestration_call_site_decision_v1,covapie_bulk_download_stage_orchestration_call_site_decision_v1,str,str,str,true,true,true
scope,training_execution_admission_permission,outcome,invalid,invalid,invalid,str,str,str,true,true,true
scope,training_execution_admission_permission,passed,false,false,false,bool,bool,bool,true,true,true
scope,training_execution_admission_permission,blocks_download,true,true,true,bool,bool,bool,true,true,true
scope,training_execution_admission_permission,reason,BULK_DOWNLOAD_STAGE_SCOPE_INVALID,BULK_DOWNLOAD_STAGE_SCOPE_INVALID,BULK_DOWNLOAD_STAGE_SCOPE_INVALID,str,str,str,true,true,true
scope,training_execution_admission_permission,source_kind,orchestration_result,orchestration_result,orchestration_result,str,str,str,true,true,true
scope,training_execution_admission_permission,source_scope_id,training_execution_admission_permission,training_execution_admission_permission,training_execution_admission_permission,str,str,str,true,true,true
scope,training_execution_admission_permission,source_error_code,,,,str,str,str,true,true,true
scope,training_execution_admission_permission,candidate_count,1,1,1,int,int,int,true,true,true
scope,training_execution_admission_permission,invalid_candidate_indexes,[],[],[],tuple,tuple,tuple,true,true,true
scope,training_execution_admission_permission,blocked_candidate_indexes,[],[],[],tuple,tuple,tuple,true,true,true
scope,training_execution_admission_permission,failing_candidate_indexes,[],[],[],tuple,tuple,tuple,true,true,true
scope,training_execution_admission_permission,action_permission_granted,false,false,false,bool,bool,bool,true,true,true
scope,training_execution_admission_permission,download_action_invoked,false,false,false,bool,bool,bool,true,true,true
scope,training_execution_admission_permission,call_site_io_used,false,false,false,bool,bool,bool,true,true,true
identity,copied_equal_stage_result,schema_version,covapie_bulk_download_stage_orchestration_call_site_decision_v1,covapie_bulk_download_stage_orchestration_call_site_decision_v1,covapie_bulk_download_stage_orchestration_call_site_decision_v1,str,str,str,true,true,true
identity,copied_equal_stage_result,outcome,invalid,invalid,invalid,str,str,str,true,true,true
identity,copied_equal_stage_result,passed,false,false,false,bool,bool,bool,true,true,true
identity,copied_equal_stage_result,blocks_download,true,true,true,bool,bool,bool,true,true,true
identity,copied_equal_stage_result,reason,BULK_DOWNLOAD_STAGE_RESULT_INVARIANT_INVALID,BULK_DOWNLOAD_STAGE_RESULT_INVARIANT_INVALID,BULK_DOWNLOAD_STAGE_RESULT_INVARIANT_INVALID,str,str,str,true,true,true
identity,copied_equal_stage_result,source_kind,orchestration_result,orchestration_result,orchestration_result,str,str,str,true,true,true
identity,copied_equal_stage_result,source_scope_id,,,,str,str,str,true,true,true
identity,copied_equal_stage_result,source_error_code,,,,str,str,str,true,true,true
identity,copied_equal_stage_result,candidate_count,0,0,0,int,int,int,true,true,true
identity,copied_equal_stage_result,invalid_candidate_indexes,[],[],[],tuple,tuple,tuple,true,true,true
identity,copied_equal_stage_result,blocked_candidate_indexes,[],[],[],tuple,tuple,tuple,true,true,true
identity,copied_equal_stage_result,failing_candidate_indexes,[],[],[],tuple,tuple,tuple,true,true,true
identity,copied_equal_stage_result,action_permission_granted,false,false,false,bool,bool,bool,true,true,true
identity,copied_equal_stage_result,download_action_invoked,false,false,false,bool,bool,bool,true,true,true
identity,copied_equal_stage_result,call_site_io_used,false,false,false,bool,bool,bool,true,true,true
identity,copied_equal_retained_vector,schema_version,covapie_bulk_download_stage_orchestration_call_site_decision_v1,covapie_bulk_download_stage_orchestration_call_site_decision_v1,covapie_bulk_download_stage_orchestration_call_site_decision_v1,str,str,str,true,true,true
identity,copied_equal_retained_vector,outcome,invalid,invalid,invalid,str,str,str,true,true,true
identity,copied_equal_retained_vector,passed,false,false,false,bool,bool,bool,true,true,true
identity,copied_equal_retained_vector,blocks_download,true,true,true,bool,bool,bool,true,true,true
identity,copied_equal_retained_vector,reason,BULK_DOWNLOAD_STAGE_RESULT_INVARIANT_INVALID,BULK_DOWNLOAD_STAGE_RESULT_INVARIANT_INVALID,BULK_DOWNLOAD_STAGE_RESULT_INVARIANT_INVALID,str,str,str,true,true,true
identity,copied_equal_retained_vector,source_kind,orchestration_result,orchestration_result,orchestration_result,str,str,str,true,true,true
identity,copied_equal_retained_vector,source_scope_id,,,,str,str,str,true,true,true
identity,copied_equal_retained_vector,source_error_code,,,,str,str,str,true,true,true
identity,copied_equal_retained_vector,candidate_count,0,0,0,int,int,int,true,true,true
identity,copied_equal_retained_vector,invalid_candidate_indexes,[],[],[],tuple,tuple,tuple,true,true,true
identity,copied_equal_retained_vector,blocked_candidate_indexes,[],[],[],tuple,tuple,tuple,true,true,true
identity,copied_equal_retained_vector,failing_candidate_indexes,[],[],[],tuple,tuple,tuple,true,true,true
identity,copied_equal_retained_vector,action_permission_granted,false,false,false,bool,bool,bool,true,true,true
identity,copied_equal_retained_vector,download_action_invoked,false,false,false,bool,bool,bool,true,true,true
identity,copied_equal_retained_vector,call_site_io_used,false,false,false,bool,bool,bool,true,true,true
identity,stage_and_vector_identity_valid,schema_version,covapie_bulk_download_stage_orchestration_call_site_decision_v1,covapie_bulk_download_stage_orchestration_call_site_decision_v1,covapie_bulk_download_stage_orchestration_call_site_decision_v1,str,str,str,true,true,true
identity,stage_and_vector_identity_valid,outcome,blocked,blocked,blocked,str,str,str,true,true,true
identity,stage_and_vector_identity_valid,passed,false,false,false,bool,bool,bool,true,true,true
identity,stage_and_vector_identity_valid,blocks_download,true,true,true,bool,bool,bool,true,true,true
identity,stage_and_vector_identity_valid,reason,BULK_DOWNLOAD_CANDIDATE_VERDICT_BLOCKED,BULK_DOWNLOAD_CANDIDATE_VERDICT_BLOCKED,BULK_DOWNLOAD_CANDIDATE_VERDICT_BLOCKED,str,str,str,true,true,true
identity,stage_and_vector_identity_valid,source_kind,orchestration_result,orchestration_result,orchestration_result,str,str,str,true,true,true
identity,stage_and_vector_identity_valid,source_scope_id,download_execution_permission,download_execution_permission,download_execution_permission,str,str,str,true,true,true
identity,stage_and_vector_identity_valid,source_error_code,,,,str,str,str,true,true,true
identity,stage_and_vector_identity_valid,candidate_count,1,1,1,int,int,int,true,true,true
identity,stage_and_vector_identity_valid,invalid_candidate_indexes,[],[],[],tuple,tuple,tuple,true,true,true
identity,stage_and_vector_identity_valid,blocked_candidate_indexes,[0],[0],[0],tuple,tuple,tuple,true,true,true
identity,stage_and_vector_identity_valid,failing_candidate_indexes,[0],[0],[0],tuple,tuple,tuple,true,true,true
identity,stage_and_vector_identity_valid,action_permission_granted,false,false,false,bool,bool,bool,true,true,true
identity,stage_and_vector_identity_valid,download_action_invoked,false,false,false,bool,bool,bool,true,true,true
identity,stage_and_vector_identity_valid,call_site_io_used,false,false,false,bool,bool,bool,true,true,true
identity,rejected_canonical_source_invalid_verdict,schema_version,covapie_bulk_download_stage_orchestration_call_site_decision_v1,covapie_bulk_download_stage_orchestration_call_site_decision_v1,covapie_bulk_download_stage_orchestration_call_site_decision_v1,str,str,str,true,true,true
identity,rejected_canonical_source_invalid_verdict,outcome,invalid,invalid,invalid,str,str,str,true,true,true
identity,rejected_canonical_source_invalid_verdict,passed,false,false,false,bool,bool,bool,true,true,true
identity,rejected_canonical_source_invalid_verdict,blocks_download,true,true,true,bool,bool,bool,true,true,true
identity,rejected_canonical_source_invalid_verdict,reason,BULK_DOWNLOAD_CANDIDATE_VERDICT_INVALID,BULK_DOWNLOAD_CANDIDATE_VERDICT_INVALID,BULK_DOWNLOAD_CANDIDATE_VERDICT_INVALID,str,str,str,true,true,true
identity,rejected_canonical_source_invalid_verdict,source_kind,orchestration_result,orchestration_result,orchestration_result,str,str,str,true,true,true
identity,rejected_canonical_source_invalid_verdict,source_scope_id,download_execution_permission,download_execution_permission,download_execution_permission,str,str,str,true,true,true
identity,rejected_canonical_source_invalid_verdict,source_error_code,,,,str,str,str,true,true,true
identity,rejected_canonical_source_invalid_verdict,candidate_count,1,1,1,int,int,int,true,true,true
identity,rejected_canonical_source_invalid_verdict,invalid_candidate_indexes,[0],[0],[0],tuple,tuple,tuple,true,true,true
identity,rejected_canonical_source_invalid_verdict,blocked_candidate_indexes,[],[],[],tuple,tuple,tuple,true,true,true
identity,rejected_canonical_source_invalid_verdict,failing_candidate_indexes,[0],[0],[0],tuple,tuple,tuple,true,true,true
identity,rejected_canonical_source_invalid_verdict,action_permission_granted,false,false,false,bool,bool,bool,true,true,true
identity,rejected_canonical_source_invalid_verdict,download_action_invoked,false,false,false,bool,bool,bool,true,true,true
identity,rejected_canonical_source_invalid_verdict,call_site_io_used,false,false,false,bool,bool,bool,true,true,true
identity,corrupted_rejected_diagnostics,schema_version,covapie_bulk_download_stage_orchestration_call_site_decision_v1,covapie_bulk_download_stage_orchestration_call_site_decision_v1,covapie_bulk_download_stage_orchestration_call_site_decision_v1,str,str,str,true,true,true
identity,corrupted_rejected_diagnostics,outcome,invalid,invalid,invalid,str,str,str,true,true,true
identity,corrupted_rejected_diagnostics,passed,false,false,false,bool,bool,bool,true,true,true
identity,corrupted_rejected_diagnostics,blocks_download,true,true,true,bool,bool,bool,true,true,true
identity,corrupted_rejected_diagnostics,reason,BULK_DOWNLOAD_STAGE_RESULT_INVARIANT_INVALID,BULK_DOWNLOAD_STAGE_RESULT_INVARIANT_INVALID,BULK_DOWNLOAD_STAGE_RESULT_INVARIANT_INVALID,str,str,str,true,true,true
identity,corrupted_rejected_diagnostics,source_kind,orchestration_result,orchestration_result,orchestration_result,str,str,str,true,true,true
identity,corrupted_rejected_diagnostics,source_scope_id,,,,str,str,str,true,true,true
identity,corrupted_rejected_diagnostics,source_error_code,,,,str,str,str,true,true,true
identity,corrupted_rejected_diagnostics,candidate_count,0,0,0,int,int,int,true,true,true
identity,corrupted_rejected_diagnostics,invalid_candidate_indexes,[],[],[],tuple,tuple,tuple,true,true,true
identity,corrupted_rejected_diagnostics,blocked_candidate_indexes,[],[],[],tuple,tuple,tuple,true,true,true
identity,corrupted_rejected_diagnostics,failing_candidate_indexes,[],[],[],tuple,tuple,tuple,true,true,true
identity,corrupted_rejected_diagnostics,action_permission_granted,false,false,false,bool,bool,bool,true,true,true
identity,corrupted_rejected_diagnostics,download_action_invoked,false,false,false,bool,bool,bool,true,true,true
identity,corrupted_rejected_diagnostics,call_site_io_used,false,false,false,bool,bool,bool,true,true,true
candidate_precedence,all_passed_permission_false,schema_version,covapie_bulk_download_stage_orchestration_call_site_decision_v1,covapie_bulk_download_stage_orchestration_call_site_decision_v1,covapie_bulk_download_stage_orchestration_call_site_decision_v1,str,str,str,true,true,true
candidate_precedence,all_passed_permission_false,outcome,blocked,blocked,blocked,str,str,str,true,true,true
candidate_precedence,all_passed_permission_false,passed,false,false,false,bool,bool,bool,true,true,true
candidate_precedence,all_passed_permission_false,blocks_download,true,true,true,bool,bool,bool,true,true,true
candidate_precedence,all_passed_permission_false,reason,BULK_DOWNLOAD_ACTION_PERMISSION_NOT_GRANTED,BULK_DOWNLOAD_ACTION_PERMISSION_NOT_GRANTED,BULK_DOWNLOAD_ACTION_PERMISSION_NOT_GRANTED,str,str,str,true,true,true
candidate_precedence,all_passed_permission_false,source_kind,orchestration_result,orchestration_result,orchestration_result,str,str,str,true,true,true
candidate_precedence,all_passed_permission_false,source_scope_id,download_execution_permission,download_execution_permission,download_execution_permission,str,str,str,true,true,true
candidate_precedence,all_passed_permission_false,source_error_code,,,,str,str,str,true,true,true
candidate_precedence,all_passed_permission_false,candidate_count,1,1,1,int,int,int,true,true,true
candidate_precedence,all_passed_permission_false,invalid_candidate_indexes,[],[],[],tuple,tuple,tuple,true,true,true
candidate_precedence,all_passed_permission_false,blocked_candidate_indexes,[],[],[],tuple,tuple,tuple,true,true,true
candidate_precedence,all_passed_permission_false,failing_candidate_indexes,[],[],[],tuple,tuple,tuple,true,true,true
candidate_precedence,all_passed_permission_false,action_permission_granted,false,false,false,bool,bool,bool,true,true,true
candidate_precedence,all_passed_permission_false,download_action_invoked,false,false,false,bool,bool,bool,true,true,true
candidate_precedence,all_passed_permission_false,call_site_io_used,false,false,false,bool,bool,bool,true,true,true
candidate_precedence,blocked_first,schema_version,covapie_bulk_download_stage_orchestration_call_site_decision_v1,covapie_bulk_download_stage_orchestration_call_site_decision_v1,covapie_bulk_download_stage_orchestration_call_site_decision_v1,str,str,str,true,true,true
candidate_precedence,blocked_first,outcome,blocked,blocked,blocked,str,str,str,true,true,true
candidate_precedence,blocked_first,passed,false,false,false,bool,bool,bool,true,true,true
candidate_precedence,blocked_first,blocks_download,true,true,true,bool,bool,bool,true,true,true
candidate_precedence,blocked_first,reason,BULK_DOWNLOAD_CANDIDATE_VERDICT_BLOCKED,BULK_DOWNLOAD_CANDIDATE_VERDICT_BLOCKED,BULK_DOWNLOAD_CANDIDATE_VERDICT_BLOCKED,str,str,str,true,true,true
candidate_precedence,blocked_first,source_kind,orchestration_result,orchestration_result,orchestration_result,str,str,str,true,true,true
candidate_precedence,blocked_first,source_scope_id,download_execution_permission,download_execution_permission,download_execution_permission,str,str,str,true,true,true
candidate_precedence,blocked_first,source_error_code,,,,str,str,str,true,true,true
candidate_precedence,blocked_first,candidate_count,3,3,3,int,int,int,true,true,true
candidate_precedence,blocked_first,invalid_candidate_indexes,[],[],[],tuple,tuple,tuple,true,true,true
candidate_precedence,blocked_first,blocked_candidate_indexes,[0],[0],[0],tuple,tuple,tuple,true,true,true
candidate_precedence,blocked_first,failing_candidate_indexes,[0],[0],[0],tuple,tuple,tuple,true,true,true
candidate_precedence,blocked_first,action_permission_granted,false,false,false,bool,bool,bool,true,true,true
candidate_precedence,blocked_first,download_action_invoked,false,false,false,bool,bool,bool,true,true,true
candidate_precedence,blocked_first,call_site_io_used,false,false,false,bool,bool,bool,true,true,true
candidate_precedence,blocked_middle,schema_version,covapie_bulk_download_stage_orchestration_call_site_decision_v1,covapie_bulk_download_stage_orchestration_call_site_decision_v1,covapie_bulk_download_stage_orchestration_call_site_decision_v1,str,str,str,true,true,true
candidate_precedence,blocked_middle,outcome,blocked,blocked,blocked,str,str,str,true,true,true
candidate_precedence,blocked_middle,passed,false,false,false,bool,bool,bool,true,true,true
candidate_precedence,blocked_middle,blocks_download,true,true,true,bool,bool,bool,true,true,true
candidate_precedence,blocked_middle,reason,BULK_DOWNLOAD_CANDIDATE_VERDICT_BLOCKED,BULK_DOWNLOAD_CANDIDATE_VERDICT_BLOCKED,BULK_DOWNLOAD_CANDIDATE_VERDICT_BLOCKED,str,str,str,true,true,true
candidate_precedence,blocked_middle,source_kind,orchestration_result,orchestration_result,orchestration_result,str,str,str,true,true,true
candidate_precedence,blocked_middle,source_scope_id,download_execution_permission,download_execution_permission,download_execution_permission,str,str,str,true,true,true
candidate_precedence,blocked_middle,source_error_code,,,,str,str,str,true,true,true
candidate_precedence,blocked_middle,candidate_count,3,3,3,int,int,int,true,true,true
candidate_precedence,blocked_middle,invalid_candidate_indexes,[],[],[],tuple,tuple,tuple,true,true,true
candidate_precedence,blocked_middle,blocked_candidate_indexes,[1],[1],[1],tuple,tuple,tuple,true,true,true
candidate_precedence,blocked_middle,failing_candidate_indexes,[1],[1],[1],tuple,tuple,tuple,true,true,true
candidate_precedence,blocked_middle,action_permission_granted,false,false,false,bool,bool,bool,true,true,true
candidate_precedence,blocked_middle,download_action_invoked,false,false,false,bool,bool,bool,true,true,true
candidate_precedence,blocked_middle,call_site_io_used,false,false,false,bool,bool,bool,true,true,true
candidate_precedence,blocked_last,schema_version,covapie_bulk_download_stage_orchestration_call_site_decision_v1,covapie_bulk_download_stage_orchestration_call_site_decision_v1,covapie_bulk_download_stage_orchestration_call_site_decision_v1,str,str,str,true,true,true
candidate_precedence,blocked_last,outcome,blocked,blocked,blocked,str,str,str,true,true,true
candidate_precedence,blocked_last,passed,false,false,false,bool,bool,bool,true,true,true
candidate_precedence,blocked_last,blocks_download,true,true,true,bool,bool,bool,true,true,true
candidate_precedence,blocked_last,reason,BULK_DOWNLOAD_CANDIDATE_VERDICT_BLOCKED,BULK_DOWNLOAD_CANDIDATE_VERDICT_BLOCKED,BULK_DOWNLOAD_CANDIDATE_VERDICT_BLOCKED,str,str,str,true,true,true
candidate_precedence,blocked_last,source_kind,orchestration_result,orchestration_result,orchestration_result,str,str,str,true,true,true
candidate_precedence,blocked_last,source_scope_id,download_execution_permission,download_execution_permission,download_execution_permission,str,str,str,true,true,true
candidate_precedence,blocked_last,source_error_code,,,,str,str,str,true,true,true
candidate_precedence,blocked_last,candidate_count,3,3,3,int,int,int,true,true,true
candidate_precedence,blocked_last,invalid_candidate_indexes,[],[],[],tuple,tuple,tuple,true,true,true
candidate_precedence,blocked_last,blocked_candidate_indexes,[2],[2],[2],tuple,tuple,tuple,true,true,true
candidate_precedence,blocked_last,failing_candidate_indexes,[2],[2],[2],tuple,tuple,tuple,true,true,true
candidate_precedence,blocked_last,action_permission_granted,false,false,false,bool,bool,bool,true,true,true
candidate_precedence,blocked_last,download_action_invoked,false,false,false,bool,bool,bool,true,true,true
candidate_precedence,blocked_last,call_site_io_used,false,false,false,bool,bool,bool,true,true,true
candidate_precedence,multiple_blocked,schema_version,covapie_bulk_download_stage_orchestration_call_site_decision_v1,covapie_bulk_download_stage_orchestration_call_site_decision_v1,covapie_bulk_download_stage_orchestration_call_site_decision_v1,str,str,str,true,true,true
candidate_precedence,multiple_blocked,outcome,blocked,blocked,blocked,str,str,str,true,true,true
candidate_precedence,multiple_blocked,passed,false,false,false,bool,bool,bool,true,true,true
candidate_precedence,multiple_blocked,blocks_download,true,true,true,bool,bool,bool,true,true,true
candidate_precedence,multiple_blocked,reason,BULK_DOWNLOAD_CANDIDATE_VERDICT_BLOCKED,BULK_DOWNLOAD_CANDIDATE_VERDICT_BLOCKED,BULK_DOWNLOAD_CANDIDATE_VERDICT_BLOCKED,str,str,str,true,true,true
candidate_precedence,multiple_blocked,source_kind,orchestration_result,orchestration_result,orchestration_result,str,str,str,true,true,true
candidate_precedence,multiple_blocked,source_scope_id,download_execution_permission,download_execution_permission,download_execution_permission,str,str,str,true,true,true
candidate_precedence,multiple_blocked,source_error_code,,,,str,str,str,true,true,true
candidate_precedence,multiple_blocked,candidate_count,3,3,3,int,int,int,true,true,true
candidate_precedence,multiple_blocked,invalid_candidate_indexes,[],[],[],tuple,tuple,tuple,true,true,true
candidate_precedence,multiple_blocked,blocked_candidate_indexes,"[0,2]","[0,2]","[0,2]",tuple,tuple,tuple,true,true,true
candidate_precedence,multiple_blocked,failing_candidate_indexes,"[0,2]","[0,2]","[0,2]",tuple,tuple,tuple,true,true,true
candidate_precedence,multiple_blocked,action_permission_granted,false,false,false,bool,bool,bool,true,true,true
candidate_precedence,multiple_blocked,download_action_invoked,false,false,false,bool,bool,bool,true,true,true
candidate_precedence,multiple_blocked,call_site_io_used,false,false,false,bool,bool,bool,true,true,true
candidate_precedence,invalid_first,schema_version,covapie_bulk_download_stage_orchestration_call_site_decision_v1,covapie_bulk_download_stage_orchestration_call_site_decision_v1,covapie_bulk_download_stage_orchestration_call_site_decision_v1,str,str,str,true,true,true
candidate_precedence,invalid_first,outcome,invalid,invalid,invalid,str,str,str,true,true,true
candidate_precedence,invalid_first,passed,false,false,false,bool,bool,bool,true,true,true
candidate_precedence,invalid_first,blocks_download,true,true,true,bool,bool,bool,true,true,true
candidate_precedence,invalid_first,reason,BULK_DOWNLOAD_CANDIDATE_VERDICT_INVALID,BULK_DOWNLOAD_CANDIDATE_VERDICT_INVALID,BULK_DOWNLOAD_CANDIDATE_VERDICT_INVALID,str,str,str,true,true,true
candidate_precedence,invalid_first,source_kind,orchestration_result,orchestration_result,orchestration_result,str,str,str,true,true,true
candidate_precedence,invalid_first,source_scope_id,download_execution_permission,download_execution_permission,download_execution_permission,str,str,str,true,true,true
candidate_precedence,invalid_first,source_error_code,,,,str,str,str,true,true,true
candidate_precedence,invalid_first,candidate_count,3,3,3,int,int,int,true,true,true
candidate_precedence,invalid_first,invalid_candidate_indexes,[0],[0],[0],tuple,tuple,tuple,true,true,true
candidate_precedence,invalid_first,blocked_candidate_indexes,[],[],[],tuple,tuple,tuple,true,true,true
candidate_precedence,invalid_first,failing_candidate_indexes,[0],[0],[0],tuple,tuple,tuple,true,true,true
candidate_precedence,invalid_first,action_permission_granted,false,false,false,bool,bool,bool,true,true,true
candidate_precedence,invalid_first,download_action_invoked,false,false,false,bool,bool,bool,true,true,true
candidate_precedence,invalid_first,call_site_io_used,false,false,false,bool,bool,bool,true,true,true
candidate_precedence,invalid_middle,schema_version,covapie_bulk_download_stage_orchestration_call_site_decision_v1,covapie_bulk_download_stage_orchestration_call_site_decision_v1,covapie_bulk_download_stage_orchestration_call_site_decision_v1,str,str,str,true,true,true
candidate_precedence,invalid_middle,outcome,invalid,invalid,invalid,str,str,str,true,true,true
candidate_precedence,invalid_middle,passed,false,false,false,bool,bool,bool,true,true,true
candidate_precedence,invalid_middle,blocks_download,true,true,true,bool,bool,bool,true,true,true
candidate_precedence,invalid_middle,reason,BULK_DOWNLOAD_CANDIDATE_VERDICT_INVALID,BULK_DOWNLOAD_CANDIDATE_VERDICT_INVALID,BULK_DOWNLOAD_CANDIDATE_VERDICT_INVALID,str,str,str,true,true,true
candidate_precedence,invalid_middle,source_kind,orchestration_result,orchestration_result,orchestration_result,str,str,str,true,true,true
candidate_precedence,invalid_middle,source_scope_id,download_execution_permission,download_execution_permission,download_execution_permission,str,str,str,true,true,true
candidate_precedence,invalid_middle,source_error_code,,,,str,str,str,true,true,true
candidate_precedence,invalid_middle,candidate_count,3,3,3,int,int,int,true,true,true
candidate_precedence,invalid_middle,invalid_candidate_indexes,[1],[1],[1],tuple,tuple,tuple,true,true,true
candidate_precedence,invalid_middle,blocked_candidate_indexes,[],[],[],tuple,tuple,tuple,true,true,true
candidate_precedence,invalid_middle,failing_candidate_indexes,[1],[1],[1],tuple,tuple,tuple,true,true,true
candidate_precedence,invalid_middle,action_permission_granted,false,false,false,bool,bool,bool,true,true,true
candidate_precedence,invalid_middle,download_action_invoked,false,false,false,bool,bool,bool,true,true,true
candidate_precedence,invalid_middle,call_site_io_used,false,false,false,bool,bool,bool,true,true,true
candidate_precedence,invalid_last,schema_version,covapie_bulk_download_stage_orchestration_call_site_decision_v1,covapie_bulk_download_stage_orchestration_call_site_decision_v1,covapie_bulk_download_stage_orchestration_call_site_decision_v1,str,str,str,true,true,true
candidate_precedence,invalid_last,outcome,invalid,invalid,invalid,str,str,str,true,true,true
candidate_precedence,invalid_last,passed,false,false,false,bool,bool,bool,true,true,true
candidate_precedence,invalid_last,blocks_download,true,true,true,bool,bool,bool,true,true,true
candidate_precedence,invalid_last,reason,BULK_DOWNLOAD_CANDIDATE_VERDICT_INVALID,BULK_DOWNLOAD_CANDIDATE_VERDICT_INVALID,BULK_DOWNLOAD_CANDIDATE_VERDICT_INVALID,str,str,str,true,true,true
candidate_precedence,invalid_last,source_kind,orchestration_result,orchestration_result,orchestration_result,str,str,str,true,true,true
candidate_precedence,invalid_last,source_scope_id,download_execution_permission,download_execution_permission,download_execution_permission,str,str,str,true,true,true
candidate_precedence,invalid_last,source_error_code,,,,str,str,str,true,true,true
candidate_precedence,invalid_last,candidate_count,3,3,3,int,int,int,true,true,true
candidate_precedence,invalid_last,invalid_candidate_indexes,[2],[2],[2],tuple,tuple,tuple,true,true,true
candidate_precedence,invalid_last,blocked_candidate_indexes,[],[],[],tuple,tuple,tuple,true,true,true
candidate_precedence,invalid_last,failing_candidate_indexes,[2],[2],[2],tuple,tuple,tuple,true,true,true
candidate_precedence,invalid_last,action_permission_granted,false,false,false,bool,bool,bool,true,true,true
candidate_precedence,invalid_last,download_action_invoked,false,false,false,bool,bool,bool,true,true,true
candidate_precedence,invalid_last,call_site_io_used,false,false,false,bool,bool,bool,true,true,true
candidate_precedence,multiple_invalid,schema_version,covapie_bulk_download_stage_orchestration_call_site_decision_v1,covapie_bulk_download_stage_orchestration_call_site_decision_v1,covapie_bulk_download_stage_orchestration_call_site_decision_v1,str,str,str,true,true,true
candidate_precedence,multiple_invalid,outcome,invalid,invalid,invalid,str,str,str,true,true,true
candidate_precedence,multiple_invalid,passed,false,false,false,bool,bool,bool,true,true,true
candidate_precedence,multiple_invalid,blocks_download,true,true,true,bool,bool,bool,true,true,true
candidate_precedence,multiple_invalid,reason,BULK_DOWNLOAD_CANDIDATE_VERDICT_INVALID,BULK_DOWNLOAD_CANDIDATE_VERDICT_INVALID,BULK_DOWNLOAD_CANDIDATE_VERDICT_INVALID,str,str,str,true,true,true
candidate_precedence,multiple_invalid,source_kind,orchestration_result,orchestration_result,orchestration_result,str,str,str,true,true,true
candidate_precedence,multiple_invalid,source_scope_id,download_execution_permission,download_execution_permission,download_execution_permission,str,str,str,true,true,true
candidate_precedence,multiple_invalid,source_error_code,,,,str,str,str,true,true,true
candidate_precedence,multiple_invalid,candidate_count,3,3,3,int,int,int,true,true,true
candidate_precedence,multiple_invalid,invalid_candidate_indexes,"[0,2]","[0,2]","[0,2]",tuple,tuple,tuple,true,true,true
candidate_precedence,multiple_invalid,blocked_candidate_indexes,[],[],[],tuple,tuple,tuple,true,true,true
candidate_precedence,multiple_invalid,failing_candidate_indexes,"[0,2]","[0,2]","[0,2]",tuple,tuple,tuple,true,true,true
candidate_precedence,multiple_invalid,action_permission_granted,false,false,false,bool,bool,bool,true,true,true
candidate_precedence,multiple_invalid,download_action_invoked,false,false,false,bool,bool,bool,true,true,true
candidate_precedence,multiple_invalid,call_site_io_used,false,false,false,bool,bool,bool,true,true,true
candidate_precedence,blocked_and_invalid,schema_version,covapie_bulk_download_stage_orchestration_call_site_decision_v1,covapie_bulk_download_stage_orchestration_call_site_decision_v1,covapie_bulk_download_stage_orchestration_call_site_decision_v1,str,str,str,true,true,true
candidate_precedence,blocked_and_invalid,outcome,invalid,invalid,invalid,str,str,str,true,true,true
candidate_precedence,blocked_and_invalid,passed,false,false,false,bool,bool,bool,true,true,true
candidate_precedence,blocked_and_invalid,blocks_download,true,true,true,bool,bool,bool,true,true,true
candidate_precedence,blocked_and_invalid,reason,BULK_DOWNLOAD_CANDIDATE_VERDICT_INVALID,BULK_DOWNLOAD_CANDIDATE_VERDICT_INVALID,BULK_DOWNLOAD_CANDIDATE_VERDICT_INVALID,str,str,str,true,true,true
candidate_precedence,blocked_and_invalid,source_kind,orchestration_result,orchestration_result,orchestration_result,str,str,str,true,true,true
candidate_precedence,blocked_and_invalid,source_scope_id,download_execution_permission,download_execution_permission,download_execution_permission,str,str,str,true,true,true
candidate_precedence,blocked_and_invalid,source_error_code,,,,str,str,str,true,true,true
candidate_precedence,blocked_and_invalid,candidate_count,2,2,2,int,int,int,true,true,true
candidate_precedence,blocked_and_invalid,invalid_candidate_indexes,[1],[1],[1],tuple,tuple,tuple,true,true,true
candidate_precedence,blocked_and_invalid,blocked_candidate_indexes,[0],[0],[0],tuple,tuple,tuple,true,true,true
candidate_precedence,blocked_and_invalid,failing_candidate_indexes,"[0,1]","[0,1]","[0,1]",tuple,tuple,tuple,true,true,true
candidate_precedence,blocked_and_invalid,action_permission_granted,false,false,false,bool,bool,bool,true,true,true
candidate_precedence,blocked_and_invalid,download_action_invoked,false,false,false,bool,bool,bool,true,true,true
candidate_precedence,blocked_and_invalid,call_site_io_used,false,false,false,bool,bool,bool,true,true,true
candidate_precedence,invalid_and_blocked,schema_version,covapie_bulk_download_stage_orchestration_call_site_decision_v1,covapie_bulk_download_stage_orchestration_call_site_decision_v1,covapie_bulk_download_stage_orchestration_call_site_decision_v1,str,str,str,true,true,true
candidate_precedence,invalid_and_blocked,outcome,invalid,invalid,invalid,str,str,str,true,true,true
candidate_precedence,invalid_and_blocked,passed,false,false,false,bool,bool,bool,true,true,true
candidate_precedence,invalid_and_blocked,blocks_download,true,true,true,bool,bool,bool,true,true,true
candidate_precedence,invalid_and_blocked,reason,BULK_DOWNLOAD_CANDIDATE_VERDICT_INVALID,BULK_DOWNLOAD_CANDIDATE_VERDICT_INVALID,BULK_DOWNLOAD_CANDIDATE_VERDICT_INVALID,str,str,str,true,true,true
candidate_precedence,invalid_and_blocked,source_kind,orchestration_result,orchestration_result,orchestration_result,str,str,str,true,true,true
candidate_precedence,invalid_and_blocked,source_scope_id,download_execution_permission,download_execution_permission,download_execution_permission,str,str,str,true,true,true
candidate_precedence,invalid_and_blocked,source_error_code,,,,str,str,str,true,true,true
candidate_precedence,invalid_and_blocked,candidate_count,2,2,2,int,int,int,true,true,true
candidate_precedence,invalid_and_blocked,invalid_candidate_indexes,[0],[0],[0],tuple,tuple,tuple,true,true,true
candidate_precedence,invalid_and_blocked,blocked_candidate_indexes,[1],[1],[1],tuple,tuple,tuple,true,true,true
candidate_precedence,invalid_and_blocked,failing_candidate_indexes,"[0,1]","[0,1]","[0,1]",tuple,tuple,tuple,true,true,true
candidate_precedence,invalid_and_blocked,action_permission_granted,false,false,false,bool,bool,bool,true,true,true
candidate_precedence,invalid_and_blocked,download_action_invoked,false,false,false,bool,bool,bool,true,true,true
candidate_precedence,invalid_and_blocked,call_site_io_used,false,false,false,bool,bool,bool,true,true,true
candidate_precedence,action_true_precedes_invalid_and_blocked,schema_version,covapie_bulk_download_stage_orchestration_call_site_decision_v1,covapie_bulk_download_stage_orchestration_call_site_decision_v1,covapie_bulk_download_stage_orchestration_call_site_decision_v1,str,str,str,true,true,true
candidate_precedence,action_true_precedes_invalid_and_blocked,outcome,invalid,invalid,invalid,str,str,str,true,true,true
candidate_precedence,action_true_precedes_invalid_and_blocked,passed,false,false,false,bool,bool,bool,true,true,true
candidate_precedence,action_true_precedes_invalid_and_blocked,blocks_download,true,true,true,bool,bool,bool,true,true,true
candidate_precedence,action_true_precedes_invalid_and_blocked,reason,BULK_DOWNLOAD_ACTION_PERMISSION_TRANSITION_UNAUTHORIZED,BULK_DOWNLOAD_ACTION_PERMISSION_TRANSITION_UNAUTHORIZED,BULK_DOWNLOAD_ACTION_PERMISSION_TRANSITION_UNAUTHORIZED,str,str,str,true,true,true
candidate_precedence,action_true_precedes_invalid_and_blocked,source_kind,orchestration_result,orchestration_result,orchestration_result,str,str,str,true,true,true
candidate_precedence,action_true_precedes_invalid_and_blocked,source_scope_id,download_execution_permission,download_execution_permission,download_execution_permission,str,str,str,true,true,true
candidate_precedence,action_true_precedes_invalid_and_blocked,source_error_code,,,,str,str,str,true,true,true
candidate_precedence,action_true_precedes_invalid_and_blocked,candidate_count,2,2,2,int,int,int,true,true,true
candidate_precedence,action_true_precedes_invalid_and_blocked,invalid_candidate_indexes,[1],[1],[1],tuple,tuple,tuple,true,true,true
candidate_precedence,action_true_precedes_invalid_and_blocked,blocked_candidate_indexes,[0],[0],[0],tuple,tuple,tuple,true,true,true
candidate_precedence,action_true_precedes_invalid_and_blocked,failing_candidate_indexes,"[0,1]","[0,1]","[0,1]",tuple,tuple,tuple,true,true,true
candidate_precedence,action_true_precedes_invalid_and_blocked,action_permission_granted,true,true,true,bool,bool,bool,true,true,true
candidate_precedence,action_true_precedes_invalid_and_blocked,download_action_invoked,false,false,false,bool,bool,bool,true,true,true
candidate_precedence,action_true_precedes_invalid_and_blocked,call_site_io_used,false,false,false,bool,bool,bool,true,true,true
precedence,io_true_precedes_candidate_blocked,schema_version,covapie_bulk_download_stage_orchestration_call_site_decision_v1,covapie_bulk_download_stage_orchestration_call_site_decision_v1,covapie_bulk_download_stage_orchestration_call_site_decision_v1,str,str,str,true,true,true
precedence,io_true_precedes_candidate_blocked,outcome,invalid,invalid,invalid,str,str,str,true,true,true
precedence,io_true_precedes_candidate_blocked,passed,false,false,false,bool,bool,bool,true,true,true
precedence,io_true_precedes_candidate_blocked,blocks_download,true,true,true,bool,bool,bool,true,true,true
precedence,io_true_precedes_candidate_blocked,reason,BULK_DOWNLOAD_STAGE_IO_INVARIANT_INVALID,BULK_DOWNLOAD_STAGE_IO_INVARIANT_INVALID,BULK_DOWNLOAD_STAGE_IO_INVARIANT_INVALID,str,str,str,true,true,true
precedence,io_true_precedes_candidate_blocked,source_kind,orchestration_result,orchestration_result,orchestration_result,str,str,str,true,true,true
precedence,io_true_precedes_candidate_blocked,source_scope_id,download_execution_permission,download_execution_permission,download_execution_permission,str,str,str,true,true,true
precedence,io_true_precedes_candidate_blocked,source_error_code,,,,str,str,str,true,true,true
precedence,io_true_precedes_candidate_blocked,candidate_count,1,1,1,int,int,int,true,true,true
precedence,io_true_precedes_candidate_blocked,invalid_candidate_indexes,[],[],[],tuple,tuple,tuple,true,true,true
precedence,io_true_precedes_candidate_blocked,blocked_candidate_indexes,[],[],[],tuple,tuple,tuple,true,true,true
precedence,io_true_precedes_candidate_blocked,failing_candidate_indexes,[],[],[],tuple,tuple,tuple,true,true,true
precedence,io_true_precedes_candidate_blocked,action_permission_granted,false,false,false,bool,bool,bool,true,true,true
precedence,io_true_precedes_candidate_blocked,download_action_invoked,false,false,false,bool,bool,bool,true,true,true
precedence,io_true_precedes_candidate_blocked,call_site_io_used,false,false,false,bool,bool,bool,true,true,true
current_real_path,committed_orchestrator_download_scope,schema_version,covapie_bulk_download_stage_orchestration_call_site_decision_v1,covapie_bulk_download_stage_orchestration_call_site_decision_v1,covapie_bulk_download_stage_orchestration_call_site_decision_v1,str,str,str,true,true,true
current_real_path,committed_orchestrator_download_scope,outcome,blocked,blocked,blocked,str,str,str,true,true,true
current_real_path,committed_orchestrator_download_scope,passed,false,false,false,bool,bool,bool,true,true,true
current_real_path,committed_orchestrator_download_scope,blocks_download,true,true,true,bool,bool,bool,true,true,true
current_real_path,committed_orchestrator_download_scope,reason,BULK_DOWNLOAD_CANDIDATE_VERDICT_BLOCKED,BULK_DOWNLOAD_CANDIDATE_VERDICT_BLOCKED,BULK_DOWNLOAD_CANDIDATE_VERDICT_BLOCKED,str,str,str,true,true,true
current_real_path,committed_orchestrator_download_scope,source_kind,orchestration_result,orchestration_result,orchestration_result,str,str,str,true,true,true
current_real_path,committed_orchestrator_download_scope,source_scope_id,download_execution_permission,download_execution_permission,download_execution_permission,str,str,str,true,true,true
current_real_path,committed_orchestrator_download_scope,source_error_code,,,,str,str,str,true,true,true
current_real_path,committed_orchestrator_download_scope,candidate_count,1,1,1,int,int,int,true,true,true
current_real_path,committed_orchestrator_download_scope,invalid_candidate_indexes,[],[],[],tuple,tuple,tuple,true,true,true
current_real_path,committed_orchestrator_download_scope,blocked_candidate_indexes,[0],[0],[0],tuple,tuple,tuple,true,true,true
current_real_path,committed_orchestrator_download_scope,failing_candidate_indexes,[0],[0],[0],tuple,tuple,tuple,true,true,true
current_real_path,committed_orchestrator_download_scope,action_permission_granted,false,false,false,bool,bool,bool,true,true,true
current_real_path,committed_orchestrator_download_scope,download_action_invoked,false,false,false,bool,bool,bool,true,true,true
current_real_path,committed_orchestrator_download_scope,call_site_io_used,false,false,false,bool,bool,bool,true,true,true
cross_phase_precedence,cardinality_precedes_wrong_result_and_error_types,schema_version,covapie_bulk_download_stage_orchestration_call_site_decision_v1,covapie_bulk_download_stage_orchestration_call_site_decision_v1,covapie_bulk_download_stage_orchestration_call_site_decision_v1,str,str,str,true,true,true
cross_phase_precedence,cardinality_precedes_wrong_result_and_error_types,outcome,invalid,invalid,invalid,str,str,str,true,true,true
cross_phase_precedence,cardinality_precedes_wrong_result_and_error_types,passed,false,false,false,bool,bool,bool,true,true,true
cross_phase_precedence,cardinality_precedes_wrong_result_and_error_types,blocks_download,true,true,true,bool,bool,bool,true,true,true
cross_phase_precedence,cardinality_precedes_wrong_result_and_error_types,reason,BULK_DOWNLOAD_CALL_SITE_INPUT_CARDINALITY_INVALID,BULK_DOWNLOAD_CALL_SITE_INPUT_CARDINALITY_INVALID,BULK_DOWNLOAD_CALL_SITE_INPUT_CARDINALITY_INVALID,str,str,str,true,true,true
cross_phase_precedence,cardinality_precedes_wrong_result_and_error_types,source_kind,invalid_input,invalid_input,invalid_input,str,str,str,true,true,true
cross_phase_precedence,cardinality_precedes_wrong_result_and_error_types,source_scope_id,,,,str,str,str,true,true,true
cross_phase_precedence,cardinality_precedes_wrong_result_and_error_types,source_error_code,,,,str,str,str,true,true,true
cross_phase_precedence,cardinality_precedes_wrong_result_and_error_types,candidate_count,0,0,0,int,int,int,true,true,true
cross_phase_precedence,cardinality_precedes_wrong_result_and_error_types,invalid_candidate_indexes,[],[],[],tuple,tuple,tuple,true,true,true
cross_phase_precedence,cardinality_precedes_wrong_result_and_error_types,blocked_candidate_indexes,[],[],[],tuple,tuple,tuple,true,true,true
cross_phase_precedence,cardinality_precedes_wrong_result_and_error_types,failing_candidate_indexes,[],[],[],tuple,tuple,tuple,true,true,true
cross_phase_precedence,cardinality_precedes_wrong_result_and_error_types,action_permission_granted,false,false,false,bool,bool,bool,true,true,true
cross_phase_precedence,cardinality_precedes_wrong_result_and_error_types,download_action_invoked,false,false,false,bool,bool,bool,true,true,true
cross_phase_precedence,cardinality_precedes_wrong_result_and_error_types,call_site_io_used,false,false,false,bool,bool,bool,true,true,true
cross_phase_precedence,stage_invariant_precedes_scope_io_permission_candidate,schema_version,covapie_bulk_download_stage_orchestration_call_site_decision_v1,covapie_bulk_download_stage_orchestration_call_site_decision_v1,covapie_bulk_download_stage_orchestration_call_site_decision_v1,str,str,str,true,true,true
cross_phase_precedence,stage_invariant_precedes_scope_io_permission_candidate,outcome,invalid,invalid,invalid,str,str,str,true,true,true
cross_phase_precedence,stage_invariant_precedes_scope_io_permission_candidate,passed,false,false,false,bool,bool,bool,true,true,true
cross_phase_precedence,stage_invariant_precedes_scope_io_permission_candidate,blocks_download,true,true,true,bool,bool,bool,true,true,true
cross_phase_precedence,stage_invariant_precedes_scope_io_permission_candidate,reason,BULK_DOWNLOAD_STAGE_RESULT_INVARIANT_INVALID,BULK_DOWNLOAD_STAGE_RESULT_INVARIANT_INVALID,BULK_DOWNLOAD_STAGE_RESULT_INVARIANT_INVALID,str,str,str,true,true,true
cross_phase_precedence,stage_invariant_precedes_scope_io_permission_candidate,source_kind,orchestration_result,orchestration_result,orchestration_result,str,str,str,true,true,true
cross_phase_precedence,stage_invariant_precedes_scope_io_permission_candidate,source_scope_id,,,,str,str,str,true,true,true
cross_phase_precedence,stage_invariant_precedes_scope_io_permission_candidate,source_error_code,,,,str,str,str,true,true,true
cross_phase_precedence,stage_invariant_precedes_scope_io_permission_candidate,candidate_count,0,0,0,int,int,int,true,true,true
cross_phase_precedence,stage_invariant_precedes_scope_io_permission_candidate,invalid_candidate_indexes,[],[],[],tuple,tuple,tuple,true,true,true
cross_phase_precedence,stage_invariant_precedes_scope_io_permission_candidate,blocked_candidate_indexes,[],[],[],tuple,tuple,tuple,true,true,true
cross_phase_precedence,stage_invariant_precedes_scope_io_permission_candidate,failing_candidate_indexes,[],[],[],tuple,tuple,tuple,true,true,true
cross_phase_precedence,stage_invariant_precedes_scope_io_permission_candidate,action_permission_granted,false,false,false,bool,bool,bool,true,true,true
cross_phase_precedence,stage_invariant_precedes_scope_io_permission_candidate,download_action_invoked,false,false,false,bool,bool,bool,true,true,true
cross_phase_precedence,stage_invariant_precedes_scope_io_permission_candidate,call_site_io_used,false,false,false,bool,bool,bool,true,true,true
cross_phase_precedence,wrong_scope_precedes_io_permission_candidate,schema_version,covapie_bulk_download_stage_orchestration_call_site_decision_v1,covapie_bulk_download_stage_orchestration_call_site_decision_v1,covapie_bulk_download_stage_orchestration_call_site_decision_v1,str,str,str,true,true,true
cross_phase_precedence,wrong_scope_precedes_io_permission_candidate,outcome,invalid,invalid,invalid,str,str,str,true,true,true
cross_phase_precedence,wrong_scope_precedes_io_permission_candidate,passed,false,false,false,bool,bool,bool,true,true,true
cross_phase_precedence,wrong_scope_precedes_io_permission_candidate,blocks_download,true,true,true,bool,bool,bool,true,true,true
cross_phase_precedence,wrong_scope_precedes_io_permission_candidate,reason,BULK_DOWNLOAD_STAGE_SCOPE_INVALID,BULK_DOWNLOAD_STAGE_SCOPE_INVALID,BULK_DOWNLOAD_STAGE_SCOPE_INVALID,str,str,str,true,true,true
cross_phase_precedence,wrong_scope_precedes_io_permission_candidate,source_kind,orchestration_result,orchestration_result,orchestration_result,str,str,str,true,true,true
cross_phase_precedence,wrong_scope_precedes_io_permission_candidate,source_scope_id,post_download_acceptance_permission,post_download_acceptance_permission,post_download_acceptance_permission,str,str,str,true,true,true
cross_phase_precedence,wrong_scope_precedes_io_permission_candidate,source_error_code,,,,str,str,str,true,true,true
cross_phase_precedence,wrong_scope_precedes_io_permission_candidate,candidate_count,2,2,2,int,int,int,true,true,true
cross_phase_precedence,wrong_scope_precedes_io_permission_candidate,invalid_candidate_indexes,[],[],[],tuple,tuple,tuple,true,true,true
cross_phase_precedence,wrong_scope_precedes_io_permission_candidate,blocked_candidate_indexes,[],[],[],tuple,tuple,tuple,true,true,true
cross_phase_precedence,wrong_scope_precedes_io_permission_candidate,failing_candidate_indexes,[],[],[],tuple,tuple,tuple,true,true,true
cross_phase_precedence,wrong_scope_precedes_io_permission_candidate,action_permission_granted,true,true,true,bool,bool,bool,true,true,true
cross_phase_precedence,wrong_scope_precedes_io_permission_candidate,download_action_invoked,false,false,false,bool,bool,bool,true,true,true
cross_phase_precedence,wrong_scope_precedes_io_permission_candidate,call_site_io_used,false,false,false,bool,bool,bool,true,true,true
cross_phase_precedence,io_precedes_permission_and_candidate,schema_version,covapie_bulk_download_stage_orchestration_call_site_decision_v1,covapie_bulk_download_stage_orchestration_call_site_decision_v1,covapie_bulk_download_stage_orchestration_call_site_decision_v1,str,str,str,true,true,true
cross_phase_precedence,io_precedes_permission_and_candidate,outcome,invalid,invalid,invalid,str,str,str,true,true,true
cross_phase_precedence,io_precedes_permission_and_candidate,passed,false,false,false,bool,bool,bool,true,true,true
cross_phase_precedence,io_precedes_permission_and_candidate,blocks_download,true,true,true,bool,bool,bool,true,true,true
cross_phase_precedence,io_precedes_permission_and_candidate,reason,BULK_DOWNLOAD_STAGE_IO_INVARIANT_INVALID,BULK_DOWNLOAD_STAGE_IO_INVARIANT_INVALID,BULK_DOWNLOAD_STAGE_IO_INVARIANT_INVALID,str,str,str,true,true,true
cross_phase_precedence,io_precedes_permission_and_candidate,source_kind,orchestration_result,orchestration_result,orchestration_result,str,str,str,true,true,true
cross_phase_precedence,io_precedes_permission_and_candidate,source_scope_id,download_execution_permission,download_execution_permission,download_execution_permission,str,str,str,true,true,true
cross_phase_precedence,io_precedes_permission_and_candidate,source_error_code,,,,str,str,str,true,true,true
cross_phase_precedence,io_precedes_permission_and_candidate,candidate_count,2,2,2,int,int,int,true,true,true
cross_phase_precedence,io_precedes_permission_and_candidate,invalid_candidate_indexes,[],[],[],tuple,tuple,tuple,true,true,true
cross_phase_precedence,io_precedes_permission_and_candidate,blocked_candidate_indexes,[],[],[],tuple,tuple,tuple,true,true,true
cross_phase_precedence,io_precedes_permission_and_candidate,failing_candidate_indexes,[],[],[],tuple,tuple,tuple,true,true,true
cross_phase_precedence,io_precedes_permission_and_candidate,action_permission_granted,true,true,true,bool,bool,bool,true,true,true
cross_phase_precedence,io_precedes_permission_and_candidate,download_action_invoked,false,false,false,bool,bool,bool,true,true,true
cross_phase_precedence,io_precedes_permission_and_candidate,call_site_io_used,false,false,false,bool,bool,bool,true,true,true
cross_phase_precedence,action_permission_precedes_invalid_and_blocked,schema_version,covapie_bulk_download_stage_orchestration_call_site_decision_v1,covapie_bulk_download_stage_orchestration_call_site_decision_v1,covapie_bulk_download_stage_orchestration_call_site_decision_v1,str,str,str,true,true,true
cross_phase_precedence,action_permission_precedes_invalid_and_blocked,outcome,invalid,invalid,invalid,str,str,str,true,true,true
cross_phase_precedence,action_permission_precedes_invalid_and_blocked,passed,false,false,false,bool,bool,bool,true,true,true
cross_phase_precedence,action_permission_precedes_invalid_and_blocked,blocks_download,true,true,true,bool,bool,bool,true,true,true
cross_phase_precedence,action_permission_precedes_invalid_and_blocked,reason,BULK_DOWNLOAD_ACTION_PERMISSION_TRANSITION_UNAUTHORIZED,BULK_DOWNLOAD_ACTION_PERMISSION_TRANSITION_UNAUTHORIZED,BULK_DOWNLOAD_ACTION_PERMISSION_TRANSITION_UNAUTHORIZED,str,str,str,true,true,true
cross_phase_precedence,action_permission_precedes_invalid_and_blocked,source_kind,orchestration_result,orchestration_result,orchestration_result,str,str,str,true,true,true
cross_phase_precedence,action_permission_precedes_invalid_and_blocked,source_scope_id,download_execution_permission,download_execution_permission,download_execution_permission,str,str,str,true,true,true
cross_phase_precedence,action_permission_precedes_invalid_and_blocked,source_error_code,,,,str,str,str,true,true,true
cross_phase_precedence,action_permission_precedes_invalid_and_blocked,candidate_count,2,2,2,int,int,int,true,true,true
cross_phase_precedence,action_permission_precedes_invalid_and_blocked,invalid_candidate_indexes,[1],[1],[1],tuple,tuple,tuple,true,true,true
cross_phase_precedence,action_permission_precedes_invalid_and_blocked,blocked_candidate_indexes,[0],[0],[0],tuple,tuple,tuple,true,true,true
cross_phase_precedence,action_permission_precedes_invalid_and_blocked,failing_candidate_indexes,"[0,1]","[0,1]","[0,1]",tuple,tuple,tuple,true,true,true
cross_phase_precedence,action_permission_precedes_invalid_and_blocked,action_permission_granted,true,true,true,bool,bool,bool,true,true,true
cross_phase_precedence,action_permission_precedes_invalid_and_blocked,download_action_invoked,false,false,false,bool,bool,bool,true,true,true
cross_phase_precedence,action_permission_precedes_invalid_and_blocked,call_site_io_used,false,false,false,bool,bool,bool,true,true,true
cross_phase_precedence,candidate_invalid_precedes_blocked,schema_version,covapie_bulk_download_stage_orchestration_call_site_decision_v1,covapie_bulk_download_stage_orchestration_call_site_decision_v1,covapie_bulk_download_stage_orchestration_call_site_decision_v1,str,str,str,true,true,true
cross_phase_precedence,candidate_invalid_precedes_blocked,outcome,invalid,invalid,invalid,str,str,str,true,true,true
cross_phase_precedence,candidate_invalid_precedes_blocked,passed,false,false,false,bool,bool,bool,true,true,true
cross_phase_precedence,candidate_invalid_precedes_blocked,blocks_download,true,true,true,bool,bool,bool,true,true,true
cross_phase_precedence,candidate_invalid_precedes_blocked,reason,BULK_DOWNLOAD_CANDIDATE_VERDICT_INVALID,BULK_DOWNLOAD_CANDIDATE_VERDICT_INVALID,BULK_DOWNLOAD_CANDIDATE_VERDICT_INVALID,str,str,str,true,true,true
cross_phase_precedence,candidate_invalid_precedes_blocked,source_kind,orchestration_result,orchestration_result,orchestration_result,str,str,str,true,true,true
cross_phase_precedence,candidate_invalid_precedes_blocked,source_scope_id,download_execution_permission,download_execution_permission,download_execution_permission,str,str,str,true,true,true
cross_phase_precedence,candidate_invalid_precedes_blocked,source_error_code,,,,str,str,str,true,true,true
cross_phase_precedence,candidate_invalid_precedes_blocked,candidate_count,2,2,2,int,int,int,true,true,true
cross_phase_precedence,candidate_invalid_precedes_blocked,invalid_candidate_indexes,[1],[1],[1],tuple,tuple,tuple,true,true,true
cross_phase_precedence,candidate_invalid_precedes_blocked,blocked_candidate_indexes,[0],[0],[0],tuple,tuple,tuple,true,true,true
cross_phase_precedence,candidate_invalid_precedes_blocked,failing_candidate_indexes,"[0,1]","[0,1]","[0,1]",tuple,tuple,tuple,true,true,true
cross_phase_precedence,candidate_invalid_precedes_blocked,action_permission_granted,false,false,false,bool,bool,bool,true,true,true
cross_phase_precedence,candidate_invalid_precedes_blocked,download_action_invoked,false,false,false,bool,bool,bool,true,true,true
cross_phase_precedence,candidate_invalid_precedes_blocked,call_site_io_used,false,false,false,bool,bool,bool,true,true,true
cross_phase_precedence,candidate_blocked_precedes_permission_not_granted,schema_version,covapie_bulk_download_stage_orchestration_call_site_decision_v1,covapie_bulk_download_stage_orchestration_call_site_decision_v1,covapie_bulk_download_stage_orchestration_call_site_decision_v1,str,str,str,true,true,true
cross_phase_precedence,candidate_blocked_precedes_permission_not_granted,outcome,blocked,blocked,blocked,str,str,str,true,true,true
cross_phase_precedence,candidate_blocked_precedes_permission_not_granted,passed,false,false,false,bool,bool,bool,true,true,true
cross_phase_precedence,candidate_blocked_precedes_permission_not_granted,blocks_download,true,true,true,bool,bool,bool,true,true,true
cross_phase_precedence,candidate_blocked_precedes_permission_not_granted,reason,BULK_DOWNLOAD_CANDIDATE_VERDICT_BLOCKED,BULK_DOWNLOAD_CANDIDATE_VERDICT_BLOCKED,BULK_DOWNLOAD_CANDIDATE_VERDICT_BLOCKED,str,str,str,true,true,true
cross_phase_precedence,candidate_blocked_precedes_permission_not_granted,source_kind,orchestration_result,orchestration_result,orchestration_result,str,str,str,true,true,true
cross_phase_precedence,candidate_blocked_precedes_permission_not_granted,source_scope_id,download_execution_permission,download_execution_permission,download_execution_permission,str,str,str,true,true,true
cross_phase_precedence,candidate_blocked_precedes_permission_not_granted,source_error_code,,,,str,str,str,true,true,true
cross_phase_precedence,candidate_blocked_precedes_permission_not_granted,candidate_count,2,2,2,int,int,int,true,true,true
cross_phase_precedence,candidate_blocked_precedes_permission_not_granted,invalid_candidate_indexes,[],[],[],tuple,tuple,tuple,true,true,true
cross_phase_precedence,candidate_blocked_precedes_permission_not_granted,blocked_candidate_indexes,[1],[1],[1],tuple,tuple,tuple,true,true,true
cross_phase_precedence,candidate_blocked_precedes_permission_not_granted,failing_candidate_indexes,[1],[1],[1],tuple,tuple,tuple,true,true,true
cross_phase_precedence,candidate_blocked_precedes_permission_not_granted,action_permission_granted,false,false,false,bool,bool,bool,true,true,true
cross_phase_precedence,candidate_blocked_precedes_permission_not_granted,download_action_invoked,false,false,false,bool,bool,bool,true,true,true
cross_phase_precedence,candidate_blocked_precedes_permission_not_granted,call_site_io_used,false,false,false,bool,bool,bool,true,true,true
cross_phase_precedence,cross_all_passed_permission_false,schema_version,covapie_bulk_download_stage_orchestration_call_site_decision_v1,covapie_bulk_download_stage_orchestration_call_site_decision_v1,covapie_bulk_download_stage_orchestration_call_site_decision_v1,str,str,str,true,true,true
cross_phase_precedence,cross_all_passed_permission_false,outcome,blocked,blocked,blocked,str,str,str,true,true,true
cross_phase_precedence,cross_all_passed_permission_false,passed,false,false,false,bool,bool,bool,true,true,true
cross_phase_precedence,cross_all_passed_permission_false,blocks_download,true,true,true,bool,bool,bool,true,true,true
cross_phase_precedence,cross_all_passed_permission_false,reason,BULK_DOWNLOAD_ACTION_PERMISSION_NOT_GRANTED,BULK_DOWNLOAD_ACTION_PERMISSION_NOT_GRANTED,BULK_DOWNLOAD_ACTION_PERMISSION_NOT_GRANTED,str,str,str,true,true,true
cross_phase_precedence,cross_all_passed_permission_false,source_kind,orchestration_result,orchestration_result,orchestration_result,str,str,str,true,true,true
cross_phase_precedence,cross_all_passed_permission_false,source_scope_id,download_execution_permission,download_execution_permission,download_execution_permission,str,str,str,true,true,true
cross_phase_precedence,cross_all_passed_permission_false,source_error_code,,,,str,str,str,true,true,true
cross_phase_precedence,cross_all_passed_permission_false,candidate_count,2,2,2,int,int,int,true,true,true
cross_phase_precedence,cross_all_passed_permission_false,invalid_candidate_indexes,[],[],[],tuple,tuple,tuple,true,true,true
cross_phase_precedence,cross_all_passed_permission_false,blocked_candidate_indexes,[],[],[],tuple,tuple,tuple,true,true,true
cross_phase_precedence,cross_all_passed_permission_false,failing_candidate_indexes,[],[],[],tuple,tuple,tuple,true,true,true
cross_phase_precedence,cross_all_passed_permission_false,action_permission_granted,false,false,false,bool,bool,bool,true,true,true
cross_phase_precedence,cross_all_passed_permission_false,download_action_invoked,false,false,false,bool,bool,bool,true,true,true
cross_phase_precedence,cross_all_passed_permission_false,call_site_io_used,false,false,false,bool,bool,bool,true,true,true
cross_phase_precedence,legal_error_precedes_success_shaped_coordinates,schema_version,covapie_bulk_download_stage_orchestration_call_site_decision_v1,covapie_bulk_download_stage_orchestration_call_site_decision_v1,covapie_bulk_download_stage_orchestration_call_site_decision_v1,str,str,str,true,true,true
cross_phase_precedence,legal_error_precedes_success_shaped_coordinates,outcome,invalid,invalid,invalid,str,str,str,true,true,true
cross_phase_precedence,legal_error_precedes_success_shaped_coordinates,passed,false,false,false,bool,bool,bool,true,true,true
cross_phase_precedence,legal_error_precedes_success_shaped_coordinates,blocks_download,true,true,true,bool,bool,bool,true,true,true
cross_phase_precedence,legal_error_precedes_success_shaped_coordinates,reason,BULK_DOWNLOAD_ORCHESTRATION_ERROR_FAIL_CLOSED,BULK_DOWNLOAD_ORCHESTRATION_ERROR_FAIL_CLOSED,BULK_DOWNLOAD_ORCHESTRATION_ERROR_FAIL_CLOSED,str,str,str,true,true,true
cross_phase_precedence,legal_error_precedes_success_shaped_coordinates,source_kind,orchestration_error,orchestration_error,orchestration_error,str,str,str,true,true,true
cross_phase_precedence,legal_error_precedes_success_shaped_coordinates,source_scope_id,download_execution_permission,download_execution_permission,download_execution_permission,str,str,str,true,true,true
cross_phase_precedence,legal_error_precedes_success_shaped_coordinates,source_error_code,STAGE_ORCHESTRATION_AGGREGATOR_RESULT_INVARIANT_INVALID,STAGE_ORCHESTRATION_AGGREGATOR_RESULT_INVARIANT_INVALID,STAGE_ORCHESTRATION_AGGREGATOR_RESULT_INVARIANT_INVALID,str,str,str,true,true,true
cross_phase_precedence,legal_error_precedes_success_shaped_coordinates,candidate_count,0,0,0,int,int,int,true,true,true
cross_phase_precedence,legal_error_precedes_success_shaped_coordinates,invalid_candidate_indexes,[],[],[],tuple,tuple,tuple,true,true,true
cross_phase_precedence,legal_error_precedes_success_shaped_coordinates,blocked_candidate_indexes,[],[],[],tuple,tuple,tuple,true,true,true
cross_phase_precedence,legal_error_precedes_success_shaped_coordinates,failing_candidate_indexes,[],[],[],tuple,tuple,tuple,true,true,true
cross_phase_precedence,legal_error_precedes_success_shaped_coordinates,action_permission_granted,false,false,false,bool,bool,bool,true,true,true
cross_phase_precedence,legal_error_precedes_success_shaped_coordinates,download_action_invoked,false,false,false,bool,bool,bool,true,true,true
cross_phase_precedence,legal_error_precedes_success_shaped_coordinates,call_site_io_used,false,false,false,bool,bool,bool,true,true,true
