sample_index_row_id,pdb_id,ligand_comp_id,observed_atom_name,observed_type_symbol,source_full_atom_row_index,retained_heavy_local_index_0based,parent_ccd_atom_id,parent_ccd_type_symbol,parent_ccd_formal_charge,parent_ccd_heavy_atom_row_index_0based,atom_name_exact_match,element_exact_match,reactive_ligand_atom,component_parent_graph_sha256,observed_graph_sha256,mapping_authority_source_path,mapping_authority_source_sha256,authority_class,verified
CYS_SG_SAMPLE_INDEX_000001,6BV6,JUG,OAA,O,0,0,OAA,O,0,0,true,true,false,96aad302f8a2d416f4e8165465ffdf5326715c26e96e61a2773644ff0df22d6a,96aad302f8a2d416f4e8165465ffdf5326715c26e96e61a2773644ff0df22d6a,data/derived/covalent_small/covapie_sample_preparation_execution_smoke_v0/samples/6BV6_JUG/ligand_atom_table.csv,c91bb14b37c9b7231cb0e2fac4e2ba39ce65d65b6a9481b1e83b83890f2e1650,BASE_tracked_observed_atom_name_to_sha_attested_parent_ccd_exact_mapping,true
CYS_SG_SAMPLE_INDEX_000001,6BV6,JUG,CAJ,C,1,1,CAJ,C,0,1,true,true,false,96aad302f8a2d416f4e8165465ffdf5326715c26e96e61a2773644ff0df22d6a,96aad302f8a2d416f4e8165465ffdf5326715c26e96e61a2773644ff0df22d6a,data/derived/covalent_small/covapie_sample_preparation_execution_smoke_v0/samples/6BV6_JUG/ligand_atom_table.csv,c91bb14b37c9b7231cb0e2fac4e2ba39ce65d65b6a9481b1e83b83890f2e1650,BASE_tracked_observed_atom_name_to_sha_attested_parent_ccd_exact_mapping,true
CYS_SG_SAMPLE_INDEX_000001,6BV6,JUG,CAF,C,2,2,CAF,C,0,2,true,true,false,96aad302f8a2d416f4e8165465ffdf5326715c26e96e61a2773644ff0df22d6a,96aad302f8a2d416f4e8165465ffdf5326715c26e96e61a2773644ff0df22d6a,data/derived/covalent_small/covapie_sample_preparation_execution_smoke_v0/samples/6BV6_JUG/ligand_atom_table.csv,c91bb14b37c9b7231cb0e2fac4e2ba39ce65d65b6a9481b1e83b83890f2e1650,BASE_tracked_observed_atom_name_to_sha_attested_parent_ccd_exact_mapping,true
CYS_SG_SAMPLE_INDEX_000001,6BV6,JUG,CAG,C,3,3,CAG,C,0,3,true,true,true,96aad302f8a2d416f4e8165465ffdf5326715c26e96e61a2773644ff0df22d6a,96aad302f8a2d416f4e8165465ffdf5326715c26e96e61a2773644ff0df22d6a,data/derived/covalent_small/covapie_sample_preparation_execution_smoke_v0/samples/6BV6_JUG/ligand_atom_table.csv,c91bb14b37c9b7231cb0e2fac4e2ba39ce65d65b6a9481b1e83b83890f2e1650,BASE_tracked_observed_atom_name_to_sha_attested_parent_ccd_exact_mapping,true
CYS_SG_SAMPLE_INDEX_000001,6BV6,JUG,CAK,C,4,4,CAK,C,0,4,true,true,false,96aad302f8a2d416f4e8165465ffdf5326715c26e96e61a2773644ff0df22d6a,96aad302f8a2d416f4e8165465ffdf5326715c26e96e61a2773644ff0df22d6a,data/derived/covalent_small/covapie_sample_preparation_execution_smoke_v0/samples/6BV6_JUG/ligand_atom_table.csv,c91bb14b37c9b7231cb0e2fac4e2ba39ce65d65b6a9481b1e83b83890f2e1650,BASE_tracked_observed_atom_name_to_sha_attested_parent_ccd_exact_mapping,true
CYS_SG_SAMPLE_INDEX_000001,6BV6,JUG,OAB,O,5,5,OAB,O,0,5,true,true,false,96aad302f8a2d416f4e8165465ffdf5326715c26e96e61a2773644ff0df22d6a,96aad302f8a2d416f4e8165465ffdf5326715c26e96e61a2773644ff0df22d6a,data/derived/covalent_small/covapie_sample_preparation_execution_smoke_v0/samples/6BV6_JUG/ligand_atom_table.csv,c91bb14b37c9b7231cb0e2fac4e2ba39ce65d65b6a9481b1e83b83890f2e1650,BASE_tracked_observed_atom_name_to_sha_attested_parent_ccd_exact_mapping,true
CYS_SG_SAMPLE_INDEX_000001,6BV6,JUG,CAM,C,6,6,CAM,C,0,6,true,true,false,96aad302f8a2d416f4e8165465ffdf5326715c26e96e61a2773644ff0df22d6a,96aad302f8a2d416f4e8165465ffdf5326715c26e96e61a2773644ff0df22d6a,data/derived/covalent_small/covapie_sample_preparation_execution_smoke_v0/samples/6BV6_JUG/ligand_atom_table.csv,c91bb14b37c9b7231cb0e2fac4e2ba39ce65d65b6a9481b1e83b83890f2e1650,BASE_tracked_observed_atom_name_to_sha_attested_parent_ccd_exact_mapping,true
CYS_SG_SAMPLE_INDEX_000001,6BV6,JUG,CAL,C,7,7,CAL,C,0,7,true,true,false,96aad302f8a2d416f4e8165465ffdf5326715c26e96e61a2773644ff0df22d6a,96aad302f8a2d416f4e8165465ffdf5326715c26e96e61a2773644ff0df22d6a,data/derived/covalent_small/covapie_sample_preparation_execution_smoke_v0/samples/6BV6_JUG/ligand_atom_table.csv,c91bb14b37c9b7231cb0e2fac4e2ba39ce65d65b6a9481b1e83b83890f2e1650,BASE_tracked_observed_atom_name_to_sha_attested_parent_ccd_exact_mapping,true
CYS_SG_SAMPLE_INDEX_000001,6BV6,JUG,CAH,C,8,8,CAH,C,0,8,true,true,false,96aad302f8a2d416f4e8165465ffdf5326715c26e96e61a2773644ff0df22d6a,96aad302f8a2d416f4e8165465ffdf5326715c26e96e61a2773644ff0df22d6a,data/derived/covalent_small/covapie_sample_preparation_execution_smoke_v0/samples/6BV6_JUG/ligand_atom_table.csv,c91bb14b37c9b7231cb0e2fac4e2ba39ce65d65b6a9481b1e83b83890f2e1650,BASE_tracked_observed_atom_name_to_sha_attested_parent_ccd_exact_mapping,true
CYS_SG_SAMPLE_INDEX_000001,6BV6,JUG,CAD,C,9,9,CAD,C,0,9,true,true,false,96aad302f8a2d416f4e8165465ffdf5326715c26e96e61a2773644ff0df22d6a,96aad302f8a2d416f4e8165465ffdf5326715c26e96e61a2773644ff0df22d6a,data/derived/covalent_small/covapie_sample_preparation_execution_smoke_v0/samples/6BV6_JUG/ligand_atom_table.csv,c91bb14b37c9b7231cb0e2fac4e2ba39ce65d65b6a9481b1e83b83890f2e1650,BASE_tracked_observed_atom_name_to_sha_attested_parent_ccd_exact_mapping,true
CYS_SG_SAMPLE_INDEX_000001,6BV6,JUG,CAE,C,10,10,CAE,C,0,10,true,true,false,96aad302f8a2d416f4e8165465ffdf5326715c26e96e61a2773644ff0df22d6a,96aad302f8a2d416f4e8165465ffdf5326715c26e96e61a2773644ff0df22d6a,data/derived/covalent_small/covapie_sample_preparation_execution_smoke_v0/samples/6BV6_JUG/ligand_atom_table.csv,c91bb14b37c9b7231cb0e2fac4e2ba39ce65d65b6a9481b1e83b83890f2e1650,BASE_tracked_observed_atom_name_to_sha_attested_parent_ccd_exact_mapping,true
CYS_SG_SAMPLE_INDEX_000001,6BV6,JUG,CAI,C,11,11,CAI,C,0,11,true,true,false,96aad302f8a2d416f4e8165465ffdf5326715c26e96e61a2773644ff0df22d6a,96aad302f8a2d416f4e8165465ffdf5326715c26e96e61a2773644ff0df22d6a,data/derived/covalent_small/covapie_sample_preparation_execution_smoke_v0/samples/6BV6_JUG/ligand_atom_table.csv,c91bb14b37c9b7231cb0e2fac4e2ba39ce65d65b6a9481b1e83b83890f2e1650,BASE_tracked_observed_atom_name_to_sha_attested_parent_ccd_exact_mapping,true
CYS_SG_SAMPLE_INDEX_000001,6BV6,JUG,OAC,O,12,12,OAC,O,0,12,true,true,false,96aad302f8a2d416f4e8165465ffdf5326715c26e96e61a2773644ff0df22d6a,96aad302f8a2d416f4e8165465ffdf5326715c26e96e61a2773644ff0df22d6a,data/derived/covalent_small/covapie_sample_preparation_execution_smoke_v0/samples/6BV6_JUG/ligand_atom_table.csv,c91bb14b37c9b7231cb0e2fac4e2ba39ce65d65b6a9481b1e83b83890f2e1650,BASE_tracked_observed_atom_name_to_sha_attested_parent_ccd_exact_mapping,true
CYS_SG_SAMPLE_INDEX_000002,6BV8,JUG,OAA,O,0,0,OAA,O,0,0,true,true,false,96aad302f8a2d416f4e8165465ffdf5326715c26e96e61a2773644ff0df22d6a,96aad302f8a2d416f4e8165465ffdf5326715c26e96e61a2773644ff0df22d6a,data/derived/covalent_small/covapie_sample_preparation_execution_smoke_v0/samples/6BV8_JUG/ligand_atom_table.csv,13d2148bbcf544b62bd256b7ab8f14f31187d550a9e75d8c6d72deddada87d4a,BASE_tracked_observed_atom_name_to_sha_attested_parent_ccd_exact_mapping,true
CYS_SG_SAMPLE_INDEX_000002,6BV8,JUG,CAJ,C,1,1,CAJ,C,0,1,true,true,false,96aad302f8a2d416f4e8165465ffdf5326715c26e96e61a2773644ff0df22d6a,96aad302f8a2d416f4e8165465ffdf5326715c26e96e61a2773644ff0df22d6a,data/derived/covalent_small/covapie_sample_preparation_execution_smoke_v0/samples/6BV8_JUG/ligand_atom_table.csv,13d2148bbcf544b62bd256b7ab8f14f31187d550a9e75d8c6d72deddada87d4a,BASE_tracked_observed_atom_name_to_sha_attested_parent_ccd_exact_mapping,true
CYS_SG_SAMPLE_INDEX_000002,6BV8,JUG,CAF,C,2,2,CAF,C,0,2,true,true,false,96aad302f8a2d416f4e8165465ffdf5326715c26e96e61a2773644ff0df22d6a,96aad302f8a2d416f4e8165465ffdf5326715c26e96e61a2773644ff0df22d6a,data/derived/covalent_small/covapie_sample_preparation_execution_smoke_v0/samples/6BV8_JUG/ligand_atom_table.csv,13d2148bbcf544b62bd256b7ab8f14f31187d550a9e75d8c6d72deddada87d4a,BASE_tracked_observed_atom_name_to_sha_attested_parent_ccd_exact_mapping,true
CYS_SG_SAMPLE_INDEX_000002,6BV8,JUG,CAG,C,3,3,CAG,C,0,3,true,true,true,96aad302f8a2d416f4e8165465ffdf5326715c26e96e61a2773644ff0df22d6a,96aad302f8a2d416f4e8165465ffdf5326715c26e96e61a2773644ff0df22d6a,data/derived/covalent_small/covapie_sample_preparation_execution_smoke_v0/samples/6BV8_JUG/ligand_atom_table.csv,13d2148bbcf544b62bd256b7ab8f14f31187d550a9e75d8c6d72deddada87d4a,BASE_tracked_observed_atom_name_to_sha_attested_parent_ccd_exact_mapping,true
CYS_SG_SAMPLE_INDEX_000002,6BV8,JUG,CAK,C,4,4,CAK,C,0,4,true,true,false,96aad302f8a2d416f4e8165465ffdf5326715c26e96e61a2773644ff0df22d6a,96aad302f8a2d416f4e8165465ffdf5326715c26e96e61a2773644ff0df22d6a,data/derived/covalent_small/covapie_sample_preparation_execution_smoke_v0/samples/6BV8_JUG/ligand_atom_table.csv,13d2148bbcf544b62bd256b7ab8f14f31187d550a9e75d8c6d72deddada87d4a,BASE_tracked_observed_atom_name_to_sha_attested_parent_ccd_exact_mapping,true
CYS_SG_SAMPLE_INDEX_000002,6BV8,JUG,OAB,O,5,5,OAB,O,0,5,true,true,false,96aad302f8a2d416f4e8165465ffdf5326715c26e96e61a2773644ff0df22d6a,96aad302f8a2d416f4e8165465ffdf5326715c26e96e61a2773644ff0df22d6a,data/derived/covalent_small/covapie_sample_preparation_execution_smoke_v0/samples/6BV8_JUG/ligand_atom_table.csv,13d2148bbcf544b62bd256b7ab8f14f31187d550a9e75d8c6d72deddada87d4a,BASE_tracked_observed_atom_name_to_sha_attested_parent_ccd_exact_mapping,true
CYS_SG_SAMPLE_INDEX_000002,6BV8,JUG,CAM,C,6,6,CAM,C,0,6,true,true,false,96aad302f8a2d416f4e8165465ffdf5326715c26e96e61a2773644ff0df22d6a,96aad302f8a2d416f4e8165465ffdf5326715c26e96e61a2773644ff0df22d6a,data/derived/covalent_small/covapie_sample_preparation_execution_smoke_v0/samples/6BV8_JUG/ligand_atom_table.csv,13d2148bbcf544b62bd256b7ab8f14f31187d550a9e75d8c6d72deddada87d4a,BASE_tracked_observed_atom_name_to_sha_attested_parent_ccd_exact_mapping,true
CYS_SG_SAMPLE_INDEX_000002,6BV8,JUG,CAL,C,7,7,CAL,C,0,7,true,true,false,96aad302f8a2d416f4e8165465ffdf5326715c26e96e61a2773644ff0df22d6a,96aad302f8a2d416f4e8165465ffdf5326715c26e96e61a2773644ff0df22d6a,data/derived/covalent_small/covapie_sample_preparation_execution_smoke_v0/samples/6BV8_JUG/ligand_atom_table.csv,13d2148bbcf544b62bd256b7ab8f14f31187d550a9e75d8c6d72deddada87d4a,BASE_tracked_observed_atom_name_to_sha_attested_parent_ccd_exact_mapping,true
CYS_SG_SAMPLE_INDEX_000002,6BV8,JUG,CAH,C,8,8,CAH,C,0,8,true,true,false,96aad302f8a2d416f4e8165465ffdf5326715c26e96e61a2773644ff0df22d6a,96aad302f8a2d416f4e8165465ffdf5326715c26e96e61a2773644ff0df22d6a,data/derived/covalent_small/covapie_sample_preparation_execution_smoke_v0/samples/6BV8_JUG/ligand_atom_table.csv,13d2148bbcf544b62bd256b7ab8f14f31187d550a9e75d8c6d72deddada87d4a,BASE_tracked_observed_atom_name_to_sha_attested_parent_ccd_exact_mapping,true
CYS_SG_SAMPLE_INDEX_000002,6BV8,JUG,CAD,C,9,9,CAD,C,0,9,true,true,false,96aad302f8a2d416f4e8165465ffdf5326715c26e96e61a2773644ff0df22d6a,96aad302f8a2d416f4e8165465ffdf5326715c26e96e61a2773644ff0df22d6a,data/derived/covalent_small/covapie_sample_preparation_execution_smoke_v0/samples/6BV8_JUG/ligand_atom_table.csv,13d2148bbcf544b62bd256b7ab8f14f31187d550a9e75d8c6d72deddada87d4a,BASE_tracked_observed_atom_name_to_sha_attested_parent_ccd_exact_mapping,true
CYS_SG_SAMPLE_INDEX_000002,6BV8,JUG,CAE,C,10,10,CAE,C,0,10,true,true,false,96aad302f8a2d416f4e8165465ffdf5326715c26e96e61a2773644ff0df22d6a,96aad302f8a2d416f4e8165465ffdf5326715c26e96e61a2773644ff0df22d6a,data/derived/covalent_small/covapie_sample_preparation_execution_smoke_v0/samples/6BV8_JUG/ligand_atom_table.csv,13d2148bbcf544b62bd256b7ab8f14f31187d550a9e75d8c6d72deddada87d4a,BASE_tracked_observed_atom_name_to_sha_attested_parent_ccd_exact_mapping,true
CYS_SG_SAMPLE_INDEX_000002,6BV8,JUG,CAI,C,11,11,CAI,C,0,11,true,true,false,96aad302f8a2d416f4e8165465ffdf5326715c26e96e61a2773644ff0df22d6a,96aad302f8a2d416f4e8165465ffdf5326715c26e96e61a2773644ff0df22d6a,data/derived/covalent_small/covapie_sample_preparation_execution_smoke_v0/samples/6BV8_JUG/ligand_atom_table.csv,13d2148bbcf544b62bd256b7ab8f14f31187d550a9e75d8c6d72deddada87d4a,BASE_tracked_observed_atom_name_to_sha_attested_parent_ccd_exact_mapping,true
CYS_SG_SAMPLE_INDEX_000002,6BV8,JUG,OAC,O,12,12,OAC,O,0,12,true,true,false,96aad302f8a2d416f4e8165465ffdf5326715c26e96e61a2773644ff0df22d6a,96aad302f8a2d416f4e8165465ffdf5326715c26e96e61a2773644ff0df22d6a,data/derived/covalent_small/covapie_sample_preparation_execution_smoke_v0/samples/6BV8_JUG/ligand_atom_table.csv,13d2148bbcf544b62bd256b7ab8f14f31187d550a9e75d8c6d72deddada87d4a,BASE_tracked_observed_atom_name_to_sha_attested_parent_ccd_exact_mapping,true
CYS_SG_SAMPLE_INDEX_000003,6BV5,JUG,OAA,O,0,0,OAA,O,0,0,true,true,false,96aad302f8a2d416f4e8165465ffdf5326715c26e96e61a2773644ff0df22d6a,96aad302f8a2d416f4e8165465ffdf5326715c26e96e61a2773644ff0df22d6a,data/derived/covalent_small/covapie_sample_preparation_execution_smoke_v0/samples/6BV5_JUG/ligand_atom_table.csv,0f375a441d3d1718dfdbf084aebae0c4612aaae7905c8131018bed671fb6c70e,BASE_tracked_observed_atom_name_to_sha_attested_parent_ccd_exact_mapping,true
CYS_SG_SAMPLE_INDEX_000003,6BV5,JUG,CAJ,C,1,1,CAJ,C,0,1,true,true,false,96aad302f8a2d416f4e8165465ffdf5326715c26e96e61a2773644ff0df22d6a,96aad302f8a2d416f4e8165465ffdf5326715c26e96e61a2773644ff0df22d6a,data/derived/covalent_small/covapie_sample_preparation_execution_smoke_v0/samples/6BV5_JUG/ligand_atom_table.csv,0f375a441d3d1718dfdbf084aebae0c4612aaae7905c8131018bed671fb6c70e,BASE_tracked_observed_atom_name_to_sha_attested_parent_ccd_exact_mapping,true
CYS_SG_SAMPLE_INDEX_000003,6BV5,JUG,CAF,C,2,2,CAF,C,0,2,true,true,false,96aad302f8a2d416f4e8165465ffdf5326715c26e96e61a2773644ff0df22d6a,96aad302f8a2d416f4e8165465ffdf5326715c26e96e61a2773644ff0df22d6a,data/derived/covalent_small/covapie_sample_preparation_execution_smoke_v0/samples/6BV5_JUG/ligand_atom_table.csv,0f375a441d3d1718dfdbf084aebae0c4612aaae7905c8131018bed671fb6c70e,BASE_tracked_observed_atom_name_to_sha_attested_parent_ccd_exact_mapping,true
CYS_SG_SAMPLE_INDEX_000003,6BV5,JUG,CAG,C,3,3,CAG,C,0,3,true,true,true,96aad302f8a2d416f4e8165465ffdf5326715c26e96e61a2773644ff0df22d6a,96aad302f8a2d416f4e8165465ffdf5326715c26e96e61a2773644ff0df22d6a,data/derived/covalent_small/covapie_sample_preparation_execution_smoke_v0/samples/6BV5_JUG/ligand_atom_table.csv,0f375a441d3d1718dfdbf084aebae0c4612aaae7905c8131018bed671fb6c70e,BASE_tracked_observed_atom_name_to_sha_attested_parent_ccd_exact_mapping,true
CYS_SG_SAMPLE_INDEX_000003,6BV5,JUG,CAK,C,4,4,CAK,C,0,4,true,true,false,96aad302f8a2d416f4e8165465ffdf5326715c26e96e61a2773644ff0df22d6a,96aad302f8a2d416f4e8165465ffdf5326715c26e96e61a2773644ff0df22d6a,data/derived/covalent_small/covapie_sample_preparation_execution_smoke_v0/samples/6BV5_JUG/ligand_atom_table.csv,0f375a441d3d1718dfdbf084aebae0c4612aaae7905c8131018bed671fb6c70e,BASE_tracked_observed_atom_name_to_sha_attested_parent_ccd_exact_mapping,true
CYS_SG_SAMPLE_INDEX_000003,6BV5,JUG,OAB,O,5,5,OAB,O,0,5,true,true,false,96aad302f8a2d416f4e8165465ffdf5326715c26e96e61a2773644ff0df22d6a,96aad302f8a2d416f4e8165465ffdf5326715c26e96e61a2773644ff0df22d6a,data/derived/covalent_small/covapie_sample_preparation_execution_smoke_v0/samples/6BV5_JUG/ligand_atom_table.csv,0f375a441d3d1718dfdbf084aebae0c4612aaae7905c8131018bed671fb6c70e,BASE_tracked_observed_atom_name_to_sha_attested_parent_ccd_exact_mapping,true
CYS_SG_SAMPLE_INDEX_000003,6BV5,JUG,CAM,C,6,6,CAM,C,0,6,true,true,false,96aad302f8a2d416f4e8165465ffdf5326715c26e96e61a2773644ff0df22d6a,96aad302f8a2d416f4e8165465ffdf5326715c26e96e61a2773644ff0df22d6a,data/derived/covalent_small/covapie_sample_preparation_execution_smoke_v0/samples/6BV5_JUG/ligand_atom_table.csv,0f375a441d3d1718dfdbf084aebae0c4612aaae7905c8131018bed671fb6c70e,BASE_tracked_observed_atom_name_to_sha_attested_parent_ccd_exact_mapping,true
CYS_SG_SAMPLE_INDEX_000003,6BV5,JUG,CAL,C,7,7,CAL,C,0,7,true,true,false,96aad302f8a2d416f4e8165465ffdf5326715c26e96e61a2773644ff0df22d6a,96aad302f8a2d416f4e8165465ffdf5326715c26e96e61a2773644ff0df22d6a,data/derived/covalent_small/covapie_sample_preparation_execution_smoke_v0/samples/6BV5_JUG/ligand_atom_table.csv,0f375a441d3d1718dfdbf084aebae0c4612aaae7905c8131018bed671fb6c70e,BASE_tracked_observed_atom_name_to_sha_attested_parent_ccd_exact_mapping,true
CYS_SG_SAMPLE_INDEX_000003,6BV5,JUG,CAH,C,8,8,CAH,C,0,8,true,true,false,96aad302f8a2d416f4e8165465ffdf5326715c26e96e61a2773644ff0df22d6a,96aad302f8a2d416f4e8165465ffdf5326715c26e96e61a2773644ff0df22d6a,data/derived/covalent_small/covapie_sample_preparation_execution_smoke_v0/samples/6BV5_JUG/ligand_atom_table.csv,0f375a441d3d1718dfdbf084aebae0c4612aaae7905c8131018bed671fb6c70e,BASE_tracked_observed_atom_name_to_sha_attested_parent_ccd_exact_mapping,true
CYS_SG_SAMPLE_INDEX_000003,6BV5,JUG,CAD,C,9,9,CAD,C,0,9,true,true,false,96aad302f8a2d416f4e8165465ffdf5326715c26e96e61a2773644ff0df22d6a,96aad302f8a2d416f4e8165465ffdf5326715c26e96e61a2773644ff0df22d6a,data/derived/covalent_small/covapie_sample_preparation_execution_smoke_v0/samples/6BV5_JUG/ligand_atom_table.csv,0f375a441d3d1718dfdbf084aebae0c4612aaae7905c8131018bed671fb6c70e,BASE_tracked_observed_atom_name_to_sha_attested_parent_ccd_exact_mapping,true
CYS_SG_SAMPLE_INDEX_000003,6BV5,JUG,CAE,C,10,10,CAE,C,0,10,true,true,false,96aad302f8a2d416f4e8165465ffdf5326715c26e96e61a2773644ff0df22d6a,96aad302f8a2d416f4e8165465ffdf5326715c26e96e61a2773644ff0df22d6a,data/derived/covalent_small/covapie_sample_preparation_execution_smoke_v0/samples/6BV5_JUG/ligand_atom_table.csv,0f375a441d3d1718dfdbf084aebae0c4612aaae7905c8131018bed671fb6c70e,BASE_tracked_observed_atom_name_to_sha_attested_parent_ccd_exact_mapping,true
CYS_SG_SAMPLE_INDEX_000003,6BV5,JUG,CAI,C,11,11,CAI,C,0,11,true,true,false,96aad302f8a2d416f4e8165465ffdf5326715c26e96e61a2773644ff0df22d6a,96aad302f8a2d416f4e8165465ffdf5326715c26e96e61a2773644ff0df22d6a,data/derived/covalent_small/covapie_sample_preparation_execution_smoke_v0/samples/6BV5_JUG/ligand_atom_table.csv,0f375a441d3d1718dfdbf084aebae0c4612aaae7905c8131018bed671fb6c70e,BASE_tracked_observed_atom_name_to_sha_attested_parent_ccd_exact_mapping,true
CYS_SG_SAMPLE_INDEX_000003,6BV5,JUG,OAC,O,12,12,OAC,O,0,12,true,true,false,96aad302f8a2d416f4e8165465ffdf5326715c26e96e61a2773644ff0df22d6a,96aad302f8a2d416f4e8165465ffdf5326715c26e96e61a2773644ff0df22d6a,data/derived/covalent_small/covapie_sample_preparation_execution_smoke_v0/samples/6BV5_JUG/ligand_atom_table.csv,0f375a441d3d1718dfdbf084aebae0c4612aaae7905c8131018bed671fb6c70e,BASE_tracked_observed_atom_name_to_sha_attested_parent_ccd_exact_mapping,true
CYS_SG_SAMPLE_INDEX_000004,1AEC,E64,C1,C,0,0,C1,C,0,0,true,true,false,1f220cbfcc2f98d0b6f2ca7d9779c67cfd6f0b622c789fc6fe3e9d81ea218e31,1f220cbfcc2f98d0b6f2ca7d9779c67cfd6f0b622c789fc6fe3e9d81ea218e31,data/derived/covalent_small/covapie_independent_group_expansion_batch_sample_preparation_execution_smoke_v0/samples/1AEC_E64/ligand_atom_table.csv,02f4f7157da8318076290de0b36d21c2e40233e45e315264a67209dd2b4dc0cf,BASE_tracked_observed_atom_name_to_sha_attested_parent_ccd_exact_mapping,true
CYS_SG_SAMPLE_INDEX_000004,1AEC,E64,O1,O,1,1,O1,O,0,1,true,true,false,1f220cbfcc2f98d0b6f2ca7d9779c67cfd6f0b622c789fc6fe3e9d81ea218e31,1f220cbfcc2f98d0b6f2ca7d9779c67cfd6f0b622c789fc6fe3e9d81ea218e31,data/derived/covalent_small/covapie_independent_group_expansion_batch_sample_preparation_execution_smoke_v0/samples/1AEC_E64/ligand_atom_table.csv,02f4f7157da8318076290de0b36d21c2e40233e45e315264a67209dd2b4dc0cf,BASE_tracked_observed_atom_name_to_sha_attested_parent_ccd_exact_mapping,true
CYS_SG_SAMPLE_INDEX_000004,1AEC,E64,O2,O,2,2,O2,O,0,2,true,true,false,1f220cbfcc2f98d0b6f2ca7d9779c67cfd6f0b622c789fc6fe3e9d81ea218e31,1f220cbfcc2f98d0b6f2ca7d9779c67cfd6f0b622c789fc6fe3e9d81ea218e31,data/derived/covalent_small/covapie_independent_group_expansion_batch_sample_preparation_execution_smoke_v0/samples/1AEC_E64/ligand_atom_table.csv,02f4f7157da8318076290de0b36d21c2e40233e45e315264a67209dd2b4dc0cf,BASE_tracked_observed_atom_name_to_sha_attested_parent_ccd_exact_mapping,true
CYS_SG_SAMPLE_INDEX_000004,1AEC,E64,C2,C,3,3,C2,C,0,3,true,true,true,1f220cbfcc2f98d0b6f2ca7d9779c67cfd6f0b622c789fc6fe3e9d81ea218e31,1f220cbfcc2f98d0b6f2ca7d9779c67cfd6f0b622c789fc6fe3e9d81ea218e31,data/derived/covalent_small/covapie_independent_group_expansion_batch_sample_preparation_execution_smoke_v0/samples/1AEC_E64/ligand_atom_table.csv,02f4f7157da8318076290de0b36d21c2e40233e45e315264a67209dd2b4dc0cf,BASE_tracked_observed_atom_name_to_sha_attested_parent_ccd_exact_mapping,true
CYS_SG_SAMPLE_INDEX_000004,1AEC,E64,C3,C,4,4,C3,C,0,4,true,true,false,1f220cbfcc2f98d0b6f2ca7d9779c67cfd6f0b622c789fc6fe3e9d81ea218e31,1f220cbfcc2f98d0b6f2ca7d9779c67cfd6f0b622c789fc6fe3e9d81ea218e31,data/derived/covalent_small/covapie_independent_group_expansion_batch_sample_preparation_execution_smoke_v0/samples/1AEC_E64/ligand_atom_table.csv,02f4f7157da8318076290de0b36d21c2e40233e45e315264a67209dd2b4dc0cf,BASE_tracked_observed_atom_name_to_sha_attested_parent_ccd_exact_mapping,true
CYS_SG_SAMPLE_INDEX_000004,1AEC,E64,O3,O,5,5,O3,O,0,5,true,true,false,1f220cbfcc2f98d0b6f2ca7d9779c67cfd6f0b622c789fc6fe3e9d81ea218e31,1f220cbfcc2f98d0b6f2ca7d9779c67cfd6f0b622c789fc6fe3e9d81ea218e31,data/derived/covalent_small/covapie_independent_group_expansion_batch_sample_preparation_execution_smoke_v0/samples/1AEC_E64/ligand_atom_table.csv,02f4f7157da8318076290de0b36d21c2e40233e45e315264a67209dd2b4dc0cf,BASE_tracked_observed_atom_name_to_sha_attested_parent_ccd_exact_mapping,true
CYS_SG_SAMPLE_INDEX_000004,1AEC,E64,C4,C,6,6,C4,C,0,6,true,true,false,1f220cbfcc2f98d0b6f2ca7d9779c67cfd6f0b622c789fc6fe3e9d81ea218e31,1f220cbfcc2f98d0b6f2ca7d9779c67cfd6f0b622c789fc6fe3e9d81ea218e31,data/derived/covalent_small/covapie_independent_group_expansion_batch_sample_preparation_execution_smoke_v0/samples/1AEC_E64/ligand_atom_table.csv,02f4f7157da8318076290de0b36d21c2e40233e45e315264a67209dd2b4dc0cf,BASE_tracked_observed_atom_name_to_sha_attested_parent_ccd_exact_mapping,true
CYS_SG_SAMPLE_INDEX_000004,1AEC,E64,O4,O,7,7,O4,O,0,7,true,true,false,1f220cbfcc2f98d0b6f2ca7d9779c67cfd6f0b622c789fc6fe3e9d81ea218e31,1f220cbfcc2f98d0b6f2ca7d9779c67cfd6f0b622c789fc6fe3e9d81ea218e31,data/derived/covalent_small/covapie_independent_group_expansion_batch_sample_preparation_execution_smoke_v0/samples/1AEC_E64/ligand_atom_table.csv,02f4f7157da8318076290de0b36d21c2e40233e45e315264a67209dd2b4dc0cf,BASE_tracked_observed_atom_name_to_sha_attested_parent_ccd_exact_mapping,true
CYS_SG_SAMPLE_INDEX_000004,1AEC,E64,N1,N,8,8,N1,N,0,8,true,true,false,1f220cbfcc2f98d0b6f2ca7d9779c67cfd6f0b622c789fc6fe3e9d81ea218e31,1f220cbfcc2f98d0b6f2ca7d9779c67cfd6f0b622c789fc6fe3e9d81ea218e31,data/derived/covalent_small/covapie_independent_group_expansion_batch_sample_preparation_execution_smoke_v0/samples/1AEC_E64/ligand_atom_table.csv,02f4f7157da8318076290de0b36d21c2e40233e45e315264a67209dd2b4dc0cf,BASE_tracked_observed_atom_name_to_sha_attested_parent_ccd_exact_mapping,true
CYS_SG_SAMPLE_INDEX_000004,1AEC,E64,C6,C,9,9,C6,C,0,9,true,true,false,1f220cbfcc2f98d0b6f2ca7d9779c67cfd6f0b622c789fc6fe3e9d81ea218e31,1f220cbfcc2f98d0b6f2ca7d9779c67cfd6f0b622c789fc6fe3e9d81ea218e31,data/derived/covalent_small/covapie_independent_group_expansion_batch_sample_preparation_execution_smoke_v0/samples/1AEC_E64/ligand_atom_table.csv,02f4f7157da8318076290de0b36d21c2e40233e45e315264a67209dd2b4dc0cf,BASE_tracked_observed_atom_name_to_sha_attested_parent_ccd_exact_mapping,true
CYS_SG_SAMPLE_INDEX_000004,1AEC,E64,C7,C,10,10,C7,C,0,10,true,true,false,1f220cbfcc2f98d0b6f2ca7d9779c67cfd6f0b622c789fc6fe3e9d81ea218e31,1f220cbfcc2f98d0b6f2ca7d9779c67cfd6f0b622c789fc6fe3e9d81ea218e31,data/derived/covalent_small/covapie_independent_group_expansion_batch_sample_preparation_execution_smoke_v0/samples/1AEC_E64/ligand_atom_table.csv,02f4f7157da8318076290de0b36d21c2e40233e45e315264a67209dd2b4dc0cf,BASE_tracked_observed_atom_name_to_sha_attested_parent_ccd_exact_mapping,true
CYS_SG_SAMPLE_INDEX_000004,1AEC,E64,C8,C,11,11,C8,C,0,11,true,true,false,1f220cbfcc2f98d0b6f2ca7d9779c67cfd6f0b622c789fc6fe3e9d81ea218e31,1f220cbfcc2f98d0b6f2ca7d9779c67cfd6f0b622c789fc6fe3e9d81ea218e31,data/derived/covalent_small/covapie_independent_group_expansion_batch_sample_preparation_execution_smoke_v0/samples/1AEC_E64/ligand_atom_table.csv,02f4f7157da8318076290de0b36d21c2e40233e45e315264a67209dd2b4dc0cf,BASE_tracked_observed_atom_name_to_sha_attested_parent_ccd_exact_mapping,true
CYS_SG_SAMPLE_INDEX_000004,1AEC,E64,C9,C,12,12,C9,C,0,12,true,true,false,1f220cbfcc2f98d0b6f2ca7d9779c67cfd6f0b622c789fc6fe3e9d81ea218e31,1f220cbfcc2f98d0b6f2ca7d9779c67cfd6f0b622c789fc6fe3e9d81ea218e31,data/derived/covalent_small/covapie_independent_group_expansion_batch_sample_preparation_execution_smoke_v0/samples/1AEC_E64/ligand_atom_table.csv,02f4f7157da8318076290de0b36d21c2e40233e45e315264a67209dd2b4dc0cf,BASE_tracked_observed_atom_name_to_sha_attested_parent_ccd_exact_mapping,true
CYS_SG_SAMPLE_INDEX_000004,1AEC,E64,C10,C,13,13,C10,C,0,13,true,true,false,1f220cbfcc2f98d0b6f2ca7d9779c67cfd6f0b622c789fc6fe3e9d81ea218e31,1f220cbfcc2f98d0b6f2ca7d9779c67cfd6f0b622c789fc6fe3e9d81ea218e31,data/derived/covalent_small/covapie_independent_group_expansion_batch_sample_preparation_execution_smoke_v0/samples/1AEC_E64/ligand_atom_table.csv,02f4f7157da8318076290de0b36d21c2e40233e45e315264a67209dd2b4dc0cf,BASE_tracked_observed_atom_name_to_sha_attested_parent_ccd_exact_mapping,true
CYS_SG_SAMPLE_INDEX_000004,1AEC,E64,C11,C,14,14,C11,C,0,14,true,true,false,1f220cbfcc2f98d0b6f2ca7d9779c67cfd6f0b622c789fc6fe3e9d81ea218e31,1f220cbfcc2f98d0b6f2ca7d9779c67cfd6f0b622c789fc6fe3e9d81ea218e31,data/derived/covalent_small/covapie_independent_group_expansion_batch_sample_preparation_execution_smoke_v0/samples/1AEC_E64/ligand_atom_table.csv,02f4f7157da8318076290de0b36d21c2e40233e45e315264a67209dd2b4dc0cf,BASE_tracked_observed_atom_name_to_sha_attested_parent_ccd_exact_mapping,true
CYS_SG_SAMPLE_INDEX_000004,1AEC,E64,O5,O,15,15,O5,O,0,15,true,true,false,1f220cbfcc2f98d0b6f2ca7d9779c67cfd6f0b622c789fc6fe3e9d81ea218e31,1f220cbfcc2f98d0b6f2ca7d9779c67cfd6f0b622c789fc6fe3e9d81ea218e31,data/derived/covalent_small/covapie_independent_group_expansion_batch_sample_preparation_execution_smoke_v0/samples/1AEC_E64/ligand_atom_table.csv,02f4f7157da8318076290de0b36d21c2e40233e45e315264a67209dd2b4dc0cf,BASE_tracked_observed_atom_name_to_sha_attested_parent_ccd_exact_mapping,true
CYS_SG_SAMPLE_INDEX_000004,1AEC,E64,N2,N,16,16,N2,N,0,16,true,true,false,1f220cbfcc2f98d0b6f2ca7d9779c67cfd6f0b622c789fc6fe3e9d81ea218e31,1f220cbfcc2f98d0b6f2ca7d9779c67cfd6f0b622c789fc6fe3e9d81ea218e31,data/derived/covalent_small/covapie_independent_group_expansion_batch_sample_preparation_execution_smoke_v0/samples/1AEC_E64/ligand_atom_table.csv,02f4f7157da8318076290de0b36d21c2e40233e45e315264a67209dd2b4dc0cf,BASE_tracked_observed_atom_name_to_sha_attested_parent_ccd_exact_mapping,true
CYS_SG_SAMPLE_INDEX_000004,1AEC,E64,C12,C,17,17,C12,C,0,17,true,true,false,1f220cbfcc2f98d0b6f2ca7d9779c67cfd6f0b622c789fc6fe3e9d81ea218e31,1f220cbfcc2f98d0b6f2ca7d9779c67cfd6f0b622c789fc6fe3e9d81ea218e31,data/derived/covalent_small/covapie_independent_group_expansion_batch_sample_preparation_execution_smoke_v0/samples/1AEC_E64/ligand_atom_table.csv,02f4f7157da8318076290de0b36d21c2e40233e45e315264a67209dd2b4dc0cf,BASE_tracked_observed_atom_name_to_sha_attested_parent_ccd_exact_mapping,true
CYS_SG_SAMPLE_INDEX_000004,1AEC,E64,C13,C,18,18,C13,C,0,18,true,true,false,1f220cbfcc2f98d0b6f2ca7d9779c67cfd6f0b622c789fc6fe3e9d81ea218e31,1f220cbfcc2f98d0b6f2ca7d9779c67cfd6f0b622c789fc6fe3e9d81ea218e31,data/derived/covalent_small/covapie_independent_group_expansion_batch_sample_preparation_execution_smoke_v0/samples/1AEC_E64/ligand_atom_table.csv,02f4f7157da8318076290de0b36d21c2e40233e45e315264a67209dd2b4dc0cf,BASE_tracked_observed_atom_name_to_sha_attested_parent_ccd_exact_mapping,true
CYS_SG_SAMPLE_INDEX_000004,1AEC,E64,C14,C,19,19,C14,C,0,19,true,true,false,1f220cbfcc2f98d0b6f2ca7d9779c67cfd6f0b622c789fc6fe3e9d81ea218e31,1f220cbfcc2f98d0b6f2ca7d9779c67cfd6f0b622c789fc6fe3e9d81ea218e31,data/derived/covalent_small/covapie_independent_group_expansion_batch_sample_preparation_execution_smoke_v0/samples/1AEC_E64/ligand_atom_table.csv,02f4f7157da8318076290de0b36d21c2e40233e45e315264a67209dd2b4dc0cf,BASE_tracked_observed_atom_name_to_sha_attested_parent_ccd_exact_mapping,true
CYS_SG_SAMPLE_INDEX_000004,1AEC,E64,C15,C,20,20,C15,C,0,20,true,true,false,1f220cbfcc2f98d0b6f2ca7d9779c67cfd6f0b622c789fc6fe3e9d81ea218e31,1f220cbfcc2f98d0b6f2ca7d9779c67cfd6f0b622c789fc6fe3e9d81ea218e31,data/derived/covalent_small/covapie_independent_group_expansion_batch_sample_preparation_execution_smoke_v0/samples/1AEC_E64/ligand_atom_table.csv,02f4f7157da8318076290de0b36d21c2e40233e45e315264a67209dd2b4dc0cf,BASE_tracked_observed_atom_name_to_sha_attested_parent_ccd_exact_mapping,true
CYS_SG_SAMPLE_INDEX_000004,1AEC,E64,N3,N,21,21,N3,N,0,21,true,true,false,1f220cbfcc2f98d0b6f2ca7d9779c67cfd6f0b622c789fc6fe3e9d81ea218e31,1f220cbfcc2f98d0b6f2ca7d9779c67cfd6f0b622c789fc6fe3e9d81ea218e31,data/derived/covalent_small/covapie_independent_group_expansion_batch_sample_preparation_execution_smoke_v0/samples/1AEC_E64/ligand_atom_table.csv,02f4f7157da8318076290de0b36d21c2e40233e45e315264a67209dd2b4dc0cf,BASE_tracked_observed_atom_name_to_sha_attested_parent_ccd_exact_mapping,true
CYS_SG_SAMPLE_INDEX_000004,1AEC,E64,C16,C,22,22,C16,C,0,22,true,true,false,1f220cbfcc2f98d0b6f2ca7d9779c67cfd6f0b622c789fc6fe3e9d81ea218e31,1f220cbfcc2f98d0b6f2ca7d9779c67cfd6f0b622c789fc6fe3e9d81ea218e31,data/derived/covalent_small/covapie_independent_group_expansion_batch_sample_preparation_execution_smoke_v0/samples/1AEC_E64/ligand_atom_table.csv,02f4f7157da8318076290de0b36d21c2e40233e45e315264a67209dd2b4dc0cf,BASE_tracked_observed_atom_name_to_sha_attested_parent_ccd_exact_mapping,true
CYS_SG_SAMPLE_INDEX_000004,1AEC,E64,N4,N,23,23,N4,N,0,23,true,true,false,1f220cbfcc2f98d0b6f2ca7d9779c67cfd6f0b622c789fc6fe3e9d81ea218e31,1f220cbfcc2f98d0b6f2ca7d9779c67cfd6f0b622c789fc6fe3e9d81ea218e31,data/derived/covalent_small/covapie_independent_group_expansion_batch_sample_preparation_execution_smoke_v0/samples/1AEC_E64/ligand_atom_table.csv,02f4f7157da8318076290de0b36d21c2e40233e45e315264a67209dd2b4dc0cf,BASE_tracked_observed_atom_name_to_sha_attested_parent_ccd_exact_mapping,true
CYS_SG_SAMPLE_INDEX_000004,1AEC,E64,N5,N,24,24,N5,N,1,24,true,true,false,1f220cbfcc2f98d0b6f2ca7d9779c67cfd6f0b622c789fc6fe3e9d81ea218e31,1f220cbfcc2f98d0b6f2ca7d9779c67cfd6f0b622c789fc6fe3e9d81ea218e31,data/derived/covalent_small/covapie_independent_group_expansion_batch_sample_preparation_execution_smoke_v0/samples/1AEC_E64/ligand_atom_table.csv,02f4f7157da8318076290de0b36d21c2e40233e45e315264a67209dd2b4dc0cf,BASE_tracked_observed_atom_name_to_sha_attested_parent_ccd_exact_mapping,true
CYS_SG_SAMPLE_INDEX_000005,1AIM,ZYA,C1,C,0,0,C1,C,0,0,true,true,false,3aeb30f23baca71d3bc2be918814015ebc55ad159a2f2a00751f3d757fee23f9,9867361b0f4625bd935f4831115eb3fca234ccd0ed34635ac973d180e84ed212,data/derived/covalent_small/covapie_independent_group_expansion_batch_sample_preparation_execution_smoke_v0/samples/1AIM_ZYA/ligand_atom_table.csv,a813b57350cfd2bfae664c7b0d7d92a0d5359b8b1274d39eae0a97a76f61bdfa,BASE_tracked_observed_atom_name_to_sha_attested_parent_ccd_exact_mapping,true
CYS_SG_SAMPLE_INDEX_000005,1AIM,ZYA,O1,O,1,1,O1,O,0,1,true,true,false,3aeb30f23baca71d3bc2be918814015ebc55ad159a2f2a00751f3d757fee23f9,9867361b0f4625bd935f4831115eb3fca234ccd0ed34635ac973d180e84ed212,data/derived/covalent_small/covapie_independent_group_expansion_batch_sample_preparation_execution_smoke_v0/samples/1AIM_ZYA/ligand_atom_table.csv,a813b57350cfd2bfae664c7b0d7d92a0d5359b8b1274d39eae0a97a76f61bdfa,BASE_tracked_observed_atom_name_to_sha_attested_parent_ccd_exact_mapping,true
CYS_SG_SAMPLE_INDEX_000005,1AIM,ZYA,O2,O,2,2,O2,O,0,2,true,true,false,3aeb30f23baca71d3bc2be918814015ebc55ad159a2f2a00751f3d757fee23f9,9867361b0f4625bd935f4831115eb3fca234ccd0ed34635ac973d180e84ed212,data/derived/covalent_small/covapie_independent_group_expansion_batch_sample_preparation_execution_smoke_v0/samples/1AIM_ZYA/ligand_atom_table.csv,a813b57350cfd2bfae664c7b0d7d92a0d5359b8b1274d39eae0a97a76f61bdfa,BASE_tracked_observed_atom_name_to_sha_attested_parent_ccd_exact_mapping,true
CYS_SG_SAMPLE_INDEX_000005,1AIM,ZYA,C2,C,3,3,C2,C,0,3,true,true,false,3aeb30f23baca71d3bc2be918814015ebc55ad159a2f2a00751f3d757fee23f9,9867361b0f4625bd935f4831115eb3fca234ccd0ed34635ac973d180e84ed212,data/derived/covalent_small/covapie_independent_group_expansion_batch_sample_preparation_execution_smoke_v0/samples/1AIM_ZYA/ligand_atom_table.csv,a813b57350cfd2bfae664c7b0d7d92a0d5359b8b1274d39eae0a97a76f61bdfa,BASE_tracked_observed_atom_name_to_sha_attested_parent_ccd_exact_mapping,true
CYS_SG_SAMPLE_INDEX_000005,1AIM,ZYA,C3,C,4,4,C3,C,0,4,true,true,false,3aeb30f23baca71d3bc2be918814015ebc55ad159a2f2a00751f3d757fee23f9,9867361b0f4625bd935f4831115eb3fca234ccd0ed34635ac973d180e84ed212,data/derived/covalent_small/covapie_independent_group_expansion_batch_sample_preparation_execution_smoke_v0/samples/1AIM_ZYA/ligand_atom_table.csv,a813b57350cfd2bfae664c7b0d7d92a0d5359b8b1274d39eae0a97a76f61bdfa,BASE_tracked_observed_atom_name_to_sha_attested_parent_ccd_exact_mapping,true
CYS_SG_SAMPLE_INDEX_000005,1AIM,ZYA,C4,C,5,5,C4,C,0,5,true,true,false,3aeb30f23baca71d3bc2be918814015ebc55ad159a2f2a00751f3d757fee23f9,9867361b0f4625bd935f4831115eb3fca234ccd0ed34635ac973d180e84ed212,data/derived/covalent_small/covapie_independent_group_expansion_batch_sample_preparation_execution_smoke_v0/samples/1AIM_ZYA/ligand_atom_table.csv,a813b57350cfd2bfae664c7b0d7d92a0d5359b8b1274d39eae0a97a76f61bdfa,BASE_tracked_observed_atom_name_to_sha_attested_parent_ccd_exact_mapping,true
CYS_SG_SAMPLE_INDEX_000005,1AIM,ZYA,C5,C,6,6,C5,C,0,6,true,true,false,3aeb30f23baca71d3bc2be918814015ebc55ad159a2f2a00751f3d757fee23f9,9867361b0f4625bd935f4831115eb3fca234ccd0ed34635ac973d180e84ed212,data/derived/covalent_small/covapie_independent_group_expansion_batch_sample_preparation_execution_smoke_v0/samples/1AIM_ZYA/ligand_atom_table.csv,a813b57350cfd2bfae664c7b0d7d92a0d5359b8b1274d39eae0a97a76f61bdfa,BASE_tracked_observed_atom_name_to_sha_attested_parent_ccd_exact_mapping,true
CYS_SG_SAMPLE_INDEX_000005,1AIM,ZYA,C6,C,7,7,C6,C,0,7,true,true,false,3aeb30f23baca71d3bc2be918814015ebc55ad159a2f2a00751f3d757fee23f9,9867361b0f4625bd935f4831115eb3fca234ccd0ed34635ac973d180e84ed212,data/derived/covalent_small/covapie_independent_group_expansion_batch_sample_preparation_execution_smoke_v0/samples/1AIM_ZYA/ligand_atom_table.csv,a813b57350cfd2bfae664c7b0d7d92a0d5359b8b1274d39eae0a97a76f61bdfa,BASE_tracked_observed_atom_name_to_sha_attested_parent_ccd_exact_mapping,true
CYS_SG_SAMPLE_INDEX_000005,1AIM,ZYA,C7,C,8,8,C7,C,0,8,true,true,false,3aeb30f23baca71d3bc2be918814015ebc55ad159a2f2a00751f3d757fee23f9,9867361b0f4625bd935f4831115eb3fca234ccd0ed34635ac973d180e84ed212,data/derived/covalent_small/covapie_independent_group_expansion_batch_sample_preparation_execution_smoke_v0/samples/1AIM_ZYA/ligand_atom_table.csv,a813b57350cfd2bfae664c7b0d7d92a0d5359b8b1274d39eae0a97a76f61bdfa,BASE_tracked_observed_atom_name_to_sha_attested_parent_ccd_exact_mapping,true
CYS_SG_SAMPLE_INDEX_000005,1AIM,ZYA,C8,C,9,9,C8,C,0,9,true,true,false,3aeb30f23baca71d3bc2be918814015ebc55ad159a2f2a00751f3d757fee23f9,9867361b0f4625bd935f4831115eb3fca234ccd0ed34635ac973d180e84ed212,data/derived/covalent_small/covapie_independent_group_expansion_batch_sample_preparation_execution_smoke_v0/samples/1AIM_ZYA/ligand_atom_table.csv,a813b57350cfd2bfae664c7b0d7d92a0d5359b8b1274d39eae0a97a76f61bdfa,BASE_tracked_observed_atom_name_to_sha_attested_parent_ccd_exact_mapping,true
CYS_SG_SAMPLE_INDEX_000005,1AIM,ZYA,N1,N,10,10,N1,N,0,10,true,true,false,3aeb30f23baca71d3bc2be918814015ebc55ad159a2f2a00751f3d757fee23f9,9867361b0f4625bd935f4831115eb3fca234ccd0ed34635ac973d180e84ed212,data/derived/covalent_small/covapie_independent_group_expansion_batch_sample_preparation_execution_smoke_v0/samples/1AIM_ZYA/ligand_atom_table.csv,a813b57350cfd2bfae664c7b0d7d92a0d5359b8b1274d39eae0a97a76f61bdfa,BASE_tracked_observed_atom_name_to_sha_attested_parent_ccd_exact_mapping,true
CYS_SG_SAMPLE_INDEX_000005,1AIM,ZYA,CA1,C,11,11,CA1,C,0,11,true,true,false,3aeb30f23baca71d3bc2be918814015ebc55ad159a2f2a00751f3d757fee23f9,9867361b0f4625bd935f4831115eb3fca234ccd0ed34635ac973d180e84ed212,data/derived/covalent_small/covapie_independent_group_expansion_batch_sample_preparation_execution_smoke_v0/samples/1AIM_ZYA/ligand_atom_table.csv,a813b57350cfd2bfae664c7b0d7d92a0d5359b8b1274d39eae0a97a76f61bdfa,BASE_tracked_observed_atom_name_to_sha_attested_parent_ccd_exact_mapping,true
CYS_SG_SAMPLE_INDEX_000005,1AIM,ZYA,C,C,12,12,C,C,0,12,true,true,false,3aeb30f23baca71d3bc2be918814015ebc55ad159a2f2a00751f3d757fee23f9,9867361b0f4625bd935f4831115eb3fca234ccd0ed34635ac973d180e84ed212,data/derived/covalent_small/covapie_independent_group_expansion_batch_sample_preparation_execution_smoke_v0/samples/1AIM_ZYA/ligand_atom_table.csv,a813b57350cfd2bfae664c7b0d7d92a0d5359b8b1274d39eae0a97a76f61bdfa,BASE_tracked_observed_atom_name_to_sha_attested_parent_ccd_exact_mapping,true
CYS_SG_SAMPLE_INDEX_000005,1AIM,ZYA,O,O,13,13,O,O,0,13,true,true,false,3aeb30f23baca71d3bc2be918814015ebc55ad159a2f2a00751f3d757fee23f9,9867361b0f4625bd935f4831115eb3fca234ccd0ed34635ac973d180e84ed212,data/derived/covalent_small/covapie_independent_group_expansion_batch_sample_preparation_execution_smoke_v0/samples/1AIM_ZYA/ligand_atom_table.csv,a813b57350cfd2bfae664c7b0d7d92a0d5359b8b1274d39eae0a97a76f61bdfa,BASE_tracked_observed_atom_name_to_sha_attested_parent_ccd_exact_mapping,true
CYS_SG_SAMPLE_INDEX_000005,1AIM,ZYA,CB1,C,14,14,CB1,C,0,14,true,true,false,3aeb30f23baca71d3bc2be918814015ebc55ad159a2f2a00751f3d757fee23f9,9867361b0f4625bd935f4831115eb3fca234ccd0ed34635ac973d180e84ed212,data/derived/covalent_small/covapie_independent_group_expansion_batch_sample_preparation_execution_smoke_v0/samples/1AIM_ZYA/ligand_atom_table.csv,a813b57350cfd2bfae664c7b0d7d92a0d5359b8b1274d39eae0a97a76f61bdfa,BASE_tracked_observed_atom_name_to_sha_attested_parent_ccd_exact_mapping,true
CYS_SG_SAMPLE_INDEX_000005,1AIM,ZYA,CG,C,15,15,CG,C,0,15,true,true,false,3aeb30f23baca71d3bc2be918814015ebc55ad159a2f2a00751f3d757fee23f9,9867361b0f4625bd935f4831115eb3fca234ccd0ed34635ac973d180e84ed212,data/derived/covalent_small/covapie_independent_group_expansion_batch_sample_preparation_execution_smoke_v0/samples/1AIM_ZYA/ligand_atom_table.csv,a813b57350cfd2bfae664c7b0d7d92a0d5359b8b1274d39eae0a97a76f61bdfa,BASE_tracked_observed_atom_name_to_sha_attested_parent_ccd_exact_mapping,true
CYS_SG_SAMPLE_INDEX_000005,1AIM,ZYA,CD1,C,16,16,CD1,C,0,16,true,true,false,3aeb30f23baca71d3bc2be918814015ebc55ad159a2f2a00751f3d757fee23f9,9867361b0f4625bd935f4831115eb3fca234ccd0ed34635ac973d180e84ed212,data/derived/covalent_small/covapie_independent_group_expansion_batch_sample_preparation_execution_smoke_v0/samples/1AIM_ZYA/ligand_atom_table.csv,a813b57350cfd2bfae664c7b0d7d92a0d5359b8b1274d39eae0a97a76f61bdfa,BASE_tracked_observed_atom_name_to_sha_attested_parent_ccd_exact_mapping,true
CYS_SG_SAMPLE_INDEX_000005,1AIM,ZYA,CD2,C,17,17,CD2,C,0,17,true,true,false,3aeb30f23baca71d3bc2be918814015ebc55ad159a2f2a00751f3d757fee23f9,9867361b0f4625bd935f4831115eb3fca234ccd0ed34635ac973d180e84ed212,data/derived/covalent_small/covapie_independent_group_expansion_batch_sample_preparation_execution_smoke_v0/samples/1AIM_ZYA/ligand_atom_table.csv,a813b57350cfd2bfae664c7b0d7d92a0d5359b8b1274d39eae0a97a76f61bdfa,BASE_tracked_observed_atom_name_to_sha_attested_parent_ccd_exact_mapping,true
CYS_SG_SAMPLE_INDEX_000005,1AIM,ZYA,CE1,C,18,18,CE1,C,0,18,true,true,false,3aeb30f23baca71d3bc2be918814015ebc55ad159a2f2a00751f3d757fee23f9,9867361b0f4625bd935f4831115eb3fca234ccd0ed34635ac973d180e84ed212,data/derived/covalent_small/covapie_independent_group_expansion_batch_sample_preparation_execution_smoke_v0/samples/1AIM_ZYA/ligand_atom_table.csv,a813b57350cfd2bfae664c7b0d7d92a0d5359b8b1274d39eae0a97a76f61bdfa,BASE_tracked_observed_atom_name_to_sha_attested_parent_ccd_exact_mapping,true
CYS_SG_SAMPLE_INDEX_000005,1AIM,ZYA,CE2,C,19,19,CE2,C,0,19,true,true,false,3aeb30f23baca71d3bc2be918814015ebc55ad159a2f2a00751f3d757fee23f9,9867361b0f4625bd935f4831115eb3fca234ccd0ed34635ac973d180e84ed212,data/derived/covalent_small/covapie_independent_group_expansion_batch_sample_preparation_execution_smoke_v0/samples/1AIM_ZYA/ligand_atom_table.csv,a813b57350cfd2bfae664c7b0d7d92a0d5359b8b1274d39eae0a97a76f61bdfa,BASE_tracked_observed_atom_name_to_sha_attested_parent_ccd_exact_mapping,true
CYS_SG_SAMPLE_INDEX_000005,1AIM,ZYA,CZ,C,20,20,CZ,C,0,20,true,true,false,3aeb30f23baca71d3bc2be918814015ebc55ad159a2f2a00751f3d757fee23f9,9867361b0f4625bd935f4831115eb3fca234ccd0ed34635ac973d180e84ed212,data/derived/covalent_small/covapie_independent_group_expansion_batch_sample_preparation_execution_smoke_v0/samples/1AIM_ZYA/ligand_atom_table.csv,a813b57350cfd2bfae664c7b0d7d92a0d5359b8b1274d39eae0a97a76f61bdfa,BASE_tracked_observed_atom_name_to_sha_attested_parent_ccd_exact_mapping,true
CYS_SG_SAMPLE_INDEX_000005,1AIM,ZYA,OH,O,21,21,OH,O,0,21,true,true,false,3aeb30f23baca71d3bc2be918814015ebc55ad159a2f2a00751f3d757fee23f9,9867361b0f4625bd935f4831115eb3fca234ccd0ed34635ac973d180e84ed212,data/derived/covalent_small/covapie_independent_group_expansion_batch_sample_preparation_execution_smoke_v0/samples/1AIM_ZYA/ligand_atom_table.csv,a813b57350cfd2bfae664c7b0d7d92a0d5359b8b1274d39eae0a97a76f61bdfa,BASE_tracked_observed_atom_name_to_sha_attested_parent_ccd_exact_mapping,true
CYS_SG_SAMPLE_INDEX_000005,1AIM,ZYA,N2,N,22,22,N2,N,0,22,true,true,false,3aeb30f23baca71d3bc2be918814015ebc55ad159a2f2a00751f3d757fee23f9,9867361b0f4625bd935f4831115eb3fca234ccd0ed34635ac973d180e84ed212,data/derived/covalent_small/covapie_independent_group_expansion_batch_sample_preparation_execution_smoke_v0/samples/1AIM_ZYA/ligand_atom_table.csv,a813b57350cfd2bfae664c7b0d7d92a0d5359b8b1274d39eae0a97a76f61bdfa,BASE_tracked_observed_atom_name_to_sha_attested_parent_ccd_exact_mapping,true
CYS_SG_SAMPLE_INDEX_000005,1AIM,ZYA,CA2,C,23,23,CA2,C,0,23,true,true,false,3aeb30f23baca71d3bc2be918814015ebc55ad159a2f2a00751f3d757fee23f9,9867361b0f4625bd935f4831115eb3fca234ccd0ed34635ac973d180e84ed212,data/derived/covalent_small/covapie_independent_group_expansion_batch_sample_preparation_execution_smoke_v0/samples/1AIM_ZYA/ligand_atom_table.csv,a813b57350cfd2bfae664c7b0d7d92a0d5359b8b1274d39eae0a97a76f61bdfa,BASE_tracked_observed_atom_name_to_sha_attested_parent_ccd_exact_mapping,true
CYS_SG_SAMPLE_INDEX_000005,1AIM,ZYA,CT,C,24,24,CT,C,0,24,true,true,false,3aeb30f23baca71d3bc2be918814015ebc55ad159a2f2a00751f3d757fee23f9,9867361b0f4625bd935f4831115eb3fca234ccd0ed34635ac973d180e84ed212,data/derived/covalent_small/covapie_independent_group_expansion_batch_sample_preparation_execution_smoke_v0/samples/1AIM_ZYA/ligand_atom_table.csv,a813b57350cfd2bfae664c7b0d7d92a0d5359b8b1274d39eae0a97a76f61bdfa,BASE_tracked_observed_atom_name_to_sha_attested_parent_ccd_exact_mapping,true
CYS_SG_SAMPLE_INDEX_000005,1AIM,ZYA,OT,O,25,25,OT,O,0,25,true,true,false,3aeb30f23baca71d3bc2be918814015ebc55ad159a2f2a00751f3d757fee23f9,9867361b0f4625bd935f4831115eb3fca234ccd0ed34635ac973d180e84ed212,data/derived/covalent_small/covapie_independent_group_expansion_batch_sample_preparation_execution_smoke_v0/samples/1AIM_ZYA/ligand_atom_table.csv,a813b57350cfd2bfae664c7b0d7d92a0d5359b8b1274d39eae0a97a76f61bdfa,BASE_tracked_observed_atom_name_to_sha_attested_parent_ccd_exact_mapping,true
CYS_SG_SAMPLE_INDEX_000005,1AIM,ZYA,CB2,C,26,26,CB2,C,0,26,true,true,false,3aeb30f23baca71d3bc2be918814015ebc55ad159a2f2a00751f3d757fee23f9,9867361b0f4625bd935f4831115eb3fca234ccd0ed34635ac973d180e84ed212,data/derived/covalent_small/covapie_independent_group_expansion_batch_sample_preparation_execution_smoke_v0/samples/1AIM_ZYA/ligand_atom_table.csv,a813b57350cfd2bfae664c7b0d7d92a0d5359b8b1274d39eae0a97a76f61bdfa,BASE_tracked_observed_atom_name_to_sha_attested_parent_ccd_exact_mapping,true
CYS_SG_SAMPLE_INDEX_000005,1AIM,ZYA,CM,C,27,27,CM,C,0,27,true,true,true,3aeb30f23baca71d3bc2be918814015ebc55ad159a2f2a00751f3d757fee23f9,9867361b0f4625bd935f4831115eb3fca234ccd0ed34635ac973d180e84ed212,data/derived/covalent_small/covapie_independent_group_expansion_batch_sample_preparation_execution_smoke_v0/samples/1AIM_ZYA/ligand_atom_table.csv,a813b57350cfd2bfae664c7b0d7d92a0d5359b8b1274d39eae0a97a76f61bdfa,BASE_tracked_observed_atom_name_to_sha_attested_parent_ccd_exact_mapping,true
CYS_SG_SAMPLE_INDEX_000006,1AU3,PCM,C1,C,0,0,C1,C,0,0,true,true,false,242ed3f61168a2e8f38b179bc1e90b4131d75fba516aad185cd8a9c0010a91eb,242ed3f61168a2e8f38b179bc1e90b4131d75fba516aad185cd8a9c0010a91eb,data/derived/covalent_small/covapie_independent_group_expansion_batch_sample_preparation_execution_smoke_v0/samples/1AU3_PCM/ligand_atom_table.csv,90c70d05a0a9c1026c90a6c85b9e1989afa8c51671fe084cbb7f063b9427616a,BASE_tracked_observed_atom_name_to_sha_attested_parent_ccd_exact_mapping,true
CYS_SG_SAMPLE_INDEX_000006,1AU3,PCM,C2,C,1,1,C2,C,0,1,true,true,false,242ed3f61168a2e8f38b179bc1e90b4131d75fba516aad185cd8a9c0010a91eb,242ed3f61168a2e8f38b179bc1e90b4131d75fba516aad185cd8a9c0010a91eb,data/derived/covalent_small/covapie_independent_group_expansion_batch_sample_preparation_execution_smoke_v0/samples/1AU3_PCM/ligand_atom_table.csv,90c70d05a0a9c1026c90a6c85b9e1989afa8c51671fe084cbb7f063b9427616a,BASE_tracked_observed_atom_name_to_sha_attested_parent_ccd_exact_mapping,true
CYS_SG_SAMPLE_INDEX_000006,1AU3,PCM,C3,C,2,2,C3,C,0,2,true,true,false,242ed3f61168a2e8f38b179bc1e90b4131d75fba516aad185cd8a9c0010a91eb,242ed3f61168a2e8f38b179bc1e90b4131d75fba516aad185cd8a9c0010a91eb,data/derived/covalent_small/covapie_independent_group_expansion_batch_sample_preparation_execution_smoke_v0/samples/1AU3_PCM/ligand_atom_table.csv,90c70d05a0a9c1026c90a6c85b9e1989afa8c51671fe084cbb7f063b9427616a,BASE_tracked_observed_atom_name_to_sha_attested_parent_ccd_exact_mapping,true
CYS_SG_SAMPLE_INDEX_000006,1AU3,PCM,C4,C,3,3,C4,C,0,3,true,true,false,242ed3f61168a2e8f38b179bc1e90b4131d75fba516aad185cd8a9c0010a91eb,242ed3f61168a2e8f38b179bc1e90b4131d75fba516aad185cd8a9c0010a91eb,data/derived/covalent_small/covapie_independent_group_expansion_batch_sample_preparation_execution_smoke_v0/samples/1AU3_PCM/ligand_atom_table.csv,90c70d05a0a9c1026c90a6c85b9e1989afa8c51671fe084cbb7f063b9427616a,BASE_tracked_observed_atom_name_to_sha_attested_parent_ccd_exact_mapping,true
CYS_SG_SAMPLE_INDEX_000006,1AU3,PCM,C5,C,4,4,C5,C,0,4,true,true,false,242ed3f61168a2e8f38b179bc1e90b4131d75fba516aad185cd8a9c0010a91eb,242ed3f61168a2e8f38b179bc1e90b4131d75fba516aad185cd8a9c0010a91eb,data/derived/covalent_small/covapie_independent_group_expansion_batch_sample_preparation_execution_smoke_v0/samples/1AU3_PCM/ligand_atom_table.csv,90c70d05a0a9c1026c90a6c85b9e1989afa8c51671fe084cbb7f063b9427616a,BASE_tracked_observed_atom_name_to_sha_attested_parent_ccd_exact_mapping,true
CYS_SG_SAMPLE_INDEX_000006,1AU3,PCM,C6,C,5,5,C6,C,0,5,true,true,false,242ed3f61168a2e8f38b179bc1e90b4131d75fba516aad185cd8a9c0010a91eb,242ed3f61168a2e8f38b179bc1e90b4131d75fba516aad185cd8a9c0010a91eb,data/derived/covalent_small/covapie_independent_group_expansion_batch_sample_preparation_execution_smoke_v0/samples/1AU3_PCM/ligand_atom_table.csv,90c70d05a0a9c1026c90a6c85b9e1989afa8c51671fe084cbb7f063b9427616a,BASE_tracked_observed_atom_name_to_sha_attested_parent_ccd_exact_mapping,true
CYS_SG_SAMPLE_INDEX_000006,1AU3,PCM,C7,C,6,6,C7,C,0,6,true,true,false,242ed3f61168a2e8f38b179bc1e90b4131d75fba516aad185cd8a9c0010a91eb,242ed3f61168a2e8f38b179bc1e90b4131d75fba516aad185cd8a9c0010a91eb,data/derived/covalent_small/covapie_independent_group_expansion_batch_sample_preparation_execution_smoke_v0/samples/1AU3_PCM/ligand_atom_table.csv,90c70d05a0a9c1026c90a6c85b9e1989afa8c51671fe084cbb7f063b9427616a,BASE_tracked_observed_atom_name_to_sha_attested_parent_ccd_exact_mapping,true
CYS_SG_SAMPLE_INDEX_000006,1AU3,PCM,O8,O,7,7,O8,O,0,7,true,true,false,242ed3f61168a2e8f38b179bc1e90b4131d75fba516aad185cd8a9c0010a91eb,242ed3f61168a2e8f38b179bc1e90b4131d75fba516aad185cd8a9c0010a91eb,data/derived/covalent_small/covapie_independent_group_expansion_batch_sample_preparation_execution_smoke_v0/samples/1AU3_PCM/ligand_atom_table.csv,90c70d05a0a9c1026c90a6c85b9e1989afa8c51671fe084cbb7f063b9427616a,BASE_tracked_observed_atom_name_to_sha_attested_parent_ccd_exact_mapping,true
CYS_SG_SAMPLE_INDEX_000006,1AU3,PCM,C9,C,8,8,C9,C,0,8,true,true,false,242ed3f61168a2e8f38b179bc1e90b4131d75fba516aad185cd8a9c0010a91eb,242ed3f61168a2e8f38b179bc1e90b4131d75fba516aad185cd8a9c0010a91eb,data/derived/covalent_small/covapie_independent_group_expansion_batch_sample_preparation_execution_smoke_v0/samples/1AU3_PCM/ligand_atom_table.csv,90c70d05a0a9c1026c90a6c85b9e1989afa8c51671fe084cbb7f063b9427616a,BASE_tracked_observed_atom_name_to_sha_attested_parent_ccd_exact_mapping,true
CYS_SG_SAMPLE_INDEX_000006,1AU3,PCM,O10,O,9,9,O10,O,0,9,true,true,false,242ed3f61168a2e8f38b179bc1e90b4131d75fba516aad185cd8a9c0010a91eb,242ed3f61168a2e8f38b179bc1e90b4131d75fba516aad185cd8a9c0010a91eb,data/derived/covalent_small/covapie_independent_group_expansion_batch_sample_preparation_execution_smoke_v0/samples/1AU3_PCM/ligand_atom_table.csv,90c70d05a0a9c1026c90a6c85b9e1989afa8c51671fe084cbb7f063b9427616a,BASE_tracked_observed_atom_name_to_sha_attested_parent_ccd_exact_mapping,true
CYS_SG_SAMPLE_INDEX_000006,1AU3,PCM,C11,C,10,10,C11,C,0,10,true,true,false,242ed3f61168a2e8f38b179bc1e90b4131d75fba516aad185cd8a9c0010a91eb,242ed3f61168a2e8f38b179bc1e90b4131d75fba516aad185cd8a9c0010a91eb,data/derived/covalent_small/covapie_independent_group_expansion_batch_sample_preparation_execution_smoke_v0/samples/1AU3_PCM/ligand_atom_table.csv,90c70d05a0a9c1026c90a6c85b9e1989afa8c51671fe084cbb7f063b9427616a,BASE_tracked_observed_atom_name_to_sha_attested_parent_ccd_exact_mapping,true
CYS_SG_SAMPLE_INDEX_000006,1AU3,PCM,C12,C,11,11,C12,C,0,11,true,true,false,242ed3f61168a2e8f38b179bc1e90b4131d75fba516aad185cd8a9c0010a91eb,242ed3f61168a2e8f38b179bc1e90b4131d75fba516aad185cd8a9c0010a91eb,data/derived/covalent_small/covapie_independent_group_expansion_batch_sample_preparation_execution_smoke_v0/samples/1AU3_PCM/ligand_atom_table.csv,90c70d05a0a9c1026c90a6c85b9e1989afa8c51671fe084cbb7f063b9427616a,BASE_tracked_observed_atom_name_to_sha_attested_parent_ccd_exact_mapping,true
CYS_SG_SAMPLE_INDEX_000006,1AU3,PCM,C13,C,12,12,C13,C,0,12,true,true,false,242ed3f61168a2e8f38b179bc1e90b4131d75fba516aad185cd8a9c0010a91eb,242ed3f61168a2e8f38b179bc1e90b4131d75fba516aad185cd8a9c0010a91eb,data/derived/covalent_small/covapie_independent_group_expansion_batch_sample_preparation_execution_smoke_v0/samples/1AU3_PCM/ligand_atom_table.csv,90c70d05a0a9c1026c90a6c85b9e1989afa8c51671fe084cbb7f063b9427616a,BASE_tracked_observed_atom_name_to_sha_attested_parent_ccd_exact_mapping,true
CYS_SG_SAMPLE_INDEX_000006,1AU3,PCM,C14,C,13,13,C14,C,0,13,true,true,false,242ed3f61168a2e8f38b179bc1e90b4131d75fba516aad185cd8a9c0010a91eb,242ed3f61168a2e8f38b179bc1e90b4131d75fba516aad185cd8a9c0010a91eb,data/derived/covalent_small/covapie_independent_group_expansion_batch_sample_preparation_execution_smoke_v0/samples/1AU3_PCM/ligand_atom_table.csv,90c70d05a0a9c1026c90a6c85b9e1989afa8c51671fe084cbb7f063b9427616a,BASE_tracked_observed_atom_name_to_sha_attested_parent_ccd_exact_mapping,true
CYS_SG_SAMPLE_INDEX_000006,1AU3,PCM,C15,C,14,14,C15,C,0,14,true,true,false,242ed3f61168a2e8f38b179bc1e90b4131d75fba516aad185cd8a9c0010a91eb,242ed3f61168a2e8f38b179bc1e90b4131d75fba516aad185cd8a9c0010a91eb,data/derived/covalent_small/covapie_independent_group_expansion_batch_sample_preparation_execution_smoke_v0/samples/1AU3_PCM/ligand_atom_table.csv,90c70d05a0a9c1026c90a6c85b9e1989afa8c51671fe084cbb7f063b9427616a,BASE_tracked_observed_atom_name_to_sha_attested_parent_ccd_exact_mapping,true
CYS_SG_SAMPLE_INDEX_000006,1AU3,PCM,C16,C,15,15,C16,C,0,15,true,true,false,242ed3f61168a2e8f38b179bc1e90b4131d75fba516aad185cd8a9c0010a91eb,242ed3f61168a2e8f38b179bc1e90b4131d75fba516aad185cd8a9c0010a91eb,data/derived/covalent_small/covapie_independent_group_expansion_batch_sample_preparation_execution_smoke_v0/samples/1AU3_PCM/ligand_atom_table.csv,90c70d05a0a9c1026c90a6c85b9e1989afa8c51671fe084cbb7f063b9427616a,BASE_tracked_observed_atom_name_to_sha_attested_parent_ccd_exact_mapping,true
CYS_SG_SAMPLE_INDEX_000006,1AU3,PCM,O17,O,16,16,O17,O,0,16,true,true,false,242ed3f61168a2e8f38b179bc1e90b4131d75fba516aad185cd8a9c0010a91eb,242ed3f61168a2e8f38b179bc1e90b4131d75fba516aad185cd8a9c0010a91eb,data/derived/covalent_small/covapie_independent_group_expansion_batch_sample_preparation_execution_smoke_v0/samples/1AU3_PCM/ligand_atom_table.csv,90c70d05a0a9c1026c90a6c85b9e1989afa8c51671fe084cbb7f063b9427616a,BASE_tracked_observed_atom_name_to_sha_attested_parent_ccd_exact_mapping,true
CYS_SG_SAMPLE_INDEX_000006,1AU3,PCM,N18,N,17,17,N18,N,0,17,true,true,false,242ed3f61168a2e8f38b179bc1e90b4131d75fba516aad185cd8a9c0010a91eb,242ed3f61168a2e8f38b179bc1e90b4131d75fba516aad185cd8a9c0010a91eb,data/derived/covalent_small/covapie_independent_group_expansion_batch_sample_preparation_execution_smoke_v0/samples/1AU3_PCM/ligand_atom_table.csv,90c70d05a0a9c1026c90a6c85b9e1989afa8c51671fe084cbb7f063b9427616a,BASE_tracked_observed_atom_name_to_sha_attested_parent_ccd_exact_mapping,true
CYS_SG_SAMPLE_INDEX_000006,1AU3,PCM,C19,C,18,18,C19,C,0,18,true,true,false,242ed3f61168a2e8f38b179bc1e90b4131d75fba516aad185cd8a9c0010a91eb,242ed3f61168a2e8f38b179bc1e90b4131d75fba516aad185cd8a9c0010a91eb,data/derived/covalent_small/covapie_independent_group_expansion_batch_sample_preparation_execution_smoke_v0/samples/1AU3_PCM/ligand_atom_table.csv,90c70d05a0a9c1026c90a6c85b9e1989afa8c51671fe084cbb7f063b9427616a,BASE_tracked_observed_atom_name_to_sha_attested_parent_ccd_exact_mapping,true
CYS_SG_SAMPLE_INDEX_000006,1AU3,PCM,N20,N,19,19,N20,N,0,19,true,true,false,242ed3f61168a2e8f38b179bc1e90b4131d75fba516aad185cd8a9c0010a91eb,242ed3f61168a2e8f38b179bc1e90b4131d75fba516aad185cd8a9c0010a91eb,data/derived/covalent_small/covapie_independent_group_expansion_batch_sample_preparation_execution_smoke_v0/samples/1AU3_PCM/ligand_atom_table.csv,90c70d05a0a9c1026c90a6c85b9e1989afa8c51671fe084cbb7f063b9427616a,BASE_tracked_observed_atom_name_to_sha_attested_parent_ccd_exact_mapping,true
CYS_SG_SAMPLE_INDEX_000006,1AU3,PCM,C21,C,20,20,C21,C,0,20,true,true,false,242ed3f61168a2e8f38b179bc1e90b4131d75fba516aad185cd8a9c0010a91eb,242ed3f61168a2e8f38b179bc1e90b4131d75fba516aad185cd8a9c0010a91eb,data/derived/covalent_small/covapie_independent_group_expansion_batch_sample_preparation_execution_smoke_v0/samples/1AU3_PCM/ligand_atom_table.csv,90c70d05a0a9c1026c90a6c85b9e1989afa8c51671fe084cbb7f063b9427616a,BASE_tracked_observed_atom_name_to_sha_attested_parent_ccd_exact_mapping,true
CYS_SG_SAMPLE_INDEX_000006,1AU3,PCM,C22,C,21,21,C22,C,0,21,true,true,true,242ed3f61168a2e8f38b179bc1e90b4131d75fba516aad185cd8a9c0010a91eb,242ed3f61168a2e8f38b179bc1e90b4131d75fba516aad185cd8a9c0010a91eb,data/derived/covalent_small/covapie_independent_group_expansion_batch_sample_preparation_execution_smoke_v0/samples/1AU3_PCM/ligand_atom_table.csv,90c70d05a0a9c1026c90a6c85b9e1989afa8c51671fe084cbb7f063b9427616a,BASE_tracked_observed_atom_name_to_sha_attested_parent_ccd_exact_mapping,true
CYS_SG_SAMPLE_INDEX_000006,1AU3,PCM,O23,O,22,22,O23,O,0,22,true,true,false,242ed3f61168a2e8f38b179bc1e90b4131d75fba516aad185cd8a9c0010a91eb,242ed3f61168a2e8f38b179bc1e90b4131d75fba516aad185cd8a9c0010a91eb,data/derived/covalent_small/covapie_independent_group_expansion_batch_sample_preparation_execution_smoke_v0/samples/1AU3_PCM/ligand_atom_table.csv,90c70d05a0a9c1026c90a6c85b9e1989afa8c51671fe084cbb7f063b9427616a,BASE_tracked_observed_atom_name_to_sha_attested_parent_ccd_exact_mapping,true
CYS_SG_SAMPLE_INDEX_000006,1AU3,PCM,C24,C,23,23,C24,C,0,23,true,true,false,242ed3f61168a2e8f38b179bc1e90b4131d75fba516aad185cd8a9c0010a91eb,242ed3f61168a2e8f38b179bc1e90b4131d75fba516aad185cd8a9c0010a91eb,data/derived/covalent_small/covapie_independent_group_expansion_batch_sample_preparation_execution_smoke_v0/samples/1AU3_PCM/ligand_atom_table.csv,90c70d05a0a9c1026c90a6c85b9e1989afa8c51671fe084cbb7f063b9427616a,BASE_tracked_observed_atom_name_to_sha_attested_parent_ccd_exact_mapping,true
CYS_SG_SAMPLE_INDEX_000006,1AU3,PCM,C25,C,24,24,C25,C,0,24,true,true,false,242ed3f61168a2e8f38b179bc1e90b4131d75fba516aad185cd8a9c0010a91eb,242ed3f61168a2e8f38b179bc1e90b4131d75fba516aad185cd8a9c0010a91eb,data/derived/covalent_small/covapie_independent_group_expansion_batch_sample_preparation_execution_smoke_v0/samples/1AU3_PCM/ligand_atom_table.csv,90c70d05a0a9c1026c90a6c85b9e1989afa8c51671fe084cbb7f063b9427616a,BASE_tracked_observed_atom_name_to_sha_attested_parent_ccd_exact_mapping,true
CYS_SG_SAMPLE_INDEX_000006,1AU3,PCM,C26,C,25,25,C26,C,0,25,true,true,false,242ed3f61168a2e8f38b179bc1e90b4131d75fba516aad185cd8a9c0010a91eb,242ed3f61168a2e8f38b179bc1e90b4131d75fba516aad185cd8a9c0010a91eb,data/derived/covalent_small/covapie_independent_group_expansion_batch_sample_preparation_execution_smoke_v0/samples/1AU3_PCM/ligand_atom_table.csv,90c70d05a0a9c1026c90a6c85b9e1989afa8c51671fe084cbb7f063b9427616a,BASE_tracked_observed_atom_name_to_sha_attested_parent_ccd_exact_mapping,true
CYS_SG_SAMPLE_INDEX_000006,1AU3,PCM,C27,C,26,26,C27,C,0,26,true,true,false,242ed3f61168a2e8f38b179bc1e90b4131d75fba516aad185cd8a9c0010a91eb,242ed3f61168a2e8f38b179bc1e90b4131d75fba516aad185cd8a9c0010a91eb,data/derived/covalent_small/covapie_independent_group_expansion_batch_sample_preparation_execution_smoke_v0/samples/1AU3_PCM/ligand_atom_table.csv,90c70d05a0a9c1026c90a6c85b9e1989afa8c51671fe084cbb7f063b9427616a,BASE_tracked_observed_atom_name_to_sha_attested_parent_ccd_exact_mapping,true
CYS_SG_SAMPLE_INDEX_000006,1AU3,PCM,C28,C,27,27,C28,C,0,27,true,true,false,242ed3f61168a2e8f38b179bc1e90b4131d75fba516aad185cd8a9c0010a91eb,242ed3f61168a2e8f38b179bc1e90b4131d75fba516aad185cd8a9c0010a91eb,data/derived/covalent_small/covapie_independent_group_expansion_batch_sample_preparation_execution_smoke_v0/samples/1AU3_PCM/ligand_atom_table.csv,90c70d05a0a9c1026c90a6c85b9e1989afa8c51671fe084cbb7f063b9427616a,BASE_tracked_observed_atom_name_to_sha_attested_parent_ccd_exact_mapping,true
CYS_SG_SAMPLE_INDEX_000006,1AU3,PCM,C29,C,28,28,C29,C,0,28,true,true,false,242ed3f61168a2e8f38b179bc1e90b4131d75fba516aad185cd8a9c0010a91eb,242ed3f61168a2e8f38b179bc1e90b4131d75fba516aad185cd8a9c0010a91eb,data/derived/covalent_small/covapie_independent_group_expansion_batch_sample_preparation_execution_smoke_v0/samples/1AU3_PCM/ligand_atom_table.csv,90c70d05a0a9c1026c90a6c85b9e1989afa8c51671fe084cbb7f063b9427616a,BASE_tracked_observed_atom_name_to_sha_attested_parent_ccd_exact_mapping,true
CYS_SG_SAMPLE_INDEX_000006,1AU3,PCM,C30,C,29,29,C30,C,0,29,true,true,false,242ed3f61168a2e8f38b179bc1e90b4131d75fba516aad185cd8a9c0010a91eb,242ed3f61168a2e8f38b179bc1e90b4131d75fba516aad185cd8a9c0010a91eb,data/derived/covalent_small/covapie_independent_group_expansion_batch_sample_preparation_execution_smoke_v0/samples/1AU3_PCM/ligand_atom_table.csv,90c70d05a0a9c1026c90a6c85b9e1989afa8c51671fe084cbb7f063b9427616a,BASE_tracked_observed_atom_name_to_sha_attested_parent_ccd_exact_mapping,true
CYS_SG_SAMPLE_INDEX_000006,1AU3,PCM,O31,O,30,30,O31,O,0,30,true,true,false,242ed3f61168a2e8f38b179bc1e90b4131d75fba516aad185cd8a9c0010a91eb,242ed3f61168a2e8f38b179bc1e90b4131d75fba516aad185cd8a9c0010a91eb,data/derived/covalent_small/covapie_independent_group_expansion_batch_sample_preparation_execution_smoke_v0/samples/1AU3_PCM/ligand_atom_table.csv,90c70d05a0a9c1026c90a6c85b9e1989afa8c51671fe084cbb7f063b9427616a,BASE_tracked_observed_atom_name_to_sha_attested_parent_ccd_exact_mapping,true
CYS_SG_SAMPLE_INDEX_000006,1AU3,PCM,C32,C,31,31,C32,C,0,31,true,true,false,242ed3f61168a2e8f38b179bc1e90b4131d75fba516aad185cd8a9c0010a91eb,242ed3f61168a2e8f38b179bc1e90b4131d75fba516aad185cd8a9c0010a91eb,data/derived/covalent_small/covapie_independent_group_expansion_batch_sample_preparation_execution_smoke_v0/samples/1AU3_PCM/ligand_atom_table.csv,90c70d05a0a9c1026c90a6c85b9e1989afa8c51671fe084cbb7f063b9427616a,BASE_tracked_observed_atom_name_to_sha_attested_parent_ccd_exact_mapping,true
CYS_SG_SAMPLE_INDEX_000006,1AU3,PCM,O33,O,32,32,O33,O,0,32,true,true,false,242ed3f61168a2e8f38b179bc1e90b4131d75fba516aad185cd8a9c0010a91eb,242ed3f61168a2e8f38b179bc1e90b4131d75fba516aad185cd8a9c0010a91eb,data/derived/covalent_small/covapie_independent_group_expansion_batch_sample_preparation_execution_smoke_v0/samples/1AU3_PCM/ligand_atom_table.csv,90c70d05a0a9c1026c90a6c85b9e1989afa8c51671fe084cbb7f063b9427616a,BASE_tracked_observed_atom_name_to_sha_attested_parent_ccd_exact_mapping,true
CYS_SG_SAMPLE_INDEX_000006,1AU3,PCM,C34,C,33,33,C34,C,0,33,true,true,false,242ed3f61168a2e8f38b179bc1e90b4131d75fba516aad185cd8a9c0010a91eb,242ed3f61168a2e8f38b179bc1e90b4131d75fba516aad185cd8a9c0010a91eb,data/derived/covalent_small/covapie_independent_group_expansion_batch_sample_preparation_execution_smoke_v0/samples/1AU3_PCM/ligand_atom_table.csv,90c70d05a0a9c1026c90a6c85b9e1989afa8c51671fe084cbb7f063b9427616a,BASE_tracked_observed_atom_name_to_sha_attested_parent_ccd_exact_mapping,true
CYS_SG_SAMPLE_INDEX_000006,1AU3,PCM,C35,C,34,34,C35,C,0,34,true,true,false,242ed3f61168a2e8f38b179bc1e90b4131d75fba516aad185cd8a9c0010a91eb,242ed3f61168a2e8f38b179bc1e90b4131d75fba516aad185cd8a9c0010a91eb,data/derived/covalent_small/covapie_independent_group_expansion_batch_sample_preparation_execution_smoke_v0/samples/1AU3_PCM/ligand_atom_table.csv,90c70d05a0a9c1026c90a6c85b9e1989afa8c51671fe084cbb7f063b9427616a,BASE_tracked_observed_atom_name_to_sha_attested_parent_ccd_exact_mapping,true
CYS_SG_SAMPLE_INDEX_000006,1AU3,PCM,C36,C,35,35,C36,C,0,35,true,true,false,242ed3f61168a2e8f38b179bc1e90b4131d75fba516aad185cd8a9c0010a91eb,242ed3f61168a2e8f38b179bc1e90b4131d75fba516aad185cd8a9c0010a91eb,data/derived/covalent_small/covapie_independent_group_expansion_batch_sample_preparation_execution_smoke_v0/samples/1AU3_PCM/ligand_atom_table.csv,90c70d05a0a9c1026c90a6c85b9e1989afa8c51671fe084cbb7f063b9427616a,BASE_tracked_observed_atom_name_to_sha_attested_parent_ccd_exact_mapping,true
CYS_SG_SAMPLE_INDEX_000006,1AU3,PCM,C37,C,36,36,C37,C,0,36,true,true,false,242ed3f61168a2e8f38b179bc1e90b4131d75fba516aad185cd8a9c0010a91eb,242ed3f61168a2e8f38b179bc1e90b4131d75fba516aad185cd8a9c0010a91eb,data/derived/covalent_small/covapie_independent_group_expansion_batch_sample_preparation_execution_smoke_v0/samples/1AU3_PCM/ligand_atom_table.csv,90c70d05a0a9c1026c90a6c85b9e1989afa8c51671fe084cbb7f063b9427616a,BASE_tracked_observed_atom_name_to_sha_attested_parent_ccd_exact_mapping,true
CYS_SG_SAMPLE_INDEX_000006,1AU3,PCM,C38,C,37,37,C38,C,0,37,true,true,false,242ed3f61168a2e8f38b179bc1e90b4131d75fba516aad185cd8a9c0010a91eb,242ed3f61168a2e8f38b179bc1e90b4131d75fba516aad185cd8a9c0010a91eb,data/derived/covalent_small/covapie_independent_group_expansion_batch_sample_preparation_execution_smoke_v0/samples/1AU3_PCM/ligand_atom_table.csv,90c70d05a0a9c1026c90a6c85b9e1989afa8c51671fe084cbb7f063b9427616a,BASE_tracked_observed_atom_name_to_sha_attested_parent_ccd_exact_mapping,true
CYS_SG_SAMPLE_INDEX_000006,1AU3,PCM,C39,C,38,38,C39,C,0,38,true,true,false,242ed3f61168a2e8f38b179bc1e90b4131d75fba516aad185cd8a9c0010a91eb,242ed3f61168a2e8f38b179bc1e90b4131d75fba516aad185cd8a9c0010a91eb,data/derived/covalent_small/covapie_independent_group_expansion_batch_sample_preparation_execution_smoke_v0/samples/1AU3_PCM/ligand_atom_table.csv,90c70d05a0a9c1026c90a6c85b9e1989afa8c51671fe084cbb7f063b9427616a,BASE_tracked_observed_atom_name_to_sha_attested_parent_ccd_exact_mapping,true
CYS_SG_SAMPLE_INDEX_000006,1AU3,PCM,O40,O,39,39,O40,O,0,39,true,true,false,242ed3f61168a2e8f38b179bc1e90b4131d75fba516aad185cd8a9c0010a91eb,242ed3f61168a2e8f38b179bc1e90b4131d75fba516aad185cd8a9c0010a91eb,data/derived/covalent_small/covapie_independent_group_expansion_batch_sample_preparation_execution_smoke_v0/samples/1AU3_PCM/ligand_atom_table.csv,90c70d05a0a9c1026c90a6c85b9e1989afa8c51671fe084cbb7f063b9427616a,BASE_tracked_observed_atom_name_to_sha_attested_parent_ccd_exact_mapping,true
CYS_SG_SAMPLE_INDEX_000006,1AU3,PCM,N41,N,40,40,N41,N,0,40,true,true,false,242ed3f61168a2e8f38b179bc1e90b4131d75fba516aad185cd8a9c0010a91eb,242ed3f61168a2e8f38b179bc1e90b4131d75fba516aad185cd8a9c0010a91eb,data/derived/covalent_small/covapie_independent_group_expansion_batch_sample_preparation_execution_smoke_v0/samples/1AU3_PCM/ligand_atom_table.csv,90c70d05a0a9c1026c90a6c85b9e1989afa8c51671fe084cbb7f063b9427616a,BASE_tracked_observed_atom_name_to_sha_attested_parent_ccd_exact_mapping,true
CYS_SG_SAMPLE_INDEX_000006,1AU3,PCM,C42,C,41,41,C42,C,0,41,true,true,false,242ed3f61168a2e8f38b179bc1e90b4131d75fba516aad185cd8a9c0010a91eb,242ed3f61168a2e8f38b179bc1e90b4131d75fba516aad185cd8a9c0010a91eb,data/derived/covalent_small/covapie_independent_group_expansion_batch_sample_preparation_execution_smoke_v0/samples/1AU3_PCM/ligand_atom_table.csv,90c70d05a0a9c1026c90a6c85b9e1989afa8c51671fe084cbb7f063b9427616a,BASE_tracked_observed_atom_name_to_sha_attested_parent_ccd_exact_mapping,true
CYS_SG_SAMPLE_INDEX_000006,1AU3,PCM,N43,N,42,42,N43,N,0,42,true,true,false,242ed3f61168a2e8f38b179bc1e90b4131d75fba516aad185cd8a9c0010a91eb,242ed3f61168a2e8f38b179bc1e90b4131d75fba516aad185cd8a9c0010a91eb,data/derived/covalent_small/covapie_independent_group_expansion_batch_sample_preparation_execution_smoke_v0/samples/1AU3_PCM/ligand_atom_table.csv,90c70d05a0a9c1026c90a6c85b9e1989afa8c51671fe084cbb7f063b9427616a,BASE_tracked_observed_atom_name_to_sha_attested_parent_ccd_exact_mapping,true
CYS_SG_SAMPLE_INDEX_000007,1AU4,INP,C1,C,0,0,C1,C,0,0,true,true,false,e3c89c1988101e5064c905158b2332adfcf833424957769fa36750d9e5bfdbb8,e3c89c1988101e5064c905158b2332adfcf833424957769fa36750d9e5bfdbb8,data/derived/covalent_small/covapie_independent_group_expansion_batch_sample_preparation_execution_smoke_v0/samples/1AU4_INP/ligand_atom_table.csv,d6f3a76db2a5448141403007708682ed2278b6bd1137b3be65a95ea615912665,BASE_tracked_observed_atom_name_to_sha_attested_parent_ccd_exact_mapping,true
CYS_SG_SAMPLE_INDEX_000007,1AU4,INP,C2,C,1,1,C2,C,0,1,true,true,false,e3c89c1988101e5064c905158b2332adfcf833424957769fa36750d9e5bfdbb8,e3c89c1988101e5064c905158b2332adfcf833424957769fa36750d9e5bfdbb8,data/derived/covalent_small/covapie_independent_group_expansion_batch_sample_preparation_execution_smoke_v0/samples/1AU4_INP/ligand_atom_table.csv,d6f3a76db2a5448141403007708682ed2278b6bd1137b3be65a95ea615912665,BASE_tracked_observed_atom_name_to_sha_attested_parent_ccd_exact_mapping,true
CYS_SG_SAMPLE_INDEX_000007,1AU4,INP,C3,C,2,2,C3,C,0,2,true,true,false,e3c89c1988101e5064c905158b2332adfcf833424957769fa36750d9e5bfdbb8,e3c89c1988101e5064c905158b2332adfcf833424957769fa36750d9e5bfdbb8,data/derived/covalent_small/covapie_independent_group_expansion_batch_sample_preparation_execution_smoke_v0/samples/1AU4_INP/ligand_atom_table.csv,d6f3a76db2a5448141403007708682ed2278b6bd1137b3be65a95ea615912665,BASE_tracked_observed_atom_name_to_sha_attested_parent_ccd_exact_mapping,true
CYS_SG_SAMPLE_INDEX_000007,1AU4,INP,C4,C,3,3,C4,C,0,3,true,true,false,e3c89c1988101e5064c905158b2332adfcf833424957769fa36750d9e5bfdbb8,e3c89c1988101e5064c905158b2332adfcf833424957769fa36750d9e5bfdbb8,data/derived/covalent_small/covapie_independent_group_expansion_batch_sample_preparation_execution_smoke_v0/samples/1AU4_INP/ligand_atom_table.csv,d6f3a76db2a5448141403007708682ed2278b6bd1137b3be65a95ea615912665,BASE_tracked_observed_atom_name_to_sha_attested_parent_ccd_exact_mapping,true
CYS_SG_SAMPLE_INDEX_000007,1AU4,INP,C5,C,4,4,C5,C,0,4,true,true,false,e3c89c1988101e5064c905158b2332adfcf833424957769fa36750d9e5bfdbb8,e3c89c1988101e5064c905158b2332adfcf833424957769fa36750d9e5bfdbb8,data/derived/covalent_small/covapie_independent_group_expansion_batch_sample_preparation_execution_smoke_v0/samples/1AU4_INP/ligand_atom_table.csv,d6f3a76db2a5448141403007708682ed2278b6bd1137b3be65a95ea615912665,BASE_tracked_observed_atom_name_to_sha_attested_parent_ccd_exact_mapping,true
CYS_SG_SAMPLE_INDEX_000007,1AU4,INP,C6,C,5,5,C6,C,0,5,true,true,false,e3c89c1988101e5064c905158b2332adfcf833424957769fa36750d9e5bfdbb8,e3c89c1988101e5064c905158b2332adfcf833424957769fa36750d9e5bfdbb8,data/derived/covalent_small/covapie_independent_group_expansion_batch_sample_preparation_execution_smoke_v0/samples/1AU4_INP/ligand_atom_table.csv,d6f3a76db2a5448141403007708682ed2278b6bd1137b3be65a95ea615912665,BASE_tracked_observed_atom_name_to_sha_attested_parent_ccd_exact_mapping,true
CYS_SG_SAMPLE_INDEX_000007,1AU4,INP,C7,C,6,6,C7,C,0,6,true,true,false,e3c89c1988101e5064c905158b2332adfcf833424957769fa36750d9e5bfdbb8,e3c89c1988101e5064c905158b2332adfcf833424957769fa36750d9e5bfdbb8,data/derived/covalent_small/covapie_independent_group_expansion_batch_sample_preparation_execution_smoke_v0/samples/1AU4_INP/ligand_atom_table.csv,d6f3a76db2a5448141403007708682ed2278b6bd1137b3be65a95ea615912665,BASE_tracked_observed_atom_name_to_sha_attested_parent_ccd_exact_mapping,true
CYS_SG_SAMPLE_INDEX_000007,1AU4,INP,O8,O,7,7,O8,O,0,7,true,true,false,e3c89c1988101e5064c905158b2332adfcf833424957769fa36750d9e5bfdbb8,e3c89c1988101e5064c905158b2332adfcf833424957769fa36750d9e5bfdbb8,data/derived/covalent_small/covapie_independent_group_expansion_batch_sample_preparation_execution_smoke_v0/samples/1AU4_INP/ligand_atom_table.csv,d6f3a76db2a5448141403007708682ed2278b6bd1137b3be65a95ea615912665,BASE_tracked_observed_atom_name_to_sha_attested_parent_ccd_exact_mapping,true
CYS_SG_SAMPLE_INDEX_000007,1AU4,INP,C9,C,8,8,C9,C,0,8,true,true,false,e3c89c1988101e5064c905158b2332adfcf833424957769fa36750d9e5bfdbb8,e3c89c1988101e5064c905158b2332adfcf833424957769fa36750d9e5bfdbb8,data/derived/covalent_small/covapie_independent_group_expansion_batch_sample_preparation_execution_smoke_v0/samples/1AU4_INP/ligand_atom_table.csv,d6f3a76db2a5448141403007708682ed2278b6bd1137b3be65a95ea615912665,BASE_tracked_observed_atom_name_to_sha_attested_parent_ccd_exact_mapping,true
CYS_SG_SAMPLE_INDEX_000007,1AU4,INP,O10,O,9,9,O10,O,0,9,true,true,false,e3c89c1988101e5064c905158b2332adfcf833424957769fa36750d9e5bfdbb8,e3c89c1988101e5064c905158b2332adfcf833424957769fa36750d9e5bfdbb8,data/derived/covalent_small/covapie_independent_group_expansion_batch_sample_preparation_execution_smoke_v0/samples/1AU4_INP/ligand_atom_table.csv,d6f3a76db2a5448141403007708682ed2278b6bd1137b3be65a95ea615912665,BASE_tracked_observed_atom_name_to_sha_attested_parent_ccd_exact_mapping,true
CYS_SG_SAMPLE_INDEX_000007,1AU4,INP,N11,N,10,10,N11,N,0,10,true,true,false,e3c89c1988101e5064c905158b2332adfcf833424957769fa36750d9e5bfdbb8,e3c89c1988101e5064c905158b2332adfcf833424957769fa36750d9e5bfdbb8,data/derived/covalent_small/covapie_independent_group_expansion_batch_sample_preparation_execution_smoke_v0/samples/1AU4_INP/ligand_atom_table.csv,d6f3a76db2a5448141403007708682ed2278b6bd1137b3be65a95ea615912665,BASE_tracked_observed_atom_name_to_sha_attested_parent_ccd_exact_mapping,true
CYS_SG_SAMPLE_INDEX_000007,1AU4,INP,C12,C,11,11,C12,C,0,11,true,true,false,e3c89c1988101e5064c905158b2332adfcf833424957769fa36750d9e5bfdbb8,e3c89c1988101e5064c905158b2332adfcf833424957769fa36750d9e5bfdbb8,data/derived/covalent_small/covapie_independent_group_expansion_batch_sample_preparation_execution_smoke_v0/samples/1AU4_INP/ligand_atom_table.csv,d6f3a76db2a5448141403007708682ed2278b6bd1137b3be65a95ea615912665,BASE_tracked_observed_atom_name_to_sha_attested_parent_ccd_exact_mapping,true
CYS_SG_SAMPLE_INDEX_000007,1AU4,INP,C13,C,12,12,C13,C,0,12,true,true,false,e3c89c1988101e5064c905158b2332adfcf833424957769fa36750d9e5bfdbb8,e3c89c1988101e5064c905158b2332adfcf833424957769fa36750d9e5bfdbb8,data/derived/covalent_small/covapie_independent_group_expansion_batch_sample_preparation_execution_smoke_v0/samples/1AU4_INP/ligand_atom_table.csv,d6f3a76db2a5448141403007708682ed2278b6bd1137b3be65a95ea615912665,BASE_tracked_observed_atom_name_to_sha_attested_parent_ccd_exact_mapping,true
CYS_SG_SAMPLE_INDEX_000007,1AU4,INP,N14,N,13,13,N14,N,0,13,true,true,false,e3c89c1988101e5064c905158b2332adfcf833424957769fa36750d9e5bfdbb8,e3c89c1988101e5064c905158b2332adfcf833424957769fa36750d9e5bfdbb8,data/derived/covalent_small/covapie_independent_group_expansion_batch_sample_preparation_execution_smoke_v0/samples/1AU4_INP/ligand_atom_table.csv,d6f3a76db2a5448141403007708682ed2278b6bd1137b3be65a95ea615912665,BASE_tracked_observed_atom_name_to_sha_attested_parent_ccd_exact_mapping,true
CYS_SG_SAMPLE_INDEX_000007,1AU4,INP,C15,C,14,14,C15,C,0,14,true,true,false,e3c89c1988101e5064c905158b2332adfcf833424957769fa36750d9e5bfdbb8,e3c89c1988101e5064c905158b2332adfcf833424957769fa36750d9e5bfdbb8,data/derived/covalent_small/covapie_independent_group_expansion_batch_sample_preparation_execution_smoke_v0/samples/1AU4_INP/ligand_atom_table.csv,d6f3a76db2a5448141403007708682ed2278b6bd1137b3be65a95ea615912665,BASE_tracked_observed_atom_name_to_sha_attested_parent_ccd_exact_mapping,true
CYS_SG_SAMPLE_INDEX_000007,1AU4,INP,C16,C,15,15,C16,C,0,15,true,true,false,e3c89c1988101e5064c905158b2332adfcf833424957769fa36750d9e5bfdbb8,e3c89c1988101e5064c905158b2332adfcf833424957769fa36750d9e5bfdbb8,data/derived/covalent_small/covapie_independent_group_expansion_batch_sample_preparation_execution_smoke_v0/samples/1AU4_INP/ligand_atom_table.csv,d6f3a76db2a5448141403007708682ed2278b6bd1137b3be65a95ea615912665,BASE_tracked_observed_atom_name_to_sha_attested_parent_ccd_exact_mapping,true
CYS_SG_SAMPLE_INDEX_000007,1AU4,INP,C17,C,16,16,C17,C,0,16,true,true,true,e3c89c1988101e5064c905158b2332adfcf833424957769fa36750d9e5bfdbb8,e3c89c1988101e5064c905158b2332adfcf833424957769fa36750d9e5bfdbb8,data/derived/covalent_small/covapie_independent_group_expansion_batch_sample_preparation_execution_smoke_v0/samples/1AU4_INP/ligand_atom_table.csv,d6f3a76db2a5448141403007708682ed2278b6bd1137b3be65a95ea615912665,BASE_tracked_observed_atom_name_to_sha_attested_parent_ccd_exact_mapping,true
CYS_SG_SAMPLE_INDEX_000007,1AU4,INP,C18,C,17,17,C18,C,0,17,true,true,false,e3c89c1988101e5064c905158b2332adfcf833424957769fa36750d9e5bfdbb8,e3c89c1988101e5064c905158b2332adfcf833424957769fa36750d9e5bfdbb8,data/derived/covalent_small/covapie_independent_group_expansion_batch_sample_preparation_execution_smoke_v0/samples/1AU4_INP/ligand_atom_table.csv,d6f3a76db2a5448141403007708682ed2278b6bd1137b3be65a95ea615912665,BASE_tracked_observed_atom_name_to_sha_attested_parent_ccd_exact_mapping,true
CYS_SG_SAMPLE_INDEX_000007,1AU4,INP,C19,C,18,18,C19,C,0,18,true,true,false,e3c89c1988101e5064c905158b2332adfcf833424957769fa36750d9e5bfdbb8,e3c89c1988101e5064c905158b2332adfcf833424957769fa36750d9e5bfdbb8,data/derived/covalent_small/covapie_independent_group_expansion_batch_sample_preparation_execution_smoke_v0/samples/1AU4_INP/ligand_atom_table.csv,d6f3a76db2a5448141403007708682ed2278b6bd1137b3be65a95ea615912665,BASE_tracked_observed_atom_name_to_sha_attested_parent_ccd_exact_mapping,true
CYS_SG_SAMPLE_INDEX_000007,1AU4,INP,C20,C,19,19,C20,C,0,19,true,true,false,e3c89c1988101e5064c905158b2332adfcf833424957769fa36750d9e5bfdbb8,e3c89c1988101e5064c905158b2332adfcf833424957769fa36750d9e5bfdbb8,data/derived/covalent_small/covapie_independent_group_expansion_batch_sample_preparation_execution_smoke_v0/samples/1AU4_INP/ligand_atom_table.csv,d6f3a76db2a5448141403007708682ed2278b6bd1137b3be65a95ea615912665,BASE_tracked_observed_atom_name_to_sha_attested_parent_ccd_exact_mapping,true
CYS_SG_SAMPLE_INDEX_000007,1AU4,INP,C21,C,20,20,C21,C,0,20,true,true,false,e3c89c1988101e5064c905158b2332adfcf833424957769fa36750d9e5bfdbb8,e3c89c1988101e5064c905158b2332adfcf833424957769fa36750d9e5bfdbb8,data/derived/covalent_small/covapie_independent_group_expansion_batch_sample_preparation_execution_smoke_v0/samples/1AU4_INP/ligand_atom_table.csv,d6f3a76db2a5448141403007708682ed2278b6bd1137b3be65a95ea615912665,BASE_tracked_observed_atom_name_to_sha_attested_parent_ccd_exact_mapping,true
CYS_SG_SAMPLE_INDEX_000007,1AU4,INP,C22,C,21,21,C22,C,0,21,true,true,false,e3c89c1988101e5064c905158b2332adfcf833424957769fa36750d9e5bfdbb8,e3c89c1988101e5064c905158b2332adfcf833424957769fa36750d9e5bfdbb8,data/derived/covalent_small/covapie_independent_group_expansion_batch_sample_preparation_execution_smoke_v0/samples/1AU4_INP/ligand_atom_table.csv,d6f3a76db2a5448141403007708682ed2278b6bd1137b3be65a95ea615912665,BASE_tracked_observed_atom_name_to_sha_attested_parent_ccd_exact_mapping,true
CYS_SG_SAMPLE_INDEX_000007,1AU4,INP,N23,N,22,22,N23,N,0,22,true,true,false,e3c89c1988101e5064c905158b2332adfcf833424957769fa36750d9e5bfdbb8,e3c89c1988101e5064c905158b2332adfcf833424957769fa36750d9e5bfdbb8,data/derived/covalent_small/covapie_independent_group_expansion_batch_sample_preparation_execution_smoke_v0/samples/1AU4_INP/ligand_atom_table.csv,d6f3a76db2a5448141403007708682ed2278b6bd1137b3be65a95ea615912665,BASE_tracked_observed_atom_name_to_sha_attested_parent_ccd_exact_mapping,true
CYS_SG_SAMPLE_INDEX_000007,1AU4,INP,C24,C,23,23,C24,C,0,23,true,true,false,e3c89c1988101e5064c905158b2332adfcf833424957769fa36750d9e5bfdbb8,e3c89c1988101e5064c905158b2332adfcf833424957769fa36750d9e5bfdbb8,data/derived/covalent_small/covapie_independent_group_expansion_batch_sample_preparation_execution_smoke_v0/samples/1AU4_INP/ligand_atom_table.csv,d6f3a76db2a5448141403007708682ed2278b6bd1137b3be65a95ea615912665,BASE_tracked_observed_atom_name_to_sha_attested_parent_ccd_exact_mapping,true
CYS_SG_SAMPLE_INDEX_000007,1AU4,INP,O25,O,24,24,O25,O,0,24,true,true,false,e3c89c1988101e5064c905158b2332adfcf833424957769fa36750d9e5bfdbb8,e3c89c1988101e5064c905158b2332adfcf833424957769fa36750d9e5bfdbb8,data/derived/covalent_small/covapie_independent_group_expansion_batch_sample_preparation_execution_smoke_v0/samples/1AU4_INP/ligand_atom_table.csv,d6f3a76db2a5448141403007708682ed2278b6bd1137b3be65a95ea615912665,BASE_tracked_observed_atom_name_to_sha_attested_parent_ccd_exact_mapping,true
CYS_SG_SAMPLE_INDEX_000007,1AU4,INP,C26,C,25,25,C26,C,0,25,true,true,false,e3c89c1988101e5064c905158b2332adfcf833424957769fa36750d9e5bfdbb8,e3c89c1988101e5064c905158b2332adfcf833424957769fa36750d9e5bfdbb8,data/derived/covalent_small/covapie_independent_group_expansion_batch_sample_preparation_execution_smoke_v0/samples/1AU4_INP/ligand_atom_table.csv,d6f3a76db2a5448141403007708682ed2278b6bd1137b3be65a95ea615912665,BASE_tracked_observed_atom_name_to_sha_attested_parent_ccd_exact_mapping,true
CYS_SG_SAMPLE_INDEX_000007,1AU4,INP,C27,C,26,26,C27,C,0,26,true,true,false,e3c89c1988101e5064c905158b2332adfcf833424957769fa36750d9e5bfdbb8,e3c89c1988101e5064c905158b2332adfcf833424957769fa36750d9e5bfdbb8,data/derived/covalent_small/covapie_independent_group_expansion_batch_sample_preparation_execution_smoke_v0/samples/1AU4_INP/ligand_atom_table.csv,d6f3a76db2a5448141403007708682ed2278b6bd1137b3be65a95ea615912665,BASE_tracked_observed_atom_name_to_sha_attested_parent_ccd_exact_mapping,true
CYS_SG_SAMPLE_INDEX_000007,1AU4,INP,C28,C,27,27,C28,C,0,27,true,true,false,e3c89c1988101e5064c905158b2332adfcf833424957769fa36750d9e5bfdbb8,e3c89c1988101e5064c905158b2332adfcf833424957769fa36750d9e5bfdbb8,data/derived/covalent_small/covapie_independent_group_expansion_batch_sample_preparation_execution_smoke_v0/samples/1AU4_INP/ligand_atom_table.csv,d6f3a76db2a5448141403007708682ed2278b6bd1137b3be65a95ea615912665,BASE_tracked_observed_atom_name_to_sha_attested_parent_ccd_exact_mapping,true
CYS_SG_SAMPLE_INDEX_000007,1AU4,INP,C29,C,28,28,C29,C,0,28,true,true,false,e3c89c1988101e5064c905158b2332adfcf833424957769fa36750d9e5bfdbb8,e3c89c1988101e5064c905158b2332adfcf833424957769fa36750d9e5bfdbb8,data/derived/covalent_small/covapie_independent_group_expansion_batch_sample_preparation_execution_smoke_v0/samples/1AU4_INP/ligand_atom_table.csv,d6f3a76db2a5448141403007708682ed2278b6bd1137b3be65a95ea615912665,BASE_tracked_observed_atom_name_to_sha_attested_parent_ccd_exact_mapping,true
CYS_SG_SAMPLE_INDEX_000007,1AU4,INP,C30,C,29,29,C30,C,0,29,true,true,false,e3c89c1988101e5064c905158b2332adfcf833424957769fa36750d9e5bfdbb8,e3c89c1988101e5064c905158b2332adfcf833424957769fa36750d9e5bfdbb8,data/derived/covalent_small/covapie_independent_group_expansion_batch_sample_preparation_execution_smoke_v0/samples/1AU4_INP/ligand_atom_table.csv,d6f3a76db2a5448141403007708682ed2278b6bd1137b3be65a95ea615912665,BASE_tracked_observed_atom_name_to_sha_attested_parent_ccd_exact_mapping,true
CYS_SG_SAMPLE_INDEX_000007,1AU4,INP,N31,N,30,30,N31,N,0,30,true,true,false,e3c89c1988101e5064c905158b2332adfcf833424957769fa36750d9e5bfdbb8,e3c89c1988101e5064c905158b2332adfcf833424957769fa36750d9e5bfdbb8,data/derived/covalent_small/covapie_independent_group_expansion_batch_sample_preparation_execution_smoke_v0/samples/1AU4_INP/ligand_atom_table.csv,d6f3a76db2a5448141403007708682ed2278b6bd1137b3be65a95ea615912665,BASE_tracked_observed_atom_name_to_sha_attested_parent_ccd_exact_mapping,true
CYS_SG_SAMPLE_INDEX_000007,1AU4,INP,C32,C,31,31,C32,C,0,31,true,true,false,e3c89c1988101e5064c905158b2332adfcf833424957769fa36750d9e5bfdbb8,e3c89c1988101e5064c905158b2332adfcf833424957769fa36750d9e5bfdbb8,data/derived/covalent_small/covapie_independent_group_expansion_batch_sample_preparation_execution_smoke_v0/samples/1AU4_INP/ligand_atom_table.csv,d6f3a76db2a5448141403007708682ed2278b6bd1137b3be65a95ea615912665,BASE_tracked_observed_atom_name_to_sha_attested_parent_ccd_exact_mapping,true
CYS_SG_SAMPLE_INDEX_000007,1AU4,INP,O33,O,32,32,O33,O,0,32,true,true,false,e3c89c1988101e5064c905158b2332adfcf833424957769fa36750d9e5bfdbb8,e3c89c1988101e5064c905158b2332adfcf833424957769fa36750d9e5bfdbb8,data/derived/covalent_small/covapie_independent_group_expansion_batch_sample_preparation_execution_smoke_v0/samples/1AU4_INP/ligand_atom_table.csv,d6f3a76db2a5448141403007708682ed2278b6bd1137b3be65a95ea615912665,BASE_tracked_observed_atom_name_to_sha_attested_parent_ccd_exact_mapping,true
CYS_SG_SAMPLE_INDEX_000007,1AU4,INP,O34,O,33,33,O34,O,0,33,true,true,false,e3c89c1988101e5064c905158b2332adfcf833424957769fa36750d9e5bfdbb8,e3c89c1988101e5064c905158b2332adfcf833424957769fa36750d9e5bfdbb8,data/derived/covalent_small/covapie_independent_group_expansion_batch_sample_preparation_execution_smoke_v0/samples/1AU4_INP/ligand_atom_table.csv,d6f3a76db2a5448141403007708682ed2278b6bd1137b3be65a95ea615912665,BASE_tracked_observed_atom_name_to_sha_attested_parent_ccd_exact_mapping,true
CYS_SG_SAMPLE_INDEX_000007,1AU4,INP,C35,C,34,34,C35,C,0,34,true,true,false,e3c89c1988101e5064c905158b2332adfcf833424957769fa36750d9e5bfdbb8,e3c89c1988101e5064c905158b2332adfcf833424957769fa36750d9e5bfdbb8,data/derived/covalent_small/covapie_independent_group_expansion_batch_sample_preparation_execution_smoke_v0/samples/1AU4_INP/ligand_atom_table.csv,d6f3a76db2a5448141403007708682ed2278b6bd1137b3be65a95ea615912665,BASE_tracked_observed_atom_name_to_sha_attested_parent_ccd_exact_mapping,true
CYS_SG_SAMPLE_INDEX_000007,1AU4,INP,C36,C,35,35,C36,C,0,35,true,true,false,e3c89c1988101e5064c905158b2332adfcf833424957769fa36750d9e5bfdbb8,e3c89c1988101e5064c905158b2332adfcf833424957769fa36750d9e5bfdbb8,data/derived/covalent_small/covapie_independent_group_expansion_batch_sample_preparation_execution_smoke_v0/samples/1AU4_INP/ligand_atom_table.csv,d6f3a76db2a5448141403007708682ed2278b6bd1137b3be65a95ea615912665,BASE_tracked_observed_atom_name_to_sha_attested_parent_ccd_exact_mapping,true
CYS_SG_SAMPLE_INDEX_000007,1AU4,INP,C37,C,36,36,C37,C,0,36,true,true,false,e3c89c1988101e5064c905158b2332adfcf833424957769fa36750d9e5bfdbb8,e3c89c1988101e5064c905158b2332adfcf833424957769fa36750d9e5bfdbb8,data/derived/covalent_small/covapie_independent_group_expansion_batch_sample_preparation_execution_smoke_v0/samples/1AU4_INP/ligand_atom_table.csv,d6f3a76db2a5448141403007708682ed2278b6bd1137b3be65a95ea615912665,BASE_tracked_observed_atom_name_to_sha_attested_parent_ccd_exact_mapping,true
CYS_SG_SAMPLE_INDEX_000007,1AU4,INP,C38,C,37,37,C38,C,0,37,true,true,false,e3c89c1988101e5064c905158b2332adfcf833424957769fa36750d9e5bfdbb8,e3c89c1988101e5064c905158b2332adfcf833424957769fa36750d9e5bfdbb8,data/derived/covalent_small/covapie_independent_group_expansion_batch_sample_preparation_execution_smoke_v0/samples/1AU4_INP/ligand_atom_table.csv,d6f3a76db2a5448141403007708682ed2278b6bd1137b3be65a95ea615912665,BASE_tracked_observed_atom_name_to_sha_attested_parent_ccd_exact_mapping,true
CYS_SG_SAMPLE_INDEX_000007,1AU4,INP,N39,N,38,38,N39,N,0,38,true,true,false,e3c89c1988101e5064c905158b2332adfcf833424957769fa36750d9e5bfdbb8,e3c89c1988101e5064c905158b2332adfcf833424957769fa36750d9e5bfdbb8,data/derived/covalent_small/covapie_independent_group_expansion_batch_sample_preparation_execution_smoke_v0/samples/1AU4_INP/ligand_atom_table.csv,d6f3a76db2a5448141403007708682ed2278b6bd1137b3be65a95ea615912665,BASE_tracked_observed_atom_name_to_sha_attested_parent_ccd_exact_mapping,true
CYS_SG_SAMPLE_INDEX_000007,1AU4,INP,C40,C,39,39,C40,C,0,39,true,true,false,e3c89c1988101e5064c905158b2332adfcf833424957769fa36750d9e5bfdbb8,e3c89c1988101e5064c905158b2332adfcf833424957769fa36750d9e5bfdbb8,data/derived/covalent_small/covapie_independent_group_expansion_batch_sample_preparation_execution_smoke_v0/samples/1AU4_INP/ligand_atom_table.csv,d6f3a76db2a5448141403007708682ed2278b6bd1137b3be65a95ea615912665,BASE_tracked_observed_atom_name_to_sha_attested_parent_ccd_exact_mapping,true
CYS_SG_SAMPLE_INDEX_000007,1AU4,INP,C41,C,40,40,C41,C,0,40,true,true,false,e3c89c1988101e5064c905158b2332adfcf833424957769fa36750d9e5bfdbb8,e3c89c1988101e5064c905158b2332adfcf833424957769fa36750d9e5bfdbb8,data/derived/covalent_small/covapie_independent_group_expansion_batch_sample_preparation_execution_smoke_v0/samples/1AU4_INP/ligand_atom_table.csv,d6f3a76db2a5448141403007708682ed2278b6bd1137b3be65a95ea615912665,BASE_tracked_observed_atom_name_to_sha_attested_parent_ccd_exact_mapping,true
CYS_SG_SAMPLE_INDEX_000007,1AU4,INP,O42,O,41,41,O42,O,0,41,true,true,false,e3c89c1988101e5064c905158b2332adfcf833424957769fa36750d9e5bfdbb8,e3c89c1988101e5064c905158b2332adfcf833424957769fa36750d9e5bfdbb8,data/derived/covalent_small/covapie_independent_group_expansion_batch_sample_preparation_execution_smoke_v0/samples/1AU4_INP/ligand_atom_table.csv,d6f3a76db2a5448141403007708682ed2278b6bd1137b3be65a95ea615912665,BASE_tracked_observed_atom_name_to_sha_attested_parent_ccd_exact_mapping,true
CYS_SG_SAMPLE_INDEX_000008,1AYU,INA,C1,C,0,0,C1,C,0,0,true,true,false,9301ce1298133a5f1c3b22bee503288fd3f3b2492a048049d4e5419ef4a23788,9301ce1298133a5f1c3b22bee503288fd3f3b2492a048049d4e5419ef4a23788,data/derived/covalent_small/covapie_independent_group_expansion_batch_sample_preparation_execution_smoke_v0/samples/1AYU_INA/ligand_atom_table.csv,3ea203e5ee078792c31edc83074629ba29dda72f6c4f7d90b0aad1246673e399,BASE_tracked_observed_atom_name_to_sha_attested_parent_ccd_exact_mapping,true
CYS_SG_SAMPLE_INDEX_000008,1AYU,INA,C2,C,1,1,C2,C,0,1,true,true,false,9301ce1298133a5f1c3b22bee503288fd3f3b2492a048049d4e5419ef4a23788,9301ce1298133a5f1c3b22bee503288fd3f3b2492a048049d4e5419ef4a23788,data/derived/covalent_small/covapie_independent_group_expansion_batch_sample_preparation_execution_smoke_v0/samples/1AYU_INA/ligand_atom_table.csv,3ea203e5ee078792c31edc83074629ba29dda72f6c4f7d90b0aad1246673e399,BASE_tracked_observed_atom_name_to_sha_attested_parent_ccd_exact_mapping,true
CYS_SG_SAMPLE_INDEX_000008,1AYU,INA,C3,C,2,2,C3,C,0,2,true,true,false,9301ce1298133a5f1c3b22bee503288fd3f3b2492a048049d4e5419ef4a23788,9301ce1298133a5f1c3b22bee503288fd3f3b2492a048049d4e5419ef4a23788,data/derived/covalent_small/covapie_independent_group_expansion_batch_sample_preparation_execution_smoke_v0/samples/1AYU_INA/ligand_atom_table.csv,3ea203e5ee078792c31edc83074629ba29dda72f6c4f7d90b0aad1246673e399,BASE_tracked_observed_atom_name_to_sha_attested_parent_ccd_exact_mapping,true
CYS_SG_SAMPLE_INDEX_000008,1AYU,INA,C4,C,3,3,C4,C,0,3,true,true,false,9301ce1298133a5f1c3b22bee503288fd3f3b2492a048049d4e5419ef4a23788,9301ce1298133a5f1c3b22bee503288fd3f3b2492a048049d4e5419ef4a23788,data/derived/covalent_small/covapie_independent_group_expansion_batch_sample_preparation_execution_smoke_v0/samples/1AYU_INA/ligand_atom_table.csv,3ea203e5ee078792c31edc83074629ba29dda72f6c4f7d90b0aad1246673e399,BASE_tracked_observed_atom_name_to_sha_attested_parent_ccd_exact_mapping,true
CYS_SG_SAMPLE_INDEX_000008,1AYU,INA,C5,C,4,4,C5,C,0,4,true,true,false,9301ce1298133a5f1c3b22bee503288fd3f3b2492a048049d4e5419ef4a23788,9301ce1298133a5f1c3b22bee503288fd3f3b2492a048049d4e5419ef4a23788,data/derived/covalent_small/covapie_independent_group_expansion_batch_sample_preparation_execution_smoke_v0/samples/1AYU_INA/ligand_atom_table.csv,3ea203e5ee078792c31edc83074629ba29dda72f6c4f7d90b0aad1246673e399,BASE_tracked_observed_atom_name_to_sha_attested_parent_ccd_exact_mapping,true
CYS_SG_SAMPLE_INDEX_000008,1AYU,INA,C6,C,5,5,C6,C,0,5,true,true,false,9301ce1298133a5f1c3b22bee503288fd3f3b2492a048049d4e5419ef4a23788,9301ce1298133a5f1c3b22bee503288fd3f3b2492a048049d4e5419ef4a23788,data/derived/covalent_small/covapie_independent_group_expansion_batch_sample_preparation_execution_smoke_v0/samples/1AYU_INA/ligand_atom_table.csv,3ea203e5ee078792c31edc83074629ba29dda72f6c4f7d90b0aad1246673e399,BASE_tracked_observed_atom_name_to_sha_attested_parent_ccd_exact_mapping,true
CYS_SG_SAMPLE_INDEX_000008,1AYU,INA,C7,C,6,6,C7,C,0,6,true,true,false,9301ce1298133a5f1c3b22bee503288fd3f3b2492a048049d4e5419ef4a23788,9301ce1298133a5f1c3b22bee503288fd3f3b2492a048049d4e5419ef4a23788,data/derived/covalent_small/covapie_independent_group_expansion_batch_sample_preparation_execution_smoke_v0/samples/1AYU_INA/ligand_atom_table.csv,3ea203e5ee078792c31edc83074629ba29dda72f6c4f7d90b0aad1246673e399,BASE_tracked_observed_atom_name_to_sha_attested_parent_ccd_exact_mapping,true
CYS_SG_SAMPLE_INDEX_000008,1AYU,INA,O8,O,7,7,O8,O,0,7,true,true,false,9301ce1298133a5f1c3b22bee503288fd3f3b2492a048049d4e5419ef4a23788,9301ce1298133a5f1c3b22bee503288fd3f3b2492a048049d4e5419ef4a23788,data/derived/covalent_small/covapie_independent_group_expansion_batch_sample_preparation_execution_smoke_v0/samples/1AYU_INA/ligand_atom_table.csv,3ea203e5ee078792c31edc83074629ba29dda72f6c4f7d90b0aad1246673e399,BASE_tracked_observed_atom_name_to_sha_attested_parent_ccd_exact_mapping,true
CYS_SG_SAMPLE_INDEX_000008,1AYU,INA,C9,C,8,8,C9,C,0,8,true,true,false,9301ce1298133a5f1c3b22bee503288fd3f3b2492a048049d4e5419ef4a23788,9301ce1298133a5f1c3b22bee503288fd3f3b2492a048049d4e5419ef4a23788,data/derived/covalent_small/covapie_independent_group_expansion_batch_sample_preparation_execution_smoke_v0/samples/1AYU_INA/ligand_atom_table.csv,3ea203e5ee078792c31edc83074629ba29dda72f6c4f7d90b0aad1246673e399,BASE_tracked_observed_atom_name_to_sha_attested_parent_ccd_exact_mapping,true
CYS_SG_SAMPLE_INDEX_000008,1AYU,INA,O10,O,9,9,O10,O,0,9,true,true,false,9301ce1298133a5f1c3b22bee503288fd3f3b2492a048049d4e5419ef4a23788,9301ce1298133a5f1c3b22bee503288fd3f3b2492a048049d4e5419ef4a23788,data/derived/covalent_small/covapie_independent_group_expansion_batch_sample_preparation_execution_smoke_v0/samples/1AYU_INA/ligand_atom_table.csv,3ea203e5ee078792c31edc83074629ba29dda72f6c4f7d90b0aad1246673e399,BASE_tracked_observed_atom_name_to_sha_attested_parent_ccd_exact_mapping,true
CYS_SG_SAMPLE_INDEX_000008,1AYU,INA,C11,C,10,10,C11,C,0,10,true,true,false,9301ce1298133a5f1c3b22bee503288fd3f3b2492a048049d4e5419ef4a23788,9301ce1298133a5f1c3b22bee503288fd3f3b2492a048049d4e5419ef4a23788,data/derived/covalent_small/covapie_independent_group_expansion_batch_sample_preparation_execution_smoke_v0/samples/1AYU_INA/ligand_atom_table.csv,3ea203e5ee078792c31edc83074629ba29dda72f6c4f7d90b0aad1246673e399,BASE_tracked_observed_atom_name_to_sha_attested_parent_ccd_exact_mapping,true
CYS_SG_SAMPLE_INDEX_000008,1AYU,INA,C12,C,11,11,C12,C,0,11,true,true,false,9301ce1298133a5f1c3b22bee503288fd3f3b2492a048049d4e5419ef4a23788,9301ce1298133a5f1c3b22bee503288fd3f3b2492a048049d4e5419ef4a23788,data/derived/covalent_small/covapie_independent_group_expansion_batch_sample_preparation_execution_smoke_v0/samples/1AYU_INA/ligand_atom_table.csv,3ea203e5ee078792c31edc83074629ba29dda72f6c4f7d90b0aad1246673e399,BASE_tracked_observed_atom_name_to_sha_attested_parent_ccd_exact_mapping,true
CYS_SG_SAMPLE_INDEX_000008,1AYU,INA,C13,C,12,12,C13,C,0,12,true,true,false,9301ce1298133a5f1c3b22bee503288fd3f3b2492a048049d4e5419ef4a23788,9301ce1298133a5f1c3b22bee503288fd3f3b2492a048049d4e5419ef4a23788,data/derived/covalent_small/covapie_independent_group_expansion_batch_sample_preparation_execution_smoke_v0/samples/1AYU_INA/ligand_atom_table.csv,3ea203e5ee078792c31edc83074629ba29dda72f6c4f7d90b0aad1246673e399,BASE_tracked_observed_atom_name_to_sha_attested_parent_ccd_exact_mapping,true
CYS_SG_SAMPLE_INDEX_000008,1AYU,INA,C14,C,13,13,C14,C,0,13,true,true,false,9301ce1298133a5f1c3b22bee503288fd3f3b2492a048049d4e5419ef4a23788,9301ce1298133a5f1c3b22bee503288fd3f3b2492a048049d4e5419ef4a23788,data/derived/covalent_small/covapie_independent_group_expansion_batch_sample_preparation_execution_smoke_v0/samples/1AYU_INA/ligand_atom_table.csv,3ea203e5ee078792c31edc83074629ba29dda72f6c4f7d90b0aad1246673e399,BASE_tracked_observed_atom_name_to_sha_attested_parent_ccd_exact_mapping,true
CYS_SG_SAMPLE_INDEX_000008,1AYU,INA,C15,C,14,14,C15,C,0,14,true,true,false,9301ce1298133a5f1c3b22bee503288fd3f3b2492a048049d4e5419ef4a23788,9301ce1298133a5f1c3b22bee503288fd3f3b2492a048049d4e5419ef4a23788,data/derived/covalent_small/covapie_independent_group_expansion_batch_sample_preparation_execution_smoke_v0/samples/1AYU_INA/ligand_atom_table.csv,3ea203e5ee078792c31edc83074629ba29dda72f6c4f7d90b0aad1246673e399,BASE_tracked_observed_atom_name_to_sha_attested_parent_ccd_exact_mapping,true
CYS_SG_SAMPLE_INDEX_000008,1AYU,INA,C16,C,15,15,C16,C,0,15,true,true,false,9301ce1298133a5f1c3b22bee503288fd3f3b2492a048049d4e5419ef4a23788,9301ce1298133a5f1c3b22bee503288fd3f3b2492a048049d4e5419ef4a23788,data/derived/covalent_small/covapie_independent_group_expansion_batch_sample_preparation_execution_smoke_v0/samples/1AYU_INA/ligand_atom_table.csv,3ea203e5ee078792c31edc83074629ba29dda72f6c4f7d90b0aad1246673e399,BASE_tracked_observed_atom_name_to_sha_attested_parent_ccd_exact_mapping,true
CYS_SG_SAMPLE_INDEX_000008,1AYU,INA,O17,O,16,16,O17,O,0,16,true,true,false,9301ce1298133a5f1c3b22bee503288fd3f3b2492a048049d4e5419ef4a23788,9301ce1298133a5f1c3b22bee503288fd3f3b2492a048049d4e5419ef4a23788,data/derived/covalent_small/covapie_independent_group_expansion_batch_sample_preparation_execution_smoke_v0/samples/1AYU_INA/ligand_atom_table.csv,3ea203e5ee078792c31edc83074629ba29dda72f6c4f7d90b0aad1246673e399,BASE_tracked_observed_atom_name_to_sha_attested_parent_ccd_exact_mapping,true
CYS_SG_SAMPLE_INDEX_000008,1AYU,INA,N18,N,17,17,N18,N,0,17,true,true,false,9301ce1298133a5f1c3b22bee503288fd3f3b2492a048049d4e5419ef4a23788,9301ce1298133a5f1c3b22bee503288fd3f3b2492a048049d4e5419ef4a23788,data/derived/covalent_small/covapie_independent_group_expansion_batch_sample_preparation_execution_smoke_v0/samples/1AYU_INA/ligand_atom_table.csv,3ea203e5ee078792c31edc83074629ba29dda72f6c4f7d90b0aad1246673e399,BASE_tracked_observed_atom_name_to_sha_attested_parent_ccd_exact_mapping,true
CYS_SG_SAMPLE_INDEX_000008,1AYU,INA,N19,N,18,18,N19,N,0,18,true,true,false,9301ce1298133a5f1c3b22bee503288fd3f3b2492a048049d4e5419ef4a23788,9301ce1298133a5f1c3b22bee503288fd3f3b2492a048049d4e5419ef4a23788,data/derived/covalent_small/covapie_independent_group_expansion_batch_sample_preparation_execution_smoke_v0/samples/1AYU_INA/ligand_atom_table.csv,3ea203e5ee078792c31edc83074629ba29dda72f6c4f7d90b0aad1246673e399,BASE_tracked_observed_atom_name_to_sha_attested_parent_ccd_exact_mapping,true
CYS_SG_SAMPLE_INDEX_000008,1AYU,INA,N20,N,19,19,N20,N,0,19,true,true,false,9301ce1298133a5f1c3b22bee503288fd3f3b2492a048049d4e5419ef4a23788,9301ce1298133a5f1c3b22bee503288fd3f3b2492a048049d4e5419ef4a23788,data/derived/covalent_small/covapie_independent_group_expansion_batch_sample_preparation_execution_smoke_v0/samples/1AYU_INA/ligand_atom_table.csv,3ea203e5ee078792c31edc83074629ba29dda72f6c4f7d90b0aad1246673e399,BASE_tracked_observed_atom_name_to_sha_attested_parent_ccd_exact_mapping,true
CYS_SG_SAMPLE_INDEX_000008,1AYU,INA,C21,C,20,20,C21,C,0,20,true,true,true,9301ce1298133a5f1c3b22bee503288fd3f3b2492a048049d4e5419ef4a23788,9301ce1298133a5f1c3b22bee503288fd3f3b2492a048049d4e5419ef4a23788,data/derived/covalent_small/covapie_independent_group_expansion_batch_sample_preparation_execution_smoke_v0/samples/1AYU_INA/ligand_atom_table.csv,3ea203e5ee078792c31edc83074629ba29dda72f6c4f7d90b0aad1246673e399,BASE_tracked_observed_atom_name_to_sha_attested_parent_ccd_exact_mapping,true
CYS_SG_SAMPLE_INDEX_000008,1AYU,INA,O22,O,21,21,O22,O,0,21,true,true,false,9301ce1298133a5f1c3b22bee503288fd3f3b2492a048049d4e5419ef4a23788,9301ce1298133a5f1c3b22bee503288fd3f3b2492a048049d4e5419ef4a23788,data/derived/covalent_small/covapie_independent_group_expansion_batch_sample_preparation_execution_smoke_v0/samples/1AYU_INA/ligand_atom_table.csv,3ea203e5ee078792c31edc83074629ba29dda72f6c4f7d90b0aad1246673e399,BASE_tracked_observed_atom_name_to_sha_attested_parent_ccd_exact_mapping,true
CYS_SG_SAMPLE_INDEX_000008,1AYU,INA,C23,C,22,22,C23,C,0,22,true,true,false,9301ce1298133a5f1c3b22bee503288fd3f3b2492a048049d4e5419ef4a23788,9301ce1298133a5f1c3b22bee503288fd3f3b2492a048049d4e5419ef4a23788,data/derived/covalent_small/covapie_independent_group_expansion_batch_sample_preparation_execution_smoke_v0/samples/1AYU_INA/ligand_atom_table.csv,3ea203e5ee078792c31edc83074629ba29dda72f6c4f7d90b0aad1246673e399,BASE_tracked_observed_atom_name_to_sha_attested_parent_ccd_exact_mapping,true
CYS_SG_SAMPLE_INDEX_000008,1AYU,INA,C24,C,23,23,C24,C,0,23,true,true,false,9301ce1298133a5f1c3b22bee503288fd3f3b2492a048049d4e5419ef4a23788,9301ce1298133a5f1c3b22bee503288fd3f3b2492a048049d4e5419ef4a23788,data/derived/covalent_small/covapie_independent_group_expansion_batch_sample_preparation_execution_smoke_v0/samples/1AYU_INA/ligand_atom_table.csv,3ea203e5ee078792c31edc83074629ba29dda72f6c4f7d90b0aad1246673e399,BASE_tracked_observed_atom_name_to_sha_attested_parent_ccd_exact_mapping,true
CYS_SG_SAMPLE_INDEX_000008,1AYU,INA,C25,C,24,24,C25,C,0,24,true,true,false,9301ce1298133a5f1c3b22bee503288fd3f3b2492a048049d4e5419ef4a23788,9301ce1298133a5f1c3b22bee503288fd3f3b2492a048049d4e5419ef4a23788,data/derived/covalent_small/covapie_independent_group_expansion_batch_sample_preparation_execution_smoke_v0/samples/1AYU_INA/ligand_atom_table.csv,3ea203e5ee078792c31edc83074629ba29dda72f6c4f7d90b0aad1246673e399,BASE_tracked_observed_atom_name_to_sha_attested_parent_ccd_exact_mapping,true
CYS_SG_SAMPLE_INDEX_000008,1AYU,INA,C26,C,25,25,C26,C,0,25,true,true,false,9301ce1298133a5f1c3b22bee503288fd3f3b2492a048049d4e5419ef4a23788,9301ce1298133a5f1c3b22bee503288fd3f3b2492a048049d4e5419ef4a23788,data/derived/covalent_small/covapie_independent_group_expansion_batch_sample_preparation_execution_smoke_v0/samples/1AYU_INA/ligand_atom_table.csv,3ea203e5ee078792c31edc83074629ba29dda72f6c4f7d90b0aad1246673e399,BASE_tracked_observed_atom_name_to_sha_attested_parent_ccd_exact_mapping,true
CYS_SG_SAMPLE_INDEX_000008,1AYU,INA,C27,C,26,26,C27,C,0,26,true,true,false,9301ce1298133a5f1c3b22bee503288fd3f3b2492a048049d4e5419ef4a23788,9301ce1298133a5f1c3b22bee503288fd3f3b2492a048049d4e5419ef4a23788,data/derived/covalent_small/covapie_independent_group_expansion_batch_sample_preparation_execution_smoke_v0/samples/1AYU_INA/ligand_atom_table.csv,3ea203e5ee078792c31edc83074629ba29dda72f6c4f7d90b0aad1246673e399,BASE_tracked_observed_atom_name_to_sha_attested_parent_ccd_exact_mapping,true
CYS_SG_SAMPLE_INDEX_000008,1AYU,INA,C28,C,27,27,C28,C,0,27,true,true,false,9301ce1298133a5f1c3b22bee503288fd3f3b2492a048049d4e5419ef4a23788,9301ce1298133a5f1c3b22bee503288fd3f3b2492a048049d4e5419ef4a23788,data/derived/covalent_small/covapie_independent_group_expansion_batch_sample_preparation_execution_smoke_v0/samples/1AYU_INA/ligand_atom_table.csv,3ea203e5ee078792c31edc83074629ba29dda72f6c4f7d90b0aad1246673e399,BASE_tracked_observed_atom_name_to_sha_attested_parent_ccd_exact_mapping,true
CYS_SG_SAMPLE_INDEX_000008,1AYU,INA,C29,C,28,28,C29,C,0,28,true,true,false,9301ce1298133a5f1c3b22bee503288fd3f3b2492a048049d4e5419ef4a23788,9301ce1298133a5f1c3b22bee503288fd3f3b2492a048049d4e5419ef4a23788,data/derived/covalent_small/covapie_independent_group_expansion_batch_sample_preparation_execution_smoke_v0/samples/1AYU_INA/ligand_atom_table.csv,3ea203e5ee078792c31edc83074629ba29dda72f6c4f7d90b0aad1246673e399,BASE_tracked_observed_atom_name_to_sha_attested_parent_ccd_exact_mapping,true
CYS_SG_SAMPLE_INDEX_000008,1AYU,INA,O30,O,29,29,O30,O,0,29,true,true,false,9301ce1298133a5f1c3b22bee503288fd3f3b2492a048049d4e5419ef4a23788,9301ce1298133a5f1c3b22bee503288fd3f3b2492a048049d4e5419ef4a23788,data/derived/covalent_small/covapie_independent_group_expansion_batch_sample_preparation_execution_smoke_v0/samples/1AYU_INA/ligand_atom_table.csv,3ea203e5ee078792c31edc83074629ba29dda72f6c4f7d90b0aad1246673e399,BASE_tracked_observed_atom_name_to_sha_attested_parent_ccd_exact_mapping,true
CYS_SG_SAMPLE_INDEX_000008,1AYU,INA,C31,C,30,30,C31,C,0,30,true,true,false,9301ce1298133a5f1c3b22bee503288fd3f3b2492a048049d4e5419ef4a23788,9301ce1298133a5f1c3b22bee503288fd3f3b2492a048049d4e5419ef4a23788,data/derived/covalent_small/covapie_independent_group_expansion_batch_sample_preparation_execution_smoke_v0/samples/1AYU_INA/ligand_atom_table.csv,3ea203e5ee078792c31edc83074629ba29dda72f6c4f7d90b0aad1246673e399,BASE_tracked_observed_atom_name_to_sha_attested_parent_ccd_exact_mapping,true
CYS_SG_SAMPLE_INDEX_000008,1AYU,INA,O32,O,31,31,O32,O,0,31,true,true,false,9301ce1298133a5f1c3b22bee503288fd3f3b2492a048049d4e5419ef4a23788,9301ce1298133a5f1c3b22bee503288fd3f3b2492a048049d4e5419ef4a23788,data/derived/covalent_small/covapie_independent_group_expansion_batch_sample_preparation_execution_smoke_v0/samples/1AYU_INA/ligand_atom_table.csv,3ea203e5ee078792c31edc83074629ba29dda72f6c4f7d90b0aad1246673e399,BASE_tracked_observed_atom_name_to_sha_attested_parent_ccd_exact_mapping,true
CYS_SG_SAMPLE_INDEX_000008,1AYU,INA,C33,C,32,32,C33,C,0,32,true,true,false,9301ce1298133a5f1c3b22bee503288fd3f3b2492a048049d4e5419ef4a23788,9301ce1298133a5f1c3b22bee503288fd3f3b2492a048049d4e5419ef4a23788,data/derived/covalent_small/covapie_independent_group_expansion_batch_sample_preparation_execution_smoke_v0/samples/1AYU_INA/ligand_atom_table.csv,3ea203e5ee078792c31edc83074629ba29dda72f6c4f7d90b0aad1246673e399,BASE_tracked_observed_atom_name_to_sha_attested_parent_ccd_exact_mapping,true
CYS_SG_SAMPLE_INDEX_000008,1AYU,INA,C34,C,33,33,C34,C,0,33,true,true,false,9301ce1298133a5f1c3b22bee503288fd3f3b2492a048049d4e5419ef4a23788,9301ce1298133a5f1c3b22bee503288fd3f3b2492a048049d4e5419ef4a23788,data/derived/covalent_small/covapie_independent_group_expansion_batch_sample_preparation_execution_smoke_v0/samples/1AYU_INA/ligand_atom_table.csv,3ea203e5ee078792c31edc83074629ba29dda72f6c4f7d90b0aad1246673e399,BASE_tracked_observed_atom_name_to_sha_attested_parent_ccd_exact_mapping,true
CYS_SG_SAMPLE_INDEX_000008,1AYU,INA,C35,C,34,34,C35,C,0,34,true,true,false,9301ce1298133a5f1c3b22bee503288fd3f3b2492a048049d4e5419ef4a23788,9301ce1298133a5f1c3b22bee503288fd3f3b2492a048049d4e5419ef4a23788,data/derived/covalent_small/covapie_independent_group_expansion_batch_sample_preparation_execution_smoke_v0/samples/1AYU_INA/ligand_atom_table.csv,3ea203e5ee078792c31edc83074629ba29dda72f6c4f7d90b0aad1246673e399,BASE_tracked_observed_atom_name_to_sha_attested_parent_ccd_exact_mapping,true
CYS_SG_SAMPLE_INDEX_000008,1AYU,INA,C36,C,35,35,C36,C,0,35,true,true,false,9301ce1298133a5f1c3b22bee503288fd3f3b2492a048049d4e5419ef4a23788,9301ce1298133a5f1c3b22bee503288fd3f3b2492a048049d4e5419ef4a23788,data/derived/covalent_small/covapie_independent_group_expansion_batch_sample_preparation_execution_smoke_v0/samples/1AYU_INA/ligand_atom_table.csv,3ea203e5ee078792c31edc83074629ba29dda72f6c4f7d90b0aad1246673e399,BASE_tracked_observed_atom_name_to_sha_attested_parent_ccd_exact_mapping,true
CYS_SG_SAMPLE_INDEX_000008,1AYU,INA,C37,C,36,36,C37,C,0,36,true,true,false,9301ce1298133a5f1c3b22bee503288fd3f3b2492a048049d4e5419ef4a23788,9301ce1298133a5f1c3b22bee503288fd3f3b2492a048049d4e5419ef4a23788,data/derived/covalent_small/covapie_independent_group_expansion_batch_sample_preparation_execution_smoke_v0/samples/1AYU_INA/ligand_atom_table.csv,3ea203e5ee078792c31edc83074629ba29dda72f6c4f7d90b0aad1246673e399,BASE_tracked_observed_atom_name_to_sha_attested_parent_ccd_exact_mapping,true
CYS_SG_SAMPLE_INDEX_000008,1AYU,INA,C38,C,37,37,C38,C,0,37,true,true,false,9301ce1298133a5f1c3b22bee503288fd3f3b2492a048049d4e5419ef4a23788,9301ce1298133a5f1c3b22bee503288fd3f3b2492a048049d4e5419ef4a23788,data/derived/covalent_small/covapie_independent_group_expansion_batch_sample_preparation_execution_smoke_v0/samples/1AYU_INA/ligand_atom_table.csv,3ea203e5ee078792c31edc83074629ba29dda72f6c4f7d90b0aad1246673e399,BASE_tracked_observed_atom_name_to_sha_attested_parent_ccd_exact_mapping,true
CYS_SG_SAMPLE_INDEX_000008,1AYU,INA,O39,O,38,38,O39,O,0,38,true,true,false,9301ce1298133a5f1c3b22bee503288fd3f3b2492a048049d4e5419ef4a23788,9301ce1298133a5f1c3b22bee503288fd3f3b2492a048049d4e5419ef4a23788,data/derived/covalent_small/covapie_independent_group_expansion_batch_sample_preparation_execution_smoke_v0/samples/1AYU_INA/ligand_atom_table.csv,3ea203e5ee078792c31edc83074629ba29dda72f6c4f7d90b0aad1246673e399,BASE_tracked_observed_atom_name_to_sha_attested_parent_ccd_exact_mapping,true
CYS_SG_SAMPLE_INDEX_000008,1AYU,INA,N40,N,39,39,N40,N,0,39,true,true,false,9301ce1298133a5f1c3b22bee503288fd3f3b2492a048049d4e5419ef4a23788,9301ce1298133a5f1c3b22bee503288fd3f3b2492a048049d4e5419ef4a23788,data/derived/covalent_small/covapie_independent_group_expansion_batch_sample_preparation_execution_smoke_v0/samples/1AYU_INA/ligand_atom_table.csv,3ea203e5ee078792c31edc83074629ba29dda72f6c4f7d90b0aad1246673e399,BASE_tracked_observed_atom_name_to_sha_attested_parent_ccd_exact_mapping,true
CYS_SG_SAMPLE_INDEX_000008,1AYU,INA,N41,N,40,40,N41,N,0,40,true,true,false,9301ce1298133a5f1c3b22bee503288fd3f3b2492a048049d4e5419ef4a23788,9301ce1298133a5f1c3b22bee503288fd3f3b2492a048049d4e5419ef4a23788,data/derived/covalent_small/covapie_independent_group_expansion_batch_sample_preparation_execution_smoke_v0/samples/1AYU_INA/ligand_atom_table.csv,3ea203e5ee078792c31edc83074629ba29dda72f6c4f7d90b0aad1246673e399,BASE_tracked_observed_atom_name_to_sha_attested_parent_ccd_exact_mapping,true
CYS_SG_SAMPLE_INDEX_000008,1AYU,INA,N42,N,41,41,N42,N,0,41,true,true,false,9301ce1298133a5f1c3b22bee503288fd3f3b2492a048049d4e5419ef4a23788,9301ce1298133a5f1c3b22bee503288fd3f3b2492a048049d4e5419ef4a23788,data/derived/covalent_small/covapie_independent_group_expansion_batch_sample_preparation_execution_smoke_v0/samples/1AYU_INA/ligand_atom_table.csv,3ea203e5ee078792c31edc83074629ba29dda72f6c4f7d90b0aad1246673e399,BASE_tracked_observed_atom_name_to_sha_attested_parent_ccd_exact_mapping,true
CYS_SG_SAMPLE_INDEX_000009,1AYV,IN6,C1,C,0,0,C1,C,0,0,true,true,false,5051c93e26f89216eeceffcc7d7fbf600cf26343910a46daca9f5a9453aab8d6,5051c93e26f89216eeceffcc7d7fbf600cf26343910a46daca9f5a9453aab8d6,data/derived/covalent_small/covapie_independent_group_expansion_batch_sample_preparation_execution_smoke_v0/samples/1AYV_IN6/ligand_atom_table.csv,dfdaa3d37f81a79e51fee9e24434eca353ce922bda0c927fedb053566276bf49,BASE_tracked_observed_atom_name_to_sha_attested_parent_ccd_exact_mapping,true
CYS_SG_SAMPLE_INDEX_000009,1AYV,IN6,C2,C,1,1,C2,C,0,1,true,true,false,5051c93e26f89216eeceffcc7d7fbf600cf26343910a46daca9f5a9453aab8d6,5051c93e26f89216eeceffcc7d7fbf600cf26343910a46daca9f5a9453aab8d6,data/derived/covalent_small/covapie_independent_group_expansion_batch_sample_preparation_execution_smoke_v0/samples/1AYV_IN6/ligand_atom_table.csv,dfdaa3d37f81a79e51fee9e24434eca353ce922bda0c927fedb053566276bf49,BASE_tracked_observed_atom_name_to_sha_attested_parent_ccd_exact_mapping,true
CYS_SG_SAMPLE_INDEX_000009,1AYV,IN6,C3,C,2,2,C3,C,0,2,true,true,false,5051c93e26f89216eeceffcc7d7fbf600cf26343910a46daca9f5a9453aab8d6,5051c93e26f89216eeceffcc7d7fbf600cf26343910a46daca9f5a9453aab8d6,data/derived/covalent_small/covapie_independent_group_expansion_batch_sample_preparation_execution_smoke_v0/samples/1AYV_IN6/ligand_atom_table.csv,dfdaa3d37f81a79e51fee9e24434eca353ce922bda0c927fedb053566276bf49,BASE_tracked_observed_atom_name_to_sha_attested_parent_ccd_exact_mapping,true
CYS_SG_SAMPLE_INDEX_000009,1AYV,IN6,C4,C,3,3,C4,C,0,3,true,true,false,5051c93e26f89216eeceffcc7d7fbf600cf26343910a46daca9f5a9453aab8d6,5051c93e26f89216eeceffcc7d7fbf600cf26343910a46daca9f5a9453aab8d6,data/derived/covalent_small/covapie_independent_group_expansion_batch_sample_preparation_execution_smoke_v0/samples/1AYV_IN6/ligand_atom_table.csv,dfdaa3d37f81a79e51fee9e24434eca353ce922bda0c927fedb053566276bf49,BASE_tracked_observed_atom_name_to_sha_attested_parent_ccd_exact_mapping,true
CYS_SG_SAMPLE_INDEX_000009,1AYV,IN6,C5,C,4,4,C5,C,0,4,true,true,false,5051c93e26f89216eeceffcc7d7fbf600cf26343910a46daca9f5a9453aab8d6,5051c93e26f89216eeceffcc7d7fbf600cf26343910a46daca9f5a9453aab8d6,data/derived/covalent_small/covapie_independent_group_expansion_batch_sample_preparation_execution_smoke_v0/samples/1AYV_IN6/ligand_atom_table.csv,dfdaa3d37f81a79e51fee9e24434eca353ce922bda0c927fedb053566276bf49,BASE_tracked_observed_atom_name_to_sha_attested_parent_ccd_exact_mapping,true
CYS_SG_SAMPLE_INDEX_000009,1AYV,IN6,C6,C,5,5,C6,C,0,5,true,true,false,5051c93e26f89216eeceffcc7d7fbf600cf26343910a46daca9f5a9453aab8d6,5051c93e26f89216eeceffcc7d7fbf600cf26343910a46daca9f5a9453aab8d6,data/derived/covalent_small/covapie_independent_group_expansion_batch_sample_preparation_execution_smoke_v0/samples/1AYV_IN6/ligand_atom_table.csv,dfdaa3d37f81a79e51fee9e24434eca353ce922bda0c927fedb053566276bf49,BASE_tracked_observed_atom_name_to_sha_attested_parent_ccd_exact_mapping,true
CYS_SG_SAMPLE_INDEX_000009,1AYV,IN6,C7,C,6,6,C7,C,0,6,true,true,false,5051c93e26f89216eeceffcc7d7fbf600cf26343910a46daca9f5a9453aab8d6,5051c93e26f89216eeceffcc7d7fbf600cf26343910a46daca9f5a9453aab8d6,data/derived/covalent_small/covapie_independent_group_expansion_batch_sample_preparation_execution_smoke_v0/samples/1AYV_IN6/ligand_atom_table.csv,dfdaa3d37f81a79e51fee9e24434eca353ce922bda0c927fedb053566276bf49,BASE_tracked_observed_atom_name_to_sha_attested_parent_ccd_exact_mapping,true
CYS_SG_SAMPLE_INDEX_000009,1AYV,IN6,O8,O,7,7,O8,O,0,7,true,true,false,5051c93e26f89216eeceffcc7d7fbf600cf26343910a46daca9f5a9453aab8d6,5051c93e26f89216eeceffcc7d7fbf600cf26343910a46daca9f5a9453aab8d6,data/derived/covalent_small/covapie_independent_group_expansion_batch_sample_preparation_execution_smoke_v0/samples/1AYV_IN6/ligand_atom_table.csv,dfdaa3d37f81a79e51fee9e24434eca353ce922bda0c927fedb053566276bf49,BASE_tracked_observed_atom_name_to_sha_attested_parent_ccd_exact_mapping,true
CYS_SG_SAMPLE_INDEX_000009,1AYV,IN6,C9,C,8,8,C9,C,0,8,true,true,false,5051c93e26f89216eeceffcc7d7fbf600cf26343910a46daca9f5a9453aab8d6,5051c93e26f89216eeceffcc7d7fbf600cf26343910a46daca9f5a9453aab8d6,data/derived/covalent_small/covapie_independent_group_expansion_batch_sample_preparation_execution_smoke_v0/samples/1AYV_IN6/ligand_atom_table.csv,dfdaa3d37f81a79e51fee9e24434eca353ce922bda0c927fedb053566276bf49,BASE_tracked_observed_atom_name_to_sha_attested_parent_ccd_exact_mapping,true
CYS_SG_SAMPLE_INDEX_000009,1AYV,IN6,O10,O,9,9,O10,O,0,9,true,true,false,5051c93e26f89216eeceffcc7d7fbf600cf26343910a46daca9f5a9453aab8d6,5051c93e26f89216eeceffcc7d7fbf600cf26343910a46daca9f5a9453aab8d6,data/derived/covalent_small/covapie_independent_group_expansion_batch_sample_preparation_execution_smoke_v0/samples/1AYV_IN6/ligand_atom_table.csv,dfdaa3d37f81a79e51fee9e24434eca353ce922bda0c927fedb053566276bf49,BASE_tracked_observed_atom_name_to_sha_attested_parent_ccd_exact_mapping,true
CYS_SG_SAMPLE_INDEX_000009,1AYV,IN6,C11,C,10,10,C11,C,0,10,true,true,false,5051c93e26f89216eeceffcc7d7fbf600cf26343910a46daca9f5a9453aab8d6,5051c93e26f89216eeceffcc7d7fbf600cf26343910a46daca9f5a9453aab8d6,data/derived/covalent_small/covapie_independent_group_expansion_batch_sample_preparation_execution_smoke_v0/samples/1AYV_IN6/ligand_atom_table.csv,dfdaa3d37f81a79e51fee9e24434eca353ce922bda0c927fedb053566276bf49,BASE_tracked_observed_atom_name_to_sha_attested_parent_ccd_exact_mapping,true
CYS_SG_SAMPLE_INDEX_000009,1AYV,IN6,C12,C,11,11,C12,C,0,11,true,true,false,5051c93e26f89216eeceffcc7d7fbf600cf26343910a46daca9f5a9453aab8d6,5051c93e26f89216eeceffcc7d7fbf600cf26343910a46daca9f5a9453aab8d6,data/derived/covalent_small/covapie_independent_group_expansion_batch_sample_preparation_execution_smoke_v0/samples/1AYV_IN6/ligand_atom_table.csv,dfdaa3d37f81a79e51fee9e24434eca353ce922bda0c927fedb053566276bf49,BASE_tracked_observed_atom_name_to_sha_attested_parent_ccd_exact_mapping,true
CYS_SG_SAMPLE_INDEX_000009,1AYV,IN6,C14,C,12,12,C14,C,0,12,true,true,false,5051c93e26f89216eeceffcc7d7fbf600cf26343910a46daca9f5a9453aab8d6,5051c93e26f89216eeceffcc7d7fbf600cf26343910a46daca9f5a9453aab8d6,data/derived/covalent_small/covapie_independent_group_expansion_batch_sample_preparation_execution_smoke_v0/samples/1AYV_IN6/ligand_atom_table.csv,dfdaa3d37f81a79e51fee9e24434eca353ce922bda0c927fedb053566276bf49,BASE_tracked_observed_atom_name_to_sha_attested_parent_ccd_exact_mapping,true
CYS_SG_SAMPLE_INDEX_000009,1AYV,IN6,C15,C,13,13,C15,C,0,13,true,true,false,5051c93e26f89216eeceffcc7d7fbf600cf26343910a46daca9f5a9453aab8d6,5051c93e26f89216eeceffcc7d7fbf600cf26343910a46daca9f5a9453aab8d6,data/derived/covalent_small/covapie_independent_group_expansion_batch_sample_preparation_execution_smoke_v0/samples/1AYV_IN6/ligand_atom_table.csv,dfdaa3d37f81a79e51fee9e24434eca353ce922bda0c927fedb053566276bf49,BASE_tracked_observed_atom_name_to_sha_attested_parent_ccd_exact_mapping,true
CYS_SG_SAMPLE_INDEX_000009,1AYV,IN6,C16,C,14,14,C16,C,0,14,true,true,false,5051c93e26f89216eeceffcc7d7fbf600cf26343910a46daca9f5a9453aab8d6,5051c93e26f89216eeceffcc7d7fbf600cf26343910a46daca9f5a9453aab8d6,data/derived/covalent_small/covapie_independent_group_expansion_batch_sample_preparation_execution_smoke_v0/samples/1AYV_IN6/ligand_atom_table.csv,dfdaa3d37f81a79e51fee9e24434eca353ce922bda0c927fedb053566276bf49,BASE_tracked_observed_atom_name_to_sha_attested_parent_ccd_exact_mapping,true
CYS_SG_SAMPLE_INDEX_000009,1AYV,IN6,C17,C,15,15,C17,C,0,15,true,true,false,5051c93e26f89216eeceffcc7d7fbf600cf26343910a46daca9f5a9453aab8d6,5051c93e26f89216eeceffcc7d7fbf600cf26343910a46daca9f5a9453aab8d6,data/derived/covalent_small/covapie_independent_group_expansion_batch_sample_preparation_execution_smoke_v0/samples/1AYV_IN6/ligand_atom_table.csv,dfdaa3d37f81a79e51fee9e24434eca353ce922bda0c927fedb053566276bf49,BASE_tracked_observed_atom_name_to_sha_attested_parent_ccd_exact_mapping,true
CYS_SG_SAMPLE_INDEX_000009,1AYV,IN6,S18,S,16,16,S18,S,0,16,true,true,false,5051c93e26f89216eeceffcc7d7fbf600cf26343910a46daca9f5a9453aab8d6,5051c93e26f89216eeceffcc7d7fbf600cf26343910a46daca9f5a9453aab8d6,data/derived/covalent_small/covapie_independent_group_expansion_batch_sample_preparation_execution_smoke_v0/samples/1AYV_IN6/ligand_atom_table.csv,dfdaa3d37f81a79e51fee9e24434eca353ce922bda0c927fedb053566276bf49,BASE_tracked_observed_atom_name_to_sha_attested_parent_ccd_exact_mapping,true
CYS_SG_SAMPLE_INDEX_000009,1AYV,IN6,N19,N,17,17,N19,N,0,17,true,true,false,5051c93e26f89216eeceffcc7d7fbf600cf26343910a46daca9f5a9453aab8d6,5051c93e26f89216eeceffcc7d7fbf600cf26343910a46daca9f5a9453aab8d6,data/derived/covalent_small/covapie_independent_group_expansion_batch_sample_preparation_execution_smoke_v0/samples/1AYV_IN6/ligand_atom_table.csv,dfdaa3d37f81a79e51fee9e24434eca353ce922bda0c927fedb053566276bf49,BASE_tracked_observed_atom_name_to_sha_attested_parent_ccd_exact_mapping,true
CYS_SG_SAMPLE_INDEX_000009,1AYV,IN6,C20,C,18,18,C20,C,0,18,true,true,false,5051c93e26f89216eeceffcc7d7fbf600cf26343910a46daca9f5a9453aab8d6,5051c93e26f89216eeceffcc7d7fbf600cf26343910a46daca9f5a9453aab8d6,data/derived/covalent_small/covapie_independent_group_expansion_batch_sample_preparation_execution_smoke_v0/samples/1AYV_IN6/ligand_atom_table.csv,dfdaa3d37f81a79e51fee9e24434eca353ce922bda0c927fedb053566276bf49,BASE_tracked_observed_atom_name_to_sha_attested_parent_ccd_exact_mapping,true
CYS_SG_SAMPLE_INDEX_000009,1AYV,IN6,N24,N,19,19,N24,N,0,19,true,true,false,5051c93e26f89216eeceffcc7d7fbf600cf26343910a46daca9f5a9453aab8d6,5051c93e26f89216eeceffcc7d7fbf600cf26343910a46daca9f5a9453aab8d6,data/derived/covalent_small/covapie_independent_group_expansion_batch_sample_preparation_execution_smoke_v0/samples/1AYV_IN6/ligand_atom_table.csv,dfdaa3d37f81a79e51fee9e24434eca353ce922bda0c927fedb053566276bf49,BASE_tracked_observed_atom_name_to_sha_attested_parent_ccd_exact_mapping,true
CYS_SG_SAMPLE_INDEX_000009,1AYV,IN6,C42,C,20,20,C42,C,0,20,true,true,false,5051c93e26f89216eeceffcc7d7fbf600cf26343910a46daca9f5a9453aab8d6,5051c93e26f89216eeceffcc7d7fbf600cf26343910a46daca9f5a9453aab8d6,data/derived/covalent_small/covapie_independent_group_expansion_batch_sample_preparation_execution_smoke_v0/samples/1AYV_IN6/ligand_atom_table.csv,dfdaa3d37f81a79e51fee9e24434eca353ce922bda0c927fedb053566276bf49,BASE_tracked_observed_atom_name_to_sha_attested_parent_ccd_exact_mapping,true
CYS_SG_SAMPLE_INDEX_000009,1AYV,IN6,C21,C,21,21,C21,C,0,21,true,true,true,5051c93e26f89216eeceffcc7d7fbf600cf26343910a46daca9f5a9453aab8d6,5051c93e26f89216eeceffcc7d7fbf600cf26343910a46daca9f5a9453aab8d6,data/derived/covalent_small/covapie_independent_group_expansion_batch_sample_preparation_execution_smoke_v0/samples/1AYV_IN6/ligand_atom_table.csv,dfdaa3d37f81a79e51fee9e24434eca353ce922bda0c927fedb053566276bf49,BASE_tracked_observed_atom_name_to_sha_attested_parent_ccd_exact_mapping,true
CYS_SG_SAMPLE_INDEX_000009,1AYV,IN6,O22,O,22,22,O22,O,0,22,true,true,false,5051c93e26f89216eeceffcc7d7fbf600cf26343910a46daca9f5a9453aab8d6,5051c93e26f89216eeceffcc7d7fbf600cf26343910a46daca9f5a9453aab8d6,data/derived/covalent_small/covapie_independent_group_expansion_batch_sample_preparation_execution_smoke_v0/samples/1AYV_IN6/ligand_atom_table.csv,dfdaa3d37f81a79e51fee9e24434eca353ce922bda0c927fedb053566276bf49,BASE_tracked_observed_atom_name_to_sha_attested_parent_ccd_exact_mapping,true
CYS_SG_SAMPLE_INDEX_000009,1AYV,IN6,C1',C,23,23,C1',C,0,23,true,true,false,5051c93e26f89216eeceffcc7d7fbf600cf26343910a46daca9f5a9453aab8d6,5051c93e26f89216eeceffcc7d7fbf600cf26343910a46daca9f5a9453aab8d6,data/derived/covalent_small/covapie_independent_group_expansion_batch_sample_preparation_execution_smoke_v0/samples/1AYV_IN6/ligand_atom_table.csv,dfdaa3d37f81a79e51fee9e24434eca353ce922bda0c927fedb053566276bf49,BASE_tracked_observed_atom_name_to_sha_attested_parent_ccd_exact_mapping,true
CYS_SG_SAMPLE_INDEX_000009,1AYV,IN6,C2',C,24,24,C2',C,0,24,true,true,false,5051c93e26f89216eeceffcc7d7fbf600cf26343910a46daca9f5a9453aab8d6,5051c93e26f89216eeceffcc7d7fbf600cf26343910a46daca9f5a9453aab8d6,data/derived/covalent_small/covapie_independent_group_expansion_batch_sample_preparation_execution_smoke_v0/samples/1AYV_IN6/ligand_atom_table.csv,dfdaa3d37f81a79e51fee9e24434eca353ce922bda0c927fedb053566276bf49,BASE_tracked_observed_atom_name_to_sha_attested_parent_ccd_exact_mapping,true
CYS_SG_SAMPLE_INDEX_000009,1AYV,IN6,C3',C,25,25,C3',C,0,25,true,true,false,5051c93e26f89216eeceffcc7d7fbf600cf26343910a46daca9f5a9453aab8d6,5051c93e26f89216eeceffcc7d7fbf600cf26343910a46daca9f5a9453aab8d6,data/derived/covalent_small/covapie_independent_group_expansion_batch_sample_preparation_execution_smoke_v0/samples/1AYV_IN6/ligand_atom_table.csv,dfdaa3d37f81a79e51fee9e24434eca353ce922bda0c927fedb053566276bf49,BASE_tracked_observed_atom_name_to_sha_attested_parent_ccd_exact_mapping,true
CYS_SG_SAMPLE_INDEX_000009,1AYV,IN6,C4',C,26,26,C4',C,0,26,true,true,false,5051c93e26f89216eeceffcc7d7fbf600cf26343910a46daca9f5a9453aab8d6,5051c93e26f89216eeceffcc7d7fbf600cf26343910a46daca9f5a9453aab8d6,data/derived/covalent_small/covapie_independent_group_expansion_batch_sample_preparation_execution_smoke_v0/samples/1AYV_IN6/ligand_atom_table.csv,dfdaa3d37f81a79e51fee9e24434eca353ce922bda0c927fedb053566276bf49,BASE_tracked_observed_atom_name_to_sha_attested_parent_ccd_exact_mapping,true
CYS_SG_SAMPLE_INDEX_000009,1AYV,IN6,C5',C,27,27,C5',C,0,27,true,true,false,5051c93e26f89216eeceffcc7d7fbf600cf26343910a46daca9f5a9453aab8d6,5051c93e26f89216eeceffcc7d7fbf600cf26343910a46daca9f5a9453aab8d6,data/derived/covalent_small/covapie_independent_group_expansion_batch_sample_preparation_execution_smoke_v0/samples/1AYV_IN6/ligand_atom_table.csv,dfdaa3d37f81a79e51fee9e24434eca353ce922bda0c927fedb053566276bf49,BASE_tracked_observed_atom_name_to_sha_attested_parent_ccd_exact_mapping,true
CYS_SG_SAMPLE_INDEX_000009,1AYV,IN6,C6',C,28,28,C6',C,0,28,true,true,false,5051c93e26f89216eeceffcc7d7fbf600cf26343910a46daca9f5a9453aab8d6,5051c93e26f89216eeceffcc7d7fbf600cf26343910a46daca9f5a9453aab8d6,data/derived/covalent_small/covapie_independent_group_expansion_batch_sample_preparation_execution_smoke_v0/samples/1AYV_IN6/ligand_atom_table.csv,dfdaa3d37f81a79e51fee9e24434eca353ce922bda0c927fedb053566276bf49,BASE_tracked_observed_atom_name_to_sha_attested_parent_ccd_exact_mapping,true
CYS_SG_SAMPLE_INDEX_000009,1AYV,IN6,C7',C,29,29,C7',C,0,29,true,true,false,5051c93e26f89216eeceffcc7d7fbf600cf26343910a46daca9f5a9453aab8d6,5051c93e26f89216eeceffcc7d7fbf600cf26343910a46daca9f5a9453aab8d6,data/derived/covalent_small/covapie_independent_group_expansion_batch_sample_preparation_execution_smoke_v0/samples/1AYV_IN6/ligand_atom_table.csv,dfdaa3d37f81a79e51fee9e24434eca353ce922bda0c927fedb053566276bf49,BASE_tracked_observed_atom_name_to_sha_attested_parent_ccd_exact_mapping,true
CYS_SG_SAMPLE_INDEX_000009,1AYV,IN6,O8',O,30,30,O8',O,0,30,true,true,false,5051c93e26f89216eeceffcc7d7fbf600cf26343910a46daca9f5a9453aab8d6,5051c93e26f89216eeceffcc7d7fbf600cf26343910a46daca9f5a9453aab8d6,data/derived/covalent_small/covapie_independent_group_expansion_batch_sample_preparation_execution_smoke_v0/samples/1AYV_IN6/ligand_atom_table.csv,dfdaa3d37f81a79e51fee9e24434eca353ce922bda0c927fedb053566276bf49,BASE_tracked_observed_atom_name_to_sha_attested_parent_ccd_exact_mapping,true
CYS_SG_SAMPLE_INDEX_000009,1AYV,IN6,C9',C,31,31,C9',C,0,31,true,true,false,5051c93e26f89216eeceffcc7d7fbf600cf26343910a46daca9f5a9453aab8d6,5051c93e26f89216eeceffcc7d7fbf600cf26343910a46daca9f5a9453aab8d6,data/derived/covalent_small/covapie_independent_group_expansion_batch_sample_preparation_execution_smoke_v0/samples/1AYV_IN6/ligand_atom_table.csv,dfdaa3d37f81a79e51fee9e24434eca353ce922bda0c927fedb053566276bf49,BASE_tracked_observed_atom_name_to_sha_attested_parent_ccd_exact_mapping,true
CYS_SG_SAMPLE_INDEX_000009,1AYV,IN6,OA',O,32,32,OA',O,0,32,true,true,false,5051c93e26f89216eeceffcc7d7fbf600cf26343910a46daca9f5a9453aab8d6,5051c93e26f89216eeceffcc7d7fbf600cf26343910a46daca9f5a9453aab8d6,data/derived/covalent_small/covapie_independent_group_expansion_batch_sample_preparation_execution_smoke_v0/samples/1AYV_IN6/ligand_atom_table.csv,dfdaa3d37f81a79e51fee9e24434eca353ce922bda0c927fedb053566276bf49,BASE_tracked_observed_atom_name_to_sha_attested_parent_ccd_exact_mapping,true
CYS_SG_SAMPLE_INDEX_000009,1AYV,IN6,CB',C,33,33,CB',C,0,33,true,true,false,5051c93e26f89216eeceffcc7d7fbf600cf26343910a46daca9f5a9453aab8d6,5051c93e26f89216eeceffcc7d7fbf600cf26343910a46daca9f5a9453aab8d6,data/derived/covalent_small/covapie_independent_group_expansion_batch_sample_preparation_execution_smoke_v0/samples/1AYV_IN6/ligand_atom_table.csv,dfdaa3d37f81a79e51fee9e24434eca353ce922bda0c927fedb053566276bf49,BASE_tracked_observed_atom_name_to_sha_attested_parent_ccd_exact_mapping,true
CYS_SG_SAMPLE_INDEX_000009,1AYV,IN6,CC',C,34,34,CC',C,0,34,true,true,false,5051c93e26f89216eeceffcc7d7fbf600cf26343910a46daca9f5a9453aab8d6,5051c93e26f89216eeceffcc7d7fbf600cf26343910a46daca9f5a9453aab8d6,data/derived/covalent_small/covapie_independent_group_expansion_batch_sample_preparation_execution_smoke_v0/samples/1AYV_IN6/ligand_atom_table.csv,dfdaa3d37f81a79e51fee9e24434eca353ce922bda0c927fedb053566276bf49,BASE_tracked_observed_atom_name_to_sha_attested_parent_ccd_exact_mapping,true
CYS_SG_SAMPLE_INDEX_000009,1AYV,IN6,CE',C,35,35,CE',C,0,35,true,true,false,5051c93e26f89216eeceffcc7d7fbf600cf26343910a46daca9f5a9453aab8d6,5051c93e26f89216eeceffcc7d7fbf600cf26343910a46daca9f5a9453aab8d6,data/derived/covalent_small/covapie_independent_group_expansion_batch_sample_preparation_execution_smoke_v0/samples/1AYV_IN6/ligand_atom_table.csv,dfdaa3d37f81a79e51fee9e24434eca353ce922bda0c927fedb053566276bf49,BASE_tracked_observed_atom_name_to_sha_attested_parent_ccd_exact_mapping,true
CYS_SG_SAMPLE_INDEX_000009,1AYV,IN6,CF',C,36,36,CF',C,0,36,true,true,false,5051c93e26f89216eeceffcc7d7fbf600cf26343910a46daca9f5a9453aab8d6,5051c93e26f89216eeceffcc7d7fbf600cf26343910a46daca9f5a9453aab8d6,data/derived/covalent_small/covapie_independent_group_expansion_batch_sample_preparation_execution_smoke_v0/samples/1AYV_IN6/ligand_atom_table.csv,dfdaa3d37f81a79e51fee9e24434eca353ce922bda0c927fedb053566276bf49,BASE_tracked_observed_atom_name_to_sha_attested_parent_ccd_exact_mapping,true
CYS_SG_SAMPLE_INDEX_000009,1AYV,IN6,CG',C,37,37,CG',C,0,37,true,true,false,5051c93e26f89216eeceffcc7d7fbf600cf26343910a46daca9f5a9453aab8d6,5051c93e26f89216eeceffcc7d7fbf600cf26343910a46daca9f5a9453aab8d6,data/derived/covalent_small/covapie_independent_group_expansion_batch_sample_preparation_execution_smoke_v0/samples/1AYV_IN6/ligand_atom_table.csv,dfdaa3d37f81a79e51fee9e24434eca353ce922bda0c927fedb053566276bf49,BASE_tracked_observed_atom_name_to_sha_attested_parent_ccd_exact_mapping,true
CYS_SG_SAMPLE_INDEX_000009,1AYV,IN6,CH',C,38,38,CH',C,0,38,true,true,false,5051c93e26f89216eeceffcc7d7fbf600cf26343910a46daca9f5a9453aab8d6,5051c93e26f89216eeceffcc7d7fbf600cf26343910a46daca9f5a9453aab8d6,data/derived/covalent_small/covapie_independent_group_expansion_batch_sample_preparation_execution_smoke_v0/samples/1AYV_IN6/ligand_atom_table.csv,dfdaa3d37f81a79e51fee9e24434eca353ce922bda0c927fedb053566276bf49,BASE_tracked_observed_atom_name_to_sha_attested_parent_ccd_exact_mapping,true
CYS_SG_SAMPLE_INDEX_000009,1AYV,IN6,OI',O,39,39,OI',O,0,39,true,true,false,5051c93e26f89216eeceffcc7d7fbf600cf26343910a46daca9f5a9453aab8d6,5051c93e26f89216eeceffcc7d7fbf600cf26343910a46daca9f5a9453aab8d6,data/derived/covalent_small/covapie_independent_group_expansion_batch_sample_preparation_execution_smoke_v0/samples/1AYV_IN6/ligand_atom_table.csv,dfdaa3d37f81a79e51fee9e24434eca353ce922bda0c927fedb053566276bf49,BASE_tracked_observed_atom_name_to_sha_attested_parent_ccd_exact_mapping,true
CYS_SG_SAMPLE_INDEX_000009,1AYV,IN6,NJ',N,40,40,NJ',N,0,40,true,true,false,5051c93e26f89216eeceffcc7d7fbf600cf26343910a46daca9f5a9453aab8d6,5051c93e26f89216eeceffcc7d7fbf600cf26343910a46daca9f5a9453aab8d6,data/derived/covalent_small/covapie_independent_group_expansion_batch_sample_preparation_execution_smoke_v0/samples/1AYV_IN6/ligand_atom_table.csv,dfdaa3d37f81a79e51fee9e24434eca353ce922bda0c927fedb053566276bf49,BASE_tracked_observed_atom_name_to_sha_attested_parent_ccd_exact_mapping,true
CYS_SG_SAMPLE_INDEX_000009,1AYV,IN6,NK',N,41,41,NK',N,0,41,true,true,false,5051c93e26f89216eeceffcc7d7fbf600cf26343910a46daca9f5a9453aab8d6,5051c93e26f89216eeceffcc7d7fbf600cf26343910a46daca9f5a9453aab8d6,data/derived/covalent_small/covapie_independent_group_expansion_batch_sample_preparation_execution_smoke_v0/samples/1AYV_IN6/ligand_atom_table.csv,dfdaa3d37f81a79e51fee9e24434eca353ce922bda0c927fedb053566276bf49,BASE_tracked_observed_atom_name_to_sha_attested_parent_ccd_exact_mapping,true
CYS_SG_SAMPLE_INDEX_000009,1AYV,IN6,NO',N,42,42,NO',N,0,42,true,true,false,5051c93e26f89216eeceffcc7d7fbf600cf26343910a46daca9f5a9453aab8d6,5051c93e26f89216eeceffcc7d7fbf600cf26343910a46daca9f5a9453aab8d6,data/derived/covalent_small/covapie_independent_group_expansion_batch_sample_preparation_execution_smoke_v0/samples/1AYV_IN6/ligand_atom_table.csv,dfdaa3d37f81a79e51fee9e24434eca353ce922bda0c927fedb053566276bf49,BASE_tracked_observed_atom_name_to_sha_attested_parent_ccd_exact_mapping,true
CYS_SG_SAMPLE_INDEX_000010,1AYW,IN3,C1,C,0,0,C1,C,0,0,true,true,false,764e7b55f9a4fdb731d1417afbe4bea3908976fc4d075d017e535798dfa1b995,764e7b55f9a4fdb731d1417afbe4bea3908976fc4d075d017e535798dfa1b995,data/derived/covalent_small/covapie_independent_group_expansion_batch_sample_preparation_execution_smoke_v0/samples/1AYW_IN3/ligand_atom_table.csv,f8f3a1b5b9143b797acc18724e83be2fb0b89876b66081a584e908b83ed0a67c,BASE_tracked_observed_atom_name_to_sha_attested_parent_ccd_exact_mapping,true
CYS_SG_SAMPLE_INDEX_000010,1AYW,IN3,C2,C,1,1,C2,C,0,1,true,true,false,764e7b55f9a4fdb731d1417afbe4bea3908976fc4d075d017e535798dfa1b995,764e7b55f9a4fdb731d1417afbe4bea3908976fc4d075d017e535798dfa1b995,data/derived/covalent_small/covapie_independent_group_expansion_batch_sample_preparation_execution_smoke_v0/samples/1AYW_IN3/ligand_atom_table.csv,f8f3a1b5b9143b797acc18724e83be2fb0b89876b66081a584e908b83ed0a67c,BASE_tracked_observed_atom_name_to_sha_attested_parent_ccd_exact_mapping,true
CYS_SG_SAMPLE_INDEX_000010,1AYW,IN3,C3,C,2,2,C3,C,0,2,true,true,false,764e7b55f9a4fdb731d1417afbe4bea3908976fc4d075d017e535798dfa1b995,764e7b55f9a4fdb731d1417afbe4bea3908976fc4d075d017e535798dfa1b995,data/derived/covalent_small/covapie_independent_group_expansion_batch_sample_preparation_execution_smoke_v0/samples/1AYW_IN3/ligand_atom_table.csv,f8f3a1b5b9143b797acc18724e83be2fb0b89876b66081a584e908b83ed0a67c,BASE_tracked_observed_atom_name_to_sha_attested_parent_ccd_exact_mapping,true
CYS_SG_SAMPLE_INDEX_000010,1AYW,IN3,C4,C,3,3,C4,C,0,3,true,true,false,764e7b55f9a4fdb731d1417afbe4bea3908976fc4d075d017e535798dfa1b995,764e7b55f9a4fdb731d1417afbe4bea3908976fc4d075d017e535798dfa1b995,data/derived/covalent_small/covapie_independent_group_expansion_batch_sample_preparation_execution_smoke_v0/samples/1AYW_IN3/ligand_atom_table.csv,f8f3a1b5b9143b797acc18724e83be2fb0b89876b66081a584e908b83ed0a67c,BASE_tracked_observed_atom_name_to_sha_attested_parent_ccd_exact_mapping,true
CYS_SG_SAMPLE_INDEX_000010,1AYW,IN3,C5,C,4,4,C5,C,0,4,true,true,false,764e7b55f9a4fdb731d1417afbe4bea3908976fc4d075d017e535798dfa1b995,764e7b55f9a4fdb731d1417afbe4bea3908976fc4d075d017e535798dfa1b995,data/derived/covalent_small/covapie_independent_group_expansion_batch_sample_preparation_execution_smoke_v0/samples/1AYW_IN3/ligand_atom_table.csv,f8f3a1b5b9143b797acc18724e83be2fb0b89876b66081a584e908b83ed0a67c,BASE_tracked_observed_atom_name_to_sha_attested_parent_ccd_exact_mapping,true
CYS_SG_SAMPLE_INDEX_000010,1AYW,IN3,C6,C,5,5,C6,C,0,5,true,true,false,764e7b55f9a4fdb731d1417afbe4bea3908976fc4d075d017e535798dfa1b995,764e7b55f9a4fdb731d1417afbe4bea3908976fc4d075d017e535798dfa1b995,data/derived/covalent_small/covapie_independent_group_expansion_batch_sample_preparation_execution_smoke_v0/samples/1AYW_IN3/ligand_atom_table.csv,f8f3a1b5b9143b797acc18724e83be2fb0b89876b66081a584e908b83ed0a67c,BASE_tracked_observed_atom_name_to_sha_attested_parent_ccd_exact_mapping,true
CYS_SG_SAMPLE_INDEX_000010,1AYW,IN3,C7,C,6,6,C7,C,0,6,true,true,false,764e7b55f9a4fdb731d1417afbe4bea3908976fc4d075d017e535798dfa1b995,764e7b55f9a4fdb731d1417afbe4bea3908976fc4d075d017e535798dfa1b995,data/derived/covalent_small/covapie_independent_group_expansion_batch_sample_preparation_execution_smoke_v0/samples/1AYW_IN3/ligand_atom_table.csv,f8f3a1b5b9143b797acc18724e83be2fb0b89876b66081a584e908b83ed0a67c,BASE_tracked_observed_atom_name_to_sha_attested_parent_ccd_exact_mapping,true
CYS_SG_SAMPLE_INDEX_000010,1AYW,IN3,O8,O,7,7,O8,O,0,7,true,true,false,764e7b55f9a4fdb731d1417afbe4bea3908976fc4d075d017e535798dfa1b995,764e7b55f9a4fdb731d1417afbe4bea3908976fc4d075d017e535798dfa1b995,data/derived/covalent_small/covapie_independent_group_expansion_batch_sample_preparation_execution_smoke_v0/samples/1AYW_IN3/ligand_atom_table.csv,f8f3a1b5b9143b797acc18724e83be2fb0b89876b66081a584e908b83ed0a67c,BASE_tracked_observed_atom_name_to_sha_attested_parent_ccd_exact_mapping,true
CYS_SG_SAMPLE_INDEX_000010,1AYW,IN3,C9,C,8,8,C9,C,0,8,true,true,false,764e7b55f9a4fdb731d1417afbe4bea3908976fc4d075d017e535798dfa1b995,764e7b55f9a4fdb731d1417afbe4bea3908976fc4d075d017e535798dfa1b995,data/derived/covalent_small/covapie_independent_group_expansion_batch_sample_preparation_execution_smoke_v0/samples/1AYW_IN3/ligand_atom_table.csv,f8f3a1b5b9143b797acc18724e83be2fb0b89876b66081a584e908b83ed0a67c,BASE_tracked_observed_atom_name_to_sha_attested_parent_ccd_exact_mapping,true
CYS_SG_SAMPLE_INDEX_000010,1AYW,IN3,C10,C,9,9,C10,C,0,9,true,true,false,764e7b55f9a4fdb731d1417afbe4bea3908976fc4d075d017e535798dfa1b995,764e7b55f9a4fdb731d1417afbe4bea3908976fc4d075d017e535798dfa1b995,data/derived/covalent_small/covapie_independent_group_expansion_batch_sample_preparation_execution_smoke_v0/samples/1AYW_IN3/ligand_atom_table.csv,f8f3a1b5b9143b797acc18724e83be2fb0b89876b66081a584e908b83ed0a67c,BASE_tracked_observed_atom_name_to_sha_attested_parent_ccd_exact_mapping,true
CYS_SG_SAMPLE_INDEX_000010,1AYW,IN3,C11,C,10,10,C11,C,0,10,true,true,false,764e7b55f9a4fdb731d1417afbe4bea3908976fc4d075d017e535798dfa1b995,764e7b55f9a4fdb731d1417afbe4bea3908976fc4d075d017e535798dfa1b995,data/derived/covalent_small/covapie_independent_group_expansion_batch_sample_preparation_execution_smoke_v0/samples/1AYW_IN3/ligand_atom_table.csv,f8f3a1b5b9143b797acc18724e83be2fb0b89876b66081a584e908b83ed0a67c,BASE_tracked_observed_atom_name_to_sha_attested_parent_ccd_exact_mapping,true
CYS_SG_SAMPLE_INDEX_000010,1AYW,IN3,C12,C,11,11,C12,C,0,11,true,true,false,764e7b55f9a4fdb731d1417afbe4bea3908976fc4d075d017e535798dfa1b995,764e7b55f9a4fdb731d1417afbe4bea3908976fc4d075d017e535798dfa1b995,data/derived/covalent_small/covapie_independent_group_expansion_batch_sample_preparation_execution_smoke_v0/samples/1AYW_IN3/ligand_atom_table.csv,f8f3a1b5b9143b797acc18724e83be2fb0b89876b66081a584e908b83ed0a67c,BASE_tracked_observed_atom_name_to_sha_attested_parent_ccd_exact_mapping,true
CYS_SG_SAMPLE_INDEX_000010,1AYW,IN3,C14,C,12,12,C14,C,0,12,true,true,false,764e7b55f9a4fdb731d1417afbe4bea3908976fc4d075d017e535798dfa1b995,764e7b55f9a4fdb731d1417afbe4bea3908976fc4d075d017e535798dfa1b995,data/derived/covalent_small/covapie_independent_group_expansion_batch_sample_preparation_execution_smoke_v0/samples/1AYW_IN3/ligand_atom_table.csv,f8f3a1b5b9143b797acc18724e83be2fb0b89876b66081a584e908b83ed0a67c,BASE_tracked_observed_atom_name_to_sha_attested_parent_ccd_exact_mapping,true
CYS_SG_SAMPLE_INDEX_000010,1AYW,IN3,C17,C,13,13,C17,C,0,13,true,true,false,764e7b55f9a4fdb731d1417afbe4bea3908976fc4d075d017e535798dfa1b995,764e7b55f9a4fdb731d1417afbe4bea3908976fc4d075d017e535798dfa1b995,data/derived/covalent_small/covapie_independent_group_expansion_batch_sample_preparation_execution_smoke_v0/samples/1AYW_IN3/ligand_atom_table.csv,f8f3a1b5b9143b797acc18724e83be2fb0b89876b66081a584e908b83ed0a67c,BASE_tracked_observed_atom_name_to_sha_attested_parent_ccd_exact_mapping,true
CYS_SG_SAMPLE_INDEX_000010,1AYW,IN3,O18,O,14,14,O18,O,0,14,true,true,false,764e7b55f9a4fdb731d1417afbe4bea3908976fc4d075d017e535798dfa1b995,764e7b55f9a4fdb731d1417afbe4bea3908976fc4d075d017e535798dfa1b995,data/derived/covalent_small/covapie_independent_group_expansion_batch_sample_preparation_execution_smoke_v0/samples/1AYW_IN3/ligand_atom_table.csv,f8f3a1b5b9143b797acc18724e83be2fb0b89876b66081a584e908b83ed0a67c,BASE_tracked_observed_atom_name_to_sha_attested_parent_ccd_exact_mapping,true
CYS_SG_SAMPLE_INDEX_000010,1AYW,IN3,N19,N,15,15,N19,N,0,15,true,true,false,764e7b55f9a4fdb731d1417afbe4bea3908976fc4d075d017e535798dfa1b995,764e7b55f9a4fdb731d1417afbe4bea3908976fc4d075d017e535798dfa1b995,data/derived/covalent_small/covapie_independent_group_expansion_batch_sample_preparation_execution_smoke_v0/samples/1AYW_IN3/ligand_atom_table.csv,f8f3a1b5b9143b797acc18724e83be2fb0b89876b66081a584e908b83ed0a67c,BASE_tracked_observed_atom_name_to_sha_attested_parent_ccd_exact_mapping,true
CYS_SG_SAMPLE_INDEX_000010,1AYW,IN3,N20,N,16,16,N20,N,0,16,true,true,false,764e7b55f9a4fdb731d1417afbe4bea3908976fc4d075d017e535798dfa1b995,764e7b55f9a4fdb731d1417afbe4bea3908976fc4d075d017e535798dfa1b995,data/derived/covalent_small/covapie_independent_group_expansion_batch_sample_preparation_execution_smoke_v0/samples/1AYW_IN3/ligand_atom_table.csv,f8f3a1b5b9143b797acc18724e83be2fb0b89876b66081a584e908b83ed0a67c,BASE_tracked_observed_atom_name_to_sha_attested_parent_ccd_exact_mapping,true
CYS_SG_SAMPLE_INDEX_000010,1AYW,IN3,C24,C,17,17,C24,C,0,17,true,true,false,764e7b55f9a4fdb731d1417afbe4bea3908976fc4d075d017e535798dfa1b995,764e7b55f9a4fdb731d1417afbe4bea3908976fc4d075d017e535798dfa1b995,data/derived/covalent_small/covapie_independent_group_expansion_batch_sample_preparation_execution_smoke_v0/samples/1AYW_IN3/ligand_atom_table.csv,f8f3a1b5b9143b797acc18724e83be2fb0b89876b66081a584e908b83ed0a67c,BASE_tracked_observed_atom_name_to_sha_attested_parent_ccd_exact_mapping,true
CYS_SG_SAMPLE_INDEX_000010,1AYW,IN3,C21,C,18,18,C21,C,0,18,true,true,true,764e7b55f9a4fdb731d1417afbe4bea3908976fc4d075d017e535798dfa1b995,764e7b55f9a4fdb731d1417afbe4bea3908976fc4d075d017e535798dfa1b995,data/derived/covalent_small/covapie_independent_group_expansion_batch_sample_preparation_execution_smoke_v0/samples/1AYW_IN3/ligand_atom_table.csv,f8f3a1b5b9143b797acc18724e83be2fb0b89876b66081a584e908b83ed0a67c,BASE_tracked_observed_atom_name_to_sha_attested_parent_ccd_exact_mapping,true
CYS_SG_SAMPLE_INDEX_000010,1AYW,IN3,O22,O,19,19,O22,O,0,19,true,true,false,764e7b55f9a4fdb731d1417afbe4bea3908976fc4d075d017e535798dfa1b995,764e7b55f9a4fdb731d1417afbe4bea3908976fc4d075d017e535798dfa1b995,data/derived/covalent_small/covapie_independent_group_expansion_batch_sample_preparation_execution_smoke_v0/samples/1AYW_IN3/ligand_atom_table.csv,f8f3a1b5b9143b797acc18724e83be2fb0b89876b66081a584e908b83ed0a67c,BASE_tracked_observed_atom_name_to_sha_attested_parent_ccd_exact_mapping,true
CYS_SG_SAMPLE_INDEX_000010,1AYW,IN3,C1',C,20,20,C1',C,0,20,true,true,false,764e7b55f9a4fdb731d1417afbe4bea3908976fc4d075d017e535798dfa1b995,764e7b55f9a4fdb731d1417afbe4bea3908976fc4d075d017e535798dfa1b995,data/derived/covalent_small/covapie_independent_group_expansion_batch_sample_preparation_execution_smoke_v0/samples/1AYW_IN3/ligand_atom_table.csv,f8f3a1b5b9143b797acc18724e83be2fb0b89876b66081a584e908b83ed0a67c,BASE_tracked_observed_atom_name_to_sha_attested_parent_ccd_exact_mapping,true
CYS_SG_SAMPLE_INDEX_000010,1AYW,IN3,C2',C,21,21,C2',C,0,21,true,true,false,764e7b55f9a4fdb731d1417afbe4bea3908976fc4d075d017e535798dfa1b995,764e7b55f9a4fdb731d1417afbe4bea3908976fc4d075d017e535798dfa1b995,data/derived/covalent_small/covapie_independent_group_expansion_batch_sample_preparation_execution_smoke_v0/samples/1AYW_IN3/ligand_atom_table.csv,f8f3a1b5b9143b797acc18724e83be2fb0b89876b66081a584e908b83ed0a67c,BASE_tracked_observed_atom_name_to_sha_attested_parent_ccd_exact_mapping,true
CYS_SG_SAMPLE_INDEX_000010,1AYW,IN3,C3',C,22,22,C3',C,0,22,true,true,false,764e7b55f9a4fdb731d1417afbe4bea3908976fc4d075d017e535798dfa1b995,764e7b55f9a4fdb731d1417afbe4bea3908976fc4d075d017e535798dfa1b995,data/derived/covalent_small/covapie_independent_group_expansion_batch_sample_preparation_execution_smoke_v0/samples/1AYW_IN3/ligand_atom_table.csv,f8f3a1b5b9143b797acc18724e83be2fb0b89876b66081a584e908b83ed0a67c,BASE_tracked_observed_atom_name_to_sha_attested_parent_ccd_exact_mapping,true
CYS_SG_SAMPLE_INDEX_000010,1AYW,IN3,C4',C,23,23,C4',C,0,23,true,true,false,764e7b55f9a4fdb731d1417afbe4bea3908976fc4d075d017e535798dfa1b995,764e7b55f9a4fdb731d1417afbe4bea3908976fc4d075d017e535798dfa1b995,data/derived/covalent_small/covapie_independent_group_expansion_batch_sample_preparation_execution_smoke_v0/samples/1AYW_IN3/ligand_atom_table.csv,f8f3a1b5b9143b797acc18724e83be2fb0b89876b66081a584e908b83ed0a67c,BASE_tracked_observed_atom_name_to_sha_attested_parent_ccd_exact_mapping,true
CYS_SG_SAMPLE_INDEX_000010,1AYW,IN3,C5',C,24,24,C5',C,0,24,true,true,false,764e7b55f9a4fdb731d1417afbe4bea3908976fc4d075d017e535798dfa1b995,764e7b55f9a4fdb731d1417afbe4bea3908976fc4d075d017e535798dfa1b995,data/derived/covalent_small/covapie_independent_group_expansion_batch_sample_preparation_execution_smoke_v0/samples/1AYW_IN3/ligand_atom_table.csv,f8f3a1b5b9143b797acc18724e83be2fb0b89876b66081a584e908b83ed0a67c,BASE_tracked_observed_atom_name_to_sha_attested_parent_ccd_exact_mapping,true
CYS_SG_SAMPLE_INDEX_000010,1AYW,IN3,C6',C,25,25,C6',C,0,25,true,true,false,764e7b55f9a4fdb731d1417afbe4bea3908976fc4d075d017e535798dfa1b995,764e7b55f9a4fdb731d1417afbe4bea3908976fc4d075d017e535798dfa1b995,data/derived/covalent_small/covapie_independent_group_expansion_batch_sample_preparation_execution_smoke_v0/samples/1AYW_IN3/ligand_atom_table.csv,f8f3a1b5b9143b797acc18724e83be2fb0b89876b66081a584e908b83ed0a67c,BASE_tracked_observed_atom_name_to_sha_attested_parent_ccd_exact_mapping,true
CYS_SG_SAMPLE_INDEX_000010,1AYW,IN3,C7',C,26,26,C7',C,0,26,true,true,false,764e7b55f9a4fdb731d1417afbe4bea3908976fc4d075d017e535798dfa1b995,764e7b55f9a4fdb731d1417afbe4bea3908976fc4d075d017e535798dfa1b995,data/derived/covalent_small/covapie_independent_group_expansion_batch_sample_preparation_execution_smoke_v0/samples/1AYW_IN3/ligand_atom_table.csv,f8f3a1b5b9143b797acc18724e83be2fb0b89876b66081a584e908b83ed0a67c,BASE_tracked_observed_atom_name_to_sha_attested_parent_ccd_exact_mapping,true
CYS_SG_SAMPLE_INDEX_000010,1AYW,IN3,O8',O,27,27,O8',O,0,27,true,true,false,764e7b55f9a4fdb731d1417afbe4bea3908976fc4d075d017e535798dfa1b995,764e7b55f9a4fdb731d1417afbe4bea3908976fc4d075d017e535798dfa1b995,data/derived/covalent_small/covapie_independent_group_expansion_batch_sample_preparation_execution_smoke_v0/samples/1AYW_IN3/ligand_atom_table.csv,f8f3a1b5b9143b797acc18724e83be2fb0b89876b66081a584e908b83ed0a67c,BASE_tracked_observed_atom_name_to_sha_attested_parent_ccd_exact_mapping,true
CYS_SG_SAMPLE_INDEX_000010,1AYW,IN3,C9',C,28,28,C9',C,0,28,true,true,false,764e7b55f9a4fdb731d1417afbe4bea3908976fc4d075d017e535798dfa1b995,764e7b55f9a4fdb731d1417afbe4bea3908976fc4d075d017e535798dfa1b995,data/derived/covalent_small/covapie_independent_group_expansion_batch_sample_preparation_execution_smoke_v0/samples/1AYW_IN3/ligand_atom_table.csv,f8f3a1b5b9143b797acc18724e83be2fb0b89876b66081a584e908b83ed0a67c,BASE_tracked_observed_atom_name_to_sha_attested_parent_ccd_exact_mapping,true
CYS_SG_SAMPLE_INDEX_000010,1AYW,IN3,OA',O,29,29,OA',O,0,29,true,true,false,764e7b55f9a4fdb731d1417afbe4bea3908976fc4d075d017e535798dfa1b995,764e7b55f9a4fdb731d1417afbe4bea3908976fc4d075d017e535798dfa1b995,data/derived/covalent_small/covapie_independent_group_expansion_batch_sample_preparation_execution_smoke_v0/samples/1AYW_IN3/ligand_atom_table.csv,f8f3a1b5b9143b797acc18724e83be2fb0b89876b66081a584e908b83ed0a67c,BASE_tracked_observed_atom_name_to_sha_attested_parent_ccd_exact_mapping,true
CYS_SG_SAMPLE_INDEX_000010,1AYW,IN3,CB',C,30,30,CB',C,0,30,true,true,false,764e7b55f9a4fdb731d1417afbe4bea3908976fc4d075d017e535798dfa1b995,764e7b55f9a4fdb731d1417afbe4bea3908976fc4d075d017e535798dfa1b995,data/derived/covalent_small/covapie_independent_group_expansion_batch_sample_preparation_execution_smoke_v0/samples/1AYW_IN3/ligand_atom_table.csv,f8f3a1b5b9143b797acc18724e83be2fb0b89876b66081a584e908b83ed0a67c,BASE_tracked_observed_atom_name_to_sha_attested_parent_ccd_exact_mapping,true
CYS_SG_SAMPLE_INDEX_000010,1AYW,IN3,CC',C,31,31,CC',C,0,31,true,true,false,764e7b55f9a4fdb731d1417afbe4bea3908976fc4d075d017e535798dfa1b995,764e7b55f9a4fdb731d1417afbe4bea3908976fc4d075d017e535798dfa1b995,data/derived/covalent_small/covapie_independent_group_expansion_batch_sample_preparation_execution_smoke_v0/samples/1AYW_IN3/ligand_atom_table.csv,f8f3a1b5b9143b797acc18724e83be2fb0b89876b66081a584e908b83ed0a67c,BASE_tracked_observed_atom_name_to_sha_attested_parent_ccd_exact_mapping,true
CYS_SG_SAMPLE_INDEX_000010,1AYW,IN3,CE',C,32,32,CE',C,0,32,true,true,false,764e7b55f9a4fdb731d1417afbe4bea3908976fc4d075d017e535798dfa1b995,764e7b55f9a4fdb731d1417afbe4bea3908976fc4d075d017e535798dfa1b995,data/derived/covalent_small/covapie_independent_group_expansion_batch_sample_preparation_execution_smoke_v0/samples/1AYW_IN3/ligand_atom_table.csv,f8f3a1b5b9143b797acc18724e83be2fb0b89876b66081a584e908b83ed0a67c,BASE_tracked_observed_atom_name_to_sha_attested_parent_ccd_exact_mapping,true
CYS_SG_SAMPLE_INDEX_000010,1AYW,IN3,CF',C,33,33,CF',C,0,33,true,true,false,764e7b55f9a4fdb731d1417afbe4bea3908976fc4d075d017e535798dfa1b995,764e7b55f9a4fdb731d1417afbe4bea3908976fc4d075d017e535798dfa1b995,data/derived/covalent_small/covapie_independent_group_expansion_batch_sample_preparation_execution_smoke_v0/samples/1AYW_IN3/ligand_atom_table.csv,f8f3a1b5b9143b797acc18724e83be2fb0b89876b66081a584e908b83ed0a67c,BASE_tracked_observed_atom_name_to_sha_attested_parent_ccd_exact_mapping,true
CYS_SG_SAMPLE_INDEX_000010,1AYW,IN3,CG',C,34,34,CG',C,0,34,true,true,false,764e7b55f9a4fdb731d1417afbe4bea3908976fc4d075d017e535798dfa1b995,764e7b55f9a4fdb731d1417afbe4bea3908976fc4d075d017e535798dfa1b995,data/derived/covalent_small/covapie_independent_group_expansion_batch_sample_preparation_execution_smoke_v0/samples/1AYW_IN3/ligand_atom_table.csv,f8f3a1b5b9143b797acc18724e83be2fb0b89876b66081a584e908b83ed0a67c,BASE_tracked_observed_atom_name_to_sha_attested_parent_ccd_exact_mapping,true
CYS_SG_SAMPLE_INDEX_000010,1AYW,IN3,CH',C,35,35,CH',C,0,35,true,true,false,764e7b55f9a4fdb731d1417afbe4bea3908976fc4d075d017e535798dfa1b995,764e7b55f9a4fdb731d1417afbe4bea3908976fc4d075d017e535798dfa1b995,data/derived/covalent_small/covapie_independent_group_expansion_batch_sample_preparation_execution_smoke_v0/samples/1AYW_IN3/ligand_atom_table.csv,f8f3a1b5b9143b797acc18724e83be2fb0b89876b66081a584e908b83ed0a67c,BASE_tracked_observed_atom_name_to_sha_attested_parent_ccd_exact_mapping,true
CYS_SG_SAMPLE_INDEX_000010,1AYW,IN3,OI',O,36,36,OI',O,0,36,true,true,false,764e7b55f9a4fdb731d1417afbe4bea3908976fc4d075d017e535798dfa1b995,764e7b55f9a4fdb731d1417afbe4bea3908976fc4d075d017e535798dfa1b995,data/derived/covalent_small/covapie_independent_group_expansion_batch_sample_preparation_execution_smoke_v0/samples/1AYW_IN3/ligand_atom_table.csv,f8f3a1b5b9143b797acc18724e83be2fb0b89876b66081a584e908b83ed0a67c,BASE_tracked_observed_atom_name_to_sha_attested_parent_ccd_exact_mapping,true
CYS_SG_SAMPLE_INDEX_000010,1AYW,IN3,NJ',N,37,37,NJ',N,0,37,true,true,false,764e7b55f9a4fdb731d1417afbe4bea3908976fc4d075d017e535798dfa1b995,764e7b55f9a4fdb731d1417afbe4bea3908976fc4d075d017e535798dfa1b995,data/derived/covalent_small/covapie_independent_group_expansion_batch_sample_preparation_execution_smoke_v0/samples/1AYW_IN3/ligand_atom_table.csv,f8f3a1b5b9143b797acc18724e83be2fb0b89876b66081a584e908b83ed0a67c,BASE_tracked_observed_atom_name_to_sha_attested_parent_ccd_exact_mapping,true
CYS_SG_SAMPLE_INDEX_000010,1AYW,IN3,NK',N,38,38,NK',N,0,38,true,true,false,764e7b55f9a4fdb731d1417afbe4bea3908976fc4d075d017e535798dfa1b995,764e7b55f9a4fdb731d1417afbe4bea3908976fc4d075d017e535798dfa1b995,data/derived/covalent_small/covapie_independent_group_expansion_batch_sample_preparation_execution_smoke_v0/samples/1AYW_IN3/ligand_atom_table.csv,f8f3a1b5b9143b797acc18724e83be2fb0b89876b66081a584e908b83ed0a67c,BASE_tracked_observed_atom_name_to_sha_attested_parent_ccd_exact_mapping,true
CYS_SG_SAMPLE_INDEX_000010,1AYW,IN3,NO',N,39,39,NO',N,0,39,true,true,false,764e7b55f9a4fdb731d1417afbe4bea3908976fc4d075d017e535798dfa1b995,764e7b55f9a4fdb731d1417afbe4bea3908976fc4d075d017e535798dfa1b995,data/derived/covalent_small/covapie_independent_group_expansion_batch_sample_preparation_execution_smoke_v0/samples/1AYW_IN3/ligand_atom_table.csv,f8f3a1b5b9143b797acc18724e83be2fb0b89876b66081a584e908b83ed0a67c,BASE_tracked_observed_atom_name_to_sha_attested_parent_ccd_exact_mapping,true
CYS_SG_SAMPLE_INDEX_000011,1B02,UFP,N1,N,0,0,N1,N,0,0,true,true,false,0bbb2714019233cd9b1b5bb6b2090ba91604048b1c2141e45fd481601edf1b43,0bbb2714019233cd9b1b5bb6b2090ba91604048b1c2141e45fd481601edf1b43,data/derived/covalent_small/covapie_independent_group_expansion_batch_sample_preparation_execution_smoke_v0/samples/1B02_UFP/ligand_atom_table.csv,f33a8ebf2edda9cb63e2f81d10812f549bf57858e6ae2ffcbde6282a49c35e9e,BASE_tracked_observed_atom_name_to_sha_attested_parent_ccd_exact_mapping,true
CYS_SG_SAMPLE_INDEX_000011,1B02,UFP,C2,C,1,1,C2,C,0,1,true,true,false,0bbb2714019233cd9b1b5bb6b2090ba91604048b1c2141e45fd481601edf1b43,0bbb2714019233cd9b1b5bb6b2090ba91604048b1c2141e45fd481601edf1b43,data/derived/covalent_small/covapie_independent_group_expansion_batch_sample_preparation_execution_smoke_v0/samples/1B02_UFP/ligand_atom_table.csv,f33a8ebf2edda9cb63e2f81d10812f549bf57858e6ae2ffcbde6282a49c35e9e,BASE_tracked_observed_atom_name_to_sha_attested_parent_ccd_exact_mapping,true
CYS_SG_SAMPLE_INDEX_000011,1B02,UFP,N3,N,2,2,N3,N,0,2,true,true,false,0bbb2714019233cd9b1b5bb6b2090ba91604048b1c2141e45fd481601edf1b43,0bbb2714019233cd9b1b5bb6b2090ba91604048b1c2141e45fd481601edf1b43,data/derived/covalent_small/covapie_independent_group_expansion_batch_sample_preparation_execution_smoke_v0/samples/1B02_UFP/ligand_atom_table.csv,f33a8ebf2edda9cb63e2f81d10812f549bf57858e6ae2ffcbde6282a49c35e9e,BASE_tracked_observed_atom_name_to_sha_attested_parent_ccd_exact_mapping,true
CYS_SG_SAMPLE_INDEX_000011,1B02,UFP,C4,C,3,3,C4,C,0,3,true,true,false,0bbb2714019233cd9b1b5bb6b2090ba91604048b1c2141e45fd481601edf1b43,0bbb2714019233cd9b1b5bb6b2090ba91604048b1c2141e45fd481601edf1b43,data/derived/covalent_small/covapie_independent_group_expansion_batch_sample_preparation_execution_smoke_v0/samples/1B02_UFP/ligand_atom_table.csv,f33a8ebf2edda9cb63e2f81d10812f549bf57858e6ae2ffcbde6282a49c35e9e,BASE_tracked_observed_atom_name_to_sha_attested_parent_ccd_exact_mapping,true
CYS_SG_SAMPLE_INDEX_000011,1B02,UFP,C5,C,4,4,C5,C,0,4,true,true,false,0bbb2714019233cd9b1b5bb6b2090ba91604048b1c2141e45fd481601edf1b43,0bbb2714019233cd9b1b5bb6b2090ba91604048b1c2141e45fd481601edf1b43,data/derived/covalent_small/covapie_independent_group_expansion_batch_sample_preparation_execution_smoke_v0/samples/1B02_UFP/ligand_atom_table.csv,f33a8ebf2edda9cb63e2f81d10812f549bf57858e6ae2ffcbde6282a49c35e9e,BASE_tracked_observed_atom_name_to_sha_attested_parent_ccd_exact_mapping,true
CYS_SG_SAMPLE_INDEX_000011,1B02,UFP,C6,C,5,5,C6,C,0,5,true,true,true,0bbb2714019233cd9b1b5bb6b2090ba91604048b1c2141e45fd481601edf1b43,0bbb2714019233cd9b1b5bb6b2090ba91604048b1c2141e45fd481601edf1b43,data/derived/covalent_small/covapie_independent_group_expansion_batch_sample_preparation_execution_smoke_v0/samples/1B02_UFP/ligand_atom_table.csv,f33a8ebf2edda9cb63e2f81d10812f549bf57858e6ae2ffcbde6282a49c35e9e,BASE_tracked_observed_atom_name_to_sha_attested_parent_ccd_exact_mapping,true
CYS_SG_SAMPLE_INDEX_000011,1B02,UFP,O2,O,6,6,O2,O,0,6,true,true,false,0bbb2714019233cd9b1b5bb6b2090ba91604048b1c2141e45fd481601edf1b43,0bbb2714019233cd9b1b5bb6b2090ba91604048b1c2141e45fd481601edf1b43,data/derived/covalent_small/covapie_independent_group_expansion_batch_sample_preparation_execution_smoke_v0/samples/1B02_UFP/ligand_atom_table.csv,f33a8ebf2edda9cb63e2f81d10812f549bf57858e6ae2ffcbde6282a49c35e9e,BASE_tracked_observed_atom_name_to_sha_attested_parent_ccd_exact_mapping,true
CYS_SG_SAMPLE_INDEX_000011,1B02,UFP,O4,O,7,7,O4,O,0,7,true,true,false,0bbb2714019233cd9b1b5bb6b2090ba91604048b1c2141e45fd481601edf1b43,0bbb2714019233cd9b1b5bb6b2090ba91604048b1c2141e45fd481601edf1b43,data/derived/covalent_small/covapie_independent_group_expansion_batch_sample_preparation_execution_smoke_v0/samples/1B02_UFP/ligand_atom_table.csv,f33a8ebf2edda9cb63e2f81d10812f549bf57858e6ae2ffcbde6282a49c35e9e,BASE_tracked_observed_atom_name_to_sha_attested_parent_ccd_exact_mapping,true
CYS_SG_SAMPLE_INDEX_000011,1B02,UFP,F5,F,8,8,F5,F,0,8,true,true,false,0bbb2714019233cd9b1b5bb6b2090ba91604048b1c2141e45fd481601edf1b43,0bbb2714019233cd9b1b5bb6b2090ba91604048b1c2141e45fd481601edf1b43,data/derived/covalent_small/covapie_independent_group_expansion_batch_sample_preparation_execution_smoke_v0/samples/1B02_UFP/ligand_atom_table.csv,f33a8ebf2edda9cb63e2f81d10812f549bf57858e6ae2ffcbde6282a49c35e9e,BASE_tracked_observed_atom_name_to_sha_attested_parent_ccd_exact_mapping,true
CYS_SG_SAMPLE_INDEX_000011,1B02,UFP,C1',C,9,9,C1',C,0,9,true,true,false,0bbb2714019233cd9b1b5bb6b2090ba91604048b1c2141e45fd481601edf1b43,0bbb2714019233cd9b1b5bb6b2090ba91604048b1c2141e45fd481601edf1b43,data/derived/covalent_small/covapie_independent_group_expansion_batch_sample_preparation_execution_smoke_v0/samples/1B02_UFP/ligand_atom_table.csv,f33a8ebf2edda9cb63e2f81d10812f549bf57858e6ae2ffcbde6282a49c35e9e,BASE_tracked_observed_atom_name_to_sha_attested_parent_ccd_exact_mapping,true
CYS_SG_SAMPLE_INDEX_000011,1B02,UFP,C2',C,10,10,C2',C,0,10,true,true,false,0bbb2714019233cd9b1b5bb6b2090ba91604048b1c2141e45fd481601edf1b43,0bbb2714019233cd9b1b5bb6b2090ba91604048b1c2141e45fd481601edf1b43,data/derived/covalent_small/covapie_independent_group_expansion_batch_sample_preparation_execution_smoke_v0/samples/1B02_UFP/ligand_atom_table.csv,f33a8ebf2edda9cb63e2f81d10812f549bf57858e6ae2ffcbde6282a49c35e9e,BASE_tracked_observed_atom_name_to_sha_attested_parent_ccd_exact_mapping,true
CYS_SG_SAMPLE_INDEX_000011,1B02,UFP,C3',C,11,11,C3',C,0,11,true,true,false,0bbb2714019233cd9b1b5bb6b2090ba91604048b1c2141e45fd481601edf1b43,0bbb2714019233cd9b1b5bb6b2090ba91604048b1c2141e45fd481601edf1b43,data/derived/covalent_small/covapie_independent_group_expansion_batch_sample_preparation_execution_smoke_v0/samples/1B02_UFP/ligand_atom_table.csv,f33a8ebf2edda9cb63e2f81d10812f549bf57858e6ae2ffcbde6282a49c35e9e,BASE_tracked_observed_atom_name_to_sha_attested_parent_ccd_exact_mapping,true
CYS_SG_SAMPLE_INDEX_000011,1B02,UFP,C4',C,12,12,C4',C,0,12,true,true,false,0bbb2714019233cd9b1b5bb6b2090ba91604048b1c2141e45fd481601edf1b43,0bbb2714019233cd9b1b5bb6b2090ba91604048b1c2141e45fd481601edf1b43,data/derived/covalent_small/covapie_independent_group_expansion_batch_sample_preparation_execution_smoke_v0/samples/1B02_UFP/ligand_atom_table.csv,f33a8ebf2edda9cb63e2f81d10812f549bf57858e6ae2ffcbde6282a49c35e9e,BASE_tracked_observed_atom_name_to_sha_attested_parent_ccd_exact_mapping,true
CYS_SG_SAMPLE_INDEX_000011,1B02,UFP,O3',O,13,13,O3',O,0,13,true,true,false,0bbb2714019233cd9b1b5bb6b2090ba91604048b1c2141e45fd481601edf1b43,0bbb2714019233cd9b1b5bb6b2090ba91604048b1c2141e45fd481601edf1b43,data/derived/covalent_small/covapie_independent_group_expansion_batch_sample_preparation_execution_smoke_v0/samples/1B02_UFP/ligand_atom_table.csv,f33a8ebf2edda9cb63e2f81d10812f549bf57858e6ae2ffcbde6282a49c35e9e,BASE_tracked_observed_atom_name_to_sha_attested_parent_ccd_exact_mapping,true
CYS_SG_SAMPLE_INDEX_000011,1B02,UFP,O4',O,14,14,O4',O,0,14,true,true,false,0bbb2714019233cd9b1b5bb6b2090ba91604048b1c2141e45fd481601edf1b43,0bbb2714019233cd9b1b5bb6b2090ba91604048b1c2141e45fd481601edf1b43,data/derived/covalent_small/covapie_independent_group_expansion_batch_sample_preparation_execution_smoke_v0/samples/1B02_UFP/ligand_atom_table.csv,f33a8ebf2edda9cb63e2f81d10812f549bf57858e6ae2ffcbde6282a49c35e9e,BASE_tracked_observed_atom_name_to_sha_attested_parent_ccd_exact_mapping,true
CYS_SG_SAMPLE_INDEX_000011,1B02,UFP,C5',C,15,15,C5',C,0,15,true,true,false,0bbb2714019233cd9b1b5bb6b2090ba91604048b1c2141e45fd481601edf1b43,0bbb2714019233cd9b1b5bb6b2090ba91604048b1c2141e45fd481601edf1b43,data/derived/covalent_small/covapie_independent_group_expansion_batch_sample_preparation_execution_smoke_v0/samples/1B02_UFP/ligand_atom_table.csv,f33a8ebf2edda9cb63e2f81d10812f549bf57858e6ae2ffcbde6282a49c35e9e,BASE_tracked_observed_atom_name_to_sha_attested_parent_ccd_exact_mapping,true
CYS_SG_SAMPLE_INDEX_000011,1B02,UFP,O5',O,16,16,O5',O,0,16,true,true,false,0bbb2714019233cd9b1b5bb6b2090ba91604048b1c2141e45fd481601edf1b43,0bbb2714019233cd9b1b5bb6b2090ba91604048b1c2141e45fd481601edf1b43,data/derived/covalent_small/covapie_independent_group_expansion_batch_sample_preparation_execution_smoke_v0/samples/1B02_UFP/ligand_atom_table.csv,f33a8ebf2edda9cb63e2f81d10812f549bf57858e6ae2ffcbde6282a49c35e9e,BASE_tracked_observed_atom_name_to_sha_attested_parent_ccd_exact_mapping,true
CYS_SG_SAMPLE_INDEX_000011,1B02,UFP,P,P,17,17,P,P,0,17,true,true,false,0bbb2714019233cd9b1b5bb6b2090ba91604048b1c2141e45fd481601edf1b43,0bbb2714019233cd9b1b5bb6b2090ba91604048b1c2141e45fd481601edf1b43,data/derived/covalent_small/covapie_independent_group_expansion_batch_sample_preparation_execution_smoke_v0/samples/1B02_UFP/ligand_atom_table.csv,f33a8ebf2edda9cb63e2f81d10812f549bf57858e6ae2ffcbde6282a49c35e9e,BASE_tracked_observed_atom_name_to_sha_attested_parent_ccd_exact_mapping,true
CYS_SG_SAMPLE_INDEX_000011,1B02,UFP,O1P,O,18,18,O1P,O,0,18,true,true,false,0bbb2714019233cd9b1b5bb6b2090ba91604048b1c2141e45fd481601edf1b43,0bbb2714019233cd9b1b5bb6b2090ba91604048b1c2141e45fd481601edf1b43,data/derived/covalent_small/covapie_independent_group_expansion_batch_sample_preparation_execution_smoke_v0/samples/1B02_UFP/ligand_atom_table.csv,f33a8ebf2edda9cb63e2f81d10812f549bf57858e6ae2ffcbde6282a49c35e9e,BASE_tracked_observed_atom_name_to_sha_attested_parent_ccd_exact_mapping,true
CYS_SG_SAMPLE_INDEX_000011,1B02,UFP,O2P,O,19,19,O2P,O,0,19,true,true,false,0bbb2714019233cd9b1b5bb6b2090ba91604048b1c2141e45fd481601edf1b43,0bbb2714019233cd9b1b5bb6b2090ba91604048b1c2141e45fd481601edf1b43,data/derived/covalent_small/covapie_independent_group_expansion_batch_sample_preparation_execution_smoke_v0/samples/1B02_UFP/ligand_atom_table.csv,f33a8ebf2edda9cb63e2f81d10812f549bf57858e6ae2ffcbde6282a49c35e9e,BASE_tracked_observed_atom_name_to_sha_attested_parent_ccd_exact_mapping,true
CYS_SG_SAMPLE_INDEX_000011,1B02,UFP,O3P,O,20,20,O3P,O,0,20,true,true,false,0bbb2714019233cd9b1b5bb6b2090ba91604048b1c2141e45fd481601edf1b43,0bbb2714019233cd9b1b5bb6b2090ba91604048b1c2141e45fd481601edf1b43,data/derived/covalent_small/covapie_independent_group_expansion_batch_sample_preparation_execution_smoke_v0/samples/1B02_UFP/ligand_atom_table.csv,f33a8ebf2edda9cb63e2f81d10812f549bf57858e6ae2ffcbde6282a49c35e9e,BASE_tracked_observed_atom_name_to_sha_attested_parent_ccd_exact_mapping,true
