scaleup_rank,cohort_lane,canonical_event_id,pdb_id,ligand_component_id,protein_label_asym_id,protein_auth_chain,protein_residue_name,protein_residue_number,protein_reactive_atom,ligand_instance,ligand_reactive_atom,structure_status,CCD_status,exact_event_recovery_status,feature_status,task_domain_authority_status,positive_authority_source,negative_rule_id,role_profile,positive_authority_audit_status,chemistry_auto_admission_authorized,runtime_role_materialization_available,role_label_available,role_label_authority_source,reactive_pair_label_available,reactive_pair_label_authoritative,POST_geometry_label_available,reactive_pair_label_authority_source,POST_geometry_label_authoritative,POST_geometry_label_authority_source,experimental_PRE_available,derived_PRE_available,PRE_training_target_authoritative,warhead_type_target_available,reaction_family_target_available,label_model_usable,shadow_exact_component_reuse_candidate,leakage_status,leakage_group_id,formal_split_if_authoritative,training_split_admission_ready,terminal_route,reasons_json
1,FROZEN_FIRST500,COVAPIE_CYS_SG_EVENT_V1:1ATK:A:CYS:25-:SG:B:E64:C2,1ATK,E64,A,,CYS,25,SG,B,C2,PASSED,PASSED,PASSED_EXPLICIT_EVENT,PASSED,NOT_APPLICABLE_BLOCKED_STRUCTURAL_OR_LEAKAGE,,,,NO_POSITIVE_AUTHORITY,false,false,false,,true,false,true,,false,,false,false,false,false,false,false,false,LEAKAGE_EXISTING_GROUP_CONFLICT,,,false,LEAKAGE_EXISTING_GROUP_CONFLICT,"[""LEAKAGE_EXISTING_GROUP_CONFLICT"",""BOUND_STRUCTURAL_EXECUTION_OUTCOME_RETAINED""]"
2,FROZEN_FIRST500,COVAPIE_CYS_SG_EVENT_V1:1AU0:A:CYS:25-:SG:B:SDK:C21,1AU0,SDK,A,,CYS,25,SG,B,C21,PASSED,PASSED,PASSED_EXPLICIT_EVENT,PASSED,NOT_APPLICABLE_BLOCKED_STRUCTURAL_OR_LEAKAGE,,,,NO_POSITIVE_AUTHORITY,false,false,false,,true,false,true,,false,,false,false,false,false,false,false,false,LEAKAGE_EXISTING_GROUP_CONFLICT,,,false,LEAKAGE_EXISTING_GROUP_CONFLICT,"[""LEAKAGE_EXISTING_GROUP_CONFLICT"",""BOUND_STRUCTURAL_EXECUTION_OUTCOME_RETAINED""]"
3,FROZEN_FIRST500,COVAPIE_CYS_SG_EVENT_V1:1AU2:A:CYS:25-:SG:B:POS:C19,1AU2,POS,A,,CYS,25,SG,B,C19,PASSED,PASSED,PASSED_EXPLICIT_EVENT,PASSED,NOT_APPLICABLE_BLOCKED_STRUCTURAL_OR_LEAKAGE,,,,NO_POSITIVE_AUTHORITY,false,false,false,,true,false,true,,false,,false,false,false,false,false,false,false,LEAKAGE_EXISTING_GROUP_CONFLICT,,,false,LEAKAGE_EXISTING_GROUP_CONFLICT,"[""LEAKAGE_EXISTING_GROUP_CONFLICT"",""BOUND_STRUCTURAL_EXECUTION_OUTCOME_RETAINED""]"
4,FROZEN_FIRST500,COVAPIE_CYS_SG_EVENT_V1:1BGO:A:CYS:25-:SG:B:I10:C31,1BGO,I10,A,,CYS,25,SG,B,C31,PASSED,PASSED,PASSED_EXPLICIT_EVENT,PASSED,NOT_APPLICABLE_BLOCKED_STRUCTURAL_OR_LEAKAGE,,,,NO_POSITIVE_AUTHORITY,false,false,false,,true,false,true,,false,,false,false,false,false,false,false,false,LEAKAGE_EXISTING_GROUP_CONFLICT,,,false,LEAKAGE_EXISTING_GROUP_CONFLICT,"[""LEAKAGE_EXISTING_GROUP_CONFLICT"",""BOUND_STRUCTURAL_EXECUTION_OUTCOME_RETAINED""]"
5,FROZEN_FIRST500,COVAPIE_CYS_SG_EVENT_V1:1BJG:A:CYS:146-:SG:B:UFP:C6,1BJG,UFP,A,,CYS,146,SG,B,C6,PASSED,PASSED,PASSED_EXPLICIT_EVENT,PASSED,UNRESOLVED_HUMAN_REVIEW,,,,NO_POSITIVE_AUTHORITY,false,false,false,,true,false,true,,false,,false,false,false,false,false,false,false,LEAKAGE_EVIDENCE_INCOMPLETE,,,false,HUMAN_REVIEW_REQUIRED,"[""PRE_CHEMISTRY_NOT_PRODUCTION_AUTHORITATIVE"",""NO_FAMILY_LEVEL_AUTO_ADMISSION"",""NO_SINGLE_EXACT_RULE_MATCHED_EVERY_EVENT;HUMAN_REVIEW_RETAINED""]"
6,FROZEN_FIRST500,COVAPIE_CYS_SG_EVENT_V1:1BMQ:A:CYS:285-:SG:C:MNO:C27,1BMQ,MNO,A,,CYS,285,SG,C,C27,PASSED,UNAVAILABLE,FAILED_CLOSED,NOT_REACHED,NOT_APPLICABLE_BLOCKED_STRUCTURAL_OR_LEAKAGE,,,,NO_POSITIVE_AUTHORITY,false,false,false,,false,false,false,,false,,false,false,false,false,false,false,false,LEAKAGE_EVIDENCE_INCOMPLETE,,,false,STRUCTURAL_EVIDENCE_INCOMPLETE,"[""MMCIF_EXACT_CYS_SG_STRUCT_CONN_NOT_RECOVERED"",""BOUND_STRUCTURAL_EXECUTION_OUTCOME_RETAINED""]"
7,FROZEN_FIRST500,COVAPIE_CYS_SG_EVENT_V1:1BQ1:A:CYS:146-:SG:C:UMP:C6,1BQ1,UMP,A,,CYS,146,SG,C,C6,PASSED,PASSED,PASSED_EXPLICIT_EVENT,PASSED,AUTHORITATIVE_NEGATIVE_EXACT_RULE,,NEG_V1_TS_DUMP_CATALYTIC_ADDUCT_EXACT,,NO_POSITIVE_AUTHORITY,false,false,false,,true,false,true,,false,,false,false,false,false,false,false,false,LEAKAGE_EVIDENCE_INCOMPLETE,,,false,AUTO_NEGATIVE_EXACT_FINAL,"[""PRE_CHEMISTRY_NOT_PRODUCTION_AUTHORITATIVE"",""NO_FAMILY_LEVEL_AUTO_ADMISSION"",""EVERY_EVENT_IN_UNIT_MATCHED_SAME_EXACT_RULE_WITHOUT_OVERRIDE""]"
8,FROZEN_FIRST500,COVAPIE_CYS_SG_EVENT_V1:1BQ1:B:CYS:146-:SG:E:UMP:C6,1BQ1,UMP,B,,CYS,146,SG,E,C6,PASSED,PASSED,PASSED_EXPLICIT_EVENT,PASSED,AUTHORITATIVE_NEGATIVE_EXACT_RULE,,NEG_V1_TS_DUMP_CATALYTIC_ADDUCT_EXACT,,NO_POSITIVE_AUTHORITY,false,false,false,,true,false,true,,false,,false,false,false,false,false,false,false,LEAKAGE_EVIDENCE_INCOMPLETE,,,false,AUTO_NEGATIVE_EXACT_FINAL,"[""PRE_CHEMISTRY_NOT_PRODUCTION_AUTHORITATIVE"",""NO_FAMILY_LEVEL_AUTO_ADMISSION"",""EVERY_EVENT_IN_UNIT_MATCHED_SAME_EXACT_RULE_WITHOUT_OVERRIDE""]"
9,FROZEN_FIRST500,COVAPIE_CYS_SG_EVENT_V1:1BWC:A:CYS:58-:SG:D:AJ3:S5,1BWC,AJ3,A,,CYS,58,SG,D,S5,PASSED,PASSED,PASSED_EXPLICIT_EVENT,PASSED,AUTHORITATIVE_TASK_RELEVANCE_ONLY_EVENT_AUTHORITY_INCOMPLETE,data/derived/covalent_small/covapie_bulk_post_only_cys_sg_human_review_v1/covapie_post_only_human_review_decisions_v1.json,,,PUBLISHED_TASK_RELEVANCE_ONLY_EVENT_AUTHORITY_INCOMPLETE,false,false,false,,true,false,true,,false,,false,false,false,false,false,false,false,NEW_EXPANSION_COMPONENT,COVAPIE_EXPANSION_LEAKAGE_GROUP_8B0FD459443D693D,,false,HUMAN_RELEVANT_FINAL,"[""PRE_CHEMISTRY_NOT_PRODUCTION_AUTHORITATIVE"",""NO_FAMILY_LEVEL_AUTO_ADMISSION"",""CURRENT_HUMAN_RELEVANT_DECISION_HAS_FIRST_PRECEDENCE"",""EVENT_TRAINING_USE_DECISION_INCOMPLETE"",""ROLE_AND_REACTIVE_PAIR_HUMAN_AUTHORITY_INCOMPLETE"",""CURRENT_RUNTIME_TENSORIZATION_AND_SUPERVISION_BINDING_NOT_PUBLISHED""]"
10,FROZEN_FIRST500,COVAPIE_CYS_SG_EVENT_V1:1CQQ:A:CYS:147-:SG:B:AG7:C19,1CQQ,AG7,A,,CYS,147,SG,B,C19,PASSED,UNAVAILABLE,FAILED_CLOSED,NOT_REACHED,NOT_APPLICABLE_BLOCKED_STRUCTURAL_OR_LEAKAGE,,,,NO_POSITIVE_AUTHORITY,false,false,false,,false,false,false,,false,,false,false,false,false,false,false,false,LEAKAGE_EVIDENCE_INCOMPLETE,,,false,STRUCTURAL_EVIDENCE_INCOMPLETE,"[""MMCIF_EXACT_CYS_SG_STRUCT_CONN_NOT_RECOVERED"",""BOUND_STRUCTURAL_EXECUTION_OUTCOME_RETAINED""]"
11,FROZEN_FIRST500,COVAPIE_CYS_SG_EVENT_V1:1CR5:A:CYS:146-:SG:E:NEN:C1,1CR5,NEN,A,,CYS,146,SG,E,C1,PASSED,PASSED,PASSED_EXPLICIT_EVENT,PASSED,AUTHORITATIVE_NEGATIVE_EXACT_EVENT,,,,NO_POSITIVE_AUTHORITY,false,false,false,,true,false,true,,false,,false,false,false,false,false,false,false,NEW_EXPANSION_COMPONENT,COVAPIE_EXPANSION_LEAKAGE_GROUP_55D306116530BFC7,,false,HUMAN_NOT_RELEVANT_FINAL,"[""PRE_CHEMISTRY_NOT_PRODUCTION_AUTHORITATIVE"",""NO_FAMILY_LEVEL_AUTO_ADMISSION"",""CURRENT_HUMAN_NOT_RELEVANT_DECISION_HAS_SECOND_PRECEDENCE""]"
12,FROZEN_FIRST500,COVAPIE_CYS_SG_EVENT_V1:1CR5:A:CYS:34-:SG:D:NEN:C1,1CR5,NEN,A,,CYS,34,SG,D,C1,PASSED,PASSED,PASSED_EXPLICIT_EVENT,PASSED,AUTHORITATIVE_NEGATIVE_EXACT_EVENT,,,,NO_POSITIVE_AUTHORITY,false,false,false,,true,false,true,,false,,false,false,false,false,false,false,false,NEW_EXPANSION_COMPONENT,COVAPIE_EXPANSION_LEAKAGE_GROUP_55D306116530BFC7,,false,HUMAN_NOT_RELEVANT_FINAL,"[""PRE_CHEMISTRY_NOT_PRODUCTION_AUTHORITATIVE"",""NO_FAMILY_LEVEL_AUTO_ADMISSION"",""CURRENT_HUMAN_NOT_RELEVANT_DECISION_HAS_SECOND_PRECEDENCE""]"
13,FROZEN_FIRST500,COVAPIE_CYS_SG_EVENT_V1:1CR5:B:CYS:146-:SG:G:NEN:C1,1CR5,NEN,B,,CYS,146,SG,G,C1,PASSED,PASSED,PASSED_EXPLICIT_EVENT,PASSED,AUTHORITATIVE_NEGATIVE_EXACT_EVENT,,,,NO_POSITIVE_AUTHORITY,false,false,false,,true,false,true,,false,,false,false,false,false,false,false,false,NEW_EXPANSION_COMPONENT,COVAPIE_EXPANSION_LEAKAGE_GROUP_55D306116530BFC7,,false,HUMAN_NOT_RELEVANT_FINAL,"[""PRE_CHEMISTRY_NOT_PRODUCTION_AUTHORITATIVE"",""NO_FAMILY_LEVEL_AUTO_ADMISSION"",""CURRENT_HUMAN_NOT_RELEVANT_DECISION_HAS_SECOND_PRECEDENCE""]"
14,FROZEN_FIRST500,COVAPIE_CYS_SG_EVENT_V1:1CR5:B:CYS:34-:SG:F:NEN:C1,1CR5,NEN,B,,CYS,34,SG,F,C1,PASSED,PASSED,PASSED_EXPLICIT_EVENT,PASSED,AUTHORITATIVE_NEGATIVE_EXACT_EVENT,,,,NO_POSITIVE_AUTHORITY,false,false,false,,true,false,true,,false,,false,false,false,false,false,false,false,NEW_EXPANSION_COMPONENT,COVAPIE_EXPANSION_LEAKAGE_GROUP_55D306116530BFC7,,false,HUMAN_NOT_RELEVANT_FINAL,"[""PRE_CHEMISTRY_NOT_PRODUCTION_AUTHORITATIVE"",""NO_FAMILY_LEVEL_AUTO_ADMISSION"",""CURRENT_HUMAN_NOT_RELEVANT_DECISION_HAS_SECOND_PRECEDENCE""]"
15,FROZEN_FIRST500,COVAPIE_CYS_SG_EVENT_V1:1CR5:C:CYS:146-:SG:I:NEN:C1,1CR5,NEN,C,,CYS,146,SG,I,C1,PASSED,PASSED,PASSED_EXPLICIT_EVENT,PASSED,AUTHORITATIVE_NEGATIVE_EXACT_EVENT,,,,NO_POSITIVE_AUTHORITY,false,false,false,,true,false,true,,false,,false,false,false,false,false,false,false,NEW_EXPANSION_COMPONENT,COVAPIE_EXPANSION_LEAKAGE_GROUP_55D306116530BFC7,,false,HUMAN_NOT_RELEVANT_FINAL,"[""PRE_CHEMISTRY_NOT_PRODUCTION_AUTHORITATIVE"",""NO_FAMILY_LEVEL_AUTO_ADMISSION"",""CURRENT_HUMAN_NOT_RELEVANT_DECISION_HAS_SECOND_PRECEDENCE""]"
16,FROZEN_FIRST500,COVAPIE_CYS_SG_EVENT_V1:1CR5:C:CYS:34-:SG:H:NEN:C1,1CR5,NEN,C,,CYS,34,SG,H,C1,PASSED,PASSED,PASSED_EXPLICIT_EVENT,PASSED,AUTHORITATIVE_NEGATIVE_EXACT_EVENT,,,,NO_POSITIVE_AUTHORITY,false,false,false,,true,false,true,,false,,false,false,false,false,false,false,false,NEW_EXPANSION_COMPONENT,COVAPIE_EXPANSION_LEAKAGE_GROUP_55D306116530BFC7,,false,HUMAN_NOT_RELEVANT_FINAL,"[""PRE_CHEMISTRY_NOT_PRODUCTION_AUTHORITATIVE"",""NO_FAMILY_LEVEL_AUTO_ADMISSION"",""CURRENT_HUMAN_NOT_RELEVANT_DECISION_HAS_SECOND_PRECEDENCE""]"
17,FROZEN_FIRST500,COVAPIE_CYS_SG_EVENT_V1:1CTE:A:CYS:29-:SG:C:PYS:S2,1CTE,PYS,A,,CYS,29,SG,C,S2,PASSED,PASSED,PASSED_EXPLICIT_EVENT,PASSED,NOT_APPLICABLE_BLOCKED_STRUCTURAL_OR_LEAKAGE,,,,NO_POSITIVE_AUTHORITY,false,false,false,,true,false,true,,false,,false,false,false,false,false,false,false,LEAKAGE_EXISTING_GROUP_CONFLICT,,,false,LEAKAGE_EXISTING_GROUP_CONFLICT,"[""LEAKAGE_EXISTING_GROUP_CONFLICT"",""BOUND_STRUCTURAL_EXECUTION_OUTCOME_RETAINED""]"
18,FROZEN_FIRST500,COVAPIE_CYS_SG_EVENT_V1:1CTE:B:CYS:29-:SG:D:PYS:S2,1CTE,PYS,B,,CYS,29,SG,D,S2,PASSED,PASSED,PASSED_EXPLICIT_EVENT,PASSED,NOT_APPLICABLE_BLOCKED_STRUCTURAL_OR_LEAKAGE,,,,NO_POSITIVE_AUTHORITY,false,false,false,,true,false,true,,false,,false,false,false,false,false,false,false,LEAKAGE_EXISTING_GROUP_CONFLICT,,,false,LEAKAGE_EXISTING_GROUP_CONFLICT,"[""LEAKAGE_EXISTING_GROUP_CONFLICT"",""BOUND_STRUCTURAL_EXECUTION_OUTCOME_RETAINED""]"
19,FROZEN_FIRST500,COVAPIE_CYS_SG_EVENT_V1:1CV8:A:CYS:24-:SG:C:E64:C2,1CV8,E64,A,,CYS,24,SG,C,C2,PASSED,UNAVAILABLE,FAILED_CLOSED,NOT_REACHED,NOT_APPLICABLE_BLOCKED_STRUCTURAL_OR_LEAKAGE,,,,NO_POSITIVE_AUTHORITY,false,false,false,,false,false,false,,false,,false,false,false,false,false,false,false,LEAKAGE_EVIDENCE_INCOMPLETE,,,false,STRUCTURAL_EVIDENCE_INCOMPLETE,"[""MMCIF_EXACT_CYS_SG_STRUCT_CONN_NOT_RECOVERED"",""BOUND_STRUCTURAL_EXECUTION_OUTCOME_RETAINED""]"
20,FROZEN_FIRST500,COVAPIE_CYS_SG_EVENT_V1:1CVR:A:CYS:244-:SG:B:H37:C3,1CVR,H37,A,,CYS,244,SG,B,C3,PASSED,PASSED,PASSED_EXPLICIT_EVENT,PASSED,NOT_APPLICABLE_BLOCKED_STRUCTURAL_OR_LEAKAGE,,,,NO_POSITIVE_AUTHORITY,false,false,false,,true,false,true,,false,,false,false,false,false,false,false,false,NEW_EXPANSION_COMPONENT,COVAPIE_EXPANSION_LEAKAGE_GROUP_880B41BF8ACEDCDE,,false,QUARANTINE_REPRESENTATION_GAP,"[""PRE_ONLY_ATOMS_CANNOT_BE_DROPPED_OR_GIVEN_COORDINATES"",""BOUND_STRUCTURAL_EXECUTION_OUTCOME_RETAINED""]"
21,FROZEN_FIRST500,COVAPIE_CYS_SG_EVENT_V1:1CVZ:A:CYS:25-:SG:B:C48:C10,1CVZ,C48,A,,CYS,25,SG,B,C10,PASSED,PASSED,PASSED_EXPLICIT_EVENT,PASSED,NOT_APPLICABLE_BLOCKED_STRUCTURAL_OR_LEAKAGE,,,,NO_POSITIVE_AUTHORITY,false,false,false,,true,false,true,,false,,false,false,false,false,false,false,false,LEAKAGE_EXISTING_GROUP_CONFLICT,,,false,LEAKAGE_EXISTING_GROUP_CONFLICT,"[""LEAKAGE_EXISTING_GROUP_CONFLICT"",""BOUND_STRUCTURAL_EXECUTION_OUTCOME_RETAINED""]"
22,FROZEN_FIRST500,COVAPIE_CYS_SG_EVENT_V1:1DC4:A:CYS:149-:SG:C:G3P:C1,1DC4,G3P,A,,CYS,149,SG,C,C1,PASSED,PASSED,PASSED_EXPLICIT_EVENT,PASSED,UNRESOLVED_HUMAN_REVIEW,,,,NO_POSITIVE_AUTHORITY,false,false,false,,true,false,true,,false,,false,false,false,false,false,false,false,NEW_EXPANSION_COMPONENT,COVAPIE_EXPANSION_LEAKAGE_GROUP_1B24C28A94FC5A49,,false,HUMAN_REVIEW_REQUIRED,"[""PRE_CHEMISTRY_NOT_PRODUCTION_AUTHORITATIVE"",""NO_FAMILY_LEVEL_AUTO_ADMISSION"",""NO_SINGLE_EXACT_RULE_MATCHED_EVERY_EVENT;HUMAN_REVIEW_RETAINED""]"
23,FROZEN_FIRST500,COVAPIE_CYS_SG_EVENT_V1:1DC4:B:CYS:149-:SG:D:G3P:C1,1DC4,G3P,B,,CYS,149,SG,D,C1,PASSED,PASSED,PASSED_EXPLICIT_EVENT,PASSED,UNRESOLVED_HUMAN_REVIEW,,,,NO_POSITIVE_AUTHORITY,false,false,false,,true,false,true,,false,,false,false,false,false,false,false,false,NEW_EXPANSION_COMPONENT,COVAPIE_EXPANSION_LEAKAGE_GROUP_1B24C28A94FC5A49,,false,HUMAN_REVIEW_REQUIRED,"[""PRE_CHEMISTRY_NOT_PRODUCTION_AUTHORITATIVE"",""NO_FAMILY_LEVEL_AUTO_ADMISSION"",""NO_SINGLE_EXACT_RULE_MATCHED_EVERY_EVENT;HUMAN_REVIEW_RETAINED""]"
24,FROZEN_FIRST500,COVAPIE_CYS_SG_EVENT_V1:1ECC:A:CYS:1-:SG:E:ONL:CE,1ECC,ONL,A,,CYS,1,SG,E,CE,PASSED,PASSED,PASSED_EXPLICIT_EVENT,PASSED,UNRESOLVED_HUMAN_REVIEW,,,,NO_POSITIVE_AUTHORITY,false,false,false,,true,false,true,,false,,false,false,false,false,false,false,false,NEW_EXPANSION_COMPONENT,COVAPIE_EXPANSION_LEAKAGE_GROUP_C8238EAB770AE433,,false,HUMAN_REVIEW_REQUIRED,"[""PRE_CHEMISTRY_NOT_PRODUCTION_AUTHORITATIVE"",""NO_FAMILY_LEVEL_AUTO_ADMISSION"",""NO_SINGLE_EXACT_RULE_MATCHED_EVERY_EVENT;HUMAN_REVIEW_RETAINED""]"
25,FROZEN_FIRST500,COVAPIE_CYS_SG_EVENT_V1:1ECC:B:CYS:1-:SG:J:ONL:CE,1ECC,ONL,B,,CYS,1,SG,J,CE,PASSED,PASSED,PASSED_EXPLICIT_EVENT,PASSED,UNRESOLVED_HUMAN_REVIEW,,,,NO_POSITIVE_AUTHORITY,false,false,false,,true,false,true,,false,,false,false,false,false,false,false,false,NEW_EXPANSION_COMPONENT,COVAPIE_EXPANSION_LEAKAGE_GROUP_C8238EAB770AE433,,false,HUMAN_REVIEW_REQUIRED,"[""PRE_CHEMISTRY_NOT_PRODUCTION_AUTHORITATIVE"",""NO_FAMILY_LEVEL_AUTO_ADMISSION"",""NO_SINGLE_EXACT_RULE_MATCHED_EVERY_EVENT;HUMAN_REVIEW_RETAINED""]"
26,FROZEN_FIRST500,COVAPIE_CYS_SG_EVENT_V1:1ECG:A:CYS:1-:SG:C:ONL:CE,1ECG,ONL,A,,CYS,1,SG,C,CE,PASSED,PASSED,PASSED_EXPLICIT_EVENT,PASSED,UNRESOLVED_HUMAN_REVIEW,,,,NO_POSITIVE_AUTHORITY,false,false,false,,true,false,true,,false,,false,false,false,false,false,false,false,NEW_EXPANSION_COMPONENT,COVAPIE_EXPANSION_LEAKAGE_GROUP_C8238EAB770AE433,,false,HUMAN_REVIEW_REQUIRED,"[""PRE_CHEMISTRY_NOT_PRODUCTION_AUTHORITATIVE"",""NO_FAMILY_LEVEL_AUTO_ADMISSION"",""NO_SINGLE_EXACT_RULE_MATCHED_EVERY_EVENT;HUMAN_REVIEW_RETAINED""]"
27,FROZEN_FIRST500,COVAPIE_CYS_SG_EVENT_V1:1ECG:B:CYS:1-:SG:G:ONL:CE,1ECG,ONL,B,,CYS,1,SG,G,CE,PASSED,PASSED,PASSED_EXPLICIT_EVENT,PASSED,UNRESOLVED_HUMAN_REVIEW,,,,NO_POSITIVE_AUTHORITY,false,false,false,,true,false,true,,false,,false,false,false,false,false,false,false,NEW_EXPANSION_COMPONENT,COVAPIE_EXPANSION_LEAKAGE_GROUP_C8238EAB770AE433,,false,HUMAN_REVIEW_REQUIRED,"[""PRE_CHEMISTRY_NOT_PRODUCTION_AUTHORITATIVE"",""NO_FAMILY_LEVEL_AUTO_ADMISSION"",""NO_SINGLE_EXACT_RULE_MATCHED_EVERY_EVENT;HUMAN_REVIEW_RETAINED""]"
28,FROZEN_FIRST500,COVAPIE_CYS_SG_EVENT_V1:1EWL:A:CYS:25-:SG:B:R99:C2,1EWL,R99,A,,CYS,25,SG,B,C2,PASSED,PASSED,PASSED_EXPLICIT_EVENT,PASSED,NOT_APPLICABLE_BLOCKED_STRUCTURAL_OR_LEAKAGE,,,,NO_POSITIVE_AUTHORITY,false,false,false,,true,false,true,,false,,false,false,false,false,false,false,false,LEAKAGE_EXISTING_GROUP_CONFLICT,,,false,LEAKAGE_EXISTING_GROUP_CONFLICT,"[""LEAKAGE_EXISTING_GROUP_CONFLICT"",""BOUND_STRUCTURAL_EXECUTION_OUTCOME_RETAINED""]"
29,FROZEN_FIRST500,COVAPIE_CYS_SG_EVENT_V1:1EWM:A:CYS:25-:SG:B:RL2:C2,1EWM,RL2,A,,CYS,25,SG,B,C2,PASSED,PASSED,PASSED_EXPLICIT_EVENT,PASSED,NOT_APPLICABLE_BLOCKED_STRUCTURAL_OR_LEAKAGE,,,,NO_POSITIVE_AUTHORITY,false,false,false,,true,false,true,,false,,false,false,false,false,false,false,false,LEAKAGE_EXISTING_GROUP_CONFLICT,,,false,LEAKAGE_EXISTING_GROUP_CONFLICT,"[""LEAKAGE_EXISTING_GROUP_CONFLICT"",""BOUND_STRUCTURAL_EXECUTION_OUTCOME_RETAINED""]"
30,FROZEN_FIRST500,COVAPIE_CYS_SG_EVENT_V1:1EWO:A:CYS:25-:SG:B:VSC:C32,1EWO,VSC,A,,CYS,25,SG,B,C32,PASSED,PASSED,PASSED_EXPLICIT_EVENT,PASSED,NOT_APPLICABLE_BLOCKED_STRUCTURAL_OR_LEAKAGE,,,,NO_POSITIVE_AUTHORITY,false,false,false,,true,false,true,,false,,false,false,false,false,false,false,false,LEAKAGE_EXISTING_GROUP_CONFLICT,,,false,LEAKAGE_EXISTING_GROUP_CONFLICT,"[""LEAKAGE_EXISTING_GROUP_CONFLICT"",""BOUND_STRUCTURAL_EXECUTION_OUTCOME_RETAINED""]"
31,FROZEN_FIRST500,COVAPIE_CYS_SG_EVENT_V1:1EWP:A:CYS:25-:SG:B:0I5:CM,1EWP,0I5,A,,CYS,25,SG,B,CM,PASSED,PASSED,PASSED_EXPLICIT_EVENT,PASSED,NOT_APPLICABLE_BLOCKED_STRUCTURAL_OR_LEAKAGE,,,,NO_POSITIVE_AUTHORITY,false,false,false,,true,false,true,,false,,false,false,false,false,false,false,false,LEAKAGE_EXISTING_GROUP_CONFLICT,,,false,LEAKAGE_EXISTING_GROUP_CONFLICT,"[""LEAKAGE_EXISTING_GROUP_CONFLICT"",""BOUND_STRUCTURAL_EXECUTION_OUTCOME_RETAINED""]"
32,FROZEN_FIRST500,COVAPIE_CYS_SG_EVENT_V1:1F28:A:CYS:173-:SG:E:UMP:C6,1F28,UMP,A,,CYS,173,SG,E,C6,PASSED,PASSED,PASSED_EXPLICIT_EVENT,PASSED,AUTHORITATIVE_NEGATIVE_EXACT_RULE,,NEG_V1_TS_DUMP_CATALYTIC_ADDUCT_EXACT,,NO_POSITIVE_AUTHORITY,false,false,false,,true,false,true,,false,,false,false,false,false,false,false,false,HISTORICAL_BASELINE_COMPONENT,COVAPIE_LEAKAGE_GROUP_000005,,false,AUTO_NEGATIVE_EXACT_FINAL,"[""PRE_CHEMISTRY_NOT_PRODUCTION_AUTHORITATIVE"",""NO_FAMILY_LEVEL_AUTO_ADMISSION"",""EVERY_EVENT_IN_UNIT_MATCHED_SAME_EXACT_RULE_WITHOUT_OVERRIDE""]"
33,FROZEN_FIRST500,COVAPIE_CYS_SG_EVENT_V1:1F28:C:CYS:173-:SG:I:UMP:C6,1F28,UMP,C,,CYS,173,SG,I,C6,PASSED,PASSED,PASSED_EXPLICIT_EVENT,PASSED,AUTHORITATIVE_NEGATIVE_EXACT_RULE,,NEG_V1_TS_DUMP_CATALYTIC_ADDUCT_EXACT,,NO_POSITIVE_AUTHORITY,false,false,false,,true,false,true,,false,,false,false,false,false,false,false,false,HISTORICAL_BASELINE_COMPONENT,COVAPIE_LEAKAGE_GROUP_000005,,false,AUTO_NEGATIVE_EXACT_FINAL,"[""PRE_CHEMISTRY_NOT_PRODUCTION_AUTHORITATIVE"",""NO_FAMILY_LEVEL_AUTO_ADMISSION"",""EVERY_EVENT_IN_UNIT_MATCHED_SAME_EXACT_RULE_WITHOUT_OVERRIDE""]"
34,FROZEN_FIRST500,COVAPIE_CYS_SG_EVENT_V1:1F29:A:CYS:25-:SG:D:VS1:C22,1F29,VS1,A,,CYS,25,SG,D,C22,PASSED,PASSED,PASSED_EXPLICIT_EVENT,PASSED,NOT_APPLICABLE_BLOCKED_STRUCTURAL_OR_LEAKAGE,,,,NO_POSITIVE_AUTHORITY,false,false,false,,true,false,true,,false,,false,false,false,false,false,false,false,LEAKAGE_EXISTING_GROUP_CONFLICT,,,false,LEAKAGE_EXISTING_GROUP_CONFLICT,"[""LEAKAGE_EXISTING_GROUP_CONFLICT"",""BOUND_STRUCTURAL_EXECUTION_OUTCOME_RETAINED""]"
35,FROZEN_FIRST500,COVAPIE_CYS_SG_EVENT_V1:1F29:B:CYS:25-:SG:E:VS1:C22,1F29,VS1,B,,CYS,25,SG,E,C22,PASSED,PASSED,PASSED_EXPLICIT_EVENT,PASSED,NOT_APPLICABLE_BLOCKED_STRUCTURAL_OR_LEAKAGE,,,,NO_POSITIVE_AUTHORITY,false,false,false,,true,false,true,,false,,false,false,false,false,false,false,false,LEAKAGE_EXISTING_GROUP_CONFLICT,,,false,LEAKAGE_EXISTING_GROUP_CONFLICT,"[""LEAKAGE_EXISTING_GROUP_CONFLICT"",""BOUND_STRUCTURAL_EXECUTION_OUTCOME_RETAINED""]"
36,FROZEN_FIRST500,COVAPIE_CYS_SG_EVENT_V1:1F29:C:CYS:25-:SG:F:VS1:C22,1F29,VS1,C,,CYS,25,SG,F,C22,PASSED,PASSED,PASSED_EXPLICIT_EVENT,PASSED,NOT_APPLICABLE_BLOCKED_STRUCTURAL_OR_LEAKAGE,,,,NO_POSITIVE_AUTHORITY,false,false,false,,true,false,true,,false,,false,false,false,false,false,false,false,LEAKAGE_EXISTING_GROUP_CONFLICT,,,false,LEAKAGE_EXISTING_GROUP_CONFLICT,"[""LEAKAGE_EXISTING_GROUP_CONFLICT"",""BOUND_STRUCTURAL_EXECUTION_OUTCOME_RETAINED""]"
37,FROZEN_FIRST500,COVAPIE_CYS_SG_EVENT_V1:1F2A:A:CYS:25-:SG:B:VS2:C27,1F2A,VS2,A,,CYS,25,SG,B,C27,PASSED,PASSED,PASSED_EXPLICIT_EVENT,PASSED,NOT_APPLICABLE_BLOCKED_STRUCTURAL_OR_LEAKAGE,,,,NO_POSITIVE_AUTHORITY,false,false,false,,true,false,true,,false,,false,false,false,false,false,false,false,LEAKAGE_EXISTING_GROUP_CONFLICT,,,false,LEAKAGE_EXISTING_GROUP_CONFLICT,"[""LEAKAGE_EXISTING_GROUP_CONFLICT"",""BOUND_STRUCTURAL_EXECUTION_OUTCOME_RETAINED""]"
38,FROZEN_FIRST500,COVAPIE_CYS_SG_EVENT_V1:1F2B:A:CYS:25-:SG:B:VS3:C27,1F2B,VS3,A,,CYS,25,SG,B,C27,PASSED,PASSED,PASSED_EXPLICIT_EVENT,PASSED,NOT_APPLICABLE_BLOCKED_STRUCTURAL_OR_LEAKAGE,,,,NO_POSITIVE_AUTHORITY,false,false,false,,true,false,true,,false,,false,false,false,false,false,false,false,LEAKAGE_EXISTING_GROUP_CONFLICT,,,false,LEAKAGE_EXISTING_GROUP_CONFLICT,"[""LEAKAGE_EXISTING_GROUP_CONFLICT"",""BOUND_STRUCTURAL_EXECUTION_OUTCOME_RETAINED""]"
39,FROZEN_FIRST500,COVAPIE_CYS_SG_EVENT_V1:1F2C:A:CYS:25-:SG:B:VS4:C27,1F2C,VS4,A,,CYS,25,SG,B,C27,PASSED,PASSED,PASSED_EXPLICIT_EVENT,PASSED,NOT_APPLICABLE_BLOCKED_STRUCTURAL_OR_LEAKAGE,,,,NO_POSITIVE_AUTHORITY,false,false,false,,true,false,true,,false,,false,false,false,false,false,false,false,LEAKAGE_EXISTING_GROUP_CONFLICT,,,false,LEAKAGE_EXISTING_GROUP_CONFLICT,"[""LEAKAGE_EXISTING_GROUP_CONFLICT"",""BOUND_STRUCTURAL_EXECUTION_OUTCOME_RETAINED""]"
40,FROZEN_FIRST500,COVAPIE_CYS_SG_EVENT_V1:1F42:A:CYS:177-:SG:C:MNB:S5,1F42,MNB,A,,CYS,177,SG,C,S5,PASSED,PASSED,PASSED_EXPLICIT_EVENT,PASSED,NOT_APPLICABLE_BLOCKED_STRUCTURAL_OR_LEAKAGE,,,,NO_POSITIVE_AUTHORITY,false,false,false,,true,false,true,,false,,false,false,false,false,false,false,false,LEAKAGE_EXISTING_GROUP_CONFLICT,,,false,LEAKAGE_EXISTING_GROUP_CONFLICT,"[""LEAKAGE_EXISTING_GROUP_CONFLICT"",""BOUND_STRUCTURAL_EXECUTION_OUTCOME_RETAINED""]"
41,FROZEN_FIRST500,COVAPIE_CYS_SG_EVENT_V1:1F42:A:CYS:252-:SG:D:MNB:S5,1F42,MNB,A,,CYS,252,SG,D,S5,PASSED,PASSED,PASSED_EXPLICIT_EVENT,PASSED,NOT_APPLICABLE_BLOCKED_STRUCTURAL_OR_LEAKAGE,,,,NO_POSITIVE_AUTHORITY,false,false,false,,true,false,true,,false,,false,false,false,false,false,false,false,LEAKAGE_EXISTING_GROUP_CONFLICT,,,false,LEAKAGE_EXISTING_GROUP_CONFLICT,"[""LEAKAGE_EXISTING_GROUP_CONFLICT"",""BOUND_STRUCTURAL_EXECUTION_OUTCOME_RETAINED""]"
42,FROZEN_FIRST500,COVAPIE_CYS_SG_EVENT_V1:1F4C:A:CYS:146-:SG:F:TP2:S1,1F4C,TP2,A,,CYS,146,SG,F,S1,PASSED,PASSED,PASSED_EXPLICIT_EVENT,PASSED,UNRESOLVED_HUMAN_REVIEW,,,,NO_POSITIVE_AUTHORITY,false,false,false,,true,false,true,,false,,false,false,false,false,false,false,false,LEAKAGE_EVIDENCE_INCOMPLETE,,,false,HUMAN_REVIEW_REQUIRED,"[""PRE_CHEMISTRY_NOT_PRODUCTION_AUTHORITATIVE"",""NO_FAMILY_LEVEL_AUTO_ADMISSION"",""NO_SINGLE_EXACT_RULE_MATCHED_EVERY_EVENT;HUMAN_REVIEW_RETAINED""]"
43,FROZEN_FIRST500,COVAPIE_CYS_SG_EVENT_V1:1F4C:B:CYS:146-:SG:I:TP2:S1,1F4C,TP2,B,,CYS,146,SG,I,S1,PASSED,PASSED,PASSED_EXPLICIT_EVENT,PASSED,UNRESOLVED_HUMAN_REVIEW,,,,NO_POSITIVE_AUTHORITY,false,false,false,,true,false,true,,false,,false,false,false,false,false,false,false,LEAKAGE_EVIDENCE_INCOMPLETE,,,false,HUMAN_REVIEW_REQUIRED,"[""PRE_CHEMISTRY_NOT_PRODUCTION_AUTHORITATIVE"",""NO_FAMILY_LEVEL_AUTO_ADMISSION"",""NO_SINGLE_EXACT_RULE_MATCHED_EVERY_EVENT;HUMAN_REVIEW_RETAINED""]"
44,FROZEN_FIRST500,COVAPIE_CYS_SG_EVENT_V1:1F4D:A:CYS:143-:SG:E:TP2:S1,1F4D,TP2,A,,CYS,143,SG,E,S1,PASSED,PASSED,PASSED_EXPLICIT_EVENT,PASSED,UNRESOLVED_HUMAN_REVIEW,,,,NO_POSITIVE_AUTHORITY,false,false,false,,true,false,true,,false,,false,false,false,false,false,false,false,LEAKAGE_EVIDENCE_INCOMPLETE,,,false,HUMAN_REVIEW_REQUIRED,"[""PRE_CHEMISTRY_NOT_PRODUCTION_AUTHORITATIVE"",""NO_FAMILY_LEVEL_AUTO_ADMISSION"",""NO_SINGLE_EXACT_RULE_MATCHED_EVERY_EVENT;HUMAN_REVIEW_RETAINED""]"
45,FROZEN_FIRST500,COVAPIE_CYS_SG_EVENT_V1:1F4D:B:CYS:143-:SG:I:TP2:S1,1F4D,TP2,B,,CYS,143,SG,I,S1,PASSED,PASSED,PASSED_EXPLICIT_EVENT,PASSED,UNRESOLVED_HUMAN_REVIEW,,,,NO_POSITIVE_AUTHORITY,false,false,false,,true,false,true,,false,,false,false,false,false,false,false,false,LEAKAGE_EVIDENCE_INCOMPLETE,,,false,HUMAN_REVIEW_REQUIRED,"[""PRE_CHEMISTRY_NOT_PRODUCTION_AUTHORITATIVE"",""NO_FAMILY_LEVEL_AUTO_ADMISSION"",""NO_SINGLE_EXACT_RULE_MATCHED_EVERY_EVENT;HUMAN_REVIEW_RETAINED""]"
46,FROZEN_FIRST500,COVAPIE_CYS_SG_EVENT_V1:1F8M:A:CYS:191-:SG:F:PYR:CB,1F8M,PYR,A,,CYS,191,SG,F,CB,PASSED,PASSED,PASSED_EXPLICIT_EVENT,PASSED,UNRESOLVED_HUMAN_REVIEW,,,,NO_POSITIVE_AUTHORITY,false,false,false,,true,false,true,,false,,false,false,false,false,false,false,false,NEW_EXPANSION_COMPONENT,COVAPIE_EXPANSION_LEAKAGE_GROUP_A2C4F16F20BB4A47,,false,HUMAN_REVIEW_REQUIRED,"[""PRE_CHEMISTRY_NOT_PRODUCTION_AUTHORITATIVE"",""NO_FAMILY_LEVEL_AUTO_ADMISSION"",""NO_SINGLE_EXACT_RULE_MATCHED_EVERY_EVENT;HUMAN_REVIEW_RETAINED""]"
47,FROZEN_FIRST500,COVAPIE_CYS_SG_EVENT_V1:1F8M:B:CYS:191-:SG:H:PYR:CB,1F8M,PYR,B,,CYS,191,SG,H,CB,PASSED,PASSED,PASSED_EXPLICIT_EVENT,PASSED,UNRESOLVED_HUMAN_REVIEW,,,,NO_POSITIVE_AUTHORITY,false,false,false,,true,false,true,,false,,false,false,false,false,false,false,false,NEW_EXPANSION_COMPONENT,COVAPIE_EXPANSION_LEAKAGE_GROUP_A2C4F16F20BB4A47,,false,HUMAN_REVIEW_REQUIRED,"[""PRE_CHEMISTRY_NOT_PRODUCTION_AUTHORITATIVE"",""NO_FAMILY_LEVEL_AUTO_ADMISSION"",""NO_SINGLE_EXACT_RULE_MATCHED_EVERY_EVENT;HUMAN_REVIEW_RETAINED""]"
48,FROZEN_FIRST500,COVAPIE_CYS_SG_EVENT_V1:1F8M:C:CYS:191-:SG:J:PYR:CB,1F8M,PYR,C,,CYS,191,SG,J,CB,PASSED,PASSED,PASSED_EXPLICIT_EVENT,PASSED,UNRESOLVED_HUMAN_REVIEW,,,,NO_POSITIVE_AUTHORITY,false,false,false,,true,false,true,,false,,false,false,false,false,false,false,false,NEW_EXPANSION_COMPONENT,COVAPIE_EXPANSION_LEAKAGE_GROUP_A2C4F16F20BB4A47,,false,HUMAN_REVIEW_REQUIRED,"[""PRE_CHEMISTRY_NOT_PRODUCTION_AUTHORITATIVE"",""NO_FAMILY_LEVEL_AUTO_ADMISSION"",""NO_SINGLE_EXACT_RULE_MATCHED_EVERY_EVENT;HUMAN_REVIEW_RETAINED""]"
49,FROZEN_FIRST500,COVAPIE_CYS_SG_EVENT_V1:1F8M:D:CYS:191-:SG:L:PYR:CB,1F8M,PYR,D,,CYS,191,SG,L,CB,PASSED,PASSED,PASSED_EXPLICIT_EVENT,PASSED,UNRESOLVED_HUMAN_REVIEW,,,,NO_POSITIVE_AUTHORITY,false,false,false,,true,false,true,,false,,false,false,false,false,false,false,false,NEW_EXPANSION_COMPONENT,COVAPIE_EXPANSION_LEAKAGE_GROUP_A2C4F16F20BB4A47,,false,HUMAN_REVIEW_REQUIRED,"[""PRE_CHEMISTRY_NOT_PRODUCTION_AUTHORITATIVE"",""NO_FAMILY_LEVEL_AUTO_ADMISSION"",""NO_SINGLE_EXACT_RULE_MATCHED_EVERY_EVENT;HUMAN_REVIEW_RETAINED""]"
50,FROZEN_FIRST500,COVAPIE_CYS_SG_EVENT_V1:1FH0:A:CYS:25-:SG:C:0IW:C21,1FH0,0IW,A,,CYS,25,SG,C,C21,PASSED,PASSED,PASSED_EXPLICIT_EVENT,PASSED,NOT_APPLICABLE_BLOCKED_STRUCTURAL_OR_LEAKAGE,,,,NO_POSITIVE_AUTHORITY,false,false,false,,true,false,true,,false,,false,false,false,false,false,false,false,LEAKAGE_EXISTING_GROUP_CONFLICT,,,false,LEAKAGE_EXISTING_GROUP_CONFLICT,"[""LEAKAGE_EXISTING_GROUP_CONFLICT"",""BOUND_STRUCTURAL_EXECUTION_OUTCOME_RETAINED""]"
51,FROZEN_FIRST500,COVAPIE_CYS_SG_EVENT_V1:1FH0:B:CYS:2025-:SG:E:0IW:C21,1FH0,0IW,B,,CYS,2025,SG,E,C21,PASSED,PASSED,PASSED_EXPLICIT_EVENT,PASSED,NOT_APPLICABLE_BLOCKED_STRUCTURAL_OR_LEAKAGE,,,,NO_POSITIVE_AUTHORITY,false,false,false,,true,false,true,,false,,false,false,false,false,false,false,false,LEAKAGE_EXISTING_GROUP_CONFLICT,,,false,LEAKAGE_EXISTING_GROUP_CONFLICT,"[""LEAKAGE_EXISTING_GROUP_CONFLICT"",""BOUND_STRUCTURAL_EXECUTION_OUTCOME_RETAINED""]"
52,FROZEN_FIRST500,COVAPIE_CYS_SG_EVENT_V1:1FJ8:A:CYS:163-:SG:E:CER:C2,1FJ8,CER,A,,CYS,163,SG,E,C2,PASSED,PASSED,PASSED_EXPLICIT_EVENT,PASSED,UNRESOLVED_HUMAN_REVIEW,,,,NO_POSITIVE_AUTHORITY,false,false,false,,true,false,true,,false,,false,false,false,false,false,false,false,NEW_EXPANSION_COMPONENT,COVAPIE_EXPANSION_LEAKAGE_GROUP_FD2F7B4E9D8AFAF5,,false,HUMAN_REVIEW_REQUIRED,"[""PRE_CHEMISTRY_NOT_PRODUCTION_AUTHORITATIVE"",""NO_FAMILY_LEVEL_AUTO_ADMISSION"",""NO_SINGLE_EXACT_RULE_MATCHED_EVERY_EVENT;HUMAN_REVIEW_RETAINED""]"
53,FROZEN_FIRST500,COVAPIE_CYS_SG_EVENT_V1:1FJ8:B:CYS:163-:SG:F:CER:C2,1FJ8,CER,B,,CYS,163,SG,F,C2,PASSED,PASSED,PASSED_EXPLICIT_EVENT,PASSED,UNRESOLVED_HUMAN_REVIEW,,,,NO_POSITIVE_AUTHORITY,false,false,false,,true,false,true,,false,,false,false,false,false,false,false,false,NEW_EXPANSION_COMPONENT,COVAPIE_EXPANSION_LEAKAGE_GROUP_FD2F7B4E9D8AFAF5,,false,HUMAN_REVIEW_REQUIRED,"[""PRE_CHEMISTRY_NOT_PRODUCTION_AUTHORITATIVE"",""NO_FAMILY_LEVEL_AUTO_ADMISSION"",""NO_SINGLE_EXACT_RULE_MATCHED_EVERY_EVENT;HUMAN_REVIEW_RETAINED""]"
54,FROZEN_FIRST500,COVAPIE_CYS_SG_EVENT_V1:1FJ8:C:CYS:163-:SG:G:CER:C2,1FJ8,CER,C,,CYS,163,SG,G,C2,PASSED,PASSED,PASSED_EXPLICIT_EVENT,PASSED,UNRESOLVED_HUMAN_REVIEW,,,,NO_POSITIVE_AUTHORITY,false,false,false,,true,false,true,,false,,false,false,false,false,false,false,false,NEW_EXPANSION_COMPONENT,COVAPIE_EXPANSION_LEAKAGE_GROUP_FD2F7B4E9D8AFAF5,,false,HUMAN_REVIEW_REQUIRED,"[""PRE_CHEMISTRY_NOT_PRODUCTION_AUTHORITATIVE"",""NO_FAMILY_LEVEL_AUTO_ADMISSION"",""NO_SINGLE_EXACT_RULE_MATCHED_EVERY_EVENT;HUMAN_REVIEW_RETAINED""]"
55,FROZEN_FIRST500,COVAPIE_CYS_SG_EVENT_V1:1FJ8:D:CYS:163-:SG:H:CER:C2,1FJ8,CER,D,,CYS,163,SG,H,C2,PASSED,PASSED,PASSED_EXPLICIT_EVENT,PASSED,UNRESOLVED_HUMAN_REVIEW,,,,NO_POSITIVE_AUTHORITY,false,false,false,,true,false,true,,false,,false,false,false,false,false,false,false,NEW_EXPANSION_COMPONENT,COVAPIE_EXPANSION_LEAKAGE_GROUP_FD2F7B4E9D8AFAF5,,false,HUMAN_REVIEW_REQUIRED,"[""PRE_CHEMISTRY_NOT_PRODUCTION_AUTHORITATIVE"",""NO_FAMILY_LEVEL_AUTO_ADMISSION"",""NO_SINGLE_EXACT_RULE_MATCHED_EVERY_EVENT;HUMAN_REVIEW_RETAINED""]"
56,FROZEN_FIRST500,COVAPIE_CYS_SG_EVENT_V1:1FVG:A:CYS:218-:SG:B:DTT:S4,1FVG,DTT,A,,CYS,218,SG,B,S4,PASSED,PASSED,PASSED_EXPLICIT_EVENT,PASSED,AUTHORITATIVE_NEGATIVE_EXACT_EVENT,,,,NO_POSITIVE_AUTHORITY,false,false,false,,true,false,true,,false,,false,false,false,false,false,false,false,NEW_EXPANSION_COMPONENT,COVAPIE_EXPANSION_LEAKAGE_GROUP_DD49464AE6ABB3B1,,false,HUMAN_NOT_RELEVANT_FINAL,"[""PRE_CHEMISTRY_NOT_PRODUCTION_AUTHORITATIVE"",""NO_FAMILY_LEVEL_AUTO_ADMISSION"",""CURRENT_HUMAN_NOT_RELEVANT_DECISION_HAS_SECOND_PRECEDENCE""]"
57,FROZEN_FIRST500,COVAPIE_CYS_SG_EVENT_V1:1FVG:A:CYS:72-:SG:B:DTT:S1,1FVG,DTT,A,,CYS,72,SG,B,S1,PASSED,PASSED,PASSED_EXPLICIT_EVENT,PASSED,AUTHORITATIVE_NEGATIVE_EXACT_RULE,,NEG_V2_DTT_CRYSTALLIZATION_REDUCING_ADDUCT_EXACT,,NO_POSITIVE_AUTHORITY,false,false,false,,true,false,true,,false,,false,false,false,false,false,false,false,NEW_EXPANSION_COMPONENT,COVAPIE_EXPANSION_LEAKAGE_GROUP_DD49464AE6ABB3B1,,false,AUTO_NEGATIVE_EXACT_FINAL,"[""PRE_CHEMISTRY_NOT_PRODUCTION_AUTHORITATIVE"",""NO_FAMILY_LEVEL_AUTO_ADMISSION"",""EVERY_EVENT_IN_UNIT_MATCHED_SAME_EXACT_RULE_WITHOUT_OVERRIDE""]"
58,FROZEN_FIRST500,COVAPIE_CYS_SG_EVENT_V1:1GFW:A:CYS:163-:SG:C:MSI:C3,1GFW,MSI,A,,CYS,163,SG,C,C3,PASSED,UNAVAILABLE,FAILED_CLOSED,NOT_REACHED,NOT_APPLICABLE_BLOCKED_STRUCTURAL_OR_LEAKAGE,,,,NO_POSITIVE_AUTHORITY,false,false,false,,false,false,false,,false,,false,false,false,false,false,false,false,LEAKAGE_EVIDENCE_INCOMPLETE,,,false,STRUCTURAL_EVIDENCE_INCOMPLETE,"[""MMCIF_EXACT_CYS_SG_STRUCT_CONN_NOT_RECOVERED"",""BOUND_STRUCTURAL_EXECUTION_OUTCOME_RETAINED""]"
59,FROZEN_FIRST500,COVAPIE_CYS_SG_EVENT_V1:1GMY:A:CYS:29-:SG:D:AEM:C1,1GMY,AEM,A,,CYS,29,SG,D,C1,PASSED,PASSED,PASSED_EXPLICIT_EVENT,PASSED,NOT_APPLICABLE_BLOCKED_STRUCTURAL_OR_LEAKAGE,,,,NO_POSITIVE_AUTHORITY,false,false,false,,true,false,true,,false,,false,false,false,false,false,false,false,LEAKAGE_EXISTING_GROUP_CONFLICT,,,false,LEAKAGE_EXISTING_GROUP_CONFLICT,"[""LEAKAGE_EXISTING_GROUP_CONFLICT"",""BOUND_STRUCTURAL_EXECUTION_OUTCOME_RETAINED""]"
60,FROZEN_FIRST500,COVAPIE_CYS_SG_EVENT_V1:1GMY:B:CYS:29-:SG:G:AEM:C1,1GMY,AEM,B,,CYS,29,SG,G,C1,PASSED,PASSED,PASSED_EXPLICIT_EVENT,PASSED,NOT_APPLICABLE_BLOCKED_STRUCTURAL_OR_LEAKAGE,,,,NO_POSITIVE_AUTHORITY,false,false,false,,true,false,true,,false,,false,false,false,false,false,false,false,LEAKAGE_EXISTING_GROUP_CONFLICT,,,false,LEAKAGE_EXISTING_GROUP_CONFLICT,"[""LEAKAGE_EXISTING_GROUP_CONFLICT"",""BOUND_STRUCTURAL_EXECUTION_OUTCOME_RETAINED""]"
61,FROZEN_FIRST500,COVAPIE_CYS_SG_EVENT_V1:1GMY:C:CYS:29-:SG:J:AEM:C1,1GMY,AEM,C,,CYS,29,SG,J,C1,PASSED,PASSED,PASSED_EXPLICIT_EVENT,PASSED,NOT_APPLICABLE_BLOCKED_STRUCTURAL_OR_LEAKAGE,,,,NO_POSITIVE_AUTHORITY,false,false,false,,true,false,true,,false,,false,false,false,false,false,false,false,LEAKAGE_EXISTING_GROUP_CONFLICT,,,false,LEAKAGE_EXISTING_GROUP_CONFLICT,"[""LEAKAGE_EXISTING_GROUP_CONFLICT"",""BOUND_STRUCTURAL_EXECUTION_OUTCOME_RETAINED""]"
62,FROZEN_FIRST500,COVAPIE_CYS_SG_EVENT_V1:1GRH:A:CYS:58-:SG:D:EOH:C2,1GRH,EOH,A,,CYS,58,SG,D,C2,PASSED,UNAVAILABLE,FAILED_CLOSED,NOT_REACHED,NOT_APPLICABLE_BLOCKED_STRUCTURAL_OR_LEAKAGE,,,,NO_POSITIVE_AUTHORITY,false,false,false,,false,false,false,,false,,false,false,false,false,false,false,false,LEAKAGE_EVIDENCE_INCOMPLETE,,,false,STRUCTURAL_EVIDENCE_INCOMPLETE,"[""MMCIF_EXACT_CYS_SG_STRUCT_CONN_NOT_RECOVERED"",""BOUND_STRUCTURAL_EXECUTION_OUTCOME_RETAINED""]"
63,FROZEN_FIRST500,COVAPIE_CYS_SG_EVENT_V1:1GSN:A:CYS:58-:SG:D:GSH:SG2,1GSN,GSH,A,,CYS,58,SG,D,SG2,PASSED,PASSED,PASSED_EXPLICIT_EVENT,PASSED,AUTHORITATIVE_NEGATIVE_EXACT_EVENT,,,,NO_POSITIVE_AUTHORITY,false,false,false,,true,false,true,,false,,false,false,false,false,false,false,false,LEAKAGE_EVIDENCE_INCOMPLETE,,,false,HUMAN_NOT_RELEVANT_FINAL,"[""PRE_CHEMISTRY_NOT_PRODUCTION_AUTHORITATIVE"",""NO_FAMILY_LEVEL_AUTO_ADMISSION"",""CURRENT_HUMAN_NOT_RELEVANT_DECISION_HAS_SECOND_PRECEDENCE""]"
64,FROZEN_FIRST500,COVAPIE_CYS_SG_EVENT_V1:1GXF:A:CYS:53-:SG:F:QUM:C26,1GXF,QUM,A,,CYS,53,SG,F,C26,PASSED,PASSED,PASSED_EXPLICIT_EVENT,PASSED,NOT_APPLICABLE_BLOCKED_STRUCTURAL_OR_LEAKAGE,,,,NO_POSITIVE_AUTHORITY,false,false,false,,true,false,true,,false,,false,false,false,false,false,false,false,LEAKAGE_EVIDENCE_INCOMPLETE,,,false,QUARANTINE_REPRESENTATION_GAP,"[""PRE_ONLY_ATOMS_CANNOT_BE_DROPPED_OR_GIVEN_COORDINATES"",""BOUND_STRUCTURAL_EXECUTION_OUTCOME_RETAINED""]"
65,FROZEN_FIRST500,COVAPIE_CYS_SG_EVENT_V1:1GXF:B:CYS:53-:SG:I:QUM:C26,1GXF,QUM,B,,CYS,53,SG,I,C26,PASSED,PASSED,PASSED_EXPLICIT_EVENT,PASSED,NOT_APPLICABLE_BLOCKED_STRUCTURAL_OR_LEAKAGE,,,,NO_POSITIVE_AUTHORITY,false,false,false,,true,false,true,,false,,false,false,false,false,false,false,false,LEAKAGE_EVIDENCE_INCOMPLETE,,,false,QUARANTINE_REPRESENTATION_GAP,"[""PRE_ONLY_ATOMS_CANNOT_BE_DROPPED_OR_GIVEN_COORDINATES"",""BOUND_STRUCTURAL_EXECUTION_OUTCOME_RETAINED""]"
66,FROZEN_FIRST500,COVAPIE_CYS_SG_EVENT_V1:1HVY:A:CYS:195-:SG:F:UMP:C6,1HVY,UMP,A,,CYS,195,SG,F,C6,PASSED,PASSED,PASSED_EXPLICIT_EVENT,PASSED,AUTHORITATIVE_NEGATIVE_EXACT_RULE,,NEG_V1_TS_DUMP_CATALYTIC_ADDUCT_EXACT,,NO_POSITIVE_AUTHORITY,false,false,false,,true,false,true,,false,,false,false,false,false,false,false,false,LEAKAGE_EVIDENCE_INCOMPLETE,,,false,AUTO_NEGATIVE_EXACT_FINAL,"[""PRE_CHEMISTRY_NOT_PRODUCTION_AUTHORITATIVE"",""NO_FAMILY_LEVEL_AUTO_ADMISSION"",""EVERY_EVENT_IN_UNIT_MATCHED_SAME_EXACT_RULE_WITHOUT_OVERRIDE""]"
67,FROZEN_FIRST500,COVAPIE_CYS_SG_EVENT_V1:1HVY:B:CYS:195-:SG:I:UMP:C6,1HVY,UMP,B,,CYS,195,SG,I,C6,PASSED,PASSED,PASSED_EXPLICIT_EVENT,PASSED,AUTHORITATIVE_NEGATIVE_EXACT_RULE,,NEG_V1_TS_DUMP_CATALYTIC_ADDUCT_EXACT,,NO_POSITIVE_AUTHORITY,false,false,false,,true,false,true,,false,,false,false,false,false,false,false,false,LEAKAGE_EVIDENCE_INCOMPLETE,,,false,AUTO_NEGATIVE_EXACT_FINAL,"[""PRE_CHEMISTRY_NOT_PRODUCTION_AUTHORITATIVE"",""NO_FAMILY_LEVEL_AUTO_ADMISSION"",""EVERY_EVENT_IN_UNIT_MATCHED_SAME_EXACT_RULE_WITHOUT_OVERRIDE""]"
68,FROZEN_FIRST500,COVAPIE_CYS_SG_EVENT_V1:1HVY:C:CYS:195-:SG:L:UMP:C6,1HVY,UMP,C,,CYS,195,SG,L,C6,PASSED,PASSED,PASSED_EXPLICIT_EVENT,PASSED,AUTHORITATIVE_NEGATIVE_EXACT_RULE,,NEG_V1_TS_DUMP_CATALYTIC_ADDUCT_EXACT,,NO_POSITIVE_AUTHORITY,false,false,false,,true,false,true,,false,,false,false,false,false,false,false,false,LEAKAGE_EVIDENCE_INCOMPLETE,,,false,AUTO_NEGATIVE_EXACT_FINAL,"[""PRE_CHEMISTRY_NOT_PRODUCTION_AUTHORITATIVE"",""NO_FAMILY_LEVEL_AUTO_ADMISSION"",""EVERY_EVENT_IN_UNIT_MATCHED_SAME_EXACT_RULE_WITHOUT_OVERRIDE""]"
69,FROZEN_FIRST500,COVAPIE_CYS_SG_EVENT_V1:1HVY:D:CYS:195-:SG:O:UMP:C6,1HVY,UMP,D,,CYS,195,SG,O,C6,PASSED,PASSED,PASSED_EXPLICIT_EVENT,PASSED,AUTHORITATIVE_NEGATIVE_EXACT_RULE,,NEG_V1_TS_DUMP_CATALYTIC_ADDUCT_EXACT,,NO_POSITIVE_AUTHORITY,false,false,false,,true,false,true,,false,,false,false,false,false,false,false,false,LEAKAGE_EVIDENCE_INCOMPLETE,,,false,AUTO_NEGATIVE_EXACT_FINAL,"[""PRE_CHEMISTRY_NOT_PRODUCTION_AUTHORITATIVE"",""NO_FAMILY_LEVEL_AUTO_ADMISSION"",""EVERY_EVENT_IN_UNIT_MATCHED_SAME_EXACT_RULE_WITHOUT_OVERRIDE""]"
70,FROZEN_FIRST500,COVAPIE_CYS_SG_EVENT_V1:1I5G:A:CYS:41-:SG:C:TS5:SG2,1I5G,TS5,A,,CYS,41,SG,C,SG2,PASSED,UNAVAILABLE,FAILED_CLOSED,NOT_REACHED,NOT_APPLICABLE_BLOCKED_STRUCTURAL_OR_LEAKAGE,,,,NO_POSITIVE_AUTHORITY,false,false,false,,false,false,false,,false,,false,false,false,false,false,false,false,LEAKAGE_EVIDENCE_INCOMPLETE,,,false,STRUCTURAL_EVIDENCE_INCOMPLETE,"[""MMCIF_EXACT_CYS_SG_STRUCT_CONN_NOT_RECOVERED"",""BOUND_STRUCTURAL_EXECUTION_OUTCOME_RETAINED""]"
71,FROZEN_FIRST500,COVAPIE_CYS_SG_EVENT_V1:1ITO:A:CYS:29-:SG:B:E6C:C2,1ITO,E6C,A,,CYS,29,SG,B,C2,PASSED,PASSED,PASSED_EXPLICIT_EVENT,PASSED,NOT_APPLICABLE_BLOCKED_STRUCTURAL_OR_LEAKAGE,,,,NO_POSITIVE_AUTHORITY,false,false,false,,true,false,true,,false,,false,false,false,false,false,false,false,LEAKAGE_EXISTING_GROUP_CONFLICT,,,false,LEAKAGE_EXISTING_GROUP_CONFLICT,"[""LEAKAGE_EXISTING_GROUP_CONFLICT"",""BOUND_STRUCTURAL_EXECUTION_OUTCOME_RETAINED""]"
72,FROZEN_FIRST500,COVAPIE_CYS_SG_EVENT_V1:1JR1:A:CYS:331-:SG:D:IMP:C2,1JR1,IMP,A,,CYS,331,SG,D,C2,PASSED,PASSED,PASSED_EXPLICIT_EVENT,PASSED,UNRESOLVED_HUMAN_REVIEW,,,,NO_POSITIVE_AUTHORITY,false,false,false,,true,false,true,,false,,false,false,false,false,false,false,false,NEW_EXPANSION_COMPONENT,COVAPIE_EXPANSION_LEAKAGE_GROUP_1ECF28E533240617,,false,HUMAN_REVIEW_REQUIRED,"[""PRE_CHEMISTRY_NOT_PRODUCTION_AUTHORITATIVE"",""NO_FAMILY_LEVEL_AUTO_ADMISSION"",""NO_SINGLE_EXACT_RULE_MATCHED_EVERY_EVENT;HUMAN_REVIEW_RETAINED""]"
73,FROZEN_FIRST500,COVAPIE_CYS_SG_EVENT_V1:1JTQ:A:CYS:146-:SG:C:UMP:C6,1JTQ,UMP,A,,CYS,146,SG,C,C6,PASSED,PASSED,PASSED_EXPLICIT_EVENT,PASSED,AUTHORITATIVE_NEGATIVE_EXACT_RULE,,NEG_V1_TS_DUMP_CATALYTIC_ADDUCT_EXACT,,NO_POSITIVE_AUTHORITY,false,false,false,,true,false,true,,false,,false,false,false,false,false,false,false,LEAKAGE_EVIDENCE_INCOMPLETE,,,false,AUTO_NEGATIVE_EXACT_FINAL,"[""PRE_CHEMISTRY_NOT_PRODUCTION_AUTHORITATIVE"",""NO_FAMILY_LEVEL_AUTO_ADMISSION"",""EVERY_EVENT_IN_UNIT_MATCHED_SAME_EXACT_RULE_WITHOUT_OVERRIDE""]"
74,FROZEN_FIRST500,COVAPIE_CYS_SG_EVENT_V1:1JTQ:B:CYS:146-:SG:E:UMP:C6,1JTQ,UMP,B,,CYS,146,SG,E,C6,PASSED,PASSED,PASSED_EXPLICIT_EVENT,PASSED,AUTHORITATIVE_NEGATIVE_EXACT_RULE,,NEG_V1_TS_DUMP_CATALYTIC_ADDUCT_EXACT,,NO_POSITIVE_AUTHORITY,false,false,false,,true,false,true,,false,,false,false,false,false,false,false,false,LEAKAGE_EVIDENCE_INCOMPLETE,,,false,AUTO_NEGATIVE_EXACT_FINAL,"[""PRE_CHEMISTRY_NOT_PRODUCTION_AUTHORITATIVE"",""NO_FAMILY_LEVEL_AUTO_ADMISSION"",""EVERY_EVENT_IN_UNIT_MATCHED_SAME_EXACT_RULE_WITHOUT_OVERRIDE""]"
75,FROZEN_FIRST500,COVAPIE_CYS_SG_EVENT_V1:1JTU:A:CYS:146-:SG:C:UMP:C6,1JTU,UMP,A,,CYS,146,SG,C,C6,PASSED,PASSED,PASSED_EXPLICIT_EVENT,PASSED,AUTHORITATIVE_NEGATIVE_EXACT_RULE,,NEG_V1_TS_DUMP_CATALYTIC_ADDUCT_EXACT,,NO_POSITIVE_AUTHORITY,false,false,false,,true,false,true,,false,,false,false,false,false,false,false,false,LEAKAGE_EVIDENCE_INCOMPLETE,,,false,AUTO_NEGATIVE_EXACT_FINAL,"[""PRE_CHEMISTRY_NOT_PRODUCTION_AUTHORITATIVE"",""NO_FAMILY_LEVEL_AUTO_ADMISSION"",""EVERY_EVENT_IN_UNIT_MATCHED_SAME_EXACT_RULE_WITHOUT_OVERRIDE""]"
76,FROZEN_FIRST500,COVAPIE_CYS_SG_EVENT_V1:1JTU:B:CYS:146-:SG:E:UMP:C6,1JTU,UMP,B,,CYS,146,SG,E,C6,PASSED,PASSED,PASSED_EXPLICIT_EVENT,PASSED,AUTHORITATIVE_NEGATIVE_EXACT_RULE,,NEG_V1_TS_DUMP_CATALYTIC_ADDUCT_EXACT,,NO_POSITIVE_AUTHORITY,false,false,false,,true,false,true,,false,,false,false,false,false,false,false,false,LEAKAGE_EVIDENCE_INCOMPLETE,,,false,AUTO_NEGATIVE_EXACT_FINAL,"[""PRE_CHEMISTRY_NOT_PRODUCTION_AUTHORITATIVE"",""NO_FAMILY_LEVEL_AUTO_ADMISSION"",""EVERY_EVENT_IN_UNIT_MATCHED_SAME_EXACT_RULE_WITHOUT_OVERRIDE""]"
77,FROZEN_FIRST500,COVAPIE_CYS_SG_EVENT_V1:1JU6:A:CYS:195-:SG:F:UMP:C6,1JU6,UMP,A,,CYS,195,SG,F,C6,PASSED,PASSED,PASSED_EXPLICIT_EVENT,PASSED,AUTHORITATIVE_NEGATIVE_EXACT_RULE,,NEG_V1_TS_DUMP_CATALYTIC_ADDUCT_EXACT,,NO_POSITIVE_AUTHORITY,false,false,false,,true,false,true,,false,,false,false,false,false,false,false,false,HISTORICAL_BASELINE_COMPONENT,COVAPIE_LEAKAGE_GROUP_000005,,false,AUTO_NEGATIVE_EXACT_FINAL,"[""PRE_CHEMISTRY_NOT_PRODUCTION_AUTHORITATIVE"",""NO_FAMILY_LEVEL_AUTO_ADMISSION"",""EVERY_EVENT_IN_UNIT_MATCHED_SAME_EXACT_RULE_WITHOUT_OVERRIDE""]"
78,FROZEN_FIRST500,COVAPIE_CYS_SG_EVENT_V1:1JU6:B:CYS:195-:SG:H:UMP:C6,1JU6,UMP,B,,CYS,195,SG,H,C6,PASSED,PASSED,PASSED_EXPLICIT_EVENT,PASSED,AUTHORITATIVE_NEGATIVE_EXACT_RULE,,NEG_V1_TS_DUMP_CATALYTIC_ADDUCT_EXACT,,NO_POSITIVE_AUTHORITY,false,false,false,,true,false,true,,false,,false,false,false,false,false,false,false,HISTORICAL_BASELINE_COMPONENT,COVAPIE_LEAKAGE_GROUP_000005,,false,AUTO_NEGATIVE_EXACT_FINAL,"[""PRE_CHEMISTRY_NOT_PRODUCTION_AUTHORITATIVE"",""NO_FAMILY_LEVEL_AUTO_ADMISSION"",""EVERY_EVENT_IN_UNIT_MATCHED_SAME_EXACT_RULE_WITHOUT_OVERRIDE""]"
79,FROZEN_FIRST500,COVAPIE_CYS_SG_EVENT_V1:1JU6:C:CYS:195-:SG:J:UMP:C6,1JU6,UMP,C,,CYS,195,SG,J,C6,PASSED,PASSED,PASSED_EXPLICIT_EVENT,PASSED,AUTHORITATIVE_NEGATIVE_EXACT_RULE,,NEG_V1_TS_DUMP_CATALYTIC_ADDUCT_EXACT,,NO_POSITIVE_AUTHORITY,false,false,false,,true,false,true,,false,,false,false,false,false,false,false,false,HISTORICAL_BASELINE_COMPONENT,COVAPIE_LEAKAGE_GROUP_000005,,false,AUTO_NEGATIVE_EXACT_FINAL,"[""PRE_CHEMISTRY_NOT_PRODUCTION_AUTHORITATIVE"",""NO_FAMILY_LEVEL_AUTO_ADMISSION"",""EVERY_EVENT_IN_UNIT_MATCHED_SAME_EXACT_RULE_WITHOUT_OVERRIDE""]"
80,FROZEN_FIRST500,COVAPIE_CYS_SG_EVENT_V1:1JU6:D:CYS:195-:SG:L:UMP:C6,1JU6,UMP,D,,CYS,195,SG,L,C6,PASSED,PASSED,PASSED_EXPLICIT_EVENT,PASSED,AUTHORITATIVE_NEGATIVE_EXACT_RULE,,NEG_V1_TS_DUMP_CATALYTIC_ADDUCT_EXACT,,NO_POSITIVE_AUTHORITY,false,false,false,,true,false,true,,false,,false,false,false,false,false,false,false,HISTORICAL_BASELINE_COMPONENT,COVAPIE_LEAKAGE_GROUP_000005,,false,AUTO_NEGATIVE_EXACT_FINAL,"[""PRE_CHEMISTRY_NOT_PRODUCTION_AUTHORITATIVE"",""NO_FAMILY_LEVEL_AUTO_ADMISSION"",""EVERY_EVENT_IN_UNIT_MATCHED_SAME_EXACT_RULE_WITHOUT_OVERRIDE""]"
81,FROZEN_FIRST500,COVAPIE_CYS_SG_EVENT_V1:1JUJ:A:CYS:195-:SG:E:UMP:C6,1JUJ,UMP,A,,CYS,195,SG,E,C6,PASSED,PASSED,PASSED_EXPLICIT_EVENT,PASSED,AUTHORITATIVE_NEGATIVE_EXACT_RULE,,NEG_V1_TS_DUMP_CATALYTIC_ADDUCT_EXACT,,NO_POSITIVE_AUTHORITY,false,false,false,,true,false,true,,false,,false,false,false,false,false,false,false,HISTORICAL_BASELINE_COMPONENT,COVAPIE_LEAKAGE_GROUP_000005,,false,AUTO_NEGATIVE_EXACT_FINAL,"[""PRE_CHEMISTRY_NOT_PRODUCTION_AUTHORITATIVE"",""NO_FAMILY_LEVEL_AUTO_ADMISSION"",""EVERY_EVENT_IN_UNIT_MATCHED_SAME_EXACT_RULE_WITHOUT_OVERRIDE""]"
82,FROZEN_FIRST500,COVAPIE_CYS_SG_EVENT_V1:1JUJ:B:CYS:195-:SG:G:UMP:C6,1JUJ,UMP,B,,CYS,195,SG,G,C6,PASSED,PASSED,PASSED_EXPLICIT_EVENT,PASSED,AUTHORITATIVE_NEGATIVE_EXACT_RULE,,NEG_V1_TS_DUMP_CATALYTIC_ADDUCT_EXACT,,NO_POSITIVE_AUTHORITY,false,false,false,,true,false,true,,false,,false,false,false,false,false,false,false,HISTORICAL_BASELINE_COMPONENT,COVAPIE_LEAKAGE_GROUP_000005,,false,AUTO_NEGATIVE_EXACT_FINAL,"[""PRE_CHEMISTRY_NOT_PRODUCTION_AUTHORITATIVE"",""NO_FAMILY_LEVEL_AUTO_ADMISSION"",""EVERY_EVENT_IN_UNIT_MATCHED_SAME_EXACT_RULE_WITHOUT_OVERRIDE""]"
83,FROZEN_FIRST500,COVAPIE_CYS_SG_EVENT_V1:1JUJ:C:CYS:195-:SG:I:UMP:C6,1JUJ,UMP,C,,CYS,195,SG,I,C6,PASSED,PASSED,PASSED_EXPLICIT_EVENT,PASSED,AUTHORITATIVE_NEGATIVE_EXACT_RULE,,NEG_V1_TS_DUMP_CATALYTIC_ADDUCT_EXACT,,NO_POSITIVE_AUTHORITY,false,false,false,,true,false,true,,false,,false,false,false,false,false,false,false,HISTORICAL_BASELINE_COMPONENT,COVAPIE_LEAKAGE_GROUP_000005,,false,AUTO_NEGATIVE_EXACT_FINAL,"[""PRE_CHEMISTRY_NOT_PRODUCTION_AUTHORITATIVE"",""NO_FAMILY_LEVEL_AUTO_ADMISSION"",""EVERY_EVENT_IN_UNIT_MATCHED_SAME_EXACT_RULE_WITHOUT_OVERRIDE""]"
84,FROZEN_FIRST500,COVAPIE_CYS_SG_EVENT_V1:1JUJ:D:CYS:195-:SG:K:UMP:C6,1JUJ,UMP,D,,CYS,195,SG,K,C6,PASSED,PASSED,PASSED_EXPLICIT_EVENT,PASSED,AUTHORITATIVE_NEGATIVE_EXACT_RULE,,NEG_V1_TS_DUMP_CATALYTIC_ADDUCT_EXACT,,NO_POSITIVE_AUTHORITY,false,false,false,,true,false,true,,false,,false,false,false,false,false,false,false,HISTORICAL_BASELINE_COMPONENT,COVAPIE_LEAKAGE_GROUP_000005,,false,AUTO_NEGATIVE_EXACT_FINAL,"[""PRE_CHEMISTRY_NOT_PRODUCTION_AUTHORITATIVE"",""NO_FAMILY_LEVEL_AUTO_ADMISSION"",""EVERY_EVENT_IN_UNIT_MATCHED_SAME_EXACT_RULE_WITHOUT_OVERRIDE""]"
85,FROZEN_FIRST500,COVAPIE_CYS_SG_EVENT_V1:1JUT:A:CYS:146-:SG:C:UMP:C6,1JUT,UMP,A,,CYS,146,SG,C,C6,PASSED,PASSED,PASSED_EXPLICIT_EVENT,PASSED,AUTHORITATIVE_NEGATIVE_EXACT_RULE,,NEG_V1_TS_DUMP_CATALYTIC_ADDUCT_EXACT,,NO_POSITIVE_AUTHORITY,false,false,false,,true,false,true,,false,,false,false,false,false,false,false,false,LEAKAGE_EVIDENCE_INCOMPLETE,,,false,AUTO_NEGATIVE_EXACT_FINAL,"[""PRE_CHEMISTRY_NOT_PRODUCTION_AUTHORITATIVE"",""NO_FAMILY_LEVEL_AUTO_ADMISSION"",""EVERY_EVENT_IN_UNIT_MATCHED_SAME_EXACT_RULE_WITHOUT_OVERRIDE""]"
86,FROZEN_FIRST500,COVAPIE_CYS_SG_EVENT_V1:1KEQ:A:CYS:131-:SG:E:4MZ:C4,1KEQ,4MZ,A,,CYS,131,SG,E,C4,PASSED,PASSED,PASSED_EXPLICIT_EVENT,PASSED,UNRESOLVED_HUMAN_REVIEW,,,,NO_POSITIVE_AUTHORITY,false,false,false,,true,false,true,,false,,false,false,false,false,false,false,false,LEAKAGE_EVIDENCE_INCOMPLETE,,,false,HUMAN_REVIEW_REQUIRED,"[""PRE_CHEMISTRY_NOT_PRODUCTION_AUTHORITATIVE"",""NO_FAMILY_LEVEL_AUTO_ADMISSION"",""NO_SINGLE_EXACT_RULE_MATCHED_EVERY_EVENT;HUMAN_REVIEW_RETAINED""]"
87,FROZEN_FIRST500,COVAPIE_CYS_SG_EVENT_V1:1KEQ:A:CYS:183-:SG:F:4MZ:C4,1KEQ,4MZ,A,,CYS,183,SG,F,C4,PASSED,PASSED,PASSED_EXPLICIT_EVENT,PASSED,NOT_APPLICABLE_BLOCKED_STRUCTURAL_OR_LEAKAGE,,,,NO_POSITIVE_AUTHORITY,false,false,false,,true,false,true,,false,,false,false,false,false,false,false,false,LEAKAGE_EVIDENCE_INCOMPLETE,,,false,QUARANTINE_REPRESENTATION_GAP,"[""PRE_ONLY_ATOMS_CANNOT_BE_DROPPED_OR_GIVEN_COORDINATES"",""BOUND_STRUCTURAL_EXECUTION_OUTCOME_RETAINED""]"
88,FROZEN_FIRST500,COVAPIE_CYS_SG_EVENT_V1:1KEQ:A:CYS:188-:SG:G:4MZ:C4,1KEQ,4MZ,A,,CYS,188,SG,G,C4,PASSED,PASSED,PASSED_EXPLICIT_EVENT,PASSED,UNRESOLVED_HUMAN_REVIEW,,,,NO_POSITIVE_AUTHORITY,false,false,false,,true,false,true,,false,,false,false,false,false,false,false,false,LEAKAGE_EVIDENCE_INCOMPLETE,,,false,HUMAN_REVIEW_REQUIRED,"[""PRE_CHEMISTRY_NOT_PRODUCTION_AUTHORITATIVE"",""NO_FAMILY_LEVEL_AUTO_ADMISSION"",""NO_SINGLE_EXACT_RULE_MATCHED_EVERY_EVENT;HUMAN_REVIEW_RETAINED""]"
89,FROZEN_FIRST500,COVAPIE_CYS_SG_EVENT_V1:1KEQ:B:CYS:183-:SG:K:4MZ:C4,1KEQ,4MZ,B,,CYS,183,SG,K,C4,PASSED,PASSED,PASSED_EXPLICIT_EVENT,PASSED,NOT_APPLICABLE_BLOCKED_STRUCTURAL_OR_LEAKAGE,,,,NO_POSITIVE_AUTHORITY,false,false,false,,true,false,true,,false,,false,false,false,false,false,false,false,LEAKAGE_EVIDENCE_INCOMPLETE,,,false,QUARANTINE_REPRESENTATION_GAP,"[""PRE_ONLY_ATOMS_CANNOT_BE_DROPPED_OR_GIVEN_COORDINATES"",""BOUND_STRUCTURAL_EXECUTION_OUTCOME_RETAINED""]"
90,FROZEN_FIRST500,COVAPIE_CYS_SG_EVENT_V1:1KEQ:B:CYS:188-:SG:L:4MZ:C4,1KEQ,4MZ,B,,CYS,188,SG,L,C4,PASSED,PASSED,PASSED_EXPLICIT_EVENT,PASSED,UNRESOLVED_HUMAN_REVIEW,,,,NO_POSITIVE_AUTHORITY,false,false,false,,true,false,true,,false,,false,false,false,false,false,false,false,LEAKAGE_EVIDENCE_INCOMPLETE,,,false,HUMAN_REVIEW_REQUIRED,"[""PRE_CHEMISTRY_NOT_PRODUCTION_AUTHORITATIVE"",""NO_FAMILY_LEVEL_AUTO_ADMISSION"",""NO_SINGLE_EXACT_RULE_MATCHED_EVERY_EVENT;HUMAN_REVIEW_RETAINED""]"
91,FROZEN_FIRST500,COVAPIE_CYS_SG_EVENT_V1:1KOU:A:CYS:69-:SG:B:DHC:C1,1KOU,DHC,A,,CYS,69,SG,B,C1,PASSED,UNAVAILABLE,FAILED_CLOSED,NOT_REACHED,NOT_APPLICABLE_BLOCKED_STRUCTURAL_OR_LEAKAGE,,,,NO_POSITIVE_AUTHORITY,false,false,false,,false,false,false,,false,,false,false,false,false,false,false,false,LEAKAGE_EVIDENCE_INCOMPLETE,,,false,STRUCTURAL_EVIDENCE_INCOMPLETE,"[""MMCIF_EXACT_CYS_SG_STRUCT_CONN_NOT_RECOVERED"",""BOUND_STRUCTURAL_EXECUTION_OUTCOME_RETAINED""]"
92,FROZEN_FIRST500,COVAPIE_CYS_SG_EVENT_V1:1KWO:A:CYS:693-:SG:F:PDM:CP9,1KWO,PDM,A,,CYS,693,SG,F,CP9,PASSED,PASSED,PASSED_EXPLICIT_EVENT,PASSED,UNRESOLVED_HUMAN_REVIEW,,,,NO_POSITIVE_AUTHORITY,false,false,false,,true,false,true,,false,,false,false,false,false,false,false,false,NEW_EXPANSION_COMPONENT,COVAPIE_EXPANSION_LEAKAGE_GROUP_9A27AE95A0503A7B,,false,HUMAN_REVIEW_REQUIRED,"[""PRE_CHEMISTRY_NOT_PRODUCTION_AUTHORITATIVE"",""NO_FAMILY_LEVEL_AUTO_ADMISSION"",""NO_SINGLE_EXACT_RULE_MATCHED_EVERY_EVENT;HUMAN_REVIEW_RETAINED""]"
93,FROZEN_FIRST500,COVAPIE_CYS_SG_EVENT_V1:1KZI:A:CYS:146-:SG:F:UMP:C6,1KZI,UMP,A,,CYS,146,SG,F,C6,PASSED,PASSED,PASSED_EXPLICIT_EVENT,PASSED,AUTHORITATIVE_NEGATIVE_EXACT_RULE,,NEG_V1_TS_DUMP_CATALYTIC_ADDUCT_EXACT,,NO_POSITIVE_AUTHORITY,false,false,false,,true,false,true,,false,,false,false,false,false,false,false,false,LEAKAGE_EVIDENCE_INCOMPLETE,,,false,AUTO_NEGATIVE_EXACT_FINAL,"[""PRE_CHEMISTRY_NOT_PRODUCTION_AUTHORITATIVE"",""NO_FAMILY_LEVEL_AUTO_ADMISSION"",""EVERY_EVENT_IN_UNIT_MATCHED_SAME_EXACT_RULE_WITHOUT_OVERRIDE""]"
94,FROZEN_FIRST500,COVAPIE_CYS_SG_EVENT_V1:1KZI:A:CYS:192-:SG:H:DTU:S4,1KZI,DTU,A,,CYS,192,SG,H,S4,PASSED,PASSED,PASSED_EXPLICIT_EVENT,PASSED,UNRESOLVED_HUMAN_REVIEW,,,,NO_POSITIVE_AUTHORITY,false,false,false,,true,false,true,,false,,false,false,false,false,false,false,false,LEAKAGE_EVIDENCE_INCOMPLETE,,,false,HUMAN_REVIEW_REQUIRED,"[""PRE_CHEMISTRY_NOT_PRODUCTION_AUTHORITATIVE"",""NO_FAMILY_LEVEL_AUTO_ADMISSION"",""NO_SINGLE_EXACT_RULE_MATCHED_EVERY_EVENT;HUMAN_REVIEW_RETAINED""]"
95,FROZEN_FIRST500,COVAPIE_CYS_SG_EVENT_V1:1KZI:B:CYS:146-:SG:J:UMP:C6,1KZI,UMP,B,,CYS,146,SG,J,C6,PASSED,PASSED,PASSED_EXPLICIT_EVENT,PASSED,AUTHORITATIVE_NEGATIVE_EXACT_RULE,,NEG_V1_TS_DUMP_CATALYTIC_ADDUCT_EXACT,,NO_POSITIVE_AUTHORITY,false,false,false,,true,false,true,,false,,false,false,false,false,false,false,false,LEAKAGE_EVIDENCE_INCOMPLETE,,,false,AUTO_NEGATIVE_EXACT_FINAL,"[""PRE_CHEMISTRY_NOT_PRODUCTION_AUTHORITATIVE"",""NO_FAMILY_LEVEL_AUTO_ADMISSION"",""EVERY_EVENT_IN_UNIT_MATCHED_SAME_EXACT_RULE_WITHOUT_OVERRIDE""]"
96,FROZEN_FIRST500,COVAPIE_CYS_SG_EVENT_V1:1KZJ:A:CYS:146-:SG:G:UMP:C6,1KZJ,UMP,A,,CYS,146,SG,G,C6,PASSED,PASSED,PASSED_EXPLICIT_EVENT,PASSED,AUTHORITATIVE_NEGATIVE_EXACT_RULE,,NEG_V1_TS_DUMP_CATALYTIC_ADDUCT_EXACT,,NO_POSITIVE_AUTHORITY,false,false,false,,true,false,true,,false,,false,false,false,false,false,false,false,LEAKAGE_EVIDENCE_INCOMPLETE,,,false,AUTO_NEGATIVE_EXACT_FINAL,"[""PRE_CHEMISTRY_NOT_PRODUCTION_AUTHORITATIVE"",""NO_FAMILY_LEVEL_AUTO_ADMISSION"",""EVERY_EVENT_IN_UNIT_MATCHED_SAME_EXACT_RULE_WITHOUT_OVERRIDE""]"
97,FROZEN_FIRST500,COVAPIE_CYS_SG_EVENT_V1:1KZJ:B:CYS:146-:SG:I:UMP:C6,1KZJ,UMP,B,,CYS,146,SG,I,C6,PASSED,PASSED,PASSED_EXPLICIT_EVENT,PASSED,AUTHORITATIVE_NEGATIVE_EXACT_RULE,,NEG_V1_TS_DUMP_CATALYTIC_ADDUCT_EXACT,,NO_POSITIVE_AUTHORITY,false,false,false,,true,false,true,,false,,false,false,false,false,false,false,false,LEAKAGE_EVIDENCE_INCOMPLETE,,,false,AUTO_NEGATIVE_EXACT_FINAL,"[""PRE_CHEMISTRY_NOT_PRODUCTION_AUTHORITATIVE"",""NO_FAMILY_LEVEL_AUTO_ADMISSION"",""EVERY_EVENT_IN_UNIT_MATCHED_SAME_EXACT_RULE_WITHOUT_OVERRIDE""]"
98,FROZEN_FIRST500,COVAPIE_CYS_SG_EVENT_V1:1KZJ:C:CYS:146-:SG:K:UMP:C6,1KZJ,UMP,C,,CYS,146,SG,K,C6,PASSED,PASSED,PASSED_EXPLICIT_EVENT,PASSED,AUTHORITATIVE_NEGATIVE_EXACT_RULE,,NEG_V1_TS_DUMP_CATALYTIC_ADDUCT_EXACT,,NO_POSITIVE_AUTHORITY,false,false,false,,true,false,true,,false,,false,false,false,false,false,false,false,LEAKAGE_EVIDENCE_INCOMPLETE,,,false,AUTO_NEGATIVE_EXACT_FINAL,"[""PRE_CHEMISTRY_NOT_PRODUCTION_AUTHORITATIVE"",""NO_FAMILY_LEVEL_AUTO_ADMISSION"",""EVERY_EVENT_IN_UNIT_MATCHED_SAME_EXACT_RULE_WITHOUT_OVERRIDE""]"
99,FROZEN_FIRST500,COVAPIE_CYS_SG_EVENT_V1:1KZJ:F:CYS:146-:SG:Q:UMP:C6,1KZJ,UMP,F,,CYS,146,SG,Q,C6,PASSED,PASSED,PASSED_EXPLICIT_EVENT,PASSED,AUTHORITATIVE_NEGATIVE_EXACT_RULE,,NEG_V1_TS_DUMP_CATALYTIC_ADDUCT_EXACT,,NO_POSITIVE_AUTHORITY,false,false,false,,true,false,true,,false,,false,false,false,false,false,false,false,LEAKAGE_EVIDENCE_INCOMPLETE,,,false,AUTO_NEGATIVE_EXACT_FINAL,"[""PRE_CHEMISTRY_NOT_PRODUCTION_AUTHORITATIVE"",""NO_FAMILY_LEVEL_AUTO_ADMISSION"",""EVERY_EVENT_IN_UNIT_MATCHED_SAME_EXACT_RULE_WITHOUT_OVERRIDE""]"
100,FROZEN_FIRST500,COVAPIE_CYS_SG_EVENT_V1:1LXY:A:CYS:398-:SG:C:CIR:C7,1LXY,CIR,A,,CYS,398,SG,C,C7,PASSED,PASSED,PASSED_EXPLICIT_EVENT,PASSED,UNRESOLVED_HUMAN_REVIEW,,,,NO_POSITIVE_AUTHORITY,false,false,false,,true,false,true,,false,,false,false,false,false,false,false,false,NEW_EXPANSION_COMPONENT,COVAPIE_EXPANSION_LEAKAGE_GROUP_3872A4FEF38B2C65,,false,HUMAN_REVIEW_REQUIRED,"[""PRE_CHEMISTRY_NOT_PRODUCTION_AUTHORITATIVE"",""NO_FAMILY_LEVEL_AUTO_ADMISSION"",""NO_SINGLE_EXACT_RULE_MATCHED_EVERY_EVENT;HUMAN_REVIEW_RETAINED""]"
101,FROZEN_FIRST500,COVAPIE_CYS_SG_EVENT_V1:1LXY:B:CYS:398-:SG:E:CIR:C7,1LXY,CIR,B,,CYS,398,SG,E,C7,PASSED,PASSED,PASSED_EXPLICIT_EVENT,PASSED,UNRESOLVED_HUMAN_REVIEW,,,,NO_POSITIVE_AUTHORITY,false,false,false,,true,false,true,,false,,false,false,false,false,false,false,false,NEW_EXPANSION_COMPONENT,COVAPIE_EXPANSION_LEAKAGE_GROUP_3872A4FEF38B2C65,,false,HUMAN_REVIEW_REQUIRED,"[""PRE_CHEMISTRY_NOT_PRODUCTION_AUTHORITATIVE"",""NO_FAMILY_LEVEL_AUTO_ADMISSION"",""NO_SINGLE_EXACT_RULE_MATCHED_EVERY_EVENT;HUMAN_REVIEW_RETAINED""]"
102,FROZEN_FIRST500,COVAPIE_CYS_SG_EVENT_V1:1M4A:A:CYS:31-:SG:B:MPE:S1,1M4A,MPE,A,,CYS,31,SG,B,S1,PASSED,UNAVAILABLE,FAILED_CLOSED,NOT_REACHED,NOT_APPLICABLE_BLOCKED_STRUCTURAL_OR_LEAKAGE,,,,NO_POSITIVE_AUTHORITY,false,false,false,,false,false,false,,false,,false,false,false,false,false,false,false,LEAKAGE_EVIDENCE_INCOMPLETE,,,false,STRUCTURAL_EVIDENCE_INCOMPLETE,"[""MMCIF_EXACT_CYS_SG_STRUCT_CONN_NOT_RECOVERED"",""BOUND_STRUCTURAL_EXECUTION_OUTCOME_RETAINED""]"
103,FROZEN_FIRST500,COVAPIE_CYS_SG_EVENT_V1:1M4B:A:CYS:43-:SG:B:NMP:S27,1M4B,NMP,A,,CYS,43,SG,B,S27,PASSED,PASSED,PASSED_EXPLICIT_EVENT,PASSED,NOT_APPLICABLE_BLOCKED_STRUCTURAL_OR_LEAKAGE,,,,NO_POSITIVE_AUTHORITY,false,false,false,,true,false,true,,false,,false,false,false,false,false,false,false,LEAKAGE_EXISTING_GROUP_CONFLICT,,,false,LEAKAGE_EXISTING_GROUP_CONFLICT,"[""LEAKAGE_EXISTING_GROUP_CONFLICT"",""BOUND_STRUCTURAL_EXECUTION_OUTCOME_RETAINED""]"
104,FROZEN_FIRST500,COVAPIE_CYS_SG_EVENT_V1:1MEG:A:CYS:25-:SG:B:E64:C2,1MEG,E64,A,,CYS,25,SG,B,C2,PASSED,PASSED,PASSED_EXPLICIT_EVENT,PASSED,NOT_APPLICABLE_BLOCKED_STRUCTURAL_OR_LEAKAGE,,,,NO_POSITIVE_AUTHORITY,false,false,false,,true,false,true,,false,,false,false,false,false,false,false,false,LEAKAGE_EXISTING_GROUP_CONFLICT,,,false,LEAKAGE_EXISTING_GROUP_CONFLICT,"[""LEAKAGE_EXISTING_GROUP_CONFLICT"",""BOUND_STRUCTURAL_EXECUTION_OUTCOME_RETAINED""]"
105,FROZEN_FIRST500,COVAPIE_CYS_SG_EVENT_V1:1MEM:A:CYS:25-:SG:B:0D6:C21,1MEM,0D6,A,,CYS,25,SG,B,C21,PASSED,PASSED,PASSED_EXPLICIT_EVENT,PASSED,NOT_APPLICABLE_BLOCKED_STRUCTURAL_OR_LEAKAGE,,,,NO_POSITIVE_AUTHORITY,false,false,false,,true,false,true,,false,,false,false,false,false,false,false,false,LEAKAGE_EXISTING_GROUP_CONFLICT,,,false,LEAKAGE_EXISTING_GROUP_CONFLICT,"[""LEAKAGE_EXISTING_GROUP_CONFLICT"",""BOUND_STRUCTURAL_EXECUTION_OUTCOME_RETAINED""]"
106,FROZEN_FIRST500,COVAPIE_CYS_SG_EVENT_V1:1ML3:B:CYS:166-:SG:F:CYX:C1,1ML3,CYX,B,,CYS,166,SG,F,C1,PASSED,PASSED,PASSED_EXPLICIT_EVENT,PASSED,UNRESOLVED_HUMAN_REVIEW,,,,NO_POSITIVE_AUTHORITY,false,false,false,,true,false,true,,false,,false,false,false,false,false,false,false,NEW_EXPANSION_COMPONENT,COVAPIE_EXPANSION_LEAKAGE_GROUP_1B24C28A94FC5A49,,false,HUMAN_REVIEW_REQUIRED,"[""PRE_CHEMISTRY_NOT_PRODUCTION_AUTHORITATIVE"",""NO_FAMILY_LEVEL_AUTO_ADMISSION"",""NO_SINGLE_EXACT_RULE_MATCHED_EVERY_EVENT;HUMAN_REVIEW_RETAINED""]"
107,FROZEN_FIRST500,COVAPIE_CYS_SG_EVENT_V1:1ML3:C:CYS:166-:SG:H:CYX:C1,1ML3,CYX,C,,CYS,166,SG,H,C1,PASSED,PASSED,PASSED_EXPLICIT_EVENT,PASSED,UNRESOLVED_HUMAN_REVIEW,,,,NO_POSITIVE_AUTHORITY,false,false,false,,true,false,true,,false,,false,false,false,false,false,false,false,NEW_EXPANSION_COMPONENT,COVAPIE_EXPANSION_LEAKAGE_GROUP_1B24C28A94FC5A49,,false,HUMAN_REVIEW_REQUIRED,"[""PRE_CHEMISTRY_NOT_PRODUCTION_AUTHORITATIVE"",""NO_FAMILY_LEVEL_AUTO_ADMISSION"",""NO_SINGLE_EXACT_RULE_MATCHED_EVERY_EVENT;HUMAN_REVIEW_RETAINED""]"
108,FROZEN_FIRST500,COVAPIE_CYS_SG_EVENT_V1:1ML3:D:CYS:166-:SG:J:CYX:C1,1ML3,CYX,D,,CYS,166,SG,J,C1,PASSED,PASSED,PASSED_EXPLICIT_EVENT,PASSED,UNRESOLVED_HUMAN_REVIEW,,,,NO_POSITIVE_AUTHORITY,false,false,false,,true,false,true,,false,,false,false,false,false,false,false,false,NEW_EXPANSION_COMPONENT,COVAPIE_EXPANSION_LEAKAGE_GROUP_1B24C28A94FC5A49,,false,HUMAN_REVIEW_REQUIRED,"[""PRE_CHEMISTRY_NOT_PRODUCTION_AUTHORITATIVE"",""NO_FAMILY_LEVEL_AUTO_ADMISSION"",""NO_SINGLE_EXACT_RULE_MATCHED_EVERY_EVENT;HUMAN_REVIEW_RETAINED""]"
109,FROZEN_FIRST500,COVAPIE_CYS_SG_EVENT_V1:1MS6:A:CYS:25-:SG:B:BLN:C',1MS6,BLN,A,,CYS,25,SG,B,C',PASSED,PASSED,PASSED_EXPLICIT_EVENT,PASSED,NOT_APPLICABLE_BLOCKED_STRUCTURAL_OR_LEAKAGE,,,,NO_POSITIVE_AUTHORITY,false,false,false,,true,false,true,,false,,false,false,false,false,false,false,false,LEAKAGE_EXISTING_GROUP_CONFLICT,,,false,LEAKAGE_EXISTING_GROUP_CONFLICT,"[""LEAKAGE_EXISTING_GROUP_CONFLICT"",""BOUND_STRUCTURAL_EXECUTION_OUTCOME_RETAINED""]"
110,FROZEN_FIRST500,COVAPIE_CYS_SG_EVENT_V1:1NBP:A:CYS:31-:SG:C:MHC:S1,1NBP,MHC,A,,CYS,31,SG,C,S1,PASSED,PASSED,PASSED_EXPLICIT_EVENT,PASSED,UNRESOLVED_HUMAN_REVIEW,,,,NO_POSITIVE_AUTHORITY,false,false,false,,true,false,true,,false,,false,false,false,false,false,false,false,LEAKAGE_EVIDENCE_INCOMPLETE,,,false,HUMAN_REVIEW_REQUIRED,"[""PRE_CHEMISTRY_NOT_PRODUCTION_AUTHORITATIVE"",""NO_FAMILY_LEVEL_AUTO_ADMISSION"",""NO_SINGLE_EXACT_RULE_MATCHED_EVERY_EVENT;HUMAN_REVIEW_RETAINED""]"
111,FROZEN_FIRST500,COVAPIE_CYS_SG_EVENT_V1:1NFZ:A:CYS:67-:SG:E:EIP:C12,1NFZ,EIP,A,,CYS,67,SG,E,C12,PASSED,PASSED,PASSED_EXPLICIT_EVENT,PASSED,AUTHORITATIVE_POSITIVE_EXACT_EVENT_RUNTIME_BINDING_INCOMPLETE,data/derived/covalent_small/covapie_bulk_post_only_cys_sg_human_review_v1/covapie_post_only_human_review_decisions_v1.json,,,PUBLISHED_POSITIVE_LABEL_RUNTIME_BINDING_INCOMPLETE,false,false,true,data/derived/covalent_small/covapie_bulk_post_only_cys_sg_human_review_v1/covapie_post_only_human_review_decisions_v1.json,true,true,true,data/derived/covalent_small/covapie_bulk_post_only_cys_sg_human_review_v1/covapie_post_only_human_review_decisions_v1.json,true,data/derived/covalent_small/covapie_bulk_post_only_cys_sg_human_review_v1/covapie_post_only_human_review_decisions_v1.json,false,false,false,false,false,false,false,NEW_EXPANSION_COMPONENT,COVAPIE_EXPANSION_LEAKAGE_GROUP_32E02A3645C2DE25,,false,HUMAN_RELEVANT_FINAL,"[""PRE_CHEMISTRY_NOT_PRODUCTION_AUTHORITATIVE"",""NO_FAMILY_LEVEL_AUTO_ADMISSION"",""CURRENT_HUMAN_RELEVANT_DECISION_HAS_FIRST_PRECEDENCE"",""CURRENT_RUNTIME_TENSORIZATION_AND_SUPERVISION_BINDING_NOT_PUBLISHED""]"
112,FROZEN_FIRST500,COVAPIE_CYS_SG_EVENT_V1:1NFZ:B:CYS:67-:SG:H:EIP:C12,1NFZ,EIP,B,,CYS,67,SG,H,C12,PASSED,PASSED,PASSED_EXPLICIT_EVENT,PASSED,AUTHORITATIVE_POSITIVE_EXACT_EVENT_RUNTIME_BINDING_INCOMPLETE,data/derived/covalent_small/covapie_bulk_post_only_cys_sg_human_review_v1/covapie_post_only_human_review_decisions_v1.json,,,PUBLISHED_POSITIVE_LABEL_RUNTIME_BINDING_INCOMPLETE,false,false,true,data/derived/covalent_small/covapie_bulk_post_only_cys_sg_human_review_v1/covapie_post_only_human_review_decisions_v1.json,true,true,true,data/derived/covalent_small/covapie_bulk_post_only_cys_sg_human_review_v1/covapie_post_only_human_review_decisions_v1.json,true,data/derived/covalent_small/covapie_bulk_post_only_cys_sg_human_review_v1/covapie_post_only_human_review_decisions_v1.json,false,false,false,false,false,false,false,NEW_EXPANSION_COMPONENT,COVAPIE_EXPANSION_LEAKAGE_GROUP_32E02A3645C2DE25,,false,HUMAN_RELEVANT_FINAL,"[""PRE_CHEMISTRY_NOT_PRODUCTION_AUTHORITATIVE"",""NO_FAMILY_LEVEL_AUTO_ADMISSION"",""CURRENT_HUMAN_RELEVANT_DECISION_HAS_FIRST_PRECEDENCE"",""CURRENT_RUNTIME_TENSORIZATION_AND_SUPERVISION_BINDING_NOT_PUBLISHED""]"
113,FROZEN_FIRST500,COVAPIE_CYS_SG_EVENT_V1:1NL6:A:CYS:25-:SG:C:750:C31,1NL6,750,A,,CYS,25,SG,C,C31,PASSED,PASSED,PASSED_EXPLICIT_EVENT,PASSED,NOT_APPLICABLE_BLOCKED_STRUCTURAL_OR_LEAKAGE,,,,NO_POSITIVE_AUTHORITY,false,false,false,,true,false,true,,false,,false,false,false,false,false,false,false,LEAKAGE_EXISTING_GROUP_CONFLICT,,,false,LEAKAGE_EXISTING_GROUP_CONFLICT,"[""LEAKAGE_EXISTING_GROUP_CONFLICT"",""BOUND_STRUCTURAL_EXECUTION_OUTCOME_RETAINED""]"
114,FROZEN_FIRST500,COVAPIE_CYS_SG_EVENT_V1:1NL6:B:CYS:25-:SG:D:750:C31,1NL6,750,B,,CYS,25,SG,D,C31,PASSED,PASSED,PASSED_EXPLICIT_EVENT,PASSED,NOT_APPLICABLE_BLOCKED_STRUCTURAL_OR_LEAKAGE,,,,NO_POSITIVE_AUTHORITY,false,false,false,,true,false,true,,false,,false,false,false,false,false,false,false,LEAKAGE_EXISTING_GROUP_CONFLICT,,,false,LEAKAGE_EXISTING_GROUP_CONFLICT,"[""LEAKAGE_EXISTING_GROUP_CONFLICT"",""BOUND_STRUCTURAL_EXECUTION_OUTCOME_RETAINED""]"
115,FROZEN_FIRST500,COVAPIE_CYS_SG_EVENT_V1:1NLJ:A:CYS:25-:SG:C:2CA:C07,1NLJ,2CA,A,,CYS,25,SG,C,C07,PASSED,PASSED,PASSED_EXPLICIT_EVENT,PASSED,NOT_APPLICABLE_BLOCKED_STRUCTURAL_OR_LEAKAGE,,,,NO_POSITIVE_AUTHORITY,false,false,false,,true,false,true,,false,,false,false,false,false,false,false,false,LEAKAGE_EXISTING_GROUP_CONFLICT,,,false,LEAKAGE_EXISTING_GROUP_CONFLICT,"[""LEAKAGE_EXISTING_GROUP_CONFLICT"",""BOUND_STRUCTURAL_EXECUTION_OUTCOME_RETAINED""]"
116,FROZEN_FIRST500,COVAPIE_CYS_SG_EVENT_V1:1NLJ:B:CYS:25-:SG:D:2CA:C07,1NLJ,2CA,B,,CYS,25,SG,D,C07,PASSED,PASSED,PASSED_EXPLICIT_EVENT,PASSED,NOT_APPLICABLE_BLOCKED_STRUCTURAL_OR_LEAKAGE,,,,NO_POSITIVE_AUTHORITY,false,false,false,,true,false,true,,false,,false,false,false,false,false,false,false,LEAKAGE_EXISTING_GROUP_CONFLICT,,,false,LEAKAGE_EXISTING_GROUP_CONFLICT,"[""LEAKAGE_EXISTING_GROUP_CONFLICT"",""BOUND_STRUCTURAL_EXECUTION_OUTCOME_RETAINED""]"
117,FROZEN_FIRST500,COVAPIE_CYS_SG_EVENT_V1:1NME:A:CYS:163-:SG:C:158:C1,1NME,158,A,,CYS,163,SG,C,C1,PASSED,UNAVAILABLE,FAILED_CLOSED,NOT_REACHED,NOT_APPLICABLE_BLOCKED_STRUCTURAL_OR_LEAKAGE,,,,NO_POSITIVE_AUTHORITY,false,false,false,,false,false,false,,false,,false,false,false,false,false,false,false,LEAKAGE_EVIDENCE_INCOMPLETE,,,false,STRUCTURAL_EVIDENCE_INCOMPLETE,"[""MMCIF_EXACT_CYS_SG_STRUCT_CONN_NOT_RECOVERED"",""BOUND_STRUCTURAL_EXECUTION_OUTCOME_RETAINED""]"
118,FROZEN_FIRST500,COVAPIE_CYS_SG_EVENT_V1:1NMQ:A:CYS:163-:SG:C:160:C1,1NMQ,160,A,,CYS,163,SG,C,C1,PASSED,PASSED,PASSED_EXPLICIT_EVENT,PASSED,NOT_APPLICABLE_BLOCKED_STRUCTURAL_OR_LEAKAGE,,,,NO_POSITIVE_AUTHORITY,false,false,false,,true,false,true,,false,,false,false,false,false,false,false,false,LEAKAGE_EXISTING_GROUP_CONFLICT,,,false,LEAKAGE_EXISTING_GROUP_CONFLICT,"[""LEAKAGE_EXISTING_GROUP_CONFLICT"",""BOUND_STRUCTURAL_EXECUTION_OUTCOME_RETAINED""]"
119,FROZEN_FIRST500,COVAPIE_CYS_SG_EVENT_V1:1NMQ:B:CYS:163-:SG:D:160:C1,1NMQ,160,B,,CYS,163,SG,D,C1,PASSED,PASSED,PASSED_EXPLICIT_EVENT,PASSED,NOT_APPLICABLE_BLOCKED_STRUCTURAL_OR_LEAKAGE,,,,NO_POSITIVE_AUTHORITY,false,false,false,,true,false,true,,false,,false,false,false,false,false,false,false,LEAKAGE_EXISTING_GROUP_CONFLICT,,,false,LEAKAGE_EXISTING_GROUP_CONFLICT,"[""LEAKAGE_EXISTING_GROUP_CONFLICT"",""BOUND_STRUCTURAL_EXECUTION_OUTCOME_RETAINED""]"
120,FROZEN_FIRST500,COVAPIE_CYS_SG_EVENT_V1:1NMS:A:CYS:163-:SG:C:161:C1,1NMS,161,A,,CYS,163,SG,C,C1,PASSED,PASSED,PASSED_EXPLICIT_EVENT,PASSED,NOT_APPLICABLE_BLOCKED_STRUCTURAL_OR_LEAKAGE,,,,NO_POSITIVE_AUTHORITY,false,false,false,,true,false,true,,false,,false,false,false,false,false,false,false,LEAKAGE_EXISTING_GROUP_CONFLICT,,,false,LEAKAGE_EXISTING_GROUP_CONFLICT,"[""LEAKAGE_EXISTING_GROUP_CONFLICT"",""BOUND_STRUCTURAL_EXECUTION_OUTCOME_RETAINED""]"
121,FROZEN_FIRST500,COVAPIE_CYS_SG_EVENT_V1:1NMS:B:CYS:163-:SG:D:161:C1,1NMS,161,B,,CYS,163,SG,D,C1,PASSED,PASSED,PASSED_EXPLICIT_EVENT,PASSED,NOT_APPLICABLE_BLOCKED_STRUCTURAL_OR_LEAKAGE,,,,NO_POSITIVE_AUTHORITY,false,false,false,,true,false,true,,false,,false,false,false,false,false,false,false,LEAKAGE_EXISTING_GROUP_CONFLICT,,,false,LEAKAGE_EXISTING_GROUP_CONFLICT,"[""LEAKAGE_EXISTING_GROUP_CONFLICT"",""BOUND_STRUCTURAL_EXECUTION_OUTCOME_RETAINED""]"
122,FROZEN_FIRST500,COVAPIE_CYS_SG_EVENT_V1:1NPZ:A:CYS:25-:SG:C:C1P:C18,1NPZ,C1P,A,,CYS,25,SG,C,C18,PASSED,PASSED,PASSED_EXPLICIT_EVENT,PASSED,NOT_APPLICABLE_BLOCKED_STRUCTURAL_OR_LEAKAGE,,,,NO_POSITIVE_AUTHORITY,false,false,false,,true,false,true,,false,,false,false,false,false,false,false,false,LEAKAGE_EXISTING_GROUP_CONFLICT,,,false,LEAKAGE_EXISTING_GROUP_CONFLICT,"[""LEAKAGE_EXISTING_GROUP_CONFLICT"",""BOUND_STRUCTURAL_EXECUTION_OUTCOME_RETAINED""]"
123,FROZEN_FIRST500,COVAPIE_CYS_SG_EVENT_V1:1NPZ:B:CYS:275-:SG:D:C1P:C18,1NPZ,C1P,B,,CYS,275,SG,D,C18,PASSED,PASSED,PASSED_EXPLICIT_EVENT,PASSED,NOT_APPLICABLE_BLOCKED_STRUCTURAL_OR_LEAKAGE,,,,NO_POSITIVE_AUTHORITY,false,false,false,,true,false,true,,false,,false,false,false,false,false,false,false,LEAKAGE_EXISTING_GROUP_CONFLICT,,,false,LEAKAGE_EXISTING_GROUP_CONFLICT,"[""LEAKAGE_EXISTING_GROUP_CONFLICT"",""BOUND_STRUCTURAL_EXECUTION_OUTCOME_RETAINED""]"
124,FROZEN_FIRST500,COVAPIE_CYS_SG_EVENT_V1:1NQC:A:CYS:25-:SG:B:C4P:C56,1NQC,C4P,A,,CYS,25,SG,B,C56,PASSED,PASSED,PASSED_EXPLICIT_EVENT,PASSED,NOT_APPLICABLE_BLOCKED_STRUCTURAL_OR_LEAKAGE,,,,NO_POSITIVE_AUTHORITY,false,false,false,,true,false,true,,false,,false,false,false,false,false,false,false,LEAKAGE_EXISTING_GROUP_CONFLICT,,,false,LEAKAGE_EXISTING_GROUP_CONFLICT,"[""LEAKAGE_EXISTING_GROUP_CONFLICT"",""BOUND_STRUCTURAL_EXECUTION_OUTCOME_RETAINED""]"
125,FROZEN_FIRST500,COVAPIE_CYS_SG_EVENT_V1:1NWE:A:CYS:47-:SG:B:FG1:C2,1NWE,FG1,A,,CYS,47,SG,B,C2,PASSED,UNAVAILABLE,FAILED_CLOSED,NOT_REACHED,NOT_APPLICABLE_BLOCKED_STRUCTURAL_OR_LEAKAGE,,,,NO_POSITIVE_AUTHORITY,false,false,false,,false,false,false,,false,,false,false,false,false,false,false,false,LEAKAGE_EVIDENCE_INCOMPLETE,,,false,STRUCTURAL_EVIDENCE_INCOMPLETE,"[""MMCIF_EXACT_CYS_SG_STRUCT_CONN_NOT_RECOVERED"",""BOUND_STRUCTURAL_EXECUTION_OUTCOME_RETAINED""]"
126,FROZEN_FIRST500,COVAPIE_CYS_SG_EVENT_V1:1O41:A:CYS:44-:SG:B:300:C10,1O41,300,A,,CYS,44,SG,B,C10,PASSED,UNAVAILABLE,FAILED_CLOSED,NOT_REACHED,NOT_APPLICABLE_BLOCKED_STRUCTURAL_OR_LEAKAGE,,,,NO_POSITIVE_AUTHORITY,false,false,false,,false,false,false,,false,,false,false,false,false,false,false,false,LEAKAGE_EVIDENCE_INCOMPLETE,,,false,STRUCTURAL_EVIDENCE_INCOMPLETE,"[""MMCIF_EXACT_CYS_SG_STRUCT_CONN_NOT_RECOVERED"",""BOUND_STRUCTURAL_EXECUTION_OUTCOME_RETAINED""]"
127,FROZEN_FIRST500,COVAPIE_CYS_SG_EVENT_V1:1O43:A:CYS:44-:SG:B:821:C71,1O43,821,A,,CYS,44,SG,B,C71,PASSED,UNAVAILABLE,FAILED_CLOSED,NOT_REACHED,NOT_APPLICABLE_BLOCKED_STRUCTURAL_OR_LEAKAGE,,,,NO_POSITIVE_AUTHORITY,false,false,false,,false,false,false,,false,,false,false,false,false,false,false,false,LEAKAGE_EVIDENCE_INCOMPLETE,,,false,STRUCTURAL_EVIDENCE_INCOMPLETE,"[""MMCIF_EXACT_CYS_SG_STRUCT_CONN_NOT_RECOVERED"",""BOUND_STRUCTURAL_EXECUTION_OUTCOME_RETAINED""]"
128,FROZEN_FIRST500,COVAPIE_CYS_SG_EVENT_V1:1O45:A:CYS:44-:SG:B:687:C75,1O45,687,A,,CYS,44,SG,B,C75,PASSED,UNAVAILABLE,FAILED_CLOSED,NOT_REACHED,NOT_APPLICABLE_BLOCKED_STRUCTURAL_OR_LEAKAGE,,,,NO_POSITIVE_AUTHORITY,false,false,false,,false,false,false,,false,,false,false,false,false,false,false,false,LEAKAGE_EVIDENCE_INCOMPLETE,,,false,STRUCTURAL_EVIDENCE_INCOMPLETE,"[""MMCIF_EXACT_CYS_SG_STRUCT_CONN_NOT_RECOVERED"",""BOUND_STRUCTURAL_EXECUTION_OUTCOME_RETAINED""]"
129,FROZEN_FIRST500,COVAPIE_CYS_SG_EVENT_V1:1O4A:A:CYS:44-:SG:B:197:C71,1O4A,197,A,,CYS,44,SG,B,C71,PASSED,UNAVAILABLE,FAILED_CLOSED,NOT_REACHED,NOT_APPLICABLE_BLOCKED_STRUCTURAL_OR_LEAKAGE,,,,NO_POSITIVE_AUTHORITY,false,false,false,,false,false,false,,false,,false,false,false,false,false,false,false,LEAKAGE_EVIDENCE_INCOMPLETE,,,false,STRUCTURAL_EVIDENCE_INCOMPLETE,"[""MMCIF_EXACT_CYS_SG_STRUCT_CONN_NOT_RECOVERED"",""BOUND_STRUCTURAL_EXECUTION_OUTCOME_RETAINED""]"
130,FROZEN_FIRST500,COVAPIE_CYS_SG_EVENT_V1:1O4D:A:CYS:44-:SG:B:262:C7,1O4D,262,A,,CYS,44,SG,B,C7,PASSED,UNAVAILABLE,FAILED_CLOSED,NOT_REACHED,NOT_APPLICABLE_BLOCKED_STRUCTURAL_OR_LEAKAGE,,,,NO_POSITIVE_AUTHORITY,false,false,false,,false,false,false,,false,,false,false,false,false,false,false,false,LEAKAGE_EVIDENCE_INCOMPLETE,,,false,STRUCTURAL_EVIDENCE_INCOMPLETE,"[""MMCIF_EXACT_CYS_SG_STRUCT_CONN_NOT_RECOVERED"",""BOUND_STRUCTURAL_EXECUTION_OUTCOME_RETAINED""]"
131,FROZEN_FIRST500,COVAPIE_CYS_SG_EVENT_V1:1O4E:A:CYS:44-:SG:B:299:C11,1O4E,299,A,,CYS,44,SG,B,C11,PASSED,UNAVAILABLE,FAILED_CLOSED,NOT_REACHED,NOT_APPLICABLE_BLOCKED_STRUCTURAL_OR_LEAKAGE,,,,NO_POSITIVE_AUTHORITY,false,false,false,,false,false,false,,false,,false,false,false,false,false,false,false,LEAKAGE_EVIDENCE_INCOMPLETE,,,false,STRUCTURAL_EVIDENCE_INCOMPLETE,"[""MMCIF_EXACT_CYS_SG_STRUCT_CONN_NOT_RECOVERED"",""BOUND_STRUCTURAL_EXECUTION_OUTCOME_RETAINED""]"
132,FROZEN_FIRST500,COVAPIE_CYS_SG_EVENT_V1:1O4I:A:CYS:44-:SG:B:219:C7,1O4I,219,A,,CYS,44,SG,B,C7,PASSED,UNAVAILABLE,FAILED_CLOSED,NOT_REACHED,NOT_APPLICABLE_BLOCKED_STRUCTURAL_OR_LEAKAGE,,,,NO_POSITIVE_AUTHORITY,false,false,false,,false,false,false,,false,,false,false,false,false,false,false,false,LEAKAGE_EVIDENCE_INCOMPLETE,,,false,STRUCTURAL_EVIDENCE_INCOMPLETE,"[""MMCIF_EXACT_CYS_SG_STRUCT_CONN_NOT_RECOVERED"",""BOUND_STRUCTURAL_EXECUTION_OUTCOME_RETAINED""]"
133,FROZEN_FIRST500,COVAPIE_CYS_SG_EVENT_V1:1O4K:A:CYS:44-:SG:B:PSN:C7,1O4K,PSN,A,,CYS,44,SG,B,C7,PASSED,UNAVAILABLE,FAILED_CLOSED,NOT_REACHED,NOT_APPLICABLE_BLOCKED_STRUCTURAL_OR_LEAKAGE,,,,NO_POSITIVE_AUTHORITY,false,false,false,,false,false,false,,false,,false,false,false,false,false,false,false,LEAKAGE_EVIDENCE_INCOMPLETE,,,false,STRUCTURAL_EVIDENCE_INCOMPLETE,"[""MMCIF_EXACT_CYS_SG_STRUCT_CONN_NOT_RECOVERED"",""BOUND_STRUCTURAL_EXECUTION_OUTCOME_RETAINED""]"
134,FROZEN_FIRST500,COVAPIE_CYS_SG_EVENT_V1:1OFE:A:CYS:1-:SG:F:ONL:CE,1OFE,ONL,A,,CYS,1,SG,F,CE,PASSED,PASSED,PASSED_EXPLICIT_EVENT,PASSED,UNRESOLVED_HUMAN_REVIEW,,,,NO_POSITIVE_AUTHORITY,false,false,false,,true,false,true,,false,,false,false,false,false,false,false,false,NEW_EXPANSION_COMPONENT,COVAPIE_EXPANSION_LEAKAGE_GROUP_C8238EAB770AE433,,false,HUMAN_REVIEW_REQUIRED,"[""PRE_CHEMISTRY_NOT_PRODUCTION_AUTHORITATIVE"",""NO_FAMILY_LEVEL_AUTO_ADMISSION"",""NO_SINGLE_EXACT_RULE_MATCHED_EVERY_EVENT;HUMAN_REVIEW_RETAINED""]"
135,FROZEN_FIRST500,COVAPIE_CYS_SG_EVENT_V1:1PE6:A:CYS:25-:SG:B:E6C:C2,1PE6,E6C,A,,CYS,25,SG,B,C2,PASSED,PASSED,PASSED_EXPLICIT_EVENT,PASSED,NOT_APPLICABLE_BLOCKED_STRUCTURAL_OR_LEAKAGE,,,,NO_POSITIVE_AUTHORITY,false,false,false,,true,false,true,,false,,false,false,false,false,false,false,false,LEAKAGE_EXISTING_GROUP_CONFLICT,,,false,LEAKAGE_EXISTING_GROUP_CONFLICT,"[""LEAKAGE_EXISTING_GROUP_CONFLICT"",""BOUND_STRUCTURAL_EXECUTION_OUTCOME_RETAINED""]"
136,FROZEN_FIRST500,COVAPIE_CYS_SG_EVENT_V1:1PPP:A:CYS:25-:SG:B:E6C:C2,1PPP,E6C,A,,CYS,25,SG,B,C2,PASSED,PASSED,PASSED_EXPLICIT_EVENT,PASSED,NOT_APPLICABLE_BLOCKED_STRUCTURAL_OR_LEAKAGE,,,,NO_POSITIVE_AUTHORITY,false,false,false,,true,false,true,,false,,false,false,false,false,false,false,false,LEAKAGE_EXISTING_GROUP_CONFLICT,,,false,LEAKAGE_EXISTING_GROUP_CONFLICT,"[""LEAKAGE_EXISTING_GROUP_CONFLICT"",""BOUND_STRUCTURAL_EXECUTION_OUTCOME_RETAINED""]"
137,FROZEN_FIRST500,COVAPIE_CYS_SG_EVENT_V1:1PPV:B:CYS:67-:SG:H:BHI:C10,1PPV,BHI,B,,CYS,67,SG,H,C10,PASSED,PASSED,PASSED_EXPLICIT_EVENT,PASSED,NOT_APPLICABLE_BLOCKED_STRUCTURAL_OR_LEAKAGE,,,,NO_POSITIVE_AUTHORITY,false,false,false,,true,false,true,,false,,false,false,false,false,false,false,false,NEW_EXPANSION_COMPONENT,COVAPIE_EXPANSION_LEAKAGE_GROUP_32E02A3645C2DE25,,false,QUARANTINE_REPRESENTATION_GAP,"[""PRE_ONLY_ATOMS_CANNOT_BE_DROPPED_OR_GIVEN_COORDINATES"",""BOUND_STRUCTURAL_EXECUTION_OUTCOME_RETAINED""]"
138,FROZEN_FIRST500,COVAPIE_CYS_SG_EVENT_V1:1PY0:A:CYS:51-:SG:E:YMA:S1,1PY0,YMA,A,,CYS,51,SG,E,S1,PASSED,PASSED,PASSED_EXPLICIT_EVENT,PASSED,AUTHORITATIVE_NEGATIVE_EXACT_EVENT,,,,NO_POSITIVE_AUTHORITY,false,false,false,,true,false,true,,false,,false,false,false,false,false,false,false,NEW_EXPANSION_COMPONENT,COVAPIE_EXPANSION_LEAKAGE_GROUP_6A1B9B3756482041,,false,HUMAN_NOT_RELEVANT_FINAL,"[""PRE_CHEMISTRY_NOT_PRODUCTION_AUTHORITATIVE"",""NO_FAMILY_LEVEL_AUTO_ADMISSION"",""CURRENT_HUMAN_NOT_RELEVANT_DECISION_HAS_SECOND_PRECEDENCE""]"
139,FROZEN_FIRST500,COVAPIE_CYS_SG_EVENT_V1:1PY0:A:CYS:54-:SG:E:YMA:S2,1PY0,YMA,A,,CYS,54,SG,E,S2,PASSED,PASSED,PASSED_EXPLICIT_EVENT,PASSED,UNRESOLVED_HUMAN_REVIEW,,,,NO_POSITIVE_AUTHORITY,false,false,false,,true,false,true,,false,,false,false,false,false,false,false,false,NEW_EXPANSION_COMPONENT,COVAPIE_EXPANSION_LEAKAGE_GROUP_6A1B9B3756482041,,false,HUMAN_REVIEW_REQUIRED,"[""PRE_CHEMISTRY_NOT_PRODUCTION_AUTHORITATIVE"",""NO_FAMILY_LEVEL_AUTO_ADMISSION"",""NO_SINGLE_EXACT_RULE_MATCHED_EVERY_EVENT;HUMAN_REVIEW_RETAINED""]"
140,FROZEN_FIRST500,COVAPIE_CYS_SG_EVENT_V1:1Q6K:A:CYS:25-:SG:C:TCO:C,1Q6K,TCO,A,,CYS,25,SG,C,C,PASSED,PASSED,PASSED_EXPLICIT_EVENT,PASSED,NOT_APPLICABLE_BLOCKED_STRUCTURAL_OR_LEAKAGE,,,,NO_POSITIVE_AUTHORITY,false,false,false,,true,false,true,,false,,false,false,false,false,false,false,false,LEAKAGE_EXISTING_GROUP_CONFLICT,,,false,LEAKAGE_EXISTING_GROUP_CONFLICT,"[""LEAKAGE_EXISTING_GROUP_CONFLICT"",""BOUND_STRUCTURAL_EXECUTION_OUTCOME_RETAINED""]"
141,FROZEN_FIRST500,COVAPIE_CYS_SG_EVENT_V1:1QA7:A:CYS:172-:SG:E:IVF:CH3,1QA7,IVF,A,,CYS,172,SG,E,CH3,PASSED,PASSED,PASSED_EXPLICIT_EVENT,PASSED,NOT_APPLICABLE_BLOCKED_STRUCTURAL_OR_LEAKAGE,,,,NO_POSITIVE_AUTHORITY,false,false,false,,true,false,true,,false,,false,false,false,false,false,false,false,LEAKAGE_EXISTING_GROUP_CONFLICT,,,false,LEAKAGE_EXISTING_GROUP_CONFLICT,"[""LEAKAGE_EXISTING_GROUP_CONFLICT"",""BOUND_STRUCTURAL_EXECUTION_OUTCOME_RETAINED""]"
142,FROZEN_FIRST500,COVAPIE_CYS_SG_EVENT_V1:1QA7:B:CYS:172-:SG:F:IVF:CH3,1QA7,IVF,B,,CYS,172,SG,F,CH3,PASSED,PASSED,PASSED_EXPLICIT_EVENT,PASSED,NOT_APPLICABLE_BLOCKED_STRUCTURAL_OR_LEAKAGE,,,,NO_POSITIVE_AUTHORITY,false,false,false,,true,false,true,,false,,false,false,false,false,false,false,false,LEAKAGE_EXISTING_GROUP_CONFLICT,,,false,LEAKAGE_EXISTING_GROUP_CONFLICT,"[""LEAKAGE_EXISTING_GROUP_CONFLICT"",""BOUND_STRUCTURAL_EXECUTION_OUTCOME_RETAINED""]"
143,FROZEN_FIRST500,COVAPIE_CYS_SG_EVENT_V1:1QA7:C:CYS:172-:SG:G:IVF:CH3,1QA7,IVF,C,,CYS,172,SG,G,CH3,PASSED,PASSED,PASSED_EXPLICIT_EVENT,PASSED,NOT_APPLICABLE_BLOCKED_STRUCTURAL_OR_LEAKAGE,,,,NO_POSITIVE_AUTHORITY,false,false,false,,true,false,true,,false,,false,false,false,false,false,false,false,LEAKAGE_EXISTING_GROUP_CONFLICT,,,false,LEAKAGE_EXISTING_GROUP_CONFLICT,"[""LEAKAGE_EXISTING_GROUP_CONFLICT"",""BOUND_STRUCTURAL_EXECUTION_OUTCOME_RETAINED""]"
144,FROZEN_FIRST500,COVAPIE_CYS_SG_EVENT_V1:1QA7:D:CYS:172-:SG:H:IVF:CH3,1QA7,IVF,D,,CYS,172,SG,H,CH3,PASSED,PASSED,PASSED_EXPLICIT_EVENT,PASSED,NOT_APPLICABLE_BLOCKED_STRUCTURAL_OR_LEAKAGE,,,,NO_POSITIVE_AUTHORITY,false,false,false,,true,false,true,,false,,false,false,false,false,false,false,false,LEAKAGE_EXISTING_GROUP_CONFLICT,,,false,LEAKAGE_EXISTING_GROUP_CONFLICT,"[""LEAKAGE_EXISTING_GROUP_CONFLICT"",""BOUND_STRUCTURAL_EXECUTION_OUTCOME_RETAINED""]"
145,FROZEN_FIRST500,COVAPIE_CYS_SG_EVENT_V1:1QDQ:A:CYS:29-:SG:B:074:C6,1QDQ,074,A,,CYS,29,SG,B,C6,PASSED,PASSED,PASSED_EXPLICIT_EVENT,PASSED,NOT_APPLICABLE_BLOCKED_STRUCTURAL_OR_LEAKAGE,,,,NO_POSITIVE_AUTHORITY,false,false,false,,true,false,true,,false,,false,false,false,false,false,false,false,LEAKAGE_EXISTING_GROUP_CONFLICT,,,false,LEAKAGE_EXISTING_GROUP_CONFLICT,"[""LEAKAGE_EXISTING_GROUP_CONFLICT"",""BOUND_STRUCTURAL_EXECUTION_OUTCOME_RETAINED""]"
146,FROZEN_FIRST500,COVAPIE_CYS_SG_EVENT_V1:1QFM:A:CYS:532-:SG:E:SGM:S1,1QFM,SGM,A,,CYS,532,SG,E,S1,PASSED,PASSED,PASSED_EXPLICIT_EVENT,PASSED,UNRESOLVED_HUMAN_REVIEW,,,,NO_POSITIVE_AUTHORITY,false,false,false,,true,false,true,,false,,false,false,false,false,false,false,false,LEAKAGE_EVIDENCE_INCOMPLETE,,,false,HUMAN_REVIEW_REQUIRED,"[""PRE_CHEMISTRY_NOT_PRODUCTION_AUTHORITATIVE"",""NO_FAMILY_LEVEL_AUTO_ADMISSION"",""NO_SINGLE_EXACT_RULE_MATCHED_EVERY_EVENT;HUMAN_REVIEW_RETAINED""]"
147,FROZEN_FIRST500,COVAPIE_CYS_SG_EVENT_V1:1QFM:A:CYS:78-:SG:D:SGM:S1,1QFM,SGM,A,,CYS,78,SG,D,S1,PASSED,PASSED,PASSED_EXPLICIT_EVENT,PASSED,UNRESOLVED_HUMAN_REVIEW,,,,NO_POSITIVE_AUTHORITY,false,false,false,,true,false,true,,false,,false,false,false,false,false,false,false,LEAKAGE_EVIDENCE_INCOMPLETE,,,false,HUMAN_REVIEW_REQUIRED,"[""PRE_CHEMISTRY_NOT_PRODUCTION_AUTHORITATIVE"",""NO_FAMILY_LEVEL_AUTO_ADMISSION"",""NO_SINGLE_EXACT_RULE_MATCHED_EVERY_EVENT;HUMAN_REVIEW_RETAINED""]"
148,FROZEN_FIRST500,COVAPIE_CYS_SG_EVENT_V1:1QWZ:A:CYS:223-:SG:G:ETM:SD,1QWZ,ETM,A,,CYS,223,SG,G,SD,PASSED,PASSED,PASSED_EXPLICIT_EVENT,PASSED,NOT_APPLICABLE_BLOCKED_STRUCTURAL_OR_LEAKAGE,,,,NO_POSITIVE_AUTHORITY,false,false,false,,true,false,true,,false,,false,false,false,false,false,false,false,LEAKAGE_EXISTING_GROUP_CONFLICT,,,false,LEAKAGE_EXISTING_GROUP_CONFLICT,"[""LEAKAGE_EXISTING_GROUP_CONFLICT"",""BOUND_STRUCTURAL_EXECUTION_OUTCOME_RETAINED""]"
149,FROZEN_FIRST500,COVAPIE_CYS_SG_EVENT_V1:1QX6:A:CYS:223-:SG:B:E64:C2,1QX6,E64,A,,CYS,223,SG,B,C2,PASSED,PASSED,PASSED_EXPLICIT_EVENT,PASSED,NOT_APPLICABLE_BLOCKED_STRUCTURAL_OR_LEAKAGE,,,,NO_POSITIVE_AUTHORITY,false,false,false,,true,false,true,,false,,false,false,false,false,false,false,false,LEAKAGE_EXISTING_GROUP_CONFLICT,,,false,LEAKAGE_EXISTING_GROUP_CONFLICT,"[""LEAKAGE_EXISTING_GROUP_CONFLICT"",""BOUND_STRUCTURAL_EXECUTION_OUTCOME_RETAINED""]"
150,FROZEN_FIRST500,COVAPIE_CYS_SG_EVENT_V1:1QXA:A:CYS:223-:SG:C:ETM:SD,1QXA,ETM,A,,CYS,223,SG,C,SD,PASSED,UNAVAILABLE,FAILED_CLOSED,NOT_REACHED,NOT_APPLICABLE_BLOCKED_STRUCTURAL_OR_LEAKAGE,,,,NO_POSITIVE_AUTHORITY,false,false,false,,false,false,false,,false,,false,false,false,false,false,false,false,LEAKAGE_EVIDENCE_INCOMPLETE,,,false,STRUCTURAL_EVIDENCE_INCOMPLETE,"[""MMCIF_EXACT_CYS_SG_STRUCT_CONN_NOT_RECOVERED"",""BOUND_STRUCTURAL_EXECUTION_OUTCOME_RETAINED""]"
151,FROZEN_FIRST500,COVAPIE_CYS_SG_EVENT_V1:1RE1:A:CYS:285-:SG:C:NA3:C4,1RE1,NA3,A,,CYS,285,SG,C,C4,PASSED,UNAVAILABLE,FAILED_CLOSED,NOT_REACHED,NOT_APPLICABLE_BLOCKED_STRUCTURAL_OR_LEAKAGE,,,,NO_POSITIVE_AUTHORITY,false,false,false,,false,false,false,,false,,false,false,false,false,false,false,false,LEAKAGE_EVIDENCE_INCOMPLETE,,,false,STRUCTURAL_EVIDENCE_INCOMPLETE,"[""MMCIF_EXACT_CYS_SG_STRUCT_CONN_NOT_RECOVERED"",""BOUND_STRUCTURAL_EXECUTION_OUTCOME_RETAINED""]"
152,FROZEN_FIRST500,COVAPIE_CYS_SG_EVENT_V1:1RHJ:A:CYS:285-:SG:E:PZN:C9,1RHJ,PZN,A,,CYS,285,SG,E,C9,PASSED,PASSED,PASSED_EXPLICIT_EVENT,PASSED,NOT_APPLICABLE_BLOCKED_STRUCTURAL_OR_LEAKAGE,,,,NO_POSITIVE_AUTHORITY,false,false,false,,true,false,true,,false,,false,false,false,false,false,false,false,LEAKAGE_EXISTING_GROUP_CONFLICT,,,false,LEAKAGE_EXISTING_GROUP_CONFLICT,"[""LEAKAGE_EXISTING_GROUP_CONFLICT"",""BOUND_STRUCTURAL_EXECUTION_OUTCOME_RETAINED""]"
153,FROZEN_FIRST500,COVAPIE_CYS_SG_EVENT_V1:1RHJ:C:CYS:785-:SG:F:PZN:C9,1RHJ,PZN,C,,CYS,785,SG,F,C9,PASSED,PASSED,PASSED_EXPLICIT_EVENT,PASSED,NOT_APPLICABLE_BLOCKED_STRUCTURAL_OR_LEAKAGE,,,,NO_POSITIVE_AUTHORITY,false,false,false,,true,false,true,,false,,false,false,false,false,false,false,false,LEAKAGE_EXISTING_GROUP_CONFLICT,,,false,LEAKAGE_EXISTING_GROUP_CONFLICT,"[""LEAKAGE_EXISTING_GROUP_CONFLICT"",""BOUND_STRUCTURAL_EXECUTION_OUTCOME_RETAINED""]"
154,FROZEN_FIRST500,COVAPIE_CYS_SG_EVENT_V1:1RHM:A:CYS:285-:SG:E:NA4:C4,1RHM,NA4,A,,CYS,285,SG,E,C4,PASSED,PASSED,PASSED_EXPLICIT_EVENT,PASSED,NOT_APPLICABLE_BLOCKED_STRUCTURAL_OR_LEAKAGE,,,,NO_POSITIVE_AUTHORITY,false,false,false,,true,false,true,,false,,false,false,false,false,false,false,false,LEAKAGE_EXISTING_GROUP_CONFLICT,,,false,LEAKAGE_EXISTING_GROUP_CONFLICT,"[""LEAKAGE_EXISTING_GROUP_CONFLICT"",""BOUND_STRUCTURAL_EXECUTION_OUTCOME_RETAINED""]"
155,FROZEN_FIRST500,COVAPIE_CYS_SG_EVENT_V1:1RHM:C:CYS:785-:SG:F:NA4:C4,1RHM,NA4,C,,CYS,785,SG,F,C4,PASSED,PASSED,PASSED_EXPLICIT_EVENT,PASSED,NOT_APPLICABLE_BLOCKED_STRUCTURAL_OR_LEAKAGE,,,,NO_POSITIVE_AUTHORITY,false,false,false,,true,false,true,,false,,false,false,false,false,false,false,false,LEAKAGE_EXISTING_GROUP_CONFLICT,,,false,LEAKAGE_EXISTING_GROUP_CONFLICT,"[""LEAKAGE_EXISTING_GROUP_CONFLICT"",""BOUND_STRUCTURAL_EXECUTION_OUTCOME_RETAINED""]"
156,FROZEN_FIRST500,COVAPIE_CYS_SG_EVENT_V1:1RHQ:A:CYS:285-:SG:E:0ZZ:C9,1RHQ,0ZZ,A,,CYS,285,SG,E,C9,PASSED,PASSED,PASSED_EXPLICIT_EVENT,PASSED,NOT_APPLICABLE_BLOCKED_STRUCTURAL_OR_LEAKAGE,,,,NO_POSITIVE_AUTHORITY,false,false,false,,true,false,true,,false,,false,false,false,false,false,false,false,LEAKAGE_EXISTING_GROUP_CONFLICT,,,false,LEAKAGE_EXISTING_GROUP_CONFLICT,"[""LEAKAGE_EXISTING_GROUP_CONFLICT"",""BOUND_STRUCTURAL_EXECUTION_OUTCOME_RETAINED""]"
157,FROZEN_FIRST500,COVAPIE_CYS_SG_EVENT_V1:1RHR:A:CYS:285-:SG:C:CNE:C9,1RHR,CNE,A,,CYS,285,SG,C,C9,PASSED,UNAVAILABLE,FAILED_CLOSED,NOT_REACHED,NOT_APPLICABLE_BLOCKED_STRUCTURAL_OR_LEAKAGE,,,,NO_POSITIVE_AUTHORITY,false,false,false,,false,false,false,,false,,false,false,false,false,false,false,false,LEAKAGE_EVIDENCE_INCOMPLETE,,,false,STRUCTURAL_EVIDENCE_INCOMPLETE,"[""MMCIF_EXACT_CYS_SG_STRUCT_CONN_NOT_RECOVERED"",""BOUND_STRUCTURAL_EXECUTION_OUTCOME_RETAINED""]"
158,FROZEN_FIRST500,COVAPIE_CYS_SG_EVENT_V1:1RHU:A:CYS:285-:SG:C:3CY:C9,1RHU,3CY,A,,CYS,285,SG,C,C9,PASSED,UNAVAILABLE,FAILED_CLOSED,NOT_REACHED,NOT_APPLICABLE_BLOCKED_STRUCTURAL_OR_LEAKAGE,,,,NO_POSITIVE_AUTHORITY,false,false,false,,false,false,false,,false,,false,false,false,false,false,false,false,LEAKAGE_EVIDENCE_INCOMPLETE,,,false,STRUCTURAL_EVIDENCE_INCOMPLETE,"[""MMCIF_EXACT_CYS_SG_STRUCT_CONN_NOT_RECOVERED"",""BOUND_STRUCTURAL_EXECUTION_OUTCOME_RETAINED""]"
159,FROZEN_FIRST500,COVAPIE_CYS_SG_EVENT_V1:1RP4:A:CYS:208-:SG:D:NEN:C1,1RP4,NEN,A,,CYS,208,SG,D,C1,PASSED,PASSED,PASSED_EXPLICIT_EVENT,PASSED,AUTHORITATIVE_NEGATIVE_EXACT_EVENT,,,,NO_POSITIVE_AUTHORITY,false,false,false,,true,false,true,,false,,false,false,false,false,false,false,false,NEW_EXPANSION_COMPONENT,COVAPIE_EXPANSION_LEAKAGE_GROUP_55D306116530BFC7,,false,HUMAN_NOT_RELEVANT_FINAL,"[""PRE_CHEMISTRY_NOT_PRODUCTION_AUTHORITATIVE"",""NO_FAMILY_LEVEL_AUTO_ADMISSION"",""CURRENT_HUMAN_NOT_RELEVANT_DECISION_HAS_SECOND_PRECEDENCE""]"
160,FROZEN_FIRST500,COVAPIE_CYS_SG_EVENT_V1:1RWK:A:CYS:285-:SG:C:158:C1,1RWK,158,A,,CYS,285,SG,C,C1,PASSED,UNAVAILABLE,FAILED_CLOSED,NOT_REACHED,NOT_APPLICABLE_BLOCKED_STRUCTURAL_OR_LEAKAGE,,,,NO_POSITIVE_AUTHORITY,false,false,false,,false,false,false,,false,,false,false,false,false,false,false,false,LEAKAGE_EVIDENCE_INCOMPLETE,,,false,STRUCTURAL_EVIDENCE_INCOMPLETE,"[""MMCIF_EXACT_CYS_SG_STRUCT_CONN_NOT_RECOVERED"",""BOUND_STRUCTURAL_EXECUTION_OUTCOME_RETAINED""]"
161,FROZEN_FIRST500,COVAPIE_CYS_SG_EVENT_V1:1RWN:A:CYS:285-:SG:C:4QB:C18,1RWN,4QB,A,,CYS,285,SG,C,C18,PASSED,UNAVAILABLE,FAILED_CLOSED,NOT_REACHED,NOT_APPLICABLE_BLOCKED_STRUCTURAL_OR_LEAKAGE,,,,NO_POSITIVE_AUTHORITY,false,false,false,,false,false,false,,false,,false,false,false,false,false,false,false,LEAKAGE_EVIDENCE_INCOMPLETE,,,false,STRUCTURAL_EVIDENCE_INCOMPLETE,"[""MMCIF_EXACT_CYS_SG_STRUCT_CONN_NOT_RECOVERED"",""BOUND_STRUCTURAL_EXECUTION_OUTCOME_RETAINED""]"
162,FROZEN_FIRST500,COVAPIE_CYS_SG_EVENT_V1:1RWO:A:CYS:285-:SG:C:BTH:C31,1RWO,BTH,A,,CYS,285,SG,C,C31,PASSED,UNAVAILABLE,FAILED_CLOSED,NOT_REACHED,NOT_APPLICABLE_BLOCKED_STRUCTURAL_OR_LEAKAGE,,,,NO_POSITIVE_AUTHORITY,false,false,false,,false,false,false,,false,,false,false,false,false,false,false,false,LEAKAGE_EVIDENCE_INCOMPLETE,,,false,STRUCTURAL_EVIDENCE_INCOMPLETE,"[""MMCIF_EXACT_CYS_SG_STRUCT_CONN_NOT_RECOVERED"",""BOUND_STRUCTURAL_EXECUTION_OUTCOME_RETAINED""]"
163,FROZEN_FIRST500,COVAPIE_CYS_SG_EVENT_V1:1RWP:A:CYS:285-:SG:C:HQC:C20,1RWP,HQC,A,,CYS,285,SG,C,C20,PASSED,UNAVAILABLE,FAILED_CLOSED,NOT_REACHED,NOT_APPLICABLE_BLOCKED_STRUCTURAL_OR_LEAKAGE,,,,NO_POSITIVE_AUTHORITY,false,false,false,,false,false,false,,false,,false,false,false,false,false,false,false,LEAKAGE_EVIDENCE_INCOMPLETE,,,false,STRUCTURAL_EVIDENCE_INCOMPLETE,"[""MMCIF_EXACT_CYS_SG_STRUCT_CONN_NOT_RECOVERED"",""BOUND_STRUCTURAL_EXECUTION_OUTCOME_RETAINED""]"
164,FROZEN_FIRST500,COVAPIE_CYS_SG_EVENT_V1:1RWV:A:CYS:285-:SG:C:5PH:C36,1RWV,5PH,A,,CYS,285,SG,C,C36,PASSED,UNAVAILABLE,FAILED_CLOSED,NOT_REACHED,NOT_APPLICABLE_BLOCKED_STRUCTURAL_OR_LEAKAGE,,,,NO_POSITIVE_AUTHORITY,false,false,false,,false,false,false,,false,,false,false,false,false,false,false,false,LEAKAGE_EVIDENCE_INCOMPLETE,,,false,STRUCTURAL_EVIDENCE_INCOMPLETE,"[""MMCIF_EXACT_CYS_SG_STRUCT_CONN_NOT_RECOVERED"",""BOUND_STRUCTURAL_EXECUTION_OUTCOME_RETAINED""]"
165,FROZEN_FIRST500,COVAPIE_CYS_SG_EVENT_V1:1RWX:A:CYS:285-:SG:C:YBH:C31,1RWX,YBH,A,,CYS,285,SG,C,C31,PASSED,UNAVAILABLE,FAILED_CLOSED,NOT_REACHED,NOT_APPLICABLE_BLOCKED_STRUCTURAL_OR_LEAKAGE,,,,NO_POSITIVE_AUTHORITY,false,false,false,,false,false,false,,false,,false,false,false,false,false,false,false,LEAKAGE_EVIDENCE_INCOMPLETE,,,false,STRUCTURAL_EVIDENCE_INCOMPLETE,"[""MMCIF_EXACT_CYS_SG_STRUCT_CONN_NOT_RECOVERED"",""BOUND_STRUCTURAL_EXECUTION_OUTCOME_RETAINED""]"
166,FROZEN_FIRST500,COVAPIE_CYS_SG_EVENT_V1:1RXE:A:CYS:89-:SG:D:MNB:S5,1RXE,MNB,A,,CYS,89,SG,D,S5,PASSED,PASSED,PASSED_EXPLICIT_EVENT,PASSED,NOT_APPLICABLE_BLOCKED_STRUCTURAL_OR_LEAKAGE,,,,NO_POSITIVE_AUTHORITY,false,false,false,,true,false,true,,false,,false,false,false,false,false,false,false,LEAKAGE_EXISTING_GROUP_CONFLICT,,,false,LEAKAGE_EXISTING_GROUP_CONFLICT,"[""LEAKAGE_EXISTING_GROUP_CONFLICT"",""BOUND_STRUCTURAL_EXECUTION_OUTCOME_RETAINED""]"
167,FROZEN_FIRST500,COVAPIE_CYS_SG_EVENT_V1:1SHJ:A:CYS:290-:SG:D:NXN:S19,1SHJ,NXN,A,,CYS,290,SG,D,S19,PASSED,PASSED,PASSED_EXPLICIT_EVENT,PASSED,NOT_APPLICABLE_BLOCKED_STRUCTURAL_OR_LEAKAGE,,,,NO_POSITIVE_AUTHORITY,false,false,false,,true,false,true,,false,,false,false,false,false,false,false,false,LEAKAGE_EXISTING_GROUP_CONFLICT,,,false,LEAKAGE_EXISTING_GROUP_CONFLICT,"[""LEAKAGE_EXISTING_GROUP_CONFLICT"",""BOUND_STRUCTURAL_EXECUTION_OUTCOME_RETAINED""]"
168,FROZEN_FIRST500,COVAPIE_CYS_SG_EVENT_V1:1SHJ:B:CYS:290-:SG:G:NXN:S19,1SHJ,NXN,B,,CYS,290,SG,G,S19,PASSED,PASSED,PASSED_EXPLICIT_EVENT,PASSED,NOT_APPLICABLE_BLOCKED_STRUCTURAL_OR_LEAKAGE,,,,NO_POSITIVE_AUTHORITY,false,false,false,,true,false,true,,false,,false,false,false,false,false,false,false,LEAKAGE_EXISTING_GROUP_CONFLICT,,,false,LEAKAGE_EXISTING_GROUP_CONFLICT,"[""LEAKAGE_EXISTING_GROUP_CONFLICT"",""BOUND_STRUCTURAL_EXECUTION_OUTCOME_RETAINED""]"
169,FROZEN_FIRST500,COVAPIE_CYS_SG_EVENT_V1:1SHL:A:CYS:290-:SG:C:FXN:S19,1SHL,FXN,A,,CYS,290,SG,C,S19,PASSED,PASSED,PASSED_EXPLICIT_EVENT,PASSED,UNRESOLVED_HUMAN_REVIEW,,,,NO_POSITIVE_AUTHORITY,false,false,false,,true,false,true,,false,,false,false,false,false,false,false,false,LEAKAGE_EVIDENCE_INCOMPLETE,,,false,HUMAN_REVIEW_REQUIRED,"[""PRE_CHEMISTRY_NOT_PRODUCTION_AUTHORITATIVE"",""NO_FAMILY_LEVEL_AUTO_ADMISSION"",""NO_SINGLE_EXACT_RULE_MATCHED_EVERY_EVENT;HUMAN_REVIEW_RETAINED""]"
170,FROZEN_FIRST500,COVAPIE_CYS_SG_EVENT_V1:1SHL:B:CYS:290-:SG:D:FXN:S19,1SHL,FXN,B,,CYS,290,SG,D,S19,PASSED,PASSED,PASSED_EXPLICIT_EVENT,PASSED,UNRESOLVED_HUMAN_REVIEW,,,,NO_POSITIVE_AUTHORITY,false,false,false,,true,false,true,,false,,false,false,false,false,false,false,false,LEAKAGE_EVIDENCE_INCOMPLETE,,,false,HUMAN_REVIEW_REQUIRED,"[""PRE_CHEMISTRY_NOT_PRODUCTION_AUTHORITATIVE"",""NO_FAMILY_LEVEL_AUTO_ADMISSION"",""NO_SINGLE_EXACT_RULE_MATCHED_EVERY_EVENT;HUMAN_REVIEW_RETAINED""]"
171,FROZEN_FIRST500,COVAPIE_CYS_SG_EVENT_V1:1SNK:A:CYS:25-:SG:E:MYE:C26,1SNK,MYE,A,,CYS,25,SG,E,C26,PASSED,PASSED,PASSED_EXPLICIT_EVENT,PASSED,NOT_APPLICABLE_BLOCKED_STRUCTURAL_OR_LEAKAGE,,,,NO_POSITIVE_AUTHORITY,false,false,false,,true,false,true,,false,,false,false,false,false,false,false,false,LEAKAGE_EXISTING_GROUP_CONFLICT,,,false,LEAKAGE_EXISTING_GROUP_CONFLICT,"[""LEAKAGE_EXISTING_GROUP_CONFLICT"",""BOUND_STRUCTURAL_EXECUTION_OUTCOME_RETAINED""]"
172,FROZEN_FIRST500,COVAPIE_CYS_SG_EVENT_V1:1TD2:A:CYS:122-:SG:C:PXL:C4A,1TD2,PXL,A,,CYS,122,SG,C,C4A,PASSED,UNAVAILABLE,FAILED_CLOSED,NOT_REACHED,NOT_APPLICABLE_BLOCKED_STRUCTURAL_OR_LEAKAGE,,,,NO_POSITIVE_AUTHORITY,false,false,false,,false,false,false,,false,,false,false,false,false,false,false,false,LEAKAGE_EVIDENCE_INCOMPLETE,,,false,STRUCTURAL_EVIDENCE_INCOMPLETE,"[""MMCIF_EXACT_CYS_SG_STRUCT_CONN_NOT_RECOVERED"",""BOUND_STRUCTURAL_EXECUTION_OUTCOME_RETAINED""]"
173,FROZEN_FIRST500,COVAPIE_CYS_SG_EVENT_V1:1THE:A:CYS:29-:SG:C:0E6:C11,1THE,0E6,A,,CYS,29,SG,C,C11,PASSED,PASSED,PASSED_EXPLICIT_EVENT,PASSED,NOT_APPLICABLE_BLOCKED_STRUCTURAL_OR_LEAKAGE,,,,NO_POSITIVE_AUTHORITY,false,false,false,,true,false,true,,false,,false,false,false,false,false,false,false,LEAKAGE_EXISTING_GROUP_CONFLICT,,,false,LEAKAGE_EXISTING_GROUP_CONFLICT,"[""LEAKAGE_EXISTING_GROUP_CONFLICT"",""BOUND_STRUCTURAL_EXECUTION_OUTCOME_RETAINED""]"
174,FROZEN_FIRST500,COVAPIE_CYS_SG_EVENT_V1:1THE:B:CYS:29-:SG:D:0E6:C11,1THE,0E6,B,,CYS,29,SG,D,C11,PASSED,PASSED,PASSED_EXPLICIT_EVENT,PASSED,NOT_APPLICABLE_BLOCKED_STRUCTURAL_OR_LEAKAGE,,,,NO_POSITIVE_AUTHORITY,false,false,false,,true,false,true,,false,,false,false,false,false,false,false,false,LEAKAGE_EXISTING_GROUP_CONFLICT,,,false,LEAKAGE_EXISTING_GROUP_CONFLICT,"[""LEAKAGE_EXISTING_GROUP_CONFLICT"",""BOUND_STRUCTURAL_EXECUTION_OUTCOME_RETAINED""]"
175,FROZEN_FIRST500,COVAPIE_CYS_SG_EVENT_V1:1TLO:A:CYS:115-:SG:D:E64:C2,1TLO,E64,A,,CYS,115,SG,D,C2,PASSED,PASSED,PASSED_EXPLICIT_EVENT,PASSED,NOT_APPLICABLE_BLOCKED_STRUCTURAL_OR_LEAKAGE,,,,NO_POSITIVE_AUTHORITY,false,false,false,,true,false,true,,false,,false,false,false,false,false,false,false,LEAKAGE_EXISTING_GROUP_CONFLICT,,,false,LEAKAGE_EXISTING_GROUP_CONFLICT,"[""LEAKAGE_EXISTING_GROUP_CONFLICT"",""BOUND_STRUCTURAL_EXECUTION_OUTCOME_RETAINED""]"
176,FROZEN_FIRST500,COVAPIE_CYS_SG_EVENT_V1:1TLS:A:CYS:146-:SG:C:UFP:C6,1TLS,UFP,A,,CYS,146,SG,C,C6,PASSED,PASSED,PASSED_EXPLICIT_EVENT,PASSED,UNRESOLVED_HUMAN_REVIEW,,,,NO_POSITIVE_AUTHORITY,false,false,false,,true,false,true,,false,,false,false,false,false,false,false,false,LEAKAGE_EVIDENCE_INCOMPLETE,,,false,HUMAN_REVIEW_REQUIRED,"[""PRE_CHEMISTRY_NOT_PRODUCTION_AUTHORITATIVE"",""NO_FAMILY_LEVEL_AUTO_ADMISSION"",""NO_SINGLE_EXACT_RULE_MATCHED_EVERY_EVENT;HUMAN_REVIEW_RETAINED""]"
177,FROZEN_FIRST500,COVAPIE_CYS_SG_EVENT_V1:1TLS:B:CYS:146-:SG:E:UFP:C6,1TLS,UFP,B,,CYS,146,SG,E,C6,PASSED,PASSED,PASSED_EXPLICIT_EVENT,PASSED,UNRESOLVED_HUMAN_REVIEW,,,,NO_POSITIVE_AUTHORITY,false,false,false,,true,false,true,,false,,false,false,false,false,false,false,false,LEAKAGE_EVIDENCE_INCOMPLETE,,,false,HUMAN_REVIEW_REQUIRED,"[""PRE_CHEMISTRY_NOT_PRODUCTION_AUTHORITATIVE"",""NO_FAMILY_LEVEL_AUTO_ADMISSION"",""NO_SINGLE_EXACT_RULE_MATCHED_EVERY_EVENT;HUMAN_REVIEW_RETAINED""]"
178,FROZEN_FIRST500,COVAPIE_CYS_SG_EVENT_V1:1TRG:A:CYS:146-:SG:B:UMP:C6,1TRG,UMP,A,,CYS,146,SG,B,C6,PASSED,PASSED,PASSED_EXPLICIT_EVENT,PASSED,AUTHORITATIVE_NEGATIVE_EXACT_RULE,,NEG_V1_TS_DUMP_CATALYTIC_ADDUCT_EXACT,,NO_POSITIVE_AUTHORITY,false,false,false,,true,false,true,,false,,false,false,false,false,false,false,false,LEAKAGE_EVIDENCE_INCOMPLETE,,,false,AUTO_NEGATIVE_EXACT_FINAL,"[""PRE_CHEMISTRY_NOT_PRODUCTION_AUTHORITATIVE"",""NO_FAMILY_LEVEL_AUTO_ADMISSION"",""EVERY_EVENT_IN_UNIT_MATCHED_SAME_EXACT_RULE_WITHOUT_OVERRIDE""]"
179,FROZEN_FIRST500,COVAPIE_CYS_SG_EVENT_V1:1TU6:A:CYS:139-:SG:E:FSP:C23,1TU6,FSP,A,,CYS,139,SG,E,C23,PASSED,PASSED,PASSED_EXPLICIT_EVENT,PASSED,UNRESOLVED_HUMAN_REVIEW,,,,NO_POSITIVE_AUTHORITY,false,false,false,,true,false,true,,false,,false,false,false,false,false,false,false,LEAKAGE_EVIDENCE_INCOMPLETE,,,false,HUMAN_REVIEW_REQUIRED,"[""PRE_CHEMISTRY_NOT_PRODUCTION_AUTHORITATIVE"",""NO_FAMILY_LEVEL_AUTO_ADMISSION"",""NO_SINGLE_EXACT_RULE_MATCHED_EVERY_EVENT;HUMAN_REVIEW_RETAINED""]"
180,FROZEN_FIRST500,COVAPIE_CYS_SG_EVENT_V1:1TU6:B:CYS:139-:SG:G:FSP:C23,1TU6,FSP,B,,CYS,139,SG,G,C23,PASSED,PASSED,PASSED_EXPLICIT_EVENT,PASSED,UNRESOLVED_HUMAN_REVIEW,,,,NO_POSITIVE_AUTHORITY,false,false,false,,true,false,true,,false,,false,false,false,false,false,false,false,LEAKAGE_EVIDENCE_INCOMPLETE,,,false,HUMAN_REVIEW_REQUIRED,"[""PRE_CHEMISTRY_NOT_PRODUCTION_AUTHORITATIVE"",""NO_FAMILY_LEVEL_AUTO_ADMISSION"",""NO_SINGLE_EXACT_RULE_MATCHED_EVERY_EVENT;HUMAN_REVIEW_RETAINED""]"
181,FROZEN_FIRST500,COVAPIE_CYS_SG_EVENT_V1:1U9V:A:CYS:25-:SG:B:IHE:C27,1U9V,IHE,A,,CYS,25,SG,B,C27,PASSED,PASSED,PASSED_EXPLICIT_EVENT,PASSED,NOT_APPLICABLE_BLOCKED_STRUCTURAL_OR_LEAKAGE,,,,NO_POSITIVE_AUTHORITY,false,false,false,,true,false,true,,false,,false,false,false,false,false,false,false,LEAKAGE_EXISTING_GROUP_CONFLICT,,,false,LEAKAGE_EXISTING_GROUP_CONFLICT,"[""LEAKAGE_EXISTING_GROUP_CONFLICT"",""BOUND_STRUCTURAL_EXECUTION_OUTCOME_RETAINED""]"
182,FROZEN_FIRST500,COVAPIE_CYS_SG_EVENT_V1:1U9W:A:CYS:25-:SG:B:IHI:C26,1U9W,IHI,A,,CYS,25,SG,B,C26,PASSED,PASSED,PASSED_EXPLICIT_EVENT,PASSED,NOT_APPLICABLE_BLOCKED_STRUCTURAL_OR_LEAKAGE,,,,NO_POSITIVE_AUTHORITY,false,false,false,,true,false,true,,false,,false,false,false,false,false,false,false,LEAKAGE_EXISTING_GROUP_CONFLICT,,,false,LEAKAGE_EXISTING_GROUP_CONFLICT,"[""LEAKAGE_EXISTING_GROUP_CONFLICT"",""BOUND_STRUCTURAL_EXECUTION_OUTCOME_RETAINED""]"
183,FROZEN_FIRST500,COVAPIE_CYS_SG_EVENT_V1:1U9X:A:CYS:25-:SG:B:IHJ:C12,1U9X,IHJ,A,,CYS,25,SG,B,C12,PASSED,PASSED,PASSED_EXPLICIT_EVENT,PASSED,NOT_APPLICABLE_BLOCKED_STRUCTURAL_OR_LEAKAGE,,,,NO_POSITIVE_AUTHORITY,false,false,false,,true,false,true,,false,,false,false,false,false,false,false,false,LEAKAGE_EXISTING_GROUP_CONFLICT,,,false,LEAKAGE_EXISTING_GROUP_CONFLICT,"[""LEAKAGE_EXISTING_GROUP_CONFLICT"",""BOUND_STRUCTURAL_EXECUTION_OUTCOME_RETAINED""]"
184,FROZEN_FIRST500,COVAPIE_CYS_SG_EVENT_V1:1VSN:A:CYS:25-:SG:B:NFT:C44,1VSN,NFT,A,,CYS,25,SG,B,C44,PASSED,PASSED,PASSED_EXPLICIT_EVENT,PASSED,NOT_APPLICABLE_BLOCKED_STRUCTURAL_OR_LEAKAGE,,,,NO_POSITIVE_AUTHORITY,false,false,false,,true,false,true,,false,,false,false,false,false,false,false,false,LEAKAGE_EXISTING_GROUP_CONFLICT,,,false,LEAKAGE_EXISTING_GROUP_CONFLICT,"[""LEAKAGE_EXISTING_GROUP_CONFLICT"",""BOUND_STRUCTURAL_EXECUTION_OUTCOME_RETAINED""]"
185,FROZEN_FIRST500,COVAPIE_CYS_SG_EVENT_V1:1VZE:A:CYS:198-:SG:B:UMP:C6,1VZE,UMP,A,,CYS,198,SG,B,C6,PASSED,UNAVAILABLE,FAILED_CLOSED,NOT_REACHED,NOT_APPLICABLE_BLOCKED_STRUCTURAL_OR_LEAKAGE,,,,NO_POSITIVE_AUTHORITY,false,false,false,,false,false,false,,false,,false,false,false,false,false,false,false,LEAKAGE_EVIDENCE_INCOMPLETE,,,false,STRUCTURAL_EVIDENCE_INCOMPLETE,"[""MMCIF_EXACT_CYS_SG_STRUCT_CONN_NOT_RECOVERED"",""BOUND_STRUCTURAL_EXECUTION_OUTCOME_RETAINED""]"
186,FROZEN_FIRST500,COVAPIE_CYS_SG_EVENT_V1:1W66:A:CYS:176-:SG:B:DKA:C3,1W66,DKA,A,,CYS,176,SG,B,C3,PASSED,UNAVAILABLE,FAILED_CLOSED,NOT_REACHED,NOT_APPLICABLE_BLOCKED_STRUCTURAL_OR_LEAKAGE,,,,NO_POSITIVE_AUTHORITY,false,false,false,,false,false,false,,false,,false,false,false,false,false,false,false,LEAKAGE_EVIDENCE_INCOMPLETE,,,false,STRUCTURAL_EVIDENCE_INCOMPLETE,"[""MMCIF_EXACT_CYS_SG_STRUCT_CONN_NOT_RECOVERED"",""BOUND_STRUCTURAL_EXECUTION_OUTCOME_RETAINED""]"
187,FROZEN_FIRST500,COVAPIE_CYS_SG_EVENT_V1:1WOF:A:CYS:145-:SG:C:I12:C21,1WOF,I12,A,,CYS,145,SG,C,C21,PASSED,PASSED,PASSED_EXPLICIT_EVENT,PASSED,UNRESOLVED_HUMAN_REVIEW,,,,NO_POSITIVE_AUTHORITY,false,false,false,,true,false,true,,false,,false,false,false,false,false,false,false,NEW_EXPANSION_COMPONENT,COVAPIE_EXPANSION_LEAKAGE_GROUP_1F8655A2A95D5316,,false,HUMAN_REVIEW_REQUIRED,"[""PRE_CHEMISTRY_NOT_PRODUCTION_AUTHORITATIVE"",""NO_FAMILY_LEVEL_AUTO_ADMISSION"",""NO_SINGLE_EXACT_RULE_MATCHED_EVERY_EVENT;HUMAN_REVIEW_RETAINED""]"
188,FROZEN_FIRST500,COVAPIE_CYS_SG_EVENT_V1:1WOF:B:CYS:145-:SG:D:I12:C21,1WOF,I12,B,,CYS,145,SG,D,C21,PASSED,PASSED,PASSED_EXPLICIT_EVENT,PASSED,UNRESOLVED_HUMAN_REVIEW,,,,NO_POSITIVE_AUTHORITY,false,false,false,,true,false,true,,false,,false,false,false,false,false,false,false,NEW_EXPANSION_COMPONENT,COVAPIE_EXPANSION_LEAKAGE_GROUP_1F8655A2A95D5316,,false,HUMAN_REVIEW_REQUIRED,"[""PRE_CHEMISTRY_NOT_PRODUCTION_AUTHORITATIVE"",""NO_FAMILY_LEVEL_AUTO_ADMISSION"",""NO_SINGLE_EXACT_RULE_MATCHED_EVERY_EVENT;HUMAN_REVIEW_RETAINED""]"
189,FROZEN_FIRST500,COVAPIE_CYS_SG_EVENT_V1:1XD3:A:CYS:95-:SG:H:GVE:CB,1XD3,GVE,A,,CYS,95,SG,H,CB,PASSED,PASSED,PASSED_EXPLICIT_EVENT,PASSED,AUTHORITATIVE_NEGATIVE_EXACT_EVENT,,,,NO_POSITIVE_AUTHORITY,false,false,false,,true,false,true,,false,,false,false,false,false,false,false,false,NEW_EXPANSION_COMPONENT,COVAPIE_EXPANSION_LEAKAGE_GROUP_57D93DB429F67074,,false,HUMAN_NOT_RELEVANT_FINAL,"[""PRE_CHEMISTRY_NOT_PRODUCTION_AUTHORITATIVE"",""NO_FAMILY_LEVEL_AUTO_ADMISSION"",""CURRENT_HUMAN_NOT_RELEVANT_DECISION_HAS_SECOND_PRECEDENCE""]"
190,FROZEN_FIRST500,COVAPIE_CYS_SG_EVENT_V1:1XD3:C:CYS:95-:SG:P:GVE:CB,1XD3,GVE,C,,CYS,95,SG,P,CB,PASSED,PASSED,PASSED_EXPLICIT_EVENT,PASSED,AUTHORITATIVE_NEGATIVE_EXACT_EVENT,,,,NO_POSITIVE_AUTHORITY,false,false,false,,true,false,true,,false,,false,false,false,false,false,false,false,NEW_EXPANSION_COMPONENT,COVAPIE_EXPANSION_LEAKAGE_GROUP_57D93DB429F67074,,false,HUMAN_NOT_RELEVANT_FINAL,"[""PRE_CHEMISTRY_NOT_PRODUCTION_AUTHORITATIVE"",""NO_FAMILY_LEVEL_AUTO_ADMISSION"",""CURRENT_HUMAN_NOT_RELEVANT_DECISION_HAS_SECOND_PRECEDENCE""]"
191,FROZEN_FIRST500,COVAPIE_CYS_SG_EVENT_V1:1YK7:A:CYS:25-:SG:B:NBL:C25,1YK7,NBL,A,,CYS,25,SG,B,C25,PASSED,PASSED,PASSED_EXPLICIT_EVENT,PASSED,NOT_APPLICABLE_BLOCKED_STRUCTURAL_OR_LEAKAGE,,,,NO_POSITIVE_AUTHORITY,false,false,false,,true,false,true,,false,,false,false,false,false,false,false,false,LEAKAGE_EXISTING_GROUP_CONFLICT,,,false,LEAKAGE_EXISTING_GROUP_CONFLICT,"[""LEAKAGE_EXISTING_GROUP_CONFLICT"",""BOUND_STRUCTURAL_EXECUTION_OUTCOME_RETAINED""]"
192,FROZEN_FIRST500,COVAPIE_CYS_SG_EVENT_V1:1YK8:A:CYS:139-:SG:B:T2M:C11,1YK8,T2M,A,,CYS,139,SG,B,C11,PASSED,PASSED,PASSED_EXPLICIT_EVENT,PASSED,NOT_APPLICABLE_BLOCKED_STRUCTURAL_OR_LEAKAGE,,,,NO_POSITIVE_AUTHORITY,false,false,false,,true,false,true,,false,,false,false,false,false,false,false,false,LEAKAGE_EXISTING_GROUP_CONFLICT,,,false,LEAKAGE_EXISTING_GROUP_CONFLICT,"[""LEAKAGE_EXISTING_GROUP_CONFLICT"",""BOUND_STRUCTURAL_EXECUTION_OUTCOME_RETAINED""]"
193,FROZEN_FIRST500,COVAPIE_CYS_SG_EVENT_V1:1YT7:A:CYS:25-:SG:D:3FC:C31,1YT7,3FC,A,,CYS,25,SG,D,C31,PASSED,PASSED,PASSED_EXPLICIT_EVENT,PASSED,NOT_APPLICABLE_BLOCKED_STRUCTURAL_OR_LEAKAGE,,,,NO_POSITIVE_AUTHORITY,false,false,false,,true,false,true,,false,,false,false,false,false,false,false,false,LEAKAGE_EXISTING_GROUP_CONFLICT,,,false,LEAKAGE_EXISTING_GROUP_CONFLICT,"[""LEAKAGE_EXISTING_GROUP_CONFLICT"",""BOUND_STRUCTURAL_EXECUTION_OUTCOME_RETAINED""]"
194,FROZEN_FIRST500,COVAPIE_CYS_SG_EVENT_V1:1ZCM:A:CYS:115-:SG:D:C1N:C32,1ZCM,C1N,A,,CYS,115,SG,D,C32,PASSED,PASSED,PASSED_EXPLICIT_EVENT,PASSED,NOT_APPLICABLE_BLOCKED_STRUCTURAL_OR_LEAKAGE,,,,NO_POSITIVE_AUTHORITY,false,false,false,,true,false,true,,false,,false,false,false,false,false,false,false,LEAKAGE_EXISTING_GROUP_CONFLICT,,,false,LEAKAGE_EXISTING_GROUP_CONFLICT,"[""LEAKAGE_EXISTING_GROUP_CONFLICT"",""BOUND_STRUCTURAL_EXECUTION_OUTCOME_RETAINED""]"
195,FROZEN_FIRST500,COVAPIE_CYS_SG_EVENT_V1:1ZPR:A:CYS:146-:SG:C:UMP:C6,1ZPR,UMP,A,,CYS,146,SG,C,C6,PASSED,PASSED,PASSED_EXPLICIT_EVENT,PASSED,AUTHORITATIVE_NEGATIVE_EXACT_RULE,,NEG_V1_TS_DUMP_CATALYTIC_ADDUCT_EXACT,,NO_POSITIVE_AUTHORITY,false,false,false,,true,false,true,,false,,false,false,false,false,false,false,false,LEAKAGE_EVIDENCE_INCOMPLETE,,,false,AUTO_NEGATIVE_EXACT_FINAL,"[""PRE_CHEMISTRY_NOT_PRODUCTION_AUTHORITATIVE"",""NO_FAMILY_LEVEL_AUTO_ADMISSION"",""EVERY_EVENT_IN_UNIT_MATCHED_SAME_EXACT_RULE_WITHOUT_OVERRIDE""]"
196,FROZEN_FIRST500,COVAPIE_CYS_SG_EVENT_V1:207L:A:CYS:95-:SG:B:SC2:SG,207L,SC2,A,,CYS,95,SG,B,SG,PASSED,PASSED,PASSED_EXPLICIT_EVENT,PASSED,UNRESOLVED_HUMAN_REVIEW,,,,NO_POSITIVE_AUTHORITY,false,false,false,,true,false,true,,false,,false,false,false,false,false,false,false,NEW_EXPANSION_COMPONENT,COVAPIE_EXPANSION_LEAKAGE_GROUP_9946EA544096F9B8,,false,HUMAN_REVIEW_REQUIRED,"[""PRE_CHEMISTRY_NOT_PRODUCTION_AUTHORITATIVE"",""NO_FAMILY_LEVEL_AUTO_ADMISSION"",""NO_SINGLE_EXACT_RULE_MATCHED_EVERY_EVENT;HUMAN_REVIEW_RETAINED""]"
197,FROZEN_FIRST500,COVAPIE_CYS_SG_EVENT_V1:2A4O:A:CYS:172-:SG:C:ACE:CH3,2A4O,ACE,A,,CYS,172,SG,C,CH3,PASSED,PASSED,PASSED_EXPLICIT_EVENT,PASSED,NOT_APPLICABLE_BLOCKED_STRUCTURAL_OR_LEAKAGE,,,,NO_POSITIVE_AUTHORITY,false,false,false,,true,false,true,,false,,false,false,false,false,false,false,false,LEAKAGE_EXISTING_GROUP_CONFLICT,,,false,LEAKAGE_EXISTING_GROUP_CONFLICT,"[""LEAKAGE_EXISTING_GROUP_CONFLICT"",""BOUND_STRUCTURAL_EXECUTION_OUTCOME_RETAINED""]"
198,FROZEN_FIRST500,COVAPIE_CYS_SG_EVENT_V1:2A4T:A:CYS:131-:SG:B:R7A:SD,2A4T,R7A,A,,CYS,131,SG,B,SD,PASSED,PASSED,PASSED_EXPLICIT_EVENT,PASSED,NOT_APPLICABLE_BLOCKED_STRUCTURAL_OR_LEAKAGE,,,,NO_POSITIVE_AUTHORITY,false,false,false,,true,false,true,,false,,false,false,false,false,false,false,false,NEW_EXPANSION_COMPONENT,COVAPIE_EXPANSION_LEAKAGE_GROUP_0A9DC87B3905654D,,false,QUARANTINE_REPRESENTATION_GAP,"[""PRE_ONLY_ATOMS_CANNOT_BE_DROPPED_OR_GIVEN_COORDINATES"",""BOUND_STRUCTURAL_EXECUTION_OUTCOME_RETAINED""]"
199,FROZEN_FIRST500,COVAPIE_CYS_SG_EVENT_V1:2A5I:A:CYS:145-:SG:B:AZP:CBM,2A5I,AZP,A,,CYS,145,SG,B,CBM,PASSED,PASSED,PASSED_EXPLICIT_EVENT,PASSED,UNRESOLVED_HUMAN_REVIEW,,,,NO_POSITIVE_AUTHORITY,false,false,false,,true,false,true,,false,,false,false,false,false,false,false,false,NEW_EXPANSION_COMPONENT,COVAPIE_EXPANSION_LEAKAGE_GROUP_1F8655A2A95D5316,,false,HUMAN_REVIEW_REQUIRED,"[""PRE_CHEMISTRY_NOT_PRODUCTION_AUTHORITATIVE"",""NO_FAMILY_LEVEL_AUTO_ADMISSION"",""NO_SINGLE_EXACT_RULE_MATCHED_EVERY_EVENT;HUMAN_REVIEW_RETAINED""]"
200,FROZEN_FIRST500,COVAPIE_CYS_SG_EVENT_V1:2A5K:A:CYS:145-:SG:C:AZP:CBM,2A5K,AZP,A,,CYS,145,SG,C,CBM,PASSED,PASSED,PASSED_EXPLICIT_EVENT,PASSED,UNRESOLVED_HUMAN_REVIEW,,,,NO_POSITIVE_AUTHORITY,false,false,false,,true,false,true,,false,,false,false,false,false,false,false,false,NEW_EXPANSION_COMPONENT,COVAPIE_EXPANSION_LEAKAGE_GROUP_1F8655A2A95D5316,,false,HUMAN_REVIEW_REQUIRED,"[""PRE_CHEMISTRY_NOT_PRODUCTION_AUTHORITATIVE"",""NO_FAMILY_LEVEL_AUTO_ADMISSION"",""NO_SINGLE_EXACT_RULE_MATCHED_EVERY_EVENT;HUMAN_REVIEW_RETAINED""]"
201,FROZEN_FIRST500,COVAPIE_CYS_SG_EVENT_V1:2A5K:B:CYS:145-:SG:D:AZP:CBM,2A5K,AZP,B,,CYS,145,SG,D,CBM,PASSED,PASSED,PASSED_EXPLICIT_EVENT,PASSED,UNRESOLVED_HUMAN_REVIEW,,,,NO_POSITIVE_AUTHORITY,false,false,false,,true,false,true,,false,,false,false,false,false,false,false,false,NEW_EXPANSION_COMPONENT,COVAPIE_EXPANSION_LEAKAGE_GROUP_1F8655A2A95D5316,,false,HUMAN_REVIEW_REQUIRED,"[""PRE_CHEMISTRY_NOT_PRODUCTION_AUTHORITATIVE"",""NO_FAMILY_LEVEL_AUTO_ADMISSION"",""NO_SINGLE_EXACT_RULE_MATCHED_EVERY_EVENT;HUMAN_REVIEW_RETAINED""]"
202,FROZEN_FIRST500,COVAPIE_CYS_SG_EVENT_V1:2AAZ:A:CYS:187-:SG:Q:UMP:C6,2AAZ,UMP,A,,CYS,187,SG,Q,C6,PASSED,PASSED,PASSED_EXPLICIT_EVENT,PASSED,AUTHORITATIVE_NEGATIVE_EXACT_EVENT,,,,NO_POSITIVE_AUTHORITY,false,false,false,,true,false,true,,false,,false,false,false,false,false,false,false,HISTORICAL_BASELINE_COMPONENT,COVAPIE_LEAKAGE_GROUP_000005,,false,HUMAN_NOT_RELEVANT_FINAL,"[""PRE_CHEMISTRY_NOT_PRODUCTION_AUTHORITATIVE"",""NO_FAMILY_LEVEL_AUTO_ADMISSION"",""CURRENT_HUMAN_NOT_RELEVANT_DECISION_HAS_SECOND_PRECEDENCE""]"
203,FROZEN_FIRST500,COVAPIE_CYS_SG_EVENT_V1:2AAZ:B:CYS:187-:SG:S:UMP:C6,2AAZ,UMP,B,,CYS,187,SG,S,C6,PASSED,PASSED,PASSED_EXPLICIT_EVENT,PASSED,AUTHORITATIVE_NEGATIVE_EXACT_EVENT,,,,NO_POSITIVE_AUTHORITY,false,false,false,,true,false,true,,false,,false,false,false,false,false,false,false,HISTORICAL_BASELINE_COMPONENT,COVAPIE_LEAKAGE_GROUP_000005,,false,HUMAN_NOT_RELEVANT_FINAL,"[""PRE_CHEMISTRY_NOT_PRODUCTION_AUTHORITATIVE"",""NO_FAMILY_LEVEL_AUTO_ADMISSION"",""CURRENT_HUMAN_NOT_RELEVANT_DECISION_HAS_SECOND_PRECEDENCE""]"
204,FROZEN_FIRST500,COVAPIE_CYS_SG_EVENT_V1:2AAZ:C:CYS:187-:SG:U:UMP:C6,2AAZ,UMP,C,,CYS,187,SG,U,C6,PASSED,PASSED,PASSED_EXPLICIT_EVENT,PASSED,AUTHORITATIVE_NEGATIVE_EXACT_EVENT,,,,NO_POSITIVE_AUTHORITY,false,false,false,,true,false,true,,false,,false,false,false,false,false,false,false,HISTORICAL_BASELINE_COMPONENT,COVAPIE_LEAKAGE_GROUP_000005,,false,HUMAN_NOT_RELEVANT_FINAL,"[""PRE_CHEMISTRY_NOT_PRODUCTION_AUTHORITATIVE"",""NO_FAMILY_LEVEL_AUTO_ADMISSION"",""CURRENT_HUMAN_NOT_RELEVANT_DECISION_HAS_SECOND_PRECEDENCE""]"
205,FROZEN_FIRST500,COVAPIE_CYS_SG_EVENT_V1:2AAZ:D:CYS:187-:SG:W:UMP:C6,2AAZ,UMP,D,,CYS,187,SG,W,C6,PASSED,PASSED,PASSED_EXPLICIT_EVENT,PASSED,AUTHORITATIVE_NEGATIVE_EXACT_EVENT,,,,NO_POSITIVE_AUTHORITY,false,false,false,,true,false,true,,false,,false,false,false,false,false,false,false,HISTORICAL_BASELINE_COMPONENT,COVAPIE_LEAKAGE_GROUP_000005,,false,HUMAN_NOT_RELEVANT_FINAL,"[""PRE_CHEMISTRY_NOT_PRODUCTION_AUTHORITATIVE"",""NO_FAMILY_LEVEL_AUTO_ADMISSION"",""CURRENT_HUMAN_NOT_RELEVANT_DECISION_HAS_SECOND_PRECEDENCE""]"
206,FROZEN_FIRST500,COVAPIE_CYS_SG_EVENT_V1:2AAZ:E:CYS:187-:SG:Y:UMP:C6,2AAZ,UMP,E,,CYS,187,SG,Y,C6,PASSED,PASSED,PASSED_EXPLICIT_EVENT,PASSED,AUTHORITATIVE_NEGATIVE_EXACT_EVENT,,,,NO_POSITIVE_AUTHORITY,false,false,false,,true,false,true,,false,,false,false,false,false,false,false,false,HISTORICAL_BASELINE_COMPONENT,COVAPIE_LEAKAGE_GROUP_000005,,false,HUMAN_NOT_RELEVANT_FINAL,"[""PRE_CHEMISTRY_NOT_PRODUCTION_AUTHORITATIVE"",""NO_FAMILY_LEVEL_AUTO_ADMISSION"",""CURRENT_HUMAN_NOT_RELEVANT_DECISION_HAS_SECOND_PRECEDENCE""]"
207,FROZEN_FIRST500,COVAPIE_CYS_SG_EVENT_V1:2AAZ:F:CYS:187-:SG:AA:UMP:C6,2AAZ,UMP,F,,CYS,187,SG,AA,C6,PASSED,PASSED,PASSED_EXPLICIT_EVENT,PASSED,AUTHORITATIVE_NEGATIVE_EXACT_EVENT,,,,NO_POSITIVE_AUTHORITY,false,false,false,,true,false,true,,false,,false,false,false,false,false,false,false,HISTORICAL_BASELINE_COMPONENT,COVAPIE_LEAKAGE_GROUP_000005,,false,HUMAN_NOT_RELEVANT_FINAL,"[""PRE_CHEMISTRY_NOT_PRODUCTION_AUTHORITATIVE"",""NO_FAMILY_LEVEL_AUTO_ADMISSION"",""CURRENT_HUMAN_NOT_RELEVANT_DECISION_HAS_SECOND_PRECEDENCE""]"
208,FROZEN_FIRST500,COVAPIE_CYS_SG_EVENT_V1:2AAZ:G:CYS:187-:SG:CA:UMP:C6,2AAZ,UMP,G,,CYS,187,SG,CA,C6,PASSED,PASSED,PASSED_EXPLICIT_EVENT,PASSED,AUTHORITATIVE_NEGATIVE_EXACT_EVENT,,,,NO_POSITIVE_AUTHORITY,false,false,false,,true,false,true,,false,,false,false,false,false,false,false,false,HISTORICAL_BASELINE_COMPONENT,COVAPIE_LEAKAGE_GROUP_000005,,false,HUMAN_NOT_RELEVANT_FINAL,"[""PRE_CHEMISTRY_NOT_PRODUCTION_AUTHORITATIVE"",""NO_FAMILY_LEVEL_AUTO_ADMISSION"",""CURRENT_HUMAN_NOT_RELEVANT_DECISION_HAS_SECOND_PRECEDENCE""]"
209,FROZEN_FIRST500,COVAPIE_CYS_SG_EVENT_V1:2AAZ:H:CYS:187-:SG:EA:UMP:C6,2AAZ,UMP,H,,CYS,187,SG,EA,C6,PASSED,PASSED,PASSED_EXPLICIT_EVENT,PASSED,AUTHORITATIVE_NEGATIVE_EXACT_EVENT,,,,NO_POSITIVE_AUTHORITY,false,false,false,,true,false,true,,false,,false,false,false,false,false,false,false,HISTORICAL_BASELINE_COMPONENT,COVAPIE_LEAKAGE_GROUP_000005,,false,HUMAN_NOT_RELEVANT_FINAL,"[""PRE_CHEMISTRY_NOT_PRODUCTION_AUTHORITATIVE"",""NO_FAMILY_LEVEL_AUTO_ADMISSION"",""CURRENT_HUMAN_NOT_RELEVANT_DECISION_HAS_SECOND_PRECEDENCE""]"
210,FROZEN_FIRST500,COVAPIE_CYS_SG_EVENT_V1:2AAZ:I:CYS:187-:SG:GA:UMP:C6,2AAZ,UMP,I,,CYS,187,SG,GA,C6,PASSED,PASSED,PASSED_EXPLICIT_EVENT,PASSED,AUTHORITATIVE_NEGATIVE_EXACT_EVENT,,,,NO_POSITIVE_AUTHORITY,false,false,false,,true,false,true,,false,,false,false,false,false,false,false,false,HISTORICAL_BASELINE_COMPONENT,COVAPIE_LEAKAGE_GROUP_000005,,false,HUMAN_NOT_RELEVANT_FINAL,"[""PRE_CHEMISTRY_NOT_PRODUCTION_AUTHORITATIVE"",""NO_FAMILY_LEVEL_AUTO_ADMISSION"",""CURRENT_HUMAN_NOT_RELEVANT_DECISION_HAS_SECOND_PRECEDENCE""]"
211,FROZEN_FIRST500,COVAPIE_CYS_SG_EVENT_V1:2AAZ:J:CYS:187-:SG:HA:UMP:C6,2AAZ,UMP,J,,CYS,187,SG,HA,C6,PASSED,PASSED,PASSED_EXPLICIT_EVENT,PASSED,AUTHORITATIVE_NEGATIVE_EXACT_EVENT,,,,NO_POSITIVE_AUTHORITY,false,false,false,,true,false,true,,false,,false,false,false,false,false,false,false,HISTORICAL_BASELINE_COMPONENT,COVAPIE_LEAKAGE_GROUP_000005,,false,HUMAN_NOT_RELEVANT_FINAL,"[""PRE_CHEMISTRY_NOT_PRODUCTION_AUTHORITATIVE"",""NO_FAMILY_LEVEL_AUTO_ADMISSION"",""CURRENT_HUMAN_NOT_RELEVANT_DECISION_HAS_SECOND_PRECEDENCE""]"
212,FROZEN_FIRST500,COVAPIE_CYS_SG_EVENT_V1:2AAZ:K:CYS:187-:SG:IA:UMP:C6,2AAZ,UMP,K,,CYS,187,SG,IA,C6,PASSED,PASSED,PASSED_EXPLICIT_EVENT,PASSED,AUTHORITATIVE_NEGATIVE_EXACT_EVENT,,,,NO_POSITIVE_AUTHORITY,false,false,false,,true,false,true,,false,,false,false,false,false,false,false,false,HISTORICAL_BASELINE_COMPONENT,COVAPIE_LEAKAGE_GROUP_000005,,false,HUMAN_NOT_RELEVANT_FINAL,"[""PRE_CHEMISTRY_NOT_PRODUCTION_AUTHORITATIVE"",""NO_FAMILY_LEVEL_AUTO_ADMISSION"",""CURRENT_HUMAN_NOT_RELEVANT_DECISION_HAS_SECOND_PRECEDENCE""]"
213,FROZEN_FIRST500,COVAPIE_CYS_SG_EVENT_V1:2AAZ:L:CYS:187-:SG:JA:UMP:C6,2AAZ,UMP,L,,CYS,187,SG,JA,C6,PASSED,PASSED,PASSED_EXPLICIT_EVENT,PASSED,AUTHORITATIVE_NEGATIVE_EXACT_EVENT,,,,NO_POSITIVE_AUTHORITY,false,false,false,,true,false,true,,false,,false,false,false,false,false,false,false,HISTORICAL_BASELINE_COMPONENT,COVAPIE_LEAKAGE_GROUP_000005,,false,HUMAN_NOT_RELEVANT_FINAL,"[""PRE_CHEMISTRY_NOT_PRODUCTION_AUTHORITATIVE"",""NO_FAMILY_LEVEL_AUTO_ADMISSION"",""CURRENT_HUMAN_NOT_RELEVANT_DECISION_HAS_SECOND_PRECEDENCE""]"
214,FROZEN_FIRST500,COVAPIE_CYS_SG_EVENT_V1:2AAZ:M:CYS:187-:SG:KA:UMP:C6,2AAZ,UMP,M,,CYS,187,SG,KA,C6,PASSED,PASSED,PASSED_EXPLICIT_EVENT,PASSED,AUTHORITATIVE_NEGATIVE_EXACT_EVENT,,,,NO_POSITIVE_AUTHORITY,false,false,false,,true,false,true,,false,,false,false,false,false,false,false,false,HISTORICAL_BASELINE_COMPONENT,COVAPIE_LEAKAGE_GROUP_000005,,false,HUMAN_NOT_RELEVANT_FINAL,"[""PRE_CHEMISTRY_NOT_PRODUCTION_AUTHORITATIVE"",""NO_FAMILY_LEVEL_AUTO_ADMISSION"",""CURRENT_HUMAN_NOT_RELEVANT_DECISION_HAS_SECOND_PRECEDENCE""]"
215,FROZEN_FIRST500,COVAPIE_CYS_SG_EVENT_V1:2AAZ:N:CYS:187-:SG:LA:UMP:C6,2AAZ,UMP,N,,CYS,187,SG,LA,C6,PASSED,PASSED,PASSED_EXPLICIT_EVENT,PASSED,AUTHORITATIVE_NEGATIVE_EXACT_EVENT,,,,NO_POSITIVE_AUTHORITY,false,false,false,,true,false,true,,false,,false,false,false,false,false,false,false,HISTORICAL_BASELINE_COMPONENT,COVAPIE_LEAKAGE_GROUP_000005,,false,HUMAN_NOT_RELEVANT_FINAL,"[""PRE_CHEMISTRY_NOT_PRODUCTION_AUTHORITATIVE"",""NO_FAMILY_LEVEL_AUTO_ADMISSION"",""CURRENT_HUMAN_NOT_RELEVANT_DECISION_HAS_SECOND_PRECEDENCE""]"
216,FROZEN_FIRST500,COVAPIE_CYS_SG_EVENT_V1:2AAZ:O:CYS:187-:SG:MA:UMP:C6,2AAZ,UMP,O,,CYS,187,SG,MA,C6,PASSED,PASSED,PASSED_EXPLICIT_EVENT,PASSED,AUTHORITATIVE_NEGATIVE_EXACT_EVENT,,,,NO_POSITIVE_AUTHORITY,false,false,false,,true,false,true,,false,,false,false,false,false,false,false,false,HISTORICAL_BASELINE_COMPONENT,COVAPIE_LEAKAGE_GROUP_000005,,false,HUMAN_NOT_RELEVANT_FINAL,"[""PRE_CHEMISTRY_NOT_PRODUCTION_AUTHORITATIVE"",""NO_FAMILY_LEVEL_AUTO_ADMISSION"",""CURRENT_HUMAN_NOT_RELEVANT_DECISION_HAS_SECOND_PRECEDENCE""]"
217,FROZEN_FIRST500,COVAPIE_CYS_SG_EVENT_V1:2AAZ:P:CYS:187-:SG:NA:UMP:C6,2AAZ,UMP,P,,CYS,187,SG,NA,C6,PASSED,PASSED,PASSED_EXPLICIT_EVENT,PASSED,AUTHORITATIVE_NEGATIVE_EXACT_EVENT,,,,NO_POSITIVE_AUTHORITY,false,false,false,,true,false,true,,false,,false,false,false,false,false,false,false,HISTORICAL_BASELINE_COMPONENT,COVAPIE_LEAKAGE_GROUP_000005,,false,HUMAN_NOT_RELEVANT_FINAL,"[""PRE_CHEMISTRY_NOT_PRODUCTION_AUTHORITATIVE"",""NO_FAMILY_LEVEL_AUTO_ADMISSION"",""CURRENT_HUMAN_NOT_RELEVANT_DECISION_HAS_SECOND_PRECEDENCE""]"
218,FROZEN_FIRST500,COVAPIE_CYS_SG_EVENT_V1:2AIM:A:CYS:25-:SG:B:ZRA:CM,2AIM,ZRA,A,,CYS,25,SG,B,CM,PASSED,PASSED,PASSED_EXPLICIT_EVENT,PASSED,NOT_APPLICABLE_BLOCKED_STRUCTURAL_OR_LEAKAGE,,,,NO_POSITIVE_AUTHORITY,false,false,false,,true,false,true,,false,,false,false,false,false,false,false,false,LEAKAGE_EXISTING_GROUP_CONFLICT,,,false,LEAKAGE_EXISTING_GROUP_CONFLICT,"[""LEAKAGE_EXISTING_GROUP_CONFLICT"",""BOUND_STRUCTURAL_EXECUTION_OUTCOME_RETAINED""]"
219,FROZEN_FIRST500,COVAPIE_CYS_SG_EVENT_V1:2ALV:A:CYS:145-:SG:B:CY6:C33,2ALV,CY6,A,,CYS,145,SG,B,C33,PASSED,UNAVAILABLE,FAILED_CLOSED,NOT_REACHED,NOT_APPLICABLE_BLOCKED_STRUCTURAL_OR_LEAKAGE,,,,NO_POSITIVE_AUTHORITY,false,false,false,,false,false,false,,false,,false,false,false,false,false,false,false,LEAKAGE_EVIDENCE_INCOMPLETE,,,false,STRUCTURAL_EVIDENCE_INCOMPLETE,"[""MMCIF_EXACT_CYS_SG_STRUCT_CONN_NOT_RECOVERED"",""BOUND_STRUCTURAL_EXECUTION_OUTCOME_RETAINED""]"
220,FROZEN_FIRST500,COVAPIE_CYS_SG_EVENT_V1:2AMD:A:CYS:145-:SG:C:9IN:C23,2AMD,9IN,A,,CYS,145,SG,C,C23,PASSED,PASSED,PASSED_EXPLICIT_EVENT,PASSED,UNRESOLVED_HUMAN_REVIEW,,,,NO_POSITIVE_AUTHORITY,false,false,false,,true,false,true,,false,,false,false,false,false,false,false,false,NEW_EXPANSION_COMPONENT,COVAPIE_EXPANSION_LEAKAGE_GROUP_1F8655A2A95D5316,,false,HUMAN_REVIEW_REQUIRED,"[""PRE_CHEMISTRY_NOT_PRODUCTION_AUTHORITATIVE"",""NO_FAMILY_LEVEL_AUTO_ADMISSION"",""NO_SINGLE_EXACT_RULE_MATCHED_EVERY_EVENT;HUMAN_REVIEW_RETAINED""]"
221,FROZEN_FIRST500,COVAPIE_CYS_SG_EVENT_V1:2AMD:B:CYS:145-:SG:D:9IN:C23,2AMD,9IN,B,,CYS,145,SG,D,C23,PASSED,PASSED,PASSED_EXPLICIT_EVENT,PASSED,UNRESOLVED_HUMAN_REVIEW,,,,NO_POSITIVE_AUTHORITY,false,false,false,,true,false,true,,false,,false,false,false,false,false,false,false,NEW_EXPANSION_COMPONENT,COVAPIE_EXPANSION_LEAKAGE_GROUP_1F8655A2A95D5316,,false,HUMAN_REVIEW_REQUIRED,"[""PRE_CHEMISTRY_NOT_PRODUCTION_AUTHORITATIVE"",""NO_FAMILY_LEVEL_AUTO_ADMISSION"",""NO_SINGLE_EXACT_RULE_MATCHED_EVERY_EVENT;HUMAN_REVIEW_RETAINED""]"
222,FROZEN_FIRST500,COVAPIE_CYS_SG_EVENT_V1:2AMP:A:CYS:144-:SG:C:I12:C21,2AMP,I12,A,,CYS,144,SG,C,C21,PASSED,PASSED,PASSED_EXPLICIT_EVENT,PASSED,UNRESOLVED_HUMAN_REVIEW,,,,NO_POSITIVE_AUTHORITY,false,false,false,,true,false,true,,false,,false,false,false,false,false,false,false,NEW_EXPANSION_COMPONENT,COVAPIE_EXPANSION_LEAKAGE_GROUP_1F8655A2A95D5316,,false,HUMAN_REVIEW_REQUIRED,"[""PRE_CHEMISTRY_NOT_PRODUCTION_AUTHORITATIVE"",""NO_FAMILY_LEVEL_AUTO_ADMISSION"",""NO_SINGLE_EXACT_RULE_MATCHED_EVERY_EVENT;HUMAN_REVIEW_RETAINED""]"
223,FROZEN_FIRST500,COVAPIE_CYS_SG_EVENT_V1:2AMP:B:CYS:144-:SG:D:I12:C21,2AMP,I12,B,,CYS,144,SG,D,C21,PASSED,PASSED,PASSED_EXPLICIT_EVENT,PASSED,UNRESOLVED_HUMAN_REVIEW,,,,NO_POSITIVE_AUTHORITY,false,false,false,,true,false,true,,false,,false,false,false,false,false,false,false,NEW_EXPANSION_COMPONENT,COVAPIE_EXPANSION_LEAKAGE_GROUP_1F8655A2A95D5316,,false,HUMAN_REVIEW_REQUIRED,"[""PRE_CHEMISTRY_NOT_PRODUCTION_AUTHORITATIVE"",""NO_FAMILY_LEVEL_AUTO_ADMISSION"",""NO_SINGLE_EXACT_RULE_MATCHED_EVERY_EVENT;HUMAN_REVIEW_RETAINED""]"
224,FROZEN_FIRST500,COVAPIE_CYS_SG_EVENT_V1:2AUX:A:CYS:25-:SG:B:CT1:C6,2AUX,CT1,A,,CYS,25,SG,B,C6,PASSED,PASSED,PASSED_EXPLICIT_EVENT,PASSED,NOT_APPLICABLE_BLOCKED_STRUCTURAL_OR_LEAKAGE,,,,NO_POSITIVE_AUTHORITY,false,false,false,,true,false,true,,false,,false,false,false,false,false,false,false,LEAKAGE_EXISTING_GROUP_CONFLICT,,,false,LEAKAGE_EXISTING_GROUP_CONFLICT,"[""LEAKAGE_EXISTING_GROUP_CONFLICT"",""BOUND_STRUCTURAL_EXECUTION_OUTCOME_RETAINED""]"
225,FROZEN_FIRST500,COVAPIE_CYS_SG_EVENT_V1:2AUZ:A:CYS:25-:SG:E:CT2:C6,2AUZ,CT2,A,,CYS,25,SG,E,C6,PASSED,PASSED,PASSED_EXPLICIT_EVENT,PASSED,NOT_APPLICABLE_BLOCKED_STRUCTURAL_OR_LEAKAGE,,,,NO_POSITIVE_AUTHORITY,false,false,false,,true,false,true,,false,,false,false,false,false,false,false,false,LEAKAGE_EXISTING_GROUP_CONFLICT,,,false,LEAKAGE_EXISTING_GROUP_CONFLICT,"[""LEAKAGE_EXISTING_GROUP_CONFLICT"",""BOUND_STRUCTURAL_EXECUTION_OUTCOME_RETAINED""]"
226,FROZEN_FIRST500,COVAPIE_CYS_SG_EVENT_V1:2AWZ:A:CYS:366-:SG:G:5H:C1,2AWZ,5H,A,,CYS,366,SG,G,C1,PASSED,PASSED,PASSED_EXPLICIT_EVENT,PASSED,UNRESOLVED_HUMAN_REVIEW,,,,NO_POSITIVE_AUTHORITY,false,false,false,,true,false,true,,false,,false,false,false,false,false,false,false,NEW_EXPANSION_COMPONENT,COVAPIE_EXPANSION_LEAKAGE_GROUP_E9B8F9E6E33C93F2,,false,HUMAN_REVIEW_REQUIRED,"[""PRE_CHEMISTRY_NOT_PRODUCTION_AUTHORITATIVE"",""NO_FAMILY_LEVEL_AUTO_ADMISSION"",""NO_SINGLE_EXACT_RULE_MATCHED_EVERY_EVENT;HUMAN_REVIEW_RETAINED""]"
227,FROZEN_FIRST500,COVAPIE_CYS_SG_EVENT_V1:2AWZ:B:CYS:366-:SG:J:5H:C1,2AWZ,5H,B,,CYS,366,SG,J,C1,PASSED,PASSED,PASSED_EXPLICIT_EVENT,PASSED,UNRESOLVED_HUMAN_REVIEW,,,,NO_POSITIVE_AUTHORITY,false,false,false,,true,false,true,,false,,false,false,false,false,false,false,false,NEW_EXPANSION_COMPONENT,COVAPIE_EXPANSION_LEAKAGE_GROUP_E9B8F9E6E33C93F2,,false,HUMAN_REVIEW_REQUIRED,"[""PRE_CHEMISTRY_NOT_PRODUCTION_AUTHORITATIVE"",""NO_FAMILY_LEVEL_AUTO_ADMISSION"",""NO_SINGLE_EXACT_RULE_MATCHED_EVERY_EVENT;HUMAN_REVIEW_RETAINED""]"
228,FROZEN_FIRST500,COVAPIE_CYS_SG_EVENT_V1:2AX0:A:CYS:366-:SG:F:5X:C1,2AX0,5X,A,,CYS,366,SG,F,C1,PASSED,PASSED,PASSED_EXPLICIT_EVENT,PASSED,AUTHORITATIVE_POSITIVE_EXACT_EVENT_RUNTIME_BINDING_INCOMPLETE,data/derived/covalent_small/covapie_bulk_post_only_cys_sg_human_review_v1/covapie_post_only_human_review_decisions_v1.json,,,PUBLISHED_POSITIVE_LABEL_RUNTIME_BINDING_INCOMPLETE,false,false,true,data/derived/covalent_small/covapie_bulk_post_only_cys_sg_human_review_v1/covapie_post_only_human_review_decisions_v1.json,true,true,true,data/derived/covalent_small/covapie_bulk_post_only_cys_sg_human_review_v1/covapie_post_only_human_review_decisions_v1.json,true,data/derived/covalent_small/covapie_bulk_post_only_cys_sg_human_review_v1/covapie_post_only_human_review_decisions_v1.json,false,false,false,false,false,false,false,NEW_EXPANSION_COMPONENT,COVAPIE_EXPANSION_LEAKAGE_GROUP_E9B8F9E6E33C93F2,,false,HUMAN_RELEVANT_FINAL,"[""PRE_CHEMISTRY_NOT_PRODUCTION_AUTHORITATIVE"",""NO_FAMILY_LEVEL_AUTO_ADMISSION"",""CURRENT_HUMAN_RELEVANT_DECISION_HAS_FIRST_PRECEDENCE"",""CURRENT_RUNTIME_TENSORIZATION_AND_SUPERVISION_BINDING_NOT_PUBLISHED""]"
229,FROZEN_FIRST500,COVAPIE_CYS_SG_EVENT_V1:2AX0:B:CYS:366-:SG:K:5X:C1,2AX0,5X,B,,CYS,366,SG,K,C1,PASSED,PASSED,PASSED_EXPLICIT_EVENT,PASSED,AUTHORITATIVE_POSITIVE_EXACT_EVENT_RUNTIME_BINDING_INCOMPLETE,data/derived/covalent_small/covapie_bulk_post_only_cys_sg_human_review_v1/covapie_post_only_human_review_decisions_v1.json,,,PUBLISHED_POSITIVE_LABEL_RUNTIME_BINDING_INCOMPLETE,false,false,true,data/derived/covalent_small/covapie_bulk_post_only_cys_sg_human_review_v1/covapie_post_only_human_review_decisions_v1.json,true,true,true,data/derived/covalent_small/covapie_bulk_post_only_cys_sg_human_review_v1/covapie_post_only_human_review_decisions_v1.json,true,data/derived/covalent_small/covapie_bulk_post_only_cys_sg_human_review_v1/covapie_post_only_human_review_decisions_v1.json,false,false,false,false,false,false,false,NEW_EXPANSION_COMPONENT,COVAPIE_EXPANSION_LEAKAGE_GROUP_E9B8F9E6E33C93F2,,false,HUMAN_RELEVANT_FINAL,"[""PRE_CHEMISTRY_NOT_PRODUCTION_AUTHORITATIVE"",""NO_FAMILY_LEVEL_AUTO_ADMISSION"",""CURRENT_HUMAN_RELEVANT_DECISION_HAS_FIRST_PRECEDENCE"",""CURRENT_RUNTIME_TENSORIZATION_AND_SUPERVISION_BINDING_NOT_PUBLISHED""]"
230,FROZEN_FIRST500,COVAPIE_CYS_SG_EVENT_V1:2AX1:A:CYS:366-:SG:G:5EE:C1,2AX1,5EE,A,,CYS,366,SG,G,C1,PASSED,PASSED,PASSED_EXPLICIT_EVENT,PASSED,UNRESOLVED_HUMAN_REVIEW,,,,NO_POSITIVE_AUTHORITY,false,false,false,,true,false,true,,false,,false,false,false,false,false,false,false,NEW_EXPANSION_COMPONENT,COVAPIE_EXPANSION_LEAKAGE_GROUP_E9B8F9E6E33C93F2,,false,HUMAN_REVIEW_REQUIRED,"[""PRE_CHEMISTRY_NOT_PRODUCTION_AUTHORITATIVE"",""NO_FAMILY_LEVEL_AUTO_ADMISSION"",""NO_SINGLE_EXACT_RULE_MATCHED_EVERY_EVENT;HUMAN_REVIEW_RETAINED""]"
231,FROZEN_FIRST500,COVAPIE_CYS_SG_EVENT_V1:2AX1:B:CYS:366-:SG:L:5EE:C1,2AX1,5EE,B,,CYS,366,SG,L,C1,PASSED,PASSED,PASSED_EXPLICIT_EVENT,PASSED,UNRESOLVED_HUMAN_REVIEW,,,,NO_POSITIVE_AUTHORITY,false,false,false,,true,false,true,,false,,false,false,false,false,false,false,false,NEW_EXPANSION_COMPONENT,COVAPIE_EXPANSION_LEAKAGE_GROUP_E9B8F9E6E33C93F2,,false,HUMAN_REVIEW_REQUIRED,"[""PRE_CHEMISTRY_NOT_PRODUCTION_AUTHORITATIVE"",""NO_FAMILY_LEVEL_AUTO_ADMISSION"",""NO_SINGLE_EXACT_RULE_MATCHED_EVERY_EVENT;HUMAN_REVIEW_RETAINED""]"
232,FROZEN_FIRST500,COVAPIE_CYS_SG_EVENT_V1:2BBQ:A:CYS:146-:SG:C:UMP:C6,2BBQ,UMP,A,,CYS,146,SG,C,C6,PASSED,PASSED,PASSED_EXPLICIT_EVENT,PASSED,AUTHORITATIVE_NEGATIVE_EXACT_RULE,,NEG_V1_TS_DUMP_CATALYTIC_ADDUCT_EXACT,,NO_POSITIVE_AUTHORITY,false,false,false,,true,false,true,,false,,false,false,false,false,false,false,false,HISTORICAL_BASELINE_COMPONENT,COVAPIE_LEAKAGE_GROUP_000005,,false,AUTO_NEGATIVE_EXACT_FINAL,"[""PRE_CHEMISTRY_NOT_PRODUCTION_AUTHORITATIVE"",""NO_FAMILY_LEVEL_AUTO_ADMISSION"",""EVERY_EVENT_IN_UNIT_MATCHED_SAME_EXACT_RULE_WITHOUT_OVERRIDE""]"
233,FROZEN_FIRST500,COVAPIE_CYS_SG_EVENT_V1:2BBQ:B:CYS:146-:SG:E:UMP:C6,2BBQ,UMP,B,,CYS,146,SG,E,C6,PASSED,PASSED,PASSED_EXPLICIT_EVENT,PASSED,AUTHORITATIVE_NEGATIVE_EXACT_RULE,,NEG_V1_TS_DUMP_CATALYTIC_ADDUCT_EXACT,,NO_POSITIVE_AUTHORITY,false,false,false,,true,false,true,,false,,false,false,false,false,false,false,false,HISTORICAL_BASELINE_COMPONENT,COVAPIE_LEAKAGE_GROUP_000005,,false,AUTO_NEGATIVE_EXACT_FINAL,"[""PRE_CHEMISTRY_NOT_PRODUCTION_AUTHORITATIVE"",""NO_FAMILY_LEVEL_AUTO_ADMISSION"",""EVERY_EVENT_IN_UNIT_MATCHED_SAME_EXACT_RULE_WITHOUT_OVERRIDE""]"
234,FROZEN_FIRST500,COVAPIE_CYS_SG_EVENT_V1:2BDL:A:CYS:25-:SG:B:4PR:C19,2BDL,4PR,A,,CYS,25,SG,B,C19,PASSED,PASSED,PASSED_EXPLICIT_EVENT,PASSED,NOT_APPLICABLE_BLOCKED_STRUCTURAL_OR_LEAKAGE,,,,NO_POSITIVE_AUTHORITY,false,false,false,,true,false,true,,false,,false,false,false,false,false,false,false,LEAKAGE_EXISTING_GROUP_CONFLICT,,,false,LEAKAGE_EXISTING_GROUP_CONFLICT,"[""LEAKAGE_EXISTING_GROUP_CONFLICT"",""BOUND_STRUCTURAL_EXECUTION_OUTCOME_RETAINED""]"
235,FROZEN_FIRST500,COVAPIE_CYS_SG_EVENT_V1:2BDZ:A:CYS:25-:SG:E:E64:C2,2BDZ,E64,A,,CYS,25,SG,E,C2,PASSED,PASSED,PASSED_EXPLICIT_EVENT,PASSED,NOT_APPLICABLE_BLOCKED_STRUCTURAL_OR_LEAKAGE,,,,NO_POSITIVE_AUTHORITY,false,false,false,,true,false,true,,false,,false,false,false,false,false,false,false,LEAKAGE_EXISTING_GROUP_CONFLICT,,,false,LEAKAGE_EXISTING_GROUP_CONFLICT,"[""LEAKAGE_EXISTING_GROUP_CONFLICT"",""BOUND_STRUCTURAL_EXECUTION_OUTCOME_RETAINED""]"
236,FROZEN_FIRST500,COVAPIE_CYS_SG_EVENT_V1:2BDZ:B:CYS:25-:SG:F:E64:C2,2BDZ,E64,B,,CYS,25,SG,F,C2,PASSED,PASSED,PASSED_EXPLICIT_EVENT,PASSED,NOT_APPLICABLE_BLOCKED_STRUCTURAL_OR_LEAKAGE,,,,NO_POSITIVE_AUTHORITY,false,false,false,,true,false,true,,false,,false,false,false,false,false,false,false,LEAKAGE_EXISTING_GROUP_CONFLICT,,,false,LEAKAGE_EXISTING_GROUP_CONFLICT,"[""LEAKAGE_EXISTING_GROUP_CONFLICT"",""BOUND_STRUCTURAL_EXECUTION_OUTCOME_RETAINED""]"
237,FROZEN_FIRST500,COVAPIE_CYS_SG_EVENT_V1:2BDZ:C:CYS:25-:SG:G:E64:C2,2BDZ,E64,C,,CYS,25,SG,G,C2,PASSED,PASSED,PASSED_EXPLICIT_EVENT,PASSED,NOT_APPLICABLE_BLOCKED_STRUCTURAL_OR_LEAKAGE,,,,NO_POSITIVE_AUTHORITY,false,false,false,,true,false,true,,false,,false,false,false,false,false,false,false,LEAKAGE_EXISTING_GROUP_CONFLICT,,,false,LEAKAGE_EXISTING_GROUP_CONFLICT,"[""LEAKAGE_EXISTING_GROUP_CONFLICT"",""BOUND_STRUCTURAL_EXECUTION_OUTCOME_RETAINED""]"
238,FROZEN_FIRST500,COVAPIE_CYS_SG_EVENT_V1:2BDZ:D:CYS:25-:SG:H:E64:C2,2BDZ,E64,D,,CYS,25,SG,H,C2,PASSED,PASSED,PASSED_EXPLICIT_EVENT,PASSED,NOT_APPLICABLE_BLOCKED_STRUCTURAL_OR_LEAKAGE,,,,NO_POSITIVE_AUTHORITY,false,false,false,,true,false,true,,false,,false,false,false,false,false,false,false,LEAKAGE_EXISTING_GROUP_CONFLICT,,,false,LEAKAGE_EXISTING_GROUP_CONFLICT,"[""LEAKAGE_EXISTING_GROUP_CONFLICT"",""BOUND_STRUCTURAL_EXECUTION_OUTCOME_RETAINED""]"
239,FROZEN_FIRST500,COVAPIE_CYS_SG_EVENT_V1:2C6Q:D:CYS:186-:SG:O:IMP:C2,2C6Q,IMP,D,,CYS,186,SG,O,C2,PASSED,PASSED,PASSED_EXPLICIT_EVENT,PASSED,UNRESOLVED_HUMAN_REVIEW,,,,NO_POSITIVE_AUTHORITY,false,false,false,,true,false,true,,false,,false,false,false,false,false,false,false,NEW_EXPANSION_COMPONENT,COVAPIE_EXPANSION_LEAKAGE_GROUP_1ECF28E533240617,,false,HUMAN_REVIEW_REQUIRED,"[""PRE_CHEMISTRY_NOT_PRODUCTION_AUTHORITATIVE"",""NO_FAMILY_LEVEL_AUTO_ADMISSION"",""NO_SINGLE_EXACT_RULE_MATCHED_EVERY_EVENT;HUMAN_REVIEW_RETAINED""]"
240,FROZEN_FIRST500,COVAPIE_CYS_SG_EVENT_V1:2DC6:A:CYS:29-:SG:C:73V:C2,2DC6,73V,A,,CYS,29,SG,C,C2,PASSED,PASSED,PASSED_EXPLICIT_EVENT,PASSED,NOT_APPLICABLE_BLOCKED_STRUCTURAL_OR_LEAKAGE,,,,NO_POSITIVE_AUTHORITY,false,false,false,,true,false,true,,false,,false,false,false,false,false,false,false,LEAKAGE_EXISTING_GROUP_CONFLICT,,,false,LEAKAGE_EXISTING_GROUP_CONFLICT,"[""LEAKAGE_EXISTING_GROUP_CONFLICT"",""BOUND_STRUCTURAL_EXECUTION_OUTCOME_RETAINED""]"
241,FROZEN_FIRST500,COVAPIE_CYS_SG_EVENT_V1:2DC7:A:CYS:29-:SG:C:042:C3,2DC7,042,A,,CYS,29,SG,C,C3,PASSED,PASSED,PASSED_EXPLICIT_EVENT,PASSED,NOT_APPLICABLE_BLOCKED_STRUCTURAL_OR_LEAKAGE,,,,NO_POSITIVE_AUTHORITY,false,false,false,,true,false,true,,false,,false,false,false,false,false,false,false,LEAKAGE_EXISTING_GROUP_CONFLICT,,,false,LEAKAGE_EXISTING_GROUP_CONFLICT,"[""LEAKAGE_EXISTING_GROUP_CONFLICT"",""BOUND_STRUCTURAL_EXECUTION_OUTCOME_RETAINED""]"
242,FROZEN_FIRST500,COVAPIE_CYS_SG_EVENT_V1:2DC8:A:CYS:29-:SG:C:59A:C3,2DC8,59A,A,,CYS,29,SG,C,C3,PASSED,PASSED,PASSED_EXPLICIT_EVENT,PASSED,NOT_APPLICABLE_BLOCKED_STRUCTURAL_OR_LEAKAGE,,,,NO_POSITIVE_AUTHORITY,false,false,false,,true,false,true,,false,,false,false,false,false,false,false,false,LEAKAGE_EXISTING_GROUP_CONFLICT,,,false,LEAKAGE_EXISTING_GROUP_CONFLICT,"[""LEAKAGE_EXISTING_GROUP_CONFLICT"",""BOUND_STRUCTURAL_EXECUTION_OUTCOME_RETAINED""]"
243,FROZEN_FIRST500,COVAPIE_CYS_SG_EVENT_V1:2DC9:A:CYS:29-:SG:C:74M:C3,2DC9,74M,A,,CYS,29,SG,C,C3,PASSED,PASSED,PASSED_EXPLICIT_EVENT,PASSED,NOT_APPLICABLE_BLOCKED_STRUCTURAL_OR_LEAKAGE,,,,NO_POSITIVE_AUTHORITY,false,false,false,,true,false,true,,false,,false,false,false,false,false,false,false,LEAKAGE_EXISTING_GROUP_CONFLICT,,,false,LEAKAGE_EXISTING_GROUP_CONFLICT,"[""LEAKAGE_EXISTING_GROUP_CONFLICT"",""BOUND_STRUCTURAL_EXECUTION_OUTCOME_RETAINED""]"
244,FROZEN_FIRST500,COVAPIE_CYS_SG_EVENT_V1:2DCA:A:CYS:29-:SG:C:75V:C3,2DCA,75V,A,,CYS,29,SG,C,C3,PASSED,PASSED,PASSED_EXPLICIT_EVENT,PASSED,NOT_APPLICABLE_BLOCKED_STRUCTURAL_OR_LEAKAGE,,,,NO_POSITIVE_AUTHORITY,false,false,false,,true,false,true,,false,,false,false,false,false,false,false,false,LEAKAGE_EXISTING_GROUP_CONFLICT,,,false,LEAKAGE_EXISTING_GROUP_CONFLICT,"[""LEAKAGE_EXISTING_GROUP_CONFLICT"",""BOUND_STRUCTURAL_EXECUTION_OUTCOME_RETAINED""]"
245,FROZEN_FIRST500,COVAPIE_CYS_SG_EVENT_V1:2DCB:A:CYS:29-:SG:C:76V:C3,2DCB,76V,A,,CYS,29,SG,C,C3,PASSED,PASSED,PASSED_EXPLICIT_EVENT,PASSED,NOT_APPLICABLE_BLOCKED_STRUCTURAL_OR_LEAKAGE,,,,NO_POSITIVE_AUTHORITY,false,false,false,,true,false,true,,false,,false,false,false,false,false,false,false,LEAKAGE_EXISTING_GROUP_CONFLICT,,,false,LEAKAGE_EXISTING_GROUP_CONFLICT,"[""LEAKAGE_EXISTING_GROUP_CONFLICT"",""BOUND_STRUCTURAL_EXECUTION_OUTCOME_RETAINED""]"
246,FROZEN_FIRST500,COVAPIE_CYS_SG_EVENT_V1:2DCC:A:CYS:29-:SG:C:77B:C2,2DCC,77B,A,,CYS,29,SG,C,C2,PASSED,PASSED,PASSED_EXPLICIT_EVENT,PASSED,NOT_APPLICABLE_BLOCKED_STRUCTURAL_OR_LEAKAGE,,,,NO_POSITIVE_AUTHORITY,false,false,false,,true,false,true,,false,,false,false,false,false,false,false,false,LEAKAGE_EXISTING_GROUP_CONFLICT,,,false,LEAKAGE_EXISTING_GROUP_CONFLICT,"[""LEAKAGE_EXISTING_GROUP_CONFLICT"",""BOUND_STRUCTURAL_EXECUTION_OUTCOME_RETAINED""]"
247,FROZEN_FIRST500,COVAPIE_CYS_SG_EVENT_V1:2DCD:A:CYS:29-:SG:C:78A:C3,2DCD,78A,A,,CYS,29,SG,C,C3,PASSED,PASSED,PASSED_EXPLICIT_EVENT,PASSED,NOT_APPLICABLE_BLOCKED_STRUCTURAL_OR_LEAKAGE,,,,NO_POSITIVE_AUTHORITY,false,false,false,,true,false,true,,false,,false,false,false,false,false,false,false,LEAKAGE_EXISTING_GROUP_CONFLICT,,,false,LEAKAGE_EXISTING_GROUP_CONFLICT,"[""LEAKAGE_EXISTING_GROUP_CONFLICT"",""BOUND_STRUCTURAL_EXECUTION_OUTCOME_RETAINED""]"
248,FROZEN_FIRST500,COVAPIE_CYS_SG_EVENT_V1:2DW5:A:CYS:645-:SG:J:BFB:CAP,2DW5,BFB,A,,CYS,645,SG,J,CAP,PASSED,PASSED,PASSED_EXPLICIT_EVENT,PASSED,NOT_APPLICABLE_BLOCKED_STRUCTURAL_OR_LEAKAGE,,,,NO_POSITIVE_AUTHORITY,false,false,false,,true,false,true,,false,,false,false,false,false,false,false,false,LEAKAGE_EXISTING_GROUP_CONFLICT,,,false,LEAKAGE_EXISTING_GROUP_CONFLICT,"[""LEAKAGE_EXISTING_GROUP_CONFLICT"",""BOUND_STRUCTURAL_EXECUTION_OUTCOME_RETAINED""]"
249,FROZEN_FIRST500,COVAPIE_CYS_SG_EVENT_V1:2EFT:A:CYS:112-:SG:E:MEE:S,2EFT,MEE,A,,CYS,112,SG,E,S,PASSED,PASSED,PASSED_EXPLICIT_EVENT,PASSED,AUTHORITATIVE_NEGATIVE_EXACT_EVENT,,,,NO_POSITIVE_AUTHORITY,false,false,false,,true,false,true,,false,,false,false,false,false,false,false,false,NEW_EXPANSION_COMPONENT,COVAPIE_EXPANSION_LEAKAGE_GROUP_A42CCD3AF393FC5D,,false,HUMAN_NOT_RELEVANT_FINAL,"[""PRE_CHEMISTRY_NOT_PRODUCTION_AUTHORITATIVE"",""NO_FAMILY_LEVEL_AUTO_ADMISSION"",""CURRENT_HUMAN_NOT_RELEVANT_DECISION_HAS_SECOND_PRECEDENCE""]"
250,FROZEN_FIRST500,COVAPIE_CYS_SG_EVENT_V1:2EFT:B:CYS:103-:SG:G:MEE:S,2EFT,MEE,B,,CYS,103,SG,G,S,PASSED,PASSED,PASSED_EXPLICIT_EVENT,PASSED,AUTHORITATIVE_NEGATIVE_EXACT_EVENT,,,,NO_POSITIVE_AUTHORITY,false,false,false,,true,false,true,,false,,false,false,false,false,false,false,false,NEW_EXPANSION_COMPONENT,COVAPIE_EXPANSION_LEAKAGE_GROUP_A42CCD3AF393FC5D,,false,HUMAN_NOT_RELEVANT_FINAL,"[""PRE_CHEMISTRY_NOT_PRODUCTION_AUTHORITATIVE"",""NO_FAMILY_LEVEL_AUTO_ADMISSION"",""CURRENT_HUMAN_NOT_RELEVANT_DECISION_HAS_SECOND_PRECEDENCE""]"
251,FROZEN_FIRST500,COVAPIE_CYS_SG_EVENT_V1:2F7D:A:CYS:25-:SG:B:NOQ:C20,2F7D,NOQ,A,,CYS,25,SG,B,C20,PASSED,PASSED,PASSED_EXPLICIT_EVENT,PASSED,NOT_APPLICABLE_BLOCKED_STRUCTURAL_OR_LEAKAGE,,,,NO_POSITIVE_AUTHORITY,false,false,false,,true,false,true,,false,,false,false,false,false,false,false,false,LEAKAGE_EXISTING_GROUP_CONFLICT,,,false,LEAKAGE_EXISTING_GROUP_CONFLICT,"[""LEAKAGE_EXISTING_GROUP_CONFLICT"",""BOUND_STRUCTURAL_EXECUTION_OUTCOME_RETAINED""]"
252,FROZEN_FIRST500,COVAPIE_CYS_SG_EVENT_V1:2FQ9:A:CYS:25-:SG:C:CRJ:C32,2FQ9,CRJ,A,,CYS,25,SG,C,C32,PASSED,PASSED,PASSED_EXPLICIT_EVENT,PASSED,UNRESOLVED_HUMAN_REVIEW,,,,NO_POSITIVE_AUTHORITY,false,false,false,,true,false,true,,false,,false,false,false,false,false,false,false,LEAKAGE_EVIDENCE_INCOMPLETE,,,false,HUMAN_REVIEW_REQUIRED,"[""PRE_CHEMISTRY_NOT_PRODUCTION_AUTHORITATIVE"",""NO_FAMILY_LEVEL_AUTO_ADMISSION"",""NO_SINGLE_EXACT_RULE_MATCHED_EVERY_EVENT;HUMAN_REVIEW_RETAINED""]"
253,FROZEN_FIRST500,COVAPIE_CYS_SG_EVENT_V1:2FQ9:B:CYS:25-:SG:D:CRJ:C32,2FQ9,CRJ,B,,CYS,25,SG,D,C32,PASSED,PASSED,PASSED_EXPLICIT_EVENT,PASSED,UNRESOLVED_HUMAN_REVIEW,,,,NO_POSITIVE_AUTHORITY,false,false,false,,true,false,true,,false,,false,false,false,false,false,false,false,LEAKAGE_EVIDENCE_INCOMPLETE,,,false,HUMAN_REVIEW_REQUIRED,"[""PRE_CHEMISTRY_NOT_PRODUCTION_AUTHORITATIVE"",""NO_FAMILY_LEVEL_AUTO_ADMISSION"",""NO_SINGLE_EXACT_RULE_MATCHED_EVERY_EVENT;HUMAN_REVIEW_RETAINED""]"
254,FROZEN_FIRST500,COVAPIE_CYS_SG_EVENT_V1:2FQQ:B:CYS:331-:SG:C:F1G:S1,2FQQ,F1G,B,,CYS,331,SG,C,S1,PASSED,UNAVAILABLE,FAILED_CLOSED,NOT_REACHED,NOT_APPLICABLE_BLOCKED_STRUCTURAL_OR_LEAKAGE,,,,NO_POSITIVE_AUTHORITY,false,false,false,,false,false,false,,false,,false,false,false,false,false,false,false,LEAKAGE_EVIDENCE_INCOMPLETE,,,false,STRUCTURAL_EVIDENCE_INCOMPLETE,"[""MMCIF_EXACT_CYS_SG_STRUCT_CONN_NOT_RECOVERED"",""BOUND_STRUCTURAL_EXECUTION_OUTCOME_RETAINED""]"
255,FROZEN_FIRST500,COVAPIE_CYS_SG_EVENT_V1:2FRA:A:CYS:25-:SG:C:CRV:C16,2FRA,CRV,A,,CYS,25,SG,C,C16,PASSED,PASSED,PASSED_EXPLICIT_EVENT,PASSED,NOT_APPLICABLE_BLOCKED_STRUCTURAL_OR_LEAKAGE,,,,NO_POSITIVE_AUTHORITY,false,false,false,,true,false,true,,false,,false,false,false,false,false,false,false,LEAKAGE_EXISTING_GROUP_CONFLICT,,,false,LEAKAGE_EXISTING_GROUP_CONFLICT,"[""LEAKAGE_EXISTING_GROUP_CONFLICT"",""BOUND_STRUCTURAL_EXECUTION_OUTCOME_RETAINED""]"
256,FROZEN_FIRST500,COVAPIE_CYS_SG_EVENT_V1:2FRA:B:CYS:25-:SG:D:CRV:C16,2FRA,CRV,B,,CYS,25,SG,D,C16,PASSED,PASSED,PASSED_EXPLICIT_EVENT,PASSED,NOT_APPLICABLE_BLOCKED_STRUCTURAL_OR_LEAKAGE,,,,NO_POSITIVE_AUTHORITY,false,false,false,,true,false,true,,false,,false,false,false,false,false,false,false,LEAKAGE_EXISTING_GROUP_CONFLICT,,,false,LEAKAGE_EXISTING_GROUP_CONFLICT,"[""LEAKAGE_EXISTING_GROUP_CONFLICT"",""BOUND_STRUCTURAL_EXECUTION_OUTCOME_RETAINED""]"
257,FROZEN_FIRST500,COVAPIE_CYS_SG_EVENT_V1:2FRQ:A:CYS:25-:SG:C:C71:C16,2FRQ,C71,A,,CYS,25,SG,C,C16,PASSED,PASSED,PASSED_EXPLICIT_EVENT,PASSED,NOT_APPLICABLE_BLOCKED_STRUCTURAL_OR_LEAKAGE,,,,NO_POSITIVE_AUTHORITY,false,false,false,,true,false,true,,false,,false,false,false,false,false,false,false,LEAKAGE_EXISTING_GROUP_CONFLICT,,,false,LEAKAGE_EXISTING_GROUP_CONFLICT,"[""LEAKAGE_EXISTING_GROUP_CONFLICT"",""BOUND_STRUCTURAL_EXECUTION_OUTCOME_RETAINED""]"
258,FROZEN_FIRST500,COVAPIE_CYS_SG_EVENT_V1:2FRQ:B:CYS:25-:SG:D:C71:C16,2FRQ,C71,B,,CYS,25,SG,D,C16,PASSED,PASSED,PASSED_EXPLICIT_EVENT,PASSED,NOT_APPLICABLE_BLOCKED_STRUCTURAL_OR_LEAKAGE,,,,NO_POSITIVE_AUTHORITY,false,false,false,,true,false,true,,false,,false,false,false,false,false,false,false,LEAKAGE_EXISTING_GROUP_CONFLICT,,,false,LEAKAGE_EXISTING_GROUP_CONFLICT,"[""LEAKAGE_EXISTING_GROUP_CONFLICT"",""BOUND_STRUCTURAL_EXECUTION_OUTCOME_RETAINED""]"
259,FROZEN_FIRST500,COVAPIE_CYS_SG_EVENT_V1:2FT2:A:CYS:25-:SG:C:C28:C31,2FT2,C28,A,,CYS,25,SG,C,C31,PASSED,PASSED,PASSED_EXPLICIT_EVENT,PASSED,NOT_APPLICABLE_BLOCKED_STRUCTURAL_OR_LEAKAGE,,,,NO_POSITIVE_AUTHORITY,false,false,false,,true,false,true,,false,,false,false,false,false,false,false,false,LEAKAGE_EXISTING_GROUP_CONFLICT,,,false,LEAKAGE_EXISTING_GROUP_CONFLICT,"[""LEAKAGE_EXISTING_GROUP_CONFLICT"",""BOUND_STRUCTURAL_EXECUTION_OUTCOME_RETAINED""]"
260,FROZEN_FIRST500,COVAPIE_CYS_SG_EVENT_V1:2FT2:B:CYS:25-:SG:D:C28:C31,2FT2,C28,B,,CYS,25,SG,D,C31,PASSED,PASSED,PASSED_EXPLICIT_EVENT,PASSED,NOT_APPLICABLE_BLOCKED_STRUCTURAL_OR_LEAKAGE,,,,NO_POSITIVE_AUTHORITY,false,false,false,,true,false,true,,false,,false,false,false,false,false,false,false,LEAKAGE_EXISTING_GROUP_CONFLICT,,,false,LEAKAGE_EXISTING_GROUP_CONFLICT,"[""LEAKAGE_EXISTING_GROUP_CONFLICT"",""BOUND_STRUCTURAL_EXECUTION_OUTCOME_RETAINED""]"
261,FROZEN_FIRST500,COVAPIE_CYS_SG_EVENT_V1:2FTD:A:CYS:25-:SG:C:ILI:C12,2FTD,ILI,A,,CYS,25,SG,C,C12,PASSED,PASSED,PASSED_EXPLICIT_EVENT,PASSED,NOT_APPLICABLE_BLOCKED_STRUCTURAL_OR_LEAKAGE,,,,NO_POSITIVE_AUTHORITY,false,false,false,,true,false,true,,false,,false,false,false,false,false,false,false,LEAKAGE_EXISTING_GROUP_CONFLICT,,,false,LEAKAGE_EXISTING_GROUP_CONFLICT,"[""LEAKAGE_EXISTING_GROUP_CONFLICT"",""BOUND_STRUCTURAL_EXECUTION_OUTCOME_RETAINED""]"
262,FROZEN_FIRST500,COVAPIE_CYS_SG_EVENT_V1:2FTD:B:CYS:25-:SG:D:ILI:C12,2FTD,ILI,B,,CYS,25,SG,D,C12,PASSED,PASSED,PASSED_EXPLICIT_EVENT,PASSED,NOT_APPLICABLE_BLOCKED_STRUCTURAL_OR_LEAKAGE,,,,NO_POSITIVE_AUTHORITY,false,false,false,,true,false,true,,false,,false,false,false,false,false,false,false,LEAKAGE_EXISTING_GROUP_CONFLICT,,,false,LEAKAGE_EXISTING_GROUP_CONFLICT,"[""LEAKAGE_EXISTING_GROUP_CONFLICT"",""BOUND_STRUCTURAL_EXECUTION_OUTCOME_RETAINED""]"
263,FROZEN_FIRST500,COVAPIE_CYS_SG_EVENT_V1:2FUD:A:CYS:25-:SG:C:CRL:C9,2FUD,CRL,A,,CYS,25,SG,C,C9,PASSED,UNAVAILABLE,PASSED_EXPLICIT_EVENT,FAILED_CLOSED,NOT_APPLICABLE_BLOCKED_STRUCTURAL_OR_LEAKAGE,,,,NO_POSITIVE_AUTHORITY,false,false,false,,false,false,true,,false,,false,false,false,false,false,false,false,LEAKAGE_EVIDENCE_INCOMPLETE,,,false,REJECTED_FEATURE_INCOMPATIBLE,"[""UNSUPPORTED_NONHYDROGEN_MODEL_ATOM"",""BOUND_STRUCTURAL_EXECUTION_OUTCOME_RETAINED""]"
264,FROZEN_FIRST500,COVAPIE_CYS_SG_EVENT_V1:2FUD:B:CYS:25-:SG:D:CRL:C9,2FUD,CRL,B,,CYS,25,SG,D,C9,PASSED,UNAVAILABLE,PASSED_EXPLICIT_EVENT,FAILED_CLOSED,NOT_APPLICABLE_BLOCKED_STRUCTURAL_OR_LEAKAGE,,,,NO_POSITIVE_AUTHORITY,false,false,false,,false,false,true,,false,,false,false,false,false,false,false,false,LEAKAGE_EVIDENCE_INCOMPLETE,,,false,REJECTED_FEATURE_INCOMPATIBLE,"[""UNSUPPORTED_NONHYDROGEN_MODEL_ATOM"",""BOUND_STRUCTURAL_EXECUTION_OUTCOME_RETAINED""]"
265,FROZEN_FIRST500,COVAPIE_CYS_SG_EVENT_V1:2FYE:A:CYS:25-:SG:B:BCQ:CT,2FYE,BCQ,A,,CYS,25,SG,B,CT,PASSED,PASSED,PASSED_EXPLICIT_EVENT,PASSED,NOT_APPLICABLE_BLOCKED_STRUCTURAL_OR_LEAKAGE,,,,NO_POSITIVE_AUTHORITY,false,false,false,,true,false,true,,false,,false,false,false,false,false,false,false,LEAKAGE_EXISTING_GROUP_CONFLICT,,,false,LEAKAGE_EXISTING_GROUP_CONFLICT,"[""LEAKAGE_EXISTING_GROUP_CONFLICT"",""BOUND_STRUCTURAL_EXECUTION_OUTCOME_RETAINED""]"
266,FROZEN_FIRST500,COVAPIE_CYS_SG_EVENT_V1:2G6D:A:CYS:25-:SG:B:MQQ:CT,2G6D,MQQ,A,,CYS,25,SG,B,CT,PASSED,PASSED,PASSED_EXPLICIT_EVENT,PASSED,NOT_APPLICABLE_BLOCKED_STRUCTURAL_OR_LEAKAGE,,,,NO_POSITIVE_AUTHORITY,false,false,false,,true,false,true,,false,,false,false,false,false,false,false,false,LEAKAGE_EXISTING_GROUP_CONFLICT,,,false,LEAKAGE_EXISTING_GROUP_CONFLICT,"[""LEAKAGE_EXISTING_GROUP_CONFLICT"",""BOUND_STRUCTURAL_EXECUTION_OUTCOME_RETAINED""]"
267,FROZEN_FIRST500,COVAPIE_CYS_SG_EVENT_V1:2G8E:A:CYS:115-:SG:D:0M6:CAX,2G8E,0M6,A,,CYS,115,SG,D,CAX,PASSED,PASSED,PASSED_EXPLICIT_EVENT,PASSED,NOT_APPLICABLE_BLOCKED_STRUCTURAL_OR_LEAKAGE,,,,NO_POSITIVE_AUTHORITY,false,false,false,,true,false,true,,false,,false,false,false,false,false,false,false,LEAKAGE_EXISTING_GROUP_CONFLICT,,,false,LEAKAGE_EXISTING_GROUP_CONFLICT,"[""LEAKAGE_EXISTING_GROUP_CONFLICT"",""BOUND_STRUCTURAL_EXECUTION_OUTCOME_RETAINED""]"
268,FROZEN_FIRST500,COVAPIE_CYS_SG_EVENT_V1:2G8J:A:CYS:115-:SG:D:D7G:C1,2G8J,D7G,A,,CYS,115,SG,D,C1,PASSED,PASSED,PASSED_EXPLICIT_EVENT,PASSED,NOT_APPLICABLE_BLOCKED_STRUCTURAL_OR_LEAKAGE,,,,NO_POSITIVE_AUTHORITY,false,false,false,,true,false,true,,false,,false,false,false,false,false,false,false,LEAKAGE_EXISTING_GROUP_CONFLICT,,,false,LEAKAGE_EXISTING_GROUP_CONFLICT,"[""LEAKAGE_EXISTING_GROUP_CONFLICT"",""BOUND_STRUCTURAL_EXECUTION_OUTCOME_RETAINED""]"
269,FROZEN_FIRST500,COVAPIE_CYS_SG_EVENT_V1:2GH5:A:CYS:58-:SG:E:ELI:C17,2GH5,ELI,A,,CYS,58,SG,E,C17,PASSED,PASSED,PASSED_EXPLICIT_EVENT,PASSED,UNRESOLVED_HUMAN_REVIEW,,,,NO_POSITIVE_AUTHORITY,false,false,false,,true,false,true,,false,,false,false,false,false,false,false,false,HISTORICAL_BASELINE_COMPONENT,COVAPIE_LEAKAGE_GROUP_000001,,false,HUMAN_REVIEW_REQUIRED,"[""PRE_CHEMISTRY_NOT_PRODUCTION_AUTHORITATIVE"",""NO_FAMILY_LEVEL_AUTO_ADMISSION"",""NO_SINGLE_EXACT_RULE_MATCHED_EVERY_EVENT;HUMAN_REVIEW_RETAINED""]"
270,FROZEN_FIRST500,COVAPIE_CYS_SG_EVENT_V1:2GH5:B:CYS:58-:SG:N:ELI:C17,2GH5,ELI,B,,CYS,58,SG,N,C17,PASSED,PASSED,PASSED_EXPLICIT_EVENT,PASSED,UNRESOLVED_HUMAN_REVIEW,,,,NO_POSITIVE_AUTHORITY,false,false,false,,true,false,true,,false,,false,false,false,false,false,false,false,HISTORICAL_BASELINE_COMPONENT,COVAPIE_LEAKAGE_GROUP_000001,,false,HUMAN_REVIEW_REQUIRED,"[""PRE_CHEMISTRY_NOT_PRODUCTION_AUTHORITATIVE"",""NO_FAMILY_LEVEL_AUTO_ADMISSION"",""NO_SINGLE_EXACT_RULE_MATCHED_EVERY_EVENT;HUMAN_REVIEW_RETAINED""]"
271,FROZEN_FIRST500,COVAPIE_CYS_SG_EVENT_V1:2GKE:A:CYS:73-:SG:B:ZDP:CAN,2GKE,ZDP,A,,CYS,73,SG,B,CAN,PASSED,UNAVAILABLE,FAILED_CLOSED,NOT_REACHED,NOT_APPLICABLE_BLOCKED_STRUCTURAL_OR_LEAKAGE,,,,NO_POSITIVE_AUTHORITY,false,false,false,,false,false,false,,false,,false,false,false,false,false,false,false,LEAKAGE_EVIDENCE_INCOMPLETE,,,false,STRUCTURAL_EVIDENCE_INCOMPLETE,"[""MMCIF_EXACT_CYS_SG_STRUCT_CONN_NOT_RECOVERED"",""BOUND_STRUCTURAL_EXECUTION_OUTCOME_RETAINED""]"
272,FROZEN_FIRST500,COVAPIE_CYS_SG_EVENT_V1:2GKJ:A:CYS:217-:SG:B:ZDR:CAN,2GKJ,ZDR,A,,CYS,217,SG,B,CAN,PASSED,UNAVAILABLE,FAILED_CLOSED,NOT_REACHED,NOT_APPLICABLE_BLOCKED_STRUCTURAL_OR_LEAKAGE,,,,NO_POSITIVE_AUTHORITY,false,false,false,,false,false,false,,false,,false,false,false,false,false,false,false,LEAKAGE_EVIDENCE_INCOMPLETE,,,false,STRUCTURAL_EVIDENCE_INCOMPLETE,"[""MMCIF_EXACT_CYS_SG_STRUCT_CONN_NOT_RECOVERED"",""BOUND_STRUCTURAL_EXECUTION_OUTCOME_RETAINED""]"
273,FROZEN_FIRST500,COVAPIE_CYS_SG_EVENT_V1:2GTB:A:CYS:145-:SG:B:AZP:CBM,2GTB,AZP,A,,CYS,145,SG,B,CBM,PASSED,UNAVAILABLE,FAILED_CLOSED,NOT_REACHED,NOT_APPLICABLE_BLOCKED_STRUCTURAL_OR_LEAKAGE,,,,NO_POSITIVE_AUTHORITY,false,false,false,,false,false,false,,false,,false,false,false,false,false,false,false,LEAKAGE_EVIDENCE_INCOMPLETE,,,false,STRUCTURAL_EVIDENCE_INCOMPLETE,"[""MMCIF_EXACT_CYS_SG_STRUCT_CONN_NOT_RECOVERED"",""BOUND_STRUCTURAL_EXECUTION_OUTCOME_RETAINED""]"
274,FROZEN_FIRST500,COVAPIE_CYS_SG_EVENT_V1:2GX4:A:CYS:145-:SG:B:NOL:C35,2GX4,NOL,A,,CYS,145,SG,B,C35,PASSED,UNAVAILABLE,FAILED_CLOSED,NOT_REACHED,NOT_APPLICABLE_BLOCKED_STRUCTURAL_OR_LEAKAGE,,,,NO_POSITIVE_AUTHORITY,false,false,false,,false,false,false,,false,,false,false,false,false,false,false,false,LEAKAGE_EVIDENCE_INCOMPLETE,,,false,STRUCTURAL_EVIDENCE_INCOMPLETE,"[""MMCIF_EXACT_CYS_SG_STRUCT_CONN_NOT_RECOVERED"",""BOUND_STRUCTURAL_EXECUTION_OUTCOME_RETAINED""]"
275,FROZEN_FIRST500,COVAPIE_CYS_SG_EVENT_V1:2GYO:A:CYS:112-:SG:D:MEE:S,2GYO,MEE,A,,CYS,112,SG,D,S,PASSED,UNAVAILABLE,FAILED_CLOSED,NOT_REACHED,NOT_APPLICABLE_BLOCKED_STRUCTURAL_OR_LEAKAGE,,,,NO_POSITIVE_AUTHORITY,false,false,false,,false,false,false,,false,,false,false,false,false,false,false,false,LEAKAGE_EVIDENCE_INCOMPLETE,,,false,STRUCTURAL_EVIDENCE_INCOMPLETE,"[""MMCIF_EXACT_CYS_SG_STRUCT_CONN_NOT_RECOVERED"",""BOUND_STRUCTURAL_EXECUTION_OUTCOME_RETAINED""]"
276,FROZEN_FIRST500,COVAPIE_CYS_SG_EVENT_V1:2GZ3:A:CYS:128-:SG:F:AS2:CG,2GZ3,AS2,A,,CYS,128,SG,F,CG,PASSED,PASSED,PASSED_EXPLICIT_EVENT,PASSED,UNRESOLVED_HUMAN_REVIEW,,,,NO_POSITIVE_AUTHORITY,false,false,false,,true,false,true,,false,,false,false,false,false,false,false,false,NEW_EXPANSION_COMPONENT,COVAPIE_EXPANSION_LEAKAGE_GROUP_CE1C0A7D2E6D16EF,,false,HUMAN_REVIEW_REQUIRED,"[""PRE_CHEMISTRY_NOT_PRODUCTION_AUTHORITATIVE"",""NO_FAMILY_LEVEL_AUTO_ADMISSION"",""NO_SINGLE_EXACT_RULE_MATCHED_EVERY_EVENT;HUMAN_REVIEW_RETAINED""]"
277,FROZEN_FIRST500,COVAPIE_CYS_SG_EVENT_V1:2GZ3:B:CYS:128-:SG:H:AS2:CG,2GZ3,AS2,B,,CYS,128,SG,H,CG,PASSED,PASSED,PASSED_EXPLICIT_EVENT,PASSED,UNRESOLVED_HUMAN_REVIEW,,,,NO_POSITIVE_AUTHORITY,false,false,false,,true,false,true,,false,,false,false,false,false,false,false,false,NEW_EXPANSION_COMPONENT,COVAPIE_EXPANSION_LEAKAGE_GROUP_CE1C0A7D2E6D16EF,,false,HUMAN_REVIEW_REQUIRED,"[""PRE_CHEMISTRY_NOT_PRODUCTION_AUTHORITATIVE"",""NO_FAMILY_LEVEL_AUTO_ADMISSION"",""NO_SINGLE_EXACT_RULE_MATCHED_EVERY_EVENT;HUMAN_REVIEW_RETAINED""]"
278,FROZEN_FIRST500,COVAPIE_CYS_SG_EVENT_V1:2GZ3:C:CYS:128-:SG:J:AS2:CG,2GZ3,AS2,C,,CYS,128,SG,J,CG,PASSED,PASSED,PASSED_EXPLICIT_EVENT,PASSED,UNRESOLVED_HUMAN_REVIEW,,,,NO_POSITIVE_AUTHORITY,false,false,false,,true,false,true,,false,,false,false,false,false,false,false,false,NEW_EXPANSION_COMPONENT,COVAPIE_EXPANSION_LEAKAGE_GROUP_CE1C0A7D2E6D16EF,,false,HUMAN_REVIEW_REQUIRED,"[""PRE_CHEMISTRY_NOT_PRODUCTION_AUTHORITATIVE"",""NO_FAMILY_LEVEL_AUTO_ADMISSION"",""NO_SINGLE_EXACT_RULE_MATCHED_EVERY_EVENT;HUMAN_REVIEW_RETAINED""]"
279,FROZEN_FIRST500,COVAPIE_CYS_SG_EVENT_V1:2GZ3:D:CYS:128-:SG:L:AS2:CG,2GZ3,AS2,D,,CYS,128,SG,L,CG,PASSED,PASSED,PASSED_EXPLICIT_EVENT,PASSED,UNRESOLVED_HUMAN_REVIEW,,,,NO_POSITIVE_AUTHORITY,false,false,false,,true,false,true,,false,,false,false,false,false,false,false,false,NEW_EXPANSION_COMPONENT,COVAPIE_EXPANSION_LEAKAGE_GROUP_CE1C0A7D2E6D16EF,,false,HUMAN_REVIEW_REQUIRED,"[""PRE_CHEMISTRY_NOT_PRODUCTION_AUTHORITATIVE"",""NO_FAMILY_LEVEL_AUTO_ADMISSION"",""NO_SINGLE_EXACT_RULE_MATCHED_EVERY_EVENT;HUMAN_REVIEW_RETAINED""]"
280,FROZEN_FIRST500,COVAPIE_CYS_SG_EVENT_V1:2HWO:A:CYS:345-:SG:C:RBS:C51,2HWO,RBS,A,,CYS,345,SG,C,C51,PASSED,PASSED,PASSED_EXPLICIT_EVENT,PASSED,UNRESOLVED_HUMAN_REVIEW,,,,NO_POSITIVE_AUTHORITY,false,false,false,,true,false,true,,false,,false,false,false,false,false,false,false,NEW_EXPANSION_COMPONENT,COVAPIE_EXPANSION_LEAKAGE_GROUP_B603B4C07705F93D,,false,HUMAN_REVIEW_REQUIRED,"[""PRE_CHEMISTRY_NOT_PRODUCTION_AUTHORITATIVE"",""NO_FAMILY_LEVEL_AUTO_ADMISSION"",""NO_SINGLE_EXACT_RULE_MATCHED_EVERY_EVENT;HUMAN_REVIEW_RETAINED""]"
281,FROZEN_FIRST500,COVAPIE_CYS_SG_EVENT_V1:2HWO:B:CYS:345-:SG:D:RBS:C51,2HWO,RBS,B,,CYS,345,SG,D,C51,PASSED,PASSED,PASSED_EXPLICIT_EVENT,PASSED,UNRESOLVED_HUMAN_REVIEW,,,,NO_POSITIVE_AUTHORITY,false,false,false,,true,false,true,,false,,false,false,false,false,false,false,false,NEW_EXPANSION_COMPONENT,COVAPIE_EXPANSION_LEAKAGE_GROUP_B603B4C07705F93D,,false,HUMAN_REVIEW_REQUIRED,"[""PRE_CHEMISTRY_NOT_PRODUCTION_AUTHORITATIVE"",""NO_FAMILY_LEVEL_AUTO_ADMISSION"",""NO_SINGLE_EXACT_RULE_MATCHED_EVERY_EVENT;HUMAN_REVIEW_RETAINED""]"
282,FROZEN_FIRST500,COVAPIE_CYS_SG_EVENT_V1:2HWP:A:CYS:345-:SG:C:DJK:C51,2HWP,DJK,A,,CYS,345,SG,C,C51,PASSED,PASSED,PASSED_EXPLICIT_EVENT,PASSED,UNRESOLVED_HUMAN_REVIEW,,,,NO_POSITIVE_AUTHORITY,false,false,false,,true,false,true,,false,,false,false,false,false,false,false,true,NEW_EXPANSION_COMPONENT,COVAPIE_EXPANSION_LEAKAGE_GROUP_B603B4C07705F93D,,false,HUMAN_REVIEW_REQUIRED,"[""PRE_CHEMISTRY_NOT_PRODUCTION_AUTHORITATIVE"",""NO_FAMILY_LEVEL_AUTO_ADMISSION"",""NO_SINGLE_EXACT_RULE_MATCHED_EVERY_EVENT;HUMAN_REVIEW_RETAINED""]"
283,FROZEN_FIRST500,COVAPIE_CYS_SG_EVENT_V1:2HWP:B:CYS:345-:SG:D:DJK:C51,2HWP,DJK,B,,CYS,345,SG,D,C51,PASSED,PASSED,PASSED_EXPLICIT_EVENT,PASSED,UNRESOLVED_HUMAN_REVIEW,,,,NO_POSITIVE_AUTHORITY,false,false,false,,true,false,true,,false,,false,false,false,false,false,false,true,NEW_EXPANSION_COMPONENT,COVAPIE_EXPANSION_LEAKAGE_GROUP_B603B4C07705F93D,,false,HUMAN_REVIEW_REQUIRED,"[""PRE_CHEMISTRY_NOT_PRODUCTION_AUTHORITATIVE"",""NO_FAMILY_LEVEL_AUTO_ADMISSION"",""NO_SINGLE_EXACT_RULE_MATCHED_EVERY_EVENT;HUMAN_REVIEW_RETAINED""]"
284,FROZEN_FIRST500,COVAPIE_CYS_SG_EVENT_V1:2HXZ:A:CYS:25-:SG:E:H7J:C,2HXZ,H7J,A,,CYS,25,SG,E,C,PASSED,PASSED,PASSED_EXPLICIT_EVENT,PASSED,NOT_APPLICABLE_BLOCKED_STRUCTURAL_OR_LEAKAGE,,,,NO_POSITIVE_AUTHORITY,false,false,false,,true,false,true,,false,,false,false,false,false,false,false,false,LEAKAGE_EXISTING_GROUP_CONFLICT,,,false,LEAKAGE_EXISTING_GROUP_CONFLICT,"[""LEAKAGE_EXISTING_GROUP_CONFLICT"",""BOUND_STRUCTURAL_EXECUTION_OUTCOME_RETAINED""]"
285,FROZEN_FIRST500,COVAPIE_CYS_SG_EVENT_V1:2HXZ:B:CYS:25-:SG:F:H7J:C,2HXZ,H7J,B,,CYS,25,SG,F,C,PASSED,PASSED,PASSED_EXPLICIT_EVENT,PASSED,NOT_APPLICABLE_BLOCKED_STRUCTURAL_OR_LEAKAGE,,,,NO_POSITIVE_AUTHORITY,false,false,false,,true,false,true,,false,,false,false,false,false,false,false,false,LEAKAGE_EXISTING_GROUP_CONFLICT,,,false,LEAKAGE_EXISTING_GROUP_CONFLICT,"[""LEAKAGE_EXISTING_GROUP_CONFLICT"",""BOUND_STRUCTURAL_EXECUTION_OUTCOME_RETAINED""]"
286,FROZEN_FIRST500,COVAPIE_CYS_SG_EVENT_V1:2HXZ:C:CYS:25-:SG:G:H7J:C,2HXZ,H7J,C,,CYS,25,SG,G,C,PASSED,PASSED,PASSED_EXPLICIT_EVENT,PASSED,NOT_APPLICABLE_BLOCKED_STRUCTURAL_OR_LEAKAGE,,,,NO_POSITIVE_AUTHORITY,false,false,false,,true,false,true,,false,,false,false,false,false,false,false,false,LEAKAGE_EXISTING_GROUP_CONFLICT,,,false,LEAKAGE_EXISTING_GROUP_CONFLICT,"[""LEAKAGE_EXISTING_GROUP_CONFLICT"",""BOUND_STRUCTURAL_EXECUTION_OUTCOME_RETAINED""]"
287,FROZEN_FIRST500,COVAPIE_CYS_SG_EVENT_V1:2IJN:A:CYS:366-:SG:C:221:S14,2IJN,221,A,,CYS,366,SG,C,S14,PASSED,PASSED,PASSED_EXPLICIT_EVENT,PASSED,NOT_APPLICABLE_BLOCKED_STRUCTURAL_OR_LEAKAGE,,,,NO_POSITIVE_AUTHORITY,false,false,false,,true,false,true,,false,,false,false,false,false,false,false,false,LEAKAGE_EXISTING_GROUP_CONFLICT,,,false,LEAKAGE_EXISTING_GROUP_CONFLICT,"[""LEAKAGE_EXISTING_GROUP_CONFLICT"",""BOUND_STRUCTURAL_EXECUTION_OUTCOME_RETAINED""]"
288,FROZEN_FIRST500,COVAPIE_CYS_SG_EVENT_V1:2IJN:B:CYS:366-:SG:D:221:S14,2IJN,221,B,,CYS,366,SG,D,S14,PASSED,PASSED,PASSED_EXPLICIT_EVENT,PASSED,NOT_APPLICABLE_BLOCKED_STRUCTURAL_OR_LEAKAGE,,,,NO_POSITIVE_AUTHORITY,false,false,false,,true,false,true,,false,,false,false,false,false,false,false,false,LEAKAGE_EXISTING_GROUP_CONFLICT,,,false,LEAKAGE_EXISTING_GROUP_CONFLICT,"[""LEAKAGE_EXISTING_GROUP_CONFLICT"",""BOUND_STRUCTURAL_EXECUTION_OUTCOME_RETAINED""]"
289,FROZEN_FIRST500,COVAPIE_CYS_SG_EVENT_V1:2IPH:A:CYS:1139-:SG:C:LGG:C30,2IPH,LGG,A,,CYS,1139,SG,C,C30,PASSED,PASSED,PASSED_EXPLICIT_EVENT,PASSED,NOT_APPLICABLE_BLOCKED_STRUCTURAL_OR_LEAKAGE,,,,NO_POSITIVE_AUTHORITY,false,false,false,,true,false,true,,false,,false,false,false,false,false,false,false,LEAKAGE_EXISTING_GROUP_CONFLICT,,,false,LEAKAGE_EXISTING_GROUP_CONFLICT,"[""LEAKAGE_EXISTING_GROUP_CONFLICT"",""BOUND_STRUCTURAL_EXECUTION_OUTCOME_RETAINED""]"
290,FROZEN_FIRST500,COVAPIE_CYS_SG_EVENT_V1:2IPH:B:CYS:2139-:SG:D:LGG:C30,2IPH,LGG,B,,CYS,2139,SG,D,C30,PASSED,PASSED,PASSED_EXPLICIT_EVENT,PASSED,NOT_APPLICABLE_BLOCKED_STRUCTURAL_OR_LEAKAGE,,,,NO_POSITIVE_AUTHORITY,false,false,false,,true,false,true,,false,,false,false,false,false,false,false,false,LEAKAGE_EXISTING_GROUP_CONFLICT,,,false,LEAKAGE_EXISTING_GROUP_CONFLICT,"[""LEAKAGE_EXISTING_GROUP_CONFLICT"",""BOUND_STRUCTURAL_EXECUTION_OUTCOME_RETAINED""]"
291,FROZEN_FIRST500,COVAPIE_CYS_SG_EVENT_V1:2IPP:A:CYS:29-:SG:C:PYS:S2,2IPP,PYS,A,,CYS,29,SG,C,S2,PASSED,PASSED,PASSED_EXPLICIT_EVENT,PASSED,NOT_APPLICABLE_BLOCKED_STRUCTURAL_OR_LEAKAGE,,,,NO_POSITIVE_AUTHORITY,false,false,false,,true,false,true,,false,,false,false,false,false,false,false,false,LEAKAGE_EXISTING_GROUP_CONFLICT,,,false,LEAKAGE_EXISTING_GROUP_CONFLICT,"[""LEAKAGE_EXISTING_GROUP_CONFLICT"",""BOUND_STRUCTURAL_EXECUTION_OUTCOME_RETAINED""]"
292,FROZEN_FIRST500,COVAPIE_CYS_SG_EVENT_V1:2J5F:A:CYS:797-:SG:B:DJK:C51,2J5F,DJK,A,,CYS,797,SG,B,C51,PASSED,UNAVAILABLE,FAILED_CLOSED,NOT_REACHED,NOT_APPLICABLE_BLOCKED_STRUCTURAL_OR_LEAKAGE,,,,NO_POSITIVE_AUTHORITY,false,false,false,,false,false,false,,false,,false,false,false,false,false,false,false,LEAKAGE_EVIDENCE_INCOMPLETE,,,false,STRUCTURAL_EVIDENCE_INCOMPLETE,"[""MMCIF_EXACT_CYS_SG_STRUCT_CONN_NOT_RECOVERED"",""BOUND_STRUCTURAL_EXECUTION_OUTCOME_RETAINED""]"
293,FROZEN_FIRST500,COVAPIE_CYS_SG_EVENT_V1:2J6H:A:CYS:1-:SG:C:ONL:CE,2J6H,ONL,A,,CYS,1,SG,C,CE,PASSED,PASSED,PASSED_EXPLICIT_EVENT,PASSED,UNRESOLVED_HUMAN_REVIEW,,,,NO_POSITIVE_AUTHORITY,false,false,false,,true,false,true,,false,,false,false,false,false,false,false,false,NEW_EXPANSION_COMPONENT,COVAPIE_EXPANSION_LEAKAGE_GROUP_00E1D8F015215113,,false,HUMAN_REVIEW_REQUIRED,"[""PRE_CHEMISTRY_NOT_PRODUCTION_AUTHORITATIVE"",""NO_FAMILY_LEVEL_AUTO_ADMISSION"",""NO_SINGLE_EXACT_RULE_MATCHED_EVERY_EVENT;HUMAN_REVIEW_RETAINED""]"
294,FROZEN_FIRST500,COVAPIE_CYS_SG_EVENT_V1:2J6H:B:CYS:1-:SG:E:ONL:CE,2J6H,ONL,B,,CYS,1,SG,E,CE,PASSED,PASSED,PASSED_EXPLICIT_EVENT,PASSED,UNRESOLVED_HUMAN_REVIEW,,,,NO_POSITIVE_AUTHORITY,false,false,false,,true,false,true,,false,,false,false,false,false,false,false,false,NEW_EXPANSION_COMPONENT,COVAPIE_EXPANSION_LEAKAGE_GROUP_00E1D8F015215113,,false,HUMAN_REVIEW_REQUIRED,"[""PRE_CHEMISTRY_NOT_PRODUCTION_AUTHORITATIVE"",""NO_FAMILY_LEVEL_AUTO_ADMISSION"",""NO_SINGLE_EXACT_RULE_MATCHED_EVERY_EVENT;HUMAN_REVIEW_RETAINED""]"
295,FROZEN_FIRST500,COVAPIE_CYS_SG_EVENT_V1:2J7Q:A:CYS:23-:SG:F:GVE:CB,2J7Q,GVE,A,,CYS,23,SG,F,CB,PASSED,PASSED,PASSED_EXPLICIT_EVENT,PASSED,UNRESOLVED_HUMAN_REVIEW,,,,NO_POSITIVE_AUTHORITY,false,false,false,,true,false,true,,false,,false,false,false,false,false,false,false,LEAKAGE_EVIDENCE_INCOMPLETE,,,false,HUMAN_REVIEW_REQUIRED,"[""PRE_CHEMISTRY_NOT_PRODUCTION_AUTHORITATIVE"",""NO_FAMILY_LEVEL_AUTO_ADMISSION"",""NO_SINGLE_EXACT_RULE_MATCHED_EVERY_EVENT;HUMAN_REVIEW_RETAINED""]"
296,FROZEN_FIRST500,COVAPIE_CYS_SG_EVENT_V1:2J7Q:C:CYS:23-:SG:J:GVE:CB,2J7Q,GVE,C,,CYS,23,SG,J,CB,PASSED,PASSED,PASSED_EXPLICIT_EVENT,PASSED,UNRESOLVED_HUMAN_REVIEW,,,,NO_POSITIVE_AUTHORITY,false,false,false,,true,false,true,,false,,false,false,false,false,false,false,false,LEAKAGE_EVIDENCE_INCOMPLETE,,,false,HUMAN_REVIEW_REQUIRED,"[""PRE_CHEMISTRY_NOT_PRODUCTION_AUTHORITATIVE"",""NO_FAMILY_LEVEL_AUTO_ADMISSION"",""NO_SINGLE_EXACT_RULE_MATCHED_EVERY_EVENT;HUMAN_REVIEW_RETAINED""]"
297,FROZEN_FIRST500,COVAPIE_CYS_SG_EVENT_V1:2JU4:A:CYS:10-:SG:B:RCY:C1S,2JU4,RCY,A,,CYS,10,SG,B,C1S,PASSED,PASSED,PASSED_EXPLICIT_EVENT,PASSED,UNRESOLVED_HUMAN_REVIEW,,,,NO_POSITIVE_AUTHORITY,false,false,false,,true,false,true,,false,,false,false,false,false,false,false,false,NEW_EXPANSION_COMPONENT,COVAPIE_EXPANSION_LEAKAGE_GROUP_45A65F5455FD9105,,false,HUMAN_REVIEW_REQUIRED,"[""PRE_CHEMISTRY_NOT_PRODUCTION_AUTHORITATIVE"",""NO_FAMILY_LEVEL_AUTO_ADMISSION"",""NO_SINGLE_EXACT_RULE_MATCHED_EVERY_EVENT;HUMAN_REVIEW_RETAINED""]"
298,FROZEN_FIRST500,COVAPIE_CYS_SG_EVENT_V1:2JU4:A:CYS:21-:SG:C:RCY:C1S,2JU4,RCY,A,,CYS,21,SG,C,C1S,PASSED,PASSED,PASSED_EXPLICIT_EVENT,PASSED,UNRESOLVED_HUMAN_REVIEW,,,,NO_POSITIVE_AUTHORITY,false,false,false,,true,false,true,,false,,false,false,false,false,false,false,false,NEW_EXPANSION_COMPONENT,COVAPIE_EXPANSION_LEAKAGE_GROUP_45A65F5455FD9105,,false,HUMAN_REVIEW_REQUIRED,"[""PRE_CHEMISTRY_NOT_PRODUCTION_AUTHORITATIVE"",""NO_FAMILY_LEVEL_AUTO_ADMISSION"",""NO_SINGLE_EXACT_RULE_MATCHED_EVERY_EVENT;HUMAN_REVIEW_RETAINED""]"
299,FROZEN_FIRST500,COVAPIE_CYS_SG_EVENT_V1:2JU4:A:CYS:30-:SG:D:RCY:C1S,2JU4,RCY,A,,CYS,30,SG,D,C1S,PASSED,PASSED,PASSED_EXPLICIT_EVENT,PASSED,UNRESOLVED_HUMAN_REVIEW,,,,NO_POSITIVE_AUTHORITY,false,false,false,,true,false,true,,false,,false,false,false,false,false,false,false,NEW_EXPANSION_COMPONENT,COVAPIE_EXPANSION_LEAKAGE_GROUP_45A65F5455FD9105,,false,HUMAN_REVIEW_REQUIRED,"[""PRE_CHEMISTRY_NOT_PRODUCTION_AUTHORITATIVE"",""NO_FAMILY_LEVEL_AUTO_ADMISSION"",""NO_SINGLE_EXACT_RULE_MATCHED_EVERY_EVENT;HUMAN_REVIEW_RETAINED""]"
300,FROZEN_FIRST500,COVAPIE_CYS_SG_EVENT_V1:2JU4:A:CYS:38-:SG:E:RCY:C1S,2JU4,RCY,A,,CYS,38,SG,E,C1S,PASSED,PASSED,PASSED_EXPLICIT_EVENT,PASSED,UNRESOLVED_HUMAN_REVIEW,,,,NO_POSITIVE_AUTHORITY,false,false,false,,true,false,true,,false,,false,false,false,false,false,false,false,NEW_EXPANSION_COMPONENT,COVAPIE_EXPANSION_LEAKAGE_GROUP_45A65F5455FD9105,,false,HUMAN_REVIEW_REQUIRED,"[""PRE_CHEMISTRY_NOT_PRODUCTION_AUTHORITATIVE"",""NO_FAMILY_LEVEL_AUTO_ADMISSION"",""NO_SINGLE_EXACT_RULE_MATCHED_EVERY_EVENT;HUMAN_REVIEW_RETAINED""]"
301,FROZEN_FIRST500,COVAPIE_CYS_SG_EVENT_V1:2JU4:A:CYS:50-:SG:F:RCY:C1S,2JU4,RCY,A,,CYS,50,SG,F,C1S,PASSED,PASSED,PASSED_EXPLICIT_EVENT,PASSED,UNRESOLVED_HUMAN_REVIEW,,,,NO_POSITIVE_AUTHORITY,false,false,false,,true,false,true,,false,,false,false,false,false,false,false,false,NEW_EXPANSION_COMPONENT,COVAPIE_EXPANSION_LEAKAGE_GROUP_45A65F5455FD9105,,false,HUMAN_REVIEW_REQUIRED,"[""PRE_CHEMISTRY_NOT_PRODUCTION_AUTHORITATIVE"",""NO_FAMILY_LEVEL_AUTO_ADMISSION"",""NO_SINGLE_EXACT_RULE_MATCHED_EVERY_EVENT;HUMAN_REVIEW_RETAINED""]"
302,FROZEN_FIRST500,COVAPIE_CYS_SG_EVENT_V1:2JU4:A:CYS:60-:SG:G:RCY:C1S,2JU4,RCY,A,,CYS,60,SG,G,C1S,PASSED,PASSED,PASSED_EXPLICIT_EVENT,PASSED,UNRESOLVED_HUMAN_REVIEW,,,,NO_POSITIVE_AUTHORITY,false,false,false,,true,false,true,,false,,false,false,false,false,false,false,false,NEW_EXPANSION_COMPONENT,COVAPIE_EXPANSION_LEAKAGE_GROUP_45A65F5455FD9105,,false,HUMAN_REVIEW_REQUIRED,"[""PRE_CHEMISTRY_NOT_PRODUCTION_AUTHORITATIVE"",""NO_FAMILY_LEVEL_AUTO_ADMISSION"",""NO_SINGLE_EXACT_RULE_MATCHED_EVERY_EVENT;HUMAN_REVIEW_RETAINED""]"
303,FROZEN_FIRST500,COVAPIE_CYS_SG_EVENT_V1:2JU4:A:CYS:68-:SG:H:RCY:C1S,2JU4,RCY,A,,CYS,68,SG,H,C1S,PASSED,PASSED,PASSED_EXPLICIT_EVENT,PASSED,UNRESOLVED_HUMAN_REVIEW,,,,NO_POSITIVE_AUTHORITY,false,false,false,,true,false,true,,false,,false,false,false,false,false,false,false,NEW_EXPANSION_COMPONENT,COVAPIE_EXPANSION_LEAKAGE_GROUP_45A65F5455FD9105,,false,HUMAN_REVIEW_REQUIRED,"[""PRE_CHEMISTRY_NOT_PRODUCTION_AUTHORITATIVE"",""NO_FAMILY_LEVEL_AUTO_ADMISSION"",""NO_SINGLE_EXACT_RULE_MATCHED_EVERY_EVENT;HUMAN_REVIEW_RETAINED""]"
304,FROZEN_FIRST500,COVAPIE_CYS_SG_EVENT_V1:2JU4:A:CYS:73-:SG:I:RCY:C1S,2JU4,RCY,A,,CYS,73,SG,I,C1S,PASSED,PASSED,PASSED_EXPLICIT_EVENT,PASSED,UNRESOLVED_HUMAN_REVIEW,,,,NO_POSITIVE_AUTHORITY,false,false,false,,true,false,true,,false,,false,false,false,false,false,false,false,NEW_EXPANSION_COMPONENT,COVAPIE_EXPANSION_LEAKAGE_GROUP_45A65F5455FD9105,,false,HUMAN_REVIEW_REQUIRED,"[""PRE_CHEMISTRY_NOT_PRODUCTION_AUTHORITATIVE"",""NO_FAMILY_LEVEL_AUTO_ADMISSION"",""NO_SINGLE_EXACT_RULE_MATCHED_EVERY_EVENT;HUMAN_REVIEW_RETAINED""]"
305,FROZEN_FIRST500,COVAPIE_CYS_SG_EVENT_V1:2JU4:A:CYS:76-:SG:J:RCY:C1S,2JU4,RCY,A,,CYS,76,SG,J,C1S,PASSED,PASSED,PASSED_EXPLICIT_EVENT,PASSED,UNRESOLVED_HUMAN_REVIEW,,,,NO_POSITIVE_AUTHORITY,false,false,false,,true,false,true,,false,,false,false,false,false,false,false,false,NEW_EXPANSION_COMPONENT,COVAPIE_EXPANSION_LEAKAGE_GROUP_45A65F5455FD9105,,false,HUMAN_REVIEW_REQUIRED,"[""PRE_CHEMISTRY_NOT_PRODUCTION_AUTHORITATIVE"",""NO_FAMILY_LEVEL_AUTO_ADMISSION"",""NO_SINGLE_EXACT_RULE_MATCHED_EVERY_EVENT;HUMAN_REVIEW_RETAINED""]"
306,FROZEN_FIRST500,COVAPIE_CYS_SG_EVENT_V1:2JU4:A:CYS:87-:SG:K:RCY:C1S,2JU4,RCY,A,,CYS,87,SG,K,C1S,PASSED,PASSED,PASSED_EXPLICIT_EVENT,PASSED,UNRESOLVED_HUMAN_REVIEW,,,,NO_POSITIVE_AUTHORITY,false,false,false,,true,false,true,,false,,false,false,false,false,false,false,false,NEW_EXPANSION_COMPONENT,COVAPIE_EXPANSION_LEAKAGE_GROUP_45A65F5455FD9105,,false,HUMAN_REVIEW_REQUIRED,"[""PRE_CHEMISTRY_NOT_PRODUCTION_AUTHORITATIVE"",""NO_FAMILY_LEVEL_AUTO_ADMISSION"",""NO_SINGLE_EXACT_RULE_MATCHED_EVERY_EVENT;HUMAN_REVIEW_RETAINED""]"
307,FROZEN_FIRST500,COVAPIE_CYS_SG_EVENT_V1:2LP8:B:CYS:1003-:SG:C:33B:C1,2LP8,33B,B,,CYS,1003,SG,C,C1,PASSED,PASSED,PASSED_EXPLICIT_EVENT,PASSED,NOT_APPLICABLE_BLOCKED_STRUCTURAL_OR_LEAKAGE,,,,NO_POSITIVE_AUTHORITY,false,false,false,,true,false,true,,false,,false,false,false,false,false,false,false,LEAKAGE_EVIDENCE_INCOMPLETE,,,false,QUARANTINE_REPRESENTATION_GAP,"[""PRE_ONLY_ATOMS_CANNOT_BE_DROPPED_OR_GIVEN_COORDINATES"",""BOUND_STRUCTURAL_EXECUTION_OUTCOME_RETAINED""]"
308,FROZEN_FIRST500,COVAPIE_CYS_SG_EVENT_V1:2LP8:B:CYS:1014-:SG:C:33B:C20,2LP8,33B,B,,CYS,1014,SG,C,C20,PASSED,PASSED,PASSED_EXPLICIT_EVENT,PASSED,NOT_APPLICABLE_BLOCKED_STRUCTURAL_OR_LEAKAGE,,,,NO_POSITIVE_AUTHORITY,false,false,false,,true,false,true,,false,,false,false,false,false,false,false,false,LEAKAGE_EVIDENCE_INCOMPLETE,,,false,QUARANTINE_REPRESENTATION_GAP,"[""PRE_ONLY_ATOMS_CANNOT_BE_DROPPED_OR_GIVEN_COORDINATES"",""BOUND_STRUCTURAL_EXECUTION_OUTCOME_RETAINED""]"
309,FROZEN_FIRST500,COVAPIE_CYS_SG_EVENT_V1:2LXY:A:CYS:34-:SG:B:HTS:S1,2LXY,HTS,A,,CYS,34,SG,B,S1,PASSED,UNAVAILABLE,FAILED_CLOSED,NOT_REACHED,NOT_APPLICABLE_BLOCKED_STRUCTURAL_OR_LEAKAGE,,,,NO_POSITIVE_AUTHORITY,false,false,false,,false,false,false,,false,,false,false,false,false,false,false,false,LEAKAGE_EVIDENCE_INCOMPLETE,,,false,STRUCTURAL_EVIDENCE_INCOMPLETE,"[""MMCIF_EXACT_CYS_SG_STRUCT_CONN_NOT_RECOVERED"",""BOUND_STRUCTURAL_EXECUTION_OUTCOME_RETAINED""]"
310,FROZEN_FIRST500,COVAPIE_CYS_SG_EVENT_V1:2M0Z:A:CYS:22-:SG:B:33B:C1,2M0Z,33B,A,,CYS,22,SG,B,C1,PASSED,PASSED,PASSED_EXPLICIT_EVENT,PASSED,NOT_APPLICABLE_BLOCKED_STRUCTURAL_OR_LEAKAGE,,,,NO_POSITIVE_AUTHORITY,false,false,false,,true,false,true,,false,,false,false,false,false,false,false,false,NEW_EXPANSION_COMPONENT,COVAPIE_EXPANSION_LEAKAGE_GROUP_7A5B19F11FBB71D8,,false,QUARANTINE_REPRESENTATION_GAP,"[""PRE_ONLY_ATOMS_CANNOT_BE_DROPPED_OR_GIVEN_COORDINATES"",""BOUND_STRUCTURAL_EXECUTION_OUTCOME_RETAINED""]"
311,FROZEN_FIRST500,COVAPIE_CYS_SG_EVENT_V1:2M0Z:A:CYS:77-:SG:B:33B:C20,2M0Z,33B,A,,CYS,77,SG,B,C20,PASSED,PASSED,PASSED_EXPLICIT_EVENT,PASSED,NOT_APPLICABLE_BLOCKED_STRUCTURAL_OR_LEAKAGE,,,,NO_POSITIVE_AUTHORITY,false,false,false,,true,false,true,,false,,false,false,false,false,false,false,false,NEW_EXPANSION_COMPONENT,COVAPIE_EXPANSION_LEAKAGE_GROUP_7A5B19F11FBB71D8,,false,QUARANTINE_REPRESENTATION_GAP,"[""PRE_ONLY_ATOMS_CANNOT_BE_DROPPED_OR_GIVEN_COORDINATES"",""BOUND_STRUCTURAL_EXECUTION_OUTCOME_RETAINED""]"
312,FROZEN_FIRST500,COVAPIE_CYS_SG_EVENT_V1:2M10:A:CYS:22-:SG:B:33B:C1,2M10,33B,A,,CYS,22,SG,B,C1,PASSED,PASSED,PASSED_EXPLICIT_EVENT,PASSED,NOT_APPLICABLE_BLOCKED_STRUCTURAL_OR_LEAKAGE,,,,NO_POSITIVE_AUTHORITY,false,false,false,,true,false,true,,false,,false,false,false,false,false,false,false,NEW_EXPANSION_COMPONENT,COVAPIE_EXPANSION_LEAKAGE_GROUP_7A5B19F11FBB71D8,,false,QUARANTINE_REPRESENTATION_GAP,"[""PRE_ONLY_ATOMS_CANNOT_BE_DROPPED_OR_GIVEN_COORDINATES"",""BOUND_STRUCTURAL_EXECUTION_OUTCOME_RETAINED""]"
313,FROZEN_FIRST500,COVAPIE_CYS_SG_EVENT_V1:2M10:A:CYS:77-:SG:B:33B:C20,2M10,33B,A,,CYS,77,SG,B,C20,PASSED,PASSED,PASSED_EXPLICIT_EVENT,PASSED,NOT_APPLICABLE_BLOCKED_STRUCTURAL_OR_LEAKAGE,,,,NO_POSITIVE_AUTHORITY,false,false,false,,true,false,true,,false,,false,false,false,false,false,false,false,NEW_EXPANSION_COMPONENT,COVAPIE_EXPANSION_LEAKAGE_GROUP_7A5B19F11FBB71D8,,false,QUARANTINE_REPRESENTATION_GAP,"[""PRE_ONLY_ATOMS_CANNOT_BE_DROPPED_OR_GIVEN_COORDINATES"",""BOUND_STRUCTURAL_EXECUTION_OUTCOME_RETAINED""]"
314,FROZEN_FIRST500,COVAPIE_CYS_SG_EVENT_V1:2MLM:A:CYS:126-:SG:B:2W7:S2,2MLM,2W7,A,,CYS,126,SG,B,S2,PASSED,UNAVAILABLE,FAILED_CLOSED,NOT_REACHED,NOT_APPLICABLE_BLOCKED_STRUCTURAL_OR_LEAKAGE,,,,NO_POSITIVE_AUTHORITY,false,false,false,,false,false,false,,false,,false,false,false,false,false,false,false,LEAKAGE_EVIDENCE_INCOMPLETE,,,false,STRUCTURAL_EVIDENCE_INCOMPLETE,"[""MMCIF_EXACT_CYS_SG_STRUCT_CONN_NOT_RECOVERED"",""BOUND_STRUCTURAL_EXECUTION_OUTCOME_RETAINED""]"
315,FROZEN_FIRST500,COVAPIE_CYS_SG_EVENT_V1:2NQG:A:CYS:115-:SG:D:NQG:CBT,2NQG,NQG,A,,CYS,115,SG,D,CBT,PASSED,PASSED,PASSED_EXPLICIT_EVENT,PASSED,UNRESOLVED_HUMAN_REVIEW,,,,NO_POSITIVE_AUTHORITY,false,false,false,,true,false,true,,false,,false,false,false,false,false,false,false,LEAKAGE_EVIDENCE_INCOMPLETE,,,false,HUMAN_REVIEW_REQUIRED,"[""PRE_CHEMISTRY_NOT_PRODUCTION_AUTHORITATIVE"",""NO_FAMILY_LEVEL_AUTO_ADMISSION"",""NO_SINGLE_EXACT_RULE_MATCHED_EVERY_EVENT;HUMAN_REVIEW_RETAINED""]"
316,FROZEN_FIRST500,COVAPIE_CYS_SG_EVENT_V1:2NQI:A:CYS:115-:SG:D:NQI:CBS,2NQI,NQI,A,,CYS,115,SG,D,CBS,PASSED,PASSED,PASSED_EXPLICIT_EVENT,PASSED,UNRESOLVED_HUMAN_REVIEW,,,,NO_POSITIVE_AUTHORITY,false,false,false,,true,false,true,,false,,false,false,false,false,false,false,false,LEAKAGE_EVIDENCE_INCOMPLETE,,,false,HUMAN_REVIEW_REQUIRED,"[""PRE_CHEMISTRY_NOT_PRODUCTION_AUTHORITATIVE"",""NO_FAMILY_LEVEL_AUTO_ADMISSION"",""NO_SINGLE_EXACT_RULE_MATCHED_EVERY_EVENT;HUMAN_REVIEW_RETAINED""]"
317,FROZEN_FIRST500,COVAPIE_CYS_SG_EVENT_V1:2NTG:A:CYS:115-:SG:B:R7A:SD,2NTG,R7A,A,,CYS,115,SG,B,SD,PASSED,UNAVAILABLE,FAILED_CLOSED,NOT_REACHED,NOT_APPLICABLE_BLOCKED_STRUCTURAL_OR_LEAKAGE,,,,NO_POSITIVE_AUTHORITY,false,false,false,,false,false,false,,false,,false,false,false,false,false,false,false,LEAKAGE_EVIDENCE_INCOMPLETE,,,false,STRUCTURAL_EVIDENCE_INCOMPLETE,"[""MMCIF_EXACT_CYS_SG_STRUCT_CONN_NOT_RECOVERED"",""BOUND_STRUCTURAL_EXECUTION_OUTCOME_RETAINED""]"
318,FROZEN_FIRST500,COVAPIE_CYS_SG_EVENT_V1:2OZ2:A:CYS:25-:SG:F:D1R:C27,2OZ2,D1R,A,,CYS,25,SG,F,C27,PASSED,PASSED,PASSED_EXPLICIT_EVENT,PASSED,NOT_APPLICABLE_BLOCKED_STRUCTURAL_OR_LEAKAGE,,,,NO_POSITIVE_AUTHORITY,false,false,false,,true,false,true,,false,,false,false,false,false,false,false,false,LEAKAGE_EXISTING_GROUP_CONFLICT,,,false,LEAKAGE_EXISTING_GROUP_CONFLICT,"[""LEAKAGE_EXISTING_GROUP_CONFLICT"",""BOUND_STRUCTURAL_EXECUTION_OUTCOME_RETAINED""]"
319,FROZEN_FIRST500,COVAPIE_CYS_SG_EVENT_V1:2P7U:A:CYS:25-:SG:B:D1R:C27,2P7U,D1R,A,,CYS,25,SG,B,C27,PASSED,PASSED,PASSED_EXPLICIT_EVENT,PASSED,NOT_APPLICABLE_BLOCKED_STRUCTURAL_OR_LEAKAGE,,,,NO_POSITIVE_AUTHORITY,false,false,false,,true,false,true,,false,,false,false,false,false,false,false,false,LEAKAGE_EXISTING_GROUP_CONFLICT,,,false,LEAKAGE_EXISTING_GROUP_CONFLICT,"[""LEAKAGE_EXISTING_GROUP_CONFLICT"",""BOUND_STRUCTURAL_EXECUTION_OUTCOME_RETAINED""]"
320,FROZEN_FIRST500,COVAPIE_CYS_SG_EVENT_V1:2P86:A:CYS:25-:SG:B:VS1:C22,2P86,VS1,A,,CYS,25,SG,B,C22,PASSED,PASSED,PASSED_EXPLICIT_EVENT,PASSED,NOT_APPLICABLE_BLOCKED_STRUCTURAL_OR_LEAKAGE,,,,NO_POSITIVE_AUTHORITY,false,false,false,,true,false,true,,false,,false,false,false,false,false,false,false,LEAKAGE_EXISTING_GROUP_CONFLICT,,,false,LEAKAGE_EXISTING_GROUP_CONFLICT,"[""LEAKAGE_EXISTING_GROUP_CONFLICT"",""BOUND_STRUCTURAL_EXECUTION_OUTCOME_RETAINED""]"
321,FROZEN_FIRST500,COVAPIE_CYS_SG_EVENT_V1:2QLQ:A:CYS:345-:SG:C:SR2:C51,2QLQ,SR2,A,,CYS,345,SG,C,C51,PASSED,PASSED,PASSED_EXPLICIT_EVENT,PASSED,UNRESOLVED_HUMAN_REVIEW,,,,NO_POSITIVE_AUTHORITY,false,false,false,,true,false,true,,false,,false,false,false,false,false,false,false,NEW_EXPANSION_COMPONENT,COVAPIE_EXPANSION_LEAKAGE_GROUP_B603B4C07705F93D,,false,HUMAN_REVIEW_REQUIRED,"[""PRE_CHEMISTRY_NOT_PRODUCTION_AUTHORITATIVE"",""NO_FAMILY_LEVEL_AUTO_ADMISSION"",""NO_SINGLE_EXACT_RULE_MATCHED_EVERY_EVENT;HUMAN_REVIEW_RETAINED""]"
322,FROZEN_FIRST500,COVAPIE_CYS_SG_EVENT_V1:2QLQ:A:CYS:483-:SG:D:SR2:C51,2QLQ,SR2,A,,CYS,483,SG,D,C51,PASSED,PASSED,PASSED_EXPLICIT_EVENT,PASSED,NOT_APPLICABLE_BLOCKED_STRUCTURAL_OR_LEAKAGE,,,,NO_POSITIVE_AUTHORITY,false,false,false,,true,false,true,,false,,false,false,false,false,false,false,false,NEW_EXPANSION_COMPONENT,COVAPIE_EXPANSION_LEAKAGE_GROUP_B603B4C07705F93D,,false,QUARANTINE_REPRESENTATION_GAP,"[""PRE_ONLY_ATOMS_CANNOT_BE_DROPPED_OR_GIVEN_COORDINATES"",""BOUND_STRUCTURAL_EXECUTION_OUTCOME_RETAINED""]"
323,FROZEN_FIRST500,COVAPIE_CYS_SG_EVENT_V1:2QLQ:B:CYS:345-:SG:E:SR2:C51,2QLQ,SR2,B,,CYS,345,SG,E,C51,PASSED,PASSED,PASSED_EXPLICIT_EVENT,PASSED,UNRESOLVED_HUMAN_REVIEW,,,,NO_POSITIVE_AUTHORITY,false,false,false,,true,false,true,,false,,false,false,false,false,false,false,false,NEW_EXPANSION_COMPONENT,COVAPIE_EXPANSION_LEAKAGE_GROUP_B603B4C07705F93D,,false,HUMAN_REVIEW_REQUIRED,"[""PRE_CHEMISTRY_NOT_PRODUCTION_AUTHORITATIVE"",""NO_FAMILY_LEVEL_AUTO_ADMISSION"",""NO_SINGLE_EXACT_RULE_MATCHED_EVERY_EVENT;HUMAN_REVIEW_RETAINED""]"
324,FROZEN_FIRST500,COVAPIE_CYS_SG_EVENT_V1:2QNX:A:CYS:112-:SG:D:MDX:S1,2QNX,MDX,A,,CYS,112,SG,D,S1,PASSED,PASSED,PASSED_EXPLICIT_EVENT,PASSED,NOT_APPLICABLE_BLOCKED_STRUCTURAL_OR_LEAKAGE,,,,NO_POSITIVE_AUTHORITY,false,false,false,,true,false,true,,false,,false,false,false,false,false,false,false,LEAKAGE_EXISTING_GROUP_CONFLICT,,,false,LEAKAGE_EXISTING_GROUP_CONFLICT,"[""LEAKAGE_EXISTING_GROUP_CONFLICT"",""BOUND_STRUCTURAL_EXECUTION_OUTCOME_RETAINED""]"
325,FROZEN_FIRST500,COVAPIE_CYS_SG_EVENT_V1:2QNX:B:CYS:112-:SG:F:MDX:S1,2QNX,MDX,B,,CYS,112,SG,F,S1,PASSED,PASSED,PASSED_EXPLICIT_EVENT,PASSED,NOT_APPLICABLE_BLOCKED_STRUCTURAL_OR_LEAKAGE,,,,NO_POSITIVE_AUTHORITY,false,false,false,,true,false,true,,false,,false,false,false,false,false,false,false,LEAKAGE_EXISTING_GROUP_CONFLICT,,,false,LEAKAGE_EXISTING_GROUP_CONFLICT,"[""LEAKAGE_EXISTING_GROUP_CONFLICT"",""BOUND_STRUCTURAL_EXECUTION_OUTCOME_RETAINED""]"
326,FROZEN_FIRST500,COVAPIE_CYS_SG_EVENT_V1:2QNY:A:CYS:112-:SG:C:DFD:C1,2QNY,DFD,A,,CYS,112,SG,C,C1,PASSED,PASSED,PASSED_EXPLICIT_EVENT,PASSED,NOT_APPLICABLE_BLOCKED_STRUCTURAL_OR_LEAKAGE,,,,NO_POSITIVE_AUTHORITY,false,false,false,,true,false,true,,false,,false,false,false,false,false,false,false,LEAKAGE_EXISTING_GROUP_CONFLICT,,,false,LEAKAGE_EXISTING_GROUP_CONFLICT,"[""LEAKAGE_EXISTING_GROUP_CONFLICT"",""BOUND_STRUCTURAL_EXECUTION_OUTCOME_RETAINED""]"
327,FROZEN_FIRST500,COVAPIE_CYS_SG_EVENT_V1:2QNY:A:CYS:154-:SG:E:BME:S2,2QNY,BME,A,,CYS,154,SG,E,S2,PASSED,PASSED,PASSED_EXPLICIT_EVENT,PASSED,NOT_APPLICABLE_BLOCKED_STRUCTURAL_OR_LEAKAGE,,,,NO_POSITIVE_AUTHORITY,false,false,false,,true,false,true,,false,,false,false,false,false,false,false,false,LEAKAGE_EXISTING_GROUP_CONFLICT,,,false,LEAKAGE_EXISTING_GROUP_CONFLICT,"[""LEAKAGE_EXISTING_GROUP_CONFLICT"",""BOUND_STRUCTURAL_EXECUTION_OUTCOME_RETAINED""]"
328,FROZEN_FIRST500,COVAPIE_CYS_SG_EVENT_V1:2QNY:A:CYS:23-:SG:D:BME:S2,2QNY,BME,A,,CYS,23,SG,D,S2,PASSED,PASSED,PASSED_EXPLICIT_EVENT,PASSED,NOT_APPLICABLE_BLOCKED_STRUCTURAL_OR_LEAKAGE,,,,NO_POSITIVE_AUTHORITY,false,false,false,,true,false,true,,false,,false,false,false,false,false,false,false,LEAKAGE_EXISTING_GROUP_CONFLICT,,,false,LEAKAGE_EXISTING_GROUP_CONFLICT,"[""LEAKAGE_EXISTING_GROUP_CONFLICT"",""BOUND_STRUCTURAL_EXECUTION_OUTCOME_RETAINED""]"
329,FROZEN_FIRST500,COVAPIE_CYS_SG_EVENT_V1:2QNY:B:CYS:112-:SG:F:DFD:C1,2QNY,DFD,B,,CYS,112,SG,F,C1,PASSED,PASSED,PASSED_EXPLICIT_EVENT,PASSED,NOT_APPLICABLE_BLOCKED_STRUCTURAL_OR_LEAKAGE,,,,NO_POSITIVE_AUTHORITY,false,false,false,,true,false,true,,false,,false,false,false,false,false,false,false,LEAKAGE_EXISTING_GROUP_CONFLICT,,,false,LEAKAGE_EXISTING_GROUP_CONFLICT,"[""LEAKAGE_EXISTING_GROUP_CONFLICT"",""BOUND_STRUCTURAL_EXECUTION_OUTCOME_RETAINED""]"
330,FROZEN_FIRST500,COVAPIE_CYS_SG_EVENT_V1:2QNY:B:CYS:23-:SG:G:BME:S2,2QNY,BME,B,,CYS,23,SG,G,S2,PASSED,PASSED,PASSED_EXPLICIT_EVENT,PASSED,NOT_APPLICABLE_BLOCKED_STRUCTURAL_OR_LEAKAGE,,,,NO_POSITIVE_AUTHORITY,false,false,false,,true,false,true,,false,,false,false,false,false,false,false,false,LEAKAGE_EXISTING_GROUP_CONFLICT,,,false,LEAKAGE_EXISTING_GROUP_CONFLICT,"[""LEAKAGE_EXISTING_GROUP_CONFLICT"",""BOUND_STRUCTURAL_EXECUTION_OUTCOME_RETAINED""]"
331,FROZEN_FIRST500,COVAPIE_CYS_SG_EVENT_V1:2QNZ:A:CYS:112-:SG:C:DFD:C1,2QNZ,DFD,A,,CYS,112,SG,C,C1,PASSED,PASSED,PASSED_EXPLICIT_EVENT,PASSED,NOT_APPLICABLE_BLOCKED_STRUCTURAL_OR_LEAKAGE,,,,NO_POSITIVE_AUTHORITY,false,false,false,,true,false,true,,false,,false,false,false,false,false,false,false,LEAKAGE_EXISTING_GROUP_CONFLICT,,,false,LEAKAGE_EXISTING_GROUP_CONFLICT,"[""LEAKAGE_EXISTING_GROUP_CONFLICT"",""BOUND_STRUCTURAL_EXECUTION_OUTCOME_RETAINED""]"
332,FROZEN_FIRST500,COVAPIE_CYS_SG_EVENT_V1:2QNZ:A:CYS:154-:SG:D:BME:S2,2QNZ,BME,A,,CYS,154,SG,D,S2,PASSED,PASSED,PASSED_EXPLICIT_EVENT,PASSED,NOT_APPLICABLE_BLOCKED_STRUCTURAL_OR_LEAKAGE,,,,NO_POSITIVE_AUTHORITY,false,false,false,,true,false,true,,false,,false,false,false,false,false,false,false,LEAKAGE_EXISTING_GROUP_CONFLICT,,,false,LEAKAGE_EXISTING_GROUP_CONFLICT,"[""LEAKAGE_EXISTING_GROUP_CONFLICT"",""BOUND_STRUCTURAL_EXECUTION_OUTCOME_RETAINED""]"
333,FROZEN_FIRST500,COVAPIE_CYS_SG_EVENT_V1:2QNZ:B:CYS:112-:SG:E:DFD:C1,2QNZ,DFD,B,,CYS,112,SG,E,C1,PASSED,PASSED,PASSED_EXPLICIT_EVENT,PASSED,NOT_APPLICABLE_BLOCKED_STRUCTURAL_OR_LEAKAGE,,,,NO_POSITIVE_AUTHORITY,false,false,false,,true,false,true,,false,,false,false,false,false,false,false,false,LEAKAGE_EXISTING_GROUP_CONFLICT,,,false,LEAKAGE_EXISTING_GROUP_CONFLICT,"[""LEAKAGE_EXISTING_GROUP_CONFLICT"",""BOUND_STRUCTURAL_EXECUTION_OUTCOME_RETAINED""]"
334,FROZEN_FIRST500,COVAPIE_CYS_SG_EVENT_V1:2QNZ:B:CYS:154-:SG:F:BME:S2,2QNZ,BME,B,,CYS,154,SG,F,S2,PASSED,PASSED,PASSED_EXPLICIT_EVENT,PASSED,NOT_APPLICABLE_BLOCKED_STRUCTURAL_OR_LEAKAGE,,,,NO_POSITIVE_AUTHORITY,false,false,false,,true,false,true,,false,,false,false,false,false,false,false,false,LEAKAGE_EXISTING_GROUP_CONFLICT,,,false,LEAKAGE_EXISTING_GROUP_CONFLICT,"[""LEAKAGE_EXISTING_GROUP_CONFLICT"",""BOUND_STRUCTURAL_EXECUTION_OUTCOME_RETAINED""]"
335,FROZEN_FIRST500,COVAPIE_CYS_SG_EVENT_V1:2QO0:A:CYS:112-:SG:C:D1T:S1,2QO0,D1T,A,,CYS,112,SG,C,S1,PASSED,PASSED,PASSED_EXPLICIT_EVENT,PASSED,NOT_APPLICABLE_BLOCKED_STRUCTURAL_OR_LEAKAGE,,,,NO_POSITIVE_AUTHORITY,false,false,false,,true,false,true,,false,,false,false,false,false,false,false,false,LEAKAGE_EXISTING_GROUP_CONFLICT,,,false,LEAKAGE_EXISTING_GROUP_CONFLICT,"[""LEAKAGE_EXISTING_GROUP_CONFLICT"",""BOUND_STRUCTURAL_EXECUTION_OUTCOME_RETAINED""]"
336,FROZEN_FIRST500,COVAPIE_CYS_SG_EVENT_V1:2QO0:B:CYS:112-:SG:D:D1T:S1,2QO0,D1T,B,,CYS,112,SG,D,S1,PASSED,PASSED,PASSED_EXPLICIT_EVENT,PASSED,NOT_APPLICABLE_BLOCKED_STRUCTURAL_OR_LEAKAGE,,,,NO_POSITIVE_AUTHORITY,false,false,false,,true,false,true,,false,,false,false,false,false,false,false,false,LEAKAGE_EXISTING_GROUP_CONFLICT,,,false,LEAKAGE_EXISTING_GROUP_CONFLICT,"[""LEAKAGE_EXISTING_GROUP_CONFLICT"",""BOUND_STRUCTURAL_EXECUTION_OUTCOME_RETAINED""]"
337,FROZEN_FIRST500,COVAPIE_CYS_SG_EVENT_V1:2QQ7:A:CYS:345-:SG:C:SR2:C51,2QQ7,SR2,A,,CYS,345,SG,C,C51,PASSED,PASSED,PASSED_EXPLICIT_EVENT,PASSED,UNRESOLVED_HUMAN_REVIEW,,,,NO_POSITIVE_AUTHORITY,false,false,false,,true,false,true,,false,,false,false,false,false,false,false,false,NEW_EXPANSION_COMPONENT,COVAPIE_EXPANSION_LEAKAGE_GROUP_B603B4C07705F93D,,false,HUMAN_REVIEW_REQUIRED,"[""PRE_CHEMISTRY_NOT_PRODUCTION_AUTHORITATIVE"",""NO_FAMILY_LEVEL_AUTO_ADMISSION"",""NO_SINGLE_EXACT_RULE_MATCHED_EVERY_EVENT;HUMAN_REVIEW_RETAINED""]"
338,FROZEN_FIRST500,COVAPIE_CYS_SG_EVENT_V1:2QQ7:B:CYS:345-:SG:D:SR2:C51,2QQ7,SR2,B,,CYS,345,SG,D,C51,PASSED,PASSED,PASSED_EXPLICIT_EVENT,PASSED,UNRESOLVED_HUMAN_REVIEW,,,,NO_POSITIVE_AUTHORITY,false,false,false,,true,false,true,,false,,false,false,false,false,false,false,false,NEW_EXPANSION_COMPONENT,COVAPIE_EXPANSION_LEAKAGE_GROUP_B603B4C07705F93D,,false,HUMAN_REVIEW_REQUIRED,"[""PRE_CHEMISTRY_NOT_PRODUCTION_AUTHORITATIVE"",""NO_FAMILY_LEVEL_AUTO_ADMISSION"",""NO_SINGLE_EXACT_RULE_MATCHED_EVERY_EVENT;HUMAN_REVIEW_RETAINED""]"
339,FROZEN_FIRST500,COVAPIE_CYS_SG_EVENT_V1:2QX1:A:CYS:112-:SG:D:D1T:S1,2QX1,D1T,A,,CYS,112,SG,D,S1,PASSED,PASSED,PASSED_EXPLICIT_EVENT,PASSED,NOT_APPLICABLE_BLOCKED_STRUCTURAL_OR_LEAKAGE,,,,NO_POSITIVE_AUTHORITY,false,false,false,,true,false,true,,false,,false,false,false,false,false,false,false,LEAKAGE_EXISTING_GROUP_CONFLICT,,,false,LEAKAGE_EXISTING_GROUP_CONFLICT,"[""LEAKAGE_EXISTING_GROUP_CONFLICT"",""BOUND_STRUCTURAL_EXECUTION_OUTCOME_RETAINED""]"
340,FROZEN_FIRST500,COVAPIE_CYS_SG_EVENT_V1:2QX1:B:CYS:112-:SG:E:D1T:S1,2QX1,D1T,B,,CYS,112,SG,E,S1,PASSED,PASSED,PASSED_EXPLICIT_EVENT,PASSED,NOT_APPLICABLE_BLOCKED_STRUCTURAL_OR_LEAKAGE,,,,NO_POSITIVE_AUTHORITY,false,false,false,,true,false,true,,false,,false,false,false,false,false,false,false,LEAKAGE_EXISTING_GROUP_CONFLICT,,,false,LEAKAGE_EXISTING_GROUP_CONFLICT,"[""LEAKAGE_EXISTING_GROUP_CONFLICT"",""BOUND_STRUCTURAL_EXECUTION_OUTCOME_RETAINED""]"
341,FROZEN_FIRST500,COVAPIE_CYS_SG_EVENT_V1:2R6N:A:CYS:25-:SG:B:CKE:C09,2R6N,CKE,A,,CYS,25,SG,B,C09,PASSED,PASSED,PASSED_EXPLICIT_EVENT,PASSED,NOT_APPLICABLE_BLOCKED_STRUCTURAL_OR_LEAKAGE,,,,NO_POSITIVE_AUTHORITY,false,false,false,,true,false,true,,false,,false,false,false,false,false,false,false,LEAKAGE_EXISTING_GROUP_CONFLICT,,,false,LEAKAGE_EXISTING_GROUP_CONFLICT,"[""LEAKAGE_EXISTING_GROUP_CONFLICT"",""BOUND_STRUCTURAL_EXECUTION_OUTCOME_RETAINED""]"
342,FROZEN_FIRST500,COVAPIE_CYS_SG_EVENT_V1:2RL2:A:CYS:117-:SG:E:GG6:C2,2RL2,GG6,A,,CYS,117,SG,E,C2,PASSED,UNAVAILABLE,FAILED_CLOSED,NOT_REACHED,NOT_APPLICABLE_BLOCKED_STRUCTURAL_OR_LEAKAGE,,,,NO_POSITIVE_AUTHORITY,false,false,false,,false,false,false,,false,,false,false,false,false,false,false,false,LEAKAGE_EVIDENCE_INCOMPLETE,,,false,STRUCTURAL_EVIDENCE_INCOMPLETE,"[""MMCIF_EXACT_CYS_SG_STRUCT_CONN_NOT_RECOVERED"",""BOUND_STRUCTURAL_EXECUTION_OUTCOME_RETAINED""]"
343,FROZEN_FIRST500,COVAPIE_CYS_SG_EVENT_V1:2TOD:A:CYS:360-:SG:E:DMO:CO,2TOD,DMO,A,,CYS,360,SG,E,CO,PASSED,PASSED,PASSED_EXPLICIT_EVENT,PASSED,NOT_APPLICABLE_BLOCKED_STRUCTURAL_OR_LEAKAGE,,,,NO_POSITIVE_AUTHORITY,false,false,false,,true,false,true,,false,,false,false,false,false,false,false,false,NEW_EXPANSION_COMPONENT,COVAPIE_EXPANSION_LEAKAGE_GROUP_095783641E122FA3,,false,QUARANTINE_REPRESENTATION_GAP,"[""PRE_ONLY_ATOMS_CANNOT_BE_DROPPED_OR_GIVEN_COORDINATES"",""BOUND_STRUCTURAL_EXECUTION_OUTCOME_RETAINED""]"
344,FROZEN_FIRST500,COVAPIE_CYS_SG_EVENT_V1:2TOD:B:CYS:360-:SG:H:DMO:CO,2TOD,DMO,B,,CYS,360,SG,H,CO,PASSED,PASSED,PASSED_EXPLICIT_EVENT,PASSED,NOT_APPLICABLE_BLOCKED_STRUCTURAL_OR_LEAKAGE,,,,NO_POSITIVE_AUTHORITY,false,false,false,,true,false,true,,false,,false,false,false,false,false,false,false,NEW_EXPANSION_COMPONENT,COVAPIE_EXPANSION_LEAKAGE_GROUP_095783641E122FA3,,false,QUARANTINE_REPRESENTATION_GAP,"[""PRE_ONLY_ATOMS_CANNOT_BE_DROPPED_OR_GIVEN_COORDINATES"",""BOUND_STRUCTURAL_EXECUTION_OUTCOME_RETAINED""]"
345,FROZEN_FIRST500,COVAPIE_CYS_SG_EVENT_V1:2TOD:C:CYS:360-:SG:I:DMO:CO,2TOD,DMO,C,,CYS,360,SG,I,CO,PASSED,PASSED,PASSED_EXPLICIT_EVENT,PASSED,NOT_APPLICABLE_BLOCKED_STRUCTURAL_OR_LEAKAGE,,,,NO_POSITIVE_AUTHORITY,false,false,false,,true,false,true,,false,,false,false,false,false,false,false,false,NEW_EXPANSION_COMPONENT,COVAPIE_EXPANSION_LEAKAGE_GROUP_095783641E122FA3,,false,QUARANTINE_REPRESENTATION_GAP,"[""PRE_ONLY_ATOMS_CANNOT_BE_DROPPED_OR_GIVEN_COORDINATES"",""BOUND_STRUCTURAL_EXECUTION_OUTCOME_RETAINED""]"
346,FROZEN_FIRST500,COVAPIE_CYS_SG_EVENT_V1:2TOD:D:CYS:360-:SG:L:DMO:CO,2TOD,DMO,D,,CYS,360,SG,L,CO,PASSED,PASSED,PASSED_EXPLICIT_EVENT,PASSED,NOT_APPLICABLE_BLOCKED_STRUCTURAL_OR_LEAKAGE,,,,NO_POSITIVE_AUTHORITY,false,false,false,,true,false,true,,false,,false,false,false,false,false,false,false,NEW_EXPANSION_COMPONENT,COVAPIE_EXPANSION_LEAKAGE_GROUP_095783641E122FA3,,false,QUARANTINE_REPRESENTATION_GAP,"[""PRE_ONLY_ATOMS_CANNOT_BE_DROPPED_OR_GIVEN_COORDINATES"",""BOUND_STRUCTURAL_EXECUTION_OUTCOME_RETAINED""]"
347,FROZEN_FIRST500,COVAPIE_CYS_SG_EVENT_V1:2UZJ:A:CYS:47-:SG:C:E64:C2,2UZJ,E64,A,,CYS,47,SG,C,C2,PASSED,PASSED,PASSED_EXPLICIT_EVENT,PASSED,NOT_APPLICABLE_BLOCKED_STRUCTURAL_OR_LEAKAGE,,,,NO_POSITIVE_AUTHORITY,false,false,false,,true,false,true,,false,,false,false,false,false,false,false,false,LEAKAGE_EXISTING_GROUP_CONFLICT,,,false,LEAKAGE_EXISTING_GROUP_CONFLICT,"[""LEAKAGE_EXISTING_GROUP_CONFLICT"",""BOUND_STRUCTURAL_EXECUTION_OUTCOME_RETAINED""]"
348,FROZEN_FIRST500,COVAPIE_CYS_SG_EVENT_V1:2UZJ:B:CYS:47-:SG:D:E64:C2,2UZJ,E64,B,,CYS,47,SG,D,C2,PASSED,PASSED,PASSED_EXPLICIT_EVENT,PASSED,NOT_APPLICABLE_BLOCKED_STRUCTURAL_OR_LEAKAGE,,,,NO_POSITIVE_AUTHORITY,false,false,false,,true,false,true,,false,,false,false,false,false,false,false,false,LEAKAGE_EXISTING_GROUP_CONFLICT,,,false,LEAKAGE_EXISTING_GROUP_CONFLICT,"[""LEAKAGE_EXISTING_GROUP_CONFLICT"",""BOUND_STRUCTURAL_EXECUTION_OUTCOME_RETAINED""]"
349,FROZEN_FIRST500,COVAPIE_CYS_SG_EVENT_V1:2V6N:A:CYS:145-:SG:B:XP1:CAC,2V6N,XP1,A,,CYS,145,SG,B,CAC,PASSED,UNAVAILABLE,FAILED_CLOSED,NOT_REACHED,NOT_APPLICABLE_BLOCKED_STRUCTURAL_OR_LEAKAGE,,,,NO_POSITIVE_AUTHORITY,false,false,false,,false,false,false,,false,,false,false,false,false,false,false,false,LEAKAGE_EVIDENCE_INCOMPLETE,,,false,STRUCTURAL_EVIDENCE_INCOMPLETE,"[""MMCIF_EXACT_CYS_SG_STRUCT_CONN_NOT_RECOVERED"",""BOUND_STRUCTURAL_EXECUTION_OUTCOME_RETAINED""]"
350,FROZEN_FIRST500,COVAPIE_CYS_SG_EVENT_V1:2VJY:A:CYS:221-:SG:H:ALK:C2,2VJY,ALK,A,,CYS,221,SG,H,C2,PASSED,PASSED,PASSED_EXPLICIT_EVENT,PASSED,UNRESOLVED_HUMAN_REVIEW,,,,NO_POSITIVE_AUTHORITY,false,false,false,,true,false,true,,false,,false,false,false,false,false,false,false,NEW_EXPANSION_COMPONENT,COVAPIE_EXPANSION_LEAKAGE_GROUP_118D4B3C40317F91,,false,HUMAN_REVIEW_REQUIRED,"[""PRE_CHEMISTRY_NOT_PRODUCTION_AUTHORITATIVE"",""NO_FAMILY_LEVEL_AUTO_ADMISSION"",""NO_SINGLE_EXACT_RULE_MATCHED_EVERY_EVENT;HUMAN_REVIEW_RETAINED""]"
351,FROZEN_FIRST500,COVAPIE_CYS_SG_EVENT_V1:2VJY:B:CYS:221-:SG:M:ALK:C2,2VJY,ALK,B,,CYS,221,SG,M,C2,PASSED,PASSED,PASSED_EXPLICIT_EVENT,PASSED,UNRESOLVED_HUMAN_REVIEW,,,,NO_POSITIVE_AUTHORITY,false,false,false,,true,false,true,,false,,false,false,false,false,false,false,false,NEW_EXPANSION_COMPONENT,COVAPIE_EXPANSION_LEAKAGE_GROUP_118D4B3C40317F91,,false,HUMAN_REVIEW_REQUIRED,"[""PRE_CHEMISTRY_NOT_PRODUCTION_AUTHORITATIVE"",""NO_FAMILY_LEVEL_AUTO_ADMISSION"",""NO_SINGLE_EXACT_RULE_MATCHED_EVERY_EVENT;HUMAN_REVIEW_RETAINED""]"
352,FROZEN_FIRST500,COVAPIE_CYS_SG_EVENT_V1:2VJY:C:CYS:221-:SG:R:ALK:C2,2VJY,ALK,C,,CYS,221,SG,R,C2,PASSED,PASSED,PASSED_EXPLICIT_EVENT,PASSED,UNRESOLVED_HUMAN_REVIEW,,,,NO_POSITIVE_AUTHORITY,false,false,false,,true,false,true,,false,,false,false,false,false,false,false,false,NEW_EXPANSION_COMPONENT,COVAPIE_EXPANSION_LEAKAGE_GROUP_118D4B3C40317F91,,false,HUMAN_REVIEW_REQUIRED,"[""PRE_CHEMISTRY_NOT_PRODUCTION_AUTHORITATIVE"",""NO_FAMILY_LEVEL_AUTO_ADMISSION"",""NO_SINGLE_EXACT_RULE_MATCHED_EVERY_EVENT;HUMAN_REVIEW_RETAINED""]"
353,FROZEN_FIRST500,COVAPIE_CYS_SG_EVENT_V1:2VJY:D:CYS:221-:SG:W:ALK:C2,2VJY,ALK,D,,CYS,221,SG,W,C2,PASSED,PASSED,PASSED_EXPLICIT_EVENT,PASSED,UNRESOLVED_HUMAN_REVIEW,,,,NO_POSITIVE_AUTHORITY,false,false,false,,true,false,true,,false,,false,false,false,false,false,false,false,NEW_EXPANSION_COMPONENT,COVAPIE_EXPANSION_LEAKAGE_GROUP_118D4B3C40317F91,,false,HUMAN_REVIEW_REQUIRED,"[""PRE_CHEMISTRY_NOT_PRODUCTION_AUTHORITATIVE"",""NO_FAMILY_LEVEL_AUTO_ADMISSION"",""NO_SINGLE_EXACT_RULE_MATCHED_EVERY_EVENT;HUMAN_REVIEW_RETAINED""]"
354,FROZEN_FIRST500,COVAPIE_CYS_SG_EVENT_V1:2VV4:A:CYS:285-:SG:C:6OC:C8,2VV4,6OC,A,,CYS,285,SG,C,C8,PASSED,PASSED,PASSED_EXPLICIT_EVENT,PASSED,NOT_APPLICABLE_BLOCKED_STRUCTURAL_OR_LEAKAGE,,,,NO_POSITIVE_AUTHORITY,false,false,false,,true,false,true,,false,,false,false,false,false,false,false,false,NEW_EXPANSION_COMPONENT,COVAPIE_EXPANSION_LEAKAGE_GROUP_3157B39692D4D3EA,,false,QUARANTINE_REPRESENTATION_GAP,"[""PRE_ONLY_ATOMS_CANNOT_BE_DROPPED_OR_GIVEN_COORDINATES"",""BOUND_STRUCTURAL_EXECUTION_OUTCOME_RETAINED""]"
355,FROZEN_FIRST500,COVAPIE_CYS_SG_EVENT_V1:2VV4:B:CYS:285-:SG:D:6OB:C10,2VV4,6OB,B,,CYS,285,SG,D,C10,PASSED,PASSED,PASSED_EXPLICIT_EVENT,PASSED,NOT_APPLICABLE_BLOCKED_STRUCTURAL_OR_LEAKAGE,,,,NO_POSITIVE_AUTHORITY,false,false,false,,true,false,true,,false,,false,false,false,false,false,false,false,NEW_EXPANSION_COMPONENT,COVAPIE_EXPANSION_LEAKAGE_GROUP_3157B39692D4D3EA,,false,QUARANTINE_REPRESENTATION_GAP,"[""PRE_ONLY_ATOMS_CANNOT_BE_DROPPED_OR_GIVEN_COORDINATES"",""BOUND_STRUCTURAL_EXECUTION_OUTCOME_RETAINED""]"
356,FROZEN_FIRST500,COVAPIE_CYS_SG_EVENT_V1:2W93:B:CYS:221-:SG:L:PY0:C2,2W93,PY0,B,,CYS,221,SG,L,C2,PASSED,PASSED,PASSED_EXPLICIT_EVENT,PASSED,UNRESOLVED_HUMAN_REVIEW,,,,NO_POSITIVE_AUTHORITY,false,false,false,,true,false,true,,false,,false,false,false,false,false,false,false,NEW_EXPANSION_COMPONENT,COVAPIE_EXPANSION_LEAKAGE_GROUP_118D4B3C40317F91,,false,HUMAN_REVIEW_REQUIRED,"[""PRE_CHEMISTRY_NOT_PRODUCTION_AUTHORITATIVE"",""NO_FAMILY_LEVEL_AUTO_ADMISSION"",""NO_SINGLE_EXACT_RULE_MATCHED_EVERY_EVENT;HUMAN_REVIEW_RETAINED""]"
357,FROZEN_FIRST500,COVAPIE_CYS_SG_EVENT_V1:2W93:C:CYS:221-:SG:P:PY0:C2,2W93,PY0,C,,CYS,221,SG,P,C2,PASSED,PASSED,PASSED_EXPLICIT_EVENT,PASSED,UNRESOLVED_HUMAN_REVIEW,,,,NO_POSITIVE_AUTHORITY,false,false,false,,true,false,true,,false,,false,false,false,false,false,false,false,NEW_EXPANSION_COMPONENT,COVAPIE_EXPANSION_LEAKAGE_GROUP_118D4B3C40317F91,,false,HUMAN_REVIEW_REQUIRED,"[""PRE_CHEMISTRY_NOT_PRODUCTION_AUTHORITATIVE"",""NO_FAMILY_LEVEL_AUTO_ADMISSION"",""NO_SINGLE_EXACT_RULE_MATCHED_EVERY_EVENT;HUMAN_REVIEW_RETAINED""]"
358,FROZEN_FIRST500,COVAPIE_CYS_SG_EVENT_V1:2W93:D:CYS:221-:SG:T:PY0:C2,2W93,PY0,D,,CYS,221,SG,T,C2,PASSED,PASSED,PASSED_EXPLICIT_EVENT,PASSED,UNRESOLVED_HUMAN_REVIEW,,,,NO_POSITIVE_AUTHORITY,false,false,false,,true,false,true,,false,,false,false,false,false,false,false,false,NEW_EXPANSION_COMPONENT,COVAPIE_EXPANSION_LEAKAGE_GROUP_118D4B3C40317F91,,false,HUMAN_REVIEW_REQUIRED,"[""PRE_CHEMISTRY_NOT_PRODUCTION_AUTHORITATIVE"",""NO_FAMILY_LEVEL_AUTO_ADMISSION"",""NO_SINGLE_EXACT_RULE_MATCHED_EVERY_EVENT;HUMAN_REVIEW_RETAINED""]"
359,FROZEN_FIRST500,COVAPIE_CYS_SG_EVENT_V1:2WVP:A:CYS:209-:SG:B:420:C1,2WVP,420,A,,CYS,209,SG,B,C1,PASSED,PASSED,PASSED_EXPLICIT_EVENT,PASSED,NOT_APPLICABLE_BLOCKED_STRUCTURAL_OR_LEAKAGE,,,,NO_POSITIVE_AUTHORITY,false,false,false,,true,false,true,,false,,false,false,false,false,false,false,false,NEW_EXPANSION_COMPONENT,COVAPIE_EXPANSION_LEAKAGE_GROUP_DB5A9CEFB0D57AD7,,false,QUARANTINE_REPRESENTATION_GAP,"[""PRE_ONLY_ATOMS_CANNOT_BE_DROPPED_OR_GIVEN_COORDINATES"",""BOUND_STRUCTURAL_EXECUTION_OUTCOME_RETAINED""]"
360,FROZEN_FIRST500,COVAPIE_CYS_SG_EVENT_V1:2XLQ:A:CYS:215-:SG:E:34H:C2,2XLQ,34H,A,,CYS,215,SG,E,C2,PASSED,UNAVAILABLE,FAILED_CLOSED,NOT_REACHED,NOT_APPLICABLE_BLOCKED_STRUCTURAL_OR_LEAKAGE,,,,NO_POSITIVE_AUTHORITY,false,false,false,,false,false,false,,false,,false,false,false,false,false,false,false,LEAKAGE_EVIDENCE_INCOMPLETE,,,false,STRUCTURAL_EVIDENCE_INCOMPLETE,"[""MMCIF_EXACT_CYS_SG_STRUCT_CONN_NOT_RECOVERED"",""BOUND_STRUCTURAL_EXECUTION_OUTCOME_RETAINED""]"
361,FROZEN_FIRST500,COVAPIE_CYS_SG_EVENT_V1:2XM7:A:CYS:215-:SG:B:34H:C2,2XM7,34H,A,,CYS,215,SG,B,C2,PASSED,UNAVAILABLE,FAILED_CLOSED,NOT_REACHED,NOT_APPLICABLE_BLOCKED_STRUCTURAL_OR_LEAKAGE,,,,NO_POSITIVE_AUTHORITY,false,false,false,,false,false,false,,false,,false,false,false,false,false,false,false,LEAKAGE_EVIDENCE_INCOMPLETE,,,false,STRUCTURAL_EVIDENCE_INCOMPLETE,"[""MMCIF_EXACT_CYS_SG_STRUCT_CONN_NOT_RECOVERED"",""BOUND_STRUCTURAL_EXECUTION_OUTCOME_RETAINED""]"
362,FROZEN_FIRST500,COVAPIE_CYS_SG_EVENT_V1:2XU1:A:CYS:25-:SG:E:424:C15,2XU1,424,A,,CYS,25,SG,E,C15,PASSED,PASSED,PASSED_EXPLICIT_EVENT,PASSED,NOT_APPLICABLE_BLOCKED_STRUCTURAL_OR_LEAKAGE,,,,NO_POSITIVE_AUTHORITY,false,false,false,,true,false,true,,false,,false,false,false,false,false,false,false,LEAKAGE_EXISTING_GROUP_CONFLICT,,,false,LEAKAGE_EXISTING_GROUP_CONFLICT,"[""LEAKAGE_EXISTING_GROUP_CONFLICT"",""BOUND_STRUCTURAL_EXECUTION_OUTCOME_RETAINED""]"
363,FROZEN_FIRST500,COVAPIE_CYS_SG_EVENT_V1:2XU1:B:CYS:25-:SG:F:424:C15,2XU1,424,B,,CYS,25,SG,F,C15,PASSED,PASSED,PASSED_EXPLICIT_EVENT,PASSED,NOT_APPLICABLE_BLOCKED_STRUCTURAL_OR_LEAKAGE,,,,NO_POSITIVE_AUTHORITY,false,false,false,,true,false,true,,false,,false,false,false,false,false,false,false,LEAKAGE_EXISTING_GROUP_CONFLICT,,,false,LEAKAGE_EXISTING_GROUP_CONFLICT,"[""LEAKAGE_EXISTING_GROUP_CONFLICT"",""BOUND_STRUCTURAL_EXECUTION_OUTCOME_RETAINED""]"
364,FROZEN_FIRST500,COVAPIE_CYS_SG_EVENT_V1:2XU1:C:CYS:25-:SG:G:424:C15,2XU1,424,C,,CYS,25,SG,G,C15,PASSED,PASSED,PASSED_EXPLICIT_EVENT,PASSED,NOT_APPLICABLE_BLOCKED_STRUCTURAL_OR_LEAKAGE,,,,NO_POSITIVE_AUTHORITY,false,false,false,,true,false,true,,false,,false,false,false,false,false,false,false,LEAKAGE_EXISTING_GROUP_CONFLICT,,,false,LEAKAGE_EXISTING_GROUP_CONFLICT,"[""LEAKAGE_EXISTING_GROUP_CONFLICT"",""BOUND_STRUCTURAL_EXECUTION_OUTCOME_RETAINED""]"
365,FROZEN_FIRST500,COVAPIE_CYS_SG_EVENT_V1:2XU1:D:CYS:25-:SG:H:424:C15,2XU1,424,D,,CYS,25,SG,H,C15,PASSED,PASSED,PASSED_EXPLICIT_EVENT,PASSED,NOT_APPLICABLE_BLOCKED_STRUCTURAL_OR_LEAKAGE,,,,NO_POSITIVE_AUTHORITY,false,false,false,,true,false,true,,false,,false,false,false,false,false,false,false,LEAKAGE_EXISTING_GROUP_CONFLICT,,,false,LEAKAGE_EXISTING_GROUP_CONFLICT,"[""LEAKAGE_EXISTING_GROUP_CONFLICT"",""BOUND_STRUCTURAL_EXECUTION_OUTCOME_RETAINED""]"
366,FROZEN_FIRST500,COVAPIE_CYS_SG_EVENT_V1:2XU3:A:CYS:25-:SG:B:XU3:C19,2XU3,XU3,A,,CYS,25,SG,B,C19,PASSED,PASSED,PASSED_EXPLICIT_EVENT,PASSED,NOT_APPLICABLE_BLOCKED_STRUCTURAL_OR_LEAKAGE,,,,NO_POSITIVE_AUTHORITY,false,false,false,,true,false,true,,false,,false,false,false,false,false,false,false,LEAKAGE_EXISTING_GROUP_CONFLICT,,,false,LEAKAGE_EXISTING_GROUP_CONFLICT,"[""LEAKAGE_EXISTING_GROUP_CONFLICT"",""BOUND_STRUCTURAL_EXECUTION_OUTCOME_RETAINED""]"
367,FROZEN_FIRST500,COVAPIE_CYS_SG_EVENT_V1:2XU4:A:CYS:25-:SG:B:DJT:C5,2XU4,DJT,A,,CYS,25,SG,B,C5,PASSED,PASSED,PASSED_EXPLICIT_EVENT,PASSED,NOT_APPLICABLE_BLOCKED_STRUCTURAL_OR_LEAKAGE,,,,NO_POSITIVE_AUTHORITY,false,false,false,,true,false,true,,false,,false,false,false,false,false,false,false,LEAKAGE_EXISTING_GROUP_CONFLICT,,,false,LEAKAGE_EXISTING_GROUP_CONFLICT,"[""LEAKAGE_EXISTING_GROUP_CONFLICT"",""BOUND_STRUCTURAL_EXECUTION_OUTCOME_RETAINED""]"
368,FROZEN_FIRST500,COVAPIE_CYS_SG_EVENT_V1:2XU5:A:CYS:25-:SG:B:XU5:C5,2XU5,XU5,A,,CYS,25,SG,B,C5,PASSED,PASSED,PASSED_EXPLICIT_EVENT,PASSED,NOT_APPLICABLE_BLOCKED_STRUCTURAL_OR_LEAKAGE,,,,NO_POSITIVE_AUTHORITY,false,false,false,,true,false,true,,false,,false,false,false,false,false,false,false,LEAKAGE_EXISTING_GROUP_CONFLICT,,,false,LEAKAGE_EXISTING_GROUP_CONFLICT,"[""LEAKAGE_EXISTING_GROUP_CONFLICT"",""BOUND_STRUCTURAL_EXECUTION_OUTCOME_RETAINED""]"
369,FROZEN_FIRST500,COVAPIE_CYS_SG_EVENT_V1:2XYG:A:CYS:163-:SG:C:TQ8:C22,2XYG,TQ8,A,,CYS,163,SG,C,C22,PASSED,UNAVAILABLE,FAILED_CLOSED,NOT_REACHED,NOT_APPLICABLE_BLOCKED_STRUCTURAL_OR_LEAKAGE,,,,NO_POSITIVE_AUTHORITY,false,false,false,,false,false,false,,false,,false,false,false,false,false,false,false,LEAKAGE_EVIDENCE_INCOMPLETE,,,false,STRUCTURAL_EVIDENCE_INCOMPLETE,"[""MMCIF_EXACT_CYS_SG_STRUCT_CONN_NOT_RECOVERED"",""BOUND_STRUCTURAL_EXECUTION_OUTCOME_RETAINED""]"
370,FROZEN_FIRST500,COVAPIE_CYS_SG_EVENT_V1:2XYH:A:CYS:163-:SG:C:TQ9:C91,2XYH,TQ9,A,,CYS,163,SG,C,C91,PASSED,UNAVAILABLE,FAILED_CLOSED,NOT_REACHED,NOT_APPLICABLE_BLOCKED_STRUCTURAL_OR_LEAKAGE,,,,NO_POSITIVE_AUTHORITY,false,false,false,,false,false,false,,false,,false,false,false,false,false,false,false,LEAKAGE_EVIDENCE_INCOMPLETE,,,false,STRUCTURAL_EVIDENCE_INCOMPLETE,"[""MMCIF_EXACT_CYS_SG_STRUCT_CONN_NOT_RECOVERED"",""BOUND_STRUCTURAL_EXECUTION_OUTCOME_RETAINED""]"
371,FROZEN_FIRST500,COVAPIE_CYS_SG_EVENT_V1:2XZ6:A:CYS:53-:SG:K:ETM:SD,2XZ6,ETM,A,,CYS,53,SG,K,SD,PASSED,PASSED,PASSED_EXPLICIT_EVENT,PASSED,NOT_APPLICABLE_BLOCKED_STRUCTURAL_OR_LEAKAGE,,,,NO_POSITIVE_AUTHORITY,false,false,false,,true,false,true,,false,,false,false,false,false,false,false,false,LEAKAGE_EXISTING_GROUP_CONFLICT,,,false,LEAKAGE_EXISTING_GROUP_CONFLICT,"[""LEAKAGE_EXISTING_GROUP_CONFLICT"",""BOUND_STRUCTURAL_EXECUTION_OUTCOME_RETAINED""]"
372,FROZEN_FIRST500,COVAPIE_CYS_SG_EVENT_V1:2XZ6:B:CYS:53-:SG:L:ETM:SD,2XZ6,ETM,B,,CYS,53,SG,L,SD,PASSED,PASSED,PASSED_EXPLICIT_EVENT,PASSED,NOT_APPLICABLE_BLOCKED_STRUCTURAL_OR_LEAKAGE,,,,NO_POSITIVE_AUTHORITY,false,false,false,,true,false,true,,false,,false,false,false,false,false,false,false,LEAKAGE_EXISTING_GROUP_CONFLICT,,,false,LEAKAGE_EXISTING_GROUP_CONFLICT,"[""LEAKAGE_EXISTING_GROUP_CONFLICT"",""BOUND_STRUCTURAL_EXECUTION_OUTCOME_RETAINED""]"
373,FROZEN_FIRST500,COVAPIE_CYS_SG_EVENT_V1:2XZ6:C:CYS:53-:SG:M:ETM:SD,2XZ6,ETM,C,,CYS,53,SG,M,SD,PASSED,PASSED,PASSED_EXPLICIT_EVENT,PASSED,NOT_APPLICABLE_BLOCKED_STRUCTURAL_OR_LEAKAGE,,,,NO_POSITIVE_AUTHORITY,false,false,false,,true,false,true,,false,,false,false,false,false,false,false,false,LEAKAGE_EXISTING_GROUP_CONFLICT,,,false,LEAKAGE_EXISTING_GROUP_CONFLICT,"[""LEAKAGE_EXISTING_GROUP_CONFLICT"",""BOUND_STRUCTURAL_EXECUTION_OUTCOME_RETAINED""]"
374,FROZEN_FIRST500,COVAPIE_CYS_SG_EVENT_V1:2XZ6:D:CYS:53-:SG:N:ETM:SD,2XZ6,ETM,D,,CYS,53,SG,N,SD,PASSED,PASSED,PASSED_EXPLICIT_EVENT,PASSED,NOT_APPLICABLE_BLOCKED_STRUCTURAL_OR_LEAKAGE,,,,NO_POSITIVE_AUTHORITY,false,false,false,,true,false,true,,false,,false,false,false,false,false,false,false,LEAKAGE_EXISTING_GROUP_CONFLICT,,,false,LEAKAGE_EXISTING_GROUP_CONFLICT,"[""LEAKAGE_EXISTING_GROUP_CONFLICT"",""BOUND_STRUCTURAL_EXECUTION_OUTCOME_RETAINED""]"
375,FROZEN_FIRST500,COVAPIE_CYS_SG_EVENT_V1:2XZ6:E:CYS:53-:SG:O:ETM:SD,2XZ6,ETM,E,,CYS,53,SG,O,SD,PASSED,PASSED,PASSED_EXPLICIT_EVENT,PASSED,NOT_APPLICABLE_BLOCKED_STRUCTURAL_OR_LEAKAGE,,,,NO_POSITIVE_AUTHORITY,false,false,false,,true,false,true,,false,,false,false,false,false,false,false,false,LEAKAGE_EXISTING_GROUP_CONFLICT,,,false,LEAKAGE_EXISTING_GROUP_CONFLICT,"[""LEAKAGE_EXISTING_GROUP_CONFLICT"",""BOUND_STRUCTURAL_EXECUTION_OUTCOME_RETAINED""]"
376,FROZEN_FIRST500,COVAPIE_CYS_SG_EVENT_V1:2XZ6:F:CYS:53-:SG:P:ETM:SD,2XZ6,ETM,F,,CYS,53,SG,P,SD,PASSED,PASSED,PASSED_EXPLICIT_EVENT,PASSED,NOT_APPLICABLE_BLOCKED_STRUCTURAL_OR_LEAKAGE,,,,NO_POSITIVE_AUTHORITY,false,false,false,,true,false,true,,false,,false,false,false,false,false,false,false,LEAKAGE_EXISTING_GROUP_CONFLICT,,,false,LEAKAGE_EXISTING_GROUP_CONFLICT,"[""LEAKAGE_EXISTING_GROUP_CONFLICT"",""BOUND_STRUCTURAL_EXECUTION_OUTCOME_RETAINED""]"
377,FROZEN_FIRST500,COVAPIE_CYS_SG_EVENT_V1:2XZ6:G:CYS:53-:SG:Q:ETM:SD,2XZ6,ETM,G,,CYS,53,SG,Q,SD,PASSED,PASSED,PASSED_EXPLICIT_EVENT,PASSED,NOT_APPLICABLE_BLOCKED_STRUCTURAL_OR_LEAKAGE,,,,NO_POSITIVE_AUTHORITY,false,false,false,,true,false,true,,false,,false,false,false,false,false,false,false,LEAKAGE_EXISTING_GROUP_CONFLICT,,,false,LEAKAGE_EXISTING_GROUP_CONFLICT,"[""LEAKAGE_EXISTING_GROUP_CONFLICT"",""BOUND_STRUCTURAL_EXECUTION_OUTCOME_RETAINED""]"
378,FROZEN_FIRST500,COVAPIE_CYS_SG_EVENT_V1:2XZ6:H:CYS:53-:SG:R:ETM:SD,2XZ6,ETM,H,,CYS,53,SG,R,SD,PASSED,PASSED,PASSED_EXPLICIT_EVENT,PASSED,NOT_APPLICABLE_BLOCKED_STRUCTURAL_OR_LEAKAGE,,,,NO_POSITIVE_AUTHORITY,false,false,false,,true,false,true,,false,,false,false,false,false,false,false,false,LEAKAGE_EXISTING_GROUP_CONFLICT,,,false,LEAKAGE_EXISTING_GROUP_CONFLICT,"[""LEAKAGE_EXISTING_GROUP_CONFLICT"",""BOUND_STRUCTURAL_EXECUTION_OUTCOME_RETAINED""]"
379,FROZEN_FIRST500,COVAPIE_CYS_SG_EVENT_V1:2XZ6:I:CYS:53-:SG:S:ETM:SD,2XZ6,ETM,I,,CYS,53,SG,S,SD,PASSED,PASSED,PASSED_EXPLICIT_EVENT,PASSED,NOT_APPLICABLE_BLOCKED_STRUCTURAL_OR_LEAKAGE,,,,NO_POSITIVE_AUTHORITY,false,false,false,,true,false,true,,false,,false,false,false,false,false,false,false,LEAKAGE_EXISTING_GROUP_CONFLICT,,,false,LEAKAGE_EXISTING_GROUP_CONFLICT,"[""LEAKAGE_EXISTING_GROUP_CONFLICT"",""BOUND_STRUCTURAL_EXECUTION_OUTCOME_RETAINED""]"
380,FROZEN_FIRST500,COVAPIE_CYS_SG_EVENT_V1:2XZ6:J:CYS:53-:SG:T:ETM:SD,2XZ6,ETM,J,,CYS,53,SG,T,SD,PASSED,PASSED,PASSED_EXPLICIT_EVENT,PASSED,NOT_APPLICABLE_BLOCKED_STRUCTURAL_OR_LEAKAGE,,,,NO_POSITIVE_AUTHORITY,false,false,false,,true,false,true,,false,,false,false,false,false,false,false,false,LEAKAGE_EXISTING_GROUP_CONFLICT,,,false,LEAKAGE_EXISTING_GROUP_CONFLICT,"[""LEAKAGE_EXISTING_GROUP_CONFLICT"",""BOUND_STRUCTURAL_EXECUTION_OUTCOME_RETAINED""]"
381,FROZEN_FIRST500,COVAPIE_CYS_SG_EVENT_V1:2Y5Y:A:CYS:122-:SG:D:TGA:S15,2Y5Y,TGA,A,,CYS,122,SG,D,S15,PASSED,PASSED,PASSED_EXPLICIT_EVENT,PASSED,UNRESOLVED_HUMAN_REVIEW,,,,NO_POSITIVE_AUTHORITY,false,false,false,,true,false,true,,false,,false,false,false,false,false,false,false,NEW_EXPANSION_COMPONENT,COVAPIE_EXPANSION_LEAKAGE_GROUP_E6963DBD5E39AD7F,,false,HUMAN_REVIEW_REQUIRED,"[""PRE_CHEMISTRY_NOT_PRODUCTION_AUTHORITATIVE"",""NO_FAMILY_LEVEL_AUTO_ADMISSION"",""NO_SINGLE_EXACT_RULE_MATCHED_EVERY_EVENT;HUMAN_REVIEW_RETAINED""]"
382,FROZEN_FIRST500,COVAPIE_CYS_SG_EVENT_V1:2Y5Y:B:CYS:122-:SG:F:TGA:S15,2Y5Y,TGA,B,,CYS,122,SG,F,S15,PASSED,PASSED,PASSED_EXPLICIT_EVENT,PASSED,UNRESOLVED_HUMAN_REVIEW,,,,NO_POSITIVE_AUTHORITY,false,false,false,,true,false,true,,false,,false,false,false,false,false,false,false,NEW_EXPANSION_COMPONENT,COVAPIE_EXPANSION_LEAKAGE_GROUP_E6963DBD5E39AD7F,,false,HUMAN_REVIEW_REQUIRED,"[""PRE_CHEMISTRY_NOT_PRODUCTION_AUTHORITATIVE"",""NO_FAMILY_LEVEL_AUTO_ADMISSION"",""NO_SINGLE_EXACT_RULE_MATCHED_EVERY_EVENT;HUMAN_REVIEW_RETAINED""]"
383,FROZEN_FIRST500,COVAPIE_CYS_SG_EVENT_V1:2Y92:A:CYS:157-:SG:B:DTT:S1,2Y92,DTT,A,,CYS,157,SG,B,S1,PASSED,PASSED,PASSED_EXPLICIT_EVENT,PASSED,UNRESOLVED_HUMAN_REVIEW,,,,NO_POSITIVE_AUTHORITY,false,false,false,,true,false,true,,false,,false,false,false,false,false,false,false,NEW_EXPANSION_COMPONENT,COVAPIE_EXPANSION_LEAKAGE_GROUP_7C6FD9E661723381,,false,HUMAN_REVIEW_REQUIRED,"[""PRE_CHEMISTRY_NOT_PRODUCTION_AUTHORITATIVE"",""NO_FAMILY_LEVEL_AUTO_ADMISSION"",""NO_SINGLE_EXACT_RULE_MATCHED_EVERY_EVENT;HUMAN_REVIEW_RETAINED""]"
384,FROZEN_FIRST500,COVAPIE_CYS_SG_EVENT_V1:2Y92:A:CYS:91-:SG:B:DTT:S4,2Y92,DTT,A,,CYS,91,SG,B,S4,PASSED,PASSED,PASSED_EXPLICIT_EVENT,PASSED,UNRESOLVED_HUMAN_REVIEW,,,,NO_POSITIVE_AUTHORITY,false,false,false,,true,false,true,,false,,false,false,false,false,false,false,false,NEW_EXPANSION_COMPONENT,COVAPIE_EXPANSION_LEAKAGE_GROUP_7C6FD9E661723381,,false,HUMAN_REVIEW_REQUIRED,"[""PRE_CHEMISTRY_NOT_PRODUCTION_AUTHORITATIVE"",""NO_FAMILY_LEVEL_AUTO_ADMISSION"",""NO_SINGLE_EXACT_RULE_MATCHED_EVERY_EVENT;HUMAN_REVIEW_RETAINED""]"
385,FROZEN_FIRST500,COVAPIE_CYS_SG_EVENT_V1:2YJ0:A:CYS:59-:SG:G:420:C1,2YJ0,420,A,,CYS,59,SG,G,C1,PASSED,PASSED,PASSED_EXPLICIT_EVENT,PASSED,NOT_APPLICABLE_BLOCKED_STRUCTURAL_OR_LEAKAGE,,,,NO_POSITIVE_AUTHORITY,false,false,false,,true,false,true,,false,,false,false,false,false,false,false,false,NEW_EXPANSION_COMPONENT,COVAPIE_EXPANSION_LEAKAGE_GROUP_DB5A9CEFB0D57AD7,,false,QUARANTINE_REPRESENTATION_GAP,"[""PRE_ONLY_ATOMS_CANNOT_BE_DROPPED_OR_GIVEN_COORDINATES"",""BOUND_STRUCTURAL_EXECUTION_OUTCOME_RETAINED""]"
386,FROZEN_FIRST500,COVAPIE_CYS_SG_EVENT_V1:2YJ0:B:CYS:59-:SG:K:420:C1,2YJ0,420,B,,CYS,59,SG,K,C1,PASSED,PASSED,PASSED_EXPLICIT_EVENT,PASSED,NOT_APPLICABLE_BLOCKED_STRUCTURAL_OR_LEAKAGE,,,,NO_POSITIVE_AUTHORITY,false,false,false,,true,false,true,,false,,false,false,false,false,false,false,false,NEW_EXPANSION_COMPONENT,COVAPIE_EXPANSION_LEAKAGE_GROUP_DB5A9CEFB0D57AD7,,false,QUARANTINE_REPRESENTATION_GAP,"[""PRE_ONLY_ATOMS_CANNOT_BE_DROPPED_OR_GIVEN_COORDINATES"",""BOUND_STRUCTURAL_EXECUTION_OUTCOME_RETAINED""]"
387,FROZEN_FIRST500,COVAPIE_CYS_SG_EVENT_V1:2YJ0:C:CYS:59-:SG:P:420:C1,2YJ0,420,C,,CYS,59,SG,P,C1,PASSED,PASSED,PASSED_EXPLICIT_EVENT,PASSED,NOT_APPLICABLE_BLOCKED_STRUCTURAL_OR_LEAKAGE,,,,NO_POSITIVE_AUTHORITY,false,false,false,,true,false,true,,false,,false,false,false,false,false,false,false,NEW_EXPANSION_COMPONENT,COVAPIE_EXPANSION_LEAKAGE_GROUP_DB5A9CEFB0D57AD7,,false,QUARANTINE_REPRESENTATION_GAP,"[""PRE_ONLY_ATOMS_CANNOT_BE_DROPPED_OR_GIVEN_COORDINATES"",""BOUND_STRUCTURAL_EXECUTION_OUTCOME_RETAINED""]"
388,FROZEN_FIRST500,COVAPIE_CYS_SG_EVENT_V1:2YJ0:D:CYS:59-:SG:S:420:C1,2YJ0,420,D,,CYS,59,SG,S,C1,PASSED,PASSED,PASSED_EXPLICIT_EVENT,PASSED,NOT_APPLICABLE_BLOCKED_STRUCTURAL_OR_LEAKAGE,,,,NO_POSITIVE_AUTHORITY,false,false,false,,true,false,true,,false,,false,false,false,false,false,false,false,NEW_EXPANSION_COMPONENT,COVAPIE_EXPANSION_LEAKAGE_GROUP_DB5A9CEFB0D57AD7,,false,QUARANTINE_REPRESENTATION_GAP,"[""PRE_ONLY_ATOMS_CANNOT_BE_DROPPED_OR_GIVEN_COORDINATES"",""BOUND_STRUCTURAL_EXECUTION_OUTCOME_RETAINED""]"
389,FROZEN_FIRST500,COVAPIE_CYS_SG_EVENT_V1:2YJ0:E:CYS:59-:SG:W:420:C1,2YJ0,420,E,,CYS,59,SG,W,C1,PASSED,PASSED,PASSED_EXPLICIT_EVENT,PASSED,NOT_APPLICABLE_BLOCKED_STRUCTURAL_OR_LEAKAGE,,,,NO_POSITIVE_AUTHORITY,false,false,false,,true,false,true,,false,,false,false,false,false,false,false,false,NEW_EXPANSION_COMPONENT,COVAPIE_EXPANSION_LEAKAGE_GROUP_DB5A9CEFB0D57AD7,,false,QUARANTINE_REPRESENTATION_GAP,"[""PRE_ONLY_ATOMS_CANNOT_BE_DROPPED_OR_GIVEN_COORDINATES"",""BOUND_STRUCTURAL_EXECUTION_OUTCOME_RETAINED""]"
390,FROZEN_FIRST500,COVAPIE_CYS_SG_EVENT_V1:2YJ0:F:CYS:59-:SG:AA:420:C1,2YJ0,420,F,,CYS,59,SG,AA,C1,PASSED,PASSED,PASSED_EXPLICIT_EVENT,PASSED,NOT_APPLICABLE_BLOCKED_STRUCTURAL_OR_LEAKAGE,,,,NO_POSITIVE_AUTHORITY,false,false,false,,true,false,true,,false,,false,false,false,false,false,false,false,NEW_EXPANSION_COMPONENT,COVAPIE_EXPANSION_LEAKAGE_GROUP_DB5A9CEFB0D57AD7,,false,QUARANTINE_REPRESENTATION_GAP,"[""PRE_ONLY_ATOMS_CANNOT_BE_DROPPED_OR_GIVEN_COORDINATES"",""BOUND_STRUCTURAL_EXECUTION_OUTCOME_RETAINED""]"
391,FROZEN_FIRST500,COVAPIE_CYS_SG_EVENT_V1:2YJ2:A:CYS:25-:SG:B:YJ2:C18,2YJ2,YJ2,A,,CYS,25,SG,B,C18,PASSED,PASSED,PASSED_EXPLICIT_EVENT,PASSED,NOT_APPLICABLE_BLOCKED_STRUCTURAL_OR_LEAKAGE,,,,NO_POSITIVE_AUTHORITY,false,false,false,,true,false,true,,false,,false,false,false,false,false,false,false,LEAKAGE_EXISTING_GROUP_CONFLICT,,,false,LEAKAGE_EXISTING_GROUP_CONFLICT,"[""LEAKAGE_EXISTING_GROUP_CONFLICT"",""BOUND_STRUCTURAL_EXECUTION_OUTCOME_RETAINED""]"
392,FROZEN_FIRST500,COVAPIE_CYS_SG_EVENT_V1:2YJ8:A:CYS:25-:SG:B:YJ8:C18,2YJ8,YJ8,A,,CYS,25,SG,B,C18,PASSED,PASSED,PASSED_EXPLICIT_EVENT,PASSED,NOT_APPLICABLE_BLOCKED_STRUCTURAL_OR_LEAKAGE,,,,NO_POSITIVE_AUTHORITY,false,false,false,,true,false,true,,false,,false,false,false,false,false,false,false,LEAKAGE_EXISTING_GROUP_CONFLICT,,,false,LEAKAGE_EXISTING_GROUP_CONFLICT,"[""LEAKAGE_EXISTING_GROUP_CONFLICT"",""BOUND_STRUCTURAL_EXECUTION_OUTCOME_RETAINED""]"
393,FROZEN_FIRST500,COVAPIE_CYS_SG_EVENT_V1:2YJ9:A:CYS:25-:SG:B:YJ9:C5,2YJ9,YJ9,A,,CYS,25,SG,B,C5,PASSED,PASSED,PASSED_EXPLICIT_EVENT,PASSED,NOT_APPLICABLE_BLOCKED_STRUCTURAL_OR_LEAKAGE,,,,NO_POSITIVE_AUTHORITY,false,false,false,,true,false,true,,false,,false,false,false,false,false,false,false,LEAKAGE_EXISTING_GROUP_CONFLICT,,,false,LEAKAGE_EXISTING_GROUP_CONFLICT,"[""LEAKAGE_EXISTING_GROUP_CONFLICT"",""BOUND_STRUCTURAL_EXECUTION_OUTCOME_RETAINED""]"
394,FROZEN_FIRST500,COVAPIE_CYS_SG_EVENT_V1:2YJB:A:CYS:25-:SG:B:YJ9:C5,2YJB,YJ9,A,,CYS,25,SG,B,C5,PASSED,PASSED,PASSED_EXPLICIT_EVENT,PASSED,NOT_APPLICABLE_BLOCKED_STRUCTURAL_OR_LEAKAGE,,,,NO_POSITIVE_AUTHORITY,false,false,false,,true,false,true,,false,,false,false,false,false,false,false,false,LEAKAGE_EXISTING_GROUP_CONFLICT,,,false,LEAKAGE_EXISTING_GROUP_CONFLICT,"[""LEAKAGE_EXISTING_GROUP_CONFLICT"",""BOUND_STRUCTURAL_EXECUTION_OUTCOME_RETAINED""]"
395,FROZEN_FIRST500,COVAPIE_CYS_SG_EVENT_V1:2YJC:A:CYS:25-:SG:B:424:C15,2YJC,424,A,,CYS,25,SG,B,C15,PASSED,PASSED,PASSED_EXPLICIT_EVENT,PASSED,NOT_APPLICABLE_BLOCKED_STRUCTURAL_OR_LEAKAGE,,,,NO_POSITIVE_AUTHORITY,false,false,false,,true,false,true,,false,,false,false,false,false,false,false,false,LEAKAGE_EXISTING_GROUP_CONFLICT,,,false,LEAKAGE_EXISTING_GROUP_CONFLICT,"[""LEAKAGE_EXISTING_GROUP_CONFLICT"",""BOUND_STRUCTURAL_EXECUTION_OUTCOME_RETAINED""]"
396,FROZEN_FIRST500,COVAPIE_CYS_SG_EVENT_V1:2YNB:B:CYS:148-:SG:E:G85:C63,2YNB,G85,B,,CYS,148,SG,E,C63,PASSED,PASSED,PASSED_EXPLICIT_EVENT,PASSED,UNRESOLVED_HUMAN_REVIEW,,,,NO_POSITIVE_AUTHORITY,false,false,false,,true,false,true,,false,,false,false,false,false,false,false,false,NEW_EXPANSION_COMPONENT,COVAPIE_EXPANSION_LEAKAGE_GROUP_EDFF8E4E8F7C5D60,,false,HUMAN_REVIEW_REQUIRED,"[""PRE_CHEMISTRY_NOT_PRODUCTION_AUTHORITATIVE"",""NO_FAMILY_LEVEL_AUTO_ADMISSION"",""NO_SINGLE_EXACT_RULE_MATCHED_EVERY_EVENT;HUMAN_REVIEW_RETAINED""]"
397,FROZEN_FIRST500,COVAPIE_CYS_SG_EVENT_V1:2ZK1:A:CYS:285-:SG:C:PTG:C8,2ZK1,PTG,A,,CYS,285,SG,C,C8,PASSED,PASSED,PASSED_EXPLICIT_EVENT,PASSED,AUTHORITATIVE_POSITIVE_EXACT_EVENT_CURRENT_RUNTIME,BATCH001_EXACT13_CURRENT_RUNTIME_AUTHORITY,,STRICT_LINKER_PRESENT_V1,CURRENT_RUNTIME_MODEL_USABLE_CANONICAL_EVENT,false,true,true,data/derived/covalent_small/covapie_batch001_to_existing_mixed_profile_supervision_bridge_v1/covapie_batch001_model_bound_structural_evidence_v1.json,true,true,true,data/derived/covalent_small/covapie_batch001_to_existing_mixed_profile_supervision_bridge_v1/covapie_batch001_model_bound_structural_evidence_v1.json,true,data/derived/covalent_small/covapie_batch001_to_existing_mixed_profile_supervision_bridge_v1/covapie_batch001_model_bound_structural_evidence_v1.json,false,false,false,false,false,true,false,NEW_EXPANSION_COMPONENT,COVAPIE_EXPANSION_LEAKAGE_GROUP_3157B39692D4D3EA,train,true,MODEL_USABLE_AUTHORITATIVE_POSITIVE,"[""PRE_CHEMISTRY_NOT_PRODUCTION_AUTHORITATIVE"",""NO_FAMILY_LEVEL_AUTO_ADMISSION"",""NO_SINGLE_EXACT_RULE_MATCHED_EVERY_EVENT;HUMAN_REVIEW_RETAINED""]"
398,FROZEN_FIRST500,COVAPIE_CYS_SG_EVENT_V1:2ZK1:B:CYS:285-:SG:D:PTG:C8,2ZK1,PTG,B,,CYS,285,SG,D,C8,PASSED,PASSED,PASSED_EXPLICIT_EVENT,PASSED,AUTHORITATIVE_POSITIVE_EXACT_EVENT_CURRENT_RUNTIME,BATCH001_EXACT13_CURRENT_RUNTIME_AUTHORITY,,STRICT_LINKER_PRESENT_V1,CURRENT_RUNTIME_MODEL_USABLE_CANONICAL_EVENT,false,true,true,data/derived/covalent_small/covapie_batch001_to_existing_mixed_profile_supervision_bridge_v1/covapie_batch001_model_bound_structural_evidence_v1.json,true,true,true,data/derived/covalent_small/covapie_batch001_to_existing_mixed_profile_supervision_bridge_v1/covapie_batch001_model_bound_structural_evidence_v1.json,true,data/derived/covalent_small/covapie_batch001_to_existing_mixed_profile_supervision_bridge_v1/covapie_batch001_model_bound_structural_evidence_v1.json,false,false,false,false,false,true,false,NEW_EXPANSION_COMPONENT,COVAPIE_EXPANSION_LEAKAGE_GROUP_3157B39692D4D3EA,train,true,MODEL_USABLE_AUTHORITATIVE_POSITIVE,"[""PRE_CHEMISTRY_NOT_PRODUCTION_AUTHORITATIVE"",""NO_FAMILY_LEVEL_AUTO_ADMISSION"",""NO_SINGLE_EXACT_RULE_MATCHED_EVERY_EVENT;HUMAN_REVIEW_RETAINED""]"
399,FROZEN_FIRST500,COVAPIE_CYS_SG_EVENT_V1:2ZK2:A:CYS:285-:SG:D:PTG:C8,2ZK2,PTG,A,,CYS,285,SG,D,C8,PASSED,PASSED,PASSED_EXPLICIT_EVENT,PASSED,AUTHORITATIVE_POSITIVE_EXACT_EVENT_CURRENT_RUNTIME,BATCH001_EXACT13_CURRENT_RUNTIME_AUTHORITY,,STRICT_LINKER_PRESENT_V1,CURRENT_RUNTIME_MODEL_USABLE_CANONICAL_EVENT,false,true,true,data/derived/covalent_small/covapie_batch001_to_existing_mixed_profile_supervision_bridge_v1/covapie_batch001_model_bound_structural_evidence_v1.json,true,true,true,data/derived/covalent_small/covapie_batch001_to_existing_mixed_profile_supervision_bridge_v1/covapie_batch001_model_bound_structural_evidence_v1.json,true,data/derived/covalent_small/covapie_batch001_to_existing_mixed_profile_supervision_bridge_v1/covapie_batch001_model_bound_structural_evidence_v1.json,false,false,false,false,false,true,false,NEW_EXPANSION_COMPONENT,COVAPIE_EXPANSION_LEAKAGE_GROUP_3157B39692D4D3EA,train,true,MODEL_USABLE_AUTHORITATIVE_POSITIVE,"[""PRE_CHEMISTRY_NOT_PRODUCTION_AUTHORITATIVE"",""NO_FAMILY_LEVEL_AUTO_ADMISSION"",""NO_SINGLE_EXACT_RULE_MATCHED_EVERY_EVENT;HUMAN_REVIEW_RETAINED""]"
400,FROZEN_FIRST500,COVAPIE_CYS_SG_EVENT_V1:2ZK3:A:CYS:285-:SG:C:OCX:C11,2ZK3,OCX,A,,CYS,285,SG,C,C11,PASSED,PASSED,PASSED_EXPLICIT_EVENT,PASSED,UNRESOLVED_HUMAN_REVIEW,,,,NO_POSITIVE_AUTHORITY,false,false,false,,true,false,true,,false,,false,false,false,false,false,false,false,NEW_EXPANSION_COMPONENT,COVAPIE_EXPANSION_LEAKAGE_GROUP_3157B39692D4D3EA,,false,HUMAN_REVIEW_REQUIRED,"[""PRE_CHEMISTRY_NOT_PRODUCTION_AUTHORITATIVE"",""NO_FAMILY_LEVEL_AUTO_ADMISSION"",""NO_SINGLE_EXACT_RULE_MATCHED_EVERY_EVENT;HUMAN_REVIEW_RETAINED""]"
401,FROZEN_FIRST500,COVAPIE_CYS_SG_EVENT_V1:2ZK3:B:CYS:285-:SG:D:OCX:C11,2ZK3,OCX,B,,CYS,285,SG,D,C11,PASSED,PASSED,PASSED_EXPLICIT_EVENT,PASSED,UNRESOLVED_HUMAN_REVIEW,,,,NO_POSITIVE_AUTHORITY,false,false,false,,true,false,true,,false,,false,false,false,false,false,false,false,NEW_EXPANSION_COMPONENT,COVAPIE_EXPANSION_LEAKAGE_GROUP_3157B39692D4D3EA,,false,HUMAN_REVIEW_REQUIRED,"[""PRE_CHEMISTRY_NOT_PRODUCTION_AUTHORITATIVE"",""NO_FAMILY_LEVEL_AUTO_ADMISSION"",""NO_SINGLE_EXACT_RULE_MATCHED_EVERY_EVENT;HUMAN_REVIEW_RETAINED""]"
402,FROZEN_FIRST500,COVAPIE_CYS_SG_EVENT_V1:2ZK4:A:CYS:285-:SG:C:OCR:C9,2ZK4,OCR,A,,CYS,285,SG,C,C9,PASSED,PASSED,PASSED_EXPLICIT_EVENT,PASSED,UNRESOLVED_HUMAN_REVIEW,,,,NO_POSITIVE_AUTHORITY,false,false,false,,true,false,true,,false,,false,false,false,false,false,false,false,NEW_EXPANSION_COMPONENT,COVAPIE_EXPANSION_LEAKAGE_GROUP_3157B39692D4D3EA,,false,HUMAN_REVIEW_REQUIRED,"[""PRE_CHEMISTRY_NOT_PRODUCTION_AUTHORITATIVE"",""NO_FAMILY_LEVEL_AUTO_ADMISSION"",""NO_SINGLE_EXACT_RULE_MATCHED_EVERY_EVENT;HUMAN_REVIEW_RETAINED""]"
403,FROZEN_FIRST500,COVAPIE_CYS_SG_EVENT_V1:2ZK4:B:CYS:285-:SG:D:OCR:C9,2ZK4,OCR,B,,CYS,285,SG,D,C9,PASSED,PASSED,PASSED_EXPLICIT_EVENT,PASSED,UNRESOLVED_HUMAN_REVIEW,,,,NO_POSITIVE_AUTHORITY,false,false,false,,true,false,true,,false,,false,false,false,false,false,false,false,NEW_EXPANSION_COMPONENT,COVAPIE_EXPANSION_LEAKAGE_GROUP_3157B39692D4D3EA,,false,HUMAN_REVIEW_REQUIRED,"[""PRE_CHEMISTRY_NOT_PRODUCTION_AUTHORITATIVE"",""NO_FAMILY_LEVEL_AUTO_ADMISSION"",""NO_SINGLE_EXACT_RULE_MATCHED_EVERY_EVENT;HUMAN_REVIEW_RETAINED""]"
404,FROZEN_FIRST500,COVAPIE_CYS_SG_EVENT_V1:2ZK5:A:CYS:285-:SG:C:NRO:C8,2ZK5,NRO,A,,CYS,285,SG,C,C8,PASSED,PASSED,PASSED_EXPLICIT_EVENT,PASSED,UNRESOLVED_HUMAN_REVIEW,,,,NO_POSITIVE_AUTHORITY,false,false,false,,true,false,true,,false,,false,false,false,false,false,false,false,NEW_EXPANSION_COMPONENT,COVAPIE_EXPANSION_LEAKAGE_GROUP_3157B39692D4D3EA,,false,HUMAN_REVIEW_REQUIRED,"[""PRE_CHEMISTRY_NOT_PRODUCTION_AUTHORITATIVE"",""NO_FAMILY_LEVEL_AUTO_ADMISSION"",""NO_SINGLE_EXACT_RULE_MATCHED_EVERY_EVENT;HUMAN_REVIEW_RETAINED""]"
405,FROZEN_FIRST500,COVAPIE_CYS_SG_EVENT_V1:2ZK5:B:CYS:285-:SG:D:NRO:C8,2ZK5,NRO,B,,CYS,285,SG,D,C8,PASSED,PASSED,PASSED_EXPLICIT_EVENT,PASSED,UNRESOLVED_HUMAN_REVIEW,,,,NO_POSITIVE_AUTHORITY,false,false,false,,true,false,true,,false,,false,false,false,false,false,false,false,NEW_EXPANSION_COMPONENT,COVAPIE_EXPANSION_LEAKAGE_GROUP_3157B39692D4D3EA,,false,HUMAN_REVIEW_REQUIRED,"[""PRE_CHEMISTRY_NOT_PRODUCTION_AUTHORITATIVE"",""NO_FAMILY_LEVEL_AUTO_ADMISSION"",""NO_SINGLE_EXACT_RULE_MATCHED_EVERY_EVENT;HUMAN_REVIEW_RETAINED""]"
406,FROZEN_FIRST500,COVAPIE_CYS_SG_EVENT_V1:2ZU3:A:CYS:147-:SG:B:ZU3:C63,2ZU3,ZU3,A,,CYS,147,SG,B,C63,PASSED,UNAVAILABLE,FAILED_CLOSED,NOT_REACHED,NOT_APPLICABLE_BLOCKED_STRUCTURAL_OR_LEAKAGE,,,,NO_POSITIVE_AUTHORITY,false,false,false,,false,false,false,,false,,false,false,false,false,false,false,false,LEAKAGE_EVIDENCE_INCOMPLETE,,,false,STRUCTURAL_EVIDENCE_INCOMPLETE,"[""MMCIF_EXACT_CYS_SG_STRUCT_CONN_NOT_RECOVERED"",""BOUND_STRUCTURAL_EXECUTION_OUTCOME_RETAINED""]"
407,FROZEN_FIRST500,COVAPIE_CYS_SG_EVENT_V1:2ZU4:A:CYS:145-:SG:B:ZU3:C63,2ZU4,ZU3,A,,CYS,145,SG,B,C63,PASSED,UNAVAILABLE,FAILED_CLOSED,NOT_REACHED,NOT_APPLICABLE_BLOCKED_STRUCTURAL_OR_LEAKAGE,,,,NO_POSITIVE_AUTHORITY,false,false,false,,false,false,false,,false,,false,false,false,false,false,false,false,LEAKAGE_EVIDENCE_INCOMPLETE,,,false,STRUCTURAL_EVIDENCE_INCOMPLETE,"[""MMCIF_EXACT_CYS_SG_STRUCT_CONN_NOT_RECOVERED"",""BOUND_STRUCTURAL_EXECUTION_OUTCOME_RETAINED""]"
408,FROZEN_FIRST500,COVAPIE_CYS_SG_EVENT_V1:2ZU5:A:CYS:145-:SG:B:ZU5:C11,2ZU5,ZU5,A,,CYS,145,SG,B,C11,PASSED,UNAVAILABLE,FAILED_CLOSED,NOT_REACHED,NOT_APPLICABLE_BLOCKED_STRUCTURAL_OR_LEAKAGE,,,,NO_POSITIVE_AUTHORITY,false,false,false,,false,false,false,,false,,false,false,false,false,false,false,false,LEAKAGE_EVIDENCE_INCOMPLETE,,,false,STRUCTURAL_EVIDENCE_INCOMPLETE,"[""MMCIF_EXACT_CYS_SG_STRUCT_CONN_NOT_RECOVERED"",""BOUND_STRUCTURAL_EXECUTION_OUTCOME_RETAINED""]"
409,FROZEN_FIRST500,COVAPIE_CYS_SG_EVENT_V1:3A2G:A:CYS:102-:SG:G:LCY:C1,3A2G,LCY,A,,CYS,102,SG,G,C1,PASSED,PASSED,PASSED_EXPLICIT_EVENT,PASSED,UNRESOLVED_HUMAN_REVIEW,,,,NO_POSITIVE_AUTHORITY,false,false,false,,true,false,true,,false,,false,false,false,false,false,false,false,NEW_EXPANSION_COMPONENT,COVAPIE_EXPANSION_LEAKAGE_GROUP_DD920B99D55806BF,,false,HUMAN_REVIEW_REQUIRED,"[""PRE_CHEMISTRY_NOT_PRODUCTION_AUTHORITATIVE"",""NO_FAMILY_LEVEL_AUTO_ADMISSION"",""NO_SINGLE_EXACT_RULE_MATCHED_EVERY_EVENT;HUMAN_REVIEW_RETAINED""]"
410,FROZEN_FIRST500,COVAPIE_CYS_SG_EVENT_V1:3ADW:A:CYS:285-:SG:D:OCR:C9,3ADW,OCR,A,,CYS,285,SG,D,C9,PASSED,PASSED,PASSED_EXPLICIT_EVENT,PASSED,UNRESOLVED_HUMAN_REVIEW,,,,NO_POSITIVE_AUTHORITY,false,false,false,,true,false,true,,false,,false,false,false,false,false,false,false,NEW_EXPANSION_COMPONENT,COVAPIE_EXPANSION_LEAKAGE_GROUP_3157B39692D4D3EA,,false,HUMAN_REVIEW_REQUIRED,"[""PRE_CHEMISTRY_NOT_PRODUCTION_AUTHORITATIVE"",""NO_FAMILY_LEVEL_AUTO_ADMISSION"",""NO_SINGLE_EXACT_RULE_MATCHED_EVERY_EVENT;HUMAN_REVIEW_RETAINED""]"
411,FROZEN_FIRST500,COVAPIE_CYS_SG_EVENT_V1:3ADW:B:CYS:285-:SG:E:OCR:C9,3ADW,OCR,B,,CYS,285,SG,E,C9,PASSED,PASSED,PASSED_EXPLICIT_EVENT,PASSED,UNRESOLVED_HUMAN_REVIEW,,,,NO_POSITIVE_AUTHORITY,false,false,false,,true,false,true,,false,,false,false,false,false,false,false,false,NEW_EXPANSION_COMPONENT,COVAPIE_EXPANSION_LEAKAGE_GROUP_3157B39692D4D3EA,,false,HUMAN_REVIEW_REQUIRED,"[""PRE_CHEMISTRY_NOT_PRODUCTION_AUTHORITATIVE"",""NO_FAMILY_LEVEL_AUTO_ADMISSION"",""NO_SINGLE_EXACT_RULE_MATCHED_EVERY_EVENT;HUMAN_REVIEW_RETAINED""]"
412,FROZEN_FIRST500,COVAPIE_CYS_SG_EVENT_V1:3ADX:A:CYS:285-:SG:C:NRO:C8,3ADX,NRO,A,,CYS,285,SG,C,C8,PASSED,UNAVAILABLE,FAILED_CLOSED,NOT_REACHED,NOT_APPLICABLE_BLOCKED_STRUCTURAL_OR_LEAKAGE,,,,NO_POSITIVE_AUTHORITY,false,false,false,,false,false,false,,false,,false,false,false,false,false,false,false,LEAKAGE_EVIDENCE_INCOMPLETE,,,false,STRUCTURAL_EVIDENCE_INCOMPLETE,"[""MMCIF_EXACT_CYS_SG_STRUCT_CONN_NOT_RECOVERED"",""BOUND_STRUCTURAL_EXECUTION_OUTCOME_RETAINED""]"
413,FROZEN_FIRST500,COVAPIE_CYS_SG_EVENT_V1:3B0R:A:CYS:285-:SG:C:GW9:C9,3B0R,GW9,A,,CYS,285,SG,C,C9,PASSED,PASSED,PASSED_EXPLICIT_EVENT,PASSED,NOT_APPLICABLE_BLOCKED_STRUCTURAL_OR_LEAKAGE,,,,NO_POSITIVE_AUTHORITY,false,false,false,,true,false,true,,false,,false,false,false,false,false,false,false,NEW_EXPANSION_COMPONENT,COVAPIE_EXPANSION_LEAKAGE_GROUP_3157B39692D4D3EA,,false,QUARANTINE_REPRESENTATION_GAP,"[""PRE_ONLY_ATOMS_CANNOT_BE_DROPPED_OR_GIVEN_COORDINATES"",""BOUND_STRUCTURAL_EXECUTION_OUTCOME_RETAINED""]"
414,FROZEN_FIRST500,COVAPIE_CYS_SG_EVENT_V1:3B0R:B:CYS:285-:SG:D:GW9:C9,3B0R,GW9,B,,CYS,285,SG,D,C9,PASSED,PASSED,PASSED_EXPLICIT_EVENT,PASSED,NOT_APPLICABLE_BLOCKED_STRUCTURAL_OR_LEAKAGE,,,,NO_POSITIVE_AUTHORITY,false,false,false,,true,false,true,,false,,false,false,false,false,false,false,false,NEW_EXPANSION_COMPONENT,COVAPIE_EXPANSION_LEAKAGE_GROUP_3157B39692D4D3EA,,false,QUARANTINE_REPRESENTATION_GAP,"[""PRE_ONLY_ATOMS_CANNOT_BE_DROPPED_OR_GIVEN_COORDINATES"",""BOUND_STRUCTURAL_EXECUTION_OUTCOME_RETAINED""]"
415,FROZEN_FIRST500,COVAPIE_CYS_SG_EVENT_V1:3B1T:A:CYS:645-:SG:B:YCL:CAP,3B1T,YCL,A,,CYS,645,SG,B,CAP,PASSED,PASSED,PASSED_EXPLICIT_EVENT,PASSED,NOT_APPLICABLE_BLOCKED_STRUCTURAL_OR_LEAKAGE,,,,NO_POSITIVE_AUTHORITY,false,false,false,,true,false,true,,false,,false,false,false,false,false,false,false,LEAKAGE_EXISTING_GROUP_CONFLICT,,,false,LEAKAGE_EXISTING_GROUP_CONFLICT,"[""LEAKAGE_EXISTING_GROUP_CONFLICT"",""BOUND_STRUCTURAL_EXECUTION_OUTCOME_RETAINED""]"
416,FROZEN_FIRST500,COVAPIE_CYS_SG_EVENT_V1:3B1U:A:CYS:645-:SG:B:YFF:CAP,3B1U,YFF,A,,CYS,645,SG,B,CAP,PASSED,PASSED,PASSED_EXPLICIT_EVENT,PASSED,NOT_APPLICABLE_BLOCKED_STRUCTURAL_OR_LEAKAGE,,,,NO_POSITIVE_AUTHORITY,false,false,false,,true,false,true,,false,,false,false,false,false,false,false,false,LEAKAGE_EXISTING_GROUP_CONFLICT,,,false,LEAKAGE_EXISTING_GROUP_CONFLICT,"[""LEAKAGE_EXISTING_GROUP_CONFLICT"",""BOUND_STRUCTURAL_EXECUTION_OUTCOME_RETAINED""]"
417,FROZEN_FIRST500,COVAPIE_CYS_SG_EVENT_V1:3B9H:A:CYS:146-:SG:D:NDU:C6,3B9H,NDU,A,,CYS,146,SG,D,C6,PASSED,PASSED,PASSED_EXPLICIT_EVENT,PASSED,AUTHORITATIVE_POSITIVE_EXACT_EVENT_CURRENT_RUNTIME,BATCH001_EXACT13_CURRENT_RUNTIME_AUTHORITY,,STRICT_LINKER_PRESENT_V1,CURRENT_RUNTIME_MODEL_USABLE_CANONICAL_EVENT,false,true,true,data/derived/covalent_small/covapie_batch001_to_existing_mixed_profile_supervision_bridge_v1/covapie_batch001_model_bound_structural_evidence_v1.json,true,true,true,data/derived/covalent_small/covapie_batch001_to_existing_mixed_profile_supervision_bridge_v1/covapie_batch001_model_bound_structural_evidence_v1.json,true,data/derived/covalent_small/covapie_batch001_to_existing_mixed_profile_supervision_bridge_v1/covapie_batch001_model_bound_structural_evidence_v1.json,false,false,false,false,false,true,false,LEAKAGE_EVIDENCE_INCOMPLETE,,test,false,MODEL_USABLE_AUTHORITATIVE_POSITIVE,"[""PRE_CHEMISTRY_NOT_PRODUCTION_AUTHORITATIVE"",""NO_FAMILY_LEVEL_AUTO_ADMISSION"",""NO_SINGLE_EXACT_RULE_MATCHED_EVERY_EVENT;HUMAN_REVIEW_RETAINED""]"
418,FROZEN_FIRST500,COVAPIE_CYS_SG_EVENT_V1:3BHL:A:CYS:146-:SG:C:NDU:C6,3BHL,NDU,A,,CYS,146,SG,C,C6,PASSED,PASSED,PASSED_EXPLICIT_EVENT,PASSED,AUTHORITATIVE_POSITIVE_EXACT_EVENT_CURRENT_RUNTIME,BATCH001_EXACT13_CURRENT_RUNTIME_AUTHORITY,,STRICT_LINKER_PRESENT_V1,CURRENT_RUNTIME_MODEL_USABLE_CANONICAL_EVENT,false,true,true,data/derived/covalent_small/covapie_batch001_to_existing_mixed_profile_supervision_bridge_v1/covapie_batch001_model_bound_structural_evidence_v1.json,true,true,true,data/derived/covalent_small/covapie_batch001_to_existing_mixed_profile_supervision_bridge_v1/covapie_batch001_model_bound_structural_evidence_v1.json,true,data/derived/covalent_small/covapie_batch001_to_existing_mixed_profile_supervision_bridge_v1/covapie_batch001_model_bound_structural_evidence_v1.json,false,false,false,false,false,true,false,LEAKAGE_EVIDENCE_INCOMPLETE,,test,false,MODEL_USABLE_AUTHORITATIVE_POSITIVE,"[""PRE_CHEMISTRY_NOT_PRODUCTION_AUTHORITATIVE"",""NO_FAMILY_LEVEL_AUTO_ADMISSION"",""NO_SINGLE_EXACT_RULE_MATCHED_EVERY_EVENT;HUMAN_REVIEW_RETAINED""]"
419,FROZEN_FIRST500,COVAPIE_CYS_SG_EVENT_V1:3BHL:B:CYS:146-:SG:G:NDU:C6,3BHL,NDU,B,,CYS,146,SG,G,C6,PASSED,PASSED,PASSED_EXPLICIT_EVENT,PASSED,AUTHORITATIVE_POSITIVE_EXACT_EVENT_CURRENT_RUNTIME,BATCH001_EXACT13_CURRENT_RUNTIME_AUTHORITY,,STRICT_LINKER_PRESENT_V1,CURRENT_RUNTIME_MODEL_USABLE_CANONICAL_EVENT,false,true,true,data/derived/covalent_small/covapie_batch001_to_existing_mixed_profile_supervision_bridge_v1/covapie_batch001_model_bound_structural_evidence_v1.json,true,true,true,data/derived/covalent_small/covapie_batch001_to_existing_mixed_profile_supervision_bridge_v1/covapie_batch001_model_bound_structural_evidence_v1.json,true,data/derived/covalent_small/covapie_batch001_to_existing_mixed_profile_supervision_bridge_v1/covapie_batch001_model_bound_structural_evidence_v1.json,false,false,false,false,false,true,false,LEAKAGE_EVIDENCE_INCOMPLETE,,test,false,MODEL_USABLE_AUTHORITATIVE_POSITIVE,"[""PRE_CHEMISTRY_NOT_PRODUCTION_AUTHORITATIVE"",""NO_FAMILY_LEVEL_AUTO_ADMISSION"",""NO_SINGLE_EXACT_RULE_MATCHED_EVERY_EVENT;HUMAN_REVIEW_RETAINED""]"
420,FROZEN_FIRST500,COVAPIE_CYS_SG_EVENT_V1:3BHR:A:CYS:146-:SG:E:NDU:C6,3BHR,NDU,A,,CYS,146,SG,E,C6,PASSED,PASSED,PASSED_EXPLICIT_EVENT,PASSED,AUTHORITATIVE_POSITIVE_EXACT_EVENT_CURRENT_RUNTIME,BATCH001_EXACT13_CURRENT_RUNTIME_AUTHORITY,,STRICT_LINKER_PRESENT_V1,CURRENT_RUNTIME_MODEL_USABLE_CANONICAL_EVENT,false,true,true,data/derived/covalent_small/covapie_batch001_to_existing_mixed_profile_supervision_bridge_v1/covapie_batch001_model_bound_structural_evidence_v1.json,true,true,true,data/derived/covalent_small/covapie_batch001_to_existing_mixed_profile_supervision_bridge_v1/covapie_batch001_model_bound_structural_evidence_v1.json,true,data/derived/covalent_small/covapie_batch001_to_existing_mixed_profile_supervision_bridge_v1/covapie_batch001_model_bound_structural_evidence_v1.json,false,false,false,false,false,true,false,LEAKAGE_EVIDENCE_INCOMPLETE,,test,false,MODEL_USABLE_AUTHORITATIVE_POSITIVE,"[""PRE_CHEMISTRY_NOT_PRODUCTION_AUTHORITATIVE"",""NO_FAMILY_LEVEL_AUTO_ADMISSION"",""NO_SINGLE_EXACT_RULE_MATCHED_EVERY_EVENT;HUMAN_REVIEW_RETAINED""]"
421,FROZEN_FIRST500,COVAPIE_CYS_SG_EVENT_V1:3BLT:A:CYS:403-:SG:B:PSY:C8,3BLT,PSY,A,,CYS,403,SG,B,C8,PASSED,UNAVAILABLE,FAILED_CLOSED,NOT_REACHED,NOT_APPLICABLE_BLOCKED_STRUCTURAL_OR_LEAKAGE,,,,NO_POSITIVE_AUTHORITY,false,false,false,,false,false,false,,false,,false,false,false,false,false,false,false,LEAKAGE_EVIDENCE_INCOMPLETE,,,false,STRUCTURAL_EVIDENCE_INCOMPLETE,"[""MMCIF_EXACT_CYS_SG_STRUCT_CONN_NOT_RECOVERED"",""BOUND_STRUCTURAL_EXECUTION_OUTCOME_RETAINED""]"
422,FROZEN_FIRST500,COVAPIE_CYS_SG_EVENT_V1:3BLU:A:CYS:403-:SG:B:PVS:C8,3BLU,PVS,A,,CYS,403,SG,B,C8,PASSED,UNAVAILABLE,FAILED_CLOSED,NOT_REACHED,NOT_APPLICABLE_BLOCKED_STRUCTURAL_OR_LEAKAGE,,,,NO_POSITIVE_AUTHORITY,false,false,false,,false,false,false,,false,,false,false,false,false,false,false,false,LEAKAGE_EVIDENCE_INCOMPLETE,,,false,STRUCTURAL_EVIDENCE_INCOMPLETE,"[""MMCIF_EXACT_CYS_SG_STRUCT_CONN_NOT_RECOVERED"",""BOUND_STRUCTURAL_EXECUTION_OUTCOME_RETAINED""]"
423,FROZEN_FIRST500,COVAPIE_CYS_SG_EVENT_V1:3BM8:A:CYS:403-:SG:B:PSY:C8,3BM8,PSY,A,,CYS,403,SG,B,C8,PASSED,UNAVAILABLE,FAILED_CLOSED,NOT_REACHED,NOT_APPLICABLE_BLOCKED_STRUCTURAL_OR_LEAKAGE,,,,NO_POSITIVE_AUTHORITY,false,false,false,,false,false,false,,false,,false,false,false,false,false,false,false,LEAKAGE_EVIDENCE_INCOMPLETE,,,false,STRUCTURAL_EVIDENCE_INCOMPLETE,"[""MMCIF_EXACT_CYS_SG_STRUCT_CONN_NOT_RECOVERED"",""BOUND_STRUCTURAL_EXECUTION_OUTCOME_RETAINED""]"
424,FROZEN_FIRST500,COVAPIE_CYS_SG_EVENT_V1:3BWK:A:CYS:51-:SG:E:C1P:C18,3BWK,C1P,A,,CYS,51,SG,E,C18,PASSED,PASSED,PASSED_EXPLICIT_EVENT,PASSED,NOT_APPLICABLE_BLOCKED_STRUCTURAL_OR_LEAKAGE,,,,NO_POSITIVE_AUTHORITY,false,false,false,,true,false,true,,false,,false,false,false,false,false,false,false,LEAKAGE_EXISTING_GROUP_CONFLICT,,,false,LEAKAGE_EXISTING_GROUP_CONFLICT,"[""LEAKAGE_EXISTING_GROUP_CONFLICT"",""BOUND_STRUCTURAL_EXECUTION_OUTCOME_RETAINED""]"
425,FROZEN_FIRST500,COVAPIE_CYS_SG_EVENT_V1:3BWK:B:CYS:51-:SG:G:C1P:C18,3BWK,C1P,B,,CYS,51,SG,G,C18,PASSED,PASSED,PASSED_EXPLICIT_EVENT,PASSED,NOT_APPLICABLE_BLOCKED_STRUCTURAL_OR_LEAKAGE,,,,NO_POSITIVE_AUTHORITY,false,false,false,,true,false,true,,false,,false,false,false,false,false,false,false,LEAKAGE_EXISTING_GROUP_CONFLICT,,,false,LEAKAGE_EXISTING_GROUP_CONFLICT,"[""LEAKAGE_EXISTING_GROUP_CONFLICT"",""BOUND_STRUCTURAL_EXECUTION_OUTCOME_RETAINED""]"
426,FROZEN_FIRST500,COVAPIE_CYS_SG_EVENT_V1:3BWK:C:CYS:51-:SG:J:C1P:C18,3BWK,C1P,C,,CYS,51,SG,J,C18,PASSED,PASSED,PASSED_EXPLICIT_EVENT,PASSED,NOT_APPLICABLE_BLOCKED_STRUCTURAL_OR_LEAKAGE,,,,NO_POSITIVE_AUTHORITY,false,false,false,,true,false,true,,false,,false,false,false,false,false,false,false,LEAKAGE_EXISTING_GROUP_CONFLICT,,,false,LEAKAGE_EXISTING_GROUP_CONFLICT,"[""LEAKAGE_EXISTING_GROUP_CONFLICT"",""BOUND_STRUCTURAL_EXECUTION_OUTCOME_RETAINED""]"
427,FROZEN_FIRST500,COVAPIE_CYS_SG_EVENT_V1:3BWK:D:CYS:51-:SG:L:C1P:C18,3BWK,C1P,D,,CYS,51,SG,L,C18,PASSED,PASSED,PASSED_EXPLICIT_EVENT,PASSED,NOT_APPLICABLE_BLOCKED_STRUCTURAL_OR_LEAKAGE,,,,NO_POSITIVE_AUTHORITY,false,false,false,,true,false,true,,false,,false,false,false,false,false,false,false,LEAKAGE_EXISTING_GROUP_CONFLICT,,,false,LEAKAGE_EXISTING_GROUP_CONFLICT,"[""LEAKAGE_EXISTING_GROUP_CONFLICT"",""BOUND_STRUCTURAL_EXECUTION_OUTCOME_RETAINED""]"
428,FROZEN_FIRST500,COVAPIE_CYS_SG_EVENT_V1:3C9E:A:CYS:25-:SG:D:E64:C2,3C9E,E64,A,,CYS,25,SG,D,C2,PASSED,PASSED,PASSED_EXPLICIT_EVENT,PASSED,NOT_APPLICABLE_BLOCKED_STRUCTURAL_OR_LEAKAGE,,,,NO_POSITIVE_AUTHORITY,false,false,false,,true,false,true,,false,,false,false,false,false,false,false,false,LEAKAGE_EXISTING_GROUP_CONFLICT,,,false,LEAKAGE_EXISTING_GROUP_CONFLICT,"[""LEAKAGE_EXISTING_GROUP_CONFLICT"",""BOUND_STRUCTURAL_EXECUTION_OUTCOME_RETAINED""]"
429,FROZEN_FIRST500,COVAPIE_CYS_SG_EVENT_V1:3C9W:A:CYS:164-:SG:C:HMY:C11,3C9W,HMY,A,,CYS,164,SG,C,C11,PASSED,PASSED,PASSED_EXPLICIT_EVENT,PASSED,UNRESOLVED_HUMAN_REVIEW,,,,NO_POSITIVE_AUTHORITY,false,false,false,,true,false,true,,false,,false,false,false,false,false,false,false,NEW_EXPANSION_COMPONENT,COVAPIE_EXPANSION_LEAKAGE_GROUP_1A31C59EDE4FF092,,false,HUMAN_REVIEW_REQUIRED,"[""PRE_CHEMISTRY_NOT_PRODUCTION_AUTHORITATIVE"",""NO_FAMILY_LEVEL_AUTO_ADMISSION"",""NO_SINGLE_EXACT_RULE_MATCHED_EVERY_EVENT;HUMAN_REVIEW_RETAINED""]"
430,FROZEN_FIRST500,COVAPIE_CYS_SG_EVENT_V1:3C9W:B:CYS:164-:SG:D:HMY:C11,3C9W,HMY,B,,CYS,164,SG,D,C11,PASSED,PASSED,PASSED_EXPLICIT_EVENT,PASSED,UNRESOLVED_HUMAN_REVIEW,,,,NO_POSITIVE_AUTHORITY,false,false,false,,true,false,true,,false,,false,false,false,false,false,false,false,NEW_EXPANSION_COMPONENT,COVAPIE_EXPANSION_LEAKAGE_GROUP_1A31C59EDE4FF092,,false,HUMAN_REVIEW_REQUIRED,"[""PRE_CHEMISTRY_NOT_PRODUCTION_AUTHORITATIVE"",""NO_FAMILY_LEVEL_AUTO_ADMISSION"",""NO_SINGLE_EXACT_RULE_MATCHED_EVERY_EVENT;HUMAN_REVIEW_RETAINED""]"
431,FROZEN_FIRST500,COVAPIE_CYS_SG_EVENT_V1:3D1L:A:CYS:179-:SG:C:MPR:S3,3D1L,MPR,A,,CYS,179,SG,C,S3,PASSED,PASSED,PASSED_EXPLICIT_EVENT,PASSED,UNRESOLVED_HUMAN_REVIEW,,,,NO_POSITIVE_AUTHORITY,false,false,false,,true,false,true,,false,,false,false,false,false,false,false,false,NEW_EXPANSION_COMPONENT,COVAPIE_EXPANSION_LEAKAGE_GROUP_2FC3AA0B17D7F9FA,,false,HUMAN_REVIEW_REQUIRED,"[""PRE_CHEMISTRY_NOT_PRODUCTION_AUTHORITATIVE"",""NO_FAMILY_LEVEL_AUTO_ADMISSION"",""NO_SINGLE_EXACT_RULE_MATCHED_EVERY_EVENT;HUMAN_REVIEW_RETAINED""]"
432,FROZEN_FIRST500,COVAPIE_CYS_SG_EVENT_V1:3D1L:B:CYS:179-:SG:E:MPR:S3,3D1L,MPR,B,,CYS,179,SG,E,S3,PASSED,PASSED,PASSED_EXPLICIT_EVENT,PASSED,UNRESOLVED_HUMAN_REVIEW,,,,NO_POSITIVE_AUTHORITY,false,false,false,,true,false,true,,false,,false,false,false,false,false,false,false,NEW_EXPANSION_COMPONENT,COVAPIE_EXPANSION_LEAKAGE_GROUP_2FC3AA0B17D7F9FA,,false,HUMAN_REVIEW_REQUIRED,"[""PRE_CHEMISTRY_NOT_PRODUCTION_AUTHORITATIVE"",""NO_FAMILY_LEVEL_AUTO_ADMISSION"",""NO_SINGLE_EXACT_RULE_MATCHED_EVERY_EVENT;HUMAN_REVIEW_RETAINED""]"
433,FROZEN_FIRST500,COVAPIE_CYS_SG_EVENT_V1:3D62:A:CYS:145-:SG:B:959:C16,3D62,959,A,,CYS,145,SG,B,C16,PASSED,UNAVAILABLE,FAILED_CLOSED,NOT_REACHED,NOT_APPLICABLE_BLOCKED_STRUCTURAL_OR_LEAKAGE,,,,NO_POSITIVE_AUTHORITY,false,false,false,,false,false,false,,false,,false,false,false,false,false,false,false,LEAKAGE_EVIDENCE_INCOMPLETE,,,false,STRUCTURAL_EVIDENCE_INCOMPLETE,"[""MMCIF_EXACT_CYS_SG_STRUCT_CONN_NOT_RECOVERED"",""BOUND_STRUCTURAL_EXECUTION_OUTCOME_RETAINED""]"
434,FROZEN_FIRST500,COVAPIE_CYS_SG_EVENT_V1:3DLA:A:CYS:176-:SG:I:ONL:CE,3DLA,ONL,A,,CYS,176,SG,I,CE,PASSED,PASSED,PASSED_EXPLICIT_EVENT,PASSED,UNRESOLVED_HUMAN_REVIEW,,,,NO_POSITIVE_AUTHORITY,false,false,false,,true,false,true,,false,,false,false,false,false,false,false,false,NEW_EXPANSION_COMPONENT,COVAPIE_EXPANSION_LEAKAGE_GROUP_00E1D8F015215113,,false,HUMAN_REVIEW_REQUIRED,"[""PRE_CHEMISTRY_NOT_PRODUCTION_AUTHORITATIVE"",""NO_FAMILY_LEVEL_AUTO_ADMISSION"",""NO_SINGLE_EXACT_RULE_MATCHED_EVERY_EVENT;HUMAN_REVIEW_RETAINED""]"
435,FROZEN_FIRST500,COVAPIE_CYS_SG_EVENT_V1:3DLA:B:CYS:176-:SG:F:ONL:CE,3DLA,ONL,B,,CYS,176,SG,F,CE,PASSED,PASSED,PASSED_EXPLICIT_EVENT,PASSED,UNRESOLVED_HUMAN_REVIEW,,,,NO_POSITIVE_AUTHORITY,false,false,false,,true,false,true,,false,,false,false,false,false,false,false,false,NEW_EXPANSION_COMPONENT,COVAPIE_EXPANSION_LEAKAGE_GROUP_00E1D8F015215113,,false,HUMAN_REVIEW_REQUIRED,"[""PRE_CHEMISTRY_NOT_PRODUCTION_AUTHORITATIVE"",""NO_FAMILY_LEVEL_AUTO_ADMISSION"",""NO_SINGLE_EXACT_RULE_MATCHED_EVERY_EVENT;HUMAN_REVIEW_RETAINED""]"
436,FROZEN_FIRST500,COVAPIE_CYS_SG_EVENT_V1:3DLA:C:CYS:176-:SG:G:ONL:CE,3DLA,ONL,C,,CYS,176,SG,G,CE,PASSED,PASSED,PASSED_EXPLICIT_EVENT,PASSED,UNRESOLVED_HUMAN_REVIEW,,,,NO_POSITIVE_AUTHORITY,false,false,false,,true,false,true,,false,,false,false,false,false,false,false,false,NEW_EXPANSION_COMPONENT,COVAPIE_EXPANSION_LEAKAGE_GROUP_00E1D8F015215113,,false,HUMAN_REVIEW_REQUIRED,"[""PRE_CHEMISTRY_NOT_PRODUCTION_AUTHORITATIVE"",""NO_FAMILY_LEVEL_AUTO_ADMISSION"",""NO_SINGLE_EXACT_RULE_MATCHED_EVERY_EVENT;HUMAN_REVIEW_RETAINED""]"
437,FROZEN_FIRST500,COVAPIE_CYS_SG_EVENT_V1:3DLA:D:CYS:176-:SG:H:ONL:CE,3DLA,ONL,D,,CYS,176,SG,H,CE,PASSED,PASSED,PASSED_EXPLICIT_EVENT,PASSED,UNRESOLVED_HUMAN_REVIEW,,,,NO_POSITIVE_AUTHORITY,false,false,false,,true,false,true,,false,,false,false,false,false,false,false,false,NEW_EXPANSION_COMPONENT,COVAPIE_EXPANSION_LEAKAGE_GROUP_00E1D8F015215113,,false,HUMAN_REVIEW_REQUIRED,"[""PRE_CHEMISTRY_NOT_PRODUCTION_AUTHORITATIVE"",""NO_FAMILY_LEVEL_AUTO_ADMISSION"",""NO_SINGLE_EXACT_RULE_MATCHED_EVERY_EVENT;HUMAN_REVIEW_RETAINED""]"
438,FROZEN_FIRST500,COVAPIE_CYS_SG_EVENT_V1:3FRZ:A:CYS:14-:SG:C:AG6:C15,3FRZ,AG6,A,,CYS,14,SG,C,C15,PASSED,PASSED,PASSED_EXPLICIT_EVENT,PASSED,NOT_APPLICABLE_BLOCKED_STRUCTURAL_OR_LEAKAGE,,,,NO_POSITIVE_AUTHORITY,false,false,false,,true,false,true,,false,,false,false,false,false,false,false,false,LEAKAGE_EXISTING_GROUP_CONFLICT,,,false,LEAKAGE_EXISTING_GROUP_CONFLICT,"[""LEAKAGE_EXISTING_GROUP_CONFLICT"",""BOUND_STRUCTURAL_EXECUTION_OUTCOME_RETAINED""]"
439,FROZEN_FIRST500,COVAPIE_CYS_SG_EVENT_V1:3FRZ:A:CYS:223-:SG:D:BME:S2,3FRZ,BME,A,,CYS,223,SG,D,S2,PASSED,PASSED,PASSED_EXPLICIT_EVENT,PASSED,NOT_APPLICABLE_BLOCKED_STRUCTURAL_OR_LEAKAGE,,,,NO_POSITIVE_AUTHORITY,false,false,false,,true,false,true,,false,,false,false,false,false,false,false,false,LEAKAGE_EXISTING_GROUP_CONFLICT,,,false,LEAKAGE_EXISTING_GROUP_CONFLICT,"[""LEAKAGE_EXISTING_GROUP_CONFLICT"",""BOUND_STRUCTURAL_EXECUTION_OUTCOME_RETAINED""]"
440,FROZEN_FIRST500,COVAPIE_CYS_SG_EVENT_V1:3GCD:A:CYS:140-:SG:E:AZ0:CAG,3GCD,AZ0,A,,CYS,140,SG,E,CAG,PASSED,PASSED,PASSED_EXPLICIT_EVENT,PASSED,NOT_APPLICABLE_BLOCKED_STRUCTURAL_OR_LEAKAGE,,,,NO_POSITIVE_AUTHORITY,false,false,false,,true,false,true,,false,,false,false,false,false,false,false,false,LEAKAGE_EXISTING_GROUP_CONFLICT,,,false,LEAKAGE_EXISTING_GROUP_CONFLICT,"[""LEAKAGE_EXISTING_GROUP_CONFLICT"",""BOUND_STRUCTURAL_EXECUTION_OUTCOME_RETAINED""]"
441,FROZEN_FIRST500,COVAPIE_CYS_SG_EVENT_V1:3GCD:B:CYS:140-:SG:H:AZ0:CAG,3GCD,AZ0,B,,CYS,140,SG,H,CAG,PASSED,PASSED,PASSED_EXPLICIT_EVENT,PASSED,NOT_APPLICABLE_BLOCKED_STRUCTURAL_OR_LEAKAGE,,,,NO_POSITIVE_AUTHORITY,false,false,false,,true,false,true,,false,,false,false,false,false,false,false,false,LEAKAGE_EXISTING_GROUP_CONFLICT,,,false,LEAKAGE_EXISTING_GROUP_CONFLICT,"[""LEAKAGE_EXISTING_GROUP_CONFLICT"",""BOUND_STRUCTURAL_EXECUTION_OUTCOME_RETAINED""]"
442,FROZEN_FIRST500,COVAPIE_CYS_SG_EVENT_V1:3GCD:C:CYS:140-:SG:K:AZ0:CAG,3GCD,AZ0,C,,CYS,140,SG,K,CAG,PASSED,PASSED,PASSED_EXPLICIT_EVENT,PASSED,NOT_APPLICABLE_BLOCKED_STRUCTURAL_OR_LEAKAGE,,,,NO_POSITIVE_AUTHORITY,false,false,false,,true,false,true,,false,,false,false,false,false,false,false,false,LEAKAGE_EXISTING_GROUP_CONFLICT,,,false,LEAKAGE_EXISTING_GROUP_CONFLICT,"[""LEAKAGE_EXISTING_GROUP_CONFLICT"",""BOUND_STRUCTURAL_EXECUTION_OUTCOME_RETAINED""]"
443,FROZEN_FIRST500,COVAPIE_CYS_SG_EVENT_V1:3GCD:D:CYS:140-:SG:N:AZ0:CAG,3GCD,AZ0,D,,CYS,140,SG,N,CAG,PASSED,PASSED,PASSED_EXPLICIT_EVENT,PASSED,NOT_APPLICABLE_BLOCKED_STRUCTURAL_OR_LEAKAGE,,,,NO_POSITIVE_AUTHORITY,false,false,false,,true,false,true,,false,,false,false,false,false,false,false,false,LEAKAGE_EXISTING_GROUP_CONFLICT,,,false,LEAKAGE_EXISTING_GROUP_CONFLICT,"[""LEAKAGE_EXISTING_GROUP_CONFLICT"",""BOUND_STRUCTURAL_EXECUTION_OUTCOME_RETAINED""]"
444,FROZEN_FIRST500,COVAPIE_CYS_SG_EVENT_V1:3H0E:A:CYS:163-:SG:C:H0E:C5,3H0E,H0E,A,,CYS,163,SG,C,C5,PASSED,PASSED,PASSED_EXPLICIT_EVENT,PASSED,NOT_APPLICABLE_BLOCKED_STRUCTURAL_OR_LEAKAGE,,,,NO_POSITIVE_AUTHORITY,false,false,false,,true,false,true,,false,,false,false,false,false,false,false,false,LEAKAGE_EXISTING_GROUP_CONFLICT,,,false,LEAKAGE_EXISTING_GROUP_CONFLICT,"[""LEAKAGE_EXISTING_GROUP_CONFLICT"",""BOUND_STRUCTURAL_EXECUTION_OUTCOME_RETAINED""]"
445,FROZEN_FIRST500,COVAPIE_CYS_SG_EVENT_V1:3H0E:B:CYS:163-:SG:D:H0E:C5,3H0E,H0E,B,,CYS,163,SG,D,C5,PASSED,PASSED,PASSED_EXPLICIT_EVENT,PASSED,NOT_APPLICABLE_BLOCKED_STRUCTURAL_OR_LEAKAGE,,,,NO_POSITIVE_AUTHORITY,false,false,false,,true,false,true,,false,,false,false,false,false,false,false,false,LEAKAGE_EXISTING_GROUP_CONFLICT,,,false,LEAKAGE_EXISTING_GROUP_CONFLICT,"[""LEAKAGE_EXISTING_GROUP_CONFLICT"",""BOUND_STRUCTURAL_EXECUTION_OUTCOME_RETAINED""]"
446,FROZEN_FIRST500,COVAPIE_CYS_SG_EVENT_V1:3HD3:A:CYS:25-:SG:C:25B:C10,3HD3,25B,A,,CYS,25,SG,C,C10,PASSED,PASSED,PASSED_EXPLICIT_EVENT,PASSED,NOT_APPLICABLE_BLOCKED_STRUCTURAL_OR_LEAKAGE,,,,NO_POSITIVE_AUTHORITY,false,false,false,,true,false,true,,false,,false,false,false,false,false,false,false,LEAKAGE_EXISTING_GROUP_CONFLICT,,,false,LEAKAGE_EXISTING_GROUP_CONFLICT,"[""LEAKAGE_EXISTING_GROUP_CONFLICT"",""BOUND_STRUCTURAL_EXECUTION_OUTCOME_RETAINED""]"
447,FROZEN_FIRST500,COVAPIE_CYS_SG_EVENT_V1:3HD3:B:CYS:25-:SG:H:25B:C10,3HD3,25B,B,,CYS,25,SG,H,C10,PASSED,PASSED,PASSED_EXPLICIT_EVENT,PASSED,NOT_APPLICABLE_BLOCKED_STRUCTURAL_OR_LEAKAGE,,,,NO_POSITIVE_AUTHORITY,false,false,false,,true,false,true,,false,,false,false,false,false,false,false,false,LEAKAGE_EXISTING_GROUP_CONFLICT,,,false,LEAKAGE_EXISTING_GROUP_CONFLICT,"[""LEAKAGE_EXISTING_GROUP_CONFLICT"",""BOUND_STRUCTURAL_EXECUTION_OUTCOME_RETAINED""]"
448,FROZEN_FIRST500,COVAPIE_CYS_SG_EVENT_V1:3HHA:A:CYS:25-:SG:E:NOW:C14,3HHA,NOW,A,,CYS,25,SG,E,C14,PASSED,PASSED,PASSED_EXPLICIT_EVENT,PASSED,NOT_APPLICABLE_BLOCKED_STRUCTURAL_OR_LEAKAGE,,,,NO_POSITIVE_AUTHORITY,false,false,false,,true,false,true,,false,,false,false,false,false,false,false,false,LEAKAGE_EXISTING_GROUP_CONFLICT,,,false,LEAKAGE_EXISTING_GROUP_CONFLICT,"[""LEAKAGE_EXISTING_GROUP_CONFLICT"",""BOUND_STRUCTURAL_EXECUTION_OUTCOME_RETAINED""]"
449,FROZEN_FIRST500,COVAPIE_CYS_SG_EVENT_V1:3HHA:B:CYS:25-:SG:H:NOW:C14,3HHA,NOW,B,,CYS,25,SG,H,C14,PASSED,PASSED,PASSED_EXPLICIT_EVENT,PASSED,NOT_APPLICABLE_BLOCKED_STRUCTURAL_OR_LEAKAGE,,,,NO_POSITIVE_AUTHORITY,false,false,false,,true,false,true,,false,,false,false,false,false,false,false,false,LEAKAGE_EXISTING_GROUP_CONFLICT,,,false,LEAKAGE_EXISTING_GROUP_CONFLICT,"[""LEAKAGE_EXISTING_GROUP_CONFLICT"",""BOUND_STRUCTURAL_EXECUTION_OUTCOME_RETAINED""]"
450,FROZEN_FIRST500,COVAPIE_CYS_SG_EVENT_V1:3HHA:C:CYS:25-:SG:J:NOW:C14,3HHA,NOW,C,,CYS,25,SG,J,C14,PASSED,PASSED,PASSED_EXPLICIT_EVENT,PASSED,NOT_APPLICABLE_BLOCKED_STRUCTURAL_OR_LEAKAGE,,,,NO_POSITIVE_AUTHORITY,false,false,false,,true,false,true,,false,,false,false,false,false,false,false,false,LEAKAGE_EXISTING_GROUP_CONFLICT,,,false,LEAKAGE_EXISTING_GROUP_CONFLICT,"[""LEAKAGE_EXISTING_GROUP_CONFLICT"",""BOUND_STRUCTURAL_EXECUTION_OUTCOME_RETAINED""]"
451,FROZEN_FIRST500,COVAPIE_CYS_SG_EVENT_V1:3HHA:D:CYS:25-:SG:K:NOW:C14,3HHA,NOW,D,,CYS,25,SG,K,C14,PASSED,PASSED,PASSED_EXPLICIT_EVENT,PASSED,NOT_APPLICABLE_BLOCKED_STRUCTURAL_OR_LEAKAGE,,,,NO_POSITIVE_AUTHORITY,false,false,false,,true,false,true,,false,,false,false,false,false,false,false,false,LEAKAGE_EXISTING_GROUP_CONFLICT,,,false,LEAKAGE_EXISTING_GROUP_CONFLICT,"[""LEAKAGE_EXISTING_GROUP_CONFLICT"",""BOUND_STRUCTURAL_EXECUTION_OUTCOME_RETAINED""]"
452,FROZEN_FIRST500,COVAPIE_CYS_SG_EVENT_V1:3HHI:A:CYS:122-:SG:C:074:C6,3HHI,074,A,,CYS,122,SG,C,C6,PASSED,PASSED,PASSED_EXPLICIT_EVENT,PASSED,NOT_APPLICABLE_BLOCKED_STRUCTURAL_OR_LEAKAGE,,,,NO_POSITIVE_AUTHORITY,false,false,false,,true,false,true,,false,,false,false,false,false,false,false,false,LEAKAGE_EXISTING_GROUP_CONFLICT,,,false,LEAKAGE_EXISTING_GROUP_CONFLICT,"[""LEAKAGE_EXISTING_GROUP_CONFLICT"",""BOUND_STRUCTURAL_EXECUTION_OUTCOME_RETAINED""]"
453,FROZEN_FIRST500,COVAPIE_CYS_SG_EVENT_V1:3HHI:B:CYS:122-:SG:H:074:C6,3HHI,074,B,,CYS,122,SG,H,C6,PASSED,PASSED,PASSED_EXPLICIT_EVENT,PASSED,NOT_APPLICABLE_BLOCKED_STRUCTURAL_OR_LEAKAGE,,,,NO_POSITIVE_AUTHORITY,false,false,false,,true,false,true,,false,,false,false,false,false,false,false,false,LEAKAGE_EXISTING_GROUP_CONFLICT,,,false,LEAKAGE_EXISTING_GROUP_CONFLICT,"[""LEAKAGE_EXISTING_GROUP_CONFLICT"",""BOUND_STRUCTURAL_EXECUTION_OUTCOME_RETAINED""]"
454,FROZEN_FIRST500,COVAPIE_CYS_SG_EVENT_V1:3HKE:B:CYS:241-:SG:H:T13:CAQ,3HKE,T13,B,,CYS,241,SG,H,CAQ,PASSED,PASSED,PASSED_EXPLICIT_EVENT,PASSED,NOT_APPLICABLE_BLOCKED_STRUCTURAL_OR_LEAKAGE,,,,NO_POSITIVE_AUTHORITY,false,false,false,,true,false,true,,false,,false,false,false,false,false,false,false,LEAKAGE_EVIDENCE_INCOMPLETE,,,false,QUARANTINE_REPRESENTATION_GAP,"[""PRE_ONLY_ATOMS_CANNOT_BE_DROPPED_OR_GIVEN_COORDINATES"",""BOUND_STRUCTURAL_EXECUTION_OUTCOME_RETAINED""]"
455,FROZEN_FIRST500,COVAPIE_CYS_SG_EVENT_V1:3HKE:D:CYS:241-:SG:N:T13:CAQ,3HKE,T13,D,,CYS,241,SG,N,CAQ,PASSED,PASSED,PASSED_EXPLICIT_EVENT,PASSED,NOT_APPLICABLE_BLOCKED_STRUCTURAL_OR_LEAKAGE,,,,NO_POSITIVE_AUTHORITY,false,false,false,,true,false,true,,false,,false,false,false,false,false,false,false,LEAKAGE_EVIDENCE_INCOMPLETE,,,false,QUARANTINE_REPRESENTATION_GAP,"[""PRE_ONLY_ATOMS_CANNOT_BE_DROPPED_OR_GIVEN_COORDINATES"",""BOUND_STRUCTURAL_EXECUTION_OUTCOME_RETAINED""]"
456,FROZEN_FIRST500,COVAPIE_CYS_SG_EVENT_V1:3HSR:B:CYS:13-:SG:E:BT6:S1,3HSR,BT6,B,,CYS,13,SG,E,S1,PASSED,PASSED,PASSED_EXPLICIT_EVENT,PASSED,NOT_APPLICABLE_BLOCKED_STRUCTURAL_OR_LEAKAGE,,,,NO_POSITIVE_AUTHORITY,false,false,false,,true,false,true,,false,,false,false,false,false,false,false,false,LEAKAGE_EXISTING_GROUP_CONFLICT,,,false,LEAKAGE_EXISTING_GROUP_CONFLICT,"[""LEAKAGE_EXISTING_GROUP_CONFLICT"",""BOUND_STRUCTURAL_EXECUTION_OUTCOME_RETAINED""]"
457,FROZEN_FIRST500,COVAPIE_CYS_SG_EVENT_V1:3HSR:C:CYS:13-:SG:K:BT6:S1,3HSR,BT6,C,,CYS,13,SG,K,S1,PASSED,PASSED,PASSED_EXPLICIT_EVENT,PASSED,NOT_APPLICABLE_BLOCKED_STRUCTURAL_OR_LEAKAGE,,,,NO_POSITIVE_AUTHORITY,false,false,false,,true,false,true,,false,,false,false,false,false,false,false,false,LEAKAGE_EXISTING_GROUP_CONFLICT,,,false,LEAKAGE_EXISTING_GROUP_CONFLICT,"[""LEAKAGE_EXISTING_GROUP_CONFLICT"",""BOUND_STRUCTURAL_EXECUTION_OUTCOME_RETAINED""]"
458,FROZEN_FIRST500,COVAPIE_CYS_SG_EVENT_V1:3HSR:D:CYS:13-:SG:N:BT6:S1,3HSR,BT6,D,,CYS,13,SG,N,S1,PASSED,PASSED,PASSED_EXPLICIT_EVENT,PASSED,NOT_APPLICABLE_BLOCKED_STRUCTURAL_OR_LEAKAGE,,,,NO_POSITIVE_AUTHORITY,false,false,false,,true,false,true,,false,,false,false,false,false,false,false,false,LEAKAGE_EXISTING_GROUP_CONFLICT,,,false,LEAKAGE_EXISTING_GROUP_CONFLICT,"[""LEAKAGE_EXISTING_GROUP_CONFLICT"",""BOUND_STRUCTURAL_EXECUTION_OUTCOME_RETAINED""]"
459,FROZEN_FIRST500,COVAPIE_CYS_SG_EVENT_V1:3HWN:A:CYS:25-:SG:E:BD3:C24,3HWN,BD3,A,,CYS,25,SG,E,C24,PASSED,PASSED,PASSED_EXPLICIT_EVENT,PASSED,NOT_APPLICABLE_BLOCKED_STRUCTURAL_OR_LEAKAGE,,,,NO_POSITIVE_AUTHORITY,false,false,false,,true,false,true,,false,,false,false,false,false,false,false,false,LEAKAGE_EXISTING_GROUP_CONFLICT,,,false,LEAKAGE_EXISTING_GROUP_CONFLICT,"[""LEAKAGE_EXISTING_GROUP_CONFLICT"",""BOUND_STRUCTURAL_EXECUTION_OUTCOME_RETAINED""]"
460,FROZEN_FIRST500,COVAPIE_CYS_SG_EVENT_V1:3HWN:B:CYS:25-:SG:F:BD3:C24,3HWN,BD3,B,,CYS,25,SG,F,C24,PASSED,PASSED,PASSED_EXPLICIT_EVENT,PASSED,NOT_APPLICABLE_BLOCKED_STRUCTURAL_OR_LEAKAGE,,,,NO_POSITIVE_AUTHORITY,false,false,false,,true,false,true,,false,,false,false,false,false,false,false,false,LEAKAGE_EXISTING_GROUP_CONFLICT,,,false,LEAKAGE_EXISTING_GROUP_CONFLICT,"[""LEAKAGE_EXISTING_GROUP_CONFLICT"",""BOUND_STRUCTURAL_EXECUTION_OUTCOME_RETAINED""]"
461,FROZEN_FIRST500,COVAPIE_CYS_SG_EVENT_V1:3HWN:C:CYS:25-:SG:G:BD3:C24,3HWN,BD3,C,,CYS,25,SG,G,C24,PASSED,PASSED,PASSED_EXPLICIT_EVENT,PASSED,NOT_APPLICABLE_BLOCKED_STRUCTURAL_OR_LEAKAGE,,,,NO_POSITIVE_AUTHORITY,false,false,false,,true,false,true,,false,,false,false,false,false,false,false,false,LEAKAGE_EXISTING_GROUP_CONFLICT,,,false,LEAKAGE_EXISTING_GROUP_CONFLICT,"[""LEAKAGE_EXISTING_GROUP_CONFLICT"",""BOUND_STRUCTURAL_EXECUTION_OUTCOME_RETAINED""]"
462,FROZEN_FIRST500,COVAPIE_CYS_SG_EVENT_V1:3HWN:D:CYS:25-:SG:H:BD3:C24,3HWN,BD3,D,,CYS,25,SG,H,C24,PASSED,PASSED,PASSED_EXPLICIT_EVENT,PASSED,NOT_APPLICABLE_BLOCKED_STRUCTURAL_OR_LEAKAGE,,,,NO_POSITIVE_AUTHORITY,false,false,false,,true,false,true,,false,,false,false,false,false,false,false,false,LEAKAGE_EXISTING_GROUP_CONFLICT,,,false,LEAKAGE_EXISTING_GROUP_CONFLICT,"[""LEAKAGE_EXISTING_GROUP_CONFLICT"",""BOUND_STRUCTURAL_EXECUTION_OUTCOME_RETAINED""]"
463,FROZEN_FIRST500,COVAPIE_CYS_SG_EVENT_V1:3I06:A:CYS:25-:SG:B:QL2:CAS,3I06,QL2,A,,CYS,25,SG,B,CAS,PASSED,PASSED,PASSED_EXPLICIT_EVENT,PASSED,NOT_APPLICABLE_BLOCKED_STRUCTURAL_OR_LEAKAGE,,,,NO_POSITIVE_AUTHORITY,false,false,false,,true,false,true,,false,,false,false,false,false,false,false,false,LEAKAGE_EXISTING_GROUP_CONFLICT,,,false,LEAKAGE_EXISTING_GROUP_CONFLICT,"[""LEAKAGE_EXISTING_GROUP_CONFLICT"",""BOUND_STRUCTURAL_EXECUTION_OUTCOME_RETAINED""]"
464,FROZEN_FIRST500,COVAPIE_CYS_SG_EVENT_V1:3I4A:A:CYS:274-:SG:C:LN5:CZ,3I4A,LN5,A,,CYS,274,SG,C,CZ,PASSED,PASSED,PASSED_EXPLICIT_EVENT,PASSED,AUTHORITATIVE_POSITIVE_EXACT_EVENT_CURRENT_RUNTIME,BATCH001_EXACT13_CURRENT_RUNTIME_AUTHORITY,,STRICT_LINKER_PRESENT_V1,CURRENT_RUNTIME_MODEL_USABLE_CANONICAL_EVENT,false,true,true,data/derived/covalent_small/covapie_batch001_to_existing_mixed_profile_supervision_bridge_v1/covapie_batch001_model_bound_structural_evidence_v1.json,true,true,true,data/derived/covalent_small/covapie_batch001_to_existing_mixed_profile_supervision_bridge_v1/covapie_batch001_model_bound_structural_evidence_v1.json,true,data/derived/covalent_small/covapie_batch001_to_existing_mixed_profile_supervision_bridge_v1/covapie_batch001_model_bound_structural_evidence_v1.json,false,false,false,false,false,true,false,NEW_EXPANSION_COMPONENT,COVAPIE_EXPANSION_LEAKAGE_GROUP_8B76795E5CE26D95,validation,false,MODEL_USABLE_AUTHORITATIVE_POSITIVE,"[""PRE_CHEMISTRY_NOT_PRODUCTION_AUTHORITATIVE"",""NO_FAMILY_LEVEL_AUTO_ADMISSION"",""NO_SINGLE_EXACT_RULE_MATCHED_EVERY_EVENT;HUMAN_REVIEW_RETAINED""]"
465,FROZEN_FIRST500,COVAPIE_CYS_SG_EVENT_V1:3I4A:B:CYS:274-:SG:D:LN5:CZ,3I4A,LN5,B,,CYS,274,SG,D,CZ,PASSED,PASSED,PASSED_EXPLICIT_EVENT,PASSED,AUTHORITATIVE_POSITIVE_EXACT_EVENT_CURRENT_RUNTIME,BATCH001_EXACT13_CURRENT_RUNTIME_AUTHORITY,,STRICT_LINKER_PRESENT_V1,CURRENT_RUNTIME_MODEL_USABLE_CANONICAL_EVENT,false,true,true,data/derived/covalent_small/covapie_batch001_to_existing_mixed_profile_supervision_bridge_v1/covapie_batch001_model_bound_structural_evidence_v1.json,true,true,true,data/derived/covalent_small/covapie_batch001_to_existing_mixed_profile_supervision_bridge_v1/covapie_batch001_model_bound_structural_evidence_v1.json,true,data/derived/covalent_small/covapie_batch001_to_existing_mixed_profile_supervision_bridge_v1/covapie_batch001_model_bound_structural_evidence_v1.json,false,false,false,false,false,true,false,NEW_EXPANSION_COMPONENT,COVAPIE_EXPANSION_LEAKAGE_GROUP_8B76795E5CE26D95,validation,false,MODEL_USABLE_AUTHORITATIVE_POSITIVE,"[""PRE_CHEMISTRY_NOT_PRODUCTION_AUTHORITATIVE"",""NO_FAMILY_LEVEL_AUTO_ADMISSION"",""NO_SINGLE_EXACT_RULE_MATCHED_EVERY_EVENT;HUMAN_REVIEW_RETAINED""]"
466,FROZEN_FIRST500,COVAPIE_CYS_SG_EVENT_V1:3IKA:A:CYS:797-:SG:C:0UN:CAP,3IKA,0UN,A,,CYS,797,SG,C,CAP,PASSED,UNAVAILABLE,FAILED_CLOSED,NOT_REACHED,NOT_APPLICABLE_BLOCKED_STRUCTURAL_OR_LEAKAGE,,,,NO_POSITIVE_AUTHORITY,false,false,false,,false,false,false,,false,,false,false,false,false,false,false,false,LEAKAGE_EVIDENCE_INCOMPLETE,,,false,STRUCTURAL_EVIDENCE_INCOMPLETE,"[""MMCIF_EXACT_CYS_SG_STRUCT_CONN_NOT_RECOVERED"",""BOUND_STRUCTURAL_EXECUTION_OUTCOME_RETAINED""]"
467,FROZEN_FIRST500,COVAPIE_CYS_SG_EVENT_V1:3IOQ:A:CYS:25-:SG:B:E64:C2,3IOQ,E64,A,,CYS,25,SG,B,C2,PASSED,PASSED,PASSED_EXPLICIT_EVENT,PASSED,NOT_APPLICABLE_BLOCKED_STRUCTURAL_OR_LEAKAGE,,,,NO_POSITIVE_AUTHORITY,false,false,false,,true,false,true,,false,,false,false,false,false,false,false,false,LEAKAGE_EXISTING_GROUP_CONFLICT,,,false,LEAKAGE_EXISTING_GROUP_CONFLICT,"[""LEAKAGE_EXISTING_GROUP_CONFLICT"",""BOUND_STRUCTURAL_EXECUTION_OUTCOME_RETAINED""]"
468,FROZEN_FIRST500,COVAPIE_CYS_SG_EVENT_V1:3IUT:A:CYS:25-:SG:B:KB2:C22,3IUT,KB2,A,,CYS,25,SG,B,C22,PASSED,PASSED,PASSED_EXPLICIT_EVENT,PASSED,NOT_APPLICABLE_BLOCKED_STRUCTURAL_OR_LEAKAGE,,,,NO_POSITIVE_AUTHORITY,false,false,false,,true,false,true,,false,,false,false,false,false,false,false,false,LEAKAGE_EXISTING_GROUP_CONFLICT,,,false,LEAKAGE_EXISTING_GROUP_CONFLICT,"[""LEAKAGE_EXISTING_GROUP_CONFLICT"",""BOUND_STRUCTURAL_EXECUTION_OUTCOME_RETAINED""]"
469,FROZEN_FIRST500,COVAPIE_CYS_SG_EVENT_V1:3KHU:A:CYS:276-:SG:G:UPG:C6',3KHU,UPG,A,,CYS,276,SG,G,C6',PASSED,PASSED,PASSED_EXPLICIT_EVENT,PASSED,UNRESOLVED_HUMAN_REVIEW,,,,NO_POSITIVE_AUTHORITY,false,false,false,,true,false,true,,false,,false,false,false,false,false,false,false,NEW_EXPANSION_COMPONENT,COVAPIE_EXPANSION_LEAKAGE_GROUP_B03F1875CD754F45,,false,HUMAN_REVIEW_REQUIRED,"[""PRE_CHEMISTRY_NOT_PRODUCTION_AUTHORITATIVE"",""NO_FAMILY_LEVEL_AUTO_ADMISSION"",""NO_SINGLE_EXACT_RULE_MATCHED_EVERY_EVENT;HUMAN_REVIEW_RETAINED""]"
470,FROZEN_FIRST500,COVAPIE_CYS_SG_EVENT_V1:3KHU:B:CYS:276-:SG:L:UPG:C6',3KHU,UPG,B,,CYS,276,SG,L,C6',PASSED,PASSED,PASSED_EXPLICIT_EVENT,PASSED,UNRESOLVED_HUMAN_REVIEW,,,,NO_POSITIVE_AUTHORITY,false,false,false,,true,false,true,,false,,false,false,false,false,false,false,false,NEW_EXPANSION_COMPONENT,COVAPIE_EXPANSION_LEAKAGE_GROUP_B03F1875CD754F45,,false,HUMAN_REVIEW_REQUIRED,"[""PRE_CHEMISTRY_NOT_PRODUCTION_AUTHORITATIVE"",""NO_FAMILY_LEVEL_AUTO_ADMISSION"",""NO_SINGLE_EXACT_RULE_MATCHED_EVERY_EVENT;HUMAN_REVIEW_RETAINED""]"
471,FROZEN_FIRST500,COVAPIE_CYS_SG_EVENT_V1:3KHU:C:CYS:276-:SG:S:UPG:C6',3KHU,UPG,C,,CYS,276,SG,S,C6',PASSED,PASSED,PASSED_EXPLICIT_EVENT,PASSED,UNRESOLVED_HUMAN_REVIEW,,,,NO_POSITIVE_AUTHORITY,false,false,false,,true,false,true,,false,,false,false,false,false,false,false,false,NEW_EXPANSION_COMPONENT,COVAPIE_EXPANSION_LEAKAGE_GROUP_B03F1875CD754F45,,false,HUMAN_REVIEW_REQUIRED,"[""PRE_CHEMISTRY_NOT_PRODUCTION_AUTHORITATIVE"",""NO_FAMILY_LEVEL_AUTO_ADMISSION"",""NO_SINGLE_EXACT_RULE_MATCHED_EVERY_EVENT;HUMAN_REVIEW_RETAINED""]"
472,FROZEN_FIRST500,COVAPIE_CYS_SG_EVENT_V1:3KHU:D:CYS:276-:SG:X:UPG:C6',3KHU,UPG,D,,CYS,276,SG,X,C6',PASSED,PASSED,PASSED_EXPLICIT_EVENT,PASSED,UNRESOLVED_HUMAN_REVIEW,,,,NO_POSITIVE_AUTHORITY,false,false,false,,true,false,true,,false,,false,false,false,false,false,false,false,NEW_EXPANSION_COMPONENT,COVAPIE_EXPANSION_LEAKAGE_GROUP_B03F1875CD754F45,,false,HUMAN_REVIEW_REQUIRED,"[""PRE_CHEMISTRY_NOT_PRODUCTION_AUTHORITATIVE"",""NO_FAMILY_LEVEL_AUTO_ADMISSION"",""NO_SINGLE_EXACT_RULE_MATCHED_EVERY_EVENT;HUMAN_REVIEW_RETAINED""]"
473,FROZEN_FIRST500,COVAPIE_CYS_SG_EVENT_V1:3KHU:E:CYS:276-:SG:AA:UPG:C6',3KHU,UPG,E,,CYS,276,SG,AA,C6',PASSED,PASSED,PASSED_EXPLICIT_EVENT,PASSED,UNRESOLVED_HUMAN_REVIEW,,,,NO_POSITIVE_AUTHORITY,false,false,false,,true,false,true,,false,,false,false,false,false,false,false,false,NEW_EXPANSION_COMPONENT,COVAPIE_EXPANSION_LEAKAGE_GROUP_B03F1875CD754F45,,false,HUMAN_REVIEW_REQUIRED,"[""PRE_CHEMISTRY_NOT_PRODUCTION_AUTHORITATIVE"",""NO_FAMILY_LEVEL_AUTO_ADMISSION"",""NO_SINGLE_EXACT_RULE_MATCHED_EVERY_EVENT;HUMAN_REVIEW_RETAINED""]"
474,FROZEN_FIRST500,COVAPIE_CYS_SG_EVENT_V1:3KHU:F:CYS:276-:SG:IA:UPG:C6',3KHU,UPG,F,,CYS,276,SG,IA,C6',PASSED,PASSED,PASSED_EXPLICIT_EVENT,PASSED,UNRESOLVED_HUMAN_REVIEW,,,,NO_POSITIVE_AUTHORITY,false,false,false,,true,false,true,,false,,false,false,false,false,false,false,false,NEW_EXPANSION_COMPONENT,COVAPIE_EXPANSION_LEAKAGE_GROUP_B03F1875CD754F45,,false,HUMAN_REVIEW_REQUIRED,"[""PRE_CHEMISTRY_NOT_PRODUCTION_AUTHORITATIVE"",""NO_FAMILY_LEVEL_AUTO_ADMISSION"",""NO_SINGLE_EXACT_RULE_MATCHED_EVERY_EVENT;HUMAN_REVIEW_RETAINED""]"
475,FROZEN_FIRST500,COVAPIE_CYS_SG_EVENT_V1:3KJF:A:CYS:163-:SG:C:B92:C1,3KJF,B92,A,,CYS,163,SG,C,C1,PASSED,UNAVAILABLE,FAILED_CLOSED,NOT_REACHED,NOT_APPLICABLE_BLOCKED_STRUCTURAL_OR_LEAKAGE,,,,NO_POSITIVE_AUTHORITY,false,false,false,,false,false,false,,false,,false,false,false,false,false,false,false,LEAKAGE_EVIDENCE_INCOMPLETE,,,false,STRUCTURAL_EVIDENCE_INCOMPLETE,"[""MMCIF_EXACT_CYS_SG_STRUCT_CONN_NOT_RECOVERED"",""BOUND_STRUCTURAL_EXECUTION_OUTCOME_RETAINED""]"
476,FROZEN_FIRST500,COVAPIE_CYS_SG_EVENT_V1:3KJN:A:CYS:360-:SG:D:B93:C1,3KJN,B93,A,,CYS,360,SG,D,C1,PASSED,UNAVAILABLE,FAILED_CLOSED,NOT_REACHED,NOT_APPLICABLE_BLOCKED_STRUCTURAL_OR_LEAKAGE,,,,NO_POSITIVE_AUTHORITY,false,false,false,,false,false,false,,false,,false,false,false,false,false,false,false,LEAKAGE_EVIDENCE_INCOMPLETE,,,false,STRUCTURAL_EVIDENCE_INCOMPLETE,"[""MMCIF_EXACT_CYS_SG_STRUCT_CONN_NOT_RECOVERED"",""BOUND_STRUCTURAL_EXECUTION_OUTCOME_RETAINED""]"
477,FROZEN_FIRST500,COVAPIE_CYS_SG_EVENT_V1:3KJQ:A:CYS:360-:SG:C:B94:C1,3KJQ,B94,A,,CYS,360,SG,C,C1,PASSED,UNAVAILABLE,FAILED_CLOSED,NOT_REACHED,NOT_APPLICABLE_BLOCKED_STRUCTURAL_OR_LEAKAGE,,,,NO_POSITIVE_AUTHORITY,false,false,false,,false,false,false,,false,,false,false,false,false,false,false,false,LEAKAGE_EVIDENCE_INCOMPLETE,,,false,STRUCTURAL_EVIDENCE_INCOMPLETE,"[""MMCIF_EXACT_CYS_SG_STRUCT_CONN_NOT_RECOVERED"",""BOUND_STRUCTURAL_EXECUTION_OUTCOME_RETAINED""]"
478,FROZEN_FIRST500,COVAPIE_CYS_SG_EVENT_V1:3KNE:A:CYS:64-:SG:D:DAW:S2,3KNE,DAW,A,,CYS,64,SG,D,S2,PASSED,PASSED,PASSED_EXPLICIT_EVENT,PASSED,NOT_APPLICABLE_BLOCKED_STRUCTURAL_OR_LEAKAGE,,,,NO_POSITIVE_AUTHORITY,false,false,false,,true,false,true,,false,,false,false,false,false,false,false,false,LEAKAGE_EXISTING_GROUP_CONFLICT,,,false,LEAKAGE_EXISTING_GROUP_CONFLICT,"[""LEAKAGE_EXISTING_GROUP_CONFLICT"",""BOUND_STRUCTURAL_EXECUTION_OUTCOME_RETAINED""]"
479,FROZEN_FIRST500,COVAPIE_CYS_SG_EVENT_V1:3KR6:A:CYS:115-:SG:B:FFQ:C1,3KR6,FFQ,A,,CYS,115,SG,B,C1,PASSED,PASSED,PASSED_EXPLICIT_EVENT,PASSED,UNRESOLVED_HUMAN_REVIEW,,,,NO_POSITIVE_AUTHORITY,false,false,false,,true,false,true,,false,,false,false,false,false,false,false,false,LEAKAGE_EVIDENCE_INCOMPLETE,,,false,HUMAN_REVIEW_REQUIRED,"[""PRE_CHEMISTRY_NOT_PRODUCTION_AUTHORITATIVE"",""NO_FAMILY_LEVEL_AUTO_ADMISSION"",""NO_SINGLE_EXACT_RULE_MATCHED_EVERY_EVENT;HUMAN_REVIEW_RETAINED""]"
480,FROZEN_FIRST500,COVAPIE_CYS_SG_EVENT_V1:3KW5:A:CYS:90-:SG:C:GVE:CB,3KW5,GVE,A,,CYS,90,SG,C,CB,PASSED,PASSED,PASSED_EXPLICIT_EVENT,PASSED,UNRESOLVED_HUMAN_REVIEW,,,,NO_POSITIVE_AUTHORITY,false,false,false,,true,false,true,,false,,false,false,false,false,false,false,false,NEW_EXPANSION_COMPONENT,COVAPIE_EXPANSION_LEAKAGE_GROUP_6BAED54609374E96,,false,HUMAN_REVIEW_REQUIRED,"[""PRE_CHEMISTRY_NOT_PRODUCTION_AUTHORITATIVE"",""NO_FAMILY_LEVEL_AUTO_ADMISSION"",""NO_SINGLE_EXACT_RULE_MATCHED_EVERY_EVENT;HUMAN_REVIEW_RETAINED""]"
481,FROZEN_FIRST500,COVAPIE_CYS_SG_EVENT_V1:3KW9:A:CYS:25-:SG:B:ORG:C9,3KW9,ORG,A,,CYS,25,SG,B,C9,PASSED,PASSED,PASSED_EXPLICIT_EVENT,PASSED,NOT_APPLICABLE_BLOCKED_STRUCTURAL_OR_LEAKAGE,,,,NO_POSITIVE_AUTHORITY,false,false,false,,true,false,true,,false,,false,false,false,false,false,false,false,LEAKAGE_EXISTING_GROUP_CONFLICT,,,false,LEAKAGE_EXISTING_GROUP_CONFLICT,"[""LEAKAGE_EXISTING_GROUP_CONFLICT"",""BOUND_STRUCTURAL_EXECUTION_OUTCOME_RETAINED""]"
482,FROZEN_FIRST500,COVAPIE_CYS_SG_EVENT_V1:3KWZ:A:CYS:25-:SG:H:KWZ:C26,3KWZ,KWZ,A,,CYS,25,SG,H,C26,PASSED,PASSED,PASSED_EXPLICIT_EVENT,PASSED,NOT_APPLICABLE_BLOCKED_STRUCTURAL_OR_LEAKAGE,,,,NO_POSITIVE_AUTHORITY,false,false,false,,true,false,true,,false,,false,false,false,false,false,false,false,LEAKAGE_EXISTING_GROUP_CONFLICT,,,false,LEAKAGE_EXISTING_GROUP_CONFLICT,"[""LEAKAGE_EXISTING_GROUP_CONFLICT"",""BOUND_STRUCTURAL_EXECUTION_OUTCOME_RETAINED""]"
483,FROZEN_FIRST500,COVAPIE_CYS_SG_EVENT_V1:3LLE:A:CYS:84-:SG:E:SGE:CAG,3LLE,SGE,A,,CYS,84,SG,E,CAG,PASSED,PASSED,PASSED_EXPLICIT_EVENT,PASSED,UNRESOLVED_HUMAN_REVIEW,,,,NO_POSITIVE_AUTHORITY,false,false,false,,true,false,true,,false,,false,false,false,false,false,false,false,NEW_EXPANSION_COMPONENT,COVAPIE_EXPANSION_LEAKAGE_GROUP_E72BEA080B500ABB,,false,HUMAN_REVIEW_REQUIRED,"[""PRE_CHEMISTRY_NOT_PRODUCTION_AUTHORITATIVE"",""NO_FAMILY_LEVEL_AUTO_ADMISSION"",""NO_SINGLE_EXACT_RULE_MATCHED_EVERY_EVENT;HUMAN_REVIEW_RETAINED""]"
484,FROZEN_FIRST500,COVAPIE_CYS_SG_EVENT_V1:3LLE:B:CYS:84-:SG:H:SGE:CAG,3LLE,SGE,B,,CYS,84,SG,H,CAG,PASSED,PASSED,PASSED_EXPLICIT_EVENT,PASSED,UNRESOLVED_HUMAN_REVIEW,,,,NO_POSITIVE_AUTHORITY,false,false,false,,true,false,true,,false,,false,false,false,false,false,false,false,NEW_EXPANSION_COMPONENT,COVAPIE_EXPANSION_LEAKAGE_GROUP_E72BEA080B500ABB,,false,HUMAN_REVIEW_REQUIRED,"[""PRE_CHEMISTRY_NOT_PRODUCTION_AUTHORITATIVE"",""NO_FAMILY_LEVEL_AUTO_ADMISSION"",""NO_SINGLE_EXACT_RULE_MATCHED_EVERY_EVENT;HUMAN_REVIEW_RETAINED""]"
485,FROZEN_FIRST500,COVAPIE_CYS_SG_EVENT_V1:3LOK:A:CYS:345-:SG:C:DJK:C51,3LOK,DJK,A,,CYS,345,SG,C,C51,PASSED,PASSED,PASSED_EXPLICIT_EVENT,PASSED,AUTHORITATIVE_POSITIVE_EXACT_EVENT_CURRENT_RUNTIME,BATCH001_EXACT13_CURRENT_RUNTIME_AUTHORITY,,STRICT_LINKER_PRESENT_V1,CURRENT_RUNTIME_MODEL_USABLE_CANONICAL_EVENT,false,true,true,data/derived/covalent_small/covapie_batch001_to_existing_mixed_profile_supervision_bridge_v1/covapie_batch001_model_bound_structural_evidence_v1.json,true,true,true,data/derived/covalent_small/covapie_batch001_to_existing_mixed_profile_supervision_bridge_v1/covapie_batch001_model_bound_structural_evidence_v1.json,true,data/derived/covalent_small/covapie_batch001_to_existing_mixed_profile_supervision_bridge_v1/covapie_batch001_model_bound_structural_evidence_v1.json,false,false,false,false,false,true,false,NEW_EXPANSION_COMPONENT,COVAPIE_EXPANSION_LEAKAGE_GROUP_B603B4C07705F93D,train,true,MODEL_USABLE_AUTHORITATIVE_POSITIVE,"[""PRE_CHEMISTRY_NOT_PRODUCTION_AUTHORITATIVE"",""NO_FAMILY_LEVEL_AUTO_ADMISSION"",""NO_SINGLE_EXACT_RULE_MATCHED_EVERY_EVENT;HUMAN_REVIEW_RETAINED""]"
486,FROZEN_FIRST500,COVAPIE_CYS_SG_EVENT_V1:3LOK:B:CYS:345-:SG:D:DJK:C51,3LOK,DJK,B,,CYS,345,SG,D,C51,PASSED,PASSED,PASSED_EXPLICIT_EVENT,PASSED,AUTHORITATIVE_POSITIVE_EXACT_EVENT_CURRENT_RUNTIME,BATCH001_EXACT13_CURRENT_RUNTIME_AUTHORITY,,STRICT_LINKER_PRESENT_V1,CURRENT_RUNTIME_MODEL_USABLE_CANONICAL_EVENT,false,true,true,data/derived/covalent_small/covapie_batch001_to_existing_mixed_profile_supervision_bridge_v1/covapie_batch001_model_bound_structural_evidence_v1.json,true,true,true,data/derived/covalent_small/covapie_batch001_to_existing_mixed_profile_supervision_bridge_v1/covapie_batch001_model_bound_structural_evidence_v1.json,true,data/derived/covalent_small/covapie_batch001_to_existing_mixed_profile_supervision_bridge_v1/covapie_batch001_model_bound_structural_evidence_v1.json,false,false,false,false,false,true,false,NEW_EXPANSION_COMPONENT,COVAPIE_EXPANSION_LEAKAGE_GROUP_B603B4C07705F93D,train,true,MODEL_USABLE_AUTHORITATIVE_POSITIVE,"[""PRE_CHEMISTRY_NOT_PRODUCTION_AUTHORITATIVE"",""NO_FAMILY_LEVEL_AUTO_ADMISSION"",""NO_SINGLE_EXACT_RULE_MATCHED_EVERY_EVENT;HUMAN_REVIEW_RETAINED""]"
487,FROZEN_FIRST500,COVAPIE_CYS_SG_EVENT_V1:3LTH:A:CYS:115-:SG:B:FFQ:C1,3LTH,FFQ,A,,CYS,115,SG,B,C1,PASSED,PASSED,PASSED_EXPLICIT_EVENT,PASSED,UNRESOLVED_HUMAN_REVIEW,,,,NO_POSITIVE_AUTHORITY,false,false,false,,true,false,true,,false,,false,false,false,false,false,false,false,LEAKAGE_EVIDENCE_INCOMPLETE,,,false,HUMAN_REVIEW_REQUIRED,"[""PRE_CHEMISTRY_NOT_PRODUCTION_AUTHORITATIVE"",""NO_FAMILY_LEVEL_AUTO_ADMISSION"",""NO_SINGLE_EXACT_RULE_MATCHED_EVERY_EVENT;HUMAN_REVIEW_RETAINED""]"
488,FROZEN_FIRST500,COVAPIE_CYS_SG_EVENT_V1:3LXS:A:CYS:25-:SG:C:4MC:C27,3LXS,4MC,A,,CYS,25,SG,C,C27,PASSED,PASSED,PASSED_EXPLICIT_EVENT,PASSED,NOT_APPLICABLE_BLOCKED_STRUCTURAL_OR_LEAKAGE,,,,NO_POSITIVE_AUTHORITY,false,false,false,,true,false,true,,false,,false,false,false,false,false,false,false,LEAKAGE_EXISTING_GROUP_CONFLICT,,,false,LEAKAGE_EXISTING_GROUP_CONFLICT,"[""LEAKAGE_EXISTING_GROUP_CONFLICT"",""BOUND_STRUCTURAL_EXECUTION_OUTCOME_RETAINED""]"
489,FROZEN_FIRST500,COVAPIE_CYS_SG_EVENT_V1:3M2Z:A:CYS:64-:SG:C:BFE:S12,3M2Z,BFE,A,,CYS,64,SG,C,S12,PASSED,PASSED,PASSED_EXPLICIT_EVENT,PASSED,NOT_APPLICABLE_BLOCKED_STRUCTURAL_OR_LEAKAGE,,,,NO_POSITIVE_AUTHORITY,false,false,false,,true,false,true,,false,,false,false,false,false,false,false,false,LEAKAGE_EXISTING_GROUP_CONFLICT,,,false,LEAKAGE_EXISTING_GROUP_CONFLICT,"[""LEAKAGE_EXISTING_GROUP_CONFLICT"",""BOUND_STRUCTURAL_EXECUTION_OUTCOME_RETAINED""]"
490,FROZEN_FIRST500,COVAPIE_CYS_SG_EVENT_V1:3M5T:A:CYS:64-:SG:C:BFG:S20,3M5T,BFG,A,,CYS,64,SG,C,S20,PASSED,PASSED,PASSED_EXPLICIT_EVENT,PASSED,NOT_APPLICABLE_BLOCKED_STRUCTURAL_OR_LEAKAGE,,,,NO_POSITIVE_AUTHORITY,false,false,false,,true,false,true,,false,,false,false,false,false,false,false,false,LEAKAGE_EXISTING_GROUP_CONFLICT,,,false,LEAKAGE_EXISTING_GROUP_CONFLICT,"[""LEAKAGE_EXISTING_GROUP_CONFLICT"",""BOUND_STRUCTURAL_EXECUTION_OUTCOME_RETAINED""]"
491,FROZEN_FIRST500,COVAPIE_CYS_SG_EVENT_V1:3N4C:A:CYS:25-:SG:C:EF3:C26,3N4C,EF3,A,,CYS,25,SG,C,C26,PASSED,PASSED,PASSED_EXPLICIT_EVENT,PASSED,NOT_APPLICABLE_BLOCKED_STRUCTURAL_OR_LEAKAGE,,,,NO_POSITIVE_AUTHORITY,false,false,false,,true,false,true,,false,,false,false,false,false,false,false,false,LEAKAGE_EXISTING_GROUP_CONFLICT,,,false,LEAKAGE_EXISTING_GROUP_CONFLICT,"[""LEAKAGE_EXISTING_GROUP_CONFLICT"",""BOUND_STRUCTURAL_EXECUTION_OUTCOME_RETAINED""]"
492,FROZEN_FIRST500,COVAPIE_CYS_SG_EVENT_V1:3N4C:B:CYS:25-:SG:E:EF3:C26,3N4C,EF3,B,,CYS,25,SG,E,C26,PASSED,PASSED,PASSED_EXPLICIT_EVENT,PASSED,NOT_APPLICABLE_BLOCKED_STRUCTURAL_OR_LEAKAGE,,,,NO_POSITIVE_AUTHORITY,false,false,false,,true,false,true,,false,,false,false,false,false,false,false,false,LEAKAGE_EXISTING_GROUP_CONFLICT,,,false,LEAKAGE_EXISTING_GROUP_CONFLICT,"[""LEAKAGE_EXISTING_GROUP_CONFLICT"",""BOUND_STRUCTURAL_EXECUTION_OUTCOME_RETAINED""]"
493,FROZEN_FIRST500,COVAPIE_CYS_SG_EVENT_V1:3NPL:B:CYS:97-:SG:F:RU8:C49,3NPL,RU8,B,,CYS,97,SG,F,C49,FAILED_CLOSED,UNAVAILABLE,NOT_REACHED,NOT_REACHED,NOT_APPLICABLE_BLOCKED_STRUCTURAL_OR_LEAKAGE,,,,NO_POSITIVE_AUTHORITY,false,false,false,,false,false,false,,false,,false,false,false,false,false,false,false,LEAKAGE_EVIDENCE_INCOMPLETE,,,false,STRUCTURAL_EVIDENCE_INCOMPLETE,"[""REQUIRED_CCD_PAYLOAD_UNAVAILABLE"",""BOUND_STRUCTURAL_EXECUTION_OUTCOME_RETAINED""]"
494,FROZEN_FIRST500,COVAPIE_CYS_SG_EVENT_V1:3O1G:A:CYS:25-:SG:D:O75:C7,3O1G,O75,A,,CYS,25,SG,D,C7,PASSED,PASSED,PASSED_EXPLICIT_EVENT,PASSED,NOT_APPLICABLE_BLOCKED_STRUCTURAL_OR_LEAKAGE,,,,NO_POSITIVE_AUTHORITY,false,false,false,,true,false,true,,false,,false,false,false,false,false,false,false,LEAKAGE_EXISTING_GROUP_CONFLICT,,,false,LEAKAGE_EXISTING_GROUP_CONFLICT,"[""LEAKAGE_EXISTING_GROUP_CONFLICT"",""BOUND_STRUCTURAL_EXECUTION_OUTCOME_RETAINED""]"
495,FROZEN_FIRST500,COVAPIE_CYS_SG_EVENT_V1:3O6T:A:CYS:37-:SG:E:PX5:C15,3O6T,PX5,A,,CYS,37,SG,E,C15,PASSED,PASSED,PASSED_EXPLICIT_EVENT,PASSED,AUTHORITATIVE_POSITIVE_EXACT_EVENT_CURRENT_RUNTIME,BATCH001_EXACT13_CURRENT_RUNTIME_AUTHORITY,,DIRECT_ATTACHMENT_OPTIONAL_LINKER_V1,CURRENT_RUNTIME_MODEL_USABLE_CANONICAL_EVENT,false,true,true,data/derived/covalent_small/covapie_batch001_to_existing_mixed_profile_supervision_bridge_v1/covapie_batch001_model_bound_structural_evidence_v1.json,true,true,true,data/derived/covalent_small/covapie_batch001_to_existing_mixed_profile_supervision_bridge_v1/covapie_batch001_model_bound_structural_evidence_v1.json,true,data/derived/covalent_small/covapie_batch001_to_existing_mixed_profile_supervision_bridge_v1/covapie_batch001_model_bound_structural_evidence_v1.json,false,false,false,false,false,true,false,NEW_EXPANSION_COMPONENT,COVAPIE_EXPANSION_LEAKAGE_GROUP_AD79B40D8A505F37,validation,false,MODEL_USABLE_AUTHORITATIVE_POSITIVE,"[""PRE_CHEMISTRY_NOT_PRODUCTION_AUTHORITATIVE"",""NO_FAMILY_LEVEL_AUTO_ADMISSION"",""NO_SINGLE_EXACT_RULE_MATCHED_EVERY_EVENT;HUMAN_REVIEW_RETAINED""]"
496,FROZEN_FIRST500,COVAPIE_CYS_SG_EVENT_V1:3O6T:C:CYS:37-:SG:G:PX5:C15,3O6T,PX5,C,,CYS,37,SG,G,C15,PASSED,PASSED,PASSED_EXPLICIT_EVENT,PASSED,AUTHORITATIVE_POSITIVE_EXACT_EVENT_CURRENT_RUNTIME,BATCH001_EXACT13_CURRENT_RUNTIME_AUTHORITY,,DIRECT_ATTACHMENT_OPTIONAL_LINKER_V1,CURRENT_RUNTIME_MODEL_USABLE_CANONICAL_EVENT,false,true,true,data/derived/covalent_small/covapie_batch001_to_existing_mixed_profile_supervision_bridge_v1/covapie_batch001_model_bound_structural_evidence_v1.json,true,true,true,data/derived/covalent_small/covapie_batch001_to_existing_mixed_profile_supervision_bridge_v1/covapie_batch001_model_bound_structural_evidence_v1.json,true,data/derived/covalent_small/covapie_batch001_to_existing_mixed_profile_supervision_bridge_v1/covapie_batch001_model_bound_structural_evidence_v1.json,false,false,false,false,false,true,false,NEW_EXPANSION_COMPONENT,COVAPIE_EXPANSION_LEAKAGE_GROUP_AD79B40D8A505F37,validation,false,MODEL_USABLE_AUTHORITATIVE_POSITIVE,"[""PRE_CHEMISTRY_NOT_PRODUCTION_AUTHORITATIVE"",""NO_FAMILY_LEVEL_AUTO_ADMISSION"",""NO_SINGLE_EXACT_RULE_MATCHED_EVERY_EVENT;HUMAN_REVIEW_RETAINED""]"
497,FROZEN_FIRST500,COVAPIE_CYS_SG_EVENT_V1:3OF8:A:CYS:26-:SG:B:I0Y:C21,3OF8,I0Y,A,,CYS,26,SG,B,C21,PASSED,PASSED,PASSED_EXPLICIT_EVENT,PASSED,NOT_APPLICABLE_BLOCKED_STRUCTURAL_OR_LEAKAGE,,,,NO_POSITIVE_AUTHORITY,false,false,false,,true,false,true,,false,,false,false,false,false,false,false,false,LEAKAGE_EXISTING_GROUP_CONFLICT,,,false,LEAKAGE_EXISTING_GROUP_CONFLICT,"[""LEAKAGE_EXISTING_GROUP_CONFLICT"",""BOUND_STRUCTURAL_EXECUTION_OUTCOME_RETAINED""]"
498,FROZEN_FIRST500,COVAPIE_CYS_SG_EVENT_V1:3OF9:A:CYS:26-:SG:B:I0X:C31,3OF9,I0X,A,,CYS,26,SG,B,C31,PASSED,PASSED,PASSED_EXPLICIT_EVENT,PASSED,NOT_APPLICABLE_BLOCKED_STRUCTURAL_OR_LEAKAGE,,,,NO_POSITIVE_AUTHORITY,false,false,false,,true,false,true,,false,,false,false,false,false,false,false,false,LEAKAGE_EXISTING_GROUP_CONFLICT,,,false,LEAKAGE_EXISTING_GROUP_CONFLICT,"[""LEAKAGE_EXISTING_GROUP_CONFLICT"",""BOUND_STRUCTURAL_EXECUTION_OUTCOME_RETAINED""]"
499,FROZEN_FIRST500,COVAPIE_CYS_SG_EVENT_V1:3ORX:A:CYS:148-:SG:I:1F8:SD,3ORX,1F8,A,,CYS,148,SG,I,SD,PASSED,PASSED,PASSED_EXPLICIT_EVENT,PASSED,UNRESOLVED_HUMAN_REVIEW,,,,NO_POSITIVE_AUTHORITY,false,false,false,,true,false,true,,false,,false,false,false,false,false,false,false,LEAKAGE_EVIDENCE_INCOMPLETE,,,false,HUMAN_REVIEW_REQUIRED,"[""PRE_CHEMISTRY_NOT_PRODUCTION_AUTHORITATIVE"",""NO_FAMILY_LEVEL_AUTO_ADMISSION"",""NO_SINGLE_EXACT_RULE_MATCHED_EVERY_EVENT;HUMAN_REVIEW_RETAINED""]"
500,FROZEN_FIRST500,COVAPIE_CYS_SG_EVENT_V1:3ORX:B:CYS:148-:SG:K:1F8:SD,3ORX,1F8,B,,CYS,148,SG,K,SD,PASSED,PASSED,PASSED_EXPLICIT_EVENT,PASSED,UNRESOLVED_HUMAN_REVIEW,,,,NO_POSITIVE_AUTHORITY,false,false,false,,true,false,true,,false,,false,false,false,false,false,false,false,LEAKAGE_EVIDENCE_INCOMPLETE,,,false,HUMAN_REVIEW_REQUIRED,"[""PRE_CHEMISTRY_NOT_PRODUCTION_AUTHORITATIVE"",""NO_FAMILY_LEVEL_AUTO_ADMISSION"",""NO_SINGLE_EXACT_RULE_MATCHED_EVERY_EVENT;HUMAN_REVIEW_RETAINED""]"
501,RANKS_0501_1000_EXECUTION,COVAPIE_CYS_SG_EVENT_V1:3ORX:C:CYS:148-:SG:M:1F8:SD,3ORX,1F8,C,,CYS,148,SG,M,SD,PASSED,PASSED,PASSED_EXPLICIT_EVENT,PASSED,UNRESOLVED_HUMAN_REVIEW,,,,NO_POSITIVE_AUTHORITY,false,false,false,,true,false,true,,false,,false,false,false,false,false,false,false,LEAKAGE_EVIDENCE_INCOMPLETE,,,false,HUMAN_REVIEW_REQUIRED,"[""PRE_CHEMISTRY_NOT_PRODUCTION_AUTHORITATIVE"",""NO_FAMILY_LEVEL_AUTO_ADMISSION"",""NO_SINGLE_EXACT_RULE_MATCHED_EVERY_EVENT;HUMAN_REVIEW_RETAINED""]"
502,RANKS_0501_1000_EXECUTION,COVAPIE_CYS_SG_EVENT_V1:3ORX:D:CYS:148-:SG:O:1F8:SD,3ORX,1F8,D,,CYS,148,SG,O,SD,PASSED,PASSED,PASSED_EXPLICIT_EVENT,PASSED,UNRESOLVED_HUMAN_REVIEW,,,,NO_POSITIVE_AUTHORITY,false,false,false,,true,false,true,,false,,false,false,false,false,false,false,false,LEAKAGE_EVIDENCE_INCOMPLETE,,,false,HUMAN_REVIEW_REQUIRED,"[""PRE_CHEMISTRY_NOT_PRODUCTION_AUTHORITATIVE"",""NO_FAMILY_LEVEL_AUTO_ADMISSION"",""NO_SINGLE_EXACT_RULE_MATCHED_EVERY_EVENT;HUMAN_REVIEW_RETAINED""]"
503,RANKS_0501_1000_EXECUTION,COVAPIE_CYS_SG_EVENT_V1:3ORX:E:CYS:148-:SG:Q:1F8:SD,3ORX,1F8,E,,CYS,148,SG,Q,SD,PASSED,PASSED,PASSED_EXPLICIT_EVENT,PASSED,UNRESOLVED_HUMAN_REVIEW,,,,NO_POSITIVE_AUTHORITY,false,false,false,,true,false,true,,false,,false,false,false,false,false,false,false,LEAKAGE_EVIDENCE_INCOMPLETE,,,false,HUMAN_REVIEW_REQUIRED,"[""PRE_CHEMISTRY_NOT_PRODUCTION_AUTHORITATIVE"",""NO_FAMILY_LEVEL_AUTO_ADMISSION"",""NO_SINGLE_EXACT_RULE_MATCHED_EVERY_EVENT;HUMAN_REVIEW_RETAINED""]"
504,RANKS_0501_1000_EXECUTION,COVAPIE_CYS_SG_EVENT_V1:3ORX:F:CYS:148-:SG:R:1F8:SD,3ORX,1F8,F,,CYS,148,SG,R,SD,PASSED,PASSED,PASSED_EXPLICIT_EVENT,PASSED,UNRESOLVED_HUMAN_REVIEW,,,,NO_POSITIVE_AUTHORITY,false,false,false,,true,false,true,,false,,false,false,false,false,false,false,false,LEAKAGE_EVIDENCE_INCOMPLETE,,,false,HUMAN_REVIEW_REQUIRED,"[""PRE_CHEMISTRY_NOT_PRODUCTION_AUTHORITATIVE"",""NO_FAMILY_LEVEL_AUTO_ADMISSION"",""NO_SINGLE_EXACT_RULE_MATCHED_EVERY_EVENT;HUMAN_REVIEW_RETAINED""]"
505,RANKS_0501_1000_EXECUTION,COVAPIE_CYS_SG_EVENT_V1:3ORX:G:CYS:148-:SG:S:1F8:SD,3ORX,1F8,G,,CYS,148,SG,S,SD,PASSED,PASSED,PASSED_EXPLICIT_EVENT,PASSED,UNRESOLVED_HUMAN_REVIEW,,,,NO_POSITIVE_AUTHORITY,false,false,false,,true,false,true,,false,,false,false,false,false,false,false,false,LEAKAGE_EVIDENCE_INCOMPLETE,,,false,HUMAN_REVIEW_REQUIRED,"[""PRE_CHEMISTRY_NOT_PRODUCTION_AUTHORITATIVE"",""NO_FAMILY_LEVEL_AUTO_ADMISSION"",""NO_SINGLE_EXACT_RULE_MATCHED_EVERY_EVENT;HUMAN_REVIEW_RETAINED""]"
506,RANKS_0501_1000_EXECUTION,COVAPIE_CYS_SG_EVENT_V1:3ORX:H:CYS:148-:SG:T:1F8:SD,3ORX,1F8,H,,CYS,148,SG,T,SD,PASSED,PASSED,PASSED_EXPLICIT_EVENT,PASSED,UNRESOLVED_HUMAN_REVIEW,,,,NO_POSITIVE_AUTHORITY,false,false,false,,true,false,true,,false,,false,false,false,false,false,false,false,LEAKAGE_EVIDENCE_INCOMPLETE,,,false,HUMAN_REVIEW_REQUIRED,"[""PRE_CHEMISTRY_NOT_PRODUCTION_AUTHORITATIVE"",""NO_FAMILY_LEVEL_AUTO_ADMISSION"",""NO_SINGLE_EXACT_RULE_MATCHED_EVERY_EVENT;HUMAN_REVIEW_RETAINED""]"
507,RANKS_0501_1000_EXECUTION,COVAPIE_CYS_SG_EVENT_V1:3ORZ:A:CYS:148-:SG:E:2A2:SD,3ORZ,2A2,A,,CYS,148,SG,E,SD,PASSED,PASSED,PASSED_EXPLICIT_EVENT,PASSED,UNRESOLVED_HUMAN_REVIEW,,,,NO_POSITIVE_AUTHORITY,false,false,false,,true,false,true,,false,,false,false,false,false,false,false,false,LEAKAGE_EVIDENCE_INCOMPLETE,,,false,HUMAN_REVIEW_REQUIRED,"[""PRE_CHEMISTRY_NOT_PRODUCTION_AUTHORITATIVE"",""NO_FAMILY_LEVEL_AUTO_ADMISSION"",""NO_SINGLE_EXACT_RULE_MATCHED_EVERY_EVENT;HUMAN_REVIEW_RETAINED""]"
508,RANKS_0501_1000_EXECUTION,COVAPIE_CYS_SG_EVENT_V1:3ORZ:B:CYS:148-:SG:G:2A2:SD,3ORZ,2A2,B,,CYS,148,SG,G,SD,PASSED,PASSED,PASSED_EXPLICIT_EVENT,PASSED,UNRESOLVED_HUMAN_REVIEW,,,,NO_POSITIVE_AUTHORITY,false,false,false,,true,false,true,,false,,false,false,false,false,false,false,false,LEAKAGE_EVIDENCE_INCOMPLETE,,,false,HUMAN_REVIEW_REQUIRED,"[""PRE_CHEMISTRY_NOT_PRODUCTION_AUTHORITATIVE"",""NO_FAMILY_LEVEL_AUTO_ADMISSION"",""NO_SINGLE_EXACT_RULE_MATCHED_EVERY_EVENT;HUMAN_REVIEW_RETAINED""]"
509,RANKS_0501_1000_EXECUTION,COVAPIE_CYS_SG_EVENT_V1:3ORZ:C:CYS:148-:SG:I:2A2:SD,3ORZ,2A2,C,,CYS,148,SG,I,SD,PASSED,PASSED,PASSED_EXPLICIT_EVENT,PASSED,UNRESOLVED_HUMAN_REVIEW,,,,NO_POSITIVE_AUTHORITY,false,false,false,,true,false,true,,false,,false,false,false,false,false,false,false,LEAKAGE_EVIDENCE_INCOMPLETE,,,false,HUMAN_REVIEW_REQUIRED,"[""PRE_CHEMISTRY_NOT_PRODUCTION_AUTHORITATIVE"",""NO_FAMILY_LEVEL_AUTO_ADMISSION"",""NO_SINGLE_EXACT_RULE_MATCHED_EVERY_EVENT;HUMAN_REVIEW_RETAINED""]"
510,RANKS_0501_1000_EXECUTION,COVAPIE_CYS_SG_EVENT_V1:3ORZ:D:CYS:148-:SG:K:2A2:SD,3ORZ,2A2,D,,CYS,148,SG,K,SD,PASSED,PASSED,PASSED_EXPLICIT_EVENT,PASSED,UNRESOLVED_HUMAN_REVIEW,,,,NO_POSITIVE_AUTHORITY,false,false,false,,true,false,true,,false,,false,false,false,false,false,false,false,LEAKAGE_EVIDENCE_INCOMPLETE,,,false,HUMAN_REVIEW_REQUIRED,"[""PRE_CHEMISTRY_NOT_PRODUCTION_AUTHORITATIVE"",""NO_FAMILY_LEVEL_AUTO_ADMISSION"",""NO_SINGLE_EXACT_RULE_MATCHED_EVERY_EVENT;HUMAN_REVIEW_RETAINED""]"
511,RANKS_0501_1000_EXECUTION,COVAPIE_CYS_SG_EVENT_V1:3OTU:A:CYS:148-:SG:B:J30:SD,3OTU,J30,A,,CYS,148,SG,B,SD,PASSED,PASSED,PASSED_EXPLICIT_EVENT,PASSED,UNRESOLVED_HUMAN_REVIEW,,,,NO_POSITIVE_AUTHORITY,false,false,false,,true,false,true,,false,,false,false,false,false,false,false,false,LEAKAGE_EVIDENCE_INCOMPLETE,,,false,HUMAN_REVIEW_REQUIRED,"[""PRE_CHEMISTRY_NOT_PRODUCTION_AUTHORITATIVE"",""NO_FAMILY_LEVEL_AUTO_ADMISSION"",""NO_SINGLE_EXACT_RULE_MATCHED_EVERY_EVENT;HUMAN_REVIEW_RETAINED""]"
512,RANKS_0501_1000_EXECUTION,COVAPIE_CYS_SG_EVENT_V1:3OVX:A:CYS:25-:SG:C:O64:C12,3OVX,O64,A,,CYS,25,SG,C,C12,PASSED,PASSED,PASSED_EXPLICIT_EVENT,PASSED,NOT_APPLICABLE_BLOCKED_STRUCTURAL_OR_LEAKAGE,,,,NO_POSITIVE_AUTHORITY,false,false,false,,true,false,true,,false,,false,false,false,false,false,false,false,LEAKAGE_EXISTING_GROUP_CONFLICT,,,false,LEAKAGE_EXISTING_GROUP_CONFLICT,"[""LEAKAGE_EXISTING_GROUP_CONFLICT""]"
513,RANKS_0501_1000_EXECUTION,COVAPIE_CYS_SG_EVENT_V1:3OVX:B:CYS:25-:SG:E:O64:C12,3OVX,O64,B,,CYS,25,SG,E,C12,PASSED,PASSED,PASSED_EXPLICIT_EVENT,PASSED,NOT_APPLICABLE_BLOCKED_STRUCTURAL_OR_LEAKAGE,,,,NO_POSITIVE_AUTHORITY,false,false,false,,true,false,true,,false,,false,false,false,false,false,false,false,LEAKAGE_EXISTING_GROUP_CONFLICT,,,false,LEAKAGE_EXISTING_GROUP_CONFLICT,"[""LEAKAGE_EXISTING_GROUP_CONFLICT""]"
514,RANKS_0501_1000_EXECUTION,COVAPIE_CYS_SG_EVENT_V1:3P8E:A:CYS:274-:SG:C:LN7:CZ,3P8E,LN7,A,,CYS,274,SG,C,CZ,PASSED,PASSED,PASSED_EXPLICIT_EVENT,PASSED,UNRESOLVED_HUMAN_REVIEW,,,,NO_POSITIVE_AUTHORITY,false,false,false,,true,false,true,,false,,false,false,false,false,false,false,false,NEW_EXPANSION_COMPONENT,COVAPIE_EXPANSION_LEAKAGE_GROUP_86D7A615F4B4F89F,,false,HUMAN_REVIEW_REQUIRED,"[""PRE_CHEMISTRY_NOT_PRODUCTION_AUTHORITATIVE"",""NO_FAMILY_LEVEL_AUTO_ADMISSION"",""NO_SINGLE_EXACT_RULE_MATCHED_EVERY_EVENT;HUMAN_REVIEW_RETAINED""]"
515,RANKS_0501_1000_EXECUTION,COVAPIE_CYS_SG_EVENT_V1:3P8E:B:CYS:274-:SG:D:LN7:CZ,3P8E,LN7,B,,CYS,274,SG,D,CZ,PASSED,PASSED,PASSED_EXPLICIT_EVENT,PASSED,UNRESOLVED_HUMAN_REVIEW,,,,NO_POSITIVE_AUTHORITY,false,false,false,,true,false,true,,false,,false,false,false,false,false,false,false,NEW_EXPANSION_COMPONENT,COVAPIE_EXPANSION_LEAKAGE_GROUP_86D7A615F4B4F89F,,false,HUMAN_REVIEW_REQUIRED,"[""PRE_CHEMISTRY_NOT_PRODUCTION_AUTHORITATIVE"",""NO_FAMILY_LEVEL_AUTO_ADMISSION"",""NO_SINGLE_EXACT_RULE_MATCHED_EVERY_EVENT;HUMAN_REVIEW_RETAINED""]"
516,RANKS_0501_1000_EXECUTION,COVAPIE_CYS_SG_EVENT_V1:3PA8:A:CYS:155-:SG:C:621:CAC,3PA8,621,A,,CYS,155,SG,C,CAC,PASSED,PASSED,PASSED_EXPLICIT_EVENT,PASSED,NOT_APPLICABLE_BLOCKED_STRUCTURAL_OR_LEAKAGE,,,,NO_POSITIVE_AUTHORITY,false,false,false,,true,false,true,,false,,false,false,false,false,false,false,false,NEW_EXPANSION_COMPONENT,COVAPIE_EXPANSION_LEAKAGE_GROUP_E1684454A80C502A,,false,QUARANTINE_REPRESENTATION_GAP,"[""PRE_ONLY_ATOMS_CANNOT_BE_DROPPED_OR_GIVEN_COORDINATES""]"
517,RANKS_0501_1000_EXECUTION,COVAPIE_CYS_SG_EVENT_V1:3PA8:B:CYS:155-:SG:G:621:CAC,3PA8,621,B,,CYS,155,SG,G,CAC,PASSED,PASSED,PASSED_EXPLICIT_EVENT,PASSED,NOT_APPLICABLE_BLOCKED_STRUCTURAL_OR_LEAKAGE,,,,NO_POSITIVE_AUTHORITY,false,false,false,,true,false,true,,false,,false,false,false,false,false,false,false,NEW_EXPANSION_COMPONENT,COVAPIE_EXPANSION_LEAKAGE_GROUP_E1684454A80C502A,,false,QUARANTINE_REPRESENTATION_GAP,"[""PRE_ONLY_ATOMS_CANNOT_BE_DROPPED_OR_GIVEN_COORDINATES""]"
518,RANKS_0501_1000_EXECUTION,COVAPIE_CYS_SG_EVENT_V1:3PDF:A:CYS:234-:SG:C:LXV:C18,3PDF,LXV,A,,CYS,234,SG,C,C18,PASSED,PASSED,PASSED_EXPLICIT_EVENT,PASSED,NOT_APPLICABLE_BLOCKED_STRUCTURAL_OR_LEAKAGE,,,,NO_POSITIVE_AUTHORITY,false,false,false,,true,false,true,,false,,false,false,false,false,false,false,false,LEAKAGE_EXISTING_GROUP_CONFLICT,,,false,LEAKAGE_EXISTING_GROUP_CONFLICT,"[""LEAKAGE_EXISTING_GROUP_CONFLICT""]"
519,RANKS_0501_1000_EXECUTION,COVAPIE_CYS_SG_EVENT_V1:3PDS:A:CYS:93-:SG:B:ERC:S1,3PDS,ERC,A,,CYS,93,SG,B,S1,PASSED,PASSED,PASSED_EXPLICIT_EVENT,PASSED,UNRESOLVED_HUMAN_REVIEW,,,,NO_POSITIVE_AUTHORITY,false,false,false,,true,false,true,,false,,false,false,false,false,false,false,false,NEW_EXPANSION_COMPONENT,COVAPIE_EXPANSION_LEAKAGE_GROUP_60FE81A0E0C298D7,,false,HUMAN_REVIEW_REQUIRED,"[""PRE_CHEMISTRY_NOT_PRODUCTION_AUTHORITATIVE"",""NO_FAMILY_LEVEL_AUTO_ADMISSION"",""NO_SINGLE_EXACT_RULE_MATCHED_EVERY_EVENT;HUMAN_REVIEW_RETAINED""]"
520,RANKS_0501_1000_EXECUTION,COVAPIE_CYS_SG_EVENT_V1:3Q3Y:A:CYS:147-:SG:C:XNV:C06,3Q3Y,XNV,A,,CYS,147,SG,C,C06,PASSED,PASSED,PASSED_EXPLICIT_EVENT,PASSED,NOT_APPLICABLE_BLOCKED_STRUCTURAL_OR_LEAKAGE,,,,NO_POSITIVE_AUTHORITY,false,false,false,,true,false,true,,false,,false,false,false,false,false,false,false,LEAKAGE_EXISTING_GROUP_CONFLICT,,,false,LEAKAGE_EXISTING_GROUP_CONFLICT,"[""LEAKAGE_EXISTING_GROUP_CONFLICT""]"
521,RANKS_0501_1000_EXECUTION,COVAPIE_CYS_SG_EVENT_V1:3Q3Y:B:CYS:147-:SG:L:XNV:C06,3Q3Y,XNV,B,,CYS,147,SG,L,C06,PASSED,PASSED,PASSED_EXPLICIT_EVENT,PASSED,NOT_APPLICABLE_BLOCKED_STRUCTURAL_OR_LEAKAGE,,,,NO_POSITIVE_AUTHORITY,false,false,false,,true,false,true,,false,,false,false,false,false,false,false,false,LEAKAGE_EXISTING_GROUP_CONFLICT,,,false,LEAKAGE_EXISTING_GROUP_CONFLICT,"[""LEAKAGE_EXISTING_GROUP_CONFLICT""]"
522,RANKS_0501_1000_EXECUTION,COVAPIE_CYS_SG_EVENT_V1:3QN7:B:CYS:16-:SG:C:ZBR:C8,3QN7,ZBR,B,,CYS,16,SG,C,C8,PASSED,PASSED,PASSED_EXPLICIT_EVENT,PASSED,NOT_APPLICABLE_BLOCKED_STRUCTURAL_OR_LEAKAGE,,,,NO_POSITIVE_AUTHORITY,false,false,false,,true,false,true,,false,,false,false,false,false,false,false,false,LEAKAGE_EVIDENCE_INCOMPLETE,,,false,QUARANTINE_REPRESENTATION_GAP,"[""PRE_ONLY_ATOMS_CANNOT_BE_DROPPED_OR_GIVEN_COORDINATES""]"
523,RANKS_0501_1000_EXECUTION,COVAPIE_CYS_SG_EVENT_V1:3QN7:B:CYS:2-:SG:C:ZBR:C9,3QN7,ZBR,B,,CYS,2,SG,C,C9,PASSED,PASSED,PASSED_EXPLICIT_EVENT,PASSED,NOT_APPLICABLE_BLOCKED_STRUCTURAL_OR_LEAKAGE,,,,NO_POSITIVE_AUTHORITY,false,false,false,,true,false,true,,false,,false,false,false,false,false,false,false,LEAKAGE_EVIDENCE_INCOMPLETE,,,false,QUARANTINE_REPRESENTATION_GAP,"[""PRE_ONLY_ATOMS_CANNOT_BE_DROPPED_OR_GIVEN_COORDINATES""]"
524,RANKS_0501_1000_EXECUTION,COVAPIE_CYS_SG_EVENT_V1:3QN7:B:CYS:9-:SG:C:ZBR:C7,3QN7,ZBR,B,,CYS,9,SG,C,C7,PASSED,PASSED,PASSED_EXPLICIT_EVENT,PASSED,NOT_APPLICABLE_BLOCKED_STRUCTURAL_OR_LEAKAGE,,,,NO_POSITIVE_AUTHORITY,false,false,false,,true,false,true,,false,,false,false,false,false,false,false,false,LEAKAGE_EVIDENCE_INCOMPLETE,,,false,QUARANTINE_REPRESENTATION_GAP,"[""PRE_ONLY_ATOMS_CANNOT_BE_DROPPED_OR_GIVEN_COORDINATES""]"
525,RANKS_0501_1000_EXECUTION,COVAPIE_CYS_SG_EVENT_V1:3QSD:A:CYS:100-:SG:B:074:C6,3QSD,074,A,,CYS,100,SG,B,C6,PASSED,PASSED,PASSED_EXPLICIT_EVENT,PASSED,NOT_APPLICABLE_BLOCKED_STRUCTURAL_OR_LEAKAGE,,,,NO_POSITIVE_AUTHORITY,false,false,false,,true,false,true,,false,,false,false,false,false,false,false,false,LEAKAGE_EXISTING_GROUP_CONFLICT,,,false,LEAKAGE_EXISTING_GROUP_CONFLICT,"[""LEAKAGE_EXISTING_GROUP_CONFLICT""]"
526,RANKS_0501_1000_EXECUTION,COVAPIE_CYS_SG_EVENT_V1:3QVO:A:CYS:93-:SG:B:MNB:S5,3QVO,MNB,A,,CYS,93,SG,B,S5,PASSED,PASSED,PASSED_EXPLICIT_EVENT,PASSED,NOT_APPLICABLE_BLOCKED_STRUCTURAL_OR_LEAKAGE,,,,NO_POSITIVE_AUTHORITY,false,false,false,,true,false,true,,false,,false,false,false,false,false,false,false,LEAKAGE_EXISTING_GROUP_CONFLICT,,,false,LEAKAGE_EXISTING_GROUP_CONFLICT,"[""LEAKAGE_EXISTING_GROUP_CONFLICT""]"
527,RANKS_0501_1000_EXECUTION,COVAPIE_CYS_SG_EVENT_V1:3QVY:A:CYS:82-:SG:O:ME7:CAG,3QVY,ME7,A,,CYS,82,SG,O,CAG,PASSED,PASSED,PASSED_EXPLICIT_EVENT,PASSED,UNRESOLVED_HUMAN_REVIEW,,,,NO_POSITIVE_AUTHORITY,false,false,false,,true,false,true,,false,,false,false,false,false,false,false,false,LEAKAGE_EVIDENCE_INCOMPLETE,,,false,HUMAN_REVIEW_REQUIRED,"[""PRE_CHEMISTRY_NOT_PRODUCTION_AUTHORITATIVE"",""NO_FAMILY_LEVEL_AUTO_ADMISSION"",""NO_SINGLE_EXACT_RULE_MATCHED_EVERY_EVENT;HUMAN_REVIEW_RETAINED""]"
528,RANKS_0501_1000_EXECUTION,COVAPIE_CYS_SG_EVENT_V1:3QVY:B:CYS:82-:SG:U:ME7:CAE,3QVY,ME7,B,,CYS,82,SG,U,CAE,PASSED,PASSED,PASSED_EXPLICIT_EVENT,PASSED,UNRESOLVED_HUMAN_REVIEW,,,,NO_POSITIVE_AUTHORITY,false,false,false,,true,false,true,,false,,false,false,false,false,false,false,false,LEAKAGE_EVIDENCE_INCOMPLETE,,,false,HUMAN_REVIEW_REQUIRED,"[""PRE_CHEMISTRY_NOT_PRODUCTION_AUTHORITATIVE"",""NO_FAMILY_LEVEL_AUTO_ADMISSION"",""NO_SINGLE_EXACT_RULE_MATCHED_EVERY_EVENT;HUMAN_REVIEW_RETAINED""]"
529,RANKS_0501_1000_EXECUTION,COVAPIE_CYS_SG_EVENT_V1:3QVY:C:CYS:82-:SG:O:ME7:CAE,3QVY,ME7,C,,CYS,82,SG,O,CAE,PASSED,PASSED,PASSED_EXPLICIT_EVENT,PASSED,UNRESOLVED_HUMAN_REVIEW,,,,NO_POSITIVE_AUTHORITY,false,false,false,,true,false,true,,false,,false,false,false,false,false,false,false,LEAKAGE_EVIDENCE_INCOMPLETE,,,false,HUMAN_REVIEW_REQUIRED,"[""PRE_CHEMISTRY_NOT_PRODUCTION_AUTHORITATIVE"",""NO_FAMILY_LEVEL_AUTO_ADMISSION"",""NO_SINGLE_EXACT_RULE_MATCHED_EVERY_EVENT;HUMAN_REVIEW_RETAINED""]"
530,RANKS_0501_1000_EXECUTION,COVAPIE_CYS_SG_EVENT_V1:3QVY:D:CYS:82-:SG:U:ME7:CAH,3QVY,ME7,D,,CYS,82,SG,U,CAH,PASSED,PASSED,PASSED_EXPLICIT_EVENT,PASSED,UNRESOLVED_HUMAN_REVIEW,,,,NO_POSITIVE_AUTHORITY,false,false,false,,true,false,true,,false,,false,false,false,false,false,false,false,LEAKAGE_EVIDENCE_INCOMPLETE,,,false,HUMAN_REVIEW_REQUIRED,"[""PRE_CHEMISTRY_NOT_PRODUCTION_AUTHORITATIVE"",""NO_FAMILY_LEVEL_AUTO_ADMISSION"",""NO_SINGLE_EXACT_RULE_MATCHED_EVERY_EVENT;HUMAN_REVIEW_RETAINED""]"
531,RANKS_0501_1000_EXECUTION,COVAPIE_CYS_SG_EVENT_V1:3QVZ:A:CYS:82-:SG:F:ME7:CAE,3QVZ,ME7,A,,CYS,82,SG,F,CAE,PASSED,PASSED,PASSED_EXPLICIT_EVENT,PASSED,UNRESOLVED_HUMAN_REVIEW,,,,NO_POSITIVE_AUTHORITY,false,false,false,,true,false,true,,false,,false,false,false,false,false,false,false,LEAKAGE_EVIDENCE_INCOMPLETE,,,false,HUMAN_REVIEW_REQUIRED,"[""PRE_CHEMISTRY_NOT_PRODUCTION_AUTHORITATIVE"",""NO_FAMILY_LEVEL_AUTO_ADMISSION"",""NO_SINGLE_EXACT_RULE_MATCHED_EVERY_EVENT;HUMAN_REVIEW_RETAINED""]"
532,RANKS_0501_1000_EXECUTION,COVAPIE_CYS_SG_EVENT_V1:3QVZ:B:CYS:82-:SG:N:ME7:CAG,3QVZ,ME7,B,,CYS,82,SG,N,CAG,PASSED,PASSED,PASSED_EXPLICIT_EVENT,PASSED,UNRESOLVED_HUMAN_REVIEW,,,,NO_POSITIVE_AUTHORITY,false,false,false,,true,false,true,,false,,false,false,false,false,false,false,false,LEAKAGE_EVIDENCE_INCOMPLETE,,,false,HUMAN_REVIEW_REQUIRED,"[""PRE_CHEMISTRY_NOT_PRODUCTION_AUTHORITATIVE"",""NO_FAMILY_LEVEL_AUTO_ADMISSION"",""NO_SINGLE_EXACT_RULE_MATCHED_EVERY_EVENT;HUMAN_REVIEW_RETAINED""]"
533,RANKS_0501_1000_EXECUTION,COVAPIE_CYS_SG_EVENT_V1:3QVZ:C:CYS:82-:SG:F:ME7:CAH,3QVZ,ME7,C,,CYS,82,SG,F,CAH,PASSED,PASSED,PASSED_EXPLICIT_EVENT,PASSED,UNRESOLVED_HUMAN_REVIEW,,,,NO_POSITIVE_AUTHORITY,false,false,false,,true,false,true,,false,,false,false,false,false,false,false,false,LEAKAGE_EVIDENCE_INCOMPLETE,,,false,HUMAN_REVIEW_REQUIRED,"[""PRE_CHEMISTRY_NOT_PRODUCTION_AUTHORITATIVE"",""NO_FAMILY_LEVEL_AUTO_ADMISSION"",""NO_SINGLE_EXACT_RULE_MATCHED_EVERY_EVENT;HUMAN_REVIEW_RETAINED""]"
534,RANKS_0501_1000_EXECUTION,COVAPIE_CYS_SG_EVENT_V1:3QVZ:D:CYS:82-:SG:N:ME7:CAF,3QVZ,ME7,D,,CYS,82,SG,N,CAF,PASSED,PASSED,PASSED_EXPLICIT_EVENT,PASSED,UNRESOLVED_HUMAN_REVIEW,,,,NO_POSITIVE_AUTHORITY,false,false,false,,true,false,true,,false,,false,false,false,false,false,false,false,LEAKAGE_EVIDENCE_INCOMPLETE,,,false,HUMAN_REVIEW_REQUIRED,"[""PRE_CHEMISTRY_NOT_PRODUCTION_AUTHORITATIVE"",""NO_FAMILY_LEVEL_AUTO_ADMISSION"",""NO_SINGLE_EXACT_RULE_MATCHED_EVERY_EVENT;HUMAN_REVIEW_RETAINED""]"
535,RANKS_0501_1000_EXECUTION,COVAPIE_CYS_SG_EVENT_V1:3RHY:A:CYS:249-:SG:C:HM3:C4,3RHY,HM3,A,,CYS,249,SG,C,C4,PASSED,PASSED,PASSED_EXPLICIT_EVENT,PASSED,NOT_APPLICABLE_BLOCKED_STRUCTURAL_OR_LEAKAGE,,,,NO_POSITIVE_AUTHORITY,false,false,false,,true,false,true,,false,,false,false,false,false,false,false,false,LEAKAGE_EXISTING_GROUP_CONFLICT,,,false,LEAKAGE_EXISTING_GROUP_CONFLICT,"[""LEAKAGE_EXISTING_GROUP_CONFLICT""]"
536,RANKS_0501_1000_EXECUTION,COVAPIE_CYS_SG_EVENT_V1:3RHY:B:CYS:249-:SG:D:HM3:C4,3RHY,HM3,B,,CYS,249,SG,D,C4,PASSED,PASSED,PASSED_EXPLICIT_EVENT,PASSED,NOT_APPLICABLE_BLOCKED_STRUCTURAL_OR_LEAKAGE,,,,NO_POSITIVE_AUTHORITY,false,false,false,,true,false,true,,false,,false,false,false,false,false,false,false,LEAKAGE_EXISTING_GROUP_CONFLICT,,,false,LEAKAGE_EXISTING_GROUP_CONFLICT,"[""LEAKAGE_EXISTING_GROUP_CONFLICT""]"
537,RANKS_0501_1000_EXECUTION,COVAPIE_CYS_SG_EVENT_V1:3RUO:A:CYS:147-:SG:C:AG7:C19,3RUO,AG7,A,,CYS,147,SG,C,C19,PASSED,PASSED,PASSED_EXPLICIT_EVENT,PASSED,NOT_APPLICABLE_BLOCKED_STRUCTURAL_OR_LEAKAGE,,,,NO_POSITIVE_AUTHORITY,false,false,false,,true,false,true,,false,,false,false,false,false,false,false,false,LEAKAGE_EXISTING_GROUP_CONFLICT,,,false,LEAKAGE_EXISTING_GROUP_CONFLICT,"[""LEAKAGE_EXISTING_GROUP_CONFLICT""]"
538,RANKS_0501_1000_EXECUTION,COVAPIE_CYS_SG_EVENT_V1:3RUO:B:CYS:147-:SG:E:AG7:C19,3RUO,AG7,B,,CYS,147,SG,E,C19,PASSED,PASSED,PASSED_EXPLICIT_EVENT,PASSED,NOT_APPLICABLE_BLOCKED_STRUCTURAL_OR_LEAKAGE,,,,NO_POSITIVE_AUTHORITY,false,false,false,,true,false,true,,false,,false,false,false,false,false,false,false,LEAKAGE_EXISTING_GROUP_CONFLICT,,,false,LEAKAGE_EXISTING_GROUP_CONFLICT,"[""LEAKAGE_EXISTING_GROUP_CONFLICT""]"
539,RANKS_0501_1000_EXECUTION,COVAPIE_CYS_SG_EVENT_V1:3S19:A:CYS:194-:SG:E:PRF:C10,3S19,PRF,A,,CYS,194,SG,E,C10,PASSED,PASSED,PASSED_EXPLICIT_EVENT,PASSED,UNRESOLVED_HUMAN_REVIEW,,,,NO_POSITIVE_AUTHORITY,false,false,false,,true,false,true,,false,,false,false,false,false,false,false,false,LEAKAGE_EVIDENCE_INCOMPLETE,,,false,HUMAN_REVIEW_REQUIRED,"[""PRE_CHEMISTRY_NOT_PRODUCTION_AUTHORITATIVE"",""NO_FAMILY_LEVEL_AUTO_ADMISSION"",""NO_SINGLE_EXACT_RULE_MATCHED_EVERY_EVENT;HUMAN_REVIEW_RETAINED""]"
540,RANKS_0501_1000_EXECUTION,COVAPIE_CYS_SG_EVENT_V1:3S19:B:CYS:194-:SG:G:PRF:C10,3S19,PRF,B,,CYS,194,SG,G,C10,PASSED,PASSED,PASSED_EXPLICIT_EVENT,PASSED,UNRESOLVED_HUMAN_REVIEW,,,,NO_POSITIVE_AUTHORITY,false,false,false,,true,false,true,,false,,false,false,false,false,false,false,false,LEAKAGE_EVIDENCE_INCOMPLETE,,,false,HUMAN_REVIEW_REQUIRED,"[""PRE_CHEMISTRY_NOT_PRODUCTION_AUTHORITATIVE"",""NO_FAMILY_LEVEL_AUTO_ADMISSION"",""NO_SINGLE_EXACT_RULE_MATCHED_EVERY_EVENT;HUMAN_REVIEW_RETAINED""]"
541,RANKS_0501_1000_EXECUTION,COVAPIE_CYS_SG_EVENT_V1:3S19:C:CYS:194-:SG:I:PRF:C10,3S19,PRF,C,,CYS,194,SG,I,C10,PASSED,PASSED,PASSED_EXPLICIT_EVENT,PASSED,UNRESOLVED_HUMAN_REVIEW,,,,NO_POSITIVE_AUTHORITY,false,false,false,,true,false,true,,false,,false,false,false,false,false,false,false,LEAKAGE_EVIDENCE_INCOMPLETE,,,false,HUMAN_REVIEW_REQUIRED,"[""PRE_CHEMISTRY_NOT_PRODUCTION_AUTHORITATIVE"",""NO_FAMILY_LEVEL_AUTO_ADMISSION"",""NO_SINGLE_EXACT_RULE_MATCHED_EVERY_EVENT;HUMAN_REVIEW_RETAINED""]"
542,RANKS_0501_1000_EXECUTION,COVAPIE_CYS_SG_EVENT_V1:3S19:D:CYS:194-:SG:K:PRF:C10,3S19,PRF,D,,CYS,194,SG,K,C10,PASSED,PASSED,PASSED_EXPLICIT_EVENT,PASSED,UNRESOLVED_HUMAN_REVIEW,,,,NO_POSITIVE_AUTHORITY,false,false,false,,true,false,true,,false,,false,false,false,false,false,false,false,LEAKAGE_EVIDENCE_INCOMPLETE,,,false,HUMAN_REVIEW_REQUIRED,"[""PRE_CHEMISTRY_NOT_PRODUCTION_AUTHORITATIVE"",""NO_FAMILY_LEVEL_AUTO_ADMISSION"",""NO_SINGLE_EXACT_RULE_MATCHED_EVERY_EVENT;HUMAN_REVIEW_RETAINED""]"
543,RANKS_0501_1000_EXECUTION,COVAPIE_CYS_SG_EVENT_V1:3S3Q:A:CYS:100-:SG:B:C1P:C18,3S3Q,C1P,A,,CYS,100,SG,B,C18,PASSED,PASSED,PASSED_EXPLICIT_EVENT,PASSED,NOT_APPLICABLE_BLOCKED_STRUCTURAL_OR_LEAKAGE,,,,NO_POSITIVE_AUTHORITY,false,false,false,,true,false,true,,false,,false,false,false,false,false,false,false,LEAKAGE_EXISTING_GROUP_CONFLICT,,,false,LEAKAGE_EXISTING_GROUP_CONFLICT,"[""LEAKAGE_EXISTING_GROUP_CONFLICT""]"
544,RANKS_0501_1000_EXECUTION,COVAPIE_CYS_SG_EVENT_V1:3S3R:A:CYS:100-:SG:D:0IW:C21,3S3R,0IW,A,,CYS,100,SG,D,C21,PASSED,PASSED,PASSED_EXPLICIT_EVENT,PASSED,NOT_APPLICABLE_BLOCKED_STRUCTURAL_OR_LEAKAGE,,,,NO_POSITIVE_AUTHORITY,false,false,false,,true,false,true,,false,,false,false,false,false,false,false,false,LEAKAGE_EXISTING_GROUP_CONFLICT,,,false,LEAKAGE_EXISTING_GROUP_CONFLICT,"[""LEAKAGE_EXISTING_GROUP_CONFLICT""]"
545,RANKS_0501_1000_EXECUTION,COVAPIE_CYS_SG_EVENT_V1:3S3R:B:CYS:100-:SG:E:0IW:C21,3S3R,0IW,B,,CYS,100,SG,E,C21,PASSED,PASSED,PASSED_EXPLICIT_EVENT,PASSED,NOT_APPLICABLE_BLOCKED_STRUCTURAL_OR_LEAKAGE,,,,NO_POSITIVE_AUTHORITY,false,false,false,,true,false,true,,false,,false,false,false,false,false,false,false,LEAKAGE_EXISTING_GROUP_CONFLICT,,,false,LEAKAGE_EXISTING_GROUP_CONFLICT,"[""LEAKAGE_EXISTING_GROUP_CONFLICT""]"
546,RANKS_0501_1000_EXECUTION,COVAPIE_CYS_SG_EVENT_V1:3S3R:C:CYS:100-:SG:F:0IW:C21,3S3R,0IW,C,,CYS,100,SG,F,C21,PASSED,PASSED,PASSED_EXPLICIT_EVENT,PASSED,NOT_APPLICABLE_BLOCKED_STRUCTURAL_OR_LEAKAGE,,,,NO_POSITIVE_AUTHORITY,false,false,false,,true,false,true,,false,,false,false,false,false,false,false,false,LEAKAGE_EXISTING_GROUP_CONFLICT,,,false,LEAKAGE_EXISTING_GROUP_CONFLICT,"[""LEAKAGE_EXISTING_GROUP_CONFLICT""]"
547,RANKS_0501_1000_EXECUTION,COVAPIE_CYS_SG_EVENT_V1:3SJI:A:CYS:147-:SG:B:AG7:C19,3SJI,AG7,A,,CYS,147,SG,B,C19,PASSED,PASSED,PASSED_EXPLICIT_EVENT,PASSED,NOT_APPLICABLE_BLOCKED_STRUCTURAL_OR_LEAKAGE,,,,NO_POSITIVE_AUTHORITY,false,false,false,,true,false,true,,false,,false,false,false,false,false,false,false,LEAKAGE_EXISTING_GROUP_CONFLICT,,,false,LEAKAGE_EXISTING_GROUP_CONFLICT,"[""LEAKAGE_EXISTING_GROUP_CONFLICT""]"
548,RANKS_0501_1000_EXECUTION,COVAPIE_CYS_SG_EVENT_V1:3SJO:A:CYS:147-:SG:I:AG7:C19,3SJO,AG7,A,,CYS,147,SG,I,C19,PASSED,PASSED,PASSED_EXPLICIT_EVENT,PASSED,NOT_APPLICABLE_BLOCKED_STRUCTURAL_OR_LEAKAGE,,,,NO_POSITIVE_AUTHORITY,false,false,false,,true,false,true,,false,,false,false,false,false,false,false,false,LEAKAGE_EXISTING_GROUP_CONFLICT,,,false,LEAKAGE_EXISTING_GROUP_CONFLICT,"[""LEAKAGE_EXISTING_GROUP_CONFLICT""]"
549,RANKS_0501_1000_EXECUTION,COVAPIE_CYS_SG_EVENT_V1:3SJO:B:CYS:147-:SG:J:AG7:C19,3SJO,AG7,B,,CYS,147,SG,J,C19,PASSED,PASSED,PASSED_EXPLICIT_EVENT,PASSED,NOT_APPLICABLE_BLOCKED_STRUCTURAL_OR_LEAKAGE,,,,NO_POSITIVE_AUTHORITY,false,false,false,,true,false,true,,false,,false,false,false,false,false,false,false,LEAKAGE_EXISTING_GROUP_CONFLICT,,,false,LEAKAGE_EXISTING_GROUP_CONFLICT,"[""LEAKAGE_EXISTING_GROUP_CONFLICT""]"
550,RANKS_0501_1000_EXECUTION,COVAPIE_CYS_SG_EVENT_V1:3SJO:C:CYS:147-:SG:K:AG7:C19,3SJO,AG7,C,,CYS,147,SG,K,C19,PASSED,PASSED,PASSED_EXPLICIT_EVENT,PASSED,NOT_APPLICABLE_BLOCKED_STRUCTURAL_OR_LEAKAGE,,,,NO_POSITIVE_AUTHORITY,false,false,false,,true,false,true,,false,,false,false,false,false,false,false,false,LEAKAGE_EXISTING_GROUP_CONFLICT,,,false,LEAKAGE_EXISTING_GROUP_CONFLICT,"[""LEAKAGE_EXISTING_GROUP_CONFLICT""]"
551,RANKS_0501_1000_EXECUTION,COVAPIE_CYS_SG_EVENT_V1:3SJO:D:CYS:147-:SG:L:AG7:C19,3SJO,AG7,D,,CYS,147,SG,L,C19,PASSED,PASSED,PASSED_EXPLICIT_EVENT,PASSED,NOT_APPLICABLE_BLOCKED_STRUCTURAL_OR_LEAKAGE,,,,NO_POSITIVE_AUTHORITY,false,false,false,,true,false,true,,false,,false,false,false,false,false,false,false,LEAKAGE_EXISTING_GROUP_CONFLICT,,,false,LEAKAGE_EXISTING_GROUP_CONFLICT,"[""LEAKAGE_EXISTING_GROUP_CONFLICT""]"
552,RANKS_0501_1000_EXECUTION,COVAPIE_CYS_SG_EVENT_V1:3SJO:E:CYS:147-:SG:M:AG7:C19,3SJO,AG7,E,,CYS,147,SG,M,C19,PASSED,PASSED,PASSED_EXPLICIT_EVENT,PASSED,NOT_APPLICABLE_BLOCKED_STRUCTURAL_OR_LEAKAGE,,,,NO_POSITIVE_AUTHORITY,false,false,false,,true,false,true,,false,,false,false,false,false,false,false,false,LEAKAGE_EXISTING_GROUP_CONFLICT,,,false,LEAKAGE_EXISTING_GROUP_CONFLICT,"[""LEAKAGE_EXISTING_GROUP_CONFLICT""]"
553,RANKS_0501_1000_EXECUTION,COVAPIE_CYS_SG_EVENT_V1:3SJO:F:CYS:147-:SG:N:AG7:C19,3SJO,AG7,F,,CYS,147,SG,N,C19,PASSED,PASSED,PASSED_EXPLICIT_EVENT,PASSED,NOT_APPLICABLE_BLOCKED_STRUCTURAL_OR_LEAKAGE,,,,NO_POSITIVE_AUTHORITY,false,false,false,,true,false,true,,false,,false,false,false,false,false,false,false,LEAKAGE_EXISTING_GROUP_CONFLICT,,,false,LEAKAGE_EXISTING_GROUP_CONFLICT,"[""LEAKAGE_EXISTING_GROUP_CONFLICT""]"
554,RANKS_0501_1000_EXECUTION,COVAPIE_CYS_SG_EVENT_V1:3SJO:G:CYS:147-:SG:O:AG7:C19,3SJO,AG7,G,,CYS,147,SG,O,C19,PASSED,PASSED,PASSED_EXPLICIT_EVENT,PASSED,NOT_APPLICABLE_BLOCKED_STRUCTURAL_OR_LEAKAGE,,,,NO_POSITIVE_AUTHORITY,false,false,false,,true,false,true,,false,,false,false,false,false,false,false,false,LEAKAGE_EXISTING_GROUP_CONFLICT,,,false,LEAKAGE_EXISTING_GROUP_CONFLICT,"[""LEAKAGE_EXISTING_GROUP_CONFLICT""]"
555,RANKS_0501_1000_EXECUTION,COVAPIE_CYS_SG_EVENT_V1:3SJO:H:CYS:147-:SG:P:AG7:C19,3SJO,AG7,H,,CYS,147,SG,P,C19,PASSED,PASSED,PASSED_EXPLICIT_EVENT,PASSED,NOT_APPLICABLE_BLOCKED_STRUCTURAL_OR_LEAKAGE,,,,NO_POSITIVE_AUTHORITY,false,false,false,,true,false,true,,false,,false,false,false,false,false,false,false,LEAKAGE_EXISTING_GROUP_CONFLICT,,,false,LEAKAGE_EXISTING_GROUP_CONFLICT,"[""LEAKAGE_EXISTING_GROUP_CONFLICT""]"
556,RANKS_0501_1000_EXECUTION,COVAPIE_CYS_SG_EVENT_V1:3SN8:A:CYS:145-:SG:B:S89:C,3SN8,S89,A,,CYS,145,SG,B,C,PASSED,UNAVAILABLE,FAILED_CLOSED,NOT_REACHED,NOT_APPLICABLE_BLOCKED_STRUCTURAL_OR_LEAKAGE,,,,NO_POSITIVE_AUTHORITY,false,false,false,,false,false,false,,false,,false,false,false,false,false,false,false,LEAKAGE_EVIDENCE_INCOMPLETE,,,false,STRUCTURAL_EVIDENCE_INCOMPLETE,"[""MMCIF_EXACT_CYS_SG_STRUCT_CONN_NOT_RECOVERED""]"
557,RANKS_0501_1000_EXECUTION,COVAPIE_CYS_SG_EVENT_V1:3SVV:A:CYS:338-:SG:C:VSP:C18,3SVV,VSP,A,,CYS,338,SG,C,C18,PASSED,PASSED,PASSED_EXPLICIT_EVENT,PASSED,UNRESOLVED_HUMAN_REVIEW,,,,NO_POSITIVE_AUTHORITY,false,false,false,,true,false,true,,false,,false,false,false,false,false,false,false,NEW_EXPANSION_COMPONENT,COVAPIE_EXPANSION_LEAKAGE_GROUP_2C4AF06B6A62BC64,,false,HUMAN_REVIEW_REQUIRED,"[""PRE_CHEMISTRY_NOT_PRODUCTION_AUTHORITATIVE"",""NO_FAMILY_LEVEL_AUTO_ADMISSION"",""NO_SINGLE_EXACT_RULE_MATCHED_EVERY_EVENT;HUMAN_REVIEW_RETAINED""]"
558,RANKS_0501_1000_EXECUTION,COVAPIE_CYS_SG_EVENT_V1:3SVV:B:CYS:338-:SG:D:VSP:C18,3SVV,VSP,B,,CYS,338,SG,D,C18,PASSED,PASSED,PASSED_EXPLICIT_EVENT,PASSED,UNRESOLVED_HUMAN_REVIEW,,,,NO_POSITIVE_AUTHORITY,false,false,false,,true,false,true,,false,,false,false,false,false,false,false,false,NEW_EXPANSION_COMPONENT,COVAPIE_EXPANSION_LEAKAGE_GROUP_2C4AF06B6A62BC64,,false,HUMAN_REVIEW_REQUIRED,"[""PRE_CHEMISTRY_NOT_PRODUCTION_AUTHORITATIVE"",""NO_FAMILY_LEVEL_AUTO_ADMISSION"",""NO_SINGLE_EXACT_RULE_MATCHED_EVERY_EVENT;HUMAN_REVIEW_RETAINED""]"
559,RANKS_0501_1000_EXECUTION,COVAPIE_CYS_SG_EVENT_V1:3SZ9:A:CYS:302-:SG:N:I3E:C11,3SZ9,I3E,A,,CYS,302,SG,N,C11,PASSED,PASSED,PASSED_EXPLICIT_EVENT,PASSED,NOT_APPLICABLE_BLOCKED_STRUCTURAL_OR_LEAKAGE,,,,NO_POSITIVE_AUTHORITY,false,false,false,,true,false,true,,false,,false,false,false,false,false,false,false,LEAKAGE_EXISTING_GROUP_CONFLICT,,,false,LEAKAGE_EXISTING_GROUP_CONFLICT,"[""LEAKAGE_EXISTING_GROUP_CONFLICT""]"
560,RANKS_0501_1000_EXECUTION,COVAPIE_CYS_SG_EVENT_V1:3SZ9:B:CYS:302-:SG:S:I3E:C11,3SZ9,I3E,B,,CYS,302,SG,S,C11,PASSED,PASSED,PASSED_EXPLICIT_EVENT,PASSED,NOT_APPLICABLE_BLOCKED_STRUCTURAL_OR_LEAKAGE,,,,NO_POSITIVE_AUTHORITY,false,false,false,,true,false,true,,false,,false,false,false,false,false,false,false,LEAKAGE_EXISTING_GROUP_CONFLICT,,,false,LEAKAGE_EXISTING_GROUP_CONFLICT,"[""LEAKAGE_EXISTING_GROUP_CONFLICT""]"
561,RANKS_0501_1000_EXECUTION,COVAPIE_CYS_SG_EVENT_V1:3SZ9:C:CYS:302-:SG:CA:I3E:C11,3SZ9,I3E,C,,CYS,302,SG,CA,C11,PASSED,PASSED,PASSED_EXPLICIT_EVENT,PASSED,NOT_APPLICABLE_BLOCKED_STRUCTURAL_OR_LEAKAGE,,,,NO_POSITIVE_AUTHORITY,false,false,false,,true,false,true,,false,,false,false,false,false,false,false,false,LEAKAGE_EXISTING_GROUP_CONFLICT,,,false,LEAKAGE_EXISTING_GROUP_CONFLICT,"[""LEAKAGE_EXISTING_GROUP_CONFLICT""]"
562,RANKS_0501_1000_EXECUTION,COVAPIE_CYS_SG_EVENT_V1:3SZ9:D:CYS:302-:SG:HA:I3E:C11,3SZ9,I3E,D,,CYS,302,SG,HA,C11,PASSED,PASSED,PASSED_EXPLICIT_EVENT,PASSED,NOT_APPLICABLE_BLOCKED_STRUCTURAL_OR_LEAKAGE,,,,NO_POSITIVE_AUTHORITY,false,false,false,,true,false,true,,false,,false,false,false,false,false,false,false,LEAKAGE_EXISTING_GROUP_CONFLICT,,,false,LEAKAGE_EXISTING_GROUP_CONFLICT,"[""LEAKAGE_EXISTING_GROUP_CONFLICT""]"
563,RANKS_0501_1000_EXECUTION,COVAPIE_CYS_SG_EVENT_V1:3SZ9:E:CYS:302-:SG:MA:I3E:C11,3SZ9,I3E,E,,CYS,302,SG,MA,C11,PASSED,PASSED,PASSED_EXPLICIT_EVENT,PASSED,NOT_APPLICABLE_BLOCKED_STRUCTURAL_OR_LEAKAGE,,,,NO_POSITIVE_AUTHORITY,false,false,false,,true,false,true,,false,,false,false,false,false,false,false,false,LEAKAGE_EXISTING_GROUP_CONFLICT,,,false,LEAKAGE_EXISTING_GROUP_CONFLICT,"[""LEAKAGE_EXISTING_GROUP_CONFLICT""]"
564,RANKS_0501_1000_EXECUTION,COVAPIE_CYS_SG_EVENT_V1:3SZ9:F:CYS:302-:SG:XA:I3E:C11,3SZ9,I3E,F,,CYS,302,SG,XA,C11,PASSED,PASSED,PASSED_EXPLICIT_EVENT,PASSED,NOT_APPLICABLE_BLOCKED_STRUCTURAL_OR_LEAKAGE,,,,NO_POSITIVE_AUTHORITY,false,false,false,,true,false,true,,false,,false,false,false,false,false,false,false,LEAKAGE_EXISTING_GROUP_CONFLICT,,,false,LEAKAGE_EXISTING_GROUP_CONFLICT,"[""LEAKAGE_EXISTING_GROUP_CONFLICT""]"
565,RANKS_0501_1000_EXECUTION,COVAPIE_CYS_SG_EVENT_V1:3SZ9:G:CYS:302-:SG:DB:I3E:C11,3SZ9,I3E,G,,CYS,302,SG,DB,C11,PASSED,PASSED,PASSED_EXPLICIT_EVENT,PASSED,NOT_APPLICABLE_BLOCKED_STRUCTURAL_OR_LEAKAGE,,,,NO_POSITIVE_AUTHORITY,false,false,false,,true,false,true,,false,,false,false,false,false,false,false,false,LEAKAGE_EXISTING_GROUP_CONFLICT,,,false,LEAKAGE_EXISTING_GROUP_CONFLICT,"[""LEAKAGE_EXISTING_GROUP_CONFLICT""]"
566,RANKS_0501_1000_EXECUTION,COVAPIE_CYS_SG_EVENT_V1:3SZ9:H:CYS:302-:SG:KB:I3E:C11,3SZ9,I3E,H,,CYS,302,SG,KB,C11,PASSED,PASSED,PASSED_EXPLICIT_EVENT,PASSED,NOT_APPLICABLE_BLOCKED_STRUCTURAL_OR_LEAKAGE,,,,NO_POSITIVE_AUTHORITY,false,false,false,,true,false,true,,false,,false,false,false,false,false,false,false,LEAKAGE_EXISTING_GROUP_CONFLICT,,,false,LEAKAGE_EXISTING_GROUP_CONFLICT,"[""LEAKAGE_EXISTING_GROUP_CONFLICT""]"
567,RANKS_0501_1000_EXECUTION,COVAPIE_CYS_SG_EVENT_V1:3SZB:A:CYS:243-:SG:F:I1E:C9,3SZB,I1E,A,,CYS,243,SG,F,C9,PASSED,PASSED,PASSED_EXPLICIT_EVENT,PASSED,NOT_APPLICABLE_BLOCKED_STRUCTURAL_OR_LEAKAGE,,,,NO_POSITIVE_AUTHORITY,false,false,false,,true,false,true,,false,,false,false,false,false,false,false,false,LEAKAGE_EXISTING_GROUP_CONFLICT,,,false,LEAKAGE_EXISTING_GROUP_CONFLICT,"[""LEAKAGE_EXISTING_GROUP_CONFLICT""]"
568,RANKS_0501_1000_EXECUTION,COVAPIE_CYS_SG_EVENT_V1:3SZB:B:CYS:243-:SG:J:I1E:C9,3SZB,I1E,B,,CYS,243,SG,J,C9,PASSED,PASSED,PASSED_EXPLICIT_EVENT,PASSED,NOT_APPLICABLE_BLOCKED_STRUCTURAL_OR_LEAKAGE,,,,NO_POSITIVE_AUTHORITY,false,false,false,,true,false,true,,false,,false,false,false,false,false,false,false,LEAKAGE_EXISTING_GROUP_CONFLICT,,,false,LEAKAGE_EXISTING_GROUP_CONFLICT,"[""LEAKAGE_EXISTING_GROUP_CONFLICT""]"
569,RANKS_0501_1000_EXECUTION,COVAPIE_CYS_SG_EVENT_V1:3SZN:A:CYS:145-:SG:B:G75:C63,3SZN,G75,A,,CYS,145,SG,B,C63,PASSED,UNAVAILABLE,FAILED_CLOSED,NOT_REACHED,NOT_APPLICABLE_BLOCKED_STRUCTURAL_OR_LEAKAGE,,,,NO_POSITIVE_AUTHORITY,false,false,false,,false,false,false,,false,,false,false,false,false,false,false,false,LEAKAGE_EVIDENCE_INCOMPLETE,,,false,STRUCTURAL_EVIDENCE_INCOMPLETE,"[""MMCIF_EXACT_CYS_SG_STRUCT_CONN_NOT_RECOVERED""]"
570,RANKS_0501_1000_EXECUTION,COVAPIE_CYS_SG_EVENT_V1:3T9T:A:CYS:442-:SG:B:IAQ:C28,3T9T,IAQ,A,,CYS,442,SG,B,C28,PASSED,UNAVAILABLE,FAILED_CLOSED,NOT_REACHED,NOT_APPLICABLE_BLOCKED_STRUCTURAL_OR_LEAKAGE,,,,NO_POSITIVE_AUTHORITY,false,false,false,,false,false,false,,false,,false,false,false,false,false,false,false,LEAKAGE_EVIDENCE_INCOMPLETE,,,false,STRUCTURAL_EVIDENCE_INCOMPLETE,"[""MMCIF_EXACT_CYS_SG_STRUCT_CONN_NOT_RECOVERED""]"
571,RANKS_0501_1000_EXECUTION,COVAPIE_CYS_SG_EVENT_V1:3TAX:A:CYS:917-:SG:F:FOR:C,3TAX,FOR,A,,CYS,917,SG,F,C,PASSED,PASSED,PASSED_EXPLICIT_EVENT,PASSED,UNRESOLVED_HUMAN_REVIEW,,,,NO_POSITIVE_AUTHORITY,false,false,false,,true,false,true,,false,,false,false,false,false,false,false,false,NEW_EXPANSION_COMPONENT,COVAPIE_EXPANSION_LEAKAGE_GROUP_99650ABC096625F5,,false,HUMAN_REVIEW_REQUIRED,"[""PRE_CHEMISTRY_NOT_PRODUCTION_AUTHORITATIVE"",""NO_FAMILY_LEVEL_AUTO_ADMISSION"",""NO_SINGLE_EXACT_RULE_MATCHED_EVERY_EVENT;HUMAN_REVIEW_RETAINED""]"
572,RANKS_0501_1000_EXECUTION,COVAPIE_CYS_SG_EVENT_V1:3TAX:C:CYS:917-:SG:K:FOR:C,3TAX,FOR,C,,CYS,917,SG,K,C,PASSED,PASSED,PASSED_EXPLICIT_EVENT,PASSED,UNRESOLVED_HUMAN_REVIEW,,,,NO_POSITIVE_AUTHORITY,false,false,false,,true,false,true,,false,,false,false,false,false,false,false,false,NEW_EXPANSION_COMPONENT,COVAPIE_EXPANSION_LEAKAGE_GROUP_99650ABC096625F5,,false,HUMAN_REVIEW_REQUIRED,"[""PRE_CHEMISTRY_NOT_PRODUCTION_AUTHORITATIVE"",""NO_FAMILY_LEVEL_AUTO_ADMISSION"",""NO_SINGLE_EXACT_RULE_MATCHED_EVERY_EVENT;HUMAN_REVIEW_RETAINED""]"
573,RANKS_0501_1000_EXECUTION,COVAPIE_CYS_SG_EVENT_V1:3TBE:A:CYS:184-:SG:G:ETM:SD,3TBE,ETM,A,,CYS,184,SG,G,SD,PASSED,PASSED,PASSED_EXPLICIT_EVENT,PASSED,NOT_APPLICABLE_BLOCKED_STRUCTURAL_OR_LEAKAGE,,,,NO_POSITIVE_AUTHORITY,false,false,false,,true,false,true,,false,,false,false,false,false,false,false,false,LEAKAGE_EXISTING_GROUP_CONFLICT,,,false,LEAKAGE_EXISTING_GROUP_CONFLICT,"[""LEAKAGE_EXISTING_GROUP_CONFLICT""]"
574,RANKS_0501_1000_EXECUTION,COVAPIE_CYS_SG_EVENT_V1:3TBE:B:CYS:184-:SG:H:ETM:SD,3TBE,ETM,B,,CYS,184,SG,H,SD,PASSED,PASSED,PASSED_EXPLICIT_EVENT,PASSED,NOT_APPLICABLE_BLOCKED_STRUCTURAL_OR_LEAKAGE,,,,NO_POSITIVE_AUTHORITY,false,false,false,,true,false,true,,false,,false,false,false,false,false,false,false,LEAKAGE_EXISTING_GROUP_CONFLICT,,,false,LEAKAGE_EXISTING_GROUP_CONFLICT,"[""LEAKAGE_EXISTING_GROUP_CONFLICT""]"
575,RANKS_0501_1000_EXECUTION,COVAPIE_CYS_SG_EVENT_V1:3TBE:C:CYS:184-:SG:L:ETM:SD,3TBE,ETM,C,,CYS,184,SG,L,SD,PASSED,PASSED,PASSED_EXPLICIT_EVENT,PASSED,NOT_APPLICABLE_BLOCKED_STRUCTURAL_OR_LEAKAGE,,,,NO_POSITIVE_AUTHORITY,false,false,false,,true,false,true,,false,,false,false,false,false,false,false,false,LEAKAGE_EXISTING_GROUP_CONFLICT,,,false,LEAKAGE_EXISTING_GROUP_CONFLICT,"[""LEAKAGE_EXISTING_GROUP_CONFLICT""]"
576,RANKS_0501_1000_EXECUTION,COVAPIE_CYS_SG_EVENT_V1:3TBE:D:CYS:184-:SG:N:ETM:SD,3TBE,ETM,D,,CYS,184,SG,N,SD,PASSED,PASSED,PASSED_EXPLICIT_EVENT,PASSED,NOT_APPLICABLE_BLOCKED_STRUCTURAL_OR_LEAKAGE,,,,NO_POSITIVE_AUTHORITY,false,false,false,,true,false,true,,false,,false,false,false,false,false,false,false,LEAKAGE_EXISTING_GROUP_CONFLICT,,,false,LEAKAGE_EXISTING_GROUP_CONFLICT,"[""LEAKAGE_EXISTING_GROUP_CONFLICT""]"
577,RANKS_0501_1000_EXECUTION,COVAPIE_CYS_SG_EVENT_V1:3TBE:E:CYS:184-:SG:P:ETM:SD,3TBE,ETM,E,,CYS,184,SG,P,SD,PASSED,PASSED,PASSED_EXPLICIT_EVENT,PASSED,NOT_APPLICABLE_BLOCKED_STRUCTURAL_OR_LEAKAGE,,,,NO_POSITIVE_AUTHORITY,false,false,false,,true,false,true,,false,,false,false,false,false,false,false,false,LEAKAGE_EXISTING_GROUP_CONFLICT,,,false,LEAKAGE_EXISTING_GROUP_CONFLICT,"[""LEAKAGE_EXISTING_GROUP_CONFLICT""]"
578,RANKS_0501_1000_EXECUTION,COVAPIE_CYS_SG_EVENT_V1:3TBE:F:CYS:184-:SG:Q:ETM:SD,3TBE,ETM,F,,CYS,184,SG,Q,SD,PASSED,PASSED,PASSED_EXPLICIT_EVENT,PASSED,NOT_APPLICABLE_BLOCKED_STRUCTURAL_OR_LEAKAGE,,,,NO_POSITIVE_AUTHORITY,false,false,false,,true,false,true,,false,,false,false,false,false,false,false,false,LEAKAGE_EXISTING_GROUP_CONFLICT,,,false,LEAKAGE_EXISTING_GROUP_CONFLICT,"[""LEAKAGE_EXISTING_GROUP_CONFLICT""]"
579,RANKS_0501_1000_EXECUTION,COVAPIE_CYS_SG_EVENT_V1:3TEZ:A:CYS:337-:SG:F:ACN:C2,3TEZ,ACN,A,,CYS,337,SG,F,C2,PASSED,PASSED,PASSED_EXPLICIT_EVENT,PASSED,UNRESOLVED_HUMAN_REVIEW,,,,NO_POSITIVE_AUTHORITY,false,false,false,,true,false,true,,false,,false,false,false,false,false,false,false,NEW_EXPANSION_COMPONENT,COVAPIE_EXPANSION_LEAKAGE_GROUP_2CAC89C081313C75,,false,HUMAN_REVIEW_REQUIRED,"[""PRE_CHEMISTRY_NOT_PRODUCTION_AUTHORITATIVE"",""NO_FAMILY_LEVEL_AUTO_ADMISSION"",""NO_SINGLE_EXACT_RULE_MATCHED_EVERY_EVENT;HUMAN_REVIEW_RETAINED""]"
580,RANKS_0501_1000_EXECUTION,COVAPIE_CYS_SG_EVENT_V1:3TEZ:A:CYS:664-:SG:F:ACN:C1,3TEZ,ACN,A,,CYS,664,SG,F,C1,PASSED,PASSED,PASSED_EXPLICIT_EVENT,PASSED,UNRESOLVED_HUMAN_REVIEW,,,,NO_POSITIVE_AUTHORITY,false,false,false,,true,false,true,,false,,false,false,false,false,false,false,false,NEW_EXPANSION_COMPONENT,COVAPIE_EXPANSION_LEAKAGE_GROUP_2CAC89C081313C75,,false,HUMAN_REVIEW_REQUIRED,"[""PRE_CHEMISTRY_NOT_PRODUCTION_AUTHORITATIVE"",""NO_FAMILY_LEVEL_AUTO_ADMISSION"",""NO_SINGLE_EXACT_RULE_MATCHED_EVERY_EVENT;HUMAN_REVIEW_RETAINED""]"
581,RANKS_0501_1000_EXECUTION,COVAPIE_CYS_SG_EVENT_V1:3TIT:A:CYS:145-:SG:B:G81:C63,3TIT,G81,A,,CYS,145,SG,B,C63,PASSED,UNAVAILABLE,FAILED_CLOSED,NOT_REACHED,NOT_APPLICABLE_BLOCKED_STRUCTURAL_OR_LEAKAGE,,,,NO_POSITIVE_AUTHORITY,false,false,false,,false,false,false,,false,,false,false,false,false,false,false,false,LEAKAGE_EVIDENCE_INCOMPLETE,,,false,STRUCTURAL_EVIDENCE_INCOMPLETE,"[""MMCIF_EXACT_CYS_SG_STRUCT_CONN_NOT_RECOVERED""]"
582,RANKS_0501_1000_EXECUTION,COVAPIE_CYS_SG_EVENT_V1:3TIU:A:CYS:145-:SG:C:G82:C63,3TIU,G82,A,,CYS,145,SG,C,C63,PASSED,UNAVAILABLE,FAILED_CLOSED,NOT_REACHED,NOT_APPLICABLE_BLOCKED_STRUCTURAL_OR_LEAKAGE,,,,NO_POSITIVE_AUTHORITY,false,false,false,,false,false,false,,false,,false,false,false,false,false,false,false,LEAKAGE_EVIDENCE_INCOMPLETE,,,false,STRUCTURAL_EVIDENCE_INCOMPLETE,"[""MMCIF_EXACT_CYS_SG_STRUCT_CONN_NOT_RECOVERED""]"
583,RANKS_0501_1000_EXECUTION,COVAPIE_CYS_SG_EVENT_V1:3TNS:A:CYS:145-:SG:B:G83:C63,3TNS,G83,A,,CYS,145,SG,B,C63,PASSED,UNAVAILABLE,FAILED_CLOSED,NOT_REACHED,NOT_APPLICABLE_BLOCKED_STRUCTURAL_OR_LEAKAGE,,,,NO_POSITIVE_AUTHORITY,false,false,false,,false,false,false,,false,,false,false,false,false,false,false,false,LEAKAGE_EVIDENCE_INCOMPLETE,,,false,STRUCTURAL_EVIDENCE_INCOMPLETE,"[""MMCIF_EXACT_CYS_SG_STRUCT_CONN_NOT_RECOVERED""]"
584,RANKS_0501_1000_EXECUTION,COVAPIE_CYS_SG_EVENT_V1:3TNT:A:CYS:145-:SG:B:G85:C63,3TNT,G85,A,,CYS,145,SG,B,C63,PASSED,UNAVAILABLE,FAILED_CLOSED,NOT_REACHED,NOT_APPLICABLE_BLOCKED_STRUCTURAL_OR_LEAKAGE,,,,NO_POSITIVE_AUTHORITY,false,false,false,,false,false,false,,false,,false,false,false,false,false,false,false,LEAKAGE_EVIDENCE_INCOMPLETE,,,false,STRUCTURAL_EVIDENCE_INCOMPLETE,"[""MMCIF_EXACT_CYS_SG_STRUCT_CONN_NOT_RECOVERED""]"
585,RANKS_0501_1000_EXECUTION,COVAPIE_CYS_SG_EVENT_V1:3UR9:A:CYS:139-:SG:E:K36:C21,3UR9,K36,A,,CYS,139,SG,E,C21,PASSED,PASSED,PASSED_EXPLICIT_EVENT,PASSED,NOT_APPLICABLE_BLOCKED_STRUCTURAL_OR_LEAKAGE,,,,NO_POSITIVE_AUTHORITY,false,false,false,,true,false,true,,false,,false,false,false,false,false,false,false,LEAKAGE_EXISTING_GROUP_CONFLICT,,,false,LEAKAGE_EXISTING_GROUP_CONFLICT,"[""LEAKAGE_EXISTING_GROUP_CONFLICT""]"
586,RANKS_0501_1000_EXECUTION,COVAPIE_CYS_SG_EVENT_V1:3UR9:B:CYS:139-:SG:H:K36:C21,3UR9,K36,B,,CYS,139,SG,H,C21,PASSED,PASSED,PASSED_EXPLICIT_EVENT,PASSED,NOT_APPLICABLE_BLOCKED_STRUCTURAL_OR_LEAKAGE,,,,NO_POSITIVE_AUTHORITY,false,false,false,,true,false,true,,false,,false,false,false,false,false,false,false,LEAKAGE_EXISTING_GROUP_CONFLICT,,,false,LEAKAGE_EXISTING_GROUP_CONFLICT,"[""LEAKAGE_EXISTING_GROUP_CONFLICT""]"
587,RANKS_0501_1000_EXECUTION,COVAPIE_CYS_SG_EVENT_V1:3UXJ:A:CYS:194-:SG:E:PRF:C10,3UXJ,PRF,A,,CYS,194,SG,E,C10,PASSED,PASSED,PASSED_EXPLICIT_EVENT,PASSED,UNRESOLVED_HUMAN_REVIEW,,,,NO_POSITIVE_AUTHORITY,false,false,false,,true,false,true,,false,,false,false,false,false,false,false,false,LEAKAGE_EVIDENCE_INCOMPLETE,,,false,HUMAN_REVIEW_REQUIRED,"[""PRE_CHEMISTRY_NOT_PRODUCTION_AUTHORITATIVE"",""NO_FAMILY_LEVEL_AUTO_ADMISSION"",""NO_SINGLE_EXACT_RULE_MATCHED_EVERY_EVENT;HUMAN_REVIEW_RETAINED""]"
588,RANKS_0501_1000_EXECUTION,COVAPIE_CYS_SG_EVENT_V1:3UXJ:B:CYS:194-:SG:I:PRF:C10,3UXJ,PRF,B,,CYS,194,SG,I,C10,PASSED,PASSED,PASSED_EXPLICIT_EVENT,PASSED,UNRESOLVED_HUMAN_REVIEW,,,,NO_POSITIVE_AUTHORITY,false,false,false,,true,false,true,,false,,false,false,false,false,false,false,false,LEAKAGE_EVIDENCE_INCOMPLETE,,,false,HUMAN_REVIEW_REQUIRED,"[""PRE_CHEMISTRY_NOT_PRODUCTION_AUTHORITATIVE"",""NO_FAMILY_LEVEL_AUTO_ADMISSION"",""NO_SINGLE_EXACT_RULE_MATCHED_EVERY_EVENT;HUMAN_REVIEW_RETAINED""]"
589,RANKS_0501_1000_EXECUTION,COVAPIE_CYS_SG_EVENT_V1:3UXJ:C:CYS:194-:SG:O:PRF:C10,3UXJ,PRF,C,,CYS,194,SG,O,C10,PASSED,PASSED,PASSED_EXPLICIT_EVENT,PASSED,UNRESOLVED_HUMAN_REVIEW,,,,NO_POSITIVE_AUTHORITY,false,false,false,,true,false,true,,false,,false,false,false,false,false,false,false,LEAKAGE_EVIDENCE_INCOMPLETE,,,false,HUMAN_REVIEW_REQUIRED,"[""PRE_CHEMISTRY_NOT_PRODUCTION_AUTHORITATIVE"",""NO_FAMILY_LEVEL_AUTO_ADMISSION"",""NO_SINGLE_EXACT_RULE_MATCHED_EVERY_EVENT;HUMAN_REVIEW_RETAINED""]"
590,RANKS_0501_1000_EXECUTION,COVAPIE_CYS_SG_EVENT_V1:3UXJ:D:CYS:194-:SG:S:PRF:C10,3UXJ,PRF,D,,CYS,194,SG,S,C10,PASSED,PASSED,PASSED_EXPLICIT_EVENT,PASSED,UNRESOLVED_HUMAN_REVIEW,,,,NO_POSITIVE_AUTHORITY,false,false,false,,true,false,true,,false,,false,false,false,false,false,false,false,LEAKAGE_EVIDENCE_INCOMPLETE,,,false,HUMAN_REVIEW_REQUIRED,"[""PRE_CHEMISTRY_NOT_PRODUCTION_AUTHORITATIVE"",""NO_FAMILY_LEVEL_AUTO_ADMISSION"",""NO_SINGLE_EXACT_RULE_MATCHED_EVERY_EVENT;HUMAN_REVIEW_RETAINED""]"
591,RANKS_0501_1000_EXECUTION,COVAPIE_CYS_SG_EVENT_V1:3V4J:A:CYS:308-:SG:E:PQR:C4,3V4J,PQR,A,,CYS,308,SG,E,C4,PASSED,PASSED,PASSED_EXPLICIT_EVENT,PASSED,NOT_APPLICABLE_BLOCKED_STRUCTURAL_OR_LEAKAGE,,,,NO_POSITIVE_AUTHORITY,false,false,false,,true,false,true,,false,,false,false,false,false,false,false,false,LEAKAGE_EXISTING_GROUP_CONFLICT,,,false,LEAKAGE_EXISTING_GROUP_CONFLICT,"[""LEAKAGE_EXISTING_GROUP_CONFLICT""]"
592,RANKS_0501_1000_EXECUTION,COVAPIE_CYS_SG_EVENT_V1:3V4J:B:CYS:308-:SG:H:PQR:C4,3V4J,PQR,B,,CYS,308,SG,H,C4,PASSED,PASSED,PASSED_EXPLICIT_EVENT,PASSED,NOT_APPLICABLE_BLOCKED_STRUCTURAL_OR_LEAKAGE,,,,NO_POSITIVE_AUTHORITY,false,false,false,,true,false,true,,false,,false,false,false,false,false,false,false,LEAKAGE_EXISTING_GROUP_CONFLICT,,,false,LEAKAGE_EXISTING_GROUP_CONFLICT,"[""LEAKAGE_EXISTING_GROUP_CONFLICT""]"
593,RANKS_0501_1000_EXECUTION,COVAPIE_CYS_SG_EVENT_V1:3V4X:A:CYS:111-:SG:E:F24:C8,3V4X,F24,A,,CYS,111,SG,E,C8,PASSED,PASSED,PASSED_EXPLICIT_EVENT,PASSED,UNRESOLVED_HUMAN_REVIEW,,,,NO_POSITIVE_AUTHORITY,false,false,false,,true,false,true,,false,,false,false,false,false,false,false,false,NEW_EXPANSION_COMPONENT,COVAPIE_EXPANSION_LEAKAGE_GROUP_A040E24F5451803B,,false,HUMAN_REVIEW_REQUIRED,"[""PRE_CHEMISTRY_NOT_PRODUCTION_AUTHORITATIVE"",""NO_FAMILY_LEVEL_AUTO_ADMISSION"",""NO_SINGLE_EXACT_RULE_MATCHED_EVERY_EVENT;HUMAN_REVIEW_RETAINED""]"
594,RANKS_0501_1000_EXECUTION,COVAPIE_CYS_SG_EVENT_V1:3V4X:B:CYS:111-:SG:F:F24:C8,3V4X,F24,B,,CYS,111,SG,F,C8,PASSED,PASSED,PASSED_EXPLICIT_EVENT,PASSED,UNRESOLVED_HUMAN_REVIEW,,,,NO_POSITIVE_AUTHORITY,false,false,false,,true,false,true,,false,,false,false,false,false,false,false,false,NEW_EXPANSION_COMPONENT,COVAPIE_EXPANSION_LEAKAGE_GROUP_A040E24F5451803B,,false,HUMAN_REVIEW_REQUIRED,"[""PRE_CHEMISTRY_NOT_PRODUCTION_AUTHORITATIVE"",""NO_FAMILY_LEVEL_AUTO_ADMISSION"",""NO_SINGLE_EXACT_RULE_MATCHED_EVERY_EVENT;HUMAN_REVIEW_RETAINED""]"
595,RANKS_0501_1000_EXECUTION,COVAPIE_CYS_SG_EVENT_V1:3V4X:C:CYS:111-:SG:G:F24:C8,3V4X,F24,C,,CYS,111,SG,G,C8,PASSED,PASSED,PASSED_EXPLICIT_EVENT,PASSED,UNRESOLVED_HUMAN_REVIEW,,,,NO_POSITIVE_AUTHORITY,false,false,false,,true,false,true,,false,,false,false,false,false,false,false,false,NEW_EXPANSION_COMPONENT,COVAPIE_EXPANSION_LEAKAGE_GROUP_A040E24F5451803B,,false,HUMAN_REVIEW_REQUIRED,"[""PRE_CHEMISTRY_NOT_PRODUCTION_AUTHORITATIVE"",""NO_FAMILY_LEVEL_AUTO_ADMISSION"",""NO_SINGLE_EXACT_RULE_MATCHED_EVERY_EVENT;HUMAN_REVIEW_RETAINED""]"
596,RANKS_0501_1000_EXECUTION,COVAPIE_CYS_SG_EVENT_V1:3V4X:D:CYS:111-:SG:H:F24:C8,3V4X,F24,D,,CYS,111,SG,H,C8,PASSED,PASSED,PASSED_EXPLICIT_EVENT,PASSED,UNRESOLVED_HUMAN_REVIEW,,,,NO_POSITIVE_AUTHORITY,false,false,false,,true,false,true,,false,,false,false,false,false,false,false,false,NEW_EXPANSION_COMPONENT,COVAPIE_EXPANSION_LEAKAGE_GROUP_A040E24F5451803B,,false,HUMAN_REVIEW_REQUIRED,"[""PRE_CHEMISTRY_NOT_PRODUCTION_AUTHORITATIVE"",""NO_FAMILY_LEVEL_AUTO_ADMISSION"",""NO_SINGLE_EXACT_RULE_MATCHED_EVERY_EVENT;HUMAN_REVIEW_RETAINED""]"
597,RANKS_0501_1000_EXECUTION,COVAPIE_CYS_SG_EVENT_V1:3V61:B:CYS:22-:SG:P:NEQ:C3,3V61,NEQ,B,,CYS,22,SG,P,C3,PASSED,PASSED,PASSED_EXPLICIT_EVENT,PASSED,UNRESOLVED_HUMAN_REVIEW,,,,NO_POSITIVE_AUTHORITY,false,false,false,,true,false,true,,false,,false,false,false,false,false,false,false,NEW_EXPANSION_COMPONENT,COVAPIE_EXPANSION_LEAKAGE_GROUP_AFA56DF0A3863B86,,false,HUMAN_REVIEW_REQUIRED,"[""PRE_CHEMISTRY_NOT_PRODUCTION_AUTHORITATIVE"",""NO_FAMILY_LEVEL_AUTO_ADMISSION"",""NO_SINGLE_EXACT_RULE_MATCHED_EVERY_EVENT;HUMAN_REVIEW_RETAINED""]"
598,RANKS_0501_1000_EXECUTION,COVAPIE_CYS_SG_EVENT_V1:3V61:B:CYS:81-:SG:Q:NEQ:C3,3V61,NEQ,B,,CYS,81,SG,Q,C3,PASSED,PASSED,PASSED_EXPLICIT_EVENT,PASSED,UNRESOLVED_HUMAN_REVIEW,,,,NO_POSITIVE_AUTHORITY,false,false,false,,true,false,true,,false,,false,false,false,false,false,false,false,NEW_EXPANSION_COMPONENT,COVAPIE_EXPANSION_LEAKAGE_GROUP_AFA56DF0A3863B86,,false,HUMAN_REVIEW_REQUIRED,"[""PRE_CHEMISTRY_NOT_PRODUCTION_AUTHORITATIVE"",""NO_FAMILY_LEVEL_AUTO_ADMISSION"",""NO_SINGLE_EXACT_RULE_MATCHED_EVERY_EVENT;HUMAN_REVIEW_RETAINED""]"
599,RANKS_0501_1000_EXECUTION,COVAPIE_CYS_SG_EVENT_V1:3V62:B:CYS:22-:SG:G:NEQ:C3,3V62,NEQ,B,,CYS,22,SG,G,C3,PASSED,PASSED,PASSED_EXPLICIT_EVENT,PASSED,UNRESOLVED_HUMAN_REVIEW,,,,NO_POSITIVE_AUTHORITY,false,false,false,,true,false,true,,false,,false,false,false,false,false,false,false,NEW_EXPANSION_COMPONENT,COVAPIE_EXPANSION_LEAKAGE_GROUP_AFA56DF0A3863B86,,false,HUMAN_REVIEW_REQUIRED,"[""PRE_CHEMISTRY_NOT_PRODUCTION_AUTHORITATIVE"",""NO_FAMILY_LEVEL_AUTO_ADMISSION"",""NO_SINGLE_EXACT_RULE_MATCHED_EVERY_EVENT;HUMAN_REVIEW_RETAINED""]"
600,RANKS_0501_1000_EXECUTION,COVAPIE_CYS_SG_EVENT_V1:3V62:B:CYS:81-:SG:H:NEQ:C3,3V62,NEQ,B,,CYS,81,SG,H,C3,PASSED,PASSED,PASSED_EXPLICIT_EVENT,PASSED,UNRESOLVED_HUMAN_REVIEW,,,,NO_POSITIVE_AUTHORITY,false,false,false,,true,false,true,,false,,false,false,false,false,false,false,false,NEW_EXPANSION_COMPONENT,COVAPIE_EXPANSION_LEAKAGE_GROUP_AFA56DF0A3863B86,,false,HUMAN_REVIEW_REQUIRED,"[""PRE_CHEMISTRY_NOT_PRODUCTION_AUTHORITATIVE"",""NO_FAMILY_LEVEL_AUTO_ADMISSION"",""NO_SINGLE_EXACT_RULE_MATCHED_EVERY_EVENT;HUMAN_REVIEW_RETAINED""]"
601,RANKS_0501_1000_EXECUTION,COVAPIE_CYS_SG_EVENT_V1:3V62:E:CYS:22-:SG:K:NEQ:C3,3V62,NEQ,E,,CYS,22,SG,K,C3,PASSED,PASSED,PASSED_EXPLICIT_EVENT,PASSED,UNRESOLVED_HUMAN_REVIEW,,,,NO_POSITIVE_AUTHORITY,false,false,false,,true,false,true,,false,,false,false,false,false,false,false,false,NEW_EXPANSION_COMPONENT,COVAPIE_EXPANSION_LEAKAGE_GROUP_AFA56DF0A3863B86,,false,HUMAN_REVIEW_REQUIRED,"[""PRE_CHEMISTRY_NOT_PRODUCTION_AUTHORITATIVE"",""NO_FAMILY_LEVEL_AUTO_ADMISSION"",""NO_SINGLE_EXACT_RULE_MATCHED_EVERY_EVENT;HUMAN_REVIEW_RETAINED""]"
602,RANKS_0501_1000_EXECUTION,COVAPIE_CYS_SG_EVENT_V1:3V62:E:CYS:81-:SG:L:NEQ:C3,3V62,NEQ,E,,CYS,81,SG,L,C3,PASSED,PASSED,PASSED_EXPLICIT_EVENT,PASSED,UNRESOLVED_HUMAN_REVIEW,,,,NO_POSITIVE_AUTHORITY,false,false,false,,true,false,true,,false,,false,false,false,false,false,false,false,NEW_EXPANSION_COMPONENT,COVAPIE_EXPANSION_LEAKAGE_GROUP_AFA56DF0A3863B86,,false,HUMAN_REVIEW_REQUIRED,"[""PRE_CHEMISTRY_NOT_PRODUCTION_AUTHORITATIVE"",""NO_FAMILY_LEVEL_AUTO_ADMISSION"",""NO_SINGLE_EXACT_RULE_MATCHED_EVERY_EVENT;HUMAN_REVIEW_RETAINED""]"
603,RANKS_0501_1000_EXECUTION,COVAPIE_CYS_SG_EVENT_V1:3V6R:A:CYS:154-:SG:C:CQQ:C33,3V6R,CQQ,A,,CYS,154,SG,C,C33,PASSED,PASSED,PASSED_EXPLICIT_EVENT,PASSED,UNRESOLVED_HUMAN_REVIEW,,,,NO_POSITIVE_AUTHORITY,false,false,false,,true,false,true,,false,,false,false,false,false,false,false,false,NEW_EXPANSION_COMPONENT,COVAPIE_EXPANSION_LEAKAGE_GROUP_BED8DCAD38ED7FD0,,false,HUMAN_REVIEW_REQUIRED,"[""PRE_CHEMISTRY_NOT_PRODUCTION_AUTHORITATIVE"",""NO_FAMILY_LEVEL_AUTO_ADMISSION"",""NO_SINGLE_EXACT_RULE_MATCHED_EVERY_EVENT;HUMAN_REVIEW_RETAINED""]"
604,RANKS_0501_1000_EXECUTION,COVAPIE_CYS_SG_EVENT_V1:3V6R:B:CYS:154-:SG:D:CQQ:C33,3V6R,CQQ,B,,CYS,154,SG,D,C33,PASSED,PASSED,PASSED_EXPLICIT_EVENT,PASSED,UNRESOLVED_HUMAN_REVIEW,,,,NO_POSITIVE_AUTHORITY,false,false,false,,true,false,true,,false,,false,false,false,false,false,false,false,NEW_EXPANSION_COMPONENT,COVAPIE_EXPANSION_LEAKAGE_GROUP_BED8DCAD38ED7FD0,,false,HUMAN_REVIEW_REQUIRED,"[""PRE_CHEMISTRY_NOT_PRODUCTION_AUTHORITATIVE"",""NO_FAMILY_LEVEL_AUTO_ADMISSION"",""NO_SINGLE_EXACT_RULE_MATCHED_EVERY_EVENT;HUMAN_REVIEW_RETAINED""]"
605,RANKS_0501_1000_EXECUTION,COVAPIE_CYS_SG_EVENT_V1:3V6S:A:CYS:154-:SG:C:0F0:C33,3V6S,0F0,A,,CYS,154,SG,C,C33,PASSED,PASSED,PASSED_EXPLICIT_EVENT,PASSED,UNRESOLVED_HUMAN_REVIEW,,,,NO_POSITIVE_AUTHORITY,false,false,false,,true,false,true,,false,,false,false,false,false,false,false,false,NEW_EXPANSION_COMPONENT,COVAPIE_EXPANSION_LEAKAGE_GROUP_BED8DCAD38ED7FD0,,false,HUMAN_REVIEW_REQUIRED,"[""PRE_CHEMISTRY_NOT_PRODUCTION_AUTHORITATIVE"",""NO_FAMILY_LEVEL_AUTO_ADMISSION"",""NO_SINGLE_EXACT_RULE_MATCHED_EVERY_EVENT;HUMAN_REVIEW_RETAINED""]"
606,RANKS_0501_1000_EXECUTION,COVAPIE_CYS_SG_EVENT_V1:3V6S:B:CYS:154-:SG:D:0F0:C33,3V6S,0F0,B,,CYS,154,SG,D,C33,PASSED,PASSED,PASSED_EXPLICIT_EVENT,PASSED,UNRESOLVED_HUMAN_REVIEW,,,,NO_POSITIVE_AUTHORITY,false,false,false,,true,false,true,,false,,false,false,false,false,false,false,false,NEW_EXPANSION_COMPONENT,COVAPIE_EXPANSION_LEAKAGE_GROUP_BED8DCAD38ED7FD0,,false,HUMAN_REVIEW_REQUIRED,"[""PRE_CHEMISTRY_NOT_PRODUCTION_AUTHORITATIVE"",""NO_FAMILY_LEVEL_AUTO_ADMISSION"",""NO_SINGLE_EXACT_RULE_MATCHED_EVERY_EVENT;HUMAN_REVIEW_RETAINED""]"
607,RANKS_0501_1000_EXECUTION,COVAPIE_CYS_SG_EVENT_V1:3VCY:A:CYS:116-:SG:E:FFQ:C1,3VCY,FFQ,A,,CYS,116,SG,E,C1,PASSED,PASSED,PASSED_EXPLICIT_EVENT,PASSED,UNRESOLVED_HUMAN_REVIEW,,,,NO_POSITIVE_AUTHORITY,false,false,false,,true,false,true,,false,,false,false,false,false,false,false,false,NEW_EXPANSION_COMPONENT,COVAPIE_EXPANSION_LEAKAGE_GROUP_6EEAD03A4A40B8C8,,false,HUMAN_REVIEW_REQUIRED,"[""PRE_CHEMISTRY_NOT_PRODUCTION_AUTHORITATIVE"",""NO_FAMILY_LEVEL_AUTO_ADMISSION"",""NO_SINGLE_EXACT_RULE_MATCHED_EVERY_EVENT;HUMAN_REVIEW_RETAINED""]"
608,RANKS_0501_1000_EXECUTION,COVAPIE_CYS_SG_EVENT_V1:3VCY:B:CYS:116-:SG:J:FFQ:C1,3VCY,FFQ,B,,CYS,116,SG,J,C1,PASSED,PASSED,PASSED_EXPLICIT_EVENT,PASSED,UNRESOLVED_HUMAN_REVIEW,,,,NO_POSITIVE_AUTHORITY,false,false,false,,true,false,true,,false,,false,false,false,false,false,false,false,NEW_EXPANSION_COMPONENT,COVAPIE_EXPANSION_LEAKAGE_GROUP_6EEAD03A4A40B8C8,,false,HUMAN_REVIEW_REQUIRED,"[""PRE_CHEMISTRY_NOT_PRODUCTION_AUTHORITATIVE"",""NO_FAMILY_LEVEL_AUTO_ADMISSION"",""NO_SINGLE_EXACT_RULE_MATCHED_EVERY_EVENT;HUMAN_REVIEW_RETAINED""]"
609,RANKS_0501_1000_EXECUTION,COVAPIE_CYS_SG_EVENT_V1:3VCY:C:CYS:116-:SG:O:FFQ:C1,3VCY,FFQ,C,,CYS,116,SG,O,C1,PASSED,PASSED,PASSED_EXPLICIT_EVENT,PASSED,UNRESOLVED_HUMAN_REVIEW,,,,NO_POSITIVE_AUTHORITY,false,false,false,,true,false,true,,false,,false,false,false,false,false,false,false,NEW_EXPANSION_COMPONENT,COVAPIE_EXPANSION_LEAKAGE_GROUP_6EEAD03A4A40B8C8,,false,HUMAN_REVIEW_REQUIRED,"[""PRE_CHEMISTRY_NOT_PRODUCTION_AUTHORITATIVE"",""NO_FAMILY_LEVEL_AUTO_ADMISSION"",""NO_SINGLE_EXACT_RULE_MATCHED_EVERY_EVENT;HUMAN_REVIEW_RETAINED""]"
610,RANKS_0501_1000_EXECUTION,COVAPIE_CYS_SG_EVENT_V1:3VCY:D:CYS:116-:SG:T:FFQ:C1,3VCY,FFQ,D,,CYS,116,SG,T,C1,PASSED,PASSED,PASSED_EXPLICIT_EVENT,PASSED,UNRESOLVED_HUMAN_REVIEW,,,,NO_POSITIVE_AUTHORITY,false,false,false,,true,false,true,,false,,false,false,false,false,false,false,false,NEW_EXPANSION_COMPONENT,COVAPIE_EXPANSION_LEAKAGE_GROUP_6EEAD03A4A40B8C8,,false,HUMAN_REVIEW_REQUIRED,"[""PRE_CHEMISTRY_NOT_PRODUCTION_AUTHORITATIVE"",""NO_FAMILY_LEVEL_AUTO_ADMISSION"",""NO_SINGLE_EXACT_RULE_MATCHED_EVERY_EVENT;HUMAN_REVIEW_RETAINED""]"
611,RANKS_0501_1000_EXECUTION,COVAPIE_CYS_SG_EVENT_V1:3VYP:A:CYS:354-:SG:D:MXR:C1,3VYP,MXR,A,,CYS,354,SG,D,C1,PASSED,PASSED,PASSED_EXPLICIT_EVENT,PASSED,UNRESOLVED_HUMAN_REVIEW,,,,NO_POSITIVE_AUTHORITY,false,false,false,,true,false,true,,false,,false,false,false,false,false,false,false,NEW_EXPANSION_COMPONENT,COVAPIE_EXPANSION_LEAKAGE_GROUP_8E1EC2B5E7F142BE,,false,HUMAN_REVIEW_REQUIRED,"[""PRE_CHEMISTRY_NOT_PRODUCTION_AUTHORITATIVE"",""NO_FAMILY_LEVEL_AUTO_ADMISSION"",""NO_SINGLE_EXACT_RULE_MATCHED_EVERY_EVENT;HUMAN_REVIEW_RETAINED""]"
612,RANKS_0501_1000_EXECUTION,COVAPIE_CYS_SG_EVENT_V1:3VYP:B:CYS:354-:SG:F:MXR:C1,3VYP,MXR,B,,CYS,354,SG,F,C1,PASSED,PASSED,PASSED_EXPLICIT_EVENT,PASSED,UNRESOLVED_HUMAN_REVIEW,,,,NO_POSITIVE_AUTHORITY,false,false,false,,true,false,true,,false,,false,false,false,false,false,false,false,NEW_EXPANSION_COMPONENT,COVAPIE_EXPANSION_LEAKAGE_GROUP_8E1EC2B5E7F142BE,,false,HUMAN_REVIEW_REQUIRED,"[""PRE_CHEMISTRY_NOT_PRODUCTION_AUTHORITATIVE"",""NO_FAMILY_LEVEL_AUTO_ADMISSION"",""NO_SINGLE_EXACT_RULE_MATCHED_EVERY_EVENT;HUMAN_REVIEW_RETAINED""]"
613,RANKS_0501_1000_EXECUTION,COVAPIE_CYS_SG_EVENT_V1:3W2P:A:CYS:797-:SG:B:W2P:C35,3W2P,W2P,A,,CYS,797,SG,B,C35,PASSED,UNAVAILABLE,FAILED_CLOSED,NOT_REACHED,NOT_APPLICABLE_BLOCKED_STRUCTURAL_OR_LEAKAGE,,,,NO_POSITIVE_AUTHORITY,false,false,false,,false,false,false,,false,,false,false,false,false,false,false,false,LEAKAGE_EVIDENCE_INCOMPLETE,,,false,STRUCTURAL_EVIDENCE_INCOMPLETE,"[""MMCIF_EXACT_CYS_SG_STRUCT_CONN_NOT_RECOVERED""]"
614,RANKS_0501_1000_EXECUTION,COVAPIE_CYS_SG_EVENT_V1:3W2Q:A:CYS:797-:SG:B:HKI:CBT,3W2Q,HKI,A,,CYS,797,SG,B,CBT,PASSED,UNAVAILABLE,FAILED_CLOSED,NOT_REACHED,NOT_APPLICABLE_BLOCKED_STRUCTURAL_OR_LEAKAGE,,,,NO_POSITIVE_AUTHORITY,false,false,false,,false,false,false,,false,,false,false,false,false,false,false,false,LEAKAGE_EVIDENCE_INCOMPLETE,,,false,STRUCTURAL_EVIDENCE_INCOMPLETE,"[""MMCIF_EXACT_CYS_SG_STRUCT_CONN_NOT_RECOVERED""]"
615,RANKS_0501_1000_EXECUTION,COVAPIE_CYS_SG_EVENT_V1:3WJC:A:CYS:96-:SG:C:RMD:C2A,3WJC,RMD,A,,CYS,96,SG,C,C2A,FAILED_CLOSED,UNAVAILABLE,NOT_REACHED,NOT_REACHED,NOT_APPLICABLE_BLOCKED_STRUCTURAL_OR_LEAKAGE,,,,NO_POSITIVE_AUTHORITY,false,false,false,,false,false,false,,false,,false,false,false,false,false,false,false,LEAKAGE_EVIDENCE_INCOMPLETE,,,false,STRUCTURAL_EVIDENCE_INCOMPLETE,"[""REQUIRED_CCD_PAYLOAD_UNAVAILABLE""]"
616,RANKS_0501_1000_EXECUTION,COVAPIE_CYS_SG_EVENT_V1:3WJC:B:CYS:96-:SG:F:RMD:C2A,3WJC,RMD,B,,CYS,96,SG,F,C2A,FAILED_CLOSED,UNAVAILABLE,NOT_REACHED,NOT_REACHED,NOT_APPLICABLE_BLOCKED_STRUCTURAL_OR_LEAKAGE,,,,NO_POSITIVE_AUTHORITY,false,false,false,,false,false,false,,false,,false,false,false,false,false,false,false,LEAKAGE_EVIDENCE_INCOMPLETE,,,false,STRUCTURAL_EVIDENCE_INCOMPLETE,"[""REQUIRED_CCD_PAYLOAD_UNAVAILABLE""]"
617,RANKS_0501_1000_EXECUTION,COVAPIE_CYS_SG_EVENT_V1:3X1H:A:CYS:285-:SG:C:5OX:C15,3X1H,5OX,A,,CYS,285,SG,C,C15,PASSED,PASSED,PASSED_EXPLICIT_EVENT,PASSED,UNRESOLVED_HUMAN_REVIEW,,,,NO_POSITIVE_AUTHORITY,false,false,false,,true,false,true,,false,,false,false,false,false,false,false,false,NEW_EXPANSION_COMPONENT,COVAPIE_EXPANSION_LEAKAGE_GROUP_95AE8FE7D20A98DA,,false,HUMAN_REVIEW_REQUIRED,"[""PRE_CHEMISTRY_NOT_PRODUCTION_AUTHORITATIVE"",""NO_FAMILY_LEVEL_AUTO_ADMISSION"",""NO_SINGLE_EXACT_RULE_MATCHED_EVERY_EVENT;HUMAN_REVIEW_RETAINED""]"
618,RANKS_0501_1000_EXECUTION,COVAPIE_CYS_SG_EVENT_V1:3X1H:B:CYS:285-:SG:D:5OX:C15,3X1H,5OX,B,,CYS,285,SG,D,C15,PASSED,PASSED,PASSED_EXPLICIT_EVENT,PASSED,UNRESOLVED_HUMAN_REVIEW,,,,NO_POSITIVE_AUTHORITY,false,false,false,,true,false,true,,false,,false,false,false,false,false,false,false,NEW_EXPANSION_COMPONENT,COVAPIE_EXPANSION_LEAKAGE_GROUP_95AE8FE7D20A98DA,,false,HUMAN_REVIEW_REQUIRED,"[""PRE_CHEMISTRY_NOT_PRODUCTION_AUTHORITATIVE"",""NO_FAMILY_LEVEL_AUTO_ADMISSION"",""NO_SINGLE_EXACT_RULE_MATCHED_EVERY_EVENT;HUMAN_REVIEW_RETAINED""]"
619,RANKS_0501_1000_EXECUTION,COVAPIE_CYS_SG_EVENT_V1:3X1I:A:CYS:285-:SG:C:66B:C15,3X1I,66B,A,,CYS,285,SG,C,C15,PASSED,PASSED,PASSED_EXPLICIT_EVENT,PASSED,UNRESOLVED_HUMAN_REVIEW,,,,NO_POSITIVE_AUTHORITY,false,false,false,,true,false,true,,false,,false,false,false,false,false,false,false,NEW_EXPANSION_COMPONENT,COVAPIE_EXPANSION_LEAKAGE_GROUP_95AE8FE7D20A98DA,,false,HUMAN_REVIEW_REQUIRED,"[""PRE_CHEMISTRY_NOT_PRODUCTION_AUTHORITATIVE"",""NO_FAMILY_LEVEL_AUTO_ADMISSION"",""NO_SINGLE_EXACT_RULE_MATCHED_EVERY_EVENT;HUMAN_REVIEW_RETAINED""]"
620,RANKS_0501_1000_EXECUTION,COVAPIE_CYS_SG_EVENT_V1:3X1I:B:CYS:285-:SG:D:66B:C15,3X1I,66B,B,,CYS,285,SG,D,C15,PASSED,PASSED,PASSED_EXPLICIT_EVENT,PASSED,UNRESOLVED_HUMAN_REVIEW,,,,NO_POSITIVE_AUTHORITY,false,false,false,,true,false,true,,false,,false,false,false,false,false,false,false,NEW_EXPANSION_COMPONENT,COVAPIE_EXPANSION_LEAKAGE_GROUP_95AE8FE7D20A98DA,,false,HUMAN_REVIEW_REQUIRED,"[""PRE_CHEMISTRY_NOT_PRODUCTION_AUTHORITATIVE"",""NO_FAMILY_LEVEL_AUTO_ADMISSION"",""NO_SINGLE_EXACT_RULE_MATCHED_EVERY_EVENT;HUMAN_REVIEW_RETAINED""]"
621,RANKS_0501_1000_EXECUTION,COVAPIE_CYS_SG_EVENT_V1:3ZGP:A:CYS:442-:SG:B:1RG:CAA,3ZGP,1RG,A,,CYS,442,SG,B,CAA,PASSED,UNAVAILABLE,FAILED_CLOSED,NOT_REACHED,NOT_APPLICABLE_BLOCKED_STRUCTURAL_OR_LEAKAGE,,,,NO_POSITIVE_AUTHORITY,false,false,false,,false,false,false,,false,,false,false,false,false,false,false,false,LEAKAGE_EVIDENCE_INCOMPLETE,,,false,STRUCTURAL_EVIDENCE_INCOMPLETE,"[""MMCIF_EXACT_CYS_SG_STRUCT_CONN_NOT_RECOVERED""]"
622,RANKS_0501_1000_EXECUTION,COVAPIE_CYS_SG_EVENT_V1:3ZIM:A:CYS:862-:SG:B:KKR:C2,3ZIM,KKR,A,,CYS,862,SG,B,C2,PASSED,UNAVAILABLE,FAILED_CLOSED,NOT_REACHED,NOT_APPLICABLE_BLOCKED_STRUCTURAL_OR_LEAKAGE,,,,NO_POSITIVE_AUTHORITY,false,false,false,,false,false,false,,false,,false,false,false,false,false,false,false,LEAKAGE_EVIDENCE_INCOMPLETE,,,false,STRUCTURAL_EVIDENCE_INCOMPLETE,"[""MMCIF_EXACT_CYS_SG_STRUCT_CONN_NOT_RECOVERED""]"
623,RANKS_0501_1000_EXECUTION,COVAPIE_CYS_SG_EVENT_V1:3ZV9:A:CYS:147-:SG:B:G74:C63,3ZV9,G74,A,,CYS,147,SG,B,C63,PASSED,UNAVAILABLE,FAILED_CLOSED,NOT_REACHED,NOT_APPLICABLE_BLOCKED_STRUCTURAL_OR_LEAKAGE,,,,NO_POSITIVE_AUTHORITY,false,false,false,,false,false,false,,false,,false,false,false,false,false,false,false,LEAKAGE_EVIDENCE_INCOMPLETE,,,false,STRUCTURAL_EVIDENCE_INCOMPLETE,"[""MMCIF_EXACT_CYS_SG_STRUCT_CONN_NOT_RECOVERED""]"
624,RANKS_0501_1000_EXECUTION,COVAPIE_CYS_SG_EVENT_V1:3ZVA:A:CYS:147-:SG:B:G75:C63,3ZVA,G75,A,,CYS,147,SG,B,C63,PASSED,UNAVAILABLE,FAILED_CLOSED,NOT_REACHED,NOT_APPLICABLE_BLOCKED_STRUCTURAL_OR_LEAKAGE,,,,NO_POSITIVE_AUTHORITY,false,false,false,,false,false,false,,false,,false,false,false,false,false,false,false,LEAKAGE_EVIDENCE_INCOMPLETE,,,false,STRUCTURAL_EVIDENCE_INCOMPLETE,"[""MMCIF_EXACT_CYS_SG_STRUCT_CONN_NOT_RECOVERED""]"
625,RANKS_0501_1000_EXECUTION,COVAPIE_CYS_SG_EVENT_V1:3ZVB:A:CYS:147-:SG:B:G81:C63,3ZVB,G81,A,,CYS,147,SG,B,C63,PASSED,UNAVAILABLE,FAILED_CLOSED,NOT_REACHED,NOT_APPLICABLE_BLOCKED_STRUCTURAL_OR_LEAKAGE,,,,NO_POSITIVE_AUTHORITY,false,false,false,,false,false,false,,false,,false,false,false,false,false,false,false,LEAKAGE_EVIDENCE_INCOMPLETE,,,false,STRUCTURAL_EVIDENCE_INCOMPLETE,"[""MMCIF_EXACT_CYS_SG_STRUCT_CONN_NOT_RECOVERED""]"
626,RANKS_0501_1000_EXECUTION,COVAPIE_CYS_SG_EVENT_V1:3ZVC:A:CYS:147-:SG:B:G82:C63,3ZVC,G82,A,,CYS,147,SG,B,C63,PASSED,UNAVAILABLE,FAILED_CLOSED,NOT_REACHED,NOT_APPLICABLE_BLOCKED_STRUCTURAL_OR_LEAKAGE,,,,NO_POSITIVE_AUTHORITY,false,false,false,,false,false,false,,false,,false,false,false,false,false,false,false,LEAKAGE_EVIDENCE_INCOMPLETE,,,false,STRUCTURAL_EVIDENCE_INCOMPLETE,"[""MMCIF_EXACT_CYS_SG_STRUCT_CONN_NOT_RECOVERED""]"
627,RANKS_0501_1000_EXECUTION,COVAPIE_CYS_SG_EVENT_V1:3ZVD:A:CYS:147-:SG:B:G83:C63,3ZVD,G83,A,,CYS,147,SG,B,C63,PASSED,UNAVAILABLE,FAILED_CLOSED,NOT_REACHED,NOT_APPLICABLE_BLOCKED_STRUCTURAL_OR_LEAKAGE,,,,NO_POSITIVE_AUTHORITY,false,false,false,,false,false,false,,false,,false,false,false,false,false,false,false,LEAKAGE_EVIDENCE_INCOMPLETE,,,false,STRUCTURAL_EVIDENCE_INCOMPLETE,"[""MMCIF_EXACT_CYS_SG_STRUCT_CONN_NOT_RECOVERED""]"
628,RANKS_0501_1000_EXECUTION,COVAPIE_CYS_SG_EVENT_V1:3ZVE:A:CYS:147-:SG:B:G84:C63,3ZVE,G84,A,,CYS,147,SG,B,C63,PASSED,UNAVAILABLE,FAILED_CLOSED,NOT_REACHED,NOT_APPLICABLE_BLOCKED_STRUCTURAL_OR_LEAKAGE,,,,NO_POSITIVE_AUTHORITY,false,false,false,,false,false,false,,false,,false,false,false,false,false,false,false,LEAKAGE_EVIDENCE_INCOMPLETE,,,false,STRUCTURAL_EVIDENCE_INCOMPLETE,"[""MMCIF_EXACT_CYS_SG_STRUCT_CONN_NOT_RECOVERED""]"
629,RANKS_0501_1000_EXECUTION,COVAPIE_CYS_SG_EVENT_V1:3ZVF:A:CYS:147-:SG:B:G85:C63,3ZVF,G85,A,,CYS,147,SG,B,C63,PASSED,UNAVAILABLE,FAILED_CLOSED,NOT_REACHED,NOT_APPLICABLE_BLOCKED_STRUCTURAL_OR_LEAKAGE,,,,NO_POSITIVE_AUTHORITY,false,false,false,,false,false,false,,false,,false,false,false,false,false,false,false,LEAKAGE_EVIDENCE_INCOMPLETE,,,false,STRUCTURAL_EVIDENCE_INCOMPLETE,"[""MMCIF_EXACT_CYS_SG_STRUCT_CONN_NOT_RECOVERED""]"
630,RANKS_0501_1000_EXECUTION,COVAPIE_CYS_SG_EVENT_V1:3ZVG:A:CYS:147-:SG:B:G86:C63,3ZVG,G86,A,,CYS,147,SG,B,C63,PASSED,UNAVAILABLE,FAILED_CLOSED,NOT_REACHED,NOT_APPLICABLE_BLOCKED_STRUCTURAL_OR_LEAKAGE,,,,NO_POSITIVE_AUTHORITY,false,false,false,,false,false,false,,false,,false,false,false,false,false,false,false,LEAKAGE_EVIDENCE_INCOMPLETE,,,false,STRUCTURAL_EVIDENCE_INCOMPLETE,"[""MMCIF_EXACT_CYS_SG_STRUCT_CONN_NOT_RECOVERED""]"
631,RANKS_0501_1000_EXECUTION,COVAPIE_CYS_SG_EVENT_V1:3ZZ5:A:CYS:147-:SG:B:G74:C63,3ZZ5,G74,A,,CYS,147,SG,B,C63,PASSED,UNAVAILABLE,FAILED_CLOSED,NOT_REACHED,NOT_APPLICABLE_BLOCKED_STRUCTURAL_OR_LEAKAGE,,,,NO_POSITIVE_AUTHORITY,false,false,false,,false,false,false,,false,,false,false,false,false,false,false,false,LEAKAGE_EVIDENCE_INCOMPLETE,,,false,STRUCTURAL_EVIDENCE_INCOMPLETE,"[""MMCIF_EXACT_CYS_SG_STRUCT_CONN_NOT_RECOVERED""]"
632,RANKS_0501_1000_EXECUTION,COVAPIE_CYS_SG_EVENT_V1:3ZZ6:A:CYS:147-:SG:B:G75:C63,3ZZ6,G75,A,,CYS,147,SG,B,C63,PASSED,UNAVAILABLE,FAILED_CLOSED,NOT_REACHED,NOT_APPLICABLE_BLOCKED_STRUCTURAL_OR_LEAKAGE,,,,NO_POSITIVE_AUTHORITY,false,false,false,,false,false,false,,false,,false,false,false,false,false,false,false,LEAKAGE_EVIDENCE_INCOMPLETE,,,false,STRUCTURAL_EVIDENCE_INCOMPLETE,"[""MMCIF_EXACT_CYS_SG_STRUCT_CONN_NOT_RECOVERED""]"
633,RANKS_0501_1000_EXECUTION,COVAPIE_CYS_SG_EVENT_V1:3ZZ7:A:CYS:147-:SG:B:G81:C63,3ZZ7,G81,A,,CYS,147,SG,B,C63,PASSED,UNAVAILABLE,FAILED_CLOSED,NOT_REACHED,NOT_APPLICABLE_BLOCKED_STRUCTURAL_OR_LEAKAGE,,,,NO_POSITIVE_AUTHORITY,false,false,false,,false,false,false,,false,,false,false,false,false,false,false,false,LEAKAGE_EVIDENCE_INCOMPLETE,,,false,STRUCTURAL_EVIDENCE_INCOMPLETE,"[""MMCIF_EXACT_CYS_SG_STRUCT_CONN_NOT_RECOVERED""]"
634,RANKS_0501_1000_EXECUTION,COVAPIE_CYS_SG_EVENT_V1:3ZZ8:A:CYS:147-:SG:B:G82:C63,3ZZ8,G82,A,,CYS,147,SG,B,C63,PASSED,UNAVAILABLE,FAILED_CLOSED,NOT_REACHED,NOT_APPLICABLE_BLOCKED_STRUCTURAL_OR_LEAKAGE,,,,NO_POSITIVE_AUTHORITY,false,false,false,,false,false,false,,false,,false,false,false,false,false,false,false,LEAKAGE_EVIDENCE_INCOMPLETE,,,false,STRUCTURAL_EVIDENCE_INCOMPLETE,"[""MMCIF_EXACT_CYS_SG_STRUCT_CONN_NOT_RECOVERED""]"
635,RANKS_0501_1000_EXECUTION,COVAPIE_CYS_SG_EVENT_V1:3ZZ9:A:CYS:147-:SG:B:G83:C63,3ZZ9,G83,A,,CYS,147,SG,B,C63,PASSED,UNAVAILABLE,FAILED_CLOSED,NOT_REACHED,NOT_APPLICABLE_BLOCKED_STRUCTURAL_OR_LEAKAGE,,,,NO_POSITIVE_AUTHORITY,false,false,false,,false,false,false,,false,,false,false,false,false,false,false,false,LEAKAGE_EVIDENCE_INCOMPLETE,,,false,STRUCTURAL_EVIDENCE_INCOMPLETE,"[""MMCIF_EXACT_CYS_SG_STRUCT_CONN_NOT_RECOVERED""]"
636,RANKS_0501_1000_EXECUTION,COVAPIE_CYS_SG_EVENT_V1:3ZZA:A:CYS:147-:SG:B:G84:C63,3ZZA,G84,A,,CYS,147,SG,B,C63,PASSED,UNAVAILABLE,FAILED_CLOSED,NOT_REACHED,NOT_APPLICABLE_BLOCKED_STRUCTURAL_OR_LEAKAGE,,,,NO_POSITIVE_AUTHORITY,false,false,false,,false,false,false,,false,,false,false,false,false,false,false,false,LEAKAGE_EVIDENCE_INCOMPLETE,,,false,STRUCTURAL_EVIDENCE_INCOMPLETE,"[""MMCIF_EXACT_CYS_SG_STRUCT_CONN_NOT_RECOVERED""]"
637,RANKS_0501_1000_EXECUTION,COVAPIE_CYS_SG_EVENT_V1:3ZZB:A:CYS:147-:SG:B:G85:C63,3ZZB,G85,A,,CYS,147,SG,B,C63,PASSED,UNAVAILABLE,FAILED_CLOSED,NOT_REACHED,NOT_APPLICABLE_BLOCKED_STRUCTURAL_OR_LEAKAGE,,,,NO_POSITIVE_AUTHORITY,false,false,false,,false,false,false,,false,,false,false,false,false,false,false,false,LEAKAGE_EVIDENCE_INCOMPLETE,,,false,STRUCTURAL_EVIDENCE_INCOMPLETE,"[""MMCIF_EXACT_CYS_SG_STRUCT_CONN_NOT_RECOVERED""]"
638,RANKS_0501_1000_EXECUTION,COVAPIE_CYS_SG_EVENT_V1:3ZZC:A:CYS:147-:SG:B:G83:C63,3ZZC,G83,A,,CYS,147,SG,B,C63,PASSED,UNAVAILABLE,FAILED_CLOSED,NOT_REACHED,NOT_APPLICABLE_BLOCKED_STRUCTURAL_OR_LEAKAGE,,,,NO_POSITIVE_AUTHORITY,false,false,false,,false,false,false,,false,,false,false,false,false,false,false,false,LEAKAGE_EVIDENCE_INCOMPLETE,,,false,STRUCTURAL_EVIDENCE_INCOMPLETE,"[""MMCIF_EXACT_CYS_SG_STRUCT_CONN_NOT_RECOVERED""]"
639,RANKS_0501_1000_EXECUTION,COVAPIE_CYS_SG_EVENT_V1:3ZZD:A:CYS:147-:SG:B:G85:C63,3ZZD,G85,A,,CYS,147,SG,B,C63,PASSED,UNAVAILABLE,FAILED_CLOSED,NOT_REACHED,NOT_APPLICABLE_BLOCKED_STRUCTURAL_OR_LEAKAGE,,,,NO_POSITIVE_AUTHORITY,false,false,false,,false,false,false,,false,,false,false,false,false,false,false,false,LEAKAGE_EVIDENCE_INCOMPLETE,,,false,STRUCTURAL_EVIDENCE_INCOMPLETE,"[""MMCIF_EXACT_CYS_SG_STRUCT_CONN_NOT_RECOVERED""]"
640,RANKS_0501_1000_EXECUTION,COVAPIE_CYS_SG_EVENT_V1:4A52:A:CYS:142-:SG:B:IM2:C7,4A52,IM2,A,,CYS,142,SG,B,C7,PASSED,UNAVAILABLE,FAILED_CLOSED,NOT_REACHED,NOT_APPLICABLE_BLOCKED_STRUCTURAL_OR_LEAKAGE,,,,NO_POSITIVE_AUTHORITY,false,false,false,,false,false,false,,false,,false,false,false,false,false,false,false,LEAKAGE_EVIDENCE_INCOMPLETE,,,false,STRUCTURAL_EVIDENCE_INCOMPLETE,"[""MMCIF_EXACT_CYS_SG_STRUCT_CONN_NOT_RECOVERED""]"
641,RANKS_0501_1000_EXECUTION,COVAPIE_CYS_SG_EVENT_V1:4AXM:A:CYS:25-:SG:H:V65:C1,4AXM,V65,A,,CYS,25,SG,H,C1,PASSED,PASSED,PASSED_EXPLICIT_EVENT,PASSED,NOT_APPLICABLE_BLOCKED_STRUCTURAL_OR_LEAKAGE,,,,NO_POSITIVE_AUTHORITY,false,false,false,,true,false,true,,false,,false,false,false,false,false,false,false,LEAKAGE_EXISTING_GROUP_CONFLICT,,,false,LEAKAGE_EXISTING_GROUP_CONFLICT,"[""LEAKAGE_EXISTING_GROUP_CONFLICT""]"
642,RANKS_0501_1000_EXECUTION,COVAPIE_CYS_SG_EVENT_V1:4AXM:B:CYS:25-:SG:J:V65:C1,4AXM,V65,B,,CYS,25,SG,J,C1,PASSED,PASSED,PASSED_EXPLICIT_EVENT,PASSED,NOT_APPLICABLE_BLOCKED_STRUCTURAL_OR_LEAKAGE,,,,NO_POSITIVE_AUTHORITY,false,false,false,,true,false,true,,false,,false,false,false,false,false,false,false,LEAKAGE_EXISTING_GROUP_CONFLICT,,,false,LEAKAGE_EXISTING_GROUP_CONFLICT,"[""LEAKAGE_EXISTING_GROUP_CONFLICT""]"
643,RANKS_0501_1000_EXECUTION,COVAPIE_CYS_SG_EVENT_V1:4AXM:F:CYS:25-:SG:R:V65:C1,4AXM,V65,F,,CYS,25,SG,R,C1,PASSED,PASSED,PASSED_EXPLICIT_EVENT,PASSED,NOT_APPLICABLE_BLOCKED_STRUCTURAL_OR_LEAKAGE,,,,NO_POSITIVE_AUTHORITY,false,false,false,,true,false,true,,false,,false,false,false,false,false,false,false,LEAKAGE_EXISTING_GROUP_CONFLICT,,,false,LEAKAGE_EXISTING_GROUP_CONFLICT,"[""LEAKAGE_EXISTING_GROUP_CONFLICT""]"
644,RANKS_0501_1000_EXECUTION,COVAPIE_CYS_SG_EVENT_V1:4BQV:A:CYS:147-:SG:I:8PW:C18,4BQV,8PW,A,,CYS,147,SG,I,C18,PASSED,PASSED,PASSED_EXPLICIT_EVENT,PASSED,NOT_APPLICABLE_BLOCKED_STRUCTURAL_OR_LEAKAGE,,,,NO_POSITIVE_AUTHORITY,false,false,false,,true,false,true,,false,,false,false,false,false,false,false,false,LEAKAGE_EXISTING_GROUP_CONFLICT,,,false,LEAKAGE_EXISTING_GROUP_CONFLICT,"[""LEAKAGE_EXISTING_GROUP_CONFLICT""]"
645,RANKS_0501_1000_EXECUTION,COVAPIE_CYS_SG_EVENT_V1:4BQV:B:CYS:147-:SG:J:8PW:C18,4BQV,8PW,B,,CYS,147,SG,J,C18,PASSED,PASSED,PASSED_EXPLICIT_EVENT,PASSED,NOT_APPLICABLE_BLOCKED_STRUCTURAL_OR_LEAKAGE,,,,NO_POSITIVE_AUTHORITY,false,false,false,,true,false,true,,false,,false,false,false,false,false,false,false,LEAKAGE_EXISTING_GROUP_CONFLICT,,,false,LEAKAGE_EXISTING_GROUP_CONFLICT,"[""LEAKAGE_EXISTING_GROUP_CONFLICT""]"
646,RANKS_0501_1000_EXECUTION,COVAPIE_CYS_SG_EVENT_V1:4BQV:C:CYS:147-:SG:K:8PW:C18,4BQV,8PW,C,,CYS,147,SG,K,C18,PASSED,PASSED,PASSED_EXPLICIT_EVENT,PASSED,NOT_APPLICABLE_BLOCKED_STRUCTURAL_OR_LEAKAGE,,,,NO_POSITIVE_AUTHORITY,false,false,false,,true,false,true,,false,,false,false,false,false,false,false,false,LEAKAGE_EXISTING_GROUP_CONFLICT,,,false,LEAKAGE_EXISTING_GROUP_CONFLICT,"[""LEAKAGE_EXISTING_GROUP_CONFLICT""]"
647,RANKS_0501_1000_EXECUTION,COVAPIE_CYS_SG_EVENT_V1:4BQV:D:CYS:147-:SG:L:8PW:C18,4BQV,8PW,D,,CYS,147,SG,L,C18,PASSED,PASSED,PASSED_EXPLICIT_EVENT,PASSED,NOT_APPLICABLE_BLOCKED_STRUCTURAL_OR_LEAKAGE,,,,NO_POSITIVE_AUTHORITY,false,false,false,,true,false,true,,false,,false,false,false,false,false,false,false,LEAKAGE_EXISTING_GROUP_CONFLICT,,,false,LEAKAGE_EXISTING_GROUP_CONFLICT,"[""LEAKAGE_EXISTING_GROUP_CONFLICT""]"
648,RANKS_0501_1000_EXECUTION,COVAPIE_CYS_SG_EVENT_V1:4BQV:E:CYS:147-:SG:M:8PW:C18,4BQV,8PW,E,,CYS,147,SG,M,C18,PASSED,PASSED,PASSED_EXPLICIT_EVENT,PASSED,NOT_APPLICABLE_BLOCKED_STRUCTURAL_OR_LEAKAGE,,,,NO_POSITIVE_AUTHORITY,false,false,false,,true,false,true,,false,,false,false,false,false,false,false,false,LEAKAGE_EXISTING_GROUP_CONFLICT,,,false,LEAKAGE_EXISTING_GROUP_CONFLICT,"[""LEAKAGE_EXISTING_GROUP_CONFLICT""]"
649,RANKS_0501_1000_EXECUTION,COVAPIE_CYS_SG_EVENT_V1:4BQV:F:CYS:147-:SG:N:8PW:C18,4BQV,8PW,F,,CYS,147,SG,N,C18,PASSED,PASSED,PASSED_EXPLICIT_EVENT,PASSED,NOT_APPLICABLE_BLOCKED_STRUCTURAL_OR_LEAKAGE,,,,NO_POSITIVE_AUTHORITY,false,false,false,,true,false,true,,false,,false,false,false,false,false,false,false,LEAKAGE_EXISTING_GROUP_CONFLICT,,,false,LEAKAGE_EXISTING_GROUP_CONFLICT,"[""LEAKAGE_EXISTING_GROUP_CONFLICT""]"
650,RANKS_0501_1000_EXECUTION,COVAPIE_CYS_SG_EVENT_V1:4BQV:G:CYS:147-:SG:O:8PW:C18,4BQV,8PW,G,,CYS,147,SG,O,C18,PASSED,PASSED,PASSED_EXPLICIT_EVENT,PASSED,NOT_APPLICABLE_BLOCKED_STRUCTURAL_OR_LEAKAGE,,,,NO_POSITIVE_AUTHORITY,false,false,false,,true,false,true,,false,,false,false,false,false,false,false,false,LEAKAGE_EXISTING_GROUP_CONFLICT,,,false,LEAKAGE_EXISTING_GROUP_CONFLICT,"[""LEAKAGE_EXISTING_GROUP_CONFLICT""]"
651,RANKS_0501_1000_EXECUTION,COVAPIE_CYS_SG_EVENT_V1:4BQV:H:CYS:147-:SG:P:8PW:C18,4BQV,8PW,H,,CYS,147,SG,P,C18,PASSED,PASSED,PASSED_EXPLICIT_EVENT,PASSED,NOT_APPLICABLE_BLOCKED_STRUCTURAL_OR_LEAKAGE,,,,NO_POSITIVE_AUTHORITY,false,false,false,,true,false,true,,false,,false,false,false,false,false,false,false,LEAKAGE_EXISTING_GROUP_CONFLICT,,,false,LEAKAGE_EXISTING_GROUP_CONFLICT,"[""LEAKAGE_EXISTING_GROUP_CONFLICT""]"
652,RANKS_0501_1000_EXECUTION,COVAPIE_CYS_SG_EVENT_V1:4BS5:A:CYS:147-:SG:B:MG2:C12,4BS5,MG2,A,,CYS,147,SG,B,C12,PASSED,PASSED,PASSED_EXPLICIT_EVENT,PASSED,NOT_APPLICABLE_BLOCKED_STRUCTURAL_OR_LEAKAGE,,,,NO_POSITIVE_AUTHORITY,false,false,false,,true,false,true,,false,,false,false,false,false,false,false,false,LEAKAGE_EXISTING_GROUP_CONFLICT,,,false,LEAKAGE_EXISTING_GROUP_CONFLICT,"[""LEAKAGE_EXISTING_GROUP_CONFLICT""]"
653,RANKS_0501_1000_EXECUTION,COVAPIE_CYS_SG_EVENT_V1:4BS6:A:CYS:147-:SG:D:JG7:C20,4BS6,JG7,A,,CYS,147,SG,D,C20,PASSED,PASSED,PASSED_EXPLICIT_EVENT,PASSED,NOT_APPLICABLE_BLOCKED_STRUCTURAL_OR_LEAKAGE,,,,NO_POSITIVE_AUTHORITY,false,false,false,,true,false,true,,false,,false,false,false,false,false,false,false,LEAKAGE_EXISTING_GROUP_CONFLICT,,,false,LEAKAGE_EXISTING_GROUP_CONFLICT,"[""LEAKAGE_EXISTING_GROUP_CONFLICT""]"
654,RANKS_0501_1000_EXECUTION,COVAPIE_CYS_SG_EVENT_V1:4BS6:B:CYS:147-:SG:E:JG7:C20,4BS6,JG7,B,,CYS,147,SG,E,C20,PASSED,PASSED,PASSED_EXPLICIT_EVENT,PASSED,NOT_APPLICABLE_BLOCKED_STRUCTURAL_OR_LEAKAGE,,,,NO_POSITIVE_AUTHORITY,false,false,false,,true,false,true,,false,,false,false,false,false,false,false,false,LEAKAGE_EXISTING_GROUP_CONFLICT,,,false,LEAKAGE_EXISTING_GROUP_CONFLICT,"[""LEAKAGE_EXISTING_GROUP_CONFLICT""]"
655,RANKS_0501_1000_EXECUTION,COVAPIE_CYS_SG_EVENT_V1:4BSQ:A:CYS:147-:SG:B:QQV:C14,4BSQ,QQV,A,,CYS,147,SG,B,C14,PASSED,PASSED,PASSED_EXPLICIT_EVENT,PASSED,NOT_APPLICABLE_BLOCKED_STRUCTURAL_OR_LEAKAGE,,,,NO_POSITIVE_AUTHORITY,false,false,false,,true,false,true,,false,,false,false,false,false,false,false,false,LEAKAGE_EXISTING_GROUP_CONFLICT,,,false,LEAKAGE_EXISTING_GROUP_CONFLICT,"[""LEAKAGE_EXISTING_GROUP_CONFLICT""]"
656,RANKS_0501_1000_EXECUTION,COVAPIE_CYS_SG_EVENT_V1:4C5L:A:CYS:110-:SG:E:UEG:C4A,4C5L,UEG,A,,CYS,110,SG,E,C4A,PASSED,PASSED,PASSED_EXPLICIT_EVENT,PASSED,NOT_APPLICABLE_BLOCKED_STRUCTURAL_OR_LEAKAGE,,,,NO_POSITIVE_AUTHORITY,false,false,false,,true,false,true,,false,,false,false,false,false,false,false,false,LEAKAGE_EXISTING_GROUP_CONFLICT,,,false,LEAKAGE_EXISTING_GROUP_CONFLICT,"[""LEAKAGE_EXISTING_GROUP_CONFLICT""]"
657,RANKS_0501_1000_EXECUTION,COVAPIE_CYS_SG_EVENT_V1:4C5L:C:CYS:110-:SG:J:UEG:C4A,4C5L,UEG,C,,CYS,110,SG,J,C4A,PASSED,PASSED,PASSED_EXPLICIT_EVENT,PASSED,NOT_APPLICABLE_BLOCKED_STRUCTURAL_OR_LEAKAGE,,,,NO_POSITIVE_AUTHORITY,false,false,false,,true,false,true,,false,,false,false,false,false,false,false,false,LEAKAGE_EXISTING_GROUP_CONFLICT,,,false,LEAKAGE_EXISTING_GROUP_CONFLICT,"[""LEAKAGE_EXISTING_GROUP_CONFLICT""]"
658,RANKS_0501_1000_EXECUTION,COVAPIE_CYS_SG_EVENT_V1:4C5L:D:CYS:110-:SG:K:UEG:C4A,4C5L,UEG,D,,CYS,110,SG,K,C4A,PASSED,PASSED,PASSED_EXPLICIT_EVENT,PASSED,NOT_APPLICABLE_BLOCKED_STRUCTURAL_OR_LEAKAGE,,,,NO_POSITIVE_AUTHORITY,false,false,false,,true,false,true,,false,,false,false,false,false,false,false,false,LEAKAGE_EXISTING_GROUP_CONFLICT,,,false,LEAKAGE_EXISTING_GROUP_CONFLICT,"[""LEAKAGE_EXISTING_GROUP_CONFLICT""]"
659,RANKS_0501_1000_EXECUTION,COVAPIE_CYS_SG_EVENT_V1:4C5N:D:CYS:110-:SG:O:UEG:C4A,4C5N,UEG,D,,CYS,110,SG,O,C4A,PASSED,UNAVAILABLE,FAILED_CLOSED,NOT_REACHED,NOT_APPLICABLE_BLOCKED_STRUCTURAL_OR_LEAKAGE,,,,NO_POSITIVE_AUTHORITY,false,false,false,,false,false,false,,false,,false,false,false,false,false,false,false,LEAKAGE_EVIDENCE_INCOMPLETE,,,false,STRUCTURAL_EVIDENCE_INCOMPLETE,"[""MMCIF_EXACT_CYS_SG_STRUCT_CONN_NOT_RECOVERED""]"
660,RANKS_0501_1000_EXECUTION,COVAPIE_CYS_SG_EVENT_V1:4CDC:B:CYS:234-:SG:N:6AO:C22,4CDC,6AO,B,,CYS,234,SG,N,C22,PASSED,PASSED,PASSED_EXPLICIT_EVENT,PASSED,NOT_APPLICABLE_BLOCKED_STRUCTURAL_OR_LEAKAGE,,,,NO_POSITIVE_AUTHORITY,false,false,false,,true,false,true,,false,,false,false,false,false,false,false,false,LEAKAGE_EXISTING_GROUP_CONFLICT,,,false,LEAKAGE_EXISTING_GROUP_CONFLICT,"[""LEAKAGE_EXISTING_GROUP_CONFLICT""]"
661,RANKS_0501_1000_EXECUTION,COVAPIE_CYS_SG_EVENT_V1:4CDC:E:CYS:234-:SG:S:6AO:C22,4CDC,6AO,E,,CYS,234,SG,S,C22,PASSED,PASSED,PASSED_EXPLICIT_EVENT,PASSED,NOT_APPLICABLE_BLOCKED_STRUCTURAL_OR_LEAKAGE,,,,NO_POSITIVE_AUTHORITY,false,false,false,,true,false,true,,false,,false,false,false,false,false,false,false,LEAKAGE_EXISTING_GROUP_CONFLICT,,,false,LEAKAGE_EXISTING_GROUP_CONFLICT,"[""LEAKAGE_EXISTING_GROUP_CONFLICT""]"
662,RANKS_0501_1000_EXECUTION,COVAPIE_CYS_SG_EVENT_V1:4CDC:H:CYS:234-:SG:X:6AO:C22,4CDC,6AO,H,,CYS,234,SG,X,C22,PASSED,PASSED,PASSED_EXPLICIT_EVENT,PASSED,NOT_APPLICABLE_BLOCKED_STRUCTURAL_OR_LEAKAGE,,,,NO_POSITIVE_AUTHORITY,false,false,false,,true,false,true,,false,,false,false,false,false,false,false,false,LEAKAGE_EXISTING_GROUP_CONFLICT,,,false,LEAKAGE_EXISTING_GROUP_CONFLICT,"[""LEAKAGE_EXISTING_GROUP_CONFLICT""]"
663,RANKS_0501_1000_EXECUTION,COVAPIE_CYS_SG_EVENT_V1:4CDC:K:CYS:234-:SG:BA:6AO:C22,4CDC,6AO,K,,CYS,234,SG,BA,C22,PASSED,PASSED,PASSED_EXPLICIT_EVENT,PASSED,NOT_APPLICABLE_BLOCKED_STRUCTURAL_OR_LEAKAGE,,,,NO_POSITIVE_AUTHORITY,false,false,false,,true,false,true,,false,,false,false,false,false,false,false,false,LEAKAGE_EXISTING_GROUP_CONFLICT,,,false,LEAKAGE_EXISTING_GROUP_CONFLICT,"[""LEAKAGE_EXISTING_GROUP_CONFLICT""]"
664,RANKS_0501_1000_EXECUTION,COVAPIE_CYS_SG_EVENT_V1:4CDD:B:CYS:234-:SG:J:GDI:C11,4CDD,GDI,B,,CYS,234,SG,J,C11,PASSED,PASSED,PASSED_EXPLICIT_EVENT,PASSED,NOT_APPLICABLE_BLOCKED_STRUCTURAL_OR_LEAKAGE,,,,NO_POSITIVE_AUTHORITY,false,false,false,,true,false,true,,false,,false,false,false,false,false,false,false,LEAKAGE_EXISTING_GROUP_CONFLICT,,,false,LEAKAGE_EXISTING_GROUP_CONFLICT,"[""LEAKAGE_EXISTING_GROUP_CONFLICT""]"
665,RANKS_0501_1000_EXECUTION,COVAPIE_CYS_SG_EVENT_V1:4CDD:E:CYS:234-:SG:M:GDI:C11,4CDD,GDI,E,,CYS,234,SG,M,C11,PASSED,PASSED,PASSED_EXPLICIT_EVENT,PASSED,NOT_APPLICABLE_BLOCKED_STRUCTURAL_OR_LEAKAGE,,,,NO_POSITIVE_AUTHORITY,false,false,false,,true,false,true,,false,,false,false,false,false,false,false,false,LEAKAGE_EXISTING_GROUP_CONFLICT,,,false,LEAKAGE_EXISTING_GROUP_CONFLICT,"[""LEAKAGE_EXISTING_GROUP_CONFLICT""]"
666,RANKS_0501_1000_EXECUTION,COVAPIE_CYS_SG_EVENT_V1:4CDE:B:CYS:234-:SG:I:U6B:C9,4CDE,U6B,B,,CYS,234,SG,I,C9,PASSED,PASSED,PASSED_EXPLICIT_EVENT,PASSED,NOT_APPLICABLE_BLOCKED_STRUCTURAL_OR_LEAKAGE,,,,NO_POSITIVE_AUTHORITY,false,false,false,,true,false,true,,false,,false,false,false,false,false,false,false,LEAKAGE_EXISTING_GROUP_CONFLICT,,,false,LEAKAGE_EXISTING_GROUP_CONFLICT,"[""LEAKAGE_EXISTING_GROUP_CONFLICT""]"
667,RANKS_0501_1000_EXECUTION,COVAPIE_CYS_SG_EVENT_V1:4CDE:E:CYS:234-:SG:N:U6B:C9,4CDE,U6B,E,,CYS,234,SG,N,C9,PASSED,PASSED,PASSED_EXPLICIT_EVENT,PASSED,NOT_APPLICABLE_BLOCKED_STRUCTURAL_OR_LEAKAGE,,,,NO_POSITIVE_AUTHORITY,false,false,false,,true,false,true,,false,,false,false,false,false,false,false,false,LEAKAGE_EXISTING_GROUP_CONFLICT,,,false,LEAKAGE_EXISTING_GROUP_CONFLICT,"[""LEAKAGE_EXISTING_GROUP_CONFLICT""]"
668,RANKS_0501_1000_EXECUTION,COVAPIE_CYS_SG_EVENT_V1:4CDF:B:CYS:234-:SG:I:W2C:C9,4CDF,W2C,B,,CYS,234,SG,I,C9,PASSED,PASSED,PASSED_EXPLICIT_EVENT,PASSED,NOT_APPLICABLE_BLOCKED_STRUCTURAL_OR_LEAKAGE,,,,NO_POSITIVE_AUTHORITY,false,false,false,,true,false,true,,false,,false,false,false,false,false,false,false,LEAKAGE_EXISTING_GROUP_CONFLICT,,,false,LEAKAGE_EXISTING_GROUP_CONFLICT,"[""LEAKAGE_EXISTING_GROUP_CONFLICT""]"
669,RANKS_0501_1000_EXECUTION,COVAPIE_CYS_SG_EVENT_V1:4CDF:E:CYS:234-:SG:M:W2C:C9,4CDF,W2C,E,,CYS,234,SG,M,C9,PASSED,PASSED,PASSED_EXPLICIT_EVENT,PASSED,NOT_APPLICABLE_BLOCKED_STRUCTURAL_OR_LEAKAGE,,,,NO_POSITIVE_AUTHORITY,false,false,false,,true,false,true,,false,,false,false,false,false,false,false,false,LEAKAGE_EXISTING_GROUP_CONFLICT,,,false,LEAKAGE_EXISTING_GROUP_CONFLICT,"[""LEAKAGE_EXISTING_GROUP_CONFLICT""]"
670,RANKS_0501_1000_EXECUTION,COVAPIE_CYS_SG_EVENT_V1:4CL8:A:CYS:168-:SG:E:OZJ:CAF,4CL8,OZJ,A,,CYS,168,SG,E,CAF,PASSED,PASSED,PASSED_EXPLICIT_EVENT,PASSED,UNRESOLVED_HUMAN_REVIEW,,,,NO_POSITIVE_AUTHORITY,false,false,false,,true,false,true,,false,,false,false,false,false,false,false,false,LEAKAGE_EVIDENCE_INCOMPLETE,,,false,HUMAN_REVIEW_REQUIRED,"[""PRE_CHEMISTRY_NOT_PRODUCTION_AUTHORITATIVE"",""NO_FAMILY_LEVEL_AUTO_ADMISSION"",""NO_SINGLE_EXACT_RULE_MATCHED_EVERY_EVENT;HUMAN_REVIEW_RETAINED""]"
671,RANKS_0501_1000_EXECUTION,COVAPIE_CYS_SG_EVENT_V1:4CL8:B:CYS:168-:SG:I:OZJ:CAF,4CL8,OZJ,B,,CYS,168,SG,I,CAF,PASSED,PASSED,PASSED_EXPLICIT_EVENT,PASSED,UNRESOLVED_HUMAN_REVIEW,,,,NO_POSITIVE_AUTHORITY,false,false,false,,true,false,true,,false,,false,false,false,false,false,false,false,LEAKAGE_EVIDENCE_INCOMPLETE,,,false,HUMAN_REVIEW_REQUIRED,"[""PRE_CHEMISTRY_NOT_PRODUCTION_AUTHORITATIVE"",""NO_FAMILY_LEVEL_AUTO_ADMISSION"",""NO_SINGLE_EXACT_RULE_MATCHED_EVERY_EVENT;HUMAN_REVIEW_RETAINED""]"
672,RANKS_0501_1000_EXECUTION,COVAPIE_CYS_SG_EVENT_V1:4CL8:C:CYS:168-:SG:L:OZJ:CAF,4CL8,OZJ,C,,CYS,168,SG,L,CAF,PASSED,PASSED,PASSED_EXPLICIT_EVENT,PASSED,UNRESOLVED_HUMAN_REVIEW,,,,NO_POSITIVE_AUTHORITY,false,false,false,,true,false,true,,false,,false,false,false,false,false,false,false,LEAKAGE_EVIDENCE_INCOMPLETE,,,false,HUMAN_REVIEW_REQUIRED,"[""PRE_CHEMISTRY_NOT_PRODUCTION_AUTHORITATIVE"",""NO_FAMILY_LEVEL_AUTO_ADMISSION"",""NO_SINGLE_EXACT_RULE_MATCHED_EVERY_EVENT;HUMAN_REVIEW_RETAINED""]"
673,RANKS_0501_1000_EXECUTION,COVAPIE_CYS_SG_EVENT_V1:4CL8:D:CYS:168-:SG:O:OZJ:CAF,4CL8,OZJ,D,,CYS,168,SG,O,CAF,PASSED,PASSED,PASSED_EXPLICIT_EVENT,PASSED,UNRESOLVED_HUMAN_REVIEW,,,,NO_POSITIVE_AUTHORITY,false,false,false,,true,false,true,,false,,false,false,false,false,false,false,false,LEAKAGE_EVIDENCE_INCOMPLETE,,,false,HUMAN_REVIEW_REQUIRED,"[""PRE_CHEMISTRY_NOT_PRODUCTION_AUTHORITATIVE"",""NO_FAMILY_LEVEL_AUTO_ADMISSION"",""NO_SINGLE_EXACT_RULE_MATCHED_EVERY_EVENT;HUMAN_REVIEW_RETAINED""]"
674,RANKS_0501_1000_EXECUTION,COVAPIE_CYS_SG_EVENT_V1:4CM5:A:CYS:168-:SG:F:NWJ:CAV,4CM5,NWJ,A,,CYS,168,SG,F,CAV,PASSED,PASSED,PASSED_EXPLICIT_EVENT,PASSED,UNRESOLVED_HUMAN_REVIEW,,,,NO_POSITIVE_AUTHORITY,false,false,false,,true,false,true,,false,,false,false,false,false,false,false,false,LEAKAGE_EVIDENCE_INCOMPLETE,,,false,HUMAN_REVIEW_REQUIRED,"[""PRE_CHEMISTRY_NOT_PRODUCTION_AUTHORITATIVE"",""NO_FAMILY_LEVEL_AUTO_ADMISSION"",""NO_SINGLE_EXACT_RULE_MATCHED_EVERY_EVENT;HUMAN_REVIEW_RETAINED""]"
675,RANKS_0501_1000_EXECUTION,COVAPIE_CYS_SG_EVENT_V1:4CM5:B:CYS:168-:SG:H:NWJ:CAV,4CM5,NWJ,B,,CYS,168,SG,H,CAV,PASSED,PASSED,PASSED_EXPLICIT_EVENT,PASSED,UNRESOLVED_HUMAN_REVIEW,,,,NO_POSITIVE_AUTHORITY,false,false,false,,true,false,true,,false,,false,false,false,false,false,false,false,LEAKAGE_EVIDENCE_INCOMPLETE,,,false,HUMAN_REVIEW_REQUIRED,"[""PRE_CHEMISTRY_NOT_PRODUCTION_AUTHORITATIVE"",""NO_FAMILY_LEVEL_AUTO_ADMISSION"",""NO_SINGLE_EXACT_RULE_MATCHED_EVERY_EVENT;HUMAN_REVIEW_RETAINED""]"
676,RANKS_0501_1000_EXECUTION,COVAPIE_CYS_SG_EVENT_V1:4CM5:C:CYS:168-:SG:J:NWJ:CAV,4CM5,NWJ,C,,CYS,168,SG,J,CAV,PASSED,PASSED,PASSED_EXPLICIT_EVENT,PASSED,UNRESOLVED_HUMAN_REVIEW,,,,NO_POSITIVE_AUTHORITY,false,false,false,,true,false,true,,false,,false,false,false,false,false,false,false,LEAKAGE_EVIDENCE_INCOMPLETE,,,false,HUMAN_REVIEW_REQUIRED,"[""PRE_CHEMISTRY_NOT_PRODUCTION_AUTHORITATIVE"",""NO_FAMILY_LEVEL_AUTO_ADMISSION"",""NO_SINGLE_EXACT_RULE_MATCHED_EVERY_EVENT;HUMAN_REVIEW_RETAINED""]"
677,RANKS_0501_1000_EXECUTION,COVAPIE_CYS_SG_EVENT_V1:4CM5:D:CYS:168-:SG:L:NWJ:CAV,4CM5,NWJ,D,,CYS,168,SG,L,CAV,PASSED,PASSED,PASSED_EXPLICIT_EVENT,PASSED,UNRESOLVED_HUMAN_REVIEW,,,,NO_POSITIVE_AUTHORITY,false,false,false,,true,false,true,,false,,false,false,false,false,false,false,false,LEAKAGE_EVIDENCE_INCOMPLETE,,,false,HUMAN_REVIEW_REQUIRED,"[""PRE_CHEMISTRY_NOT_PRODUCTION_AUTHORITATIVE"",""NO_FAMILY_LEVEL_AUTO_ADMISSION"",""NO_SINGLE_EXACT_RULE_MATCHED_EVERY_EVENT;HUMAN_REVIEW_RETAINED""]"
678,RANKS_0501_1000_EXECUTION,COVAPIE_CYS_SG_EVENT_V1:4CYG:A:CYS:211-:SG:D:RRV:C12,4CYG,RRV,A,,CYS,211,SG,D,C12,PASSED,PASSED,PASSED_EXPLICIT_EVENT,PASSED,NOT_APPLICABLE_BLOCKED_STRUCTURAL_OR_LEAKAGE,,,,NO_POSITIVE_AUTHORITY,false,false,false,,true,false,true,,false,,false,false,false,false,false,false,false,LEAKAGE_EXISTING_GROUP_CONFLICT,,,false,LEAKAGE_EXISTING_GROUP_CONFLICT,"[""LEAKAGE_EXISTING_GROUP_CONFLICT""]"
679,RANKS_0501_1000_EXECUTION,COVAPIE_CYS_SG_EVENT_V1:4CYG:B:CYS:211-:SG:J:RRV:C12,4CYG,RRV,B,,CYS,211,SG,J,C12,PASSED,PASSED,PASSED_EXPLICIT_EVENT,PASSED,NOT_APPLICABLE_BLOCKED_STRUCTURAL_OR_LEAKAGE,,,,NO_POSITIVE_AUTHORITY,false,false,false,,true,false,true,,false,,false,false,false,false,false,false,false,LEAKAGE_EXISTING_GROUP_CONFLICT,,,false,LEAKAGE_EXISTING_GROUP_CONFLICT,"[""LEAKAGE_EXISTING_GROUP_CONFLICT""]"
680,RANKS_0501_1000_EXECUTION,COVAPIE_CYS_SG_EVENT_V1:4D8E:A:CYS:192-:SG:B:E64:C2,4D8E,E64,A,,CYS,192,SG,B,C2,PASSED,UNAVAILABLE,FAILED_CLOSED,NOT_REACHED,NOT_APPLICABLE_BLOCKED_STRUCTURAL_OR_LEAKAGE,,,,NO_POSITIVE_AUTHORITY,false,false,false,,false,false,false,,false,,false,false,false,false,false,false,false,LEAKAGE_EVIDENCE_INCOMPLETE,,,false,STRUCTURAL_EVIDENCE_INCOMPLETE,"[""MMCIF_EXACT_CYS_SG_STRUCT_CONN_NOT_RECOVERED""]"
681,RANKS_0501_1000_EXECUTION,COVAPIE_CYS_SG_EVENT_V1:4D9U:A:CYS:436-:SG:B:0JH:C11,4D9U,0JH,A,,CYS,436,SG,B,C11,PASSED,PASSED,PASSED_EXPLICIT_EVENT,PASSED,UNRESOLVED_HUMAN_REVIEW,,,,NO_POSITIVE_AUTHORITY,false,false,false,,true,false,true,,false,,false,false,false,false,false,false,false,NEW_EXPANSION_COMPONENT,COVAPIE_EXPANSION_LEAKAGE_GROUP_7B83BDE4FB0FC285,,false,HUMAN_REVIEW_REQUIRED,"[""PRE_CHEMISTRY_NOT_PRODUCTION_AUTHORITATIVE"",""NO_FAMILY_LEVEL_AUTO_ADMISSION"",""NO_SINGLE_EXACT_RULE_MATCHED_EVERY_EVENT;HUMAN_REVIEW_RETAINED""]"
682,RANKS_0501_1000_EXECUTION,COVAPIE_CYS_SG_EVENT_V1:4DMX:A:CYS:25-:SG:B:0LB:C28,4DMX,0LB,A,,CYS,25,SG,B,C28,PASSED,PASSED,PASSED_EXPLICIT_EVENT,PASSED,NOT_APPLICABLE_BLOCKED_STRUCTURAL_OR_LEAKAGE,,,,NO_POSITIVE_AUTHORITY,false,false,false,,true,false,true,,false,,false,false,false,false,false,false,false,LEAKAGE_EXISTING_GROUP_CONFLICT,,,false,LEAKAGE_EXISTING_GROUP_CONFLICT,"[""LEAKAGE_EXISTING_GROUP_CONFLICT""]"
683,RANKS_0501_1000_EXECUTION,COVAPIE_CYS_SG_EVENT_V1:4DMY:A:CYS:25-:SG:C:0LC:C29,4DMY,0LC,A,,CYS,25,SG,C,C29,PASSED,PASSED,PASSED_EXPLICIT_EVENT,PASSED,UNRESOLVED_HUMAN_REVIEW,,,,NO_POSITIVE_AUTHORITY,false,false,false,,true,false,true,,false,,false,false,false,false,false,false,false,LEAKAGE_EVIDENCE_INCOMPLETE,,,false,HUMAN_REVIEW_REQUIRED,"[""PRE_CHEMISTRY_NOT_PRODUCTION_AUTHORITATIVE"",""NO_FAMILY_LEVEL_AUTO_ADMISSION"",""NO_SINGLE_EXACT_RULE_MATCHED_EVERY_EVENT;HUMAN_REVIEW_RETAINED""]"
684,RANKS_0501_1000_EXECUTION,COVAPIE_CYS_SG_EVENT_V1:4DMY:B:CYS:25-:SG:F:0LC:C29,4DMY,0LC,B,,CYS,25,SG,F,C29,PASSED,PASSED,PASSED_EXPLICIT_EVENT,PASSED,UNRESOLVED_HUMAN_REVIEW,,,,NO_POSITIVE_AUTHORITY,false,false,false,,true,false,true,,false,,false,false,false,false,false,false,false,LEAKAGE_EVIDENCE_INCOMPLETE,,,false,HUMAN_REVIEW_REQUIRED,"[""PRE_CHEMISTRY_NOT_PRODUCTION_AUTHORITATIVE"",""NO_FAMILY_LEVEL_AUTO_ADMISSION"",""NO_SINGLE_EXACT_RULE_MATCHED_EVERY_EVENT;HUMAN_REVIEW_RETAINED""]"
685,RANKS_0501_1000_EXECUTION,COVAPIE_CYS_SG_EVENT_V1:4EF8:A:CYS:150-:SG:D:0FI:C4,4EF8,0FI,A,,CYS,150,SG,D,C4,PASSED,PASSED,PASSED_EXPLICIT_EVENT,PASSED,NOT_APPLICABLE_BLOCKED_STRUCTURAL_OR_LEAKAGE,,,,NO_POSITIVE_AUTHORITY,false,false,false,,true,false,true,,false,,false,false,false,false,false,false,false,LEAKAGE_EXISTING_GROUP_CONFLICT,,,false,LEAKAGE_EXISTING_GROUP_CONFLICT,"[""LEAKAGE_EXISTING_GROUP_CONFLICT""]"
686,RANKS_0501_1000_EXECUTION,COVAPIE_CYS_SG_EVENT_V1:4EF8:B:CYS:150-:SG:H:0FI:C4,4EF8,0FI,B,,CYS,150,SG,H,C4,PASSED,PASSED,PASSED_EXPLICIT_EVENT,PASSED,NOT_APPLICABLE_BLOCKED_STRUCTURAL_OR_LEAKAGE,,,,NO_POSITIVE_AUTHORITY,false,false,false,,true,false,true,,false,,false,false,false,false,false,false,false,LEAKAGE_EXISTING_GROUP_CONFLICT,,,false,LEAKAGE_EXISTING_GROUP_CONFLICT,"[""LEAKAGE_EXISTING_GROUP_CONFLICT""]"
687,RANKS_0501_1000_EXECUTION,COVAPIE_CYS_SG_EVENT_V1:4EF9:A:CYS:150-:SG:C:4NF:C4,4EF9,4NF,A,,CYS,150,SG,C,C4,PASSED,PASSED,PASSED_EXPLICIT_EVENT,PASSED,NOT_APPLICABLE_BLOCKED_STRUCTURAL_OR_LEAKAGE,,,,NO_POSITIVE_AUTHORITY,false,false,false,,true,false,true,,false,,false,false,false,false,false,false,false,LEAKAGE_EXISTING_GROUP_CONFLICT,,,false,LEAKAGE_EXISTING_GROUP_CONFLICT,"[""LEAKAGE_EXISTING_GROUP_CONFLICT""]"
688,RANKS_0501_1000_EXECUTION,COVAPIE_CYS_SG_EVENT_V1:4EF9:B:CYS:150-:SG:K:4NF:C4,4EF9,4NF,B,,CYS,150,SG,K,C4,PASSED,PASSED,PASSED_EXPLICIT_EVENT,PASSED,NOT_APPLICABLE_BLOCKED_STRUCTURAL_OR_LEAKAGE,,,,NO_POSITIVE_AUTHORITY,false,false,false,,true,false,true,,false,,false,false,false,false,false,false,false,LEAKAGE_EXISTING_GROUP_CONFLICT,,,false,LEAKAGE_EXISTING_GROUP_CONFLICT,"[""LEAKAGE_EXISTING_GROUP_CONFLICT""]"
689,RANKS_0501_1000_EXECUTION,COVAPIE_CYS_SG_EVENT_V1:4ETP:B:CYS:355-:SG:J:EBC:C1,4ETP,EBC,B,,CYS,355,SG,J,C1,PASSED,PASSED,PASSED_EXPLICIT_EVENT,PASSED,NOT_APPLICABLE_BLOCKED_STRUCTURAL_OR_LEAKAGE,,,,NO_POSITIVE_AUTHORITY,false,false,false,,true,false,true,,false,,false,false,false,false,false,false,false,NEW_EXPANSION_COMPONENT,COVAPIE_EXPANSION_LEAKAGE_GROUP_C8F34B65086C7DC7,,false,QUARANTINE_REPRESENTATION_GAP,"[""PRE_ONLY_ATOMS_CANNOT_BE_DROPPED_OR_GIVEN_COORDINATES""]"
690,RANKS_0501_1000_EXECUTION,COVAPIE_CYS_SG_EVENT_V1:4ETP:B:CYS:423-:SG:J:EBC:C8,4ETP,EBC,B,,CYS,423,SG,J,C8,PASSED,PASSED,PASSED_EXPLICIT_EVENT,PASSED,NOT_APPLICABLE_BLOCKED_STRUCTURAL_OR_LEAKAGE,,,,NO_POSITIVE_AUTHORITY,false,false,false,,true,false,true,,false,,false,false,false,false,false,false,false,NEW_EXPANSION_COMPONENT,COVAPIE_EXPANSION_LEAKAGE_GROUP_C8F34B65086C7DC7,,false,QUARANTINE_REPRESENTATION_GAP,"[""PRE_ONLY_ATOMS_CANNOT_BE_DROPPED_OR_GIVEN_COORDINATES""]"
691,RANKS_0501_1000_EXECUTION,COVAPIE_CYS_SG_EVENT_V1:4F8B:B:CYS:55-:SG:F:GD1:C77,4F8B,GD1,B,,CYS,55,SG,F,C77,PASSED,PASSED,PASSED_EXPLICIT_EVENT,PASSED,UNRESOLVED_HUMAN_REVIEW,,,,NO_POSITIVE_AUTHORITY,false,false,false,,true,false,true,,false,,false,false,false,false,false,false,false,LEAKAGE_EVIDENCE_INCOMPLETE,,,false,HUMAN_REVIEW_REQUIRED,"[""PRE_CHEMISTRY_NOT_PRODUCTION_AUTHORITATIVE"",""NO_FAMILY_LEVEL_AUTO_ADMISSION"",""NO_SINGLE_EXACT_RULE_MATCHED_EVERY_EVENT;HUMAN_REVIEW_RETAINED""]"
692,RANKS_0501_1000_EXECUTION,COVAPIE_CYS_SG_EVENT_V1:4F8B:C:CYS:55-:SG:I:GD1:C77,4F8B,GD1,C,,CYS,55,SG,I,C77,PASSED,PASSED,PASSED_EXPLICIT_EVENT,PASSED,UNRESOLVED_HUMAN_REVIEW,,,,NO_POSITIVE_AUTHORITY,false,false,false,,true,false,true,,false,,false,false,false,false,false,false,false,LEAKAGE_EVIDENCE_INCOMPLETE,,,false,HUMAN_REVIEW_REQUIRED,"[""PRE_CHEMISTRY_NOT_PRODUCTION_AUTHORITATIVE"",""NO_FAMILY_LEVEL_AUTO_ADMISSION"",""NO_SINGLE_EXACT_RULE_MATCHED_EVERY_EVENT;HUMAN_REVIEW_RETAINED""]"
693,RANKS_0501_1000_EXECUTION,COVAPIE_CYS_SG_EVENT_V1:4F8B:D:CYS:55-:SG:K:GD1:C77,4F8B,GD1,D,,CYS,55,SG,K,C77,PASSED,PASSED,PASSED_EXPLICIT_EVENT,PASSED,UNRESOLVED_HUMAN_REVIEW,,,,NO_POSITIVE_AUTHORITY,false,false,false,,true,false,true,,false,,false,false,false,false,false,false,false,LEAKAGE_EVIDENCE_INCOMPLETE,,,false,HUMAN_REVIEW_REQUIRED,"[""PRE_CHEMISTRY_NOT_PRODUCTION_AUTHORITATIVE"",""NO_FAMILY_LEVEL_AUTO_ADMISSION"",""NO_SINGLE_EXACT_RULE_MATCHED_EVERY_EVENT;HUMAN_REVIEW_RETAINED""]"
694,RANKS_0501_1000_EXECUTION,COVAPIE_CYS_SG_EVENT_V1:4F8B:E:CYS:55-:SG:N:GD1:C77,4F8B,GD1,E,,CYS,55,SG,N,C77,PASSED,PASSED,PASSED_EXPLICIT_EVENT,PASSED,UNRESOLVED_HUMAN_REVIEW,,,,NO_POSITIVE_AUTHORITY,false,false,false,,true,false,true,,false,,false,false,false,false,false,false,false,LEAKAGE_EVIDENCE_INCOMPLETE,,,false,HUMAN_REVIEW_REQUIRED,"[""PRE_CHEMISTRY_NOT_PRODUCTION_AUTHORITATIVE"",""NO_FAMILY_LEVEL_AUTO_ADMISSION"",""NO_SINGLE_EXACT_RULE_MATCHED_EVERY_EVENT;HUMAN_REVIEW_RETAINED""]"
695,RANKS_0501_1000_EXECUTION,COVAPIE_CYS_SG_EVENT_V1:4FDN:A:CYS:387-:SG:C:0T4:N8,4FDN,0T4,A,,CYS,387,SG,C,N8,PASSED,UNAVAILABLE,FAILED_CLOSED,NOT_REACHED,NOT_APPLICABLE_BLOCKED_STRUCTURAL_OR_LEAKAGE,,,,NO_POSITIVE_AUTHORITY,false,false,false,,false,false,false,,false,,false,false,false,false,false,false,false,LEAKAGE_EVIDENCE_INCOMPLETE,,,false,STRUCTURAL_EVIDENCE_INCOMPLETE,"[""MMCIF_EXACT_CYS_SG_STRUCT_CONN_NOT_RECOVERED""]"
696,RANKS_0501_1000_EXECUTION,COVAPIE_CYS_SG_EVENT_V1:4FF6:A:CYS:387-:SG:D:0T4:N8,4FF6,0T4,A,,CYS,387,SG,D,N8,PASSED,UNAVAILABLE,FAILED_CLOSED,NOT_REACHED,NOT_APPLICABLE_BLOCKED_STRUCTURAL_OR_LEAKAGE,,,,NO_POSITIVE_AUTHORITY,false,false,false,,false,false,false,,false,,false,false,false,false,false,false,false,LEAKAGE_EVIDENCE_INCOMPLETE,,,false,STRUCTURAL_EVIDENCE_INCOMPLETE,"[""MMCIF_EXACT_CYS_SG_STRUCT_CONN_NOT_RECOVERED""]"
697,RANKS_0501_1000_EXECUTION,COVAPIE_CYS_SG_EVENT_V1:4FQF:A:CYS:302-:SG:E:2NO:N,4FQF,2NO,A,,CYS,302,SG,E,N,PASSED,PASSED,PASSED_EXPLICIT_EVENT,PASSED,NOT_APPLICABLE_BLOCKED_STRUCTURAL_OR_LEAKAGE,,,,NO_POSITIVE_AUTHORITY,false,false,false,,true,false,true,,false,,false,false,false,false,false,false,false,LEAKAGE_EXISTING_GROUP_CONFLICT,,,false,LEAKAGE_EXISTING_GROUP_CONFLICT,"[""LEAKAGE_EXISTING_GROUP_CONFLICT""]"
698,RANKS_0501_1000_EXECUTION,COVAPIE_CYS_SG_EVENT_V1:4FQF:B:CYS:302-:SG:L:2NO:N,4FQF,2NO,B,,CYS,302,SG,L,N,PASSED,PASSED,PASSED_EXPLICIT_EVENT,PASSED,NOT_APPLICABLE_BLOCKED_STRUCTURAL_OR_LEAKAGE,,,,NO_POSITIVE_AUTHORITY,false,false,false,,true,false,true,,false,,false,false,false,false,false,false,false,LEAKAGE_EXISTING_GROUP_CONFLICT,,,false,LEAKAGE_EXISTING_GROUP_CONFLICT,"[""LEAKAGE_EXISTING_GROUP_CONFLICT""]"
699,RANKS_0501_1000_EXECUTION,COVAPIE_CYS_SG_EVENT_V1:4FQF:C:CYS:302-:SG:Q:2NO:N,4FQF,2NO,C,,CYS,302,SG,Q,N,PASSED,PASSED,PASSED_EXPLICIT_EVENT,PASSED,NOT_APPLICABLE_BLOCKED_STRUCTURAL_OR_LEAKAGE,,,,NO_POSITIVE_AUTHORITY,false,false,false,,true,false,true,,false,,false,false,false,false,false,false,false,LEAKAGE_EXISTING_GROUP_CONFLICT,,,false,LEAKAGE_EXISTING_GROUP_CONFLICT,"[""LEAKAGE_EXISTING_GROUP_CONFLICT""]"
700,RANKS_0501_1000_EXECUTION,COVAPIE_CYS_SG_EVENT_V1:4FQF:D:CYS:302-:SG:V:2NO:N,4FQF,2NO,D,,CYS,302,SG,V,N,PASSED,PASSED,PASSED_EXPLICIT_EVENT,PASSED,NOT_APPLICABLE_BLOCKED_STRUCTURAL_OR_LEAKAGE,,,,NO_POSITIVE_AUTHORITY,false,false,false,,true,false,true,,false,,false,false,false,false,false,false,false,LEAKAGE_EXISTING_GROUP_CONFLICT,,,false,LEAKAGE_EXISTING_GROUP_CONFLICT,"[""LEAKAGE_EXISTING_GROUP_CONFLICT""]"
701,RANKS_0501_1000_EXECUTION,COVAPIE_CYS_SG_EVENT_V1:4G37:A:CYS:108-:SG:D:XLX:C3,4G37,XLX,A,,CYS,108,SG,D,C3,PASSED,PASSED,PASSED_EXPLICIT_EVENT,PASSED,NOT_APPLICABLE_BLOCKED_STRUCTURAL_OR_LEAKAGE,,,,NO_POSITIVE_AUTHORITY,false,false,false,,true,false,true,,false,,false,false,false,false,false,false,false,NEW_EXPANSION_COMPONENT,COVAPIE_EXPANSION_LEAKAGE_GROUP_718349837271C9ED,,false,QUARANTINE_REPRESENTATION_GAP,"[""PRE_ONLY_ATOMS_CANNOT_BE_DROPPED_OR_GIVEN_COORDINATES""]"
702,RANKS_0501_1000_EXECUTION,COVAPIE_CYS_SG_EVENT_V1:4G37:A:CYS:447-:SG:D:XLX:C11,4G37,XLX,A,,CYS,447,SG,D,C11,PASSED,PASSED,PASSED_EXPLICIT_EVENT,PASSED,NOT_APPLICABLE_BLOCKED_STRUCTURAL_OR_LEAKAGE,,,,NO_POSITIVE_AUTHORITY,false,false,false,,true,false,true,,false,,false,false,false,false,false,false,false,NEW_EXPANSION_COMPONENT,COVAPIE_EXPANSION_LEAKAGE_GROUP_718349837271C9ED,,false,QUARANTINE_REPRESENTATION_GAP,"[""PRE_ONLY_ATOMS_CANNOT_BE_DROPPED_OR_GIVEN_COORDINATES""]"
703,RANKS_0501_1000_EXECUTION,COVAPIE_CYS_SG_EVENT_V1:4G37:B:CYS:108-:SG:H:XLX:C3,4G37,XLX,B,,CYS,108,SG,H,C3,PASSED,PASSED,PASSED_EXPLICIT_EVENT,PASSED,NOT_APPLICABLE_BLOCKED_STRUCTURAL_OR_LEAKAGE,,,,NO_POSITIVE_AUTHORITY,false,false,false,,true,false,true,,false,,false,false,false,false,false,false,false,NEW_EXPANSION_COMPONENT,COVAPIE_EXPANSION_LEAKAGE_GROUP_718349837271C9ED,,false,QUARANTINE_REPRESENTATION_GAP,"[""PRE_ONLY_ATOMS_CANNOT_BE_DROPPED_OR_GIVEN_COORDINATES""]"
704,RANKS_0501_1000_EXECUTION,COVAPIE_CYS_SG_EVENT_V1:4G37:B:CYS:447-:SG:H:XLX:C11,4G37,XLX,B,,CYS,447,SG,H,C11,PASSED,PASSED,PASSED_EXPLICIT_EVENT,PASSED,NOT_APPLICABLE_BLOCKED_STRUCTURAL_OR_LEAKAGE,,,,NO_POSITIVE_AUTHORITY,false,false,false,,true,false,true,,false,,false,false,false,false,false,false,false,NEW_EXPANSION_COMPONENT,COVAPIE_EXPANSION_LEAKAGE_GROUP_718349837271C9ED,,false,QUARANTINE_REPRESENTATION_GAP,"[""PRE_ONLY_ATOMS_CANNOT_BE_DROPPED_OR_GIVEN_COORDINATES""]"
705,RANKS_0501_1000_EXECUTION,COVAPIE_CYS_SG_EVENT_V1:4G5J:A:CYS:797-:SG:B:0WN:C30,4G5J,0WN,A,,CYS,797,SG,B,C30,PASSED,UNAVAILABLE,FAILED_CLOSED,NOT_REACHED,NOT_APPLICABLE_BLOCKED_STRUCTURAL_OR_LEAKAGE,,,,NO_POSITIVE_AUTHORITY,false,false,false,,false,false,false,,false,,false,false,false,false,false,false,false,LEAKAGE_EVIDENCE_INCOMPLETE,,,false,STRUCTURAL_EVIDENCE_INCOMPLETE,"[""MMCIF_EXACT_CYS_SG_STRUCT_CONN_NOT_RECOVERED""]"
706,RANKS_0501_1000_EXECUTION,COVAPIE_CYS_SG_EVENT_V1:4G5P:A:CYS:797-:SG:C:0WN:C30,4G5P,0WN,A,,CYS,797,SG,C,C30,PASSED,UNAVAILABLE,FAILED_CLOSED,NOT_REACHED,NOT_APPLICABLE_BLOCKED_STRUCTURAL_OR_LEAKAGE,,,,NO_POSITIVE_AUTHORITY,false,false,false,,false,false,false,,false,,false,false,false,false,false,false,false,LEAKAGE_EVIDENCE_INCOMPLETE,,,false,STRUCTURAL_EVIDENCE_INCOMPLETE,"[""MMCIF_EXACT_CYS_SG_STRUCT_CONN_NOT_RECOVERED""]"
707,RANKS_0501_1000_EXECUTION,COVAPIE_CYS_SG_EVENT_V1:4GEV:A:CYS:146-:SG:C:UMC:C6,4GEV,UMC,A,,CYS,146,SG,C,C6,PASSED,PASSED,PASSED_EXPLICIT_EVENT,PASSED,UNRESOLVED_HUMAN_REVIEW,,,,NO_POSITIVE_AUTHORITY,false,false,false,,true,false,true,,false,,false,false,false,false,false,false,false,LEAKAGE_EVIDENCE_INCOMPLETE,,,false,HUMAN_REVIEW_REQUIRED,"[""PRE_CHEMISTRY_NOT_PRODUCTION_AUTHORITATIVE"",""NO_FAMILY_LEVEL_AUTO_ADMISSION"",""NO_SINGLE_EXACT_RULE_MATCHED_EVERY_EVENT;HUMAN_REVIEW_RETAINED""]"
708,RANKS_0501_1000_EXECUTION,COVAPIE_CYS_SG_EVENT_V1:4GEV:B:CYS:146-:SG:E:UMC:C6,4GEV,UMC,B,,CYS,146,SG,E,C6,PASSED,PASSED,PASSED_EXPLICIT_EVENT,PASSED,UNRESOLVED_HUMAN_REVIEW,,,,NO_POSITIVE_AUTHORITY,false,false,false,,true,false,true,,false,,false,false,false,false,false,false,false,LEAKAGE_EVIDENCE_INCOMPLETE,,,false,HUMAN_REVIEW_REQUIRED,"[""PRE_CHEMISTRY_NOT_PRODUCTION_AUTHORITATIVE"",""NO_FAMILY_LEVEL_AUTO_ADMISSION"",""NO_SINGLE_EXACT_RULE_MATCHED_EVERY_EVENT;HUMAN_REVIEW_RETAINED""]"
709,RANKS_0501_1000_EXECUTION,COVAPIE_CYS_SG_EVENT_V1:4GHT:A:CYS:147-:SG:C:AG7:C19,4GHT,AG7,A,,CYS,147,SG,C,C19,PASSED,PASSED,PASSED_EXPLICIT_EVENT,PASSED,NOT_APPLICABLE_BLOCKED_STRUCTURAL_OR_LEAKAGE,,,,NO_POSITIVE_AUTHORITY,false,false,false,,true,false,true,,false,,false,false,false,false,false,false,false,LEAKAGE_EXISTING_GROUP_CONFLICT,,,false,LEAKAGE_EXISTING_GROUP_CONFLICT,"[""LEAKAGE_EXISTING_GROUP_CONFLICT""]"
710,RANKS_0501_1000_EXECUTION,COVAPIE_CYS_SG_EVENT_V1:4GHT:B:CYS:147-:SG:D:AG7:C19,4GHT,AG7,B,,CYS,147,SG,D,C19,PASSED,PASSED,PASSED_EXPLICIT_EVENT,PASSED,NOT_APPLICABLE_BLOCKED_STRUCTURAL_OR_LEAKAGE,,,,NO_POSITIVE_AUTHORITY,false,false,false,,true,false,true,,false,,false,false,false,false,false,false,false,LEAKAGE_EXISTING_GROUP_CONFLICT,,,false,LEAKAGE_EXISTING_GROUP_CONFLICT,"[""LEAKAGE_EXISTING_GROUP_CONFLICT""]"
711,RANKS_0501_1000_EXECUTION,COVAPIE_CYS_SG_EVENT_V1:4GMX:C:CYS:539-:SG:G:K85:C3,4GMX,K85,C,,CYS,539,SG,G,C3,PASSED,PASSED,PASSED_EXPLICIT_EVENT,PASSED,UNRESOLVED_HUMAN_REVIEW,,,,NO_POSITIVE_AUTHORITY,false,false,false,,true,false,true,,false,,false,false,false,false,false,false,false,NEW_EXPANSION_COMPONENT,COVAPIE_EXPANSION_LEAKAGE_GROUP_E874F1C530F9C144,,false,HUMAN_REVIEW_REQUIRED,"[""PRE_CHEMISTRY_NOT_PRODUCTION_AUTHORITATIVE"",""NO_FAMILY_LEVEL_AUTO_ADMISSION"",""NO_SINGLE_EXACT_RULE_MATCHED_EVERY_EVENT;HUMAN_REVIEW_RETAINED""]"
712,RANKS_0501_1000_EXECUTION,COVAPIE_CYS_SG_EVENT_V1:4GPT:C:CYS:539-:SG:H:51K:C7,4GPT,51K,C,,CYS,539,SG,H,C7,PASSED,PASSED,PASSED_EXPLICIT_EVENT,PASSED,UNRESOLVED_HUMAN_REVIEW,,,,NO_POSITIVE_AUTHORITY,false,false,false,,true,false,true,,false,,false,false,false,false,false,false,false,NEW_EXPANSION_COMPONENT,COVAPIE_EXPANSION_LEAKAGE_GROUP_E874F1C530F9C144,,false,HUMAN_REVIEW_REQUIRED,"[""PRE_CHEMISTRY_NOT_PRODUCTION_AUTHORITATIVE"",""NO_FAMILY_LEVEL_AUTO_ADMISSION"",""NO_SINGLE_EXACT_RULE_MATCHED_EVERY_EVENT;HUMAN_REVIEW_RETAINED""]"
713,RANKS_0501_1000_EXECUTION,COVAPIE_CYS_SG_EVENT_V1:4GS6:A:CYS:174-:SG:L:1FM:C42,4GS6,1FM,A,,CYS,174,SG,L,C42,PASSED,UNAVAILABLE,FAILED_CLOSED,NOT_REACHED,NOT_APPLICABLE_BLOCKED_STRUCTURAL_OR_LEAKAGE,,,,NO_POSITIVE_AUTHORITY,false,false,false,,false,false,false,,false,,false,false,false,false,false,false,false,LEAKAGE_EVIDENCE_INCOMPLETE,,,false,STRUCTURAL_EVIDENCE_INCOMPLETE,"[""MMCIF_EXACT_CYS_SG_STRUCT_CONN_NOT_RECOVERED""]"
714,RANKS_0501_1000_EXECUTION,COVAPIE_CYS_SG_EVENT_V1:4GYL:A:CYS:166-:SG:B:ROP:CA,4GYL,ROP,A,,CYS,166,SG,B,CA,PASSED,UNAVAILABLE,FAILED_CLOSED,NOT_REACHED,NOT_APPLICABLE_BLOCKED_STRUCTURAL_OR_LEAKAGE,,,,NO_POSITIVE_AUTHORITY,false,false,false,,false,false,false,,false,,false,false,false,false,false,false,false,LEAKAGE_EVIDENCE_INCOMPLETE,,,false,STRUCTURAL_EVIDENCE_INCOMPLETE,"[""MMCIF_EXACT_CYS_SG_STRUCT_CONN_NOT_RECOVERED""]"
715,RANKS_0501_1000_EXECUTION,COVAPIE_CYS_SG_EVENT_V1:4HAT:C:CYS:539-:SG:G:LMB:C3,4HAT,LMB,C,,CYS,539,SG,G,C3,PASSED,PASSED,PASSED_EXPLICIT_EVENT,PASSED,UNRESOLVED_HUMAN_REVIEW,,,,NO_POSITIVE_AUTHORITY,false,false,false,,true,false,true,,false,,false,false,false,false,false,false,false,NEW_EXPANSION_COMPONENT,COVAPIE_EXPANSION_LEAKAGE_GROUP_E874F1C530F9C144,,false,HUMAN_REVIEW_REQUIRED,"[""PRE_CHEMISTRY_NOT_PRODUCTION_AUTHORITATIVE"",""NO_FAMILY_LEVEL_AUTO_ADMISSION"",""NO_SINGLE_EXACT_RULE_MATCHED_EVERY_EVENT;HUMAN_REVIEW_RETAINED""]"
716,RANKS_0501_1000_EXECUTION,COVAPIE_CYS_SG_EVENT_V1:4HAU:C:CYS:539-:SG:H:RJA:C3,4HAU,RJA,C,,CYS,539,SG,H,C3,PASSED,PASSED,PASSED_EXPLICIT_EVENT,PASSED,UNRESOLVED_HUMAN_REVIEW,,,,NO_POSITIVE_AUTHORITY,false,false,false,,true,false,true,,false,,false,false,false,false,false,false,false,NEW_EXPANSION_COMPONENT,COVAPIE_EXPANSION_LEAKAGE_GROUP_E874F1C530F9C144,,false,HUMAN_REVIEW_REQUIRED,"[""PRE_CHEMISTRY_NOT_PRODUCTION_AUTHORITATIVE"",""NO_FAMILY_LEVEL_AUTO_ADMISSION"",""NO_SINGLE_EXACT_RULE_MATCHED_EVERY_EVENT;HUMAN_REVIEW_RETAINED""]"
717,RANKS_0501_1000_EXECUTION,COVAPIE_CYS_SG_EVENT_V1:4HAV:C:CYS:539-:SG:G:AA8:C3,4HAV,AA8,C,,CYS,539,SG,G,C3,PASSED,PASSED,PASSED_EXPLICIT_EVENT,PASSED,UNRESOLVED_HUMAN_REVIEW,,,,NO_POSITIVE_AUTHORITY,false,false,false,,true,false,true,,false,,false,false,false,false,false,false,false,NEW_EXPANSION_COMPONENT,COVAPIE_EXPANSION_LEAKAGE_GROUP_E874F1C530F9C144,,false,HUMAN_REVIEW_REQUIRED,"[""PRE_CHEMISTRY_NOT_PRODUCTION_AUTHORITATIVE"",""NO_FAMILY_LEVEL_AUTO_ADMISSION"",""NO_SINGLE_EXACT_RULE_MATCHED_EVERY_EVENT;HUMAN_REVIEW_RETAINED""]"
718,RANKS_0501_1000_EXECUTION,COVAPIE_CYS_SG_EVENT_V1:4HAW:C:CYS:539-:SG:H:LMB:C3,4HAW,LMB,C,,CYS,539,SG,H,C3,PASSED,PASSED,PASSED_EXPLICIT_EVENT,PASSED,UNRESOLVED_HUMAN_REVIEW,,,,NO_POSITIVE_AUTHORITY,false,false,false,,true,false,true,,false,,false,false,false,false,false,false,false,NEW_EXPANSION_COMPONENT,COVAPIE_EXPANSION_LEAKAGE_GROUP_E874F1C530F9C144,,false,HUMAN_REVIEW_REQUIRED,"[""PRE_CHEMISTRY_NOT_PRODUCTION_AUTHORITATIVE"",""NO_FAMILY_LEVEL_AUTO_ADMISSION"",""NO_SINGLE_EXACT_RULE_MATCHED_EVERY_EVENT;HUMAN_REVIEW_RETAINED""]"
719,RANKS_0501_1000_EXECUTION,COVAPIE_CYS_SG_EVENT_V1:4HAY:C:CYS:539-:SG:G:LMB:C3,4HAY,LMB,C,,CYS,539,SG,G,C3,PASSED,PASSED,PASSED_EXPLICIT_EVENT,PASSED,UNRESOLVED_HUMAN_REVIEW,,,,NO_POSITIVE_AUTHORITY,false,false,false,,true,false,true,,false,,false,false,false,false,false,false,false,NEW_EXPANSION_COMPONENT,COVAPIE_EXPANSION_LEAKAGE_GROUP_E874F1C530F9C144,,false,HUMAN_REVIEW_REQUIRED,"[""PRE_CHEMISTRY_NOT_PRODUCTION_AUTHORITATIVE"",""NO_FAMILY_LEVEL_AUTO_ADMISSION"",""NO_SINGLE_EXACT_RULE_MATCHED_EVERY_EVENT;HUMAN_REVIEW_RETAINED""]"
720,RANKS_0501_1000_EXECUTION,COVAPIE_CYS_SG_EVENT_V1:4HAZ:C:CYS:539-:SG:G:LBF:C3,4HAZ,LBF,C,,CYS,539,SG,G,C3,PASSED,PASSED,PASSED_EXPLICIT_EVENT,PASSED,UNRESOLVED_HUMAN_REVIEW,,,,NO_POSITIVE_AUTHORITY,false,false,false,,true,false,true,,false,,false,false,false,false,false,false,false,NEW_EXPANSION_COMPONENT,COVAPIE_EXPANSION_LEAKAGE_GROUP_E874F1C530F9C144,,false,HUMAN_REVIEW_REQUIRED,"[""PRE_CHEMISTRY_NOT_PRODUCTION_AUTHORITATIVE"",""NO_FAMILY_LEVEL_AUTO_ADMISSION"",""NO_SINGLE_EXACT_RULE_MATCHED_EVERY_EVENT;HUMAN_REVIEW_RETAINED""]"
721,RANKS_0501_1000_EXECUTION,COVAPIE_CYS_SG_EVENT_V1:4HB0:C:CYS:539-:SG:F:LBF:C3,4HB0,LBF,C,,CYS,539,SG,F,C3,PASSED,PASSED,PASSED_EXPLICIT_EVENT,PASSED,UNRESOLVED_HUMAN_REVIEW,,,,NO_POSITIVE_AUTHORITY,false,false,false,,true,false,true,,false,,false,false,false,false,false,false,false,NEW_EXPANSION_COMPONENT,COVAPIE_EXPANSION_LEAKAGE_GROUP_E874F1C530F9C144,,false,HUMAN_REVIEW_REQUIRED,"[""PRE_CHEMISTRY_NOT_PRODUCTION_AUTHORITATIVE"",""NO_FAMILY_LEVEL_AUTO_ADMISSION"",""NO_SINGLE_EXACT_RULE_MATCHED_EVERY_EVENT;HUMAN_REVIEW_RETAINED""]"
722,RANKS_0501_1000_EXECUTION,COVAPIE_CYS_SG_EVENT_V1:4HB4:C:CYS:539-:SG:G:LMB:C3,4HB4,LMB,C,,CYS,539,SG,G,C3,PASSED,PASSED,PASSED_EXPLICIT_EVENT,PASSED,UNRESOLVED_HUMAN_REVIEW,,,,NO_POSITIVE_AUTHORITY,false,false,false,,true,false,true,,false,,false,false,false,false,false,false,false,NEW_EXPANSION_COMPONENT,COVAPIE_EXPANSION_LEAKAGE_GROUP_E874F1C530F9C144,,false,HUMAN_REVIEW_REQUIRED,"[""PRE_CHEMISTRY_NOT_PRODUCTION_AUTHORITATIVE"",""NO_FAMILY_LEVEL_AUTO_ADMISSION"",""NO_SINGLE_EXACT_RULE_MATCHED_EVERY_EVENT;HUMAN_REVIEW_RETAINED""]"
723,RANKS_0501_1000_EXECUTION,COVAPIE_CYS_SG_EVENT_V1:4HCU:A:CYS:442-:SG:B:13L:C25,4HCU,13L,A,,CYS,442,SG,B,C25,PASSED,UNAVAILABLE,FAILED_CLOSED,NOT_REACHED,NOT_APPLICABLE_BLOCKED_STRUCTURAL_OR_LEAKAGE,,,,NO_POSITIVE_AUTHORITY,false,false,false,,false,false,false,,false,,false,false,false,false,false,false,false,LEAKAGE_EVIDENCE_INCOMPLETE,,,false,STRUCTURAL_EVIDENCE_INCOMPLETE,"[""MMCIF_EXACT_CYS_SG_STRUCT_CONN_NOT_RECOVERED""]"
724,RANKS_0501_1000_EXECUTION,COVAPIE_CYS_SG_EVENT_V1:4HCV:A:CYS:442-:SG:B:13J:C25,4HCV,13J,A,,CYS,442,SG,B,C25,PASSED,UNAVAILABLE,FAILED_CLOSED,NOT_REACHED,NOT_APPLICABLE_BLOCKED_STRUCTURAL_OR_LEAKAGE,,,,NO_POSITIVE_AUTHORITY,false,false,false,,false,false,false,,false,,false,false,false,false,false,false,false,LEAKAGE_EVIDENCE_INCOMPLETE,,,false,STRUCTURAL_EVIDENCE_INCOMPLETE,"[""MMCIF_EXACT_CYS_SG_STRUCT_CONN_NOT_RECOVERED""]"
725,RANKS_0501_1000_EXECUTION,COVAPIE_CYS_SG_EVENT_V1:4HG3:A:CYS:169-:SG:E:AKG:C5,4HG3,AKG,A,,CYS,169,SG,E,C5,PASSED,PASSED,PASSED_EXPLICIT_EVENT,PASSED,NOT_APPLICABLE_BLOCKED_STRUCTURAL_OR_LEAKAGE,,,,NO_POSITIVE_AUTHORITY,false,false,false,,true,false,true,,false,,false,false,false,false,false,false,false,NEW_EXPANSION_COMPONENT,COVAPIE_EXPANSION_LEAKAGE_GROUP_7F6FD0843BE5E3C7,,false,QUARANTINE_REPRESENTATION_GAP,"[""PRE_ONLY_ATOMS_CANNOT_BE_DROPPED_OR_GIVEN_COORDINATES""]"
726,RANKS_0501_1000_EXECUTION,COVAPIE_CYS_SG_EVENT_V1:4HG3:B:CYS:169-:SG:O:AKG:C5,4HG3,AKG,B,,CYS,169,SG,O,C5,PASSED,PASSED,PASSED_EXPLICIT_EVENT,PASSED,NOT_APPLICABLE_BLOCKED_STRUCTURAL_OR_LEAKAGE,,,,NO_POSITIVE_AUTHORITY,false,false,false,,true,false,true,,false,,false,false,false,false,false,false,false,NEW_EXPANSION_COMPONENT,COVAPIE_EXPANSION_LEAKAGE_GROUP_7F6FD0843BE5E3C7,,false,QUARANTINE_REPRESENTATION_GAP,"[""PRE_ONLY_ATOMS_CANNOT_BE_DROPPED_OR_GIVEN_COORDINATES""]"
727,RANKS_0501_1000_EXECUTION,COVAPIE_CYS_SG_EVENT_V1:4HG3:C:CYS:169-:SG:W:AKG:C5,4HG3,AKG,C,,CYS,169,SG,W,C5,PASSED,PASSED,PASSED_EXPLICIT_EVENT,PASSED,NOT_APPLICABLE_BLOCKED_STRUCTURAL_OR_LEAKAGE,,,,NO_POSITIVE_AUTHORITY,false,false,false,,true,false,true,,false,,false,false,false,false,false,false,false,NEW_EXPANSION_COMPONENT,COVAPIE_EXPANSION_LEAKAGE_GROUP_7F6FD0843BE5E3C7,,false,QUARANTINE_REPRESENTATION_GAP,"[""PRE_ONLY_ATOMS_CANNOT_BE_DROPPED_OR_GIVEN_COORDINATES""]"
728,RANKS_0501_1000_EXECUTION,COVAPIE_CYS_SG_EVENT_V1:4HG3:D:CYS:169-:SG:BA:AKG:C5,4HG3,AKG,D,,CYS,169,SG,BA,C5,PASSED,PASSED,PASSED_EXPLICIT_EVENT,PASSED,NOT_APPLICABLE_BLOCKED_STRUCTURAL_OR_LEAKAGE,,,,NO_POSITIVE_AUTHORITY,false,false,false,,true,false,true,,false,,false,false,false,false,false,false,false,NEW_EXPANSION_COMPONENT,COVAPIE_EXPANSION_LEAKAGE_GROUP_7F6FD0843BE5E3C7,,false,QUARANTINE_REPRESENTATION_GAP,"[""PRE_ONLY_ATOMS_CANNOT_BE_DROPPED_OR_GIVEN_COORDINATES""]"
729,RANKS_0501_1000_EXECUTION,COVAPIE_CYS_SG_EVENT_V1:4HG5:A:CYS:169-:SG:E:OAA:C1,4HG5,OAA,A,,CYS,169,SG,E,C1,PASSED,PASSED,PASSED_EXPLICIT_EVENT,PASSED,NOT_APPLICABLE_BLOCKED_STRUCTURAL_OR_LEAKAGE,,,,NO_POSITIVE_AUTHORITY,false,false,false,,true,false,true,,false,,false,false,false,false,false,false,false,NEW_EXPANSION_COMPONENT,COVAPIE_EXPANSION_LEAKAGE_GROUP_7F6FD0843BE5E3C7,,false,QUARANTINE_REPRESENTATION_GAP,"[""PRE_ONLY_ATOMS_CANNOT_BE_DROPPED_OR_GIVEN_COORDINATES""]"
730,RANKS_0501_1000_EXECUTION,COVAPIE_CYS_SG_EVENT_V1:4HG5:B:CYS:169-:SG:J:OAA:C1,4HG5,OAA,B,,CYS,169,SG,J,C1,PASSED,PASSED,PASSED_EXPLICIT_EVENT,PASSED,NOT_APPLICABLE_BLOCKED_STRUCTURAL_OR_LEAKAGE,,,,NO_POSITIVE_AUTHORITY,false,false,false,,true,false,true,,false,,false,false,false,false,false,false,false,NEW_EXPANSION_COMPONENT,COVAPIE_EXPANSION_LEAKAGE_GROUP_7F6FD0843BE5E3C7,,false,QUARANTINE_REPRESENTATION_GAP,"[""PRE_ONLY_ATOMS_CANNOT_BE_DROPPED_OR_GIVEN_COORDINATES""]"
731,RANKS_0501_1000_EXECUTION,COVAPIE_CYS_SG_EVENT_V1:4HG5:C:CYS:169-:SG:O:OAA:C1,4HG5,OAA,C,,CYS,169,SG,O,C1,PASSED,PASSED,PASSED_EXPLICIT_EVENT,PASSED,NOT_APPLICABLE_BLOCKED_STRUCTURAL_OR_LEAKAGE,,,,NO_POSITIVE_AUTHORITY,false,false,false,,true,false,true,,false,,false,false,false,false,false,false,false,NEW_EXPANSION_COMPONENT,COVAPIE_EXPANSION_LEAKAGE_GROUP_7F6FD0843BE5E3C7,,false,QUARANTINE_REPRESENTATION_GAP,"[""PRE_ONLY_ATOMS_CANNOT_BE_DROPPED_OR_GIVEN_COORDINATES""]"
732,RANKS_0501_1000_EXECUTION,COVAPIE_CYS_SG_EVENT_V1:4HG5:D:CYS:169-:SG:R:OAA:C1,4HG5,OAA,D,,CYS,169,SG,R,C1,PASSED,PASSED,PASSED_EXPLICIT_EVENT,PASSED,NOT_APPLICABLE_BLOCKED_STRUCTURAL_OR_LEAKAGE,,,,NO_POSITIVE_AUTHORITY,false,false,false,,true,false,true,,false,,false,false,false,false,false,false,false,NEW_EXPANSION_COMPONENT,COVAPIE_EXPANSION_LEAKAGE_GROUP_7F6FD0843BE5E3C7,,false,QUARANTINE_REPRESENTATION_GAP,"[""PRE_ONLY_ATOMS_CANNOT_BE_DROPPED_OR_GIVEN_COORDINATES""]"
733,RANKS_0501_1000_EXECUTION,COVAPIE_CYS_SG_EVENT_V1:4HQM:A:CYS:5-:SG:C:17Z:C8,4HQM,17Z,A,,CYS,5,SG,C,C8,PASSED,PASSED,PASSED_EXPLICIT_EVENT,PASSED,NOT_APPLICABLE_BLOCKED_STRUCTURAL_OR_LEAKAGE,,,,NO_POSITIVE_AUTHORITY,false,false,false,,true,false,true,,false,,false,false,false,false,false,false,false,LEAKAGE_EXISTING_GROUP_CONFLICT,,,false,LEAKAGE_EXISTING_GROUP_CONFLICT,"[""LEAKAGE_EXISTING_GROUP_CONFLICT""]"
734,RANKS_0501_1000_EXECUTION,COVAPIE_CYS_SG_EVENT_V1:4HQM:B:CYS:5-:SG:D:17Z:C8,4HQM,17Z,B,,CYS,5,SG,D,C8,PASSED,PASSED,PASSED_EXPLICIT_EVENT,PASSED,NOT_APPLICABLE_BLOCKED_STRUCTURAL_OR_LEAKAGE,,,,NO_POSITIVE_AUTHORITY,false,false,false,,true,false,true,,false,,false,false,false,false,false,false,false,LEAKAGE_EXISTING_GROUP_CONFLICT,,,false,LEAKAGE_EXISTING_GROUP_CONFLICT,"[""LEAKAGE_EXISTING_GROUP_CONFLICT""]"
735,RANKS_0501_1000_EXECUTION,COVAPIE_CYS_SG_EVENT_V1:4I24:A:CYS:797-:SG:C:1C9:C23,4I24,1C9,A,,CYS,797,SG,C,C23,PASSED,PASSED,PASSED_EXPLICIT_EVENT,PASSED,NOT_APPLICABLE_BLOCKED_STRUCTURAL_OR_LEAKAGE,,,,NO_POSITIVE_AUTHORITY,false,false,false,,true,false,true,,false,,false,false,false,false,false,false,false,NEW_EXPANSION_COMPONENT,COVAPIE_EXPANSION_LEAKAGE_GROUP_2C4AF06B6A62BC64,,false,QUARANTINE_REPRESENTATION_GAP,"[""PRE_ONLY_ATOMS_CANNOT_BE_DROPPED_OR_GIVEN_COORDINATES""]"
736,RANKS_0501_1000_EXECUTION,COVAPIE_CYS_SG_EVENT_V1:4I24:B:CYS:797-:SG:D:1C9:C23,4I24,1C9,B,,CYS,797,SG,D,C23,PASSED,PASSED,PASSED_EXPLICIT_EVENT,PASSED,NOT_APPLICABLE_BLOCKED_STRUCTURAL_OR_LEAKAGE,,,,NO_POSITIVE_AUTHORITY,false,false,false,,true,false,true,,false,,false,false,false,false,false,false,false,NEW_EXPANSION_COMPONENT,COVAPIE_EXPANSION_LEAKAGE_GROUP_2C4AF06B6A62BC64,,false,QUARANTINE_REPRESENTATION_GAP,"[""PRE_ONLY_ATOMS_CANNOT_BE_DROPPED_OR_GIVEN_COORDINATES""]"
737,RANKS_0501_1000_EXECUTION,COVAPIE_CYS_SG_EVENT_V1:4I3U:A:CYS:291-:SG:I:POA:C2,4I3U,POA,A,,CYS,291,SG,I,C2,PASSED,PASSED,PASSED_EXPLICIT_EVENT,PASSED,UNRESOLVED_HUMAN_REVIEW,,,,NO_POSITIVE_AUTHORITY,false,false,false,,true,false,true,,false,,false,false,false,false,false,false,false,NEW_EXPANSION_COMPONENT,COVAPIE_EXPANSION_LEAKAGE_GROUP_F70DB37A8004AF17,,false,HUMAN_REVIEW_REQUIRED,"[""PRE_CHEMISTRY_NOT_PRODUCTION_AUTHORITATIVE"",""NO_FAMILY_LEVEL_AUTO_ADMISSION"",""NO_SINGLE_EXACT_RULE_MATCHED_EVERY_EVENT;HUMAN_REVIEW_RETAINED""]"
738,RANKS_0501_1000_EXECUTION,COVAPIE_CYS_SG_EVENT_V1:4I3U:B:CYS:291-:SG:J:POA:C2,4I3U,POA,B,,CYS,291,SG,J,C2,PASSED,PASSED,PASSED_EXPLICIT_EVENT,PASSED,UNRESOLVED_HUMAN_REVIEW,,,,NO_POSITIVE_AUTHORITY,false,false,false,,true,false,true,,false,,false,false,false,false,false,false,false,NEW_EXPANSION_COMPONENT,COVAPIE_EXPANSION_LEAKAGE_GROUP_F70DB37A8004AF17,,false,HUMAN_REVIEW_REQUIRED,"[""PRE_CHEMISTRY_NOT_PRODUCTION_AUTHORITATIVE"",""NO_FAMILY_LEVEL_AUTO_ADMISSION"",""NO_SINGLE_EXACT_RULE_MATCHED_EVERY_EVENT;HUMAN_REVIEW_RETAINED""]"
739,RANKS_0501_1000_EXECUTION,COVAPIE_CYS_SG_EVENT_V1:4I3U:C:CYS:291-:SG:K:POA:C2,4I3U,POA,C,,CYS,291,SG,K,C2,PASSED,PASSED,PASSED_EXPLICIT_EVENT,PASSED,UNRESOLVED_HUMAN_REVIEW,,,,NO_POSITIVE_AUTHORITY,false,false,false,,true,false,true,,false,,false,false,false,false,false,false,false,NEW_EXPANSION_COMPONENT,COVAPIE_EXPANSION_LEAKAGE_GROUP_F70DB37A8004AF17,,false,HUMAN_REVIEW_REQUIRED,"[""PRE_CHEMISTRY_NOT_PRODUCTION_AUTHORITATIVE"",""NO_FAMILY_LEVEL_AUTO_ADMISSION"",""NO_SINGLE_EXACT_RULE_MATCHED_EVERY_EVENT;HUMAN_REVIEW_RETAINED""]"
740,RANKS_0501_1000_EXECUTION,COVAPIE_CYS_SG_EVENT_V1:4I3U:D:CYS:291-:SG:L:POA:C2,4I3U,POA,D,,CYS,291,SG,L,C2,PASSED,PASSED,PASSED_EXPLICIT_EVENT,PASSED,UNRESOLVED_HUMAN_REVIEW,,,,NO_POSITIVE_AUTHORITY,false,false,false,,true,false,true,,false,,false,false,false,false,false,false,false,NEW_EXPANSION_COMPONENT,COVAPIE_EXPANSION_LEAKAGE_GROUP_F70DB37A8004AF17,,false,HUMAN_REVIEW_REQUIRED,"[""PRE_CHEMISTRY_NOT_PRODUCTION_AUTHORITATIVE"",""NO_FAMILY_LEVEL_AUTO_ADMISSION"",""NO_SINGLE_EXACT_RULE_MATCHED_EVERY_EVENT;HUMAN_REVIEW_RETAINED""]"
741,RANKS_0501_1000_EXECUTION,COVAPIE_CYS_SG_EVENT_V1:4I3U:E:CYS:291-:SG:M:POA:C2,4I3U,POA,E,,CYS,291,SG,M,C2,PASSED,PASSED,PASSED_EXPLICIT_EVENT,PASSED,UNRESOLVED_HUMAN_REVIEW,,,,NO_POSITIVE_AUTHORITY,false,false,false,,true,false,true,,false,,false,false,false,false,false,false,false,NEW_EXPANSION_COMPONENT,COVAPIE_EXPANSION_LEAKAGE_GROUP_F70DB37A8004AF17,,false,HUMAN_REVIEW_REQUIRED,"[""PRE_CHEMISTRY_NOT_PRODUCTION_AUTHORITATIVE"",""NO_FAMILY_LEVEL_AUTO_ADMISSION"",""NO_SINGLE_EXACT_RULE_MATCHED_EVERY_EVENT;HUMAN_REVIEW_RETAINED""]"
742,RANKS_0501_1000_EXECUTION,COVAPIE_CYS_SG_EVENT_V1:4I3U:F:CYS:291-:SG:N:POA:C2,4I3U,POA,F,,CYS,291,SG,N,C2,PASSED,PASSED,PASSED_EXPLICIT_EVENT,PASSED,UNRESOLVED_HUMAN_REVIEW,,,,NO_POSITIVE_AUTHORITY,false,false,false,,true,false,true,,false,,false,false,false,false,false,false,false,NEW_EXPANSION_COMPONENT,COVAPIE_EXPANSION_LEAKAGE_GROUP_F70DB37A8004AF17,,false,HUMAN_REVIEW_REQUIRED,"[""PRE_CHEMISTRY_NOT_PRODUCTION_AUTHORITATIVE"",""NO_FAMILY_LEVEL_AUTO_ADMISSION"",""NO_SINGLE_EXACT_RULE_MATCHED_EVERY_EVENT;HUMAN_REVIEW_RETAINED""]"
743,RANKS_0501_1000_EXECUTION,COVAPIE_CYS_SG_EVENT_V1:4I3U:G:CYS:291-:SG:O:POA:C2,4I3U,POA,G,,CYS,291,SG,O,C2,PASSED,PASSED,PASSED_EXPLICIT_EVENT,PASSED,UNRESOLVED_HUMAN_REVIEW,,,,NO_POSITIVE_AUTHORITY,false,false,false,,true,false,true,,false,,false,false,false,false,false,false,false,NEW_EXPANSION_COMPONENT,COVAPIE_EXPANSION_LEAKAGE_GROUP_F70DB37A8004AF17,,false,HUMAN_REVIEW_REQUIRED,"[""PRE_CHEMISTRY_NOT_PRODUCTION_AUTHORITATIVE"",""NO_FAMILY_LEVEL_AUTO_ADMISSION"",""NO_SINGLE_EXACT_RULE_MATCHED_EVERY_EVENT;HUMAN_REVIEW_RETAINED""]"
744,RANKS_0501_1000_EXECUTION,COVAPIE_CYS_SG_EVENT_V1:4I3U:H:CYS:291-:SG:P:POA:C2,4I3U,POA,H,,CYS,291,SG,P,C2,PASSED,PASSED,PASSED_EXPLICIT_EVENT,PASSED,UNRESOLVED_HUMAN_REVIEW,,,,NO_POSITIVE_AUTHORITY,false,false,false,,true,false,true,,false,,false,false,false,false,false,false,false,NEW_EXPANSION_COMPONENT,COVAPIE_EXPANSION_LEAKAGE_GROUP_F70DB37A8004AF17,,false,HUMAN_REVIEW_REQUIRED,"[""PRE_CHEMISTRY_NOT_PRODUCTION_AUTHORITATIVE"",""NO_FAMILY_LEVEL_AUTO_ADMISSION"",""NO_SINGLE_EXACT_RULE_MATCHED_EVERY_EVENT;HUMAN_REVIEW_RETAINED""]"
745,RANKS_0501_1000_EXECUTION,COVAPIE_CYS_SG_EVENT_V1:4I3V:A:CYS:291-:SG:J:POA:C2,4I3V,POA,A,,CYS,291,SG,J,C2,PASSED,PASSED,PASSED_EXPLICIT_EVENT,PASSED,UNRESOLVED_HUMAN_REVIEW,,,,NO_POSITIVE_AUTHORITY,false,false,false,,true,false,true,,false,,false,false,false,false,false,false,false,NEW_EXPANSION_COMPONENT,COVAPIE_EXPANSION_LEAKAGE_GROUP_F70DB37A8004AF17,,false,HUMAN_REVIEW_REQUIRED,"[""PRE_CHEMISTRY_NOT_PRODUCTION_AUTHORITATIVE"",""NO_FAMILY_LEVEL_AUTO_ADMISSION"",""NO_SINGLE_EXACT_RULE_MATCHED_EVERY_EVENT;HUMAN_REVIEW_RETAINED""]"
746,RANKS_0501_1000_EXECUTION,COVAPIE_CYS_SG_EVENT_V1:4I3V:B:CYS:291-:SG:L:POA:C2,4I3V,POA,B,,CYS,291,SG,L,C2,PASSED,PASSED,PASSED_EXPLICIT_EVENT,PASSED,UNRESOLVED_HUMAN_REVIEW,,,,NO_POSITIVE_AUTHORITY,false,false,false,,true,false,true,,false,,false,false,false,false,false,false,false,NEW_EXPANSION_COMPONENT,COVAPIE_EXPANSION_LEAKAGE_GROUP_F70DB37A8004AF17,,false,HUMAN_REVIEW_REQUIRED,"[""PRE_CHEMISTRY_NOT_PRODUCTION_AUTHORITATIVE"",""NO_FAMILY_LEVEL_AUTO_ADMISSION"",""NO_SINGLE_EXACT_RULE_MATCHED_EVERY_EVENT;HUMAN_REVIEW_RETAINED""]"
747,RANKS_0501_1000_EXECUTION,COVAPIE_CYS_SG_EVENT_V1:4I3V:C:CYS:291-:SG:N:POA:C2,4I3V,POA,C,,CYS,291,SG,N,C2,PASSED,PASSED,PASSED_EXPLICIT_EVENT,PASSED,UNRESOLVED_HUMAN_REVIEW,,,,NO_POSITIVE_AUTHORITY,false,false,false,,true,false,true,,false,,false,false,false,false,false,false,false,NEW_EXPANSION_COMPONENT,COVAPIE_EXPANSION_LEAKAGE_GROUP_F70DB37A8004AF17,,false,HUMAN_REVIEW_REQUIRED,"[""PRE_CHEMISTRY_NOT_PRODUCTION_AUTHORITATIVE"",""NO_FAMILY_LEVEL_AUTO_ADMISSION"",""NO_SINGLE_EXACT_RULE_MATCHED_EVERY_EVENT;HUMAN_REVIEW_RETAINED""]"
748,RANKS_0501_1000_EXECUTION,COVAPIE_CYS_SG_EVENT_V1:4I3V:D:CYS:291-:SG:P:POA:C2,4I3V,POA,D,,CYS,291,SG,P,C2,PASSED,PASSED,PASSED_EXPLICIT_EVENT,PASSED,UNRESOLVED_HUMAN_REVIEW,,,,NO_POSITIVE_AUTHORITY,false,false,false,,true,false,true,,false,,false,false,false,false,false,false,false,NEW_EXPANSION_COMPONENT,COVAPIE_EXPANSION_LEAKAGE_GROUP_F70DB37A8004AF17,,false,HUMAN_REVIEW_REQUIRED,"[""PRE_CHEMISTRY_NOT_PRODUCTION_AUTHORITATIVE"",""NO_FAMILY_LEVEL_AUTO_ADMISSION"",""NO_SINGLE_EXACT_RULE_MATCHED_EVERY_EVENT;HUMAN_REVIEW_RETAINED""]"
749,RANKS_0501_1000_EXECUTION,COVAPIE_CYS_SG_EVENT_V1:4I3V:E:CYS:291-:SG:R:POA:C2,4I3V,POA,E,,CYS,291,SG,R,C2,PASSED,PASSED,PASSED_EXPLICIT_EVENT,PASSED,UNRESOLVED_HUMAN_REVIEW,,,,NO_POSITIVE_AUTHORITY,false,false,false,,true,false,true,,false,,false,false,false,false,false,false,false,NEW_EXPANSION_COMPONENT,COVAPIE_EXPANSION_LEAKAGE_GROUP_F70DB37A8004AF17,,false,HUMAN_REVIEW_REQUIRED,"[""PRE_CHEMISTRY_NOT_PRODUCTION_AUTHORITATIVE"",""NO_FAMILY_LEVEL_AUTO_ADMISSION"",""NO_SINGLE_EXACT_RULE_MATCHED_EVERY_EVENT;HUMAN_REVIEW_RETAINED""]"
750,RANKS_0501_1000_EXECUTION,COVAPIE_CYS_SG_EVENT_V1:4I3V:F:CYS:291-:SG:T:POA:C2,4I3V,POA,F,,CYS,291,SG,T,C2,PASSED,PASSED,PASSED_EXPLICIT_EVENT,PASSED,UNRESOLVED_HUMAN_REVIEW,,,,NO_POSITIVE_AUTHORITY,false,false,false,,true,false,true,,false,,false,false,false,false,false,false,false,NEW_EXPANSION_COMPONENT,COVAPIE_EXPANSION_LEAKAGE_GROUP_F70DB37A8004AF17,,false,HUMAN_REVIEW_REQUIRED,"[""PRE_CHEMISTRY_NOT_PRODUCTION_AUTHORITATIVE"",""NO_FAMILY_LEVEL_AUTO_ADMISSION"",""NO_SINGLE_EXACT_RULE_MATCHED_EVERY_EVENT;HUMAN_REVIEW_RETAINED""]"
751,RANKS_0501_1000_EXECUTION,COVAPIE_CYS_SG_EVENT_V1:4I3V:G:CYS:291-:SG:V:POA:C2,4I3V,POA,G,,CYS,291,SG,V,C2,PASSED,PASSED,PASSED_EXPLICIT_EVENT,PASSED,UNRESOLVED_HUMAN_REVIEW,,,,NO_POSITIVE_AUTHORITY,false,false,false,,true,false,true,,false,,false,false,false,false,false,false,false,NEW_EXPANSION_COMPONENT,COVAPIE_EXPANSION_LEAKAGE_GROUP_F70DB37A8004AF17,,false,HUMAN_REVIEW_REQUIRED,"[""PRE_CHEMISTRY_NOT_PRODUCTION_AUTHORITATIVE"",""NO_FAMILY_LEVEL_AUTO_ADMISSION"",""NO_SINGLE_EXACT_RULE_MATCHED_EVERY_EVENT;HUMAN_REVIEW_RETAINED""]"
752,RANKS_0501_1000_EXECUTION,COVAPIE_CYS_SG_EVENT_V1:4I3V:H:CYS:291-:SG:W:POA:C2,4I3V,POA,H,,CYS,291,SG,W,C2,PASSED,PASSED,PASSED_EXPLICIT_EVENT,PASSED,UNRESOLVED_HUMAN_REVIEW,,,,NO_POSITIVE_AUTHORITY,false,false,false,,true,false,true,,false,,false,false,false,false,false,false,false,NEW_EXPANSION_COMPONENT,COVAPIE_EXPANSION_LEAKAGE_GROUP_F70DB37A8004AF17,,false,HUMAN_REVIEW_REQUIRED,"[""PRE_CHEMISTRY_NOT_PRODUCTION_AUTHORITATIVE"",""NO_FAMILY_LEVEL_AUTO_ADMISSION"",""NO_SINGLE_EXACT_RULE_MATCHED_EVERY_EVENT;HUMAN_REVIEW_RETAINED""]"
753,RANKS_0501_1000_EXECUTION,COVAPIE_CYS_SG_EVENT_V1:4I3W:A:CYS:291-:SG:I:G3H:C1,4I3W,G3H,A,,CYS,291,SG,I,C1,PASSED,PASSED,PASSED_EXPLICIT_EVENT,PASSED,UNRESOLVED_HUMAN_REVIEW,,,,NO_POSITIVE_AUTHORITY,false,false,false,,true,false,true,,false,,false,false,false,false,false,false,false,NEW_EXPANSION_COMPONENT,COVAPIE_EXPANSION_LEAKAGE_GROUP_F70DB37A8004AF17,,false,HUMAN_REVIEW_REQUIRED,"[""PRE_CHEMISTRY_NOT_PRODUCTION_AUTHORITATIVE"",""NO_FAMILY_LEVEL_AUTO_ADMISSION"",""NO_SINGLE_EXACT_RULE_MATCHED_EVERY_EVENT;HUMAN_REVIEW_RETAINED""]"
754,RANKS_0501_1000_EXECUTION,COVAPIE_CYS_SG_EVENT_V1:4I3W:B:CYS:291-:SG:K:G3H:C1,4I3W,G3H,B,,CYS,291,SG,K,C1,PASSED,PASSED,PASSED_EXPLICIT_EVENT,PASSED,UNRESOLVED_HUMAN_REVIEW,,,,NO_POSITIVE_AUTHORITY,false,false,false,,true,false,true,,false,,false,false,false,false,false,false,false,NEW_EXPANSION_COMPONENT,COVAPIE_EXPANSION_LEAKAGE_GROUP_F70DB37A8004AF17,,false,HUMAN_REVIEW_REQUIRED,"[""PRE_CHEMISTRY_NOT_PRODUCTION_AUTHORITATIVE"",""NO_FAMILY_LEVEL_AUTO_ADMISSION"",""NO_SINGLE_EXACT_RULE_MATCHED_EVERY_EVENT;HUMAN_REVIEW_RETAINED""]"
755,RANKS_0501_1000_EXECUTION,COVAPIE_CYS_SG_EVENT_V1:4I3W:C:CYS:291-:SG:M:G3H:C1,4I3W,G3H,C,,CYS,291,SG,M,C1,PASSED,PASSED,PASSED_EXPLICIT_EVENT,PASSED,UNRESOLVED_HUMAN_REVIEW,,,,NO_POSITIVE_AUTHORITY,false,false,false,,true,false,true,,false,,false,false,false,false,false,false,false,NEW_EXPANSION_COMPONENT,COVAPIE_EXPANSION_LEAKAGE_GROUP_F70DB37A8004AF17,,false,HUMAN_REVIEW_REQUIRED,"[""PRE_CHEMISTRY_NOT_PRODUCTION_AUTHORITATIVE"",""NO_FAMILY_LEVEL_AUTO_ADMISSION"",""NO_SINGLE_EXACT_RULE_MATCHED_EVERY_EVENT;HUMAN_REVIEW_RETAINED""]"
756,RANKS_0501_1000_EXECUTION,COVAPIE_CYS_SG_EVENT_V1:4I3W:D:CYS:291-:SG:O:G3H:C1,4I3W,G3H,D,,CYS,291,SG,O,C1,PASSED,PASSED,PASSED_EXPLICIT_EVENT,PASSED,UNRESOLVED_HUMAN_REVIEW,,,,NO_POSITIVE_AUTHORITY,false,false,false,,true,false,true,,false,,false,false,false,false,false,false,false,NEW_EXPANSION_COMPONENT,COVAPIE_EXPANSION_LEAKAGE_GROUP_F70DB37A8004AF17,,false,HUMAN_REVIEW_REQUIRED,"[""PRE_CHEMISTRY_NOT_PRODUCTION_AUTHORITATIVE"",""NO_FAMILY_LEVEL_AUTO_ADMISSION"",""NO_SINGLE_EXACT_RULE_MATCHED_EVERY_EVENT;HUMAN_REVIEW_RETAINED""]"
757,RANKS_0501_1000_EXECUTION,COVAPIE_CYS_SG_EVENT_V1:4I3W:E:CYS:291-:SG:Q:G3H:C1,4I3W,G3H,E,,CYS,291,SG,Q,C1,PASSED,PASSED,PASSED_EXPLICIT_EVENT,PASSED,UNRESOLVED_HUMAN_REVIEW,,,,NO_POSITIVE_AUTHORITY,false,false,false,,true,false,true,,false,,false,false,false,false,false,false,false,NEW_EXPANSION_COMPONENT,COVAPIE_EXPANSION_LEAKAGE_GROUP_F70DB37A8004AF17,,false,HUMAN_REVIEW_REQUIRED,"[""PRE_CHEMISTRY_NOT_PRODUCTION_AUTHORITATIVE"",""NO_FAMILY_LEVEL_AUTO_ADMISSION"",""NO_SINGLE_EXACT_RULE_MATCHED_EVERY_EVENT;HUMAN_REVIEW_RETAINED""]"
758,RANKS_0501_1000_EXECUTION,COVAPIE_CYS_SG_EVENT_V1:4I3W:F:CYS:291-:SG:S:G3H:C1,4I3W,G3H,F,,CYS,291,SG,S,C1,PASSED,PASSED,PASSED_EXPLICIT_EVENT,PASSED,UNRESOLVED_HUMAN_REVIEW,,,,NO_POSITIVE_AUTHORITY,false,false,false,,true,false,true,,false,,false,false,false,false,false,false,false,NEW_EXPANSION_COMPONENT,COVAPIE_EXPANSION_LEAKAGE_GROUP_F70DB37A8004AF17,,false,HUMAN_REVIEW_REQUIRED,"[""PRE_CHEMISTRY_NOT_PRODUCTION_AUTHORITATIVE"",""NO_FAMILY_LEVEL_AUTO_ADMISSION"",""NO_SINGLE_EXACT_RULE_MATCHED_EVERY_EVENT;HUMAN_REVIEW_RETAINED""]"
759,RANKS_0501_1000_EXECUTION,COVAPIE_CYS_SG_EVENT_V1:4I3W:G:CYS:291-:SG:U:G3H:C1,4I3W,G3H,G,,CYS,291,SG,U,C1,PASSED,PASSED,PASSED_EXPLICIT_EVENT,PASSED,UNRESOLVED_HUMAN_REVIEW,,,,NO_POSITIVE_AUTHORITY,false,false,false,,true,false,true,,false,,false,false,false,false,false,false,false,NEW_EXPANSION_COMPONENT,COVAPIE_EXPANSION_LEAKAGE_GROUP_F70DB37A8004AF17,,false,HUMAN_REVIEW_REQUIRED,"[""PRE_CHEMISTRY_NOT_PRODUCTION_AUTHORITATIVE"",""NO_FAMILY_LEVEL_AUTO_ADMISSION"",""NO_SINGLE_EXACT_RULE_MATCHED_EVERY_EVENT;HUMAN_REVIEW_RETAINED""]"
760,RANKS_0501_1000_EXECUTION,COVAPIE_CYS_SG_EVENT_V1:4I3W:H:CYS:291-:SG:W:G3H:C1,4I3W,G3H,H,,CYS,291,SG,W,C1,PASSED,PASSED,PASSED_EXPLICIT_EVENT,PASSED,UNRESOLVED_HUMAN_REVIEW,,,,NO_POSITIVE_AUTHORITY,false,false,false,,true,false,true,,false,,false,false,false,false,false,false,false,NEW_EXPANSION_COMPONENT,COVAPIE_EXPANSION_LEAKAGE_GROUP_F70DB37A8004AF17,,false,HUMAN_REVIEW_REQUIRED,"[""PRE_CHEMISTRY_NOT_PRODUCTION_AUTHORITATIVE"",""NO_FAMILY_LEVEL_AUTO_ADMISSION"",""NO_SINGLE_EXACT_RULE_MATCHED_EVERY_EVENT;HUMAN_REVIEW_RETAINED""]"
761,RANKS_0501_1000_EXECUTION,COVAPIE_CYS_SG_EVENT_V1:4I9B:A:CYS:295-:SG:G:1KA:C1,4I9B,1KA,A,,CYS,295,SG,G,C1,PASSED,PASSED,PASSED_EXPLICIT_EVENT,PASSED,UNRESOLVED_HUMAN_REVIEW,,,,NO_POSITIVE_AUTHORITY,false,false,false,,true,false,true,,false,,false,false,false,false,false,false,false,NEW_EXPANSION_COMPONENT,COVAPIE_EXPANSION_LEAKAGE_GROUP_3B5CAC668C69FB54,,false,HUMAN_REVIEW_REQUIRED,"[""PRE_CHEMISTRY_NOT_PRODUCTION_AUTHORITATIVE"",""NO_FAMILY_LEVEL_AUTO_ADMISSION"",""NO_SINGLE_EXACT_RULE_MATCHED_EVERY_EVENT;HUMAN_REVIEW_RETAINED""]"
762,RANKS_0501_1000_EXECUTION,COVAPIE_CYS_SG_EVENT_V1:4I9O:A:CYS:664-:SG:B:KI1:S,4I9O,KI1,A,,CYS,664,SG,B,S,PASSED,PASSED,PASSED_EXPLICIT_EVENT,PASSED,UNRESOLVED_HUMAN_REVIEW,,,,NO_POSITIVE_AUTHORITY,false,false,false,,true,false,true,,false,,false,false,false,false,false,false,false,NEW_EXPANSION_COMPONENT,COVAPIE_EXPANSION_LEAKAGE_GROUP_B37030C7BA1FD5BC,,false,HUMAN_REVIEW_REQUIRED,"[""PRE_CHEMISTRY_NOT_PRODUCTION_AUTHORITATIVE"",""NO_FAMILY_LEVEL_AUTO_ADMISSION"",""NO_SINGLE_EXACT_RULE_MATCHED_EVERY_EVENT;HUMAN_REVIEW_RETAINED""]"
763,RANKS_0501_1000_EXECUTION,COVAPIE_CYS_SG_EVENT_V1:4ITB:A:CYS:262-:SG:D:SSN:C4,4ITB,SSN,A,,CYS,262,SG,D,C4,PASSED,PASSED,PASSED_EXPLICIT_EVENT,PASSED,UNRESOLVED_HUMAN_REVIEW,,,,NO_POSITIVE_AUTHORITY,false,false,false,,true,false,true,,false,,false,false,false,false,false,false,false,NEW_EXPANSION_COMPONENT,COVAPIE_EXPANSION_LEAKAGE_GROUP_F36715CF1F8BDE7F,,false,HUMAN_REVIEW_REQUIRED,"[""PRE_CHEMISTRY_NOT_PRODUCTION_AUTHORITATIVE"",""NO_FAMILY_LEVEL_AUTO_ADMISSION"",""NO_SINGLE_EXACT_RULE_MATCHED_EVERY_EVENT;HUMAN_REVIEW_RETAINED""]"
764,RANKS_0501_1000_EXECUTION,COVAPIE_CYS_SG_EVENT_V1:4ITB:B:CYS:262-:SG:S:SSN:C4,4ITB,SSN,B,,CYS,262,SG,S,C4,PASSED,PASSED,PASSED_EXPLICIT_EVENT,PASSED,UNRESOLVED_HUMAN_REVIEW,,,,NO_POSITIVE_AUTHORITY,false,false,false,,true,false,true,,false,,false,false,false,false,false,false,false,NEW_EXPANSION_COMPONENT,COVAPIE_EXPANSION_LEAKAGE_GROUP_F36715CF1F8BDE7F,,false,HUMAN_REVIEW_REQUIRED,"[""PRE_CHEMISTRY_NOT_PRODUCTION_AUTHORITATIVE"",""NO_FAMILY_LEVEL_AUTO_ADMISSION"",""NO_SINGLE_EXACT_RULE_MATCHED_EVERY_EVENT;HUMAN_REVIEW_RETAINED""]"
765,RANKS_0501_1000_EXECUTION,COVAPIE_CYS_SG_EVENT_V1:4J5P:A:CYS:269-:SG:C:BR1:C21,4J5P,BR1,A,,CYS,269,SG,C,C21,PASSED,PASSED,PASSED_EXPLICIT_EVENT,PASSED,NOT_APPLICABLE_BLOCKED_STRUCTURAL_OR_LEAKAGE,,,,NO_POSITIVE_AUTHORITY,false,false,false,,true,false,true,,false,,false,false,false,false,false,false,false,NEW_EXPANSION_COMPONENT,COVAPIE_EXPANSION_LEAKAGE_GROUP_B1781784DB964DDC,,false,QUARANTINE_REPRESENTATION_GAP,"[""PRE_ONLY_ATOMS_CANNOT_BE_DROPPED_OR_GIVEN_COORDINATES""]"
766,RANKS_0501_1000_EXECUTION,COVAPIE_CYS_SG_EVENT_V1:4J5P:B:CYS:269-:SG:F:BR1:C21,4J5P,BR1,B,,CYS,269,SG,F,C21,PASSED,PASSED,PASSED_EXPLICIT_EVENT,PASSED,NOT_APPLICABLE_BLOCKED_STRUCTURAL_OR_LEAKAGE,,,,NO_POSITIVE_AUTHORITY,false,false,false,,true,false,true,,false,,false,false,false,false,false,false,false,NEW_EXPANSION_COMPONENT,COVAPIE_EXPANSION_LEAKAGE_GROUP_B1781784DB964DDC,,false,QUARANTINE_REPRESENTATION_GAP,"[""PRE_ONLY_ATOMS_CANNOT_BE_DROPPED_OR_GIVEN_COORDINATES""]"
767,RANKS_0501_1000_EXECUTION,COVAPIE_CYS_SG_EVENT_V1:4JAO:B:CYS:138-:SG:F:JAO:CAE,4JAO,JAO,B,,CYS,138,SG,F,CAE,PASSED,PASSED,PASSED_EXPLICIT_EVENT,PASSED,UNRESOLVED_HUMAN_REVIEW,,,,NO_POSITIVE_AUTHORITY,false,false,false,,true,false,true,,false,,false,false,false,false,false,false,false,NEW_EXPANSION_COMPONENT,COVAPIE_EXPANSION_LEAKAGE_GROUP_78D98592B3ACA73D,,false,HUMAN_REVIEW_REQUIRED,"[""PRE_CHEMISTRY_NOT_PRODUCTION_AUTHORITATIVE"",""NO_FAMILY_LEVEL_AUTO_ADMISSION"",""NO_SINGLE_EXACT_RULE_MATCHED_EVERY_EVENT;HUMAN_REVIEW_RETAINED""]"
768,RANKS_0501_1000_EXECUTION,COVAPIE_CYS_SG_EVENT_V1:4JAO:C:CYS:138-:SG:G:JAO:CAE,4JAO,JAO,C,,CYS,138,SG,G,CAE,PASSED,PASSED,PASSED_EXPLICIT_EVENT,PASSED,UNRESOLVED_HUMAN_REVIEW,,,,NO_POSITIVE_AUTHORITY,false,false,false,,true,false,true,,false,,false,false,false,false,false,false,false,NEW_EXPANSION_COMPONENT,COVAPIE_EXPANSION_LEAKAGE_GROUP_78D98592B3ACA73D,,false,HUMAN_REVIEW_REQUIRED,"[""PRE_CHEMISTRY_NOT_PRODUCTION_AUTHORITATIVE"",""NO_FAMILY_LEVEL_AUTO_ADMISSION"",""NO_SINGLE_EXACT_RULE_MATCHED_EVERY_EVENT;HUMAN_REVIEW_RETAINED""]"
769,RANKS_0501_1000_EXECUTION,COVAPIE_CYS_SG_EVENT_V1:4JAQ:A:CYS:138-:SG:E:14V:CAE,4JAQ,14V,A,,CYS,138,SG,E,CAE,PASSED,PASSED,PASSED_EXPLICIT_EVENT,PASSED,NOT_APPLICABLE_BLOCKED_STRUCTURAL_OR_LEAKAGE,,,,NO_POSITIVE_AUTHORITY,false,false,false,,true,false,true,,false,,false,false,false,false,false,false,false,NEW_EXPANSION_COMPONENT,COVAPIE_EXPANSION_LEAKAGE_GROUP_78D98592B3ACA73D,,false,QUARANTINE_REPRESENTATION_GAP,"[""PRE_ONLY_ATOMS_CANNOT_BE_DROPPED_OR_GIVEN_COORDINATES""]"
770,RANKS_0501_1000_EXECUTION,COVAPIE_CYS_SG_EVENT_V1:4JAQ:C:CYS:138-:SG:H:PLM:C1,4JAQ,PLM,C,,CYS,138,SG,H,C1,PASSED,PASSED,PASSED_EXPLICIT_EVENT,PASSED,NOT_APPLICABLE_BLOCKED_STRUCTURAL_OR_LEAKAGE,,,,NO_POSITIVE_AUTHORITY,false,false,false,,true,false,true,,false,,false,false,false,false,false,false,false,NEW_EXPANSION_COMPONENT,COVAPIE_EXPANSION_LEAKAGE_GROUP_78D98592B3ACA73D,,false,QUARANTINE_REPRESENTATION_GAP,"[""PRE_ONLY_ATOMS_CANNOT_BE_DROPPED_OR_GIVEN_COORDINATES""]"
771,RANKS_0501_1000_EXECUTION,COVAPIE_CYS_SG_EVENT_V1:4JG6:A:CYS:436-:SG:B:1LB:C07,4JG6,1LB,A,,CYS,436,SG,B,C07,PASSED,PASSED,PASSED_EXPLICIT_EVENT,PASSED,UNRESOLVED_HUMAN_REVIEW,,,,NO_POSITIVE_AUTHORITY,false,false,false,,true,false,true,,false,,false,false,false,false,false,false,false,LEAKAGE_EVIDENCE_INCOMPLETE,,,false,HUMAN_REVIEW_REQUIRED,"[""PRE_CHEMISTRY_NOT_PRODUCTION_AUTHORITATIVE"",""NO_FAMILY_LEVEL_AUTO_ADMISSION"",""NO_SINGLE_EXACT_RULE_MATCHED_EVERY_EVENT;HUMAN_REVIEW_RETAINED""]"
772,RANKS_0501_1000_EXECUTION,COVAPIE_CYS_SG_EVENT_V1:4JG7:A:CYS:436-:SG:B:1LC:C06,4JG7,1LC,A,,CYS,436,SG,B,C06,PASSED,PASSED,PASSED_EXPLICIT_EVENT,PASSED,UNRESOLVED_HUMAN_REVIEW,,,,NO_POSITIVE_AUTHORITY,false,false,false,,true,false,true,,false,,false,false,false,false,false,false,false,LEAKAGE_EVIDENCE_INCOMPLETE,,,false,HUMAN_REVIEW_REQUIRED,"[""PRE_CHEMISTRY_NOT_PRODUCTION_AUTHORITATIVE"",""NO_FAMILY_LEVEL_AUTO_ADMISSION"",""NO_SINGLE_EXACT_RULE_MATCHED_EVERY_EVENT;HUMAN_REVIEW_RETAINED""]"
773,RANKS_0501_1000_EXECUTION,COVAPIE_CYS_SG_EVENT_V1:4JG8:A:CYS:436-:SG:B:1LE:C12,4JG8,1LE,A,,CYS,436,SG,B,C12,PASSED,PASSED,PASSED_EXPLICIT_EVENT,PASSED,UNRESOLVED_HUMAN_REVIEW,,,,NO_POSITIVE_AUTHORITY,false,false,false,,true,false,true,,false,,false,false,false,false,false,false,false,LEAKAGE_EVIDENCE_INCOMPLETE,,,false,HUMAN_REVIEW_REQUIRED,"[""PRE_CHEMISTRY_NOT_PRODUCTION_AUTHORITATIVE"",""NO_FAMILY_LEVEL_AUTO_ADMISSION"",""NO_SINGLE_EXACT_RULE_MATCHED_EVERY_EVENT;HUMAN_REVIEW_RETAINED""]"
774,RANKS_0501_1000_EXECUTION,COVAPIE_CYS_SG_EVENT_V1:4JMX:A:CYS:226-:SG:B:IM2:C7,4JMX,IM2,A,,CYS,226,SG,B,C7,PASSED,UNAVAILABLE,FAILED_CLOSED,NOT_REACHED,NOT_APPLICABLE_BLOCKED_STRUCTURAL_OR_LEAKAGE,,,,NO_POSITIVE_AUTHORITY,false,false,false,,false,false,false,,false,,false,false,false,false,false,false,false,LEAKAGE_EVIDENCE_INCOMPLETE,,,false,STRUCTURAL_EVIDENCE_INCOMPLETE,"[""MMCIF_EXACT_CYS_SG_STRUCT_CONN_NOT_RECOVERED""]"
775,RANKS_0501_1000_EXECUTION,COVAPIE_CYS_SG_EVENT_V1:4JWS:C:CYS:73-:SG:G:1N0:C16,4JWS,1N0,C,,CYS,73,SG,G,C16,PASSED,PASSED,PASSED_EXPLICIT_EVENT,PASSED,UNRESOLVED_HUMAN_REVIEW,,,,NO_POSITIVE_AUTHORITY,false,false,false,,true,false,true,,false,,false,false,false,false,false,false,false,NEW_EXPANSION_COMPONENT,COVAPIE_EXPANSION_LEAKAGE_GROUP_B1DA575C81FDAF0B,,false,HUMAN_REVIEW_REQUIRED,"[""PRE_CHEMISTRY_NOT_PRODUCTION_AUTHORITATIVE"",""NO_FAMILY_LEVEL_AUTO_ADMISSION"",""NO_SINGLE_EXACT_RULE_MATCHED_EVERY_EVENT;HUMAN_REVIEW_RETAINED""]"
776,RANKS_0501_1000_EXECUTION,COVAPIE_CYS_SG_EVENT_V1:4JWS:D:CYS:73-:SG:J:1N0:C16,4JWS,1N0,D,,CYS,73,SG,J,C16,PASSED,PASSED,PASSED_EXPLICIT_EVENT,PASSED,UNRESOLVED_HUMAN_REVIEW,,,,NO_POSITIVE_AUTHORITY,false,false,false,,true,false,true,,false,,false,false,false,false,false,false,false,NEW_EXPANSION_COMPONENT,COVAPIE_EXPANSION_LEAKAGE_GROUP_B1DA575C81FDAF0B,,false,HUMAN_REVIEW_REQUIRED,"[""PRE_CHEMISTRY_NOT_PRODUCTION_AUTHORITATIVE"",""NO_FAMILY_LEVEL_AUTO_ADMISSION"",""NO_SINGLE_EXACT_RULE_MATCHED_EVERY_EVENT;HUMAN_REVIEW_RETAINED""]"
777,RANKS_0501_1000_EXECUTION,COVAPIE_CYS_SG_EVENT_V1:4JWU:A:CYS:344-:SG:G:1N0:C2,4JWU,1N0,A,,CYS,344,SG,G,C2,PASSED,PASSED,PASSED_EXPLICIT_EVENT,PASSED,UNRESOLVED_HUMAN_REVIEW,,,,NO_POSITIVE_AUTHORITY,false,false,false,,true,false,true,,false,,false,false,false,false,false,false,false,NEW_EXPANSION_COMPONENT,COVAPIE_EXPANSION_LEAKAGE_GROUP_B1DA575C81FDAF0B,,false,HUMAN_REVIEW_REQUIRED,"[""PRE_CHEMISTRY_NOT_PRODUCTION_AUTHORITATIVE"",""NO_FAMILY_LEVEL_AUTO_ADMISSION"",""NO_SINGLE_EXACT_RULE_MATCHED_EVERY_EVENT;HUMAN_REVIEW_RETAINED""]"
778,RANKS_0501_1000_EXECUTION,COVAPIE_CYS_SG_EVENT_V1:4JWU:C:CYS:19-:SG:G:1N0:C16,4JWU,1N0,C,,CYS,19,SG,G,C16,PASSED,PASSED,PASSED_EXPLICIT_EVENT,PASSED,UNRESOLVED_HUMAN_REVIEW,,,,NO_POSITIVE_AUTHORITY,false,false,false,,true,false,true,,false,,false,false,false,false,false,false,false,NEW_EXPANSION_COMPONENT,COVAPIE_EXPANSION_LEAKAGE_GROUP_B1DA575C81FDAF0B,,false,HUMAN_REVIEW_REQUIRED,"[""PRE_CHEMISTRY_NOT_PRODUCTION_AUTHORITATIVE"",""NO_FAMILY_LEVEL_AUTO_ADMISSION"",""NO_SINGLE_EXACT_RULE_MATCHED_EVERY_EVENT;HUMAN_REVIEW_RETAINED""]"
779,RANKS_0501_1000_EXECUTION,COVAPIE_CYS_SG_EVENT_V1:4JX1:E:CYS:344-:SG:U:1N0:C2,4JX1,1N0,E,,CYS,344,SG,U,C2,PASSED,PASSED,PASSED_EXPLICIT_EVENT,PASSED,UNRESOLVED_HUMAN_REVIEW,,,,NO_POSITIVE_AUTHORITY,false,false,false,,true,false,true,,false,,false,false,false,false,false,false,false,NEW_EXPANSION_COMPONENT,COVAPIE_EXPANSION_LEAKAGE_GROUP_B1DA575C81FDAF0B,,false,HUMAN_REVIEW_REQUIRED,"[""PRE_CHEMISTRY_NOT_PRODUCTION_AUTHORITATIVE"",""NO_FAMILY_LEVEL_AUTO_ADMISSION"",""NO_SINGLE_EXACT_RULE_MATCHED_EVERY_EVENT;HUMAN_REVIEW_RETAINED""]"
780,RANKS_0501_1000_EXECUTION,COVAPIE_CYS_SG_EVENT_V1:4JX1:G:CYS:19-:SG:U:1N0:C16,4JX1,1N0,G,,CYS,19,SG,U,C16,PASSED,PASSED,PASSED_EXPLICIT_EVENT,PASSED,UNRESOLVED_HUMAN_REVIEW,,,,NO_POSITIVE_AUTHORITY,false,false,false,,true,false,true,,false,,false,false,false,false,false,false,false,NEW_EXPANSION_COMPONENT,COVAPIE_EXPANSION_LEAKAGE_GROUP_B1DA575C81FDAF0B,,false,HUMAN_REVIEW_REQUIRED,"[""PRE_CHEMISTRY_NOT_PRODUCTION_AUTHORITATIVE"",""NO_FAMILY_LEVEL_AUTO_ADMISSION"",""NO_SINGLE_EXACT_RULE_MATCHED_EVERY_EVENT;HUMAN_REVIEW_RETAINED""]"
781,RANKS_0501_1000_EXECUTION,COVAPIE_CYS_SG_EVENT_V1:4L1O:A:CYS:243-:SG:C:1VL:C7,4L1O,1VL,A,,CYS,243,SG,C,C7,PASSED,PASSED,PASSED_EXPLICIT_EVENT,PASSED,NOT_APPLICABLE_BLOCKED_STRUCTURAL_OR_LEAKAGE,,,,NO_POSITIVE_AUTHORITY,false,false,false,,true,false,true,,false,,false,false,false,false,false,false,false,LEAKAGE_EXISTING_GROUP_CONFLICT,,,false,LEAKAGE_EXISTING_GROUP_CONFLICT,"[""LEAKAGE_EXISTING_GROUP_CONFLICT""]"
782,RANKS_0501_1000_EXECUTION,COVAPIE_CYS_SG_EVENT_V1:4L1O:B:CYS:243-:SG:G:1VL:C7,4L1O,1VL,B,,CYS,243,SG,G,C7,PASSED,PASSED,PASSED_EXPLICIT_EVENT,PASSED,NOT_APPLICABLE_BLOCKED_STRUCTURAL_OR_LEAKAGE,,,,NO_POSITIVE_AUTHORITY,false,false,false,,true,false,true,,false,,false,false,false,false,false,false,false,LEAKAGE_EXISTING_GROUP_CONFLICT,,,false,LEAKAGE_EXISTING_GROUP_CONFLICT,"[""LEAKAGE_EXISTING_GROUP_CONFLICT""]"
783,RANKS_0501_1000_EXECUTION,COVAPIE_CYS_SG_EVENT_V1:4LL0:A:CYS:797-:SG:C:YUN:CAN,4LL0,YUN,A,,CYS,797,SG,C,CAN,PASSED,PASSED,PASSED_EXPLICIT_EVENT,PASSED,UNRESOLVED_HUMAN_REVIEW,,,,NO_POSITIVE_AUTHORITY,false,false,false,,true,false,true,,false,,false,false,false,false,false,false,false,NEW_EXPANSION_COMPONENT,COVAPIE_EXPANSION_LEAKAGE_GROUP_2C4AF06B6A62BC64,,false,HUMAN_REVIEW_REQUIRED,"[""PRE_CHEMISTRY_NOT_PRODUCTION_AUTHORITATIVE"",""NO_FAMILY_LEVEL_AUTO_ADMISSION"",""NO_SINGLE_EXACT_RULE_MATCHED_EVERY_EVENT;HUMAN_REVIEW_RETAINED""]"
784,RANKS_0501_1000_EXECUTION,COVAPIE_CYS_SG_EVENT_V1:4LL0:B:CYS:797-:SG:D:YUN:CAN,4LL0,YUN,B,,CYS,797,SG,D,CAN,PASSED,PASSED,PASSED_EXPLICIT_EVENT,PASSED,UNRESOLVED_HUMAN_REVIEW,,,,NO_POSITIVE_AUTHORITY,false,false,false,,true,false,true,,false,,false,false,false,false,false,false,false,NEW_EXPANSION_COMPONENT,COVAPIE_EXPANSION_LEAKAGE_GROUP_2C4AF06B6A62BC64,,false,HUMAN_REVIEW_REQUIRED,"[""PRE_CHEMISTRY_NOT_PRODUCTION_AUTHORITATIVE"",""NO_FAMILY_LEVEL_AUTO_ADMISSION"",""NO_SINGLE_EXACT_RULE_MATCHED_EVERY_EVENT;HUMAN_REVIEW_RETAINED""]"
785,RANKS_0501_1000_EXECUTION,COVAPIE_CYS_SG_EVENT_V1:4LQM:A:CYS:797-:SG:B:DJK:C51,4LQM,DJK,A,,CYS,797,SG,B,C51,PASSED,UNAVAILABLE,FAILED_CLOSED,NOT_REACHED,NOT_APPLICABLE_BLOCKED_STRUCTURAL_OR_LEAKAGE,,,,NO_POSITIVE_AUTHORITY,false,false,false,,false,false,false,,false,,false,false,false,false,false,false,false,LEAKAGE_EVIDENCE_INCOMPLETE,,,false,STRUCTURAL_EVIDENCE_INCOMPLETE,"[""MMCIF_EXACT_CYS_SG_STRUCT_CONN_NOT_RECOVERED""]"
786,RANKS_0501_1000_EXECUTION,COVAPIE_CYS_SG_EVENT_V1:4LRM:A:CYS:800-:SG:F:YUN:CAN,4LRM,YUN,A,,CYS,800,SG,F,CAN,PASSED,PASSED,PASSED_EXPLICIT_EVENT,PASSED,UNRESOLVED_HUMAN_REVIEW,,,,NO_POSITIVE_AUTHORITY,false,false,false,,true,false,true,,false,,false,false,false,false,false,false,false,NEW_EXPANSION_COMPONENT,COVAPIE_EXPANSION_LEAKAGE_GROUP_2C4AF06B6A62BC64,,false,HUMAN_REVIEW_REQUIRED,"[""PRE_CHEMISTRY_NOT_PRODUCTION_AUTHORITATIVE"",""NO_FAMILY_LEVEL_AUTO_ADMISSION"",""NO_SINGLE_EXACT_RULE_MATCHED_EVERY_EVENT;HUMAN_REVIEW_RETAINED""]"
787,RANKS_0501_1000_EXECUTION,COVAPIE_CYS_SG_EVENT_V1:4LRM:B:CYS:800-:SG:G:YUN:CAN,4LRM,YUN,B,,CYS,800,SG,G,CAN,PASSED,PASSED,PASSED_EXPLICIT_EVENT,PASSED,UNRESOLVED_HUMAN_REVIEW,,,,NO_POSITIVE_AUTHORITY,false,false,false,,true,false,true,,false,,false,false,false,false,false,false,false,NEW_EXPANSION_COMPONENT,COVAPIE_EXPANSION_LEAKAGE_GROUP_2C4AF06B6A62BC64,,false,HUMAN_REVIEW_REQUIRED,"[""PRE_CHEMISTRY_NOT_PRODUCTION_AUTHORITATIVE"",""NO_FAMILY_LEVEL_AUTO_ADMISSION"",""NO_SINGLE_EXACT_RULE_MATCHED_EVERY_EVENT;HUMAN_REVIEW_RETAINED""]"
788,RANKS_0501_1000_EXECUTION,COVAPIE_CYS_SG_EVENT_V1:4LRM:C:CYS:800-:SG:H:YUN:CAN,4LRM,YUN,C,,CYS,800,SG,H,CAN,PASSED,PASSED,PASSED_EXPLICIT_EVENT,PASSED,UNRESOLVED_HUMAN_REVIEW,,,,NO_POSITIVE_AUTHORITY,false,false,false,,true,false,true,,false,,false,false,false,false,false,false,false,NEW_EXPANSION_COMPONENT,COVAPIE_EXPANSION_LEAKAGE_GROUP_2C4AF06B6A62BC64,,false,HUMAN_REVIEW_REQUIRED,"[""PRE_CHEMISTRY_NOT_PRODUCTION_AUTHORITATIVE"",""NO_FAMILY_LEVEL_AUTO_ADMISSION"",""NO_SINGLE_EXACT_RULE_MATCHED_EVERY_EVENT;HUMAN_REVIEW_RETAINED""]"
789,RANKS_0501_1000_EXECUTION,COVAPIE_CYS_SG_EVENT_V1:4LRM:D:CYS:800-:SG:I:YUN:CAN,4LRM,YUN,D,,CYS,800,SG,I,CAN,PASSED,PASSED,PASSED_EXPLICIT_EVENT,PASSED,UNRESOLVED_HUMAN_REVIEW,,,,NO_POSITIVE_AUTHORITY,false,false,false,,true,false,true,,false,,false,false,false,false,false,false,false,NEW_EXPANSION_COMPONENT,COVAPIE_EXPANSION_LEAKAGE_GROUP_2C4AF06B6A62BC64,,false,HUMAN_REVIEW_REQUIRED,"[""PRE_CHEMISTRY_NOT_PRODUCTION_AUTHORITATIVE"",""NO_FAMILY_LEVEL_AUTO_ADMISSION"",""NO_SINGLE_EXACT_RULE_MATCHED_EVERY_EVENT;HUMAN_REVIEW_RETAINED""]"
790,RANKS_0501_1000_EXECUTION,COVAPIE_CYS_SG_EVENT_V1:4LRM:E:CYS:800-:SG:J:YUN:CAN,4LRM,YUN,E,,CYS,800,SG,J,CAN,PASSED,PASSED,PASSED_EXPLICIT_EVENT,PASSED,UNRESOLVED_HUMAN_REVIEW,,,,NO_POSITIVE_AUTHORITY,false,false,false,,true,false,true,,false,,false,false,false,false,false,false,false,NEW_EXPANSION_COMPONENT,COVAPIE_EXPANSION_LEAKAGE_GROUP_2C4AF06B6A62BC64,,false,HUMAN_REVIEW_REQUIRED,"[""PRE_CHEMISTRY_NOT_PRODUCTION_AUTHORITATIVE"",""NO_FAMILY_LEVEL_AUTO_ADMISSION"",""NO_SINGLE_EXACT_RULE_MATCHED_EVERY_EVENT;HUMAN_REVIEW_RETAINED""]"
791,RANKS_0501_1000_EXECUTION,COVAPIE_CYS_SG_EVENT_V1:4LS8:A:CYS:164-:SG:C:1XG:C3,4LS8,1XG,A,,CYS,164,SG,C,C3,PASSED,PASSED,PASSED_EXPLICIT_EVENT,PASSED,UNRESOLVED_HUMAN_REVIEW,,,,NO_POSITIVE_AUTHORITY,false,false,false,,true,false,true,,false,,false,false,false,false,false,false,false,NEW_EXPANSION_COMPONENT,COVAPIE_EXPANSION_LEAKAGE_GROUP_94A8DC8CAD4712F3,,false,HUMAN_REVIEW_REQUIRED,"[""PRE_CHEMISTRY_NOT_PRODUCTION_AUTHORITATIVE"",""NO_FAMILY_LEVEL_AUTO_ADMISSION"",""NO_SINGLE_EXACT_RULE_MATCHED_EVERY_EVENT;HUMAN_REVIEW_RETAINED""]"
792,RANKS_0501_1000_EXECUTION,COVAPIE_CYS_SG_EVENT_V1:4LS8:B:CYS:164-:SG:J:1XG:C3,4LS8,1XG,B,,CYS,164,SG,J,C3,PASSED,PASSED,PASSED_EXPLICIT_EVENT,PASSED,UNRESOLVED_HUMAN_REVIEW,,,,NO_POSITIVE_AUTHORITY,false,false,false,,true,false,true,,false,,false,false,false,false,false,false,false,NEW_EXPANSION_COMPONENT,COVAPIE_EXPANSION_LEAKAGE_GROUP_94A8DC8CAD4712F3,,false,HUMAN_REVIEW_REQUIRED,"[""PRE_CHEMISTRY_NOT_PRODUCTION_AUTHORITATIVE"",""NO_FAMILY_LEVEL_AUTO_ADMISSION"",""NO_SINGLE_EXACT_RULE_MATCHED_EVERY_EVENT;HUMAN_REVIEW_RETAINED""]"
793,RANKS_0501_1000_EXECUTION,COVAPIE_CYS_SG_EVENT_V1:4LUC:A:CYS:12-:SG:E:20G:S19,4LUC,20G,A,,CYS,12,SG,E,S19,PASSED,PASSED,PASSED_EXPLICIT_EVENT,PASSED,NOT_APPLICABLE_BLOCKED_STRUCTURAL_OR_LEAKAGE,,,,NO_POSITIVE_AUTHORITY,false,false,false,,true,false,true,,false,,false,false,false,false,false,false,false,LEAKAGE_EXISTING_GROUP_CONFLICT,,,false,LEAKAGE_EXISTING_GROUP_CONFLICT,"[""LEAKAGE_EXISTING_GROUP_CONFLICT""]"
794,RANKS_0501_1000_EXECUTION,COVAPIE_CYS_SG_EVENT_V1:4LUC:B:CYS:12-:SG:I:20G:S19,4LUC,20G,B,,CYS,12,SG,I,S19,PASSED,PASSED,PASSED_EXPLICIT_EVENT,PASSED,NOT_APPLICABLE_BLOCKED_STRUCTURAL_OR_LEAKAGE,,,,NO_POSITIVE_AUTHORITY,false,false,false,,true,false,true,,false,,false,false,false,false,false,false,false,LEAKAGE_EXISTING_GROUP_CONFLICT,,,false,LEAKAGE_EXISTING_GROUP_CONFLICT,"[""LEAKAGE_EXISTING_GROUP_CONFLICT""]"
795,RANKS_0501_1000_EXECUTION,COVAPIE_CYS_SG_EVENT_V1:4LV6:A:CYS:12-:SG:E:20H:S17,4LV6,20H,A,,CYS,12,SG,E,S17,PASSED,PASSED,PASSED_EXPLICIT_EVENT,PASSED,NOT_APPLICABLE_BLOCKED_STRUCTURAL_OR_LEAKAGE,,,,NO_POSITIVE_AUTHORITY,false,false,false,,true,false,true,,false,,false,false,false,false,false,false,false,LEAKAGE_EXISTING_GROUP_CONFLICT,,,false,LEAKAGE_EXISTING_GROUP_CONFLICT,"[""LEAKAGE_EXISTING_GROUP_CONFLICT""]"
796,RANKS_0501_1000_EXECUTION,COVAPIE_CYS_SG_EVENT_V1:4LV6:B:CYS:12-:SG:I:20H:S17,4LV6,20H,B,,CYS,12,SG,I,S17,PASSED,PASSED,PASSED_EXPLICIT_EVENT,PASSED,NOT_APPLICABLE_BLOCKED_STRUCTURAL_OR_LEAKAGE,,,,NO_POSITIVE_AUTHORITY,false,false,false,,true,false,true,,false,,false,false,false,false,false,false,false,LEAKAGE_EXISTING_GROUP_CONFLICT,,,false,LEAKAGE_EXISTING_GROUP_CONFLICT,"[""LEAKAGE_EXISTING_GROUP_CONFLICT""]"
797,RANKS_0501_1000_EXECUTION,COVAPIE_CYS_SG_EVENT_V1:4LYF:B:CYS:12-:SG:E:21C:C18,4LYF,21C,B,,CYS,12,SG,E,C18,PASSED,UNAVAILABLE,FAILED_CLOSED,NOT_REACHED,NOT_APPLICABLE_BLOCKED_STRUCTURAL_OR_LEAKAGE,,,,NO_POSITIVE_AUTHORITY,false,false,false,,false,false,false,,false,,false,false,false,false,false,false,false,LEAKAGE_EVIDENCE_INCOMPLETE,,,false,STRUCTURAL_EVIDENCE_INCOMPLETE,"[""MMCIF_EXACT_CYS_SG_STRUCT_CONN_NOT_RECOVERED""]"
798,RANKS_0501_1000_EXECUTION,COVAPIE_CYS_SG_EVENT_V1:4LYH:B:CYS:12-:SG:F:21F:C17,4LYH,21F,B,,CYS,12,SG,F,C17,PASSED,PASSED,PASSED_EXPLICIT_EVENT,PASSED,NOT_APPLICABLE_BLOCKED_STRUCTURAL_OR_LEAKAGE,,,,NO_POSITIVE_AUTHORITY,false,false,false,,true,false,true,,false,,false,false,false,false,false,false,false,LEAKAGE_EXISTING_GROUP_CONFLICT,,,false,LEAKAGE_EXISTING_GROUP_CONFLICT,"[""LEAKAGE_EXISTING_GROUP_CONFLICT""]"
799,RANKS_0501_1000_EXECUTION,COVAPIE_CYS_SG_EVENT_V1:4LYH:C:CYS:12-:SG:I:21F:C17,4LYH,21F,C,,CYS,12,SG,I,C17,PASSED,PASSED,PASSED_EXPLICIT_EVENT,PASSED,NOT_APPLICABLE_BLOCKED_STRUCTURAL_OR_LEAKAGE,,,,NO_POSITIVE_AUTHORITY,false,false,false,,true,false,true,,false,,false,false,false,false,false,false,false,LEAKAGE_EXISTING_GROUP_CONFLICT,,,false,LEAKAGE_EXISTING_GROUP_CONFLICT,"[""LEAKAGE_EXISTING_GROUP_CONFLICT""]"
800,RANKS_0501_1000_EXECUTION,COVAPIE_CYS_SG_EVENT_V1:4LYJ:A:CYS:12-:SG:C:21F:C17,4LYJ,21F,A,,CYS,12,SG,C,C17,PASSED,PASSED,PASSED_EXPLICIT_EVENT,PASSED,NOT_APPLICABLE_BLOCKED_STRUCTURAL_OR_LEAKAGE,,,,NO_POSITIVE_AUTHORITY,false,false,false,,true,false,true,,false,,false,false,false,false,false,false,false,LEAKAGE_EXISTING_GROUP_CONFLICT,,,false,LEAKAGE_EXISTING_GROUP_CONFLICT,"[""LEAKAGE_EXISTING_GROUP_CONFLICT""]"
801,RANKS_0501_1000_EXECUTION,COVAPIE_CYS_SG_EVENT_V1:4M1O:B:CYS:12-:SG:E:21J:C28,4M1O,21J,B,,CYS,12,SG,E,C28,PASSED,UNAVAILABLE,FAILED_CLOSED,NOT_REACHED,NOT_APPLICABLE_BLOCKED_STRUCTURAL_OR_LEAKAGE,,,,NO_POSITIVE_AUTHORITY,false,false,false,,false,false,false,,false,,false,false,false,false,false,false,false,LEAKAGE_EVIDENCE_INCOMPLETE,,,false,STRUCTURAL_EVIDENCE_INCOMPLETE,"[""MMCIF_EXACT_CYS_SG_STRUCT_CONN_NOT_RECOVERED""]"
802,RANKS_0501_1000_EXECUTION,COVAPIE_CYS_SG_EVENT_V1:4M1S:B:CYS:12-:SG:E:21K:C23,4M1S,21K,B,,CYS,12,SG,E,C23,PASSED,UNAVAILABLE,FAILED_CLOSED,NOT_REACHED,NOT_APPLICABLE_BLOCKED_STRUCTURAL_OR_LEAKAGE,,,,NO_POSITIVE_AUTHORITY,false,false,false,,false,false,false,,false,,false,false,false,false,false,false,false,LEAKAGE_EVIDENCE_INCOMPLETE,,,false,STRUCTURAL_EVIDENCE_INCOMPLETE,"[""MMCIF_EXACT_CYS_SG_STRUCT_CONN_NOT_RECOVERED""]"
803,RANKS_0501_1000_EXECUTION,COVAPIE_CYS_SG_EVENT_V1:4M1T:B:CYS:12-:SG:E:21M:C16,4M1T,21M,B,,CYS,12,SG,E,C16,PASSED,UNAVAILABLE,FAILED_CLOSED,NOT_REACHED,NOT_APPLICABLE_BLOCKED_STRUCTURAL_OR_LEAKAGE,,,,NO_POSITIVE_AUTHORITY,false,false,false,,false,false,false,,false,,false,false,false,false,false,false,false,LEAKAGE_EVIDENCE_INCOMPLETE,,,false,STRUCTURAL_EVIDENCE_INCOMPLETE,"[""MMCIF_EXACT_CYS_SG_STRUCT_CONN_NOT_RECOVERED""]"
804,RANKS_0501_1000_EXECUTION,COVAPIE_CYS_SG_EVENT_V1:4M1W:A:CYS:12-:SG:E:21R:C25,4M1W,21R,A,,CYS,12,SG,E,C25,PASSED,PASSED,PASSED_EXPLICIT_EVENT,PASSED,NOT_APPLICABLE_BLOCKED_STRUCTURAL_OR_LEAKAGE,,,,NO_POSITIVE_AUTHORITY,false,false,false,,true,false,true,,false,,false,false,false,false,false,false,false,LEAKAGE_EXISTING_GROUP_CONFLICT,,,false,LEAKAGE_EXISTING_GROUP_CONFLICT,"[""LEAKAGE_EXISTING_GROUP_CONFLICT""]"
805,RANKS_0501_1000_EXECUTION,COVAPIE_CYS_SG_EVENT_V1:4M1W:B:CYS:12-:SG:G:21R:C25,4M1W,21R,B,,CYS,12,SG,G,C25,PASSED,PASSED,PASSED_EXPLICIT_EVENT,PASSED,NOT_APPLICABLE_BLOCKED_STRUCTURAL_OR_LEAKAGE,,,,NO_POSITIVE_AUTHORITY,false,false,false,,true,false,true,,false,,false,false,false,false,false,false,false,LEAKAGE_EXISTING_GROUP_CONFLICT,,,false,LEAKAGE_EXISTING_GROUP_CONFLICT,"[""LEAKAGE_EXISTING_GROUP_CONFLICT""]"
806,RANKS_0501_1000_EXECUTION,COVAPIE_CYS_SG_EVENT_V1:4M1W:C:CYS:12-:SG:I:21R:C25,4M1W,21R,C,,CYS,12,SG,I,C25,PASSED,PASSED,PASSED_EXPLICIT_EVENT,PASSED,NOT_APPLICABLE_BLOCKED_STRUCTURAL_OR_LEAKAGE,,,,NO_POSITIVE_AUTHORITY,false,false,false,,true,false,true,,false,,false,false,false,false,false,false,false,LEAKAGE_EXISTING_GROUP_CONFLICT,,,false,LEAKAGE_EXISTING_GROUP_CONFLICT,"[""LEAKAGE_EXISTING_GROUP_CONFLICT""]"
807,RANKS_0501_1000_EXECUTION,COVAPIE_CYS_SG_EVENT_V1:4M1Y:B:CYS:12-:SG:E:21S:C14,4M1Y,21S,B,,CYS,12,SG,E,C14,PASSED,UNAVAILABLE,FAILED_CLOSED,NOT_REACHED,NOT_APPLICABLE_BLOCKED_STRUCTURAL_OR_LEAKAGE,,,,NO_POSITIVE_AUTHORITY,false,false,false,,false,false,false,,false,,false,false,false,false,false,false,false,LEAKAGE_EVIDENCE_INCOMPLETE,,,false,STRUCTURAL_EVIDENCE_INCOMPLETE,"[""MMCIF_EXACT_CYS_SG_STRUCT_CONN_NOT_RECOVERED""]"
808,RANKS_0501_1000_EXECUTION,COVAPIE_CYS_SG_EVENT_V1:4M21:B:CYS:12-:SG:E:21Y:C21,4M21,21Y,B,,CYS,12,SG,E,C21,PASSED,UNAVAILABLE,FAILED_CLOSED,NOT_REACHED,NOT_APPLICABLE_BLOCKED_STRUCTURAL_OR_LEAKAGE,,,,NO_POSITIVE_AUTHORITY,false,false,false,,false,false,false,,false,,false,false,false,false,false,false,false,LEAKAGE_EVIDENCE_INCOMPLETE,,,false,STRUCTURAL_EVIDENCE_INCOMPLETE,"[""MMCIF_EXACT_CYS_SG_STRUCT_CONN_NOT_RECOVERED""]"
809,RANKS_0501_1000_EXECUTION,COVAPIE_CYS_SG_EVENT_V1:4M22:B:CYS:12-:SG:G:22C:C18,4M22,22C,B,,CYS,12,SG,G,C18,PASSED,PASSED,PASSED_EXPLICIT_EVENT,PASSED,NOT_APPLICABLE_BLOCKED_STRUCTURAL_OR_LEAKAGE,,,,NO_POSITIVE_AUTHORITY,false,false,false,,true,false,true,,false,,false,false,false,false,false,false,false,LEAKAGE_EXISTING_GROUP_CONFLICT,,,false,LEAKAGE_EXISTING_GROUP_CONFLICT,"[""LEAKAGE_EXISTING_GROUP_CONFLICT""]"
810,RANKS_0501_1000_EXECUTION,COVAPIE_CYS_SG_EVENT_V1:4M22:C:CYS:12-:SG:J:22C:C18,4M22,22C,C,,CYS,12,SG,J,C18,PASSED,PASSED,PASSED_EXPLICIT_EVENT,PASSED,NOT_APPLICABLE_BLOCKED_STRUCTURAL_OR_LEAKAGE,,,,NO_POSITIVE_AUTHORITY,false,false,false,,true,false,true,,false,,false,false,false,false,false,false,false,LEAKAGE_EXISTING_GROUP_CONFLICT,,,false,LEAKAGE_EXISTING_GROUP_CONFLICT,"[""LEAKAGE_EXISTING_GROUP_CONFLICT""]"
811,RANKS_0501_1000_EXECUTION,COVAPIE_CYS_SG_EVENT_V1:4MAO:A:CYS:436-:SG:B:28D:C09,4MAO,28D,A,,CYS,436,SG,B,C09,PASSED,PASSED,PASSED_EXPLICIT_EVENT,PASSED,UNRESOLVED_HUMAN_REVIEW,,,,NO_POSITIVE_AUTHORITY,false,false,false,,true,false,true,,false,,false,false,false,false,false,false,false,LEAKAGE_EVIDENCE_INCOMPLETE,,,false,HUMAN_REVIEW_REQUIRED,"[""PRE_CHEMISTRY_NOT_PRODUCTION_AUTHORITATIVE"",""NO_FAMILY_LEVEL_AUTO_ADMISSION"",""NO_SINGLE_EXACT_RULE_MATCHED_EVERY_EVENT;HUMAN_REVIEW_RETAINED""]"
812,RANKS_0501_1000_EXECUTION,COVAPIE_CYS_SG_EVENT_V1:4MNV:B:CYS:2-:SG:G:ZBR:C7,4MNV,ZBR,B,,CYS,2,SG,G,C7,PASSED,PASSED,PASSED_EXPLICIT_EVENT,PASSED,NOT_APPLICABLE_BLOCKED_STRUCTURAL_OR_LEAKAGE,,,,NO_POSITIVE_AUTHORITY,false,false,false,,true,false,true,,false,,false,false,false,false,false,false,false,LEAKAGE_EVIDENCE_INCOMPLETE,,,false,QUARANTINE_REPRESENTATION_GAP,"[""PRE_ONLY_ATOMS_CANNOT_BE_DROPPED_OR_GIVEN_COORDINATES""]"
813,RANKS_0501_1000_EXECUTION,COVAPIE_CYS_SG_EVENT_V1:4MNV:B:CYS:7-:SG:G:ZBR:C9,4MNV,ZBR,B,,CYS,7,SG,G,C9,PASSED,PASSED,PASSED_EXPLICIT_EVENT,PASSED,NOT_APPLICABLE_BLOCKED_STRUCTURAL_OR_LEAKAGE,,,,NO_POSITIVE_AUTHORITY,false,false,false,,true,false,true,,false,,false,false,false,false,false,false,false,LEAKAGE_EVIDENCE_INCOMPLETE,,,false,QUARANTINE_REPRESENTATION_GAP,"[""PRE_ONLY_ATOMS_CANNOT_BE_DROPPED_OR_GIVEN_COORDINATES""]"
814,RANKS_0501_1000_EXECUTION,COVAPIE_CYS_SG_EVENT_V1:4MNV:C:CYS:12-:SG:G:ZBR:C8,4MNV,ZBR,C,,CYS,12,SG,G,C8,PASSED,PASSED,PASSED_EXPLICIT_EVENT,PASSED,NOT_APPLICABLE_BLOCKED_STRUCTURAL_OR_LEAKAGE,,,,NO_POSITIVE_AUTHORITY,false,false,false,,true,false,true,,false,,false,false,false,false,false,false,false,LEAKAGE_EVIDENCE_INCOMPLETE,,,false,QUARANTINE_REPRESENTATION_GAP,"[""PRE_ONLY_ATOMS_CANNOT_BE_DROPPED_OR_GIVEN_COORDINATES""]"
815,RANKS_0501_1000_EXECUTION,COVAPIE_CYS_SG_EVENT_V1:4MNW:B:CYS:12-:SG:K:ZBR:C7,4MNW,ZBR,B,,CYS,12,SG,K,C7,PASSED,PASSED,PASSED_EXPLICIT_EVENT,PASSED,NOT_APPLICABLE_BLOCKED_STRUCTURAL_OR_LEAKAGE,,,,NO_POSITIVE_AUTHORITY,false,false,false,,true,false,true,,false,,false,false,false,false,false,false,false,LEAKAGE_EVIDENCE_INCOMPLETE,,,false,QUARANTINE_REPRESENTATION_GAP,"[""PRE_ONLY_ATOMS_CANNOT_BE_DROPPED_OR_GIVEN_COORDINATES""]"
816,RANKS_0501_1000_EXECUTION,COVAPIE_CYS_SG_EVENT_V1:4MNW:B:CYS:2-:SG:K:ZBR:C8,4MNW,ZBR,B,,CYS,2,SG,K,C8,PASSED,PASSED,PASSED_EXPLICIT_EVENT,PASSED,NOT_APPLICABLE_BLOCKED_STRUCTURAL_OR_LEAKAGE,,,,NO_POSITIVE_AUTHORITY,false,false,false,,true,false,true,,false,,false,false,false,false,false,false,false,LEAKAGE_EVIDENCE_INCOMPLETE,,,false,QUARANTINE_REPRESENTATION_GAP,"[""PRE_ONLY_ATOMS_CANNOT_BE_DROPPED_OR_GIVEN_COORDINATES""]"
817,RANKS_0501_1000_EXECUTION,COVAPIE_CYS_SG_EVENT_V1:4MNW:B:CYS:7-:SG:K:ZBR:C9,4MNW,ZBR,B,,CYS,7,SG,K,C9,PASSED,PASSED,PASSED_EXPLICIT_EVENT,PASSED,NOT_APPLICABLE_BLOCKED_STRUCTURAL_OR_LEAKAGE,,,,NO_POSITIVE_AUTHORITY,false,false,false,,true,false,true,,false,,false,false,false,false,false,false,false,LEAKAGE_EVIDENCE_INCOMPLETE,,,false,QUARANTINE_REPRESENTATION_GAP,"[""PRE_ONLY_ATOMS_CANNOT_BE_DROPPED_OR_GIVEN_COORDINATES""]"
818,RANKS_0501_1000_EXECUTION,COVAPIE_CYS_SG_EVENT_V1:4MNX:B:CYS:12-:SG:F:29N:C16,4MNX,29N,B,,CYS,12,SG,F,C16,PASSED,PASSED,PASSED_EXPLICIT_EVENT,PASSED,UNRESOLVED_HUMAN_REVIEW,,,,NO_POSITIVE_AUTHORITY,false,false,false,,true,false,true,,false,,false,false,false,false,false,false,false,LEAKAGE_EVIDENCE_INCOMPLETE,,,false,HUMAN_REVIEW_REQUIRED,"[""PRE_CHEMISTRY_NOT_PRODUCTION_AUTHORITATIVE"",""NO_FAMILY_LEVEL_AUTO_ADMISSION"",""NO_SINGLE_EXACT_RULE_MATCHED_EVERY_EVENT;HUMAN_REVIEW_RETAINED""]"
819,RANKS_0501_1000_EXECUTION,COVAPIE_CYS_SG_EVENT_V1:4MNX:B:CYS:2-:SG:F:29N:C19,4MNX,29N,B,,CYS,2,SG,F,C19,PASSED,PASSED,PASSED_EXPLICIT_EVENT,PASSED,UNRESOLVED_HUMAN_REVIEW,,,,NO_POSITIVE_AUTHORITY,false,false,false,,true,false,true,,false,,false,false,false,false,false,false,false,LEAKAGE_EVIDENCE_INCOMPLETE,,,false,HUMAN_REVIEW_REQUIRED,"[""PRE_CHEMISTRY_NOT_PRODUCTION_AUTHORITATIVE"",""NO_FAMILY_LEVEL_AUTO_ADMISSION"",""NO_SINGLE_EXACT_RULE_MATCHED_EVERY_EVENT;HUMAN_REVIEW_RETAINED""]"
820,RANKS_0501_1000_EXECUTION,COVAPIE_CYS_SG_EVENT_V1:4MNX:B:CYS:7-:SG:F:29N:C25,4MNX,29N,B,,CYS,7,SG,F,C25,PASSED,PASSED,PASSED_EXPLICIT_EVENT,PASSED,UNRESOLVED_HUMAN_REVIEW,,,,NO_POSITIVE_AUTHORITY,false,false,false,,true,false,true,,false,,false,false,false,false,false,false,false,LEAKAGE_EVIDENCE_INCOMPLETE,,,false,HUMAN_REVIEW_REQUIRED,"[""PRE_CHEMISTRY_NOT_PRODUCTION_AUTHORITATIVE"",""NO_FAMILY_LEVEL_AUTO_ADMISSION"",""NO_SINGLE_EXACT_RULE_MATCHED_EVERY_EVENT;HUMAN_REVIEW_RETAINED""]"
821,RANKS_0501_1000_EXECUTION,COVAPIE_CYS_SG_EVENT_V1:4MNY:C:CYS:12-:SG:Q:29O:C12,4MNY,29O,C,,CYS,12,SG,Q,C12,PASSED,PASSED,PASSED_EXPLICIT_EVENT,PASSED,NOT_APPLICABLE_BLOCKED_STRUCTURAL_OR_LEAKAGE,,,,NO_POSITIVE_AUTHORITY,false,false,false,,true,false,true,,false,,false,false,false,false,false,false,false,LEAKAGE_EVIDENCE_INCOMPLETE,,,false,QUARANTINE_REPRESENTATION_GAP,"[""PRE_ONLY_ATOMS_CANNOT_BE_DROPPED_OR_GIVEN_COORDINATES""]"
822,RANKS_0501_1000_EXECUTION,COVAPIE_CYS_SG_EVENT_V1:4MNY:C:CYS:2-:SG:Q:29O:C9,4MNY,29O,C,,CYS,2,SG,Q,C9,PASSED,PASSED,PASSED_EXPLICIT_EVENT,PASSED,NOT_APPLICABLE_BLOCKED_STRUCTURAL_OR_LEAKAGE,,,,NO_POSITIVE_AUTHORITY,false,false,false,,true,false,true,,false,,false,false,false,false,false,false,false,LEAKAGE_EVIDENCE_INCOMPLETE,,,false,QUARANTINE_REPRESENTATION_GAP,"[""PRE_ONLY_ATOMS_CANNOT_BE_DROPPED_OR_GIVEN_COORDINATES""]"
823,RANKS_0501_1000_EXECUTION,COVAPIE_CYS_SG_EVENT_V1:4MNY:C:CYS:7-:SG:Q:29O:C10,4MNY,29O,C,,CYS,7,SG,Q,C10,PASSED,PASSED,PASSED_EXPLICIT_EVENT,PASSED,NOT_APPLICABLE_BLOCKED_STRUCTURAL_OR_LEAKAGE,,,,NO_POSITIVE_AUTHORITY,false,false,false,,true,false,true,,false,,false,false,false,false,false,false,false,LEAKAGE_EVIDENCE_INCOMPLETE,,,false,QUARANTINE_REPRESENTATION_GAP,"[""PRE_ONLY_ATOMS_CANNOT_BE_DROPPED_OR_GIVEN_COORDINATES""]"
824,RANKS_0501_1000_EXECUTION,COVAPIE_CYS_SG_EVENT_V1:4MNY:D:CYS:12-:SG:R:29O:C12,4MNY,29O,D,,CYS,12,SG,R,C12,PASSED,PASSED,PASSED_EXPLICIT_EVENT,PASSED,NOT_APPLICABLE_BLOCKED_STRUCTURAL_OR_LEAKAGE,,,,NO_POSITIVE_AUTHORITY,false,false,false,,true,false,true,,false,,false,false,false,false,false,false,false,LEAKAGE_EVIDENCE_INCOMPLETE,,,false,QUARANTINE_REPRESENTATION_GAP,"[""PRE_ONLY_ATOMS_CANNOT_BE_DROPPED_OR_GIVEN_COORDINATES""]"
825,RANKS_0501_1000_EXECUTION,COVAPIE_CYS_SG_EVENT_V1:4MNY:D:CYS:2-:SG:R:29O:C9,4MNY,29O,D,,CYS,2,SG,R,C9,PASSED,PASSED,PASSED_EXPLICIT_EVENT,PASSED,NOT_APPLICABLE_BLOCKED_STRUCTURAL_OR_LEAKAGE,,,,NO_POSITIVE_AUTHORITY,false,false,false,,true,false,true,,false,,false,false,false,false,false,false,false,LEAKAGE_EVIDENCE_INCOMPLETE,,,false,QUARANTINE_REPRESENTATION_GAP,"[""PRE_ONLY_ATOMS_CANNOT_BE_DROPPED_OR_GIVEN_COORDINATES""]"
826,RANKS_0501_1000_EXECUTION,COVAPIE_CYS_SG_EVENT_V1:4MNY:D:CYS:7-:SG:R:29O:C10,4MNY,29O,D,,CYS,7,SG,R,C10,PASSED,PASSED,PASSED_EXPLICIT_EVENT,PASSED,NOT_APPLICABLE_BLOCKED_STRUCTURAL_OR_LEAKAGE,,,,NO_POSITIVE_AUTHORITY,false,false,false,,true,false,true,,false,,false,false,false,false,false,false,false,LEAKAGE_EVIDENCE_INCOMPLETE,,,false,QUARANTINE_REPRESENTATION_GAP,"[""PRE_ONLY_ATOMS_CANNOT_BE_DROPPED_OR_GIVEN_COORDINATES""]"
827,RANKS_0501_1000_EXECUTION,COVAPIE_CYS_SG_EVENT_V1:4MT4:A:CYS:1-:SG:K:3PK:CG3,4MT4,3PK,A,,CYS,1,SG,K,CG3,PASSED,PASSED,PASSED_EXPLICIT_EVENT,PASSED,NOT_APPLICABLE_BLOCKED_STRUCTURAL_OR_LEAKAGE,,,,NO_POSITIVE_AUTHORITY,false,false,false,,true,false,true,,false,,false,false,false,false,false,false,false,NEW_EXPANSION_COMPONENT,COVAPIE_EXPANSION_LEAKAGE_GROUP_067EBA43FEA1B708,,false,QUARANTINE_REPRESENTATION_GAP,"[""PRE_ONLY_ATOMS_CANNOT_BE_DROPPED_OR_GIVEN_COORDINATES""]"
828,RANKS_0501_1000_EXECUTION,COVAPIE_CYS_SG_EVENT_V1:4MT4:B:CYS:1-:SG:S:3PK:CG3,4MT4,3PK,B,,CYS,1,SG,S,CG3,PASSED,PASSED,PASSED_EXPLICIT_EVENT,PASSED,NOT_APPLICABLE_BLOCKED_STRUCTURAL_OR_LEAKAGE,,,,NO_POSITIVE_AUTHORITY,false,false,false,,true,false,true,,false,,false,false,false,false,false,false,false,NEW_EXPANSION_COMPONENT,COVAPIE_EXPANSION_LEAKAGE_GROUP_067EBA43FEA1B708,,false,QUARANTINE_REPRESENTATION_GAP,"[""PRE_ONLY_ATOMS_CANNOT_BE_DROPPED_OR_GIVEN_COORDINATES""]"
829,RANKS_0501_1000_EXECUTION,COVAPIE_CYS_SG_EVENT_V1:4MT4:C:CYS:1-:SG:Z:3PK:CG3,4MT4,3PK,C,,CYS,1,SG,Z,CG3,PASSED,PASSED,PASSED_EXPLICIT_EVENT,PASSED,NOT_APPLICABLE_BLOCKED_STRUCTURAL_OR_LEAKAGE,,,,NO_POSITIVE_AUTHORITY,false,false,false,,true,false,true,,false,,false,false,false,false,false,false,false,NEW_EXPANSION_COMPONENT,COVAPIE_EXPANSION_LEAKAGE_GROUP_067EBA43FEA1B708,,false,QUARANTINE_REPRESENTATION_GAP,"[""PRE_ONLY_ATOMS_CANNOT_BE_DROPPED_OR_GIVEN_COORDINATES""]"
830,RANKS_0501_1000_EXECUTION,COVAPIE_CYS_SG_EVENT_V1:4MZ4:A:CYS:366-:SG:C:2F3:C9,4MZ4,2F3,A,,CYS,366,SG,C,C9,PASSED,PASSED,PASSED_EXPLICIT_EVENT,PASSED,NOT_APPLICABLE_BLOCKED_STRUCTURAL_OR_LEAKAGE,,,,NO_POSITIVE_AUTHORITY,false,false,false,,true,false,true,,false,,false,false,false,false,false,false,false,LEAKAGE_EXISTING_GROUP_CONFLICT,,,false,LEAKAGE_EXISTING_GROUP_CONFLICT,"[""LEAKAGE_EXISTING_GROUP_CONFLICT""]"
831,RANKS_0501_1000_EXECUTION,COVAPIE_CYS_SG_EVENT_V1:4MZ4:B:CYS:366-:SG:G:2F3:C9,4MZ4,2F3,B,,CYS,366,SG,G,C9,PASSED,PASSED,PASSED_EXPLICIT_EVENT,PASSED,NOT_APPLICABLE_BLOCKED_STRUCTURAL_OR_LEAKAGE,,,,NO_POSITIVE_AUTHORITY,false,false,false,,true,false,true,,false,,false,false,false,false,false,false,false,LEAKAGE_EXISTING_GROUP_CONFLICT,,,false,LEAKAGE_EXISTING_GROUP_CONFLICT,"[""LEAKAGE_EXISTING_GROUP_CONFLICT""]"
832,RANKS_0501_1000_EXECUTION,COVAPIE_CYS_SG_EVENT_V1:4MZO:A:CYS:147-:SG:I:2EW:C14,4MZO,2EW,A,,CYS,147,SG,I,C14,PASSED,PASSED,PASSED_EXPLICIT_EVENT,PASSED,NOT_APPLICABLE_BLOCKED_STRUCTURAL_OR_LEAKAGE,,,,NO_POSITIVE_AUTHORITY,false,false,false,,true,false,true,,false,,false,false,false,false,false,false,false,LEAKAGE_EXISTING_GROUP_CONFLICT,,,false,LEAKAGE_EXISTING_GROUP_CONFLICT,"[""LEAKAGE_EXISTING_GROUP_CONFLICT""]"
833,RANKS_0501_1000_EXECUTION,COVAPIE_CYS_SG_EVENT_V1:4MZO:B:CYS:147-:SG:J:2EW:C14,4MZO,2EW,B,,CYS,147,SG,J,C14,PASSED,PASSED,PASSED_EXPLICIT_EVENT,PASSED,NOT_APPLICABLE_BLOCKED_STRUCTURAL_OR_LEAKAGE,,,,NO_POSITIVE_AUTHORITY,false,false,false,,true,false,true,,false,,false,false,false,false,false,false,false,LEAKAGE_EXISTING_GROUP_CONFLICT,,,false,LEAKAGE_EXISTING_GROUP_CONFLICT,"[""LEAKAGE_EXISTING_GROUP_CONFLICT""]"
834,RANKS_0501_1000_EXECUTION,COVAPIE_CYS_SG_EVENT_V1:4MZO:C:CYS:147-:SG:K:2EW:C14,4MZO,2EW,C,,CYS,147,SG,K,C14,PASSED,PASSED,PASSED_EXPLICIT_EVENT,PASSED,NOT_APPLICABLE_BLOCKED_STRUCTURAL_OR_LEAKAGE,,,,NO_POSITIVE_AUTHORITY,false,false,false,,true,false,true,,false,,false,false,false,false,false,false,false,LEAKAGE_EXISTING_GROUP_CONFLICT,,,false,LEAKAGE_EXISTING_GROUP_CONFLICT,"[""LEAKAGE_EXISTING_GROUP_CONFLICT""]"
835,RANKS_0501_1000_EXECUTION,COVAPIE_CYS_SG_EVENT_V1:4MZO:D:CYS:147-:SG:L:2EW:C14,4MZO,2EW,D,,CYS,147,SG,L,C14,PASSED,PASSED,PASSED_EXPLICIT_EVENT,PASSED,NOT_APPLICABLE_BLOCKED_STRUCTURAL_OR_LEAKAGE,,,,NO_POSITIVE_AUTHORITY,false,false,false,,true,false,true,,false,,false,false,false,false,false,false,false,LEAKAGE_EXISTING_GROUP_CONFLICT,,,false,LEAKAGE_EXISTING_GROUP_CONFLICT,"[""LEAKAGE_EXISTING_GROUP_CONFLICT""]"
836,RANKS_0501_1000_EXECUTION,COVAPIE_CYS_SG_EVENT_V1:4MZO:E:CYS:147-:SG:M:2EW:C14,4MZO,2EW,E,,CYS,147,SG,M,C14,PASSED,PASSED,PASSED_EXPLICIT_EVENT,PASSED,NOT_APPLICABLE_BLOCKED_STRUCTURAL_OR_LEAKAGE,,,,NO_POSITIVE_AUTHORITY,false,false,false,,true,false,true,,false,,false,false,false,false,false,false,false,LEAKAGE_EXISTING_GROUP_CONFLICT,,,false,LEAKAGE_EXISTING_GROUP_CONFLICT,"[""LEAKAGE_EXISTING_GROUP_CONFLICT""]"
837,RANKS_0501_1000_EXECUTION,COVAPIE_CYS_SG_EVENT_V1:4MZO:F:CYS:147-:SG:N:2EW:C14,4MZO,2EW,F,,CYS,147,SG,N,C14,PASSED,PASSED,PASSED_EXPLICIT_EVENT,PASSED,NOT_APPLICABLE_BLOCKED_STRUCTURAL_OR_LEAKAGE,,,,NO_POSITIVE_AUTHORITY,false,false,false,,true,false,true,,false,,false,false,false,false,false,false,false,LEAKAGE_EXISTING_GROUP_CONFLICT,,,false,LEAKAGE_EXISTING_GROUP_CONFLICT,"[""LEAKAGE_EXISTING_GROUP_CONFLICT""]"
838,RANKS_0501_1000_EXECUTION,COVAPIE_CYS_SG_EVENT_V1:4MZO:G:CYS:147-:SG:O:2EW:C14,4MZO,2EW,G,,CYS,147,SG,O,C14,PASSED,PASSED,PASSED_EXPLICIT_EVENT,PASSED,NOT_APPLICABLE_BLOCKED_STRUCTURAL_OR_LEAKAGE,,,,NO_POSITIVE_AUTHORITY,false,false,false,,true,false,true,,false,,false,false,false,false,false,false,false,LEAKAGE_EXISTING_GROUP_CONFLICT,,,false,LEAKAGE_EXISTING_GROUP_CONFLICT,"[""LEAKAGE_EXISTING_GROUP_CONFLICT""]"
839,RANKS_0501_1000_EXECUTION,COVAPIE_CYS_SG_EVENT_V1:4MZO:H:CYS:147-:SG:P:2EW:C14,4MZO,2EW,H,,CYS,147,SG,P,C14,PASSED,PASSED,PASSED_EXPLICIT_EVENT,PASSED,NOT_APPLICABLE_BLOCKED_STRUCTURAL_OR_LEAKAGE,,,,NO_POSITIVE_AUTHORITY,false,false,false,,true,false,true,,false,,false,false,false,false,false,false,false,LEAKAGE_EXISTING_GROUP_CONFLICT,,,false,LEAKAGE_EXISTING_GROUP_CONFLICT,"[""LEAKAGE_EXISTING_GROUP_CONFLICT""]"
840,RANKS_0501_1000_EXECUTION,COVAPIE_CYS_SG_EVENT_V1:4MZS:A:CYS:147-:SG:C:2EV:C14,4MZS,2EV,A,,CYS,147,SG,C,C14,PASSED,PASSED,PASSED_EXPLICIT_EVENT,PASSED,NOT_APPLICABLE_BLOCKED_STRUCTURAL_OR_LEAKAGE,,,,NO_POSITIVE_AUTHORITY,false,false,false,,true,false,true,,false,,false,false,false,false,false,false,false,LEAKAGE_EXISTING_GROUP_CONFLICT,,,false,LEAKAGE_EXISTING_GROUP_CONFLICT,"[""LEAKAGE_EXISTING_GROUP_CONFLICT""]"
841,RANKS_0501_1000_EXECUTION,COVAPIE_CYS_SG_EVENT_V1:4MZS:B:CYS:147-:SG:D:2EV:C14,4MZS,2EV,B,,CYS,147,SG,D,C14,PASSED,PASSED,PASSED_EXPLICIT_EVENT,PASSED,NOT_APPLICABLE_BLOCKED_STRUCTURAL_OR_LEAKAGE,,,,NO_POSITIVE_AUTHORITY,false,false,false,,true,false,true,,false,,false,false,false,false,false,false,false,LEAKAGE_EXISTING_GROUP_CONFLICT,,,false,LEAKAGE_EXISTING_GROUP_CONFLICT,"[""LEAKAGE_EXISTING_GROUP_CONFLICT""]"
842,RANKS_0501_1000_EXECUTION,COVAPIE_CYS_SG_EVENT_V1:4NCR:A:CYS:387-:SG:C:26J:NBE,4NCR,26J,A,,CYS,387,SG,C,NBE,PASSED,PASSED,PASSED_EXPLICIT_EVENT,PASSED,UNRESOLVED_HUMAN_REVIEW,,,,NO_POSITIVE_AUTHORITY,false,false,false,,true,false,true,,false,,false,false,false,false,false,false,false,NEW_EXPANSION_COMPONENT,COVAPIE_EXPANSION_LEAKAGE_GROUP_FAA4ABF384B4AD09,,false,HUMAN_REVIEW_REQUIRED,"[""PRE_CHEMISTRY_NOT_PRODUCTION_AUTHORITATIVE"",""NO_FAMILY_LEVEL_AUTO_ADMISSION"",""NO_SINGLE_EXACT_RULE_MATCHED_EVERY_EVENT;HUMAN_REVIEW_RETAINED""]"
843,RANKS_0501_1000_EXECUTION,COVAPIE_CYS_SG_EVENT_V1:4NCR:B:CYS:387-:SG:H:26J:NBE,4NCR,26J,B,,CYS,387,SG,H,NBE,PASSED,PASSED,PASSED_EXPLICIT_EVENT,PASSED,UNRESOLVED_HUMAN_REVIEW,,,,NO_POSITIVE_AUTHORITY,false,false,false,,true,false,true,,false,,false,false,false,false,false,false,false,NEW_EXPANSION_COMPONENT,COVAPIE_EXPANSION_LEAKAGE_GROUP_FAA4ABF384B4AD09,,false,HUMAN_REVIEW_REQUIRED,"[""PRE_CHEMISTRY_NOT_PRODUCTION_AUTHORITATIVE"",""NO_FAMILY_LEVEL_AUTO_ADMISSION"",""NO_SINGLE_EXACT_RULE_MATCHED_EVERY_EVENT;HUMAN_REVIEW_RETAINED""]"
844,RANKS_0501_1000_EXECUTION,COVAPIE_CYS_SG_EVENT_V1:4NI0:B:CYS:93-:SG:M:2P3:S1,4NI0,2P3,B,,CYS,93,SG,M,S1,PASSED,PASSED,PASSED_EXPLICIT_EVENT,PASSED,UNRESOLVED_HUMAN_REVIEW,,,,NO_POSITIVE_AUTHORITY,false,false,false,,true,false,true,,false,,false,false,false,false,false,false,false,NEW_EXPANSION_COMPONENT,COVAPIE_EXPANSION_LEAKAGE_GROUP_3A56ABD21BE17A71,,false,HUMAN_REVIEW_REQUIRED,"[""PRE_CHEMISTRY_NOT_PRODUCTION_AUTHORITATIVE"",""NO_FAMILY_LEVEL_AUTO_ADMISSION"",""NO_SINGLE_EXACT_RULE_MATCHED_EVERY_EVENT;HUMAN_REVIEW_RETAINED""]"
845,RANKS_0501_1000_EXECUTION,COVAPIE_CYS_SG_EVENT_V1:4NJ4:A:CYS:200-:SG:G:UN9:C7,4NJ4,UN9,A,,CYS,200,SG,G,C7,PASSED,PASSED,PASSED_EXPLICIT_EVENT,PASSED,NOT_APPLICABLE_BLOCKED_STRUCTURAL_OR_LEAKAGE,,,,NO_POSITIVE_AUTHORITY,false,false,false,,true,false,true,,false,,false,false,false,false,false,false,false,NEW_EXPANSION_COMPONENT,COVAPIE_EXPANSION_LEAKAGE_GROUP_2DE2E027280562AD,,false,QUARANTINE_REPRESENTATION_GAP,"[""PRE_ONLY_ATOMS_CANNOT_BE_DROPPED_OR_GIVEN_COORDINATES""]"
846,RANKS_0501_1000_EXECUTION,COVAPIE_CYS_SG_EVENT_V1:4NJ4:B:CYS:200-:SG:L:UN9:C7,4NJ4,UN9,B,,CYS,200,SG,L,C7,PASSED,PASSED,PASSED_EXPLICIT_EVENT,PASSED,NOT_APPLICABLE_BLOCKED_STRUCTURAL_OR_LEAKAGE,,,,NO_POSITIVE_AUTHORITY,false,false,false,,true,false,true,,false,,false,false,false,false,false,false,false,NEW_EXPANSION_COMPONENT,COVAPIE_EXPANSION_LEAKAGE_GROUP_2DE2E027280562AD,,false,QUARANTINE_REPRESENTATION_GAP,"[""PRE_ONLY_ATOMS_CANNOT_BE_DROPPED_OR_GIVEN_COORDINATES""]"
847,RANKS_0501_1000_EXECUTION,COVAPIE_CYS_SG_EVENT_V1:4NMM:A:CYS:12-:SG:C:Y9Z:C13,4NMM,Y9Z,A,,CYS,12,SG,C,C13,PASSED,PASSED,PASSED_EXPLICIT_EVENT,PASSED,NOT_APPLICABLE_BLOCKED_STRUCTURAL_OR_LEAKAGE,,,,NO_POSITIVE_AUTHORITY,false,false,false,,true,false,true,,false,,false,false,false,false,false,false,false,LEAKAGE_EXISTING_GROUP_CONFLICT,,,false,LEAKAGE_EXISTING_GROUP_CONFLICT,"[""LEAKAGE_EXISTING_GROUP_CONFLICT""]"
848,RANKS_0501_1000_EXECUTION,COVAPIE_CYS_SG_EVENT_V1:4NPI:A:CYS:302-:SG:G:2VS:CA6,4NPI,2VS,A,,CYS,302,SG,G,CA6,PASSED,PASSED,PASSED_EXPLICIT_EVENT,PASSED,UNRESOLVED_HUMAN_REVIEW,,,,NO_POSITIVE_AUTHORITY,false,false,false,,true,false,true,,false,,false,false,false,false,false,false,false,NEW_EXPANSION_COMPONENT,COVAPIE_EXPANSION_LEAKAGE_GROUP_A5E617DA61F5213D,,false,HUMAN_REVIEW_REQUIRED,"[""PRE_CHEMISTRY_NOT_PRODUCTION_AUTHORITATIVE"",""NO_FAMILY_LEVEL_AUTO_ADMISSION"",""NO_SINGLE_EXACT_RULE_MATCHED_EVERY_EVENT;HUMAN_REVIEW_RETAINED""]"
849,RANKS_0501_1000_EXECUTION,COVAPIE_CYS_SG_EVENT_V1:4NPI:B:CYS:302-:SG:J:2VS:CA6,4NPI,2VS,B,,CYS,302,SG,J,CA6,PASSED,PASSED,PASSED_EXPLICIT_EVENT,PASSED,UNRESOLVED_HUMAN_REVIEW,,,,NO_POSITIVE_AUTHORITY,false,false,false,,true,false,true,,false,,false,false,false,false,false,false,false,NEW_EXPANSION_COMPONENT,COVAPIE_EXPANSION_LEAKAGE_GROUP_A5E617DA61F5213D,,false,HUMAN_REVIEW_REQUIRED,"[""PRE_CHEMISTRY_NOT_PRODUCTION_AUTHORITATIVE"",""NO_FAMILY_LEVEL_AUTO_ADMISSION"",""NO_SINGLE_EXACT_RULE_MATCHED_EVERY_EVENT;HUMAN_REVIEW_RETAINED""]"
850,RANKS_0501_1000_EXECUTION,COVAPIE_CYS_SG_EVENT_V1:4NPI:C:CYS:302-:SG:M:2VS:CA6,4NPI,2VS,C,,CYS,302,SG,M,CA6,PASSED,PASSED,PASSED_EXPLICIT_EVENT,PASSED,UNRESOLVED_HUMAN_REVIEW,,,,NO_POSITIVE_AUTHORITY,false,false,false,,true,false,true,,false,,false,false,false,false,false,false,false,NEW_EXPANSION_COMPONENT,COVAPIE_EXPANSION_LEAKAGE_GROUP_A5E617DA61F5213D,,false,HUMAN_REVIEW_REQUIRED,"[""PRE_CHEMISTRY_NOT_PRODUCTION_AUTHORITATIVE"",""NO_FAMILY_LEVEL_AUTO_ADMISSION"",""NO_SINGLE_EXACT_RULE_MATCHED_EVERY_EVENT;HUMAN_REVIEW_RETAINED""]"
851,RANKS_0501_1000_EXECUTION,COVAPIE_CYS_SG_EVENT_V1:4NPI:D:CYS:302-:SG:P:2VS:CA6,4NPI,2VS,D,,CYS,302,SG,P,CA6,PASSED,PASSED,PASSED_EXPLICIT_EVENT,PASSED,UNRESOLVED_HUMAN_REVIEW,,,,NO_POSITIVE_AUTHORITY,false,false,false,,true,false,true,,false,,false,false,false,false,false,false,false,NEW_EXPANSION_COMPONENT,COVAPIE_EXPANSION_LEAKAGE_GROUP_A5E617DA61F5213D,,false,HUMAN_REVIEW_REQUIRED,"[""PRE_CHEMISTRY_NOT_PRODUCTION_AUTHORITATIVE"",""NO_FAMILY_LEVEL_AUTO_ADMISSION"",""NO_SINGLE_EXACT_RULE_MATCHED_EVERY_EVENT;HUMAN_REVIEW_RETAINED""]"
852,RANKS_0501_1000_EXECUTION,COVAPIE_CYS_SG_EVENT_V1:4OLC:B:CYS:242-:SG:G:DCD:S1,4OLC,DCD,B,,CYS,242,SG,G,S1,PASSED,UNAVAILABLE,FAILED_CLOSED,NOT_REACHED,NOT_APPLICABLE_BLOCKED_STRUCTURAL_OR_LEAKAGE,,,,NO_POSITIVE_AUTHORITY,false,false,false,,false,false,false,,false,,false,false,false,false,false,false,false,LEAKAGE_EVIDENCE_INCOMPLETE,,,false,STRUCTURAL_EVIDENCE_INCOMPLETE,"[""MMCIF_EXACT_CYS_SG_STRUCT_CONN_NOT_RECOVERED""]"
853,RANKS_0501_1000_EXECUTION,COVAPIE_CYS_SG_EVENT_V1:4ONM:B:CYS:87-:SG:D:N2F:C5,4ONM,N2F,B,,CYS,87,SG,D,C5,PASSED,UNAVAILABLE,FAILED_CLOSED,NOT_REACHED,NOT_APPLICABLE_BLOCKED_STRUCTURAL_OR_LEAKAGE,,,,NO_POSITIVE_AUTHORITY,false,false,false,,false,false,false,,false,,false,false,false,false,false,false,false,LEAKAGE_EVIDENCE_INCOMPLETE,,,false,STRUCTURAL_EVIDENCE_INCOMPLETE,"[""MMCIF_EXACT_CYS_SG_STRUCT_CONN_NOT_RECOVERED""]"
854,RANKS_0501_1000_EXECUTION,COVAPIE_CYS_SG_EVENT_V1:4ONN:B:CYS:87-:SG:E:BY1:C12,4ONN,BY1,B,,CYS,87,SG,E,C12,PASSED,UNAVAILABLE,FAILED_CLOSED,NOT_REACHED,NOT_APPLICABLE_BLOCKED_STRUCTURAL_OR_LEAKAGE,,,,NO_POSITIVE_AUTHORITY,false,false,false,,false,false,false,,false,,false,false,false,false,false,false,false,LEAKAGE_EVIDENCE_INCOMPLETE,,,false,STRUCTURAL_EVIDENCE_INCOMPLETE,"[""MMCIF_EXACT_CYS_SG_STRUCT_CONN_NOT_RECOVERED""]"
855,RANKS_0501_1000_EXECUTION,COVAPIE_CYS_SG_EVENT_V1:4OU2:A:CYS:302-:SG:G:6OA:C5,4OU2,6OA,A,,CYS,302,SG,G,C5,PASSED,PASSED,PASSED_EXPLICIT_EVENT,PASSED,UNRESOLVED_HUMAN_REVIEW,,,,NO_POSITIVE_AUTHORITY,false,false,false,,true,false,true,,false,,false,false,false,false,false,false,false,NEW_EXPANSION_COMPONENT,COVAPIE_EXPANSION_LEAKAGE_GROUP_A5E617DA61F5213D,,false,HUMAN_REVIEW_REQUIRED,"[""PRE_CHEMISTRY_NOT_PRODUCTION_AUTHORITATIVE"",""NO_FAMILY_LEVEL_AUTO_ADMISSION"",""NO_SINGLE_EXACT_RULE_MATCHED_EVERY_EVENT;HUMAN_REVIEW_RETAINED""]"
856,RANKS_0501_1000_EXECUTION,COVAPIE_CYS_SG_EVENT_V1:4OU2:B:CYS:302-:SG:J:6OA:C5,4OU2,6OA,B,,CYS,302,SG,J,C5,PASSED,PASSED,PASSED_EXPLICIT_EVENT,PASSED,UNRESOLVED_HUMAN_REVIEW,,,,NO_POSITIVE_AUTHORITY,false,false,false,,true,false,true,,false,,false,false,false,false,false,false,false,NEW_EXPANSION_COMPONENT,COVAPIE_EXPANSION_LEAKAGE_GROUP_A5E617DA61F5213D,,false,HUMAN_REVIEW_REQUIRED,"[""PRE_CHEMISTRY_NOT_PRODUCTION_AUTHORITATIVE"",""NO_FAMILY_LEVEL_AUTO_ADMISSION"",""NO_SINGLE_EXACT_RULE_MATCHED_EVERY_EVENT;HUMAN_REVIEW_RETAINED""]"
857,RANKS_0501_1000_EXECUTION,COVAPIE_CYS_SG_EVENT_V1:4OU2:C:CYS:302-:SG:M:6OA:C5,4OU2,6OA,C,,CYS,302,SG,M,C5,PASSED,PASSED,PASSED_EXPLICIT_EVENT,PASSED,UNRESOLVED_HUMAN_REVIEW,,,,NO_POSITIVE_AUTHORITY,false,false,false,,true,false,true,,false,,false,false,false,false,false,false,false,NEW_EXPANSION_COMPONENT,COVAPIE_EXPANSION_LEAKAGE_GROUP_A5E617DA61F5213D,,false,HUMAN_REVIEW_REQUIRED,"[""PRE_CHEMISTRY_NOT_PRODUCTION_AUTHORITATIVE"",""NO_FAMILY_LEVEL_AUTO_ADMISSION"",""NO_SINGLE_EXACT_RULE_MATCHED_EVERY_EVENT;HUMAN_REVIEW_RETAINED""]"
858,RANKS_0501_1000_EXECUTION,COVAPIE_CYS_SG_EVENT_V1:4OU2:D:CYS:302-:SG:P:6OA:C5,4OU2,6OA,D,,CYS,302,SG,P,C5,PASSED,PASSED,PASSED_EXPLICIT_EVENT,PASSED,UNRESOLVED_HUMAN_REVIEW,,,,NO_POSITIVE_AUTHORITY,false,false,false,,true,false,true,,false,,false,false,false,false,false,false,false,NEW_EXPANSION_COMPONENT,COVAPIE_EXPANSION_LEAKAGE_GROUP_A5E617DA61F5213D,,false,HUMAN_REVIEW_REQUIRED,"[""PRE_CHEMISTRY_NOT_PRODUCTION_AUTHORITATIVE"",""NO_FAMILY_LEVEL_AUTO_ADMISSION"",""NO_SINGLE_EXACT_RULE_MATCHED_EVERY_EVENT;HUMAN_REVIEW_RETAINED""]"
859,RANKS_0501_1000_EXECUTION,COVAPIE_CYS_SG_EVENT_V1:4OUB:A:CYS:302-:SG:G:2VS:CA6,4OUB,2VS,A,,CYS,302,SG,G,CA6,PASSED,PASSED,PASSED_EXPLICIT_EVENT,PASSED,UNRESOLVED_HUMAN_REVIEW,,,,NO_POSITIVE_AUTHORITY,false,false,false,,true,false,true,,false,,false,false,false,false,false,false,false,NEW_EXPANSION_COMPONENT,COVAPIE_EXPANSION_LEAKAGE_GROUP_A5E617DA61F5213D,,false,HUMAN_REVIEW_REQUIRED,"[""PRE_CHEMISTRY_NOT_PRODUCTION_AUTHORITATIVE"",""NO_FAMILY_LEVEL_AUTO_ADMISSION"",""NO_SINGLE_EXACT_RULE_MATCHED_EVERY_EVENT;HUMAN_REVIEW_RETAINED""]"
860,RANKS_0501_1000_EXECUTION,COVAPIE_CYS_SG_EVENT_V1:4OUB:B:CYS:302-:SG:J:2VS:CA6,4OUB,2VS,B,,CYS,302,SG,J,CA6,PASSED,PASSED,PASSED_EXPLICIT_EVENT,PASSED,UNRESOLVED_HUMAN_REVIEW,,,,NO_POSITIVE_AUTHORITY,false,false,false,,true,false,true,,false,,false,false,false,false,false,false,false,NEW_EXPANSION_COMPONENT,COVAPIE_EXPANSION_LEAKAGE_GROUP_A5E617DA61F5213D,,false,HUMAN_REVIEW_REQUIRED,"[""PRE_CHEMISTRY_NOT_PRODUCTION_AUTHORITATIVE"",""NO_FAMILY_LEVEL_AUTO_ADMISSION"",""NO_SINGLE_EXACT_RULE_MATCHED_EVERY_EVENT;HUMAN_REVIEW_RETAINED""]"
861,RANKS_0501_1000_EXECUTION,COVAPIE_CYS_SG_EVENT_V1:4OUB:C:CYS:302-:SG:M:2VS:CA6,4OUB,2VS,C,,CYS,302,SG,M,CA6,PASSED,PASSED,PASSED_EXPLICIT_EVENT,PASSED,UNRESOLVED_HUMAN_REVIEW,,,,NO_POSITIVE_AUTHORITY,false,false,false,,true,false,true,,false,,false,false,false,false,false,false,false,NEW_EXPANSION_COMPONENT,COVAPIE_EXPANSION_LEAKAGE_GROUP_A5E617DA61F5213D,,false,HUMAN_REVIEW_REQUIRED,"[""PRE_CHEMISTRY_NOT_PRODUCTION_AUTHORITATIVE"",""NO_FAMILY_LEVEL_AUTO_ADMISSION"",""NO_SINGLE_EXACT_RULE_MATCHED_EVERY_EVENT;HUMAN_REVIEW_RETAINED""]"
862,RANKS_0501_1000_EXECUTION,COVAPIE_CYS_SG_EVENT_V1:4OUB:D:CYS:302-:SG:P:2VS:CA6,4OUB,2VS,D,,CYS,302,SG,P,CA6,PASSED,PASSED,PASSED_EXPLICIT_EVENT,PASSED,UNRESOLVED_HUMAN_REVIEW,,,,NO_POSITIVE_AUTHORITY,false,false,false,,true,false,true,,false,,false,false,false,false,false,false,false,NEW_EXPANSION_COMPONENT,COVAPIE_EXPANSION_LEAKAGE_GROUP_A5E617DA61F5213D,,false,HUMAN_REVIEW_REQUIRED,"[""PRE_CHEMISTRY_NOT_PRODUCTION_AUTHORITATIVE"",""NO_FAMILY_LEVEL_AUTO_ADMISSION"",""NO_SINGLE_EXACT_RULE_MATCHED_EVERY_EVENT;HUMAN_REVIEW_RETAINED""]"
863,RANKS_0501_1000_EXECUTION,COVAPIE_CYS_SG_EVENT_V1:4PAD:A:CYS:25-:SG:B:TCK:CM,4PAD,TCK,A,,CYS,25,SG,B,CM,PASSED,PASSED,PASSED_EXPLICIT_EVENT,PASSED,NOT_APPLICABLE_BLOCKED_STRUCTURAL_OR_LEAKAGE,,,,NO_POSITIVE_AUTHORITY,false,false,false,,true,false,true,,false,,false,false,false,false,false,false,false,LEAKAGE_EXISTING_GROUP_CONFLICT,,,false,LEAKAGE_EXISTING_GROUP_CONFLICT,"[""LEAKAGE_EXISTING_GROUP_CONFLICT""]"
864,RANKS_0501_1000_EXECUTION,COVAPIE_CYS_SG_EVENT_V1:4PDZ:B:CYS:84-:SG:E:CTI:C12,4PDZ,CTI,B,,CYS,84,SG,E,C12,PASSED,PASSED,PASSED_EXPLICIT_EVENT,PASSED,NOT_APPLICABLE_BLOCKED_STRUCTURAL_OR_LEAKAGE,,,,NO_POSITIVE_AUTHORITY,false,false,false,,true,false,true,,false,,false,false,false,false,false,false,false,LEAKAGE_EXISTING_GROUP_CONFLICT,,,false,LEAKAGE_EXISTING_GROUP_CONFLICT,"[""LEAKAGE_EXISTING_GROUP_CONFLICT""]"
865,RANKS_0501_1000_EXECUTION,COVAPIE_CYS_SG_EVENT_V1:4PE4:A:CYS:84-:SG:C:REV:C03,4PE4,REV,A,,CYS,84,SG,C,C03,PASSED,PASSED,PASSED_EXPLICIT_EVENT,PASSED,NOT_APPLICABLE_BLOCKED_STRUCTURAL_OR_LEAKAGE,,,,NO_POSITIVE_AUTHORITY,false,false,false,,true,false,true,,false,,false,false,false,false,false,false,false,LEAKAGE_EXISTING_GROUP_CONFLICT,,,false,LEAKAGE_EXISTING_GROUP_CONFLICT,"[""LEAKAGE_EXISTING_GROUP_CONFLICT""]"
866,RANKS_0501_1000_EXECUTION,COVAPIE_CYS_SG_EVENT_V1:4PE7:A:CYS:84-:SG:B:ODN:C14,4PE7,ODN,A,,CYS,84,SG,B,C14,PASSED,PASSED,PASSED_EXPLICIT_EVENT,PASSED,NOT_APPLICABLE_BLOCKED_STRUCTURAL_OR_LEAKAGE,,,,NO_POSITIVE_AUTHORITY,false,false,false,,true,false,true,,false,,false,false,false,false,false,false,false,LEAKAGE_EXISTING_GROUP_CONFLICT,,,false,LEAKAGE_EXISTING_GROUP_CONFLICT,"[""LEAKAGE_EXISTING_GROUP_CONFLICT""]"
867,RANKS_0501_1000_EXECUTION,COVAPIE_CYS_SG_EVENT_V1:4PHF:A:CYS:35-:SG:B:2UH:CAA,4PHF,2UH,A,,CYS,35,SG,B,CAA,PASSED,PASSED,PASSED_EXPLICIT_EVENT,PASSED,NOT_APPLICABLE_BLOCKED_STRUCTURAL_OR_LEAKAGE,,,,NO_POSITIVE_AUTHORITY,false,false,false,,true,false,true,,false,,false,false,false,false,false,false,false,LEAKAGE_EXISTING_GROUP_CONFLICT,,,false,LEAKAGE_EXISTING_GROUP_CONFLICT,"[""LEAKAGE_EXISTING_GROUP_CONFLICT""]"
868,RANKS_0501_1000_EXECUTION,COVAPIE_CYS_SG_EVENT_V1:4PHG:A:CYS:35-:SG:C:2UJ:CAA,4PHG,2UJ,A,,CYS,35,SG,C,CAA,PASSED,PASSED,PASSED_EXPLICIT_EVENT,PASSED,NOT_APPLICABLE_BLOCKED_STRUCTURAL_OR_LEAKAGE,,,,NO_POSITIVE_AUTHORITY,false,false,false,,true,false,true,,false,,false,false,false,false,false,false,false,LEAKAGE_EXISTING_GROUP_CONFLICT,,,false,LEAKAGE_EXISTING_GROUP_CONFLICT,"[""LEAKAGE_EXISTING_GROUP_CONFLICT""]"
869,RANKS_0501_1000_EXECUTION,COVAPIE_CYS_SG_EVENT_V1:4PHH:A:CYS:35-:SG:E:2UK:CAA,4PHH,2UK,A,,CYS,35,SG,E,CAA,PASSED,PASSED,PASSED_EXPLICIT_EVENT,PASSED,NOT_APPLICABLE_BLOCKED_STRUCTURAL_OR_LEAKAGE,,,,NO_POSITIVE_AUTHORITY,false,false,false,,true,false,true,,false,,false,false,false,false,false,false,false,LEAKAGE_EXISTING_GROUP_CONFLICT,,,false,LEAKAGE_EXISTING_GROUP_CONFLICT,"[""LEAKAGE_EXISTING_GROUP_CONFLICT""]"
870,RANKS_0501_1000_EXECUTION,COVAPIE_CYS_SG_EVENT_V1:4PHH:B:CYS:35-:SG:H:2UK:CAA,4PHH,2UK,B,,CYS,35,SG,H,CAA,PASSED,PASSED,PASSED_EXPLICIT_EVENT,PASSED,NOT_APPLICABLE_BLOCKED_STRUCTURAL_OR_LEAKAGE,,,,NO_POSITIVE_AUTHORITY,false,false,false,,true,false,true,,false,,false,false,false,false,false,false,false,LEAKAGE_EXISTING_GROUP_CONFLICT,,,false,LEAKAGE_EXISTING_GROUP_CONFLICT,"[""LEAKAGE_EXISTING_GROUP_CONFLICT""]"
871,RANKS_0501_1000_EXECUTION,COVAPIE_CYS_SG_EVENT_V1:4PHH:C:CYS:35-:SG:K:2UK:CAA,4PHH,2UK,C,,CYS,35,SG,K,CAA,PASSED,PASSED,PASSED_EXPLICIT_EVENT,PASSED,NOT_APPLICABLE_BLOCKED_STRUCTURAL_OR_LEAKAGE,,,,NO_POSITIVE_AUTHORITY,false,false,false,,true,false,true,,false,,false,false,false,false,false,false,false,LEAKAGE_EXISTING_GROUP_CONFLICT,,,false,LEAKAGE_EXISTING_GROUP_CONFLICT,"[""LEAKAGE_EXISTING_GROUP_CONFLICT""]"
872,RANKS_0501_1000_EXECUTION,COVAPIE_CYS_SG_EVENT_V1:4PHH:D:CYS:35-:SG:M:2UK:CAA,4PHH,2UK,D,,CYS,35,SG,M,CAA,PASSED,PASSED,PASSED_EXPLICIT_EVENT,PASSED,NOT_APPLICABLE_BLOCKED_STRUCTURAL_OR_LEAKAGE,,,,NO_POSITIVE_AUTHORITY,false,false,false,,true,false,true,,false,,false,false,false,false,false,false,false,LEAKAGE_EXISTING_GROUP_CONFLICT,,,false,LEAKAGE_EXISTING_GROUP_CONFLICT,"[""LEAKAGE_EXISTING_GROUP_CONFLICT""]"
873,RANKS_0501_1000_EXECUTION,COVAPIE_CYS_SG_EVENT_V1:4PI3:A:CYS:25-:SG:C:2V5:C22,4PI3,2V5,A,,CYS,25,SG,C,C22,PASSED,PASSED,PASSED_EXPLICIT_EVENT,PASSED,NOT_APPLICABLE_BLOCKED_STRUCTURAL_OR_LEAKAGE,,,,NO_POSITIVE_AUTHORITY,false,false,false,,true,false,true,,false,,false,false,false,false,false,false,false,LEAKAGE_EXISTING_GROUP_CONFLICT,,,false,LEAKAGE_EXISTING_GROUP_CONFLICT,"[""LEAKAGE_EXISTING_GROUP_CONFLICT""]"
874,RANKS_0501_1000_EXECUTION,COVAPIE_CYS_SG_EVENT_V1:4PI3:B:CYS:25-:SG:D:2V5:C22,4PI3,2V5,B,,CYS,25,SG,D,C22,PASSED,PASSED,PASSED_EXPLICIT_EVENT,PASSED,NOT_APPLICABLE_BLOCKED_STRUCTURAL_OR_LEAKAGE,,,,NO_POSITIVE_AUTHORITY,false,false,false,,true,false,true,,false,,false,false,false,false,false,false,false,LEAKAGE_EXISTING_GROUP_CONFLICT,,,false,LEAKAGE_EXISTING_GROUP_CONFLICT,"[""LEAKAGE_EXISTING_GROUP_CONFLICT""]"
875,RANKS_0501_1000_EXECUTION,COVAPIE_CYS_SG_EVENT_V1:4PID:A:CYS:122-:SG:D:2UQ:C12,4PID,2UQ,A,,CYS,122,SG,D,C12,PASSED,PASSED,PASSED_EXPLICIT_EVENT,PASSED,NOT_APPLICABLE_BLOCKED_STRUCTURAL_OR_LEAKAGE,,,,NO_POSITIVE_AUTHORITY,false,false,false,,true,false,true,,false,,false,false,false,false,false,false,false,LEAKAGE_EXISTING_GROUP_CONFLICT,,,false,LEAKAGE_EXISTING_GROUP_CONFLICT,"[""LEAKAGE_EXISTING_GROUP_CONFLICT""]"
876,RANKS_0501_1000_EXECUTION,COVAPIE_CYS_SG_EVENT_V1:4PIE:A:CYS:122-:SG:C:3FO:C32,4PIE,3FO,A,,CYS,122,SG,C,C32,PASSED,PASSED,PASSED_EXPLICIT_EVENT,PASSED,NOT_APPLICABLE_BLOCKED_STRUCTURAL_OR_LEAKAGE,,,,NO_POSITIVE_AUTHORITY,false,false,false,,true,false,true,,false,,false,false,false,false,false,false,false,LEAKAGE_EXISTING_GROUP_CONFLICT,,,false,LEAKAGE_EXISTING_GROUP_CONFLICT,"[""LEAKAGE_EXISTING_GROUP_CONFLICT""]"
877,RANKS_0501_1000_EXECUTION,COVAPIE_CYS_SG_EVENT_V1:4PIQ:A:CYS:122-:SG:C:3FS:C24,4PIQ,3FS,A,,CYS,122,SG,C,C24,PASSED,PASSED,PASSED_EXPLICIT_EVENT,PASSED,NOT_APPLICABLE_BLOCKED_STRUCTURAL_OR_LEAKAGE,,,,NO_POSITIVE_AUTHORITY,false,false,false,,true,false,true,,false,,false,false,false,false,false,false,false,LEAKAGE_EXISTING_GROUP_CONFLICT,,,false,LEAKAGE_EXISTING_GROUP_CONFLICT,"[""LEAKAGE_EXISTING_GROUP_CONFLICT""]"
878,RANKS_0501_1000_EXECUTION,COVAPIE_CYS_SG_EVENT_V1:4PIS:A:CYS:122-:SG:C:3FU:C31,4PIS,3FU,A,,CYS,122,SG,C,C31,PASSED,PASSED,PASSED_EXPLICIT_EVENT,PASSED,NOT_APPLICABLE_BLOCKED_STRUCTURAL_OR_LEAKAGE,,,,NO_POSITIVE_AUTHORITY,false,false,false,,true,false,true,,false,,false,false,false,false,false,false,false,LEAKAGE_EXISTING_GROUP_CONFLICT,,,false,LEAKAGE_EXISTING_GROUP_CONFLICT,"[""LEAKAGE_EXISTING_GROUP_CONFLICT""]"
879,RANKS_0501_1000_EXECUTION,COVAPIE_CYS_SG_EVENT_V1:4PNC:A:CYS:59-:SG:B:7NP:CAN,4PNC,7NP,A,,CYS,59,SG,B,CAN,PASSED,PASSED,PASSED_EXPLICIT_EVENT,PASSED,UNRESOLVED_HUMAN_REVIEW,,,,NO_POSITIVE_AUTHORITY,false,false,false,,true,false,true,,false,,false,false,false,false,false,false,false,NEW_EXPANSION_COMPONENT,COVAPIE_EXPANSION_LEAKAGE_GROUP_536142DDC5484833,,false,HUMAN_REVIEW_REQUIRED,"[""PRE_CHEMISTRY_NOT_PRODUCTION_AUTHORITATIVE"",""NO_FAMILY_LEVEL_AUTO_ADMISSION"",""NO_SINGLE_EXACT_RULE_MATCHED_EVERY_EVENT;HUMAN_REVIEW_RETAINED""]"
880,RANKS_0501_1000_EXECUTION,COVAPIE_CYS_SG_EVENT_V1:4PZY:A:CYS:70-:SG:G:2XR:CAH,4PZY,2XR,A,,CYS,70,SG,G,CAH,PASSED,PASSED,PASSED_EXPLICIT_EVENT,PASSED,NOT_APPLICABLE_BLOCKED_STRUCTURAL_OR_LEAKAGE,,,,NO_POSITIVE_AUTHORITY,false,false,false,,true,false,true,,false,,false,false,false,false,false,false,false,LEAKAGE_EVIDENCE_INCOMPLETE,,,false,QUARANTINE_REPRESENTATION_GAP,"[""PRE_ONLY_ATOMS_CANNOT_BE_DROPPED_OR_GIVEN_COORDINATES""]"
881,RANKS_0501_1000_EXECUTION,COVAPIE_CYS_SG_EVENT_V1:4PZY:B:CYS:70-:SG:H:2XR:CAH,4PZY,2XR,B,,CYS,70,SG,H,CAH,PASSED,PASSED,PASSED_EXPLICIT_EVENT,PASSED,NOT_APPLICABLE_BLOCKED_STRUCTURAL_OR_LEAKAGE,,,,NO_POSITIVE_AUTHORITY,false,false,false,,true,false,true,,false,,false,false,false,false,false,false,false,LEAKAGE_EVIDENCE_INCOMPLETE,,,false,QUARANTINE_REPRESENTATION_GAP,"[""PRE_ONLY_ATOMS_CANNOT_BE_DROPPED_OR_GIVEN_COORDINATES""]"
882,RANKS_0501_1000_EXECUTION,COVAPIE_CYS_SG_EVENT_V1:4PZZ:A:CYS:39-:SG:D:2XO:SAH,4PZZ,2XO,A,,CYS,39,SG,D,SAH,PASSED,PASSED,PASSED_EXPLICIT_EVENT,PASSED,UNRESOLVED_HUMAN_REVIEW,,,,NO_POSITIVE_AUTHORITY,false,false,false,,true,false,true,,false,,false,false,false,false,false,false,false,LEAKAGE_EVIDENCE_INCOMPLETE,,,false,HUMAN_REVIEW_REQUIRED,"[""PRE_CHEMISTRY_NOT_PRODUCTION_AUTHORITATIVE"",""NO_FAMILY_LEVEL_AUTO_ADMISSION"",""NO_SINGLE_EXACT_RULE_MATCHED_EVERY_EVENT;HUMAN_REVIEW_RETAINED""]"
883,RANKS_0501_1000_EXECUTION,COVAPIE_CYS_SG_EVENT_V1:4Q01:A:CYS:39-:SG:E:2XH:SAH,4Q01,2XH,A,,CYS,39,SG,E,SAH,PASSED,PASSED,PASSED_EXPLICIT_EVENT,PASSED,NOT_APPLICABLE_BLOCKED_STRUCTURAL_OR_LEAKAGE,,,,NO_POSITIVE_AUTHORITY,false,false,false,,true,false,true,,false,,false,false,false,false,false,false,false,LEAKAGE_EXISTING_GROUP_CONFLICT,,,false,LEAKAGE_EXISTING_GROUP_CONFLICT,"[""LEAKAGE_EXISTING_GROUP_CONFLICT""]"
884,RANKS_0501_1000_EXECUTION,COVAPIE_CYS_SG_EVENT_V1:4Q01:B:CYS:39-:SG:H:2XH:SAH,4Q01,2XH,B,,CYS,39,SG,H,SAH,PASSED,PASSED,PASSED_EXPLICIT_EVENT,PASSED,NOT_APPLICABLE_BLOCKED_STRUCTURAL_OR_LEAKAGE,,,,NO_POSITIVE_AUTHORITY,false,false,false,,true,false,true,,false,,false,false,false,false,false,false,false,LEAKAGE_EXISTING_GROUP_CONFLICT,,,false,LEAKAGE_EXISTING_GROUP_CONFLICT,"[""LEAKAGE_EXISTING_GROUP_CONFLICT""]"
885,RANKS_0501_1000_EXECUTION,COVAPIE_CYS_SG_EVENT_V1:4Q02:A:CYS:39-:SG:D:2XG:SAG,4Q02,2XG,A,,CYS,39,SG,D,SAG,PASSED,PASSED,PASSED_EXPLICIT_EVENT,PASSED,NOT_APPLICABLE_BLOCKED_STRUCTURAL_OR_LEAKAGE,,,,NO_POSITIVE_AUTHORITY,false,false,false,,true,false,true,,false,,false,false,false,false,false,false,false,LEAKAGE_EXISTING_GROUP_CONFLICT,,,false,LEAKAGE_EXISTING_GROUP_CONFLICT,"[""LEAKAGE_EXISTING_GROUP_CONFLICT""]"
886,RANKS_0501_1000_EXECUTION,COVAPIE_CYS_SG_EVENT_V1:4Q95:A:CYS:125-:SG:C:SHV:C1,4Q95,SHV,A,,CYS,125,SG,C,C1,PASSED,PASSED,PASSED_EXPLICIT_EVENT,PASSED,NOT_APPLICABLE_BLOCKED_STRUCTURAL_OR_LEAKAGE,,,,NO_POSITIVE_AUTHORITY,false,false,false,,true,false,true,,false,,false,false,false,false,false,false,false,NEW_EXPANSION_COMPONENT,COVAPIE_EXPANSION_LEAKAGE_GROUP_880B3829F6CB2445,,false,QUARANTINE_REPRESENTATION_GAP,"[""PRE_ONLY_ATOMS_CANNOT_BE_DROPPED_OR_GIVEN_COORDINATES""]"
887,RANKS_0501_1000_EXECUTION,COVAPIE_CYS_SG_EVENT_V1:4Q95:B:CYS:125-:SG:D:SHV:C1,4Q95,SHV,B,,CYS,125,SG,D,C1,PASSED,PASSED,PASSED_EXPLICIT_EVENT,PASSED,NOT_APPLICABLE_BLOCKED_STRUCTURAL_OR_LEAKAGE,,,,NO_POSITIVE_AUTHORITY,false,false,false,,true,false,true,,false,,false,false,false,false,false,false,false,NEW_EXPANSION_COMPONENT,COVAPIE_EXPANSION_LEAKAGE_GROUP_880B3829F6CB2445,,false,QUARANTINE_REPRESENTATION_GAP,"[""PRE_ONLY_ATOMS_CANNOT_BE_DROPPED_OR_GIVEN_COORDINATES""]"
888,RANKS_0501_1000_EXECUTION,COVAPIE_CYS_SG_EVENT_V1:4QBB:A:CYS:51-:SG:E:E69:C1,4QBB,E69,A,,CYS,51,SG,E,C1,PASSED,PASSED,PASSED_EXPLICIT_EVENT,PASSED,NOT_APPLICABLE_BLOCKED_STRUCTURAL_OR_LEAKAGE,,,,NO_POSITIVE_AUTHORITY,false,false,false,,true,false,true,,false,,false,false,false,false,false,false,false,LEAKAGE_EXISTING_GROUP_CONFLICT,,,false,LEAKAGE_EXISTING_GROUP_CONFLICT,"[""LEAKAGE_EXISTING_GROUP_CONFLICT""]"
889,RANKS_0501_1000_EXECUTION,COVAPIE_CYS_SG_EVENT_V1:4QBB:B:CYS:51-:SG:F:E69:C1,4QBB,E69,B,,CYS,51,SG,F,C1,PASSED,PASSED,PASSED_EXPLICIT_EVENT,PASSED,NOT_APPLICABLE_BLOCKED_STRUCTURAL_OR_LEAKAGE,,,,NO_POSITIVE_AUTHORITY,false,false,false,,true,false,true,,false,,false,false,false,false,false,false,false,LEAKAGE_EXISTING_GROUP_CONFLICT,,,false,LEAKAGE_EXISTING_GROUP_CONFLICT,"[""LEAKAGE_EXISTING_GROUP_CONFLICT""]"
890,RANKS_0501_1000_EXECUTION,COVAPIE_CYS_SG_EVENT_V1:4QBB:C:CYS:51-:SG:G:E69:C1,4QBB,E69,C,,CYS,51,SG,G,C1,PASSED,PASSED,PASSED_EXPLICIT_EVENT,PASSED,NOT_APPLICABLE_BLOCKED_STRUCTURAL_OR_LEAKAGE,,,,NO_POSITIVE_AUTHORITY,false,false,false,,true,false,true,,false,,false,false,false,false,false,false,false,LEAKAGE_EXISTING_GROUP_CONFLICT,,,false,LEAKAGE_EXISTING_GROUP_CONFLICT,"[""LEAKAGE_EXISTING_GROUP_CONFLICT""]"
891,RANKS_0501_1000_EXECUTION,COVAPIE_CYS_SG_EVENT_V1:4QH6:A:CYS:25-:SG:F:33L:CAM,4QH6,33L,A,,CYS,25,SG,F,CAM,PASSED,PASSED,PASSED_EXPLICIT_EVENT,PASSED,NOT_APPLICABLE_BLOCKED_STRUCTURAL_OR_LEAKAGE,,,,NO_POSITIVE_AUTHORITY,false,false,false,,true,false,true,,false,,false,false,false,false,false,false,false,LEAKAGE_EXISTING_GROUP_CONFLICT,,,false,LEAKAGE_EXISTING_GROUP_CONFLICT,"[""LEAKAGE_EXISTING_GROUP_CONFLICT""]"
892,RANKS_0501_1000_EXECUTION,COVAPIE_CYS_SG_EVENT_V1:4QKX:A:CYS:1093-:SG:E:35V:SAE,4QKX,35V,A,,CYS,1093,SG,E,SAE,PASSED,PASSED,PASSED_EXPLICIT_EVENT,PASSED,UNRESOLVED_HUMAN_REVIEW,,,,NO_POSITIVE_AUTHORITY,false,false,false,,true,false,true,,false,,false,false,false,false,false,false,false,NEW_EXPANSION_COMPONENT,COVAPIE_EXPANSION_LEAKAGE_GROUP_E8C570E9F1909C86,,false,HUMAN_REVIEW_REQUIRED,"[""PRE_CHEMISTRY_NOT_PRODUCTION_AUTHORITATIVE"",""NO_FAMILY_LEVEL_AUTO_ADMISSION"",""NO_SINGLE_EXACT_RULE_MATCHED_EVERY_EVENT;HUMAN_REVIEW_RETAINED""]"
893,RANKS_0501_1000_EXECUTION,COVAPIE_CYS_SG_EVENT_V1:4QPS:A:CYS:909-:SG:C:37Q:C1,4QPS,37Q,A,,CYS,909,SG,C,C1,PASSED,PASSED,PASSED_EXPLICIT_EVENT,PASSED,UNRESOLVED_HUMAN_REVIEW,,,,NO_POSITIVE_AUTHORITY,false,false,false,,true,false,true,,false,,false,false,false,false,false,false,false,NEW_EXPANSION_COMPONENT,COVAPIE_EXPANSION_LEAKAGE_GROUP_0A9F9A911F551787,,false,HUMAN_REVIEW_REQUIRED,"[""PRE_CHEMISTRY_NOT_PRODUCTION_AUTHORITATIVE"",""NO_FAMILY_LEVEL_AUTO_ADMISSION"",""NO_SINGLE_EXACT_RULE_MATCHED_EVERY_EVENT;HUMAN_REVIEW_RETAINED""]"
894,RANKS_0501_1000_EXECUTION,COVAPIE_CYS_SG_EVENT_V1:4QQ5:A:CYS:482-:SG:B:37O:C46,4QQ5,37O,A,,CYS,482,SG,B,C46,PASSED,UNAVAILABLE,FAILED_CLOSED,NOT_REACHED,NOT_APPLICABLE_BLOCKED_STRUCTURAL_OR_LEAKAGE,,,,NO_POSITIVE_AUTHORITY,false,false,false,,false,false,false,,false,,false,false,false,false,false,false,false,LEAKAGE_EVIDENCE_INCOMPLETE,,,false,STRUCTURAL_EVIDENCE_INCOMPLETE,"[""MMCIF_EXACT_CYS_SG_STRUCT_CONN_NOT_RECOVERED""]"
895,RANKS_0501_1000_EXECUTION,COVAPIE_CYS_SG_EVENT_V1:4QQC:A:CYS:477-:SG:B:37O:C46,4QQC,37O,A,,CYS,477,SG,B,C46,PASSED,UNAVAILABLE,FAILED_CLOSED,NOT_REACHED,NOT_APPLICABLE_BLOCKED_STRUCTURAL_OR_LEAKAGE,,,,NO_POSITIVE_AUTHORITY,false,false,false,,false,false,false,,false,,false,false,false,false,false,false,false,LEAKAGE_EVIDENCE_INCOMPLETE,,,false,STRUCTURAL_EVIDENCE_INCOMPLETE,"[""MMCIF_EXACT_CYS_SG_STRUCT_CONN_NOT_RECOVERED""]"
896,RANKS_0501_1000_EXECUTION,COVAPIE_CYS_SG_EVENT_V1:4QR7:A:CYS:354-:SG:C:DWZ:CAA,4QR7,DWZ,A,,CYS,354,SG,C,CAA,PASSED,UNAVAILABLE,FAILED_CLOSED,NOT_REACHED,NOT_APPLICABLE_BLOCKED_STRUCTURAL_OR_LEAKAGE,,,,NO_POSITIVE_AUTHORITY,false,false,false,,false,false,false,,false,,false,false,false,false,false,false,false,LEAKAGE_EVIDENCE_INCOMPLETE,,,false,STRUCTURAL_EVIDENCE_INCOMPLETE,"[""MMCIF_EXACT_CYS_SG_STRUCT_CONN_NOT_RECOVERED""]"
897,RANKS_0501_1000_EXECUTION,COVAPIE_CYS_SG_EVENT_V1:4QTF:A:CYS:354-:SG:C:3V5:CAT,4QTF,3V5,A,,CYS,354,SG,C,CAT,PASSED,UNAVAILABLE,FAILED_CLOSED,NOT_REACHED,NOT_APPLICABLE_BLOCKED_STRUCTURAL_OR_LEAKAGE,,,,NO_POSITIVE_AUTHORITY,false,false,false,,false,false,false,,false,,false,false,false,false,false,false,false,LEAKAGE_EVIDENCE_INCOMPLETE,,,false,STRUCTURAL_EVIDENCE_INCOMPLETE,"[""MMCIF_EXACT_CYS_SG_STRUCT_CONN_NOT_RECOVERED""]"
898,RANKS_0501_1000_EXECUTION,COVAPIE_CYS_SG_EVENT_V1:4R0O:A:CYS:45-:SG:F:LCY:C1,4R0O,LCY,A,,CYS,45,SG,F,C1,PASSED,PASSED,PASSED_EXPLICIT_EVENT,PASSED,UNRESOLVED_HUMAN_REVIEW,,,,NO_POSITIVE_AUTHORITY,false,false,false,,true,false,true,,false,,false,false,false,false,false,false,false,NEW_EXPANSION_COMPONENT,COVAPIE_EXPANSION_LEAKAGE_GROUP_78551592AD8F1BC1,,false,HUMAN_REVIEW_REQUIRED,"[""PRE_CHEMISTRY_NOT_PRODUCTION_AUTHORITATIVE"",""NO_FAMILY_LEVEL_AUTO_ADMISSION"",""NO_SINGLE_EXACT_RULE_MATCHED_EVERY_EVENT;HUMAN_REVIEW_RETAINED""]"
899,RANKS_0501_1000_EXECUTION,COVAPIE_CYS_SG_EVENT_V1:4R0O:B:CYS:45-:SG:H:LCY:C1,4R0O,LCY,B,,CYS,45,SG,H,C1,PASSED,PASSED,PASSED_EXPLICIT_EVENT,PASSED,UNRESOLVED_HUMAN_REVIEW,,,,NO_POSITIVE_AUTHORITY,false,false,false,,true,false,true,,false,,false,false,false,false,false,false,false,NEW_EXPANSION_COMPONENT,COVAPIE_EXPANSION_LEAKAGE_GROUP_78551592AD8F1BC1,,false,HUMAN_REVIEW_REQUIRED,"[""PRE_CHEMISTRY_NOT_PRODUCTION_AUTHORITATIVE"",""NO_FAMILY_LEVEL_AUTO_ADMISSION"",""NO_SINGLE_EXACT_RULE_MATCHED_EVERY_EVENT;HUMAN_REVIEW_RETAINED""]"
900,RANKS_0501_1000_EXECUTION,COVAPIE_CYS_SG_EVENT_V1:4R0O:C:CYS:45-:SG:J:LCY:C1,4R0O,LCY,C,,CYS,45,SG,J,C1,PASSED,PASSED,PASSED_EXPLICIT_EVENT,PASSED,UNRESOLVED_HUMAN_REVIEW,,,,NO_POSITIVE_AUTHORITY,false,false,false,,true,false,true,,false,,false,false,false,false,false,false,false,NEW_EXPANSION_COMPONENT,COVAPIE_EXPANSION_LEAKAGE_GROUP_78551592AD8F1BC1,,false,HUMAN_REVIEW_REQUIRED,"[""PRE_CHEMISTRY_NOT_PRODUCTION_AUTHORITATIVE"",""NO_FAMILY_LEVEL_AUTO_ADMISSION"",""NO_SINGLE_EXACT_RULE_MATCHED_EVERY_EVENT;HUMAN_REVIEW_RETAINED""]"
901,RANKS_0501_1000_EXECUTION,COVAPIE_CYS_SG_EVENT_V1:4R0O:D:CYS:45-:SG:L:LCY:C1,4R0O,LCY,D,,CYS,45,SG,L,C1,PASSED,PASSED,PASSED_EXPLICIT_EVENT,PASSED,UNRESOLVED_HUMAN_REVIEW,,,,NO_POSITIVE_AUTHORITY,false,false,false,,true,false,true,,false,,false,false,false,false,false,false,false,NEW_EXPANSION_COMPONENT,COVAPIE_EXPANSION_LEAKAGE_GROUP_78551592AD8F1BC1,,false,HUMAN_REVIEW_REQUIRED,"[""PRE_CHEMISTRY_NOT_PRODUCTION_AUTHORITATIVE"",""NO_FAMILY_LEVEL_AUTO_ADMISSION"",""NO_SINGLE_EXACT_RULE_MATCHED_EVERY_EVENT;HUMAN_REVIEW_RETAINED""]"
902,RANKS_0501_1000_EXECUTION,COVAPIE_CYS_SG_EVENT_V1:4R5S:A:CYS:797-:SG:B:FI3:CAV,4R5S,FI3,A,,CYS,797,SG,B,CAV,PASSED,UNAVAILABLE,FAILED_CLOSED,NOT_REACHED,NOT_APPLICABLE_BLOCKED_STRUCTURAL_OR_LEAKAGE,,,,NO_POSITIVE_AUTHORITY,false,false,false,,false,false,false,,false,,false,false,false,false,false,false,false,LEAKAGE_EVIDENCE_INCOMPLETE,,,false,STRUCTURAL_EVIDENCE_INCOMPLETE,"[""MMCIF_EXACT_CYS_SG_STRUCT_CONN_NOT_RECOVERED""]"
903,RANKS_0501_1000_EXECUTION,COVAPIE_CYS_SG_EVENT_V1:4R6V:A:CYS:477-:SG:B:FI3:CAV,4R6V,FI3,A,,CYS,477,SG,B,CAV,PASSED,UNAVAILABLE,FAILED_CLOSED,NOT_REACHED,NOT_APPLICABLE_BLOCKED_STRUCTURAL_OR_LEAKAGE,,,,NO_POSITIVE_AUTHORITY,false,false,false,,false,false,false,,false,,false,false,false,false,false,false,false,LEAKAGE_EVIDENCE_INCOMPLETE,,,false,STRUCTURAL_EVIDENCE_INCOMPLETE,"[""MMCIF_EXACT_CYS_SG_STRUCT_CONN_NOT_RECOVERED""]"
904,RANKS_0501_1000_EXECUTION,COVAPIE_CYS_SG_EVENT_V1:4R7U:A:CYS:116-:SG:F:FFQ:C1,4R7U,FFQ,A,,CYS,116,SG,F,C1,PASSED,PASSED,PASSED_EXPLICIT_EVENT,PASSED,UNRESOLVED_HUMAN_REVIEW,,,,NO_POSITIVE_AUTHORITY,false,false,false,,true,false,true,,false,,false,false,false,false,false,false,false,NEW_EXPANSION_COMPONENT,COVAPIE_EXPANSION_LEAKAGE_GROUP_6EEAD03A4A40B8C8,,false,HUMAN_REVIEW_REQUIRED,"[""PRE_CHEMISTRY_NOT_PRODUCTION_AUTHORITATIVE"",""NO_FAMILY_LEVEL_AUTO_ADMISSION"",""NO_SINGLE_EXACT_RULE_MATCHED_EVERY_EVENT;HUMAN_REVIEW_RETAINED""]"
905,RANKS_0501_1000_EXECUTION,COVAPIE_CYS_SG_EVENT_V1:4R7U:B:CYS:116-:SG:J:FFQ:C1,4R7U,FFQ,B,,CYS,116,SG,J,C1,PASSED,PASSED,PASSED_EXPLICIT_EVENT,PASSED,UNRESOLVED_HUMAN_REVIEW,,,,NO_POSITIVE_AUTHORITY,false,false,false,,true,false,true,,false,,false,false,false,false,false,false,false,NEW_EXPANSION_COMPONENT,COVAPIE_EXPANSION_LEAKAGE_GROUP_6EEAD03A4A40B8C8,,false,HUMAN_REVIEW_REQUIRED,"[""PRE_CHEMISTRY_NOT_PRODUCTION_AUTHORITATIVE"",""NO_FAMILY_LEVEL_AUTO_ADMISSION"",""NO_SINGLE_EXACT_RULE_MATCHED_EVERY_EVENT;HUMAN_REVIEW_RETAINED""]"
906,RANKS_0501_1000_EXECUTION,COVAPIE_CYS_SG_EVENT_V1:4R7U:C:CYS:116-:SG:M:FFQ:C1,4R7U,FFQ,C,,CYS,116,SG,M,C1,PASSED,PASSED,PASSED_EXPLICIT_EVENT,PASSED,UNRESOLVED_HUMAN_REVIEW,,,,NO_POSITIVE_AUTHORITY,false,false,false,,true,false,true,,false,,false,false,false,false,false,false,false,NEW_EXPANSION_COMPONENT,COVAPIE_EXPANSION_LEAKAGE_GROUP_6EEAD03A4A40B8C8,,false,HUMAN_REVIEW_REQUIRED,"[""PRE_CHEMISTRY_NOT_PRODUCTION_AUTHORITATIVE"",""NO_FAMILY_LEVEL_AUTO_ADMISSION"",""NO_SINGLE_EXACT_RULE_MATCHED_EVERY_EVENT;HUMAN_REVIEW_RETAINED""]"
907,RANKS_0501_1000_EXECUTION,COVAPIE_CYS_SG_EVENT_V1:4R7U:D:CYS:116-:SG:Q:FFQ:C1,4R7U,FFQ,D,,CYS,116,SG,Q,C1,PASSED,PASSED,PASSED_EXPLICIT_EVENT,PASSED,UNRESOLVED_HUMAN_REVIEW,,,,NO_POSITIVE_AUTHORITY,false,false,false,,true,false,true,,false,,false,false,false,false,false,false,false,NEW_EXPANSION_COMPONENT,COVAPIE_EXPANSION_LEAKAGE_GROUP_6EEAD03A4A40B8C8,,false,HUMAN_REVIEW_REQUIRED,"[""PRE_CHEMISTRY_NOT_PRODUCTION_AUTHORITATIVE"",""NO_FAMILY_LEVEL_AUTO_ADMISSION"",""NO_SINGLE_EXACT_RULE_MATCHED_EVERY_EVENT;HUMAN_REVIEW_RETAINED""]"
908,RANKS_0501_1000_EXECUTION,COVAPIE_CYS_SG_EVENT_V1:4RBM:A:CYS:477-:SG:R:CKC:CAK,4RBM,CKC,A,,CYS,477,SG,R,CAK,PASSED,PASSED,PASSED_EXPLICIT_EVENT,PASSED,UNRESOLVED_HUMAN_REVIEW,,,,NO_POSITIVE_AUTHORITY,false,false,false,,true,false,true,,false,,false,false,false,false,false,false,false,NEW_EXPANSION_COMPONENT,COVAPIE_EXPANSION_LEAKAGE_GROUP_047E0972F2382F45,,false,HUMAN_REVIEW_REQUIRED,"[""PRE_CHEMISTRY_NOT_PRODUCTION_AUTHORITATIVE"",""NO_FAMILY_LEVEL_AUTO_ADMISSION"",""NO_SINGLE_EXACT_RULE_MATCHED_EVERY_EVENT;HUMAN_REVIEW_RETAINED""]"
909,RANKS_0501_1000_EXECUTION,COVAPIE_CYS_SG_EVENT_V1:4V37:A:CYS:450-:SG:F:0D8:C8,4V37,0D8,A,,CYS,450,SG,F,C8,PASSED,PASSED,PASSED_EXPLICIT_EVENT,PASSED,UNRESOLVED_HUMAN_REVIEW,,,,NO_POSITIVE_AUTHORITY,false,false,false,,true,false,true,,false,,false,false,false,false,false,false,false,NEW_EXPANSION_COMPONENT,COVAPIE_EXPANSION_LEAKAGE_GROUP_3B5CAC668C69FB54,,false,HUMAN_REVIEW_REQUIRED,"[""PRE_CHEMISTRY_NOT_PRODUCTION_AUTHORITATIVE"",""NO_FAMILY_LEVEL_AUTO_ADMISSION"",""NO_SINGLE_EXACT_RULE_MATCHED_EVERY_EVENT;HUMAN_REVIEW_RETAINED""]"
910,RANKS_0501_1000_EXECUTION,COVAPIE_CYS_SG_EVENT_V1:4V37:B:CYS:450-:SG:K:0D8:C8,4V37,0D8,B,,CYS,450,SG,K,C8,PASSED,PASSED,PASSED_EXPLICIT_EVENT,PASSED,UNRESOLVED_HUMAN_REVIEW,,,,NO_POSITIVE_AUTHORITY,false,false,false,,true,false,true,,false,,false,false,false,false,false,false,false,NEW_EXPANSION_COMPONENT,COVAPIE_EXPANSION_LEAKAGE_GROUP_3B5CAC668C69FB54,,false,HUMAN_REVIEW_REQUIRED,"[""PRE_CHEMISTRY_NOT_PRODUCTION_AUTHORITATIVE"",""NO_FAMILY_LEVEL_AUTO_ADMISSION"",""NO_SINGLE_EXACT_RULE_MATCHED_EVERY_EVENT;HUMAN_REVIEW_RETAINED""]"
911,RANKS_0501_1000_EXECUTION,COVAPIE_CYS_SG_EVENT_V1:4V37:C:CYS:450-:SG:P:0D8:C8,4V37,0D8,C,,CYS,450,SG,P,C8,PASSED,PASSED,PASSED_EXPLICIT_EVENT,PASSED,UNRESOLVED_HUMAN_REVIEW,,,,NO_POSITIVE_AUTHORITY,false,false,false,,true,false,true,,false,,false,false,false,false,false,false,false,NEW_EXPANSION_COMPONENT,COVAPIE_EXPANSION_LEAKAGE_GROUP_3B5CAC668C69FB54,,false,HUMAN_REVIEW_REQUIRED,"[""PRE_CHEMISTRY_NOT_PRODUCTION_AUTHORITATIVE"",""NO_FAMILY_LEVEL_AUTO_ADMISSION"",""NO_SINGLE_EXACT_RULE_MATCHED_EVERY_EVENT;HUMAN_REVIEW_RETAINED""]"
912,RANKS_0501_1000_EXECUTION,COVAPIE_CYS_SG_EVENT_V1:4V37:D:CYS:450-:SG:V:0D8:C8,4V37,0D8,D,,CYS,450,SG,V,C8,PASSED,PASSED,PASSED_EXPLICIT_EVENT,PASSED,UNRESOLVED_HUMAN_REVIEW,,,,NO_POSITIVE_AUTHORITY,false,false,false,,true,false,true,,false,,false,false,false,false,false,false,false,NEW_EXPANSION_COMPONENT,COVAPIE_EXPANSION_LEAKAGE_GROUP_3B5CAC668C69FB54,,false,HUMAN_REVIEW_REQUIRED,"[""PRE_CHEMISTRY_NOT_PRODUCTION_AUTHORITATIVE"",""NO_FAMILY_LEVEL_AUTO_ADMISSION"",""NO_SINGLE_EXACT_RULE_MATCHED_EVERY_EVENT;HUMAN_REVIEW_RETAINED""]"
913,RANKS_0501_1000_EXECUTION,COVAPIE_CYS_SG_EVENT_V1:4V3F:A:CYS:450-:SG:J:CHT:C4,4V3F,CHT,A,,CYS,450,SG,J,C4,PASSED,PASSED,PASSED_EXPLICIT_EVENT,PASSED,UNRESOLVED_HUMAN_REVIEW,,,,NO_POSITIVE_AUTHORITY,false,false,false,,true,false,true,,false,,false,false,false,false,false,false,false,LEAKAGE_EVIDENCE_INCOMPLETE,,,false,HUMAN_REVIEW_REQUIRED,"[""PRE_CHEMISTRY_NOT_PRODUCTION_AUTHORITATIVE"",""NO_FAMILY_LEVEL_AUTO_ADMISSION"",""NO_SINGLE_EXACT_RULE_MATCHED_EVERY_EVENT;HUMAN_REVIEW_RETAINED""]"
914,RANKS_0501_1000_EXECUTION,COVAPIE_CYS_SG_EVENT_V1:4V3F:B:CYS:450-:SG:P:CHT:C4,4V3F,CHT,B,,CYS,450,SG,P,C4,PASSED,PASSED,PASSED_EXPLICIT_EVENT,PASSED,UNRESOLVED_HUMAN_REVIEW,,,,NO_POSITIVE_AUTHORITY,false,false,false,,true,false,true,,false,,false,false,false,false,false,false,false,LEAKAGE_EVIDENCE_INCOMPLETE,,,false,HUMAN_REVIEW_REQUIRED,"[""PRE_CHEMISTRY_NOT_PRODUCTION_AUTHORITATIVE"",""NO_FAMILY_LEVEL_AUTO_ADMISSION"",""NO_SINGLE_EXACT_RULE_MATCHED_EVERY_EVENT;HUMAN_REVIEW_RETAINED""]"
915,RANKS_0501_1000_EXECUTION,COVAPIE_CYS_SG_EVENT_V1:4V3F:D:CYS:450-:SG:Z:CHT:C4,4V3F,CHT,D,,CYS,450,SG,Z,C4,PASSED,PASSED,PASSED_EXPLICIT_EVENT,PASSED,UNRESOLVED_HUMAN_REVIEW,,,,NO_POSITIVE_AUTHORITY,false,false,false,,true,false,true,,false,,false,false,false,false,false,false,false,LEAKAGE_EVIDENCE_INCOMPLETE,,,false,HUMAN_REVIEW_REQUIRED,"[""PRE_CHEMISTRY_NOT_PRODUCTION_AUTHORITATIVE"",""NO_FAMILY_LEVEL_AUTO_ADMISSION"",""NO_SINGLE_EXACT_RULE_MATCHED_EVERY_EVENT;HUMAN_REVIEW_RETAINED""]"
916,RANKS_0501_1000_EXECUTION,COVAPIE_CYS_SG_EVENT_V1:4WD5:A:CYS:797-:SG:C:3LH:CAR,4WD5,3LH,A,,CYS,797,SG,C,CAR,PASSED,UNAVAILABLE,FAILED_CLOSED,NOT_REACHED,NOT_APPLICABLE_BLOCKED_STRUCTURAL_OR_LEAKAGE,,,,NO_POSITIVE_AUTHORITY,false,false,false,,false,false,false,,false,,false,false,false,false,false,false,false,LEAKAGE_EVIDENCE_INCOMPLETE,,,false,STRUCTURAL_EVIDENCE_INCOMPLETE,"[""MMCIF_EXACT_CYS_SG_STRUCT_CONN_NOT_RECOVERED""]"
917,RANKS_0501_1000_EXECUTION,COVAPIE_CYS_SG_EVENT_V1:4WGF:A:CYS:118-:SG:I:ROP:CA,4WGF,ROP,A,,CYS,118,SG,I,CA,PASSED,PASSED,PASSED_EXPLICIT_EVENT,PASSED,UNRESOLVED_HUMAN_REVIEW,,,,NO_POSITIVE_AUTHORITY,false,false,false,,true,false,true,,false,,false,false,false,false,false,false,false,NEW_EXPANSION_COMPONENT,COVAPIE_EXPANSION_LEAKAGE_GROUP_A738987E3425C481,,false,HUMAN_REVIEW_REQUIRED,"[""PRE_CHEMISTRY_NOT_PRODUCTION_AUTHORITATIVE"",""NO_FAMILY_LEVEL_AUTO_ADMISSION"",""NO_SINGLE_EXACT_RULE_MATCHED_EVERY_EVENT;HUMAN_REVIEW_RETAINED""]"
918,RANKS_0501_1000_EXECUTION,COVAPIE_CYS_SG_EVENT_V1:4WVF:C:CYS:539-:SG:H:K76:C3,4WVF,K76,C,,CYS,539,SG,H,C3,PASSED,PASSED,PASSED_EXPLICIT_EVENT,PASSED,UNRESOLVED_HUMAN_REVIEW,,,,NO_POSITIVE_AUTHORITY,false,false,false,,true,false,true,,false,,false,false,false,false,false,false,false,NEW_EXPANSION_COMPONENT,COVAPIE_EXPANSION_LEAKAGE_GROUP_E874F1C530F9C144,,false,HUMAN_REVIEW_REQUIRED,"[""PRE_CHEMISTRY_NOT_PRODUCTION_AUTHORITATIVE"",""NO_FAMILY_LEVEL_AUTO_ADMISSION"",""NO_SINGLE_EXACT_RULE_MATCHED_EVERY_EVENT;HUMAN_REVIEW_RETAINED""]"
919,RANKS_0501_1000_EXECUTION,COVAPIE_CYS_SG_EVENT_V1:4WX6:A:CYS:122-:SG:E:3VK:C27,4WX6,3VK,A,,CYS,122,SG,E,C27,PASSED,PASSED,PASSED_EXPLICIT_EVENT,PASSED,NOT_APPLICABLE_BLOCKED_STRUCTURAL_OR_LEAKAGE,,,,NO_POSITIVE_AUTHORITY,false,false,false,,true,false,true,,false,,false,false,false,false,false,false,false,LEAKAGE_EXISTING_GROUP_CONFLICT,,,false,LEAKAGE_EXISTING_GROUP_CONFLICT,"[""LEAKAGE_EXISTING_GROUP_CONFLICT""]"
920,RANKS_0501_1000_EXECUTION,COVAPIE_CYS_SG_EVENT_V1:4WX6:C:CYS:122-:SG:F:3VK:C27,4WX6,3VK,C,,CYS,122,SG,F,C27,PASSED,PASSED,PASSED_EXPLICIT_EVENT,PASSED,NOT_APPLICABLE_BLOCKED_STRUCTURAL_OR_LEAKAGE,,,,NO_POSITIVE_AUTHORITY,false,false,false,,true,false,true,,false,,false,false,false,false,false,false,false,LEAKAGE_EXISTING_GROUP_CONFLICT,,,false,LEAKAGE_EXISTING_GROUP_CONFLICT,"[""LEAKAGE_EXISTING_GROUP_CONFLICT""]"
921,RANKS_0501_1000_EXECUTION,COVAPIE_CYS_SG_EVENT_V1:4WX7:A:CYS:122-:SG:E:3VJ:C30,4WX7,3VJ,A,,CYS,122,SG,E,C30,PASSED,PASSED,PASSED_EXPLICIT_EVENT,PASSED,NOT_APPLICABLE_BLOCKED_STRUCTURAL_OR_LEAKAGE,,,,NO_POSITIVE_AUTHORITY,false,false,false,,true,false,true,,false,,false,false,false,false,false,false,false,LEAKAGE_EXISTING_GROUP_CONFLICT,,,false,LEAKAGE_EXISTING_GROUP_CONFLICT,"[""LEAKAGE_EXISTING_GROUP_CONFLICT""]"
922,RANKS_0501_1000_EXECUTION,COVAPIE_CYS_SG_EVENT_V1:4WX7:C:CYS:122-:SG:F:3VJ:C30,4WX7,3VJ,C,,CYS,122,SG,F,C30,PASSED,PASSED,PASSED_EXPLICIT_EVENT,PASSED,NOT_APPLICABLE_BLOCKED_STRUCTURAL_OR_LEAKAGE,,,,NO_POSITIVE_AUTHORITY,false,false,false,,true,false,true,,false,,false,false,false,false,false,false,false,LEAKAGE_EXISTING_GROUP_CONFLICT,,,false,LEAKAGE_EXISTING_GROUP_CONFLICT,"[""LEAKAGE_EXISTING_GROUP_CONFLICT""]"
923,RANKS_0501_1000_EXECUTION,COVAPIE_CYS_SG_EVENT_V1:4X0T:A:CYS:302-:SG:F:3W9:C13,4X0T,3W9,A,,CYS,302,SG,F,C13,PASSED,PASSED,PASSED_EXPLICIT_EVENT,PASSED,NOT_APPLICABLE_BLOCKED_STRUCTURAL_OR_LEAKAGE,,,,NO_POSITIVE_AUTHORITY,false,false,false,,true,false,true,,false,,false,false,false,false,false,false,false,LEAKAGE_EXISTING_GROUP_CONFLICT,,,false,LEAKAGE_EXISTING_GROUP_CONFLICT,"[""LEAKAGE_EXISTING_GROUP_CONFLICT""]"
924,RANKS_0501_1000_EXECUTION,COVAPIE_CYS_SG_EVENT_V1:4X0T:B:CYS:302-:SG:H:3W9:C13,4X0T,3W9,B,,CYS,302,SG,H,C13,PASSED,PASSED,PASSED_EXPLICIT_EVENT,PASSED,NOT_APPLICABLE_BLOCKED_STRUCTURAL_OR_LEAKAGE,,,,NO_POSITIVE_AUTHORITY,false,false,false,,true,false,true,,false,,false,false,false,false,false,false,false,LEAKAGE_EXISTING_GROUP_CONFLICT,,,false,LEAKAGE_EXISTING_GROUP_CONFLICT,"[""LEAKAGE_EXISTING_GROUP_CONFLICT""]"
925,RANKS_0501_1000_EXECUTION,COVAPIE_CYS_SG_EVENT_V1:4X0T:C:CYS:302-:SG:J:3W9:C13,4X0T,3W9,C,,CYS,302,SG,J,C13,PASSED,PASSED,PASSED_EXPLICIT_EVENT,PASSED,NOT_APPLICABLE_BLOCKED_STRUCTURAL_OR_LEAKAGE,,,,NO_POSITIVE_AUTHORITY,false,false,false,,true,false,true,,false,,false,false,false,false,false,false,false,LEAKAGE_EXISTING_GROUP_CONFLICT,,,false,LEAKAGE_EXISTING_GROUP_CONFLICT,"[""LEAKAGE_EXISTING_GROUP_CONFLICT""]"
926,RANKS_0501_1000_EXECUTION,COVAPIE_CYS_SG_EVENT_V1:4X0T:D:CYS:302-:SG:L:3W9:C13,4X0T,3W9,D,,CYS,302,SG,L,C13,PASSED,PASSED,PASSED_EXPLICIT_EVENT,PASSED,NOT_APPLICABLE_BLOCKED_STRUCTURAL_OR_LEAKAGE,,,,NO_POSITIVE_AUTHORITY,false,false,false,,true,false,true,,false,,false,false,false,false,false,false,false,LEAKAGE_EXISTING_GROUP_CONFLICT,,,false,LEAKAGE_EXISTING_GROUP_CONFLICT,"[""LEAKAGE_EXISTING_GROUP_CONFLICT""]"
927,RANKS_0501_1000_EXECUTION,COVAPIE_CYS_SG_EVENT_V1:4X6J:A:CYS:25-:SG:H:3Y2:C1,4X6J,3Y2,A,,CYS,25,SG,H,C1,PASSED,PASSED,PASSED_EXPLICIT_EVENT,PASSED,NOT_APPLICABLE_BLOCKED_STRUCTURAL_OR_LEAKAGE,,,,NO_POSITIVE_AUTHORITY,false,false,false,,true,false,true,,false,,false,false,false,false,false,false,false,LEAKAGE_EXISTING_GROUP_CONFLICT,,,false,LEAKAGE_EXISTING_GROUP_CONFLICT,"[""LEAKAGE_EXISTING_GROUP_CONFLICT""]"
928,RANKS_0501_1000_EXECUTION,COVAPIE_CYS_SG_EVENT_V1:4XBB:A:CYS:139-:SG:B:3ZR:C31,4XBB,3ZR,A,,CYS,139,SG,B,C31,PASSED,PASSED,PASSED_EXPLICIT_EVENT,PASSED,NOT_APPLICABLE_BLOCKED_STRUCTURAL_OR_LEAKAGE,,,,NO_POSITIVE_AUTHORITY,false,false,false,,true,false,true,,false,,false,false,false,false,false,false,false,LEAKAGE_EXISTING_GROUP_CONFLICT,,,false,LEAKAGE_EXISTING_GROUP_CONFLICT,"[""LEAKAGE_EXISTING_GROUP_CONFLICT""]"
929,RANKS_0501_1000_EXECUTION,COVAPIE_CYS_SG_EVENT_V1:4XBC:A:CYS:139-:SG:B:M40:C30,4XBC,M40,A,,CYS,139,SG,B,C30,PASSED,UNAVAILABLE,FAILED_CLOSED,NOT_REACHED,NOT_APPLICABLE_BLOCKED_STRUCTURAL_OR_LEAKAGE,,,,NO_POSITIVE_AUTHORITY,false,false,false,,false,false,false,,false,,false,false,false,false,false,false,false,LEAKAGE_EVIDENCE_INCOMPLETE,,,false,STRUCTURAL_EVIDENCE_INCOMPLETE,"[""MMCIF_EXACT_CYS_SG_STRUCT_CONN_NOT_RECOVERED""]"
930,RANKS_0501_1000_EXECUTION,COVAPIE_CYS_SG_EVENT_V1:4XBD:A:CYS:139-:SG:C:M40:C30,4XBD,M40,A,,CYS,139,SG,C,C30,PASSED,PASSED,PASSED_EXPLICIT_EVENT,PASSED,NOT_APPLICABLE_BLOCKED_STRUCTURAL_OR_LEAKAGE,,,,NO_POSITIVE_AUTHORITY,false,false,false,,true,false,true,,false,,false,false,false,false,false,false,false,LEAKAGE_EXISTING_GROUP_CONFLICT,,,false,LEAKAGE_EXISTING_GROUP_CONFLICT,"[""LEAKAGE_EXISTING_GROUP_CONFLICT""]"
931,RANKS_0501_1000_EXECUTION,COVAPIE_CYS_SG_EVENT_V1:4XBD:B:CYS:139-:SG:D:M40:C30,4XBD,M40,B,,CYS,139,SG,D,C30,PASSED,PASSED,PASSED_EXPLICIT_EVENT,PASSED,NOT_APPLICABLE_BLOCKED_STRUCTURAL_OR_LEAKAGE,,,,NO_POSITIVE_AUTHORITY,false,false,false,,true,false,true,,false,,false,false,false,false,false,false,false,LEAKAGE_EXISTING_GROUP_CONFLICT,,,false,LEAKAGE_EXISTING_GROUP_CONFLICT,"[""LEAKAGE_EXISTING_GROUP_CONFLICT""]"
932,RANKS_0501_1000_EXECUTION,COVAPIE_CYS_SG_EVENT_V1:4XCU:A:CYS:552-:SG:C:40M:C8,4XCU,40M,A,,CYS,552,SG,C,C8,PASSED,UNAVAILABLE,FAILED_CLOSED,NOT_REACHED,NOT_APPLICABLE_BLOCKED_STRUCTURAL_OR_LEAKAGE,,,,NO_POSITIVE_AUTHORITY,false,false,false,,false,false,false,,false,,false,false,false,false,false,false,false,LEAKAGE_EVIDENCE_INCOMPLETE,,,false,STRUCTURAL_EVIDENCE_INCOMPLETE,"[""MMCIF_EXACT_CYS_SG_STRUCT_CONN_NOT_RECOVERED""]"
933,RANKS_0501_1000_EXECUTION,COVAPIE_CYS_SG_EVENT_V1:4XTD:A:CYS:334-:SG:C:IMP:C2,4XTD,IMP,A,,CYS,334,SG,C,C2,PASSED,PASSED,PASSED_EXPLICIT_EVENT,PASSED,NOT_APPLICABLE_BLOCKED_STRUCTURAL_OR_LEAKAGE,,,,NO_POSITIVE_AUTHORITY,false,false,false,,true,false,true,,false,,false,false,false,false,false,false,false,LEAKAGE_EXISTING_GROUP_CONFLICT,,,false,LEAKAGE_EXISTING_GROUP_CONFLICT,"[""LEAKAGE_EXISTING_GROUP_CONFLICT""]"
934,RANKS_0501_1000_EXECUTION,COVAPIE_CYS_SG_EVENT_V1:4XTD:B:CYS:334-:SG:D:IMP:C2,4XTD,IMP,B,,CYS,334,SG,D,C2,PASSED,PASSED,PASSED_EXPLICIT_EVENT,PASSED,NOT_APPLICABLE_BLOCKED_STRUCTURAL_OR_LEAKAGE,,,,NO_POSITIVE_AUTHORITY,false,false,false,,true,false,true,,false,,false,false,false,false,false,false,false,LEAKAGE_EXISTING_GROUP_CONFLICT,,,false,LEAKAGE_EXISTING_GROUP_CONFLICT,"[""LEAKAGE_EXISTING_GROUP_CONFLICT""]"
935,RANKS_0501_1000_EXECUTION,COVAPIE_CYS_SG_EVENT_V1:4XTI:A:CYS:334-:SG:C:IMP:C2,4XTI,IMP,A,,CYS,334,SG,C,C2,PASSED,PASSED,PASSED_EXPLICIT_EVENT,PASSED,NOT_APPLICABLE_BLOCKED_STRUCTURAL_OR_LEAKAGE,,,,NO_POSITIVE_AUTHORITY,false,false,false,,true,false,true,,false,,false,false,false,false,false,false,false,LEAKAGE_EXISTING_GROUP_CONFLICT,,,false,LEAKAGE_EXISTING_GROUP_CONFLICT,"[""LEAKAGE_EXISTING_GROUP_CONFLICT""]"
936,RANKS_0501_1000_EXECUTION,COVAPIE_CYS_SG_EVENT_V1:4XZ0:A:CYS:117-:SG:B:4N5:CAF,4XZ0,4N5,A,,CYS,117,SG,B,CAF,PASSED,UNAVAILABLE,FAILED_CLOSED,NOT_REACHED,NOT_APPLICABLE_BLOCKED_STRUCTURAL_OR_LEAKAGE,,,,NO_POSITIVE_AUTHORITY,false,false,false,,false,false,false,,false,,false,false,false,false,false,false,false,LEAKAGE_EVIDENCE_INCOMPLETE,,,false,STRUCTURAL_EVIDENCE_INCOMPLETE,"[""MMCIF_EXACT_CYS_SG_STRUCT_CONN_NOT_RECOVERED""]"
937,RANKS_0501_1000_EXECUTION,COVAPIE_CYS_SG_EVENT_V1:4XZ1:A:CYS:78-:SG:C:4N6:CAL,4XZ1,4N6,A,,CYS,78,SG,C,CAL,PASSED,PASSED,PASSED_EXPLICIT_EVENT,PASSED,NOT_APPLICABLE_BLOCKED_STRUCTURAL_OR_LEAKAGE,,,,NO_POSITIVE_AUTHORITY,false,false,false,,true,false,true,,false,,false,false,false,false,false,false,false,NEW_EXPANSION_COMPONENT,COVAPIE_EXPANSION_LEAKAGE_GROUP_BFAA28A7C98CE72E,,false,QUARANTINE_REPRESENTATION_GAP,"[""PRE_ONLY_ATOMS_CANNOT_BE_DROPPED_OR_GIVEN_COORDINATES""]"
938,RANKS_0501_1000_EXECUTION,COVAPIE_CYS_SG_EVENT_V1:4YHF:A:CYS:481-:SG:C:4C9:C1,4YHF,4C9,A,,CYS,481,SG,C,C1,PASSED,PASSED,PASSED_EXPLICIT_EVENT,PASSED,UNRESOLVED_HUMAN_REVIEW,,,,NO_POSITIVE_AUTHORITY,false,false,false,,true,false,true,,false,,false,false,false,false,false,false,false,SAME_EXISTING_EXPANSION_COMPONENT,COVAPIE_EXPANSION_LEAKAGE_GROUP_29510E7F8D2A7A5F,,false,HUMAN_REVIEW_REQUIRED,"[""PRE_CHEMISTRY_NOT_PRODUCTION_AUTHORITATIVE"",""NO_FAMILY_LEVEL_AUTO_ADMISSION"",""NO_SINGLE_EXACT_RULE_MATCHED_EVERY_EVENT;HUMAN_REVIEW_RETAINED""]"
939,RANKS_0501_1000_EXECUTION,COVAPIE_CYS_SG_EVENT_V1:4YHF:B:CYS:481-:SG:V:4C9:C1,4YHF,4C9,B,,CYS,481,SG,V,C1,PASSED,PASSED,PASSED_EXPLICIT_EVENT,PASSED,UNRESOLVED_HUMAN_REVIEW,,,,NO_POSITIVE_AUTHORITY,false,false,false,,true,false,true,,false,,false,false,false,false,false,false,false,SAME_EXISTING_EXPANSION_COMPONENT,COVAPIE_EXPANSION_LEAKAGE_GROUP_29510E7F8D2A7A5F,,false,HUMAN_REVIEW_REQUIRED,"[""PRE_CHEMISTRY_NOT_PRODUCTION_AUTHORITATIVE"",""NO_FAMILY_LEVEL_AUTO_ADMISSION"",""NO_SINGLE_EXACT_RULE_MATCHED_EVERY_EVENT;HUMAN_REVIEW_RETAINED""]"
940,RANKS_0501_1000_EXECUTION,COVAPIE_CYS_SG_EVENT_V1:4YQM:A:CYS:32-:SG:D:4G9:C7,4YQM,4G9,A,,CYS,32,SG,D,C7,PASSED,PASSED,PASSED_EXPLICIT_EVENT,PASSED,NOT_APPLICABLE_BLOCKED_STRUCTURAL_OR_LEAKAGE,,,,NO_POSITIVE_AUTHORITY,false,false,false,,true,false,true,,false,,false,false,false,false,false,false,false,LEAKAGE_EXISTING_GROUP_CONFLICT,,,false,LEAKAGE_EXISTING_GROUP_CONFLICT,"[""LEAKAGE_EXISTING_GROUP_CONFLICT""]"
941,RANKS_0501_1000_EXECUTION,COVAPIE_CYS_SG_EVENT_V1:4YQM:B:CYS:32-:SG:F:4G9:C7,4YQM,4G9,B,,CYS,32,SG,F,C7,PASSED,PASSED,PASSED_EXPLICIT_EVENT,PASSED,NOT_APPLICABLE_BLOCKED_STRUCTURAL_OR_LEAKAGE,,,,NO_POSITIVE_AUTHORITY,false,false,false,,true,false,true,,false,,false,false,false,false,false,false,false,LEAKAGE_EXISTING_GROUP_CONFLICT,,,false,LEAKAGE_EXISTING_GROUP_CONFLICT,"[""LEAKAGE_EXISTING_GROUP_CONFLICT""]"
942,RANKS_0501_1000_EXECUTION,COVAPIE_CYS_SG_EVENT_V1:4YQM:C:CYS:32-:SG:H:4G9:C7,4YQM,4G9,C,,CYS,32,SG,H,C7,PASSED,PASSED,PASSED_EXPLICIT_EVENT,PASSED,NOT_APPLICABLE_BLOCKED_STRUCTURAL_OR_LEAKAGE,,,,NO_POSITIVE_AUTHORITY,false,false,false,,true,false,true,,false,,false,false,false,false,false,false,false,LEAKAGE_EXISTING_GROUP_CONFLICT,,,false,LEAKAGE_EXISTING_GROUP_CONFLICT,"[""LEAKAGE_EXISTING_GROUP_CONFLICT""]"
943,RANKS_0501_1000_EXECUTION,COVAPIE_CYS_SG_EVENT_V1:4YQU:A:CYS:32-:SG:C:4GB:C3,4YQU,4GB,A,,CYS,32,SG,C,C3,PASSED,PASSED,PASSED_EXPLICIT_EVENT,PASSED,NOT_APPLICABLE_BLOCKED_STRUCTURAL_OR_LEAKAGE,,,,NO_POSITIVE_AUTHORITY,false,false,false,,true,false,true,,false,,false,false,false,false,false,false,false,LEAKAGE_EXISTING_GROUP_CONFLICT,,,false,LEAKAGE_EXISTING_GROUP_CONFLICT,"[""LEAKAGE_EXISTING_GROUP_CONFLICT""]"
944,RANKS_0501_1000_EXECUTION,COVAPIE_CYS_SG_EVENT_V1:4YQU:B:CYS:32-:SG:E:4GB:C3,4YQU,4GB,B,,CYS,32,SG,E,C3,PASSED,PASSED,PASSED_EXPLICIT_EVENT,PASSED,NOT_APPLICABLE_BLOCKED_STRUCTURAL_OR_LEAKAGE,,,,NO_POSITIVE_AUTHORITY,false,false,false,,true,false,true,,false,,false,false,false,false,false,false,false,LEAKAGE_EXISTING_GROUP_CONFLICT,,,false,LEAKAGE_EXISTING_GROUP_CONFLICT,"[""LEAKAGE_EXISTING_GROUP_CONFLICT""]"
945,RANKS_0501_1000_EXECUTION,COVAPIE_CYS_SG_EVENT_V1:4YQV:A:CYS:32-:SG:D:4GG:C13,4YQV,4GG,A,,CYS,32,SG,D,C13,PASSED,PASSED,PASSED_EXPLICIT_EVENT,PASSED,NOT_APPLICABLE_BLOCKED_STRUCTURAL_OR_LEAKAGE,,,,NO_POSITIVE_AUTHORITY,false,false,false,,true,false,true,,false,,false,false,false,false,false,false,false,LEAKAGE_EXISTING_GROUP_CONFLICT,,,false,LEAKAGE_EXISTING_GROUP_CONFLICT,"[""LEAKAGE_EXISTING_GROUP_CONFLICT""]"
946,RANKS_0501_1000_EXECUTION,COVAPIE_CYS_SG_EVENT_V1:4YQV:B:CYS:32-:SG:E:4GG:C13,4YQV,4GG,B,,CYS,32,SG,E,C13,PASSED,PASSED,PASSED_EXPLICIT_EVENT,PASSED,NOT_APPLICABLE_BLOCKED_STRUCTURAL_OR_LEAKAGE,,,,NO_POSITIVE_AUTHORITY,false,false,false,,true,false,true,,false,,false,false,false,false,false,false,false,LEAKAGE_EXISTING_GROUP_CONFLICT,,,false,LEAKAGE_EXISTING_GROUP_CONFLICT,"[""LEAKAGE_EXISTING_GROUP_CONFLICT""]"
947,RANKS_0501_1000_EXECUTION,COVAPIE_CYS_SG_EVENT_V1:4YQV:C:CYS:32-:SG:F:4GG:C13,4YQV,4GG,C,,CYS,32,SG,F,C13,PASSED,PASSED,PASSED_EXPLICIT_EVENT,PASSED,NOT_APPLICABLE_BLOCKED_STRUCTURAL_OR_LEAKAGE,,,,NO_POSITIVE_AUTHORITY,false,false,false,,true,false,true,,false,,false,false,false,false,false,false,false,LEAKAGE_EXISTING_GROUP_CONFLICT,,,false,LEAKAGE_EXISTING_GROUP_CONFLICT,"[""LEAKAGE_EXISTING_GROUP_CONFLICT""]"
948,RANKS_0501_1000_EXECUTION,COVAPIE_CYS_SG_EVENT_V1:4YRS:A:CYS:365-:SG:C:4JS:C,4YRS,4JS,A,,CYS,365,SG,C,C,PASSED,UNAVAILABLE,FAILED_CLOSED,NOT_REACHED,NOT_APPLICABLE_BLOCKED_STRUCTURAL_OR_LEAKAGE,,,,NO_POSITIVE_AUTHORITY,false,false,false,,false,false,false,,false,,false,false,false,false,false,false,false,LEAKAGE_EVIDENCE_INCOMPLETE,,,false,STRUCTURAL_EVIDENCE_INCOMPLETE,"[""MMCIF_EXACT_CYS_SG_STRUCT_CONN_NOT_RECOVERED""]"
949,RANKS_0501_1000_EXECUTION,COVAPIE_CYS_SG_EVENT_V1:4YRT:A:CYS:365-:SG:C:781:C9,4YRT,781,A,,CYS,365,SG,C,C9,PASSED,UNAVAILABLE,FAILED_CLOSED,NOT_REACHED,NOT_APPLICABLE_BLOCKED_STRUCTURAL_OR_LEAKAGE,,,,NO_POSITIVE_AUTHORITY,false,false,false,,false,false,false,,false,,false,false,false,false,false,false,false,LEAKAGE_EVIDENCE_INCOMPLETE,,,false,STRUCTURAL_EVIDENCE_INCOMPLETE,"[""MMCIF_EXACT_CYS_SG_STRUCT_CONN_NOT_RECOVERED""]"
950,RANKS_0501_1000_EXECUTION,COVAPIE_CYS_SG_EVENT_V1:4Z16:A:CYS:909-:SG:E:4LH:CAP,4Z16,4LH,A,,CYS,909,SG,E,CAP,PASSED,PASSED,PASSED_EXPLICIT_EVENT,PASSED,UNRESOLVED_HUMAN_REVIEW,,,,NO_POSITIVE_AUTHORITY,false,false,false,,true,false,true,,false,,false,false,false,false,false,false,false,LEAKAGE_EVIDENCE_INCOMPLETE,,,false,HUMAN_REVIEW_REQUIRED,"[""PRE_CHEMISTRY_NOT_PRODUCTION_AUTHORITATIVE"",""NO_FAMILY_LEVEL_AUTO_ADMISSION"",""NO_SINGLE_EXACT_RULE_MATCHED_EVERY_EVENT;HUMAN_REVIEW_RETAINED""]"
951,RANKS_0501_1000_EXECUTION,COVAPIE_CYS_SG_EVENT_V1:4Z16:B:CYS:909-:SG:F:4LH:CAP,4Z16,4LH,B,,CYS,909,SG,F,CAP,PASSED,PASSED,PASSED_EXPLICIT_EVENT,PASSED,UNRESOLVED_HUMAN_REVIEW,,,,NO_POSITIVE_AUTHORITY,false,false,false,,true,false,true,,false,,false,false,false,false,false,false,false,LEAKAGE_EVIDENCE_INCOMPLETE,,,false,HUMAN_REVIEW_REQUIRED,"[""PRE_CHEMISTRY_NOT_PRODUCTION_AUTHORITATIVE"",""NO_FAMILY_LEVEL_AUTO_ADMISSION"",""NO_SINGLE_EXACT_RULE_MATCHED_EVERY_EVENT;HUMAN_REVIEW_RETAINED""]"
952,RANKS_0501_1000_EXECUTION,COVAPIE_CYS_SG_EVENT_V1:4Z16:C:CYS:909-:SG:G:4LH:CAP,4Z16,4LH,C,,CYS,909,SG,G,CAP,PASSED,PASSED,PASSED_EXPLICIT_EVENT,PASSED,UNRESOLVED_HUMAN_REVIEW,,,,NO_POSITIVE_AUTHORITY,false,false,false,,true,false,true,,false,,false,false,false,false,false,false,false,LEAKAGE_EVIDENCE_INCOMPLETE,,,false,HUMAN_REVIEW_REQUIRED,"[""PRE_CHEMISTRY_NOT_PRODUCTION_AUTHORITATIVE"",""NO_FAMILY_LEVEL_AUTO_ADMISSION"",""NO_SINGLE_EXACT_RULE_MATCHED_EVERY_EVENT;HUMAN_REVIEW_RETAINED""]"
953,RANKS_0501_1000_EXECUTION,COVAPIE_CYS_SG_EVENT_V1:4Z16:D:CYS:909-:SG:H:4LH:CAP,4Z16,4LH,D,,CYS,909,SG,H,CAP,PASSED,PASSED,PASSED_EXPLICIT_EVENT,PASSED,UNRESOLVED_HUMAN_REVIEW,,,,NO_POSITIVE_AUTHORITY,false,false,false,,true,false,true,,false,,false,false,false,false,false,false,false,LEAKAGE_EVIDENCE_INCOMPLETE,,,false,HUMAN_REVIEW_REQUIRED,"[""PRE_CHEMISTRY_NOT_PRODUCTION_AUTHORITATIVE"",""NO_FAMILY_LEVEL_AUTO_ADMISSION"",""NO_SINGLE_EXACT_RULE_MATCHED_EVERY_EVENT;HUMAN_REVIEW_RETAINED""]"
954,RANKS_0501_1000_EXECUTION,COVAPIE_CYS_SG_EVENT_V1:4ZFQ:A:CYS:360-:SG:D:DWZ:CAA,4ZFQ,DWZ,A,,CYS,360,SG,D,CAA,PASSED,UNAVAILABLE,FAILED_CLOSED,NOT_REACHED,NOT_APPLICABLE_BLOCKED_STRUCTURAL_OR_LEAKAGE,,,,NO_POSITIVE_AUTHORITY,false,false,false,,false,false,false,,false,,false,false,false,false,false,false,false,LEAKAGE_EVIDENCE_INCOMPLETE,,,false,STRUCTURAL_EVIDENCE_INCOMPLETE,"[""MMCIF_EXACT_CYS_SG_STRUCT_CONN_NOT_RECOVERED""]"
955,RANKS_0501_1000_EXECUTION,COVAPIE_CYS_SG_EVENT_V1:4ZZM:A:CYS:166-:SG:C:CQ6:C,4ZZM,CQ6,A,,CYS,166,SG,C,C,PASSED,PASSED,PASSED_EXPLICIT_EVENT,PASSED,UNRESOLVED_HUMAN_REVIEW,,,,NO_POSITIVE_AUTHORITY,false,false,false,,true,false,true,,false,,false,false,false,false,false,false,false,LEAKAGE_EVIDENCE_INCOMPLETE,,,false,HUMAN_REVIEW_REQUIRED,"[""PRE_CHEMISTRY_NOT_PRODUCTION_AUTHORITATIVE"",""NO_FAMILY_LEVEL_AUTO_ADMISSION"",""NO_SINGLE_EXACT_RULE_MATCHED_EVERY_EVENT;HUMAN_REVIEW_RETAINED""]"
956,RANKS_0501_1000_EXECUTION,COVAPIE_CYS_SG_EVENT_V1:4ZZO:A:CYS:166-:SG:C:CQ3:C,4ZZO,CQ3,A,,CYS,166,SG,C,C,PASSED,PASSED,PASSED_EXPLICIT_EVENT,PASSED,UNRESOLVED_HUMAN_REVIEW,,,,NO_POSITIVE_AUTHORITY,false,false,false,,true,false,true,,false,,false,false,false,false,false,false,false,LEAKAGE_EVIDENCE_INCOMPLETE,,,false,HUMAN_REVIEW_REQUIRED,"[""PRE_CHEMISTRY_NOT_PRODUCTION_AUTHORITATIVE"",""NO_FAMILY_LEVEL_AUTO_ADMISSION"",""NO_SINGLE_EXACT_RULE_MATCHED_EVERY_EVENT;HUMAN_REVIEW_RETAINED""]"
957,RANKS_0501_1000_EXECUTION,COVAPIE_CYS_SG_EVENT_V1:5A24:A:CYS:26-:SG:B:E64:C2,5A24,E64,A,,CYS,26,SG,B,C2,PASSED,PASSED,PASSED_EXPLICIT_EVENT,PASSED,NOT_APPLICABLE_BLOCKED_STRUCTURAL_OR_LEAKAGE,,,,NO_POSITIVE_AUTHORITY,false,false,false,,true,false,true,,false,,false,false,false,false,false,false,false,LEAKAGE_EXISTING_GROUP_CONFLICT,,,false,LEAKAGE_EXISTING_GROUP_CONFLICT,"[""LEAKAGE_EXISTING_GROUP_CONFLICT""]"
958,RANKS_0501_1000_EXECUTION,COVAPIE_CYS_SG_EVENT_V1:5A2D:A:CYS:450-:SG:E:CHT:C4,5A2D,CHT,A,,CYS,450,SG,E,C4,PASSED,PASSED,PASSED_EXPLICIT_EVENT,PASSED,UNRESOLVED_HUMAN_REVIEW,,,,NO_POSITIVE_AUTHORITY,false,false,false,,true,false,true,,false,,false,false,false,false,false,false,false,NEW_EXPANSION_COMPONENT,COVAPIE_EXPANSION_LEAKAGE_GROUP_3B5CAC668C69FB54,,false,HUMAN_REVIEW_REQUIRED,"[""PRE_CHEMISTRY_NOT_PRODUCTION_AUTHORITATIVE"",""NO_FAMILY_LEVEL_AUTO_ADMISSION"",""NO_SINGLE_EXACT_RULE_MATCHED_EVERY_EVENT;HUMAN_REVIEW_RETAINED""]"
959,RANKS_0501_1000_EXECUTION,COVAPIE_CYS_SG_EVENT_V1:5A2D:B:CYS:450-:SG:H:CHT:C4,5A2D,CHT,B,,CYS,450,SG,H,C4,PASSED,PASSED,PASSED_EXPLICIT_EVENT,PASSED,UNRESOLVED_HUMAN_REVIEW,,,,NO_POSITIVE_AUTHORITY,false,false,false,,true,false,true,,false,,false,false,false,false,false,false,false,NEW_EXPANSION_COMPONENT,COVAPIE_EXPANSION_LEAKAGE_GROUP_3B5CAC668C69FB54,,false,HUMAN_REVIEW_REQUIRED,"[""PRE_CHEMISTRY_NOT_PRODUCTION_AUTHORITATIVE"",""NO_FAMILY_LEVEL_AUTO_ADMISSION"",""NO_SINGLE_EXACT_RULE_MATCHED_EVERY_EVENT;HUMAN_REVIEW_RETAINED""]"
960,RANKS_0501_1000_EXECUTION,COVAPIE_CYS_SG_EVENT_V1:5AC0:A:CYS:301-:SG:D:K9P:C8,5AC0,K9P,A,,CYS,301,SG,D,C8,PASSED,PASSED,PASSED_EXPLICIT_EVENT,PASSED,NOT_APPLICABLE_BLOCKED_STRUCTURAL_OR_LEAKAGE,,,,NO_POSITIVE_AUTHORITY,false,false,false,,true,false,true,,false,,false,false,false,false,false,false,false,LEAKAGE_EXISTING_GROUP_CONFLICT,,,false,LEAKAGE_EXISTING_GROUP_CONFLICT,"[""LEAKAGE_EXISTING_GROUP_CONFLICT""]"
961,RANKS_0501_1000_EXECUTION,COVAPIE_CYS_SG_EVENT_V1:5AC0:B:CYS:301-:SG:G:K9P:C8,5AC0,K9P,B,,CYS,301,SG,G,C8,PASSED,PASSED,PASSED_EXPLICIT_EVENT,PASSED,NOT_APPLICABLE_BLOCKED_STRUCTURAL_OR_LEAKAGE,,,,NO_POSITIVE_AUTHORITY,false,false,false,,true,false,true,,false,,false,false,false,false,false,false,false,LEAKAGE_EXISTING_GROUP_CONFLICT,,,false,LEAKAGE_EXISTING_GROUP_CONFLICT,"[""LEAKAGE_EXISTING_GROUP_CONFLICT""]"
962,RANKS_0501_1000_EXECUTION,COVAPIE_CYS_SG_EVENT_V1:5AC1:B:CYS:301-:SG:H:K9P:C8,5AC1,K9P,B,,CYS,301,SG,H,C8,PASSED,PASSED,PASSED_EXPLICIT_EVENT,PASSED,NOT_APPLICABLE_BLOCKED_STRUCTURAL_OR_LEAKAGE,,,,NO_POSITIVE_AUTHORITY,false,false,false,,true,false,true,,false,,false,false,false,false,false,false,false,LEAKAGE_EXISTING_GROUP_CONFLICT,,,false,LEAKAGE_EXISTING_GROUP_CONFLICT,"[""LEAKAGE_EXISTING_GROUP_CONFLICT""]"
963,RANKS_0501_1000_EXECUTION,COVAPIE_CYS_SG_EVENT_V1:5AC1:C:CYS:301-:SG:K:K9P:C8,5AC1,K9P,C,,CYS,301,SG,K,C8,PASSED,PASSED,PASSED_EXPLICIT_EVENT,PASSED,NOT_APPLICABLE_BLOCKED_STRUCTURAL_OR_LEAKAGE,,,,NO_POSITIVE_AUTHORITY,false,false,false,,true,false,true,,false,,false,false,false,false,false,false,false,LEAKAGE_EXISTING_GROUP_CONFLICT,,,false,LEAKAGE_EXISTING_GROUP_CONFLICT,"[""LEAKAGE_EXISTING_GROUP_CONFLICT""]"
964,RANKS_0501_1000_EXECUTION,COVAPIE_CYS_SG_EVENT_V1:5AC2:A:CYS:302-:SG:B:K9P:C8,5AC2,K9P,A,,CYS,302,SG,B,C8,PASSED,PASSED,PASSED_EXPLICIT_EVENT,PASSED,NOT_APPLICABLE_BLOCKED_STRUCTURAL_OR_LEAKAGE,,,,NO_POSITIVE_AUTHORITY,false,false,false,,true,false,true,,false,,false,false,false,false,false,false,false,LEAKAGE_EXISTING_GROUP_CONFLICT,,,false,LEAKAGE_EXISTING_GROUP_CONFLICT,"[""LEAKAGE_EXISTING_GROUP_CONFLICT""]"
965,RANKS_0501_1000_EXECUTION,COVAPIE_CYS_SG_EVENT_V1:5ACB:C:CYS:1039-:SG:E:5I1:CBL,5ACB,5I1,C,,CYS,1039,SG,E,CBL,PASSED,PASSED,PASSED_EXPLICIT_EVENT,PASSED,UNRESOLVED_HUMAN_REVIEW,,,,NO_POSITIVE_AUTHORITY,false,false,false,,true,false,true,,false,,false,false,false,false,false,false,false,LEAKAGE_EVIDENCE_INCOMPLETE,,,false,HUMAN_REVIEW_REQUIRED,"[""PRE_CHEMISTRY_NOT_PRODUCTION_AUTHORITATIVE"",""NO_FAMILY_LEVEL_AUTO_ADMISSION"",""NO_SINGLE_EXACT_RULE_MATCHED_EVERY_EVENT;HUMAN_REVIEW_RETAINED""]"
966,RANKS_0501_1000_EXECUTION,COVAPIE_CYS_SG_EVENT_V1:5ACB:D:CYS:1039-:SG:F:5I1:CBL,5ACB,5I1,D,,CYS,1039,SG,F,CBL,PASSED,PASSED,PASSED_EXPLICIT_EVENT,PASSED,UNRESOLVED_HUMAN_REVIEW,,,,NO_POSITIVE_AUTHORITY,false,false,false,,true,false,true,,false,,false,false,false,false,false,false,false,LEAKAGE_EVIDENCE_INCOMPLETE,,,false,HUMAN_REVIEW_REQUIRED,"[""PRE_CHEMISTRY_NOT_PRODUCTION_AUTHORITATIVE"",""NO_FAMILY_LEVEL_AUTO_ADMISSION"",""NO_SINGLE_EXACT_RULE_MATCHED_EVERY_EVENT;HUMAN_REVIEW_RETAINED""]"
967,RANKS_0501_1000_EXECUTION,COVAPIE_CYS_SG_EVENT_V1:5ARB:A:CYS:217-:SG:F:EI3:C1,5ARB,EI3,A,,CYS,217,SG,F,C1,PASSED,PASSED,PASSED_EXPLICIT_EVENT,PASSED,UNRESOLVED_HUMAN_REVIEW,,,,NO_POSITIVE_AUTHORITY,false,false,false,,true,false,true,,false,,false,false,false,false,false,false,false,NEW_EXPANSION_COMPONENT,COVAPIE_EXPANSION_LEAKAGE_GROUP_9072C52E1A2275D9,,false,HUMAN_REVIEW_REQUIRED,"[""PRE_CHEMISTRY_NOT_PRODUCTION_AUTHORITATIVE"",""NO_FAMILY_LEVEL_AUTO_ADMISSION"",""NO_SINGLE_EXACT_RULE_MATCHED_EVERY_EVENT;HUMAN_REVIEW_RETAINED""]"
968,RANKS_0501_1000_EXECUTION,COVAPIE_CYS_SG_EVENT_V1:5ARC:A:CYS:217-:SG:C:EI3:C1,5ARC,EI3,A,,CYS,217,SG,C,C1,PASSED,PASSED,PASSED_EXPLICIT_EVENT,PASSED,UNRESOLVED_HUMAN_REVIEW,,,,NO_POSITIVE_AUTHORITY,false,false,false,,true,false,true,,false,,false,false,false,false,false,false,false,NEW_EXPANSION_COMPONENT,COVAPIE_EXPANSION_LEAKAGE_GROUP_9072C52E1A2275D9,,false,HUMAN_REVIEW_REQUIRED,"[""PRE_CHEMISTRY_NOT_PRODUCTION_AUTHORITATIVE"",""NO_FAMILY_LEVEL_AUTO_ADMISSION"",""NO_SINGLE_EXACT_RULE_MATCHED_EVERY_EVENT;HUMAN_REVIEW_RETAINED""]"
969,RANKS_0501_1000_EXECUTION,COVAPIE_CYS_SG_EVENT_V1:5ARD:A:CYS:217-:SG:E:EI3:C1,5ARD,EI3,A,,CYS,217,SG,E,C1,PASSED,PASSED,PASSED_EXPLICIT_EVENT,PASSED,UNRESOLVED_HUMAN_REVIEW,,,,NO_POSITIVE_AUTHORITY,false,false,false,,true,false,true,,false,,false,false,false,false,false,false,false,NEW_EXPANSION_COMPONENT,COVAPIE_EXPANSION_LEAKAGE_GROUP_9072C52E1A2275D9,,false,HUMAN_REVIEW_REQUIRED,"[""PRE_CHEMISTRY_NOT_PRODUCTION_AUTHORITATIVE"",""NO_FAMILY_LEVEL_AUTO_ADMISSION"",""NO_SINGLE_EXACT_RULE_MATCHED_EVERY_EVENT;HUMAN_REVIEW_RETAINED""]"
970,RANKS_0501_1000_EXECUTION,COVAPIE_CYS_SG_EVENT_V1:5AXS:A:CYS:119-:SG:B:4LF:C4,5AXS,4LF,A,,CYS,119,SG,B,C4,PASSED,PASSED,PASSED_EXPLICIT_EVENT,PASSED,UNRESOLVED_HUMAN_REVIEW,,,,NO_POSITIVE_AUTHORITY,false,false,false,,true,false,true,,false,,false,false,false,false,false,false,false,NEW_EXPANSION_COMPONENT,COVAPIE_EXPANSION_LEAKAGE_GROUP_657AC85988B86711,,false,HUMAN_REVIEW_REQUIRED,"[""PRE_CHEMISTRY_NOT_PRODUCTION_AUTHORITATIVE"",""NO_FAMILY_LEVEL_AUTO_ADMISSION"",""NO_SINGLE_EXACT_RULE_MATCHED_EVERY_EVENT;HUMAN_REVIEW_RETAINED""]"
971,RANKS_0501_1000_EXECUTION,COVAPIE_CYS_SG_EVENT_V1:5AZP:A:CYS:1-:SG:D:3PK:CG3,5AZP,3PK,A,,CYS,1,SG,D,CG3,PASSED,PASSED,PASSED_EXPLICIT_EVENT,PASSED,UNRESOLVED_HUMAN_REVIEW,,,,NO_POSITIVE_AUTHORITY,false,false,false,,true,false,true,,false,,false,false,false,false,false,false,false,NEW_EXPANSION_COMPONENT,COVAPIE_EXPANSION_LEAKAGE_GROUP_067EBA43FEA1B708,,false,HUMAN_REVIEW_REQUIRED,"[""PRE_CHEMISTRY_NOT_PRODUCTION_AUTHORITATIVE"",""NO_FAMILY_LEVEL_AUTO_ADMISSION"",""NO_SINGLE_EXACT_RULE_MATCHED_EVERY_EVENT;HUMAN_REVIEW_RETAINED""]"
972,RANKS_0501_1000_EXECUTION,COVAPIE_CYS_SG_EVENT_V1:5AZP:C:CYS:1-:SG:LA:3PK:CG3,5AZP,3PK,C,,CYS,1,SG,LA,CG3,PASSED,PASSED,PASSED_EXPLICIT_EVENT,PASSED,UNRESOLVED_HUMAN_REVIEW,,,,NO_POSITIVE_AUTHORITY,false,false,false,,true,false,true,,false,,false,false,false,false,false,false,false,NEW_EXPANSION_COMPONENT,COVAPIE_EXPANSION_LEAKAGE_GROUP_067EBA43FEA1B708,,false,HUMAN_REVIEW_REQUIRED,"[""PRE_CHEMISTRY_NOT_PRODUCTION_AUTHORITATIVE"",""NO_FAMILY_LEVEL_AUTO_ADMISSION"",""NO_SINGLE_EXACT_RULE_MATCHED_EVERY_EVENT;HUMAN_REVIEW_RETAINED""]"
973,RANKS_0501_1000_EXECUTION,COVAPIE_CYS_SG_EVENT_V1:5AZT:A:CYS:275-:SG:D:4M5:C15,5AZT,4M5,A,,CYS,275,SG,D,C15,PASSED,PASSED,PASSED_EXPLICIT_EVENT,PASSED,UNRESOLVED_HUMAN_REVIEW,,,,NO_POSITIVE_AUTHORITY,false,false,false,,true,false,true,,false,,false,false,false,false,false,false,false,NEW_EXPANSION_COMPONENT,COVAPIE_EXPANSION_LEAKAGE_GROUP_95AE8FE7D20A98DA,,false,HUMAN_REVIEW_REQUIRED,"[""PRE_CHEMISTRY_NOT_PRODUCTION_AUTHORITATIVE"",""NO_FAMILY_LEVEL_AUTO_ADMISSION"",""NO_SINGLE_EXACT_RULE_MATCHED_EVERY_EVENT;HUMAN_REVIEW_RETAINED""]"
974,RANKS_0501_1000_EXECUTION,COVAPIE_CYS_SG_EVENT_V1:5AZT:B:CYS:275-:SG:E:4M5:C15,5AZT,4M5,B,,CYS,275,SG,E,C15,PASSED,PASSED,PASSED_EXPLICIT_EVENT,PASSED,UNRESOLVED_HUMAN_REVIEW,,,,NO_POSITIVE_AUTHORITY,false,false,false,,true,false,true,,false,,false,false,false,false,false,false,false,NEW_EXPANSION_COMPONENT,COVAPIE_EXPANSION_LEAKAGE_GROUP_95AE8FE7D20A98DA,,false,HUMAN_REVIEW_REQUIRED,"[""PRE_CHEMISTRY_NOT_PRODUCTION_AUTHORITATIVE"",""NO_FAMILY_LEVEL_AUTO_ADMISSION"",""NO_SINGLE_EXACT_RULE_MATCHED_EVERY_EVENT;HUMAN_REVIEW_RETAINED""]"
975,RANKS_0501_1000_EXECUTION,COVAPIE_CYS_SG_EVENT_V1:5AZV:A:CYS:285-:SG:C:4M5:C15,5AZV,4M5,A,,CYS,285,SG,C,C15,PASSED,PASSED,PASSED_EXPLICIT_EVENT,PASSED,UNRESOLVED_HUMAN_REVIEW,,,,NO_POSITIVE_AUTHORITY,false,false,false,,true,false,true,,false,,false,false,false,false,false,false,false,NEW_EXPANSION_COMPONENT,COVAPIE_EXPANSION_LEAKAGE_GROUP_95AE8FE7D20A98DA,,false,HUMAN_REVIEW_REQUIRED,"[""PRE_CHEMISTRY_NOT_PRODUCTION_AUTHORITATIVE"",""NO_FAMILY_LEVEL_AUTO_ADMISSION"",""NO_SINGLE_EXACT_RULE_MATCHED_EVERY_EVENT;HUMAN_REVIEW_RETAINED""]"
976,RANKS_0501_1000_EXECUTION,COVAPIE_CYS_SG_EVENT_V1:5AZV:B:CYS:285-:SG:D:4M5:C15,5AZV,4M5,B,,CYS,285,SG,D,C15,PASSED,PASSED,PASSED_EXPLICIT_EVENT,PASSED,UNRESOLVED_HUMAN_REVIEW,,,,NO_POSITIVE_AUTHORITY,false,false,false,,true,false,true,,false,,false,false,false,false,false,false,false,NEW_EXPANSION_COMPONENT,COVAPIE_EXPANSION_LEAKAGE_GROUP_95AE8FE7D20A98DA,,false,HUMAN_REVIEW_REQUIRED,"[""PRE_CHEMISTRY_NOT_PRODUCTION_AUTHORITATIVE"",""NO_FAMILY_LEVEL_AUTO_ADMISSION"",""NO_SINGLE_EXACT_RULE_MATCHED_EVERY_EVENT;HUMAN_REVIEW_RETAINED""]"
977,RANKS_0501_1000_EXECUTION,COVAPIE_CYS_SG_EVENT_V1:5C1U:A:CYS:147-:SG:C:GHV:C27,5C1U,GHV,A,,CYS,147,SG,C,C27,PASSED,PASSED,PASSED_EXPLICIT_EVENT,PASSED,NOT_APPLICABLE_BLOCKED_STRUCTURAL_OR_LEAKAGE,,,,NO_POSITIVE_AUTHORITY,false,false,false,,true,false,true,,false,,false,false,false,false,false,false,false,LEAKAGE_EXISTING_GROUP_CONFLICT,,,false,LEAKAGE_EXISTING_GROUP_CONFLICT,"[""LEAKAGE_EXISTING_GROUP_CONFLICT""]"
978,RANKS_0501_1000_EXECUTION,COVAPIE_CYS_SG_EVENT_V1:5C1U:B:CYS:147-:SG:D:GHV:C27,5C1U,GHV,B,,CYS,147,SG,D,C27,PASSED,PASSED,PASSED_EXPLICIT_EVENT,PASSED,NOT_APPLICABLE_BLOCKED_STRUCTURAL_OR_LEAKAGE,,,,NO_POSITIVE_AUTHORITY,false,false,false,,true,false,true,,false,,false,false,false,false,false,false,false,LEAKAGE_EXISTING_GROUP_CONFLICT,,,false,LEAKAGE_EXISTING_GROUP_CONFLICT,"[""LEAKAGE_EXISTING_GROUP_CONFLICT""]"
979,RANKS_0501_1000_EXECUTION,COVAPIE_CYS_SG_EVENT_V1:5C1X:A:CYS:147-:SG:C:GHX:C27,5C1X,GHX,A,,CYS,147,SG,C,C27,PASSED,PASSED,PASSED_EXPLICIT_EVENT,PASSED,NOT_APPLICABLE_BLOCKED_STRUCTURAL_OR_LEAKAGE,,,,NO_POSITIVE_AUTHORITY,false,false,false,,true,false,true,,false,,false,false,false,false,false,false,false,LEAKAGE_EXISTING_GROUP_CONFLICT,,,false,LEAKAGE_EXISTING_GROUP_CONFLICT,"[""LEAKAGE_EXISTING_GROUP_CONFLICT""]"
980,RANKS_0501_1000_EXECUTION,COVAPIE_CYS_SG_EVENT_V1:5C1X:B:CYS:147-:SG:D:GHX:C27,5C1X,GHX,B,,CYS,147,SG,D,C27,PASSED,PASSED,PASSED_EXPLICIT_EVENT,PASSED,NOT_APPLICABLE_BLOCKED_STRUCTURAL_OR_LEAKAGE,,,,NO_POSITIVE_AUTHORITY,false,false,false,,true,false,true,,false,,false,false,false,false,false,false,false,LEAKAGE_EXISTING_GROUP_CONFLICT,,,false,LEAKAGE_EXISTING_GROUP_CONFLICT,"[""LEAKAGE_EXISTING_GROUP_CONFLICT""]"
981,RANKS_0501_1000_EXECUTION,COVAPIE_CYS_SG_EVENT_V1:5C1Y:A:CYS:147-:SG:B:GHY:C27,5C1Y,GHY,A,,CYS,147,SG,B,C27,PASSED,UNAVAILABLE,FAILED_CLOSED,NOT_REACHED,NOT_APPLICABLE_BLOCKED_STRUCTURAL_OR_LEAKAGE,,,,NO_POSITIVE_AUTHORITY,false,false,false,,false,false,false,,false,,false,false,false,false,false,false,false,LEAKAGE_EVIDENCE_INCOMPLETE,,,false,STRUCTURAL_EVIDENCE_INCOMPLETE,"[""MMCIF_EXACT_CYS_SG_STRUCT_CONN_NOT_RECOVERED""]"
982,RANKS_0501_1000_EXECUTION,COVAPIE_CYS_SG_EVENT_V1:5C20:A:CYS:147-:SG:B:GHZ:C27,5C20,GHZ,A,,CYS,147,SG,B,C27,PASSED,UNAVAILABLE,FAILED_CLOSED,NOT_REACHED,NOT_APPLICABLE_BLOCKED_STRUCTURAL_OR_LEAKAGE,,,,NO_POSITIVE_AUTHORITY,false,false,false,,false,false,false,,false,,false,false,false,false,false,false,false,LEAKAGE_EVIDENCE_INCOMPLETE,,,false,STRUCTURAL_EVIDENCE_INCOMPLETE,"[""MMCIF_EXACT_CYS_SG_STRUCT_CONN_NOT_RECOVERED""]"
983,RANKS_0501_1000_EXECUTION,COVAPIE_CYS_SG_EVENT_V1:5C5O:A:CYS:145-:SG:C:SDJ:C20,5C5O,SDJ,A,,CYS,145,SG,C,C20,PASSED,PASSED,PASSED_EXPLICIT_EVENT,PASSED,UNRESOLVED_HUMAN_REVIEW,,,,NO_POSITIVE_AUTHORITY,false,false,false,,true,false,true,,false,,false,false,false,false,false,false,false,LEAKAGE_EVIDENCE_INCOMPLETE,,,false,HUMAN_REVIEW_REQUIRED,"[""PRE_CHEMISTRY_NOT_PRODUCTION_AUTHORITATIVE"",""NO_FAMILY_LEVEL_AUTO_ADMISSION"",""NO_SINGLE_EXACT_RULE_MATCHED_EVERY_EVENT;HUMAN_REVIEW_RETAINED""]"
984,RANKS_0501_1000_EXECUTION,COVAPIE_CYS_SG_EVENT_V1:5C5O:B:CYS:145-:SG:D:SDJ:C20,5C5O,SDJ,B,,CYS,145,SG,D,C20,PASSED,PASSED,PASSED_EXPLICIT_EVENT,PASSED,UNRESOLVED_HUMAN_REVIEW,,,,NO_POSITIVE_AUTHORITY,false,false,false,,true,false,true,,false,,false,false,false,false,false,false,false,LEAKAGE_EVIDENCE_INCOMPLETE,,,false,HUMAN_REVIEW_REQUIRED,"[""PRE_CHEMISTRY_NOT_PRODUCTION_AUTHORITATIVE"",""NO_FAMILY_LEVEL_AUTO_ADMISSION"",""NO_SINGLE_EXACT_RULE_MATCHED_EVERY_EVENT;HUMAN_REVIEW_RETAINED""]"
985,RANKS_0501_1000_EXECUTION,COVAPIE_CYS_SG_EVENT_V1:5C91:A:CYS:627-:SG:B:4YU:C3,5C91,4YU,A,,CYS,627,SG,B,C3,PASSED,UNAVAILABLE,FAILED_CLOSED,NOT_REACHED,NOT_APPLICABLE_BLOCKED_STRUCTURAL_OR_LEAKAGE,,,,NO_POSITIVE_AUTHORITY,false,false,false,,false,false,false,,false,,false,false,false,false,false,false,false,LEAKAGE_EVIDENCE_INCOMPLETE,,,false,STRUCTURAL_EVIDENCE_INCOMPLETE,"[""MMCIF_EXACT_CYS_SG_STRUCT_CONN_NOT_RECOVERED""]"
986,RANKS_0501_1000_EXECUTION,COVAPIE_CYS_SG_EVENT_V1:5CRA:A:CYS:118-:SG:K:GVE:CB,5CRA,GVE,A,,CYS,118,SG,K,CB,PASSED,PASSED,PASSED_EXPLICIT_EVENT,PASSED,UNRESOLVED_HUMAN_REVIEW,,,,NO_POSITIVE_AUTHORITY,false,false,false,,true,false,true,,false,,false,false,false,false,false,false,false,NEW_EXPANSION_COMPONENT,COVAPIE_EXPANSION_LEAKAGE_GROUP_58D3C1A01242C573,,false,HUMAN_REVIEW_REQUIRED,"[""PRE_CHEMISTRY_NOT_PRODUCTION_AUTHORITATIVE"",""NO_FAMILY_LEVEL_AUTO_ADMISSION"",""NO_SINGLE_EXACT_RULE_MATCHED_EVERY_EVENT;HUMAN_REVIEW_RETAINED""]"
987,RANKS_0501_1000_EXECUTION,COVAPIE_CYS_SG_EVENT_V1:5CZU:A:CYS:119-:SG:B:4LF:C4,5CZU,4LF,A,,CYS,119,SG,B,C4,PASSED,PASSED,PASSED_EXPLICIT_EVENT,PASSED,UNRESOLVED_HUMAN_REVIEW,,,,NO_POSITIVE_AUTHORITY,false,false,false,,true,false,true,,false,,false,false,false,false,false,false,false,NEW_EXPANSION_COMPONENT,COVAPIE_EXPANSION_LEAKAGE_GROUP_657AC85988B86711,,false,HUMAN_REVIEW_REQUIRED,"[""PRE_CHEMISTRY_NOT_PRODUCTION_AUTHORITATIVE"",""NO_FAMILY_LEVEL_AUTO_ADMISSION"",""NO_SINGLE_EXACT_RULE_MATCHED_EVERY_EVENT;HUMAN_REVIEW_RETAINED""]"
988,RANKS_0501_1000_EXECUTION,COVAPIE_CYS_SG_EVENT_V1:5D11:A:CYS:345-:SG:D:56G:CAA,5D11,56G,A,,CYS,345,SG,D,CAA,PASSED,PASSED,PASSED_EXPLICIT_EVENT,PASSED,UNRESOLVED_HUMAN_REVIEW,,,,NO_POSITIVE_AUTHORITY,false,false,false,,true,false,true,,false,,false,false,false,false,false,false,false,LEAKAGE_EVIDENCE_INCOMPLETE,,,false,HUMAN_REVIEW_REQUIRED,"[""PRE_CHEMISTRY_NOT_PRODUCTION_AUTHORITATIVE"",""NO_FAMILY_LEVEL_AUTO_ADMISSION"",""NO_SINGLE_EXACT_RULE_MATCHED_EVERY_EVENT;HUMAN_REVIEW_RETAINED""]"
989,RANKS_0501_1000_EXECUTION,COVAPIE_CYS_SG_EVENT_V1:5D11:B:CYS:345-:SG:F:56G:CAA,5D11,56G,B,,CYS,345,SG,F,CAA,PASSED,PASSED,PASSED_EXPLICIT_EVENT,PASSED,UNRESOLVED_HUMAN_REVIEW,,,,NO_POSITIVE_AUTHORITY,false,false,false,,true,false,true,,false,,false,false,false,false,false,false,false,LEAKAGE_EVIDENCE_INCOMPLETE,,,false,HUMAN_REVIEW_REQUIRED,"[""PRE_CHEMISTRY_NOT_PRODUCTION_AUTHORITATIVE"",""NO_FAMILY_LEVEL_AUTO_ADMISSION"",""NO_SINGLE_EXACT_RULE_MATCHED_EVERY_EVENT;HUMAN_REVIEW_RETAINED""]"
990,RANKS_0501_1000_EXECUTION,COVAPIE_CYS_SG_EVENT_V1:5DAD:A:CYS:151-:SG:B:TX6:C1,5DAD,TX6,A,,CYS,151,SG,B,C1,PASSED,UNAVAILABLE,FAILED_CLOSED,NOT_REACHED,NOT_APPLICABLE_BLOCKED_STRUCTURAL_OR_LEAKAGE,,,,NO_POSITIVE_AUTHORITY,false,false,false,,false,false,false,,false,,false,false,false,false,false,false,false,LEAKAGE_EVIDENCE_INCOMPLETE,,,false,STRUCTURAL_EVIDENCE_INCOMPLETE,"[""MMCIF_EXACT_CYS_SG_STRUCT_CONN_NOT_RECOVERED""]"
991,RANKS_0501_1000_EXECUTION,COVAPIE_CYS_SG_EVENT_V1:5DAF:A:CYS:151-:SG:B:58E:C1,5DAF,58E,A,,CYS,151,SG,B,C1,PASSED,UNAVAILABLE,FAILED_CLOSED,NOT_REACHED,NOT_APPLICABLE_BLOCKED_STRUCTURAL_OR_LEAKAGE,,,,NO_POSITIVE_AUTHORITY,false,false,false,,false,false,false,,false,,false,false,false,false,false,false,false,LEAKAGE_EVIDENCE_INCOMPLETE,,,false,STRUCTURAL_EVIDENCE_INCOMPLETE,"[""MMCIF_EXACT_CYS_SG_STRUCT_CONN_NOT_RECOVERED""]"
992,RANKS_0501_1000_EXECUTION,COVAPIE_CYS_SG_EVENT_V1:5DC2:A:CYS:354-:SG:C:58U:C7,5DC2,58U,A,,CYS,354,SG,C,C7,PASSED,PASSED,PASSED_EXPLICIT_EVENT,PASSED,UNRESOLVED_HUMAN_REVIEW,,,,NO_POSITIVE_AUTHORITY,false,false,false,,true,false,true,,false,,false,false,false,false,false,false,false,NEW_EXPANSION_COMPONENT,COVAPIE_EXPANSION_LEAKAGE_GROUP_8E1EC2B5E7F142BE,,false,HUMAN_REVIEW_REQUIRED,"[""PRE_CHEMISTRY_NOT_PRODUCTION_AUTHORITATIVE"",""NO_FAMILY_LEVEL_AUTO_ADMISSION"",""NO_SINGLE_EXACT_RULE_MATCHED_EVERY_EVENT;HUMAN_REVIEW_RETAINED""]"
993,RANKS_0501_1000_EXECUTION,COVAPIE_CYS_SG_EVENT_V1:5DC2:B:CYS:354-:SG:S:58U:C7,5DC2,58U,B,,CYS,354,SG,S,C7,PASSED,PASSED,PASSED_EXPLICIT_EVENT,PASSED,UNRESOLVED_HUMAN_REVIEW,,,,NO_POSITIVE_AUTHORITY,false,false,false,,true,false,true,,false,,false,false,false,false,false,false,false,NEW_EXPANSION_COMPONENT,COVAPIE_EXPANSION_LEAKAGE_GROUP_8E1EC2B5E7F142BE,,false,HUMAN_REVIEW_REQUIRED,"[""PRE_CHEMISTRY_NOT_PRODUCTION_AUTHORITATIVE"",""NO_FAMILY_LEVEL_AUTO_ADMISSION"",""NO_SINGLE_EXACT_RULE_MATCHED_EVERY_EVENT;HUMAN_REVIEW_RETAINED""]"
994,RANKS_0501_1000_EXECUTION,COVAPIE_CYS_SG_EVENT_V1:5DCC:A:CYS:354-:SG:C:58U:C7,5DCC,58U,A,,CYS,354,SG,C,C7,PASSED,PASSED,PASSED_EXPLICIT_EVENT,PASSED,UNRESOLVED_HUMAN_REVIEW,,,,NO_POSITIVE_AUTHORITY,false,false,false,,true,false,true,,false,,false,false,false,false,false,false,false,NEW_EXPANSION_COMPONENT,COVAPIE_EXPANSION_LEAKAGE_GROUP_8E1EC2B5E7F142BE,,false,HUMAN_REVIEW_REQUIRED,"[""PRE_CHEMISTRY_NOT_PRODUCTION_AUTHORITATIVE"",""NO_FAMILY_LEVEL_AUTO_ADMISSION"",""NO_SINGLE_EXACT_RULE_MATCHED_EVERY_EVENT;HUMAN_REVIEW_RETAINED""]"
995,RANKS_0501_1000_EXECUTION,COVAPIE_CYS_SG_EVENT_V1:5DCC:B:CYS:354-:SG:S:58U:C7,5DCC,58U,B,,CYS,354,SG,S,C7,PASSED,PASSED,PASSED_EXPLICIT_EVENT,PASSED,UNRESOLVED_HUMAN_REVIEW,,,,NO_POSITIVE_AUTHORITY,false,false,false,,true,false,true,,false,,false,false,false,false,false,false,false,NEW_EXPANSION_COMPONENT,COVAPIE_EXPANSION_LEAKAGE_GROUP_8E1EC2B5E7F142BE,,false,HUMAN_REVIEW_REQUIRED,"[""PRE_CHEMISTRY_NOT_PRODUCTION_AUTHORITATIVE"",""NO_FAMILY_LEVEL_AUTO_ADMISSION"",""NO_SINGLE_EXACT_RULE_MATCHED_EVERY_EVENT;HUMAN_REVIEW_RETAINED""]"
996,RANKS_0501_1000_EXECUTION,COVAPIE_CYS_SG_EVENT_V1:5DG6:A:CYS:139-:SG:E:V66:C25,5DG6,V66,A,,CYS,139,SG,E,C25,PASSED,UNAVAILABLE,FAILED_CLOSED,NOT_REACHED,NOT_APPLICABLE_BLOCKED_STRUCTURAL_OR_LEAKAGE,,,,NO_POSITIVE_AUTHORITY,false,false,false,,false,false,false,,false,,false,false,false,false,false,false,false,LEAKAGE_EVIDENCE_INCOMPLETE,,,false,STRUCTURAL_EVIDENCE_INCOMPLETE,"[""MMCIF_EXACT_CYS_SG_STRUCT_CONN_NOT_RECOVERED""]"
997,RANKS_0501_1000_EXECUTION,COVAPIE_CYS_SG_EVENT_V1:5DGJ:A:CYS:139-:SG:B:V64:C24,5DGJ,V64,A,,CYS,139,SG,B,C24,PASSED,PASSED,PASSED_EXPLICIT_EVENT,PASSED,NOT_APPLICABLE_BLOCKED_STRUCTURAL_OR_LEAKAGE,,,,NO_POSITIVE_AUTHORITY,false,false,false,,true,false,true,,false,,false,false,false,false,false,false,false,LEAKAGE_EXISTING_GROUP_CONFLICT,,,false,LEAKAGE_EXISTING_GROUP_CONFLICT,"[""LEAKAGE_EXISTING_GROUP_CONFLICT""]"
998,RANKS_0501_1000_EXECUTION,COVAPIE_CYS_SG_EVENT_V1:5DP3:A:CYS:147-:SG:B:5GH:C14,5DP3,5GH,A,,CYS,147,SG,B,C14,PASSED,UNAVAILABLE,FAILED_CLOSED,NOT_REACHED,NOT_APPLICABLE_BLOCKED_STRUCTURAL_OR_LEAKAGE,,,,NO_POSITIVE_AUTHORITY,false,false,false,,false,false,false,,false,,false,false,false,false,false,false,false,LEAKAGE_EVIDENCE_INCOMPLETE,,,false,STRUCTURAL_EVIDENCE_INCOMPLETE,"[""MMCIF_EXACT_CYS_SG_STRUCT_CONN_NOT_RECOVERED""]"
999,RANKS_0501_1000_EXECUTION,COVAPIE_CYS_SG_EVENT_V1:5DP4:A:CYS:147-:SG:E:5E8:C14,5DP4,5E8,A,,CYS,147,SG,E,C14,PASSED,PASSED,PASSED_EXPLICIT_EVENT,PASSED,NOT_APPLICABLE_BLOCKED_STRUCTURAL_OR_LEAKAGE,,,,NO_POSITIVE_AUTHORITY,false,false,false,,true,false,true,,false,,false,false,false,false,false,false,false,LEAKAGE_EXISTING_GROUP_CONFLICT,,,false,LEAKAGE_EXISTING_GROUP_CONFLICT,"[""LEAKAGE_EXISTING_GROUP_CONFLICT""]"
1000,RANKS_0501_1000_EXECUTION,COVAPIE_CYS_SG_EVENT_V1:5DP4:B:CYS:147-:SG:F:5E8:C14,5DP4,5E8,B,,CYS,147,SG,F,C14,PASSED,PASSED,PASSED_EXPLICIT_EVENT,PASSED,NOT_APPLICABLE_BLOCKED_STRUCTURAL_OR_LEAKAGE,,,,NO_POSITIVE_AUTHORITY,false,false,false,,true,false,true,,false,,false,false,false,false,false,false,false,LEAKAGE_EXISTING_GROUP_CONFLICT,,,false,LEAKAGE_EXISTING_GROUP_CONFLICT,"[""LEAKAGE_EXISTING_GROUP_CONFLICT""]"
