scaleup_rank,canonical_event_id,selection_priority_pass,pdb_id,protein_label_asym_id,protein_auth_chain,protein_residue_name,protein_residue_number,protein_reactive_atom,ligand_component_id,ligand_instance,ligand_reactive_atom,source_dataset_count,source_record_count,source_datasets_json,source_record_ids_json
501,COVAPIE_CYS_SG_EVENT_V1:3ORX:C:CYS:148-:SG:M:1F8:SD,MULTI_SOURCE_PROVENANCE,3ORX,C,,CYS,148,SG,1F8,M,SD,2,2,"[""SOURCE_COVPDB"",""SOURCE_RCSB_PDB_DIRECT""]","[""SOURCE_COVPDB:CovPDB_complexes/3orx/3orx.pdb#LINK01470"",""SOURCE_RCSB_PDB_DIRECT:3ORX:covale7""]"
502,COVAPIE_CYS_SG_EVENT_V1:3ORX:D:CYS:148-:SG:O:1F8:SD,MULTI_SOURCE_PROVENANCE,3ORX,D,,CYS,148,SG,1F8,O,SD,2,2,"[""SOURCE_COVPDB"",""SOURCE_RCSB_PDB_DIRECT""]","[""SOURCE_COVPDB:CovPDB_complexes/3orx/3orx.pdb#LINK01471"",""SOURCE_RCSB_PDB_DIRECT:3ORX:covale10""]"
503,COVAPIE_CYS_SG_EVENT_V1:3ORX:E:CYS:148-:SG:Q:1F8:SD,MULTI_SOURCE_PROVENANCE,3ORX,E,,CYS,148,SG,1F8,Q,SD,2,2,"[""SOURCE_COVPDB"",""SOURCE_RCSB_PDB_DIRECT""]","[""SOURCE_COVPDB:CovPDB_complexes/3orx/3orx.pdb#LINK01472"",""SOURCE_RCSB_PDB_DIRECT:3ORX:covale13""]"
504,COVAPIE_CYS_SG_EVENT_V1:3ORX:F:CYS:148-:SG:R:1F8:SD,MULTI_SOURCE_PROVENANCE,3ORX,F,,CYS,148,SG,1F8,R,SD,2,2,"[""SOURCE_COVPDB"",""SOURCE_RCSB_PDB_DIRECT""]","[""SOURCE_COVPDB:CovPDB_complexes/3orx/3orx.pdb#LINK01473"",""SOURCE_RCSB_PDB_DIRECT:3ORX:covale14""]"
505,COVAPIE_CYS_SG_EVENT_V1:3ORX:G:CYS:148-:SG:S:1F8:SD,MULTI_SOURCE_PROVENANCE,3ORX,G,,CYS,148,SG,1F8,S,SD,2,2,"[""SOURCE_COVPDB"",""SOURCE_RCSB_PDB_DIRECT""]","[""SOURCE_COVPDB:CovPDB_complexes/3orx/3orx.pdb#LINK01474"",""SOURCE_RCSB_PDB_DIRECT:3ORX:covale16""]"
506,COVAPIE_CYS_SG_EVENT_V1:3ORX:H:CYS:148-:SG:T:1F8:SD,MULTI_SOURCE_PROVENANCE,3ORX,H,,CYS,148,SG,1F8,T,SD,2,2,"[""SOURCE_COVPDB"",""SOURCE_RCSB_PDB_DIRECT""]","[""SOURCE_COVPDB:CovPDB_complexes/3orx/3orx.pdb#LINK01475"",""SOURCE_RCSB_PDB_DIRECT:3ORX:covale18""]"
507,COVAPIE_CYS_SG_EVENT_V1:3ORZ:A:CYS:148-:SG:E:2A2:SD,MULTI_SOURCE_PROVENANCE,3ORZ,A,,CYS,148,SG,2A2,E,SD,2,2,"[""SOURCE_COVPDB"",""SOURCE_RCSB_PDB_DIRECT""]","[""SOURCE_COVPDB:CovPDB_complexes/3orz/3orz.pdb#LINK00848"",""SOURCE_RCSB_PDB_DIRECT:3ORZ:covale1""]"
508,COVAPIE_CYS_SG_EVENT_V1:3ORZ:B:CYS:148-:SG:G:2A2:SD,MULTI_SOURCE_PROVENANCE,3ORZ,B,,CYS,148,SG,2A2,G,SD,2,2,"[""SOURCE_COVPDB"",""SOURCE_RCSB_PDB_DIRECT""]","[""SOURCE_COVPDB:CovPDB_complexes/3orz/3orz.pdb#LINK00849"",""SOURCE_RCSB_PDB_DIRECT:3ORZ:covale3""]"
509,COVAPIE_CYS_SG_EVENT_V1:3ORZ:C:CYS:148-:SG:I:2A2:SD,MULTI_SOURCE_PROVENANCE,3ORZ,C,,CYS,148,SG,2A2,I,SD,2,2,"[""SOURCE_COVPDB"",""SOURCE_RCSB_PDB_DIRECT""]","[""SOURCE_COVPDB:CovPDB_complexes/3orz/3orz.pdb#LINK00850"",""SOURCE_RCSB_PDB_DIRECT:3ORZ:covale6""]"
510,COVAPIE_CYS_SG_EVENT_V1:3ORZ:D:CYS:148-:SG:K:2A2:SD,MULTI_SOURCE_PROVENANCE,3ORZ,D,,CYS,148,SG,2A2,K,SD,2,2,"[""SOURCE_COVPDB"",""SOURCE_RCSB_PDB_DIRECT""]","[""SOURCE_COVPDB:CovPDB_complexes/3orz/3orz.pdb#LINK00851"",""SOURCE_RCSB_PDB_DIRECT:3ORZ:covale8""]"
511,COVAPIE_CYS_SG_EVENT_V1:3OTU:A:CYS:148-:SG:B:J30:SD,MULTI_SOURCE_PROVENANCE,3OTU,A,,CYS,148,SG,J30,B,SD,3,3,"[""SOURCE_COVBINDERINPDB"",""SOURCE_COVPDB"",""SOURCE_RCSB_PDB_DIRECT""]","[""SOURCE_COVBINDERINPDB:CBR002216"",""SOURCE_COVPDB:CovPDB_complexes/3otu/3otu.pdb#LINK00470"",""SOURCE_RCSB_PDB_DIRECT:3OTU:covale1""]"
512,COVAPIE_CYS_SG_EVENT_V1:3OVX:A:CYS:25-:SG:C:O64:C12,MULTI_SOURCE_PROVENANCE,3OVX,A,,CYS,25,SG,O64,C,C12,3,3,"[""SOURCE_COVBINDERINPDB"",""SOURCE_COVPDB"",""SOURCE_RCSB_PDB_DIRECT""]","[""SOURCE_COVBINDERINPDB:CBR002021"",""SOURCE_COVPDB:CovPDB_complexes/3ovx/3ovx.pdb#LINK00458"",""SOURCE_RCSB_PDB_DIRECT:3OVX:covale1""]"
513,COVAPIE_CYS_SG_EVENT_V1:3OVX:B:CYS:25-:SG:E:O64:C12,MULTI_SOURCE_PROVENANCE,3OVX,B,,CYS,25,SG,O64,E,C12,3,3,"[""SOURCE_COVBINDERINPDB"",""SOURCE_COVPDB"",""SOURCE_RCSB_PDB_DIRECT""]","[""SOURCE_COVBINDERINPDB:CBR002022"",""SOURCE_COVPDB:CovPDB_complexes/3ovx/3ovx.pdb#LINK00459"",""SOURCE_RCSB_PDB_DIRECT:3OVX:covale2""]"
514,COVAPIE_CYS_SG_EVENT_V1:3P8E:A:CYS:274-:SG:C:LN7:CZ,MULTI_SOURCE_PROVENANCE,3P8E,A,,CYS,274,SG,LN7,C,CZ,3,3,"[""SOURCE_COVBINDERINPDB"",""SOURCE_COVPDB"",""SOURCE_RCSB_PDB_DIRECT""]","[""SOURCE_COVBINDERINPDB:CBR002649"",""SOURCE_COVPDB:CovPDB_complexes/3p8e/3p8e.pdb#LINK00540"",""SOURCE_RCSB_PDB_DIRECT:3P8E:covale1""]"
515,COVAPIE_CYS_SG_EVENT_V1:3P8E:B:CYS:274-:SG:D:LN7:CZ,MULTI_SOURCE_PROVENANCE,3P8E,B,,CYS,274,SG,LN7,D,CZ,3,3,"[""SOURCE_COVBINDERINPDB"",""SOURCE_COVPDB"",""SOURCE_RCSB_PDB_DIRECT""]","[""SOURCE_COVBINDERINPDB:CBR002650"",""SOURCE_COVPDB:CovPDB_complexes/3p8e/3p8e.pdb#LINK00541"",""SOURCE_RCSB_PDB_DIRECT:3P8E:covale2""]"
516,COVAPIE_CYS_SG_EVENT_V1:3PA8:A:CYS:155-:SG:C:621:CAC,MULTI_SOURCE_PROVENANCE,3PA8,A,,CYS,155,SG,621,C,CAC,3,3,"[""SOURCE_COVBINDERINPDB"",""SOURCE_COVPDB"",""SOURCE_RCSB_PDB_DIRECT""]","[""SOURCE_COVBINDERINPDB:CBR000963"",""SOURCE_COVPDB:CovPDB_complexes/3pa8/3pa8.pdb#LINK00586"",""SOURCE_RCSB_PDB_DIRECT:3PA8:covale1""]"
517,COVAPIE_CYS_SG_EVENT_V1:3PA8:B:CYS:155-:SG:G:621:CAC,MULTI_SOURCE_PROVENANCE,3PA8,B,,CYS,155,SG,621,G,CAC,3,3,"[""SOURCE_COVBINDERINPDB"",""SOURCE_COVPDB"",""SOURCE_RCSB_PDB_DIRECT""]","[""SOURCE_COVBINDERINPDB:CBR000964"",""SOURCE_COVPDB:CovPDB_complexes/3pa8/3pa8.pdb#LINK00587"",""SOURCE_RCSB_PDB_DIRECT:3PA8:covale2""]"
518,COVAPIE_CYS_SG_EVENT_V1:3PDF:A:CYS:234-:SG:C:LXV:C18,MULTI_SOURCE_PROVENANCE,3PDF,A,,CYS,234,SG,LXV,C,C18,3,3,"[""SOURCE_COVBINDERINPDB"",""SOURCE_COVPDB"",""SOURCE_RCSB_PDB_DIRECT""]","[""SOURCE_COVBINDERINPDB:CBR001150"",""SOURCE_COVPDB:CovPDB_complexes/3pdf/3pdf.pdb#LINK00477"",""SOURCE_RCSB_PDB_DIRECT:3PDF:covale3""]"
519,COVAPIE_CYS_SG_EVENT_V1:3PDS:A:CYS:93-:SG:B:ERC:S1,MULTI_SOURCE_PROVENANCE,3PDS,A,,CYS,93,SG,ERC,B,S1,2,2,"[""SOURCE_COVBINDERINPDB"",""SOURCE_RCSB_PDB_DIRECT""]","[""SOURCE_COVBINDERINPDB:CBR001151"",""SOURCE_RCSB_PDB_DIRECT:3PDS:covale1""]"
520,COVAPIE_CYS_SG_EVENT_V1:3Q3Y:A:CYS:147-:SG:C:XNV:C06,MULTI_SOURCE_PROVENANCE,3Q3Y,A,,CYS,147,SG,XNV,C,C06,3,3,"[""SOURCE_COVBINDERINPDB"",""SOURCE_COVPDB"",""SOURCE_RCSB_PDB_DIRECT""]","[""SOURCE_COVBINDERINPDB:CBR001879"",""SOURCE_COVPDB:CovPDB_complexes/3q3y/3q3y.pdb#LINK00483"",""SOURCE_RCSB_PDB_DIRECT:3Q3Y:covale1""]"
521,COVAPIE_CYS_SG_EVENT_V1:3Q3Y:B:CYS:147-:SG:L:XNV:C06,MULTI_SOURCE_PROVENANCE,3Q3Y,B,,CYS,147,SG,XNV,L,C06,3,3,"[""SOURCE_COVBINDERINPDB"",""SOURCE_COVPDB"",""SOURCE_RCSB_PDB_DIRECT""]","[""SOURCE_COVBINDERINPDB:CBR001880"",""SOURCE_COVPDB:CovPDB_complexes/3q3y/3q3y.pdb#LINK00484"",""SOURCE_RCSB_PDB_DIRECT:3Q3Y:covale2""]"
522,COVAPIE_CYS_SG_EVENT_V1:3QN7:B:CYS:16-:SG:C:ZBR:C8,MULTI_SOURCE_PROVENANCE,3QN7,B,,CYS,16,SG,ZBR,C,C8,2,2,"[""SOURCE_COVBINDERINPDB"",""SOURCE_RCSB_PDB_DIRECT""]","[""SOURCE_COVBINDERINPDB:CBR002763"",""SOURCE_RCSB_PDB_DIRECT:3QN7:covale3""]"
523,COVAPIE_CYS_SG_EVENT_V1:3QN7:B:CYS:2-:SG:C:ZBR:C9,MULTI_SOURCE_PROVENANCE,3QN7,B,,CYS,2,SG,ZBR,C,C9,2,2,"[""SOURCE_COVBINDERINPDB"",""SOURCE_RCSB_PDB_DIRECT""]","[""SOURCE_COVBINDERINPDB:CBR002761"",""SOURCE_RCSB_PDB_DIRECT:3QN7:covale1""]"
524,COVAPIE_CYS_SG_EVENT_V1:3QN7:B:CYS:9-:SG:C:ZBR:C7,MULTI_SOURCE_PROVENANCE,3QN7,B,,CYS,9,SG,ZBR,C,C7,2,2,"[""SOURCE_COVBINDERINPDB"",""SOURCE_RCSB_PDB_DIRECT""]","[""SOURCE_COVBINDERINPDB:CBR002762"",""SOURCE_RCSB_PDB_DIRECT:3QN7:covale2""]"
525,COVAPIE_CYS_SG_EVENT_V1:3QSD:A:CYS:100-:SG:B:074:C6,MULTI_SOURCE_PROVENANCE,3QSD,A,,CYS,100,SG,074,B,C6,3,3,"[""SOURCE_COVBINDERINPDB"",""SOURCE_COVPDB"",""SOURCE_RCSB_PDB_DIRECT""]","[""SOURCE_COVBINDERINPDB:CBR002693"",""SOURCE_COVPDB:CovPDB_complexes/3qsd/3qsd.pdb#LINK00490"",""SOURCE_RCSB_PDB_DIRECT:3QSD:covale1""]"
526,COVAPIE_CYS_SG_EVENT_V1:3QVO:A:CYS:93-:SG:B:MNB:S5,MULTI_SOURCE_PROVENANCE,3QVO,A,,CYS,93,SG,MNB,B,S5,2,2,"[""SOURCE_COVPDB"",""SOURCE_RCSB_PDB_DIRECT""]","[""SOURCE_COVPDB:CovPDB_complexes/3qvo/3qvo.pdb#LINK00481"",""SOURCE_RCSB_PDB_DIRECT:3QVO:covale9""]"
527,COVAPIE_CYS_SG_EVENT_V1:3QVY:A:CYS:82-:SG:O:ME7:CAG,MULTI_SOURCE_PROVENANCE,3QVY,A,,CYS,82,SG,ME7,O,CAG,2,2,"[""SOURCE_COVBINDERINPDB"",""SOURCE_RCSB_PDB_DIRECT""]","[""SOURCE_COVBINDERINPDB:CBR002864"",""SOURCE_RCSB_PDB_DIRECT:3QVY:covale1""]"
528,COVAPIE_CYS_SG_EVENT_V1:3QVY:B:CYS:82-:SG:U:ME7:CAE,MULTI_SOURCE_PROVENANCE,3QVY,B,,CYS,82,SG,ME7,U,CAE,2,2,"[""SOURCE_COVBINDERINPDB"",""SOURCE_RCSB_PDB_DIRECT""]","[""SOURCE_COVBINDERINPDB:CBR002866"",""SOURCE_RCSB_PDB_DIRECT:3QVY:covale4""]"
529,COVAPIE_CYS_SG_EVENT_V1:3QVY:C:CYS:82-:SG:O:ME7:CAE,MULTI_SOURCE_PROVENANCE,3QVY,C,,CYS,82,SG,ME7,O,CAE,2,2,"[""SOURCE_COVBINDERINPDB"",""SOURCE_RCSB_PDB_DIRECT""]","[""SOURCE_COVBINDERINPDB:CBR002865"",""SOURCE_RCSB_PDB_DIRECT:3QVY:covale7""]"
530,COVAPIE_CYS_SG_EVENT_V1:3QVY:D:CYS:82-:SG:U:ME7:CAH,MULTI_SOURCE_PROVENANCE,3QVY,D,,CYS,82,SG,ME7,U,CAH,2,2,"[""SOURCE_COVBINDERINPDB"",""SOURCE_RCSB_PDB_DIRECT""]","[""SOURCE_COVBINDERINPDB:CBR002867"",""SOURCE_RCSB_PDB_DIRECT:3QVY:covale10""]"
531,COVAPIE_CYS_SG_EVENT_V1:3QVZ:A:CYS:82-:SG:F:ME7:CAE,MULTI_SOURCE_PROVENANCE,3QVZ,A,,CYS,82,SG,ME7,F,CAE,2,2,"[""SOURCE_COVBINDERINPDB"",""SOURCE_RCSB_PDB_DIRECT""]","[""SOURCE_COVBINDERINPDB:CBR002898"",""SOURCE_RCSB_PDB_DIRECT:3QVZ:covale1""]"
532,COVAPIE_CYS_SG_EVENT_V1:3QVZ:B:CYS:82-:SG:N:ME7:CAG,MULTI_SOURCE_PROVENANCE,3QVZ,B,,CYS,82,SG,ME7,N,CAG,2,2,"[""SOURCE_COVBINDERINPDB"",""SOURCE_RCSB_PDB_DIRECT""]","[""SOURCE_COVBINDERINPDB:CBR002900"",""SOURCE_RCSB_PDB_DIRECT:3QVZ:covale5""]"
533,COVAPIE_CYS_SG_EVENT_V1:3QVZ:C:CYS:82-:SG:F:ME7:CAH,MULTI_SOURCE_PROVENANCE,3QVZ,C,,CYS,82,SG,ME7,F,CAH,2,2,"[""SOURCE_COVBINDERINPDB"",""SOURCE_RCSB_PDB_DIRECT""]","[""SOURCE_COVBINDERINPDB:CBR002899"",""SOURCE_RCSB_PDB_DIRECT:3QVZ:covale4""]"
534,COVAPIE_CYS_SG_EVENT_V1:3QVZ:D:CYS:82-:SG:N:ME7:CAF,MULTI_SOURCE_PROVENANCE,3QVZ,D,,CYS,82,SG,ME7,N,CAF,2,2,"[""SOURCE_COVBINDERINPDB"",""SOURCE_RCSB_PDB_DIRECT""]","[""SOURCE_COVBINDERINPDB:CBR002901"",""SOURCE_RCSB_PDB_DIRECT:3QVZ:covale8""]"
535,COVAPIE_CYS_SG_EVENT_V1:3RHY:A:CYS:249-:SG:C:HM3:C4,MULTI_SOURCE_PROVENANCE,3RHY,A,,CYS,249,SG,HM3,C,C4,3,3,"[""SOURCE_COVBINDERINPDB"",""SOURCE_COVPDB"",""SOURCE_RCSB_PDB_DIRECT""]","[""SOURCE_COVBINDERINPDB:CBR001482"",""SOURCE_COVPDB:CovPDB_complexes/3rhy/3rhy.pdb#LINK00447"",""SOURCE_RCSB_PDB_DIRECT:3RHY:covale1""]"
536,COVAPIE_CYS_SG_EVENT_V1:3RHY:B:CYS:249-:SG:D:HM3:C4,MULTI_SOURCE_PROVENANCE,3RHY,B,,CYS,249,SG,HM3,D,C4,3,3,"[""SOURCE_COVBINDERINPDB"",""SOURCE_COVPDB"",""SOURCE_RCSB_PDB_DIRECT""]","[""SOURCE_COVBINDERINPDB:CBR001483"",""SOURCE_COVPDB:CovPDB_complexes/3rhy/3rhy.pdb#LINK00448"",""SOURCE_RCSB_PDB_DIRECT:3RHY:covale2""]"
537,COVAPIE_CYS_SG_EVENT_V1:3RUO:A:CYS:147-:SG:C:AG7:C19,MULTI_SOURCE_PROVENANCE,3RUO,A,,CYS,147,SG,AG7,C,C19,3,3,"[""SOURCE_COVBINDERINPDB"",""SOURCE_COVPDB"",""SOURCE_RCSB_PDB_DIRECT""]","[""SOURCE_COVBINDERINPDB:CBR004503"",""SOURCE_COVPDB:CovPDB_complexes/3ruo/3ruo.pdb#LINK00627"",""SOURCE_RCSB_PDB_DIRECT:3RUO:covale1""]"
538,COVAPIE_CYS_SG_EVENT_V1:3RUO:B:CYS:147-:SG:E:AG7:C19,MULTI_SOURCE_PROVENANCE,3RUO,B,,CYS,147,SG,AG7,E,C19,3,3,"[""SOURCE_COVBINDERINPDB"",""SOURCE_COVPDB"",""SOURCE_RCSB_PDB_DIRECT""]","[""SOURCE_COVBINDERINPDB:CBR004504"",""SOURCE_COVPDB:CovPDB_complexes/3ruo/3ruo.pdb#LINK00628"",""SOURCE_RCSB_PDB_DIRECT:3RUO:covale2""]"
539,COVAPIE_CYS_SG_EVENT_V1:3S19:A:CYS:194-:SG:E:PRF:C10,MULTI_SOURCE_PROVENANCE,3S19,A,,CYS,194,SG,PRF,E,C10,2,2,"[""SOURCE_COVPDB"",""SOURCE_RCSB_PDB_DIRECT""]","[""SOURCE_COVPDB:CovPDB_complexes/3s19/3s19.pdb#LINK01187"",""SOURCE_RCSB_PDB_DIRECT:3S19:covale3""]"
540,COVAPIE_CYS_SG_EVENT_V1:3S19:B:CYS:194-:SG:G:PRF:C10,MULTI_SOURCE_PROVENANCE,3S19,B,,CYS,194,SG,PRF,G,C10,2,3,"[""SOURCE_COVPDB"",""SOURCE_RCSB_PDB_DIRECT""]","[""SOURCE_COVPDB:CovPDB_complexes/3s19/3s19.pdb#LINK01188"",""SOURCE_COVPDB:CovPDB_complexes/3s19/3s19.pdb#LINK01189"",""SOURCE_RCSB_PDB_DIRECT:3S19:covale17""]"
541,COVAPIE_CYS_SG_EVENT_V1:3S19:C:CYS:194-:SG:I:PRF:C10,MULTI_SOURCE_PROVENANCE,3S19,C,,CYS,194,SG,PRF,I,C10,2,3,"[""SOURCE_COVPDB"",""SOURCE_RCSB_PDB_DIRECT""]","[""SOURCE_COVPDB:CovPDB_complexes/3s19/3s19.pdb#LINK01190"",""SOURCE_COVPDB:CovPDB_complexes/3s19/3s19.pdb#LINK01191"",""SOURCE_RCSB_PDB_DIRECT:3S19:covale31""]"
542,COVAPIE_CYS_SG_EVENT_V1:3S19:D:CYS:194-:SG:K:PRF:C10,MULTI_SOURCE_PROVENANCE,3S19,D,,CYS,194,SG,PRF,K,C10,2,3,"[""SOURCE_COVPDB"",""SOURCE_RCSB_PDB_DIRECT""]","[""SOURCE_COVPDB:CovPDB_complexes/3s19/3s19.pdb#LINK01192"",""SOURCE_COVPDB:CovPDB_complexes/3s19/3s19.pdb#LINK01193"",""SOURCE_RCSB_PDB_DIRECT:3S19:covale47""]"
543,COVAPIE_CYS_SG_EVENT_V1:3S3Q:A:CYS:100-:SG:B:C1P:C18,MULTI_SOURCE_PROVENANCE,3S3Q,A,,CYS,100,SG,C1P,B,C18,3,3,"[""SOURCE_COVBINDERINPDB"",""SOURCE_COVPDB"",""SOURCE_RCSB_PDB_DIRECT""]","[""SOURCE_COVBINDERINPDB:CBR000021"",""SOURCE_COVPDB:CovPDB_complexes/3s3q/3s3q.pdb#LINK00364"",""SOURCE_RCSB_PDB_DIRECT:3S3Q:covale1""]"
544,COVAPIE_CYS_SG_EVENT_V1:3S3R:A:CYS:100-:SG:D:0IW:C21,MULTI_SOURCE_PROVENANCE,3S3R,A,,CYS,100,SG,0IW,D,C21,2,2,"[""SOURCE_COVBINDERINPDB"",""SOURCE_RCSB_PDB_DIRECT""]","[""SOURCE_COVBINDERINPDB:CBR000022"",""SOURCE_RCSB_PDB_DIRECT:3S3R:covale1""]"
545,COVAPIE_CYS_SG_EVENT_V1:3S3R:B:CYS:100-:SG:E:0IW:C21,MULTI_SOURCE_PROVENANCE,3S3R,B,,CYS,100,SG,0IW,E,C21,2,2,"[""SOURCE_COVBINDERINPDB"",""SOURCE_RCSB_PDB_DIRECT""]","[""SOURCE_COVBINDERINPDB:CBR000023"",""SOURCE_RCSB_PDB_DIRECT:3S3R:covale2""]"
546,COVAPIE_CYS_SG_EVENT_V1:3S3R:C:CYS:100-:SG:F:0IW:C21,MULTI_SOURCE_PROVENANCE,3S3R,C,,CYS,100,SG,0IW,F,C21,2,2,"[""SOURCE_COVBINDERINPDB"",""SOURCE_RCSB_PDB_DIRECT""]","[""SOURCE_COVBINDERINPDB:CBR000024"",""SOURCE_RCSB_PDB_DIRECT:3S3R:covale3""]"
547,COVAPIE_CYS_SG_EVENT_V1:3SJI:A:CYS:147-:SG:B:AG7:C19,MULTI_SOURCE_PROVENANCE,3SJI,A,,CYS,147,SG,AG7,B,C19,3,3,"[""SOURCE_COVBINDERINPDB"",""SOURCE_COVPDB"",""SOURCE_RCSB_PDB_DIRECT""]","[""SOURCE_COVBINDERINPDB:CBR003113"",""SOURCE_COVPDB:CovPDB_complexes/3sji/3sji.pdb#LINK00389"",""SOURCE_RCSB_PDB_DIRECT:3SJI:covale1""]"
548,COVAPIE_CYS_SG_EVENT_V1:3SJO:A:CYS:147-:SG:I:AG7:C19,MULTI_SOURCE_PROVENANCE,3SJO,A,,CYS,147,SG,AG7,I,C19,3,3,"[""SOURCE_COVBINDERINPDB"",""SOURCE_COVPDB"",""SOURCE_RCSB_PDB_DIRECT""]","[""SOURCE_COVBINDERINPDB:CBR003105"",""SOURCE_COVPDB:CovPDB_complexes/3sjo/3sjo.pdb#LINK00962"",""SOURCE_RCSB_PDB_DIRECT:3SJO:covale1""]"
549,COVAPIE_CYS_SG_EVENT_V1:3SJO:B:CYS:147-:SG:J:AG7:C19,MULTI_SOURCE_PROVENANCE,3SJO,B,,CYS,147,SG,AG7,J,C19,3,3,"[""SOURCE_COVBINDERINPDB"",""SOURCE_COVPDB"",""SOURCE_RCSB_PDB_DIRECT""]","[""SOURCE_COVBINDERINPDB:CBR003106"",""SOURCE_COVPDB:CovPDB_complexes/3sjo/3sjo.pdb#LINK00963"",""SOURCE_RCSB_PDB_DIRECT:3SJO:covale2""]"
550,COVAPIE_CYS_SG_EVENT_V1:3SJO:C:CYS:147-:SG:K:AG7:C19,MULTI_SOURCE_PROVENANCE,3SJO,C,,CYS,147,SG,AG7,K,C19,3,3,"[""SOURCE_COVBINDERINPDB"",""SOURCE_COVPDB"",""SOURCE_RCSB_PDB_DIRECT""]","[""SOURCE_COVBINDERINPDB:CBR003107"",""SOURCE_COVPDB:CovPDB_complexes/3sjo/3sjo.pdb#LINK00964"",""SOURCE_RCSB_PDB_DIRECT:3SJO:covale3""]"
551,COVAPIE_CYS_SG_EVENT_V1:3SJO:D:CYS:147-:SG:L:AG7:C19,MULTI_SOURCE_PROVENANCE,3SJO,D,,CYS,147,SG,AG7,L,C19,3,3,"[""SOURCE_COVBINDERINPDB"",""SOURCE_COVPDB"",""SOURCE_RCSB_PDB_DIRECT""]","[""SOURCE_COVBINDERINPDB:CBR003108"",""SOURCE_COVPDB:CovPDB_complexes/3sjo/3sjo.pdb#LINK00965"",""SOURCE_RCSB_PDB_DIRECT:3SJO:covale4""]"
552,COVAPIE_CYS_SG_EVENT_V1:3SJO:E:CYS:147-:SG:M:AG7:C19,MULTI_SOURCE_PROVENANCE,3SJO,E,,CYS,147,SG,AG7,M,C19,3,3,"[""SOURCE_COVBINDERINPDB"",""SOURCE_COVPDB"",""SOURCE_RCSB_PDB_DIRECT""]","[""SOURCE_COVBINDERINPDB:CBR003109"",""SOURCE_COVPDB:CovPDB_complexes/3sjo/3sjo.pdb#LINK00966"",""SOURCE_RCSB_PDB_DIRECT:3SJO:covale5""]"
553,COVAPIE_CYS_SG_EVENT_V1:3SJO:F:CYS:147-:SG:N:AG7:C19,MULTI_SOURCE_PROVENANCE,3SJO,F,,CYS,147,SG,AG7,N,C19,3,3,"[""SOURCE_COVBINDERINPDB"",""SOURCE_COVPDB"",""SOURCE_RCSB_PDB_DIRECT""]","[""SOURCE_COVBINDERINPDB:CBR003110"",""SOURCE_COVPDB:CovPDB_complexes/3sjo/3sjo.pdb#LINK00967"",""SOURCE_RCSB_PDB_DIRECT:3SJO:covale6""]"
554,COVAPIE_CYS_SG_EVENT_V1:3SJO:G:CYS:147-:SG:O:AG7:C19,MULTI_SOURCE_PROVENANCE,3SJO,G,,CYS,147,SG,AG7,O,C19,3,3,"[""SOURCE_COVBINDERINPDB"",""SOURCE_COVPDB"",""SOURCE_RCSB_PDB_DIRECT""]","[""SOURCE_COVBINDERINPDB:CBR003111"",""SOURCE_COVPDB:CovPDB_complexes/3sjo/3sjo.pdb#LINK00968"",""SOURCE_RCSB_PDB_DIRECT:3SJO:covale7""]"
555,COVAPIE_CYS_SG_EVENT_V1:3SJO:H:CYS:147-:SG:P:AG7:C19,MULTI_SOURCE_PROVENANCE,3SJO,H,,CYS,147,SG,AG7,P,C19,3,3,"[""SOURCE_COVBINDERINPDB"",""SOURCE_COVPDB"",""SOURCE_RCSB_PDB_DIRECT""]","[""SOURCE_COVBINDERINPDB:CBR003112"",""SOURCE_COVPDB:CovPDB_complexes/3sjo/3sjo.pdb#LINK00969"",""SOURCE_RCSB_PDB_DIRECT:3SJO:covale8""]"
556,COVAPIE_CYS_SG_EVENT_V1:3SN8:A:CYS:145-:SG:B:S89:C,MULTI_SOURCE_PROVENANCE,3SN8,A,,CYS,145,SG,S89,B,C,3,3,"[""SOURCE_COVBINDERINPDB"",""SOURCE_COVPDB"",""SOURCE_RCSB_PDB_DIRECT""]","[""SOURCE_COVBINDERINPDB:CBR000987"",""SOURCE_COVPDB:CovPDB_complexes/3sn8/3sn8.pdb#LINK00398"",""SOURCE_RCSB_PDB_DIRECT:3SN8:covale1""]"
557,COVAPIE_CYS_SG_EVENT_V1:3SVV:A:CYS:338-:SG:C:VSP:C18,MULTI_SOURCE_PROVENANCE,3SVV,A,,CYS,338,SG,VSP,C,C18,3,3,"[""SOURCE_COVBINDERINPDB"",""SOURCE_COVPDB"",""SOURCE_RCSB_PDB_DIRECT""]","[""SOURCE_COVBINDERINPDB:CBR001106"",""SOURCE_COVPDB:CovPDB_complexes/3svv/3svv.pdb#LINK00470"",""SOURCE_RCSB_PDB_DIRECT:3SVV:covale1""]"
558,COVAPIE_CYS_SG_EVENT_V1:3SVV:B:CYS:338-:SG:D:VSP:C18,MULTI_SOURCE_PROVENANCE,3SVV,B,,CYS,338,SG,VSP,D,C18,3,3,"[""SOURCE_COVBINDERINPDB"",""SOURCE_COVPDB"",""SOURCE_RCSB_PDB_DIRECT""]","[""SOURCE_COVBINDERINPDB:CBR001107"",""SOURCE_COVPDB:CovPDB_complexes/3svv/3svv.pdb#LINK00471"",""SOURCE_RCSB_PDB_DIRECT:3SVV:covale2""]"
559,COVAPIE_CYS_SG_EVENT_V1:3SZ9:A:CYS:302-:SG:N:I3E:C11,MULTI_SOURCE_PROVENANCE,3SZ9,A,,CYS,302,SG,I3E,N,C11,3,3,"[""SOURCE_COVBINDERINPDB"",""SOURCE_COVPDB"",""SOURCE_RCSB_PDB_DIRECT""]","[""SOURCE_COVBINDERINPDB:CBR003283"",""SOURCE_COVPDB:CovPDB_complexes/3sz9/3sz9.pdb#LINK01408"",""SOURCE_RCSB_PDB_DIRECT:3SZ9:covale1""]"
560,COVAPIE_CYS_SG_EVENT_V1:3SZ9:B:CYS:302-:SG:S:I3E:C11,MULTI_SOURCE_PROVENANCE,3SZ9,B,,CYS,302,SG,I3E,S,C11,3,3,"[""SOURCE_COVBINDERINPDB"",""SOURCE_COVPDB"",""SOURCE_RCSB_PDB_DIRECT""]","[""SOURCE_COVBINDERINPDB:CBR003284"",""SOURCE_COVPDB:CovPDB_complexes/3sz9/3sz9.pdb#LINK01409"",""SOURCE_RCSB_PDB_DIRECT:3SZ9:covale2""]"
561,COVAPIE_CYS_SG_EVENT_V1:3SZ9:C:CYS:302-:SG:CA:I3E:C11,MULTI_SOURCE_PROVENANCE,3SZ9,C,,CYS,302,SG,I3E,CA,C11,3,3,"[""SOURCE_COVBINDERINPDB"",""SOURCE_COVPDB"",""SOURCE_RCSB_PDB_DIRECT""]","[""SOURCE_COVBINDERINPDB:CBR003285"",""SOURCE_COVPDB:CovPDB_complexes/3sz9/3sz9.pdb#LINK01410"",""SOURCE_RCSB_PDB_DIRECT:3SZ9:covale3""]"
562,COVAPIE_CYS_SG_EVENT_V1:3SZ9:D:CYS:302-:SG:HA:I3E:C11,MULTI_SOURCE_PROVENANCE,3SZ9,D,,CYS,302,SG,I3E,HA,C11,3,3,"[""SOURCE_COVBINDERINPDB"",""SOURCE_COVPDB"",""SOURCE_RCSB_PDB_DIRECT""]","[""SOURCE_COVBINDERINPDB:CBR003286"",""SOURCE_COVPDB:CovPDB_complexes/3sz9/3sz9.pdb#LINK01411"",""SOURCE_RCSB_PDB_DIRECT:3SZ9:covale4""]"
563,COVAPIE_CYS_SG_EVENT_V1:3SZ9:E:CYS:302-:SG:MA:I3E:C11,MULTI_SOURCE_PROVENANCE,3SZ9,E,,CYS,302,SG,I3E,MA,C11,3,3,"[""SOURCE_COVBINDERINPDB"",""SOURCE_COVPDB"",""SOURCE_RCSB_PDB_DIRECT""]","[""SOURCE_COVBINDERINPDB:CBR003287"",""SOURCE_COVPDB:CovPDB_complexes/3sz9/3sz9.pdb#LINK01412"",""SOURCE_RCSB_PDB_DIRECT:3SZ9:covale5""]"
564,COVAPIE_CYS_SG_EVENT_V1:3SZ9:F:CYS:302-:SG:XA:I3E:C11,MULTI_SOURCE_PROVENANCE,3SZ9,F,,CYS,302,SG,I3E,XA,C11,3,3,"[""SOURCE_COVBINDERINPDB"",""SOURCE_COVPDB"",""SOURCE_RCSB_PDB_DIRECT""]","[""SOURCE_COVBINDERINPDB:CBR003288"",""SOURCE_COVPDB:CovPDB_complexes/3sz9/3sz9.pdb#LINK01413"",""SOURCE_RCSB_PDB_DIRECT:3SZ9:covale6""]"
565,COVAPIE_CYS_SG_EVENT_V1:3SZ9:G:CYS:302-:SG:DB:I3E:C11,MULTI_SOURCE_PROVENANCE,3SZ9,G,,CYS,302,SG,I3E,DB,C11,3,3,"[""SOURCE_COVBINDERINPDB"",""SOURCE_COVPDB"",""SOURCE_RCSB_PDB_DIRECT""]","[""SOURCE_COVBINDERINPDB:CBR003289"",""SOURCE_COVPDB:CovPDB_complexes/3sz9/3sz9.pdb#LINK01414"",""SOURCE_RCSB_PDB_DIRECT:3SZ9:covale7""]"
566,COVAPIE_CYS_SG_EVENT_V1:3SZ9:H:CYS:302-:SG:KB:I3E:C11,MULTI_SOURCE_PROVENANCE,3SZ9,H,,CYS,302,SG,I3E,KB,C11,3,3,"[""SOURCE_COVBINDERINPDB"",""SOURCE_COVPDB"",""SOURCE_RCSB_PDB_DIRECT""]","[""SOURCE_COVBINDERINPDB:CBR003290"",""SOURCE_COVPDB:CovPDB_complexes/3sz9/3sz9.pdb#LINK01415"",""SOURCE_RCSB_PDB_DIRECT:3SZ9:covale8""]"
567,COVAPIE_CYS_SG_EVENT_V1:3SZB:A:CYS:243-:SG:F:I1E:C9,MULTI_SOURCE_PROVENANCE,3SZB,A,,CYS,243,SG,I1E,F,C9,3,3,"[""SOURCE_COVBINDERINPDB"",""SOURCE_COVPDB"",""SOURCE_RCSB_PDB_DIRECT""]","[""SOURCE_COVBINDERINPDB:CBR003292"",""SOURCE_COVPDB:CovPDB_complexes/3szb/3szb.pdb#LINK00650"",""SOURCE_RCSB_PDB_DIRECT:3SZB:covale1""]"
568,COVAPIE_CYS_SG_EVENT_V1:3SZB:B:CYS:243-:SG:J:I1E:C9,MULTI_SOURCE_PROVENANCE,3SZB,B,,CYS,243,SG,I1E,J,C9,3,3,"[""SOURCE_COVBINDERINPDB"",""SOURCE_COVPDB"",""SOURCE_RCSB_PDB_DIRECT""]","[""SOURCE_COVBINDERINPDB:CBR003293"",""SOURCE_COVPDB:CovPDB_complexes/3szb/3szb.pdb#LINK00651"",""SOURCE_RCSB_PDB_DIRECT:3SZB:covale2""]"
569,COVAPIE_CYS_SG_EVENT_V1:3SZN:A:CYS:145-:SG:B:G75:C63,MULTI_SOURCE_PROVENANCE,3SZN,A,,CYS,145,SG,G75,B,C63,2,2,"[""SOURCE_COVPDB"",""SOURCE_RCSB_PDB_DIRECT""]","[""SOURCE_COVPDB:CovPDB_complexes/3szn/3szn.pdb#LINK00370"",""SOURCE_RCSB_PDB_DIRECT:3SZN:covale1""]"
570,COVAPIE_CYS_SG_EVENT_V1:3T9T:A:CYS:442-:SG:B:IAQ:C28,MULTI_SOURCE_PROVENANCE,3T9T,A,,CYS,442,SG,IAQ,B,C28,3,3,"[""SOURCE_COVBINDERINPDB"",""SOURCE_COVPDB"",""SOURCE_RCSB_PDB_DIRECT""]","[""SOURCE_COVBINDERINPDB:CBR003815"",""SOURCE_COVPDB:CovPDB_complexes/3t9t/3t9t.pdb#LINK00380"",""SOURCE_RCSB_PDB_DIRECT:3T9T:covale1""]"
571,COVAPIE_CYS_SG_EVENT_V1:3TAX:A:CYS:917-:SG:F:FOR:C,MULTI_SOURCE_PROVENANCE,3TAX,A,,CYS,917,SG,FOR,F,C,2,2,"[""SOURCE_COVBINDERINPDB"",""SOURCE_RCSB_PDB_DIRECT""]","[""SOURCE_COVBINDERINPDB:CBR004602"",""SOURCE_RCSB_PDB_DIRECT:3TAX:covale2""]"
572,COVAPIE_CYS_SG_EVENT_V1:3TAX:C:CYS:917-:SG:K:FOR:C,MULTI_SOURCE_PROVENANCE,3TAX,C,,CYS,917,SG,FOR,K,C,2,2,"[""SOURCE_COVBINDERINPDB"",""SOURCE_RCSB_PDB_DIRECT""]","[""SOURCE_COVBINDERINPDB:CBR004603"",""SOURCE_RCSB_PDB_DIRECT:3TAX:covale4""]"
573,COVAPIE_CYS_SG_EVENT_V1:3TBE:A:CYS:184-:SG:G:ETM:SD,MULTI_SOURCE_PROVENANCE,3TBE,A,,CYS,184,SG,ETM,G,SD,2,2,"[""SOURCE_COVBINDERINPDB"",""SOURCE_RCSB_PDB_DIRECT""]","[""SOURCE_COVBINDERINPDB:CBR002082"",""SOURCE_RCSB_PDB_DIRECT:3TBE:covale1""]"
574,COVAPIE_CYS_SG_EVENT_V1:3TBE:B:CYS:184-:SG:H:ETM:SD,MULTI_SOURCE_PROVENANCE,3TBE,B,,CYS,184,SG,ETM,H,SD,2,2,"[""SOURCE_COVBINDERINPDB"",""SOURCE_RCSB_PDB_DIRECT""]","[""SOURCE_COVBINDERINPDB:CBR002083"",""SOURCE_RCSB_PDB_DIRECT:3TBE:covale2""]"
575,COVAPIE_CYS_SG_EVENT_V1:3TBE:C:CYS:184-:SG:L:ETM:SD,MULTI_SOURCE_PROVENANCE,3TBE,C,,CYS,184,SG,ETM,L,SD,2,2,"[""SOURCE_COVBINDERINPDB"",""SOURCE_RCSB_PDB_DIRECT""]","[""SOURCE_COVBINDERINPDB:CBR002084"",""SOURCE_RCSB_PDB_DIRECT:3TBE:covale3""]"
576,COVAPIE_CYS_SG_EVENT_V1:3TBE:D:CYS:184-:SG:N:ETM:SD,MULTI_SOURCE_PROVENANCE,3TBE,D,,CYS,184,SG,ETM,N,SD,2,2,"[""SOURCE_COVBINDERINPDB"",""SOURCE_RCSB_PDB_DIRECT""]","[""SOURCE_COVBINDERINPDB:CBR002085"",""SOURCE_RCSB_PDB_DIRECT:3TBE:covale4""]"
577,COVAPIE_CYS_SG_EVENT_V1:3TBE:E:CYS:184-:SG:P:ETM:SD,MULTI_SOURCE_PROVENANCE,3TBE,E,,CYS,184,SG,ETM,P,SD,2,2,"[""SOURCE_COVBINDERINPDB"",""SOURCE_RCSB_PDB_DIRECT""]","[""SOURCE_COVBINDERINPDB:CBR002086"",""SOURCE_RCSB_PDB_DIRECT:3TBE:covale5""]"
578,COVAPIE_CYS_SG_EVENT_V1:3TBE:F:CYS:184-:SG:Q:ETM:SD,MULTI_SOURCE_PROVENANCE,3TBE,F,,CYS,184,SG,ETM,Q,SD,2,2,"[""SOURCE_COVBINDERINPDB"",""SOURCE_RCSB_PDB_DIRECT""]","[""SOURCE_COVBINDERINPDB:CBR002087"",""SOURCE_RCSB_PDB_DIRECT:3TBE:covale6""]"
579,COVAPIE_CYS_SG_EVENT_V1:3TEZ:A:CYS:337-:SG:F:ACN:C2,MULTI_SOURCE_PROVENANCE,3TEZ,A,,CYS,337,SG,ACN,F,C2,2,2,"[""SOURCE_COVBINDERINPDB"",""SOURCE_RCSB_PDB_DIRECT""]","[""SOURCE_COVBINDERINPDB:CBR002213"",""SOURCE_RCSB_PDB_DIRECT:3TEZ:covale1""]"
580,COVAPIE_CYS_SG_EVENT_V1:3TEZ:A:CYS:664-:SG:F:ACN:C1,MULTI_SOURCE_PROVENANCE,3TEZ,A,,CYS,664,SG,ACN,F,C1,2,2,"[""SOURCE_COVBINDERINPDB"",""SOURCE_RCSB_PDB_DIRECT""]","[""SOURCE_COVBINDERINPDB:CBR002212"",""SOURCE_RCSB_PDB_DIRECT:3TEZ:covale2""]"
581,COVAPIE_CYS_SG_EVENT_V1:3TIT:A:CYS:145-:SG:B:G81:C63,MULTI_SOURCE_PROVENANCE,3TIT,A,,CYS,145,SG,G81,B,C63,2,2,"[""SOURCE_COVPDB"",""SOURCE_RCSB_PDB_DIRECT""]","[""SOURCE_COVPDB:CovPDB_complexes/3tit/3tit.pdb#LINK00382"",""SOURCE_RCSB_PDB_DIRECT:3TIT:covale1""]"
582,COVAPIE_CYS_SG_EVENT_V1:3TIU:A:CYS:145-:SG:C:G82:C63,MULTI_SOURCE_PROVENANCE,3TIU,A,,CYS,145,SG,G82,C,C63,2,2,"[""SOURCE_COVPDB"",""SOURCE_RCSB_PDB_DIRECT""]","[""SOURCE_COVPDB:CovPDB_complexes/3tiu/3tiu.pdb#LINK00377"",""SOURCE_RCSB_PDB_DIRECT:3TIU:covale1""]"
583,COVAPIE_CYS_SG_EVENT_V1:3TNS:A:CYS:145-:SG:B:G83:C63,MULTI_SOURCE_PROVENANCE,3TNS,A,,CYS,145,SG,G83,B,C63,2,2,"[""SOURCE_COVPDB"",""SOURCE_RCSB_PDB_DIRECT""]","[""SOURCE_COVPDB:CovPDB_complexes/3tns/3tns.pdb#LINK00370"",""SOURCE_RCSB_PDB_DIRECT:3TNS:covale1""]"
584,COVAPIE_CYS_SG_EVENT_V1:3TNT:A:CYS:145-:SG:B:G85:C63,MULTI_SOURCE_PROVENANCE,3TNT,A,,CYS,145,SG,G85,B,C63,2,2,"[""SOURCE_COVPDB"",""SOURCE_RCSB_PDB_DIRECT""]","[""SOURCE_COVPDB:CovPDB_complexes/3tnt/3tnt.pdb#LINK00380"",""SOURCE_RCSB_PDB_DIRECT:3TNT:covale1""]"
585,COVAPIE_CYS_SG_EVENT_V1:3UR9:A:CYS:139-:SG:E:K36:C21,MULTI_SOURCE_PROVENANCE,3UR9,A,,CYS,139,SG,K36,E,C21,3,3,"[""SOURCE_COVBINDERINPDB"",""SOURCE_COVPDB"",""SOURCE_RCSB_PDB_DIRECT""]","[""SOURCE_COVBINDERINPDB:CBR001374"",""SOURCE_COVPDB:CovPDB_complexes/3ur9/3ur9.pdb#LINK00778"",""SOURCE_RCSB_PDB_DIRECT:3UR9:covale1""]"
586,COVAPIE_CYS_SG_EVENT_V1:3UR9:B:CYS:139-:SG:H:K36:C21,MULTI_SOURCE_PROVENANCE,3UR9,B,,CYS,139,SG,K36,H,C21,3,3,"[""SOURCE_COVBINDERINPDB"",""SOURCE_COVPDB"",""SOURCE_RCSB_PDB_DIRECT""]","[""SOURCE_COVBINDERINPDB:CBR001373"",""SOURCE_COVPDB:CovPDB_complexes/3ur9/3ur9.pdb#LINK00777"",""SOURCE_RCSB_PDB_DIRECT:3UR9:covale2""]"
587,COVAPIE_CYS_SG_EVENT_V1:3UXJ:A:CYS:194-:SG:E:PRF:C10,MULTI_SOURCE_PROVENANCE,3UXJ,A,,CYS,194,SG,PRF,E,C10,2,2,"[""SOURCE_COVPDB"",""SOURCE_RCSB_PDB_DIRECT""]","[""SOURCE_COVPDB:CovPDB_complexes/3uxj/3uxj.pdb#LINK00841"",""SOURCE_RCSB_PDB_DIRECT:3UXJ:covale3""]"
588,COVAPIE_CYS_SG_EVENT_V1:3UXJ:B:CYS:194-:SG:I:PRF:C10,MULTI_SOURCE_PROVENANCE,3UXJ,B,,CYS,194,SG,PRF,I,C10,2,2,"[""SOURCE_COVPDB"",""SOURCE_RCSB_PDB_DIRECT""]","[""SOURCE_COVPDB:CovPDB_complexes/3uxj/3uxj.pdb#LINK00842"",""SOURCE_RCSB_PDB_DIRECT:3UXJ:covale14""]"
589,COVAPIE_CYS_SG_EVENT_V1:3UXJ:C:CYS:194-:SG:O:PRF:C10,MULTI_SOURCE_PROVENANCE,3UXJ,C,,CYS,194,SG,PRF,O,C10,2,2,"[""SOURCE_COVPDB"",""SOURCE_RCSB_PDB_DIRECT""]","[""SOURCE_COVPDB:CovPDB_complexes/3uxj/3uxj.pdb#LINK00843"",""SOURCE_RCSB_PDB_DIRECT:3UXJ:covale27""]"
590,COVAPIE_CYS_SG_EVENT_V1:3UXJ:D:CYS:194-:SG:S:PRF:C10,MULTI_SOURCE_PROVENANCE,3UXJ,D,,CYS,194,SG,PRF,S,C10,2,2,"[""SOURCE_COVPDB"",""SOURCE_RCSB_PDB_DIRECT""]","[""SOURCE_COVPDB:CovPDB_complexes/3uxj/3uxj.pdb#LINK00840"",""SOURCE_RCSB_PDB_DIRECT:3UXJ:covale38""]"
591,COVAPIE_CYS_SG_EVENT_V1:3V4J:A:CYS:308-:SG:E:PQR:C4,MULTI_SOURCE_PROVENANCE,3V4J,A,,CYS,308,SG,PQR,E,C4,2,2,"[""SOURCE_COVBINDERINPDB"",""SOURCE_RCSB_PDB_DIRECT""]","[""SOURCE_COVBINDERINPDB:CBR002068"",""SOURCE_RCSB_PDB_DIRECT:3V4J:covale1""]"
592,COVAPIE_CYS_SG_EVENT_V1:3V4J:B:CYS:308-:SG:H:PQR:C4,MULTI_SOURCE_PROVENANCE,3V4J,B,,CYS,308,SG,PQR,H,C4,2,2,"[""SOURCE_COVBINDERINPDB"",""SOURCE_RCSB_PDB_DIRECT""]","[""SOURCE_COVBINDERINPDB:CBR002067"",""SOURCE_RCSB_PDB_DIRECT:3V4J:covale2""]"
593,COVAPIE_CYS_SG_EVENT_V1:3V4X:A:CYS:111-:SG:E:F24:C8,MULTI_SOURCE_PROVENANCE,3V4X,A,,CYS,111,SG,F24,E,C8,3,3,"[""SOURCE_COVBINDERINPDB"",""SOURCE_COVPDB"",""SOURCE_RCSB_PDB_DIRECT""]","[""SOURCE_COVBINDERINPDB:CBR002072"",""SOURCE_COVPDB:CovPDB_complexes/3v4x/3v4x.pdb#LINK00761"",""SOURCE_RCSB_PDB_DIRECT:3V4X:covale1""]"
594,COVAPIE_CYS_SG_EVENT_V1:3V4X:B:CYS:111-:SG:F:F24:C8,MULTI_SOURCE_PROVENANCE,3V4X,B,,CYS,111,SG,F24,F,C8,3,3,"[""SOURCE_COVBINDERINPDB"",""SOURCE_COVPDB"",""SOURCE_RCSB_PDB_DIRECT""]","[""SOURCE_COVBINDERINPDB:CBR002071"",""SOURCE_COVPDB:CovPDB_complexes/3v4x/3v4x.pdb#LINK00760"",""SOURCE_RCSB_PDB_DIRECT:3V4X:covale2""]"
595,COVAPIE_CYS_SG_EVENT_V1:3V4X:C:CYS:111-:SG:G:F24:C8,MULTI_SOURCE_PROVENANCE,3V4X,C,,CYS,111,SG,F24,G,C8,3,3,"[""SOURCE_COVBINDERINPDB"",""SOURCE_COVPDB"",""SOURCE_RCSB_PDB_DIRECT""]","[""SOURCE_COVBINDERINPDB:CBR002073"",""SOURCE_COVPDB:CovPDB_complexes/3v4x/3v4x.pdb#LINK00762"",""SOURCE_RCSB_PDB_DIRECT:3V4X:covale3""]"
596,COVAPIE_CYS_SG_EVENT_V1:3V4X:D:CYS:111-:SG:H:F24:C8,MULTI_SOURCE_PROVENANCE,3V4X,D,,CYS,111,SG,F24,H,C8,3,3,"[""SOURCE_COVBINDERINPDB"",""SOURCE_COVPDB"",""SOURCE_RCSB_PDB_DIRECT""]","[""SOURCE_COVBINDERINPDB:CBR002070"",""SOURCE_COVPDB:CovPDB_complexes/3v4x/3v4x.pdb#LINK00759"",""SOURCE_RCSB_PDB_DIRECT:3V4X:covale4""]"
597,COVAPIE_CYS_SG_EVENT_V1:3V61:B:CYS:22-:SG:P:NEQ:C3,MULTI_SOURCE_PROVENANCE,3V61,B,,CYS,22,SG,NEQ,P,C3,2,2,"[""SOURCE_COVBINDERINPDB"",""SOURCE_RCSB_PDB_DIRECT""]","[""SOURCE_COVBINDERINPDB:CBR004813"",""SOURCE_RCSB_PDB_DIRECT:3V61:covale2""]"
598,COVAPIE_CYS_SG_EVENT_V1:3V61:B:CYS:81-:SG:Q:NEQ:C3,MULTI_SOURCE_PROVENANCE,3V61,B,,CYS,81,SG,NEQ,Q,C3,2,2,"[""SOURCE_COVBINDERINPDB"",""SOURCE_RCSB_PDB_DIRECT""]","[""SOURCE_COVBINDERINPDB:CBR004812"",""SOURCE_RCSB_PDB_DIRECT:3V61:covale3""]"
599,COVAPIE_CYS_SG_EVENT_V1:3V62:B:CYS:22-:SG:G:NEQ:C3,MULTI_SOURCE_PROVENANCE,3V62,B,,CYS,22,SG,NEQ,G,C3,2,2,"[""SOURCE_COVBINDERINPDB"",""SOURCE_RCSB_PDB_DIRECT""]","[""SOURCE_COVBINDERINPDB:CBR004805"",""SOURCE_RCSB_PDB_DIRECT:3V62:covale13""]"
600,COVAPIE_CYS_SG_EVENT_V1:3V62:B:CYS:81-:SG:H:NEQ:C3,MULTI_SOURCE_PROVENANCE,3V62,B,,CYS,81,SG,NEQ,H,C3,2,2,"[""SOURCE_COVBINDERINPDB"",""SOURCE_RCSB_PDB_DIRECT""]","[""SOURCE_COVBINDERINPDB:CBR004803"",""SOURCE_RCSB_PDB_DIRECT:3V62:covale14""]"
601,COVAPIE_CYS_SG_EVENT_V1:3V62:E:CYS:22-:SG:K:NEQ:C3,MULTI_SOURCE_PROVENANCE,3V62,E,,CYS,22,SG,NEQ,K,C3,2,2,"[""SOURCE_COVBINDERINPDB"",""SOURCE_RCSB_PDB_DIRECT""]","[""SOURCE_COVBINDERINPDB:CBR004806"",""SOURCE_RCSB_PDB_DIRECT:3V62:covale27""]"
602,COVAPIE_CYS_SG_EVENT_V1:3V62:E:CYS:81-:SG:L:NEQ:C3,MULTI_SOURCE_PROVENANCE,3V62,E,,CYS,81,SG,NEQ,L,C3,2,2,"[""SOURCE_COVBINDERINPDB"",""SOURCE_RCSB_PDB_DIRECT""]","[""SOURCE_COVBINDERINPDB:CBR004804"",""SOURCE_RCSB_PDB_DIRECT:3V62:covale28""]"
603,COVAPIE_CYS_SG_EVENT_V1:3V6R:A:CYS:154-:SG:C:CQQ:C33,MULTI_SOURCE_PROVENANCE,3V6R,A,,CYS,154,SG,CQQ,C,C33,2,2,"[""SOURCE_COVBINDERINPDB"",""SOURCE_RCSB_PDB_DIRECT""]","[""SOURCE_COVBINDERINPDB:CBR004810"",""SOURCE_RCSB_PDB_DIRECT:3V6R:covale1""]"
604,COVAPIE_CYS_SG_EVENT_V1:3V6R:B:CYS:154-:SG:D:CQQ:C33,MULTI_SOURCE_PROVENANCE,3V6R,B,,CYS,154,SG,CQQ,D,C33,2,2,"[""SOURCE_COVBINDERINPDB"",""SOURCE_RCSB_PDB_DIRECT""]","[""SOURCE_COVBINDERINPDB:CBR004811"",""SOURCE_RCSB_PDB_DIRECT:3V6R:covale2""]"
605,COVAPIE_CYS_SG_EVENT_V1:3V6S:A:CYS:154-:SG:C:0F0:C33,MULTI_SOURCE_PROVENANCE,3V6S,A,,CYS,154,SG,0F0,C,C33,2,2,"[""SOURCE_COVBINDERINPDB"",""SOURCE_RCSB_PDB_DIRECT""]","[""SOURCE_COVBINDERINPDB:CBR004802"",""SOURCE_RCSB_PDB_DIRECT:3V6S:covale1""]"
606,COVAPIE_CYS_SG_EVENT_V1:3V6S:B:CYS:154-:SG:D:0F0:C33,MULTI_SOURCE_PROVENANCE,3V6S,B,,CYS,154,SG,0F0,D,C33,2,2,"[""SOURCE_COVBINDERINPDB"",""SOURCE_RCSB_PDB_DIRECT""]","[""SOURCE_COVBINDERINPDB:CBR004801"",""SOURCE_RCSB_PDB_DIRECT:3V6S:covale2""]"
607,COVAPIE_CYS_SG_EVENT_V1:3VCY:A:CYS:116-:SG:E:FFQ:C1,MULTI_SOURCE_PROVENANCE,3VCY,A,,CYS,116,SG,FFQ,E,C1,2,2,"[""SOURCE_COVPDB"",""SOURCE_RCSB_PDB_DIRECT""]","[""SOURCE_COVPDB:CovPDB_complexes/3vcy/3vcy.pdb#LINK00905"",""SOURCE_RCSB_PDB_DIRECT:3VCY:covale1""]"
608,COVAPIE_CYS_SG_EVENT_V1:3VCY:B:CYS:116-:SG:J:FFQ:C1,MULTI_SOURCE_PROVENANCE,3VCY,B,,CYS,116,SG,FFQ,J,C1,2,2,"[""SOURCE_COVPDB"",""SOURCE_RCSB_PDB_DIRECT""]","[""SOURCE_COVPDB:CovPDB_complexes/3vcy/3vcy.pdb#LINK00904"",""SOURCE_RCSB_PDB_DIRECT:3VCY:covale2""]"
609,COVAPIE_CYS_SG_EVENT_V1:3VCY:C:CYS:116-:SG:O:FFQ:C1,MULTI_SOURCE_PROVENANCE,3VCY,C,,CYS,116,SG,FFQ,O,C1,2,2,"[""SOURCE_COVPDB"",""SOURCE_RCSB_PDB_DIRECT""]","[""SOURCE_COVPDB:CovPDB_complexes/3vcy/3vcy.pdb#LINK00902"",""SOURCE_RCSB_PDB_DIRECT:3VCY:covale3""]"
610,COVAPIE_CYS_SG_EVENT_V1:3VCY:D:CYS:116-:SG:T:FFQ:C1,MULTI_SOURCE_PROVENANCE,3VCY,D,,CYS,116,SG,FFQ,T,C1,2,2,"[""SOURCE_COVPDB"",""SOURCE_RCSB_PDB_DIRECT""]","[""SOURCE_COVPDB:CovPDB_complexes/3vcy/3vcy.pdb#LINK00903"",""SOURCE_RCSB_PDB_DIRECT:3VCY:covale4""]"
611,COVAPIE_CYS_SG_EVENT_V1:3VYP:A:CYS:354-:SG:D:MXR:C1,MULTI_SOURCE_PROVENANCE,3VYP,A,,CYS,354,SG,MXR,D,C1,2,2,"[""SOURCE_COVPDB"",""SOURCE_RCSB_PDB_DIRECT""]","[""SOURCE_COVPDB:CovPDB_complexes/3vyp/3vyp.pdb#LINK00444"",""SOURCE_RCSB_PDB_DIRECT:3VYP:covale1""]"
612,COVAPIE_CYS_SG_EVENT_V1:3VYP:B:CYS:354-:SG:F:MXR:C1,MULTI_SOURCE_PROVENANCE,3VYP,B,,CYS,354,SG,MXR,F,C1,2,2,"[""SOURCE_COVPDB"",""SOURCE_RCSB_PDB_DIRECT""]","[""SOURCE_COVPDB:CovPDB_complexes/3vyp/3vyp.pdb#LINK00445"",""SOURCE_RCSB_PDB_DIRECT:3VYP:covale2""]"
613,COVAPIE_CYS_SG_EVENT_V1:3W2P:A:CYS:797-:SG:B:W2P:C35,MULTI_SOURCE_PROVENANCE,3W2P,A,,CYS,797,SG,W2P,B,C35,2,2,"[""SOURCE_COVPDB"",""SOURCE_RCSB_PDB_DIRECT""]","[""SOURCE_COVPDB:CovPDB_complexes/3w2p/3w2p.pdb#LINK00502"",""SOURCE_RCSB_PDB_DIRECT:3W2P:covale1""]"
614,COVAPIE_CYS_SG_EVENT_V1:3W2Q:A:CYS:797-:SG:B:HKI:CBT,MULTI_SOURCE_PROVENANCE,3W2Q,A,,CYS,797,SG,HKI,B,CBT,2,2,"[""SOURCE_COVPDB"",""SOURCE_RCSB_PDB_DIRECT""]","[""SOURCE_COVPDB:CovPDB_complexes/3w2q/3w2q.pdb#LINK00518"",""SOURCE_RCSB_PDB_DIRECT:3W2Q:covale1""]"
615,COVAPIE_CYS_SG_EVENT_V1:3WJC:A:CYS:96-:SG:C:RMD:C2A,MULTI_SOURCE_PROVENANCE,3WJC,A,,CYS,96,SG,RMD,C,C2A,2,2,"[""SOURCE_COVPDB"",""SOURCE_RCSB_PDB_DIRECT""]","[""SOURCE_COVPDB:CovPDB_complexes/3wjc/3wjc.pdb#LINK00789"",""SOURCE_RCSB_PDB_DIRECT:3WJC:covale1""]"
616,COVAPIE_CYS_SG_EVENT_V1:3WJC:B:CYS:96-:SG:F:RMD:C2A,MULTI_SOURCE_PROVENANCE,3WJC,B,,CYS,96,SG,RMD,F,C2A,2,2,"[""SOURCE_COVPDB"",""SOURCE_RCSB_PDB_DIRECT""]","[""SOURCE_COVPDB:CovPDB_complexes/3wjc/3wjc.pdb#LINK00790"",""SOURCE_RCSB_PDB_DIRECT:3WJC:covale2""]"
617,COVAPIE_CYS_SG_EVENT_V1:3X1H:A:CYS:285-:SG:C:5OX:C15,MULTI_SOURCE_PROVENANCE,3X1H,A,,CYS,285,SG,5OX,C,C15,3,3,"[""SOURCE_COVBINDERINPDB"",""SOURCE_COVPDB"",""SOURCE_RCSB_PDB_DIRECT""]","[""SOURCE_COVBINDERINPDB:CBR000117"",""SOURCE_COVPDB:CovPDB_complexes/3x1h/3x1h.pdb#LINK00549"",""SOURCE_RCSB_PDB_DIRECT:3X1H:covale1""]"
618,COVAPIE_CYS_SG_EVENT_V1:3X1H:B:CYS:285-:SG:D:5OX:C15,MULTI_SOURCE_PROVENANCE,3X1H,B,,CYS,285,SG,5OX,D,C15,3,3,"[""SOURCE_COVBINDERINPDB"",""SOURCE_COVPDB"",""SOURCE_RCSB_PDB_DIRECT""]","[""SOURCE_COVBINDERINPDB:CBR000116"",""SOURCE_COVPDB:CovPDB_complexes/3x1h/3x1h.pdb#LINK00548"",""SOURCE_RCSB_PDB_DIRECT:3X1H:covale2""]"
619,COVAPIE_CYS_SG_EVENT_V1:3X1I:A:CYS:285-:SG:C:66B:C15,MULTI_SOURCE_PROVENANCE,3X1I,A,,CYS,285,SG,66B,C,C15,3,3,"[""SOURCE_COVBINDERINPDB"",""SOURCE_COVPDB"",""SOURCE_RCSB_PDB_DIRECT""]","[""SOURCE_COVBINDERINPDB:CBR000115"",""SOURCE_COVPDB:CovPDB_complexes/3x1i/3x1i.pdb#LINK00584"",""SOURCE_RCSB_PDB_DIRECT:3X1I:covale1""]"
620,COVAPIE_CYS_SG_EVENT_V1:3X1I:B:CYS:285-:SG:D:66B:C15,MULTI_SOURCE_PROVENANCE,3X1I,B,,CYS,285,SG,66B,D,C15,3,3,"[""SOURCE_COVBINDERINPDB"",""SOURCE_COVPDB"",""SOURCE_RCSB_PDB_DIRECT""]","[""SOURCE_COVBINDERINPDB:CBR000114"",""SOURCE_COVPDB:CovPDB_complexes/3x1i/3x1i.pdb#LINK00583"",""SOURCE_RCSB_PDB_DIRECT:3X1I:covale2""]"
621,COVAPIE_CYS_SG_EVENT_V1:3ZGP:A:CYS:442-:SG:B:1RG:CAA,MULTI_SOURCE_PROVENANCE,3ZGP,A,,CYS,442,SG,1RG,B,CAA,2,2,"[""SOURCE_COVPDB"",""SOURCE_RCSB_PDB_DIRECT""]","[""SOURCE_COVPDB:CovPDB_complexes/3zgp/3zgp.pdb#LINK00309"",""SOURCE_RCSB_PDB_DIRECT:3ZGP:covale1""]"
622,COVAPIE_CYS_SG_EVENT_V1:3ZIM:A:CYS:862-:SG:B:KKR:C2,MULTI_SOURCE_PROVENANCE,3ZIM,A,,CYS,862,SG,KKR,B,C2,2,2,"[""SOURCE_COVBINDERINPDB"",""SOURCE_RCSB_PDB_DIRECT""]","[""SOURCE_COVBINDERINPDB:CBR001635"",""SOURCE_RCSB_PDB_DIRECT:3ZIM:covale1""]"
623,COVAPIE_CYS_SG_EVENT_V1:3ZV9:A:CYS:147-:SG:B:G74:C63,MULTI_SOURCE_PROVENANCE,3ZV9,A,,CYS,147,SG,G74,B,C63,3,3,"[""SOURCE_COVBINDERINPDB"",""SOURCE_COVPDB"",""SOURCE_RCSB_PDB_DIRECT""]","[""SOURCE_COVBINDERINPDB:CBR001687"",""SOURCE_COVPDB:CovPDB_complexes/3zv9/3zv9.pdb#LINK00431"",""SOURCE_RCSB_PDB_DIRECT:3ZV9:covale1""]"
624,COVAPIE_CYS_SG_EVENT_V1:3ZVA:A:CYS:147-:SG:B:G75:C63,MULTI_SOURCE_PROVENANCE,3ZVA,A,,CYS,147,SG,G75,B,C63,3,3,"[""SOURCE_COVBINDERINPDB"",""SOURCE_COVPDB"",""SOURCE_RCSB_PDB_DIRECT""]","[""SOURCE_COVBINDERINPDB:CBR001693"",""SOURCE_COVPDB:CovPDB_complexes/3zva/3zva.pdb#LINK00430"",""SOURCE_RCSB_PDB_DIRECT:3ZVA:covale1""]"
625,COVAPIE_CYS_SG_EVENT_V1:3ZVB:A:CYS:147-:SG:B:G81:C63,MULTI_SOURCE_PROVENANCE,3ZVB,A,,CYS,147,SG,G81,B,C63,2,2,"[""SOURCE_COVBINDERINPDB"",""SOURCE_RCSB_PDB_DIRECT""]","[""SOURCE_COVBINDERINPDB:CBR001686"",""SOURCE_RCSB_PDB_DIRECT:3ZVB:covale1""]"
626,COVAPIE_CYS_SG_EVENT_V1:3ZVC:A:CYS:147-:SG:B:G82:C63,MULTI_SOURCE_PROVENANCE,3ZVC,A,,CYS,147,SG,G82,B,C63,3,3,"[""SOURCE_COVBINDERINPDB"",""SOURCE_COVPDB"",""SOURCE_RCSB_PDB_DIRECT""]","[""SOURCE_COVBINDERINPDB:CBR001682"",""SOURCE_COVPDB:CovPDB_complexes/3zvc/3zvc.pdb#LINK00412"",""SOURCE_RCSB_PDB_DIRECT:3ZVC:covale1""]"
627,COVAPIE_CYS_SG_EVENT_V1:3ZVD:A:CYS:147-:SG:B:G83:C63,MULTI_SOURCE_PROVENANCE,3ZVD,A,,CYS,147,SG,G83,B,C63,3,3,"[""SOURCE_COVBINDERINPDB"",""SOURCE_COVPDB"",""SOURCE_RCSB_PDB_DIRECT""]","[""SOURCE_COVBINDERINPDB:CBR001673"",""SOURCE_COVPDB:CovPDB_complexes/3zvd/3zvd.pdb#LINK00461"",""SOURCE_RCSB_PDB_DIRECT:3ZVD:covale1""]"
628,COVAPIE_CYS_SG_EVENT_V1:3ZVE:A:CYS:147-:SG:B:G84:C63,MULTI_SOURCE_PROVENANCE,3ZVE,A,,CYS,147,SG,G84,B,C63,3,3,"[""SOURCE_COVBINDERINPDB"",""SOURCE_COVPDB"",""SOURCE_RCSB_PDB_DIRECT""]","[""SOURCE_COVBINDERINPDB:CBR001656"",""SOURCE_COVPDB:CovPDB_complexes/3zve/3zve.pdb#LINK00413"",""SOURCE_RCSB_PDB_DIRECT:3ZVE:covale1""]"
629,COVAPIE_CYS_SG_EVENT_V1:3ZVF:A:CYS:147-:SG:B:G85:C63,MULTI_SOURCE_PROVENANCE,3ZVF,A,,CYS,147,SG,G85,B,C63,3,3,"[""SOURCE_COVBINDERINPDB"",""SOURCE_COVPDB"",""SOURCE_RCSB_PDB_DIRECT""]","[""SOURCE_COVBINDERINPDB:CBR001690"",""SOURCE_COVPDB:CovPDB_complexes/3zvf/3zvf.pdb#LINK00422"",""SOURCE_RCSB_PDB_DIRECT:3ZVF:covale1""]"
630,COVAPIE_CYS_SG_EVENT_V1:3ZVG:A:CYS:147-:SG:B:G86:C63,MULTI_SOURCE_PROVENANCE,3ZVG,A,,CYS,147,SG,G86,B,C63,3,3,"[""SOURCE_COVBINDERINPDB"",""SOURCE_COVPDB"",""SOURCE_RCSB_PDB_DIRECT""]","[""SOURCE_COVBINDERINPDB:CBR001683"",""SOURCE_COVPDB:CovPDB_complexes/3zvg/3zvg.pdb#LINK00431"",""SOURCE_RCSB_PDB_DIRECT:3ZVG:covale1""]"
631,COVAPIE_CYS_SG_EVENT_V1:3ZZ5:A:CYS:147-:SG:B:G74:C63,MULTI_SOURCE_PROVENANCE,3ZZ5,A,,CYS,147,SG,G74,B,C63,2,2,"[""SOURCE_COVPDB"",""SOURCE_RCSB_PDB_DIRECT""]","[""SOURCE_COVPDB:CovPDB_complexes/3zz5/3zz5.pdb#LINK00416"",""SOURCE_RCSB_PDB_DIRECT:3ZZ5:covale1""]"
632,COVAPIE_CYS_SG_EVENT_V1:3ZZ6:A:CYS:147-:SG:B:G75:C63,MULTI_SOURCE_PROVENANCE,3ZZ6,A,,CYS,147,SG,G75,B,C63,2,2,"[""SOURCE_COVPDB"",""SOURCE_RCSB_PDB_DIRECT""]","[""SOURCE_COVPDB:CovPDB_complexes/3zz6/3zz6.pdb#LINK00411"",""SOURCE_RCSB_PDB_DIRECT:3ZZ6:covale1""]"
633,COVAPIE_CYS_SG_EVENT_V1:3ZZ7:A:CYS:147-:SG:B:G81:C63,MULTI_SOURCE_PROVENANCE,3ZZ7,A,,CYS,147,SG,G81,B,C63,2,2,"[""SOURCE_COVPDB"",""SOURCE_RCSB_PDB_DIRECT""]","[""SOURCE_COVPDB:CovPDB_complexes/3zz7/3zz7.pdb#LINK00418"",""SOURCE_RCSB_PDB_DIRECT:3ZZ7:covale1""]"
634,COVAPIE_CYS_SG_EVENT_V1:3ZZ8:A:CYS:147-:SG:B:G82:C63,MULTI_SOURCE_PROVENANCE,3ZZ8,A,,CYS,147,SG,G82,B,C63,2,2,"[""SOURCE_COVPDB"",""SOURCE_RCSB_PDB_DIRECT""]","[""SOURCE_COVPDB:CovPDB_complexes/3zz8/3zz8.pdb#LINK00417"",""SOURCE_RCSB_PDB_DIRECT:3ZZ8:covale1""]"
635,COVAPIE_CYS_SG_EVENT_V1:3ZZ9:A:CYS:147-:SG:B:G83:C63,MULTI_SOURCE_PROVENANCE,3ZZ9,A,,CYS,147,SG,G83,B,C63,2,2,"[""SOURCE_COVPDB"",""SOURCE_RCSB_PDB_DIRECT""]","[""SOURCE_COVPDB:CovPDB_complexes/3zz9/3zz9.pdb#LINK00421"",""SOURCE_RCSB_PDB_DIRECT:3ZZ9:covale1""]"
636,COVAPIE_CYS_SG_EVENT_V1:3ZZA:A:CYS:147-:SG:B:G84:C63,MULTI_SOURCE_PROVENANCE,3ZZA,A,,CYS,147,SG,G84,B,C63,2,2,"[""SOURCE_COVPDB"",""SOURCE_RCSB_PDB_DIRECT""]","[""SOURCE_COVPDB:CovPDB_complexes/3zza/3zza.pdb#LINK00432"",""SOURCE_RCSB_PDB_DIRECT:3ZZA:covale1""]"
637,COVAPIE_CYS_SG_EVENT_V1:3ZZB:A:CYS:147-:SG:B:G85:C63,MULTI_SOURCE_PROVENANCE,3ZZB,A,,CYS,147,SG,G85,B,C63,2,2,"[""SOURCE_COVPDB"",""SOURCE_RCSB_PDB_DIRECT""]","[""SOURCE_COVPDB:CovPDB_complexes/3zzb/3zzb.pdb#LINK00429"",""SOURCE_RCSB_PDB_DIRECT:3ZZB:covale1""]"
638,COVAPIE_CYS_SG_EVENT_V1:3ZZC:A:CYS:147-:SG:B:G83:C63,MULTI_SOURCE_PROVENANCE,3ZZC,A,,CYS,147,SG,G83,B,C63,2,2,"[""SOURCE_COVPDB"",""SOURCE_RCSB_PDB_DIRECT""]","[""SOURCE_COVPDB:CovPDB_complexes/3zzc/3zzc.pdb#LINK00452"",""SOURCE_RCSB_PDB_DIRECT:3ZZC:covale1""]"
639,COVAPIE_CYS_SG_EVENT_V1:3ZZD:A:CYS:147-:SG:B:G85:C63,MULTI_SOURCE_PROVENANCE,3ZZD,A,,CYS,147,SG,G85,B,C63,2,2,"[""SOURCE_COVPDB"",""SOURCE_RCSB_PDB_DIRECT""]","[""SOURCE_COVPDB:CovPDB_complexes/3zzd/3zzd.pdb#LINK00464"",""SOURCE_RCSB_PDB_DIRECT:3ZZD:covale1""]"
640,COVAPIE_CYS_SG_EVENT_V1:4A52:A:CYS:142-:SG:B:IM2:C7,MULTI_SOURCE_PROVENANCE,4A52,A,,CYS,142,SG,IM2,B,C7,2,2,"[""SOURCE_COVPDB"",""SOURCE_RCSB_PDB_DIRECT""]","[""SOURCE_COVPDB:CovPDB_complexes/4a52/4a52.pdb#LINK00315"",""SOURCE_RCSB_PDB_DIRECT:4A52:covale1""]"
641,COVAPIE_CYS_SG_EVENT_V1:4AXM:A:CYS:25-:SG:H:V65:C1,MULTI_SOURCE_PROVENANCE,4AXM,A,,CYS,25,SG,V65,H,C1,2,2,"[""SOURCE_COVBINDERINPDB"",""SOURCE_RCSB_PDB_DIRECT""]","[""SOURCE_COVBINDERINPDB:CBR000456"",""SOURCE_RCSB_PDB_DIRECT:4AXM:covale1""]"
642,COVAPIE_CYS_SG_EVENT_V1:4AXM:B:CYS:25-:SG:J:V65:C1,MULTI_SOURCE_PROVENANCE,4AXM,B,,CYS,25,SG,V65,J,C1,2,2,"[""SOURCE_COVBINDERINPDB"",""SOURCE_RCSB_PDB_DIRECT""]","[""SOURCE_COVBINDERINPDB:CBR000457"",""SOURCE_RCSB_PDB_DIRECT:4AXM:covale2""]"
643,COVAPIE_CYS_SG_EVENT_V1:4AXM:F:CYS:25-:SG:R:V65:C1,MULTI_SOURCE_PROVENANCE,4AXM,F,,CYS,25,SG,V65,R,C1,2,2,"[""SOURCE_COVBINDERINPDB"",""SOURCE_RCSB_PDB_DIRECT""]","[""SOURCE_COVBINDERINPDB:CBR000458"",""SOURCE_RCSB_PDB_DIRECT:4AXM:covale6""]"
644,COVAPIE_CYS_SG_EVENT_V1:4BQV:A:CYS:147-:SG:I:8PW:C18,MULTI_SOURCE_PROVENANCE,4BQV,A,,CYS,147,SG,8PW,I,C18,2,2,"[""SOURCE_COVPDB"",""SOURCE_RCSB_PDB_DIRECT""]","[""SOURCE_COVPDB:CovPDB_complexes/4bqv/4bqv.pdb#LINK00848"",""SOURCE_RCSB_PDB_DIRECT:4BQV:covale1""]"
645,COVAPIE_CYS_SG_EVENT_V1:4BQV:B:CYS:147-:SG:J:8PW:C18,MULTI_SOURCE_PROVENANCE,4BQV,B,,CYS,147,SG,8PW,J,C18,2,2,"[""SOURCE_COVPDB"",""SOURCE_RCSB_PDB_DIRECT""]","[""SOURCE_COVPDB:CovPDB_complexes/4bqv/4bqv.pdb#LINK00849"",""SOURCE_RCSB_PDB_DIRECT:4BQV:covale2""]"
646,COVAPIE_CYS_SG_EVENT_V1:4BQV:C:CYS:147-:SG:K:8PW:C18,MULTI_SOURCE_PROVENANCE,4BQV,C,,CYS,147,SG,8PW,K,C18,2,2,"[""SOURCE_COVPDB"",""SOURCE_RCSB_PDB_DIRECT""]","[""SOURCE_COVPDB:CovPDB_complexes/4bqv/4bqv.pdb#LINK00850"",""SOURCE_RCSB_PDB_DIRECT:4BQV:covale3""]"
647,COVAPIE_CYS_SG_EVENT_V1:4BQV:D:CYS:147-:SG:L:8PW:C18,MULTI_SOURCE_PROVENANCE,4BQV,D,,CYS,147,SG,8PW,L,C18,2,2,"[""SOURCE_COVPDB"",""SOURCE_RCSB_PDB_DIRECT""]","[""SOURCE_COVPDB:CovPDB_complexes/4bqv/4bqv.pdb#LINK00851"",""SOURCE_RCSB_PDB_DIRECT:4BQV:covale4""]"
648,COVAPIE_CYS_SG_EVENT_V1:4BQV:E:CYS:147-:SG:M:8PW:C18,MULTI_SOURCE_PROVENANCE,4BQV,E,,CYS,147,SG,8PW,M,C18,2,2,"[""SOURCE_COVPDB"",""SOURCE_RCSB_PDB_DIRECT""]","[""SOURCE_COVPDB:CovPDB_complexes/4bqv/4bqv.pdb#LINK00852"",""SOURCE_RCSB_PDB_DIRECT:4BQV:covale5""]"
649,COVAPIE_CYS_SG_EVENT_V1:4BQV:F:CYS:147-:SG:N:8PW:C18,MULTI_SOURCE_PROVENANCE,4BQV,F,,CYS,147,SG,8PW,N,C18,2,2,"[""SOURCE_COVPDB"",""SOURCE_RCSB_PDB_DIRECT""]","[""SOURCE_COVPDB:CovPDB_complexes/4bqv/4bqv.pdb#LINK00853"",""SOURCE_RCSB_PDB_DIRECT:4BQV:covale6""]"
650,COVAPIE_CYS_SG_EVENT_V1:4BQV:G:CYS:147-:SG:O:8PW:C18,MULTI_SOURCE_PROVENANCE,4BQV,G,,CYS,147,SG,8PW,O,C18,2,2,"[""SOURCE_COVPDB"",""SOURCE_RCSB_PDB_DIRECT""]","[""SOURCE_COVPDB:CovPDB_complexes/4bqv/4bqv.pdb#LINK00854"",""SOURCE_RCSB_PDB_DIRECT:4BQV:covale7""]"
651,COVAPIE_CYS_SG_EVENT_V1:4BQV:H:CYS:147-:SG:P:8PW:C18,MULTI_SOURCE_PROVENANCE,4BQV,H,,CYS,147,SG,8PW,P,C18,2,2,"[""SOURCE_COVPDB"",""SOURCE_RCSB_PDB_DIRECT""]","[""SOURCE_COVPDB:CovPDB_complexes/4bqv/4bqv.pdb#LINK00855"",""SOURCE_RCSB_PDB_DIRECT:4BQV:covale8""]"
652,COVAPIE_CYS_SG_EVENT_V1:4BS5:A:CYS:147-:SG:B:MG2:C12,MULTI_SOURCE_PROVENANCE,4BS5,A,,CYS,147,SG,MG2,B,C12,2,2,"[""SOURCE_COVPDB"",""SOURCE_RCSB_PDB_DIRECT""]","[""SOURCE_COVPDB:CovPDB_complexes/4bs5/4bs5.pdb#LINK00403"",""SOURCE_RCSB_PDB_DIRECT:4BS5:covale1""]"
653,COVAPIE_CYS_SG_EVENT_V1:4BS6:A:CYS:147-:SG:D:JG7:C20,MULTI_SOURCE_PROVENANCE,4BS6,A,,CYS,147,SG,JG7,D,C20,2,2,"[""SOURCE_COVPDB"",""SOURCE_RCSB_PDB_DIRECT""]","[""SOURCE_COVPDB:CovPDB_complexes/4bs6/4bs6.pdb#LINK00468"",""SOURCE_RCSB_PDB_DIRECT:4BS6:covale1""]"
654,COVAPIE_CYS_SG_EVENT_V1:4BS6:B:CYS:147-:SG:E:JG7:C20,MULTI_SOURCE_PROVENANCE,4BS6,B,,CYS,147,SG,JG7,E,C20,2,2,"[""SOURCE_COVPDB"",""SOURCE_RCSB_PDB_DIRECT""]","[""SOURCE_COVPDB:CovPDB_complexes/4bs6/4bs6.pdb#LINK00469"",""SOURCE_RCSB_PDB_DIRECT:4BS6:covale2""]"
655,COVAPIE_CYS_SG_EVENT_V1:4BSQ:A:CYS:147-:SG:B:QQV:C14,MULTI_SOURCE_PROVENANCE,4BSQ,A,,CYS,147,SG,QQV,B,C14,2,2,"[""SOURCE_COVPDB"",""SOURCE_RCSB_PDB_DIRECT""]","[""SOURCE_COVPDB:CovPDB_complexes/4bsq/4bsq.pdb#LINK00405"",""SOURCE_RCSB_PDB_DIRECT:4BSQ:covale1""]"
656,COVAPIE_CYS_SG_EVENT_V1:4C5L:A:CYS:110-:SG:E:UEG:C4A,MULTI_SOURCE_PROVENANCE,4C5L,A,,CYS,110,SG,UEG,E,C4A,3,3,"[""SOURCE_COVBINDERINPDB"",""SOURCE_COVPDB"",""SOURCE_RCSB_PDB_DIRECT""]","[""SOURCE_COVBINDERINPDB:CBR004897"",""SOURCE_COVPDB:CovPDB_complexes/4c5l/4c5l.pdb#LINK01278"",""SOURCE_RCSB_PDB_DIRECT:4C5L:covale1""]"
657,COVAPIE_CYS_SG_EVENT_V1:4C5L:C:CYS:110-:SG:J:UEG:C4A,MULTI_SOURCE_PROVENANCE,4C5L,C,,CYS,110,SG,UEG,J,C4A,3,3,"[""SOURCE_COVBINDERINPDB"",""SOURCE_COVPDB"",""SOURCE_RCSB_PDB_DIRECT""]","[""SOURCE_COVBINDERINPDB:CBR004898"",""SOURCE_COVPDB:CovPDB_complexes/4c5l/4c5l.pdb#LINK01279"",""SOURCE_RCSB_PDB_DIRECT:4C5L:covale2""]"
658,COVAPIE_CYS_SG_EVENT_V1:4C5L:D:CYS:110-:SG:K:UEG:C4A,MULTI_SOURCE_PROVENANCE,4C5L,D,,CYS,110,SG,UEG,K,C4A,3,3,"[""SOURCE_COVBINDERINPDB"",""SOURCE_COVPDB"",""SOURCE_RCSB_PDB_DIRECT""]","[""SOURCE_COVBINDERINPDB:CBR004899"",""SOURCE_COVPDB:CovPDB_complexes/4c5l/4c5l.pdb#LINK01280"",""SOURCE_RCSB_PDB_DIRECT:4C5L:covale3""]"
659,COVAPIE_CYS_SG_EVENT_V1:4C5N:D:CYS:110-:SG:O:UEG:C4A,MULTI_SOURCE_PROVENANCE,4C5N,D,,CYS,110,SG,UEG,O,C4A,3,3,"[""SOURCE_COVBINDERINPDB"",""SOURCE_COVPDB"",""SOURCE_RCSB_PDB_DIRECT""]","[""SOURCE_COVBINDERINPDB:CBR004901"",""SOURCE_COVPDB:CovPDB_complexes/4c5n/4c5n.pdb#LINK00998"",""SOURCE_RCSB_PDB_DIRECT:4C5N:covale1""]"
660,COVAPIE_CYS_SG_EVENT_V1:4CDC:B:CYS:234-:SG:N:6AO:C22,MULTI_SOURCE_PROVENANCE,4CDC,B,,CYS,234,SG,6AO,N,C22,2,2,"[""SOURCE_COVBINDERINPDB"",""SOURCE_RCSB_PDB_DIRECT""]","[""SOURCE_COVBINDERINPDB:CBR003194"",""SOURCE_RCSB_PDB_DIRECT:4CDC:covale2""]"
661,COVAPIE_CYS_SG_EVENT_V1:4CDC:E:CYS:234-:SG:S:6AO:C22,MULTI_SOURCE_PROVENANCE,4CDC,E,,CYS,234,SG,6AO,S,C22,2,2,"[""SOURCE_COVBINDERINPDB"",""SOURCE_RCSB_PDB_DIRECT""]","[""SOURCE_COVBINDERINPDB:CBR003195"",""SOURCE_RCSB_PDB_DIRECT:4CDC:covale5""]"
662,COVAPIE_CYS_SG_EVENT_V1:4CDC:H:CYS:234-:SG:X:6AO:C22,MULTI_SOURCE_PROVENANCE,4CDC,H,,CYS,234,SG,6AO,X,C22,2,2,"[""SOURCE_COVBINDERINPDB"",""SOURCE_RCSB_PDB_DIRECT""]","[""SOURCE_COVBINDERINPDB:CBR003196"",""SOURCE_RCSB_PDB_DIRECT:4CDC:covale7""]"
663,COVAPIE_CYS_SG_EVENT_V1:4CDC:K:CYS:234-:SG:BA:6AO:C22,MULTI_SOURCE_PROVENANCE,4CDC,K,,CYS,234,SG,6AO,BA,C22,2,2,"[""SOURCE_COVBINDERINPDB"",""SOURCE_RCSB_PDB_DIRECT""]","[""SOURCE_COVBINDERINPDB:CBR003197"",""SOURCE_RCSB_PDB_DIRECT:4CDC:covale10""]"
664,COVAPIE_CYS_SG_EVENT_V1:4CDD:B:CYS:234-:SG:J:GDI:C11,MULTI_SOURCE_PROVENANCE,4CDD,B,,CYS,234,SG,GDI,J,C11,2,2,"[""SOURCE_COVBINDERINPDB"",""SOURCE_RCSB_PDB_DIRECT""]","[""SOURCE_COVBINDERINPDB:CBR003191"",""SOURCE_RCSB_PDB_DIRECT:4CDD:covale3""]"
665,COVAPIE_CYS_SG_EVENT_V1:4CDD:E:CYS:234-:SG:M:GDI:C11,MULTI_SOURCE_PROVENANCE,4CDD,E,,CYS,234,SG,GDI,M,C11,2,2,"[""SOURCE_COVBINDERINPDB"",""SOURCE_RCSB_PDB_DIRECT""]","[""SOURCE_COVBINDERINPDB:CBR003192"",""SOURCE_RCSB_PDB_DIRECT:4CDD:covale5""]"
666,COVAPIE_CYS_SG_EVENT_V1:4CDE:B:CYS:234-:SG:I:U6B:C9,MULTI_SOURCE_PROVENANCE,4CDE,B,,CYS,234,SG,U6B,I,C9,2,2,"[""SOURCE_COVBINDERINPDB"",""SOURCE_RCSB_PDB_DIRECT""]","[""SOURCE_COVBINDERINPDB:CBR003189"",""SOURCE_RCSB_PDB_DIRECT:4CDE:covale2""]"
667,COVAPIE_CYS_SG_EVENT_V1:4CDE:E:CYS:234-:SG:N:U6B:C9,MULTI_SOURCE_PROVENANCE,4CDE,E,,CYS,234,SG,U6B,N,C9,2,2,"[""SOURCE_COVBINDERINPDB"",""SOURCE_RCSB_PDB_DIRECT""]","[""SOURCE_COVBINDERINPDB:CBR003190"",""SOURCE_RCSB_PDB_DIRECT:4CDE:covale5""]"
668,COVAPIE_CYS_SG_EVENT_V1:4CDF:B:CYS:234-:SG:I:W2C:C9,MULTI_SOURCE_PROVENANCE,4CDF,B,,CYS,234,SG,W2C,I,C9,2,2,"[""SOURCE_COVBINDERINPDB"",""SOURCE_RCSB_PDB_DIRECT""]","[""SOURCE_COVBINDERINPDB:CBR003187"",""SOURCE_RCSB_PDB_DIRECT:4CDF:covale2""]"
669,COVAPIE_CYS_SG_EVENT_V1:4CDF:E:CYS:234-:SG:M:W2C:C9,MULTI_SOURCE_PROVENANCE,4CDF,E,,CYS,234,SG,W2C,M,C9,2,2,"[""SOURCE_COVBINDERINPDB"",""SOURCE_RCSB_PDB_DIRECT""]","[""SOURCE_COVBINDERINPDB:CBR003188"",""SOURCE_RCSB_PDB_DIRECT:4CDF:covale5""]"
670,COVAPIE_CYS_SG_EVENT_V1:4CL8:A:CYS:168-:SG:E:OZJ:CAF,MULTI_SOURCE_PROVENANCE,4CL8,A,,CYS,168,SG,OZJ,E,CAF,3,3,"[""SOURCE_COVBINDERINPDB"",""SOURCE_COVPDB"",""SOURCE_RCSB_PDB_DIRECT""]","[""SOURCE_COVBINDERINPDB:CBR003295"",""SOURCE_COVPDB:CovPDB_complexes/4cl8/4cl8.pdb#LINK00881"",""SOURCE_RCSB_PDB_DIRECT:4CL8:covale1""]"
671,COVAPIE_CYS_SG_EVENT_V1:4CL8:B:CYS:168-:SG:I:OZJ:CAF,MULTI_SOURCE_PROVENANCE,4CL8,B,,CYS,168,SG,OZJ,I,CAF,3,3,"[""SOURCE_COVBINDERINPDB"",""SOURCE_COVPDB"",""SOURCE_RCSB_PDB_DIRECT""]","[""SOURCE_COVBINDERINPDB:CBR003296"",""SOURCE_COVPDB:CovPDB_complexes/4cl8/4cl8.pdb#LINK00882"",""SOURCE_RCSB_PDB_DIRECT:4CL8:covale2""]"
672,COVAPIE_CYS_SG_EVENT_V1:4CL8:C:CYS:168-:SG:L:OZJ:CAF,MULTI_SOURCE_PROVENANCE,4CL8,C,,CYS,168,SG,OZJ,L,CAF,3,3,"[""SOURCE_COVBINDERINPDB"",""SOURCE_COVPDB"",""SOURCE_RCSB_PDB_DIRECT""]","[""SOURCE_COVBINDERINPDB:CBR003297"",""SOURCE_COVPDB:CovPDB_complexes/4cl8/4cl8.pdb#LINK00883"",""SOURCE_RCSB_PDB_DIRECT:4CL8:covale3""]"
673,COVAPIE_CYS_SG_EVENT_V1:4CL8:D:CYS:168-:SG:O:OZJ:CAF,MULTI_SOURCE_PROVENANCE,4CL8,D,,CYS,168,SG,OZJ,O,CAF,3,3,"[""SOURCE_COVBINDERINPDB"",""SOURCE_COVPDB"",""SOURCE_RCSB_PDB_DIRECT""]","[""SOURCE_COVBINDERINPDB:CBR003298"",""SOURCE_COVPDB:CovPDB_complexes/4cl8/4cl8.pdb#LINK00884"",""SOURCE_RCSB_PDB_DIRECT:4CL8:covale4""]"
674,COVAPIE_CYS_SG_EVENT_V1:4CM5:A:CYS:168-:SG:F:NWJ:CAV,MULTI_SOURCE_PROVENANCE,4CM5,A,,CYS,168,SG,NWJ,F,CAV,3,3,"[""SOURCE_COVBINDERINPDB"",""SOURCE_COVPDB"",""SOURCE_RCSB_PDB_DIRECT""]","[""SOURCE_COVBINDERINPDB:CBR001051"",""SOURCE_COVPDB:CovPDB_complexes/4cm5/4cm5.pdb#LINK00893"",""SOURCE_RCSB_PDB_DIRECT:4CM5:covale1""]"
675,COVAPIE_CYS_SG_EVENT_V1:4CM5:B:CYS:168-:SG:H:NWJ:CAV,MULTI_SOURCE_PROVENANCE,4CM5,B,,CYS,168,SG,NWJ,H,CAV,3,3,"[""SOURCE_COVBINDERINPDB"",""SOURCE_COVPDB"",""SOURCE_RCSB_PDB_DIRECT""]","[""SOURCE_COVBINDERINPDB:CBR001052"",""SOURCE_COVPDB:CovPDB_complexes/4cm5/4cm5.pdb#LINK00894"",""SOURCE_RCSB_PDB_DIRECT:4CM5:covale2""]"
676,COVAPIE_CYS_SG_EVENT_V1:4CM5:C:CYS:168-:SG:J:NWJ:CAV,MULTI_SOURCE_PROVENANCE,4CM5,C,,CYS,168,SG,NWJ,J,CAV,3,3,"[""SOURCE_COVBINDERINPDB"",""SOURCE_COVPDB"",""SOURCE_RCSB_PDB_DIRECT""]","[""SOURCE_COVBINDERINPDB:CBR001053"",""SOURCE_COVPDB:CovPDB_complexes/4cm5/4cm5.pdb#LINK00895"",""SOURCE_RCSB_PDB_DIRECT:4CM5:covale3""]"
677,COVAPIE_CYS_SG_EVENT_V1:4CM5:D:CYS:168-:SG:L:NWJ:CAV,MULTI_SOURCE_PROVENANCE,4CM5,D,,CYS,168,SG,NWJ,L,CAV,3,3,"[""SOURCE_COVBINDERINPDB"",""SOURCE_COVPDB"",""SOURCE_RCSB_PDB_DIRECT""]","[""SOURCE_COVBINDERINPDB:CBR001054"",""SOURCE_COVPDB:CovPDB_complexes/4cm5/4cm5.pdb#LINK00896"",""SOURCE_RCSB_PDB_DIRECT:4CM5:covale4""]"
678,COVAPIE_CYS_SG_EVENT_V1:4CYG:A:CYS:211-:SG:D:RRV:C12,MULTI_SOURCE_PROVENANCE,4CYG,A,,CYS,211,SG,RRV,D,C12,3,3,"[""SOURCE_COVBINDERINPDB"",""SOURCE_COVPDB"",""SOURCE_RCSB_PDB_DIRECT""]","[""SOURCE_COVBINDERINPDB:CBR003328"",""SOURCE_COVPDB:CovPDB_complexes/4cyg/4cyg.pdb#LINK00676"",""SOURCE_RCSB_PDB_DIRECT:4CYG:covale3""]"
679,COVAPIE_CYS_SG_EVENT_V1:4CYG:B:CYS:211-:SG:J:RRV:C12,MULTI_SOURCE_PROVENANCE,4CYG,B,,CYS,211,SG,RRV,J,C12,3,3,"[""SOURCE_COVBINDERINPDB"",""SOURCE_COVPDB"",""SOURCE_RCSB_PDB_DIRECT""]","[""SOURCE_COVBINDERINPDB:CBR003329"",""SOURCE_COVPDB:CovPDB_complexes/4cyg/4cyg.pdb#LINK00680"",""SOURCE_RCSB_PDB_DIRECT:4CYG:covale7""]"
680,COVAPIE_CYS_SG_EVENT_V1:4D8E:A:CYS:192-:SG:B:E64:C2,MULTI_SOURCE_PROVENANCE,4D8E,A,,CYS,192,SG,E64,B,C2,3,3,"[""SOURCE_COVBINDERINPDB"",""SOURCE_COVPDB"",""SOURCE_RCSB_PDB_DIRECT""]","[""SOURCE_COVBINDERINPDB:CBR003865"",""SOURCE_COVPDB:CovPDB_complexes/4d8e/4d8e.pdb#LINK00525"",""SOURCE_RCSB_PDB_DIRECT:4D8E:covale1""]"
681,COVAPIE_CYS_SG_EVENT_V1:4D9U:A:CYS:436-:SG:B:0JH:C11,MULTI_SOURCE_PROVENANCE,4D9U,A,,CYS,436,SG,0JH,B,C11,3,3,"[""SOURCE_COVBINDERINPDB"",""SOURCE_COVPDB"",""SOURCE_RCSB_PDB_DIRECT""]","[""SOURCE_COVBINDERINPDB:CBR001502"",""SOURCE_COVPDB:CovPDB_complexes/4d9u/4d9u.pdb#LINK00564"",""SOURCE_RCSB_PDB_DIRECT:4D9U:covale1""]"
682,COVAPIE_CYS_SG_EVENT_V1:4DMX:A:CYS:25-:SG:B:0LB:C28,MULTI_SOURCE_PROVENANCE,4DMX,A,,CYS,25,SG,0LB,B,C28,3,3,"[""SOURCE_COVBINDERINPDB"",""SOURCE_COVPDB"",""SOURCE_RCSB_PDB_DIRECT""]","[""SOURCE_COVBINDERINPDB:CBR000146"",""SOURCE_COVPDB:CovPDB_complexes/4dmx/4dmx.pdb#LINK00409"",""SOURCE_RCSB_PDB_DIRECT:4DMX:covale1""]"
683,COVAPIE_CYS_SG_EVENT_V1:4DMY:A:CYS:25-:SG:C:0LC:C29,MULTI_SOURCE_PROVENANCE,4DMY,A,,CYS,25,SG,0LC,C,C29,3,3,"[""SOURCE_COVBINDERINPDB"",""SOURCE_COVPDB"",""SOURCE_RCSB_PDB_DIRECT""]","[""SOURCE_COVBINDERINPDB:CBR000145"",""SOURCE_COVPDB:CovPDB_complexes/4dmy/4dmy.pdb#LINK00461"",""SOURCE_RCSB_PDB_DIRECT:4DMY:covale1""]"
684,COVAPIE_CYS_SG_EVENT_V1:4DMY:B:CYS:25-:SG:F:0LC:C29,MULTI_SOURCE_PROVENANCE,4DMY,B,,CYS,25,SG,0LC,F,C29,3,3,"[""SOURCE_COVBINDERINPDB"",""SOURCE_COVPDB"",""SOURCE_RCSB_PDB_DIRECT""]","[""SOURCE_COVBINDERINPDB:CBR000144"",""SOURCE_COVPDB:CovPDB_complexes/4dmy/4dmy.pdb#LINK00460"",""SOURCE_RCSB_PDB_DIRECT:4DMY:covale2""]"
685,COVAPIE_CYS_SG_EVENT_V1:4EF8:A:CYS:150-:SG:D:0FI:C4,MULTI_SOURCE_PROVENANCE,4EF8,A,,CYS,150,SG,0FI,D,C4,2,2,"[""SOURCE_COVPDB"",""SOURCE_RCSB_PDB_DIRECT""]","[""SOURCE_COVPDB:CovPDB_complexes/4ef8/4ef8.pdb#LINK00646"",""SOURCE_RCSB_PDB_DIRECT:4EF8:covale1""]"
686,COVAPIE_CYS_SG_EVENT_V1:4EF8:B:CYS:150-:SG:H:0FI:C4,MULTI_SOURCE_PROVENANCE,4EF8,B,,CYS,150,SG,0FI,H,C4,2,2,"[""SOURCE_COVPDB"",""SOURCE_RCSB_PDB_DIRECT""]","[""SOURCE_COVPDB:CovPDB_complexes/4ef8/4ef8.pdb#LINK00647"",""SOURCE_RCSB_PDB_DIRECT:4EF8:covale2""]"
687,COVAPIE_CYS_SG_EVENT_V1:4EF9:A:CYS:150-:SG:C:4NF:C4,MULTI_SOURCE_PROVENANCE,4EF9,A,,CYS,150,SG,4NF,C,C4,2,2,"[""SOURCE_COVPDB"",""SOURCE_RCSB_PDB_DIRECT""]","[""SOURCE_COVPDB:CovPDB_complexes/4ef9/4ef9.pdb#LINK00676"",""SOURCE_RCSB_PDB_DIRECT:4EF9:covale1""]"
688,COVAPIE_CYS_SG_EVENT_V1:4EF9:B:CYS:150-:SG:K:4NF:C4,MULTI_SOURCE_PROVENANCE,4EF9,B,,CYS,150,SG,4NF,K,C4,2,2,"[""SOURCE_COVPDB"",""SOURCE_RCSB_PDB_DIRECT""]","[""SOURCE_COVPDB:CovPDB_complexes/4ef9/4ef9.pdb#LINK00677"",""SOURCE_RCSB_PDB_DIRECT:4EF9:covale2""]"
689,COVAPIE_CYS_SG_EVENT_V1:4ETP:B:CYS:355-:SG:J:EBC:C1,MULTI_SOURCE_PROVENANCE,4ETP,B,,CYS,355,SG,EBC,J,C1,3,3,"[""SOURCE_COVBINDERINPDB"",""SOURCE_COVPDB"",""SOURCE_RCSB_PDB_DIRECT""]","[""SOURCE_COVBINDERINPDB:CBR001526"",""SOURCE_COVPDB:CovPDB_complexes/4etp/4etp.pdb#LINK00761"",""SOURCE_RCSB_PDB_DIRECT:4ETP:covale1""]"
690,COVAPIE_CYS_SG_EVENT_V1:4ETP:B:CYS:423-:SG:J:EBC:C8,MULTI_SOURCE_PROVENANCE,4ETP,B,,CYS,423,SG,EBC,J,C8,3,3,"[""SOURCE_COVBINDERINPDB"",""SOURCE_COVPDB"",""SOURCE_RCSB_PDB_DIRECT""]","[""SOURCE_COVBINDERINPDB:CBR001527"",""SOURCE_COVPDB:CovPDB_complexes/4etp/4etp.pdb#LINK00762"",""SOURCE_RCSB_PDB_DIRECT:4ETP:covale2""]"
691,COVAPIE_CYS_SG_EVENT_V1:4F8B:B:CYS:55-:SG:F:GD1:C77,MULTI_SOURCE_PROVENANCE,4F8B,B,,CYS,55,SG,GD1,F,C77,2,2,"[""SOURCE_COVPDB"",""SOURCE_RCSB_PDB_DIRECT""]","[""SOURCE_COVPDB:CovPDB_complexes/4f8b/4f8b.pdb#LINK00664"",""SOURCE_RCSB_PDB_DIRECT:4F8B:covale1""]"
692,COVAPIE_CYS_SG_EVENT_V1:4F8B:C:CYS:55-:SG:I:GD1:C77,MULTI_SOURCE_PROVENANCE,4F8B,C,,CYS,55,SG,GD1,I,C77,2,2,"[""SOURCE_COVPDB"",""SOURCE_RCSB_PDB_DIRECT""]","[""SOURCE_COVPDB:CovPDB_complexes/4f8b/4f8b.pdb#LINK00666"",""SOURCE_RCSB_PDB_DIRECT:4F8B:covale2""]"
693,COVAPIE_CYS_SG_EVENT_V1:4F8B:D:CYS:55-:SG:K:GD1:C77,MULTI_SOURCE_PROVENANCE,4F8B,D,,CYS,55,SG,GD1,K,C77,2,2,"[""SOURCE_COVPDB"",""SOURCE_RCSB_PDB_DIRECT""]","[""SOURCE_COVPDB:CovPDB_complexes/4f8b/4f8b.pdb#LINK00665"",""SOURCE_RCSB_PDB_DIRECT:4F8B:covale3""]"
694,COVAPIE_CYS_SG_EVENT_V1:4F8B:E:CYS:55-:SG:N:GD1:C77,MULTI_SOURCE_PROVENANCE,4F8B,E,,CYS,55,SG,GD1,N,C77,2,2,"[""SOURCE_COVPDB"",""SOURCE_RCSB_PDB_DIRECT""]","[""SOURCE_COVPDB:CovPDB_complexes/4f8b/4f8b.pdb#LINK00667"",""SOURCE_RCSB_PDB_DIRECT:4F8B:covale4""]"
695,COVAPIE_CYS_SG_EVENT_V1:4FDN:A:CYS:387-:SG:C:0T4:N8,MULTI_SOURCE_PROVENANCE,4FDN,A,,CYS,387,SG,0T4,C,N8,3,3,"[""SOURCE_COVBINDERINPDB"",""SOURCE_COVPDB"",""SOURCE_RCSB_PDB_DIRECT""]","[""SOURCE_COVBINDERINPDB:CBR000498"",""SOURCE_COVPDB:CovPDB_complexes/4fdn/4fdn.pdb#LINK00498"",""SOURCE_RCSB_PDB_DIRECT:4FDN:covale1""]"
696,COVAPIE_CYS_SG_EVENT_V1:4FF6:A:CYS:387-:SG:D:0T4:N8,MULTI_SOURCE_PROVENANCE,4FF6,A,,CYS,387,SG,0T4,D,N8,2,2,"[""SOURCE_COVBINDERINPDB"",""SOURCE_RCSB_PDB_DIRECT""]","[""SOURCE_COVBINDERINPDB:CBR002944"",""SOURCE_RCSB_PDB_DIRECT:4FF6:covale1""]"
697,COVAPIE_CYS_SG_EVENT_V1:4FQF:A:CYS:302-:SG:E:2NO:N,MULTI_SOURCE_PROVENANCE,4FQF,A,,CYS,302,SG,2NO,E,N,2,2,"[""SOURCE_COVBINDERINPDB"",""SOURCE_RCSB_PDB_DIRECT""]","[""SOURCE_COVBINDERINPDB:CBR000558"",""SOURCE_RCSB_PDB_DIRECT:4FQF:covale1""]"
698,COVAPIE_CYS_SG_EVENT_V1:4FQF:B:CYS:302-:SG:L:2NO:N,MULTI_SOURCE_PROVENANCE,4FQF,B,,CYS,302,SG,2NO,L,N,2,2,"[""SOURCE_COVBINDERINPDB"",""SOURCE_RCSB_PDB_DIRECT""]","[""SOURCE_COVBINDERINPDB:CBR000561"",""SOURCE_RCSB_PDB_DIRECT:4FQF:covale2""]"
699,COVAPIE_CYS_SG_EVENT_V1:4FQF:C:CYS:302-:SG:Q:2NO:N,MULTI_SOURCE_PROVENANCE,4FQF,C,,CYS,302,SG,2NO,Q,N,2,2,"[""SOURCE_COVBINDERINPDB"",""SOURCE_RCSB_PDB_DIRECT""]","[""SOURCE_COVBINDERINPDB:CBR000559"",""SOURCE_RCSB_PDB_DIRECT:4FQF:covale3""]"
700,COVAPIE_CYS_SG_EVENT_V1:4FQF:D:CYS:302-:SG:V:2NO:N,MULTI_SOURCE_PROVENANCE,4FQF,D,,CYS,302,SG,2NO,V,N,2,2,"[""SOURCE_COVBINDERINPDB"",""SOURCE_RCSB_PDB_DIRECT""]","[""SOURCE_COVBINDERINPDB:CBR000560"",""SOURCE_RCSB_PDB_DIRECT:4FQF:covale4""]"
701,COVAPIE_CYS_SG_EVENT_V1:4G37:A:CYS:108-:SG:D:XLX:C3,MULTI_SOURCE_PROVENANCE,4G37,A,,CYS,108,SG,XLX,D,C3,2,2,"[""SOURCE_COVBINDERINPDB"",""SOURCE_RCSB_PDB_DIRECT""]","[""SOURCE_COVBINDERINPDB:CBR001231"",""SOURCE_RCSB_PDB_DIRECT:4G37:covale1""]"
702,COVAPIE_CYS_SG_EVENT_V1:4G37:A:CYS:447-:SG:D:XLX:C11,MULTI_SOURCE_PROVENANCE,4G37,A,,CYS,447,SG,XLX,D,C11,2,2,"[""SOURCE_COVBINDERINPDB"",""SOURCE_RCSB_PDB_DIRECT""]","[""SOURCE_COVBINDERINPDB:CBR001229"",""SOURCE_RCSB_PDB_DIRECT:4G37:covale2""]"
703,COVAPIE_CYS_SG_EVENT_V1:4G37:B:CYS:108-:SG:H:XLX:C3,MULTI_SOURCE_PROVENANCE,4G37,B,,CYS,108,SG,XLX,H,C3,2,2,"[""SOURCE_COVBINDERINPDB"",""SOURCE_RCSB_PDB_DIRECT""]","[""SOURCE_COVBINDERINPDB:CBR001232"",""SOURCE_RCSB_PDB_DIRECT:4G37:covale3""]"
704,COVAPIE_CYS_SG_EVENT_V1:4G37:B:CYS:447-:SG:H:XLX:C11,MULTI_SOURCE_PROVENANCE,4G37,B,,CYS,447,SG,XLX,H,C11,2,2,"[""SOURCE_COVBINDERINPDB"",""SOURCE_RCSB_PDB_DIRECT""]","[""SOURCE_COVBINDERINPDB:CBR001230"",""SOURCE_RCSB_PDB_DIRECT:4G37:covale4""]"
705,COVAPIE_CYS_SG_EVENT_V1:4G5J:A:CYS:797-:SG:B:0WN:C30,MULTI_SOURCE_PROVENANCE,4G5J,A,,CYS,797,SG,0WN,B,C30,2,2,"[""SOURCE_COVBINDERINPDB"",""SOURCE_RCSB_PDB_DIRECT""]","[""SOURCE_COVBINDERINPDB:CBR003686"",""SOURCE_RCSB_PDB_DIRECT:4G5J:covale1""]"
706,COVAPIE_CYS_SG_EVENT_V1:4G5P:A:CYS:797-:SG:C:0WN:C30,MULTI_SOURCE_PROVENANCE,4G5P,A,,CYS,797,SG,0WN,C,C30,2,2,"[""SOURCE_COVBINDERINPDB"",""SOURCE_RCSB_PDB_DIRECT""]","[""SOURCE_COVBINDERINPDB:CBR003683"",""SOURCE_RCSB_PDB_DIRECT:4G5P:covale1""]"
707,COVAPIE_CYS_SG_EVENT_V1:4GEV:A:CYS:146-:SG:C:UMC:C6,MULTI_SOURCE_PROVENANCE,4GEV,A,,CYS,146,SG,UMC,C,C6,2,2,"[""SOURCE_COVPDB"",""SOURCE_RCSB_PDB_DIRECT""]","[""SOURCE_COVPDB:CovPDB_complexes/4gev/4gev.pdb#LINK00476"",""SOURCE_RCSB_PDB_DIRECT:4GEV:covale2""]"
708,COVAPIE_CYS_SG_EVENT_V1:4GEV:B:CYS:146-:SG:E:UMC:C6,MULTI_SOURCE_PROVENANCE,4GEV,B,,CYS,146,SG,UMC,E,C6,2,2,"[""SOURCE_COVPDB"",""SOURCE_RCSB_PDB_DIRECT""]","[""SOURCE_COVPDB:CovPDB_complexes/4gev/4gev.pdb#LINK00477"",""SOURCE_RCSB_PDB_DIRECT:4GEV:covale4""]"
709,COVAPIE_CYS_SG_EVENT_V1:4GHT:A:CYS:147-:SG:C:AG7:C19,MULTI_SOURCE_PROVENANCE,4GHT,A,,CYS,147,SG,AG7,C,C19,3,3,"[""SOURCE_COVBINDERINPDB"",""SOURCE_COVPDB"",""SOURCE_RCSB_PDB_DIRECT""]","[""SOURCE_COVBINDERINPDB:CBR004723"",""SOURCE_COVPDB:CovPDB_complexes/4ght/4ght.pdb#LINK00486"",""SOURCE_RCSB_PDB_DIRECT:4GHT:covale1""]"
710,COVAPIE_CYS_SG_EVENT_V1:4GHT:B:CYS:147-:SG:D:AG7:C19,MULTI_SOURCE_PROVENANCE,4GHT,B,,CYS,147,SG,AG7,D,C19,3,3,"[""SOURCE_COVBINDERINPDB"",""SOURCE_COVPDB"",""SOURCE_RCSB_PDB_DIRECT""]","[""SOURCE_COVBINDERINPDB:CBR004724"",""SOURCE_COVPDB:CovPDB_complexes/4ght/4ght.pdb#LINK00487"",""SOURCE_RCSB_PDB_DIRECT:4GHT:covale2""]"
711,COVAPIE_CYS_SG_EVENT_V1:4GMX:C:CYS:539-:SG:G:K85:C3,MULTI_SOURCE_PROVENANCE,4GMX,C,,CYS,539,SG,K85,G,C3,3,3,"[""SOURCE_COVBINDERINPDB"",""SOURCE_COVPDB"",""SOURCE_RCSB_PDB_DIRECT""]","[""SOURCE_COVBINDERINPDB:CBR004637"",""SOURCE_COVPDB:CovPDB_complexes/4gmx/4gmx.pdb#LINK00830"",""SOURCE_RCSB_PDB_DIRECT:4GMX:covale1""]"
712,COVAPIE_CYS_SG_EVENT_V1:4GPT:C:CYS:539-:SG:H:51K:C7,MULTI_SOURCE_PROVENANCE,4GPT,C,,CYS,539,SG,51K,H,C7,3,3,"[""SOURCE_COVBINDERINPDB"",""SOURCE_COVPDB"",""SOURCE_RCSB_PDB_DIRECT""]","[""SOURCE_COVBINDERINPDB:CBR004886"",""SOURCE_COVPDB:CovPDB_complexes/4gpt/4gpt.pdb#LINK00847"",""SOURCE_RCSB_PDB_DIRECT:4GPT:covale1""]"
713,COVAPIE_CYS_SG_EVENT_V1:4GS6:A:CYS:174-:SG:L:1FM:C42,MULTI_SOURCE_PROVENANCE,4GS6,A,,CYS,174,SG,1FM,L,C42,3,3,"[""SOURCE_COVBINDERINPDB"",""SOURCE_COVPDB"",""SOURCE_RCSB_PDB_DIRECT""]","[""SOURCE_COVBINDERINPDB:CBR002081"",""SOURCE_COVPDB:CovPDB_complexes/4gs6/4gs6.pdb#LINK00460"",""SOURCE_RCSB_PDB_DIRECT:4GS6:covale1""]"
714,COVAPIE_CYS_SG_EVENT_V1:4GYL:A:CYS:166-:SG:B:ROP:CA,MULTI_SOURCE_PROVENANCE,4GYL,A,,CYS,166,SG,ROP,B,CA,2,2,"[""SOURCE_COVBINDERINPDB"",""SOURCE_RCSB_PDB_DIRECT""]","[""SOURCE_COVBINDERINPDB:CBR002392"",""SOURCE_RCSB_PDB_DIRECT:4GYL:covale1""]"
715,COVAPIE_CYS_SG_EVENT_V1:4HAT:C:CYS:539-:SG:G:LMB:C3,MULTI_SOURCE_PROVENANCE,4HAT,C,,CYS,539,SG,LMB,G,C3,2,2,"[""SOURCE_COVPDB"",""SOURCE_RCSB_PDB_DIRECT""]","[""SOURCE_COVPDB:CovPDB_complexes/4hat/4hat.pdb#LINK00788"",""SOURCE_RCSB_PDB_DIRECT:4HAT:covale1""]"
716,COVAPIE_CYS_SG_EVENT_V1:4HAU:C:CYS:539-:SG:H:RJA:C3,MULTI_SOURCE_PROVENANCE,4HAU,C,,CYS,539,SG,RJA,H,C3,2,2,"[""SOURCE_COVPDB"",""SOURCE_RCSB_PDB_DIRECT""]","[""SOURCE_COVPDB:CovPDB_complexes/4hau/4hau.pdb#LINK00784"",""SOURCE_RCSB_PDB_DIRECT:4HAU:covale1""]"
717,COVAPIE_CYS_SG_EVENT_V1:4HAV:C:CYS:539-:SG:G:AA8:C3,MULTI_SOURCE_PROVENANCE,4HAV,C,,CYS,539,SG,AA8,G,C3,2,2,"[""SOURCE_COVPDB"",""SOURCE_RCSB_PDB_DIRECT""]","[""SOURCE_COVPDB:CovPDB_complexes/4hav/4hav.pdb#LINK00756"",""SOURCE_RCSB_PDB_DIRECT:4HAV:covale1""]"
718,COVAPIE_CYS_SG_EVENT_V1:4HAW:C:CYS:539-:SG:H:LMB:C3,MULTI_SOURCE_PROVENANCE,4HAW,C,,CYS,539,SG,LMB,H,C3,2,2,"[""SOURCE_COVPDB"",""SOURCE_RCSB_PDB_DIRECT""]","[""SOURCE_COVPDB:CovPDB_complexes/4haw/4haw.pdb#LINK00811"",""SOURCE_RCSB_PDB_DIRECT:4HAW:covale1""]"
719,COVAPIE_CYS_SG_EVENT_V1:4HAY:C:CYS:539-:SG:G:LMB:C3,MULTI_SOURCE_PROVENANCE,4HAY,C,,CYS,539,SG,LMB,G,C3,2,2,"[""SOURCE_COVPDB"",""SOURCE_RCSB_PDB_DIRECT""]","[""SOURCE_COVPDB:CovPDB_complexes/4hay/4hay.pdb#LINK00781"",""SOURCE_RCSB_PDB_DIRECT:4HAY:covale1""]"
720,COVAPIE_CYS_SG_EVENT_V1:4HAZ:C:CYS:539-:SG:G:LBF:C3,MULTI_SOURCE_PROVENANCE,4HAZ,C,,CYS,539,SG,LBF,G,C3,2,2,"[""SOURCE_COVPDB"",""SOURCE_RCSB_PDB_DIRECT""]","[""SOURCE_COVPDB:CovPDB_complexes/4haz/4haz.pdb#LINK00748"",""SOURCE_RCSB_PDB_DIRECT:4HAZ:covale1""]"
721,COVAPIE_CYS_SG_EVENT_V1:4HB0:C:CYS:539-:SG:F:LBF:C3,MULTI_SOURCE_PROVENANCE,4HB0,C,,CYS,539,SG,LBF,F,C3,3,3,"[""SOURCE_COVBINDERINPDB"",""SOURCE_COVPDB"",""SOURCE_RCSB_PDB_DIRECT""]","[""SOURCE_COVBINDERINPDB:CBR003230"",""SOURCE_COVPDB:CovPDB_complexes/4hb0/4hb0.pdb#LINK00797"",""SOURCE_RCSB_PDB_DIRECT:4HB0:covale1""]"
722,COVAPIE_CYS_SG_EVENT_V1:4HB4:C:CYS:539-:SG:G:LMB:C3,MULTI_SOURCE_PROVENANCE,4HB4,C,,CYS,539,SG,LMB,G,C3,3,3,"[""SOURCE_COVBINDERINPDB"",""SOURCE_COVPDB"",""SOURCE_RCSB_PDB_DIRECT""]","[""SOURCE_COVBINDERINPDB:CBR003223"",""SOURCE_COVPDB:CovPDB_complexes/4hb4/4hb4.pdb#LINK00783"",""SOURCE_RCSB_PDB_DIRECT:4HB4:covale1""]"
723,COVAPIE_CYS_SG_EVENT_V1:4HCU:A:CYS:442-:SG:B:13L:C25,MULTI_SOURCE_PROVENANCE,4HCU,A,,CYS,442,SG,13L,B,C25,3,3,"[""SOURCE_COVBINDERINPDB"",""SOURCE_COVPDB"",""SOURCE_RCSB_PDB_DIRECT""]","[""SOURCE_COVBINDERINPDB:CBR000949"",""SOURCE_COVPDB:CovPDB_complexes/4hcu/4hcu.pdb#LINK00360"",""SOURCE_RCSB_PDB_DIRECT:4HCU:covale1""]"
724,COVAPIE_CYS_SG_EVENT_V1:4HCV:A:CYS:442-:SG:B:13J:C25,MULTI_SOURCE_PROVENANCE,4HCV,A,,CYS,442,SG,13J,B,C25,3,3,"[""SOURCE_COVBINDERINPDB"",""SOURCE_COVPDB"",""SOURCE_RCSB_PDB_DIRECT""]","[""SOURCE_COVBINDERINPDB:CBR000950"",""SOURCE_COVPDB:CovPDB_complexes/4hcv/4hcv.pdb#LINK00384"",""SOURCE_RCSB_PDB_DIRECT:4HCV:covale1""]"
725,COVAPIE_CYS_SG_EVENT_V1:4HG3:A:CYS:169-:SG:E:AKG:C5,MULTI_SOURCE_PROVENANCE,4HG3,A,,CYS,169,SG,AKG,E,C5,2,2,"[""SOURCE_COVPDB"",""SOURCE_RCSB_PDB_DIRECT""]","[""SOURCE_COVPDB:CovPDB_complexes/4hg3/4hg3.pdb#LINK01132"",""SOURCE_RCSB_PDB_DIRECT:4HG3:covale1""]"
726,COVAPIE_CYS_SG_EVENT_V1:4HG3:B:CYS:169-:SG:O:AKG:C5,MULTI_SOURCE_PROVENANCE,4HG3,B,,CYS,169,SG,AKG,O,C5,2,2,"[""SOURCE_COVPDB"",""SOURCE_RCSB_PDB_DIRECT""]","[""SOURCE_COVPDB:CovPDB_complexes/4hg3/4hg3.pdb#LINK01133"",""SOURCE_RCSB_PDB_DIRECT:4HG3:covale2""]"
727,COVAPIE_CYS_SG_EVENT_V1:4HG3:C:CYS:169-:SG:W:AKG:C5,MULTI_SOURCE_PROVENANCE,4HG3,C,,CYS,169,SG,AKG,W,C5,2,2,"[""SOURCE_COVPDB"",""SOURCE_RCSB_PDB_DIRECT""]","[""SOURCE_COVPDB:CovPDB_complexes/4hg3/4hg3.pdb#LINK01134"",""SOURCE_RCSB_PDB_DIRECT:4HG3:covale3""]"
728,COVAPIE_CYS_SG_EVENT_V1:4HG3:D:CYS:169-:SG:BA:AKG:C5,MULTI_SOURCE_PROVENANCE,4HG3,D,,CYS,169,SG,AKG,BA,C5,2,2,"[""SOURCE_COVPDB"",""SOURCE_RCSB_PDB_DIRECT""]","[""SOURCE_COVPDB:CovPDB_complexes/4hg3/4hg3.pdb#LINK01135"",""SOURCE_RCSB_PDB_DIRECT:4HG3:covale4""]"
729,COVAPIE_CYS_SG_EVENT_V1:4HG5:A:CYS:169-:SG:E:OAA:C1,MULTI_SOURCE_PROVENANCE,4HG5,A,,CYS,169,SG,OAA,E,C1,2,2,"[""SOURCE_COVPDB"",""SOURCE_RCSB_PDB_DIRECT""]","[""SOURCE_COVPDB:CovPDB_complexes/4hg5/4hg5.pdb#LINK01062"",""SOURCE_RCSB_PDB_DIRECT:4HG5:covale1""]"
730,COVAPIE_CYS_SG_EVENT_V1:4HG5:B:CYS:169-:SG:J:OAA:C1,MULTI_SOURCE_PROVENANCE,4HG5,B,,CYS,169,SG,OAA,J,C1,2,2,"[""SOURCE_COVPDB"",""SOURCE_RCSB_PDB_DIRECT""]","[""SOURCE_COVPDB:CovPDB_complexes/4hg5/4hg5.pdb#LINK01063"",""SOURCE_RCSB_PDB_DIRECT:4HG5:covale2""]"
731,COVAPIE_CYS_SG_EVENT_V1:4HG5:C:CYS:169-:SG:O:OAA:C1,MULTI_SOURCE_PROVENANCE,4HG5,C,,CYS,169,SG,OAA,O,C1,2,2,"[""SOURCE_COVPDB"",""SOURCE_RCSB_PDB_DIRECT""]","[""SOURCE_COVPDB:CovPDB_complexes/4hg5/4hg5.pdb#LINK01064"",""SOURCE_RCSB_PDB_DIRECT:4HG5:covale3""]"
732,COVAPIE_CYS_SG_EVENT_V1:4HG5:D:CYS:169-:SG:R:OAA:C1,MULTI_SOURCE_PROVENANCE,4HG5,D,,CYS,169,SG,OAA,R,C1,2,2,"[""SOURCE_COVPDB"",""SOURCE_RCSB_PDB_DIRECT""]","[""SOURCE_COVPDB:CovPDB_complexes/4hg5/4hg5.pdb#LINK01065"",""SOURCE_RCSB_PDB_DIRECT:4HG5:covale4""]"
733,COVAPIE_CYS_SG_EVENT_V1:4HQM:A:CYS:5-:SG:C:17Z:C8,MULTI_SOURCE_PROVENANCE,4HQM,A,,CYS,5,SG,17Z,C,C8,2,2,"[""SOURCE_COVBINDERINPDB"",""SOURCE_RCSB_PDB_DIRECT""]","[""SOURCE_COVBINDERINPDB:CBR001400"",""SOURCE_RCSB_PDB_DIRECT:4HQM:covale1""]"
734,COVAPIE_CYS_SG_EVENT_V1:4HQM:B:CYS:5-:SG:D:17Z:C8,MULTI_SOURCE_PROVENANCE,4HQM,B,,CYS,5,SG,17Z,D,C8,2,2,"[""SOURCE_COVBINDERINPDB"",""SOURCE_RCSB_PDB_DIRECT""]","[""SOURCE_COVBINDERINPDB:CBR001401"",""SOURCE_RCSB_PDB_DIRECT:4HQM:covale2""]"
735,COVAPIE_CYS_SG_EVENT_V1:4I24:A:CYS:797-:SG:C:1C9:C23,MULTI_SOURCE_PROVENANCE,4I24,A,,CYS,797,SG,1C9,C,C23,3,3,"[""SOURCE_COVBINDERINPDB"",""SOURCE_COVPDB"",""SOURCE_RCSB_PDB_DIRECT""]","[""SOURCE_COVBINDERINPDB:CBR001589"",""SOURCE_COVPDB:CovPDB_complexes/4i24/4i24.pdb#LINK00495"",""SOURCE_RCSB_PDB_DIRECT:4I24:covale1""]"
736,COVAPIE_CYS_SG_EVENT_V1:4I24:B:CYS:797-:SG:D:1C9:C23,MULTI_SOURCE_PROVENANCE,4I24,B,,CYS,797,SG,1C9,D,C23,3,3,"[""SOURCE_COVBINDERINPDB"",""SOURCE_COVPDB"",""SOURCE_RCSB_PDB_DIRECT""]","[""SOURCE_COVBINDERINPDB:CBR001588"",""SOURCE_COVPDB:CovPDB_complexes/4i24/4i24.pdb#LINK00494"",""SOURCE_RCSB_PDB_DIRECT:4I24:covale2""]"
737,COVAPIE_CYS_SG_EVENT_V1:4I3U:A:CYS:291-:SG:I:POA:C2,MULTI_SOURCE_PROVENANCE,4I3U,A,,CYS,291,SG,POA,I,C2,2,2,"[""SOURCE_COVPDB"",""SOURCE_RCSB_PDB_DIRECT""]","[""SOURCE_COVPDB:CovPDB_complexes/4i3u/4i3u.pdb#LINK01472"",""SOURCE_RCSB_PDB_DIRECT:4I3U:covale1""]"
738,COVAPIE_CYS_SG_EVENT_V1:4I3U:B:CYS:291-:SG:J:POA:C2,MULTI_SOURCE_PROVENANCE,4I3U,B,,CYS,291,SG,POA,J,C2,2,2,"[""SOURCE_COVPDB"",""SOURCE_RCSB_PDB_DIRECT""]","[""SOURCE_COVPDB:CovPDB_complexes/4i3u/4i3u.pdb#LINK01473"",""SOURCE_RCSB_PDB_DIRECT:4I3U:covale2""]"
739,COVAPIE_CYS_SG_EVENT_V1:4I3U:C:CYS:291-:SG:K:POA:C2,MULTI_SOURCE_PROVENANCE,4I3U,C,,CYS,291,SG,POA,K,C2,2,2,"[""SOURCE_COVPDB"",""SOURCE_RCSB_PDB_DIRECT""]","[""SOURCE_COVPDB:CovPDB_complexes/4i3u/4i3u.pdb#LINK01474"",""SOURCE_RCSB_PDB_DIRECT:4I3U:covale3""]"
740,COVAPIE_CYS_SG_EVENT_V1:4I3U:D:CYS:291-:SG:L:POA:C2,MULTI_SOURCE_PROVENANCE,4I3U,D,,CYS,291,SG,POA,L,C2,2,2,"[""SOURCE_COVPDB"",""SOURCE_RCSB_PDB_DIRECT""]","[""SOURCE_COVPDB:CovPDB_complexes/4i3u/4i3u.pdb#LINK01475"",""SOURCE_RCSB_PDB_DIRECT:4I3U:covale4""]"
741,COVAPIE_CYS_SG_EVENT_V1:4I3U:E:CYS:291-:SG:M:POA:C2,MULTI_SOURCE_PROVENANCE,4I3U,E,,CYS,291,SG,POA,M,C2,2,2,"[""SOURCE_COVPDB"",""SOURCE_RCSB_PDB_DIRECT""]","[""SOURCE_COVPDB:CovPDB_complexes/4i3u/4i3u.pdb#LINK01476"",""SOURCE_RCSB_PDB_DIRECT:4I3U:covale5""]"
742,COVAPIE_CYS_SG_EVENT_V1:4I3U:F:CYS:291-:SG:N:POA:C2,MULTI_SOURCE_PROVENANCE,4I3U,F,,CYS,291,SG,POA,N,C2,2,2,"[""SOURCE_COVPDB"",""SOURCE_RCSB_PDB_DIRECT""]","[""SOURCE_COVPDB:CovPDB_complexes/4i3u/4i3u.pdb#LINK01477"",""SOURCE_RCSB_PDB_DIRECT:4I3U:covale6""]"
743,COVAPIE_CYS_SG_EVENT_V1:4I3U:G:CYS:291-:SG:O:POA:C2,MULTI_SOURCE_PROVENANCE,4I3U,G,,CYS,291,SG,POA,O,C2,2,2,"[""SOURCE_COVPDB"",""SOURCE_RCSB_PDB_DIRECT""]","[""SOURCE_COVPDB:CovPDB_complexes/4i3u/4i3u.pdb#LINK01478"",""SOURCE_RCSB_PDB_DIRECT:4I3U:covale7""]"
744,COVAPIE_CYS_SG_EVENT_V1:4I3U:H:CYS:291-:SG:P:POA:C2,MULTI_SOURCE_PROVENANCE,4I3U,H,,CYS,291,SG,POA,P,C2,2,2,"[""SOURCE_COVPDB"",""SOURCE_RCSB_PDB_DIRECT""]","[""SOURCE_COVPDB:CovPDB_complexes/4i3u/4i3u.pdb#LINK01479"",""SOURCE_RCSB_PDB_DIRECT:4I3U:covale8""]"
745,COVAPIE_CYS_SG_EVENT_V1:4I3V:A:CYS:291-:SG:J:POA:C2,MULTI_SOURCE_PROVENANCE,4I3V,A,,CYS,291,SG,POA,J,C2,2,2,"[""SOURCE_COVPDB"",""SOURCE_RCSB_PDB_DIRECT""]","[""SOURCE_COVPDB:CovPDB_complexes/4i3v/4i3v.pdb#LINK01266"",""SOURCE_RCSB_PDB_DIRECT:4I3V:covale1""]"
746,COVAPIE_CYS_SG_EVENT_V1:4I3V:B:CYS:291-:SG:L:POA:C2,MULTI_SOURCE_PROVENANCE,4I3V,B,,CYS,291,SG,POA,L,C2,2,2,"[""SOURCE_COVPDB"",""SOURCE_RCSB_PDB_DIRECT""]","[""SOURCE_COVPDB:CovPDB_complexes/4i3v/4i3v.pdb#LINK01267"",""SOURCE_RCSB_PDB_DIRECT:4I3V:covale2""]"
747,COVAPIE_CYS_SG_EVENT_V1:4I3V:C:CYS:291-:SG:N:POA:C2,MULTI_SOURCE_PROVENANCE,4I3V,C,,CYS,291,SG,POA,N,C2,2,2,"[""SOURCE_COVPDB"",""SOURCE_RCSB_PDB_DIRECT""]","[""SOURCE_COVPDB:CovPDB_complexes/4i3v/4i3v.pdb#LINK01268"",""SOURCE_RCSB_PDB_DIRECT:4I3V:covale3""]"
748,COVAPIE_CYS_SG_EVENT_V1:4I3V:D:CYS:291-:SG:P:POA:C2,MULTI_SOURCE_PROVENANCE,4I3V,D,,CYS,291,SG,POA,P,C2,2,2,"[""SOURCE_COVPDB"",""SOURCE_RCSB_PDB_DIRECT""]","[""SOURCE_COVPDB:CovPDB_complexes/4i3v/4i3v.pdb#LINK01269"",""SOURCE_RCSB_PDB_DIRECT:4I3V:covale4""]"
749,COVAPIE_CYS_SG_EVENT_V1:4I3V:E:CYS:291-:SG:R:POA:C2,MULTI_SOURCE_PROVENANCE,4I3V,E,,CYS,291,SG,POA,R,C2,2,2,"[""SOURCE_COVPDB"",""SOURCE_RCSB_PDB_DIRECT""]","[""SOURCE_COVPDB:CovPDB_complexes/4i3v/4i3v.pdb#LINK01270"",""SOURCE_RCSB_PDB_DIRECT:4I3V:covale5""]"
750,COVAPIE_CYS_SG_EVENT_V1:4I3V:F:CYS:291-:SG:T:POA:C2,MULTI_SOURCE_PROVENANCE,4I3V,F,,CYS,291,SG,POA,T,C2,2,2,"[""SOURCE_COVPDB"",""SOURCE_RCSB_PDB_DIRECT""]","[""SOURCE_COVPDB:CovPDB_complexes/4i3v/4i3v.pdb#LINK01271"",""SOURCE_RCSB_PDB_DIRECT:4I3V:covale6""]"
751,COVAPIE_CYS_SG_EVENT_V1:4I3V:G:CYS:291-:SG:V:POA:C2,MULTI_SOURCE_PROVENANCE,4I3V,G,,CYS,291,SG,POA,V,C2,2,2,"[""SOURCE_COVPDB"",""SOURCE_RCSB_PDB_DIRECT""]","[""SOURCE_COVPDB:CovPDB_complexes/4i3v/4i3v.pdb#LINK01272"",""SOURCE_RCSB_PDB_DIRECT:4I3V:covale7""]"
752,COVAPIE_CYS_SG_EVENT_V1:4I3V:H:CYS:291-:SG:W:POA:C2,MULTI_SOURCE_PROVENANCE,4I3V,H,,CYS,291,SG,POA,W,C2,2,2,"[""SOURCE_COVPDB"",""SOURCE_RCSB_PDB_DIRECT""]","[""SOURCE_COVPDB:CovPDB_complexes/4i3v/4i3v.pdb#LINK01273"",""SOURCE_RCSB_PDB_DIRECT:4I3V:covale8""]"
753,COVAPIE_CYS_SG_EVENT_V1:4I3W:A:CYS:291-:SG:I:G3H:C1,MULTI_SOURCE_PROVENANCE,4I3W,A,,CYS,291,SG,G3H,I,C1,2,2,"[""SOURCE_COVPDB"",""SOURCE_RCSB_PDB_DIRECT""]","[""SOURCE_COVPDB:CovPDB_complexes/4i3w/4i3w.pdb#LINK01349"",""SOURCE_RCSB_PDB_DIRECT:4I3W:covale1""]"
754,COVAPIE_CYS_SG_EVENT_V1:4I3W:B:CYS:291-:SG:K:G3H:C1,MULTI_SOURCE_PROVENANCE,4I3W,B,,CYS,291,SG,G3H,K,C1,2,2,"[""SOURCE_COVPDB"",""SOURCE_RCSB_PDB_DIRECT""]","[""SOURCE_COVPDB:CovPDB_complexes/4i3w/4i3w.pdb#LINK01350"",""SOURCE_RCSB_PDB_DIRECT:4I3W:covale2""]"
755,COVAPIE_CYS_SG_EVENT_V1:4I3W:C:CYS:291-:SG:M:G3H:C1,MULTI_SOURCE_PROVENANCE,4I3W,C,,CYS,291,SG,G3H,M,C1,2,2,"[""SOURCE_COVPDB"",""SOURCE_RCSB_PDB_DIRECT""]","[""SOURCE_COVPDB:CovPDB_complexes/4i3w/4i3w.pdb#LINK01351"",""SOURCE_RCSB_PDB_DIRECT:4I3W:covale3""]"
756,COVAPIE_CYS_SG_EVENT_V1:4I3W:D:CYS:291-:SG:O:G3H:C1,MULTI_SOURCE_PROVENANCE,4I3W,D,,CYS,291,SG,G3H,O,C1,2,2,"[""SOURCE_COVPDB"",""SOURCE_RCSB_PDB_DIRECT""]","[""SOURCE_COVPDB:CovPDB_complexes/4i3w/4i3w.pdb#LINK01352"",""SOURCE_RCSB_PDB_DIRECT:4I3W:covale4""]"
757,COVAPIE_CYS_SG_EVENT_V1:4I3W:E:CYS:291-:SG:Q:G3H:C1,MULTI_SOURCE_PROVENANCE,4I3W,E,,CYS,291,SG,G3H,Q,C1,2,2,"[""SOURCE_COVPDB"",""SOURCE_RCSB_PDB_DIRECT""]","[""SOURCE_COVPDB:CovPDB_complexes/4i3w/4i3w.pdb#LINK01353"",""SOURCE_RCSB_PDB_DIRECT:4I3W:covale5""]"
758,COVAPIE_CYS_SG_EVENT_V1:4I3W:F:CYS:291-:SG:S:G3H:C1,MULTI_SOURCE_PROVENANCE,4I3W,F,,CYS,291,SG,G3H,S,C1,2,2,"[""SOURCE_COVPDB"",""SOURCE_RCSB_PDB_DIRECT""]","[""SOURCE_COVPDB:CovPDB_complexes/4i3w/4i3w.pdb#LINK01354"",""SOURCE_RCSB_PDB_DIRECT:4I3W:covale6""]"
759,COVAPIE_CYS_SG_EVENT_V1:4I3W:G:CYS:291-:SG:U:G3H:C1,MULTI_SOURCE_PROVENANCE,4I3W,G,,CYS,291,SG,G3H,U,C1,2,2,"[""SOURCE_COVPDB"",""SOURCE_RCSB_PDB_DIRECT""]","[""SOURCE_COVPDB:CovPDB_complexes/4i3w/4i3w.pdb#LINK01355"",""SOURCE_RCSB_PDB_DIRECT:4I3W:covale7""]"
760,COVAPIE_CYS_SG_EVENT_V1:4I3W:H:CYS:291-:SG:W:G3H:C1,MULTI_SOURCE_PROVENANCE,4I3W,H,,CYS,291,SG,G3H,W,C1,2,2,"[""SOURCE_COVPDB"",""SOURCE_RCSB_PDB_DIRECT""]","[""SOURCE_COVPDB:CovPDB_complexes/4i3w/4i3w.pdb#LINK01356"",""SOURCE_RCSB_PDB_DIRECT:4I3W:covale8""]"
761,COVAPIE_CYS_SG_EVENT_V1:4I9B:A:CYS:295-:SG:G:1KA:C1,MULTI_SOURCE_PROVENANCE,4I9B,A,,CYS,295,SG,1KA,G,C1,2,2,"[""SOURCE_COVPDB"",""SOURCE_RCSB_PDB_DIRECT""]","[""SOURCE_COVPDB:CovPDB_complexes/4i9b/4i9b.pdb#LINK00662"",""SOURCE_RCSB_PDB_DIRECT:4I9B:covale1""]"
762,COVAPIE_CYS_SG_EVENT_V1:4I9O:A:CYS:664-:SG:B:KI1:S,MULTI_SOURCE_PROVENANCE,4I9O,A,,CYS,664,SG,KI1,B,S,3,3,"[""SOURCE_COVBINDERINPDB"",""SOURCE_COVPDB"",""SOURCE_RCSB_PDB_DIRECT""]","[""SOURCE_COVBINDERINPDB:CBR004152"",""SOURCE_COVPDB:CovPDB_complexes/4i9o/4i9o.pdb#LINK00461"",""SOURCE_RCSB_PDB_DIRECT:4I9O:covale5""]"
763,COVAPIE_CYS_SG_EVENT_V1:4ITB:A:CYS:262-:SG:D:SSN:C4,MULTI_SOURCE_PROVENANCE,4ITB,A,,CYS,262,SG,SSN,D,C4,2,2,"[""SOURCE_COVPDB"",""SOURCE_RCSB_PDB_DIRECT""]","[""SOURCE_COVPDB:CovPDB_complexes/4itb/4itb.pdb#LINK00598"",""SOURCE_RCSB_PDB_DIRECT:4ITB:covale1""]"
764,COVAPIE_CYS_SG_EVENT_V1:4ITB:B:CYS:262-:SG:S:SSN:C4,MULTI_SOURCE_PROVENANCE,4ITB,B,,CYS,262,SG,SSN,S,C4,2,2,"[""SOURCE_COVPDB"",""SOURCE_RCSB_PDB_DIRECT""]","[""SOURCE_COVPDB:CovPDB_complexes/4itb/4itb.pdb#LINK00599"",""SOURCE_RCSB_PDB_DIRECT:4ITB:covale2""]"
765,COVAPIE_CYS_SG_EVENT_V1:4J5P:A:CYS:269-:SG:C:BR1:C21,MULTI_SOURCE_PROVENANCE,4J5P,A,,CYS,269,SG,BR1,C,C21,3,3,"[""SOURCE_COVBINDERINPDB"",""SOURCE_COVPDB"",""SOURCE_RCSB_PDB_DIRECT""]","[""SOURCE_COVBINDERINPDB:CBR000946"",""SOURCE_COVPDB:CovPDB_complexes/4j5p/4j5p.pdb#LINK00775"",""SOURCE_RCSB_PDB_DIRECT:4J5P:covale2""]"
766,COVAPIE_CYS_SG_EVENT_V1:4J5P:B:CYS:269-:SG:F:BR1:C21,MULTI_SOURCE_PROVENANCE,4J5P,B,,CYS,269,SG,BR1,F,C21,3,3,"[""SOURCE_COVBINDERINPDB"",""SOURCE_COVPDB"",""SOURCE_RCSB_PDB_DIRECT""]","[""SOURCE_COVBINDERINPDB:CBR000947"",""SOURCE_COVPDB:CovPDB_complexes/4j5p/4j5p.pdb#LINK00776"",""SOURCE_RCSB_PDB_DIRECT:4J5P:covale4""]"
767,COVAPIE_CYS_SG_EVENT_V1:4JAO:B:CYS:138-:SG:F:JAO:CAE,MULTI_SOURCE_PROVENANCE,4JAO,B,,CYS,138,SG,JAO,F,CAE,2,2,"[""SOURCE_COVPDB"",""SOURCE_RCSB_PDB_DIRECT""]","[""SOURCE_COVPDB:CovPDB_complexes/4jao/4jao.pdb#LINK00681"",""SOURCE_RCSB_PDB_DIRECT:4JAO:covale1""]"
768,COVAPIE_CYS_SG_EVENT_V1:4JAO:C:CYS:138-:SG:G:JAO:CAE,MULTI_SOURCE_PROVENANCE,4JAO,C,,CYS,138,SG,JAO,G,CAE,2,2,"[""SOURCE_COVPDB"",""SOURCE_RCSB_PDB_DIRECT""]","[""SOURCE_COVPDB:CovPDB_complexes/4jao/4jao.pdb#LINK00682"",""SOURCE_RCSB_PDB_DIRECT:4JAO:covale2""]"
769,COVAPIE_CYS_SG_EVENT_V1:4JAQ:A:CYS:138-:SG:E:14V:CAE,MULTI_SOURCE_PROVENANCE,4JAQ,A,,CYS,138,SG,14V,E,CAE,2,2,"[""SOURCE_COVPDB"",""SOURCE_RCSB_PDB_DIRECT""]","[""SOURCE_COVPDB:CovPDB_complexes/4jaq/4jaq.pdb#LINK00611"",""SOURCE_RCSB_PDB_DIRECT:4JAQ:covale1""]"
770,COVAPIE_CYS_SG_EVENT_V1:4JAQ:C:CYS:138-:SG:H:PLM:C1,MULTI_SOURCE_PROVENANCE,4JAQ,C,,CYS,138,SG,PLM,H,C1,2,2,"[""SOURCE_COVPDB"",""SOURCE_RCSB_PDB_DIRECT""]","[""SOURCE_COVPDB:CovPDB_complexes/4jaq/4jaq.pdb#LINK00612"",""SOURCE_RCSB_PDB_DIRECT:4JAQ:covale3""]"
771,COVAPIE_CYS_SG_EVENT_V1:4JG6:A:CYS:436-:SG:B:1LB:C07,MULTI_SOURCE_PROVENANCE,4JG6,A,,CYS,436,SG,1LB,B,C07,2,2,"[""SOURCE_COVBINDERINPDB"",""SOURCE_RCSB_PDB_DIRECT""]","[""SOURCE_COVBINDERINPDB:CBR004074"",""SOURCE_RCSB_PDB_DIRECT:4JG6:covale1""]"
772,COVAPIE_CYS_SG_EVENT_V1:4JG7:A:CYS:436-:SG:B:1LC:C06,MULTI_SOURCE_PROVENANCE,4JG7,A,,CYS,436,SG,1LC,B,C06,2,2,"[""SOURCE_COVBINDERINPDB"",""SOURCE_RCSB_PDB_DIRECT""]","[""SOURCE_COVBINDERINPDB:CBR004076"",""SOURCE_RCSB_PDB_DIRECT:4JG7:covale1""]"
773,COVAPIE_CYS_SG_EVENT_V1:4JG8:A:CYS:436-:SG:B:1LE:C12,MULTI_SOURCE_PROVENANCE,4JG8,A,,CYS,436,SG,1LE,B,C12,2,2,"[""SOURCE_COVBINDERINPDB"",""SOURCE_RCSB_PDB_DIRECT""]","[""SOURCE_COVBINDERINPDB:CBR004075"",""SOURCE_RCSB_PDB_DIRECT:4JG8:covale1""]"
774,COVAPIE_CYS_SG_EVENT_V1:4JMX:A:CYS:226-:SG:B:IM2:C7,MULTI_SOURCE_PROVENANCE,4JMX,A,,CYS,226,SG,IM2,B,C7,2,2,"[""SOURCE_COVBINDERINPDB"",""SOURCE_RCSB_PDB_DIRECT""]","[""SOURCE_COVBINDERINPDB:CBR001604"",""SOURCE_RCSB_PDB_DIRECT:4JMX:covale1""]"
775,COVAPIE_CYS_SG_EVENT_V1:4JWS:C:CYS:73-:SG:G:1N0:C16,MULTI_SOURCE_PROVENANCE,4JWS,C,,CYS,73,SG,1N0,G,C16,2,2,"[""SOURCE_COVBINDERINPDB"",""SOURCE_RCSB_PDB_DIRECT""]","[""SOURCE_COVBINDERINPDB:CBR004486"",""SOURCE_RCSB_PDB_DIRECT:4JWS:covale2""]"
776,COVAPIE_CYS_SG_EVENT_V1:4JWS:D:CYS:73-:SG:J:1N0:C16,MULTI_SOURCE_PROVENANCE,4JWS,D,,CYS,73,SG,1N0,J,C16,2,2,"[""SOURCE_COVBINDERINPDB"",""SOURCE_RCSB_PDB_DIRECT""]","[""SOURCE_COVBINDERINPDB:CBR004487"",""SOURCE_RCSB_PDB_DIRECT:4JWS:covale4""]"
777,COVAPIE_CYS_SG_EVENT_V1:4JWU:A:CYS:344-:SG:G:1N0:C2,MULTI_SOURCE_PROVENANCE,4JWU,A,,CYS,344,SG,1N0,G,C2,2,2,"[""SOURCE_COVBINDERINPDB"",""SOURCE_RCSB_PDB_DIRECT""]","[""SOURCE_COVBINDERINPDB:CBR004495"",""SOURCE_RCSB_PDB_DIRECT:4JWU:covale1""]"
778,COVAPIE_CYS_SG_EVENT_V1:4JWU:C:CYS:19-:SG:G:1N0:C16,MULTI_SOURCE_PROVENANCE,4JWU,C,,CYS,19,SG,1N0,G,C16,2,2,"[""SOURCE_COVBINDERINPDB"",""SOURCE_RCSB_PDB_DIRECT""]","[""SOURCE_COVBINDERINPDB:CBR004496"",""SOURCE_RCSB_PDB_DIRECT:4JWU:covale2""]"
779,COVAPIE_CYS_SG_EVENT_V1:4JX1:E:CYS:344-:SG:U:1N0:C2,MULTI_SOURCE_PROVENANCE,4JX1,E,,CYS,344,SG,1N0,U,C2,2,2,"[""SOURCE_COVBINDERINPDB"",""SOURCE_RCSB_PDB_DIRECT""]","[""SOURCE_COVBINDERINPDB:CBR001996"",""SOURCE_RCSB_PDB_DIRECT:4JX1:covale1""]"
780,COVAPIE_CYS_SG_EVENT_V1:4JX1:G:CYS:19-:SG:U:1N0:C16,MULTI_SOURCE_PROVENANCE,4JX1,G,,CYS,19,SG,1N0,U,C16,2,2,"[""SOURCE_COVBINDERINPDB"",""SOURCE_RCSB_PDB_DIRECT""]","[""SOURCE_COVBINDERINPDB:CBR001997"",""SOURCE_RCSB_PDB_DIRECT:4JX1:covale2""]"
781,COVAPIE_CYS_SG_EVENT_V1:4L1O:A:CYS:243-:SG:C:1VL:C7,MULTI_SOURCE_PROVENANCE,4L1O,A,,CYS,243,SG,1VL,C,C7,2,2,"[""SOURCE_COVPDB"",""SOURCE_RCSB_PDB_DIRECT""]","[""SOURCE_COVPDB:CovPDB_complexes/4l1o/4l1o.pdb#LINK00649"",""SOURCE_RCSB_PDB_DIRECT:4L1O:covale1""]"
782,COVAPIE_CYS_SG_EVENT_V1:4L1O:B:CYS:243-:SG:G:1VL:C7,MULTI_SOURCE_PROVENANCE,4L1O,B,,CYS,243,SG,1VL,G,C7,2,2,"[""SOURCE_COVPDB"",""SOURCE_RCSB_PDB_DIRECT""]","[""SOURCE_COVPDB:CovPDB_complexes/4l1o/4l1o.pdb#LINK00650"",""SOURCE_RCSB_PDB_DIRECT:4L1O:covale2""]"
783,COVAPIE_CYS_SG_EVENT_V1:4LL0:A:CYS:797-:SG:C:YUN:CAN,MULTI_SOURCE_PROVENANCE,4LL0,A,,CYS,797,SG,YUN,C,CAN,2,2,"[""SOURCE_COVBINDERINPDB"",""SOURCE_RCSB_PDB_DIRECT""]","[""SOURCE_COVBINDERINPDB:CBR002129"",""SOURCE_RCSB_PDB_DIRECT:4LL0:covale1""]"
784,COVAPIE_CYS_SG_EVENT_V1:4LL0:B:CYS:797-:SG:D:YUN:CAN,MULTI_SOURCE_PROVENANCE,4LL0,B,,CYS,797,SG,YUN,D,CAN,2,2,"[""SOURCE_COVBINDERINPDB"",""SOURCE_RCSB_PDB_DIRECT""]","[""SOURCE_COVBINDERINPDB:CBR002128"",""SOURCE_RCSB_PDB_DIRECT:4LL0:covale2""]"
785,COVAPIE_CYS_SG_EVENT_V1:4LQM:A:CYS:797-:SG:B:DJK:C51,MULTI_SOURCE_PROVENANCE,4LQM,A,,CYS,797,SG,DJK,B,C51,3,3,"[""SOURCE_COVBINDERINPDB"",""SOURCE_COVPDB"",""SOURCE_RCSB_PDB_DIRECT""]","[""SOURCE_COVBINDERINPDB:CBR005166"",""SOURCE_COVPDB:CovPDB_complexes/4lqm/4lqm.pdb#LINK00512"",""SOURCE_RCSB_PDB_DIRECT:4LQM:covale1""]"
786,COVAPIE_CYS_SG_EVENT_V1:4LRM:A:CYS:800-:SG:F:YUN:CAN,MULTI_SOURCE_PROVENANCE,4LRM,A,,CYS,800,SG,YUN,F,CAN,2,2,"[""SOURCE_COVBINDERINPDB"",""SOURCE_RCSB_PDB_DIRECT""]","[""SOURCE_COVBINDERINPDB:CBR002452"",""SOURCE_RCSB_PDB_DIRECT:4LRM:covale1""]"
787,COVAPIE_CYS_SG_EVENT_V1:4LRM:B:CYS:800-:SG:G:YUN:CAN,MULTI_SOURCE_PROVENANCE,4LRM,B,,CYS,800,SG,YUN,G,CAN,2,2,"[""SOURCE_COVBINDERINPDB"",""SOURCE_RCSB_PDB_DIRECT""]","[""SOURCE_COVBINDERINPDB:CBR002454"",""SOURCE_RCSB_PDB_DIRECT:4LRM:covale2""]"
788,COVAPIE_CYS_SG_EVENT_V1:4LRM:C:CYS:800-:SG:H:YUN:CAN,MULTI_SOURCE_PROVENANCE,4LRM,C,,CYS,800,SG,YUN,H,CAN,2,2,"[""SOURCE_COVBINDERINPDB"",""SOURCE_RCSB_PDB_DIRECT""]","[""SOURCE_COVBINDERINPDB:CBR002455"",""SOURCE_RCSB_PDB_DIRECT:4LRM:covale3""]"
789,COVAPIE_CYS_SG_EVENT_V1:4LRM:D:CYS:800-:SG:I:YUN:CAN,MULTI_SOURCE_PROVENANCE,4LRM,D,,CYS,800,SG,YUN,I,CAN,2,2,"[""SOURCE_COVBINDERINPDB"",""SOURCE_RCSB_PDB_DIRECT""]","[""SOURCE_COVBINDERINPDB:CBR002451"",""SOURCE_RCSB_PDB_DIRECT:4LRM:covale4""]"
790,COVAPIE_CYS_SG_EVENT_V1:4LRM:E:CYS:800-:SG:J:YUN:CAN,MULTI_SOURCE_PROVENANCE,4LRM,E,,CYS,800,SG,YUN,J,CAN,2,2,"[""SOURCE_COVBINDERINPDB"",""SOURCE_RCSB_PDB_DIRECT""]","[""SOURCE_COVBINDERINPDB:CBR002453"",""SOURCE_RCSB_PDB_DIRECT:4LRM:covale5""]"
791,COVAPIE_CYS_SG_EVENT_V1:4LS8:A:CYS:164-:SG:C:1XG:C3,MULTI_SOURCE_PROVENANCE,4LS8,A,,CYS,164,SG,1XG,C,C3,3,3,"[""SOURCE_COVBINDERINPDB"",""SOURCE_COVPDB"",""SOURCE_RCSB_PDB_DIRECT""]","[""SOURCE_COVBINDERINPDB:CBR000272"",""SOURCE_COVPDB:CovPDB_complexes/4ls8/4ls8.pdb#LINK00632"",""SOURCE_RCSB_PDB_DIRECT:4LS8:covale1""]"
792,COVAPIE_CYS_SG_EVENT_V1:4LS8:B:CYS:164-:SG:J:1XG:C3,MULTI_SOURCE_PROVENANCE,4LS8,B,,CYS,164,SG,1XG,J,C3,3,3,"[""SOURCE_COVBINDERINPDB"",""SOURCE_COVPDB"",""SOURCE_RCSB_PDB_DIRECT""]","[""SOURCE_COVBINDERINPDB:CBR000271"",""SOURCE_COVPDB:CovPDB_complexes/4ls8/4ls8.pdb#LINK00631"",""SOURCE_RCSB_PDB_DIRECT:4LS8:covale2""]"
793,COVAPIE_CYS_SG_EVENT_V1:4LUC:A:CYS:12-:SG:E:20G:S19,MULTI_SOURCE_PROVENANCE,4LUC,A,,CYS,12,SG,20G,E,S19,2,2,"[""SOURCE_COVPDB"",""SOURCE_RCSB_PDB_DIRECT""]","[""SOURCE_COVPDB:CovPDB_complexes/4luc/4luc.pdb#LINK00811"",""SOURCE_RCSB_PDB_DIRECT:4LUC:covale1""]"
794,COVAPIE_CYS_SG_EVENT_V1:4LUC:B:CYS:12-:SG:I:20G:S19,MULTI_SOURCE_PROVENANCE,4LUC,B,,CYS,12,SG,20G,I,S19,2,2,"[""SOURCE_COVPDB"",""SOURCE_RCSB_PDB_DIRECT""]","[""SOURCE_COVPDB:CovPDB_complexes/4luc/4luc.pdb#LINK00812"",""SOURCE_RCSB_PDB_DIRECT:4LUC:covale2""]"
795,COVAPIE_CYS_SG_EVENT_V1:4LV6:A:CYS:12-:SG:E:20H:S17,MULTI_SOURCE_PROVENANCE,4LV6,A,,CYS,12,SG,20H,E,S17,3,3,"[""SOURCE_COVBINDERINPDB"",""SOURCE_COVPDB"",""SOURCE_RCSB_PDB_DIRECT""]","[""SOURCE_COVBINDERINPDB:CBR005062"",""SOURCE_COVPDB:CovPDB_complexes/4lv6/4lv6.pdb#LINK00815"",""SOURCE_RCSB_PDB_DIRECT:4LV6:covale1""]"
796,COVAPIE_CYS_SG_EVENT_V1:4LV6:B:CYS:12-:SG:I:20H:S17,MULTI_SOURCE_PROVENANCE,4LV6,B,,CYS,12,SG,20H,I,S17,3,3,"[""SOURCE_COVBINDERINPDB"",""SOURCE_COVPDB"",""SOURCE_RCSB_PDB_DIRECT""]","[""SOURCE_COVBINDERINPDB:CBR005063"",""SOURCE_COVPDB:CovPDB_complexes/4lv6/4lv6.pdb#LINK00816"",""SOURCE_RCSB_PDB_DIRECT:4LV6:covale2""]"
797,COVAPIE_CYS_SG_EVENT_V1:4LYF:B:CYS:12-:SG:E:21C:C18,MULTI_SOURCE_PROVENANCE,4LYF,B,,CYS,12,SG,21C,E,C18,2,2,"[""SOURCE_COVPDB"",""SOURCE_RCSB_PDB_DIRECT""]","[""SOURCE_COVPDB:CovPDB_complexes/4lyf/4lyf.pdb#LINK00828"",""SOURCE_RCSB_PDB_DIRECT:4LYF:covale1""]"
798,COVAPIE_CYS_SG_EVENT_V1:4LYH:B:CYS:12-:SG:F:21F:C17,MULTI_SOURCE_PROVENANCE,4LYH,B,,CYS,12,SG,21F,F,C17,2,2,"[""SOURCE_COVPDB"",""SOURCE_RCSB_PDB_DIRECT""]","[""SOURCE_COVPDB:CovPDB_complexes/4lyh/4lyh.pdb#LINK00919"",""SOURCE_RCSB_PDB_DIRECT:4LYH:covale1""]"
799,COVAPIE_CYS_SG_EVENT_V1:4LYH:C:CYS:12-:SG:I:21F:C17,MULTI_SOURCE_PROVENANCE,4LYH,C,,CYS,12,SG,21F,I,C17,2,2,"[""SOURCE_COVPDB"",""SOURCE_RCSB_PDB_DIRECT""]","[""SOURCE_COVPDB:CovPDB_complexes/4lyh/4lyh.pdb#LINK00920"",""SOURCE_RCSB_PDB_DIRECT:4LYH:covale2""]"
800,COVAPIE_CYS_SG_EVENT_V1:4LYJ:A:CYS:12-:SG:C:21F:C17,MULTI_SOURCE_PROVENANCE,4LYJ,A,,CYS,12,SG,21F,C,C17,2,2,"[""SOURCE_COVPDB"",""SOURCE_RCSB_PDB_DIRECT""]","[""SOURCE_COVPDB:CovPDB_complexes/4lyj/4lyj.pdb#LINK00496"",""SOURCE_RCSB_PDB_DIRECT:4LYJ:covale1""]"
801,COVAPIE_CYS_SG_EVENT_V1:4M1O:B:CYS:12-:SG:E:21J:C28,MULTI_SOURCE_PROVENANCE,4M1O,B,,CYS,12,SG,21J,E,C28,3,3,"[""SOURCE_COVBINDERINPDB"",""SOURCE_COVPDB"",""SOURCE_RCSB_PDB_DIRECT""]","[""SOURCE_COVBINDERINPDB:CBR003059"",""SOURCE_COVPDB:CovPDB_complexes/4m1o/4m1o.pdb#LINK00796"",""SOURCE_RCSB_PDB_DIRECT:4M1O:covale1""]"
802,COVAPIE_CYS_SG_EVENT_V1:4M1S:B:CYS:12-:SG:E:21K:C23,MULTI_SOURCE_PROVENANCE,4M1S,B,,CYS,12,SG,21K,E,C23,3,3,"[""SOURCE_COVBINDERINPDB"",""SOURCE_COVPDB"",""SOURCE_RCSB_PDB_DIRECT""]","[""SOURCE_COVBINDERINPDB:CBR003061"",""SOURCE_COVPDB:CovPDB_complexes/4m1s/4m1s.pdb#LINK00851"",""SOURCE_RCSB_PDB_DIRECT:4M1S:covale1""]"
803,COVAPIE_CYS_SG_EVENT_V1:4M1T:B:CYS:12-:SG:E:21M:C16,MULTI_SOURCE_PROVENANCE,4M1T,B,,CYS,12,SG,21M,E,C16,3,3,"[""SOURCE_COVBINDERINPDB"",""SOURCE_COVPDB"",""SOURCE_RCSB_PDB_DIRECT""]","[""SOURCE_COVBINDERINPDB:CBR003058"",""SOURCE_COVPDB:CovPDB_complexes/4m1t/4m1t.pdb#LINK00919"",""SOURCE_RCSB_PDB_DIRECT:4M1T:covale1""]"
804,COVAPIE_CYS_SG_EVENT_V1:4M1W:A:CYS:12-:SG:E:21R:C25,MULTI_SOURCE_PROVENANCE,4M1W,A,,CYS,12,SG,21R,E,C25,2,2,"[""SOURCE_COVBINDERINPDB"",""SOURCE_RCSB_PDB_DIRECT""]","[""SOURCE_COVBINDERINPDB:CBR003062"",""SOURCE_RCSB_PDB_DIRECT:4M1W:covale1""]"
805,COVAPIE_CYS_SG_EVENT_V1:4M1W:B:CYS:12-:SG:G:21R:C25,MULTI_SOURCE_PROVENANCE,4M1W,B,,CYS,12,SG,21R,G,C25,2,2,"[""SOURCE_COVBINDERINPDB"",""SOURCE_RCSB_PDB_DIRECT""]","[""SOURCE_COVBINDERINPDB:CBR003063"",""SOURCE_RCSB_PDB_DIRECT:4M1W:covale2""]"
806,COVAPIE_CYS_SG_EVENT_V1:4M1W:C:CYS:12-:SG:I:21R:C25,MULTI_SOURCE_PROVENANCE,4M1W,C,,CYS,12,SG,21R,I,C25,2,2,"[""SOURCE_COVBINDERINPDB"",""SOURCE_RCSB_PDB_DIRECT""]","[""SOURCE_COVBINDERINPDB:CBR003064"",""SOURCE_RCSB_PDB_DIRECT:4M1W:covale3""]"
807,COVAPIE_CYS_SG_EVENT_V1:4M1Y:B:CYS:12-:SG:E:21S:C14,MULTI_SOURCE_PROVENANCE,4M1Y,B,,CYS,12,SG,21S,E,C14,3,3,"[""SOURCE_COVBINDERINPDB"",""SOURCE_COVPDB"",""SOURCE_RCSB_PDB_DIRECT""]","[""SOURCE_COVBINDERINPDB:CBR003057"",""SOURCE_COVPDB:CovPDB_complexes/4m1y/4m1y.pdb#LINK00894"",""SOURCE_RCSB_PDB_DIRECT:4M1Y:covale1""]"
808,COVAPIE_CYS_SG_EVENT_V1:4M21:B:CYS:12-:SG:E:21Y:C21,MULTI_SOURCE_PROVENANCE,4M21,B,,CYS,12,SG,21Y,E,C21,3,3,"[""SOURCE_COVBINDERINPDB"",""SOURCE_COVPDB"",""SOURCE_RCSB_PDB_DIRECT""]","[""SOURCE_COVBINDERINPDB:CBR000812"",""SOURCE_COVPDB:CovPDB_complexes/4m21/4m21.pdb#LINK00815"",""SOURCE_RCSB_PDB_DIRECT:4M21:covale1""]"
809,COVAPIE_CYS_SG_EVENT_V1:4M22:B:CYS:12-:SG:G:22C:C18,MULTI_SOURCE_PROVENANCE,4M22,B,,CYS,12,SG,22C,G,C18,2,2,"[""SOURCE_COVBINDERINPDB"",""SOURCE_RCSB_PDB_DIRECT""]","[""SOURCE_COVBINDERINPDB:CBR000816"",""SOURCE_RCSB_PDB_DIRECT:4M22:covale1""]"
810,COVAPIE_CYS_SG_EVENT_V1:4M22:C:CYS:12-:SG:J:22C:C18,MULTI_SOURCE_PROVENANCE,4M22,C,,CYS,12,SG,22C,J,C18,2,2,"[""SOURCE_COVBINDERINPDB"",""SOURCE_RCSB_PDB_DIRECT""]","[""SOURCE_COVBINDERINPDB:CBR000817"",""SOURCE_RCSB_PDB_DIRECT:4M22:covale2""]"
811,COVAPIE_CYS_SG_EVENT_V1:4MAO:A:CYS:436-:SG:B:28D:C09,MULTI_SOURCE_PROVENANCE,4MAO,A,,CYS,436,SG,28D,B,C09,2,2,"[""SOURCE_COVBINDERINPDB"",""SOURCE_RCSB_PDB_DIRECT""]","[""SOURCE_COVBINDERINPDB:CBR003705"",""SOURCE_RCSB_PDB_DIRECT:4MAO:covale1""]"
812,COVAPIE_CYS_SG_EVENT_V1:4MNV:B:CYS:2-:SG:G:ZBR:C7,MULTI_SOURCE_PROVENANCE,4MNV,B,,CYS,2,SG,ZBR,G,C7,2,2,"[""SOURCE_COVBINDERINPDB"",""SOURCE_RCSB_PDB_DIRECT""]","[""SOURCE_COVBINDERINPDB:CBR003740"",""SOURCE_RCSB_PDB_DIRECT:4MNV:covale2""]"
813,COVAPIE_CYS_SG_EVENT_V1:4MNV:B:CYS:7-:SG:G:ZBR:C9,MULTI_SOURCE_PROVENANCE,4MNV,B,,CYS,7,SG,ZBR,G,C9,2,2,"[""SOURCE_COVBINDERINPDB"",""SOURCE_RCSB_PDB_DIRECT""]","[""SOURCE_COVBINDERINPDB:CBR003738"",""SOURCE_RCSB_PDB_DIRECT:4MNV:covale3""]"
814,COVAPIE_CYS_SG_EVENT_V1:4MNV:C:CYS:12-:SG:G:ZBR:C8,MULTI_SOURCE_PROVENANCE,4MNV,C,,CYS,12,SG,ZBR,G,C8,2,2,"[""SOURCE_COVBINDERINPDB"",""SOURCE_RCSB_PDB_DIRECT""]","[""SOURCE_COVBINDERINPDB:CBR003739"",""SOURCE_RCSB_PDB_DIRECT:4MNV:covale4""]"
815,COVAPIE_CYS_SG_EVENT_V1:4MNW:B:CYS:12-:SG:K:ZBR:C7,MULTI_SOURCE_PROVENANCE,4MNW,B,,CYS,12,SG,ZBR,K,C7,2,2,"[""SOURCE_COVBINDERINPDB"",""SOURCE_RCSB_PDB_DIRECT""]","[""SOURCE_COVBINDERINPDB:CBR003753"",""SOURCE_RCSB_PDB_DIRECT:4MNW:covale3""]"
816,COVAPIE_CYS_SG_EVENT_V1:4MNW:B:CYS:2-:SG:K:ZBR:C8,MULTI_SOURCE_PROVENANCE,4MNW,B,,CYS,2,SG,ZBR,K,C8,2,2,"[""SOURCE_COVBINDERINPDB"",""SOURCE_RCSB_PDB_DIRECT""]","[""SOURCE_COVBINDERINPDB:CBR003754"",""SOURCE_RCSB_PDB_DIRECT:4MNW:covale1""]"
817,COVAPIE_CYS_SG_EVENT_V1:4MNW:B:CYS:7-:SG:K:ZBR:C9,MULTI_SOURCE_PROVENANCE,4MNW,B,,CYS,7,SG,ZBR,K,C9,2,2,"[""SOURCE_COVBINDERINPDB"",""SOURCE_RCSB_PDB_DIRECT""]","[""SOURCE_COVBINDERINPDB:CBR003755"",""SOURCE_RCSB_PDB_DIRECT:4MNW:covale2""]"
818,COVAPIE_CYS_SG_EVENT_V1:4MNX:B:CYS:12-:SG:F:29N:C16,MULTI_SOURCE_PROVENANCE,4MNX,B,,CYS,12,SG,29N,F,C16,2,2,"[""SOURCE_COVBINDERINPDB"",""SOURCE_RCSB_PDB_DIRECT""]","[""SOURCE_COVBINDERINPDB:CBR003750"",""SOURCE_RCSB_PDB_DIRECT:4MNX:covale3""]"
819,COVAPIE_CYS_SG_EVENT_V1:4MNX:B:CYS:2-:SG:F:29N:C19,MULTI_SOURCE_PROVENANCE,4MNX,B,,CYS,2,SG,29N,F,C19,2,2,"[""SOURCE_COVBINDERINPDB"",""SOURCE_RCSB_PDB_DIRECT""]","[""SOURCE_COVBINDERINPDB:CBR003752"",""SOURCE_RCSB_PDB_DIRECT:4MNX:covale1""]"
820,COVAPIE_CYS_SG_EVENT_V1:4MNX:B:CYS:7-:SG:F:29N:C25,MULTI_SOURCE_PROVENANCE,4MNX,B,,CYS,7,SG,29N,F,C25,2,2,"[""SOURCE_COVBINDERINPDB"",""SOURCE_RCSB_PDB_DIRECT""]","[""SOURCE_COVBINDERINPDB:CBR003751"",""SOURCE_RCSB_PDB_DIRECT:4MNX:covale2""]"
821,COVAPIE_CYS_SG_EVENT_V1:4MNY:C:CYS:12-:SG:Q:29O:C12,MULTI_SOURCE_PROVENANCE,4MNY,C,,CYS,12,SG,29O,Q,C12,2,2,"[""SOURCE_COVBINDERINPDB"",""SOURCE_RCSB_PDB_DIRECT""]","[""SOURCE_COVBINDERINPDB:CBR003746"",""SOURCE_RCSB_PDB_DIRECT:4MNY:covale3""]"
822,COVAPIE_CYS_SG_EVENT_V1:4MNY:C:CYS:2-:SG:Q:29O:C9,MULTI_SOURCE_PROVENANCE,4MNY,C,,CYS,2,SG,29O,Q,C9,2,2,"[""SOURCE_COVBINDERINPDB"",""SOURCE_RCSB_PDB_DIRECT""]","[""SOURCE_COVBINDERINPDB:CBR003749"",""SOURCE_RCSB_PDB_DIRECT:4MNY:covale1""]"
823,COVAPIE_CYS_SG_EVENT_V1:4MNY:C:CYS:7-:SG:Q:29O:C10,MULTI_SOURCE_PROVENANCE,4MNY,C,,CYS,7,SG,29O,Q,C10,2,2,"[""SOURCE_COVBINDERINPDB"",""SOURCE_RCSB_PDB_DIRECT""]","[""SOURCE_COVBINDERINPDB:CBR003745"",""SOURCE_RCSB_PDB_DIRECT:4MNY:covale2""]"
824,COVAPIE_CYS_SG_EVENT_V1:4MNY:D:CYS:12-:SG:R:29O:C12,MULTI_SOURCE_PROVENANCE,4MNY,D,,CYS,12,SG,29O,R,C12,2,2,"[""SOURCE_COVBINDERINPDB"",""SOURCE_RCSB_PDB_DIRECT""]","[""SOURCE_COVBINDERINPDB:CBR003747"",""SOURCE_RCSB_PDB_DIRECT:4MNY:covale7""]"
825,COVAPIE_CYS_SG_EVENT_V1:4MNY:D:CYS:2-:SG:R:29O:C9,MULTI_SOURCE_PROVENANCE,4MNY,D,,CYS,2,SG,29O,R,C9,2,2,"[""SOURCE_COVBINDERINPDB"",""SOURCE_RCSB_PDB_DIRECT""]","[""SOURCE_COVBINDERINPDB:CBR003748"",""SOURCE_RCSB_PDB_DIRECT:4MNY:covale5""]"
826,COVAPIE_CYS_SG_EVENT_V1:4MNY:D:CYS:7-:SG:R:29O:C10,MULTI_SOURCE_PROVENANCE,4MNY,D,,CYS,7,SG,29O,R,C10,2,2,"[""SOURCE_COVBINDERINPDB"",""SOURCE_RCSB_PDB_DIRECT""]","[""SOURCE_COVBINDERINPDB:CBR003744"",""SOURCE_RCSB_PDB_DIRECT:4MNY:covale6""]"
827,COVAPIE_CYS_SG_EVENT_V1:4MT4:A:CYS:1-:SG:K:3PK:CG3,MULTI_SOURCE_PROVENANCE,4MT4,A,,CYS,1,SG,3PK,K,CG3,2,2,"[""SOURCE_COVPDB"",""SOURCE_RCSB_PDB_DIRECT""]","[""SOURCE_COVPDB:CovPDB_complexes/4mt4/4mt4.pdb#LINK00646"",""SOURCE_RCSB_PDB_DIRECT:4MT4:covale1""]"
828,COVAPIE_CYS_SG_EVENT_V1:4MT4:B:CYS:1-:SG:S:3PK:CG3,MULTI_SOURCE_PROVENANCE,4MT4,B,,CYS,1,SG,3PK,S,CG3,2,2,"[""SOURCE_COVPDB"",""SOURCE_RCSB_PDB_DIRECT""]","[""SOURCE_COVPDB:CovPDB_complexes/4mt4/4mt4.pdb#LINK00644"",""SOURCE_RCSB_PDB_DIRECT:4MT4:covale2""]"
829,COVAPIE_CYS_SG_EVENT_V1:4MT4:C:CYS:1-:SG:Z:3PK:CG3,MULTI_SOURCE_PROVENANCE,4MT4,C,,CYS,1,SG,3PK,Z,CG3,2,2,"[""SOURCE_COVPDB"",""SOURCE_RCSB_PDB_DIRECT""]","[""SOURCE_COVPDB:CovPDB_complexes/4mt4/4mt4.pdb#LINK00645"",""SOURCE_RCSB_PDB_DIRECT:4MT4:covale3""]"
830,COVAPIE_CYS_SG_EVENT_V1:4MZ4:A:CYS:366-:SG:C:2F3:C9,MULTI_SOURCE_PROVENANCE,4MZ4,A,,CYS,366,SG,2F3,C,C9,3,4,"[""SOURCE_COVBINDERINPDB"",""SOURCE_COVPDB"",""SOURCE_RCSB_PDB_DIRECT""]","[""SOURCE_COVBINDERINPDB:CBR001613"",""SOURCE_COVPDB:CovPDB_complexes/4mz4/4mz4.pdb#LINK00607"",""SOURCE_COVPDB:CovPDB_complexes/4mz4/4mz4.pdb#LINK00608"",""SOURCE_RCSB_PDB_DIRECT:4MZ4:covale2""]"
831,COVAPIE_CYS_SG_EVENT_V1:4MZ4:B:CYS:366-:SG:G:2F3:C9,MULTI_SOURCE_PROVENANCE,4MZ4,B,,CYS,366,SG,2F3,G,C9,3,4,"[""SOURCE_COVBINDERINPDB"",""SOURCE_COVPDB"",""SOURCE_RCSB_PDB_DIRECT""]","[""SOURCE_COVBINDERINPDB:CBR001615"",""SOURCE_COVPDB:CovPDB_complexes/4mz4/4mz4.pdb#LINK00609"",""SOURCE_COVPDB:CovPDB_complexes/4mz4/4mz4.pdb#LINK00610"",""SOURCE_RCSB_PDB_DIRECT:4MZ4:covale4""]"
832,COVAPIE_CYS_SG_EVENT_V1:4MZO:A:CYS:147-:SG:I:2EW:C14,MULTI_SOURCE_PROVENANCE,4MZO,A,,CYS,147,SG,2EW,I,C14,3,3,"[""SOURCE_COVBINDERINPDB"",""SOURCE_COVPDB"",""SOURCE_RCSB_PDB_DIRECT""]","[""SOURCE_COVBINDERINPDB:CBR001624"",""SOURCE_COVPDB:CovPDB_complexes/4mzo/4mzo.pdb#LINK01009"",""SOURCE_RCSB_PDB_DIRECT:4MZO:covale1""]"
833,COVAPIE_CYS_SG_EVENT_V1:4MZO:B:CYS:147-:SG:J:2EW:C14,MULTI_SOURCE_PROVENANCE,4MZO,B,,CYS,147,SG,2EW,J,C14,3,3,"[""SOURCE_COVBINDERINPDB"",""SOURCE_COVPDB"",""SOURCE_RCSB_PDB_DIRECT""]","[""SOURCE_COVBINDERINPDB:CBR001620"",""SOURCE_COVPDB:CovPDB_complexes/4mzo/4mzo.pdb#LINK01005"",""SOURCE_RCSB_PDB_DIRECT:4MZO:covale2""]"
834,COVAPIE_CYS_SG_EVENT_V1:4MZO:C:CYS:147-:SG:K:2EW:C14,MULTI_SOURCE_PROVENANCE,4MZO,C,,CYS,147,SG,2EW,K,C14,3,3,"[""SOURCE_COVBINDERINPDB"",""SOURCE_COVPDB"",""SOURCE_RCSB_PDB_DIRECT""]","[""SOURCE_COVBINDERINPDB:CBR001618"",""SOURCE_COVPDB:CovPDB_complexes/4mzo/4mzo.pdb#LINK01003"",""SOURCE_RCSB_PDB_DIRECT:4MZO:covale3""]"
835,COVAPIE_CYS_SG_EVENT_V1:4MZO:D:CYS:147-:SG:L:2EW:C14,MULTI_SOURCE_PROVENANCE,4MZO,D,,CYS,147,SG,2EW,L,C14,3,3,"[""SOURCE_COVBINDERINPDB"",""SOURCE_COVPDB"",""SOURCE_RCSB_PDB_DIRECT""]","[""SOURCE_COVBINDERINPDB:CBR001621"",""SOURCE_COVPDB:CovPDB_complexes/4mzo/4mzo.pdb#LINK01006"",""SOURCE_RCSB_PDB_DIRECT:4MZO:covale4""]"
836,COVAPIE_CYS_SG_EVENT_V1:4MZO:E:CYS:147-:SG:M:2EW:C14,MULTI_SOURCE_PROVENANCE,4MZO,E,,CYS,147,SG,2EW,M,C14,3,3,"[""SOURCE_COVBINDERINPDB"",""SOURCE_COVPDB"",""SOURCE_RCSB_PDB_DIRECT""]","[""SOURCE_COVBINDERINPDB:CBR001622"",""SOURCE_COVPDB:CovPDB_complexes/4mzo/4mzo.pdb#LINK01007"",""SOURCE_RCSB_PDB_DIRECT:4MZO:covale5""]"
837,COVAPIE_CYS_SG_EVENT_V1:4MZO:F:CYS:147-:SG:N:2EW:C14,MULTI_SOURCE_PROVENANCE,4MZO,F,,CYS,147,SG,2EW,N,C14,3,3,"[""SOURCE_COVBINDERINPDB"",""SOURCE_COVPDB"",""SOURCE_RCSB_PDB_DIRECT""]","[""SOURCE_COVBINDERINPDB:CBR001619"",""SOURCE_COVPDB:CovPDB_complexes/4mzo/4mzo.pdb#LINK01004"",""SOURCE_RCSB_PDB_DIRECT:4MZO:covale6""]"
838,COVAPIE_CYS_SG_EVENT_V1:4MZO:G:CYS:147-:SG:O:2EW:C14,MULTI_SOURCE_PROVENANCE,4MZO,G,,CYS,147,SG,2EW,O,C14,3,3,"[""SOURCE_COVBINDERINPDB"",""SOURCE_COVPDB"",""SOURCE_RCSB_PDB_DIRECT""]","[""SOURCE_COVBINDERINPDB:CBR001617"",""SOURCE_COVPDB:CovPDB_complexes/4mzo/4mzo.pdb#LINK01002"",""SOURCE_RCSB_PDB_DIRECT:4MZO:covale7""]"
839,COVAPIE_CYS_SG_EVENT_V1:4MZO:H:CYS:147-:SG:P:2EW:C14,MULTI_SOURCE_PROVENANCE,4MZO,H,,CYS,147,SG,2EW,P,C14,3,3,"[""SOURCE_COVBINDERINPDB"",""SOURCE_COVPDB"",""SOURCE_RCSB_PDB_DIRECT""]","[""SOURCE_COVBINDERINPDB:CBR001623"",""SOURCE_COVPDB:CovPDB_complexes/4mzo/4mzo.pdb#LINK01008"",""SOURCE_RCSB_PDB_DIRECT:4MZO:covale8""]"
840,COVAPIE_CYS_SG_EVENT_V1:4MZS:A:CYS:147-:SG:C:2EV:C14,MULTI_SOURCE_PROVENANCE,4MZS,A,,CYS,147,SG,2EV,C,C14,3,3,"[""SOURCE_COVBINDERINPDB"",""SOURCE_COVPDB"",""SOURCE_RCSB_PDB_DIRECT""]","[""SOURCE_COVBINDERINPDB:CBR001634"",""SOURCE_COVPDB:CovPDB_complexes/4mzs/4mzs.pdb#LINK00403"",""SOURCE_RCSB_PDB_DIRECT:4MZS:covale1""]"
841,COVAPIE_CYS_SG_EVENT_V1:4MZS:B:CYS:147-:SG:D:2EV:C14,MULTI_SOURCE_PROVENANCE,4MZS,B,,CYS,147,SG,2EV,D,C14,3,3,"[""SOURCE_COVBINDERINPDB"",""SOURCE_COVPDB"",""SOURCE_RCSB_PDB_DIRECT""]","[""SOURCE_COVBINDERINPDB:CBR001633"",""SOURCE_COVPDB:CovPDB_complexes/4mzs/4mzs.pdb#LINK00402"",""SOURCE_RCSB_PDB_DIRECT:4MZS:covale2""]"
842,COVAPIE_CYS_SG_EVENT_V1:4NCR:A:CYS:387-:SG:C:26J:NBE,MULTI_SOURCE_PROVENANCE,4NCR,A,,CYS,387,SG,26J,C,NBE,2,2,"[""SOURCE_COVPDB"",""SOURCE_RCSB_PDB_DIRECT""]","[""SOURCE_COVPDB:CovPDB_complexes/4ncr/4ncr.pdb#LINK00755"",""SOURCE_RCSB_PDB_DIRECT:4NCR:covale1""]"
843,COVAPIE_CYS_SG_EVENT_V1:4NCR:B:CYS:387-:SG:H:26J:NBE,MULTI_SOURCE_PROVENANCE,4NCR,B,,CYS,387,SG,26J,H,NBE,2,2,"[""SOURCE_COVPDB"",""SOURCE_RCSB_PDB_DIRECT""]","[""SOURCE_COVPDB:CovPDB_complexes/4ncr/4ncr.pdb#LINK00756"",""SOURCE_RCSB_PDB_DIRECT:4NCR:covale2""]"
844,COVAPIE_CYS_SG_EVENT_V1:4NI0:B:CYS:93-:SG:M:2P3:S1,MULTI_SOURCE_PROVENANCE,4NI0,B,,CYS,93,SG,2P3,M,S1,2,2,"[""SOURCE_COVBINDERINPDB"",""SOURCE_RCSB_PDB_DIRECT""]","[""SOURCE_COVBINDERINPDB:CBR002836"",""SOURCE_RCSB_PDB_DIRECT:4NI0:covale1""]"
845,COVAPIE_CYS_SG_EVENT_V1:4NJ4:A:CYS:200-:SG:G:UN9:C7,MULTI_SOURCE_PROVENANCE,4NJ4,A,,CYS,200,SG,UN9,G,C7,3,3,"[""SOURCE_COVBINDERINPDB"",""SOURCE_COVPDB"",""SOURCE_RCSB_PDB_DIRECT""]","[""SOURCE_COVBINDERINPDB:CBR000604"",""SOURCE_COVPDB:CovPDB_complexes/4nj4/4nj4.pdb#LINK00651"",""SOURCE_RCSB_PDB_DIRECT:4NJ4:covale1""]"
846,COVAPIE_CYS_SG_EVENT_V1:4NJ4:B:CYS:200-:SG:L:UN9:C7,MULTI_SOURCE_PROVENANCE,4NJ4,B,,CYS,200,SG,UN9,L,C7,3,3,"[""SOURCE_COVBINDERINPDB"",""SOURCE_COVPDB"",""SOURCE_RCSB_PDB_DIRECT""]","[""SOURCE_COVBINDERINPDB:CBR000603"",""SOURCE_COVPDB:CovPDB_complexes/4nj4/4nj4.pdb#LINK00650"",""SOURCE_RCSB_PDB_DIRECT:4NJ4:covale2""]"
847,COVAPIE_CYS_SG_EVENT_V1:4NMM:A:CYS:12-:SG:C:Y9Z:C13,MULTI_SOURCE_PROVENANCE,4NMM,A,,CYS,12,SG,Y9Z,C,C13,2,2,"[""SOURCE_COVPDB"",""SOURCE_RCSB_PDB_DIRECT""]","[""SOURCE_COVPDB:CovPDB_complexes/4nmm/4nmm.pdb#LINK00394"",""SOURCE_RCSB_PDB_DIRECT:4NMM:covale1""]"
848,COVAPIE_CYS_SG_EVENT_V1:4NPI:A:CYS:302-:SG:G:2VS:CA6,MULTI_SOURCE_PROVENANCE,4NPI,A,,CYS,302,SG,2VS,G,CA6,2,2,"[""SOURCE_COVPDB"",""SOURCE_RCSB_PDB_DIRECT""]","[""SOURCE_COVPDB:CovPDB_complexes/4npi/4npi.pdb#LINK00873"",""SOURCE_RCSB_PDB_DIRECT:4NPI:covale1""]"
849,COVAPIE_CYS_SG_EVENT_V1:4NPI:B:CYS:302-:SG:J:2VS:CA6,MULTI_SOURCE_PROVENANCE,4NPI,B,,CYS,302,SG,2VS,J,CA6,2,2,"[""SOURCE_COVPDB"",""SOURCE_RCSB_PDB_DIRECT""]","[""SOURCE_COVPDB:CovPDB_complexes/4npi/4npi.pdb#LINK00870"",""SOURCE_RCSB_PDB_DIRECT:4NPI:covale2""]"
850,COVAPIE_CYS_SG_EVENT_V1:4NPI:C:CYS:302-:SG:M:2VS:CA6,MULTI_SOURCE_PROVENANCE,4NPI,C,,CYS,302,SG,2VS,M,CA6,2,2,"[""SOURCE_COVPDB"",""SOURCE_RCSB_PDB_DIRECT""]","[""SOURCE_COVPDB:CovPDB_complexes/4npi/4npi.pdb#LINK00872"",""SOURCE_RCSB_PDB_DIRECT:4NPI:covale3""]"
851,COVAPIE_CYS_SG_EVENT_V1:4NPI:D:CYS:302-:SG:P:2VS:CA6,MULTI_SOURCE_PROVENANCE,4NPI,D,,CYS,302,SG,2VS,P,CA6,2,2,"[""SOURCE_COVPDB"",""SOURCE_RCSB_PDB_DIRECT""]","[""SOURCE_COVPDB:CovPDB_complexes/4npi/4npi.pdb#LINK00871"",""SOURCE_RCSB_PDB_DIRECT:4NPI:covale4""]"
852,COVAPIE_CYS_SG_EVENT_V1:4OLC:B:CYS:242-:SG:G:DCD:S1,MULTI_SOURCE_PROVENANCE,4OLC,B,,CYS,242,SG,DCD,G,S1,2,2,"[""SOURCE_COVBINDERINPDB"",""SOURCE_RCSB_PDB_DIRECT""]","[""SOURCE_COVBINDERINPDB:CBR002114"",""SOURCE_RCSB_PDB_DIRECT:4OLC:covale1""]"
853,COVAPIE_CYS_SG_EVENT_V1:4ONM:B:CYS:87-:SG:D:N2F:C5,MULTI_SOURCE_PROVENANCE,4ONM,B,,CYS,87,SG,N2F,D,C5,3,3,"[""SOURCE_COVBINDERINPDB"",""SOURCE_COVPDB"",""SOURCE_RCSB_PDB_DIRECT""]","[""SOURCE_COVBINDERINPDB:CBR001943"",""SOURCE_COVPDB:CovPDB_complexes/4onm/4onm.pdb#LINK00405"",""SOURCE_RCSB_PDB_DIRECT:4ONM:covale1""]"
854,COVAPIE_CYS_SG_EVENT_V1:4ONN:B:CYS:87-:SG:E:BY1:C12,MULTI_SOURCE_PROVENANCE,4ONN,B,,CYS,87,SG,BY1,E,C12,3,3,"[""SOURCE_COVBINDERINPDB"",""SOURCE_COVPDB"",""SOURCE_RCSB_PDB_DIRECT""]","[""SOURCE_COVBINDERINPDB:CBR001941"",""SOURCE_COVPDB:CovPDB_complexes/4onn/4onn.pdb#LINK00659"",""SOURCE_RCSB_PDB_DIRECT:4ONN:covale1""]"
855,COVAPIE_CYS_SG_EVENT_V1:4OU2:A:CYS:302-:SG:G:6OA:C5,MULTI_SOURCE_PROVENANCE,4OU2,A,,CYS,302,SG,6OA,G,C5,2,2,"[""SOURCE_COVPDB"",""SOURCE_RCSB_PDB_DIRECT""]","[""SOURCE_COVPDB:CovPDB_complexes/4ou2/4ou2.pdb#LINK00795"",""SOURCE_RCSB_PDB_DIRECT:4OU2:covale1""]"
856,COVAPIE_CYS_SG_EVENT_V1:4OU2:B:CYS:302-:SG:J:6OA:C5,MULTI_SOURCE_PROVENANCE,4OU2,B,,CYS,302,SG,6OA,J,C5,2,2,"[""SOURCE_COVPDB"",""SOURCE_RCSB_PDB_DIRECT""]","[""SOURCE_COVPDB:CovPDB_complexes/4ou2/4ou2.pdb#LINK00793"",""SOURCE_RCSB_PDB_DIRECT:4OU2:covale2""]"
857,COVAPIE_CYS_SG_EVENT_V1:4OU2:C:CYS:302-:SG:M:6OA:C5,MULTI_SOURCE_PROVENANCE,4OU2,C,,CYS,302,SG,6OA,M,C5,2,2,"[""SOURCE_COVPDB"",""SOURCE_RCSB_PDB_DIRECT""]","[""SOURCE_COVPDB:CovPDB_complexes/4ou2/4ou2.pdb#LINK00792"",""SOURCE_RCSB_PDB_DIRECT:4OU2:covale3""]"
858,COVAPIE_CYS_SG_EVENT_V1:4OU2:D:CYS:302-:SG:P:6OA:C5,MULTI_SOURCE_PROVENANCE,4OU2,D,,CYS,302,SG,6OA,P,C5,2,2,"[""SOURCE_COVPDB"",""SOURCE_RCSB_PDB_DIRECT""]","[""SOURCE_COVPDB:CovPDB_complexes/4ou2/4ou2.pdb#LINK00794"",""SOURCE_RCSB_PDB_DIRECT:4OU2:covale4""]"
859,COVAPIE_CYS_SG_EVENT_V1:4OUB:A:CYS:302-:SG:G:2VS:CA6,MULTI_SOURCE_PROVENANCE,4OUB,A,,CYS,302,SG,2VS,G,CA6,2,2,"[""SOURCE_COVPDB"",""SOURCE_RCSB_PDB_DIRECT""]","[""SOURCE_COVPDB:CovPDB_complexes/4oub/4oub.pdb#LINK00816"",""SOURCE_RCSB_PDB_DIRECT:4OUB:covale1""]"
860,COVAPIE_CYS_SG_EVENT_V1:4OUB:B:CYS:302-:SG:J:2VS:CA6,MULTI_SOURCE_PROVENANCE,4OUB,B,,CYS,302,SG,2VS,J,CA6,2,2,"[""SOURCE_COVPDB"",""SOURCE_RCSB_PDB_DIRECT""]","[""SOURCE_COVPDB:CovPDB_complexes/4oub/4oub.pdb#LINK00813"",""SOURCE_RCSB_PDB_DIRECT:4OUB:covale2""]"
861,COVAPIE_CYS_SG_EVENT_V1:4OUB:C:CYS:302-:SG:M:2VS:CA6,MULTI_SOURCE_PROVENANCE,4OUB,C,,CYS,302,SG,2VS,M,CA6,2,2,"[""SOURCE_COVPDB"",""SOURCE_RCSB_PDB_DIRECT""]","[""SOURCE_COVPDB:CovPDB_complexes/4oub/4oub.pdb#LINK00815"",""SOURCE_RCSB_PDB_DIRECT:4OUB:covale3""]"
862,COVAPIE_CYS_SG_EVENT_V1:4OUB:D:CYS:302-:SG:P:2VS:CA6,MULTI_SOURCE_PROVENANCE,4OUB,D,,CYS,302,SG,2VS,P,CA6,2,2,"[""SOURCE_COVPDB"",""SOURCE_RCSB_PDB_DIRECT""]","[""SOURCE_COVPDB:CovPDB_complexes/4oub/4oub.pdb#LINK00814"",""SOURCE_RCSB_PDB_DIRECT:4OUB:covale4""]"
863,COVAPIE_CYS_SG_EVENT_V1:4PAD:A:CYS:25-:SG:B:TCK:CM,MULTI_SOURCE_PROVENANCE,4PAD,A,,CYS,25,SG,TCK,B,CM,2,2,"[""SOURCE_COVBINDERINPDB"",""SOURCE_RCSB_PDB_DIRECT""]","[""SOURCE_COVBINDERINPDB:CBR000971"",""SOURCE_RCSB_PDB_DIRECT:4PAD:covale1""]"
864,COVAPIE_CYS_SG_EVENT_V1:4PDZ:B:CYS:84-:SG:E:CTI:C12,MULTI_SOURCE_PROVENANCE,4PDZ,B,,CYS,84,SG,CTI,E,C12,2,2,"[""SOURCE_COVBINDERINPDB"",""SOURCE_RCSB_PDB_DIRECT""]","[""SOURCE_COVBINDERINPDB:CBR001149"",""SOURCE_RCSB_PDB_DIRECT:4PDZ:covale1""]"
865,COVAPIE_CYS_SG_EVENT_V1:4PE4:A:CYS:84-:SG:C:REV:C03,MULTI_SOURCE_PROVENANCE,4PE4,A,,CYS,84,SG,REV,C,C03,2,2,"[""SOURCE_COVPDB"",""SOURCE_RCSB_PDB_DIRECT""]","[""SOURCE_COVPDB:CovPDB_complexes/4pe4/4pe4.pdb#LINK00398"",""SOURCE_RCSB_PDB_DIRECT:4PE4:covale1""]"
866,COVAPIE_CYS_SG_EVENT_V1:4PE7:A:CYS:84-:SG:B:ODN:C14,MULTI_SOURCE_PROVENANCE,4PE7,A,,CYS,84,SG,ODN,B,C14,2,2,"[""SOURCE_COVPDB"",""SOURCE_RCSB_PDB_DIRECT""]","[""SOURCE_COVPDB:CovPDB_complexes/4pe7/4pe7.pdb#LINK00401"",""SOURCE_RCSB_PDB_DIRECT:4PE7:covale1""]"
867,COVAPIE_CYS_SG_EVENT_V1:4PHF:A:CYS:35-:SG:B:2UH:CAA,MULTI_SOURCE_PROVENANCE,4PHF,A,,CYS,35,SG,2UH,B,CAA,2,2,"[""SOURCE_COVBINDERINPDB"",""SOURCE_RCSB_PDB_DIRECT""]","[""SOURCE_COVBINDERINPDB:CBR003338"",""SOURCE_RCSB_PDB_DIRECT:4PHF:covale1""]"
868,COVAPIE_CYS_SG_EVENT_V1:4PHG:A:CYS:35-:SG:C:2UJ:CAA,MULTI_SOURCE_PROVENANCE,4PHG,A,,CYS,35,SG,2UJ,C,CAA,3,3,"[""SOURCE_COVBINDERINPDB"",""SOURCE_COVPDB"",""SOURCE_RCSB_PDB_DIRECT""]","[""SOURCE_COVBINDERINPDB:CBR003339"",""SOURCE_COVPDB:CovPDB_complexes/4phg/4phg.pdb#LINK00495"",""SOURCE_RCSB_PDB_DIRECT:4PHG:covale1""]"
869,COVAPIE_CYS_SG_EVENT_V1:4PHH:A:CYS:35-:SG:E:2UK:CAA,MULTI_SOURCE_PROVENANCE,4PHH,A,,CYS,35,SG,2UK,E,CAA,3,3,"[""SOURCE_COVBINDERINPDB"",""SOURCE_COVPDB"",""SOURCE_RCSB_PDB_DIRECT""]","[""SOURCE_COVBINDERINPDB:CBR003334"",""SOURCE_COVPDB:CovPDB_complexes/4phh/4phh.pdb#LINK00807"",""SOURCE_RCSB_PDB_DIRECT:4PHH:covale1""]"
870,COVAPIE_CYS_SG_EVENT_V1:4PHH:B:CYS:35-:SG:H:2UK:CAA,MULTI_SOURCE_PROVENANCE,4PHH,B,,CYS,35,SG,2UK,H,CAA,3,3,"[""SOURCE_COVBINDERINPDB"",""SOURCE_COVPDB"",""SOURCE_RCSB_PDB_DIRECT""]","[""SOURCE_COVBINDERINPDB:CBR003335"",""SOURCE_COVPDB:CovPDB_complexes/4phh/4phh.pdb#LINK00810"",""SOURCE_RCSB_PDB_DIRECT:4PHH:covale2""]"
871,COVAPIE_CYS_SG_EVENT_V1:4PHH:C:CYS:35-:SG:K:2UK:CAA,MULTI_SOURCE_PROVENANCE,4PHH,C,,CYS,35,SG,2UK,K,CAA,3,3,"[""SOURCE_COVBINDERINPDB"",""SOURCE_COVPDB"",""SOURCE_RCSB_PDB_DIRECT""]","[""SOURCE_COVBINDERINPDB:CBR003336"",""SOURCE_COVPDB:CovPDB_complexes/4phh/4phh.pdb#LINK00813"",""SOURCE_RCSB_PDB_DIRECT:4PHH:covale3""]"
872,COVAPIE_CYS_SG_EVENT_V1:4PHH:D:CYS:35-:SG:M:2UK:CAA,MULTI_SOURCE_PROVENANCE,4PHH,D,,CYS,35,SG,2UK,M,CAA,3,3,"[""SOURCE_COVBINDERINPDB"",""SOURCE_COVPDB"",""SOURCE_RCSB_PDB_DIRECT""]","[""SOURCE_COVBINDERINPDB:CBR003337"",""SOURCE_COVPDB:CovPDB_complexes/4phh/4phh.pdb#LINK00816"",""SOURCE_RCSB_PDB_DIRECT:4PHH:covale4""]"
873,COVAPIE_CYS_SG_EVENT_V1:4PI3:A:CYS:25-:SG:C:2V5:C22,MULTI_SOURCE_PROVENANCE,4PI3,A,,CYS,25,SG,2V5,C,C22,3,3,"[""SOURCE_COVBINDERINPDB"",""SOURCE_COVPDB"",""SOURCE_RCSB_PDB_DIRECT""]","[""SOURCE_COVBINDERINPDB:CBR001084"",""SOURCE_COVPDB:CovPDB_complexes/4pi3/4pi3.pdb#LINK00493"",""SOURCE_RCSB_PDB_DIRECT:4PI3:covale1""]"
874,COVAPIE_CYS_SG_EVENT_V1:4PI3:B:CYS:25-:SG:D:2V5:C22,MULTI_SOURCE_PROVENANCE,4PI3,B,,CYS,25,SG,2V5,D,C22,3,3,"[""SOURCE_COVBINDERINPDB"",""SOURCE_COVPDB"",""SOURCE_RCSB_PDB_DIRECT""]","[""SOURCE_COVBINDERINPDB:CBR001085"",""SOURCE_COVPDB:CovPDB_complexes/4pi3/4pi3.pdb#LINK00494"",""SOURCE_RCSB_PDB_DIRECT:4PI3:covale2""]"
875,COVAPIE_CYS_SG_EVENT_V1:4PID:A:CYS:122-:SG:D:2UQ:C12,MULTI_SOURCE_PROVENANCE,4PID,A,,CYS,122,SG,2UQ,D,C12,3,3,"[""SOURCE_COVBINDERINPDB"",""SOURCE_COVPDB"",""SOURCE_RCSB_PDB_DIRECT""]","[""SOURCE_COVBINDERINPDB:CBR001088"",""SOURCE_COVPDB:CovPDB_complexes/4pid/4pid.pdb#LINK00431"",""SOURCE_RCSB_PDB_DIRECT:4PID:covale1""]"
876,COVAPIE_CYS_SG_EVENT_V1:4PIE:A:CYS:122-:SG:C:3FO:C32,MULTI_SOURCE_PROVENANCE,4PIE,A,,CYS,122,SG,3FO,C,C32,3,3,"[""SOURCE_COVBINDERINPDB"",""SOURCE_COVPDB"",""SOURCE_RCSB_PDB_DIRECT""]","[""SOURCE_COVBINDERINPDB:CBR001087"",""SOURCE_COVPDB:CovPDB_complexes/4pie/4pie.pdb#LINK00468"",""SOURCE_RCSB_PDB_DIRECT:4PIE:covale1""]"
877,COVAPIE_CYS_SG_EVENT_V1:4PIQ:A:CYS:122-:SG:C:3FS:C24,MULTI_SOURCE_PROVENANCE,4PIQ,A,,CYS,122,SG,3FS,C,C24,3,3,"[""SOURCE_COVBINDERINPDB"",""SOURCE_COVPDB"",""SOURCE_RCSB_PDB_DIRECT""]","[""SOURCE_COVBINDERINPDB:CBR001089"",""SOURCE_COVPDB:CovPDB_complexes/4piq/4piq.pdb#LINK00358"",""SOURCE_RCSB_PDB_DIRECT:4PIQ:covale1""]"
878,COVAPIE_CYS_SG_EVENT_V1:4PIS:A:CYS:122-:SG:C:3FU:C31,MULTI_SOURCE_PROVENANCE,4PIS,A,,CYS,122,SG,3FU,C,C31,3,3,"[""SOURCE_COVBINDERINPDB"",""SOURCE_COVPDB"",""SOURCE_RCSB_PDB_DIRECT""]","[""SOURCE_COVBINDERINPDB:CBR001086"",""SOURCE_COVPDB:CovPDB_complexes/4pis/4pis.pdb#LINK00353"",""SOURCE_RCSB_PDB_DIRECT:4PIS:covale1""]"
879,COVAPIE_CYS_SG_EVENT_V1:4PNC:A:CYS:59-:SG:B:7NP:CAN,MULTI_SOURCE_PROVENANCE,4PNC,A,,CYS,59,SG,7NP,B,CAN,3,4,"[""SOURCE_COVBINDERINPDB"",""SOURCE_COVPDB"",""SOURCE_RCSB_PDB_DIRECT""]","[""SOURCE_COVBINDERINPDB:CBR001022"",""SOURCE_COVPDB:CovPDB_complexes/4pnc/4pnc.pdb#LINK00562"",""SOURCE_COVPDB:CovPDB_complexes/4pnc/4pnc.pdb#LINK00563"",""SOURCE_RCSB_PDB_DIRECT:4PNC:covale2""]"
880,COVAPIE_CYS_SG_EVENT_V1:4PZY:A:CYS:70-:SG:G:2XR:CAH,MULTI_SOURCE_PROVENANCE,4PZY,A,,CYS,70,SG,2XR,G,CAH,2,2,"[""SOURCE_COVPDB"",""SOURCE_RCSB_PDB_DIRECT""]","[""SOURCE_COVPDB:CovPDB_complexes/4pzy/4pzy.pdb#LINK00442"",""SOURCE_RCSB_PDB_DIRECT:4PZY:covale1""]"
881,COVAPIE_CYS_SG_EVENT_V1:4PZY:B:CYS:70-:SG:H:2XR:CAH,MULTI_SOURCE_PROVENANCE,4PZY,B,,CYS,70,SG,2XR,H,CAH,2,2,"[""SOURCE_COVPDB"",""SOURCE_RCSB_PDB_DIRECT""]","[""SOURCE_COVPDB:CovPDB_complexes/4pzy/4pzy.pdb#LINK00443"",""SOURCE_RCSB_PDB_DIRECT:4PZY:covale2""]"
882,COVAPIE_CYS_SG_EVENT_V1:4PZZ:A:CYS:39-:SG:D:2XO:SAH,MULTI_SOURCE_PROVENANCE,4PZZ,A,,CYS,39,SG,2XO,D,SAH,2,2,"[""SOURCE_COVPDB"",""SOURCE_RCSB_PDB_DIRECT""]","[""SOURCE_COVPDB:CovPDB_complexes/4pzz/4pzz.pdb#LINK00334"",""SOURCE_RCSB_PDB_DIRECT:4PZZ:covale1""]"
883,COVAPIE_CYS_SG_EVENT_V1:4Q01:A:CYS:39-:SG:E:2XH:SAH,MULTI_SOURCE_PROVENANCE,4Q01,A,,CYS,39,SG,2XH,E,SAH,3,3,"[""SOURCE_COVBINDERINPDB"",""SOURCE_COVPDB"",""SOURCE_RCSB_PDB_DIRECT""]","[""SOURCE_COVBINDERINPDB:CBR001591"",""SOURCE_COVPDB:CovPDB_complexes/4q01/4q01.pdb#LINK00496"",""SOURCE_RCSB_PDB_DIRECT:4Q01:covale1""]"
884,COVAPIE_CYS_SG_EVENT_V1:4Q01:B:CYS:39-:SG:H:2XH:SAH,MULTI_SOURCE_PROVENANCE,4Q01,B,,CYS,39,SG,2XH,H,SAH,3,3,"[""SOURCE_COVBINDERINPDB"",""SOURCE_COVPDB"",""SOURCE_RCSB_PDB_DIRECT""]","[""SOURCE_COVBINDERINPDB:CBR001592"",""SOURCE_COVPDB:CovPDB_complexes/4q01/4q01.pdb#LINK00497"",""SOURCE_RCSB_PDB_DIRECT:4Q01:covale2""]"
885,COVAPIE_CYS_SG_EVENT_V1:4Q02:A:CYS:39-:SG:D:2XG:SAG,MULTI_SOURCE_PROVENANCE,4Q02,A,,CYS,39,SG,2XG,D,SAG,3,3,"[""SOURCE_COVBINDERINPDB"",""SOURCE_COVPDB"",""SOURCE_RCSB_PDB_DIRECT""]","[""SOURCE_COVBINDERINPDB:CBR001590"",""SOURCE_COVPDB:CovPDB_complexes/4q02/4q02.pdb#LINK00338"",""SOURCE_RCSB_PDB_DIRECT:4Q02:covale1""]"
886,COVAPIE_CYS_SG_EVENT_V1:4Q95:A:CYS:125-:SG:C:SHV:C1,MULTI_SOURCE_PROVENANCE,4Q95,A,,CYS,125,SG,SHV,C,C1,2,2,"[""SOURCE_COVPDB"",""SOURCE_RCSB_PDB_DIRECT""]","[""SOURCE_COVPDB:CovPDB_complexes/4q95/4q95.pdb#LINK00525"",""SOURCE_RCSB_PDB_DIRECT:4Q95:covale1""]"
887,COVAPIE_CYS_SG_EVENT_V1:4Q95:B:CYS:125-:SG:D:SHV:C1,MULTI_SOURCE_PROVENANCE,4Q95,B,,CYS,125,SG,SHV,D,C1,2,2,"[""SOURCE_COVPDB"",""SOURCE_RCSB_PDB_DIRECT""]","[""SOURCE_COVPDB:CovPDB_complexes/4q95/4q95.pdb#LINK00526"",""SOURCE_RCSB_PDB_DIRECT:4Q95:covale2""]"
888,COVAPIE_CYS_SG_EVENT_V1:4QBB:A:CYS:51-:SG:E:E69:C1,MULTI_SOURCE_PROVENANCE,4QBB,A,,CYS,51,SG,E69,E,C1,3,3,"[""SOURCE_COVBINDERINPDB"",""SOURCE_COVPDB"",""SOURCE_RCSB_PDB_DIRECT""]","[""SOURCE_COVBINDERINPDB:CBR005156"",""SOURCE_COVPDB:CovPDB_complexes/4qbb/4qbb.pdb#LINK00531"",""SOURCE_RCSB_PDB_DIRECT:4QBB:covale1""]"
889,COVAPIE_CYS_SG_EVENT_V1:4QBB:B:CYS:51-:SG:F:E69:C1,MULTI_SOURCE_PROVENANCE,4QBB,B,,CYS,51,SG,E69,F,C1,3,3,"[""SOURCE_COVBINDERINPDB"",""SOURCE_COVPDB"",""SOURCE_RCSB_PDB_DIRECT""]","[""SOURCE_COVBINDERINPDB:CBR005157"",""SOURCE_COVPDB:CovPDB_complexes/4qbb/4qbb.pdb#LINK00532"",""SOURCE_RCSB_PDB_DIRECT:4QBB:covale2""]"
890,COVAPIE_CYS_SG_EVENT_V1:4QBB:C:CYS:51-:SG:G:E69:C1,MULTI_SOURCE_PROVENANCE,4QBB,C,,CYS,51,SG,E69,G,C1,3,3,"[""SOURCE_COVBINDERINPDB"",""SOURCE_COVPDB"",""SOURCE_RCSB_PDB_DIRECT""]","[""SOURCE_COVBINDERINPDB:CBR005158"",""SOURCE_COVPDB:CovPDB_complexes/4qbb/4qbb.pdb#LINK00533"",""SOURCE_RCSB_PDB_DIRECT:4QBB:covale3""]"
891,COVAPIE_CYS_SG_EVENT_V1:4QH6:A:CYS:25-:SG:F:33L:CAM,MULTI_SOURCE_PROVENANCE,4QH6,A,,CYS,25,SG,33L,F,CAM,2,2,"[""SOURCE_COVBINDERINPDB"",""SOURCE_RCSB_PDB_DIRECT""]","[""SOURCE_COVBINDERINPDB:CBR002419"",""SOURCE_RCSB_PDB_DIRECT:4QH6:covale1""]"
892,COVAPIE_CYS_SG_EVENT_V1:4QKX:A:CYS:1093-:SG:E:35V:SAE,MULTI_SOURCE_PROVENANCE,4QKX,A,,CYS,1093,SG,35V,E,SAE,2,2,"[""SOURCE_COVBINDERINPDB"",""SOURCE_RCSB_PDB_DIRECT""]","[""SOURCE_COVBINDERINPDB:CBR002541"",""SOURCE_RCSB_PDB_DIRECT:4QKX:covale1""]"
893,COVAPIE_CYS_SG_EVENT_V1:4QPS:A:CYS:909-:SG:C:37Q:C1,MULTI_SOURCE_PROVENANCE,4QPS,A,,CYS,909,SG,37Q,C,C1,3,3,"[""SOURCE_COVBINDERINPDB"",""SOURCE_COVPDB"",""SOURCE_RCSB_PDB_DIRECT""]","[""SOURCE_COVBINDERINPDB:CBR002496"",""SOURCE_COVPDB:CovPDB_complexes/4qps/4qps.pdb#LINK00466"",""SOURCE_RCSB_PDB_DIRECT:4QPS:covale1""]"
894,COVAPIE_CYS_SG_EVENT_V1:4QQ5:A:CYS:482-:SG:B:37O:C46,MULTI_SOURCE_PROVENANCE,4QQ5,A,,CYS,482,SG,37O,B,C46,3,3,"[""SOURCE_COVBINDERINPDB"",""SOURCE_COVPDB"",""SOURCE_RCSB_PDB_DIRECT""]","[""SOURCE_COVBINDERINPDB:CBR000302"",""SOURCE_COVPDB:CovPDB_complexes/4qq5/4qq5.pdb#LINK00490"",""SOURCE_RCSB_PDB_DIRECT:4QQ5:covale1""]"
895,COVAPIE_CYS_SG_EVENT_V1:4QQC:A:CYS:477-:SG:B:37O:C46,MULTI_SOURCE_PROVENANCE,4QQC,A,,CYS,477,SG,37O,B,C46,3,3,"[""SOURCE_COVBINDERINPDB"",""SOURCE_COVPDB"",""SOURCE_RCSB_PDB_DIRECT""]","[""SOURCE_COVBINDERINPDB:CBR000303"",""SOURCE_COVPDB:CovPDB_complexes/4qqc/4qqc.pdb#LINK00494"",""SOURCE_RCSB_PDB_DIRECT:4QQC:covale1""]"
896,COVAPIE_CYS_SG_EVENT_V1:4QR7:A:CYS:354-:SG:C:DWZ:CAA,MULTI_SOURCE_PROVENANCE,4QR7,A,,CYS,354,SG,DWZ,C,CAA,2,2,"[""SOURCE_COVPDB"",""SOURCE_RCSB_PDB_DIRECT""]","[""SOURCE_COVPDB:CovPDB_complexes/4qr7/4qr7.pdb#LINK00390"",""SOURCE_RCSB_PDB_DIRECT:4QR7:covale1""]"
897,COVAPIE_CYS_SG_EVENT_V1:4QTF:A:CYS:354-:SG:C:3V5:CAT,MULTI_SOURCE_PROVENANCE,4QTF,A,,CYS,354,SG,3V5,C,CAT,2,2,"[""SOURCE_COVPDB"",""SOURCE_RCSB_PDB_DIRECT""]","[""SOURCE_COVPDB:CovPDB_complexes/4qtf/4qtf.pdb#LINK00515"",""SOURCE_RCSB_PDB_DIRECT:4QTF:covale1""]"
898,COVAPIE_CYS_SG_EVENT_V1:4R0O:A:CYS:45-:SG:F:LCY:C1,MULTI_SOURCE_PROVENANCE,4R0O,A,,CYS,45,SG,LCY,F,C1,2,2,"[""SOURCE_COVBINDERINPDB"",""SOURCE_RCSB_PDB_DIRECT""]","[""SOURCE_COVBINDERINPDB:CBR000843"",""SOURCE_RCSB_PDB_DIRECT:4R0O:covale1""]"
899,COVAPIE_CYS_SG_EVENT_V1:4R0O:B:CYS:45-:SG:H:LCY:C1,MULTI_SOURCE_PROVENANCE,4R0O,B,,CYS,45,SG,LCY,H,C1,2,2,"[""SOURCE_COVBINDERINPDB"",""SOURCE_RCSB_PDB_DIRECT""]","[""SOURCE_COVBINDERINPDB:CBR000841"",""SOURCE_RCSB_PDB_DIRECT:4R0O:covale2""]"
900,COVAPIE_CYS_SG_EVENT_V1:4R0O:C:CYS:45-:SG:J:LCY:C1,MULTI_SOURCE_PROVENANCE,4R0O,C,,CYS,45,SG,LCY,J,C1,2,2,"[""SOURCE_COVBINDERINPDB"",""SOURCE_RCSB_PDB_DIRECT""]","[""SOURCE_COVBINDERINPDB:CBR000842"",""SOURCE_RCSB_PDB_DIRECT:4R0O:covale3""]"
901,COVAPIE_CYS_SG_EVENT_V1:4R0O:D:CYS:45-:SG:L:LCY:C1,MULTI_SOURCE_PROVENANCE,4R0O,D,,CYS,45,SG,LCY,L,C1,2,2,"[""SOURCE_COVBINDERINPDB"",""SOURCE_RCSB_PDB_DIRECT""]","[""SOURCE_COVBINDERINPDB:CBR000844"",""SOURCE_RCSB_PDB_DIRECT:4R0O:covale4""]"
902,COVAPIE_CYS_SG_EVENT_V1:4R5S:A:CYS:797-:SG:B:FI3:CAV,MULTI_SOURCE_PROVENANCE,4R5S,A,,CYS,797,SG,FI3,B,CAV,2,2,"[""SOURCE_COVBINDERINPDB"",""SOURCE_RCSB_PDB_DIRECT""]","[""SOURCE_COVBINDERINPDB:CBR003396"",""SOURCE_RCSB_PDB_DIRECT:4R5S:covale1""]"
903,COVAPIE_CYS_SG_EVENT_V1:4R6V:A:CYS:477-:SG:B:FI3:CAV,MULTI_SOURCE_PROVENANCE,4R6V,A,,CYS,477,SG,FI3,B,CAV,2,2,"[""SOURCE_COVPDB"",""SOURCE_RCSB_PDB_DIRECT""]","[""SOURCE_COVPDB:CovPDB_complexes/4r6v/4r6v.pdb#LINK00485"",""SOURCE_RCSB_PDB_DIRECT:4R6V:covale1""]"
904,COVAPIE_CYS_SG_EVENT_V1:4R7U:A:CYS:116-:SG:F:FFQ:C1,MULTI_SOURCE_PROVENANCE,4R7U,A,,CYS,116,SG,FFQ,F,C1,2,2,"[""SOURCE_COVPDB"",""SOURCE_RCSB_PDB_DIRECT""]","[""SOURCE_COVPDB:CovPDB_complexes/4r7u/4r7u.pdb#LINK01939"",""SOURCE_RCSB_PDB_DIRECT:4R7U:covale1""]"
905,COVAPIE_CYS_SG_EVENT_V1:4R7U:B:CYS:116-:SG:J:FFQ:C1,MULTI_SOURCE_PROVENANCE,4R7U,B,,CYS,116,SG,FFQ,J,C1,2,2,"[""SOURCE_COVPDB"",""SOURCE_RCSB_PDB_DIRECT""]","[""SOURCE_COVPDB:CovPDB_complexes/4r7u/4r7u.pdb#LINK01940"",""SOURCE_RCSB_PDB_DIRECT:4R7U:covale2""]"
906,COVAPIE_CYS_SG_EVENT_V1:4R7U:C:CYS:116-:SG:M:FFQ:C1,MULTI_SOURCE_PROVENANCE,4R7U,C,,CYS,116,SG,FFQ,M,C1,2,2,"[""SOURCE_COVPDB"",""SOURCE_RCSB_PDB_DIRECT""]","[""SOURCE_COVPDB:CovPDB_complexes/4r7u/4r7u.pdb#LINK01941"",""SOURCE_RCSB_PDB_DIRECT:4R7U:covale3""]"
907,COVAPIE_CYS_SG_EVENT_V1:4R7U:D:CYS:116-:SG:Q:FFQ:C1,MULTI_SOURCE_PROVENANCE,4R7U,D,,CYS,116,SG,FFQ,Q,C1,2,2,"[""SOURCE_COVPDB"",""SOURCE_RCSB_PDB_DIRECT""]","[""SOURCE_COVPDB:CovPDB_complexes/4r7u/4r7u.pdb#LINK01942"",""SOURCE_RCSB_PDB_DIRECT:4R7U:covale4""]"
908,COVAPIE_CYS_SG_EVENT_V1:4RBM:A:CYS:477-:SG:R:CKC:CAK,MULTI_SOURCE_PROVENANCE,4RBM,A,,CYS,477,SG,CKC,R,CAK,3,3,"[""SOURCE_COVBINDERINPDB"",""SOURCE_COVPDB"",""SOURCE_RCSB_PDB_DIRECT""]","[""SOURCE_COVBINDERINPDB:CBR003936"",""SOURCE_COVPDB:CovPDB_complexes/4rbm/4rbm.pdb#LINK00595"",""SOURCE_RCSB_PDB_DIRECT:4RBM:covale1""]"
909,COVAPIE_CYS_SG_EVENT_V1:4V37:A:CYS:450-:SG:F:0D8:C8,MULTI_SOURCE_PROVENANCE,4V37,A,,CYS,450,SG,0D8,F,C8,2,2,"[""SOURCE_COVPDB"",""SOURCE_RCSB_PDB_DIRECT""]","[""SOURCE_COVPDB:CovPDB_complexes/4v37/4v37.pdb#LINK01031"",""SOURCE_RCSB_PDB_DIRECT:4V37:covale1""]"
910,COVAPIE_CYS_SG_EVENT_V1:4V37:B:CYS:450-:SG:K:0D8:C8,MULTI_SOURCE_PROVENANCE,4V37,B,,CYS,450,SG,0D8,K,C8,2,2,"[""SOURCE_COVPDB"",""SOURCE_RCSB_PDB_DIRECT""]","[""SOURCE_COVPDB:CovPDB_complexes/4v37/4v37.pdb#LINK01038"",""SOURCE_RCSB_PDB_DIRECT:4V37:covale2""]"
911,COVAPIE_CYS_SG_EVENT_V1:4V37:C:CYS:450-:SG:P:0D8:C8,MULTI_SOURCE_PROVENANCE,4V37,C,,CYS,450,SG,0D8,P,C8,2,2,"[""SOURCE_COVPDB"",""SOURCE_RCSB_PDB_DIRECT""]","[""SOURCE_COVPDB:CovPDB_complexes/4v37/4v37.pdb#LINK01045"",""SOURCE_RCSB_PDB_DIRECT:4V37:covale3""]"
912,COVAPIE_CYS_SG_EVENT_V1:4V37:D:CYS:450-:SG:V:0D8:C8,MULTI_SOURCE_PROVENANCE,4V37,D,,CYS,450,SG,0D8,V,C8,2,2,"[""SOURCE_COVPDB"",""SOURCE_RCSB_PDB_DIRECT""]","[""SOURCE_COVPDB:CovPDB_complexes/4v37/4v37.pdb#LINK01051"",""SOURCE_RCSB_PDB_DIRECT:4V37:covale4""]"
913,COVAPIE_CYS_SG_EVENT_V1:4V3F:A:CYS:450-:SG:J:CHT:C4,MULTI_SOURCE_PROVENANCE,4V3F,A,,CYS,450,SG,CHT,J,C4,2,2,"[""SOURCE_COVBINDERINPDB"",""SOURCE_RCSB_PDB_DIRECT""]","[""SOURCE_COVBINDERINPDB:CBR004595"",""SOURCE_RCSB_PDB_DIRECT:4V3F:covale3""]"
914,COVAPIE_CYS_SG_EVENT_V1:4V3F:B:CYS:450-:SG:P:CHT:C4,MULTI_SOURCE_PROVENANCE,4V3F,B,,CYS,450,SG,CHT,P,C4,2,2,"[""SOURCE_COVBINDERINPDB"",""SOURCE_RCSB_PDB_DIRECT""]","[""SOURCE_COVBINDERINPDB:CBR004596"",""SOURCE_RCSB_PDB_DIRECT:4V3F:covale8""]"
915,COVAPIE_CYS_SG_EVENT_V1:4V3F:D:CYS:450-:SG:Z:CHT:C4,MULTI_SOURCE_PROVENANCE,4V3F,D,,CYS,450,SG,CHT,Z,C4,2,2,"[""SOURCE_COVBINDERINPDB"",""SOURCE_RCSB_PDB_DIRECT""]","[""SOURCE_COVBINDERINPDB:CBR004597"",""SOURCE_RCSB_PDB_DIRECT:4V3F:covale15""]"
916,COVAPIE_CYS_SG_EVENT_V1:4WD5:A:CYS:797-:SG:C:3LH:CAR,MULTI_SOURCE_PROVENANCE,4WD5,A,,CYS,797,SG,3LH,C,CAR,2,2,"[""SOURCE_COVBINDERINPDB"",""SOURCE_RCSB_PDB_DIRECT""]","[""SOURCE_COVBINDERINPDB:CBR001807"",""SOURCE_RCSB_PDB_DIRECT:4WD5:covale1""]"
917,COVAPIE_CYS_SG_EVENT_V1:4WGF:A:CYS:118-:SG:I:ROP:CA,MULTI_SOURCE_PROVENANCE,4WGF,A,,CYS,118,SG,ROP,I,CA,2,2,"[""SOURCE_COVBINDERINPDB"",""SOURCE_RCSB_PDB_DIRECT""]","[""SOURCE_COVBINDERINPDB:CBR002007"",""SOURCE_RCSB_PDB_DIRECT:4WGF:covale3""]"
918,COVAPIE_CYS_SG_EVENT_V1:4WVF:C:CYS:539-:SG:H:K76:C3,MULTI_SOURCE_PROVENANCE,4WVF,C,,CYS,539,SG,K76,H,C3,2,2,"[""SOURCE_COVBINDERINPDB"",""SOURCE_RCSB_PDB_DIRECT""]","[""SOURCE_COVBINDERINPDB:CBR004715"",""SOURCE_RCSB_PDB_DIRECT:4WVF:covale1""]"
919,COVAPIE_CYS_SG_EVENT_V1:4WX6:A:CYS:122-:SG:E:3VK:C27,MULTI_SOURCE_PROVENANCE,4WX6,A,,CYS,122,SG,3VK,E,C27,2,2,"[""SOURCE_COVPDB"",""SOURCE_RCSB_PDB_DIRECT""]","[""SOURCE_COVPDB:CovPDB_complexes/4wx6/4wx6.pdb#LINK00463"",""SOURCE_RCSB_PDB_DIRECT:4WX6:covale1""]"
920,COVAPIE_CYS_SG_EVENT_V1:4WX6:C:CYS:122-:SG:F:3VK:C27,MULTI_SOURCE_PROVENANCE,4WX6,C,,CYS,122,SG,3VK,F,C27,2,2,"[""SOURCE_COVPDB"",""SOURCE_RCSB_PDB_DIRECT""]","[""SOURCE_COVPDB:CovPDB_complexes/4wx6/4wx6.pdb#LINK00464"",""SOURCE_RCSB_PDB_DIRECT:4WX6:covale2""]"
921,COVAPIE_CYS_SG_EVENT_V1:4WX7:A:CYS:122-:SG:E:3VJ:C30,MULTI_SOURCE_PROVENANCE,4WX7,A,,CYS,122,SG,3VJ,E,C30,2,2,"[""SOURCE_COVPDB"",""SOURCE_RCSB_PDB_DIRECT""]","[""SOURCE_COVPDB:CovPDB_complexes/4wx7/4wx7.pdb#LINK00440"",""SOURCE_RCSB_PDB_DIRECT:4WX7:covale1""]"
922,COVAPIE_CYS_SG_EVENT_V1:4WX7:C:CYS:122-:SG:F:3VJ:C30,MULTI_SOURCE_PROVENANCE,4WX7,C,,CYS,122,SG,3VJ,F,C30,2,2,"[""SOURCE_COVPDB"",""SOURCE_RCSB_PDB_DIRECT""]","[""SOURCE_COVPDB:CovPDB_complexes/4wx7/4wx7.pdb#LINK00441"",""SOURCE_RCSB_PDB_DIRECT:4WX7:covale2""]"
923,COVAPIE_CYS_SG_EVENT_V1:4X0T:A:CYS:302-:SG:F:3W9:C13,MULTI_SOURCE_PROVENANCE,4X0T,A,,CYS,302,SG,3W9,F,C13,2,2,"[""SOURCE_COVPDB"",""SOURCE_RCSB_PDB_DIRECT""]","[""SOURCE_COVPDB:CovPDB_complexes/4x0t/4x0t.pdb#LINK00942"",""SOURCE_RCSB_PDB_DIRECT:4X0T:covale1""]"
924,COVAPIE_CYS_SG_EVENT_V1:4X0T:B:CYS:302-:SG:H:3W9:C13,MULTI_SOURCE_PROVENANCE,4X0T,B,,CYS,302,SG,3W9,H,C13,2,2,"[""SOURCE_COVPDB"",""SOURCE_RCSB_PDB_DIRECT""]","[""SOURCE_COVPDB:CovPDB_complexes/4x0t/4x0t.pdb#LINK00943"",""SOURCE_RCSB_PDB_DIRECT:4X0T:covale2""]"
925,COVAPIE_CYS_SG_EVENT_V1:4X0T:C:CYS:302-:SG:J:3W9:C13,MULTI_SOURCE_PROVENANCE,4X0T,C,,CYS,302,SG,3W9,J,C13,2,2,"[""SOURCE_COVPDB"",""SOURCE_RCSB_PDB_DIRECT""]","[""SOURCE_COVPDB:CovPDB_complexes/4x0t/4x0t.pdb#LINK00944"",""SOURCE_RCSB_PDB_DIRECT:4X0T:covale3""]"
926,COVAPIE_CYS_SG_EVENT_V1:4X0T:D:CYS:302-:SG:L:3W9:C13,MULTI_SOURCE_PROVENANCE,4X0T,D,,CYS,302,SG,3W9,L,C13,2,2,"[""SOURCE_COVPDB"",""SOURCE_RCSB_PDB_DIRECT""]","[""SOURCE_COVPDB:CovPDB_complexes/4x0t/4x0t.pdb#LINK00945"",""SOURCE_RCSB_PDB_DIRECT:4X0T:covale4""]"
927,COVAPIE_CYS_SG_EVENT_V1:4X6J:A:CYS:25-:SG:H:3Y2:C1,MULTI_SOURCE_PROVENANCE,4X6J,A,,CYS,25,SG,3Y2,H,C1,3,3,"[""SOURCE_COVBINDERINPDB"",""SOURCE_COVPDB"",""SOURCE_RCSB_PDB_DIRECT""]","[""SOURCE_COVBINDERINPDB:CBR002687"",""SOURCE_COVPDB:CovPDB_complexes/4x6j/4x6j.pdb#LINK00429"",""SOURCE_RCSB_PDB_DIRECT:4X6J:covale1""]"
928,COVAPIE_CYS_SG_EVENT_V1:4XBB:A:CYS:139-:SG:B:3ZR:C31,MULTI_SOURCE_PROVENANCE,4XBB,A,,CYS,139,SG,3ZR,B,C31,2,2,"[""SOURCE_COVPDB"",""SOURCE_RCSB_PDB_DIRECT""]","[""SOURCE_COVPDB:CovPDB_complexes/4xbb/4xbb.pdb#LINK00420"",""SOURCE_RCSB_PDB_DIRECT:4XBB:covale1""]"
929,COVAPIE_CYS_SG_EVENT_V1:4XBC:A:CYS:139-:SG:B:M40:C30,MULTI_SOURCE_PROVENANCE,4XBC,A,,CYS,139,SG,M40,B,C30,2,2,"[""SOURCE_COVPDB"",""SOURCE_RCSB_PDB_DIRECT""]","[""SOURCE_COVPDB:CovPDB_complexes/4xbc/4xbc.pdb#LINK00562"",""SOURCE_RCSB_PDB_DIRECT:4XBC:covale1""]"
930,COVAPIE_CYS_SG_EVENT_V1:4XBD:A:CYS:139-:SG:C:M40:C30,MULTI_SOURCE_PROVENANCE,4XBD,A,,CYS,139,SG,M40,C,C30,2,2,"[""SOURCE_COVPDB"",""SOURCE_RCSB_PDB_DIRECT""]","[""SOURCE_COVPDB:CovPDB_complexes/4xbd/4xbd.pdb#LINK00725"",""SOURCE_RCSB_PDB_DIRECT:4XBD:covale1""]"
931,COVAPIE_CYS_SG_EVENT_V1:4XBD:B:CYS:139-:SG:D:M40:C30,MULTI_SOURCE_PROVENANCE,4XBD,B,,CYS,139,SG,M40,D,C30,2,2,"[""SOURCE_COVPDB"",""SOURCE_RCSB_PDB_DIRECT""]","[""SOURCE_COVPDB:CovPDB_complexes/4xbd/4xbd.pdb#LINK00726"",""SOURCE_RCSB_PDB_DIRECT:4XBD:covale2""]"
932,COVAPIE_CYS_SG_EVENT_V1:4XCU:A:CYS:552-:SG:C:40M:C8,MULTI_SOURCE_PROVENANCE,4XCU,A,,CYS,552,SG,40M,C,C8,3,3,"[""SOURCE_COVBINDERINPDB"",""SOURCE_COVPDB"",""SOURCE_RCSB_PDB_DIRECT""]","[""SOURCE_COVBINDERINPDB:CBR003184"",""SOURCE_COVPDB:CovPDB_complexes/4xcu/4xcu.pdb#LINK00455"",""SOURCE_RCSB_PDB_DIRECT:4XCU:covale1""]"
933,COVAPIE_CYS_SG_EVENT_V1:4XTD:A:CYS:334-:SG:C:IMP:C2,MULTI_SOURCE_PROVENANCE,4XTD,A,,CYS,334,SG,IMP,C,C2,3,3,"[""SOURCE_COVBINDERINPDB"",""SOURCE_COVPDB"",""SOURCE_RCSB_PDB_DIRECT""]","[""SOURCE_COVBINDERINPDB:CBR001124"",""SOURCE_COVPDB:CovPDB_complexes/4xtd/4xtd.pdb#LINK00819"",""SOURCE_RCSB_PDB_DIRECT:4XTD:covale1""]"
934,COVAPIE_CYS_SG_EVENT_V1:4XTD:B:CYS:334-:SG:D:IMP:C2,MULTI_SOURCE_PROVENANCE,4XTD,B,,CYS,334,SG,IMP,D,C2,3,3,"[""SOURCE_COVBINDERINPDB"",""SOURCE_COVPDB"",""SOURCE_RCSB_PDB_DIRECT""]","[""SOURCE_COVBINDERINPDB:CBR001125"",""SOURCE_COVPDB:CovPDB_complexes/4xtd/4xtd.pdb#LINK00820"",""SOURCE_RCSB_PDB_DIRECT:4XTD:covale2""]"
935,COVAPIE_CYS_SG_EVENT_V1:4XTI:A:CYS:334-:SG:C:IMP:C2,MULTI_SOURCE_PROVENANCE,4XTI,A,,CYS,334,SG,IMP,C,C2,3,3,"[""SOURCE_COVBINDERINPDB"",""SOURCE_COVPDB"",""SOURCE_RCSB_PDB_DIRECT""]","[""SOURCE_COVBINDERINPDB:CBR001123"",""SOURCE_COVPDB:CovPDB_complexes/4xti/4xti.pdb#LINK00904"",""SOURCE_RCSB_PDB_DIRECT:4XTI:covale1""]"
936,COVAPIE_CYS_SG_EVENT_V1:4XZ0:A:CYS:117-:SG:B:4N5:CAF,MULTI_SOURCE_PROVENANCE,4XZ0,A,,CYS,117,SG,4N5,B,CAF,3,3,"[""SOURCE_COVBINDERINPDB"",""SOURCE_COVPDB"",""SOURCE_RCSB_PDB_DIRECT""]","[""SOURCE_COVBINDERINPDB:CBR001422"",""SOURCE_COVPDB:CovPDB_complexes/4xz0/4xz0.pdb#LINK00352"",""SOURCE_RCSB_PDB_DIRECT:4XZ0:covale1""]"
937,COVAPIE_CYS_SG_EVENT_V1:4XZ1:A:CYS:78-:SG:C:4N6:CAL,MULTI_SOURCE_PROVENANCE,4XZ1,A,,CYS,78,SG,4N6,C,CAL,2,2,"[""SOURCE_COVBINDERINPDB"",""SOURCE_RCSB_PDB_DIRECT""]","[""SOURCE_COVBINDERINPDB:CBR001430"",""SOURCE_RCSB_PDB_DIRECT:4XZ1:covale1""]"
938,COVAPIE_CYS_SG_EVENT_V1:4YHF:A:CYS:481-:SG:C:4C9:C1,MULTI_SOURCE_PROVENANCE,4YHF,A,,CYS,481,SG,4C9,C,C1,2,2,"[""SOURCE_COVPDB"",""SOURCE_RCSB_PDB_DIRECT""]","[""SOURCE_COVPDB:CovPDB_complexes/4yhf/4yhf.pdb#LINK00848"",""SOURCE_RCSB_PDB_DIRECT:4YHF:covale1""]"
939,COVAPIE_CYS_SG_EVENT_V1:4YHF:B:CYS:481-:SG:V:4C9:C1,MULTI_SOURCE_PROVENANCE,4YHF,B,,CYS,481,SG,4C9,V,C1,2,2,"[""SOURCE_COVPDB"",""SOURCE_RCSB_PDB_DIRECT""]","[""SOURCE_COVPDB:CovPDB_complexes/4yhf/4yhf.pdb#LINK00858"",""SOURCE_RCSB_PDB_DIRECT:4YHF:covale2""]"
940,COVAPIE_CYS_SG_EVENT_V1:4YQM:A:CYS:32-:SG:D:4G9:C7,MULTI_SOURCE_PROVENANCE,4YQM,A,,CYS,32,SG,4G9,D,C7,2,2,"[""SOURCE_COVBINDERINPDB"",""SOURCE_RCSB_PDB_DIRECT""]","[""SOURCE_COVBINDERINPDB:CBR002708"",""SOURCE_RCSB_PDB_DIRECT:4YQM:covale1""]"
941,COVAPIE_CYS_SG_EVENT_V1:4YQM:B:CYS:32-:SG:F:4G9:C7,MULTI_SOURCE_PROVENANCE,4YQM,B,,CYS,32,SG,4G9,F,C7,2,2,"[""SOURCE_COVBINDERINPDB"",""SOURCE_RCSB_PDB_DIRECT""]","[""SOURCE_COVBINDERINPDB:CBR002709"",""SOURCE_RCSB_PDB_DIRECT:4YQM:covale2""]"
942,COVAPIE_CYS_SG_EVENT_V1:4YQM:C:CYS:32-:SG:H:4G9:C7,MULTI_SOURCE_PROVENANCE,4YQM,C,,CYS,32,SG,4G9,H,C7,2,2,"[""SOURCE_COVBINDERINPDB"",""SOURCE_RCSB_PDB_DIRECT""]","[""SOURCE_COVBINDERINPDB:CBR002710"",""SOURCE_RCSB_PDB_DIRECT:4YQM:covale3""]"
943,COVAPIE_CYS_SG_EVENT_V1:4YQU:A:CYS:32-:SG:C:4GB:C3,MULTI_SOURCE_PROVENANCE,4YQU,A,,CYS,32,SG,4GB,C,C3,3,3,"[""SOURCE_COVBINDERINPDB"",""SOURCE_COVPDB"",""SOURCE_RCSB_PDB_DIRECT""]","[""SOURCE_COVBINDERINPDB:CBR002699"",""SOURCE_COVPDB:CovPDB_complexes/4yqu/4yqu.pdb#LINK00476"",""SOURCE_RCSB_PDB_DIRECT:4YQU:covale1""]"
944,COVAPIE_CYS_SG_EVENT_V1:4YQU:B:CYS:32-:SG:E:4GB:C3,MULTI_SOURCE_PROVENANCE,4YQU,B,,CYS,32,SG,4GB,E,C3,3,3,"[""SOURCE_COVBINDERINPDB"",""SOURCE_COVPDB"",""SOURCE_RCSB_PDB_DIRECT""]","[""SOURCE_COVBINDERINPDB:CBR002700"",""SOURCE_COVPDB:CovPDB_complexes/4yqu/4yqu.pdb#LINK00477"",""SOURCE_RCSB_PDB_DIRECT:4YQU:covale2""]"
945,COVAPIE_CYS_SG_EVENT_V1:4YQV:A:CYS:32-:SG:D:4GG:C13,MULTI_SOURCE_PROVENANCE,4YQV,A,,CYS,32,SG,4GG,D,C13,2,2,"[""SOURCE_COVBINDERINPDB"",""SOURCE_RCSB_PDB_DIRECT""]","[""SOURCE_COVBINDERINPDB:CBR002711"",""SOURCE_RCSB_PDB_DIRECT:4YQV:covale1""]"
946,COVAPIE_CYS_SG_EVENT_V1:4YQV:B:CYS:32-:SG:E:4GG:C13,MULTI_SOURCE_PROVENANCE,4YQV,B,,CYS,32,SG,4GG,E,C13,2,2,"[""SOURCE_COVBINDERINPDB"",""SOURCE_RCSB_PDB_DIRECT""]","[""SOURCE_COVBINDERINPDB:CBR002712"",""SOURCE_RCSB_PDB_DIRECT:4YQV:covale2""]"
947,COVAPIE_CYS_SG_EVENT_V1:4YQV:C:CYS:32-:SG:F:4GG:C13,MULTI_SOURCE_PROVENANCE,4YQV,C,,CYS,32,SG,4GG,F,C13,2,2,"[""SOURCE_COVBINDERINPDB"",""SOURCE_RCSB_PDB_DIRECT""]","[""SOURCE_COVBINDERINPDB:CBR002713"",""SOURCE_RCSB_PDB_DIRECT:4YQV:covale3""]"
948,COVAPIE_CYS_SG_EVENT_V1:4YRS:A:CYS:365-:SG:C:4JS:C,MULTI_SOURCE_PROVENANCE,4YRS,A,,CYS,365,SG,4JS,C,C,2,2,"[""SOURCE_COVBINDERINPDB"",""SOURCE_RCSB_PDB_DIRECT""]","[""SOURCE_COVBINDERINPDB:CBR000489"",""SOURCE_RCSB_PDB_DIRECT:4YRS:covale1""]"
949,COVAPIE_CYS_SG_EVENT_V1:4YRT:A:CYS:365-:SG:C:781:C9,MULTI_SOURCE_PROVENANCE,4YRT,A,,CYS,365,SG,781,C,C9,3,3,"[""SOURCE_COVBINDERINPDB"",""SOURCE_COVPDB"",""SOURCE_RCSB_PDB_DIRECT""]","[""SOURCE_COVBINDERINPDB:CBR000488"",""SOURCE_COVPDB:CovPDB_complexes/4yrt/4yrt.pdb#LINK00525"",""SOURCE_RCSB_PDB_DIRECT:4YRT:covale1""]"
950,COVAPIE_CYS_SG_EVENT_V1:4Z16:A:CYS:909-:SG:E:4LH:CAP,MULTI_SOURCE_PROVENANCE,4Z16,A,,CYS,909,SG,4LH,E,CAP,2,2,"[""SOURCE_COVBINDERINPDB"",""SOURCE_RCSB_PDB_DIRECT""]","[""SOURCE_COVBINDERINPDB:CBR000976"",""SOURCE_RCSB_PDB_DIRECT:4Z16:covale1""]"
951,COVAPIE_CYS_SG_EVENT_V1:4Z16:B:CYS:909-:SG:F:4LH:CAP,MULTI_SOURCE_PROVENANCE,4Z16,B,,CYS,909,SG,4LH,F,CAP,2,2,"[""SOURCE_COVBINDERINPDB"",""SOURCE_RCSB_PDB_DIRECT""]","[""SOURCE_COVBINDERINPDB:CBR000977"",""SOURCE_RCSB_PDB_DIRECT:4Z16:covale5""]"
952,COVAPIE_CYS_SG_EVENT_V1:4Z16:C:CYS:909-:SG:G:4LH:CAP,MULTI_SOURCE_PROVENANCE,4Z16,C,,CYS,909,SG,4LH,G,CAP,2,2,"[""SOURCE_COVBINDERINPDB"",""SOURCE_RCSB_PDB_DIRECT""]","[""SOURCE_COVBINDERINPDB:CBR000978"",""SOURCE_RCSB_PDB_DIRECT:4Z16:covale9""]"
953,COVAPIE_CYS_SG_EVENT_V1:4Z16:D:CYS:909-:SG:H:4LH:CAP,MULTI_SOURCE_PROVENANCE,4Z16,D,,CYS,909,SG,4LH,H,CAP,2,2,"[""SOURCE_COVBINDERINPDB"",""SOURCE_RCSB_PDB_DIRECT""]","[""SOURCE_COVBINDERINPDB:CBR000979"",""SOURCE_RCSB_PDB_DIRECT:4Z16:covale13""]"
954,COVAPIE_CYS_SG_EVENT_V1:4ZFQ:A:CYS:360-:SG:D:DWZ:CAA,MULTI_SOURCE_PROVENANCE,4ZFQ,A,,CYS,360,SG,DWZ,D,CAA,2,2,"[""SOURCE_COVBINDERINPDB"",""SOURCE_RCSB_PDB_DIRECT""]","[""SOURCE_COVBINDERINPDB:CBR001494"",""SOURCE_RCSB_PDB_DIRECT:4ZFQ:covale1""]"
955,COVAPIE_CYS_SG_EVENT_V1:4ZZM:A:CYS:166-:SG:C:CQ6:C,MULTI_SOURCE_PROVENANCE,4ZZM,A,,CYS,166,SG,CQ6,C,C,2,2,"[""SOURCE_COVPDB"",""SOURCE_RCSB_PDB_DIRECT""]","[""SOURCE_COVPDB:CovPDB_complexes/4zzm/4zzm.pdb#LINK00413"",""SOURCE_RCSB_PDB_DIRECT:4ZZM:covale3""]"
956,COVAPIE_CYS_SG_EVENT_V1:4ZZO:A:CYS:166-:SG:C:CQ3:C,MULTI_SOURCE_PROVENANCE,4ZZO,A,,CYS,166,SG,CQ3,C,C,2,2,"[""SOURCE_COVPDB"",""SOURCE_RCSB_PDB_DIRECT""]","[""SOURCE_COVPDB:CovPDB_complexes/4zzo/4zzo.pdb#LINK00427"",""SOURCE_RCSB_PDB_DIRECT:4ZZO:covale3""]"
957,COVAPIE_CYS_SG_EVENT_V1:5A24:A:CYS:26-:SG:B:E64:C2,MULTI_SOURCE_PROVENANCE,5A24,A,,CYS,26,SG,E64,B,C2,3,3,"[""SOURCE_COVBINDERINPDB"",""SOURCE_COVPDB"",""SOURCE_RCSB_PDB_DIRECT""]","[""SOURCE_COVBINDERINPDB:CBR001932"",""SOURCE_COVPDB:CovPDB_complexes/5a24/5a24.pdb#LINK00468"",""SOURCE_RCSB_PDB_DIRECT:5A24:covale1""]"
958,COVAPIE_CYS_SG_EVENT_V1:5A2D:A:CYS:450-:SG:E:CHT:C4,MULTI_SOURCE_PROVENANCE,5A2D,A,,CYS,450,SG,CHT,E,C4,2,2,"[""SOURCE_COVBINDERINPDB"",""SOURCE_RCSB_PDB_DIRECT""]","[""SOURCE_COVBINDERINPDB:CBR001929"",""SOURCE_RCSB_PDB_DIRECT:5A2D:covale1""]"
959,COVAPIE_CYS_SG_EVENT_V1:5A2D:B:CYS:450-:SG:H:CHT:C4,MULTI_SOURCE_PROVENANCE,5A2D,B,,CYS,450,SG,CHT,H,C4,2,2,"[""SOURCE_COVBINDERINPDB"",""SOURCE_RCSB_PDB_DIRECT""]","[""SOURCE_COVBINDERINPDB:CBR001930"",""SOURCE_RCSB_PDB_DIRECT:5A2D:covale2""]"
960,COVAPIE_CYS_SG_EVENT_V1:5AC0:A:CYS:301-:SG:D:K9P:C8,MULTI_SOURCE_PROVENANCE,5AC0,A,,CYS,301,SG,K9P,D,C8,3,3,"[""SOURCE_COVBINDERINPDB"",""SOURCE_COVPDB"",""SOURCE_RCSB_PDB_DIRECT""]","[""SOURCE_COVBINDERINPDB:CBR000306"",""SOURCE_COVPDB:CovPDB_complexes/5ac0/5ac0.pdb#LINK00633"",""SOURCE_RCSB_PDB_DIRECT:5AC0:covale1""]"
961,COVAPIE_CYS_SG_EVENT_V1:5AC0:B:CYS:301-:SG:G:K9P:C8,MULTI_SOURCE_PROVENANCE,5AC0,B,,CYS,301,SG,K9P,G,C8,3,3,"[""SOURCE_COVBINDERINPDB"",""SOURCE_COVPDB"",""SOURCE_RCSB_PDB_DIRECT""]","[""SOURCE_COVBINDERINPDB:CBR000307"",""SOURCE_COVPDB:CovPDB_complexes/5ac0/5ac0.pdb#LINK00640"",""SOURCE_RCSB_PDB_DIRECT:5AC0:covale2""]"
962,COVAPIE_CYS_SG_EVENT_V1:5AC1:B:CYS:301-:SG:H:K9P:C8,MULTI_SOURCE_PROVENANCE,5AC1,B,,CYS,301,SG,K9P,H,C8,3,3,"[""SOURCE_COVBINDERINPDB"",""SOURCE_COVPDB"",""SOURCE_RCSB_PDB_DIRECT""]","[""SOURCE_COVBINDERINPDB:CBR000304"",""SOURCE_COVPDB:CovPDB_complexes/5ac1/5ac1.pdb#LINK00940"",""SOURCE_RCSB_PDB_DIRECT:5AC1:covale1""]"
963,COVAPIE_CYS_SG_EVENT_V1:5AC1:C:CYS:301-:SG:K:K9P:C8,MULTI_SOURCE_PROVENANCE,5AC1,C,,CYS,301,SG,K9P,K,C8,3,3,"[""SOURCE_COVBINDERINPDB"",""SOURCE_COVPDB"",""SOURCE_RCSB_PDB_DIRECT""]","[""SOURCE_COVBINDERINPDB:CBR000305"",""SOURCE_COVPDB:CovPDB_complexes/5ac1/5ac1.pdb#LINK00941"",""SOURCE_RCSB_PDB_DIRECT:5AC1:covale2""]"
964,COVAPIE_CYS_SG_EVENT_V1:5AC2:A:CYS:302-:SG:B:K9P:C8,MULTI_SOURCE_PROVENANCE,5AC2,A,,CYS,302,SG,K9P,B,C8,3,3,"[""SOURCE_COVBINDERINPDB"",""SOURCE_COVPDB"",""SOURCE_RCSB_PDB_DIRECT""]","[""SOURCE_COVBINDERINPDB:CBR000310"",""SOURCE_COVPDB:CovPDB_complexes/5ac2/5ac2.pdb#LINK00578"",""SOURCE_RCSB_PDB_DIRECT:5AC2:covale1""]"
965,COVAPIE_CYS_SG_EVENT_V1:5ACB:C:CYS:1039-:SG:E:5I1:CBL,MULTI_SOURCE_PROVENANCE,5ACB,C,,CYS,1039,SG,5I1,E,CBL,2,2,"[""SOURCE_COVBINDERINPDB"",""SOURCE_RCSB_PDB_DIRECT""]","[""SOURCE_COVBINDERINPDB:CBR000308"",""SOURCE_RCSB_PDB_DIRECT:5ACB:covale3""]"
966,COVAPIE_CYS_SG_EVENT_V1:5ACB:D:CYS:1039-:SG:F:5I1:CBL,MULTI_SOURCE_PROVENANCE,5ACB,D,,CYS,1039,SG,5I1,F,CBL,2,2,"[""SOURCE_COVBINDERINPDB"",""SOURCE_RCSB_PDB_DIRECT""]","[""SOURCE_COVBINDERINPDB:CBR000309"",""SOURCE_RCSB_PDB_DIRECT:5ACB:covale6""]"
967,COVAPIE_CYS_SG_EVENT_V1:5ARB:A:CYS:217-:SG:F:EI3:C1,MULTI_SOURCE_PROVENANCE,5ARB,A,,CYS,217,SG,EI3,F,C1,2,2,"[""SOURCE_COVPDB"",""SOURCE_RCSB_PDB_DIRECT""]","[""SOURCE_COVPDB:CovPDB_complexes/5arb/5arb.pdb#LINK00489"",""SOURCE_RCSB_PDB_DIRECT:5ARB:covale1""]"
968,COVAPIE_CYS_SG_EVENT_V1:5ARC:A:CYS:217-:SG:C:EI3:C1,MULTI_SOURCE_PROVENANCE,5ARC,A,,CYS,217,SG,EI3,C,C1,2,2,"[""SOURCE_COVPDB"",""SOURCE_RCSB_PDB_DIRECT""]","[""SOURCE_COVPDB:CovPDB_complexes/5arc/5arc.pdb#LINK00453"",""SOURCE_RCSB_PDB_DIRECT:5ARC:covale1""]"
969,COVAPIE_CYS_SG_EVENT_V1:5ARD:A:CYS:217-:SG:E:EI3:C1,MULTI_SOURCE_PROVENANCE,5ARD,A,,CYS,217,SG,EI3,E,C1,2,2,"[""SOURCE_COVPDB"",""SOURCE_RCSB_PDB_DIRECT""]","[""SOURCE_COVPDB:CovPDB_complexes/5ard/5ard.pdb#LINK00425"",""SOURCE_RCSB_PDB_DIRECT:5ARD:covale1""]"
970,COVAPIE_CYS_SG_EVENT_V1:5AXS:A:CYS:119-:SG:B:4LF:C4,MULTI_SOURCE_PROVENANCE,5AXS,A,,CYS,119,SG,4LF,B,C4,2,2,"[""SOURCE_COVPDB"",""SOURCE_RCSB_PDB_DIRECT""]","[""SOURCE_COVPDB:CovPDB_complexes/5axs/5axs.pdb#LINK00955"",""SOURCE_RCSB_PDB_DIRECT:5AXS:covale1""]"
971,COVAPIE_CYS_SG_EVENT_V1:5AZP:A:CYS:1-:SG:D:3PK:CG3,MULTI_SOURCE_PROVENANCE,5AZP,A,,CYS,1,SG,3PK,D,CG3,2,2,"[""SOURCE_COVPDB"",""SOURCE_RCSB_PDB_DIRECT""]","[""SOURCE_COVPDB:CovPDB_complexes/5azp/5azp.pdb#LINK01182"",""SOURCE_RCSB_PDB_DIRECT:5AZP:covale1""]"
972,COVAPIE_CYS_SG_EVENT_V1:5AZP:C:CYS:1-:SG:LA:3PK:CG3,MULTI_SOURCE_PROVENANCE,5AZP,C,,CYS,1,SG,3PK,LA,CG3,2,2,"[""SOURCE_COVPDB"",""SOURCE_RCSB_PDB_DIRECT""]","[""SOURCE_COVPDB:CovPDB_complexes/5azp/5azp.pdb#LINK01184"",""SOURCE_RCSB_PDB_DIRECT:5AZP:covale3""]"
973,COVAPIE_CYS_SG_EVENT_V1:5AZT:A:CYS:275-:SG:D:4M5:C15,MULTI_SOURCE_PROVENANCE,5AZT,A,,CYS,275,SG,4M5,D,C15,2,2,"[""SOURCE_COVBINDERINPDB"",""SOURCE_RCSB_PDB_DIRECT""]","[""SOURCE_COVBINDERINPDB:CBR002820"",""SOURCE_RCSB_PDB_DIRECT:5AZT:covale1""]"
974,COVAPIE_CYS_SG_EVENT_V1:5AZT:B:CYS:275-:SG:E:4M5:C15,MULTI_SOURCE_PROVENANCE,5AZT,B,,CYS,275,SG,4M5,E,C15,2,2,"[""SOURCE_COVBINDERINPDB"",""SOURCE_RCSB_PDB_DIRECT""]","[""SOURCE_COVBINDERINPDB:CBR002821"",""SOURCE_RCSB_PDB_DIRECT:5AZT:covale2""]"
975,COVAPIE_CYS_SG_EVENT_V1:5AZV:A:CYS:285-:SG:C:4M5:C15,MULTI_SOURCE_PROVENANCE,5AZV,A,,CYS,285,SG,4M5,C,C15,2,2,"[""SOURCE_COVBINDERINPDB"",""SOURCE_RCSB_PDB_DIRECT""]","[""SOURCE_COVBINDERINPDB:CBR002826"",""SOURCE_RCSB_PDB_DIRECT:5AZV:covale1""]"
976,COVAPIE_CYS_SG_EVENT_V1:5AZV:B:CYS:285-:SG:D:4M5:C15,MULTI_SOURCE_PROVENANCE,5AZV,B,,CYS,285,SG,4M5,D,C15,2,2,"[""SOURCE_COVBINDERINPDB"",""SOURCE_RCSB_PDB_DIRECT""]","[""SOURCE_COVBINDERINPDB:CBR002827"",""SOURCE_RCSB_PDB_DIRECT:5AZV:covale2""]"
977,COVAPIE_CYS_SG_EVENT_V1:5C1U:A:CYS:147-:SG:C:GHV:C27,MULTI_SOURCE_PROVENANCE,5C1U,A,,CYS,147,SG,GHV,C,C27,3,3,"[""SOURCE_COVBINDERINPDB"",""SOURCE_COVPDB"",""SOURCE_RCSB_PDB_DIRECT""]","[""SOURCE_COVBINDERINPDB:CBR002350"",""SOURCE_COVPDB:CovPDB_complexes/5c1u/5c1u.pdb#LINK00520"",""SOURCE_RCSB_PDB_DIRECT:5C1U:covale1""]"
978,COVAPIE_CYS_SG_EVENT_V1:5C1U:B:CYS:147-:SG:D:GHV:C27,MULTI_SOURCE_PROVENANCE,5C1U,B,,CYS,147,SG,GHV,D,C27,3,3,"[""SOURCE_COVBINDERINPDB"",""SOURCE_COVPDB"",""SOURCE_RCSB_PDB_DIRECT""]","[""SOURCE_COVBINDERINPDB:CBR002351"",""SOURCE_COVPDB:CovPDB_complexes/5c1u/5c1u.pdb#LINK00521"",""SOURCE_RCSB_PDB_DIRECT:5C1U:covale2""]"
979,COVAPIE_CYS_SG_EVENT_V1:5C1X:A:CYS:147-:SG:C:GHX:C27,MULTI_SOURCE_PROVENANCE,5C1X,A,,CYS,147,SG,GHX,C,C27,3,3,"[""SOURCE_COVBINDERINPDB"",""SOURCE_COVPDB"",""SOURCE_RCSB_PDB_DIRECT""]","[""SOURCE_COVBINDERINPDB:CBR002337"",""SOURCE_COVPDB:CovPDB_complexes/5c1x/5c1x.pdb#LINK00464"",""SOURCE_RCSB_PDB_DIRECT:5C1X:covale1""]"
980,COVAPIE_CYS_SG_EVENT_V1:5C1X:B:CYS:147-:SG:D:GHX:C27,MULTI_SOURCE_PROVENANCE,5C1X,B,,CYS,147,SG,GHX,D,C27,3,3,"[""SOURCE_COVBINDERINPDB"",""SOURCE_COVPDB"",""SOURCE_RCSB_PDB_DIRECT""]","[""SOURCE_COVBINDERINPDB:CBR002338"",""SOURCE_COVPDB:CovPDB_complexes/5c1x/5c1x.pdb#LINK00465"",""SOURCE_RCSB_PDB_DIRECT:5C1X:covale2""]"
981,COVAPIE_CYS_SG_EVENT_V1:5C1Y:A:CYS:147-:SG:B:GHY:C27,MULTI_SOURCE_PROVENANCE,5C1Y,A,,CYS,147,SG,GHY,B,C27,3,3,"[""SOURCE_COVBINDERINPDB"",""SOURCE_COVPDB"",""SOURCE_RCSB_PDB_DIRECT""]","[""SOURCE_COVBINDERINPDB:CBR002336"",""SOURCE_COVPDB:CovPDB_complexes/5c1y/5c1y.pdb#LINK00399"",""SOURCE_RCSB_PDB_DIRECT:5C1Y:covale1""]"
982,COVAPIE_CYS_SG_EVENT_V1:5C20:A:CYS:147-:SG:B:GHZ:C27,MULTI_SOURCE_PROVENANCE,5C20,A,,CYS,147,SG,GHZ,B,C27,2,2,"[""SOURCE_COVBINDERINPDB"",""SOURCE_RCSB_PDB_DIRECT""]","[""SOURCE_COVBINDERINPDB:CBR000122"",""SOURCE_RCSB_PDB_DIRECT:5C20:covale1""]"
983,COVAPIE_CYS_SG_EVENT_V1:5C5O:A:CYS:145-:SG:C:SDJ:C20,MULTI_SOURCE_PROVENANCE,5C5O,A,,CYS,145,SG,SDJ,C,C20,2,2,"[""SOURCE_COVPDB"",""SOURCE_RCSB_PDB_DIRECT""]","[""SOURCE_COVPDB:CovPDB_complexes/5c5o/5c5o.pdb#LINK00460"",""SOURCE_RCSB_PDB_DIRECT:5C5O:covale1""]"
984,COVAPIE_CYS_SG_EVENT_V1:5C5O:B:CYS:145-:SG:D:SDJ:C20,MULTI_SOURCE_PROVENANCE,5C5O,B,,CYS,145,SG,SDJ,D,C20,2,2,"[""SOURCE_COVPDB"",""SOURCE_RCSB_PDB_DIRECT""]","[""SOURCE_COVPDB:CovPDB_complexes/5c5o/5c5o.pdb#LINK00461"",""SOURCE_RCSB_PDB_DIRECT:5C5O:covale2""]"
985,COVAPIE_CYS_SG_EVENT_V1:5C91:A:CYS:627-:SG:B:4YU:C3,MULTI_SOURCE_PROVENANCE,5C91,A,,CYS,627,SG,4YU,B,C3,2,2,"[""SOURCE_COVBINDERINPDB"",""SOURCE_RCSB_PDB_DIRECT""]","[""SOURCE_COVBINDERINPDB:CBR002428"",""SOURCE_RCSB_PDB_DIRECT:5C91:covale1""]"
986,COVAPIE_CYS_SG_EVENT_V1:5CRA:A:CYS:118-:SG:K:GVE:CB,MULTI_SOURCE_PROVENANCE,5CRA,A,,CYS,118,SG,GVE,K,CB,2,2,"[""SOURCE_COVBINDERINPDB"",""SOURCE_RCSB_PDB_DIRECT""]","[""SOURCE_COVBINDERINPDB:CBR000952"",""SOURCE_RCSB_PDB_DIRECT:5CRA:covale1""]"
987,COVAPIE_CYS_SG_EVENT_V1:5CZU:A:CYS:119-:SG:B:4LF:C4,MULTI_SOURCE_PROVENANCE,5CZU,A,,CYS,119,SG,4LF,B,C4,2,2,"[""SOURCE_COVPDB"",""SOURCE_RCSB_PDB_DIRECT""]","[""SOURCE_COVPDB:CovPDB_complexes/5czu/5czu.pdb#LINK00961"",""SOURCE_RCSB_PDB_DIRECT:5CZU:covale1""]"
988,COVAPIE_CYS_SG_EVENT_V1:5D11:A:CYS:345-:SG:D:56G:CAA,MULTI_SOURCE_PROVENANCE,5D11,A,,CYS,345,SG,56G,D,CAA,3,3,"[""SOURCE_COVBINDERINPDB"",""SOURCE_COVPDB"",""SOURCE_RCSB_PDB_DIRECT""]","[""SOURCE_COVBINDERINPDB:CBR001443"",""SOURCE_COVPDB:CovPDB_complexes/5d11/5d11.pdb#LINK00574"",""SOURCE_RCSB_PDB_DIRECT:5D11:covale1""]"
989,COVAPIE_CYS_SG_EVENT_V1:5D11:B:CYS:345-:SG:F:56G:CAA,MULTI_SOURCE_PROVENANCE,5D11,B,,CYS,345,SG,56G,F,CAA,3,3,"[""SOURCE_COVBINDERINPDB"",""SOURCE_COVPDB"",""SOURCE_RCSB_PDB_DIRECT""]","[""SOURCE_COVBINDERINPDB:CBR001444"",""SOURCE_COVPDB:CovPDB_complexes/5d11/5d11.pdb#LINK00575"",""SOURCE_RCSB_PDB_DIRECT:5D11:covale2""]"
990,COVAPIE_CYS_SG_EVENT_V1:5DAD:A:CYS:151-:SG:B:TX6:C1,MULTI_SOURCE_PROVENANCE,5DAD,A,,CYS,151,SG,TX6,B,C1,2,2,"[""SOURCE_COVBINDERINPDB"",""SOURCE_RCSB_PDB_DIRECT""]","[""SOURCE_COVBINDERINPDB:CBR002103"",""SOURCE_RCSB_PDB_DIRECT:5DAD:covale1""]"
991,COVAPIE_CYS_SG_EVENT_V1:5DAF:A:CYS:151-:SG:B:58E:C1,MULTI_SOURCE_PROVENANCE,5DAF,A,,CYS,151,SG,58E,B,C1,3,3,"[""SOURCE_COVBINDERINPDB"",""SOURCE_COVPDB"",""SOURCE_RCSB_PDB_DIRECT""]","[""SOURCE_COVBINDERINPDB:CBR002105"",""SOURCE_COVPDB:CovPDB_complexes/5daf/5daf.pdb#LINK00396"",""SOURCE_RCSB_PDB_DIRECT:5DAF:covale1""]"
992,COVAPIE_CYS_SG_EVENT_V1:5DC2:A:CYS:354-:SG:C:58U:C7,MULTI_SOURCE_PROVENANCE,5DC2,A,,CYS,354,SG,58U,C,C7,3,3,"[""SOURCE_COVBINDERINPDB"",""SOURCE_COVPDB"",""SOURCE_RCSB_PDB_DIRECT""]","[""SOURCE_COVBINDERINPDB:CBR004869"",""SOURCE_COVPDB:CovPDB_complexes/5dc2/5dc2.pdb#LINK00806"",""SOURCE_RCSB_PDB_DIRECT:5DC2:covale1""]"
993,COVAPIE_CYS_SG_EVENT_V1:5DC2:B:CYS:354-:SG:S:58U:C7,MULTI_SOURCE_PROVENANCE,5DC2,B,,CYS,354,SG,58U,S,C7,3,3,"[""SOURCE_COVBINDERINPDB"",""SOURCE_COVPDB"",""SOURCE_RCSB_PDB_DIRECT""]","[""SOURCE_COVBINDERINPDB:CBR004870"",""SOURCE_COVPDB:CovPDB_complexes/5dc2/5dc2.pdb#LINK00807"",""SOURCE_RCSB_PDB_DIRECT:5DC2:covale2""]"
994,COVAPIE_CYS_SG_EVENT_V1:5DCC:A:CYS:354-:SG:C:58U:C7,MULTI_SOURCE_PROVENANCE,5DCC,A,,CYS,354,SG,58U,C,C7,3,3,"[""SOURCE_COVBINDERINPDB"",""SOURCE_COVPDB"",""SOURCE_RCSB_PDB_DIRECT""]","[""SOURCE_COVBINDERINPDB:CBR004863"",""SOURCE_COVPDB:CovPDB_complexes/5dcc/5dcc.pdb#LINK00739"",""SOURCE_RCSB_PDB_DIRECT:5DCC:covale1""]"
995,COVAPIE_CYS_SG_EVENT_V1:5DCC:B:CYS:354-:SG:S:58U:C7,MULTI_SOURCE_PROVENANCE,5DCC,B,,CYS,354,SG,58U,S,C7,3,3,"[""SOURCE_COVBINDERINPDB"",""SOURCE_COVPDB"",""SOURCE_RCSB_PDB_DIRECT""]","[""SOURCE_COVBINDERINPDB:CBR004864"",""SOURCE_COVPDB:CovPDB_complexes/5dcc/5dcc.pdb#LINK00740"",""SOURCE_RCSB_PDB_DIRECT:5DCC:covale2""]"
996,COVAPIE_CYS_SG_EVENT_V1:5DG6:A:CYS:139-:SG:E:V66:C25,MULTI_SOURCE_PROVENANCE,5DG6,A,,CYS,139,SG,V66,E,C25,2,2,"[""SOURCE_COVPDB"",""SOURCE_RCSB_PDB_DIRECT""]","[""SOURCE_COVPDB:CovPDB_complexes/5dg6/5dg6.pdb#LINK00496"",""SOURCE_RCSB_PDB_DIRECT:5DG6:covale1""]"
997,COVAPIE_CYS_SG_EVENT_V1:5DGJ:A:CYS:139-:SG:B:V64:C24,MULTI_SOURCE_PROVENANCE,5DGJ,A,,CYS,139,SG,V64,B,C24,2,3,"[""SOURCE_COVPDB"",""SOURCE_RCSB_PDB_DIRECT""]","[""SOURCE_COVPDB:CovPDB_complexes/5dgj/5dgj.pdb#LINK00411"",""SOURCE_COVPDB:CovPDB_complexes/5dgj/5dgj.pdb#LINK00412"",""SOURCE_RCSB_PDB_DIRECT:5DGJ:covale2""]"
998,COVAPIE_CYS_SG_EVENT_V1:5DP3:A:CYS:147-:SG:B:5GH:C14,MULTI_SOURCE_PROVENANCE,5DP3,A,,CYS,147,SG,5GH,B,C14,3,3,"[""SOURCE_COVBINDERINPDB"",""SOURCE_COVPDB"",""SOURCE_RCSB_PDB_DIRECT""]","[""SOURCE_COVBINDERINPDB:CBR004937"",""SOURCE_COVPDB:CovPDB_complexes/5dp3/5dp3.pdb#LINK00428"",""SOURCE_RCSB_PDB_DIRECT:5DP3:covale1""]"
999,COVAPIE_CYS_SG_EVENT_V1:5DP4:A:CYS:147-:SG:E:5E8:C14,MULTI_SOURCE_PROVENANCE,5DP4,A,,CYS,147,SG,5E8,E,C14,3,3,"[""SOURCE_COVBINDERINPDB"",""SOURCE_COVPDB"",""SOURCE_RCSB_PDB_DIRECT""]","[""SOURCE_COVBINDERINPDB:CBR004930"",""SOURCE_COVPDB:CovPDB_complexes/5dp4/5dp4.pdb#LINK00658"",""SOURCE_RCSB_PDB_DIRECT:5DP4:covale1""]"
1000,COVAPIE_CYS_SG_EVENT_V1:5DP4:B:CYS:147-:SG:F:5E8:C14,MULTI_SOURCE_PROVENANCE,5DP4,B,,CYS,147,SG,5E8,F,C14,3,3,"[""SOURCE_COVBINDERINPDB"",""SOURCE_COVPDB"",""SOURCE_RCSB_PDB_DIRECT""]","[""SOURCE_COVBINDERINPDB:CBR004931"",""SOURCE_COVPDB:CovPDB_complexes/5dp4/5dp4.pdb#LINK00659"",""SOURCE_RCSB_PDB_DIRECT:5DP4:covale2""]"
