case_order,case_id,case_group,scope_id_representation,vector_type,observed_rule_ids,observed_states,expected_outcome,observed_outcome,expected_passed,observed_passed,expected_blocks_action,observed_blocks_action,expected_reason,observed_reason,required_rule_ids,failing_rule_ids,design_io_used,current_permission,authorized_execution_count,case_passed
1,download_execution_permission__all_pass,canonical_all_pass,download_execution_permission,tuple,ADMIT_001|ADMIT_002|ADMIT_003|ADMIT_004|ADMIT_005|ADMIT_006|ADMIT_007|ADMIT_008|ADMIT_009|ADMIT_011|ADMIT_014,passed|passed|passed|passed|passed|passed|passed|passed|passed|passed|passed,passed,passed,true,true,false,false,,,ADMIT_001|ADMIT_002|ADMIT_003|ADMIT_004|ADMIT_005|ADMIT_006|ADMIT_007|ADMIT_008|ADMIT_009|ADMIT_011|ADMIT_014,,false,false,0,true
2,download_execution_permission__ADMIT_001__blocked,every_required_rule_blocked,download_execution_permission,tuple,ADMIT_001|ADMIT_002|ADMIT_003|ADMIT_004|ADMIT_005|ADMIT_006|ADMIT_007|ADMIT_008|ADMIT_009|ADMIT_011|ADMIT_014,blocked|passed|passed|passed|passed|passed|passed|passed|passed|passed|passed,blocked,blocked,false,false,true,true,COMBINED_PERMISSION_REQUIRED_RULE_BLOCKED,COMBINED_PERMISSION_REQUIRED_RULE_BLOCKED,ADMIT_001|ADMIT_002|ADMIT_003|ADMIT_004|ADMIT_005|ADMIT_006|ADMIT_007|ADMIT_008|ADMIT_009|ADMIT_011|ADMIT_014,ADMIT_001,false,false,0,true
3,download_execution_permission__ADMIT_001__invalid,every_required_rule_invalid,download_execution_permission,tuple,ADMIT_001|ADMIT_002|ADMIT_003|ADMIT_004|ADMIT_005|ADMIT_006|ADMIT_007|ADMIT_008|ADMIT_009|ADMIT_011|ADMIT_014,invalid|passed|passed|passed|passed|passed|passed|passed|passed|passed|passed,invalid,invalid,false,false,true,true,COMBINED_PERMISSION_SCOPE_OR_VECTOR_OR_STATE_CONTRACT_INVALID,COMBINED_PERMISSION_SCOPE_OR_VECTOR_OR_STATE_CONTRACT_INVALID,ADMIT_001|ADMIT_002|ADMIT_003|ADMIT_004|ADMIT_005|ADMIT_006|ADMIT_007|ADMIT_008|ADMIT_009|ADMIT_011|ADMIT_014,ADMIT_001,false,false,0,true
4,download_execution_permission__ADMIT_002__blocked,every_required_rule_blocked,download_execution_permission,tuple,ADMIT_001|ADMIT_002|ADMIT_003|ADMIT_004|ADMIT_005|ADMIT_006|ADMIT_007|ADMIT_008|ADMIT_009|ADMIT_011|ADMIT_014,passed|blocked|passed|passed|passed|passed|passed|passed|passed|passed|passed,blocked,blocked,false,false,true,true,COMBINED_PERMISSION_REQUIRED_RULE_BLOCKED,COMBINED_PERMISSION_REQUIRED_RULE_BLOCKED,ADMIT_001|ADMIT_002|ADMIT_003|ADMIT_004|ADMIT_005|ADMIT_006|ADMIT_007|ADMIT_008|ADMIT_009|ADMIT_011|ADMIT_014,ADMIT_002,false,false,0,true
5,download_execution_permission__ADMIT_002__invalid,every_required_rule_invalid,download_execution_permission,tuple,ADMIT_001|ADMIT_002|ADMIT_003|ADMIT_004|ADMIT_005|ADMIT_006|ADMIT_007|ADMIT_008|ADMIT_009|ADMIT_011|ADMIT_014,passed|invalid|passed|passed|passed|passed|passed|passed|passed|passed|passed,invalid,invalid,false,false,true,true,COMBINED_PERMISSION_SCOPE_OR_VECTOR_OR_STATE_CONTRACT_INVALID,COMBINED_PERMISSION_SCOPE_OR_VECTOR_OR_STATE_CONTRACT_INVALID,ADMIT_001|ADMIT_002|ADMIT_003|ADMIT_004|ADMIT_005|ADMIT_006|ADMIT_007|ADMIT_008|ADMIT_009|ADMIT_011|ADMIT_014,ADMIT_002,false,false,0,true
6,download_execution_permission__ADMIT_003__blocked,every_required_rule_blocked,download_execution_permission,tuple,ADMIT_001|ADMIT_002|ADMIT_003|ADMIT_004|ADMIT_005|ADMIT_006|ADMIT_007|ADMIT_008|ADMIT_009|ADMIT_011|ADMIT_014,passed|passed|blocked|passed|passed|passed|passed|passed|passed|passed|passed,blocked,blocked,false,false,true,true,COMBINED_PERMISSION_REQUIRED_RULE_BLOCKED,COMBINED_PERMISSION_REQUIRED_RULE_BLOCKED,ADMIT_001|ADMIT_002|ADMIT_003|ADMIT_004|ADMIT_005|ADMIT_006|ADMIT_007|ADMIT_008|ADMIT_009|ADMIT_011|ADMIT_014,ADMIT_003,false,false,0,true
7,download_execution_permission__ADMIT_003__invalid,every_required_rule_invalid,download_execution_permission,tuple,ADMIT_001|ADMIT_002|ADMIT_003|ADMIT_004|ADMIT_005|ADMIT_006|ADMIT_007|ADMIT_008|ADMIT_009|ADMIT_011|ADMIT_014,passed|passed|invalid|passed|passed|passed|passed|passed|passed|passed|passed,invalid,invalid,false,false,true,true,COMBINED_PERMISSION_SCOPE_OR_VECTOR_OR_STATE_CONTRACT_INVALID,COMBINED_PERMISSION_SCOPE_OR_VECTOR_OR_STATE_CONTRACT_INVALID,ADMIT_001|ADMIT_002|ADMIT_003|ADMIT_004|ADMIT_005|ADMIT_006|ADMIT_007|ADMIT_008|ADMIT_009|ADMIT_011|ADMIT_014,ADMIT_003,false,false,0,true
8,download_execution_permission__ADMIT_004__blocked,every_required_rule_blocked,download_execution_permission,tuple,ADMIT_001|ADMIT_002|ADMIT_003|ADMIT_004|ADMIT_005|ADMIT_006|ADMIT_007|ADMIT_008|ADMIT_009|ADMIT_011|ADMIT_014,passed|passed|passed|blocked|passed|passed|passed|passed|passed|passed|passed,blocked,blocked,false,false,true,true,COMBINED_PERMISSION_REQUIRED_RULE_BLOCKED,COMBINED_PERMISSION_REQUIRED_RULE_BLOCKED,ADMIT_001|ADMIT_002|ADMIT_003|ADMIT_004|ADMIT_005|ADMIT_006|ADMIT_007|ADMIT_008|ADMIT_009|ADMIT_011|ADMIT_014,ADMIT_004,false,false,0,true
9,download_execution_permission__ADMIT_004__invalid,every_required_rule_invalid,download_execution_permission,tuple,ADMIT_001|ADMIT_002|ADMIT_003|ADMIT_004|ADMIT_005|ADMIT_006|ADMIT_007|ADMIT_008|ADMIT_009|ADMIT_011|ADMIT_014,passed|passed|passed|invalid|passed|passed|passed|passed|passed|passed|passed,invalid,invalid,false,false,true,true,COMBINED_PERMISSION_SCOPE_OR_VECTOR_OR_STATE_CONTRACT_INVALID,COMBINED_PERMISSION_SCOPE_OR_VECTOR_OR_STATE_CONTRACT_INVALID,ADMIT_001|ADMIT_002|ADMIT_003|ADMIT_004|ADMIT_005|ADMIT_006|ADMIT_007|ADMIT_008|ADMIT_009|ADMIT_011|ADMIT_014,ADMIT_004,false,false,0,true
10,download_execution_permission__ADMIT_005__blocked,every_required_rule_blocked,download_execution_permission,tuple,ADMIT_001|ADMIT_002|ADMIT_003|ADMIT_004|ADMIT_005|ADMIT_006|ADMIT_007|ADMIT_008|ADMIT_009|ADMIT_011|ADMIT_014,passed|passed|passed|passed|blocked|passed|passed|passed|passed|passed|passed,blocked,blocked,false,false,true,true,COMBINED_PERMISSION_REQUIRED_RULE_BLOCKED,COMBINED_PERMISSION_REQUIRED_RULE_BLOCKED,ADMIT_001|ADMIT_002|ADMIT_003|ADMIT_004|ADMIT_005|ADMIT_006|ADMIT_007|ADMIT_008|ADMIT_009|ADMIT_011|ADMIT_014,ADMIT_005,false,false,0,true
11,download_execution_permission__ADMIT_005__invalid,every_required_rule_invalid,download_execution_permission,tuple,ADMIT_001|ADMIT_002|ADMIT_003|ADMIT_004|ADMIT_005|ADMIT_006|ADMIT_007|ADMIT_008|ADMIT_009|ADMIT_011|ADMIT_014,passed|passed|passed|passed|invalid|passed|passed|passed|passed|passed|passed,invalid,invalid,false,false,true,true,COMBINED_PERMISSION_SCOPE_OR_VECTOR_OR_STATE_CONTRACT_INVALID,COMBINED_PERMISSION_SCOPE_OR_VECTOR_OR_STATE_CONTRACT_INVALID,ADMIT_001|ADMIT_002|ADMIT_003|ADMIT_004|ADMIT_005|ADMIT_006|ADMIT_007|ADMIT_008|ADMIT_009|ADMIT_011|ADMIT_014,ADMIT_005,false,false,0,true
12,download_execution_permission__ADMIT_006__blocked,every_required_rule_blocked,download_execution_permission,tuple,ADMIT_001|ADMIT_002|ADMIT_003|ADMIT_004|ADMIT_005|ADMIT_006|ADMIT_007|ADMIT_008|ADMIT_009|ADMIT_011|ADMIT_014,passed|passed|passed|passed|passed|blocked|passed|passed|passed|passed|passed,blocked,blocked,false,false,true,true,COMBINED_PERMISSION_REQUIRED_RULE_BLOCKED,COMBINED_PERMISSION_REQUIRED_RULE_BLOCKED,ADMIT_001|ADMIT_002|ADMIT_003|ADMIT_004|ADMIT_005|ADMIT_006|ADMIT_007|ADMIT_008|ADMIT_009|ADMIT_011|ADMIT_014,ADMIT_006,false,false,0,true
13,download_execution_permission__ADMIT_006__invalid,every_required_rule_invalid,download_execution_permission,tuple,ADMIT_001|ADMIT_002|ADMIT_003|ADMIT_004|ADMIT_005|ADMIT_006|ADMIT_007|ADMIT_008|ADMIT_009|ADMIT_011|ADMIT_014,passed|passed|passed|passed|passed|invalid|passed|passed|passed|passed|passed,invalid,invalid,false,false,true,true,COMBINED_PERMISSION_SCOPE_OR_VECTOR_OR_STATE_CONTRACT_INVALID,COMBINED_PERMISSION_SCOPE_OR_VECTOR_OR_STATE_CONTRACT_INVALID,ADMIT_001|ADMIT_002|ADMIT_003|ADMIT_004|ADMIT_005|ADMIT_006|ADMIT_007|ADMIT_008|ADMIT_009|ADMIT_011|ADMIT_014,ADMIT_006,false,false,0,true
14,download_execution_permission__ADMIT_007__blocked,every_required_rule_blocked,download_execution_permission,tuple,ADMIT_001|ADMIT_002|ADMIT_003|ADMIT_004|ADMIT_005|ADMIT_006|ADMIT_007|ADMIT_008|ADMIT_009|ADMIT_011|ADMIT_014,passed|passed|passed|passed|passed|passed|blocked|passed|passed|passed|passed,blocked,blocked,false,false,true,true,COMBINED_PERMISSION_REQUIRED_RULE_BLOCKED,COMBINED_PERMISSION_REQUIRED_RULE_BLOCKED,ADMIT_001|ADMIT_002|ADMIT_003|ADMIT_004|ADMIT_005|ADMIT_006|ADMIT_007|ADMIT_008|ADMIT_009|ADMIT_011|ADMIT_014,ADMIT_007,false,false,0,true
15,download_execution_permission__ADMIT_007__invalid,every_required_rule_invalid,download_execution_permission,tuple,ADMIT_001|ADMIT_002|ADMIT_003|ADMIT_004|ADMIT_005|ADMIT_006|ADMIT_007|ADMIT_008|ADMIT_009|ADMIT_011|ADMIT_014,passed|passed|passed|passed|passed|passed|invalid|passed|passed|passed|passed,invalid,invalid,false,false,true,true,COMBINED_PERMISSION_SCOPE_OR_VECTOR_OR_STATE_CONTRACT_INVALID,COMBINED_PERMISSION_SCOPE_OR_VECTOR_OR_STATE_CONTRACT_INVALID,ADMIT_001|ADMIT_002|ADMIT_003|ADMIT_004|ADMIT_005|ADMIT_006|ADMIT_007|ADMIT_008|ADMIT_009|ADMIT_011|ADMIT_014,ADMIT_007,false,false,0,true
16,download_execution_permission__ADMIT_008__blocked,every_required_rule_blocked,download_execution_permission,tuple,ADMIT_001|ADMIT_002|ADMIT_003|ADMIT_004|ADMIT_005|ADMIT_006|ADMIT_007|ADMIT_008|ADMIT_009|ADMIT_011|ADMIT_014,passed|passed|passed|passed|passed|passed|passed|blocked|passed|passed|passed,blocked,blocked,false,false,true,true,COMBINED_PERMISSION_REQUIRED_RULE_BLOCKED,COMBINED_PERMISSION_REQUIRED_RULE_BLOCKED,ADMIT_001|ADMIT_002|ADMIT_003|ADMIT_004|ADMIT_005|ADMIT_006|ADMIT_007|ADMIT_008|ADMIT_009|ADMIT_011|ADMIT_014,ADMIT_008,false,false,0,true
17,download_execution_permission__ADMIT_008__invalid,every_required_rule_invalid,download_execution_permission,tuple,ADMIT_001|ADMIT_002|ADMIT_003|ADMIT_004|ADMIT_005|ADMIT_006|ADMIT_007|ADMIT_008|ADMIT_009|ADMIT_011|ADMIT_014,passed|passed|passed|passed|passed|passed|passed|invalid|passed|passed|passed,invalid,invalid,false,false,true,true,COMBINED_PERMISSION_SCOPE_OR_VECTOR_OR_STATE_CONTRACT_INVALID,COMBINED_PERMISSION_SCOPE_OR_VECTOR_OR_STATE_CONTRACT_INVALID,ADMIT_001|ADMIT_002|ADMIT_003|ADMIT_004|ADMIT_005|ADMIT_006|ADMIT_007|ADMIT_008|ADMIT_009|ADMIT_011|ADMIT_014,ADMIT_008,false,false,0,true
18,download_execution_permission__ADMIT_009__blocked,every_required_rule_blocked,download_execution_permission,tuple,ADMIT_001|ADMIT_002|ADMIT_003|ADMIT_004|ADMIT_005|ADMIT_006|ADMIT_007|ADMIT_008|ADMIT_009|ADMIT_011|ADMIT_014,passed|passed|passed|passed|passed|passed|passed|passed|blocked|passed|passed,blocked,blocked,false,false,true,true,COMBINED_PERMISSION_REQUIRED_RULE_BLOCKED,COMBINED_PERMISSION_REQUIRED_RULE_BLOCKED,ADMIT_001|ADMIT_002|ADMIT_003|ADMIT_004|ADMIT_005|ADMIT_006|ADMIT_007|ADMIT_008|ADMIT_009|ADMIT_011|ADMIT_014,ADMIT_009,false,false,0,true
19,download_execution_permission__ADMIT_009__invalid,every_required_rule_invalid,download_execution_permission,tuple,ADMIT_001|ADMIT_002|ADMIT_003|ADMIT_004|ADMIT_005|ADMIT_006|ADMIT_007|ADMIT_008|ADMIT_009|ADMIT_011|ADMIT_014,passed|passed|passed|passed|passed|passed|passed|passed|invalid|passed|passed,invalid,invalid,false,false,true,true,COMBINED_PERMISSION_SCOPE_OR_VECTOR_OR_STATE_CONTRACT_INVALID,COMBINED_PERMISSION_SCOPE_OR_VECTOR_OR_STATE_CONTRACT_INVALID,ADMIT_001|ADMIT_002|ADMIT_003|ADMIT_004|ADMIT_005|ADMIT_006|ADMIT_007|ADMIT_008|ADMIT_009|ADMIT_011|ADMIT_014,ADMIT_009,false,false,0,true
20,download_execution_permission__ADMIT_011__blocked,every_required_rule_blocked,download_execution_permission,tuple,ADMIT_001|ADMIT_002|ADMIT_003|ADMIT_004|ADMIT_005|ADMIT_006|ADMIT_007|ADMIT_008|ADMIT_009|ADMIT_011|ADMIT_014,passed|passed|passed|passed|passed|passed|passed|passed|passed|blocked|passed,blocked,blocked,false,false,true,true,COMBINED_PERMISSION_REQUIRED_RULE_BLOCKED,COMBINED_PERMISSION_REQUIRED_RULE_BLOCKED,ADMIT_001|ADMIT_002|ADMIT_003|ADMIT_004|ADMIT_005|ADMIT_006|ADMIT_007|ADMIT_008|ADMIT_009|ADMIT_011|ADMIT_014,ADMIT_011,false,false,0,true
21,download_execution_permission__ADMIT_011__invalid,every_required_rule_invalid,download_execution_permission,tuple,ADMIT_001|ADMIT_002|ADMIT_003|ADMIT_004|ADMIT_005|ADMIT_006|ADMIT_007|ADMIT_008|ADMIT_009|ADMIT_011|ADMIT_014,passed|passed|passed|passed|passed|passed|passed|passed|passed|invalid|passed,invalid,invalid,false,false,true,true,COMBINED_PERMISSION_SCOPE_OR_VECTOR_OR_STATE_CONTRACT_INVALID,COMBINED_PERMISSION_SCOPE_OR_VECTOR_OR_STATE_CONTRACT_INVALID,ADMIT_001|ADMIT_002|ADMIT_003|ADMIT_004|ADMIT_005|ADMIT_006|ADMIT_007|ADMIT_008|ADMIT_009|ADMIT_011|ADMIT_014,ADMIT_011,false,false,0,true
22,download_execution_permission__ADMIT_014__blocked,every_required_rule_blocked,download_execution_permission,tuple,ADMIT_001|ADMIT_002|ADMIT_003|ADMIT_004|ADMIT_005|ADMIT_006|ADMIT_007|ADMIT_008|ADMIT_009|ADMIT_011|ADMIT_014,passed|passed|passed|passed|passed|passed|passed|passed|passed|passed|blocked,blocked,blocked,false,false,true,true,COMBINED_PERMISSION_REQUIRED_RULE_BLOCKED,COMBINED_PERMISSION_REQUIRED_RULE_BLOCKED,ADMIT_001|ADMIT_002|ADMIT_003|ADMIT_004|ADMIT_005|ADMIT_006|ADMIT_007|ADMIT_008|ADMIT_009|ADMIT_011|ADMIT_014,ADMIT_014,false,false,0,true
23,download_execution_permission__ADMIT_014__invalid,every_required_rule_invalid,download_execution_permission,tuple,ADMIT_001|ADMIT_002|ADMIT_003|ADMIT_004|ADMIT_005|ADMIT_006|ADMIT_007|ADMIT_008|ADMIT_009|ADMIT_011|ADMIT_014,passed|passed|passed|passed|passed|passed|passed|passed|passed|passed|invalid,invalid,invalid,false,false,true,true,COMBINED_PERMISSION_SCOPE_OR_VECTOR_OR_STATE_CONTRACT_INVALID,COMBINED_PERMISSION_SCOPE_OR_VECTOR_OR_STATE_CONTRACT_INVALID,ADMIT_001|ADMIT_002|ADMIT_003|ADMIT_004|ADMIT_005|ADMIT_006|ADMIT_007|ADMIT_008|ADMIT_009|ADMIT_011|ADMIT_014,ADMIT_014,false,false,0,true
24,download_execution_permission__missing_first,missing_required,download_execution_permission,tuple,ADMIT_002|ADMIT_003|ADMIT_004|ADMIT_005|ADMIT_006|ADMIT_007|ADMIT_008|ADMIT_009|ADMIT_011|ADMIT_014,passed|passed|passed|passed|passed|passed|passed|passed|passed|passed,invalid,invalid,false,false,true,true,COMBINED_PERMISSION_SCOPE_OR_VECTOR_OR_STATE_CONTRACT_INVALID,COMBINED_PERMISSION_SCOPE_OR_VECTOR_OR_STATE_CONTRACT_INVALID,ADMIT_001|ADMIT_002|ADMIT_003|ADMIT_004|ADMIT_005|ADMIT_006|ADMIT_007|ADMIT_008|ADMIT_009|ADMIT_011|ADMIT_014,,false,false,0,true
25,download_execution_permission__missing_middle,missing_required,download_execution_permission,tuple,ADMIT_001|ADMIT_002|ADMIT_003|ADMIT_004|ADMIT_005|ADMIT_007|ADMIT_008|ADMIT_009|ADMIT_011|ADMIT_014,passed|passed|passed|passed|passed|passed|passed|passed|passed|passed,invalid,invalid,false,false,true,true,COMBINED_PERMISSION_SCOPE_OR_VECTOR_OR_STATE_CONTRACT_INVALID,COMBINED_PERMISSION_SCOPE_OR_VECTOR_OR_STATE_CONTRACT_INVALID,ADMIT_001|ADMIT_002|ADMIT_003|ADMIT_004|ADMIT_005|ADMIT_006|ADMIT_007|ADMIT_008|ADMIT_009|ADMIT_011|ADMIT_014,,false,false,0,true
26,download_execution_permission__missing_last,missing_required,download_execution_permission,tuple,ADMIT_001|ADMIT_002|ADMIT_003|ADMIT_004|ADMIT_005|ADMIT_006|ADMIT_007|ADMIT_008|ADMIT_009|ADMIT_011,passed|passed|passed|passed|passed|passed|passed|passed|passed|passed,invalid,invalid,false,false,true,true,COMBINED_PERMISSION_SCOPE_OR_VECTOR_OR_STATE_CONTRACT_INVALID,COMBINED_PERMISSION_SCOPE_OR_VECTOR_OR_STATE_CONTRACT_INVALID,ADMIT_001|ADMIT_002|ADMIT_003|ADMIT_004|ADMIT_005|ADMIT_006|ADMIT_007|ADMIT_008|ADMIT_009|ADMIT_011|ADMIT_014,,false,false,0,true
27,download_execution_permission__duplicate,duplicate_rule_id,download_execution_permission,tuple,ADMIT_001|ADMIT_002|ADMIT_003|ADMIT_004|ADMIT_005|ADMIT_006|ADMIT_007|ADMIT_008|ADMIT_009|ADMIT_011|ADMIT_014|ADMIT_001,passed|passed|passed|passed|passed|passed|passed|passed|passed|passed|passed|passed,invalid,invalid,false,false,true,true,COMBINED_PERMISSION_SCOPE_OR_VECTOR_OR_STATE_CONTRACT_INVALID,COMBINED_PERMISSION_SCOPE_OR_VECTOR_OR_STATE_CONTRACT_INVALID,ADMIT_001|ADMIT_002|ADMIT_003|ADMIT_004|ADMIT_005|ADMIT_006|ADMIT_007|ADMIT_008|ADMIT_009|ADMIT_011|ADMIT_014,,false,false,0,true
28,download_execution_permission__reorder,reordered_rule_ids,download_execution_permission,tuple,ADMIT_002|ADMIT_001|ADMIT_003|ADMIT_004|ADMIT_005|ADMIT_006|ADMIT_007|ADMIT_008|ADMIT_009|ADMIT_011|ADMIT_014,passed|passed|passed|passed|passed|passed|passed|passed|passed|passed|passed,invalid,invalid,false,false,true,true,COMBINED_PERMISSION_SCOPE_OR_VECTOR_OR_STATE_CONTRACT_INVALID,COMBINED_PERMISSION_SCOPE_OR_VECTOR_OR_STATE_CONTRACT_INVALID,ADMIT_001|ADMIT_002|ADMIT_003|ADMIT_004|ADMIT_005|ADMIT_006|ADMIT_007|ADMIT_008|ADMIT_009|ADMIT_011|ADMIT_014,,false,false,0,true
29,download_execution_permission__extra,extra_rule_id,download_execution_permission,tuple,ADMIT_001|ADMIT_002|ADMIT_003|ADMIT_004|ADMIT_005|ADMIT_006|ADMIT_007|ADMIT_008|ADMIT_009|ADMIT_011|ADMIT_014|ADMIT_010,passed|passed|passed|passed|passed|passed|passed|passed|passed|passed|passed|passed,invalid,invalid,false,false,true,true,COMBINED_PERMISSION_SCOPE_OR_VECTOR_OR_STATE_CONTRACT_INVALID,COMBINED_PERMISSION_SCOPE_OR_VECTOR_OR_STATE_CONTRACT_INVALID,ADMIT_001|ADMIT_002|ADMIT_003|ADMIT_004|ADMIT_005|ADMIT_006|ADMIT_007|ADMIT_008|ADMIT_009|ADMIT_011|ADMIT_014,,false,false,0,true
30,download_execution_permission__invalid_over_blocked,invalid_blocked_precedence,download_execution_permission,tuple,ADMIT_001|ADMIT_002|ADMIT_003|ADMIT_004|ADMIT_005|ADMIT_006|ADMIT_007|ADMIT_008|ADMIT_009|ADMIT_011|ADMIT_014,blocked|invalid|passed|passed|passed|passed|passed|passed|passed|passed|passed,invalid,invalid,false,false,true,true,COMBINED_PERMISSION_SCOPE_OR_VECTOR_OR_STATE_CONTRACT_INVALID,COMBINED_PERMISSION_SCOPE_OR_VECTOR_OR_STATE_CONTRACT_INVALID,ADMIT_001|ADMIT_002|ADMIT_003|ADMIT_004|ADMIT_005|ADMIT_006|ADMIT_007|ADMIT_008|ADMIT_009|ADMIT_011|ADMIT_014,ADMIT_001|ADMIT_002,false,false,0,true
31,download_execution_permission__admit014_non_override,admit014_pass_non_override,download_execution_permission,tuple,ADMIT_001|ADMIT_002|ADMIT_003|ADMIT_004|ADMIT_005|ADMIT_006|ADMIT_007|ADMIT_008|ADMIT_009|ADMIT_011|ADMIT_014,blocked|passed|passed|passed|passed|passed|passed|passed|passed|passed|passed,blocked,blocked,false,false,true,true,COMBINED_PERMISSION_REQUIRED_RULE_BLOCKED,COMBINED_PERMISSION_REQUIRED_RULE_BLOCKED,ADMIT_001|ADMIT_002|ADMIT_003|ADMIT_004|ADMIT_005|ADMIT_006|ADMIT_007|ADMIT_008|ADMIT_009|ADMIT_011|ADMIT_014,ADMIT_001,false,false,0,true
32,post_download_acceptance_permission__all_pass,canonical_all_pass,post_download_acceptance_permission,tuple,ADMIT_001|ADMIT_002|ADMIT_003|ADMIT_004|ADMIT_005|ADMIT_006|ADMIT_007|ADMIT_008|ADMIT_009|ADMIT_011|ADMIT_012|ADMIT_013|ADMIT_014,passed|passed|passed|passed|passed|passed|passed|passed|passed|passed|passed|passed|passed,passed,passed,true,true,false,false,,,ADMIT_001|ADMIT_002|ADMIT_003|ADMIT_004|ADMIT_005|ADMIT_006|ADMIT_007|ADMIT_008|ADMIT_009|ADMIT_011|ADMIT_012|ADMIT_013|ADMIT_014,,false,false,0,true
33,post_download_acceptance_permission__ADMIT_001__blocked,every_required_rule_blocked,post_download_acceptance_permission,tuple,ADMIT_001|ADMIT_002|ADMIT_003|ADMIT_004|ADMIT_005|ADMIT_006|ADMIT_007|ADMIT_008|ADMIT_009|ADMIT_011|ADMIT_012|ADMIT_013|ADMIT_014,blocked|passed|passed|passed|passed|passed|passed|passed|passed|passed|passed|passed|passed,blocked,blocked,false,false,true,true,COMBINED_PERMISSION_REQUIRED_RULE_BLOCKED,COMBINED_PERMISSION_REQUIRED_RULE_BLOCKED,ADMIT_001|ADMIT_002|ADMIT_003|ADMIT_004|ADMIT_005|ADMIT_006|ADMIT_007|ADMIT_008|ADMIT_009|ADMIT_011|ADMIT_012|ADMIT_013|ADMIT_014,ADMIT_001,false,false,0,true
34,post_download_acceptance_permission__ADMIT_001__invalid,every_required_rule_invalid,post_download_acceptance_permission,tuple,ADMIT_001|ADMIT_002|ADMIT_003|ADMIT_004|ADMIT_005|ADMIT_006|ADMIT_007|ADMIT_008|ADMIT_009|ADMIT_011|ADMIT_012|ADMIT_013|ADMIT_014,invalid|passed|passed|passed|passed|passed|passed|passed|passed|passed|passed|passed|passed,invalid,invalid,false,false,true,true,COMBINED_PERMISSION_SCOPE_OR_VECTOR_OR_STATE_CONTRACT_INVALID,COMBINED_PERMISSION_SCOPE_OR_VECTOR_OR_STATE_CONTRACT_INVALID,ADMIT_001|ADMIT_002|ADMIT_003|ADMIT_004|ADMIT_005|ADMIT_006|ADMIT_007|ADMIT_008|ADMIT_009|ADMIT_011|ADMIT_012|ADMIT_013|ADMIT_014,ADMIT_001,false,false,0,true
35,post_download_acceptance_permission__ADMIT_002__blocked,every_required_rule_blocked,post_download_acceptance_permission,tuple,ADMIT_001|ADMIT_002|ADMIT_003|ADMIT_004|ADMIT_005|ADMIT_006|ADMIT_007|ADMIT_008|ADMIT_009|ADMIT_011|ADMIT_012|ADMIT_013|ADMIT_014,passed|blocked|passed|passed|passed|passed|passed|passed|passed|passed|passed|passed|passed,blocked,blocked,false,false,true,true,COMBINED_PERMISSION_REQUIRED_RULE_BLOCKED,COMBINED_PERMISSION_REQUIRED_RULE_BLOCKED,ADMIT_001|ADMIT_002|ADMIT_003|ADMIT_004|ADMIT_005|ADMIT_006|ADMIT_007|ADMIT_008|ADMIT_009|ADMIT_011|ADMIT_012|ADMIT_013|ADMIT_014,ADMIT_002,false,false,0,true
36,post_download_acceptance_permission__ADMIT_002__invalid,every_required_rule_invalid,post_download_acceptance_permission,tuple,ADMIT_001|ADMIT_002|ADMIT_003|ADMIT_004|ADMIT_005|ADMIT_006|ADMIT_007|ADMIT_008|ADMIT_009|ADMIT_011|ADMIT_012|ADMIT_013|ADMIT_014,passed|invalid|passed|passed|passed|passed|passed|passed|passed|passed|passed|passed|passed,invalid,invalid,false,false,true,true,COMBINED_PERMISSION_SCOPE_OR_VECTOR_OR_STATE_CONTRACT_INVALID,COMBINED_PERMISSION_SCOPE_OR_VECTOR_OR_STATE_CONTRACT_INVALID,ADMIT_001|ADMIT_002|ADMIT_003|ADMIT_004|ADMIT_005|ADMIT_006|ADMIT_007|ADMIT_008|ADMIT_009|ADMIT_011|ADMIT_012|ADMIT_013|ADMIT_014,ADMIT_002,false,false,0,true
37,post_download_acceptance_permission__ADMIT_003__blocked,every_required_rule_blocked,post_download_acceptance_permission,tuple,ADMIT_001|ADMIT_002|ADMIT_003|ADMIT_004|ADMIT_005|ADMIT_006|ADMIT_007|ADMIT_008|ADMIT_009|ADMIT_011|ADMIT_012|ADMIT_013|ADMIT_014,passed|passed|blocked|passed|passed|passed|passed|passed|passed|passed|passed|passed|passed,blocked,blocked,false,false,true,true,COMBINED_PERMISSION_REQUIRED_RULE_BLOCKED,COMBINED_PERMISSION_REQUIRED_RULE_BLOCKED,ADMIT_001|ADMIT_002|ADMIT_003|ADMIT_004|ADMIT_005|ADMIT_006|ADMIT_007|ADMIT_008|ADMIT_009|ADMIT_011|ADMIT_012|ADMIT_013|ADMIT_014,ADMIT_003,false,false,0,true
38,post_download_acceptance_permission__ADMIT_003__invalid,every_required_rule_invalid,post_download_acceptance_permission,tuple,ADMIT_001|ADMIT_002|ADMIT_003|ADMIT_004|ADMIT_005|ADMIT_006|ADMIT_007|ADMIT_008|ADMIT_009|ADMIT_011|ADMIT_012|ADMIT_013|ADMIT_014,passed|passed|invalid|passed|passed|passed|passed|passed|passed|passed|passed|passed|passed,invalid,invalid,false,false,true,true,COMBINED_PERMISSION_SCOPE_OR_VECTOR_OR_STATE_CONTRACT_INVALID,COMBINED_PERMISSION_SCOPE_OR_VECTOR_OR_STATE_CONTRACT_INVALID,ADMIT_001|ADMIT_002|ADMIT_003|ADMIT_004|ADMIT_005|ADMIT_006|ADMIT_007|ADMIT_008|ADMIT_009|ADMIT_011|ADMIT_012|ADMIT_013|ADMIT_014,ADMIT_003,false,false,0,true
39,post_download_acceptance_permission__ADMIT_004__blocked,every_required_rule_blocked,post_download_acceptance_permission,tuple,ADMIT_001|ADMIT_002|ADMIT_003|ADMIT_004|ADMIT_005|ADMIT_006|ADMIT_007|ADMIT_008|ADMIT_009|ADMIT_011|ADMIT_012|ADMIT_013|ADMIT_014,passed|passed|passed|blocked|passed|passed|passed|passed|passed|passed|passed|passed|passed,blocked,blocked,false,false,true,true,COMBINED_PERMISSION_REQUIRED_RULE_BLOCKED,COMBINED_PERMISSION_REQUIRED_RULE_BLOCKED,ADMIT_001|ADMIT_002|ADMIT_003|ADMIT_004|ADMIT_005|ADMIT_006|ADMIT_007|ADMIT_008|ADMIT_009|ADMIT_011|ADMIT_012|ADMIT_013|ADMIT_014,ADMIT_004,false,false,0,true
40,post_download_acceptance_permission__ADMIT_004__invalid,every_required_rule_invalid,post_download_acceptance_permission,tuple,ADMIT_001|ADMIT_002|ADMIT_003|ADMIT_004|ADMIT_005|ADMIT_006|ADMIT_007|ADMIT_008|ADMIT_009|ADMIT_011|ADMIT_012|ADMIT_013|ADMIT_014,passed|passed|passed|invalid|passed|passed|passed|passed|passed|passed|passed|passed|passed,invalid,invalid,false,false,true,true,COMBINED_PERMISSION_SCOPE_OR_VECTOR_OR_STATE_CONTRACT_INVALID,COMBINED_PERMISSION_SCOPE_OR_VECTOR_OR_STATE_CONTRACT_INVALID,ADMIT_001|ADMIT_002|ADMIT_003|ADMIT_004|ADMIT_005|ADMIT_006|ADMIT_007|ADMIT_008|ADMIT_009|ADMIT_011|ADMIT_012|ADMIT_013|ADMIT_014,ADMIT_004,false,false,0,true
41,post_download_acceptance_permission__ADMIT_005__blocked,every_required_rule_blocked,post_download_acceptance_permission,tuple,ADMIT_001|ADMIT_002|ADMIT_003|ADMIT_004|ADMIT_005|ADMIT_006|ADMIT_007|ADMIT_008|ADMIT_009|ADMIT_011|ADMIT_012|ADMIT_013|ADMIT_014,passed|passed|passed|passed|blocked|passed|passed|passed|passed|passed|passed|passed|passed,blocked,blocked,false,false,true,true,COMBINED_PERMISSION_REQUIRED_RULE_BLOCKED,COMBINED_PERMISSION_REQUIRED_RULE_BLOCKED,ADMIT_001|ADMIT_002|ADMIT_003|ADMIT_004|ADMIT_005|ADMIT_006|ADMIT_007|ADMIT_008|ADMIT_009|ADMIT_011|ADMIT_012|ADMIT_013|ADMIT_014,ADMIT_005,false,false,0,true
42,post_download_acceptance_permission__ADMIT_005__invalid,every_required_rule_invalid,post_download_acceptance_permission,tuple,ADMIT_001|ADMIT_002|ADMIT_003|ADMIT_004|ADMIT_005|ADMIT_006|ADMIT_007|ADMIT_008|ADMIT_009|ADMIT_011|ADMIT_012|ADMIT_013|ADMIT_014,passed|passed|passed|passed|invalid|passed|passed|passed|passed|passed|passed|passed|passed,invalid,invalid,false,false,true,true,COMBINED_PERMISSION_SCOPE_OR_VECTOR_OR_STATE_CONTRACT_INVALID,COMBINED_PERMISSION_SCOPE_OR_VECTOR_OR_STATE_CONTRACT_INVALID,ADMIT_001|ADMIT_002|ADMIT_003|ADMIT_004|ADMIT_005|ADMIT_006|ADMIT_007|ADMIT_008|ADMIT_009|ADMIT_011|ADMIT_012|ADMIT_013|ADMIT_014,ADMIT_005,false,false,0,true
43,post_download_acceptance_permission__ADMIT_006__blocked,every_required_rule_blocked,post_download_acceptance_permission,tuple,ADMIT_001|ADMIT_002|ADMIT_003|ADMIT_004|ADMIT_005|ADMIT_006|ADMIT_007|ADMIT_008|ADMIT_009|ADMIT_011|ADMIT_012|ADMIT_013|ADMIT_014,passed|passed|passed|passed|passed|blocked|passed|passed|passed|passed|passed|passed|passed,blocked,blocked,false,false,true,true,COMBINED_PERMISSION_REQUIRED_RULE_BLOCKED,COMBINED_PERMISSION_REQUIRED_RULE_BLOCKED,ADMIT_001|ADMIT_002|ADMIT_003|ADMIT_004|ADMIT_005|ADMIT_006|ADMIT_007|ADMIT_008|ADMIT_009|ADMIT_011|ADMIT_012|ADMIT_013|ADMIT_014,ADMIT_006,false,false,0,true
44,post_download_acceptance_permission__ADMIT_006__invalid,every_required_rule_invalid,post_download_acceptance_permission,tuple,ADMIT_001|ADMIT_002|ADMIT_003|ADMIT_004|ADMIT_005|ADMIT_006|ADMIT_007|ADMIT_008|ADMIT_009|ADMIT_011|ADMIT_012|ADMIT_013|ADMIT_014,passed|passed|passed|passed|passed|invalid|passed|passed|passed|passed|passed|passed|passed,invalid,invalid,false,false,true,true,COMBINED_PERMISSION_SCOPE_OR_VECTOR_OR_STATE_CONTRACT_INVALID,COMBINED_PERMISSION_SCOPE_OR_VECTOR_OR_STATE_CONTRACT_INVALID,ADMIT_001|ADMIT_002|ADMIT_003|ADMIT_004|ADMIT_005|ADMIT_006|ADMIT_007|ADMIT_008|ADMIT_009|ADMIT_011|ADMIT_012|ADMIT_013|ADMIT_014,ADMIT_006,false,false,0,true
45,post_download_acceptance_permission__ADMIT_007__blocked,every_required_rule_blocked,post_download_acceptance_permission,tuple,ADMIT_001|ADMIT_002|ADMIT_003|ADMIT_004|ADMIT_005|ADMIT_006|ADMIT_007|ADMIT_008|ADMIT_009|ADMIT_011|ADMIT_012|ADMIT_013|ADMIT_014,passed|passed|passed|passed|passed|passed|blocked|passed|passed|passed|passed|passed|passed,blocked,blocked,false,false,true,true,COMBINED_PERMISSION_REQUIRED_RULE_BLOCKED,COMBINED_PERMISSION_REQUIRED_RULE_BLOCKED,ADMIT_001|ADMIT_002|ADMIT_003|ADMIT_004|ADMIT_005|ADMIT_006|ADMIT_007|ADMIT_008|ADMIT_009|ADMIT_011|ADMIT_012|ADMIT_013|ADMIT_014,ADMIT_007,false,false,0,true
46,post_download_acceptance_permission__ADMIT_007__invalid,every_required_rule_invalid,post_download_acceptance_permission,tuple,ADMIT_001|ADMIT_002|ADMIT_003|ADMIT_004|ADMIT_005|ADMIT_006|ADMIT_007|ADMIT_008|ADMIT_009|ADMIT_011|ADMIT_012|ADMIT_013|ADMIT_014,passed|passed|passed|passed|passed|passed|invalid|passed|passed|passed|passed|passed|passed,invalid,invalid,false,false,true,true,COMBINED_PERMISSION_SCOPE_OR_VECTOR_OR_STATE_CONTRACT_INVALID,COMBINED_PERMISSION_SCOPE_OR_VECTOR_OR_STATE_CONTRACT_INVALID,ADMIT_001|ADMIT_002|ADMIT_003|ADMIT_004|ADMIT_005|ADMIT_006|ADMIT_007|ADMIT_008|ADMIT_009|ADMIT_011|ADMIT_012|ADMIT_013|ADMIT_014,ADMIT_007,false,false,0,true
47,post_download_acceptance_permission__ADMIT_008__blocked,every_required_rule_blocked,post_download_acceptance_permission,tuple,ADMIT_001|ADMIT_002|ADMIT_003|ADMIT_004|ADMIT_005|ADMIT_006|ADMIT_007|ADMIT_008|ADMIT_009|ADMIT_011|ADMIT_012|ADMIT_013|ADMIT_014,passed|passed|passed|passed|passed|passed|passed|blocked|passed|passed|passed|passed|passed,blocked,blocked,false,false,true,true,COMBINED_PERMISSION_REQUIRED_RULE_BLOCKED,COMBINED_PERMISSION_REQUIRED_RULE_BLOCKED,ADMIT_001|ADMIT_002|ADMIT_003|ADMIT_004|ADMIT_005|ADMIT_006|ADMIT_007|ADMIT_008|ADMIT_009|ADMIT_011|ADMIT_012|ADMIT_013|ADMIT_014,ADMIT_008,false,false,0,true
48,post_download_acceptance_permission__ADMIT_008__invalid,every_required_rule_invalid,post_download_acceptance_permission,tuple,ADMIT_001|ADMIT_002|ADMIT_003|ADMIT_004|ADMIT_005|ADMIT_006|ADMIT_007|ADMIT_008|ADMIT_009|ADMIT_011|ADMIT_012|ADMIT_013|ADMIT_014,passed|passed|passed|passed|passed|passed|passed|invalid|passed|passed|passed|passed|passed,invalid,invalid,false,false,true,true,COMBINED_PERMISSION_SCOPE_OR_VECTOR_OR_STATE_CONTRACT_INVALID,COMBINED_PERMISSION_SCOPE_OR_VECTOR_OR_STATE_CONTRACT_INVALID,ADMIT_001|ADMIT_002|ADMIT_003|ADMIT_004|ADMIT_005|ADMIT_006|ADMIT_007|ADMIT_008|ADMIT_009|ADMIT_011|ADMIT_012|ADMIT_013|ADMIT_014,ADMIT_008,false,false,0,true
49,post_download_acceptance_permission__ADMIT_009__blocked,every_required_rule_blocked,post_download_acceptance_permission,tuple,ADMIT_001|ADMIT_002|ADMIT_003|ADMIT_004|ADMIT_005|ADMIT_006|ADMIT_007|ADMIT_008|ADMIT_009|ADMIT_011|ADMIT_012|ADMIT_013|ADMIT_014,passed|passed|passed|passed|passed|passed|passed|passed|blocked|passed|passed|passed|passed,blocked,blocked,false,false,true,true,COMBINED_PERMISSION_REQUIRED_RULE_BLOCKED,COMBINED_PERMISSION_REQUIRED_RULE_BLOCKED,ADMIT_001|ADMIT_002|ADMIT_003|ADMIT_004|ADMIT_005|ADMIT_006|ADMIT_007|ADMIT_008|ADMIT_009|ADMIT_011|ADMIT_012|ADMIT_013|ADMIT_014,ADMIT_009,false,false,0,true
50,post_download_acceptance_permission__ADMIT_009__invalid,every_required_rule_invalid,post_download_acceptance_permission,tuple,ADMIT_001|ADMIT_002|ADMIT_003|ADMIT_004|ADMIT_005|ADMIT_006|ADMIT_007|ADMIT_008|ADMIT_009|ADMIT_011|ADMIT_012|ADMIT_013|ADMIT_014,passed|passed|passed|passed|passed|passed|passed|passed|invalid|passed|passed|passed|passed,invalid,invalid,false,false,true,true,COMBINED_PERMISSION_SCOPE_OR_VECTOR_OR_STATE_CONTRACT_INVALID,COMBINED_PERMISSION_SCOPE_OR_VECTOR_OR_STATE_CONTRACT_INVALID,ADMIT_001|ADMIT_002|ADMIT_003|ADMIT_004|ADMIT_005|ADMIT_006|ADMIT_007|ADMIT_008|ADMIT_009|ADMIT_011|ADMIT_012|ADMIT_013|ADMIT_014,ADMIT_009,false,false,0,true
51,post_download_acceptance_permission__ADMIT_011__blocked,every_required_rule_blocked,post_download_acceptance_permission,tuple,ADMIT_001|ADMIT_002|ADMIT_003|ADMIT_004|ADMIT_005|ADMIT_006|ADMIT_007|ADMIT_008|ADMIT_009|ADMIT_011|ADMIT_012|ADMIT_013|ADMIT_014,passed|passed|passed|passed|passed|passed|passed|passed|passed|blocked|passed|passed|passed,blocked,blocked,false,false,true,true,COMBINED_PERMISSION_REQUIRED_RULE_BLOCKED,COMBINED_PERMISSION_REQUIRED_RULE_BLOCKED,ADMIT_001|ADMIT_002|ADMIT_003|ADMIT_004|ADMIT_005|ADMIT_006|ADMIT_007|ADMIT_008|ADMIT_009|ADMIT_011|ADMIT_012|ADMIT_013|ADMIT_014,ADMIT_011,false,false,0,true
52,post_download_acceptance_permission__ADMIT_011__invalid,every_required_rule_invalid,post_download_acceptance_permission,tuple,ADMIT_001|ADMIT_002|ADMIT_003|ADMIT_004|ADMIT_005|ADMIT_006|ADMIT_007|ADMIT_008|ADMIT_009|ADMIT_011|ADMIT_012|ADMIT_013|ADMIT_014,passed|passed|passed|passed|passed|passed|passed|passed|passed|invalid|passed|passed|passed,invalid,invalid,false,false,true,true,COMBINED_PERMISSION_SCOPE_OR_VECTOR_OR_STATE_CONTRACT_INVALID,COMBINED_PERMISSION_SCOPE_OR_VECTOR_OR_STATE_CONTRACT_INVALID,ADMIT_001|ADMIT_002|ADMIT_003|ADMIT_004|ADMIT_005|ADMIT_006|ADMIT_007|ADMIT_008|ADMIT_009|ADMIT_011|ADMIT_012|ADMIT_013|ADMIT_014,ADMIT_011,false,false,0,true
53,post_download_acceptance_permission__ADMIT_012__blocked,every_required_rule_blocked,post_download_acceptance_permission,tuple,ADMIT_001|ADMIT_002|ADMIT_003|ADMIT_004|ADMIT_005|ADMIT_006|ADMIT_007|ADMIT_008|ADMIT_009|ADMIT_011|ADMIT_012|ADMIT_013|ADMIT_014,passed|passed|passed|passed|passed|passed|passed|passed|passed|passed|blocked|passed|passed,blocked,blocked,false,false,true,true,COMBINED_PERMISSION_REQUIRED_RULE_BLOCKED,COMBINED_PERMISSION_REQUIRED_RULE_BLOCKED,ADMIT_001|ADMIT_002|ADMIT_003|ADMIT_004|ADMIT_005|ADMIT_006|ADMIT_007|ADMIT_008|ADMIT_009|ADMIT_011|ADMIT_012|ADMIT_013|ADMIT_014,ADMIT_012,false,false,0,true
54,post_download_acceptance_permission__ADMIT_012__invalid,every_required_rule_invalid,post_download_acceptance_permission,tuple,ADMIT_001|ADMIT_002|ADMIT_003|ADMIT_004|ADMIT_005|ADMIT_006|ADMIT_007|ADMIT_008|ADMIT_009|ADMIT_011|ADMIT_012|ADMIT_013|ADMIT_014,passed|passed|passed|passed|passed|passed|passed|passed|passed|passed|invalid|passed|passed,invalid,invalid,false,false,true,true,COMBINED_PERMISSION_SCOPE_OR_VECTOR_OR_STATE_CONTRACT_INVALID,COMBINED_PERMISSION_SCOPE_OR_VECTOR_OR_STATE_CONTRACT_INVALID,ADMIT_001|ADMIT_002|ADMIT_003|ADMIT_004|ADMIT_005|ADMIT_006|ADMIT_007|ADMIT_008|ADMIT_009|ADMIT_011|ADMIT_012|ADMIT_013|ADMIT_014,ADMIT_012,false,false,0,true
55,post_download_acceptance_permission__ADMIT_013__blocked,every_required_rule_blocked,post_download_acceptance_permission,tuple,ADMIT_001|ADMIT_002|ADMIT_003|ADMIT_004|ADMIT_005|ADMIT_006|ADMIT_007|ADMIT_008|ADMIT_009|ADMIT_011|ADMIT_012|ADMIT_013|ADMIT_014,passed|passed|passed|passed|passed|passed|passed|passed|passed|passed|passed|blocked|passed,blocked,blocked,false,false,true,true,COMBINED_PERMISSION_REQUIRED_RULE_BLOCKED,COMBINED_PERMISSION_REQUIRED_RULE_BLOCKED,ADMIT_001|ADMIT_002|ADMIT_003|ADMIT_004|ADMIT_005|ADMIT_006|ADMIT_007|ADMIT_008|ADMIT_009|ADMIT_011|ADMIT_012|ADMIT_013|ADMIT_014,ADMIT_013,false,false,0,true
56,post_download_acceptance_permission__ADMIT_013__invalid,every_required_rule_invalid,post_download_acceptance_permission,tuple,ADMIT_001|ADMIT_002|ADMIT_003|ADMIT_004|ADMIT_005|ADMIT_006|ADMIT_007|ADMIT_008|ADMIT_009|ADMIT_011|ADMIT_012|ADMIT_013|ADMIT_014,passed|passed|passed|passed|passed|passed|passed|passed|passed|passed|passed|invalid|passed,invalid,invalid,false,false,true,true,COMBINED_PERMISSION_SCOPE_OR_VECTOR_OR_STATE_CONTRACT_INVALID,COMBINED_PERMISSION_SCOPE_OR_VECTOR_OR_STATE_CONTRACT_INVALID,ADMIT_001|ADMIT_002|ADMIT_003|ADMIT_004|ADMIT_005|ADMIT_006|ADMIT_007|ADMIT_008|ADMIT_009|ADMIT_011|ADMIT_012|ADMIT_013|ADMIT_014,ADMIT_013,false,false,0,true
57,post_download_acceptance_permission__ADMIT_014__blocked,every_required_rule_blocked,post_download_acceptance_permission,tuple,ADMIT_001|ADMIT_002|ADMIT_003|ADMIT_004|ADMIT_005|ADMIT_006|ADMIT_007|ADMIT_008|ADMIT_009|ADMIT_011|ADMIT_012|ADMIT_013|ADMIT_014,passed|passed|passed|passed|passed|passed|passed|passed|passed|passed|passed|passed|blocked,blocked,blocked,false,false,true,true,COMBINED_PERMISSION_REQUIRED_RULE_BLOCKED,COMBINED_PERMISSION_REQUIRED_RULE_BLOCKED,ADMIT_001|ADMIT_002|ADMIT_003|ADMIT_004|ADMIT_005|ADMIT_006|ADMIT_007|ADMIT_008|ADMIT_009|ADMIT_011|ADMIT_012|ADMIT_013|ADMIT_014,ADMIT_014,false,false,0,true
58,post_download_acceptance_permission__ADMIT_014__invalid,every_required_rule_invalid,post_download_acceptance_permission,tuple,ADMIT_001|ADMIT_002|ADMIT_003|ADMIT_004|ADMIT_005|ADMIT_006|ADMIT_007|ADMIT_008|ADMIT_009|ADMIT_011|ADMIT_012|ADMIT_013|ADMIT_014,passed|passed|passed|passed|passed|passed|passed|passed|passed|passed|passed|passed|invalid,invalid,invalid,false,false,true,true,COMBINED_PERMISSION_SCOPE_OR_VECTOR_OR_STATE_CONTRACT_INVALID,COMBINED_PERMISSION_SCOPE_OR_VECTOR_OR_STATE_CONTRACT_INVALID,ADMIT_001|ADMIT_002|ADMIT_003|ADMIT_004|ADMIT_005|ADMIT_006|ADMIT_007|ADMIT_008|ADMIT_009|ADMIT_011|ADMIT_012|ADMIT_013|ADMIT_014,ADMIT_014,false,false,0,true
59,post_download_acceptance_permission__missing_first,missing_required,post_download_acceptance_permission,tuple,ADMIT_002|ADMIT_003|ADMIT_004|ADMIT_005|ADMIT_006|ADMIT_007|ADMIT_008|ADMIT_009|ADMIT_011|ADMIT_012|ADMIT_013|ADMIT_014,passed|passed|passed|passed|passed|passed|passed|passed|passed|passed|passed|passed,invalid,invalid,false,false,true,true,COMBINED_PERMISSION_SCOPE_OR_VECTOR_OR_STATE_CONTRACT_INVALID,COMBINED_PERMISSION_SCOPE_OR_VECTOR_OR_STATE_CONTRACT_INVALID,ADMIT_001|ADMIT_002|ADMIT_003|ADMIT_004|ADMIT_005|ADMIT_006|ADMIT_007|ADMIT_008|ADMIT_009|ADMIT_011|ADMIT_012|ADMIT_013|ADMIT_014,,false,false,0,true
60,post_download_acceptance_permission__missing_middle,missing_required,post_download_acceptance_permission,tuple,ADMIT_001|ADMIT_002|ADMIT_003|ADMIT_004|ADMIT_005|ADMIT_006|ADMIT_008|ADMIT_009|ADMIT_011|ADMIT_012|ADMIT_013|ADMIT_014,passed|passed|passed|passed|passed|passed|passed|passed|passed|passed|passed|passed,invalid,invalid,false,false,true,true,COMBINED_PERMISSION_SCOPE_OR_VECTOR_OR_STATE_CONTRACT_INVALID,COMBINED_PERMISSION_SCOPE_OR_VECTOR_OR_STATE_CONTRACT_INVALID,ADMIT_001|ADMIT_002|ADMIT_003|ADMIT_004|ADMIT_005|ADMIT_006|ADMIT_007|ADMIT_008|ADMIT_009|ADMIT_011|ADMIT_012|ADMIT_013|ADMIT_014,,false,false,0,true
61,post_download_acceptance_permission__missing_last,missing_required,post_download_acceptance_permission,tuple,ADMIT_001|ADMIT_002|ADMIT_003|ADMIT_004|ADMIT_005|ADMIT_006|ADMIT_007|ADMIT_008|ADMIT_009|ADMIT_011|ADMIT_012|ADMIT_013,passed|passed|passed|passed|passed|passed|passed|passed|passed|passed|passed|passed,invalid,invalid,false,false,true,true,COMBINED_PERMISSION_SCOPE_OR_VECTOR_OR_STATE_CONTRACT_INVALID,COMBINED_PERMISSION_SCOPE_OR_VECTOR_OR_STATE_CONTRACT_INVALID,ADMIT_001|ADMIT_002|ADMIT_003|ADMIT_004|ADMIT_005|ADMIT_006|ADMIT_007|ADMIT_008|ADMIT_009|ADMIT_011|ADMIT_012|ADMIT_013|ADMIT_014,,false,false,0,true
62,post_download_acceptance_permission__duplicate,duplicate_rule_id,post_download_acceptance_permission,tuple,ADMIT_001|ADMIT_002|ADMIT_003|ADMIT_004|ADMIT_005|ADMIT_006|ADMIT_007|ADMIT_008|ADMIT_009|ADMIT_011|ADMIT_012|ADMIT_013|ADMIT_014|ADMIT_001,passed|passed|passed|passed|passed|passed|passed|passed|passed|passed|passed|passed|passed|passed,invalid,invalid,false,false,true,true,COMBINED_PERMISSION_SCOPE_OR_VECTOR_OR_STATE_CONTRACT_INVALID,COMBINED_PERMISSION_SCOPE_OR_VECTOR_OR_STATE_CONTRACT_INVALID,ADMIT_001|ADMIT_002|ADMIT_003|ADMIT_004|ADMIT_005|ADMIT_006|ADMIT_007|ADMIT_008|ADMIT_009|ADMIT_011|ADMIT_012|ADMIT_013|ADMIT_014,,false,false,0,true
63,post_download_acceptance_permission__reorder,reordered_rule_ids,post_download_acceptance_permission,tuple,ADMIT_002|ADMIT_001|ADMIT_003|ADMIT_004|ADMIT_005|ADMIT_006|ADMIT_007|ADMIT_008|ADMIT_009|ADMIT_011|ADMIT_012|ADMIT_013|ADMIT_014,passed|passed|passed|passed|passed|passed|passed|passed|passed|passed|passed|passed|passed,invalid,invalid,false,false,true,true,COMBINED_PERMISSION_SCOPE_OR_VECTOR_OR_STATE_CONTRACT_INVALID,COMBINED_PERMISSION_SCOPE_OR_VECTOR_OR_STATE_CONTRACT_INVALID,ADMIT_001|ADMIT_002|ADMIT_003|ADMIT_004|ADMIT_005|ADMIT_006|ADMIT_007|ADMIT_008|ADMIT_009|ADMIT_011|ADMIT_012|ADMIT_013|ADMIT_014,,false,false,0,true
64,post_download_acceptance_permission__extra,extra_rule_id,post_download_acceptance_permission,tuple,ADMIT_001|ADMIT_002|ADMIT_003|ADMIT_004|ADMIT_005|ADMIT_006|ADMIT_007|ADMIT_008|ADMIT_009|ADMIT_011|ADMIT_012|ADMIT_013|ADMIT_014|ADMIT_010,passed|passed|passed|passed|passed|passed|passed|passed|passed|passed|passed|passed|passed|passed,invalid,invalid,false,false,true,true,COMBINED_PERMISSION_SCOPE_OR_VECTOR_OR_STATE_CONTRACT_INVALID,COMBINED_PERMISSION_SCOPE_OR_VECTOR_OR_STATE_CONTRACT_INVALID,ADMIT_001|ADMIT_002|ADMIT_003|ADMIT_004|ADMIT_005|ADMIT_006|ADMIT_007|ADMIT_008|ADMIT_009|ADMIT_011|ADMIT_012|ADMIT_013|ADMIT_014,,false,false,0,true
65,post_download_acceptance_permission__invalid_over_blocked,invalid_blocked_precedence,post_download_acceptance_permission,tuple,ADMIT_001|ADMIT_002|ADMIT_003|ADMIT_004|ADMIT_005|ADMIT_006|ADMIT_007|ADMIT_008|ADMIT_009|ADMIT_011|ADMIT_012|ADMIT_013|ADMIT_014,blocked|invalid|passed|passed|passed|passed|passed|passed|passed|passed|passed|passed|passed,invalid,invalid,false,false,true,true,COMBINED_PERMISSION_SCOPE_OR_VECTOR_OR_STATE_CONTRACT_INVALID,COMBINED_PERMISSION_SCOPE_OR_VECTOR_OR_STATE_CONTRACT_INVALID,ADMIT_001|ADMIT_002|ADMIT_003|ADMIT_004|ADMIT_005|ADMIT_006|ADMIT_007|ADMIT_008|ADMIT_009|ADMIT_011|ADMIT_012|ADMIT_013|ADMIT_014,ADMIT_001|ADMIT_002,false,false,0,true
66,post_download_acceptance_permission__admit014_non_override,admit014_pass_non_override,post_download_acceptance_permission,tuple,ADMIT_001|ADMIT_002|ADMIT_003|ADMIT_004|ADMIT_005|ADMIT_006|ADMIT_007|ADMIT_008|ADMIT_009|ADMIT_011|ADMIT_012|ADMIT_013|ADMIT_014,blocked|passed|passed|passed|passed|passed|passed|passed|passed|passed|passed|passed|passed,blocked,blocked,false,false,true,true,COMBINED_PERMISSION_REQUIRED_RULE_BLOCKED,COMBINED_PERMISSION_REQUIRED_RULE_BLOCKED,ADMIT_001|ADMIT_002|ADMIT_003|ADMIT_004|ADMIT_005|ADMIT_006|ADMIT_007|ADMIT_008|ADMIT_009|ADMIT_011|ADMIT_012|ADMIT_013|ADMIT_014,ADMIT_001,false,false,0,true
67,pre_final_split_acceptance_permission__all_pass,canonical_all_pass,pre_final_split_acceptance_permission,tuple,ADMIT_001|ADMIT_002|ADMIT_003|ADMIT_004|ADMIT_005|ADMIT_006|ADMIT_007|ADMIT_008|ADMIT_009|ADMIT_010|ADMIT_011|ADMIT_012|ADMIT_013|ADMIT_014,passed|passed|passed|passed|passed|passed|passed|passed|passed|passed|passed|passed|passed|passed,passed,passed,true,true,false,false,,,ADMIT_001|ADMIT_002|ADMIT_003|ADMIT_004|ADMIT_005|ADMIT_006|ADMIT_007|ADMIT_008|ADMIT_009|ADMIT_010|ADMIT_011|ADMIT_012|ADMIT_013|ADMIT_014,,false,false,0,true
68,pre_final_split_acceptance_permission__ADMIT_001__blocked,every_required_rule_blocked,pre_final_split_acceptance_permission,tuple,ADMIT_001|ADMIT_002|ADMIT_003|ADMIT_004|ADMIT_005|ADMIT_006|ADMIT_007|ADMIT_008|ADMIT_009|ADMIT_010|ADMIT_011|ADMIT_012|ADMIT_013|ADMIT_014,blocked|passed|passed|passed|passed|passed|passed|passed|passed|passed|passed|passed|passed|passed,blocked,blocked,false,false,true,true,COMBINED_PERMISSION_REQUIRED_RULE_BLOCKED,COMBINED_PERMISSION_REQUIRED_RULE_BLOCKED,ADMIT_001|ADMIT_002|ADMIT_003|ADMIT_004|ADMIT_005|ADMIT_006|ADMIT_007|ADMIT_008|ADMIT_009|ADMIT_010|ADMIT_011|ADMIT_012|ADMIT_013|ADMIT_014,ADMIT_001,false,false,0,true
69,pre_final_split_acceptance_permission__ADMIT_001__invalid,every_required_rule_invalid,pre_final_split_acceptance_permission,tuple,ADMIT_001|ADMIT_002|ADMIT_003|ADMIT_004|ADMIT_005|ADMIT_006|ADMIT_007|ADMIT_008|ADMIT_009|ADMIT_010|ADMIT_011|ADMIT_012|ADMIT_013|ADMIT_014,invalid|passed|passed|passed|passed|passed|passed|passed|passed|passed|passed|passed|passed|passed,invalid,invalid,false,false,true,true,COMBINED_PERMISSION_SCOPE_OR_VECTOR_OR_STATE_CONTRACT_INVALID,COMBINED_PERMISSION_SCOPE_OR_VECTOR_OR_STATE_CONTRACT_INVALID,ADMIT_001|ADMIT_002|ADMIT_003|ADMIT_004|ADMIT_005|ADMIT_006|ADMIT_007|ADMIT_008|ADMIT_009|ADMIT_010|ADMIT_011|ADMIT_012|ADMIT_013|ADMIT_014,ADMIT_001,false,false,0,true
70,pre_final_split_acceptance_permission__ADMIT_002__blocked,every_required_rule_blocked,pre_final_split_acceptance_permission,tuple,ADMIT_001|ADMIT_002|ADMIT_003|ADMIT_004|ADMIT_005|ADMIT_006|ADMIT_007|ADMIT_008|ADMIT_009|ADMIT_010|ADMIT_011|ADMIT_012|ADMIT_013|ADMIT_014,passed|blocked|passed|passed|passed|passed|passed|passed|passed|passed|passed|passed|passed|passed,blocked,blocked,false,false,true,true,COMBINED_PERMISSION_REQUIRED_RULE_BLOCKED,COMBINED_PERMISSION_REQUIRED_RULE_BLOCKED,ADMIT_001|ADMIT_002|ADMIT_003|ADMIT_004|ADMIT_005|ADMIT_006|ADMIT_007|ADMIT_008|ADMIT_009|ADMIT_010|ADMIT_011|ADMIT_012|ADMIT_013|ADMIT_014,ADMIT_002,false,false,0,true
71,pre_final_split_acceptance_permission__ADMIT_002__invalid,every_required_rule_invalid,pre_final_split_acceptance_permission,tuple,ADMIT_001|ADMIT_002|ADMIT_003|ADMIT_004|ADMIT_005|ADMIT_006|ADMIT_007|ADMIT_008|ADMIT_009|ADMIT_010|ADMIT_011|ADMIT_012|ADMIT_013|ADMIT_014,passed|invalid|passed|passed|passed|passed|passed|passed|passed|passed|passed|passed|passed|passed,invalid,invalid,false,false,true,true,COMBINED_PERMISSION_SCOPE_OR_VECTOR_OR_STATE_CONTRACT_INVALID,COMBINED_PERMISSION_SCOPE_OR_VECTOR_OR_STATE_CONTRACT_INVALID,ADMIT_001|ADMIT_002|ADMIT_003|ADMIT_004|ADMIT_005|ADMIT_006|ADMIT_007|ADMIT_008|ADMIT_009|ADMIT_010|ADMIT_011|ADMIT_012|ADMIT_013|ADMIT_014,ADMIT_002,false,false,0,true
72,pre_final_split_acceptance_permission__ADMIT_003__blocked,every_required_rule_blocked,pre_final_split_acceptance_permission,tuple,ADMIT_001|ADMIT_002|ADMIT_003|ADMIT_004|ADMIT_005|ADMIT_006|ADMIT_007|ADMIT_008|ADMIT_009|ADMIT_010|ADMIT_011|ADMIT_012|ADMIT_013|ADMIT_014,passed|passed|blocked|passed|passed|passed|passed|passed|passed|passed|passed|passed|passed|passed,blocked,blocked,false,false,true,true,COMBINED_PERMISSION_REQUIRED_RULE_BLOCKED,COMBINED_PERMISSION_REQUIRED_RULE_BLOCKED,ADMIT_001|ADMIT_002|ADMIT_003|ADMIT_004|ADMIT_005|ADMIT_006|ADMIT_007|ADMIT_008|ADMIT_009|ADMIT_010|ADMIT_011|ADMIT_012|ADMIT_013|ADMIT_014,ADMIT_003,false,false,0,true
73,pre_final_split_acceptance_permission__ADMIT_003__invalid,every_required_rule_invalid,pre_final_split_acceptance_permission,tuple,ADMIT_001|ADMIT_002|ADMIT_003|ADMIT_004|ADMIT_005|ADMIT_006|ADMIT_007|ADMIT_008|ADMIT_009|ADMIT_010|ADMIT_011|ADMIT_012|ADMIT_013|ADMIT_014,passed|passed|invalid|passed|passed|passed|passed|passed|passed|passed|passed|passed|passed|passed,invalid,invalid,false,false,true,true,COMBINED_PERMISSION_SCOPE_OR_VECTOR_OR_STATE_CONTRACT_INVALID,COMBINED_PERMISSION_SCOPE_OR_VECTOR_OR_STATE_CONTRACT_INVALID,ADMIT_001|ADMIT_002|ADMIT_003|ADMIT_004|ADMIT_005|ADMIT_006|ADMIT_007|ADMIT_008|ADMIT_009|ADMIT_010|ADMIT_011|ADMIT_012|ADMIT_013|ADMIT_014,ADMIT_003,false,false,0,true
74,pre_final_split_acceptance_permission__ADMIT_004__blocked,every_required_rule_blocked,pre_final_split_acceptance_permission,tuple,ADMIT_001|ADMIT_002|ADMIT_003|ADMIT_004|ADMIT_005|ADMIT_006|ADMIT_007|ADMIT_008|ADMIT_009|ADMIT_010|ADMIT_011|ADMIT_012|ADMIT_013|ADMIT_014,passed|passed|passed|blocked|passed|passed|passed|passed|passed|passed|passed|passed|passed|passed,blocked,blocked,false,false,true,true,COMBINED_PERMISSION_REQUIRED_RULE_BLOCKED,COMBINED_PERMISSION_REQUIRED_RULE_BLOCKED,ADMIT_001|ADMIT_002|ADMIT_003|ADMIT_004|ADMIT_005|ADMIT_006|ADMIT_007|ADMIT_008|ADMIT_009|ADMIT_010|ADMIT_011|ADMIT_012|ADMIT_013|ADMIT_014,ADMIT_004,false,false,0,true
75,pre_final_split_acceptance_permission__ADMIT_004__invalid,every_required_rule_invalid,pre_final_split_acceptance_permission,tuple,ADMIT_001|ADMIT_002|ADMIT_003|ADMIT_004|ADMIT_005|ADMIT_006|ADMIT_007|ADMIT_008|ADMIT_009|ADMIT_010|ADMIT_011|ADMIT_012|ADMIT_013|ADMIT_014,passed|passed|passed|invalid|passed|passed|passed|passed|passed|passed|passed|passed|passed|passed,invalid,invalid,false,false,true,true,COMBINED_PERMISSION_SCOPE_OR_VECTOR_OR_STATE_CONTRACT_INVALID,COMBINED_PERMISSION_SCOPE_OR_VECTOR_OR_STATE_CONTRACT_INVALID,ADMIT_001|ADMIT_002|ADMIT_003|ADMIT_004|ADMIT_005|ADMIT_006|ADMIT_007|ADMIT_008|ADMIT_009|ADMIT_010|ADMIT_011|ADMIT_012|ADMIT_013|ADMIT_014,ADMIT_004,false,false,0,true
76,pre_final_split_acceptance_permission__ADMIT_005__blocked,every_required_rule_blocked,pre_final_split_acceptance_permission,tuple,ADMIT_001|ADMIT_002|ADMIT_003|ADMIT_004|ADMIT_005|ADMIT_006|ADMIT_007|ADMIT_008|ADMIT_009|ADMIT_010|ADMIT_011|ADMIT_012|ADMIT_013|ADMIT_014,passed|passed|passed|passed|blocked|passed|passed|passed|passed|passed|passed|passed|passed|passed,blocked,blocked,false,false,true,true,COMBINED_PERMISSION_REQUIRED_RULE_BLOCKED,COMBINED_PERMISSION_REQUIRED_RULE_BLOCKED,ADMIT_001|ADMIT_002|ADMIT_003|ADMIT_004|ADMIT_005|ADMIT_006|ADMIT_007|ADMIT_008|ADMIT_009|ADMIT_010|ADMIT_011|ADMIT_012|ADMIT_013|ADMIT_014,ADMIT_005,false,false,0,true
77,pre_final_split_acceptance_permission__ADMIT_005__invalid,every_required_rule_invalid,pre_final_split_acceptance_permission,tuple,ADMIT_001|ADMIT_002|ADMIT_003|ADMIT_004|ADMIT_005|ADMIT_006|ADMIT_007|ADMIT_008|ADMIT_009|ADMIT_010|ADMIT_011|ADMIT_012|ADMIT_013|ADMIT_014,passed|passed|passed|passed|invalid|passed|passed|passed|passed|passed|passed|passed|passed|passed,invalid,invalid,false,false,true,true,COMBINED_PERMISSION_SCOPE_OR_VECTOR_OR_STATE_CONTRACT_INVALID,COMBINED_PERMISSION_SCOPE_OR_VECTOR_OR_STATE_CONTRACT_INVALID,ADMIT_001|ADMIT_002|ADMIT_003|ADMIT_004|ADMIT_005|ADMIT_006|ADMIT_007|ADMIT_008|ADMIT_009|ADMIT_010|ADMIT_011|ADMIT_012|ADMIT_013|ADMIT_014,ADMIT_005,false,false,0,true
78,pre_final_split_acceptance_permission__ADMIT_006__blocked,every_required_rule_blocked,pre_final_split_acceptance_permission,tuple,ADMIT_001|ADMIT_002|ADMIT_003|ADMIT_004|ADMIT_005|ADMIT_006|ADMIT_007|ADMIT_008|ADMIT_009|ADMIT_010|ADMIT_011|ADMIT_012|ADMIT_013|ADMIT_014,passed|passed|passed|passed|passed|blocked|passed|passed|passed|passed|passed|passed|passed|passed,blocked,blocked,false,false,true,true,COMBINED_PERMISSION_REQUIRED_RULE_BLOCKED,COMBINED_PERMISSION_REQUIRED_RULE_BLOCKED,ADMIT_001|ADMIT_002|ADMIT_003|ADMIT_004|ADMIT_005|ADMIT_006|ADMIT_007|ADMIT_008|ADMIT_009|ADMIT_010|ADMIT_011|ADMIT_012|ADMIT_013|ADMIT_014,ADMIT_006,false,false,0,true
79,pre_final_split_acceptance_permission__ADMIT_006__invalid,every_required_rule_invalid,pre_final_split_acceptance_permission,tuple,ADMIT_001|ADMIT_002|ADMIT_003|ADMIT_004|ADMIT_005|ADMIT_006|ADMIT_007|ADMIT_008|ADMIT_009|ADMIT_010|ADMIT_011|ADMIT_012|ADMIT_013|ADMIT_014,passed|passed|passed|passed|passed|invalid|passed|passed|passed|passed|passed|passed|passed|passed,invalid,invalid,false,false,true,true,COMBINED_PERMISSION_SCOPE_OR_VECTOR_OR_STATE_CONTRACT_INVALID,COMBINED_PERMISSION_SCOPE_OR_VECTOR_OR_STATE_CONTRACT_INVALID,ADMIT_001|ADMIT_002|ADMIT_003|ADMIT_004|ADMIT_005|ADMIT_006|ADMIT_007|ADMIT_008|ADMIT_009|ADMIT_010|ADMIT_011|ADMIT_012|ADMIT_013|ADMIT_014,ADMIT_006,false,false,0,true
80,pre_final_split_acceptance_permission__ADMIT_007__blocked,every_required_rule_blocked,pre_final_split_acceptance_permission,tuple,ADMIT_001|ADMIT_002|ADMIT_003|ADMIT_004|ADMIT_005|ADMIT_006|ADMIT_007|ADMIT_008|ADMIT_009|ADMIT_010|ADMIT_011|ADMIT_012|ADMIT_013|ADMIT_014,passed|passed|passed|passed|passed|passed|blocked|passed|passed|passed|passed|passed|passed|passed,blocked,blocked,false,false,true,true,COMBINED_PERMISSION_REQUIRED_RULE_BLOCKED,COMBINED_PERMISSION_REQUIRED_RULE_BLOCKED,ADMIT_001|ADMIT_002|ADMIT_003|ADMIT_004|ADMIT_005|ADMIT_006|ADMIT_007|ADMIT_008|ADMIT_009|ADMIT_010|ADMIT_011|ADMIT_012|ADMIT_013|ADMIT_014,ADMIT_007,false,false,0,true
81,pre_final_split_acceptance_permission__ADMIT_007__invalid,every_required_rule_invalid,pre_final_split_acceptance_permission,tuple,ADMIT_001|ADMIT_002|ADMIT_003|ADMIT_004|ADMIT_005|ADMIT_006|ADMIT_007|ADMIT_008|ADMIT_009|ADMIT_010|ADMIT_011|ADMIT_012|ADMIT_013|ADMIT_014,passed|passed|passed|passed|passed|passed|invalid|passed|passed|passed|passed|passed|passed|passed,invalid,invalid,false,false,true,true,COMBINED_PERMISSION_SCOPE_OR_VECTOR_OR_STATE_CONTRACT_INVALID,COMBINED_PERMISSION_SCOPE_OR_VECTOR_OR_STATE_CONTRACT_INVALID,ADMIT_001|ADMIT_002|ADMIT_003|ADMIT_004|ADMIT_005|ADMIT_006|ADMIT_007|ADMIT_008|ADMIT_009|ADMIT_010|ADMIT_011|ADMIT_012|ADMIT_013|ADMIT_014,ADMIT_007,false,false,0,true
82,pre_final_split_acceptance_permission__ADMIT_008__blocked,every_required_rule_blocked,pre_final_split_acceptance_permission,tuple,ADMIT_001|ADMIT_002|ADMIT_003|ADMIT_004|ADMIT_005|ADMIT_006|ADMIT_007|ADMIT_008|ADMIT_009|ADMIT_010|ADMIT_011|ADMIT_012|ADMIT_013|ADMIT_014,passed|passed|passed|passed|passed|passed|passed|blocked|passed|passed|passed|passed|passed|passed,blocked,blocked,false,false,true,true,COMBINED_PERMISSION_REQUIRED_RULE_BLOCKED,COMBINED_PERMISSION_REQUIRED_RULE_BLOCKED,ADMIT_001|ADMIT_002|ADMIT_003|ADMIT_004|ADMIT_005|ADMIT_006|ADMIT_007|ADMIT_008|ADMIT_009|ADMIT_010|ADMIT_011|ADMIT_012|ADMIT_013|ADMIT_014,ADMIT_008,false,false,0,true
83,pre_final_split_acceptance_permission__ADMIT_008__invalid,every_required_rule_invalid,pre_final_split_acceptance_permission,tuple,ADMIT_001|ADMIT_002|ADMIT_003|ADMIT_004|ADMIT_005|ADMIT_006|ADMIT_007|ADMIT_008|ADMIT_009|ADMIT_010|ADMIT_011|ADMIT_012|ADMIT_013|ADMIT_014,passed|passed|passed|passed|passed|passed|passed|invalid|passed|passed|passed|passed|passed|passed,invalid,invalid,false,false,true,true,COMBINED_PERMISSION_SCOPE_OR_VECTOR_OR_STATE_CONTRACT_INVALID,COMBINED_PERMISSION_SCOPE_OR_VECTOR_OR_STATE_CONTRACT_INVALID,ADMIT_001|ADMIT_002|ADMIT_003|ADMIT_004|ADMIT_005|ADMIT_006|ADMIT_007|ADMIT_008|ADMIT_009|ADMIT_010|ADMIT_011|ADMIT_012|ADMIT_013|ADMIT_014,ADMIT_008,false,false,0,true
84,pre_final_split_acceptance_permission__ADMIT_009__blocked,every_required_rule_blocked,pre_final_split_acceptance_permission,tuple,ADMIT_001|ADMIT_002|ADMIT_003|ADMIT_004|ADMIT_005|ADMIT_006|ADMIT_007|ADMIT_008|ADMIT_009|ADMIT_010|ADMIT_011|ADMIT_012|ADMIT_013|ADMIT_014,passed|passed|passed|passed|passed|passed|passed|passed|blocked|passed|passed|passed|passed|passed,blocked,blocked,false,false,true,true,COMBINED_PERMISSION_REQUIRED_RULE_BLOCKED,COMBINED_PERMISSION_REQUIRED_RULE_BLOCKED,ADMIT_001|ADMIT_002|ADMIT_003|ADMIT_004|ADMIT_005|ADMIT_006|ADMIT_007|ADMIT_008|ADMIT_009|ADMIT_010|ADMIT_011|ADMIT_012|ADMIT_013|ADMIT_014,ADMIT_009,false,false,0,true
85,pre_final_split_acceptance_permission__ADMIT_009__invalid,every_required_rule_invalid,pre_final_split_acceptance_permission,tuple,ADMIT_001|ADMIT_002|ADMIT_003|ADMIT_004|ADMIT_005|ADMIT_006|ADMIT_007|ADMIT_008|ADMIT_009|ADMIT_010|ADMIT_011|ADMIT_012|ADMIT_013|ADMIT_014,passed|passed|passed|passed|passed|passed|passed|passed|invalid|passed|passed|passed|passed|passed,invalid,invalid,false,false,true,true,COMBINED_PERMISSION_SCOPE_OR_VECTOR_OR_STATE_CONTRACT_INVALID,COMBINED_PERMISSION_SCOPE_OR_VECTOR_OR_STATE_CONTRACT_INVALID,ADMIT_001|ADMIT_002|ADMIT_003|ADMIT_004|ADMIT_005|ADMIT_006|ADMIT_007|ADMIT_008|ADMIT_009|ADMIT_010|ADMIT_011|ADMIT_012|ADMIT_013|ADMIT_014,ADMIT_009,false,false,0,true
86,pre_final_split_acceptance_permission__ADMIT_010__blocked,every_required_rule_blocked,pre_final_split_acceptance_permission,tuple,ADMIT_001|ADMIT_002|ADMIT_003|ADMIT_004|ADMIT_005|ADMIT_006|ADMIT_007|ADMIT_008|ADMIT_009|ADMIT_010|ADMIT_011|ADMIT_012|ADMIT_013|ADMIT_014,passed|passed|passed|passed|passed|passed|passed|passed|passed|blocked|passed|passed|passed|passed,blocked,blocked,false,false,true,true,COMBINED_PERMISSION_REQUIRED_RULE_BLOCKED,COMBINED_PERMISSION_REQUIRED_RULE_BLOCKED,ADMIT_001|ADMIT_002|ADMIT_003|ADMIT_004|ADMIT_005|ADMIT_006|ADMIT_007|ADMIT_008|ADMIT_009|ADMIT_010|ADMIT_011|ADMIT_012|ADMIT_013|ADMIT_014,ADMIT_010,false,false,0,true
87,pre_final_split_acceptance_permission__ADMIT_010__invalid,every_required_rule_invalid,pre_final_split_acceptance_permission,tuple,ADMIT_001|ADMIT_002|ADMIT_003|ADMIT_004|ADMIT_005|ADMIT_006|ADMIT_007|ADMIT_008|ADMIT_009|ADMIT_010|ADMIT_011|ADMIT_012|ADMIT_013|ADMIT_014,passed|passed|passed|passed|passed|passed|passed|passed|passed|invalid|passed|passed|passed|passed,invalid,invalid,false,false,true,true,COMBINED_PERMISSION_SCOPE_OR_VECTOR_OR_STATE_CONTRACT_INVALID,COMBINED_PERMISSION_SCOPE_OR_VECTOR_OR_STATE_CONTRACT_INVALID,ADMIT_001|ADMIT_002|ADMIT_003|ADMIT_004|ADMIT_005|ADMIT_006|ADMIT_007|ADMIT_008|ADMIT_009|ADMIT_010|ADMIT_011|ADMIT_012|ADMIT_013|ADMIT_014,ADMIT_010,false,false,0,true
88,pre_final_split_acceptance_permission__ADMIT_011__blocked,every_required_rule_blocked,pre_final_split_acceptance_permission,tuple,ADMIT_001|ADMIT_002|ADMIT_003|ADMIT_004|ADMIT_005|ADMIT_006|ADMIT_007|ADMIT_008|ADMIT_009|ADMIT_010|ADMIT_011|ADMIT_012|ADMIT_013|ADMIT_014,passed|passed|passed|passed|passed|passed|passed|passed|passed|passed|blocked|passed|passed|passed,blocked,blocked,false,false,true,true,COMBINED_PERMISSION_REQUIRED_RULE_BLOCKED,COMBINED_PERMISSION_REQUIRED_RULE_BLOCKED,ADMIT_001|ADMIT_002|ADMIT_003|ADMIT_004|ADMIT_005|ADMIT_006|ADMIT_007|ADMIT_008|ADMIT_009|ADMIT_010|ADMIT_011|ADMIT_012|ADMIT_013|ADMIT_014,ADMIT_011,false,false,0,true
89,pre_final_split_acceptance_permission__ADMIT_011__invalid,every_required_rule_invalid,pre_final_split_acceptance_permission,tuple,ADMIT_001|ADMIT_002|ADMIT_003|ADMIT_004|ADMIT_005|ADMIT_006|ADMIT_007|ADMIT_008|ADMIT_009|ADMIT_010|ADMIT_011|ADMIT_012|ADMIT_013|ADMIT_014,passed|passed|passed|passed|passed|passed|passed|passed|passed|passed|invalid|passed|passed|passed,invalid,invalid,false,false,true,true,COMBINED_PERMISSION_SCOPE_OR_VECTOR_OR_STATE_CONTRACT_INVALID,COMBINED_PERMISSION_SCOPE_OR_VECTOR_OR_STATE_CONTRACT_INVALID,ADMIT_001|ADMIT_002|ADMIT_003|ADMIT_004|ADMIT_005|ADMIT_006|ADMIT_007|ADMIT_008|ADMIT_009|ADMIT_010|ADMIT_011|ADMIT_012|ADMIT_013|ADMIT_014,ADMIT_011,false,false,0,true
90,pre_final_split_acceptance_permission__ADMIT_012__blocked,every_required_rule_blocked,pre_final_split_acceptance_permission,tuple,ADMIT_001|ADMIT_002|ADMIT_003|ADMIT_004|ADMIT_005|ADMIT_006|ADMIT_007|ADMIT_008|ADMIT_009|ADMIT_010|ADMIT_011|ADMIT_012|ADMIT_013|ADMIT_014,passed|passed|passed|passed|passed|passed|passed|passed|passed|passed|passed|blocked|passed|passed,blocked,blocked,false,false,true,true,COMBINED_PERMISSION_REQUIRED_RULE_BLOCKED,COMBINED_PERMISSION_REQUIRED_RULE_BLOCKED,ADMIT_001|ADMIT_002|ADMIT_003|ADMIT_004|ADMIT_005|ADMIT_006|ADMIT_007|ADMIT_008|ADMIT_009|ADMIT_010|ADMIT_011|ADMIT_012|ADMIT_013|ADMIT_014,ADMIT_012,false,false,0,true
91,pre_final_split_acceptance_permission__ADMIT_012__invalid,every_required_rule_invalid,pre_final_split_acceptance_permission,tuple,ADMIT_001|ADMIT_002|ADMIT_003|ADMIT_004|ADMIT_005|ADMIT_006|ADMIT_007|ADMIT_008|ADMIT_009|ADMIT_010|ADMIT_011|ADMIT_012|ADMIT_013|ADMIT_014,passed|passed|passed|passed|passed|passed|passed|passed|passed|passed|passed|invalid|passed|passed,invalid,invalid,false,false,true,true,COMBINED_PERMISSION_SCOPE_OR_VECTOR_OR_STATE_CONTRACT_INVALID,COMBINED_PERMISSION_SCOPE_OR_VECTOR_OR_STATE_CONTRACT_INVALID,ADMIT_001|ADMIT_002|ADMIT_003|ADMIT_004|ADMIT_005|ADMIT_006|ADMIT_007|ADMIT_008|ADMIT_009|ADMIT_010|ADMIT_011|ADMIT_012|ADMIT_013|ADMIT_014,ADMIT_012,false,false,0,true
92,pre_final_split_acceptance_permission__ADMIT_013__blocked,every_required_rule_blocked,pre_final_split_acceptance_permission,tuple,ADMIT_001|ADMIT_002|ADMIT_003|ADMIT_004|ADMIT_005|ADMIT_006|ADMIT_007|ADMIT_008|ADMIT_009|ADMIT_010|ADMIT_011|ADMIT_012|ADMIT_013|ADMIT_014,passed|passed|passed|passed|passed|passed|passed|passed|passed|passed|passed|passed|blocked|passed,blocked,blocked,false,false,true,true,COMBINED_PERMISSION_REQUIRED_RULE_BLOCKED,COMBINED_PERMISSION_REQUIRED_RULE_BLOCKED,ADMIT_001|ADMIT_002|ADMIT_003|ADMIT_004|ADMIT_005|ADMIT_006|ADMIT_007|ADMIT_008|ADMIT_009|ADMIT_010|ADMIT_011|ADMIT_012|ADMIT_013|ADMIT_014,ADMIT_013,false,false,0,true
93,pre_final_split_acceptance_permission__ADMIT_013__invalid,every_required_rule_invalid,pre_final_split_acceptance_permission,tuple,ADMIT_001|ADMIT_002|ADMIT_003|ADMIT_004|ADMIT_005|ADMIT_006|ADMIT_007|ADMIT_008|ADMIT_009|ADMIT_010|ADMIT_011|ADMIT_012|ADMIT_013|ADMIT_014,passed|passed|passed|passed|passed|passed|passed|passed|passed|passed|passed|passed|invalid|passed,invalid,invalid,false,false,true,true,COMBINED_PERMISSION_SCOPE_OR_VECTOR_OR_STATE_CONTRACT_INVALID,COMBINED_PERMISSION_SCOPE_OR_VECTOR_OR_STATE_CONTRACT_INVALID,ADMIT_001|ADMIT_002|ADMIT_003|ADMIT_004|ADMIT_005|ADMIT_006|ADMIT_007|ADMIT_008|ADMIT_009|ADMIT_010|ADMIT_011|ADMIT_012|ADMIT_013|ADMIT_014,ADMIT_013,false,false,0,true
94,pre_final_split_acceptance_permission__ADMIT_014__blocked,every_required_rule_blocked,pre_final_split_acceptance_permission,tuple,ADMIT_001|ADMIT_002|ADMIT_003|ADMIT_004|ADMIT_005|ADMIT_006|ADMIT_007|ADMIT_008|ADMIT_009|ADMIT_010|ADMIT_011|ADMIT_012|ADMIT_013|ADMIT_014,passed|passed|passed|passed|passed|passed|passed|passed|passed|passed|passed|passed|passed|blocked,blocked,blocked,false,false,true,true,COMBINED_PERMISSION_REQUIRED_RULE_BLOCKED,COMBINED_PERMISSION_REQUIRED_RULE_BLOCKED,ADMIT_001|ADMIT_002|ADMIT_003|ADMIT_004|ADMIT_005|ADMIT_006|ADMIT_007|ADMIT_008|ADMIT_009|ADMIT_010|ADMIT_011|ADMIT_012|ADMIT_013|ADMIT_014,ADMIT_014,false,false,0,true
95,pre_final_split_acceptance_permission__ADMIT_014__invalid,every_required_rule_invalid,pre_final_split_acceptance_permission,tuple,ADMIT_001|ADMIT_002|ADMIT_003|ADMIT_004|ADMIT_005|ADMIT_006|ADMIT_007|ADMIT_008|ADMIT_009|ADMIT_010|ADMIT_011|ADMIT_012|ADMIT_013|ADMIT_014,passed|passed|passed|passed|passed|passed|passed|passed|passed|passed|passed|passed|passed|invalid,invalid,invalid,false,false,true,true,COMBINED_PERMISSION_SCOPE_OR_VECTOR_OR_STATE_CONTRACT_INVALID,COMBINED_PERMISSION_SCOPE_OR_VECTOR_OR_STATE_CONTRACT_INVALID,ADMIT_001|ADMIT_002|ADMIT_003|ADMIT_004|ADMIT_005|ADMIT_006|ADMIT_007|ADMIT_008|ADMIT_009|ADMIT_010|ADMIT_011|ADMIT_012|ADMIT_013|ADMIT_014,ADMIT_014,false,false,0,true
96,pre_final_split_acceptance_permission__missing_first,missing_required,pre_final_split_acceptance_permission,tuple,ADMIT_002|ADMIT_003|ADMIT_004|ADMIT_005|ADMIT_006|ADMIT_007|ADMIT_008|ADMIT_009|ADMIT_010|ADMIT_011|ADMIT_012|ADMIT_013|ADMIT_014,passed|passed|passed|passed|passed|passed|passed|passed|passed|passed|passed|passed|passed,invalid,invalid,false,false,true,true,COMBINED_PERMISSION_SCOPE_OR_VECTOR_OR_STATE_CONTRACT_INVALID,COMBINED_PERMISSION_SCOPE_OR_VECTOR_OR_STATE_CONTRACT_INVALID,ADMIT_001|ADMIT_002|ADMIT_003|ADMIT_004|ADMIT_005|ADMIT_006|ADMIT_007|ADMIT_008|ADMIT_009|ADMIT_010|ADMIT_011|ADMIT_012|ADMIT_013|ADMIT_014,,false,false,0,true
97,pre_final_split_acceptance_permission__missing_middle,missing_required,pre_final_split_acceptance_permission,tuple,ADMIT_001|ADMIT_002|ADMIT_003|ADMIT_004|ADMIT_005|ADMIT_006|ADMIT_007|ADMIT_009|ADMIT_010|ADMIT_011|ADMIT_012|ADMIT_013|ADMIT_014,passed|passed|passed|passed|passed|passed|passed|passed|passed|passed|passed|passed|passed,invalid,invalid,false,false,true,true,COMBINED_PERMISSION_SCOPE_OR_VECTOR_OR_STATE_CONTRACT_INVALID,COMBINED_PERMISSION_SCOPE_OR_VECTOR_OR_STATE_CONTRACT_INVALID,ADMIT_001|ADMIT_002|ADMIT_003|ADMIT_004|ADMIT_005|ADMIT_006|ADMIT_007|ADMIT_008|ADMIT_009|ADMIT_010|ADMIT_011|ADMIT_012|ADMIT_013|ADMIT_014,,false,false,0,true
98,pre_final_split_acceptance_permission__missing_last,missing_required,pre_final_split_acceptance_permission,tuple,ADMIT_001|ADMIT_002|ADMIT_003|ADMIT_004|ADMIT_005|ADMIT_006|ADMIT_007|ADMIT_008|ADMIT_009|ADMIT_010|ADMIT_011|ADMIT_012|ADMIT_013,passed|passed|passed|passed|passed|passed|passed|passed|passed|passed|passed|passed|passed,invalid,invalid,false,false,true,true,COMBINED_PERMISSION_SCOPE_OR_VECTOR_OR_STATE_CONTRACT_INVALID,COMBINED_PERMISSION_SCOPE_OR_VECTOR_OR_STATE_CONTRACT_INVALID,ADMIT_001|ADMIT_002|ADMIT_003|ADMIT_004|ADMIT_005|ADMIT_006|ADMIT_007|ADMIT_008|ADMIT_009|ADMIT_010|ADMIT_011|ADMIT_012|ADMIT_013|ADMIT_014,,false,false,0,true
99,pre_final_split_acceptance_permission__duplicate,duplicate_rule_id,pre_final_split_acceptance_permission,tuple,ADMIT_001|ADMIT_002|ADMIT_003|ADMIT_004|ADMIT_005|ADMIT_006|ADMIT_007|ADMIT_008|ADMIT_009|ADMIT_010|ADMIT_011|ADMIT_012|ADMIT_013|ADMIT_014|ADMIT_001,passed|passed|passed|passed|passed|passed|passed|passed|passed|passed|passed|passed|passed|passed|passed,invalid,invalid,false,false,true,true,COMBINED_PERMISSION_SCOPE_OR_VECTOR_OR_STATE_CONTRACT_INVALID,COMBINED_PERMISSION_SCOPE_OR_VECTOR_OR_STATE_CONTRACT_INVALID,ADMIT_001|ADMIT_002|ADMIT_003|ADMIT_004|ADMIT_005|ADMIT_006|ADMIT_007|ADMIT_008|ADMIT_009|ADMIT_010|ADMIT_011|ADMIT_012|ADMIT_013|ADMIT_014,,false,false,0,true
100,pre_final_split_acceptance_permission__reorder,reordered_rule_ids,pre_final_split_acceptance_permission,tuple,ADMIT_002|ADMIT_001|ADMIT_003|ADMIT_004|ADMIT_005|ADMIT_006|ADMIT_007|ADMIT_008|ADMIT_009|ADMIT_010|ADMIT_011|ADMIT_012|ADMIT_013|ADMIT_014,passed|passed|passed|passed|passed|passed|passed|passed|passed|passed|passed|passed|passed|passed,invalid,invalid,false,false,true,true,COMBINED_PERMISSION_SCOPE_OR_VECTOR_OR_STATE_CONTRACT_INVALID,COMBINED_PERMISSION_SCOPE_OR_VECTOR_OR_STATE_CONTRACT_INVALID,ADMIT_001|ADMIT_002|ADMIT_003|ADMIT_004|ADMIT_005|ADMIT_006|ADMIT_007|ADMIT_008|ADMIT_009|ADMIT_010|ADMIT_011|ADMIT_012|ADMIT_013|ADMIT_014,,false,false,0,true
101,pre_final_split_acceptance_permission__extra,extra_rule_id,pre_final_split_acceptance_permission,tuple,ADMIT_001|ADMIT_002|ADMIT_003|ADMIT_004|ADMIT_005|ADMIT_006|ADMIT_007|ADMIT_008|ADMIT_009|ADMIT_010|ADMIT_011|ADMIT_012|ADMIT_013|ADMIT_014|ADMIT_015,passed|passed|passed|passed|passed|passed|passed|passed|passed|passed|passed|passed|passed|passed|passed,invalid,invalid,false,false,true,true,COMBINED_PERMISSION_SCOPE_OR_VECTOR_OR_STATE_CONTRACT_INVALID,COMBINED_PERMISSION_SCOPE_OR_VECTOR_OR_STATE_CONTRACT_INVALID,ADMIT_001|ADMIT_002|ADMIT_003|ADMIT_004|ADMIT_005|ADMIT_006|ADMIT_007|ADMIT_008|ADMIT_009|ADMIT_010|ADMIT_011|ADMIT_012|ADMIT_013|ADMIT_014,,false,false,0,true
102,pre_final_split_acceptance_permission__invalid_over_blocked,invalid_blocked_precedence,pre_final_split_acceptance_permission,tuple,ADMIT_001|ADMIT_002|ADMIT_003|ADMIT_004|ADMIT_005|ADMIT_006|ADMIT_007|ADMIT_008|ADMIT_009|ADMIT_010|ADMIT_011|ADMIT_012|ADMIT_013|ADMIT_014,blocked|invalid|passed|passed|passed|passed|passed|passed|passed|passed|passed|passed|passed|passed,invalid,invalid,false,false,true,true,COMBINED_PERMISSION_SCOPE_OR_VECTOR_OR_STATE_CONTRACT_INVALID,COMBINED_PERMISSION_SCOPE_OR_VECTOR_OR_STATE_CONTRACT_INVALID,ADMIT_001|ADMIT_002|ADMIT_003|ADMIT_004|ADMIT_005|ADMIT_006|ADMIT_007|ADMIT_008|ADMIT_009|ADMIT_010|ADMIT_011|ADMIT_012|ADMIT_013|ADMIT_014,ADMIT_001|ADMIT_002,false,false,0,true
103,pre_final_split_acceptance_permission__admit014_non_override,admit014_pass_non_override,pre_final_split_acceptance_permission,tuple,ADMIT_001|ADMIT_002|ADMIT_003|ADMIT_004|ADMIT_005|ADMIT_006|ADMIT_007|ADMIT_008|ADMIT_009|ADMIT_010|ADMIT_011|ADMIT_012|ADMIT_013|ADMIT_014,blocked|passed|passed|passed|passed|passed|passed|passed|passed|passed|passed|passed|passed|passed,blocked,blocked,false,false,true,true,COMBINED_PERMISSION_REQUIRED_RULE_BLOCKED,COMBINED_PERMISSION_REQUIRED_RULE_BLOCKED,ADMIT_001|ADMIT_002|ADMIT_003|ADMIT_004|ADMIT_005|ADMIT_006|ADMIT_007|ADMIT_008|ADMIT_009|ADMIT_010|ADMIT_011|ADMIT_012|ADMIT_013|ADMIT_014,ADMIT_001,false,false,0,true
104,training_execution_admission_permission__all_pass,canonical_all_pass,training_execution_admission_permission,tuple,ADMIT_001|ADMIT_002|ADMIT_003|ADMIT_004|ADMIT_005|ADMIT_006|ADMIT_007|ADMIT_008|ADMIT_009|ADMIT_010|ADMIT_011|ADMIT_012|ADMIT_013|ADMIT_014|ADMIT_015,passed|passed|passed|passed|passed|passed|passed|passed|passed|passed|passed|passed|passed|passed|passed,passed,passed,true,true,false,false,,,ADMIT_001|ADMIT_002|ADMIT_003|ADMIT_004|ADMIT_005|ADMIT_006|ADMIT_007|ADMIT_008|ADMIT_009|ADMIT_010|ADMIT_011|ADMIT_012|ADMIT_013|ADMIT_014|ADMIT_015,,false,false,0,true
105,training_execution_admission_permission__ADMIT_001__blocked,every_required_rule_blocked,training_execution_admission_permission,tuple,ADMIT_001|ADMIT_002|ADMIT_003|ADMIT_004|ADMIT_005|ADMIT_006|ADMIT_007|ADMIT_008|ADMIT_009|ADMIT_010|ADMIT_011|ADMIT_012|ADMIT_013|ADMIT_014|ADMIT_015,blocked|passed|passed|passed|passed|passed|passed|passed|passed|passed|passed|passed|passed|passed|passed,blocked,blocked,false,false,true,true,COMBINED_PERMISSION_REQUIRED_RULE_BLOCKED,COMBINED_PERMISSION_REQUIRED_RULE_BLOCKED,ADMIT_001|ADMIT_002|ADMIT_003|ADMIT_004|ADMIT_005|ADMIT_006|ADMIT_007|ADMIT_008|ADMIT_009|ADMIT_010|ADMIT_011|ADMIT_012|ADMIT_013|ADMIT_014|ADMIT_015,ADMIT_001,false,false,0,true
106,training_execution_admission_permission__ADMIT_001__invalid,every_required_rule_invalid,training_execution_admission_permission,tuple,ADMIT_001|ADMIT_002|ADMIT_003|ADMIT_004|ADMIT_005|ADMIT_006|ADMIT_007|ADMIT_008|ADMIT_009|ADMIT_010|ADMIT_011|ADMIT_012|ADMIT_013|ADMIT_014|ADMIT_015,invalid|passed|passed|passed|passed|passed|passed|passed|passed|passed|passed|passed|passed|passed|passed,invalid,invalid,false,false,true,true,COMBINED_PERMISSION_SCOPE_OR_VECTOR_OR_STATE_CONTRACT_INVALID,COMBINED_PERMISSION_SCOPE_OR_VECTOR_OR_STATE_CONTRACT_INVALID,ADMIT_001|ADMIT_002|ADMIT_003|ADMIT_004|ADMIT_005|ADMIT_006|ADMIT_007|ADMIT_008|ADMIT_009|ADMIT_010|ADMIT_011|ADMIT_012|ADMIT_013|ADMIT_014|ADMIT_015,ADMIT_001,false,false,0,true
107,training_execution_admission_permission__ADMIT_002__blocked,every_required_rule_blocked,training_execution_admission_permission,tuple,ADMIT_001|ADMIT_002|ADMIT_003|ADMIT_004|ADMIT_005|ADMIT_006|ADMIT_007|ADMIT_008|ADMIT_009|ADMIT_010|ADMIT_011|ADMIT_012|ADMIT_013|ADMIT_014|ADMIT_015,passed|blocked|passed|passed|passed|passed|passed|passed|passed|passed|passed|passed|passed|passed|passed,blocked,blocked,false,false,true,true,COMBINED_PERMISSION_REQUIRED_RULE_BLOCKED,COMBINED_PERMISSION_REQUIRED_RULE_BLOCKED,ADMIT_001|ADMIT_002|ADMIT_003|ADMIT_004|ADMIT_005|ADMIT_006|ADMIT_007|ADMIT_008|ADMIT_009|ADMIT_010|ADMIT_011|ADMIT_012|ADMIT_013|ADMIT_014|ADMIT_015,ADMIT_002,false,false,0,true
108,training_execution_admission_permission__ADMIT_002__invalid,every_required_rule_invalid,training_execution_admission_permission,tuple,ADMIT_001|ADMIT_002|ADMIT_003|ADMIT_004|ADMIT_005|ADMIT_006|ADMIT_007|ADMIT_008|ADMIT_009|ADMIT_010|ADMIT_011|ADMIT_012|ADMIT_013|ADMIT_014|ADMIT_015,passed|invalid|passed|passed|passed|passed|passed|passed|passed|passed|passed|passed|passed|passed|passed,invalid,invalid,false,false,true,true,COMBINED_PERMISSION_SCOPE_OR_VECTOR_OR_STATE_CONTRACT_INVALID,COMBINED_PERMISSION_SCOPE_OR_VECTOR_OR_STATE_CONTRACT_INVALID,ADMIT_001|ADMIT_002|ADMIT_003|ADMIT_004|ADMIT_005|ADMIT_006|ADMIT_007|ADMIT_008|ADMIT_009|ADMIT_010|ADMIT_011|ADMIT_012|ADMIT_013|ADMIT_014|ADMIT_015,ADMIT_002,false,false,0,true
109,training_execution_admission_permission__ADMIT_003__blocked,every_required_rule_blocked,training_execution_admission_permission,tuple,ADMIT_001|ADMIT_002|ADMIT_003|ADMIT_004|ADMIT_005|ADMIT_006|ADMIT_007|ADMIT_008|ADMIT_009|ADMIT_010|ADMIT_011|ADMIT_012|ADMIT_013|ADMIT_014|ADMIT_015,passed|passed|blocked|passed|passed|passed|passed|passed|passed|passed|passed|passed|passed|passed|passed,blocked,blocked,false,false,true,true,COMBINED_PERMISSION_REQUIRED_RULE_BLOCKED,COMBINED_PERMISSION_REQUIRED_RULE_BLOCKED,ADMIT_001|ADMIT_002|ADMIT_003|ADMIT_004|ADMIT_005|ADMIT_006|ADMIT_007|ADMIT_008|ADMIT_009|ADMIT_010|ADMIT_011|ADMIT_012|ADMIT_013|ADMIT_014|ADMIT_015,ADMIT_003,false,false,0,true
110,training_execution_admission_permission__ADMIT_003__invalid,every_required_rule_invalid,training_execution_admission_permission,tuple,ADMIT_001|ADMIT_002|ADMIT_003|ADMIT_004|ADMIT_005|ADMIT_006|ADMIT_007|ADMIT_008|ADMIT_009|ADMIT_010|ADMIT_011|ADMIT_012|ADMIT_013|ADMIT_014|ADMIT_015,passed|passed|invalid|passed|passed|passed|passed|passed|passed|passed|passed|passed|passed|passed|passed,invalid,invalid,false,false,true,true,COMBINED_PERMISSION_SCOPE_OR_VECTOR_OR_STATE_CONTRACT_INVALID,COMBINED_PERMISSION_SCOPE_OR_VECTOR_OR_STATE_CONTRACT_INVALID,ADMIT_001|ADMIT_002|ADMIT_003|ADMIT_004|ADMIT_005|ADMIT_006|ADMIT_007|ADMIT_008|ADMIT_009|ADMIT_010|ADMIT_011|ADMIT_012|ADMIT_013|ADMIT_014|ADMIT_015,ADMIT_003,false,false,0,true
111,training_execution_admission_permission__ADMIT_004__blocked,every_required_rule_blocked,training_execution_admission_permission,tuple,ADMIT_001|ADMIT_002|ADMIT_003|ADMIT_004|ADMIT_005|ADMIT_006|ADMIT_007|ADMIT_008|ADMIT_009|ADMIT_010|ADMIT_011|ADMIT_012|ADMIT_013|ADMIT_014|ADMIT_015,passed|passed|passed|blocked|passed|passed|passed|passed|passed|passed|passed|passed|passed|passed|passed,blocked,blocked,false,false,true,true,COMBINED_PERMISSION_REQUIRED_RULE_BLOCKED,COMBINED_PERMISSION_REQUIRED_RULE_BLOCKED,ADMIT_001|ADMIT_002|ADMIT_003|ADMIT_004|ADMIT_005|ADMIT_006|ADMIT_007|ADMIT_008|ADMIT_009|ADMIT_010|ADMIT_011|ADMIT_012|ADMIT_013|ADMIT_014|ADMIT_015,ADMIT_004,false,false,0,true
112,training_execution_admission_permission__ADMIT_004__invalid,every_required_rule_invalid,training_execution_admission_permission,tuple,ADMIT_001|ADMIT_002|ADMIT_003|ADMIT_004|ADMIT_005|ADMIT_006|ADMIT_007|ADMIT_008|ADMIT_009|ADMIT_010|ADMIT_011|ADMIT_012|ADMIT_013|ADMIT_014|ADMIT_015,passed|passed|passed|invalid|passed|passed|passed|passed|passed|passed|passed|passed|passed|passed|passed,invalid,invalid,false,false,true,true,COMBINED_PERMISSION_SCOPE_OR_VECTOR_OR_STATE_CONTRACT_INVALID,COMBINED_PERMISSION_SCOPE_OR_VECTOR_OR_STATE_CONTRACT_INVALID,ADMIT_001|ADMIT_002|ADMIT_003|ADMIT_004|ADMIT_005|ADMIT_006|ADMIT_007|ADMIT_008|ADMIT_009|ADMIT_010|ADMIT_011|ADMIT_012|ADMIT_013|ADMIT_014|ADMIT_015,ADMIT_004,false,false,0,true
113,training_execution_admission_permission__ADMIT_005__blocked,every_required_rule_blocked,training_execution_admission_permission,tuple,ADMIT_001|ADMIT_002|ADMIT_003|ADMIT_004|ADMIT_005|ADMIT_006|ADMIT_007|ADMIT_008|ADMIT_009|ADMIT_010|ADMIT_011|ADMIT_012|ADMIT_013|ADMIT_014|ADMIT_015,passed|passed|passed|passed|blocked|passed|passed|passed|passed|passed|passed|passed|passed|passed|passed,blocked,blocked,false,false,true,true,COMBINED_PERMISSION_REQUIRED_RULE_BLOCKED,COMBINED_PERMISSION_REQUIRED_RULE_BLOCKED,ADMIT_001|ADMIT_002|ADMIT_003|ADMIT_004|ADMIT_005|ADMIT_006|ADMIT_007|ADMIT_008|ADMIT_009|ADMIT_010|ADMIT_011|ADMIT_012|ADMIT_013|ADMIT_014|ADMIT_015,ADMIT_005,false,false,0,true
114,training_execution_admission_permission__ADMIT_005__invalid,every_required_rule_invalid,training_execution_admission_permission,tuple,ADMIT_001|ADMIT_002|ADMIT_003|ADMIT_004|ADMIT_005|ADMIT_006|ADMIT_007|ADMIT_008|ADMIT_009|ADMIT_010|ADMIT_011|ADMIT_012|ADMIT_013|ADMIT_014|ADMIT_015,passed|passed|passed|passed|invalid|passed|passed|passed|passed|passed|passed|passed|passed|passed|passed,invalid,invalid,false,false,true,true,COMBINED_PERMISSION_SCOPE_OR_VECTOR_OR_STATE_CONTRACT_INVALID,COMBINED_PERMISSION_SCOPE_OR_VECTOR_OR_STATE_CONTRACT_INVALID,ADMIT_001|ADMIT_002|ADMIT_003|ADMIT_004|ADMIT_005|ADMIT_006|ADMIT_007|ADMIT_008|ADMIT_009|ADMIT_010|ADMIT_011|ADMIT_012|ADMIT_013|ADMIT_014|ADMIT_015,ADMIT_005,false,false,0,true
115,training_execution_admission_permission__ADMIT_006__blocked,every_required_rule_blocked,training_execution_admission_permission,tuple,ADMIT_001|ADMIT_002|ADMIT_003|ADMIT_004|ADMIT_005|ADMIT_006|ADMIT_007|ADMIT_008|ADMIT_009|ADMIT_010|ADMIT_011|ADMIT_012|ADMIT_013|ADMIT_014|ADMIT_015,passed|passed|passed|passed|passed|blocked|passed|passed|passed|passed|passed|passed|passed|passed|passed,blocked,blocked,false,false,true,true,COMBINED_PERMISSION_REQUIRED_RULE_BLOCKED,COMBINED_PERMISSION_REQUIRED_RULE_BLOCKED,ADMIT_001|ADMIT_002|ADMIT_003|ADMIT_004|ADMIT_005|ADMIT_006|ADMIT_007|ADMIT_008|ADMIT_009|ADMIT_010|ADMIT_011|ADMIT_012|ADMIT_013|ADMIT_014|ADMIT_015,ADMIT_006,false,false,0,true
116,training_execution_admission_permission__ADMIT_006__invalid,every_required_rule_invalid,training_execution_admission_permission,tuple,ADMIT_001|ADMIT_002|ADMIT_003|ADMIT_004|ADMIT_005|ADMIT_006|ADMIT_007|ADMIT_008|ADMIT_009|ADMIT_010|ADMIT_011|ADMIT_012|ADMIT_013|ADMIT_014|ADMIT_015,passed|passed|passed|passed|passed|invalid|passed|passed|passed|passed|passed|passed|passed|passed|passed,invalid,invalid,false,false,true,true,COMBINED_PERMISSION_SCOPE_OR_VECTOR_OR_STATE_CONTRACT_INVALID,COMBINED_PERMISSION_SCOPE_OR_VECTOR_OR_STATE_CONTRACT_INVALID,ADMIT_001|ADMIT_002|ADMIT_003|ADMIT_004|ADMIT_005|ADMIT_006|ADMIT_007|ADMIT_008|ADMIT_009|ADMIT_010|ADMIT_011|ADMIT_012|ADMIT_013|ADMIT_014|ADMIT_015,ADMIT_006,false,false,0,true
117,training_execution_admission_permission__ADMIT_007__blocked,every_required_rule_blocked,training_execution_admission_permission,tuple,ADMIT_001|ADMIT_002|ADMIT_003|ADMIT_004|ADMIT_005|ADMIT_006|ADMIT_007|ADMIT_008|ADMIT_009|ADMIT_010|ADMIT_011|ADMIT_012|ADMIT_013|ADMIT_014|ADMIT_015,passed|passed|passed|passed|passed|passed|blocked|passed|passed|passed|passed|passed|passed|passed|passed,blocked,blocked,false,false,true,true,COMBINED_PERMISSION_REQUIRED_RULE_BLOCKED,COMBINED_PERMISSION_REQUIRED_RULE_BLOCKED,ADMIT_001|ADMIT_002|ADMIT_003|ADMIT_004|ADMIT_005|ADMIT_006|ADMIT_007|ADMIT_008|ADMIT_009|ADMIT_010|ADMIT_011|ADMIT_012|ADMIT_013|ADMIT_014|ADMIT_015,ADMIT_007,false,false,0,true
118,training_execution_admission_permission__ADMIT_007__invalid,every_required_rule_invalid,training_execution_admission_permission,tuple,ADMIT_001|ADMIT_002|ADMIT_003|ADMIT_004|ADMIT_005|ADMIT_006|ADMIT_007|ADMIT_008|ADMIT_009|ADMIT_010|ADMIT_011|ADMIT_012|ADMIT_013|ADMIT_014|ADMIT_015,passed|passed|passed|passed|passed|passed|invalid|passed|passed|passed|passed|passed|passed|passed|passed,invalid,invalid,false,false,true,true,COMBINED_PERMISSION_SCOPE_OR_VECTOR_OR_STATE_CONTRACT_INVALID,COMBINED_PERMISSION_SCOPE_OR_VECTOR_OR_STATE_CONTRACT_INVALID,ADMIT_001|ADMIT_002|ADMIT_003|ADMIT_004|ADMIT_005|ADMIT_006|ADMIT_007|ADMIT_008|ADMIT_009|ADMIT_010|ADMIT_011|ADMIT_012|ADMIT_013|ADMIT_014|ADMIT_015,ADMIT_007,false,false,0,true
119,training_execution_admission_permission__ADMIT_008__blocked,every_required_rule_blocked,training_execution_admission_permission,tuple,ADMIT_001|ADMIT_002|ADMIT_003|ADMIT_004|ADMIT_005|ADMIT_006|ADMIT_007|ADMIT_008|ADMIT_009|ADMIT_010|ADMIT_011|ADMIT_012|ADMIT_013|ADMIT_014|ADMIT_015,passed|passed|passed|passed|passed|passed|passed|blocked|passed|passed|passed|passed|passed|passed|passed,blocked,blocked,false,false,true,true,COMBINED_PERMISSION_REQUIRED_RULE_BLOCKED,COMBINED_PERMISSION_REQUIRED_RULE_BLOCKED,ADMIT_001|ADMIT_002|ADMIT_003|ADMIT_004|ADMIT_005|ADMIT_006|ADMIT_007|ADMIT_008|ADMIT_009|ADMIT_010|ADMIT_011|ADMIT_012|ADMIT_013|ADMIT_014|ADMIT_015,ADMIT_008,false,false,0,true
120,training_execution_admission_permission__ADMIT_008__invalid,every_required_rule_invalid,training_execution_admission_permission,tuple,ADMIT_001|ADMIT_002|ADMIT_003|ADMIT_004|ADMIT_005|ADMIT_006|ADMIT_007|ADMIT_008|ADMIT_009|ADMIT_010|ADMIT_011|ADMIT_012|ADMIT_013|ADMIT_014|ADMIT_015,passed|passed|passed|passed|passed|passed|passed|invalid|passed|passed|passed|passed|passed|passed|passed,invalid,invalid,false,false,true,true,COMBINED_PERMISSION_SCOPE_OR_VECTOR_OR_STATE_CONTRACT_INVALID,COMBINED_PERMISSION_SCOPE_OR_VECTOR_OR_STATE_CONTRACT_INVALID,ADMIT_001|ADMIT_002|ADMIT_003|ADMIT_004|ADMIT_005|ADMIT_006|ADMIT_007|ADMIT_008|ADMIT_009|ADMIT_010|ADMIT_011|ADMIT_012|ADMIT_013|ADMIT_014|ADMIT_015,ADMIT_008,false,false,0,true
121,training_execution_admission_permission__ADMIT_009__blocked,every_required_rule_blocked,training_execution_admission_permission,tuple,ADMIT_001|ADMIT_002|ADMIT_003|ADMIT_004|ADMIT_005|ADMIT_006|ADMIT_007|ADMIT_008|ADMIT_009|ADMIT_010|ADMIT_011|ADMIT_012|ADMIT_013|ADMIT_014|ADMIT_015,passed|passed|passed|passed|passed|passed|passed|passed|blocked|passed|passed|passed|passed|passed|passed,blocked,blocked,false,false,true,true,COMBINED_PERMISSION_REQUIRED_RULE_BLOCKED,COMBINED_PERMISSION_REQUIRED_RULE_BLOCKED,ADMIT_001|ADMIT_002|ADMIT_003|ADMIT_004|ADMIT_005|ADMIT_006|ADMIT_007|ADMIT_008|ADMIT_009|ADMIT_010|ADMIT_011|ADMIT_012|ADMIT_013|ADMIT_014|ADMIT_015,ADMIT_009,false,false,0,true
122,training_execution_admission_permission__ADMIT_009__invalid,every_required_rule_invalid,training_execution_admission_permission,tuple,ADMIT_001|ADMIT_002|ADMIT_003|ADMIT_004|ADMIT_005|ADMIT_006|ADMIT_007|ADMIT_008|ADMIT_009|ADMIT_010|ADMIT_011|ADMIT_012|ADMIT_013|ADMIT_014|ADMIT_015,passed|passed|passed|passed|passed|passed|passed|passed|invalid|passed|passed|passed|passed|passed|passed,invalid,invalid,false,false,true,true,COMBINED_PERMISSION_SCOPE_OR_VECTOR_OR_STATE_CONTRACT_INVALID,COMBINED_PERMISSION_SCOPE_OR_VECTOR_OR_STATE_CONTRACT_INVALID,ADMIT_001|ADMIT_002|ADMIT_003|ADMIT_004|ADMIT_005|ADMIT_006|ADMIT_007|ADMIT_008|ADMIT_009|ADMIT_010|ADMIT_011|ADMIT_012|ADMIT_013|ADMIT_014|ADMIT_015,ADMIT_009,false,false,0,true
123,training_execution_admission_permission__ADMIT_010__blocked,every_required_rule_blocked,training_execution_admission_permission,tuple,ADMIT_001|ADMIT_002|ADMIT_003|ADMIT_004|ADMIT_005|ADMIT_006|ADMIT_007|ADMIT_008|ADMIT_009|ADMIT_010|ADMIT_011|ADMIT_012|ADMIT_013|ADMIT_014|ADMIT_015,passed|passed|passed|passed|passed|passed|passed|passed|passed|blocked|passed|passed|passed|passed|passed,blocked,blocked,false,false,true,true,COMBINED_PERMISSION_REQUIRED_RULE_BLOCKED,COMBINED_PERMISSION_REQUIRED_RULE_BLOCKED,ADMIT_001|ADMIT_002|ADMIT_003|ADMIT_004|ADMIT_005|ADMIT_006|ADMIT_007|ADMIT_008|ADMIT_009|ADMIT_010|ADMIT_011|ADMIT_012|ADMIT_013|ADMIT_014|ADMIT_015,ADMIT_010,false,false,0,true
124,training_execution_admission_permission__ADMIT_010__invalid,every_required_rule_invalid,training_execution_admission_permission,tuple,ADMIT_001|ADMIT_002|ADMIT_003|ADMIT_004|ADMIT_005|ADMIT_006|ADMIT_007|ADMIT_008|ADMIT_009|ADMIT_010|ADMIT_011|ADMIT_012|ADMIT_013|ADMIT_014|ADMIT_015,passed|passed|passed|passed|passed|passed|passed|passed|passed|invalid|passed|passed|passed|passed|passed,invalid,invalid,false,false,true,true,COMBINED_PERMISSION_SCOPE_OR_VECTOR_OR_STATE_CONTRACT_INVALID,COMBINED_PERMISSION_SCOPE_OR_VECTOR_OR_STATE_CONTRACT_INVALID,ADMIT_001|ADMIT_002|ADMIT_003|ADMIT_004|ADMIT_005|ADMIT_006|ADMIT_007|ADMIT_008|ADMIT_009|ADMIT_010|ADMIT_011|ADMIT_012|ADMIT_013|ADMIT_014|ADMIT_015,ADMIT_010,false,false,0,true
125,training_execution_admission_permission__ADMIT_011__blocked,every_required_rule_blocked,training_execution_admission_permission,tuple,ADMIT_001|ADMIT_002|ADMIT_003|ADMIT_004|ADMIT_005|ADMIT_006|ADMIT_007|ADMIT_008|ADMIT_009|ADMIT_010|ADMIT_011|ADMIT_012|ADMIT_013|ADMIT_014|ADMIT_015,passed|passed|passed|passed|passed|passed|passed|passed|passed|passed|blocked|passed|passed|passed|passed,blocked,blocked,false,false,true,true,COMBINED_PERMISSION_REQUIRED_RULE_BLOCKED,COMBINED_PERMISSION_REQUIRED_RULE_BLOCKED,ADMIT_001|ADMIT_002|ADMIT_003|ADMIT_004|ADMIT_005|ADMIT_006|ADMIT_007|ADMIT_008|ADMIT_009|ADMIT_010|ADMIT_011|ADMIT_012|ADMIT_013|ADMIT_014|ADMIT_015,ADMIT_011,false,false,0,true
126,training_execution_admission_permission__ADMIT_011__invalid,every_required_rule_invalid,training_execution_admission_permission,tuple,ADMIT_001|ADMIT_002|ADMIT_003|ADMIT_004|ADMIT_005|ADMIT_006|ADMIT_007|ADMIT_008|ADMIT_009|ADMIT_010|ADMIT_011|ADMIT_012|ADMIT_013|ADMIT_014|ADMIT_015,passed|passed|passed|passed|passed|passed|passed|passed|passed|passed|invalid|passed|passed|passed|passed,invalid,invalid,false,false,true,true,COMBINED_PERMISSION_SCOPE_OR_VECTOR_OR_STATE_CONTRACT_INVALID,COMBINED_PERMISSION_SCOPE_OR_VECTOR_OR_STATE_CONTRACT_INVALID,ADMIT_001|ADMIT_002|ADMIT_003|ADMIT_004|ADMIT_005|ADMIT_006|ADMIT_007|ADMIT_008|ADMIT_009|ADMIT_010|ADMIT_011|ADMIT_012|ADMIT_013|ADMIT_014|ADMIT_015,ADMIT_011,false,false,0,true
127,training_execution_admission_permission__ADMIT_012__blocked,every_required_rule_blocked,training_execution_admission_permission,tuple,ADMIT_001|ADMIT_002|ADMIT_003|ADMIT_004|ADMIT_005|ADMIT_006|ADMIT_007|ADMIT_008|ADMIT_009|ADMIT_010|ADMIT_011|ADMIT_012|ADMIT_013|ADMIT_014|ADMIT_015,passed|passed|passed|passed|passed|passed|passed|passed|passed|passed|passed|blocked|passed|passed|passed,blocked,blocked,false,false,true,true,COMBINED_PERMISSION_REQUIRED_RULE_BLOCKED,COMBINED_PERMISSION_REQUIRED_RULE_BLOCKED,ADMIT_001|ADMIT_002|ADMIT_003|ADMIT_004|ADMIT_005|ADMIT_006|ADMIT_007|ADMIT_008|ADMIT_009|ADMIT_010|ADMIT_011|ADMIT_012|ADMIT_013|ADMIT_014|ADMIT_015,ADMIT_012,false,false,0,true
128,training_execution_admission_permission__ADMIT_012__invalid,every_required_rule_invalid,training_execution_admission_permission,tuple,ADMIT_001|ADMIT_002|ADMIT_003|ADMIT_004|ADMIT_005|ADMIT_006|ADMIT_007|ADMIT_008|ADMIT_009|ADMIT_010|ADMIT_011|ADMIT_012|ADMIT_013|ADMIT_014|ADMIT_015,passed|passed|passed|passed|passed|passed|passed|passed|passed|passed|passed|invalid|passed|passed|passed,invalid,invalid,false,false,true,true,COMBINED_PERMISSION_SCOPE_OR_VECTOR_OR_STATE_CONTRACT_INVALID,COMBINED_PERMISSION_SCOPE_OR_VECTOR_OR_STATE_CONTRACT_INVALID,ADMIT_001|ADMIT_002|ADMIT_003|ADMIT_004|ADMIT_005|ADMIT_006|ADMIT_007|ADMIT_008|ADMIT_009|ADMIT_010|ADMIT_011|ADMIT_012|ADMIT_013|ADMIT_014|ADMIT_015,ADMIT_012,false,false,0,true
129,training_execution_admission_permission__ADMIT_013__blocked,every_required_rule_blocked,training_execution_admission_permission,tuple,ADMIT_001|ADMIT_002|ADMIT_003|ADMIT_004|ADMIT_005|ADMIT_006|ADMIT_007|ADMIT_008|ADMIT_009|ADMIT_010|ADMIT_011|ADMIT_012|ADMIT_013|ADMIT_014|ADMIT_015,passed|passed|passed|passed|passed|passed|passed|passed|passed|passed|passed|passed|blocked|passed|passed,blocked,blocked,false,false,true,true,COMBINED_PERMISSION_REQUIRED_RULE_BLOCKED,COMBINED_PERMISSION_REQUIRED_RULE_BLOCKED,ADMIT_001|ADMIT_002|ADMIT_003|ADMIT_004|ADMIT_005|ADMIT_006|ADMIT_007|ADMIT_008|ADMIT_009|ADMIT_010|ADMIT_011|ADMIT_012|ADMIT_013|ADMIT_014|ADMIT_015,ADMIT_013,false,false,0,true
130,training_execution_admission_permission__ADMIT_013__invalid,every_required_rule_invalid,training_execution_admission_permission,tuple,ADMIT_001|ADMIT_002|ADMIT_003|ADMIT_004|ADMIT_005|ADMIT_006|ADMIT_007|ADMIT_008|ADMIT_009|ADMIT_010|ADMIT_011|ADMIT_012|ADMIT_013|ADMIT_014|ADMIT_015,passed|passed|passed|passed|passed|passed|passed|passed|passed|passed|passed|passed|invalid|passed|passed,invalid,invalid,false,false,true,true,COMBINED_PERMISSION_SCOPE_OR_VECTOR_OR_STATE_CONTRACT_INVALID,COMBINED_PERMISSION_SCOPE_OR_VECTOR_OR_STATE_CONTRACT_INVALID,ADMIT_001|ADMIT_002|ADMIT_003|ADMIT_004|ADMIT_005|ADMIT_006|ADMIT_007|ADMIT_008|ADMIT_009|ADMIT_010|ADMIT_011|ADMIT_012|ADMIT_013|ADMIT_014|ADMIT_015,ADMIT_013,false,false,0,true
131,training_execution_admission_permission__ADMIT_014__blocked,every_required_rule_blocked,training_execution_admission_permission,tuple,ADMIT_001|ADMIT_002|ADMIT_003|ADMIT_004|ADMIT_005|ADMIT_006|ADMIT_007|ADMIT_008|ADMIT_009|ADMIT_010|ADMIT_011|ADMIT_012|ADMIT_013|ADMIT_014|ADMIT_015,passed|passed|passed|passed|passed|passed|passed|passed|passed|passed|passed|passed|passed|blocked|passed,blocked,blocked,false,false,true,true,COMBINED_PERMISSION_REQUIRED_RULE_BLOCKED,COMBINED_PERMISSION_REQUIRED_RULE_BLOCKED,ADMIT_001|ADMIT_002|ADMIT_003|ADMIT_004|ADMIT_005|ADMIT_006|ADMIT_007|ADMIT_008|ADMIT_009|ADMIT_010|ADMIT_011|ADMIT_012|ADMIT_013|ADMIT_014|ADMIT_015,ADMIT_014,false,false,0,true
132,training_execution_admission_permission__ADMIT_014__invalid,every_required_rule_invalid,training_execution_admission_permission,tuple,ADMIT_001|ADMIT_002|ADMIT_003|ADMIT_004|ADMIT_005|ADMIT_006|ADMIT_007|ADMIT_008|ADMIT_009|ADMIT_010|ADMIT_011|ADMIT_012|ADMIT_013|ADMIT_014|ADMIT_015,passed|passed|passed|passed|passed|passed|passed|passed|passed|passed|passed|passed|passed|invalid|passed,invalid,invalid,false,false,true,true,COMBINED_PERMISSION_SCOPE_OR_VECTOR_OR_STATE_CONTRACT_INVALID,COMBINED_PERMISSION_SCOPE_OR_VECTOR_OR_STATE_CONTRACT_INVALID,ADMIT_001|ADMIT_002|ADMIT_003|ADMIT_004|ADMIT_005|ADMIT_006|ADMIT_007|ADMIT_008|ADMIT_009|ADMIT_010|ADMIT_011|ADMIT_012|ADMIT_013|ADMIT_014|ADMIT_015,ADMIT_014,false,false,0,true
133,training_execution_admission_permission__ADMIT_015__blocked,every_required_rule_blocked,training_execution_admission_permission,tuple,ADMIT_001|ADMIT_002|ADMIT_003|ADMIT_004|ADMIT_005|ADMIT_006|ADMIT_007|ADMIT_008|ADMIT_009|ADMIT_010|ADMIT_011|ADMIT_012|ADMIT_013|ADMIT_014|ADMIT_015,passed|passed|passed|passed|passed|passed|passed|passed|passed|passed|passed|passed|passed|passed|blocked,blocked,blocked,false,false,true,true,COMBINED_PERMISSION_REQUIRED_RULE_BLOCKED,COMBINED_PERMISSION_REQUIRED_RULE_BLOCKED,ADMIT_001|ADMIT_002|ADMIT_003|ADMIT_004|ADMIT_005|ADMIT_006|ADMIT_007|ADMIT_008|ADMIT_009|ADMIT_010|ADMIT_011|ADMIT_012|ADMIT_013|ADMIT_014|ADMIT_015,ADMIT_015,false,false,0,true
134,training_execution_admission_permission__ADMIT_015__invalid,every_required_rule_invalid,training_execution_admission_permission,tuple,ADMIT_001|ADMIT_002|ADMIT_003|ADMIT_004|ADMIT_005|ADMIT_006|ADMIT_007|ADMIT_008|ADMIT_009|ADMIT_010|ADMIT_011|ADMIT_012|ADMIT_013|ADMIT_014|ADMIT_015,passed|passed|passed|passed|passed|passed|passed|passed|passed|passed|passed|passed|passed|passed|invalid,invalid,invalid,false,false,true,true,COMBINED_PERMISSION_SCOPE_OR_VECTOR_OR_STATE_CONTRACT_INVALID,COMBINED_PERMISSION_SCOPE_OR_VECTOR_OR_STATE_CONTRACT_INVALID,ADMIT_001|ADMIT_002|ADMIT_003|ADMIT_004|ADMIT_005|ADMIT_006|ADMIT_007|ADMIT_008|ADMIT_009|ADMIT_010|ADMIT_011|ADMIT_012|ADMIT_013|ADMIT_014|ADMIT_015,ADMIT_015,false,false,0,true
135,training_execution_admission_permission__missing_first,missing_required,training_execution_admission_permission,tuple,ADMIT_002|ADMIT_003|ADMIT_004|ADMIT_005|ADMIT_006|ADMIT_007|ADMIT_008|ADMIT_009|ADMIT_010|ADMIT_011|ADMIT_012|ADMIT_013|ADMIT_014|ADMIT_015,passed|passed|passed|passed|passed|passed|passed|passed|passed|passed|passed|passed|passed|passed,invalid,invalid,false,false,true,true,COMBINED_PERMISSION_SCOPE_OR_VECTOR_OR_STATE_CONTRACT_INVALID,COMBINED_PERMISSION_SCOPE_OR_VECTOR_OR_STATE_CONTRACT_INVALID,ADMIT_001|ADMIT_002|ADMIT_003|ADMIT_004|ADMIT_005|ADMIT_006|ADMIT_007|ADMIT_008|ADMIT_009|ADMIT_010|ADMIT_011|ADMIT_012|ADMIT_013|ADMIT_014|ADMIT_015,,false,false,0,true
136,training_execution_admission_permission__missing_middle,missing_required,training_execution_admission_permission,tuple,ADMIT_001|ADMIT_002|ADMIT_003|ADMIT_004|ADMIT_005|ADMIT_006|ADMIT_007|ADMIT_009|ADMIT_010|ADMIT_011|ADMIT_012|ADMIT_013|ADMIT_014|ADMIT_015,passed|passed|passed|passed|passed|passed|passed|passed|passed|passed|passed|passed|passed|passed,invalid,invalid,false,false,true,true,COMBINED_PERMISSION_SCOPE_OR_VECTOR_OR_STATE_CONTRACT_INVALID,COMBINED_PERMISSION_SCOPE_OR_VECTOR_OR_STATE_CONTRACT_INVALID,ADMIT_001|ADMIT_002|ADMIT_003|ADMIT_004|ADMIT_005|ADMIT_006|ADMIT_007|ADMIT_008|ADMIT_009|ADMIT_010|ADMIT_011|ADMIT_012|ADMIT_013|ADMIT_014|ADMIT_015,,false,false,0,true
137,training_execution_admission_permission__missing_last,missing_required,training_execution_admission_permission,tuple,ADMIT_001|ADMIT_002|ADMIT_003|ADMIT_004|ADMIT_005|ADMIT_006|ADMIT_007|ADMIT_008|ADMIT_009|ADMIT_010|ADMIT_011|ADMIT_012|ADMIT_013|ADMIT_014,passed|passed|passed|passed|passed|passed|passed|passed|passed|passed|passed|passed|passed|passed,invalid,invalid,false,false,true,true,COMBINED_PERMISSION_SCOPE_OR_VECTOR_OR_STATE_CONTRACT_INVALID,COMBINED_PERMISSION_SCOPE_OR_VECTOR_OR_STATE_CONTRACT_INVALID,ADMIT_001|ADMIT_002|ADMIT_003|ADMIT_004|ADMIT_005|ADMIT_006|ADMIT_007|ADMIT_008|ADMIT_009|ADMIT_010|ADMIT_011|ADMIT_012|ADMIT_013|ADMIT_014|ADMIT_015,,false,false,0,true
138,training_execution_admission_permission__duplicate,duplicate_rule_id,training_execution_admission_permission,tuple,ADMIT_001|ADMIT_002|ADMIT_003|ADMIT_004|ADMIT_005|ADMIT_006|ADMIT_007|ADMIT_008|ADMIT_009|ADMIT_010|ADMIT_011|ADMIT_012|ADMIT_013|ADMIT_014|ADMIT_015|ADMIT_001,passed|passed|passed|passed|passed|passed|passed|passed|passed|passed|passed|passed|passed|passed|passed|passed,invalid,invalid,false,false,true,true,COMBINED_PERMISSION_SCOPE_OR_VECTOR_OR_STATE_CONTRACT_INVALID,COMBINED_PERMISSION_SCOPE_OR_VECTOR_OR_STATE_CONTRACT_INVALID,ADMIT_001|ADMIT_002|ADMIT_003|ADMIT_004|ADMIT_005|ADMIT_006|ADMIT_007|ADMIT_008|ADMIT_009|ADMIT_010|ADMIT_011|ADMIT_012|ADMIT_013|ADMIT_014|ADMIT_015,,false,false,0,true
139,training_execution_admission_permission__reorder,reordered_rule_ids,training_execution_admission_permission,tuple,ADMIT_002|ADMIT_001|ADMIT_003|ADMIT_004|ADMIT_005|ADMIT_006|ADMIT_007|ADMIT_008|ADMIT_009|ADMIT_010|ADMIT_011|ADMIT_012|ADMIT_013|ADMIT_014|ADMIT_015,passed|passed|passed|passed|passed|passed|passed|passed|passed|passed|passed|passed|passed|passed|passed,invalid,invalid,false,false,true,true,COMBINED_PERMISSION_SCOPE_OR_VECTOR_OR_STATE_CONTRACT_INVALID,COMBINED_PERMISSION_SCOPE_OR_VECTOR_OR_STATE_CONTRACT_INVALID,ADMIT_001|ADMIT_002|ADMIT_003|ADMIT_004|ADMIT_005|ADMIT_006|ADMIT_007|ADMIT_008|ADMIT_009|ADMIT_010|ADMIT_011|ADMIT_012|ADMIT_013|ADMIT_014|ADMIT_015,,false,false,0,true
140,training_execution_admission_permission__extra,extra_rule_id,training_execution_admission_permission,tuple,ADMIT_001|ADMIT_002|ADMIT_003|ADMIT_004|ADMIT_005|ADMIT_006|ADMIT_007|ADMIT_008|ADMIT_009|ADMIT_010|ADMIT_011|ADMIT_012|ADMIT_013|ADMIT_014|ADMIT_015|ADMIT_999,passed|passed|passed|passed|passed|passed|passed|passed|passed|passed|passed|passed|passed|passed|passed|passed,invalid,invalid,false,false,true,true,COMBINED_PERMISSION_SCOPE_OR_VECTOR_OR_STATE_CONTRACT_INVALID,COMBINED_PERMISSION_SCOPE_OR_VECTOR_OR_STATE_CONTRACT_INVALID,ADMIT_001|ADMIT_002|ADMIT_003|ADMIT_004|ADMIT_005|ADMIT_006|ADMIT_007|ADMIT_008|ADMIT_009|ADMIT_010|ADMIT_011|ADMIT_012|ADMIT_013|ADMIT_014|ADMIT_015,,false,false,0,true
141,training_execution_admission_permission__invalid_over_blocked,invalid_blocked_precedence,training_execution_admission_permission,tuple,ADMIT_001|ADMIT_002|ADMIT_003|ADMIT_004|ADMIT_005|ADMIT_006|ADMIT_007|ADMIT_008|ADMIT_009|ADMIT_010|ADMIT_011|ADMIT_012|ADMIT_013|ADMIT_014|ADMIT_015,blocked|invalid|passed|passed|passed|passed|passed|passed|passed|passed|passed|passed|passed|passed|passed,invalid,invalid,false,false,true,true,COMBINED_PERMISSION_SCOPE_OR_VECTOR_OR_STATE_CONTRACT_INVALID,COMBINED_PERMISSION_SCOPE_OR_VECTOR_OR_STATE_CONTRACT_INVALID,ADMIT_001|ADMIT_002|ADMIT_003|ADMIT_004|ADMIT_005|ADMIT_006|ADMIT_007|ADMIT_008|ADMIT_009|ADMIT_010|ADMIT_011|ADMIT_012|ADMIT_013|ADMIT_014|ADMIT_015,ADMIT_001|ADMIT_002,false,false,0,true
142,training_execution_admission_permission__admit014_non_override,admit014_pass_non_override,training_execution_admission_permission,tuple,ADMIT_001|ADMIT_002|ADMIT_003|ADMIT_004|ADMIT_005|ADMIT_006|ADMIT_007|ADMIT_008|ADMIT_009|ADMIT_010|ADMIT_011|ADMIT_012|ADMIT_013|ADMIT_014|ADMIT_015,blocked|passed|passed|passed|passed|passed|passed|passed|passed|passed|passed|passed|passed|passed|passed,blocked,blocked,false,false,true,true,COMBINED_PERMISSION_REQUIRED_RULE_BLOCKED,COMBINED_PERMISSION_REQUIRED_RULE_BLOCKED,ADMIT_001|ADMIT_002|ADMIT_003|ADMIT_004|ADMIT_005|ADMIT_006|ADMIT_007|ADMIT_008|ADMIT_009|ADMIT_010|ADMIT_011|ADMIT_012|ADMIT_013|ADMIT_014|ADMIT_015,ADMIT_001,false,false,0,true
143,unknown_scope,unknown_scope,unknown_permission_scope,tuple,,,invalid,invalid,false,false,true,true,COMBINED_PERMISSION_SCOPE_OR_VECTOR_OR_STATE_CONTRACT_INVALID,COMBINED_PERMISSION_SCOPE_OR_VECTOR_OR_STATE_CONTRACT_INVALID,,,false,false,0,true
144,unknown_state,unknown_state,download_execution_permission,tuple,ADMIT_001|ADMIT_002|ADMIT_003|ADMIT_004|ADMIT_005|ADMIT_006|ADMIT_007|ADMIT_008|ADMIT_009|ADMIT_011|ADMIT_014,PASSED|passed|passed|passed|passed|passed|passed|passed|passed|passed|passed,invalid,invalid,false,false,true,true,COMBINED_PERMISSION_SCOPE_OR_VECTOR_OR_STATE_CONTRACT_INVALID,COMBINED_PERMISSION_SCOPE_OR_VECTOR_OR_STATE_CONTRACT_INVALID,ADMIT_001|ADMIT_002|ADMIT_003|ADMIT_004|ADMIT_005|ADMIT_006|ADMIT_007|ADMIT_008|ADMIT_009|ADMIT_011|ADMIT_014,,false,false,0,true
145,bool_state,bool_state,download_execution_permission,tuple,ADMIT_001|ADMIT_002|ADMIT_003|ADMIT_004|ADMIT_005|ADMIT_006|ADMIT_007|ADMIT_008|ADMIT_009|ADMIT_011|ADMIT_014,<bool>|passed|passed|passed|passed|passed|passed|passed|passed|passed|passed,invalid,invalid,false,false,true,true,COMBINED_PERMISSION_SCOPE_OR_VECTOR_OR_STATE_CONTRACT_INVALID,COMBINED_PERMISSION_SCOPE_OR_VECTOR_OR_STATE_CONTRACT_INVALID,ADMIT_001|ADMIT_002|ADMIT_003|ADMIT_004|ADMIT_005|ADMIT_006|ADMIT_007|ADMIT_008|ADMIT_009|ADMIT_011|ADMIT_014,,false,false,0,true
146,scope_bool,wrong_top_level_type,True,tuple,,,invalid,invalid,false,false,true,true,COMBINED_PERMISSION_SCOPE_OR_VECTOR_OR_STATE_CONTRACT_INVALID,COMBINED_PERMISSION_SCOPE_OR_VECTOR_OR_STATE_CONTRACT_INVALID,,,false,false,0,true
147,scope_none,wrong_top_level_type,None,tuple,,,invalid,invalid,false,false,true,true,COMBINED_PERMISSION_SCOPE_OR_VECTOR_OR_STATE_CONTRACT_INVALID,COMBINED_PERMISSION_SCOPE_OR_VECTOR_OR_STATE_CONTRACT_INVALID,,,false,false,0,true
148,vector_list,wrong_top_level_type,download_execution_permission,list,,,invalid,invalid,false,false,true,true,COMBINED_PERMISSION_SCOPE_OR_VECTOR_OR_STATE_CONTRACT_INVALID,COMBINED_PERMISSION_SCOPE_OR_VECTOR_OR_STATE_CONTRACT_INVALID,ADMIT_001|ADMIT_002|ADMIT_003|ADMIT_004|ADMIT_005|ADMIT_006|ADMIT_007|ADMIT_008|ADMIT_009|ADMIT_011|ADMIT_014,,false,false,0,true
149,vector_dict,wrong_top_level_type,download_execution_permission,dict,,,invalid,invalid,false,false,true,true,COMBINED_PERMISSION_SCOPE_OR_VECTOR_OR_STATE_CONTRACT_INVALID,COMBINED_PERMISSION_SCOPE_OR_VECTOR_OR_STATE_CONTRACT_INVALID,ADMIT_001|ADMIT_002|ADMIT_003|ADMIT_004|ADMIT_005|ADMIT_006|ADMIT_007|ADMIT_008|ADMIT_009|ADMIT_011|ADMIT_014,,false,false,0,true
150,vector_string,wrong_top_level_type,download_execution_permission,str,,,invalid,invalid,false,false,true,true,COMBINED_PERMISSION_SCOPE_OR_VECTOR_OR_STATE_CONTRACT_INVALID,COMBINED_PERMISSION_SCOPE_OR_VECTOR_OR_STATE_CONTRACT_INVALID,ADMIT_001|ADMIT_002|ADMIT_003|ADMIT_004|ADMIT_005|ADMIT_006|ADMIT_007|ADMIT_008|ADMIT_009|ADMIT_011|ADMIT_014,,false,false,0,true
151,vector_none,wrong_top_level_type,download_execution_permission,NoneType,,,invalid,invalid,false,false,true,true,COMBINED_PERMISSION_SCOPE_OR_VECTOR_OR_STATE_CONTRACT_INVALID,COMBINED_PERMISSION_SCOPE_OR_VECTOR_OR_STATE_CONTRACT_INVALID,ADMIT_001|ADMIT_002|ADMIT_003|ADMIT_004|ADMIT_005|ADMIT_006|ADMIT_007|ADMIT_008|ADMIT_009|ADMIT_011|ADMIT_014,,false,false,0,true
152,admit014_only,necessary_not_sufficient,download_execution_permission,tuple,ADMIT_014,passed,invalid,invalid,false,false,true,true,COMBINED_PERMISSION_SCOPE_OR_VECTOR_OR_STATE_CONTRACT_INVALID,COMBINED_PERMISSION_SCOPE_OR_VECTOR_OR_STATE_CONTRACT_INVALID,ADMIT_001|ADMIT_002|ADMIT_003|ADMIT_004|ADMIT_005|ADMIT_006|ADMIT_007|ADMIT_008|ADMIT_009|ADMIT_011|ADMIT_014,,false,false,0,true
153,admit015_only,necessary_not_sufficient,training_execution_admission_permission,tuple,ADMIT_015,passed,invalid,invalid,false,false,true,true,COMBINED_PERMISSION_SCOPE_OR_VECTOR_OR_STATE_CONTRACT_INVALID,COMBINED_PERMISSION_SCOPE_OR_VECTOR_OR_STATE_CONTRACT_INVALID,ADMIT_001|ADMIT_002|ADMIT_003|ADMIT_004|ADMIT_005|ADMIT_006|ADMIT_007|ADMIT_008|ADMIT_009|ADMIT_010|ADMIT_011|ADMIT_012|ADMIT_013|ADMIT_014|ADMIT_015,,false,false,0,true
154,admit015_pass_non_override,admit015_pass_non_override,training_execution_admission_permission,tuple,ADMIT_001|ADMIT_002|ADMIT_003|ADMIT_004|ADMIT_005|ADMIT_006|ADMIT_007|ADMIT_008|ADMIT_009|ADMIT_010|ADMIT_011|ADMIT_012|ADMIT_013|ADMIT_014|ADMIT_015,blocked|passed|passed|passed|passed|passed|passed|passed|passed|passed|passed|passed|passed|passed|passed,blocked,blocked,false,false,true,true,COMBINED_PERMISSION_REQUIRED_RULE_BLOCKED,COMBINED_PERMISSION_REQUIRED_RULE_BLOCKED,ADMIT_001|ADMIT_002|ADMIT_003|ADMIT_004|ADMIT_005|ADMIT_006|ADMIT_007|ADMIT_008|ADMIT_009|ADMIT_010|ADMIT_011|ADMIT_012|ADMIT_013|ADMIT_014|ADMIT_015,ADMIT_001,false,false,0,true
155,download_extra_admit010,phase_isolation,download_execution_permission,tuple,ADMIT_001|ADMIT_002|ADMIT_003|ADMIT_004|ADMIT_005|ADMIT_006|ADMIT_007|ADMIT_008|ADMIT_009|ADMIT_011|ADMIT_014|ADMIT_010,passed|passed|passed|passed|passed|passed|passed|passed|passed|passed|passed|passed,invalid,invalid,false,false,true,true,COMBINED_PERMISSION_SCOPE_OR_VECTOR_OR_STATE_CONTRACT_INVALID,COMBINED_PERMISSION_SCOPE_OR_VECTOR_OR_STATE_CONTRACT_INVALID,ADMIT_001|ADMIT_002|ADMIT_003|ADMIT_004|ADMIT_005|ADMIT_006|ADMIT_007|ADMIT_008|ADMIT_009|ADMIT_011|ADMIT_014,,false,false,0,true
156,download_extra_admit012,phase_isolation,download_execution_permission,tuple,ADMIT_001|ADMIT_002|ADMIT_003|ADMIT_004|ADMIT_005|ADMIT_006|ADMIT_007|ADMIT_008|ADMIT_009|ADMIT_011|ADMIT_014|ADMIT_012,passed|passed|passed|passed|passed|passed|passed|passed|passed|passed|passed|passed,invalid,invalid,false,false,true,true,COMBINED_PERMISSION_SCOPE_OR_VECTOR_OR_STATE_CONTRACT_INVALID,COMBINED_PERMISSION_SCOPE_OR_VECTOR_OR_STATE_CONTRACT_INVALID,ADMIT_001|ADMIT_002|ADMIT_003|ADMIT_004|ADMIT_005|ADMIT_006|ADMIT_007|ADMIT_008|ADMIT_009|ADMIT_011|ADMIT_014,,false,false,0,true
157,download_extra_admit013,phase_isolation,download_execution_permission,tuple,ADMIT_001|ADMIT_002|ADMIT_003|ADMIT_004|ADMIT_005|ADMIT_006|ADMIT_007|ADMIT_008|ADMIT_009|ADMIT_011|ADMIT_014|ADMIT_013,passed|passed|passed|passed|passed|passed|passed|passed|passed|passed|passed|passed,invalid,invalid,false,false,true,true,COMBINED_PERMISSION_SCOPE_OR_VECTOR_OR_STATE_CONTRACT_INVALID,COMBINED_PERMISSION_SCOPE_OR_VECTOR_OR_STATE_CONTRACT_INVALID,ADMIT_001|ADMIT_002|ADMIT_003|ADMIT_004|ADMIT_005|ADMIT_006|ADMIT_007|ADMIT_008|ADMIT_009|ADMIT_011|ADMIT_014,,false,false,0,true
158,post_extra_admit010,phase_isolation,post_download_acceptance_permission,tuple,ADMIT_001|ADMIT_002|ADMIT_003|ADMIT_004|ADMIT_005|ADMIT_006|ADMIT_007|ADMIT_008|ADMIT_009|ADMIT_011|ADMIT_012|ADMIT_013|ADMIT_014|ADMIT_010,passed|passed|passed|passed|passed|passed|passed|passed|passed|passed|passed|passed|passed|passed,invalid,invalid,false,false,true,true,COMBINED_PERMISSION_SCOPE_OR_VECTOR_OR_STATE_CONTRACT_INVALID,COMBINED_PERMISSION_SCOPE_OR_VECTOR_OR_STATE_CONTRACT_INVALID,ADMIT_001|ADMIT_002|ADMIT_003|ADMIT_004|ADMIT_005|ADMIT_006|ADMIT_007|ADMIT_008|ADMIT_009|ADMIT_011|ADMIT_012|ADMIT_013|ADMIT_014,,false,false,0,true
159,download_extra_admit015,phase_isolation,download_execution_permission,tuple,ADMIT_001|ADMIT_002|ADMIT_003|ADMIT_004|ADMIT_005|ADMIT_006|ADMIT_007|ADMIT_008|ADMIT_009|ADMIT_011|ADMIT_014|ADMIT_015,passed|passed|passed|passed|passed|passed|passed|passed|passed|passed|passed|passed,invalid,invalid,false,false,true,true,COMBINED_PERMISSION_SCOPE_OR_VECTOR_OR_STATE_CONTRACT_INVALID,COMBINED_PERMISSION_SCOPE_OR_VECTOR_OR_STATE_CONTRACT_INVALID,ADMIT_001|ADMIT_002|ADMIT_003|ADMIT_004|ADMIT_005|ADMIT_006|ADMIT_007|ADMIT_008|ADMIT_009|ADMIT_011|ADMIT_014,,false,false,0,true
160,post_extra_admit015,phase_isolation,post_download_acceptance_permission,tuple,ADMIT_001|ADMIT_002|ADMIT_003|ADMIT_004|ADMIT_005|ADMIT_006|ADMIT_007|ADMIT_008|ADMIT_009|ADMIT_011|ADMIT_012|ADMIT_013|ADMIT_014|ADMIT_015,passed|passed|passed|passed|passed|passed|passed|passed|passed|passed|passed|passed|passed|passed,invalid,invalid,false,false,true,true,COMBINED_PERMISSION_SCOPE_OR_VECTOR_OR_STATE_CONTRACT_INVALID,COMBINED_PERMISSION_SCOPE_OR_VECTOR_OR_STATE_CONTRACT_INVALID,ADMIT_001|ADMIT_002|ADMIT_003|ADMIT_004|ADMIT_005|ADMIT_006|ADMIT_007|ADMIT_008|ADMIT_009|ADMIT_011|ADMIT_012|ADMIT_013|ADMIT_014,,false,false,0,true
161,prefinal_extra_admit015,phase_isolation,pre_final_split_acceptance_permission,tuple,ADMIT_001|ADMIT_002|ADMIT_003|ADMIT_004|ADMIT_005|ADMIT_006|ADMIT_007|ADMIT_008|ADMIT_009|ADMIT_010|ADMIT_011|ADMIT_012|ADMIT_013|ADMIT_014|ADMIT_015,passed|passed|passed|passed|passed|passed|passed|passed|passed|passed|passed|passed|passed|passed|passed,invalid,invalid,false,false,true,true,COMBINED_PERMISSION_SCOPE_OR_VECTOR_OR_STATE_CONTRACT_INVALID,COMBINED_PERMISSION_SCOPE_OR_VECTOR_OR_STATE_CONTRACT_INVALID,ADMIT_001|ADMIT_002|ADMIT_003|ADMIT_004|ADMIT_005|ADMIT_006|ADMIT_007|ADMIT_008|ADMIT_009|ADMIT_010|ADMIT_011|ADMIT_012|ADMIT_013|ADMIT_014,,false,false,0,true
162,download_missing_admit014,phase_isolation,download_execution_permission,tuple,ADMIT_001|ADMIT_002|ADMIT_003|ADMIT_004|ADMIT_005|ADMIT_006|ADMIT_007|ADMIT_008|ADMIT_009|ADMIT_011,passed|passed|passed|passed|passed|passed|passed|passed|passed|passed,invalid,invalid,false,false,true,true,COMBINED_PERMISSION_SCOPE_OR_VECTOR_OR_STATE_CONTRACT_INVALID,COMBINED_PERMISSION_SCOPE_OR_VECTOR_OR_STATE_CONTRACT_INVALID,ADMIT_001|ADMIT_002|ADMIT_003|ADMIT_004|ADMIT_005|ADMIT_006|ADMIT_007|ADMIT_008|ADMIT_009|ADMIT_011|ADMIT_014,,false,false,0,true
163,synthetic_pass_no_mutation,synthetic_pass_no_mutation,training_execution_admission_permission,tuple,ADMIT_001|ADMIT_002|ADMIT_003|ADMIT_004|ADMIT_005|ADMIT_006|ADMIT_007|ADMIT_008|ADMIT_009|ADMIT_010|ADMIT_011|ADMIT_012|ADMIT_013|ADMIT_014|ADMIT_015,passed|passed|passed|passed|passed|passed|passed|passed|passed|passed|passed|passed|passed|passed|passed,passed,passed,true,true,false,false,,,ADMIT_001|ADMIT_002|ADMIT_003|ADMIT_004|ADMIT_005|ADMIT_006|ADMIT_007|ADMIT_008|ADMIT_009|ADMIT_010|ADMIT_011|ADMIT_012|ADMIT_013|ADMIT_014|ADMIT_015,,false,false,0,true
